--------- beginning of main
08-30 12:15:00.587 I/AnebProbe(22981): ADAPTER_EVT type=click cls=android.widget.ImageView desc=返回 txt_len=2 pkg=com.larus.nova t_boot_ns=641669618703913
08-30 12:15:00.588 I/AnebProbe(22981): ADAPTER_OBS pkg=com.larus.nova mode=doubao events=5 rule_matched=0 first_delta_ms=0 cadence_p50_ms=99.6 session_span_ms=350.6 confidence=LOW/INCONCLUSIVE reason=throttle ttft_send_ms=null anchor_source=null ttft_cluster_ms=null ttft_density_ms=null
08-30 12:15:00.708 I/AnebProbe(22981): ADAPTER_EVT type=content cls=androidx.drawerlayout.widget.DrawerLayout desc=null txt_len=0 pkg=com.larus.nova t_boot_ns=641669739824226
08-30 12:15:00.824 I/AnebProbe(22981): ADAPTER_EVT type=content cls=androidx.drawerlayout.widget.DrawerLayout desc=null txt_len=0 pkg=com.larus.nova t_boot_ns=641669855946621
08-30 12:15:00.943 I/AnebProbe(22981): ADAPTER_EVT type=content cls=androidx.drawerlayout.widget.DrawerLayout desc=null txt_len=0 pkg=com.larus.nova t_boot_ns=641669974030476
08-30 12:15:01.013 I/AnebProbe(22981): ADAPTER_EVT type=content cls=androidx.drawerlayout.widget.DrawerLayout desc=null txt_len=0 pkg=com.larus.nova t_boot_ns=641670044337246
08-30 12:15:02.289 I/AnebProbe(22981): ADAPTER_EVT type=click cls=android.widget.ImageView desc=创建新对话 txt_len=5 pkg=com.larus.nova t_boot_ns=641671320513809
08-30 12:15:02.293 I/AnebProbe(22981): ADAPTER_EVT type=content cls=android.widget.FrameLayout desc=null txt_len=0 pkg=com.larus.nova t_boot_ns=641671324971621
08-30 12:15:02.503 I/AnebProbe(22981): ADAPTER_EVT type=content cls=androidx.drawerlayout.widget.DrawerLayout desc=null txt_len=0 pkg=com.larus.nova t_boot_ns=641671534322663
08-30 12:15:02.671 I/AnebProbe(22981): ADAPTER_EVT type=content cls=androidx.drawerlayout.widget.DrawerLayout desc=null txt_len=0 pkg=com.larus.nova t_boot_ns=641671702424225
08-30 12:15:02.697 I/AnebProbe(22981): ADAPTER_EVT type=content cls=androidx.drawerlayout.widget.DrawerLayout desc=null txt_len=0 pkg=com.larus.nova t_boot_ns=641671728663809
08-30 12:15:02.718 I/AnebProbe(22981): ADAPTER_EVT type=content cls=androidx.drawerlayout.widget.DrawerLayout desc=null txt_len=0 pkg=com.larus.nova t_boot_ns=641671749465371
08-30 12:15:02.794 I/AnebProbe(22981): ADAPTER_EVT type=content cls=android.view.ViewGroup desc=null txt_len=0 pkg=com.larus.nova t_boot_ns=641671825269538
08-30 12:15:02.898 I/AnebProbe(22981): ADAPTER_EVT type=content cls=android.view.ViewGroup desc=null txt_len=0 pkg=com.larus.nova t_boot_ns=641671929274746
08-30 12:15:02.996 I/AnebProbe(22981): ADAPTER_EVT type=content cls=androidx.drawerlayout.widget.DrawerLayout desc=null txt_len=0 pkg=com.larus.nova t_boot_ns=641672027375788
08-30 12:15:03.096 I/AnebProbe(22981): ADAPTER_EVT type=content cls=androidx.drawerlayout.widget.DrawerLayout desc=null txt_len=0 pkg=com.larus.nova t_boot_ns=641672127557559
08-30 12:15:03.224 I/AnebProbe(22981): ADAPTER_EVT type=content cls=androidx.recyclerview.widget.RecyclerView desc=null txt_len=0 pkg=com.larus.nova t_boot_ns=641672255186204
08-30 12:15:03.324 I/AnebProbe(22981): ADAPTER_EVT type=content cls=android.view.ViewGroup desc=null txt_len=0 pkg=com.larus.nova t_boot_ns=641672355101829
08-30 12:15:03.423 I/AnebProbe(22981): ADAPTER_EVT type=content cls=android.view.ViewGroup desc=null txt_len=0 pkg=com.larus.nova t_boot_ns=641672454852350
08-30 12:15:03.524 I/AnebProbe(22981): ADAPTER_EVT type=content cls=android.view.ViewGroup desc=null txt_len=0 pkg=com.larus.nova t_boot_ns=641672555840892
08-30 12:15:03.732 I/AnebProbe(22981): ADAPTER_EVT type=content cls=android.view.ViewGroup desc=null txt_len=0 pkg=com.larus.nova t_boot_ns=641672762967454
08-30 12:15:03.835 I/AnebProbe(22981): ADAPTER_EVT type=content cls=android.view.ViewGroup desc=null txt_len=0 pkg=com.larus.nova t_boot_ns=641672866012767
08-30 12:15:03.936 I/AnebProbe(22981): ADAPTER_EVT type=content cls=android.view.ViewGroup desc=null txt_len=0 pkg=com.larus.nova t_boot_ns=641672967062246
08-30 12:15:04.035 I/AnebProbe(22981): ADAPTER_EVT type=content cls=androidx.drawerlayout.widget.DrawerLayout desc=null txt_len=0 pkg=com.larus.nova t_boot_ns=641673066537767
08-30 12:15:04.176 I/AnebProbe(22981): ADAPTER_EVT type=content cls=android.view.ViewGroup desc=新对话，打开设置页 txt_len=0 pkg=com.larus.nova t_boot_ns=641673207272663
08-30 12:15:04.291 I/AnebProbe(22981): ADAPTER_EVT type=content cls=android.view.ViewGroup desc=null txt_len=0 pkg=com.larus.nova t_boot_ns=641673322194017
08-30 12:15:04.391 I/AnebProbe(22981): ADAPTER_EVT type=content cls=android.view.ViewGroup desc=null txt_len=0 pkg=com.larus.nova t_boot_ns=641673421902871
08-30 12:15:04.517 I/AnebProbe(22981): ADAPTER_EVT type=content cls=android.view.ViewGroup desc=null txt_len=0 pkg=com.larus.nova t_boot_ns=641673548038287
08-30 12:15:05.139 I/AnebProbe(22981): ADAPTER_EVT type=content cls=android.view.ViewGroup desc=新对话，打开设置页 txt_len=0 pkg=com.larus.nova t_boot_ns=641674170004954
08-30 12:15:05.247 I/AnebProbe(22981): ADAPTER_EVT type=content cls=android.view.ViewGroup desc=null txt_len=0 pkg=com.larus.nova t_boot_ns=641674278592454
08-30 12:15:05.357 I/AnebProbe(22981): ADAPTER_EVT type=content cls=android.view.ViewGroup desc=null txt_len=0 pkg=com.larus.nova t_boot_ns=641674388443496
08-30 12:15:05.460 I/AnebProbe(22981): ADAPTER_EVT type=content cls=android.view.ViewGroup desc=null txt_len=0 pkg=com.larus.nova t_boot_ns=641674491054954
08-30 12:15:05.575 I/AnebProbe(22981): ADAPTER_EVT type=content cls=android.view.ViewGroup desc=null txt_len=0 pkg=com.larus.nova t_boot_ns=641674606808600
08-30 12:15:05.687 I/AnebProbe(22981): ADAPTER_EVT type=content cls=android.view.ViewGroup desc=null txt_len=0 pkg=com.larus.nova t_boot_ns=641674718584641
08-30 12:15:05.688 I/AnebProbe(22981): ADAPTER_OBS pkg=com.larus.nova mode=doubao events=36 rule_matched=1 first_delta_ms=0 cadence_p50_ms=103.0 session_span_ms=27545.7 confidence=LOW/INCONCLUSIVE reason=throttle ttft_send_ms=null anchor_source=null ttft_cluster_ms=null ttft_density_ms=null
08-30 12:15:05.802 I/AnebProbe(22981): ADAPTER_EVT type=content cls=android.view.ViewGroup desc=null txt_len=0 pkg=com.larus.nova t_boot_ns=641674833778912
08-30 12:15:05.917 I/AnebProbe(22981): ADAPTER_EVT type=content cls=android.view.ViewGroup desc=null txt_len=0 pkg=com.larus.nova t_boot_ns=641674949000266
08-30 12:15:06.020 I/AnebProbe(22981): ADAPTER_EVT type=content cls=android.view.ViewGroup desc=null txt_len=0 pkg=com.larus.nova t_boot_ns=641675051895579
08-30 12:15:06.137 I/AnebProbe(22981): ADAPTER_EVT type=content cls=android.view.ViewGroup desc=null txt_len=0 pkg=com.larus.nova t_boot_ns=641675168817975
08-30 12:15:06.237 I/AnebProbe(22981): ADAPTER_EVT type=content cls=android.view.ViewGroup desc=null txt_len=0 pkg=com.larus.nova t_boot_ns=641675267957558
08-30 12:15:06.336 I/AnebProbe(22981): ADAPTER_EVT type=content cls=android.view.ViewGroup desc=null txt_len=0 pkg=com.larus.nova t_boot_ns=641675367801829
08-30 12:15:06.437 I/AnebProbe(22981): ADAPTER_EVT type=content cls=android.view.ViewGroup desc=null txt_len=0 pkg=com.larus.nova t_boot_ns=641675468631516
08-30 12:15:06.491 I/AnebProbe(22981): ADAPTER_EVT type=content cls=android.view.ViewGroup desc=null txt_len=0 pkg=com.larus.nova t_boot_ns=641675522219537
08-30 12:15:06.492 I/AnebProbe(22981): ADAPTER_EVT type=content cls=android.widget.EditText desc=null txt_len=1 pkg=com.larus.nova t_boot_ns=641675522846100
08-30 12:15:06.498 I/AnebProbe(22981): ADAPTER_EVT type=content cls=android.view.ViewGroup desc=null txt_len=0 pkg=com.larus.nova t_boot_ns=641675529622662
08-30 12:15:06.552 I/AnebProbe(22981): ADAPTER_EVT type=content cls=android.view.ViewGroup desc=null txt_len=0 pkg=com.larus.nova t_boot_ns=641675582898183
08-30 12:15:06.552 I/AnebProbe(22981): ADAPTER_EVT type=content cls=android.widget.EditText desc=null txt_len=2 pkg=com.larus.nova t_boot_ns=641675583664850
08-30 12:15:06.574 I/AnebProbe(22981): ADAPTER_EVT type=content cls=android.view.ViewGroup desc=null txt_len=0 pkg=com.larus.nova t_boot_ns=641675605720058
08-30 12:15:06.575 I/AnebProbe(22981): ADAPTER_EVT type=content cls=android.widget.EditText desc=null txt_len=3 pkg=com.larus.nova t_boot_ns=641675606234121
08-30 12:15:06.598 I/AnebProbe(22981): ADAPTER_EVT type=content cls=android.view.ViewGroup desc=null txt_len=0 pkg=com.larus.nova t_boot_ns=641675629657037
08-30 12:15:06.599 I/AnebProbe(22981): ADAPTER_EVT type=content cls=android.widget.EditText desc=null txt_len=4 pkg=com.larus.nova t_boot_ns=641675630186725
08-30 12:15:06.608 I/AnebProbe(22981): ADAPTER_EVT type=content cls=android.widget.EditText desc=null txt_len=5 pkg=com.larus.nova t_boot_ns=641675639302870
08-30 12:15:06.627 I/AnebProbe(22981): ADAPTER_EVT type=content cls=android.view.ViewGroup desc=null txt_len=0 pkg=com.larus.nova t_boot_ns=641675658528912
08-30 12:15:06.628 I/AnebProbe(22981): ADAPTER_EVT type=content cls=android.widget.EditText desc=null txt_len=6 pkg=com.larus.nova t_boot_ns=641675659021100
08-30 12:15:06.650 I/AnebProbe(22981): ADAPTER_EVT type=content cls=android.view.ViewGroup desc=null txt_len=0 pkg=com.larus.nova t_boot_ns=641675681097662
08-30 12:15:06.650 I/AnebProbe(22981): ADAPTER_EVT type=content cls=android.widget.EditText desc=null txt_len=7 pkg=com.larus.nova t_boot_ns=641675681541933
08-30 12:15:06.658 I/AnebProbe(22981): ADAPTER_EVT type=content cls=android.widget.EditText desc=null txt_len=8 pkg=com.larus.nova t_boot_ns=641675689443495
08-30 12:15:06.696 I/AnebProbe(22981): ADAPTER_EVT type=content cls=android.view.ViewGroup desc=null txt_len=0 pkg=com.larus.nova t_boot_ns=641675727421620
08-30 12:15:06.696 I/AnebProbe(22981): ADAPTER_EVT type=content cls=android.widget.EditText desc=null txt_len=9 pkg=com.larus.nova t_boot_ns=641675727822141
08-30 12:15:06.724 I/AnebProbe(22981): ADAPTER_EVT type=content cls=android.view.ViewGroup desc=null txt_len=0 pkg=com.larus.nova t_boot_ns=641675755486725
08-30 12:15:06.724 I/AnebProbe(22981): ADAPTER_EVT type=content cls=android.widget.EditText desc=null txt_len=10 pkg=com.larus.nova t_boot_ns=641675755946100
08-30 12:15:06.743 I/AnebProbe(22981): ADAPTER_EVT type=content cls=android.view.ViewGroup desc=null txt_len=0 pkg=com.larus.nova t_boot_ns=641675774122662
08-30 12:15:06.743 I/AnebProbe(22981): ADAPTER_EVT type=content cls=android.widget.EditText desc=null txt_len=11 pkg=com.larus.nova t_boot_ns=641675774505475
08-30 12:15:06.765 I/AnebProbe(22981): ADAPTER_EVT type=content cls=android.view.ViewGroup desc=null txt_len=0 pkg=com.larus.nova t_boot_ns=641675796055995
08-30 12:15:06.765 I/AnebProbe(22981): ADAPTER_EVT type=content cls=android.widget.EditText desc=null txt_len=12 pkg=com.larus.nova t_boot_ns=641675796459120
08-30 12:15:06.772 I/AnebProbe(22981): ADAPTER_EVT type=content cls=android.widget.EditText desc=null txt_len=13 pkg=com.larus.nova t_boot_ns=641675803551308
08-30 12:15:06.790 I/AnebProbe(22981): ADAPTER_EVT type=content cls=android.view.ViewGroup desc=null txt_len=0 pkg=com.larus.nova t_boot_ns=641675821895058
08-30 12:15:06.791 I/AnebProbe(22981): ADAPTER_EVT type=content cls=android.widget.EditText desc=null txt_len=14 pkg=com.larus.nova t_boot_ns=641675822340370
08-30 12:15:06.815 I/AnebProbe(22981): ADAPTER_EVT type=content cls=android.view.ViewGroup desc=null txt_len=0 pkg=com.larus.nova t_boot_ns=641675846570579
08-30 12:15:06.816 I/AnebProbe(22981): ADAPTER_EVT type=content cls=android.widget.EditText desc=null txt_len=15 pkg=com.larus.nova t_boot_ns=641675847034120
08-30 12:15:06.824 I/AnebProbe(22981): ADAPTER_EVT type=content cls=android.widget.EditText desc=null txt_len=16 pkg=com.larus.nova t_boot_ns=641675855329954
08-30 12:15:06.848 I/AnebProbe(22981): ADAPTER_EVT type=content cls=android.view.ViewGroup desc=null txt_len=0 pkg=com.larus.nova t_boot_ns=641675879888808
08-30 12:15:06.849 I/AnebProbe(22981): ADAPTER_EVT type=content cls=android.widget.EditText desc=null txt_len=17 pkg=com.larus.nova t_boot_ns=641675880378391
08-30 12:15:06.858 I/AnebProbe(22981): ADAPTER_EVT type=content cls=android.widget.EditText desc=null txt_len=18 pkg=com.larus.nova t_boot_ns=641675889525787
08-30 12:15:06.881 I/AnebProbe(22981): ADAPTER_EVT type=content cls=android.view.ViewGroup desc=null txt_len=0 pkg=com.larus.nova t_boot_ns=641675912841933
08-30 12:15:06.882 I/AnebProbe(22981): ADAPTER_EVT type=content cls=android.widget.EditText desc=null txt_len=19 pkg=com.larus.nova t_boot_ns=641675913382037
08-30 12:15:06.892 I/AnebProbe(22981): ADAPTER_EVT type=content cls=android.widget.EditText desc=null txt_len=20 pkg=com.larus.nova t_boot_ns=641675923164850
08-30 12:15:06.915 I/AnebProbe(22981): ADAPTER_EVT type=content cls=android.view.ViewGroup desc=null txt_len=0 pkg=com.larus.nova t_boot_ns=641675946761725
08-30 12:15:06.916 I/AnebProbe(22981): ADAPTER_EVT type=content cls=android.widget.EditText desc=null txt_len=21 pkg=com.larus.nova t_boot_ns=641675947387766
08-30 12:15:06.938 I/AnebProbe(22981): ADAPTER_EVT type=content cls=android.view.ViewGroup desc=null txt_len=0 pkg=com.larus.nova t_boot_ns=641675969432037
08-30 12:15:06.939 I/AnebProbe(22981): ADAPTER_EVT type=content cls=android.widget.EditText desc=null txt_len=22 pkg=com.larus.nova t_boot_ns=641675969975787
08-30 12:15:06.965 I/AnebProbe(22981): ADAPTER_EVT type=content cls=android.view.ViewGroup desc=null txt_len=0 pkg=com.larus.nova t_boot_ns=641675996058600
08-30 12:15:06.966 I/AnebProbe(22981): ADAPTER_EVT type=content cls=android.widget.EditText desc=null txt_len=23 pkg=com.larus.nova t_boot_ns=641675997138808
08-30 12:15:06.988 I/AnebProbe(22981): ADAPTER_EVT type=content cls=android.view.ViewGroup desc=null txt_len=0 pkg=com.larus.nova t_boot_ns=641676019386204
08-30 12:15:06.994 I/AnebProbe(22981): ADAPTER_EVT type=content cls=android.widget.EditText desc=null txt_len=24 pkg=com.larus.nova t_boot_ns=641676020270579
08-30 12:15:07.014 I/AnebProbe(22981): ADAPTER_EVT type=content cls=android.view.ViewGroup desc=null txt_len=0 pkg=com.larus.nova t_boot_ns=641676045230995
08-30 12:15:07.014 I/AnebProbe(22981): ADAPTER_EVT type=content cls=android.widget.EditText desc=null txt_len=25 pkg=com.larus.nova t_boot_ns=641676045812766
08-30 12:15:07.024 I/AnebProbe(22981): ADAPTER_EVT type=content cls=android.widget.EditText desc=null txt_len=26 pkg=com.larus.nova t_boot_ns=641676055348704
08-30 12:15:07.134 I/AnebProbe(22981): ADAPTER_EVT type=content cls=android.view.ViewGroup desc=null txt_len=0 pkg=com.larus.nova t_boot_ns=641676164940370
08-30 12:15:07.252 I/AnebProbe(22981): ADAPTER_EVT type=content cls=android.view.ViewGroup desc=null txt_len=0 pkg=com.larus.nova t_boot_ns=641676283761204
08-30 12:15:07.364 I/AnebProbe(22981): ADAPTER_EVT type=content cls=android.view.ViewGroup desc=null txt_len=0 pkg=com.larus.nova t_boot_ns=641676394935683
08-30 12:15:07.481 I/AnebProbe(22981): ADAPTER_EVT type=content cls=android.view.ViewGroup desc=null txt_len=0 pkg=com.larus.nova t_boot_ns=641676512185683
08-30 12:15:07.604 I/AnebProbe(22981): ADAPTER_EVT type=content cls=android.view.ViewGroup desc=null txt_len=0 pkg=com.larus.nova t_boot_ns=641676634920579
08-30 12:15:07.719 I/AnebProbe(22981): ADAPTER_EVT type=content cls=android.view.ViewGroup desc=null txt_len=0 pkg=com.larus.nova t_boot_ns=641676750211724
08-30 12:15:07.835 I/AnebProbe(22981): ADAPTER_EVT type=content cls=android.view.ViewGroup desc=null txt_len=0 pkg=com.larus.nova t_boot_ns=641676866723183
08-30 12:15:07.934 I/AnebProbe(22981): ADAPTER_EVT type=content cls=android.view.ViewGroup desc=null txt_len=0 pkg=com.larus.nova t_boot_ns=641676965661724
08-30 12:15:08.045 I/AnebProbe(22981): ADAPTER_EVT type=content cls=android.view.ViewGroup desc=null txt_len=0 pkg=com.larus.nova t_boot_ns=641677076744537
08-30 12:15:08.160 I/AnebProbe(22981): ADAPTER_EVT type=content cls=android.view.ViewGroup desc=null txt_len=0 pkg=com.larus.nova t_boot_ns=641677191128391
08-30 12:15:08.278 I/AnebProbe(22981): ADAPTER_EVT type=content cls=android.view.ViewGroup desc=null txt_len=0 pkg=com.larus.nova t_boot_ns=641677309064849
08-30 12:15:08.393 I/AnebProbe(22981): ADAPTER_EVT type=content cls=android.view.ViewGroup desc=null txt_len=0 pkg=com.larus.nova t_boot_ns=641677424717454
08-30 12:15:08.515 I/AnebProbe(22981): ADAPTER_EVT type=content cls=android.view.ViewGroup desc=null txt_len=0 pkg=com.larus.nova t_boot_ns=641677545835162
08-30 12:15:08.637 I/AnebProbe(22981): ADAPTER_EVT type=content cls=android.view.ViewGroup desc=null txt_len=0 pkg=com.larus.nova t_boot_ns=641677667984641
08-30 12:15:08.740 I/AnebProbe(22981): ADAPTER_EVT type=content cls=android.view.ViewGroup desc=null txt_len=0 pkg=com.larus.nova t_boot_ns=641677770829954
08-30 12:15:08.855 I/AnebProbe(22981): ADAPTER_EVT type=content cls=android.view.ViewGroup desc=null txt_len=0 pkg=com.larus.nova t_boot_ns=641677886217974
08-30 12:15:08.969 I/AnebProbe(22981): ADAPTER_EVT type=content cls=android.view.ViewGroup desc=null txt_len=0 pkg=com.larus.nova t_boot_ns=641678000414849
08-30 12:15:09.026 I/AnebE4MARK(18962): E4MARK kind=turn_start n=1
08-30 12:15:09.073 I/AnebProbe(22981): ADAPTER_EVT type=content cls=android.view.ViewGroup desc=null txt_len=0 pkg=com.larus.nova t_boot_ns=641678104132037
08-30 12:15:09.153 I/AnebProbe(22981): ADAPTER_EVT type=content cls=android.view.ViewGroup desc=null txt_len=0 pkg=com.larus.nova t_boot_ns=641678184422141
08-30 12:15:09.188 I/AnebProbe(22981): ADAPTER_EVT type=content cls=android.view.ViewGroup desc=null txt_len=0 pkg=com.larus.nova t_boot_ns=641678219199745
08-30 12:15:09.287 I/AnebProbe(22981): ADAPTER_EVT type=content cls=android.view.ViewGroup desc=null txt_len=0 pkg=com.larus.nova t_boot_ns=641678319087245
08-30 12:15:09.544 I/AnebProbe(22981): ADAPTER_EVT type=content cls=androidx.drawerlayout.widget.DrawerLayout desc=null txt_len=0 pkg=com.larus.nova t_boot_ns=641678575667974
08-30 12:15:09.644 I/AnebProbe(22981): ADAPTER_EVT type=content cls=androidx.drawerlayout.widget.DrawerLayout desc=null txt_len=0 pkg=com.larus.nova t_boot_ns=641678675846620
08-30 12:15:09.881 I/AnebProbe(22981): ADAPTER_EVT type=content cls=androidx.drawerlayout.widget.DrawerLayout desc=null txt_len=0 pkg=com.larus.nova t_boot_ns=641678912198182
08-30 12:15:10.076 I/AnebProbe(22981): ADAPTER_EVT type=content cls=androidx.drawerlayout.widget.DrawerLayout desc=null txt_len=0 pkg=com.larus.nova t_boot_ns=641679107690891
08-30 12:15:10.176 I/AnebProbe(22981): ADAPTER_EVT type=content cls=androidx.drawerlayout.widget.DrawerLayout desc=null txt_len=0 pkg=com.larus.nova t_boot_ns=641679207333599
08-30 12:15:10.532 I/AnebProbe(22981): ADAPTER_EVT type=content cls=androidx.recyclerview.widget.RecyclerView desc=null txt_len=0 pkg=com.larus.nova t_boot_ns=641679563559120
08-30 12:15:10.627 I/AnebProbe(22981): ADAPTER_EVT type=content cls=androidx.recyclerview.widget.RecyclerView desc=null txt_len=0 pkg=com.larus.nova t_boot_ns=641679657466932
08-30 12:15:10.890 I/AnebProbe(22981): ADAPTER_EVT type=content cls=androidx.drawerlayout.widget.DrawerLayout desc=null txt_len=0 pkg=com.larus.nova t_boot_ns=641679921636203
08-30 12:15:10.892 I/AnebProbe(22981): ADAPTER_OBS pkg=com.larus.nova mode=doubao events=118 rule_matched=3 first_delta_ms=0 cadence_p50_ms=99.6 session_span_ms=32748.8 confidence=LOW/INCONCLUSIVE reason=throttle ttft_send_ms=null anchor_source=null ttft_cluster_ms=null ttft_density_ms=null
08-30 12:15:10.989 I/AnebProbe(22981): ADAPTER_EVT type=content cls=androidx.drawerlayout.widget.DrawerLayout desc=null txt_len=0 pkg=com.larus.nova t_boot_ns=641680020469016
08-30 12:15:11.227 I/AnebProbe(22981): ADAPTER_EVT type=content cls=androidx.recyclerview.widget.RecyclerView desc=null txt_len=0 pkg=com.larus.nova t_boot_ns=641680258024745
08-30 12:15:11.302 I/AnebProbe(22981): ADAPTER_EVT type=content cls=android.view.ViewGroup desc=null txt_len=0 pkg=com.larus.nova t_boot_ns=641680333791932
08-30 12:15:11.457 I/AnebProbe(22981): ADAPTER_EVT type=content cls=androidx.recyclerview.widget.RecyclerView desc=null txt_len=0 pkg=com.larus.nova t_boot_ns=641680488367453
08-30 12:15:11.578 I/AnebProbe(22981): ADAPTER_EVT type=content cls=androidx.drawerlayout.widget.DrawerLayout desc=null txt_len=0 pkg=com.larus.nova t_boot_ns=641680609520578
08-30 12:15:11.694 I/AnebProbe(22981): ADAPTER_EVT type=content cls=androidx.drawerlayout.widget.DrawerLayout desc=null txt_len=0 pkg=com.larus.nova t_boot_ns=641680725473703
08-30 12:15:11.798 I/AnebProbe(22981): ADAPTER_EVT type=content cls=androidx.recyclerview.widget.RecyclerView desc=null txt_len=0 pkg=com.larus.nova t_boot_ns=641680828800266
08-30 12:15:11.909 I/AnebProbe(22981): ADAPTER_EVT type=content cls=androidx.recyclerview.widget.RecyclerView desc=null txt_len=0 pkg=com.larus.nova t_boot_ns=641680940670057
08-30 12:15:12.013 I/AnebProbe(22981): ADAPTER_EVT type=content cls=androidx.recyclerview.widget.RecyclerView desc=null txt_len=0 pkg=com.larus.nova t_boot_ns=641681044320057
08-30 12:15:12.115 I/AnebProbe(22981): ADAPTER_EVT type=content cls=androidx.recyclerview.widget.RecyclerView desc=null txt_len=0 pkg=com.larus.nova t_boot_ns=641681145633078
08-30 12:15:12.226 I/AnebProbe(22981): ADAPTER_EVT type=content cls=androidx.recyclerview.widget.RecyclerView desc=null txt_len=0 pkg=com.larus.nova t_boot_ns=641681257079953
08-30 12:15:12.329 I/AnebProbe(22981): ADAPTER_EVT type=content cls=androidx.recyclerview.widget.RecyclerView desc=null txt_len=0 pkg=com.larus.nova t_boot_ns=641681359914328
08-30 12:15:12.442 I/AnebProbe(22981): ADAPTER_EVT type=content cls=androidx.recyclerview.widget.RecyclerView desc=null txt_len=0 pkg=com.larus.nova t_boot_ns=641681473403911
08-30 12:15:12.545 I/AnebProbe(22981): ADAPTER_EVT type=content cls=androidx.recyclerview.widget.RecyclerView desc=null txt_len=0 pkg=com.larus.nova t_boot_ns=641681576043495
08-30 12:15:12.648 I/AnebProbe(22981): ADAPTER_EVT type=content cls=androidx.recyclerview.widget.RecyclerView desc=null txt_len=0 pkg=com.larus.nova t_boot_ns=641681679792974
08-30 12:15:12.755 I/AnebProbe(22981): ADAPTER_EVT type=content cls=androidx.recyclerview.widget.RecyclerView desc=null txt_len=0 pkg=com.larus.nova t_boot_ns=641681786547140
08-30 12:15:12.878 I/AnebProbe(22981): ADAPTER_EVT type=content cls=androidx.drawerlayout.widget.DrawerLayout desc=null txt_len=0 pkg=com.larus.nova t_boot_ns=641681905965370
08-30 12:15:12.986 I/AnebProbe(22981): ADAPTER_EVT type=content cls=androidx.recyclerview.widget.RecyclerView desc=null txt_len=0 pkg=com.larus.nova t_boot_ns=641682016942974
08-30 12:15:13.104 I/AnebProbe(22981): ADAPTER_EVT type=content cls=androidx.recyclerview.widget.RecyclerView desc=null txt_len=0 pkg=com.larus.nova t_boot_ns=641682135682036
08-30 12:15:13.227 I/AnebProbe(22981): ADAPTER_EVT type=content cls=androidx.recyclerview.widget.RecyclerView desc=null txt_len=0 pkg=com.larus.nova t_boot_ns=641682258180994
08-30 12:15:13.327 I/AnebProbe(22981): ADAPTER_EVT type=content cls=androidx.drawerlayout.widget.DrawerLayout desc=null txt_len=0 pkg=com.larus.nova t_boot_ns=641682358388807
08-30 12:15:13.657 I/AnebProbe(22981): ADAPTER_EVT type=content cls=androidx.drawerlayout.widget.DrawerLayout desc=null txt_len=0 pkg=com.larus.nova t_boot_ns=641682688219015
08-30 12:15:13.757 I/AnebProbe(22981): ADAPTER_EVT type=content cls=androidx.drawerlayout.widget.DrawerLayout desc=null txt_len=0 pkg=com.larus.nova t_boot_ns=641682788601307
08-30 12:15:54.213 I/AnebE4MARK(19098): E4MARK kind=answer_complete n=1
08-30 12:15:56.492 I/AnebProbe(22981): ADAPTER_EVT type=click cls=android.widget.ImageView desc=返回 txt_len=2 pkg=com.larus.nova t_boot_ns=641725524010675
08-30 12:15:56.493 I/AnebProbe(22981): ADAPTER_OBS pkg=com.larus.nova mode=doubao events=141 rule_matched=18 first_delta_ms=0 cadence_p50_ms=100.2 session_span_ms=35615.7 confidence=LOW/INCONCLUSIVE reason=throttle ttft_send_ms=null anchor_source=null ttft_cluster_ms=null ttft_density_ms=null
08-30 12:15:56.604 I/AnebProbe(22981): ADAPTER_EVT type=content cls=androidx.drawerlayout.widget.DrawerLayout desc=null txt_len=0 pkg=com.larus.nova t_boot_ns=641725635212759
08-30 12:15:56.720 I/AnebProbe(22981): ADAPTER_EVT type=content cls=androidx.drawerlayout.widget.DrawerLayout desc=null txt_len=0 pkg=com.larus.nova t_boot_ns=641725751555467
08-30 12:15:56.836 I/AnebProbe(22981): ADAPTER_EVT type=content cls=androidx.drawerlayout.widget.DrawerLayout desc=null txt_len=0 pkg=com.larus.nova t_boot_ns=641725867728904
08-30 12:15:56.924 I/AnebProbe(22981): ADAPTER_EVT type=content cls=androidx.drawerlayout.widget.DrawerLayout desc=null txt_len=0 pkg=com.larus.nova t_boot_ns=641725955040363
08-30 12:15:58.204 I/AnebProbe(22981): ADAPTER_EVT type=click cls=android.widget.ImageView desc=创建新对话 txt_len=5 pkg=com.larus.nova t_boot_ns=641727235331508
08-30 12:15:58.212 I/AnebProbe(22981): ADAPTER_EVT type=content cls=android.widget.FrameLayout desc=null txt_len=0 pkg=com.larus.nova t_boot_ns=641727243655988
08-30 12:15:58.431 I/AnebProbe(22981): ADAPTER_EVT type=content cls=androidx.drawerlayout.widget.DrawerLayout desc=null txt_len=0 pkg=com.larus.nova t_boot_ns=641727462312238
08-30 12:15:58.572 I/AnebProbe(22981): ADAPTER_EVT type=content cls=androidx.drawerlayout.widget.DrawerLayout desc=null txt_len=0 pkg=com.larus.nova t_boot_ns=641727603689321
08-30 12:15:58.602 I/AnebProbe(22981): ADAPTER_EVT type=content cls=androidx.drawerlayout.widget.DrawerLayout desc=null txt_len=0 pkg=com.larus.nova t_boot_ns=641727634058592
08-30 12:15:58.627 I/AnebProbe(22981): ADAPTER_EVT type=content cls=android.view.ViewGroup desc=null txt_len=0 pkg=com.larus.nova t_boot_ns=641727658889842
08-30 12:15:58.722 I/AnebProbe(22981): ADAPTER_EVT type=content cls=android.view.ViewGroup desc=null txt_len=0 pkg=com.larus.nova t_boot_ns=641727752954946
08-30 12:15:58.822 I/AnebProbe(22981): ADAPTER_EVT type=content cls=android.view.ViewGroup desc=null txt_len=0 pkg=com.larus.nova t_boot_ns=641727852920050
08-30 12:15:58.925 I/AnebProbe(22981): ADAPTER_EVT type=content cls=androidx.drawerlayout.widget.DrawerLayout desc=null txt_len=0 pkg=com.larus.nova t_boot_ns=641727956368488
08-30 12:15:59.025 I/AnebProbe(22981): ADAPTER_EVT type=content cls=androidx.drawerlayout.widget.DrawerLayout desc=null txt_len=0 pkg=com.larus.nova t_boot_ns=641728055923175
08-30 12:15:59.369 I/AnebProbe(22981): ADAPTER_EVT type=content cls=androidx.recyclerview.widget.RecyclerView desc=null txt_len=0 pkg=com.larus.nova t_boot_ns=641728400427862
08-30 12:15:59.466 I/AnebProbe(22981): ADAPTER_EVT type=content cls=android.view.ViewGroup desc=null txt_len=0 pkg=com.larus.nova t_boot_ns=641728497091925
08-30 12:15:59.567 I/AnebProbe(22981): ADAPTER_EVT type=content cls=android.view.ViewGroup desc=null txt_len=0 pkg=com.larus.nova t_boot_ns=641728598468487
08-30 12:15:59.680 I/AnebProbe(22981): ADAPTER_EVT type=content cls=android.view.ViewGroup desc=null txt_len=0 pkg=com.larus.nova t_boot_ns=641728710877342
08-30 12:15:59.787 I/AnebProbe(22981): ADAPTER_EVT type=content cls=android.view.ViewGroup desc=null txt_len=0 pkg=com.larus.nova t_boot_ns=641728818379425
08-30 12:15:59.887 I/AnebProbe(22981): ADAPTER_EVT type=content cls=android.view.ViewGroup desc=null txt_len=0 pkg=com.larus.nova t_boot_ns=641728918486717
08-30 12:15:59.987 I/AnebProbe(22981): ADAPTER_EVT type=content cls=android.view.ViewGroup desc=null txt_len=0 pkg=com.larus.nova t_boot_ns=641729018580467
08-30 12:16:00.107 I/AnebProbe(22981): ADAPTER_EVT type=content cls=androidx.drawerlayout.widget.DrawerLayout desc=null txt_len=0 pkg=com.larus.nova t_boot_ns=641729138761717
08-30 12:16:00.219 I/AnebProbe(22981): ADAPTER_EVT type=content cls=android.view.ViewGroup desc=null txt_len=0 pkg=com.larus.nova t_boot_ns=641729250535675
08-30 12:16:00.320 I/AnebProbe(22981): ADAPTER_EVT type=content cls=android.view.ViewGroup desc=null txt_len=0 pkg=com.larus.nova t_boot_ns=641729351374737
08-30 12:16:00.444 I/AnebProbe(22981): ADAPTER_EVT type=content cls=android.view.ViewGroup desc=null txt_len=0 pkg=com.larus.nova t_boot_ns=641729474716404
08-30 12:16:01.048 I/AnebProbe(22981): ADAPTER_EVT type=content cls=android.view.ViewGroup desc=新对话，打开设置页 txt_len=0 pkg=com.larus.nova t_boot_ns=641730079534112
08-30 12:16:01.155 I/AnebProbe(22981): ADAPTER_EVT type=content cls=android.view.ViewGroup desc=null txt_len=0 pkg=com.larus.nova t_boot_ns=641730187075258
08-30 12:16:01.271 I/AnebProbe(22981): ADAPTER_EVT type=content cls=android.view.ViewGroup desc=null txt_len=0 pkg=com.larus.nova t_boot_ns=641730302895570
08-30 12:16:01.385 I/AnebProbe(22981): ADAPTER_EVT type=content cls=android.view.ViewGroup desc=null txt_len=0 pkg=com.larus.nova t_boot_ns=641730416954425
08-30 12:16:01.487 I/AnebProbe(22981): ADAPTER_EVT type=content cls=android.view.ViewGroup desc=null txt_len=0 pkg=com.larus.nova t_boot_ns=641730518078383
08-30 12:16:01.610 I/AnebProbe(22981): ADAPTER_EVT type=content cls=android.view.ViewGroup desc=null txt_len=0 pkg=com.larus.nova t_boot_ns=641730641609112
08-30 12:16:01.611 I/AnebProbe(22981): ADAPTER_OBS pkg=com.larus.nova mode=doubao events=171 rule_matched=19 first_delta_ms=0 cadence_p50_ms=101.0 session_span_ms=83468.7 confidence=LOW/INCONCLUSIVE reason=throttle ttft_send_ms=null anchor_source=null ttft_cluster_ms=null ttft_density_ms=null
08-30 12:16:01.716 I/AnebProbe(22981): ADAPTER_EVT type=content cls=android.view.ViewGroup desc=null txt_len=0 pkg=com.larus.nova t_boot_ns=641730747259112
08-30 12:16:01.819 I/AnebProbe(22981): ADAPTER_EVT type=content cls=android.view.ViewGroup desc=null txt_len=0 pkg=com.larus.nova t_boot_ns=641730849919529
08-30 12:16:01.923 I/AnebProbe(22981): ADAPTER_EVT type=content cls=android.view.ViewGroup desc=null txt_len=0 pkg=com.larus.nova t_boot_ns=641730954646091
08-30 12:16:02.033 I/AnebProbe(22981): ADAPTER_EVT type=content cls=android.view.ViewGroup desc=null txt_len=0 pkg=com.larus.nova t_boot_ns=641731064652341
08-30 12:16:02.135 I/AnebProbe(22981): ADAPTER_EVT type=content cls=android.view.ViewGroup desc=null txt_len=0 pkg=com.larus.nova t_boot_ns=641731165899216
08-30 12:16:02.238 I/AnebProbe(22981): ADAPTER_EVT type=content cls=android.view.ViewGroup desc=null txt_len=0 pkg=com.larus.nova t_boot_ns=641731268789841
08-30 12:16:02.354 I/AnebProbe(22981): ADAPTER_EVT type=content cls=android.view.ViewGroup desc=null txt_len=0 pkg=com.larus.nova t_boot_ns=641731385294529
08-30 12:16:02.416 I/AnebProbe(22981): ADAPTER_EVT type=content cls=android.view.ViewGroup desc=null txt_len=0 pkg=com.larus.nova t_boot_ns=641731446911716
08-30 12:16:02.416 I/AnebProbe(22981): ADAPTER_EVT type=content cls=android.widget.EditText desc=null txt_len=1 pkg=com.larus.nova t_boot_ns=641731447452862
08-30 12:16:02.421 I/AnebProbe(22981): ADAPTER_EVT type=content cls=android.view.ViewGroup desc=null txt_len=0 pkg=com.larus.nova t_boot_ns=641731452016924
08-30 12:16:02.469 I/AnebProbe(22981): ADAPTER_EVT type=content cls=android.view.ViewGroup desc=null txt_len=0 pkg=com.larus.nova t_boot_ns=641731500579424
08-30 12:16:02.470 I/AnebProbe(22981): ADAPTER_EVT type=content cls=android.widget.EditText desc=null txt_len=2 pkg=com.larus.nova t_boot_ns=641731501030987
08-30 12:16:02.486 I/AnebProbe(22981): ADAPTER_EVT type=content cls=android.view.ViewGroup desc=null txt_len=0 pkg=com.larus.nova t_boot_ns=641731517671091
08-30 12:16:02.487 I/AnebProbe(22981): ADAPTER_EVT type=content cls=android.widget.EditText desc=null txt_len=3 pkg=com.larus.nova t_boot_ns=641731518475779
08-30 12:16:02.504 I/AnebProbe(22981): ADAPTER_EVT type=content cls=android.view.ViewGroup desc=null txt_len=0 pkg=com.larus.nova t_boot_ns=641731535694008
08-30 12:16:02.505 I/AnebProbe(22981): ADAPTER_EVT type=content cls=android.widget.EditText desc=null txt_len=4 pkg=com.larus.nova t_boot_ns=641731536040883
08-30 12:16:02.522 I/AnebProbe(22981): ADAPTER_EVT type=content cls=android.view.ViewGroup desc=null txt_len=0 pkg=com.larus.nova t_boot_ns=641731552997133
08-30 12:16:02.522 I/AnebProbe(22981): ADAPTER_EVT type=content cls=android.widget.EditText desc=null txt_len=5 pkg=com.larus.nova t_boot_ns=641731553603904
08-30 12:16:02.544 I/AnebProbe(22981): ADAPTER_EVT type=content cls=android.view.ViewGroup desc=null txt_len=0 pkg=com.larus.nova t_boot_ns=641731575413799
08-30 12:16:02.544 I/AnebProbe(22981): ADAPTER_EVT type=content cls=android.widget.EditText desc=null txt_len=6 pkg=com.larus.nova t_boot_ns=641731575938799
08-30 12:16:02.552 I/AnebProbe(22981): ADAPTER_EVT type=content cls=android.widget.EditText desc=null txt_len=7 pkg=com.larus.nova t_boot_ns=641731583062237
08-30 12:16:02.569 I/AnebProbe(22981): ADAPTER_EVT type=content cls=android.view.ViewGroup desc=null txt_len=0 pkg=com.larus.nova t_boot_ns=641731600485674
08-30 12:16:02.570 I/AnebProbe(22981): ADAPTER_EVT type=content cls=android.widget.EditText desc=null txt_len=8 pkg=com.larus.nova t_boot_ns=641731600868487
08-30 12:16:02.587 I/AnebProbe(22981): ADAPTER_EVT type=content cls=android.view.ViewGroup desc=null txt_len=0 pkg=com.larus.nova t_boot_ns=641731617837237
08-30 12:16:02.587 I/AnebProbe(22981): ADAPTER_EVT type=content cls=android.widget.EditText desc=null txt_len=9 pkg=com.larus.nova t_boot_ns=641731618414320
08-30 12:16:02.614 I/AnebProbe(22981): ADAPTER_EVT type=content cls=android.view.ViewGroup desc=null txt_len=0 pkg=com.larus.nova t_boot_ns=641731645446612
08-30 12:16:02.615 I/AnebProbe(22981): ADAPTER_EVT type=content cls=android.widget.EditText desc=null txt_len=10 pkg=com.larus.nova t_boot_ns=641731646129945
08-30 12:16:02.640 I/AnebProbe(22981): ADAPTER_EVT type=content cls=android.view.ViewGroup desc=null txt_len=0 pkg=com.larus.nova t_boot_ns=641731671135154
08-30 12:16:02.641 I/AnebProbe(22981): ADAPTER_EVT type=content cls=android.widget.EditText desc=null txt_len=11 pkg=com.larus.nova t_boot_ns=641731672754945
08-30 12:16:02.652 I/AnebProbe(22981): ADAPTER_EVT type=content cls=android.view.ViewGroup desc=null txt_len=0 pkg=com.larus.nova t_boot_ns=641731683801299
08-30 12:16:02.653 I/AnebProbe(22981): ADAPTER_EVT type=content cls=android.widget.EditText desc=null txt_len=12 pkg=com.larus.nova t_boot_ns=641731684532549
08-30 12:16:02.677 I/AnebProbe(22981): ADAPTER_EVT type=content cls=android.view.ViewGroup desc=null txt_len=0 pkg=com.larus.nova t_boot_ns=641731708731508
08-30 12:16:02.678 I/AnebProbe(22981): ADAPTER_EVT type=content cls=android.widget.EditText desc=null txt_len=13 pkg=com.larus.nova t_boot_ns=641731709063279
08-30 12:16:02.685 I/AnebProbe(22981): ADAPTER_EVT type=content cls=android.widget.EditText desc=null txt_len=14 pkg=com.larus.nova t_boot_ns=641731716604945
08-30 12:16:02.717 I/AnebProbe(22981): ADAPTER_EVT type=content cls=android.view.ViewGroup desc=null txt_len=0 pkg=com.larus.nova t_boot_ns=641731748427862
08-30 12:16:02.718 I/AnebProbe(22981): ADAPTER_EVT type=content cls=android.widget.EditText desc=null txt_len=15 pkg=com.larus.nova t_boot_ns=641731748953904
08-30 12:16:02.748 I/AnebProbe(22981): ADAPTER_EVT type=content cls=android.view.ViewGroup desc=null txt_len=0 pkg=com.larus.nova t_boot_ns=641731779323695
08-30 12:16:02.748 I/AnebProbe(22981): ADAPTER_EVT type=content cls=android.widget.EditText desc=null txt_len=16 pkg=com.larus.nova t_boot_ns=641731779651820
08-30 12:16:02.769 I/AnebProbe(22981): ADAPTER_EVT type=content cls=android.view.ViewGroup desc=null txt_len=0 pkg=com.larus.nova t_boot_ns=641731800185154
08-30 12:16:02.769 I/AnebProbe(22981): ADAPTER_EVT type=content cls=android.widget.EditText desc=null txt_len=17 pkg=com.larus.nova t_boot_ns=641731800529945
08-30 12:16:02.783 I/AnebProbe(22981): ADAPTER_EVT type=content cls=android.view.ViewGroup desc=null txt_len=0 pkg=com.larus.nova t_boot_ns=641731814416404
08-30 12:16:02.783 I/AnebProbe(22981): ADAPTER_EVT type=content cls=android.widget.EditText desc=null txt_len=18 pkg=com.larus.nova t_boot_ns=641731814739841
08-30 12:16:02.798 I/AnebProbe(22981): ADAPTER_EVT type=content cls=android.view.ViewGroup desc=null txt_len=0 pkg=com.larus.nova t_boot_ns=641731829559112
08-30 12:16:02.798 I/AnebProbe(22981): ADAPTER_EVT type=content cls=android.widget.EditText desc=null txt_len=19 pkg=com.larus.nova t_boot_ns=641731829887758
08-30 12:16:02.813 I/AnebProbe(22981): ADAPTER_EVT type=content cls=android.view.ViewGroup desc=null txt_len=0 pkg=com.larus.nova t_boot_ns=641731844543487
08-30 12:16:02.813 I/AnebProbe(22981): ADAPTER_EVT type=content cls=android.widget.EditText desc=null txt_len=20 pkg=com.larus.nova t_boot_ns=641731844929424
08-30 12:16:02.831 I/AnebProbe(22981): ADAPTER_EVT type=content cls=android.view.ViewGroup desc=null txt_len=0 pkg=com.larus.nova t_boot_ns=641731862358070
08-30 12:16:02.831 I/AnebProbe(22981): ADAPTER_EVT type=content cls=android.widget.EditText desc=null txt_len=21 pkg=com.larus.nova t_boot_ns=641731862796091
08-30 12:16:02.850 I/AnebProbe(22981): ADAPTER_EVT type=content cls=android.view.ViewGroup desc=null txt_len=0 pkg=com.larus.nova t_boot_ns=641731881235674
08-30 12:16:02.851 I/AnebProbe(22981): ADAPTER_EVT type=content cls=android.widget.EditText desc=null txt_len=22 pkg=com.larus.nova t_boot_ns=641731881705466
08-30 12:16:02.867 I/AnebProbe(22981): ADAPTER_EVT type=content cls=android.view.ViewGroup desc=null txt_len=0 pkg=com.larus.nova t_boot_ns=641731898798174
08-30 12:16:02.873 I/AnebProbe(22981): ADAPTER_EVT type=content cls=android.widget.EditText desc=null txt_len=23 pkg=com.larus.nova t_boot_ns=641731899216924
08-30 12:16:02.886 I/AnebProbe(22981): ADAPTER_EVT type=content cls=android.view.ViewGroup desc=null txt_len=0 pkg=com.larus.nova t_boot_ns=641731916957029
08-30 12:16:02.886 I/AnebProbe(22981): ADAPTER_EVT type=content cls=android.widget.EditText desc=null txt_len=24 pkg=com.larus.nova t_boot_ns=641731917501299
08-30 12:16:02.903 I/AnebProbe(22981): ADAPTER_EVT type=content cls=android.view.ViewGroup desc=null txt_len=0 pkg=com.larus.nova t_boot_ns=641731934606508
08-30 12:16:02.903 I/AnebProbe(22981): ADAPTER_EVT type=content cls=android.widget.EditText desc=null txt_len=25 pkg=com.larus.nova t_boot_ns=641731934966924
08-30 12:16:02.920 I/AnebProbe(22981): ADAPTER_EVT type=content cls=android.view.ViewGroup desc=null txt_len=0 pkg=com.larus.nova t_boot_ns=641731951073174
08-30 12:16:02.920 I/AnebProbe(22981): ADAPTER_EVT type=content cls=android.widget.EditText desc=null txt_len=26 pkg=com.larus.nova t_boot_ns=641731951427862
08-30 12:16:03.029 I/AnebProbe(22981): ADAPTER_EVT type=content cls=android.view.ViewGroup desc=null txt_len=0 pkg=com.larus.nova t_boot_ns=641732059284633
08-30 12:16:03.133 I/AnebProbe(22981): ADAPTER_EVT type=content cls=android.view.ViewGroup desc=null txt_len=0 pkg=com.larus.nova t_boot_ns=641732164086195
08-30 12:16:03.234 I/AnebProbe(22981): ADAPTER_EVT type=content cls=android.view.ViewGroup desc=null txt_len=0 pkg=com.larus.nova t_boot_ns=641732265463799
08-30 12:16:03.344 I/AnebProbe(22981): ADAPTER_EVT type=content cls=android.view.ViewGroup desc=null txt_len=0 pkg=com.larus.nova t_boot_ns=641732375307549
08-30 12:16:03.461 I/AnebProbe(22981): ADAPTER_EVT type=content cls=android.view.ViewGroup desc=null txt_len=0 pkg=com.larus.nova t_boot_ns=641732491700778
08-30 12:16:03.563 I/AnebProbe(22981): ADAPTER_EVT type=content cls=android.view.ViewGroup desc=null txt_len=0 pkg=com.larus.nova t_boot_ns=641732594779945
08-30 12:16:03.679 I/AnebProbe(22981): ADAPTER_EVT type=content cls=android.view.ViewGroup desc=null txt_len=0 pkg=com.larus.nova t_boot_ns=641732710192445
08-30 12:16:03.795 I/AnebProbe(22981): ADAPTER_EVT type=content cls=android.view.ViewGroup desc=null txt_len=0 pkg=com.larus.nova t_boot_ns=641732826103383
08-30 12:16:03.911 I/AnebProbe(22981): ADAPTER_EVT type=content cls=android.view.ViewGroup desc=null txt_len=0 pkg=com.larus.nova t_boot_ns=641732941921612
08-30 12:16:04.025 I/AnebProbe(22981): ADAPTER_EVT type=content cls=android.view.ViewGroup desc=null txt_len=0 pkg=com.larus.nova t_boot_ns=641733056337237
08-30 12:16:04.147 I/AnebProbe(22981): ADAPTER_EVT type=content cls=android.view.ViewGroup desc=null txt_len=0 pkg=com.larus.nova t_boot_ns=641733177555987
08-30 12:16:04.256 I/AnebProbe(22981): ADAPTER_EVT type=content cls=android.view.ViewGroup desc=null txt_len=0 pkg=com.larus.nova t_boot_ns=641733286657028
08-30 12:16:04.370 I/AnebProbe(22981): ADAPTER_EVT type=content cls=android.view.ViewGroup desc=null txt_len=0 pkg=com.larus.nova t_boot_ns=641733400830466
08-30 12:16:04.486 I/AnebProbe(22981): ADAPTER_EVT type=content cls=android.view.ViewGroup desc=null txt_len=0 pkg=com.larus.nova t_boot_ns=641733516566403
08-30 12:16:04.591 I/AnebProbe(22981): ADAPTER_EVT type=content cls=android.view.ViewGroup desc=null txt_len=0 pkg=com.larus.nova t_boot_ns=641733621880987
08-30 12:16:04.703 I/AnebProbe(22981): ADAPTER_EVT type=content cls=android.view.ViewGroup desc=null txt_len=0 pkg=com.larus.nova t_boot_ns=641733734524216
08-30 12:16:04.804 I/AnebProbe(22981): ADAPTER_EVT type=content cls=android.view.ViewGroup desc=null txt_len=0 pkg=com.larus.nova t_boot_ns=641733835237237
08-30 12:16:04.915 I/AnebProbe(22981): ADAPTER_EVT type=content cls=android.view.ViewGroup desc=null txt_len=0 pkg=com.larus.nova t_boot_ns=641733945963278
08-30 12:16:04.928 I/AnebE4MARK(19175): E4MARK kind=turn_start n=2
08-30 12:16:05.016 I/AnebProbe(22981): ADAPTER_EVT type=content cls=android.view.ViewGroup desc=null txt_len=0 pkg=com.larus.nova t_boot_ns=641734047833591
08-30 12:16:05.052 I/AnebProbe(22981): ADAPTER_EVT type=content cls=android.view.ViewGroup desc=null txt_len=0 pkg=com.larus.nova t_boot_ns=641734083208070
08-30 12:16:05.082 I/AnebProbe(22981): ADAPTER_EVT type=content cls=android.view.ViewGroup desc=null txt_len=0 pkg=com.larus.nova t_boot_ns=641734113462237
08-30 12:16:05.179 I/AnebProbe(22981): ADAPTER_EVT type=content cls=android.view.ViewGroup desc=null txt_len=0 pkg=com.larus.nova t_boot_ns=641734210912237
08-30 12:16:05.474 I/AnebProbe(22981): ADAPTER_EVT type=content cls=androidx.drawerlayout.widget.DrawerLayout desc=null txt_len=0 pkg=com.larus.nova t_boot_ns=641734505753382
08-30 12:16:05.574 I/AnebProbe(22981): ADAPTER_EVT type=content cls=androidx.drawerlayout.widget.DrawerLayout desc=null txt_len=0 pkg=com.larus.nova t_boot_ns=641734605229424
08-30 12:16:05.706 I/AnebProbe(22981): ADAPTER_EVT type=content cls=androidx.drawerlayout.widget.DrawerLayout desc=null txt_len=0 pkg=com.larus.nova t_boot_ns=641734737472653
08-30 12:16:05.806 I/AnebProbe(22981): ADAPTER_EVT type=content cls=android.view.ViewGroup desc=null txt_len=0 pkg=com.larus.nova t_boot_ns=641734837420570
08-30 12:16:05.954 I/AnebProbe(22981): ADAPTER_EVT type=content cls=androidx.drawerlayout.widget.DrawerLayout desc=null txt_len=0 pkg=com.larus.nova t_boot_ns=641734985543486
08-30 12:16:06.055 I/AnebProbe(22981): ADAPTER_EVT type=content cls=androidx.drawerlayout.widget.DrawerLayout desc=null txt_len=0 pkg=com.larus.nova t_boot_ns=641735086300257
08-30 12:16:06.377 I/AnebProbe(22981): ADAPTER_EVT type=content cls=android.widget.FrameLayout desc=打电话 txt_len=0 pkg=com.larus.nova t_boot_ns=641735408174216
08-30 12:16:06.477 I/AnebProbe(22981): ADAPTER_EVT type=content cls=android.view.ViewGroup desc=null txt_len=0 pkg=com.larus.nova t_boot_ns=641735508414320
08-30 12:16:06.685 I/AnebProbe(22981): ADAPTER_EVT type=content cls=androidx.drawerlayout.widget.DrawerLayout desc=null txt_len=0 pkg=com.larus.nova t_boot_ns=641735716554945
08-30 12:16:06.688 I/AnebProbe(22981): ADAPTER_OBS pkg=com.larus.nova mode=doubao events=260 rule_matched=19 first_delta_ms=0 cadence_p50_ms=100.0 session_span_ms=88543.7 confidence=LOW/INCONCLUSIVE reason=throttle ttft_send_ms=null anchor_source=null ttft_cluster_ms=null ttft_density_ms=null
08-30 12:16:06.785 I/AnebProbe(22981): ADAPTER_EVT type=content cls=androidx.drawerlayout.widget.DrawerLayout desc=null txt_len=0 pkg=com.larus.nova t_boot_ns=641735816637757
08-30 12:16:07.189 I/AnebProbe(22981): ADAPTER_EVT type=content cls=androidx.recyclerview.widget.RecyclerView desc=null txt_len=0 pkg=com.larus.nova t_boot_ns=641736220415361
08-30 12:16:07.287 I/AnebProbe(22981): ADAPTER_EVT type=content cls=androidx.recyclerview.widget.RecyclerView desc=null txt_len=0 pkg=com.larus.nova t_boot_ns=641736317897653
08-30 12:16:07.433 I/AnebProbe(22981): ADAPTER_EVT type=content cls=androidx.recyclerview.widget.RecyclerView desc=null txt_len=0 pkg=com.larus.nova t_boot_ns=641736464602861
08-30 12:16:07.518 I/AnebProbe(22981): ADAPTER_EVT type=content cls=android.view.ViewGroup desc=null txt_len=0 pkg=com.larus.nova t_boot_ns=641736549815361
08-30 12:16:07.706 I/AnebProbe(22981): ADAPTER_EVT type=content cls=androidx.recyclerview.widget.RecyclerView desc=null txt_len=0 pkg=com.larus.nova t_boot_ns=641736736847653
08-30 12:16:07.801 I/AnebProbe(22981): ADAPTER_EVT type=content cls=androidx.drawerlayout.widget.DrawerLayout desc=null txt_len=0 pkg=com.larus.nova t_boot_ns=641736832229424
08-30 12:16:07.906 I/AnebProbe(22981): ADAPTER_EVT type=content cls=androidx.drawerlayout.widget.DrawerLayout desc=null txt_len=0 pkg=com.larus.nova t_boot_ns=641736937262236
08-30 12:16:08.016 I/AnebProbe(22981): ADAPTER_EVT type=content cls=androidx.recyclerview.widget.RecyclerView desc=null txt_len=0 pkg=com.larus.nova t_boot_ns=641737047514319
08-30 12:16:08.119 I/AnebProbe(22981): ADAPTER_EVT type=content cls=androidx.recyclerview.widget.RecyclerView desc=null txt_len=0 pkg=com.larus.nova t_boot_ns=641737150041403
08-30 12:16:08.229 I/AnebProbe(22981): ADAPTER_EVT type=content cls=androidx.recyclerview.widget.RecyclerView desc=null txt_len=0 pkg=com.larus.nova t_boot_ns=641737260431507
08-30 12:16:08.335 I/AnebProbe(22981): ADAPTER_EVT type=content cls=androidx.recyclerview.widget.RecyclerView desc=null txt_len=0 pkg=com.larus.nova t_boot_ns=641737366487757
08-30 12:16:08.438 I/AnebProbe(22981): ADAPTER_EVT type=content cls=androidx.recyclerview.widget.RecyclerView desc=null txt_len=0 pkg=com.larus.nova t_boot_ns=641737469082549
08-30 12:16:08.551 I/AnebProbe(22981): ADAPTER_EVT type=content cls=androidx.recyclerview.widget.RecyclerView desc=null txt_len=0 pkg=com.larus.nova t_boot_ns=641737582375257
08-30 12:16:08.669 I/AnebProbe(22981): ADAPTER_EVT type=content cls=androidx.recyclerview.widget.RecyclerView desc=null txt_len=0 pkg=com.larus.nova t_boot_ns=641737700473174
08-30 12:16:08.769 I/AnebProbe(22981): ADAPTER_EVT type=content cls=androidx.recyclerview.widget.RecyclerView desc=null txt_len=0 pkg=com.larus.nova t_boot_ns=641737800240361
08-30 12:16:08.869 I/AnebProbe(22981): ADAPTER_EVT type=content cls=androidx.recyclerview.widget.RecyclerView desc=null txt_len=0 pkg=com.larus.nova t_boot_ns=641737900032548
08-30 12:16:08.979 I/AnebProbe(22981): ADAPTER_EVT type=content cls=androidx.recyclerview.widget.RecyclerView desc=null txt_len=0 pkg=com.larus.nova t_boot_ns=641738010065882
08-30 12:16:09.098 I/AnebProbe(22981): ADAPTER_EVT type=content cls=androidx.drawerlayout.widget.DrawerLayout desc=null txt_len=0 pkg=com.larus.nova t_boot_ns=641738129112757
08-30 12:16:09.198 I/AnebProbe(22981): ADAPTER_EVT type=content cls=androidx.drawerlayout.widget.DrawerLayout desc=null txt_len=0 pkg=com.larus.nova t_boot_ns=641738229805986
08-30 12:16:09.311 I/AnebProbe(22981): ADAPTER_EVT type=content cls=androidx.drawerlayout.widget.DrawerLayout desc=null txt_len=0 pkg=com.larus.nova t_boot_ns=641738342045569
08-30 12:16:09.411 I/AnebProbe(22981): ADAPTER_EVT type=content cls=androidx.recyclerview.widget.RecyclerView desc=null txt_len=0 pkg=com.larus.nova t_boot_ns=641738442541403
08-30 12:16:09.736 I/AnebProbe(22981): ADAPTER_EVT type=content cls=androidx.drawerlayout.widget.DrawerLayout desc=null txt_len=0 pkg=com.larus.nova t_boot_ns=641738767240882
08-30 12:16:09.836 I/AnebProbe(22981): ADAPTER_EVT type=content cls=androidx.drawerlayout.widget.DrawerLayout desc=null txt_len=0 pkg=com.larus.nova t_boot_ns=641738867039840
08-30 12:16:50.124 I/AnebE4MARK(19316): E4MARK kind=answer_complete n=2
08-30 12:16:52.355 I/AnebProbe(22981): ADAPTER_EVT type=click cls=android.widget.ImageView desc=返回 txt_len=2 pkg=com.larus.nova t_boot_ns=641781386113271
08-30 12:16:52.358 I/AnebProbe(22981): ADAPTER_OBS pkg=com.larus.nova mode=doubao events=284 rule_matched=34 first_delta_ms=0 cadence_p50_ms=100.1 session_span_ms=91694.2 confidence=LOW/INCONCLUSIVE reason=throttle ttft_send_ms=null anchor_source=null ttft_cluster_ms=4161.1 ttft_density_ms=null
08-30 12:16:52.486 I/AnebProbe(22981): ADAPTER_EVT type=content cls=androidx.drawerlayout.widget.DrawerLayout desc=null txt_len=0 pkg=com.larus.nova t_boot_ns=641781517861188
08-30 12:16:52.602 I/AnebProbe(22981): ADAPTER_EVT type=content cls=androidx.drawerlayout.widget.DrawerLayout desc=null txt_len=0 pkg=com.larus.nova t_boot_ns=641781633003896
08-30 12:16:52.718 I/AnebProbe(22981): ADAPTER_EVT type=content cls=androidx.drawerlayout.widget.DrawerLayout desc=null txt_len=0 pkg=com.larus.nova t_boot_ns=641781749098688
08-30 12:16:52.789 I/AnebProbe(22981): ADAPTER_EVT type=content cls=androidx.drawerlayout.widget.DrawerLayout desc=null txt_len=0 pkg=com.larus.nova t_boot_ns=641781820659104
08-30 12:16:54.054 I/AnebProbe(22981): ADAPTER_EVT type=click cls=android.widget.ImageView desc=创建新对话 txt_len=5 pkg=com.larus.nova t_boot_ns=641783085323687
08-30 12:16:54.067 I/AnebProbe(22981): ADAPTER_EVT type=content cls=android.widget.FrameLayout desc=null txt_len=0 pkg=com.larus.nova t_boot_ns=641783098395042
08-30 12:16:54.315 I/AnebProbe(22981): ADAPTER_EVT type=content cls=androidx.drawerlayout.widget.DrawerLayout desc=null txt_len=0 pkg=com.larus.nova t_boot_ns=641783346645042
08-30 12:16:54.432 I/AnebProbe(22981): ADAPTER_EVT type=content cls=androidx.drawerlayout.widget.DrawerLayout desc=null txt_len=0 pkg=com.larus.nova t_boot_ns=641783463474208
08-30 12:16:54.488 I/AnebProbe(22981): ADAPTER_EVT type=content cls=androidx.drawerlayout.widget.DrawerLayout desc=null txt_len=0 pkg=com.larus.nova t_boot_ns=641783519192958
08-30 12:16:54.575 I/AnebProbe(22981): ADAPTER_EVT type=content cls=android.view.ViewGroup desc=null txt_len=0 pkg=com.larus.nova t_boot_ns=641783606255979
08-30 12:16:54.678 I/AnebProbe(22981): ADAPTER_EVT type=content cls=android.view.ViewGroup desc=null txt_len=0 pkg=com.larus.nova t_boot_ns=641783708719000
08-30 12:16:54.797 I/AnebProbe(22981): ADAPTER_EVT type=content cls=androidx.drawerlayout.widget.DrawerLayout desc=null txt_len=0 pkg=com.larus.nova t_boot_ns=641783828846604
08-30 12:16:54.898 I/AnebProbe(22981): ADAPTER_EVT type=content cls=android.view.ViewGroup desc=null txt_len=0 pkg=com.larus.nova t_boot_ns=641783929551812
08-30 12:16:55.057 I/AnebProbe(22981): ADAPTER_EVT type=content cls=androidx.recyclerview.widget.RecyclerView desc=null txt_len=0 pkg=com.larus.nova t_boot_ns=641784087971604
08-30 12:16:55.146 I/AnebProbe(22981): ADAPTER_EVT type=content cls=android.view.ViewGroup desc=null txt_len=0 pkg=com.larus.nova t_boot_ns=641784177336187
08-30 12:16:55.262 I/AnebProbe(22981): ADAPTER_EVT type=content cls=android.view.ViewGroup desc=null txt_len=0 pkg=com.larus.nova t_boot_ns=641784293412750
08-30 12:16:55.525 I/AnebProbe(22981): ADAPTER_EVT type=content cls=android.view.ViewGroup desc=null txt_len=0 pkg=com.larus.nova t_boot_ns=641784556225250
08-30 12:16:55.626 I/AnebProbe(22981): ADAPTER_EVT type=content cls=android.view.ViewGroup desc=null txt_len=0 pkg=com.larus.nova t_boot_ns=641784656851812
08-30 12:16:55.769 I/AnebProbe(22981): ADAPTER_EVT type=content cls=androidx.drawerlayout.widget.DrawerLayout desc=null txt_len=0 pkg=com.larus.nova t_boot_ns=641784800206500
08-30 12:16:55.869 I/AnebProbe(22981): ADAPTER_EVT type=content cls=androidx.drawerlayout.widget.DrawerLayout desc=null txt_len=0 pkg=com.larus.nova t_boot_ns=641784900198687
08-30 12:16:55.969 I/AnebProbe(22981): ADAPTER_EVT type=content cls=android.view.ViewGroup desc=新对话，打开设置页 txt_len=0 pkg=com.larus.nova t_boot_ns=641785000698687
08-30 12:16:56.086 I/AnebProbe(22981): ADAPTER_EVT type=content cls=android.view.ViewGroup desc=null txt_len=0 pkg=com.larus.nova t_boot_ns=641785116803895
08-30 12:16:56.186 I/AnebProbe(22981): ADAPTER_EVT type=content cls=android.view.ViewGroup desc=null txt_len=0 pkg=com.larus.nova t_boot_ns=641785217360666
08-30 12:16:56.310 I/AnebProbe(22981): ADAPTER_EVT type=content cls=android.view.ViewGroup desc=null txt_len=0 pkg=com.larus.nova t_boot_ns=641785340785145
08-30 12:16:56.914 I/AnebProbe(22981): ADAPTER_EVT type=content cls=android.view.ViewGroup desc=新对话，打开设置页 txt_len=0 pkg=com.larus.nova t_boot_ns=641785945006499
08-30 12:16:57.040 I/AnebProbe(22981): ADAPTER_EVT type=content cls=android.view.ViewGroup desc=null txt_len=0 pkg=com.larus.nova t_boot_ns=641786071366395
08-30 12:16:57.151 I/AnebProbe(22981): ADAPTER_EVT type=content cls=android.view.ViewGroup desc=null txt_len=0 pkg=com.larus.nova t_boot_ns=641786182757541
08-30 12:16:57.253 I/AnebProbe(22981): ADAPTER_EVT type=content cls=android.view.ViewGroup desc=null txt_len=0 pkg=com.larus.nova t_boot_ns=641786284503895
08-30 12:16:57.370 I/AnebProbe(22981): ADAPTER_EVT type=content cls=android.view.ViewGroup desc=null txt_len=0 pkg=com.larus.nova t_boot_ns=641786402002333
08-30 12:16:57.371 I/AnebProbe(22981): ADAPTER_OBS pkg=com.larus.nova mode=doubao events=312 rule_matched=35 first_delta_ms=0 cadence_p50_ms=100.7 session_span_ms=139229.1 confidence=LOW/INCONCLUSIVE reason=throttle ttft_send_ms=null anchor_source=null ttft_cluster_ms=4161.1 ttft_density_ms=null
08-30 12:16:57.483 I/AnebProbe(22981): ADAPTER_EVT type=content cls=android.view.ViewGroup desc=null txt_len=0 pkg=com.larus.nova t_boot_ns=641786514505458
08-30 12:16:57.583 I/AnebProbe(22981): ADAPTER_EVT type=content cls=android.view.ViewGroup desc=null txt_len=0 pkg=com.larus.nova t_boot_ns=641786614665874
08-30 12:16:57.684 I/AnebProbe(22981): ADAPTER_EVT type=content cls=android.view.ViewGroup desc=null txt_len=0 pkg=com.larus.nova t_boot_ns=641786715050249
08-30 12:16:57.800 I/AnebProbe(22981): ADAPTER_EVT type=content cls=android.view.ViewGroup desc=null txt_len=0 pkg=com.larus.nova t_boot_ns=641786831363270
08-30 12:16:57.904 I/AnebProbe(22981): ADAPTER_EVT type=content cls=android.view.ViewGroup desc=null txt_len=0 pkg=com.larus.nova t_boot_ns=641786934822645
08-30 12:16:58.017 I/AnebProbe(22981): ADAPTER_EVT type=content cls=android.view.ViewGroup desc=null txt_len=0 pkg=com.larus.nova t_boot_ns=641787048010145
08-30 12:16:58.120 I/AnebProbe(22981): ADAPTER_EVT type=content cls=android.view.ViewGroup desc=null txt_len=0 pkg=com.larus.nova t_boot_ns=641787151097645
08-30 12:16:58.232 I/AnebProbe(22981): ADAPTER_EVT type=content cls=android.view.ViewGroup desc=null txt_len=0 pkg=com.larus.nova t_boot_ns=641787263305978
08-30 12:16:58.280 I/AnebProbe(22981): ADAPTER_EVT type=content cls=android.view.ViewGroup desc=null txt_len=0 pkg=com.larus.nova t_boot_ns=641787311714312
08-30 12:16:58.281 I/AnebProbe(22981): ADAPTER_EVT type=content cls=android.widget.EditText desc=null txt_len=1 pkg=com.larus.nova t_boot_ns=641787312236708
08-30 12:16:58.284 I/AnebProbe(22981): ADAPTER_EVT type=content cls=android.view.ViewGroup desc=null txt_len=0 pkg=com.larus.nova t_boot_ns=641787315638270
08-30 12:16:58.336 I/AnebProbe(22981): ADAPTER_EVT type=content cls=android.view.ViewGroup desc=null txt_len=0 pkg=com.larus.nova t_boot_ns=641787367271083
08-30 12:16:58.337 I/AnebProbe(22981): ADAPTER_EVT type=content cls=android.widget.EditText desc=null txt_len=2 pkg=com.larus.nova t_boot_ns=641787368076291
08-30 12:16:58.363 I/AnebProbe(22981): ADAPTER_EVT type=content cls=android.view.ViewGroup desc=null txt_len=0 pkg=com.larus.nova t_boot_ns=641787393990353
08-30 12:16:58.363 I/AnebProbe(22981): ADAPTER_EVT type=content cls=android.widget.EditText desc=null txt_len=3 pkg=com.larus.nova t_boot_ns=641787394793999
08-30 12:16:58.381 I/AnebProbe(22981): ADAPTER_EVT type=content cls=android.view.ViewGroup desc=null txt_len=0 pkg=com.larus.nova t_boot_ns=641787412295562
08-30 12:16:58.382 I/AnebProbe(22981): ADAPTER_EVT type=content cls=android.widget.EditText desc=null txt_len=4 pkg=com.larus.nova t_boot_ns=641787412679937
08-30 12:16:58.398 I/AnebProbe(22981): ADAPTER_EVT type=content cls=android.view.ViewGroup desc=null txt_len=0 pkg=com.larus.nova t_boot_ns=641787429755978
08-30 12:16:58.399 I/AnebProbe(22981): ADAPTER_EVT type=content cls=android.widget.EditText desc=null txt_len=5 pkg=com.larus.nova t_boot_ns=641787430138791
08-30 12:16:58.415 I/AnebProbe(22981): ADAPTER_EVT type=content cls=android.view.ViewGroup desc=null txt_len=0 pkg=com.larus.nova t_boot_ns=641787446749208
08-30 12:16:58.416 I/AnebProbe(22981): ADAPTER_EVT type=content cls=android.widget.EditText desc=null txt_len=6 pkg=com.larus.nova t_boot_ns=641787447308583
08-30 12:16:58.434 I/AnebProbe(22981): ADAPTER_EVT type=content cls=android.view.ViewGroup desc=null txt_len=0 pkg=com.larus.nova t_boot_ns=641787464247645
08-30 12:16:58.434 I/AnebProbe(22981): ADAPTER_EVT type=content cls=android.widget.EditText desc=null txt_len=7 pkg=com.larus.nova t_boot_ns=641787465965353
08-30 12:16:58.450 I/AnebProbe(22981): ADAPTER_EVT type=content cls=android.view.ViewGroup desc=null txt_len=0 pkg=com.larus.nova t_boot_ns=641787482009624
08-30 12:16:58.451 I/AnebProbe(22981): ADAPTER_EVT type=content cls=android.widget.EditText desc=null txt_len=8 pkg=com.larus.nova t_boot_ns=641787482338791
08-30 12:16:58.471 I/AnebProbe(22981): ADAPTER_EVT type=content cls=android.view.ViewGroup desc=null txt_len=0 pkg=com.larus.nova t_boot_ns=641787502007020
08-30 12:16:58.472 I/AnebProbe(22981): ADAPTER_EVT type=content cls=android.widget.EditText desc=null txt_len=9 pkg=com.larus.nova t_boot_ns=641787502456499
08-30 12:16:58.496 I/AnebProbe(22981): ADAPTER_EVT type=content cls=android.view.ViewGroup desc=null txt_len=0 pkg=com.larus.nova t_boot_ns=641787527480458
08-30 12:16:58.497 I/AnebProbe(22981): ADAPTER_EVT type=content cls=android.widget.EditText desc=null txt_len=10 pkg=com.larus.nova t_boot_ns=641787527955978
08-30 12:16:58.520 I/AnebProbe(22981): ADAPTER_EVT type=content cls=android.view.ViewGroup desc=null txt_len=0 pkg=com.larus.nova t_boot_ns=641787551385666
08-30 12:16:58.520 I/AnebProbe(22981): ADAPTER_EVT type=content cls=android.widget.EditText desc=null txt_len=11 pkg=com.larus.nova t_boot_ns=641787551884103
08-30 12:16:58.543 I/AnebProbe(22981): ADAPTER_EVT type=content cls=android.view.ViewGroup desc=null txt_len=0 pkg=com.larus.nova t_boot_ns=641787574652853
08-30 12:16:58.544 I/AnebProbe(22981): ADAPTER_EVT type=content cls=android.widget.EditText desc=null txt_len=12 pkg=com.larus.nova t_boot_ns=641787575102853
08-30 12:16:58.556 I/AnebProbe(22981): ADAPTER_EVT type=content cls=android.widget.EditText desc=null txt_len=13 pkg=com.larus.nova t_boot_ns=641787587251812
08-30 12:16:58.577 I/AnebProbe(22981): ADAPTER_EVT type=content cls=android.view.ViewGroup desc=null txt_len=0 pkg=com.larus.nova t_boot_ns=641787608709624
08-30 12:16:58.578 I/AnebProbe(22981): ADAPTER_EVT type=content cls=android.widget.EditText desc=null txt_len=14 pkg=com.larus.nova t_boot_ns=641787609318478
08-30 12:16:58.600 I/AnebProbe(22981): ADAPTER_EVT type=content cls=android.view.ViewGroup desc=null txt_len=0 pkg=com.larus.nova t_boot_ns=641787631359103
08-30 12:16:58.600 I/AnebProbe(22981): ADAPTER_EVT type=content cls=android.widget.EditText desc=null txt_len=15 pkg=com.larus.nova t_boot_ns=641787631855458
08-30 12:16:58.620 I/AnebProbe(22981): ADAPTER_EVT type=content cls=android.view.ViewGroup desc=null txt_len=0 pkg=com.larus.nova t_boot_ns=641787651575770
08-30 12:16:58.622 I/AnebProbe(22981): ADAPTER_EVT type=content cls=android.widget.EditText desc=null txt_len=16 pkg=com.larus.nova t_boot_ns=641787653741916
08-30 12:16:58.643 I/AnebProbe(22981): ADAPTER_EVT type=content cls=android.view.ViewGroup desc=null txt_len=0 pkg=com.larus.nova t_boot_ns=641787674531499
08-30 12:16:58.643 I/AnebProbe(22981): ADAPTER_EVT type=content cls=android.widget.EditText desc=null txt_len=17 pkg=com.larus.nova t_boot_ns=641787674928374
08-30 12:16:58.652 I/AnebProbe(22981): ADAPTER_EVT type=content cls=android.widget.EditText desc=null txt_len=18 pkg=com.larus.nova t_boot_ns=641787683416916
08-30 12:16:58.677 I/AnebProbe(22981): ADAPTER_EVT type=content cls=android.view.ViewGroup desc=null txt_len=0 pkg=com.larus.nova t_boot_ns=641787708470562
08-30 12:16:58.678 I/AnebProbe(22981): ADAPTER_EVT type=content cls=android.widget.EditText desc=null txt_len=19 pkg=com.larus.nova t_boot_ns=641787709213791
08-30 12:16:58.700 I/AnebProbe(22981): ADAPTER_EVT type=content cls=android.view.ViewGroup desc=null txt_len=0 pkg=com.larus.nova t_boot_ns=641787730397124
08-30 12:16:58.701 I/AnebProbe(22981): ADAPTER_EVT type=content cls=android.widget.EditText desc=null txt_len=20 pkg=com.larus.nova t_boot_ns=641787732048166
08-30 12:16:58.720 I/AnebProbe(22981): ADAPTER_EVT type=content cls=android.view.ViewGroup desc=null txt_len=0 pkg=com.larus.nova t_boot_ns=641787751911187
08-30 12:16:58.721 I/AnebProbe(22981): ADAPTER_EVT type=content cls=android.widget.EditText desc=null txt_len=21 pkg=com.larus.nova t_boot_ns=641787752293999
08-30 12:16:58.736 I/AnebProbe(22981): ADAPTER_EVT type=content cls=android.view.ViewGroup desc=null txt_len=0 pkg=com.larus.nova t_boot_ns=641787767198166
08-30 12:16:58.736 I/AnebProbe(22981): ADAPTER_EVT type=content cls=android.widget.EditText desc=null txt_len=22 pkg=com.larus.nova t_boot_ns=641787767555458
08-30 12:16:58.758 I/AnebProbe(22981): ADAPTER_EVT type=content cls=android.view.ViewGroup desc=null txt_len=0 pkg=com.larus.nova t_boot_ns=641787789686708
08-30 12:16:58.758 I/AnebProbe(22981): ADAPTER_EVT type=content cls=android.widget.EditText desc=null txt_len=23 pkg=com.larus.nova t_boot_ns=641787789871083
08-30 12:16:58.768 I/AnebProbe(22981): ADAPTER_EVT type=content cls=android.widget.EditText desc=null txt_len=24 pkg=com.larus.nova t_boot_ns=641787798837749
08-30 12:16:58.786 I/AnebProbe(22981): ADAPTER_EVT type=content cls=android.view.ViewGroup desc=null txt_len=0 pkg=com.larus.nova t_boot_ns=641787817390874
08-30 12:16:58.786 I/AnebProbe(22981): ADAPTER_EVT type=content cls=android.widget.EditText desc=null txt_len=25 pkg=com.larus.nova t_boot_ns=641787817791395
08-30 12:16:58.809 I/AnebProbe(22981): ADAPTER_EVT type=content cls=android.view.ViewGroup desc=null txt_len=0 pkg=com.larus.nova t_boot_ns=641787840290353
08-30 12:16:58.809 I/AnebProbe(22981): ADAPTER_EVT type=content cls=android.widget.EditText desc=null txt_len=26 pkg=com.larus.nova t_boot_ns=641787840707541
08-30 12:16:58.912 I/AnebProbe(22981): ADAPTER_EVT type=content cls=android.view.ViewGroup desc=null txt_len=0 pkg=com.larus.nova t_boot_ns=641787943886187
08-30 12:16:59.025 I/AnebProbe(22981): ADAPTER_EVT type=content cls=android.view.ViewGroup desc=null txt_len=0 pkg=com.larus.nova t_boot_ns=641788056348166
08-30 12:16:59.128 I/AnebProbe(22981): ADAPTER_EVT type=content cls=android.view.ViewGroup desc=null txt_len=0 pkg=com.larus.nova t_boot_ns=641788159898166
08-30 12:16:59.242 I/AnebProbe(22981): ADAPTER_EVT type=content cls=android.view.ViewGroup desc=null txt_len=0 pkg=com.larus.nova t_boot_ns=641788273503895
08-30 12:16:59.346 I/AnebProbe(22981): ADAPTER_EVT type=content cls=android.view.ViewGroup desc=null txt_len=0 pkg=com.larus.nova t_boot_ns=641788377565353
08-30 12:16:59.447 I/AnebProbe(22981): ADAPTER_EVT type=content cls=android.view.ViewGroup desc=null txt_len=0 pkg=com.larus.nova t_boot_ns=641788478028374
08-30 12:16:59.564 I/AnebProbe(22981): ADAPTER_EVT type=content cls=android.view.ViewGroup desc=null txt_len=0 pkg=com.larus.nova t_boot_ns=641788595010145
08-30 12:16:59.679 I/AnebProbe(22981): ADAPTER_EVT type=content cls=android.view.ViewGroup desc=null txt_len=0 pkg=com.larus.nova t_boot_ns=641788709924207
08-30 12:16:59.794 I/AnebProbe(22981): ADAPTER_EVT type=content cls=android.view.ViewGroup desc=null txt_len=0 pkg=com.larus.nova t_boot_ns=641788825491395
08-30 12:16:59.903 I/AnebProbe(22981): ADAPTER_EVT type=content cls=android.view.ViewGroup desc=null txt_len=0 pkg=com.larus.nova t_boot_ns=641788934368999
08-30 12:17:00.020 I/AnebProbe(22981): ADAPTER_EVT type=content cls=android.view.ViewGroup desc=null txt_len=0 pkg=com.larus.nova t_boot_ns=641789051179937
08-30 12:17:00.120 I/AnebProbe(22981): ADAPTER_EVT type=content cls=android.view.ViewGroup desc=null txt_len=0 pkg=com.larus.nova t_boot_ns=641789151785666
08-30 12:17:00.237 I/AnebProbe(22981): ADAPTER_EVT type=content cls=android.view.ViewGroup desc=null txt_len=0 pkg=com.larus.nova t_boot_ns=641789268078374
08-30 12:17:00.353 I/AnebProbe(22981): ADAPTER_EVT type=content cls=android.view.ViewGroup desc=null txt_len=0 pkg=com.larus.nova t_boot_ns=641789384386186
08-30 12:17:00.459 I/AnebProbe(22981): ADAPTER_EVT type=content cls=android.view.ViewGroup desc=null txt_len=0 pkg=com.larus.nova t_boot_ns=641789489729936
08-30 12:17:00.558 I/AnebProbe(22981): ADAPTER_EVT type=content cls=android.view.ViewGroup desc=null txt_len=0 pkg=com.larus.nova t_boot_ns=641789589302853
08-30 12:17:00.666 I/AnebProbe(22981): ADAPTER_EVT type=content cls=android.view.ViewGroup desc=null txt_len=0 pkg=com.larus.nova t_boot_ns=641789697440353
08-30 12:17:00.767 I/AnebProbe(22981): ADAPTER_EVT type=content cls=android.view.ViewGroup desc=null txt_len=0 pkg=com.larus.nova t_boot_ns=641789798271603
08-30 12:17:00.793 I/AnebE4MARK(19398): E4MARK kind=turn_start n=3
08-30 12:17:00.868 I/AnebProbe(22981): ADAPTER_EVT type=content cls=android.view.ViewGroup desc=null txt_len=0 pkg=com.larus.nova t_boot_ns=641789899840874
08-30 12:17:00.923 I/AnebProbe(22981): ADAPTER_EVT type=content cls=android.view.ViewGroup desc=null txt_len=0 pkg=com.larus.nova t_boot_ns=641789954816395
08-30 12:17:00.958 I/AnebProbe(22981): ADAPTER_EVT type=content cls=android.view.ViewGroup desc=null txt_len=0 pkg=com.larus.nova t_boot_ns=641789989457020
08-30 12:17:01.056 I/AnebProbe(22981): ADAPTER_EVT type=content cls=android.view.ViewGroup desc=null txt_len=0 pkg=com.larus.nova t_boot_ns=641790088010145
08-30 12:17:01.356 I/AnebProbe(22981): ADAPTER_EVT type=content cls=androidx.drawerlayout.widget.DrawerLayout desc=null txt_len=0 pkg=com.larus.nova t_boot_ns=641790387510665
08-30 12:17:01.455 I/AnebProbe(22981): ADAPTER_EVT type=content cls=androidx.drawerlayout.widget.DrawerLayout desc=null txt_len=0 pkg=com.larus.nova t_boot_ns=641790486266915
08-30 12:17:01.574 I/AnebProbe(22981): ADAPTER_EVT type=content cls=androidx.drawerlayout.widget.DrawerLayout desc=null txt_len=0 pkg=com.larus.nova t_boot_ns=641790605097645
08-30 12:17:01.675 I/AnebProbe(22981): ADAPTER_EVT type=content cls=android.view.ViewGroup desc=null txt_len=0 pkg=com.larus.nova t_boot_ns=641790706243478
08-30 12:17:01.822 I/AnebProbe(22981): ADAPTER_EVT type=content cls=androidx.drawerlayout.widget.DrawerLayout desc=null txt_len=0 pkg=com.larus.nova t_boot_ns=641790852981499
08-30 12:17:01.924 I/AnebProbe(22981): ADAPTER_EVT type=content cls=androidx.drawerlayout.widget.DrawerLayout desc=null txt_len=0 pkg=com.larus.nova t_boot_ns=641790955411186
08-30 12:17:02.539 I/AnebProbe(22981): ADAPTER_EVT type=content cls=androidx.recyclerview.widget.RecyclerView desc=null txt_len=0 pkg=com.larus.nova t_boot_ns=641791570638269
08-30 12:17:02.542 I/AnebProbe(22981): ADAPTER_OBS pkg=com.larus.nova mode=doubao events=399 rule_matched=36 first_delta_ms=0 cadence_p50_ms=100.0 session_span_ms=144397.8 confidence=LOW/INCONCLUSIVE reason=throttle ttft_send_ms=null anchor_source=null ttft_cluster_ms=3626.8 ttft_density_ms=null
08-30 12:17:02.637 I/AnebProbe(22981): ADAPTER_EVT type=content cls=androidx.drawerlayout.widget.DrawerLayout desc=null txt_len=0 pkg=com.larus.nova t_boot_ns=641791667935144
08-30 12:17:02.738 I/AnebProbe(22981): ADAPTER_EVT type=content cls=androidx.drawerlayout.widget.DrawerLayout desc=null txt_len=0 pkg=com.larus.nova t_boot_ns=641791769266394
08-30 12:17:02.850 I/AnebProbe(22981): ADAPTER_EVT type=content cls=android.view.ViewGroup desc=null txt_len=0 pkg=com.larus.nova t_boot_ns=641791881559103
08-30 12:17:02.947 I/AnebProbe(22981): ADAPTER_EVT type=content cls=androidx.recyclerview.widget.RecyclerView desc=null txt_len=0 pkg=com.larus.nova t_boot_ns=641791978438269
08-30 12:17:03.070 I/AnebProbe(22981): ADAPTER_EVT type=content cls=androidx.recyclerview.widget.RecyclerView desc=null txt_len=0 pkg=com.larus.nova t_boot_ns=641792100780457
08-30 12:17:03.175 I/AnebProbe(22981): ADAPTER_EVT type=content cls=androidx.drawerlayout.widget.DrawerLayout desc=null txt_len=0 pkg=com.larus.nova t_boot_ns=641792206673165
08-30 12:17:03.291 I/AnebProbe(22981): ADAPTER_EVT type=content cls=androidx.drawerlayout.widget.DrawerLayout desc=null txt_len=0 pkg=com.larus.nova t_boot_ns=641792322363790
08-30 12:17:03.389 I/AnebProbe(22981): ADAPTER_EVT type=content cls=androidx.recyclerview.widget.RecyclerView desc=null txt_len=0 pkg=com.larus.nova t_boot_ns=641792420132019
08-30 12:17:03.499 I/AnebProbe(22981): ADAPTER_EVT type=content cls=androidx.drawerlayout.widget.DrawerLayout desc=null txt_len=0 pkg=com.larus.nova t_boot_ns=641792529840873
08-30 12:17:03.608 I/AnebProbe(22981): ADAPTER_EVT type=content cls=androidx.recyclerview.widget.RecyclerView desc=null txt_len=0 pkg=com.larus.nova t_boot_ns=641792639351290
08-30 12:17:03.729 I/AnebProbe(22981): ADAPTER_EVT type=content cls=androidx.recyclerview.widget.RecyclerView desc=null txt_len=0 pkg=com.larus.nova t_boot_ns=641792760295040
08-30 12:17:03.836 I/AnebProbe(22981): ADAPTER_EVT type=content cls=androidx.recyclerview.widget.RecyclerView desc=null txt_len=0 pkg=com.larus.nova t_boot_ns=641792867172644
08-30 12:17:03.935 I/AnebProbe(22981): ADAPTER_EVT type=content cls=androidx.recyclerview.widget.RecyclerView desc=null txt_len=0 pkg=com.larus.nova t_boot_ns=641792966585144
08-30 12:17:04.051 I/AnebProbe(22981): ADAPTER_EVT type=content cls=androidx.recyclerview.widget.RecyclerView desc=null txt_len=0 pkg=com.larus.nova t_boot_ns=641793082045040
08-30 12:17:04.167 I/AnebProbe(22981): ADAPTER_EVT type=content cls=androidx.recyclerview.widget.RecyclerView desc=null txt_len=0 pkg=com.larus.nova t_boot_ns=641793198008582
08-30 12:17:04.288 I/AnebProbe(22981): ADAPTER_EVT type=content cls=androidx.recyclerview.widget.RecyclerView desc=null txt_len=0 pkg=com.larus.nova t_boot_ns=641793318890873
08-30 12:17:04.399 I/AnebProbe(22981): ADAPTER_EVT type=content cls=androidx.recyclerview.widget.RecyclerView desc=null txt_len=0 pkg=com.larus.nova t_boot_ns=641793430336186
08-30 12:17:04.507 I/AnebProbe(22981): ADAPTER_EVT type=content cls=androidx.drawerlayout.widget.DrawerLayout desc=null txt_len=0 pkg=com.larus.nova t_boot_ns=641793538909623
08-30 12:17:04.616 I/AnebProbe(22981): ADAPTER_EVT type=content cls=androidx.recyclerview.widget.RecyclerView desc=null txt_len=0 pkg=com.larus.nova t_boot_ns=641793647666915
08-30 12:17:04.729 I/AnebProbe(22981): ADAPTER_EVT type=content cls=androidx.recyclerview.widget.RecyclerView desc=null txt_len=0 pkg=com.larus.nova t_boot_ns=641793760165352
08-30 12:17:04.847 I/AnebProbe(22981): ADAPTER_EVT type=content cls=androidx.drawerlayout.widget.DrawerLayout desc=null txt_len=0 pkg=com.larus.nova t_boot_ns=641793878080457
08-30 12:17:04.947 I/AnebProbe(22981): ADAPTER_EVT type=content cls=androidx.drawerlayout.widget.DrawerLayout desc=null txt_len=0 pkg=com.larus.nova t_boot_ns=641793978140873
08-30 12:17:05.086 I/AnebProbe(22981): ADAPTER_EVT type=content cls=androidx.recyclerview.widget.RecyclerView desc=null txt_len=0 pkg=com.larus.nova t_boot_ns=641794117114832
08-30 12:17:05.224 I/AnebProbe(22981): ADAPTER_EVT type=content cls=androidx.drawerlayout.widget.DrawerLayout desc=null txt_len=0 pkg=com.larus.nova t_boot_ns=641794254936186
08-30 12:17:45.982 I/AnebE4MARK(19535): E4MARK kind=answer_complete n=3
08-30 12:17:48.202 I/AnebProbe(22981): ADAPTER_EVT type=click cls=android.widget.ImageView desc=返回 txt_len=2 pkg=com.larus.nova t_boot_ns=641837233196075
08-30 12:17:48.202 I/AnebProbe(22981): ADAPTER_OBS pkg=com.larus.nova mode=doubao events=423 rule_matched=50 first_delta_ms=0 cadence_p50_ms=100.1 session_span_ms=147082.1 confidence=LOW/INCONCLUSIVE reason=throttle ttft_send_ms=null anchor_source=null ttft_cluster_ms=3626.8 ttft_density_ms=null
08-30 12:17:48.320 I/AnebProbe(22981): ADAPTER_EVT type=content cls=androidx.drawerlayout.widget.DrawerLayout desc=null txt_len=0 pkg=com.larus.nova t_boot_ns=641837351448158
08-30 12:17:48.435 I/AnebProbe(22981): ADAPTER_EVT type=content cls=androidx.drawerlayout.widget.DrawerLayout desc=null txt_len=0 pkg=com.larus.nova t_boot_ns=641837466376283
08-30 12:17:48.551 I/AnebProbe(22981): ADAPTER_EVT type=content cls=androidx.drawerlayout.widget.DrawerLayout desc=null txt_len=0 pkg=com.larus.nova t_boot_ns=641837582452846
08-30 12:17:48.622 I/AnebProbe(22981): ADAPTER_EVT type=content cls=androidx.drawerlayout.widget.DrawerLayout desc=null txt_len=0 pkg=com.larus.nova t_boot_ns=641837653516908
08-30 12:17:49.907 I/AnebProbe(22981): ADAPTER_EVT type=click cls=android.widget.ImageView desc=创建新对话 txt_len=5 pkg=com.larus.nova t_boot_ns=641838939123158
08-30 12:17:49.911 I/AnebProbe(22981): ADAPTER_EVT type=content cls=android.widget.FrameLayout desc=null txt_len=0 pkg=com.larus.nova t_boot_ns=641838942183575
08-30 12:17:50.149 I/AnebProbe(22981): ADAPTER_EVT type=content cls=androidx.drawerlayout.widget.DrawerLayout desc=null txt_len=0 pkg=com.larus.nova t_boot_ns=641839180643471
08-30 12:17:50.268 I/AnebProbe(22981): ADAPTER_EVT type=content cls=androidx.drawerlayout.widget.DrawerLayout desc=null txt_len=0 pkg=com.larus.nova t_boot_ns=641839299914825
08-30 12:17:50.332 I/AnebProbe(22981): ADAPTER_EVT type=content cls=androidx.drawerlayout.widget.DrawerLayout desc=null txt_len=0 pkg=com.larus.nova t_boot_ns=641839363676283
08-30 12:17:50.336 I/AnebProbe(22981): ADAPTER_EVT type=content cls=androidx.drawerlayout.widget.DrawerLayout desc=null txt_len=0 pkg=com.larus.nova t_boot_ns=641839367758575
08-30 12:17:50.424 I/AnebProbe(22981): ADAPTER_EVT type=content cls=android.view.ViewGroup desc=null txt_len=0 pkg=com.larus.nova t_boot_ns=641839455396075
08-30 12:17:50.525 I/AnebProbe(22981): ADAPTER_EVT type=content cls=android.view.ViewGroup desc=null txt_len=0 pkg=com.larus.nova t_boot_ns=641839556790345
08-30 12:17:50.629 I/AnebProbe(22981): ADAPTER_EVT type=content cls=androidx.drawerlayout.widget.DrawerLayout desc=null txt_len=0 pkg=com.larus.nova t_boot_ns=641839659928887
08-30 12:17:50.880 I/AnebProbe(22981): ADAPTER_EVT type=content cls=androidx.recyclerview.widget.RecyclerView desc=null txt_len=0 pkg=com.larus.nova t_boot_ns=641839911138783
08-30 12:17:50.977 I/AnebProbe(22981): ADAPTER_EVT type=content cls=android.view.ViewGroup desc=null txt_len=0 pkg=com.larus.nova t_boot_ns=641840008454929
08-30 12:17:51.078 I/AnebProbe(22981): ADAPTER_EVT type=content cls=android.view.ViewGroup desc=null txt_len=0 pkg=com.larus.nova t_boot_ns=641840108779408
08-30 12:17:51.177 I/AnebProbe(22981): ADAPTER_EVT type=content cls=android.view.ViewGroup desc=null txt_len=0 pkg=com.larus.nova t_boot_ns=641840208396595
08-30 12:17:51.294 I/AnebProbe(22981): ADAPTER_EVT type=content cls=android.view.ViewGroup desc=null txt_len=0 pkg=com.larus.nova t_boot_ns=641840325044512
08-30 12:17:51.397 I/AnebProbe(22981): ADAPTER_EVT type=content cls=android.view.ViewGroup desc=null txt_len=0 pkg=com.larus.nova t_boot_ns=641840428458054
08-30 12:17:51.497 I/AnebProbe(22981): ADAPTER_EVT type=content cls=android.view.ViewGroup desc=null txt_len=0 pkg=com.larus.nova t_boot_ns=641840528434616
08-30 12:17:51.598 I/AnebProbe(22981): ADAPTER_EVT type=content cls=android.view.ViewGroup desc=null txt_len=0 pkg=com.larus.nova t_boot_ns=641840629476283
08-30 12:17:51.718 I/AnebProbe(22981): ADAPTER_EVT type=content cls=androidx.drawerlayout.widget.DrawerLayout desc=null txt_len=0 pkg=com.larus.nova t_boot_ns=641840748785658
08-30 12:17:51.826 I/AnebProbe(22981): ADAPTER_EVT type=content cls=androidx.drawerlayout.widget.DrawerLayout desc=null txt_len=0 pkg=com.larus.nova t_boot_ns=641840857232012
08-30 12:17:51.934 I/AnebProbe(22981): ADAPTER_EVT type=content cls=android.view.ViewGroup desc=null txt_len=0 pkg=com.larus.nova t_boot_ns=641840964873679
08-30 12:17:52.035 I/AnebProbe(22981): ADAPTER_EVT type=content cls=android.view.ViewGroup desc=null txt_len=0 pkg=com.larus.nova t_boot_ns=641841066505449
08-30 12:17:52.156 I/AnebProbe(22981): ADAPTER_EVT type=content cls=android.view.ViewGroup desc=null txt_len=0 pkg=com.larus.nova t_boot_ns=641841187335658
08-30 12:17:52.750 I/AnebProbe(22981): ADAPTER_EVT type=content cls=android.view.ViewGroup desc=新对话，打开设置页 txt_len=0 pkg=com.larus.nova t_boot_ns=641841781010137
08-30 12:17:52.879 I/AnebProbe(22981): ADAPTER_EVT type=content cls=android.view.ViewGroup desc=null txt_len=0 pkg=com.larus.nova t_boot_ns=641841910660658
08-30 12:17:52.982 I/AnebProbe(22981): ADAPTER_EVT type=content cls=android.view.ViewGroup desc=null txt_len=0 pkg=com.larus.nova t_boot_ns=641842014018470
08-30 12:17:53.085 I/AnebProbe(22981): ADAPTER_EVT type=content cls=android.view.ViewGroup desc=null txt_len=0 pkg=com.larus.nova t_boot_ns=641842116382012
08-30 12:17:53.201 I/AnebProbe(22981): ADAPTER_EVT type=content cls=android.view.ViewGroup desc=null txt_len=0 pkg=com.larus.nova t_boot_ns=641842232329928
08-30 12:17:53.314 I/AnebProbe(22981): ADAPTER_EVT type=content cls=android.view.ViewGroup desc=null txt_len=0 pkg=com.larus.nova t_boot_ns=641842345848678
08-30 12:17:53.315 I/AnebProbe(22981): ADAPTER_OBS pkg=com.larus.nova mode=doubao events=454 rule_matched=51 first_delta_ms=0 cadence_p50_ms=100.7 session_span_ms=195173.0 confidence=LOW/INCONCLUSIVE reason=throttle ttft_send_ms=null anchor_source=null ttft_cluster_ms=3626.8 ttft_density_ms=null
08-30 12:17:53.414 I/AnebProbe(22981): ADAPTER_EVT type=content cls=android.view.ViewGroup desc=null txt_len=0 pkg=com.larus.nova t_boot_ns=641842445991908
08-30 12:17:53.515 I/AnebProbe(22981): ADAPTER_EVT type=content cls=android.view.ViewGroup desc=null txt_len=0 pkg=com.larus.nova t_boot_ns=641842546508053
08-30 12:17:53.616 I/AnebProbe(22981): ADAPTER_EVT type=content cls=android.view.ViewGroup desc=null txt_len=0 pkg=com.larus.nova t_boot_ns=641842647079408
08-30 12:17:53.732 I/AnebProbe(22981): ADAPTER_EVT type=content cls=android.view.ViewGroup desc=null txt_len=0 pkg=com.larus.nova t_boot_ns=641842763213262
08-30 12:17:53.836 I/AnebProbe(22981): ADAPTER_EVT type=content cls=android.view.ViewGroup desc=null txt_len=0 pkg=com.larus.nova t_boot_ns=641842867132012
08-30 12:17:53.943 I/AnebProbe(22981): ADAPTER_EVT type=content cls=android.view.ViewGroup desc=null txt_len=0 pkg=com.larus.nova t_boot_ns=641842974264303
08-30 12:17:54.067 I/AnebProbe(22981): ADAPTER_EVT type=content cls=android.view.ViewGroup desc=null txt_len=0 pkg=com.larus.nova t_boot_ns=641843098087220
08-30 12:17:54.116 I/AnebProbe(22981): ADAPTER_EVT type=content cls=android.view.ViewGroup desc=null txt_len=0 pkg=com.larus.nova t_boot_ns=641843147979928
08-30 12:17:54.117 I/AnebProbe(22981): ADAPTER_EVT type=content cls=android.widget.EditText desc=null txt_len=1 pkg=com.larus.nova t_boot_ns=641843148400762
08-30 12:17:54.121 I/AnebProbe(22981): ADAPTER_EVT type=content cls=android.view.ViewGroup desc=null txt_len=0 pkg=com.larus.nova t_boot_ns=641843152744512
08-30 12:17:54.163 I/AnebProbe(22981): ADAPTER_EVT type=content cls=android.view.ViewGroup desc=null txt_len=0 pkg=com.larus.nova t_boot_ns=641843194148678
08-30 12:17:54.163 I/AnebProbe(22981): ADAPTER_EVT type=content cls=android.widget.EditText desc=null txt_len=2 pkg=com.larus.nova t_boot_ns=641843194493470
08-30 12:17:54.180 I/AnebProbe(22981): ADAPTER_EVT type=content cls=android.view.ViewGroup desc=null txt_len=0 pkg=com.larus.nova t_boot_ns=641843211563782
08-30 12:17:54.181 I/AnebProbe(22981): ADAPTER_EVT type=content cls=android.widget.EditText desc=null txt_len=3 pkg=com.larus.nova t_boot_ns=641843212072637
08-30 12:17:54.199 I/AnebProbe(22981): ADAPTER_EVT type=content cls=android.view.ViewGroup desc=null txt_len=0 pkg=com.larus.nova t_boot_ns=641843230760137
08-30 12:17:54.200 I/AnebProbe(22981): ADAPTER_EVT type=content cls=android.widget.EditText desc=null txt_len=4 pkg=com.larus.nova t_boot_ns=641843231101803
08-30 12:17:54.216 I/AnebProbe(22981): ADAPTER_EVT type=content cls=android.view.ViewGroup desc=null txt_len=0 pkg=com.larus.nova t_boot_ns=641843247695553
08-30 12:17:54.217 I/AnebProbe(22981): ADAPTER_EVT type=content cls=android.widget.EditText desc=null txt_len=5 pkg=com.larus.nova t_boot_ns=641843248074720
08-30 12:17:54.235 I/AnebProbe(22981): ADAPTER_EVT type=content cls=android.view.ViewGroup desc=null txt_len=0 pkg=com.larus.nova t_boot_ns=641843266550241
08-30 12:17:54.236 I/AnebProbe(22981): ADAPTER_EVT type=content cls=android.widget.EditText desc=null txt_len=6 pkg=com.larus.nova t_boot_ns=641843266970032
08-30 12:17:54.259 I/AnebProbe(22981): ADAPTER_EVT type=content cls=android.view.ViewGroup desc=null txt_len=0 pkg=com.larus.nova t_boot_ns=641843290677324
08-30 12:17:54.260 I/AnebProbe(22981): ADAPTER_EVT type=content cls=android.widget.EditText desc=null txt_len=7 pkg=com.larus.nova t_boot_ns=641843291254928
08-30 12:17:54.269 I/AnebProbe(22981): ADAPTER_EVT type=content cls=android.widget.EditText desc=null txt_len=8 pkg=com.larus.nova t_boot_ns=641843299952845
08-30 12:17:54.293 I/AnebProbe(22981): ADAPTER_EVT type=content cls=android.view.ViewGroup desc=null txt_len=0 pkg=com.larus.nova t_boot_ns=641843324717428
08-30 12:17:54.294 I/AnebProbe(22981): ADAPTER_EVT type=content cls=android.widget.EditText desc=null txt_len=9 pkg=com.larus.nova t_boot_ns=641843325280970
08-30 12:17:54.326 I/AnebProbe(22981): ADAPTER_EVT type=content cls=android.view.ViewGroup desc=null txt_len=0 pkg=com.larus.nova t_boot_ns=641843357191387
08-30 12:17:54.326 I/AnebProbe(22981): ADAPTER_EVT type=content cls=android.widget.EditText desc=null txt_len=10 pkg=com.larus.nova t_boot_ns=641843357736178
08-30 12:17:54.350 I/AnebProbe(22981): ADAPTER_EVT type=content cls=android.view.ViewGroup desc=null txt_len=0 pkg=com.larus.nova t_boot_ns=641843381647116
08-30 12:17:54.351 I/AnebProbe(22981): ADAPTER_EVT type=content cls=android.widget.EditText desc=null txt_len=11 pkg=com.larus.nova t_boot_ns=641843382296595
08-30 12:17:54.376 I/AnebProbe(22981): ADAPTER_EVT type=content cls=android.view.ViewGroup desc=null txt_len=0 pkg=com.larus.nova t_boot_ns=641843407661178
08-30 12:17:54.377 I/AnebProbe(22981): ADAPTER_EVT type=content cls=android.widget.EditText desc=null txt_len=12 pkg=com.larus.nova t_boot_ns=641843408176282
08-30 12:17:54.407 I/AnebProbe(22981): ADAPTER_EVT type=content cls=android.view.ViewGroup desc=null txt_len=0 pkg=com.larus.nova t_boot_ns=641843435725762
08-30 12:17:54.408 I/AnebProbe(22981): ADAPTER_EVT type=content cls=android.widget.EditText desc=null txt_len=13 pkg=com.larus.nova t_boot_ns=641843438980449
08-30 12:17:54.427 I/AnebProbe(22981): ADAPTER_EVT type=content cls=android.view.ViewGroup desc=null txt_len=0 pkg=com.larus.nova t_boot_ns=641843458199720
08-30 12:17:54.427 I/AnebProbe(22981): ADAPTER_EVT type=content cls=android.widget.EditText desc=null txt_len=14 pkg=com.larus.nova t_boot_ns=641843458685137
08-30 12:17:54.449 I/AnebProbe(22981): ADAPTER_EVT type=content cls=android.view.ViewGroup desc=null txt_len=0 pkg=com.larus.nova t_boot_ns=641843480674720
08-30 12:17:54.451 I/AnebProbe(22981): ADAPTER_EVT type=content cls=android.widget.EditText desc=null txt_len=15 pkg=com.larus.nova t_boot_ns=641843482017428
08-30 12:17:54.475 I/AnebProbe(22981): ADAPTER_EVT type=content cls=android.view.ViewGroup desc=null txt_len=0 pkg=com.larus.nova t_boot_ns=641843506251282
08-30 12:17:54.475 I/AnebProbe(22981): ADAPTER_EVT type=content cls=android.widget.EditText desc=null txt_len=16 pkg=com.larus.nova t_boot_ns=641843506766387
08-30 12:17:54.497 I/AnebProbe(22981): ADAPTER_EVT type=content cls=android.view.ViewGroup desc=null txt_len=0 pkg=com.larus.nova t_boot_ns=641843528210657
08-30 12:17:54.498 I/AnebProbe(22981): ADAPTER_EVT type=content cls=android.widget.EditText desc=null txt_len=17 pkg=com.larus.nova t_boot_ns=641843528982532
08-30 12:17:54.520 I/AnebProbe(22981): ADAPTER_EVT type=content cls=android.view.ViewGroup desc=null txt_len=0 pkg=com.larus.nova t_boot_ns=641843549303366
08-30 12:17:54.521 I/AnebProbe(22981): ADAPTER_EVT type=content cls=android.widget.EditText desc=null txt_len=18 pkg=com.larus.nova t_boot_ns=641843551851282
08-30 12:17:54.541 I/AnebProbe(22981): ADAPTER_EVT type=content cls=android.view.ViewGroup desc=null txt_len=0 pkg=com.larus.nova t_boot_ns=641843572056491
08-30 12:17:54.541 I/AnebProbe(22981): ADAPTER_EVT type=content cls=android.widget.EditText desc=null txt_len=19 pkg=com.larus.nova t_boot_ns=641843572563262
08-30 12:17:54.551 I/AnebProbe(22981): ADAPTER_EVT type=content cls=android.widget.EditText desc=null txt_len=20 pkg=com.larus.nova t_boot_ns=641843582230449
08-30 12:17:54.575 I/AnebProbe(22981): ADAPTER_EVT type=content cls=android.view.ViewGroup desc=null txt_len=0 pkg=com.larus.nova t_boot_ns=641843606214303
08-30 12:17:54.575 I/AnebProbe(22981): ADAPTER_EVT type=content cls=android.widget.EditText desc=null txt_len=21 pkg=com.larus.nova t_boot_ns=641843606697637
08-30 12:17:54.596 I/AnebProbe(22981): ADAPTER_EVT type=content cls=android.view.ViewGroup desc=null txt_len=0 pkg=com.larus.nova t_boot_ns=641843627800762
08-30 12:17:54.597 I/AnebProbe(22981): ADAPTER_EVT type=content cls=android.widget.EditText desc=null txt_len=22 pkg=com.larus.nova t_boot_ns=641843628290345
08-30 12:17:54.618 I/AnebProbe(22981): ADAPTER_EVT type=content cls=android.view.ViewGroup desc=null txt_len=0 pkg=com.larus.nova t_boot_ns=641843649036699
08-30 12:17:54.618 I/AnebProbe(22981): ADAPTER_EVT type=content cls=android.widget.EditText desc=null txt_len=23 pkg=com.larus.nova t_boot_ns=641843649502324
08-30 12:17:54.640 I/AnebProbe(22981): ADAPTER_EVT type=content cls=android.view.ViewGroup desc=null txt_len=0 pkg=com.larus.nova t_boot_ns=641843671514824
08-30 12:17:54.641 I/AnebProbe(22981): ADAPTER_EVT type=content cls=android.widget.EditText desc=null txt_len=24 pkg=com.larus.nova t_boot_ns=641843672036178
08-30 12:17:54.649 I/AnebProbe(22981): ADAPTER_EVT type=content cls=android.widget.EditText desc=null txt_len=25 pkg=com.larus.nova t_boot_ns=641843680655449
08-30 12:17:54.673 I/AnebProbe(22981): ADAPTER_EVT type=content cls=android.view.ViewGroup desc=null txt_len=0 pkg=com.larus.nova t_boot_ns=641843704199199
08-30 12:17:54.673 I/AnebProbe(22981): ADAPTER_EVT type=content cls=android.widget.EditText desc=null txt_len=26 pkg=com.larus.nova t_boot_ns=641843704777845
08-30 12:17:54.777 I/AnebProbe(22981): ADAPTER_EVT type=content cls=android.view.ViewGroup desc=null txt_len=0 pkg=com.larus.nova t_boot_ns=641843807927324
08-30 12:17:54.879 I/AnebProbe(22981): ADAPTER_EVT type=content cls=android.view.ViewGroup desc=null txt_len=0 pkg=com.larus.nova t_boot_ns=641843910571595
08-30 12:17:54.996 I/AnebProbe(22981): ADAPTER_EVT type=content cls=android.view.ViewGroup desc=null txt_len=0 pkg=com.larus.nova t_boot_ns=641844027633574
08-30 12:17:55.111 I/AnebProbe(22981): ADAPTER_EVT type=content cls=android.view.ViewGroup desc=null txt_len=0 pkg=com.larus.nova t_boot_ns=641844142068991
08-30 12:17:55.212 I/AnebProbe(22981): ADAPTER_EVT type=content cls=android.view.ViewGroup desc=null txt_len=0 pkg=com.larus.nova t_boot_ns=641844242757011
08-30 12:17:55.324 I/AnebProbe(22981): ADAPTER_EVT type=content cls=android.view.ViewGroup desc=null txt_len=0 pkg=com.larus.nova t_boot_ns=641844355682011
08-30 12:17:55.436 I/AnebProbe(22981): ADAPTER_EVT type=content cls=android.view.ViewGroup desc=null txt_len=0 pkg=com.larus.nova t_boot_ns=641844466836178
08-30 12:17:55.540 I/AnebProbe(22981): ADAPTER_EVT type=content cls=android.view.ViewGroup desc=null txt_len=0 pkg=com.larus.nova t_boot_ns=641844571411178
08-30 12:17:55.659 I/AnebProbe(22981): ADAPTER_EVT type=content cls=android.view.ViewGroup desc=null txt_len=0 pkg=com.larus.nova t_boot_ns=641844690598678
08-30 12:17:55.761 I/AnebProbe(22981): ADAPTER_EVT type=content cls=android.view.ViewGroup desc=null txt_len=0 pkg=com.larus.nova t_boot_ns=641844791260657
08-30 12:17:55.870 I/AnebProbe(22981): ADAPTER_EVT type=content cls=android.view.ViewGroup desc=null txt_len=0 pkg=com.larus.nova t_boot_ns=641844900896595
08-30 12:17:55.974 I/AnebProbe(22981): ADAPTER_EVT type=content cls=android.view.ViewGroup desc=null txt_len=0 pkg=com.larus.nova t_boot_ns=641845004941386
08-30 12:17:56.083 I/AnebProbe(22981): ADAPTER_EVT type=content cls=android.view.ViewGroup desc=null txt_len=0 pkg=com.larus.nova t_boot_ns=641845114222636
08-30 12:17:56.183 I/AnebProbe(22981): ADAPTER_EVT type=content cls=android.view.ViewGroup desc=null txt_len=0 pkg=com.larus.nova t_boot_ns=641845214747636
08-30 12:17:56.285 I/AnebProbe(22981): ADAPTER_EVT type=content cls=android.view.ViewGroup desc=null txt_len=0 pkg=com.larus.nova t_boot_ns=641845316244511
08-30 12:17:56.386 I/AnebProbe(22981): ADAPTER_EVT type=content cls=android.view.ViewGroup desc=null txt_len=0 pkg=com.larus.nova t_boot_ns=641845417236178
08-30 12:17:56.500 I/AnebProbe(22981): ADAPTER_EVT type=content cls=android.view.ViewGroup desc=null txt_len=0 pkg=com.larus.nova t_boot_ns=641845531434095
08-30 12:17:56.615 I/AnebProbe(22981): ADAPTER_EVT type=content cls=android.view.ViewGroup desc=null txt_len=0 pkg=com.larus.nova t_boot_ns=641845646759615
08-30 12:17:56.663 I/AnebE4MARK(19600): E4MARK kind=turn_start n=4
08-30 12:17:56.718 I/AnebProbe(22981): ADAPTER_EVT type=content cls=android.view.ViewGroup desc=null txt_len=0 pkg=com.larus.nova t_boot_ns=641845749377324
08-30 12:17:56.784 I/AnebProbe(22981): ADAPTER_EVT type=content cls=android.view.ViewGroup desc=null txt_len=0 pkg=com.larus.nova t_boot_ns=641845815931490
08-30 12:17:56.813 I/AnebProbe(22981): ADAPTER_EVT type=content cls=android.view.ViewGroup desc=null txt_len=0 pkg=com.larus.nova t_boot_ns=641845844610136
08-30 12:17:56.912 I/AnebProbe(22981): ADAPTER_EVT type=content cls=android.view.ViewGroup desc=null txt_len=0 pkg=com.larus.nova t_boot_ns=641845943979928
08-30 12:17:57.220 I/AnebProbe(22981): ADAPTER_EVT type=content cls=androidx.drawerlayout.widget.DrawerLayout desc=null txt_len=0 pkg=com.larus.nova t_boot_ns=641846251167428
08-30 12:17:57.319 I/AnebProbe(22981): ADAPTER_EVT type=content cls=androidx.drawerlayout.widget.DrawerLayout desc=null txt_len=0 pkg=com.larus.nova t_boot_ns=641846350551282
08-30 12:17:57.464 I/AnebProbe(22981): ADAPTER_EVT type=content cls=androidx.drawerlayout.widget.DrawerLayout desc=null txt_len=0 pkg=com.larus.nova t_boot_ns=641846495208053
08-30 12:17:57.565 I/AnebProbe(22981): ADAPTER_EVT type=content cls=android.view.ViewGroup desc=null txt_len=0 pkg=com.larus.nova t_boot_ns=641846596386178
08-30 12:17:57.717 I/AnebProbe(22981): ADAPTER_EVT type=content cls=androidx.drawerlayout.widget.DrawerLayout desc=null txt_len=0 pkg=com.larus.nova t_boot_ns=641846748799199
08-30 12:17:57.817 I/AnebProbe(22981): ADAPTER_EVT type=content cls=androidx.drawerlayout.widget.DrawerLayout desc=null txt_len=0 pkg=com.larus.nova t_boot_ns=641846848449199
08-30 12:17:58.490 I/AnebProbe(22981): ADAPTER_EVT type=content cls=android.widget.FrameLayout desc=打电话 txt_len=0 pkg=com.larus.nova t_boot_ns=641847520978886
08-30 12:17:58.492 I/AnebProbe(22981): ADAPTER_OBS pkg=com.larus.nova mode=doubao events=540 rule_matched=51 first_delta_ms=0 cadence_p50_ms=100.1 session_span_ms=200348.1 confidence=LOW/INCONCLUSIVE reason=throttle ttft_send_ms=null anchor_source=null ttft_cluster_ms=3713.1 ttft_density_ms=null
08-30 12:17:58.590 I/AnebProbe(22981): ADAPTER_EVT type=content cls=androidx.drawerlayout.widget.DrawerLayout desc=null txt_len=0 pkg=com.larus.nova t_boot_ns=641847621707532
08-30 12:17:58.691 I/AnebProbe(22981): ADAPTER_EVT type=content cls=androidx.drawerlayout.widget.DrawerLayout desc=null txt_len=0 pkg=com.larus.nova t_boot_ns=641847722436698
08-30 12:17:58.911 I/AnebProbe(22981): ADAPTER_EVT type=content cls=androidx.recyclerview.widget.RecyclerView desc=null txt_len=0 pkg=com.larus.nova t_boot_ns=641847942439303
08-30 12:17:59.036 I/AnebProbe(22981): ADAPTER_EVT type=content cls=android.view.ViewGroup desc=null txt_len=0 pkg=com.larus.nova t_boot_ns=641848067094511
08-30 12:17:59.132 I/AnebProbe(22981): ADAPTER_EVT type=content cls=androidx.recyclerview.widget.RecyclerView desc=null txt_len=0 pkg=com.larus.nova t_boot_ns=641848163634615
08-30 12:17:59.255 I/AnebProbe(22981): ADAPTER_EVT type=content cls=android.view.ViewGroup desc=null txt_len=0 pkg=com.larus.nova t_boot_ns=641848286622636
08-30 12:17:59.370 I/AnebProbe(22981): ADAPTER_EVT type=content cls=androidx.drawerlayout.widget.DrawerLayout desc=null txt_len=0 pkg=com.larus.nova t_boot_ns=641848401283573
08-30 12:17:59.471 I/AnebProbe(22981): ADAPTER_EVT type=content cls=androidx.recyclerview.widget.RecyclerView desc=null txt_len=0 pkg=com.larus.nova t_boot_ns=641848501837219
08-30 12:17:59.582 I/AnebProbe(22981): ADAPTER_EVT type=content cls=androidx.recyclerview.widget.RecyclerView desc=null txt_len=0 pkg=com.larus.nova t_boot_ns=641848612850761
08-30 12:17:59.688 I/AnebProbe(22981): ADAPTER_EVT type=content cls=androidx.drawerlayout.widget.DrawerLayout desc=null txt_len=0 pkg=com.larus.nova t_boot_ns=641848719413782
08-30 12:17:59.788 I/AnebProbe(22981): ADAPTER_EVT type=content cls=androidx.recyclerview.widget.RecyclerView desc=null txt_len=0 pkg=com.larus.nova t_boot_ns=641848819433052
08-30 12:17:59.888 I/AnebProbe(22981): ADAPTER_EVT type=content cls=androidx.recyclerview.widget.RecyclerView desc=null txt_len=0 pkg=com.larus.nova t_boot_ns=641848919329927
08-30 12:17:59.987 I/AnebProbe(22981): ADAPTER_EVT type=content cls=androidx.recyclerview.widget.RecyclerView desc=null txt_len=0 pkg=com.larus.nova t_boot_ns=641849018241907
08-30 12:18:00.107 I/AnebProbe(22981): ADAPTER_EVT type=content cls=androidx.recyclerview.widget.RecyclerView desc=null txt_len=0 pkg=com.larus.nova t_boot_ns=641849137928365
08-30 12:18:00.211 I/AnebProbe(22981): ADAPTER_EVT type=content cls=androidx.recyclerview.widget.RecyclerView desc=null txt_len=0 pkg=com.larus.nova t_boot_ns=641849242044511
08-30 12:18:00.324 I/AnebProbe(22981): ADAPTER_EVT type=content cls=androidx.recyclerview.widget.RecyclerView desc=null txt_len=0 pkg=com.larus.nova t_boot_ns=641849355165344
08-30 12:18:00.430 I/AnebProbe(22981): ADAPTER_EVT type=content cls=androidx.recyclerview.widget.RecyclerView desc=null txt_len=0 pkg=com.larus.nova t_boot_ns=641849461049719
08-30 12:18:00.532 I/AnebProbe(22981): ADAPTER_EVT type=content cls=androidx.recyclerview.widget.RecyclerView desc=null txt_len=0 pkg=com.larus.nova t_boot_ns=641849563350761
08-30 12:18:00.639 I/AnebProbe(22981): ADAPTER_EVT type=content cls=androidx.recyclerview.widget.RecyclerView desc=null txt_len=0 pkg=com.larus.nova t_boot_ns=641849670808573
08-30 12:18:00.742 I/AnebProbe(22981): ADAPTER_EVT type=content cls=androidx.drawerlayout.widget.DrawerLayout desc=null txt_len=0 pkg=com.larus.nova t_boot_ns=641849772862219
08-30 12:18:00.843 I/AnebProbe(22981): ADAPTER_EVT type=content cls=androidx.recyclerview.widget.RecyclerView desc=null txt_len=0 pkg=com.larus.nova t_boot_ns=641849874618990
08-30 12:18:00.949 I/AnebProbe(22981): ADAPTER_EVT type=content cls=androidx.recyclerview.widget.RecyclerView desc=null txt_len=0 pkg=com.larus.nova t_boot_ns=641849978014302
08-30 12:18:01.057 I/AnebProbe(22981): ADAPTER_EVT type=content cls=androidx.drawerlayout.widget.DrawerLayout desc=null txt_len=0 pkg=com.larus.nova t_boot_ns=641850087982531
08-30 12:18:01.158 I/AnebProbe(22981): ADAPTER_EVT type=content cls=androidx.recyclerview.widget.RecyclerView desc=null txt_len=0 pkg=com.larus.nova t_boot_ns=641850189325761
08-30 12:18:01.264 I/AnebProbe(22981): ADAPTER_EVT type=content cls=androidx.recyclerview.widget.RecyclerView desc=null txt_len=0 pkg=com.larus.nova t_boot_ns=641850295499719
08-30 12:18:01.370 I/AnebProbe(22981): ADAPTER_EVT type=content cls=androidx.recyclerview.widget.RecyclerView desc=null txt_len=0 pkg=com.larus.nova t_boot_ns=641850401412740
08-30 12:18:01.470 I/AnebProbe(22981): ADAPTER_EVT type=content cls=androidx.drawerlayout.widget.DrawerLayout desc=null txt_len=0 pkg=com.larus.nova t_boot_ns=641850501009615
08-30 12:18:41.859 I/AnebE4MARK(19727): E4MARK kind=answer_complete n=4
08-30 12:18:44.088 I/AnebProbe(22981): ADAPTER_EVT type=click cls=android.widget.ImageView desc=返回 txt_len=2 pkg=com.larus.nova t_boot_ns=641893119718983
08-30 12:18:44.089 I/AnebProbe(22981): ADAPTER_OBS pkg=com.larus.nova mode=doubao events=567 rule_matched=69 first_delta_ms=0 cadence_p50_ms=100.1 session_span_ms=203328.1 confidence=LOW/INCONCLUSIVE reason=throttle ttft_send_ms=null anchor_source=null ttft_cluster_ms=3713.1 ttft_density_ms=null
08-30 12:18:44.215 I/AnebProbe(22981): ADAPTER_EVT type=content cls=androidx.drawerlayout.widget.DrawerLayout desc=null txt_len=0 pkg=com.larus.nova t_boot_ns=641893246672108
08-30 12:18:44.329 I/AnebProbe(22981): ADAPTER_EVT type=content cls=androidx.drawerlayout.widget.DrawerLayout desc=null txt_len=0 pkg=com.larus.nova t_boot_ns=641893360658566
08-30 12:18:44.445 I/AnebProbe(22981): ADAPTER_EVT type=content cls=androidx.drawerlayout.widget.DrawerLayout desc=null txt_len=0 pkg=com.larus.nova t_boot_ns=641893476586691
08-30 12:18:44.516 I/AnebProbe(22981): ADAPTER_EVT type=content cls=androidx.drawerlayout.widget.DrawerLayout desc=null txt_len=0 pkg=com.larus.nova t_boot_ns=641893548000754
08-30 12:18:45.791 I/AnebProbe(22981): ADAPTER_EVT type=click cls=android.widget.ImageView desc=创建新对话 txt_len=5 pkg=com.larus.nova t_boot_ns=641894822615337
08-30 12:18:45.805 I/AnebProbe(22981): ADAPTER_EVT type=content cls=android.widget.FrameLayout desc=null txt_len=0 pkg=com.larus.nova t_boot_ns=641894836169504
08-30 12:18:46.011 I/AnebProbe(22981): ADAPTER_EVT type=content cls=androidx.drawerlayout.widget.DrawerLayout desc=null txt_len=0 pkg=com.larus.nova t_boot_ns=641895042386691
08-30 12:18:46.174 I/AnebProbe(22981): ADAPTER_EVT type=content cls=androidx.drawerlayout.widget.DrawerLayout desc=null txt_len=0 pkg=com.larus.nova t_boot_ns=641895205680441
08-30 12:18:46.205 I/AnebProbe(22981): ADAPTER_EVT type=content cls=androidx.drawerlayout.widget.DrawerLayout desc=null txt_len=0 pkg=com.larus.nova t_boot_ns=641895236659608
08-30 12:18:46.255 I/AnebProbe(22981): ADAPTER_EVT type=content cls=android.view.ViewGroup desc=null txt_len=0 pkg=com.larus.nova t_boot_ns=641895286527837
08-30 12:18:46.331 I/AnebProbe(22981): ADAPTER_EVT type=content cls=android.view.ViewGroup desc=null txt_len=0 pkg=com.larus.nova t_boot_ns=641895362073149
08-30 12:18:46.430 I/AnebProbe(22981): ADAPTER_EVT type=content cls=android.view.ViewGroup desc=null txt_len=0 pkg=com.larus.nova t_boot_ns=641895461571587
08-30 12:18:46.538 I/AnebProbe(22981): ADAPTER_EVT type=content cls=androidx.drawerlayout.widget.DrawerLayout desc=null txt_len=0 pkg=com.larus.nova t_boot_ns=641895569807524
08-30 12:18:46.868 I/AnebProbe(22981): ADAPTER_EVT type=content cls=androidx.recyclerview.widget.RecyclerView desc=null txt_len=0 pkg=com.larus.nova t_boot_ns=641895899758566
08-30 12:18:46.966 I/AnebProbe(22981): ADAPTER_EVT type=content cls=android.view.ViewGroup desc=null txt_len=0 pkg=com.larus.nova t_boot_ns=641895997668983
08-30 12:18:47.066 I/AnebProbe(22981): ADAPTER_EVT type=content cls=android.view.ViewGroup desc=null txt_len=0 pkg=com.larus.nova t_boot_ns=641896097616899
08-30 12:18:47.275 I/AnebProbe(22981): ADAPTER_EVT type=content cls=android.view.ViewGroup desc=null txt_len=0 pkg=com.larus.nova t_boot_ns=641896306042420
08-30 12:18:47.376 I/AnebProbe(22981): ADAPTER_EVT type=content cls=android.view.ViewGroup desc=null txt_len=0 pkg=com.larus.nova t_boot_ns=641896407164295
08-30 12:18:47.475 I/AnebProbe(22981): ADAPTER_EVT type=content cls=android.view.ViewGroup desc=null txt_len=0 pkg=com.larus.nova t_boot_ns=641896506805962
08-30 12:18:47.578 I/AnebProbe(22981): ADAPTER_EVT type=content cls=android.view.ViewGroup desc=null txt_len=0 pkg=com.larus.nova t_boot_ns=641896608243462
08-30 12:18:47.692 I/AnebProbe(22981): ADAPTER_EVT type=content cls=android.view.ViewGroup desc=null txt_len=0 pkg=com.larus.nova t_boot_ns=641896723174712
08-30 12:18:47.795 I/AnebProbe(22981): ADAPTER_EVT type=content cls=android.view.ViewGroup desc=null txt_len=0 pkg=com.larus.nova t_boot_ns=641896826291378
08-30 12:18:47.894 I/AnebProbe(22981): ADAPTER_EVT type=content cls=android.view.ViewGroup desc=null txt_len=0 pkg=com.larus.nova t_boot_ns=641896925715337
08-30 12:18:47.993 I/AnebProbe(22981): ADAPTER_EVT type=content cls=androidx.drawerlayout.widget.DrawerLayout desc=null txt_len=0 pkg=com.larus.nova t_boot_ns=641897024515337
08-30 12:18:48.095 I/AnebProbe(22981): ADAPTER_EVT type=content cls=android.view.ViewGroup desc=null txt_len=0 pkg=com.larus.nova t_boot_ns=641897126558566
08-30 12:18:48.640 I/AnebProbe(22981): ADAPTER_EVT type=content cls=android.view.ViewGroup desc=新对话，打开设置页 txt_len=0 pkg=com.larus.nova t_boot_ns=641897671825232
08-30 12:18:48.751 I/AnebProbe(22981): ADAPTER_EVT type=content cls=android.view.ViewGroup desc=null txt_len=0 pkg=com.larus.nova t_boot_ns=641897782733566
08-30 12:18:48.860 I/AnebProbe(22981): ADAPTER_EVT type=content cls=android.view.ViewGroup desc=null txt_len=0 pkg=com.larus.nova t_boot_ns=641897891096587
08-30 12:18:48.964 I/AnebProbe(22981): ADAPTER_EVT type=content cls=android.view.ViewGroup desc=null txt_len=0 pkg=com.larus.nova t_boot_ns=641897995560649
08-30 12:18:49.078 I/AnebProbe(22981): ADAPTER_EVT type=content cls=android.view.ViewGroup desc=null txt_len=0 pkg=com.larus.nova t_boot_ns=641898109863253
08-30 12:18:49.192 I/AnebProbe(22981): ADAPTER_EVT type=content cls=android.view.ViewGroup desc=null txt_len=0 pkg=com.larus.nova t_boot_ns=641898223405962
08-30 12:18:49.193 I/AnebProbe(22981): ADAPTER_OBS pkg=com.larus.nova mode=doubao events=597 rule_matched=70 first_delta_ms=0 cadence_p50_ms=100.7 session_span_ms=251050.5 confidence=LOW/INCONCLUSIVE reason=throttle ttft_send_ms=null anchor_source=null ttft_cluster_ms=3713.1 ttft_density_ms=null
08-30 12:18:49.307 I/AnebProbe(22981): ADAPTER_EVT type=content cls=android.view.ViewGroup desc=null txt_len=0 pkg=com.larus.nova t_boot_ns=641898338828357
08-30 12:18:49.411 I/AnebProbe(22981): ADAPTER_EVT type=content cls=android.view.ViewGroup desc=null txt_len=0 pkg=com.larus.nova t_boot_ns=641898442987732
08-30 12:18:49.520 I/AnebProbe(22981): ADAPTER_EVT type=content cls=android.view.ViewGroup desc=null txt_len=0 pkg=com.larus.nova t_boot_ns=641898551048670
08-30 12:18:49.626 I/AnebProbe(22981): ADAPTER_EVT type=content cls=android.view.ViewGroup desc=null txt_len=0 pkg=com.larus.nova t_boot_ns=641898657511691
08-30 12:18:49.730 I/AnebProbe(22981): ADAPTER_EVT type=content cls=android.view.ViewGroup desc=null txt_len=0 pkg=com.larus.nova t_boot_ns=641898761721066
08-30 12:18:49.842 I/AnebProbe(22981): ADAPTER_EVT type=content cls=android.view.ViewGroup desc=null txt_len=0 pkg=com.larus.nova t_boot_ns=641898873202316
08-30 12:18:49.948 I/AnebProbe(22981): ADAPTER_EVT type=content cls=android.view.ViewGroup desc=null txt_len=0 pkg=com.larus.nova t_boot_ns=641898978952316
08-30 12:18:50.011 I/AnebProbe(22981): ADAPTER_EVT type=content cls=android.view.ViewGroup desc=null txt_len=0 pkg=com.larus.nova t_boot_ns=641899041986691
08-30 12:18:50.011 I/AnebProbe(22981): ADAPTER_EVT type=content cls=android.widget.EditText desc=null txt_len=1 pkg=com.larus.nova t_boot_ns=641899042496066
08-30 12:18:50.017 I/AnebProbe(22981): ADAPTER_EVT type=content cls=android.view.ViewGroup desc=null txt_len=0 pkg=com.larus.nova t_boot_ns=641899048575753
08-30 12:18:50.072 I/AnebProbe(22981): ADAPTER_EVT type=content cls=android.view.ViewGroup desc=null txt_len=0 pkg=com.larus.nova t_boot_ns=641899103260128
08-30 12:18:50.072 I/AnebProbe(22981): ADAPTER_EVT type=content cls=android.widget.EditText desc=null txt_len=2 pkg=com.larus.nova t_boot_ns=641899103750232
08-30 12:18:50.095 I/AnebProbe(22981): ADAPTER_EVT type=content cls=android.view.ViewGroup desc=null txt_len=0 pkg=com.larus.nova t_boot_ns=641899126173670
08-30 12:18:50.096 I/AnebProbe(22981): ADAPTER_EVT type=content cls=android.widget.EditText desc=null txt_len=3 pkg=com.larus.nova t_boot_ns=641899127271586
08-30 12:18:50.121 I/AnebProbe(22981): ADAPTER_EVT type=content cls=android.view.ViewGroup desc=null txt_len=0 pkg=com.larus.nova t_boot_ns=641899152149711
08-30 12:18:50.121 I/AnebProbe(22981): ADAPTER_EVT type=content cls=android.widget.EditText desc=null txt_len=4 pkg=com.larus.nova t_boot_ns=641899152664295
08-30 12:18:50.130 I/AnebProbe(22981): ADAPTER_EVT type=content cls=android.widget.EditText desc=null txt_len=5 pkg=com.larus.nova t_boot_ns=641899161669503
08-30 12:18:50.154 I/AnebProbe(22981): ADAPTER_EVT type=content cls=android.view.ViewGroup desc=null txt_len=0 pkg=com.larus.nova t_boot_ns=641899184913774
08-30 12:18:50.154 I/AnebProbe(22981): ADAPTER_EVT type=content cls=android.widget.EditText desc=null txt_len=6 pkg=com.larus.nova t_boot_ns=641899185468982
08-30 12:18:50.162 I/AnebProbe(22981): ADAPTER_EVT type=content cls=android.widget.EditText desc=null txt_len=7 pkg=com.larus.nova t_boot_ns=641899193830961
08-30 12:18:50.188 I/AnebProbe(22981): ADAPTER_EVT type=content cls=android.view.ViewGroup desc=null txt_len=0 pkg=com.larus.nova t_boot_ns=641899218959607
08-30 12:18:50.188 I/AnebProbe(22981): ADAPTER_EVT type=content cls=android.widget.EditText desc=null txt_len=8 pkg=com.larus.nova t_boot_ns=641899219508045
08-30 12:18:50.207 I/AnebProbe(22981): ADAPTER_EVT type=content cls=android.view.ViewGroup desc=null txt_len=0 pkg=com.larus.nova t_boot_ns=641899238740336
08-30 12:18:50.208 I/AnebProbe(22981): ADAPTER_EVT type=content cls=android.widget.EditText desc=null txt_len=9 pkg=com.larus.nova t_boot_ns=641899239243461
08-30 12:18:50.236 I/AnebProbe(22981): ADAPTER_EVT type=content cls=android.view.ViewGroup desc=null txt_len=0 pkg=com.larus.nova t_boot_ns=641899267657003
08-30 12:18:50.237 I/AnebProbe(22981): ADAPTER_EVT type=content cls=android.widget.EditText desc=null txt_len=10 pkg=com.larus.nova t_boot_ns=641899268106482
08-30 12:18:50.257 I/AnebProbe(22981): ADAPTER_EVT type=content cls=android.view.ViewGroup desc=null txt_len=0 pkg=com.larus.nova t_boot_ns=641899288278878
08-30 12:18:50.257 I/AnebProbe(22981): ADAPTER_EVT type=content cls=android.widget.EditText desc=null txt_len=11 pkg=com.larus.nova t_boot_ns=641899288861170
08-30 12:18:50.279 I/AnebProbe(22981): ADAPTER_EVT type=content cls=android.view.ViewGroup desc=null txt_len=0 pkg=com.larus.nova t_boot_ns=641899310047628
08-30 12:18:50.279 I/AnebProbe(22981): ADAPTER_EVT type=content cls=android.widget.EditText desc=null txt_len=12 pkg=com.larus.nova t_boot_ns=641899310530961
08-30 12:18:50.302 I/AnebProbe(22981): ADAPTER_EVT type=content cls=android.view.ViewGroup desc=null txt_len=0 pkg=com.larus.nova t_boot_ns=641899333041899
08-30 12:18:50.302 I/AnebProbe(22981): ADAPTER_EVT type=content cls=android.widget.EditText desc=null txt_len=13 pkg=com.larus.nova t_boot_ns=641899333645024
08-30 12:18:50.311 I/AnebProbe(22981): ADAPTER_EVT type=content cls=android.widget.EditText desc=null txt_len=14 pkg=com.larus.nova t_boot_ns=641899342207524
08-30 12:18:50.335 I/AnebProbe(22981): ADAPTER_EVT type=content cls=android.view.ViewGroup desc=null txt_len=0 pkg=com.larus.nova t_boot_ns=641899366254399
08-30 12:18:50.335 I/AnebProbe(22981): ADAPTER_EVT type=content cls=android.widget.EditText desc=null txt_len=15 pkg=com.larus.nova t_boot_ns=641899366715336
08-30 12:18:50.343 I/AnebProbe(22981): ADAPTER_EVT type=content cls=android.widget.EditText desc=null txt_len=16 pkg=com.larus.nova t_boot_ns=641899374547107
08-30 12:18:50.368 I/AnebProbe(22981): ADAPTER_EVT type=content cls=android.view.ViewGroup desc=null txt_len=0 pkg=com.larus.nova t_boot_ns=641899399355441
08-30 12:18:50.368 I/AnebProbe(22981): ADAPTER_EVT type=content cls=android.widget.EditText desc=null txt_len=17 pkg=com.larus.nova t_boot_ns=641899399810649
08-30 12:18:50.376 I/AnebProbe(22981): ADAPTER_EVT type=content cls=android.widget.EditText desc=null txt_len=18 pkg=com.larus.nova t_boot_ns=641899407690857
08-30 12:18:50.401 I/AnebProbe(22981): ADAPTER_EVT type=content cls=android.view.ViewGroup desc=null txt_len=0 pkg=com.larus.nova t_boot_ns=641899432714295
08-30 12:18:50.402 I/AnebProbe(22981): ADAPTER_EVT type=content cls=android.widget.EditText desc=null txt_len=19 pkg=com.larus.nova t_boot_ns=641899433377316
08-30 12:18:50.412 I/AnebProbe(22981): ADAPTER_EVT type=content cls=android.widget.EditText desc=null txt_len=20 pkg=com.larus.nova t_boot_ns=641899443198149
08-30 12:18:50.436 I/AnebProbe(22981): ADAPTER_EVT type=content cls=android.view.ViewGroup desc=null txt_len=0 pkg=com.larus.nova t_boot_ns=641899467257003
08-30 12:18:50.436 I/AnebProbe(22981): ADAPTER_EVT type=content cls=android.widget.EditText desc=null txt_len=21 pkg=com.larus.nova t_boot_ns=641899467765336
08-30 12:18:50.463 I/AnebProbe(22981): ADAPTER_EVT type=content cls=android.view.ViewGroup desc=null txt_len=0 pkg=com.larus.nova t_boot_ns=641899494654399
08-30 12:18:50.464 I/AnebProbe(22981): ADAPTER_EVT type=content cls=android.widget.EditText desc=null txt_len=22 pkg=com.larus.nova t_boot_ns=641899495153878
08-30 12:18:50.485 I/AnebProbe(22981): ADAPTER_EVT type=content cls=android.view.ViewGroup desc=null txt_len=0 pkg=com.larus.nova t_boot_ns=641899516065336
08-30 12:18:50.486 I/AnebProbe(22981): ADAPTER_EVT type=content cls=android.widget.EditText desc=null txt_len=23 pkg=com.larus.nova t_boot_ns=641899516767941
08-30 12:18:50.507 I/AnebProbe(22981): ADAPTER_EVT type=content cls=android.view.ViewGroup desc=null txt_len=0 pkg=com.larus.nova t_boot_ns=641899537965857
08-30 12:18:50.507 I/AnebProbe(22981): ADAPTER_EVT type=content cls=android.widget.EditText desc=null txt_len=24 pkg=com.larus.nova t_boot_ns=641899538510128
08-30 12:18:50.533 I/AnebProbe(22981): ADAPTER_EVT type=content cls=android.view.ViewGroup desc=null txt_len=0 pkg=com.larus.nova t_boot_ns=641899564701795
08-30 12:18:50.534 I/AnebProbe(22981): ADAPTER_EVT type=content cls=android.widget.EditText desc=null txt_len=25 pkg=com.larus.nova t_boot_ns=641899565314295
08-30 12:18:50.556 I/AnebProbe(22981): ADAPTER_EVT type=content cls=android.view.ViewGroup desc=null txt_len=0 pkg=com.larus.nova t_boot_ns=641899587755440
08-30 12:18:50.557 I/AnebProbe(22981): ADAPTER_EVT type=content cls=android.widget.EditText desc=null txt_len=26 pkg=com.larus.nova t_boot_ns=641899588230961
08-30 12:18:50.669 I/AnebProbe(22981): ADAPTER_EVT type=content cls=android.view.ViewGroup desc=null txt_len=0 pkg=com.larus.nova t_boot_ns=641899700376795
08-30 12:18:50.775 I/AnebProbe(22981): ADAPTER_EVT type=content cls=android.view.ViewGroup desc=null txt_len=0 pkg=com.larus.nova t_boot_ns=641899805603357
08-30 12:18:50.885 I/AnebProbe(22981): ADAPTER_EVT type=content cls=android.view.ViewGroup desc=null txt_len=0 pkg=com.larus.nova t_boot_ns=641899915970024
08-30 12:18:51.000 I/AnebProbe(22981): ADAPTER_EVT type=content cls=android.view.ViewGroup desc=null txt_len=0 pkg=com.larus.nova t_boot_ns=641900031105961
08-30 12:18:51.117 I/AnebProbe(22981): ADAPTER_EVT type=content cls=android.view.ViewGroup desc=null txt_len=0 pkg=com.larus.nova t_boot_ns=641900148726274
08-30 12:18:51.223 I/AnebProbe(22981): ADAPTER_EVT type=content cls=android.view.ViewGroup desc=null txt_len=0 pkg=com.larus.nova t_boot_ns=641900253100232
08-30 12:18:51.332 I/AnebProbe(22981): ADAPTER_EVT type=content cls=android.view.ViewGroup desc=null txt_len=0 pkg=com.larus.nova t_boot_ns=641900363550753
08-30 12:18:51.433 I/AnebProbe(22981): ADAPTER_EVT type=content cls=android.view.ViewGroup desc=null txt_len=0 pkg=com.larus.nova t_boot_ns=641900463975753
08-30 12:18:51.553 I/AnebProbe(22981): ADAPTER_EVT type=content cls=android.view.ViewGroup desc=null txt_len=0 pkg=com.larus.nova t_boot_ns=641900584259607
08-30 12:18:51.664 I/AnebProbe(22981): ADAPTER_EVT type=content cls=android.view.ViewGroup desc=null txt_len=0 pkg=com.larus.nova t_boot_ns=641900695895544
08-30 12:18:51.770 I/AnebProbe(22981): ADAPTER_EVT type=content cls=android.view.ViewGroup desc=null txt_len=0 pkg=com.larus.nova t_boot_ns=641900800907524
08-30 12:18:51.881 I/AnebProbe(22981): ADAPTER_EVT type=content cls=android.view.ViewGroup desc=null txt_len=0 pkg=com.larus.nova t_boot_ns=641900912314294
08-30 12:18:51.996 I/AnebProbe(22981): ADAPTER_EVT type=content cls=android.view.ViewGroup desc=null txt_len=0 pkg=com.larus.nova t_boot_ns=641901026960649
08-30 12:18:52.100 I/AnebProbe(22981): ADAPTER_EVT type=content cls=android.view.ViewGroup desc=null txt_len=0 pkg=com.larus.nova t_boot_ns=641901131555440
08-30 12:18:52.215 I/AnebProbe(22981): ADAPTER_EVT type=content cls=android.view.ViewGroup desc=null txt_len=0 pkg=com.larus.nova t_boot_ns=641901246342419
08-30 12:18:52.316 I/AnebProbe(22981): ADAPTER_EVT type=content cls=android.view.ViewGroup desc=null txt_len=0 pkg=com.larus.nova t_boot_ns=641901347037211
08-30 12:18:52.425 I/AnebProbe(22981): ADAPTER_EVT type=content cls=android.view.ViewGroup desc=null txt_len=0 pkg=com.larus.nova t_boot_ns=641901456132524
08-30 12:18:52.544 I/AnebProbe(22981): ADAPTER_EVT type=content cls=android.view.ViewGroup desc=null txt_len=0 pkg=com.larus.nova t_boot_ns=641901575307003
08-30 12:18:52.553 I/AnebE4MARK(19799): E4MARK kind=turn_start n=5
08-30 12:18:52.682 I/AnebProbe(22981): ADAPTER_EVT type=content cls=android.view.ViewGroup desc=null txt_len=0 pkg=com.larus.nova t_boot_ns=641901713696586
08-30 12:18:52.711 I/AnebProbe(22981): ADAPTER_EVT type=content cls=android.view.ViewGroup desc=null txt_len=0 pkg=com.larus.nova t_boot_ns=641901742532523
08-30 12:18:52.809 I/AnebProbe(22981): ADAPTER_EVT type=content cls=android.view.ViewGroup desc=null txt_len=0 pkg=com.larus.nova t_boot_ns=641901840587732
08-30 12:18:53.114 I/AnebProbe(22981): ADAPTER_EVT type=content cls=androidx.drawerlayout.widget.DrawerLayout desc=null txt_len=0 pkg=com.larus.nova t_boot_ns=641902145687211
08-30 12:18:53.213 I/AnebProbe(22981): ADAPTER_EVT type=content cls=androidx.drawerlayout.widget.DrawerLayout desc=null txt_len=0 pkg=com.larus.nova t_boot_ns=641902244507523
08-30 12:18:53.385 I/AnebProbe(22981): ADAPTER_EVT type=content cls=androidx.drawerlayout.widget.DrawerLayout desc=null txt_len=0 pkg=com.larus.nova t_boot_ns=641902416701794
08-30 12:18:53.485 I/AnebProbe(22981): ADAPTER_EVT type=content cls=androidx.recyclerview.widget.RecyclerView desc=null txt_len=0 pkg=com.larus.nova t_boot_ns=641902517033044
08-30 12:18:53.613 I/AnebProbe(22981): ADAPTER_EVT type=content cls=androidx.drawerlayout.widget.DrawerLayout desc=null txt_len=0 pkg=com.larus.nova t_boot_ns=641902644020544
08-30 12:18:53.713 I/AnebProbe(22981): ADAPTER_EVT type=content cls=androidx.drawerlayout.widget.DrawerLayout desc=null txt_len=0 pkg=com.larus.nova t_boot_ns=641902744067940
08-30 12:18:53.978 I/AnebProbe(22981): ADAPTER_EVT type=content cls=androidx.drawerlayout.widget.DrawerLayout desc=null txt_len=0 pkg=com.larus.nova t_boot_ns=641903009067419
08-30 12:18:54.078 I/AnebProbe(22981): ADAPTER_EVT type=content cls=androidx.drawerlayout.widget.DrawerLayout desc=null txt_len=0 pkg=com.larus.nova t_boot_ns=641903109534086
08-30 12:18:54.235 I/AnebProbe(22981): ADAPTER_EVT type=content cls=androidx.recyclerview.widget.RecyclerView desc=null txt_len=0 pkg=com.larus.nova t_boot_ns=641903265929398
08-30 12:18:54.236 I/AnebProbe(22981): ADAPTER_OBS pkg=com.larus.nova mode=doubao events=681 rule_matched=72 first_delta_ms=0 cadence_p50_ms=100.0 session_span_ms=256093.1 confidence=LOW/INCONCLUSIVE reason=throttle ttft_send_ms=null anchor_source=null ttft_cluster_ms=null ttft_density_ms=null
08-30 12:18:54.329 I/AnebProbe(22981): ADAPTER_EVT type=content cls=androidx.recyclerview.widget.RecyclerView desc=null txt_len=0 pkg=com.larus.nova t_boot_ns=641903360443461
08-30 12:18:54.489 I/AnebProbe(22981): ADAPTER_EVT type=content cls=androidx.recyclerview.widget.RecyclerView desc=null txt_len=0 pkg=com.larus.nova t_boot_ns=641903520342940
08-30 12:18:54.563 I/AnebProbe(22981): ADAPTER_EVT type=content cls=androidx.recyclerview.widget.RecyclerView desc=null txt_len=0 pkg=com.larus.nova t_boot_ns=641903593849190
08-30 12:18:54.592 I/AnebProbe(22981): ADAPTER_EVT type=content cls=androidx.recyclerview.widget.RecyclerView desc=null txt_len=0 pkg=com.larus.nova t_boot_ns=641903622949711
08-30 12:18:54.693 I/AnebProbe(22981): ADAPTER_EVT type=content cls=androidx.recyclerview.widget.RecyclerView desc=null txt_len=0 pkg=com.larus.nova t_boot_ns=641903723787732
08-30 12:18:54.838 I/AnebProbe(22981): ADAPTER_EVT type=content cls=androidx.drawerlayout.widget.DrawerLayout desc=null txt_len=0 pkg=com.larus.nova t_boot_ns=641903868930961
08-30 12:18:54.938 I/AnebProbe(22981): ADAPTER_EVT type=content cls=androidx.drawerlayout.widget.DrawerLayout desc=null txt_len=0 pkg=com.larus.nova t_boot_ns=641903969750752
08-30 12:18:55.051 I/AnebProbe(22981): ADAPTER_EVT type=content cls=androidx.recyclerview.widget.RecyclerView desc=null txt_len=0 pkg=com.larus.nova t_boot_ns=641904082083044
08-30 12:18:55.160 I/AnebProbe(22981): ADAPTER_EVT type=content cls=androidx.recyclerview.widget.RecyclerView desc=null txt_len=0 pkg=com.larus.nova t_boot_ns=641904191010127
08-30 12:18:55.288 I/AnebProbe(22981): ADAPTER_EVT type=content cls=androidx.drawerlayout.widget.DrawerLayout desc=null txt_len=0 pkg=com.larus.nova t_boot_ns=641904319139815
08-30 12:18:55.387 I/AnebProbe(22981): ADAPTER_EVT type=content cls=androidx.recyclerview.widget.RecyclerView desc=null txt_len=0 pkg=com.larus.nova t_boot_ns=641904418674711
08-30 12:18:55.494 I/AnebProbe(22981): ADAPTER_EVT type=content cls=androidx.recyclerview.widget.RecyclerView desc=null txt_len=0 pkg=com.larus.nova t_boot_ns=641904525720544
08-30 12:18:55.615 I/AnebProbe(22981): ADAPTER_EVT type=content cls=androidx.recyclerview.widget.RecyclerView desc=null txt_len=0 pkg=com.larus.nova t_boot_ns=641904645989815
08-30 12:18:55.715 I/AnebProbe(22981): ADAPTER_EVT type=content cls=androidx.recyclerview.widget.RecyclerView desc=null txt_len=0 pkg=com.larus.nova t_boot_ns=641904745453877
08-30 12:18:55.831 I/AnebProbe(22981): ADAPTER_EVT type=content cls=androidx.recyclerview.widget.RecyclerView desc=null txt_len=0 pkg=com.larus.nova t_boot_ns=641904860803356
08-30 12:18:55.942 I/AnebProbe(22981): ADAPTER_EVT type=content cls=androidx.recyclerview.widget.RecyclerView desc=null txt_len=0 pkg=com.larus.nova t_boot_ns=641904973435127
08-30 12:18:56.044 I/AnebProbe(22981): ADAPTER_EVT type=content cls=androidx.recyclerview.widget.RecyclerView desc=null txt_len=0 pkg=com.larus.nova t_boot_ns=641905075496065
08-30 12:18:56.159 I/AnebProbe(22981): ADAPTER_EVT type=content cls=androidx.recyclerview.widget.RecyclerView desc=null txt_len=0 pkg=com.larus.nova t_boot_ns=641905190375752
08-30 12:18:56.260 I/AnebProbe(22981): ADAPTER_EVT type=content cls=androidx.recyclerview.widget.RecyclerView desc=null txt_len=0 pkg=com.larus.nova t_boot_ns=641905291415856
08-30 12:18:56.360 I/AnebProbe(22981): ADAPTER_EVT type=content cls=androidx.recyclerview.widget.RecyclerView desc=null txt_len=0 pkg=com.larus.nova t_boot_ns=641905391280960
08-30 12:18:56.462 I/AnebProbe(22981): ADAPTER_EVT type=content cls=androidx.recyclerview.widget.RecyclerView desc=null txt_len=0 pkg=com.larus.nova t_boot_ns=641905493270023
08-30 12:18:56.625 I/AnebProbe(22981): ADAPTER_EVT type=content cls=androidx.recyclerview.widget.RecyclerView desc=null txt_len=0 pkg=com.larus.nova t_boot_ns=641905656736690
08-30 12:18:56.690 I/AnebProbe(22981): ADAPTER_EVT type=content cls=androidx.recyclerview.widget.RecyclerView desc=null txt_len=0 pkg=com.larus.nova t_boot_ns=641905721269502
08-30 12:18:56.844 I/AnebProbe(22981): ADAPTER_EVT type=content cls=androidx.drawerlayout.widget.DrawerLayout desc=null txt_len=0 pkg=com.larus.nova t_boot_ns=641905875305440
08-30 12:18:56.944 I/AnebProbe(22981): ADAPTER_EVT type=content cls=androidx.drawerlayout.widget.DrawerLayout desc=null txt_len=0 pkg=com.larus.nova t_boot_ns=641905975295544
08-30 12:18:57.325 I/AnebProbe(22981): ADAPTER_EVT type=content cls=androidx.drawerlayout.widget.DrawerLayout desc=null txt_len=0 pkg=com.larus.nova t_boot_ns=641906356633564
08-30 12:18:57.426 I/AnebProbe(22981): ADAPTER_EVT type=content cls=androidx.drawerlayout.widget.DrawerLayout desc=null txt_len=0 pkg=com.larus.nova t_boot_ns=641906457024710
08-30 12:19:37.750 I/AnebE4MARK(19952): E4MARK kind=answer_complete n=5
08-30 12:19:39.996 I/AnebProbe(22981): ADAPTER_EVT type=click cls=android.widget.ImageView desc=返回 txt_len=2 pkg=com.larus.nova t_boot_ns=641949027830954
08-30 12:19:39.997 I/AnebProbe(22981): ADAPTER_OBS pkg=com.larus.nova mode=doubao events=708 rule_matched=92 first_delta_ms=0 cadence_p50_ms=100.0 session_span_ms=259284.1 confidence=LOW/INCONCLUSIVE reason=throttle ttft_send_ms=null anchor_source=null ttft_cluster_ms=null ttft_density_ms=null
08-30 12:19:40.128 I/AnebProbe(22981): ADAPTER_EVT type=content cls=androidx.drawerlayout.widget.DrawerLayout desc=null txt_len=0 pkg=com.larus.nova t_boot_ns=641949159375745
08-30 12:19:40.244 I/AnebProbe(22981): ADAPTER_EVT type=content cls=androidx.drawerlayout.widget.DrawerLayout desc=null txt_len=0 pkg=com.larus.nova t_boot_ns=641949275315329
08-30 12:19:40.360 I/AnebProbe(22981): ADAPTER_EVT type=content cls=androidx.drawerlayout.widget.DrawerLayout desc=null txt_len=0 pkg=com.larus.nova t_boot_ns=641949391204391
08-30 12:19:40.432 I/AnebProbe(22981): ADAPTER_EVT type=content cls=androidx.drawerlayout.widget.DrawerLayout desc=null txt_len=0 pkg=com.larus.nova t_boot_ns=641949463405433
08-30 12:19:41.699 I/AnebProbe(22981): ADAPTER_EVT type=click cls=android.widget.ImageView desc=创建新对话 txt_len=5 pkg=com.larus.nova t_boot_ns=641950730497620
08-30 12:19:41.710 I/AnebProbe(22981): ADAPTER_EVT type=content cls=android.widget.FrameLayout desc=null txt_len=0 pkg=com.larus.nova t_boot_ns=641950740706995
08-30 12:19:41.911 I/AnebProbe(22981): ADAPTER_EVT type=content cls=androidx.drawerlayout.widget.DrawerLayout desc=null txt_len=0 pkg=com.larus.nova t_boot_ns=641950942903870
08-30 12:19:42.063 I/AnebProbe(22981): ADAPTER_EVT type=content cls=androidx.drawerlayout.widget.DrawerLayout desc=null txt_len=0 pkg=com.larus.nova t_boot_ns=641951094486162
08-30 12:19:42.116 I/AnebProbe(22981): ADAPTER_EVT type=content cls=androidx.drawerlayout.widget.DrawerLayout desc=null txt_len=0 pkg=com.larus.nova t_boot_ns=641951147405953
08-30 12:19:42.137 I/AnebProbe(22981): ADAPTER_EVT type=content cls=android.view.ViewGroup desc=null txt_len=0 pkg=com.larus.nova t_boot_ns=641951168137203
08-30 12:19:42.212 I/AnebProbe(22981): ADAPTER_EVT type=content cls=android.view.ViewGroup desc=null txt_len=0 pkg=com.larus.nova t_boot_ns=641951243324183
08-30 12:19:42.312 I/AnebProbe(22981): ADAPTER_EVT type=content cls=android.view.ViewGroup desc=null txt_len=0 pkg=com.larus.nova t_boot_ns=641951343406474
08-30 12:19:42.428 I/AnebProbe(22981): ADAPTER_EVT type=content cls=androidx.drawerlayout.widget.DrawerLayout desc=null txt_len=0 pkg=com.larus.nova t_boot_ns=641951459450745
08-30 12:19:42.852 I/AnebProbe(22981): ADAPTER_EVT type=content cls=androidx.recyclerview.widget.RecyclerView desc=null txt_len=0 pkg=com.larus.nova t_boot_ns=641951883417933
08-30 12:19:42.970 I/AnebProbe(22981): ADAPTER_EVT type=content cls=android.view.ViewGroup desc=null txt_len=0 pkg=com.larus.nova t_boot_ns=641952000989287
08-30 12:19:43.081 I/AnebProbe(22981): ADAPTER_EVT type=content cls=android.view.ViewGroup desc=null txt_len=0 pkg=com.larus.nova t_boot_ns=641952112036682
08-30 12:19:43.181 I/AnebProbe(22981): ADAPTER_EVT type=content cls=android.view.ViewGroup desc=null txt_len=0 pkg=com.larus.nova t_boot_ns=641952212188766
08-30 12:19:43.279 I/AnebProbe(22981): ADAPTER_EVT type=content cls=android.view.ViewGroup desc=null txt_len=0 pkg=com.larus.nova t_boot_ns=641952310801787
08-30 12:19:43.398 I/AnebProbe(22981): ADAPTER_EVT type=content cls=android.view.ViewGroup desc=null txt_len=0 pkg=com.larus.nova t_boot_ns=641952429873662
08-30 12:19:43.525 I/AnebProbe(22981): ADAPTER_EVT type=content cls=androidx.drawerlayout.widget.DrawerLayout desc=null txt_len=0 pkg=com.larus.nova t_boot_ns=641952556729391
08-30 12:19:43.626 I/AnebProbe(22981): ADAPTER_EVT type=content cls=androidx.drawerlayout.widget.DrawerLayout desc=null txt_len=0 pkg=com.larus.nova t_boot_ns=641952657726787
08-30 12:19:43.727 I/AnebProbe(22981): ADAPTER_EVT type=content cls=android.view.ViewGroup desc=null txt_len=0 pkg=com.larus.nova t_boot_ns=641952758185120
08-30 12:19:43.827 I/AnebProbe(22981): ADAPTER_EVT type=content cls=android.view.ViewGroup desc=null txt_len=0 pkg=com.larus.nova t_boot_ns=641952858561682
08-30 12:19:43.953 I/AnebProbe(22981): ADAPTER_EVT type=content cls=android.view.ViewGroup desc=null txt_len=0 pkg=com.larus.nova t_boot_ns=641952984233037
08-30 12:19:44.575 I/AnebProbe(22981): ADAPTER_EVT type=content cls=android.view.ViewGroup desc=新对话，打开设置页 txt_len=0 pkg=com.larus.nova t_boot_ns=641953606082516
08-30 12:19:44.677 I/AnebProbe(22981): ADAPTER_EVT type=content cls=android.view.ViewGroup desc=null txt_len=0 pkg=com.larus.nova t_boot_ns=641953708510120
08-30 12:19:44.778 I/AnebProbe(22981): ADAPTER_EVT type=content cls=android.view.ViewGroup desc=null txt_len=0 pkg=com.larus.nova t_boot_ns=641953809996578
08-30 12:19:44.880 I/AnebProbe(22981): ADAPTER_EVT type=content cls=android.view.ViewGroup desc=null txt_len=0 pkg=com.larus.nova t_boot_ns=641953911150745
08-30 12:19:44.990 I/AnebProbe(22981): ADAPTER_EVT type=content cls=android.view.ViewGroup desc=null txt_len=0 pkg=com.larus.nova t_boot_ns=641954021451786
08-30 12:19:45.105 I/AnebProbe(22981): ADAPTER_EVT type=content cls=android.view.ViewGroup desc=null txt_len=0 pkg=com.larus.nova t_boot_ns=641954136224182
08-30 12:19:45.105 I/AnebProbe(22981): ADAPTER_OBS pkg=com.larus.nova mode=doubao events=737 rule_matched=93 first_delta_ms=0 cadence_p50_ms=100.7 session_span_ms=306963.3 confidence=LOW/INCONCLUSIVE reason=throttle ttft_send_ms=null anchor_source=null ttft_cluster_ms=null ttft_density_ms=null
08-30 12:19:45.205 I/AnebProbe(22981): ADAPTER_EVT type=content cls=android.view.ViewGroup desc=null txt_len=0 pkg=com.larus.nova t_boot_ns=641954236893974
08-30 12:19:45.316 I/AnebProbe(22981): ADAPTER_EVT type=content cls=android.view.ViewGroup desc=null txt_len=0 pkg=com.larus.nova t_boot_ns=641954347833557
08-30 12:19:45.421 I/AnebProbe(22981): ADAPTER_EVT type=content cls=android.view.ViewGroup desc=null txt_len=0 pkg=com.larus.nova t_boot_ns=641954452396578
08-30 12:19:45.525 I/AnebProbe(22981): ADAPTER_EVT type=content cls=android.view.ViewGroup desc=null txt_len=0 pkg=com.larus.nova t_boot_ns=641954555878349
08-30 12:19:45.629 I/AnebProbe(22981): ADAPTER_EVT type=content cls=android.view.ViewGroup desc=null txt_len=0 pkg=com.larus.nova t_boot_ns=641954660219495
08-30 12:19:45.746 I/AnebProbe(22981): ADAPTER_EVT type=content cls=android.view.ViewGroup desc=null txt_len=0 pkg=com.larus.nova t_boot_ns=641954777221578
08-30 12:19:45.856 I/AnebProbe(22981): ADAPTER_EVT type=content cls=android.view.ViewGroup desc=null txt_len=0 pkg=com.larus.nova t_boot_ns=641954887675745
08-30 12:19:45.927 I/AnebProbe(22981): ADAPTER_EVT type=content cls=android.view.ViewGroup desc=null txt_len=0 pkg=com.larus.nova t_boot_ns=641954958400224
08-30 12:19:45.928 I/AnebProbe(22981): ADAPTER_EVT type=content cls=android.widget.EditText desc=null txt_len=1 pkg=com.larus.nova t_boot_ns=641954958860120
08-30 12:19:45.934 I/AnebProbe(22981): ADAPTER_EVT type=content cls=android.view.ViewGroup desc=null txt_len=0 pkg=com.larus.nova t_boot_ns=641954965286161
08-30 12:19:45.978 I/AnebProbe(22981): ADAPTER_EVT type=content cls=android.view.ViewGroup desc=null txt_len=0 pkg=com.larus.nova t_boot_ns=641955009280432
08-30 12:19:45.979 I/AnebProbe(22981): ADAPTER_EVT type=content cls=android.widget.EditText desc=null txt_len=2 pkg=com.larus.nova t_boot_ns=641955009982515
08-30 12:19:46.002 I/AnebProbe(22981): ADAPTER_EVT type=content cls=android.view.ViewGroup desc=null txt_len=0 pkg=com.larus.nova t_boot_ns=641955032950224
08-30 12:19:46.002 I/AnebProbe(22981): ADAPTER_EVT type=content cls=android.widget.EditText desc=null txt_len=3 pkg=com.larus.nova t_boot_ns=641955033383036
08-30 12:19:46.009 I/AnebProbe(22981): ADAPTER_EVT type=content cls=android.widget.EditText desc=null txt_len=4 pkg=com.larus.nova t_boot_ns=641955040358036
08-30 12:19:46.036 I/AnebProbe(22981): ADAPTER_EVT type=content cls=android.view.ViewGroup desc=null txt_len=0 pkg=com.larus.nova t_boot_ns=641955067811161
08-30 12:19:46.037 I/AnebProbe(22981): ADAPTER_EVT type=content cls=android.widget.EditText desc=null txt_len=5 pkg=com.larus.nova t_boot_ns=641955068290328
08-30 12:19:46.044 I/AnebProbe(22981): ADAPTER_EVT type=content cls=android.widget.EditText desc=null txt_len=6 pkg=com.larus.nova t_boot_ns=641955075417932
08-30 12:19:46.068 I/AnebProbe(22981): ADAPTER_EVT type=content cls=android.view.ViewGroup desc=null txt_len=0 pkg=com.larus.nova t_boot_ns=641955099258557
08-30 12:19:46.068 I/AnebProbe(22981): ADAPTER_EVT type=content cls=android.widget.EditText desc=null txt_len=7 pkg=com.larus.nova t_boot_ns=641955099696057
08-30 12:19:46.076 I/AnebProbe(22981): ADAPTER_EVT type=content cls=android.widget.EditText desc=null txt_len=8 pkg=com.larus.nova t_boot_ns=641955107484599
08-30 12:19:46.094 I/AnebProbe(22981): ADAPTER_EVT type=content cls=android.view.ViewGroup desc=null txt_len=0 pkg=com.larus.nova t_boot_ns=641955125755432
08-30 12:19:46.096 I/AnebProbe(22981): ADAPTER_EVT type=content cls=android.widget.EditText desc=null txt_len=9 pkg=com.larus.nova t_boot_ns=641955126852307
08-30 12:19:46.121 I/AnebProbe(22981): ADAPTER_EVT type=content cls=android.view.ViewGroup desc=null txt_len=0 pkg=com.larus.nova t_boot_ns=641955152685120
08-30 12:19:46.122 I/AnebProbe(22981): ADAPTER_EVT type=content cls=android.widget.EditText desc=null txt_len=10 pkg=com.larus.nova t_boot_ns=641955153249703
08-30 12:19:46.152 I/AnebProbe(22981): ADAPTER_EVT type=content cls=android.view.ViewGroup desc=null txt_len=0 pkg=com.larus.nova t_boot_ns=641955183611161
08-30 12:19:46.153 I/AnebProbe(22981): ADAPTER_EVT type=content cls=android.widget.EditText desc=null txt_len=11 pkg=com.larus.nova t_boot_ns=641955184148140
08-30 12:19:46.176 I/AnebProbe(22981): ADAPTER_EVT type=content cls=android.view.ViewGroup desc=null txt_len=0 pkg=com.larus.nova t_boot_ns=641955206874703
08-30 12:19:46.176 I/AnebProbe(22981): ADAPTER_EVT type=content cls=android.widget.EditText desc=null txt_len=12 pkg=com.larus.nova t_boot_ns=641955207695015
08-30 12:19:46.202 I/AnebProbe(22981): ADAPTER_EVT type=content cls=android.view.ViewGroup desc=null txt_len=0 pkg=com.larus.nova t_boot_ns=641955232908557
08-30 12:19:46.202 I/AnebProbe(22981): ADAPTER_EVT type=content cls=android.widget.EditText desc=null txt_len=13 pkg=com.larus.nova t_boot_ns=641955233674182
08-30 12:19:46.224 I/AnebProbe(22981): ADAPTER_EVT type=content cls=android.view.ViewGroup desc=null txt_len=0 pkg=com.larus.nova t_boot_ns=641955255408557
08-30 12:19:46.225 I/AnebProbe(22981): ADAPTER_EVT type=content cls=android.widget.EditText desc=null txt_len=14 pkg=com.larus.nova t_boot_ns=641955256255953
08-30 12:19:46.244 I/AnebProbe(22981): ADAPTER_EVT type=content cls=android.view.ViewGroup desc=null txt_len=0 pkg=com.larus.nova t_boot_ns=641955275383557
08-30 12:19:46.248 I/AnebProbe(22981): ADAPTER_EVT type=content cls=android.widget.EditText desc=null txt_len=15 pkg=com.larus.nova t_boot_ns=641955279450744
08-30 12:19:46.267 I/AnebProbe(22981): ADAPTER_EVT type=content cls=android.view.ViewGroup desc=null txt_len=0 pkg=com.larus.nova t_boot_ns=641955298373661
08-30 12:19:46.267 I/AnebProbe(22981): ADAPTER_EVT type=content cls=android.widget.EditText desc=null txt_len=16 pkg=com.larus.nova t_boot_ns=641955298822619
08-30 12:19:46.276 I/AnebProbe(22981): ADAPTER_EVT type=content cls=android.widget.EditText desc=null txt_len=17 pkg=com.larus.nova t_boot_ns=641955307559599
08-30 12:19:46.294 I/AnebProbe(22981): ADAPTER_EVT type=content cls=android.view.ViewGroup desc=null txt_len=0 pkg=com.larus.nova t_boot_ns=641955325410640
08-30 12:19:46.295 I/AnebProbe(22981): ADAPTER_EVT type=content cls=android.widget.EditText desc=null txt_len=18 pkg=com.larus.nova t_boot_ns=641955326078869
08-30 12:19:46.317 I/AnebProbe(22981): ADAPTER_EVT type=content cls=android.view.ViewGroup desc=null txt_len=0 pkg=com.larus.nova t_boot_ns=641955348042411
08-30 12:19:46.317 I/AnebProbe(22981): ADAPTER_EVT type=content cls=android.widget.EditText desc=null txt_len=19 pkg=com.larus.nova t_boot_ns=641955348490328
08-30 12:19:46.327 I/AnebProbe(22981): ADAPTER_EVT type=content cls=android.widget.EditText desc=null txt_len=20 pkg=com.larus.nova t_boot_ns=641955358137203
08-30 12:19:46.350 I/AnebProbe(22981): ADAPTER_EVT type=content cls=android.view.ViewGroup desc=null txt_len=0 pkg=com.larus.nova t_boot_ns=641955381718974
08-30 12:19:46.351 I/AnebProbe(22981): ADAPTER_EVT type=content cls=android.widget.EditText desc=null txt_len=21 pkg=com.larus.nova t_boot_ns=641955382177307
08-30 12:19:46.360 I/AnebProbe(22981): ADAPTER_EVT type=content cls=android.widget.EditText desc=null txt_len=22 pkg=com.larus.nova t_boot_ns=641955391608557
08-30 12:19:46.383 I/AnebProbe(22981): ADAPTER_EVT type=content cls=android.view.ViewGroup desc=null txt_len=0 pkg=com.larus.nova t_boot_ns=641955414820536
08-30 12:19:46.384 I/AnebProbe(22981): ADAPTER_EVT type=content cls=android.widget.EditText desc=null txt_len=23 pkg=com.larus.nova t_boot_ns=641955415301265
08-30 12:19:46.393 I/AnebProbe(22981): ADAPTER_EVT type=content cls=android.widget.EditText desc=null txt_len=24 pkg=com.larus.nova t_boot_ns=641955424439807
08-30 12:19:46.417 I/AnebProbe(22981): ADAPTER_EVT type=content cls=android.view.ViewGroup desc=null txt_len=0 pkg=com.larus.nova t_boot_ns=641955448025224
08-30 12:19:46.417 I/AnebProbe(22981): ADAPTER_EVT type=content cls=android.widget.EditText desc=null txt_len=25 pkg=com.larus.nova t_boot_ns=641955448441890
08-30 12:19:46.425 I/AnebProbe(22981): ADAPTER_EVT type=content cls=android.widget.EditText desc=null txt_len=26 pkg=com.larus.nova t_boot_ns=641955456654911
08-30 12:19:46.538 I/AnebProbe(22981): ADAPTER_EVT type=content cls=android.view.ViewGroup desc=null txt_len=0 pkg=com.larus.nova t_boot_ns=641955568927307
08-30 12:19:46.658 I/AnebProbe(22981): ADAPTER_EVT type=content cls=android.view.ViewGroup desc=null txt_len=0 pkg=com.larus.nova t_boot_ns=641955689721578
08-30 12:19:46.766 I/AnebProbe(22981): ADAPTER_EVT type=content cls=android.view.ViewGroup desc=null txt_len=0 pkg=com.larus.nova t_boot_ns=641955796870536
08-30 12:19:46.869 I/AnebProbe(22981): ADAPTER_EVT type=content cls=android.view.ViewGroup desc=null txt_len=0 pkg=com.larus.nova t_boot_ns=641955899612724
08-30 12:19:46.984 I/AnebProbe(22981): ADAPTER_EVT type=content cls=android.view.ViewGroup desc=null txt_len=0 pkg=com.larus.nova t_boot_ns=641956015450224
08-30 12:19:47.088 I/AnebProbe(22981): ADAPTER_EVT type=content cls=android.view.ViewGroup desc=null txt_len=0 pkg=com.larus.nova t_boot_ns=641956118770015
08-30 12:19:47.195 I/AnebProbe(22981): ADAPTER_EVT type=content cls=android.view.ViewGroup desc=null txt_len=0 pkg=com.larus.nova t_boot_ns=641956226791890
08-30 12:19:47.298 I/AnebProbe(22981): ADAPTER_EVT type=content cls=android.view.ViewGroup desc=null txt_len=0 pkg=com.larus.nova t_boot_ns=641956329579911
08-30 12:19:47.400 I/AnebProbe(22981): ADAPTER_EVT type=content cls=android.view.ViewGroup desc=null txt_len=0 pkg=com.larus.nova t_boot_ns=641956430848661
08-30 12:19:47.514 I/AnebProbe(22981): ADAPTER_EVT type=content cls=android.view.ViewGroup desc=null txt_len=0 pkg=com.larus.nova t_boot_ns=641956545577307
08-30 12:19:47.620 I/AnebProbe(22981): ADAPTER_EVT type=content cls=android.view.ViewGroup desc=null txt_len=0 pkg=com.larus.nova t_boot_ns=641956650794494
08-30 12:19:47.731 I/AnebProbe(22981): ADAPTER_EVT type=content cls=android.view.ViewGroup desc=null txt_len=0 pkg=com.larus.nova t_boot_ns=641956761839807
08-30 12:19:47.834 I/AnebProbe(22981): ADAPTER_EVT type=content cls=android.view.ViewGroup desc=null txt_len=0 pkg=com.larus.nova t_boot_ns=641956864872098
08-30 12:19:47.943 I/AnebProbe(22981): ADAPTER_EVT type=content cls=android.view.ViewGroup desc=null txt_len=0 pkg=com.larus.nova t_boot_ns=641956974340328
08-30 12:19:48.042 I/AnebProbe(22981): ADAPTER_EVT type=content cls=android.view.ViewGroup desc=null txt_len=0 pkg=com.larus.nova t_boot_ns=641957073426265
08-30 12:19:48.149 I/AnebProbe(22981): ADAPTER_EVT type=content cls=android.view.ViewGroup desc=null txt_len=0 pkg=com.larus.nova t_boot_ns=641957180517411
08-30 12:19:48.260 I/AnebProbe(22981): ADAPTER_EVT type=content cls=android.view.ViewGroup desc=null txt_len=0 pkg=com.larus.nova t_boot_ns=641957291688244
08-30 12:19:48.373 I/AnebProbe(22981): ADAPTER_EVT type=content cls=android.view.ViewGroup desc=null txt_len=0 pkg=com.larus.nova t_boot_ns=641957404220536
08-30 12:19:48.434 I/AnebE4MARK(20036): E4MARK kind=turn_start n=6
08-30 12:19:48.491 I/AnebProbe(22981): ADAPTER_EVT type=content cls=android.view.ViewGroup desc=null txt_len=0 pkg=com.larus.nova t_boot_ns=641957522152307
08-30 12:19:48.569 I/AnebProbe(22981): ADAPTER_EVT type=content cls=android.view.ViewGroup desc=null txt_len=0 pkg=com.larus.nova t_boot_ns=641957600217411
08-30 12:19:48.585 I/AnebProbe(22981): ADAPTER_EVT type=content cls=android.view.ViewGroup desc=null txt_len=0 pkg=com.larus.nova t_boot_ns=641957616745015
08-30 12:19:48.685 I/AnebProbe(22981): ADAPTER_EVT type=content cls=android.view.ViewGroup desc=null txt_len=0 pkg=com.larus.nova t_boot_ns=641957716230952
08-30 12:19:48.948 I/AnebProbe(22981): ADAPTER_EVT type=content cls=androidx.drawerlayout.widget.DrawerLayout desc=null txt_len=0 pkg=com.larus.nova t_boot_ns=641957979199182
08-30 12:19:49.047 I/AnebProbe(22981): ADAPTER_EVT type=content cls=androidx.drawerlayout.widget.DrawerLayout desc=null txt_len=0 pkg=com.larus.nova t_boot_ns=641958079055952
08-30 12:19:49.361 I/AnebProbe(22981): ADAPTER_EVT type=content cls=androidx.drawerlayout.widget.DrawerLayout desc=null txt_len=0 pkg=com.larus.nova t_boot_ns=641958392705952
08-30 12:19:49.462 I/AnebProbe(22981): ADAPTER_EVT type=content cls=androidx.recyclerview.widget.RecyclerView desc=null txt_len=0 pkg=com.larus.nova t_boot_ns=641958493057515
08-30 12:19:49.580 I/AnebProbe(22981): ADAPTER_EVT type=content cls=androidx.drawerlayout.widget.DrawerLayout desc=null txt_len=0 pkg=com.larus.nova t_boot_ns=641958611778869
08-30 12:19:49.684 I/AnebProbe(22981): ADAPTER_EVT type=content cls=android.widget.TextView desc=null txt_len=0 pkg=com.larus.nova t_boot_ns=641958715485119
08-30 12:19:50.394 I/AnebProbe(22981): ADAPTER_EVT type=content cls=androidx.recyclerview.widget.RecyclerView desc=null txt_len=0 pkg=com.larus.nova t_boot_ns=641959425655431
08-30 12:19:50.398 I/AnebProbe(22981): ADAPTER_OBS pkg=com.larus.nova mode=doubao events=818 rule_matched=96 first_delta_ms=0 cadence_p50_ms=100.3 session_span_ms=312252.8 confidence=LOW/INCONCLUSIVE reason=throttle ttft_send_ms=null anchor_source=null ttft_cluster_ms=3856.7 ttft_density_ms=null
08-30 12:19:50.490 I/AnebProbe(22981): ADAPTER_EVT type=content cls=androidx.drawerlayout.widget.DrawerLayout desc=null txt_len=0 pkg=com.larus.nova t_boot_ns=641959521820536
08-30 12:19:50.593 I/AnebProbe(22981): ADAPTER_EVT type=content cls=androidx.recyclerview.widget.RecyclerView desc=null txt_len=0 pkg=com.larus.nova t_boot_ns=641959624172619
08-30 12:19:50.662 I/AnebProbe(22981): ADAPTER_EVT type=content cls=androidx.recyclerview.widget.RecyclerView desc=null txt_len=0 pkg=com.larus.nova t_boot_ns=641959693479910
08-30 12:19:50.762 I/AnebProbe(22981): ADAPTER_EVT type=content cls=androidx.recyclerview.widget.RecyclerView desc=null txt_len=0 pkg=com.larus.nova t_boot_ns=641959793016890
08-30 12:19:50.884 I/AnebProbe(22981): ADAPTER_EVT type=content cls=androidx.drawerlayout.widget.DrawerLayout desc=null txt_len=0 pkg=com.larus.nova t_boot_ns=641959915520015
08-30 12:19:50.988 I/AnebProbe(22981): ADAPTER_EVT type=content cls=androidx.drawerlayout.widget.DrawerLayout desc=null txt_len=0 pkg=com.larus.nova t_boot_ns=641960018916369
08-30 12:19:51.100 I/AnebProbe(22981): ADAPTER_EVT type=content cls=androidx.recyclerview.widget.RecyclerView desc=null txt_len=0 pkg=com.larus.nova t_boot_ns=641960130790848
08-30 12:19:51.211 I/AnebProbe(22981): ADAPTER_EVT type=content cls=androidx.recyclerview.widget.RecyclerView desc=null txt_len=0 pkg=com.larus.nova t_boot_ns=641960242336681
08-30 12:19:51.317 I/AnebProbe(22981): ADAPTER_EVT type=content cls=android.view.ViewGroup desc=null txt_len=0 pkg=com.larus.nova t_boot_ns=641960348061681
08-30 12:19:51.423 I/AnebProbe(22981): ADAPTER_EVT type=content cls=androidx.recyclerview.widget.RecyclerView desc=null txt_len=0 pkg=com.larus.nova t_boot_ns=641960454205952
08-30 12:19:51.526 I/AnebProbe(22981): ADAPTER_EVT type=content cls=androidx.recyclerview.widget.RecyclerView desc=null txt_len=0 pkg=com.larus.nova t_boot_ns=641960556846056
08-30 12:19:51.629 I/AnebProbe(22981): ADAPTER_EVT type=content cls=androidx.drawerlayout.widget.DrawerLayout desc=null txt_len=0 pkg=com.larus.nova t_boot_ns=641960659083035
08-30 12:19:51.742 I/AnebProbe(22981): ADAPTER_EVT type=content cls=androidx.drawerlayout.widget.DrawerLayout desc=null txt_len=0 pkg=com.larus.nova t_boot_ns=641960773031994
08-30 12:19:51.844 I/AnebProbe(22981): ADAPTER_EVT type=content cls=androidx.recyclerview.widget.RecyclerView desc=null txt_len=0 pkg=com.larus.nova t_boot_ns=641960875643973
08-30 12:19:51.946 I/AnebProbe(22981): ADAPTER_EVT type=content cls=androidx.recyclerview.widget.RecyclerView desc=null txt_len=0 pkg=com.larus.nova t_boot_ns=641960977603869
08-30 12:19:52.058 I/AnebProbe(22981): ADAPTER_EVT type=content cls=androidx.recyclerview.widget.RecyclerView desc=null txt_len=0 pkg=com.larus.nova t_boot_ns=641961088793973
08-30 12:19:52.176 I/AnebProbe(22981): ADAPTER_EVT type=content cls=androidx.recyclerview.widget.RecyclerView desc=null txt_len=0 pkg=com.larus.nova t_boot_ns=641961207246577
08-30 12:19:52.291 I/AnebProbe(22981): ADAPTER_EVT type=content cls=androidx.recyclerview.widget.RecyclerView desc=null txt_len=0 pkg=com.larus.nova t_boot_ns=641961322163764
08-30 12:19:52.396 I/AnebProbe(22981): ADAPTER_EVT type=content cls=androidx.recyclerview.widget.RecyclerView desc=null txt_len=0 pkg=com.larus.nova t_boot_ns=641961427601264
08-30 12:19:52.504 I/AnebProbe(22981): ADAPTER_EVT type=content cls=androidx.recyclerview.widget.RecyclerView desc=null txt_len=0 pkg=com.larus.nova t_boot_ns=641961535328869
08-30 12:19:52.632 I/AnebProbe(22981): ADAPTER_EVT type=content cls=androidx.recyclerview.widget.RecyclerView desc=null txt_len=0 pkg=com.larus.nova t_boot_ns=641961662970535
08-30 12:19:52.749 I/AnebProbe(22981): ADAPTER_EVT type=content cls=androidx.drawerlayout.widget.DrawerLayout desc=null txt_len=0 pkg=com.larus.nova t_boot_ns=641961780651264
08-30 12:19:53.126 I/AnebProbe(22981): ADAPTER_EVT type=content cls=androidx.drawerlayout.widget.DrawerLayout desc=null txt_len=0 pkg=com.larus.nova t_boot_ns=641962157386160
08-30 12:19:53.226 I/AnebProbe(22981): ADAPTER_EVT type=content cls=androidx.drawerlayout.widget.DrawerLayout desc=null txt_len=0 pkg=com.larus.nova t_boot_ns=641962257593452
08-30 12:20:33.622 I/AnebE4MARK(20163): E4MARK kind=answer_complete n=6
