16666666
0	0	0
0	0	0
0	0	0
0	0	0
0	0	0
0	0	0
0	0	0
0	0	0
0	0	0
0	0	0
0	0	0
0	0	0
0	0	0
0	0	0
0	0	0
0	0	0
0	0	0
0	0	0
0	0	0
0	0	0
0	0	0
0	0	0
0	0	0
0	0	0
0	0	0
0	0	0
0	0	0
0	0	0
0	0	0
0	0	0
0	0	0
0	0	0
0	0	0
0	0	0
0	0	0
0	0	0
0	0	0
0	0	0
0	0	0
0	0	0
0	0	0
0	0	0
0	0	0
0	0	0
0	0	0
0	0	0
0	0	0
0	0	0
0	0	0
0	0	0
0	0	0
0	0	0
0	0	0
0	0	0
0	0	0
0	0	0
0	0	0
0	0	0
0	0	0
0	0	0
0	0	0
0	0	0
0	0	0
0	0	0
0	0	0
0	0	0
0	0	0
0	0	0
0	0	0
0	0	0
0	0	0
0	0	0
0	0	0
0	0	0
0	0	0
0	0	0
0	0	0
0	0	0
0	0	0
0	0	0
0	0	0
0	0	0
0	0	0
0	0	0
0	0	0
0	0	0
0	0	0
0	0	0
0	0	0
0	0	0
0	0	0
0	0	0
556982616433759	556982633260322	556982617456676
556982627362405	556982649821259	556982628666051
556982656795738	556982682972301	556982657415009
556982669102509	556982699546780	556982670133759
556982681322301	556982716139488	556982682478551
556982693823863	556982732699905	556982695016571
556982706433238	556982749274384	556982707111884
556982723147301	556982765849384	556982723823342
556982739745217	556982782422821	556982740122821
556982755548342	556982799001988	556982756191051
556982772247821	556982815580113	556982772921780
556982788485842	556982832150426	556982789134801
556982806818134	556982848729071	556982807774384
556982821478030	556982865305634	556982822150946
556982838258759	556982881880113	556982838944176
556982855195217	556982898456676	556982856043134
556982872032717	556982915044696	556982872680113
556982888479071	556982931616051	556982889130113
556982905341571	556982948227509	556982905997821
556982921960842	556982964773342	556982922642613
556982947184280	556982981354071	556982949745738
556982960162405	556982997921259	556982962685321
556982976207717	556983014493134	556982978246780
556982990840530	556983031101988	556982992954071
556983009193134	556983047651467	556983011289488
556983025380634	556983064224384	556983027488446
556983042918134	556983080806676	556983045518655
556983058796780	556983097379592	556983060892613
556983075964488	556983113959801	556983078761884
556983094453551	556983130529592	556983097012926
556983112781155	556983147106155	556983115692092
556983125937405	556983163685321	556983128054592
556983141610321	556983180281676	556983143670217
556983158205113	556983196841051	556983160280634
556983182153551	556983213416051	556983184635321


16666666
0	0	0
0	0	0
0	0	0
0	0	0
0	0	0
0	0	0
0	0	0
0	0	0
0	0	0
0	0	0
0	0	0
0	0	0
0	0	0
0	0	0
0	0	0
0	0	0
0	0	0
0	0	0
0	0	0
0	0	0
0	0	0
0	0	0
0	0	0
0	0	0
0	0	0
0	0	0
0	0	0
0	0	0
0	0	0
0	0	0
0	0	0
0	0	0
0	0	0
0	0	0
0	0	0
0	0	0
0	0	0
0	0	0
0	0	0
0	0	0
0	0	0
0	0	0
0	0	0
0	0	0
0	0	0
0	0	0
0	0	0
0	0	0
0	0	0
0	0	0
0	0	0
0	0	0
0	0	0
0	0	0
0	0	0
0	0	0
0	0	0
0	0	0
0	0	0
0	0	0
0	0	0
0	0	0
0	0	0
0	0	0
0	0	0
0	0	0
0	0	0
0	0	0
0	0	0
0	0	0
0	0	0
0	0	0
0	0	0
0	0	0
0	0	0
0	0	0
0	0	0
0	0	0
0	0	0
0	0	0
556982616433759	556982633260322	556982617456676
556982627362405	556982649821259	556982628666051
556982656795738	556982682972301	556982657415009
556982669102509	556982699546780	556982670133759
556982681322301	556982716139488	556982682478551
556982693823863	556982732699905	556982695016571
556982706433238	556982749274384	556982707111884
556982723147301	556982765849384	556982723823342
556982739745217	556982782422821	556982740122821
556982755548342	556982799001988	556982756191051
556982772247821	556982815580113	556982772921780
556982788485842	556982832150426	556982789134801
556982806818134	556982848729071	556982807774384
556982821478030	556982865305634	556982822150946
556982838258759	556982881880113	556982838944176
556982855195217	556982898456676	556982856043134
556982872032717	556982915044696	556982872680113
556982888479071	556982931616051	556982889130113
556982905341571	556982948227509	556982905997821
556982921960842	556982964773342	556982922642613
556982947184280	556982981354071	556982949745738
556982960162405	556982997921259	556982962685321
556982976207717	556983014493134	556982978246780
556982990840530	556983031101988	556982992954071
556983009193134	556983047651467	556983011289488
556983025380634	556983064224384	556983027488446
556983042918134	556983080806676	556983045518655
556983058796780	556983097379592	556983060892613
556983075964488	556983113959801	556983078761884
556983094453551	556983130529592	556983097012926
556983112781155	556983147106155	556983115692092
556983125937405	556983163685321	556983128054592
556983141610321	556983180281676	556983143670217
556983158205113	556983196841051	556983160280634
556983182153551	556983213416051	556983184635321
556984170198342	556984191821259	556984173080634
556984234499905	556984257869696	556984237134800
556984301609800	556984324190009	556984304236363
556984318912925	556984340757717	556984321625425
556984368420217	556984390488967	556984371126467
556984384798342	556984407077509	556984387497300
556984434111363	556984456823863	556984436161363
556984450882717	556984473392092	556984453610842
556984503831155	556984523138446	556984506485321
556984517728030	556984539714488	556984519029592
556984586140530	556984606025946	556984587306155
556984649873342	556984672358759	556984651076467


16666666
557015415941046	557015457373858	557015417672296
557015443588962	557015473959275	557015444953546
557015450748858	557015490533754	557015452628025
557015469035316	557015507116046	557015470502504
557015484446775	557015523683754	557015486105629
557015498379587	557015540274900	557015499075421
557015515668650	557015556858233	557015516362921
557015532199379	557015573443129	557015532698858
557015551215525	557015590035316	557015551738441
557015565910837	557015606604066	557015566591566
557015584555108	557015623172296	557015585363441
557015600272816	557015639751983	557015600840525
557015619613441	557015656351462	557015620096254
557015641185837	557015672914483	557015641705629
557015649181671	557015689496254	557015650012400
557015690913441	557015706085837	557015692805108
557015693572296	557015722682191	557015694109275
557015726823337	557015755824379	557015728528546
557015738758233	557015772385316	557015740290525
557015756733754	557015788969171	557015758273337
557015924878025	557015954781671	557015926376983
557015932726462	557015971342608	557015934033233
557016005057191	557016021080629	557016006613962
557016012846775	557016037676462	557016014251983
557016041236358	557016070856671	557016042691566
557016048236358	557016087421775	557016049851983
557016078015004	557016103976462	557016079645212
557016088241046	557016120509796	557016089629066
557016128161879	557016153710316	557016129675941
557016135175421	557016170261358	557016136747816
557016156685837	557016186851983	557016158266046
557016166331150	557016203436879	557016167897816
557016209601462	557016236594171	557016211154066
557016217070212	557016253175941	557016218685837
557016260739483	557016286341046	557016262280629
557016280292608	557016302888962	557016275565004
557016289849900	557016319466566	557016291638962
557016300650421	557016336041566	557016302242608
557016319897296	557016352641566	557016321522816
557016330108233	557016369218650	557016331712921
557016371912921	557016402358233	557016373540525
557016379723337	557016419739483	557016381193650
557016403072816	557016435521254	557016404725421
557016412743650	557016452112921	557016414428025
557016436861358	557016468724900	557016438548337
557016448833754	557016485256671	557016450443129
557016475118129	557016501855108	557016476955108
557016481009275	557016518438441	557016482742608
557016508322296	557016534988962	557016510232191
557016513001983	557016551562920	557016514625941
557016538452504	557016568150420	557016540110837
557016548703025	557016584705108	557016550691045
557016573324900	557016601300420	557016574980629
557016580582712	557016617851462	557016582325420
557016606948337	557016634436879	557016609031670
557016615826983	557016651025420	557016617532191
557016637440525	557016667592608	557016639339483
557016657271775	557016684183233	557016658180108
557016661376983	557016700733233	557016664073337
557016687270733	557016717286879	557016688322295
557016704603545	557016733905629	557016706275941
557016709751462	557016750470212	557016711375941
557016739201983	557016767038441	557016740384275
557016757179066	557016783658233	557016758721775
557016762238962	557016800166566	557016763960316
557016791404066	557016816749900	557016793022816
557016804687920	557016833336879	557016806442087
557016812078025	557016849909275	557016813756150
557016837525941	557016866516566	557016839085316
557016853664483	557016883067087	557016854982191
557016862278025	557016899619691	557016864031150
557016886243650	557016916207191	557016887996775
557016906809275	557016932768650	557016908291566
557016917949379	557016949361358	557016919620212
557016936858233	557016965911879	557016938649900
557016943690004	557016982522816	557016945521775
557016967584795	557016999127504	557016969215004
557016986639483	557017015666566	557016988371254
557017004638441	557017032255108	557017006255108
557017013330629	557017048814483	557017014944691
557017036703545	557017065401983	557017038274900
557017052787400	557017081970212	557017054561879
557017074804587	557017098546254	557017076530629
557017081949900	557017115126983	557017083631150
557017109230629	557017131682191	557017110724379
557017121456670	557017148271775	557017123094691
557017143542608	557017164838962	557017146355108
557017156823337	557017181416045	557017158631150
557017161345733	557017197993650	557017163139483
557017181648858	557017214579066	557017183483233
557017199084795	557017231182712	557017200898337
557017217498337	557017247737400	557017218701983
557017236480629	557017264313441	557017238257712
557017240516045	557017280895212	557017242035837
557017267782712	557017297473337	557017269691566
557017286593129	557017314070212	557017288154066
557017316656670	557017347218650	557017317837920
557017333892608	557017363788441	557017335496254
557017350105629	557017380412920	557017351727504
557017361181670	557017396945212	557017362887400
557017379222816	557017413502504	557017380920212
557017395078545	557017430088962	557017396968129
557017405171254	557017446660837	557017407024900
557017429643650	557017463238962	557017431440525
557017446911358	557017479819170	557017448850420
557017462725941	557017496395733	557017464603025
557017473583754	557017512961358	557017475458233
557017497367608	557017529544170	557017499216566
557017513081150	557017546121775	557017515005108
557017528798858	557017562740525	557017530702504
557017540374379	557017579295733	557017542321254
557017568264483	557017595867087	557017570223337
557017585521254	557017612455629	557017587298337
557017593478025	557017629004066	557017595324379
557017619093649	557017645612399	557017620901983
557017634680629	557017662142608	557017636586358
557017634680629	557017678722816	557017636586358
557017689935837	557017711880108	557017691885316
557017695309795	557017728446774	557017697110837
557017717926462	557017745025420	557017719291045
557017732287399	557017761599379	557017734186879
557019327905628	557019352934795	557019329720212
557019386812399	557019402636878	557019388435316
557019446954066	557019468966045	557019448768128
557019514383753	557019535239483	557019516285316
557019577823337	557019601543128	557019579400941
557019642956149	557019667831670	557019643603545


16666666
557015415941046	557015457373858	557015417672296
557015443588962	557015473959275	557015444953546
557015450748858	557015490533754	557015452628025
557015469035316	557015507116046	557015470502504
557015484446775	557015523683754	557015486105629
557015498379587	557015540274900	557015499075421
557015515668650	557015556858233	557015516362921
557015532199379	557015573443129	557015532698858
557015551215525	557015590035316	557015551738441
557015565910837	557015606604066	557015566591566
557015584555108	557015623172296	557015585363441
557015600272816	557015639751983	557015600840525
557015619613441	557015656351462	557015620096254
557015641185837	557015672914483	557015641705629
557015649181671	557015689496254	557015650012400
557015690913441	557015706085837	557015692805108
557015693572296	557015722682191	557015694109275
557015726823337	557015755824379	557015728528546
557015738758233	557015772385316	557015740290525
557015756733754	557015788969171	557015758273337
557015924878025	557015954781671	557015926376983
557015932726462	557015971342608	557015934033233
557016005057191	557016021080629	557016006613962
557016012846775	557016037676462	557016014251983
557016041236358	557016070856671	557016042691566
557016048236358	557016087421775	557016049851983
557016078015004	557016103976462	557016079645212
557016088241046	557016120509796	557016089629066
557016128161879	557016153710316	557016129675941
557016135175421	557016170261358	557016136747816
557016156685837	557016186851983	557016158266046
557016166331150	557016203436879	557016167897816
557016209601462	557016236594171	557016211154066
557016217070212	557016253175941	557016218685837
557016260739483	557016286341046	557016262280629
557016280292608	557016302888962	557016275565004
557016289849900	557016319466566	557016291638962
557016300650421	557016336041566	557016302242608
557016319897296	557016352641566	557016321522816
557016330108233	557016369218650	557016331712921
557016371912921	557016402358233	557016373540525
557016379723337	557016419739483	557016381193650
557016403072816	557016435521254	557016404725421
557016412743650	557016452112921	557016414428025
557016436861358	557016468724900	557016438548337
557016448833754	557016485256671	557016450443129
557016475118129	557016501855108	557016476955108
557016481009275	557016518438441	557016482742608
557016508322296	557016534988962	557016510232191
557016513001983	557016551562920	557016514625941
557016538452504	557016568150420	557016540110837
557016548703025	557016584705108	557016550691045
557016573324900	557016601300420	557016574980629
557016580582712	557016617851462	557016582325420
557016606948337	557016634436879	557016609031670
557016615826983	557016651025420	557016617532191
557016637440525	557016667592608	557016639339483
557016657271775	557016684183233	557016658180108
557016661376983	557016700733233	557016664073337
557016687270733	557016717286879	557016688322295
557016704603545	557016733905629	557016706275941
557016709751462	557016750470212	557016711375941
557016739201983	557016767038441	557016740384275
557016757179066	557016783658233	557016758721775
557016762238962	557016800166566	557016763960316
557016791404066	557016816749900	557016793022816
557016804687920	557016833336879	557016806442087
557016812078025	557016849909275	557016813756150
557016837525941	557016866516566	557016839085316
557016853664483	557016883067087	557016854982191
557016862278025	557016899619691	557016864031150
557016886243650	557016916207191	557016887996775
557016906809275	557016932768650	557016908291566
557016917949379	557016949361358	557016919620212
557016936858233	557016965911879	557016938649900
557016943690004	557016982522816	557016945521775
557016967584795	557016999127504	557016969215004
557016986639483	557017015666566	557016988371254
557017004638441	557017032255108	557017006255108
557017013330629	557017048814483	557017014944691
557017036703545	557017065401983	557017038274900
557017052787400	557017081970212	557017054561879
557017074804587	557017098546254	557017076530629
557017081949900	557017115126983	557017083631150
557017109230629	557017131682191	557017110724379
557017121456670	557017148271775	557017123094691
557017143542608	557017164838962	557017146355108
557017156823337	557017181416045	557017158631150
557017161345733	557017197993650	557017163139483
557017181648858	557017214579066	557017183483233
557017199084795	557017231182712	557017200898337
557017217498337	557017247737400	557017218701983
557017236480629	557017264313441	557017238257712
557017240516045	557017280895212	557017242035837
557017267782712	557017297473337	557017269691566
557017286593129	557017314070212	557017288154066
557017316656670	557017347218650	557017317837920
557017333892608	557017363788441	557017335496254
557017350105629	557017380412920	557017351727504
557017361181670	557017396945212	557017362887400
557017379222816	557017413502504	557017380920212
557017395078545	557017430088962	557017396968129
557017405171254	557017446660837	557017407024900
557017429643650	557017463238962	557017431440525
557017446911358	557017479819170	557017448850420
557017462725941	557017496395733	557017464603025
557017473583754	557017512961358	557017475458233
557017497367608	557017529544170	557017499216566
557017513081150	557017546121775	557017515005108
557017528798858	557017562740525	557017530702504
557017540374379	557017579295733	557017542321254
557017568264483	557017595867087	557017570223337
557017585521254	557017612455629	557017587298337
557017593478025	557017629004066	557017595324379
557017619093649	557017645612399	557017620901983
557017634680629	557017662142608	557017636586358
557017634680629	557017678722816	557017636586358
557017689935837	557017711880108	557017691885316
557017695309795	557017728446774	557017697110837
557017717926462	557017745025420	557017719291045
557017732287399	557017761599379	557017734186879
557019327905628	557019352934795	557019329720212
557019386812399	557019402636878	557019388435316
557019446954066	557019468966045	557019448768128
557019514383753	557019535239483	557019516285316
557019577823337	557019601543128	557019579400941
557019642956149	557019667831670	557019643603545


16666666
557016936858233	557016965911879	557016938649900
557016943690004	557016982522816	557016945521775
557016967584795	557016999127504	557016969215004
557016986639483	557017015666566	557016988371254
557017004638441	557017032255108	557017006255108
557017013330629	557017048814483	557017014944691
557017036703545	557017065401983	557017038274900
557017052787400	557017081970212	557017054561879
557017074804587	557017098546254	557017076530629
557017081949900	557017115126983	557017083631150
557017109230629	557017131682191	557017110724379
557017121456670	557017148271775	557017123094691
557017143542608	557017164838962	557017146355108
557017156823337	557017181416045	557017158631150
557017161345733	557017197993650	557017163139483
557017181648858	557017214579066	557017183483233
557017199084795	557017231182712	557017200898337
557017217498337	557017247737400	557017218701983
557017236480629	557017264313441	557017238257712
557017240516045	557017280895212	557017242035837
557017267782712	557017297473337	557017269691566
557017286593129	557017314070212	557017288154066
557017316656670	557017347218650	557017317837920
557017333892608	557017363788441	557017335496254
557017350105629	557017380412920	557017351727504
557017361181670	557017396945212	557017362887400
557017379222816	557017413502504	557017380920212
557017395078545	557017430088962	557017396968129
557017405171254	557017446660837	557017407024900
557017429643650	557017463238962	557017431440525
557017446911358	557017479819170	557017448850420
557017462725941	557017496395733	557017464603025
557017473583754	557017512961358	557017475458233
557017497367608	557017529544170	557017499216566
557017513081150	557017546121775	557017515005108
557017528798858	557017562740525	557017530702504
557017540374379	557017579295733	557017542321254
557017568264483	557017595867087	557017570223337
557017585521254	557017612455629	557017587298337
557017593478025	557017629004066	557017595324379
557017619093649	557017645612399	557017620901983
557017634680629	557017662142608	557017636586358
557017634680629	557017678722816	557017636586358
557017689935837	557017711880108	557017691885316
557017695309795	557017728446774	557017697110837
557017717926462	557017745025420	557017719291045
557017732287399	557017761599379	557017734186879
557019327905628	557019352934795	557019329720212
557019386812399	557019402636878	557019388435316
557019446954066	557019468966045	557019448768128
557019514383753	557019535239483	557019516285316
557019577823337	557019601543128	557019579400941
557019642956149	557019667831670	557019643603545
557060964954060	557060974785830	557060965670726
557060972524372	557060991357185	557060974101455
557060991182705	557061007953018	557060992141560
557060998711872	557061024524372	557060999641560
557061014868643	557061041112914	557061016420205
557061031169164	557061057680101	557061032708226
557061048100414	557061074259789	557061049596247
557061064113435	557061091293643	557061065681143
557061080589997	557061107420205	557061082109789
557061097587393	557061124018643	557061099024893
557061114269164	557061140605622	557061115905101
557061131013435	557061157187914	557061132666039
557061147873851	557061173764476	557061149543643
557061164143643	557061190357705	557061165750414
557061181009789	557061206939997	557061182706664
557061197831664	557061223518643	557061199544164
557061218091560	557061240107185	557061219789476
557061230477497	557061256676455	557061232246768
557061247149893	557061273318122	557061249219685
557061263200935	557061289848330	557061264993643
557061280686872	557061306419164	557061282546247
557061297566559	557061323307705	557061299331143
557061313357705	557061339589997	557061315103539
557061330218643	557061356172289	557061332615518
557061346692601	557061372745205	557061348513955
557061363520205	557061389336872	557061365246768
557061383271768	557061405918122	557061385038434
557061395541039	557061422498330	557061397307184
557062674612913	557062699041559	557062676388955
557062690989997	557062715584268	557062692426976
557062708084268	557062732186351	557062709570726
557062722933226	557062748743122	557062724397288
557062885769163	557062914771247	557062886818643
557062912434788	557062931111872	557062913520726
557062917768643	557062947702497	557062918889476
557062991251455	557063013998330	557062992471247
557063028832705	557063047166038	557063030045205
557063059079059	557063080334268	557063060093643
557063060824372	557063096906143	557063061163434
557063084145726	557063113481143	557063085199893
557063086927497	557063130076455	557063087960830
557063106068122	557063146642601	557063107081143
557063120524893	557063163230622	557063121601976
557063139706143	557063179834268	557063140882184
557063175216038	557063196395726	557063177242080
557063209419684	557063229544684	557063211260830
557063243893122	557063262685830	557063245708747
557063407018122	557063428462393	557063408916559
557063833283226	557063859522809	557063835034788
557063854280101	557063876531142	557063856403017
557063867771767	557063892680622	557063869601455
557063887187392	557063909258226	557063889156142
557063902331142	557063925842601	557063904114997
557063921000934	557063942416559	557063922907705
557063935562913	557063959059267	557063937328017
557063955820205	557063975572809	557063957735830
557064052682184	557064075064476	557064054595726
557064076969163	557064108222288	557064078809267
557064079753538	557064124946247	557064081241559
557064105008747	557064141361351	557064107163955
557064121235309	557064157960309	557064123638434
557064139101455	557064174542601	557064141267601
557064152525934	557064191116038	557064154154059
557064170543122	557064207684267	557064172672809
557064186191559	557064224254580	557064188340517
557064204116559	557064240830622	557064205882184
557064236596767	557064257397288	557064238582705
557064240831142	557064273969163	557064243141559
557064250601976	557064290551455	557064252576455
557064268434788	557064307133226	557064270433747
557064283416559	557064323712913	557064285296247
557064301162392	557064340308747	557064303177497
557064334631663	557064356873330	557064336675934
557064374005101	9223372036854775807	557064375985830


16666666
557071543751454	557071584889475	557071544506141
557071560387391	557071601472808	557071561025933
557071576749370	557071618043120	557071577444162
557071593602495	557071634671766	557071594273850
557071610123329	557071651209787	557071610815516
557071660154579	557071684353537	557071661733225
557071666511350	557071700942600	557071668186350
557071679415516	557071717516558	557071680320725
557071694411870	557071734100933	557071696097808
557071709595725	557071750691037	557071710890516
557071726557704	557071767260308	557071727213954
557071742438954	557071783837391	557071743104058
557071760246766	557071800403537	557071760954579
557071775944162	557071816980100	557071776608225
557071792512391	557071833564995	557071793180100
557071808367079	557071850184266	557071809058225
557071826737912	557071866734266	557071827366558
557071843687391	557071883313954	557071844291037
557071867098850	557071899899891	557071867686350
557071898499370	557071916461350	557071901535308
557071903000933	557071933055620	557071904637912
557071924453016	557071949621245	557071925825933
557071956454058	557071982789995	557071957985829
557071962793641	557071999338433	557071964347287
557071978631662	557072015928537	557071980197808
557071990682183	557072032518641	557071992244162
557072176770204	557072198299370	557072178397808
557072210016558	557072231461349	557072211551454
557072253057704	557072281202495	557072254660308
557072261936349	557072297789474	557072263533745
557072289350933	557072314371766	557072290722287
557072317682704	557072347525412	557072319301454
557072325412391	557072364075933	557072327069683
557072368666037	557072397241037	557072370279579
557072376443641	557072413834266	557072378212912
557072419920724	557072446979058	557072421716037
557072428148849	557072463551974	557072429916558
557072469552495	557072496729058	557072471191037
557072477509266	557072513287912	557072479167079
557072509380620	557072529857183	557072510192599
557072515184787	557072547030099	557072516749891
557072545896245	557072563012912	557072547912912
557072554989474	557072579591037	557072556664995
557072580064995	557072596171766	557072581654579
557072586953537	557072612750412	557072588618120
557072613721766	557072629344162	557072615417079
557072621061349	557072645894683	557072622701454
557072651111349	557072679065516	557072652739995
557072657676974	557072695638954	557072659373849
557072690184787	557072712223849	557072691641558
557072693624891	557072728827495	557072695134787
557072715869162	557072745430620	557072717527495
557072725657704	557072761945204	557072727059266
557072750849891	557072778529058	557072752550933
557072766944683	557072795516037	557072768617079
557072773895724	557072811675933	557072775625412
557072795609266	557072828287912	557072797620724
557072807531662	557072844838954	557072809267079
557072830361349	557072861460308	557072832133224
557072847062391	557072877987912	557072848694162
557072855166037	557072894580099	557072856861349
557072887228016	557072911158745	557072888928537
557072899422287	557072927742599	557072901097287
557072903356662	557072944312912	557072904989995
557072931176454	557072960897808	557072932775412
557072948997808	557072977467079	557072950516558
557072963914474	557072994108224	557072965647287
557072970977495	557073010622287	557072972459787
557072999506662	557073027215516	557073001166037
557073013077495	557073043789474	557073014670724
557073028244162	557073060375933	557073029933224
557073036910829	557073076950933	557073039246766
557073061949370	557073093526454	557073063730099
557073079782704	557073110102495	557073081518120
557073096335829	557073126703016	557073098021766
557073106636349	557073143263433	557073108253537
557073131926974	557073160037912	557073133542599
557073149737912	557073176426974	557073151382183
557073165213433	557073193004579	557073166940516
557073174011349	557073209579058	557073175747287
557073198827495	557073226174891	557073200462391
557073214961349	557073242723329	557073216588433
557073231061349	557073259298849	557073232703016
557073245617599	557073275903016	557073246870204
557073254388433	557073292466558	557073256103016
557073278114474	557073309063953	557073279809787
557073294958745	557073325626453	557073296810308
557073310332183	557073342212391	557073312137391
557073329087912	557073358780620	557073330889474
557073345492599	557073375351453	557073346822287
557073356096766	557073391944162	557073357864995
557073374213953	557073408561349	557073376043120
557073390905620	557073425088953	557073392659266
557073406871766	557073441649891	557073409511870
557073422209266	557073458203537	557073423676974
557073435707703	557073474797287	557073438755620
557073455806141	557073491369683	557073457562912
557073475435308	557073507957183	557073477129578
557073485449891	557073524613953	557073487298849
557073508612391	557073541105620	557073510394683
557073525340516	557073557677495	557073527366037
557073554685828	557073574247808	557073556597808
557073576867078	557073607406662	557073578679578
557073599159266	557073623990516	557073601089995
557073614251453	557073640564474	557073615932183
557073626864995	557073657141558	557073628819162
557073639184787	557073673713953	557073641117599
557073657638953	557073690279578	557073659569683
557073674356141	557073706870724	557073676119683
557073684633745	557073723436870	557073686448328
557073705232703	557073740029578	557073707129578
557073722213953	557073756607703	557073724178537
557073732547287	557073773196245	557073734350933
557073771228016	557073789746766	557073772695203
557073778943641	557073806338953	557073780788433
557073783264995	557073822907703	557073785127495
557073783264995	557073839489474	557073785127495
557073839171245	557073856070203	557073841023849
557073845920203	557073872632183	557073847784787
557073868555620	557073889208224	557073870221766
557073880486349	557073905780099	557073882472808
557075485711870	557075513841036	557075487581662
557075540823328	557075563524891	557075542807703
557075607069161	557075629852495	557075608969161
557075675689474	557075696150411	557075677628536
557075738113432	557075762464474	557075739652495
557075804774891	557075828774891	557075805470724


16666666
557071543751454	557071584889475	557071544506141
557071560387391	557071601472808	557071561025933
557071576749370	557071618043120	557071577444162
557071593602495	557071634671766	557071594273850
557071610123329	557071651209787	557071610815516
557071660154579	557071684353537	557071661733225
557071666511350	557071700942600	557071668186350
557071679415516	557071717516558	557071680320725
557071694411870	557071734100933	557071696097808
557071709595725	557071750691037	557071710890516
557071726557704	557071767260308	557071727213954
557071742438954	557071783837391	557071743104058
557071760246766	557071800403537	557071760954579
557071775944162	557071816980100	557071776608225
557071792512391	557071833564995	557071793180100
557071808367079	557071850184266	557071809058225
557071826737912	557071866734266	557071827366558
557071843687391	557071883313954	557071844291037
557071867098850	557071899899891	557071867686350
557071898499370	557071916461350	557071901535308
557071903000933	557071933055620	557071904637912
557071924453016	557071949621245	557071925825933
557071956454058	557071982789995	557071957985829
557071962793641	557071999338433	557071964347287
557071978631662	557072015928537	557071980197808
557071990682183	557072032518641	557071992244162
557072176770204	557072198299370	557072178397808
557072210016558	557072231461349	557072211551454
557072253057704	557072281202495	557072254660308
557072261936349	557072297789474	557072263533745
557072289350933	557072314371766	557072290722287
557072317682704	557072347525412	557072319301454
557072325412391	557072364075933	557072327069683
557072368666037	557072397241037	557072370279579
557072376443641	557072413834266	557072378212912
557072419920724	557072446979058	557072421716037
557072428148849	557072463551974	557072429916558
557072469552495	557072496729058	557072471191037
557072477509266	557072513287912	557072479167079
557072509380620	557072529857183	557072510192599
557072515184787	557072547030099	557072516749891
557072545896245	557072563012912	557072547912912
557072554989474	557072579591037	557072556664995
557072580064995	557072596171766	557072581654579
557072586953537	557072612750412	557072588618120
557072613721766	557072629344162	557072615417079
557072621061349	557072645894683	557072622701454
557072651111349	557072679065516	557072652739995
557072657676974	557072695638954	557072659373849
557072690184787	557072712223849	557072691641558
557072693624891	557072728827495	557072695134787
557072715869162	557072745430620	557072717527495
557072725657704	557072761945204	557072727059266
557072750849891	557072778529058	557072752550933
557072766944683	557072795516037	557072768617079
557072773895724	557072811675933	557072775625412
557072795609266	557072828287912	557072797620724
557072807531662	557072844838954	557072809267079
557072830361349	557072861460308	557072832133224
557072847062391	557072877987912	557072848694162
557072855166037	557072894580099	557072856861349
557072887228016	557072911158745	557072888928537
557072899422287	557072927742599	557072901097287
557072903356662	557072944312912	557072904989995
557072931176454	557072960897808	557072932775412
557072948997808	557072977467079	557072950516558
557072963914474	557072994108224	557072965647287
557072970977495	557073010622287	557072972459787
557072999506662	557073027215516	557073001166037
557073013077495	557073043789474	557073014670724
557073028244162	557073060375933	557073029933224
557073036910829	557073076950933	557073039246766
557073061949370	557073093526454	557073063730099
557073079782704	557073110102495	557073081518120
557073096335829	557073126703016	557073098021766
557073106636349	557073143263433	557073108253537
557073131926974	557073160037912	557073133542599
557073149737912	557073176426974	557073151382183
557073165213433	557073193004579	557073166940516
557073174011349	557073209579058	557073175747287
557073198827495	557073226174891	557073200462391
557073214961349	557073242723329	557073216588433
557073231061349	557073259298849	557073232703016
557073245617599	557073275903016	557073246870204
557073254388433	557073292466558	557073256103016
557073278114474	557073309063953	557073279809787
557073294958745	557073325626453	557073296810308
557073310332183	557073342212391	557073312137391
557073329087912	557073358780620	557073330889474
557073345492599	557073375351453	557073346822287
557073356096766	557073391944162	557073357864995
557073374213953	557073408561349	557073376043120
557073390905620	557073425088953	557073392659266
557073406871766	557073441649891	557073409511870
557073422209266	557073458203537	557073423676974
557073435707703	557073474797287	557073438755620
557073455806141	557073491369683	557073457562912
557073475435308	557073507957183	557073477129578
557073485449891	557073524613953	557073487298849
557073508612391	557073541105620	557073510394683
557073525340516	557073557677495	557073527366037
557073554685828	557073574247808	557073556597808
557073576867078	557073607406662	557073578679578
557073599159266	557073623990516	557073601089995
557073614251453	557073640564474	557073615932183
557073626864995	557073657141558	557073628819162
557073639184787	557073673713953	557073641117599
557073657638953	557073690279578	557073659569683
557073674356141	557073706870724	557073676119683
557073684633745	557073723436870	557073686448328
557073705232703	557073740029578	557073707129578
557073722213953	557073756607703	557073724178537
557073732547287	557073773196245	557073734350933
557073771228016	557073789746766	557073772695203
557073778943641	557073806338953	557073780788433
557073783264995	557073822907703	557073785127495
557073783264995	557073839489474	557073785127495
557073839171245	557073856070203	557073841023849
557073845920203	557073872632183	557073847784787
557073868555620	557073889208224	557073870221766
557073880486349	557073905780099	557073882472808
557075485711870	557075513841036	557075487581662
557075540823328	557075563524891	557075542807703
557075607069161	557075629852495	557075608969161
557075675689474	557075696150411	557075677628536
557075738113432	557075762464474	557075739652495
557075804774891	557075828774891	557075805470724


16666666
557123058007175	557123090716550	557123059161863
557123073879050	557123107290508	557123075386342
557123094535821	557123123871758	557123095389467
557123100721758	557123140454050	557123102141029
557123125330613	557123157009779	557123126732696
557123134095196	557123173624883	557123135464988
557123156135821	557123190156133	557123157559779
557123173503008	557123206782175	557123174568113
557123190260300	557123223326446	557123191699363
557123208168113	557123239913946	557123209511342
557123215793113	557123256488946	557123217254571
557123239886342	557123273062383	557123241270717
557123258268113	557123289627488	557123259661863
557123266183217	557123306860821	557123267572800
557123288569154	557123322797800	557123289929571
557123298961342	557123339376967	557123300334258
557123316279571	557123355952488	557123317651967
557123332799363	557123372536342	557123334170717
557123351221238	557123389112383	557123352456654
557123371629050	557123405671238	557123373054050
557123395845196	557123422288425	557123397236863
557123423034779	557123438878008	557123424421238
557123440870717	557123472073321	557123442373321
557123455709258	557123488603529	557123457171758
557123470380613	557123505138946	557123471726967
557123484702488	557123521708738	557123486115508
557123499441029	557123538291550	557123500865508
557123516699363	557123554859779	557123517949363
557123534370717	557123571431133	557123535587383
557123551394675	557123588012383	557123552597800
557123567323321	557123604614467	557123568527487
557123587295717	557123621164987	557123588813946
557123606446237	557123637743112	557123607944675
557123619507175	557123654350925	557123620782696
557123639841550	557123671206133	557123641301967
557123650088946	557123687480092	557123651446237
557123672514467	557123704103008	557123674365508
557123683607696	557123720659779	557123684937383
557123702212383	557123737236862	557123703643633
557123722028008	557123753818633	557123723560300
557123734816550	557123770407175	557123736333217
557123756740508	557123786947279	557123758234258
557123767198842	557123803522279	557123768650404
557123785160300	557123820112904	557123786344154
557123805007696	557123836689987	557123806409258
557123817157175	557123853276446	557123818518633
557123837661862	557123869828008	557123839282175
557123855891550	557123886411862	557123857316029
557123866892592	557123903000925	557123868312904
557123885686862	557123919561862	557123887063946
557123904775404	557123936153008	557123906237383
557123915973321	557123952712383	557123917495717
557123934948321	557123969580612	557123936321237
557123951184258	557123985887904	557123952550925
557123966637904	557124002464467	557123968074883
557123984553008	557124019041029	557123985429571
557124000799883	557124035623842	557124002242592
557124021953529	557124052207696	557124023427487
557124031976446	557124068769675	557124033551446
557124054561342	557124085335821	557124056114467
557124066668112	557124102256133	557124068180092
557124084388946	557124118485821	557124085609779
557124104800925	557124135121237	557124106149362
557124115008217	557124151666029	557124116452487
557124137219675	557124168256133	557124138967592
557124148667071	557124184833737	557124150118633
557124167016029	557124201393633	557124168473321
557124187362904	557124217944154	557124188858217
557124198570196	557124234547279	557124200147279
557124218480092	557124251136862	557124219080092
557124233131133	557124267692071	557124234599362
557124252979050	557124284262904	557124254416550
557124264812904	557124300887383	557124266188425
557124282754571	557124317692071	557124284242592
557124299263425	557124334041550	557124300798842
557124314659779	557124350610300	557124315947279
557124329410300	557124367178008	557124330952487
557124345720196	557124383762904	557124347189467
557124362871237	557124400346758	557124364247800
557124378095196	557124416917071	557124379507175
557124394758737	557124433472800	557124396861342
557124411011342	557124450072800	557124412429050
557124430537383	557124466660300	557124431882175
557124443899362	557124483239467	557124445353008
557124462526446	557124499823842	557124463961342
557124478959779	557124516413946	557124480401967
557124496487904	557124532969675	557124497822279
557124515914987	557124549565508	557124516303529
557124531273321	557124566157696	557124532638425
557124549148321	557124582721758	557124550334779
557124567570196	557124599312383	557124569005092
557124579446237	557124615894154	557124580873321
557124597975925	557124632509779	557124599400404
557124617759779	557124649105612	557124619239467
557124629361342	557124665612383	557124630779571
557124647618112	557124682219154	557124649169154
557124668486862	557124698792591	557124669726966
557124677942591	557124715366029	557124679344675
557124697590508	557124731940508	557124698664987
557124718325404	557124748524362	557124719705091
557124728536341	557124765107175	557124729939466
557124746938425	557124781716029	557124748373321
557124762453529	557124798242071	557124763938946
557124778398841	557124814825925	557124779850404
557124792686341	557124831434779	557124794141029
557124811839987	557124848021758	557124813249362
557124830167071	557124864598321	557124831619154
557124846786862	557124881185821	557124848237383
557124862804571	557124897761862	557124864201966
557124883848841	557124914334258	557124885288946
557124893441029	557124930904571	557124894844675
557124916883216	557124947482175	557124918395196
557124927235300	557124964063946	557124928641029
557124945316550	557124980648321	557124946496758
557124960628529	557124997234779	557124962050404
557124981914987	557125013808737	557124983366550
557124996445196	557125030383737	557124998320716
557125016938946	557125046964466	557125018467071
557125025480612	557125063557175	557125026931654
557125044459258	557125080188425	557125045689466
557125061878008	557125096710300	557125063297800
557125082631654	557125113290508	557125084130612
557125094007175	557125129850925	557125095366550
557125116431654	557125146448841	557125118199362
557125126609779	557125163034258	557125127985821
557125145619675	557125179611862	557125146786341
557125164957175	9223372036854775807	557125166316550


16666666
557127337024362	557127368226445	557127338709779
557127339268633	557127384820716	557127340394674
557127361989987	557127401387904	557127363857695
557127378006133	557127417950924	557127379587904
557127396612383	557127434598841	557127398178008
557127414770716	557127451102487	557127416353008
557127517440508	557127534012904	557127518023320
557127525997799	557127551281654	557127527775924
557127559452487	557127583732695	557127561053529
557127583688945	557127600329570	557127585171758
557127592226445	557127616897279	557127593672279
557127660853008	557127683218112	557127662314987
557127665312383	557127699803529	557127666784258
557127682154570	557127716387904	557127683780091
557127693249883	557127732966549	557127694889987
557127743208737	557127766134779	557127744543633
557127752238424	557127782694154	557127753721237
557127767058216	557127799281654	557127768645195
557127786622799	557127815864466	557127788206133
557127793541029	557127832432174	557127795201966
557127836345716	557127865614466	557127837978008
557127839711862	557127882174362	557127841251966
557127872617070	557127898755612	557127874216549
557127877668633	557127915329570	557127879260820
557127946247799	557127965080612	557127947592591
557127960217070	557127981663945	557127961786862
557127967833216	557127998228528	557127969098320
557128001508737	557128031371758	557128002906133
557128008736862	557128048233216	557128010325403
557128035663424	557128064549883	557128037312903
557128043444153	557128081140508	557128044938945
557128070904049	557128097714987	557128072624883
557128078397799	557128114294674	557128079893633
557128104154570	557128130886862	557128105530612
557128107567070	557128147454570	557128109109258
557128137847278	557128164016549	557128139277487
557128144372278	557128180599362	557128146083216
557128191473841	557128213768112	557128193056653
557128198153528	557128230353008	557128199874883
557128218592070	557128246916549	557128220227487
557128226475924	557128263500924	557128228141028
557128262832695	557128280139987	557128264600403
557128267452487	557128296652487	557128268869153
557128290806133	557128313232695	557128292491028
557128299987903	557128329825924	557128301671758
557128314310299	557128346401966	557128316102487
557128329834778	557128362969153	557128331459258
557128346185820	557128379552487	557128347871758
557128358149362	557128396125924	557128359836341
557128378318112	557128412731133	557128379945195
557128394667591	557128429297799	557128396434258
557128405834778	557128445876966	557128407954570
557128428416549	557128462470195	557128430267070
557128440842070	557128479046758	557128442501966
557128464154570	557128495625403	557128465795716
557128480164987	557128512208216	557128481833216
557128490469153	557128528786341	557128492118112
557128513014466	557128545356133	557128514714466
557128526023320	557128561933216	557128528685299
557128540988424	557128578512383	557128542689987
557128558608216	557128595089466	557128560358737
557128576280612	557128611675924	557128577975403
557128586705091	557128628311862	557128588444674
557128610467070	557128644872278	557128612460299
557128627467591	557128661428008	557128629346237
557128645969674	557128678011341	557128648070716
557128654494674	557128694592591	557128656247799
557128680972799	557128711220195	557128682745716
557128694005612	557128727771237	557128695769674
557128712393112	557128744370716	557128714046758
557128723766028	557128760933216	557128725463424
557128749352487	557128777535299	557128750921758
557128768302487	557128794094153	557128768940508
557128779982695	557128810666028	557128781643112
557128798259258	557128827255612	557128800169153
557128806869153	557128843831133	557128808653008
557128830564466	557128860389987	557128832316028
557128845857174	557128876987903	557128847831133
557128862244674	557128893533216	557128864061341
557128875692070	557128910120195	557128877299883
557128885683216	557128926705091	557128887435299
557128908237903	557128943259778	557128910089466
557128926750924	557128959837903	557128928449362
557128946037383	557128976417070	557128947904049
557128966885299	557128992985820	557128968818112
557128974346237	557129009578528	557128976081133
557128988759778	557129026149362	557128990608216
557129005499362	557129042726445	557129007332174
557129018593112	557129059303007	557129020365507
557129040497278	557129075911341	557129042405612
557129058873320	557129092482695	557129060758737
557129078095716	557129109050924	557129079973841
557129102643112	557129125619153	557129104387382
557129118229570	557129142199882	557129120147278
557129121842591	557129158772799	557129123631132
557129143762382	557129175345716	557129145782695
557129158228528	557129191921757	557129160130612
557129175056132	557129208496237	557129176901445
557129189767070	557129225071757	557129191694153
557129205307174	557129241654049	557129207228007
557129232039987	557129258225924	557129233903528
557129249276966	557129274820716	557129251700924
557129273899362	557129291405612	557129275778528
557129290508216	557129307949882	557129292330612
557129307364466	557129324543632	557129309078007
557129337656653	557129357704570	557129339524882
557129341192070	557129374261862	557129343010820
557129358095195	557129390859778	557129360096757
557129375689987	557129407439466	557129377677487
557129391847799	557129423997799	557129393721757
557129408530091	557129440591549	557129410331132
557129418897278	557129457169674	557129420753007
557129442798320	557129473752487	557129444841549
557129458386862	557129490302487	557129460378528
557129477693632	557129506894674	557129479676445
557129486935820	557129523456132	557129488431653
557129486935820	557129540045195	557129488431653
557129548668632	557129573195195	557129550495716
557129554143112	557129589776966	557129556162903
557129570514987	557129606338424	557129571913945
557129582811341	557129622920195	557129584825403
557131189453528	557131214385820	557131191360299
557131244632174	557131264105611	557131246172278
557131309966549	557131330404049	557131311976445
557131377431653	557131396680611	557131379242070
557131440916549	557131462971757	557131442843111
557131505824361	557131529328528	557131506672278


16666666
557127337024362	557127368226445	557127338709779
557127339268633	557127384820716	557127340394674
557127361989987	557127401387904	557127363857695
557127378006133	557127417950924	557127379587904
557127396612383	557127434598841	557127398178008
557127414770716	557127451102487	557127416353008
557127517440508	557127534012904	557127518023320
557127525997799	557127551281654	557127527775924
557127559452487	557127583732695	557127561053529
557127583688945	557127600329570	557127585171758
557127592226445	557127616897279	557127593672279
557127660853008	557127683218112	557127662314987
557127665312383	557127699803529	557127666784258
557127682154570	557127716387904	557127683780091
557127693249883	557127732966549	557127694889987
557127743208737	557127766134779	557127744543633
557127752238424	557127782694154	557127753721237
557127767058216	557127799281654	557127768645195
557127786622799	557127815864466	557127788206133
557127793541029	557127832432174	557127795201966
557127836345716	557127865614466	557127837978008
557127839711862	557127882174362	557127841251966
557127872617070	557127898755612	557127874216549
557127877668633	557127915329570	557127879260820
557127946247799	557127965080612	557127947592591
557127960217070	557127981663945	557127961786862
557127967833216	557127998228528	557127969098320
557128001508737	557128031371758	557128002906133
557128008736862	557128048233216	557128010325403
557128035663424	557128064549883	557128037312903
557128043444153	557128081140508	557128044938945
557128070904049	557128097714987	557128072624883
557128078397799	557128114294674	557128079893633
557128104154570	557128130886862	557128105530612
557128107567070	557128147454570	557128109109258
557128137847278	557128164016549	557128139277487
557128144372278	557128180599362	557128146083216
557128191473841	557128213768112	557128193056653
557128198153528	557128230353008	557128199874883
557128218592070	557128246916549	557128220227487
557128226475924	557128263500924	557128228141028
557128262832695	557128280139987	557128264600403
557128267452487	557128296652487	557128268869153
557128290806133	557128313232695	557128292491028
557128299987903	557128329825924	557128301671758
557128314310299	557128346401966	557128316102487
557128329834778	557128362969153	557128331459258
557128346185820	557128379552487	557128347871758
557128358149362	557128396125924	557128359836341
557128378318112	557128412731133	557128379945195
557128394667591	557128429297799	557128396434258
557128405834778	557128445876966	557128407954570
557128428416549	557128462470195	557128430267070
557128440842070	557128479046758	557128442501966
557128464154570	557128495625403	557128465795716
557128480164987	557128512208216	557128481833216
557128490469153	557128528786341	557128492118112
557128513014466	557128545356133	557128514714466
557128526023320	557128561933216	557128528685299
557128540988424	557128578512383	557128542689987
557128558608216	557128595089466	557128560358737
557128576280612	557128611675924	557128577975403
557128586705091	557128628311862	557128588444674
557128610467070	557128644872278	557128612460299
557128627467591	557128661428008	557128629346237
557128645969674	557128678011341	557128648070716
557128654494674	557128694592591	557128656247799
557128680972799	557128711220195	557128682745716
557128694005612	557128727771237	557128695769674
557128712393112	557128744370716	557128714046758
557128723766028	557128760933216	557128725463424
557128749352487	557128777535299	557128750921758
557128768302487	557128794094153	557128768940508
557128779982695	557128810666028	557128781643112
557128798259258	557128827255612	557128800169153
557128806869153	557128843831133	557128808653008
557128830564466	557128860389987	557128832316028
557128845857174	557128876987903	557128847831133
557128862244674	557128893533216	557128864061341
557128875692070	557128910120195	557128877299883
557128885683216	557128926705091	557128887435299
557128908237903	557128943259778	557128910089466
557128926750924	557128959837903	557128928449362
557128946037383	557128976417070	557128947904049
557128966885299	557128992985820	557128968818112
557128974346237	557129009578528	557128976081133
557128988759778	557129026149362	557128990608216
557129005499362	557129042726445	557129007332174
557129018593112	557129059303007	557129020365507
557129040497278	557129075911341	557129042405612
557129058873320	557129092482695	557129060758737
557129078095716	557129109050924	557129079973841
557129102643112	557129125619153	557129104387382
557129118229570	557129142199882	557129120147278
557129121842591	557129158772799	557129123631132
557129143762382	557129175345716	557129145782695
557129158228528	557129191921757	557129160130612
557129175056132	557129208496237	557129176901445
557129189767070	557129225071757	557129191694153
557129205307174	557129241654049	557129207228007
557129232039987	557129258225924	557129233903528
557129249276966	557129274820716	557129251700924
557129273899362	557129291405612	557129275778528
557129290508216	557129307949882	557129292330612
557129307364466	557129324543632	557129309078007
557129337656653	557129357704570	557129339524882
557129341192070	557129374261862	557129343010820
557129358095195	557129390859778	557129360096757
557129375689987	557129407439466	557129377677487
557129391847799	557129423997799	557129393721757
557129408530091	557129440591549	557129410331132
557129418897278	557129457169674	557129420753007
557129442798320	557129473752487	557129444841549
557129458386862	557129490302487	557129460378528
557129477693632	557129506894674	557129479676445
557129486935820	557129523456132	557129488431653
557129486935820	557129540045195	557129488431653
557129548668632	557129573195195	557129550495716
557129554143112	557129589776966	557129556162903
557129570514987	557129606338424	557129571913945
557129582811341	557129622920195	557129584825403
557131189453528	557131214385820	557131191360299
557131244632174	557131264105611	557131246172278
557131309966549	557131330404049	557131311976445
557131377431653	557131396680611	557131379242070
557131440916549	557131462971757	557131442843111
557131505824361	557131529328528	557131506672278


16666666
557183257371228	557183298148312	557183258095187
557183274352999	557183314720187	557183274675916
557183290339978	557183331294666	557183291110291
557183308196228	557183347861853	557183308933208
557183323692062	557183364442583	557183324442583
557183340088937	557183381002478	557183340688416
557183379904562	557183397606124	557183381543103
557183386808208	557183414182687	557183388531124
557183393494145	557183430740499	557183395061333
557183408960812	557183447317062	557183410573312
557183450188937	557183480488937	557183451635291
557183454834770	557183497032687	557183456546749
557183495622791	557183513604041	557183497229041
557183498953520	557183530168624	557183500564978
557183536837895	557183563348833	557183538314978
557183570266020	557183596517583	557183571798833
557183577937895	557183613122270	557183579455603
557183719534770	557183745641541	557183720894666
557183745353520	557183762221749	557183746990499
557183766433728	557183795358207	557183767998832
557183792094666	557183811934249	557183793735812
557183830844145	557183861679562	557183832430603
557183837210812	557183878257687	557183838811853
557183882831124	557183911425916	557183885040499
557183887561853	557183927973832	557183889116020
557183914814457	557183944546228	557183916457166
557183927459249	557183961135812	557183929035812
557183939085812	557183977700395	557183940710812
557183983025395	557184010867062	557183984573312
557183991936332	557184027422270	557183993512895
557184042543624	557184060587374	557184044182687
557184049860291	557184077135291	557184051558207
557184111055603	557184143430603	557184112508728
557184122788937	557184159996228	557184124298832
557184150658728	557184176597270	557184152257166
557184162891020	557184193136332	557184164347791
557184185700395	557184209726437	557184187350395
557184195402999	557184226294666	557184197091541
557184235252999	557184259420187	557184236791541
557184245191541	557184276004562	557184246875916
557184289561332	557184309154041	557184291203520
557184301513937	557184325711853	557184303278520
557184333188416	557184359227999	557184335846228
557184343323832	557184375432687	557184345014457
557184360338416	557184391992582	557184361919666
557184370926437	557184408586332	557184372492062
557184415971228	557184441753520	557184417780603
557184423763416	557184458289457	557184425380603
557184447612895	557184474884770	557184449261332
557184452680082	557184491434249	557184454229562
557184494205603	557184524602999	557184496062374
557184501301957	557184541164978	557184502795707
557184525509249	557184557745707	557184527079041
557184533655082	557184574335291	557184535370707
557184567825395	557184591052999	557184569571749
557184575447791	557184607465499	557184577251437
557184595771749	557184624071749	557184597256645
557184602604041	557184640619666	557184604338416
557184629413937	557184657206124	557184631223832
557184633879562	557184673766541	557184635570707
557184663064978	557184690374353	557184664842062
557184670093624	557184706923312	557184671832687
557184699055082	557184723504041	557184700748832
557184725485811	557184756657686	557184726919666
557184732242582	557184773203520	557184733917582
557184756208207	557184789801957	557184757796749
557184771357166	557184806347270	557184772481124
557184785952478	557184822922791	557184787595186
557184802215499	557184839510291	557184803886853
557184816586853	557184856093103	557184818479561
557184836824353	557184872663416	557184838651436
557184852474353	557184889207166	557184854161332
557184868588416	557184905814978	557184870223832
557184883259249	557184922372270	557184885063936
557184902280082	557184938942061	557184903955603
557184919315499	557184955527999	557184921147270
557184932407166	557184972100395	557184934101436
557184953459770	557184988698832	557184955199353
557184966471228	557185005221749	557184968185291
557184984816541	557185021826957	557184986473832
557185003014457	557185038426436	557185004448832
557185018420707	557185054950395	557185020091541
557185035079561	557185071539978	557185036841541
557185049894666	557185088089457	557185051731645
557185066649874	557185104673832	557185068131645
557185084145186	557185121250395	557185085488936
557185099042582	557185137813416	557185100568103
557185114375395	557185154414978	557185116177999
557185133430082	557185170974874	557185135302999
557185167249353	557185187539457	557185168855603
557185177500395	557185204103520	557185179347270
557185186534770	557185220676436	557185188278520
557185201733207	557185237250916	557185203593103
557185220293624	557185253832166	557185221937374
557185231096749	557185270455603	557185232943103
557185255120186	557185286976436	557185256647270
557185270598832	557185303554561	557185272502999
557185281347791	557185320135811	557185282956645
557185303617582	557185336714457	557185305474353
557185323660811	557185353285811	557185325461332
557185339712374	557185369891541	557185341606124
557185350525916	557185386451436	557185352355603
557185376798832	557185403058207	557185378492582
557185393387895	557185419614457	557185395183207
557185409308207	557185436179041	557185411108207
557185415075916	557185452736332	557185416647270
557185454256124	557185485895707	557185456107686
557185479782686	557185502455082	557185481326957
557185493134249	557185519010291	557185494992061
557185499581645	557185535598832	557185501445186
557185517285291	557185552187895	557185518892061
557185528809249	557185568738936	557185530653520
557185555095186	557185585323832	557185557121749
557185569217061	557185601894145	557185571049353
557185580659249	557185618457686	557185582482686
557185604220186	557185635036853	557185605945186
557185618071228	557185651621749	557185619916020
557185630746228	557185668169666	557185632599353
557185656367061	557185684776957	557185658226957
557185677831124	557185701348311	557185679787895
557185686182166	557185717934249	557185688409770
557185707136853	557185734524874	557185708996749
557185725393103	557185751099353	557185727406645
557185736443103	557185767635811	557185738626957
557185736443103	557185784510291	557185738626957
557185799960291	557185817346749	557185801718624
557185807649874	557185833931124	557185809597791


16666666
557183393494145	557183430740499	557183395061333
557183408960812	557183447317062	557183410573312
557183450188937	557183480488937	557183451635291
557183454834770	557183497032687	557183456546749
557183495622791	557183513604041	557183497229041
557183498953520	557183530168624	557183500564978
557183536837895	557183563348833	557183538314978
557183570266020	557183596517583	557183571798833
557183577937895	557183613122270	557183579455603
557183719534770	557183745641541	557183720894666
557183745353520	557183762221749	557183746990499
557183766433728	557183795358207	557183767998832
557183792094666	557183811934249	557183793735812
557183830844145	557183861679562	557183832430603
557183837210812	557183878257687	557183838811853
557183882831124	557183911425916	557183885040499
557183887561853	557183927973832	557183889116020
557183914814457	557183944546228	557183916457166
557183927459249	557183961135812	557183929035812
557183939085812	557183977700395	557183940710812
557183983025395	557184010867062	557183984573312
557183991936332	557184027422270	557183993512895
557184042543624	557184060587374	557184044182687
557184049860291	557184077135291	557184051558207
557184111055603	557184143430603	557184112508728
557184122788937	557184159996228	557184124298832
557184150658728	557184176597270	557184152257166
557184162891020	557184193136332	557184164347791
557184185700395	557184209726437	557184187350395
557184195402999	557184226294666	557184197091541
557184235252999	557184259420187	557184236791541
557184245191541	557184276004562	557184246875916
557184289561332	557184309154041	557184291203520
557184301513937	557184325711853	557184303278520
557184333188416	557184359227999	557184335846228
557184343323832	557184375432687	557184345014457
557184360338416	557184391992582	557184361919666
557184370926437	557184408586332	557184372492062
557184415971228	557184441753520	557184417780603
557184423763416	557184458289457	557184425380603
557184447612895	557184474884770	557184449261332
557184452680082	557184491434249	557184454229562
557184494205603	557184524602999	557184496062374
557184501301957	557184541164978	557184502795707
557184525509249	557184557745707	557184527079041
557184533655082	557184574335291	557184535370707
557184567825395	557184591052999	557184569571749
557184575447791	557184607465499	557184577251437
557184595771749	557184624071749	557184597256645
557184602604041	557184640619666	557184604338416
557184629413937	557184657206124	557184631223832
557184633879562	557184673766541	557184635570707
557184663064978	557184690374353	557184664842062
557184670093624	557184706923312	557184671832687
557184699055082	557184723504041	557184700748832
557184725485811	557184756657686	557184726919666
557184732242582	557184773203520	557184733917582
557184756208207	557184789801957	557184757796749
557184771357166	557184806347270	557184772481124
557184785952478	557184822922791	557184787595186
557184802215499	557184839510291	557184803886853
557184816586853	557184856093103	557184818479561
557184836824353	557184872663416	557184838651436
557184852474353	557184889207166	557184854161332
557184868588416	557184905814978	557184870223832
557184883259249	557184922372270	557184885063936
557184902280082	557184938942061	557184903955603
557184919315499	557184955527999	557184921147270
557184932407166	557184972100395	557184934101436
557184953459770	557184988698832	557184955199353
557184966471228	557185005221749	557184968185291
557184984816541	557185021826957	557184986473832
557185003014457	557185038426436	557185004448832
557185018420707	557185054950395	557185020091541
557185035079561	557185071539978	557185036841541
557185049894666	557185088089457	557185051731645
557185066649874	557185104673832	557185068131645
557185084145186	557185121250395	557185085488936
557185099042582	557185137813416	557185100568103
557185114375395	557185154414978	557185116177999
557185133430082	557185170974874	557185135302999
557185167249353	557185187539457	557185168855603
557185177500395	557185204103520	557185179347270
557185186534770	557185220676436	557185188278520
557185201733207	557185237250916	557185203593103
557185220293624	557185253832166	557185221937374
557185231096749	557185270455603	557185232943103
557185255120186	557185286976436	557185256647270
557185270598832	557185303554561	557185272502999
557185281347791	557185320135811	557185282956645
557185303617582	557185336714457	557185305474353
557185323660811	557185353285811	557185325461332
557185339712374	557185369891541	557185341606124
557185350525916	557185386451436	557185352355603
557185376798832	557185403058207	557185378492582
557185393387895	557185419614457	557185395183207
557185409308207	557185436179041	557185411108207
557185415075916	557185452736332	557185416647270
557185454256124	557185485895707	557185456107686
557185479782686	557185502455082	557185481326957
557185493134249	557185519010291	557185494992061
557185499581645	557185535598832	557185501445186
557185517285291	557185552187895	557185518892061
557185528809249	557185568738936	557185530653520
557185555095186	557185585323832	557185557121749
557185569217061	557185601894145	557185571049353
557185580659249	557185618457686	557185582482686
557185604220186	557185635036853	557185605945186
557185618071228	557185651621749	557185619916020
557185630746228	557185668169666	557185632599353
557185656367061	557185684776957	557185658226957
557185677831124	557185701348311	557185679787895
557185686182166	557185717934249	557185688409770
557185707136853	557185734524874	557185708996749
557185725393103	557185751099353	557185727406645
557185736443103	557185767635811	557185738626957
557185736443103	557185784510291	557185738626957
557185799960291	557185817346749	557185801718624
557185807649874	557185833931124	557185809597791
557185831441020	557185850504040	557185832787374
557185843098311	557185867068624	557185844607165
557187444650915	557187474680082	557187447253519
557187503464457	557187524381124	557187505430082
557187568350394	557187590669144	557187570249353
557187635058207	557187656962374	557187637054040
557187699422269	557187723257165	557187700941019
557187764350394	557187789600394	557187765044144


16666666
557183393494145	557183430740499	557183395061333
557183408960812	557183447317062	557183410573312
557183450188937	557183480488937	557183451635291
557183454834770	557183497032687	557183456546749
557183495622791	557183513604041	557183497229041
557183498953520	557183530168624	557183500564978
557183536837895	557183563348833	557183538314978
557183570266020	557183596517583	557183571798833
557183577937895	557183613122270	557183579455603
557183719534770	557183745641541	557183720894666
557183745353520	557183762221749	557183746990499
557183766433728	557183795358207	557183767998832
557183792094666	557183811934249	557183793735812
557183830844145	557183861679562	557183832430603
557183837210812	557183878257687	557183838811853
557183882831124	557183911425916	557183885040499
557183887561853	557183927973832	557183889116020
557183914814457	557183944546228	557183916457166
557183927459249	557183961135812	557183929035812
557183939085812	557183977700395	557183940710812
557183983025395	557184010867062	557183984573312
557183991936332	557184027422270	557183993512895
557184042543624	557184060587374	557184044182687
557184049860291	557184077135291	557184051558207
557184111055603	557184143430603	557184112508728
557184122788937	557184159996228	557184124298832
557184150658728	557184176597270	557184152257166
557184162891020	557184193136332	557184164347791
557184185700395	557184209726437	557184187350395
557184195402999	557184226294666	557184197091541
557184235252999	557184259420187	557184236791541
557184245191541	557184276004562	557184246875916
557184289561332	557184309154041	557184291203520
557184301513937	557184325711853	557184303278520
557184333188416	557184359227999	557184335846228
557184343323832	557184375432687	557184345014457
557184360338416	557184391992582	557184361919666
557184370926437	557184408586332	557184372492062
557184415971228	557184441753520	557184417780603
557184423763416	557184458289457	557184425380603
557184447612895	557184474884770	557184449261332
557184452680082	557184491434249	557184454229562
557184494205603	557184524602999	557184496062374
557184501301957	557184541164978	557184502795707
557184525509249	557184557745707	557184527079041
557184533655082	557184574335291	557184535370707
557184567825395	557184591052999	557184569571749
557184575447791	557184607465499	557184577251437
557184595771749	557184624071749	557184597256645
557184602604041	557184640619666	557184604338416
557184629413937	557184657206124	557184631223832
557184633879562	557184673766541	557184635570707
557184663064978	557184690374353	557184664842062
557184670093624	557184706923312	557184671832687
557184699055082	557184723504041	557184700748832
557184725485811	557184756657686	557184726919666
557184732242582	557184773203520	557184733917582
557184756208207	557184789801957	557184757796749
557184771357166	557184806347270	557184772481124
557184785952478	557184822922791	557184787595186
557184802215499	557184839510291	557184803886853
557184816586853	557184856093103	557184818479561
557184836824353	557184872663416	557184838651436
557184852474353	557184889207166	557184854161332
557184868588416	557184905814978	557184870223832
557184883259249	557184922372270	557184885063936
557184902280082	557184938942061	557184903955603
557184919315499	557184955527999	557184921147270
557184932407166	557184972100395	557184934101436
557184953459770	557184988698832	557184955199353
557184966471228	557185005221749	557184968185291
557184984816541	557185021826957	557184986473832
557185003014457	557185038426436	557185004448832
557185018420707	557185054950395	557185020091541
557185035079561	557185071539978	557185036841541
557185049894666	557185088089457	557185051731645
557185066649874	557185104673832	557185068131645
557185084145186	557185121250395	557185085488936
557185099042582	557185137813416	557185100568103
557185114375395	557185154414978	557185116177999
557185133430082	557185170974874	557185135302999
557185167249353	557185187539457	557185168855603
557185177500395	557185204103520	557185179347270
557185186534770	557185220676436	557185188278520
557185201733207	557185237250916	557185203593103
557185220293624	557185253832166	557185221937374
557185231096749	557185270455603	557185232943103
557185255120186	557185286976436	557185256647270
557185270598832	557185303554561	557185272502999
557185281347791	557185320135811	557185282956645
557185303617582	557185336714457	557185305474353
557185323660811	557185353285811	557185325461332
557185339712374	557185369891541	557185341606124
557185350525916	557185386451436	557185352355603
557185376798832	557185403058207	557185378492582
557185393387895	557185419614457	557185395183207
557185409308207	557185436179041	557185411108207
557185415075916	557185452736332	557185416647270
557185454256124	557185485895707	557185456107686
557185479782686	557185502455082	557185481326957
557185493134249	557185519010291	557185494992061
557185499581645	557185535598832	557185501445186
557185517285291	557185552187895	557185518892061
557185528809249	557185568738936	557185530653520
557185555095186	557185585323832	557185557121749
557185569217061	557185601894145	557185571049353
557185580659249	557185618457686	557185582482686
557185604220186	557185635036853	557185605945186
557185618071228	557185651621749	557185619916020
557185630746228	557185668169666	557185632599353
557185656367061	557185684776957	557185658226957
557185677831124	557185701348311	557185679787895
557185686182166	557185717934249	557185688409770
557185707136853	557185734524874	557185708996749
557185725393103	557185751099353	557185727406645
557185736443103	557185767635811	557185738626957
557185736443103	557185784510291	557185738626957
557185799960291	557185817346749	557185801718624
557185807649874	557185833931124	557185809597791
557185831441020	557185850504040	557185832787374
557185843098311	557185867068624	557185844607165
557187444650915	557187474680082	557187447253519
557187503464457	557187524381124	557187505430082
557187568350394	557187590669144	557187570249353
557187635058207	557187656962374	557187637054040
557187699422269	557187723257165	557187700941019
557187764350394	557187789600394	557187765044144


16666666
557238700503512	557238728447782	557238702155074
557238702610803	557238745033720	557238703578512
557238722617053	557238761617053	557238724179032
557238737215491	557238778199866	557238738797262
557238755474345	557238794773824	557238756844137
557238772205074	557238812153512	557238773438928
557238789509241	557238827925907	557238790722262
557238806093616	557238844511845	557238807539449
557238823489449	557238861112887	557238824736845
557238838060282	557238877667053	557238839292053
557238854753512	557238894227991	557238855928512
557238873512887	557238910829553	557238874319137
557238889634762	557238927388407	557238890210282
557238907462366	557238943965491	557238908160803
557238952105595	557238977120178	557238953518616
557238954241012	557238993703512	557238955365491
557239053621741	557239076601428	557239055069657
557239104885282	557239126336324	557239106198303
557239107332678	557239142911845	557239108442574
557239301395178	557239325275907	557239302742574
557239330362366	557239358414970	557239331758720
557239337291011	557239374978511	557239338823303
557239361534241	557239391589970	557239362524866
557239368273303	557239408189449	557239369849866
557239391366532	557239424767053	557239393019657
557239401460803	557239441305074	557239403021220
557239427802470	557239457889449	557239429489970
557239441162886	557239474459241	557239442783199
557239452465491	557239491038928	557239454112886
557239478826428	557239507641011	557239480452991
557239486167574	557239524408720	557239487719136
557239514277470	557239540772261	557239515812886
557239521461845	557239557331116	557239523047782
557239546314970	557239573925386	557239547959241
557239553182157	557239590480595	557239555475907
557239578495699	557239607083720	557239580178511
557239585783199	557239623630595	557239587419136
557239612743616	557239640221220	557239614321741
557239622606116	557239656771741	557239624139449
557239650424866	557239673362886	557239652049345
557239669984761	557239689969136	557239671644657
557239693193095	557239723121741	557239694780074
557239725100907	557239756263407	557239726700907
557239751538928	557239772830074	557239753095699
557239760808199	557239789399345	557239762472261
557239772102991	557239805965491	557239773808199
557239788898824	557239822586324	557239790586845
557239801148824	557239839121741	557239803119657
557239822234761	557239855720178	557239823868095
557239840559761	557239872280595	557239842170178
557239849883199	557239888856636	557239851563407
557239872956116	557239905447782	557239874595699
557239888338407	557239922155595	557239889997261
557239901558720	557239938605595	557239903227470
557239918945699	557239955142574	557239922208199
557239943917053	557239971716011	557239946554032
557239956511324	557239988303511	557239958259241
557239965309761	557240004883199	557239967029553
557239988995178	557240021475907	557239990718616
557240008647261	557240038036845	557240009160803
557240026531636	557240054608199	557240028196741
557240044716011	557240071188407	557240046246741
557240055038928	557240087761324	557240056783199
557240079556116	557240104405595	557240081117053
557240095118095	557240120931116	557240096896220
557240109828511	557240137512366	557240111564970
557240116536845	557240154049866	557240118264970
557240144656116	557240170695699	557240145922261
557240161227470	557240187223824	557240162708199
557240173485282	557240203787886	557240174361845
557240193310803	557240220347782	557240194886324
557240205184761	557240236933199	557240206957157
557240219802991	557240253514449	557240221542574
557240232822782	557240270131116	557240234617053
557240254137366	557240286665491	557240256088407
557240271495178	557240303249866	557240273414970
557240293198303	557240319803511	557240294640491
557240302267053	557240336379032	557240304314449
557240322496741	557240352960803	557240324300907
557240337209761	557240369523824	557240339148303
557240354329032	557240386116532	557240356183720
557240370143095	557240402687366	557240371966011
557240387331636	557240419276949	557240389164970
557240404217574	557240435835282	557240406211324
557240421307157	557240452418615	557240423094657
557240437876949	557240468965490	557240439742574
557240457858199	557240485564970	557240459402990
557240472936324	557240502161845	557240474762886
557240489759240	557240518726428	557240491740490
557240505449865	557240535300386	557240507418615
557240521803511	557240551876428	557240523667053
557240536962365	557240568446220	557240538850386
557240554767574	557240585017053	557240556472261
557240569680595	557240601588928	557240571587886
557240586146740	557240618145178	557240588083199
557240604514449	557240634742574	557240606379032
557240619559240	557240651320699	557240621260803
557240639014449	557240667894136	557240640698303
557240655559240	557240684470699	557240657446740
557240669332157	557240701018095	557240671216011
557240687871740	557240717611845	557240689556115
557240704149345	557240734192574	557240705759240
557240719298303	557240750777470	557240721236845
557240735670699	557240767935803	557240737602470
557240753598303	557240783890490	557240755605074
557240771007678	557240800470699	557240772487365
557240787678511	557240817076428	557240789691532
557240803836845	557240833642053	557240805511324
557240821522782	557240850203511	557240822993095
557240828572261	557240866774345	557240830311324
557240853276428	557240883753511	557240855135282
557240870207157	557240899905595	557240872111845
557240888075907	557240916509240	557240890017053
557240896648303	557240933065490	557240898624345
557240896648303	557241082244657	557240898624345
557241094752470	557241115387886	557241096346740
557241109575386	557241131959240	557241111480595
557241115713407	557241148530595	557241117607678
557241140682678	557241165102990	557241142511324
557241145944136	557241181679032	557241147925907
557241158926428	557241198244136	557241160896740
557242755624344	557242773062365	557242757869657
557242819292053	557242839387886	557242821262365
557242886819136	557242905668094	557242889802469
557242950502469	557242971963928	557242952610282
557243016927469	557243038313407	557243018271740
557243079575386	557243104593615	557243080270178


16666666
557238700503512	557238728447782	557238702155074
557238702610803	557238745033720	557238703578512
557238722617053	557238761617053	557238724179032
557238737215491	557238778199866	557238738797262
557238755474345	557238794773824	557238756844137
557238772205074	557238812153512	557238773438928
557238789509241	557238827925907	557238790722262
557238806093616	557238844511845	557238807539449
557238823489449	557238861112887	557238824736845
557238838060282	557238877667053	557238839292053
557238854753512	557238894227991	557238855928512
557238873512887	557238910829553	557238874319137
557238889634762	557238927388407	557238890210282
557238907462366	557238943965491	557238908160803
557238952105595	557238977120178	557238953518616
557238954241012	557238993703512	557238955365491
557239053621741	557239076601428	557239055069657
557239104885282	557239126336324	557239106198303
557239107332678	557239142911845	557239108442574
557239301395178	557239325275907	557239302742574
557239330362366	557239358414970	557239331758720
557239337291011	557239374978511	557239338823303
557239361534241	557239391589970	557239362524866
557239368273303	557239408189449	557239369849866
557239391366532	557239424767053	557239393019657
557239401460803	557239441305074	557239403021220
557239427802470	557239457889449	557239429489970
557239441162886	557239474459241	557239442783199
557239452465491	557239491038928	557239454112886
557239478826428	557239507641011	557239480452991
557239486167574	557239524408720	557239487719136
557239514277470	557239540772261	557239515812886
557239521461845	557239557331116	557239523047782
557239546314970	557239573925386	557239547959241
557239553182157	557239590480595	557239555475907
557239578495699	557239607083720	557239580178511
557239585783199	557239623630595	557239587419136
557239612743616	557239640221220	557239614321741
557239622606116	557239656771741	557239624139449
557239650424866	557239673362886	557239652049345
557239669984761	557239689969136	557239671644657
557239693193095	557239723121741	557239694780074
557239725100907	557239756263407	557239726700907
557239751538928	557239772830074	557239753095699
557239760808199	557239789399345	557239762472261
557239772102991	557239805965491	557239773808199
557239788898824	557239822586324	557239790586845
557239801148824	557239839121741	557239803119657
557239822234761	557239855720178	557239823868095
557239840559761	557239872280595	557239842170178
557239849883199	557239888856636	557239851563407
557239872956116	557239905447782	557239874595699
557239888338407	557239922155595	557239889997261
557239901558720	557239938605595	557239903227470
557239918945699	557239955142574	557239922208199
557239943917053	557239971716011	557239946554032
557239956511324	557239988303511	557239958259241
557239965309761	557240004883199	557239967029553
557239988995178	557240021475907	557239990718616
557240008647261	557240038036845	557240009160803
557240026531636	557240054608199	557240028196741
557240044716011	557240071188407	557240046246741
557240055038928	557240087761324	557240056783199
557240079556116	557240104405595	557240081117053
557240095118095	557240120931116	557240096896220
557240109828511	557240137512366	557240111564970
557240116536845	557240154049866	557240118264970
557240144656116	557240170695699	557240145922261
557240161227470	557240187223824	557240162708199
557240173485282	557240203787886	557240174361845
557240193310803	557240220347782	557240194886324
557240205184761	557240236933199	557240206957157
557240219802991	557240253514449	557240221542574
557240232822782	557240270131116	557240234617053
557240254137366	557240286665491	557240256088407
557240271495178	557240303249866	557240273414970
557240293198303	557240319803511	557240294640491
557240302267053	557240336379032	557240304314449
557240322496741	557240352960803	557240324300907
557240337209761	557240369523824	557240339148303
557240354329032	557240386116532	557240356183720
557240370143095	557240402687366	557240371966011
557240387331636	557240419276949	557240389164970
557240404217574	557240435835282	557240406211324
557240421307157	557240452418615	557240423094657
557240437876949	557240468965490	557240439742574
557240457858199	557240485564970	557240459402990
557240472936324	557240502161845	557240474762886
557240489759240	557240518726428	557240491740490
557240505449865	557240535300386	557240507418615
557240521803511	557240551876428	557240523667053
557240536962365	557240568446220	557240538850386
557240554767574	557240585017053	557240556472261
557240569680595	557240601588928	557240571587886
557240586146740	557240618145178	557240588083199
557240604514449	557240634742574	557240606379032
557240619559240	557240651320699	557240621260803
557240639014449	557240667894136	557240640698303
557240655559240	557240684470699	557240657446740
557240669332157	557240701018095	557240671216011
557240687871740	557240717611845	557240689556115
557240704149345	557240734192574	557240705759240
557240719298303	557240750777470	557240721236845
557240735670699	557240767935803	557240737602470
557240753598303	557240783890490	557240755605074
557240771007678	557240800470699	557240772487365
557240787678511	557240817076428	557240789691532
557240803836845	557240833642053	557240805511324
557240821522782	557240850203511	557240822993095
557240828572261	557240866774345	557240830311324
557240853276428	557240883753511	557240855135282
557240870207157	557240899905595	557240872111845
557240888075907	557240916509240	557240890017053
557240896648303	557240933065490	557240898624345
557240896648303	557241082244657	557240898624345
557241094752470	557241115387886	557241096346740
557241109575386	557241131959240	557241111480595
557241115713407	557241148530595	557241117607678
557241140682678	557241165102990	557241142511324
557241145944136	557241181679032	557241147925907
557241158926428	557241198244136	557241160896740
557242755624344	557242773062365	557242757869657
557242819292053	557242839387886	557242821262365
557242886819136	557242905668094	557242889802469
557242950502469	557242971963928	557242952610282
557243016927469	557243038313407	557243018271740
557243079575386	557243104593615	557243080270178


16666666
557239788898824	557239822586324	557239790586845
557239801148824	557239839121741	557239803119657
557239822234761	557239855720178	557239823868095
557239840559761	557239872280595	557239842170178
557239849883199	557239888856636	557239851563407
557239872956116	557239905447782	557239874595699
557239888338407	557239922155595	557239889997261
557239901558720	557239938605595	557239903227470
557239918945699	557239955142574	557239922208199
557239943917053	557239971716011	557239946554032
557239956511324	557239988303511	557239958259241
557239965309761	557240004883199	557239967029553
557239988995178	557240021475907	557239990718616
557240008647261	557240038036845	557240009160803
557240026531636	557240054608199	557240028196741
557240044716011	557240071188407	557240046246741
557240055038928	557240087761324	557240056783199
557240079556116	557240104405595	557240081117053
557240095118095	557240120931116	557240096896220
557240109828511	557240137512366	557240111564970
557240116536845	557240154049866	557240118264970
557240144656116	557240170695699	557240145922261
557240161227470	557240187223824	557240162708199
557240173485282	557240203787886	557240174361845
557240193310803	557240220347782	557240194886324
557240205184761	557240236933199	557240206957157
557240219802991	557240253514449	557240221542574
557240232822782	557240270131116	557240234617053
557240254137366	557240286665491	557240256088407
557240271495178	557240303249866	557240273414970
557240293198303	557240319803511	557240294640491
557240302267053	557240336379032	557240304314449
557240322496741	557240352960803	557240324300907
557240337209761	557240369523824	557240339148303
557240354329032	557240386116532	557240356183720
557240370143095	557240402687366	557240371966011
557240387331636	557240419276949	557240389164970
557240404217574	557240435835282	557240406211324
557240421307157	557240452418615	557240423094657
557240437876949	557240468965490	557240439742574
557240457858199	557240485564970	557240459402990
557240472936324	557240502161845	557240474762886
557240489759240	557240518726428	557240491740490
557240505449865	557240535300386	557240507418615
557240521803511	557240551876428	557240523667053
557240536962365	557240568446220	557240538850386
557240554767574	557240585017053	557240556472261
557240569680595	557240601588928	557240571587886
557240586146740	557240618145178	557240588083199
557240604514449	557240634742574	557240606379032
557240619559240	557240651320699	557240621260803
557240639014449	557240667894136	557240640698303
557240655559240	557240684470699	557240657446740
557240669332157	557240701018095	557240671216011
557240687871740	557240717611845	557240689556115
557240704149345	557240734192574	557240705759240
557240719298303	557240750777470	557240721236845
557240735670699	557240767935803	557240737602470
557240753598303	557240783890490	557240755605074
557240771007678	557240800470699	557240772487365
557240787678511	557240817076428	557240789691532
557240803836845	557240833642053	557240805511324
557240821522782	557240850203511	557240822993095
557240828572261	557240866774345	557240830311324
557240853276428	557240883753511	557240855135282
557240870207157	557240899905595	557240872111845
557240888075907	557240916509240	557240890017053
557240896648303	557240933065490	557240898624345
557240896648303	557241082244657	557240898624345
557241094752470	557241115387886	557241096346740
557241109575386	557241131959240	557241111480595
557241115713407	557241148530595	557241117607678
557241140682678	557241165102990	557241142511324
557241145944136	557241181679032	557241147925907
557241158926428	557241198244136	557241160896740
557242755624344	557242773062365	557242757869657
557242819292053	557242839387886	557242821262365
557242886819136	557242905668094	557242889802469
557242950502469	557242971963928	557242952610282
557243016927469	557243038313407	557243018271740
557243079575386	557243104593615	557243080270178
557284479134234	557284498784755	557284480581109
557284491221213	557284515349338	557284492758192
557284506784234	557284531917567	557284508357150
557284522910796	557284548504546	557284524413400
557284539099859	557284565069650	557284540249859
557284555287880	557284581645171	557284556861838
557284571457150	557284598218088	557284573213400
557284588097775	557284614793609	557284589705067
557284604642567	557284631379025	557284606125380
557284621379546	557284647959755	557284623025900
557284637901421	557284664537880	557284639551942
557284654311317	557284681113921	557284655958713
557284672677984	557284697681109	557284674302984
557284688244650	557284714255067	557284690364963
557284705070692	557284730833192	557284708255067
557284724140484	557284747405067	557284725827463
557284738310275	557284763985796	557284740863400
557284754028505	557284780563921	557284755835275
557284771666005	557284797137359	557284773458713
557284787143609	557284813705588	557284788992046
557284803682150	557284830299859	557284805667567
557284820677463	557284846875380	557284822632150
557284837532150	557284863438400	557284839359234
557284854068088	557284880007671	557284855819130
557284871235275	557284896580588	557284873041005
557284887681109	557284913158192	557284889396213
557284903032671	557284929723817	557284904856109
557286171784234	557286189609754	557286173387359
557286188749859	557286206490484	557286190007671
557286197593609	557286222741004	557286199092046
557286366902983	557286388538921	557286367686838
557286387953504	557286405091525	557286389092046
557286393219650	557286421729025	557286394272254
557286424862879	557286454797254	557286425932671
557286491238400	557286521107671	557286492445171
557286519119129	557286537672254	557286520340483
557286547210796	557286570838400	557286548287879
557286550494129	557286587408713	557286551457150
557286574261317	557286603986317	557286575360796
557286577387879	557286620562879	557286578394650
557286596267567	557286637145171	557286597366004
557286611383192	557286653732671	557286612437358
557286640522775	557286670325379	557286641341004
557286670792046	557286686886317	557286671915483
557286700987879	557286720072775	557286702829546
557286729781629	557286753180067	557286731411317


16666666
557294769936316	557294809667566	557294770580586
557294817497774	557294842840482	557294818096732
557294846559753	557294875966003	557294847547774
557294860524336	557294892548295	557294861841003
557294867584753	557294909132149	557294869352461
557294886145170	557294926010795	557294887669128
557294902149336	557294942298295	557294903773816
557294930931107	557294958870170	557294932787357
557294945450899	557294975443607	557294947193607
557294952220170	557294992003503	557294953714441
557294968847253	557295008588920	557294970470691
557295006775378	557295025156107	557295008364961
557295010684232	557295041747774	557295012311316
557295069829024	557295091506107	557295071321732
557295123078503	557295141218607	557295124700899
557295130988399	557295157766524	557295132569128
557295146417565	557295174337878	557295147918086
557295152850378	557295190913399	557295154422253
557295261916524	557295290368607	557295263506107
557295266642045	557295306932149	557295268238920
557295346194649	557295373242565	557295347656107
557295363048815	557295389830586	557295364831107
557295389042565	557295406360795	557295390620170
557295407441524	557295422927461	557295408971211
557295414383711	557295439530586	557295416095690
557295474232149	557295505819649	557295475810795
557295478745690	557295522377461	557295480371732
557295504799336	557295538960795	557295506548295
557295518283190	557295555536836	557295519942045
557295563553503	557295588664961	557295564682149
557295570185795	557295605238920	557295571820170
557295617088920	557295638410274	557295618727982
557295624946732	557295654972253	557295626138399
557295643994649	557295671532149	557295645740482
557295651133190	557295688110795	557295652648815
557295673441524	557295704689440	557295674818607
557295692333711	557295721245170	557295694032149
557295699354545	557295737832670	557295700927982
557295724256107	557295754421211	557295725863399
557295744310795	557295770984753	557295745771211
557295774956107	557295804124857	557295776621732
557295793094649	557295820699857	557295794619128
557295799421211	557295837289440	557295801051940
557295822875899	557295853837878	557295824404024
557295829511315	557295870419649	557295831192565
557295854216524	557295886993086	557295855869128
557295863837878	557295903572774	557295865550899
557295883593086	557295920150899	557295885314961
557295894482149	557295936771732	557295896183711
557295921960795	557295953295690	557295923377461
557295941675899	557295969879545	557295943327982
557295950779024	557295986461315	557295952488399
557295977957670	557296003043607	557295979371211
557295985736315	557296019646211	557295987457670
557296009005065	557296036196732	557296010314961
557296022775378	557296052770690	557296025213399
557296054224857	557296085898815	557296055932149
557296071600378	557296102482670	557296073096732
557296089371211	557296119055065	557296091177982
557296114890482	557296135670169	557296116592045
557296127522774	557296152179544	557296128555065
557296136617044	557296168754544	557296138343086
557296154913399	557296185348294	557296156758190
557296163848815	557296201894649	557296165650378
557296185532669	557296218479024	557296187257149
557296205920169	557296235047774	557296207481628
557296219021732	557296251611836	557296220585794
557296234870169	557296268227461	557296236642044
557296245352461	557296284760794	557296247096211
557296269446732	557296301369649	557296271083711
557296287045169	557296317929544	557296288708711
557296307023294	557296334487357	557296308772253
557296320768086	557296351060274	557296322490482
557296334420690	557296367625378	557296336116003
557296352426419	557296384230065	557296354221211
557296361708711	557296400783711	557296363480065
557296387303503	557296417371732	557296390335274
557296407160794	557296433945690	557296408870169
557296418849857	557296450514961	557296420603503
557296437958190	557296467096732	557296439739440
557296453477461	557296483655586	557296455620169
557296469858190	557296500250378	557296471291524
557296486944649	557296516843086	557296488795690
557296503270169	557296533388399	557296505158190
557296518009232	557296549962878	557296519896732
557296535370169	557296566541524	557296537183190
557296551764961	557296583135794	557296553589440
557296568266524	557296599691524	557296570016524
557296586074857	557296616255065	557296587863399
557296602409753	557296632815482	557296604200899
557296619988919	557296649390482	557296621784753
557296637636836	557296665981107	557296639923294
557296643684232	557296682557669	557296645870169
557296672372774	557296699126940	557296674245690
557296690009753	557296715703503	557296691689440
557296699742565	557296732279544	557296701585794
557296717948294	557296748863919	557296719762357
557296736826940	557296765425378	557296738504024
557296753831107	557296782016524	557296756492565
557296768243086	557296798579024	557296769635794
557296787435274	557296815172774	557296789185794
557296799800899	557296831738399	557296801762357
557296816644128	557296848301419	557296818492044
557296840612357	557296864869649	557296837506107
557296852821732	557296881439961	557296854392565
557296861241524	557296897991524	557296863295169
557296879674857	557296914578503	557296881783190
557296896721211	557296931151419	557296898611836
557296917668607	557296947730586	557296919513399
557296933754024	557296964661315	557296935354544
557296949496732	557296980847774	557296951350899
557296965034753	557296997417565	557296966772253
557296979482149	557297013996732	557296981375899
557296990948294	557297030589961	557296992869128
557297011260794	557297047136315	557297013080065
557297027161315	557297063724857	557297029169128
557297027161315	557297080285274	557297029169128
557297086460794	557297113442565	557297088596732
557297092093607	557297129998815	557297093779024
557297110012878	557297146574857	557297111412878
557297123763399	557297163167044	557297125836836
557298729606627	557298754089961	557298731792565
557298782504023	557298803788398	557298784510273
557298850483711	557298870076940	557298852406627
557298917222252	557298936368607	557298919106107
557298982148294	557299002633711	557298983125898
557299044104023	557299068916002	557299044724336


16666666
557294769936316	557294809667566	557294770580586
557294817497774	557294842840482	557294818096732
557294846559753	557294875966003	557294847547774
557294860524336	557294892548295	557294861841003
557294867584753	557294909132149	557294869352461
557294886145170	557294926010795	557294887669128
557294902149336	557294942298295	557294903773816
557294930931107	557294958870170	557294932787357
557294945450899	557294975443607	557294947193607
557294952220170	557294992003503	557294953714441
557294968847253	557295008588920	557294970470691
557295006775378	557295025156107	557295008364961
557295010684232	557295041747774	557295012311316
557295069829024	557295091506107	557295071321732
557295123078503	557295141218607	557295124700899
557295130988399	557295157766524	557295132569128
557295146417565	557295174337878	557295147918086
557295152850378	557295190913399	557295154422253
557295261916524	557295290368607	557295263506107
557295266642045	557295306932149	557295268238920
557295346194649	557295373242565	557295347656107
557295363048815	557295389830586	557295364831107
557295389042565	557295406360795	557295390620170
557295407441524	557295422927461	557295408971211
557295414383711	557295439530586	557295416095690
557295474232149	557295505819649	557295475810795
557295478745690	557295522377461	557295480371732
557295504799336	557295538960795	557295506548295
557295518283190	557295555536836	557295519942045
557295563553503	557295588664961	557295564682149
557295570185795	557295605238920	557295571820170
557295617088920	557295638410274	557295618727982
557295624946732	557295654972253	557295626138399
557295643994649	557295671532149	557295645740482
557295651133190	557295688110795	557295652648815
557295673441524	557295704689440	557295674818607
557295692333711	557295721245170	557295694032149
557295699354545	557295737832670	557295700927982
557295724256107	557295754421211	557295725863399
557295744310795	557295770984753	557295745771211
557295774956107	557295804124857	557295776621732
557295793094649	557295820699857	557295794619128
557295799421211	557295837289440	557295801051940
557295822875899	557295853837878	557295824404024
557295829511315	557295870419649	557295831192565
557295854216524	557295886993086	557295855869128
557295863837878	557295903572774	557295865550899
557295883593086	557295920150899	557295885314961
557295894482149	557295936771732	557295896183711
557295921960795	557295953295690	557295923377461
557295941675899	557295969879545	557295943327982
557295950779024	557295986461315	557295952488399
557295977957670	557296003043607	557295979371211
557295985736315	557296019646211	557295987457670
557296009005065	557296036196732	557296010314961
557296022775378	557296052770690	557296025213399
557296054224857	557296085898815	557296055932149
557296071600378	557296102482670	557296073096732
557296089371211	557296119055065	557296091177982
557296114890482	557296135670169	557296116592045
557296127522774	557296152179544	557296128555065
557296136617044	557296168754544	557296138343086
557296154913399	557296185348294	557296156758190
557296163848815	557296201894649	557296165650378
557296185532669	557296218479024	557296187257149
557296205920169	557296235047774	557296207481628
557296219021732	557296251611836	557296220585794
557296234870169	557296268227461	557296236642044
557296245352461	557296284760794	557296247096211
557296269446732	557296301369649	557296271083711
557296287045169	557296317929544	557296288708711
557296307023294	557296334487357	557296308772253
557296320768086	557296351060274	557296322490482
557296334420690	557296367625378	557296336116003
557296352426419	557296384230065	557296354221211
557296361708711	557296400783711	557296363480065
557296387303503	557296417371732	557296390335274
557296407160794	557296433945690	557296408870169
557296418849857	557296450514961	557296420603503
557296437958190	557296467096732	557296439739440
557296453477461	557296483655586	557296455620169
557296469858190	557296500250378	557296471291524
557296486944649	557296516843086	557296488795690
557296503270169	557296533388399	557296505158190
557296518009232	557296549962878	557296519896732
557296535370169	557296566541524	557296537183190
557296551764961	557296583135794	557296553589440
557296568266524	557296599691524	557296570016524
557296586074857	557296616255065	557296587863399
557296602409753	557296632815482	557296604200899
557296619988919	557296649390482	557296621784753
557296637636836	557296665981107	557296639923294
557296643684232	557296682557669	557296645870169
557296672372774	557296699126940	557296674245690
557296690009753	557296715703503	557296691689440
557296699742565	557296732279544	557296701585794
557296717948294	557296748863919	557296719762357
557296736826940	557296765425378	557296738504024
557296753831107	557296782016524	557296756492565
557296768243086	557296798579024	557296769635794
557296787435274	557296815172774	557296789185794
557296799800899	557296831738399	557296801762357
557296816644128	557296848301419	557296818492044
557296840612357	557296864869649	557296837506107
557296852821732	557296881439961	557296854392565
557296861241524	557296897991524	557296863295169
557296879674857	557296914578503	557296881783190
557296896721211	557296931151419	557296898611836
557296917668607	557296947730586	557296919513399
557296933754024	557296964661315	557296935354544
557296949496732	557296980847774	557296951350899
557296965034753	557296997417565	557296966772253
557296979482149	557297013996732	557296981375899
557296990948294	557297030589961	557296992869128
557297011260794	557297047136315	557297013080065
557297027161315	557297063724857	557297029169128
557297027161315	557297080285274	557297029169128
557297086460794	557297113442565	557297088596732
557297092093607	557297129998815	557297093779024
557297110012878	557297146574857	557297111412878
557297123763399	557297163167044	557297125836836
557298729606627	557298754089961	557298731792565
557298782504023	557298803788398	557298784510273
557298850483711	557298870076940	557298852406627
557298917222252	557298936368607	557298919106107
557298982148294	557299002633711	557298983125898
557299044104023	557299068916002	557299044724336


16666666
557294769936316	557294809667566	557294770580586
557294817497774	557294842840482	557294818096732
557294846559753	557294875966003	557294847547774
557294860524336	557294892548295	557294861841003
557294867584753	557294909132149	557294869352461
557294886145170	557294926010795	557294887669128
557294902149336	557294942298295	557294903773816
557294930931107	557294958870170	557294932787357
557294945450899	557294975443607	557294947193607
557294952220170	557294992003503	557294953714441
557294968847253	557295008588920	557294970470691
557295006775378	557295025156107	557295008364961
557295010684232	557295041747774	557295012311316
557295069829024	557295091506107	557295071321732
557295123078503	557295141218607	557295124700899
557295130988399	557295157766524	557295132569128
557295146417565	557295174337878	557295147918086
557295152850378	557295190913399	557295154422253
557295261916524	557295290368607	557295263506107
557295266642045	557295306932149	557295268238920
557295346194649	557295373242565	557295347656107
557295363048815	557295389830586	557295364831107
557295389042565	557295406360795	557295390620170
557295407441524	557295422927461	557295408971211
557295414383711	557295439530586	557295416095690
557295474232149	557295505819649	557295475810795
557295478745690	557295522377461	557295480371732
557295504799336	557295538960795	557295506548295
557295518283190	557295555536836	557295519942045
557295563553503	557295588664961	557295564682149
557295570185795	557295605238920	557295571820170
557295617088920	557295638410274	557295618727982
557295624946732	557295654972253	557295626138399
557295643994649	557295671532149	557295645740482
557295651133190	557295688110795	557295652648815
557295673441524	557295704689440	557295674818607
557295692333711	557295721245170	557295694032149
557295699354545	557295737832670	557295700927982
557295724256107	557295754421211	557295725863399
557295744310795	557295770984753	557295745771211
557295774956107	557295804124857	557295776621732
557295793094649	557295820699857	557295794619128
557295799421211	557295837289440	557295801051940
557295822875899	557295853837878	557295824404024
557295829511315	557295870419649	557295831192565
557295854216524	557295886993086	557295855869128
557295863837878	557295903572774	557295865550899
557295883593086	557295920150899	557295885314961
557295894482149	557295936771732	557295896183711
557295921960795	557295953295690	557295923377461
557295941675899	557295969879545	557295943327982
557295950779024	557295986461315	557295952488399
557295977957670	557296003043607	557295979371211
557295985736315	557296019646211	557295987457670
557296009005065	557296036196732	557296010314961
557296022775378	557296052770690	557296025213399
557296054224857	557296085898815	557296055932149
557296071600378	557296102482670	557296073096732
557296089371211	557296119055065	557296091177982
557296114890482	557296135670169	557296116592045
557296127522774	557296152179544	557296128555065
557296136617044	557296168754544	557296138343086
557296154913399	557296185348294	557296156758190
557296163848815	557296201894649	557296165650378
557296185532669	557296218479024	557296187257149
557296205920169	557296235047774	557296207481628
557296219021732	557296251611836	557296220585794
557296234870169	557296268227461	557296236642044
557296245352461	557296284760794	557296247096211
557296269446732	557296301369649	557296271083711
557296287045169	557296317929544	557296288708711
557296307023294	557296334487357	557296308772253
557296320768086	557296351060274	557296322490482
557296334420690	557296367625378	557296336116003
557296352426419	557296384230065	557296354221211
557296361708711	557296400783711	557296363480065
557296387303503	557296417371732	557296390335274
557296407160794	557296433945690	557296408870169
557296418849857	557296450514961	557296420603503
557296437958190	557296467096732	557296439739440
557296453477461	557296483655586	557296455620169
557296469858190	557296500250378	557296471291524
557296486944649	557296516843086	557296488795690
557296503270169	557296533388399	557296505158190
557296518009232	557296549962878	557296519896732
557296535370169	557296566541524	557296537183190
557296551764961	557296583135794	557296553589440
557296568266524	557296599691524	557296570016524
557296586074857	557296616255065	557296587863399
557296602409753	557296632815482	557296604200899
557296619988919	557296649390482	557296621784753
557296637636836	557296665981107	557296639923294
557296643684232	557296682557669	557296645870169
557296672372774	557296699126940	557296674245690
557296690009753	557296715703503	557296691689440
557296699742565	557296732279544	557296701585794
557296717948294	557296748863919	557296719762357
557296736826940	557296765425378	557296738504024
557296753831107	557296782016524	557296756492565
557296768243086	557296798579024	557296769635794
557296787435274	557296815172774	557296789185794
557296799800899	557296831738399	557296801762357
557296816644128	557296848301419	557296818492044
557296840612357	557296864869649	557296837506107
557296852821732	557296881439961	557296854392565
557296861241524	557296897991524	557296863295169
557296879674857	557296914578503	557296881783190
557296896721211	557296931151419	557296898611836
557296917668607	557296947730586	557296919513399
557296933754024	557296964661315	557296935354544
557296949496732	557296980847774	557296951350899
557296965034753	557296997417565	557296966772253
557296979482149	557297013996732	557296981375899
557296990948294	557297030589961	557296992869128
557297011260794	557297047136315	557297013080065
557297027161315	557297063724857	557297029169128
557297027161315	557297080285274	557297029169128
557297086460794	557297113442565	557297088596732
557297092093607	557297129998815	557297093779024
557297110012878	557297146574857	557297111412878
557297123763399	557297163167044	557297125836836
557298729606627	557298754089961	557298731792565
557298782504023	557298803788398	557298784510273
557298850483711	557298870076940	557298852406627
557298917222252	557298936368607	557298919106107
557298982148294	557299002633711	557298983125898
557299044104023	557299068916002	557299044724336


16666666
557294769936316	557294809667566	557294770580586
557294817497774	557294842840482	557294818096732
557294846559753	557294875966003	557294847547774
557294860524336	557294892548295	557294861841003
557294867584753	557294909132149	557294869352461
557294886145170	557294926010795	557294887669128
557294902149336	557294942298295	557294903773816
557294930931107	557294958870170	557294932787357
557294945450899	557294975443607	557294947193607
557294952220170	557294992003503	557294953714441
557294968847253	557295008588920	557294970470691
557295006775378	557295025156107	557295008364961
557295010684232	557295041747774	557295012311316
557295069829024	557295091506107	557295071321732
557295123078503	557295141218607	557295124700899
557295130988399	557295157766524	557295132569128
557295146417565	557295174337878	557295147918086
557295152850378	557295190913399	557295154422253
557295261916524	557295290368607	557295263506107
557295266642045	557295306932149	557295268238920
557295346194649	557295373242565	557295347656107
557295363048815	557295389830586	557295364831107
557295389042565	557295406360795	557295390620170
557295407441524	557295422927461	557295408971211
557295414383711	557295439530586	557295416095690
557295474232149	557295505819649	557295475810795
557295478745690	557295522377461	557295480371732
557295504799336	557295538960795	557295506548295
557295518283190	557295555536836	557295519942045
557295563553503	557295588664961	557295564682149
557295570185795	557295605238920	557295571820170
557295617088920	557295638410274	557295618727982
557295624946732	557295654972253	557295626138399
557295643994649	557295671532149	557295645740482
557295651133190	557295688110795	557295652648815
557295673441524	557295704689440	557295674818607
557295692333711	557295721245170	557295694032149
557295699354545	557295737832670	557295700927982
557295724256107	557295754421211	557295725863399
557295744310795	557295770984753	557295745771211
557295774956107	557295804124857	557295776621732
557295793094649	557295820699857	557295794619128
557295799421211	557295837289440	557295801051940
557295822875899	557295853837878	557295824404024
557295829511315	557295870419649	557295831192565
557295854216524	557295886993086	557295855869128
557295863837878	557295903572774	557295865550899
557295883593086	557295920150899	557295885314961
557295894482149	557295936771732	557295896183711
557295921960795	557295953295690	557295923377461
557295941675899	557295969879545	557295943327982
557295950779024	557295986461315	557295952488399
557295977957670	557296003043607	557295979371211
557295985736315	557296019646211	557295987457670
557296009005065	557296036196732	557296010314961
557296022775378	557296052770690	557296025213399
557296054224857	557296085898815	557296055932149
557296071600378	557296102482670	557296073096732
557296089371211	557296119055065	557296091177982
557296114890482	557296135670169	557296116592045
557296127522774	557296152179544	557296128555065
557296136617044	557296168754544	557296138343086
557296154913399	557296185348294	557296156758190
557296163848815	557296201894649	557296165650378
557296185532669	557296218479024	557296187257149
557296205920169	557296235047774	557296207481628
557296219021732	557296251611836	557296220585794
557296234870169	557296268227461	557296236642044
557296245352461	557296284760794	557296247096211
557296269446732	557296301369649	557296271083711
557296287045169	557296317929544	557296288708711
557296307023294	557296334487357	557296308772253
557296320768086	557296351060274	557296322490482
557296334420690	557296367625378	557296336116003
557296352426419	557296384230065	557296354221211
557296361708711	557296400783711	557296363480065
557296387303503	557296417371732	557296390335274
557296407160794	557296433945690	557296408870169
557296418849857	557296450514961	557296420603503
557296437958190	557296467096732	557296439739440
557296453477461	557296483655586	557296455620169
557296469858190	557296500250378	557296471291524
557296486944649	557296516843086	557296488795690
557296503270169	557296533388399	557296505158190
557296518009232	557296549962878	557296519896732
557296535370169	557296566541524	557296537183190
557296551764961	557296583135794	557296553589440
557296568266524	557296599691524	557296570016524
557296586074857	557296616255065	557296587863399
557296602409753	557296632815482	557296604200899
557296619988919	557296649390482	557296621784753
557296637636836	557296665981107	557296639923294
557296643684232	557296682557669	557296645870169
557296672372774	557296699126940	557296674245690
557296690009753	557296715703503	557296691689440
557296699742565	557296732279544	557296701585794
557296717948294	557296748863919	557296719762357
557296736826940	557296765425378	557296738504024
557296753831107	557296782016524	557296756492565
557296768243086	557296798579024	557296769635794
557296787435274	557296815172774	557296789185794
557296799800899	557296831738399	557296801762357
557296816644128	557296848301419	557296818492044
557296840612357	557296864869649	557296837506107
557296852821732	557296881439961	557296854392565
557296861241524	557296897991524	557296863295169
557296879674857	557296914578503	557296881783190
557296896721211	557296931151419	557296898611836
557296917668607	557296947730586	557296919513399
557296933754024	557296964661315	557296935354544
557296949496732	557296980847774	557296951350899
557296965034753	557296997417565	557296966772253
557296979482149	557297013996732	557296981375899
557296990948294	557297030589961	557296992869128
557297011260794	557297047136315	557297013080065
557297027161315	557297063724857	557297029169128
557297027161315	557297080285274	557297029169128
557297086460794	557297113442565	557297088596732
557297092093607	557297129998815	557297093779024
557297110012878	557297146574857	557297111412878
557297123763399	557297163167044	557297125836836
557298729606627	557298754089961	557298731792565
557298782504023	557298803788398	557298784510273
557298850483711	557298870076940	557298852406627
557298917222252	557298936368607	557298919106107
557298982148294	557299002633711	557298983125898
557299044104023	557299068916002	557299044724336


16666666
557294769936316	557294809667566	557294770580586
557294817497774	557294842840482	557294818096732
557294846559753	557294875966003	557294847547774
557294860524336	557294892548295	557294861841003
557294867584753	557294909132149	557294869352461
557294886145170	557294926010795	557294887669128
557294902149336	557294942298295	557294903773816
557294930931107	557294958870170	557294932787357
557294945450899	557294975443607	557294947193607
557294952220170	557294992003503	557294953714441
557294968847253	557295008588920	557294970470691
557295006775378	557295025156107	557295008364961
557295010684232	557295041747774	557295012311316
557295069829024	557295091506107	557295071321732
557295123078503	557295141218607	557295124700899
557295130988399	557295157766524	557295132569128
557295146417565	557295174337878	557295147918086
557295152850378	557295190913399	557295154422253
557295261916524	557295290368607	557295263506107
557295266642045	557295306932149	557295268238920
557295346194649	557295373242565	557295347656107
557295363048815	557295389830586	557295364831107
557295389042565	557295406360795	557295390620170
557295407441524	557295422927461	557295408971211
557295414383711	557295439530586	557295416095690
557295474232149	557295505819649	557295475810795
557295478745690	557295522377461	557295480371732
557295504799336	557295538960795	557295506548295
557295518283190	557295555536836	557295519942045
557295563553503	557295588664961	557295564682149
557295570185795	557295605238920	557295571820170
557295617088920	557295638410274	557295618727982
557295624946732	557295654972253	557295626138399
557295643994649	557295671532149	557295645740482
557295651133190	557295688110795	557295652648815
557295673441524	557295704689440	557295674818607
557295692333711	557295721245170	557295694032149
557295699354545	557295737832670	557295700927982
557295724256107	557295754421211	557295725863399
557295744310795	557295770984753	557295745771211
557295774956107	557295804124857	557295776621732
557295793094649	557295820699857	557295794619128
557295799421211	557295837289440	557295801051940
557295822875899	557295853837878	557295824404024
557295829511315	557295870419649	557295831192565
557295854216524	557295886993086	557295855869128
557295863837878	557295903572774	557295865550899
557295883593086	557295920150899	557295885314961
557295894482149	557295936771732	557295896183711
557295921960795	557295953295690	557295923377461
557295941675899	557295969879545	557295943327982
557295950779024	557295986461315	557295952488399
557295977957670	557296003043607	557295979371211
557295985736315	557296019646211	557295987457670
557296009005065	557296036196732	557296010314961
557296022775378	557296052770690	557296025213399
557296054224857	557296085898815	557296055932149
557296071600378	557296102482670	557296073096732
557296089371211	557296119055065	557296091177982
557296114890482	557296135670169	557296116592045
557296127522774	557296152179544	557296128555065
557296136617044	557296168754544	557296138343086
557296154913399	557296185348294	557296156758190
557296163848815	557296201894649	557296165650378
557296185532669	557296218479024	557296187257149
557296205920169	557296235047774	557296207481628
557296219021732	557296251611836	557296220585794
557296234870169	557296268227461	557296236642044
557296245352461	557296284760794	557296247096211
557296269446732	557296301369649	557296271083711
557296287045169	557296317929544	557296288708711
557296307023294	557296334487357	557296308772253
557296320768086	557296351060274	557296322490482
557296334420690	557296367625378	557296336116003
557296352426419	557296384230065	557296354221211
557296361708711	557296400783711	557296363480065
557296387303503	557296417371732	557296390335274
557296407160794	557296433945690	557296408870169
557296418849857	557296450514961	557296420603503
557296437958190	557296467096732	557296439739440
557296453477461	557296483655586	557296455620169
557296469858190	557296500250378	557296471291524
557296486944649	557296516843086	557296488795690
557296503270169	557296533388399	557296505158190
557296518009232	557296549962878	557296519896732
557296535370169	557296566541524	557296537183190
557296551764961	557296583135794	557296553589440
557296568266524	557296599691524	557296570016524
557296586074857	557296616255065	557296587863399
557296602409753	557296632815482	557296604200899
557296619988919	557296649390482	557296621784753
557296637636836	557296665981107	557296639923294
557296643684232	557296682557669	557296645870169
557296672372774	557296699126940	557296674245690
557296690009753	557296715703503	557296691689440
557296699742565	557296732279544	557296701585794
557296717948294	557296748863919	557296719762357
557296736826940	557296765425378	557296738504024
557296753831107	557296782016524	557296756492565
557296768243086	557296798579024	557296769635794
557296787435274	557296815172774	557296789185794
557296799800899	557296831738399	557296801762357
557296816644128	557296848301419	557296818492044
557296840612357	557296864869649	557296837506107
557296852821732	557296881439961	557296854392565
557296861241524	557296897991524	557296863295169
557296879674857	557296914578503	557296881783190
557296896721211	557296931151419	557296898611836
557296917668607	557296947730586	557296919513399
557296933754024	557296964661315	557296935354544
557296949496732	557296980847774	557296951350899
557296965034753	557296997417565	557296966772253
557296979482149	557297013996732	557296981375899
557296990948294	557297030589961	557296992869128
557297011260794	557297047136315	557297013080065
557297027161315	557297063724857	557297029169128
557297027161315	557297080285274	557297029169128
557297086460794	557297113442565	557297088596732
557297092093607	557297129998815	557297093779024
557297110012878	557297146574857	557297111412878
557297123763399	557297163167044	557297125836836
557298729606627	557298754089961	557298731792565
557298782504023	557298803788398	557298784510273
557298850483711	557298870076940	557298852406627
557298917222252	557298936368607	557298919106107
557298982148294	557299002633711	557298983125898
557299044104023	557299068916002	557299044724336


