16666666
0	0	0
0	0	0
0	0	0
0	0	0
0	0	0
0	0	0
0	0	0
0	0	0
0	0	0
0	0	0
0	0	0
0	0	0
0	0	0
0	0	0
0	0	0
0	0	0
0	0	0
0	0	0
0	0	0
0	0	0
0	0	0
0	0	0
0	0	0
0	0	0
0	0	0
0	0	0
0	0	0
0	0	0
0	0	0
0	0	0
0	0	0
0	0	0
0	0	0
0	0	0
0	0	0
0	0	0
0	0	0
0	0	0
0	0	0
0	0	0
0	0	0
0	0	0
0	0	0
0	0	0
0	0	0
0	0	0
0	0	0
0	0	0
0	0	0
0	0	0
0	0	0
0	0	0
0	0	0
0	0	0
0	0	0
0	0	0
0	0	0
0	0	0
0	0	0
0	0	0
0	0	0
0	0	0
0	0	0
0	0	0
0	0	0
0	0	0
0	0	0
0	0	0
0	0	0
0	0	0
0	0	0
0	0	0
0	0	0
0	0	0
0	0	0
0	0	0
0	0	0
0	0	0
0	0	0
0	0	0
0	0	0
0	0	0
0	0	0
0	0	0
0	0	0
0	0	0
0	0	0
0	0	0
0	0	0
0	0	0
0	0	0
552904386648444	552904407347402	552904387304694
552904396229173	552904423915110	552904397457298
552904423305215	552904440494798	552904423959381
552904435455735	552904457120840	552904436726048
552904441627090	552904473631256	552904442810423
552904455516673	552904490667194	552904456167715
552904464556256	552904506783340	552904465220319
552904480421360	552904523355735	552904481124485
552904496687506	552904539930735	552904497415631
552904513735423	552904556508860	552904514423965
552904529943235	552904573081256	552904530593235
552904546756777	552904589654173	552904547450006
552904564679694	552904606218235	552904565327090
552904580243756	552904622808860	552904580910423
552904596263548	552904639370319	552904596913027
552904614235944	552904655952090	552904614885423
552904629853131	552904672520840	552904630502610
552904645408860	552904689350527	552904646130215
552904663321881	552904705650527	552904663955735
552904679364069	552904722231256	552904680141673
552904695282819	552904738846881	552904695962506
552904712111985	552904755401569	552904712734902
552904737803131	552904771998965	552904740740631
552904753090110	552904788550006	552904755703652
552904769814590	552904805105735	552904772408340
552904786040110	552904821684381	552904788676048
552904803783860	552904838259902	552904806379694
552904820700006	552904855575527	552904822948965
552904837145840	552904871415631	552904839717194
552904854908340	552904887966152	552904858608340
552904871231777	552904904533860	552904873816673
552904885597923	552904921113548	552904888226048
552904900122402	552904937697402	552904902707298
552904916736985	552904954536465	552904919131256
552904939158860	552904970839590	552904941886985
552904939158860	552904987394277	552904941886985


16666666
552919882092191	552919903159900	552919883417712
552919885998962	552919919729691	552919886994275
552919894636462	552919936341671	552919895961983
552919933750004	552919952890629	552919935508858
552919935671358	552919969472400	552919936833337
552919970262504	552919986048441	552919972063546
552919973511983	552920002623441	552919975201046
552920177551046	552920201529691	552920179326566
552920189966150	552920218120837	552920191690629
552920217329171	552920234697400	552920219003129
552920224214587	552920251253650	552920225934900
552920281874483	552920301005212	552920283618754
552920284216150	552920317564066	552920285315629
552920324923962	552920350721879	552920326709379
552920327193754	552920367302087	552920328185421
552920369283858	552920400471879	552920370685941
552920383531775	552920417008858	552920385149483
552920397310941	552920433581775	552920398924483
552920427158858	552920450166671	552920428783858
552920431520316	552920466748441	552920433222921
552920484569796	552920516458858	552920486216671
552920491228650	552920533034379	552920492885421
552920517047400	552920549625004	552920518635941
552920526288025	552920566187504	552920527966670
552920547345837	552920582794795	552920548985941
552920561278650	552920599508858	552920562879170
552920584208858	552920615914587	552920585610420
552920600264587	552920632504170	552920602039587
552920611236983	552920649063025	552920612953129
552920638298441	552920665649483	552920639630733
552920644865629	552920682211462	552920646499483
552920693922400	552920715364066	552920695281254
552920697221879	552920731946358	552920698703650
552920721875004	552920748527087	552920723870837
552920725351045	552920765092712	552920726346879
552920751117712	552920781672920	552920752085941
552920760206775	552920798265108	552920761826045
552920788442191	552920814848962	552920790159900
552920792787504	552920831410420	552920794551045
552920816258858	552920848051045	552920817957295
552920825213545	552920864559900	552920826905733
552920852211983	552920881112504	552920853707295
552920859793233	552920897700525	552920861642191
552920889802608	552920914278650	552920891299483
552920894537504	552920930867712	552920896200525
552920932110941	552920947438025	552920933506254
552920938544275	552920964076045	552920940302087
552920947979170	552920980564587	552920949865629
552920966366670	552920997139587	552920967878129
552920977730212	552921013713545	552920979420837
552920996531775	552921030306775	552920998210420
552921006781775	552921046878650	552921008786983
552921033081775	552921063440108	552921034590108
552921051597920	552921080016150	552921053320316
552921060201566	552921096580733	552921061783337
552921083928129	552921113153129	552921085659900
552921100849483	552921129766670	552921102653650
552921107933858	552921146327087	552921109988025
552921134609900	552921162894795	552921136250004
552921150685941	552921179919795	552921152811983
552921160883337	552921196034379	552921162650004
552921185727087	552921212623441	552921187370837
552921200833858	552921229214066	552921202523441
552921217225004	552921245785420	552921218838545
552921245080212	552921262376566	552921246822920
552921285444795	552921312120316	552921287116150
552921298328129	552921328677608	552921300357816
552921329678650	552921361801045	552921331336462
552921338503650	552921378377608	552921340157816
552921357212504	552921394993754	552921358928650
552921373297920	552921411539066	552921375019795
552921391097400	552921428119795	552921392809379
552921407371879	552921444694795	552921409205212
552921423763545	552921461273962	552921425529691
552921440141670	552921477858337	552921441879170
552921456371358	552921494446358	552921458173962
552921474239066	552921511022920	552921476123962
552921492303650	552921527592191	552921493800004
552921509882816	552921544200525	552921511465629
552921526478129	552921560728650	552921528225004
552921544307816	552921577293233	552921546202608
552921560101566	552921593852087	552921561995837
552921573178650	552921610451045	552921574952608
552921592656775	552921627038545	552921594482295
552921605910941	552921643566670	552921607688545
552921623720837	552921660134379	552921625452608
552921639897399	552921676913024	552921641667712
552921655458337	552921693294274	552921657625524
552921673495316	552921709860420	552921675379691
552921693392191	552921726415629	552921695048441
552921704552087	552921742986983	552921706442712
552921722192191	552921759591149	552921724129170
552921739610420	552921776159379	552921741445837
552921755642191	552921792736462	552921757564066
552921769807816	552921809307295	552921771728129
552921788628649	552921825888024	552921790510420
552921803646879	552921842457816	552921805456254
552921821478649	552921859019795	552921823891149
552921839071879	552921875604170	552921840952087
552921852384379	552921892179691	552921854239066
552921870829170	552921908760941	552921872699483
552921888171879	552921925332295	552921889900524
552921904267712	552921941964587	552921905897920
552921920585941	552921958480212	552921922242191
552921936392191	552921975067712	552921938246879
552921957030733	552921991632295	552921958832295
552921971293754	552922008210941	552921973191670
552921986897399	552922024790108	552921988783337
552922003771879	552922041405212	552922005628129
552922020691149	552922057939066	552922022546358
552922038491149	552922074509899	552922039717191
552922052254170	552922091093233	552922054110420
552922190493754	552922207111462	552922192419274
552922211886983	552922240240629	552922213884379
552922211886983	552922256818233	552922213884379
552922253186462	552922273418754	552922254988024
552922266045316	552922289958858	552922267915629
552922273569274	552922306530212	552922275623441
552922292154170	552922323104691	552922293279691
552922301496879	552922339691149	552922303451566
552922315128649	552922356260420	552922317239587
552923921754691	552923947462503	552923923658337
552923973647920	552923997192712	552923975760420
552924040771357	552924063508857	552924042682816
552924109669274	552924129804691	552924111559899
552924173044274	552924196124482	552924174538545
552924237303649	552924262766670	552924237823441


16666666
552942783519271	552942824193750	552942784039584
552942800494271	552942840777084	552942801050521
552942816422917	552942857353646	552942816873438
552942832846875	552942873939063	552942833554167
552942849538542	552942890494271	552942850094271
552942868391667	552942907056771	552942868520313
552942884927605	552942923651563	552942885696875
552942898243230	552942940239584	552942898954167
552942916559896	552942956813021	552942917058334
552942931894792	552942973378125	552942932493230
552942969842709	552942989954688	552942971504688
552942983396355	552943006528125	552942985193750
552942985840105	552943023104167	552942986989063
552942998575000	552943039694271	552943000266146
552943015489584	552943056268230	552943017117709
552943044193750	552943072808855	552943045558855
552943050713542	552943089405730	552943052484896
552943066417709	552943105975000	552943068111980
552943082954688	552943122544792	552943084597917
552943097509375	552943139120313	552943098127084
552943115523959	552943155684375	552943116099480
552943130821355	552943172278646	552943131501042
552943147502084	552943188857813	552943148322396
552943164758334	552943205425000	552943165245313
552943181875000	552943222015105	552943182373959
552943199004167	552943238570834	552943199718750
552943217008334	552943255140105	552943217528646
552943233151563	552943271714063	552943233789063
552943253681250	552943288281250	552943254411980
552943291129167	552943321430730	552943292623959
552943297424480	552943337992709	552943299054688
552943327896355	552943354630730	552943329658334
552943362441667	552943387730730	552943363786980
552943370450000	552943404300000	552943372643750
552943382773959	552943420867188	552943384439584
552943507426042	552943536919271	552943508948959
552943511897396	552943553475521	552943513831771
552943582626042	552943603198438	552943584161979
552943605165104	552943636350000	552943606765625
552943618352604	552943652917188	552943619963021
552943649088542	552943669509375	552943650689063
552943655969792	552943686093229	552943657486459
552943688054167	552943719238021	552943689580209
552943694425521	552943735786459	552943696057813
552943722791146	552943752363021	552943724341146
552943730326042	552943768925521	552943731819792
552943755443229	552943785491146	552943756755209
552943769721875	552943802092188	552943771299479
552943778006250	552943818648959	552943779588542
552943804659375	552943835258334	552943806298959
552943813400521	552943851794792	552943815063021
552943838690104	552943868416667	552943840329167
552943846359375	552943884943229	552943848051563
552943874506771	552943901524479	552943875701563
552943882247396	552943918083854	552943883830729
552943902542188	552943935073438	552943904161459
552943912239584	552943951261979	552943913884375
552943937408854	552943967814063	552943939060417
552943956639584	552943984401042	552943958204688
552943965674479	552944000965104	552943967101042
552943990300521	552944017513542	552943992128646
552943994958334	552944034096354	552943996714063
552944028940625	552944050666667	552944030680209
552944038811979	552944067236979	552944040638542
552944055989063	552944083831250	552944057632813
552944085388542	552944116967709	552944087079167
552944107530209	552944133538021	552944109350000
552944132721354	552944150508334	552944134388542
552944162486979	552944183229688	552944164117709
552944170886459	552944199822917	552944173822396
552944183555209	552944216413021	552944185286979
552944198135417	552944232958854	552944199851042
552944215738021	552944249548959	552944217373959
552944232639063	552944266121875	552944234396354
552944249080729	552944282705729	552944250765104
552944259928125	552944299253125	552944261636459
552944283318229	552944315831250	552944285032813
552944300854167	552944332414063	552944302605209
552944317790104	552944349003646	552944319570313
552944334738542	552944365557813	552944336287500
552944351920313	552944382115104	552944353717188
552944363683334	552944398711979	552944365311979
552944385461459	552944415305729	552944387102084
552944401768229	552944431826042	552944403464584
552944416150000	552944448419271	552944417812500
552944433767709	552944464994792	552944435543750
552944450821875	552944481566146	552944452580209
552944467354688	552944498151563	552944469093750
552944484788021	552944514716667	552944486333334
552944502757813	552944531284896	552944504521875
552944518845834	552944547873958	552944520858854
552944525851563	552944564437500	552944527750521
552944553508854	552944581022917	552944555351042
552944569304688	552944597573958	552944570760417
552944581856250	552944614145313	552944583652604
552944601582813	552944630725000	552944603475000
552944614876042	552944647315625	552944616676563
552944630805208	552944663876563	552944632773438
552944650805208	552944680445313	552944652696875
552944665592708	552944697029688	552944667290104
552944681273958	552944713581250	552944683122917
552944700212500	552944730166146	552944701903125
552944717776042	552944746735938	552944719516667
552944724913542	552944763294271	552944726686458
552944750690625	552944779891146	552944752543229
552944767482292	552944796483854	552944769150000
552944779738021	552944813029688	552944781768229
552944796909375	552944829622396	552944798746875
552944817599479	552944846204167	552944819178125
552944834059896	552944862759896	552944836456250
552944847987500	552944879317708	552944849966146
552944863984375	552944895907292	552944865868229
552944878684375	552944912486979	552944880413021
552944895335938	552944929054167	552944897328125
552944920513021	552944945624479	552944922158333
552944968445833	552944995354688	552944970456771
552944986473958	552945011934896	552944988261979
552945003830208	552945028507813	552945005673438
552945016728125	552945045071354	552945018655729
552945027560938	552945061638021	552945029616146
552945042601042	552945078213542	552945044597917
552945058300000	552945095084896	552945060165625
552945070653646	552945111418229	552945072581771
552945121290625	552945144544271	552945123088542
552945157609375	552945177669792	552945159624479
552945165249479	552945194232292	552945167131250
552945172176042	552945210805729	552945174177083


16666666
552963524654164	552963558046872	552963526139060
552963543045310	552963574662497	552963544226560
552963556585414	552963591243747	552963557736976
552963575535935	552963607796872	552963577022393
552963592327081	552963624691664	552963593661976
552963602831247	552963640959893	552963604234372
552963619070831	552963657531768	552963620618747
552963636855206	552963674143747	552963638364581
552963653080206	552963690652601	552963654596351
552963671927081	552963707211456	552963673435414
552963684428643	552963723794789	552963686045310
552963700661976	552963740351560	552963701872393
552963717773956	552963756949997	552963719044789
552963736793747	552963773512497	552963738276039
552963754836976	552963790090101	552963756497914
552963772185414	552963806632289	552963773248956
552963792234372	552963823225518	552963793698435
552963802323956	552963839796872	552963803753643
552963821103122	552963856364581	552963822322393
552963849191143	552963872947393	552963850553122
552963874891143	552963906078643	552963876372393
552963888917706	552963922647914	552963890333851
552963903091143	552963939221872	552963904382810
552963916510414	552963955806768	552963917948956
552963932172393	552963972398956	552963933586976
552963949130206	552963988960414	552963950528122
552963968490622	552964005535935	552963969558331
552963986043747	552964022122393	552963987438539
552964003230206	552964038683851	552964004444268
552964025412497	552964055257289	552964026452081
552964034775518	552964071826039	552964036225518
552964056841143	552964088391143	552964058214060
552964068141143	552964105067185	552964069539581
552964085847393	552964121542706	552964087207289
552964106315622	552964138168747	552964108490622
552964119702081	552964154685935	552964121089581
552964139202081	552964171285935	552964140921872
552964151906768	552964187852601	552964153288018
552964167978643	552964204427080	552964169278122
552964213906247	552964237589580	552964214944789
552964239994268	552964270718226	552964241090622
552964249462497	552964287289580	552964250632810
552964261371872	552964303869789	552964262598435
552964261371872	552964320442705	552964262598435
552964311461455	552964337013539	552964312403122
552964313399997	552964353585935	552964313872393
552964327317705	552964370159893	552964328396872
552964343327601	552964386740101	552964344404685
552964360120310	552964403310414	552964361201039
552964377379164	552964419902080	552964378476560
552964393907289	552964436486455	552964395032289
552964410709372	552964453036455	552964411649476
552964430308851	552964469613539	552964431367185
552964444987497	552964486180726	552964446083330
552964460591664	552964502764580	552964461833851
552964479121351	552964519319789	552964480228122
552964496595310	552964535911455	552964497998435
552964512169789	552964552478643	552964513218747
552964529520310	552964569052080	552964530317185
552964545943747	552964585630205	552964547089580
552964562272914	552964602198435	552964563391143
552964578929685	552964618761455	552964580076560
552964594374997	552964635343747	552964596380726
552964613214580	552964651891143	552964614805205
552964639528643	552964668475518	552964640566664
552964645444789	552964685047393	552964646520310
552964659880205	552964701619268	552964660959372
552964676668226	552964718187497	552964678405205
552964693262497	552964734743747	552964693975518
552964709343747	552964751334372	552964710028122
552964724693747	552964767898955	552964725421872
552964741996872	552964784482810	552964742683330
552964759040101	552964801041143	552964759746351
552964774679685	552964817628122	552964775367185
552964790438018	552964834198955	552964791149997
552964808381768	552964850769789	552964809130205
552964824579685	552964867329685	552964825253643
552964852676039	552964883908851	552964853302080
552964880238018	552964900498955	552964881309372
552964933619789	552964950192705	552964934639060
552964937482810	552964966774476	552964938307810
552964959627601	552964983321872	552964961419789
552964963803643	552964999898435	552964965603643
552964976648955	552965016469789	552964978273955
552964989753643	552965033049997	552964991456247
552965007469268	552965049627601	552965009122393
552965025108330	552965066213018	552965026716664
552965041247393	552965082778643	552965042421872
552965058960414	552965099344268	552965059575518
552965074663539	552965115933851	552965075403643
552965091211976	552965132492705	552965091810935
552965107888539	552965149033851	552965108554164
552965126653122	552965165613018	552965127803122
552965144458330	552965182184893	552965144870310
552965175117185	552965198765622	552965176740101
552965187643747	552965215332289	552965189273435
552965189973955	552965231896351	552965191127601
552965208219268	552965248470830	552965209489060
552965224758330	552965265054164	552965226282289
552965240682810	552965281642705	552965242242705
552965257319789	552965298213018	552965258914580
552965274788018	552965314781768	552965276420830
552965291534893	552965331341143	552965292045309
552965308392184	552965347934372	552965308783851
552965325233851	552965364480205	552965325955726
552965345752601	552965381059372	552965346431247
552965355590101	552965397641664	552965356202080
552965372323434	552965414244268	552965373017184
552965390033851	552965430782809	552965390758330
552965406657809	552965447583851	552965407264580
552965422670830	552965463919268	552965423383851
552965440785934	552965480497914	552965441472914
552965456473955	552965497052601	552965456624476
552965472705726	552965513641143	552965473362497
552965491310934	552965530243747	552965491527601
552965506827601	552965546772914	552965507169268
552965523263018	552965563365101	552965524259372
552965538780726	552965579919268	552965539413539
552965555976039	552965596499997	552965556640622
552965598945830	552965629610414	552965599603643
552965630892184	552965646189059	552965631763018
552965648910414	552965679335414	552965650133330
552965650998434	552965695905726	552965652104684
552965673432809	552965712478643	552965674992705
552965689635414	552965729048955	552965691113539
552965704843226	552965745609893	552965706247914
552965721259893	9223372036854775807	552965722529164


16666666
552982425851557	552982465587494	552982427320828
552982452643224	552982482199994	552982455029161
552982461171869	552982498743744	552982463235411
552982488338536	552982515306765	552982490450515
552982491076036	552982531868224	552982492567703
552982514881765	552982548461974	552982516965099
552982514881765	552982565004682	552982516965099
552982554702599	552982581574994	552982556722390
552982558139578	552982598142703	552982559995828
552982574639057	552982614724474	552982576703640
552982588846349	552982631291661	552982591134890
552982606587494	552982647870307	552982608597911
552982622785411	552982664452078	552982624780724
552982646041661	552982681026036	552982648044265
552982684540099	552982714188536	552982686716661
552982718143224	552982747294786	552982720183328
552982806588015	552982830169786	552982808765619
552982837744265	552982863324994	552982839321869
552982896651557	552982913423953	552982898976557
552982955939578	552982979286973	552982957769786
552982989814578	552983012441140	552982991604682
552983022221348	552983045559890	552983024105203
552983053351557	552983079099473	552983055524473
552983091613015	552983111896348	552983093750515
552983127773953	552983144991140	552983129608848
552983154418744	552983178174473	552983156243744
552983189811973	552983211271348	552983193092703
552984190697390	552984222174994	552984192735932
552984225532807	552984255314057	552984227189057
552984248907807	552984271858848	552984250765619
552984279343223	552984304985411	552984281285932
552984315633848	552984338155723	552984317419786
552984348925515	552984371292702	552984350209890
552984381709369	552984404463015	552984383616661
552984427189057	552984454159890	552984428891661
552984452124473	552984470724994	552984453135932
552984465667702	552984487290098	552984466803640
552984509188015	552984537008848	552984510345307
552984536458848	552984553781765	552984537889577
552984551505723	552984570168744	552984552552598
552984577718223	552984603320827	552984578768223
552984590971869	552984619879161	552984592067702
552984603003119	552984636583848	552984604067182
552984618253640	552984653080723	552984619276036
552984634083848	552984669602598	552984635344786
552984647023952	552984686175515	552984648036973
552984663849473	552984702744265	552984664901036
552984680596869	552984719326557	552984681577598
552984696661973	552984735908848	552984697641661
552984712759369	552984752485932	552984713724473
552984733043744	552984769056244	552984733981244
552984750178640	552984785642702	552984751146348
552984767647390	552984802215619	552984768625515
552984784843744	552984818774994	552984785846869
552984801402077	552984835380723	552984802412494
552984817306765	552984851953640	552984818332286
552984834103119	552984868498432	552984835123952
552984851135411	552984885084890	552984852144786
552984867785411	552984901833327	552984868781765
552984883629161	552984918223952	552984884697390
552984899960411	552984934793223	552984901138015
552984917086452	552984951370827	552984918114577
552984933181765	552984967946348	552984934264577
552984951801557	552984984506244	552984952766140
552984962518744	552985001076556	552984963648952
552984979280202	552985017661973	552984980548431
552984995094786	552985034209890	552984996210411
552985011772390	552985050777598	552985012839056
552985027971348	552985067360931	552985029040098
552985046245827	552985083923431	552985046985931
552985062096348	552985100492181	552985063141661
552985078769265	552985117062494	552985079849473
552985095344786	552985133641661	552985096421348
552985111701036	552985150182286	552985112770306
552985128062494	552985166764056	552985129092702
552985145877598	552985183339056	552985147009369
552985161328640	552985199912494	552985162468744
552985178189577	552985216490098	552985179202598
552985195004161	552985233073952	552985196575515
552985211815619	552985249632806	552985213377598
552985228494265	552985266414577	552985230121348
552985244800515	552985282771869	552985246385411
552985262471348	552985299321869	552985264746348
552985281157286	552985315920827	552985282838536
552985299752077	552985332479681	552985301291661
552985316386452	552985349035931	552985317947390
552985332202077	552985365626556	552985333744265
552985348484369	552985382191661	552985350030723
552985366438536	552985398768744	552985367962494
552985382186452	552985415360931	552985384590098
552985398741140	552985431896348	552985400316140
552985415315619	552985448492181	552985416377598
552985431765619	552985465066140	552985433374473
552985448966661	552985481638015	552985450511973
552985468383848	552985498208848	552985469950515
552985476563536	552985514778640	552985478146869
552985495944265	552985531359369	552985497307286
552985518570827	552985548002598	552985520206765
552985526624994	552985564528640	552985528203640
552985546326556	552985581079161	552985548058848
552985562347911	552985597641661	552985563957286
552985582914056	552985614236452	552985584497911
552985593763536	552985630786973	552985595393223
552985615434369	552985647356765	552985617420306
552985631240619	552985663969265	552985633025515
552985647549994	552985680515098	552985649115098
552985663874994	552985697080723	552985665471348
552985681135931	552985713660411	552985682747911
552985698859369	552985730221348	552985700364056
552985709068223	552985747072390	552985710635931
552985739477077	552985763369265	552985740992702
552985753004681	552985779943744	552985754723952
552985764638015	552985796510931	552985766146869
552985782399473	552985813097911	552985783911973
552985790004161	552985829664577	552985791536973
552985814055723	552985846240098	552985815680202
552985823069265	552985862809369	552985824604161
552985845294786	552985879377598	552985846796869
552985860803640	552985895967181	552985862347390
552985876906244	552985912548431	552985878318223
552985894646348	552985929106244	552985896114577
552985912376556	552985945680723	552985913803640
552985921629681	552985962277598	552985923102077
552985943463015	552985978840619	552985944974473
552985962193223	552985995399994	552985963661973
552985980667181	552986012056765	552985982193223
552985988540098	552986028586973	552985990173952


16666666
552991636051555	552991662779160	552991637506764
552991651351035	552991679359368	552991653161451
552991655049472	552991695933326	552991656965618
552991682521347	552991712546868	552991684446347
552991700272910	552991729373430	552991701986972
552991713197910	552991745644264	552991714978118
552991746854680	552991762230201	552991748698430
552991765608847	552991795359889	552991767404160
552991775709889	552991811936972	552991777556764
552991789219264	552991828492701	552991791020826
552991811241139	552991845066139	552991813178118
552991828065097	552991861660930	552991829796347
552991853451035	552991878220305	552991855220305
552991870659889	552991894771347	552991872208326
552991881656764	552991911367180	552991883611972
552991893263535	552991927928639	552991895052597
552991916982805	552991944507285	552991918680201
552991934920305	552991961124472	552991936790097
552991944455201	552991977693222	552991946406243
552991969336972	552991994209889	552991970971868
552991969336972	552992027327076	552991970971868
552992040439576	552992060453118	552992042299472
552992047179680	552992077021868	552992049093743
552992057706764	552992093593743	552992059066660
552992072054160	552992110157805	552992074026035
552993660765097	552993684344264	552993662753639
552993730297388	552993750632805	552993732172388
552993796874472	552993816915097	552993798496347
552993860853638	552993883206763	552993864069784
552993926318743	552993949508326	552993927907805
552993991351555	552994015773951	552993991898430
553002010443741	553002020399991	553002011553637
553002019211971	553002036954679	553002020793741
553002036419783	553002070118221	553002037823429
553002043852596	553002086683325	553002045182804
553002062473950	553002103251554	553002063973429
553002079687491	553002119841658	553002081171346
553002095063012	553002136406762	553002096552596
553002112527075	553002152984887	553002114108325
553002130729158	553002169565616	553002132239054
553002144460929	553002186135929	553002145894262
553002162346866	553002202714054	553002163637491
553002178379679	553002219290096	553002180113012
553002195218221	553002235862491	553002196842700
553002212287491	553002252434887	553002213576033
553002228636450	553002269005721	553002230292700
553002245224471	553002285579679	553002247089054
553002263451554	553002302156241	553002265194262
553002279449991	553002318735929	553002281545304
553002295449991	553002335297387	553002296883325
553002311909366	553002351877596	553002314062491
553002327516137	553002368459366	553002329266658
553002344944783	553002385033325	553002346442179
553002361601554	553002401608846	553002363387491
553002378238012	553002418184366	553002380068221
553002394535929	553002434761450	553002396065616
553002411102596	553002451326554	553002412904158
553002429430200	553002467891137	553002431438012
553002443077075	553002484472387	553002444843220
553004292911449	553004324240095	553004294529679
553004308153637	553004340769783	553004309753116
553004489270824	553004506480720	553004490390616
553004495068220	553004523054158	553004496361449
553004519399991	553004539634366	553004520474470
553004526982804	553004556208324	553004528067179
553004590961970	553004622509887	553004592113012
553004631322387	553004655658845	553004632457803
553004654305199	553004672221345	553004655338012
553004660708845	553004688813012	553004661687491
553004667504678	553004705397908	553004668511970
553004692362491	553004721949991	553004693363012
553004697549470	553004738559887	553004698593220
553004712307283	553004755096866	553004713348949
553004730898949	553004771673428	553004731898428
553004764148428	553004788246866	553004765286970
553004802098428	553004821390095	553004804051553
553004840951553	553004871101033	553004842836970
553004867774991	553004887951553	553004869486970
553005016621345	553005036844783	553005018164053
553005223879158	553005252277074	553005225457803
553005227493220	553005268855199	553005229367699
553005247138012	553005285449991	553005248877595
553005264947908	553005302018741	553005266590095
553005278780199	553005318603116	553005280751553
553005300828116	553005335197908	553005302519262
553005312557803	553005351735408	553005314526033
553005339356762	553005368311970	553005340965095
553005459084887	553005484333845	553005460452074
553005490770824	553005517478637	553005492727074
553005641162491	553005666629158	553005643315616
553005669999470	553005699790095	553005672410408
553005673852074	553005716380720	553005674757283
553005704779678	553005732890095	553005706574991
553005707531762	553005749447387	553005708964574
553005737878116	553005766022907	553005739930199
553005741153116	553005782591137	553005743493741
553005770272387	553005799192699	553005772311970
553005774654157	553005815726032	553005776782803
553005806744262	553005832339053	553005808868220
553005809820824	553005848848428	553005811371866
553005838844782	553005865442699	553005841013532
553005841945303	553005882002595	553005843471345
553005866867699	553005898594782	553005869043741
553005876459887	553005915155199	553005878663012
553005903140095	553005931722387	553005905308845
553005908441657	553005948360407	553005910544262
553005936368220	553005964854157	553005938331762
553005944598428	553005981432282	553005947022907
553005970463532	553005998005720	553005972620824
553005975039053	553006014566137	553005977176032
553006004397907	553006031154157	553006006127595
553006008939053	553006047705720	553006011090095
553006034878116	553006064308324	553006036769262
553006042286449	553006080858324	553006044088532
553006065499991	553006097440616	553006067746866
553006077503116	553006113992178	553006079673428
553006101229157	553006130549470	553006103172907
553006101229157	553006147127595	553006103172907
553006133918741	553006163692699	553006135898949
553006136408845	553006180328116	553006137844262
553006156346345	553006196824470	553006158436970
553006172342178	553006213405720	553006174361970
553006189994782	553006229981762	553006192094782
553006204935928	553006246562491	553006206966137
553006222188012	553006263138012	553006224233324
553006239420303	553006279710928	553006241448428
553006268210407	9223372036854775807	553006270259366


16666666
553013477809885	553013505811448	553013479495302
553013484832802	553013522391656	553013486523427
553013506713010	553013538957281	553013508440615
553013527128635	553013555540615	553013529004156
553013534757802	553013572114573	553013536477073
553013576848427	553013605298427	553013578441135
553013584959885	553013621849990	553013586618740
553013610421865	553013638430198	553013612094260
553013619264573	553013654990615	553013621640615
553013642803115	553013671576031	553013644462490
553013651983323	553013688129677	553013653615615
553013676530719	553013704714052	553013678261448
553013681614573	553013721298427	553013683274469
553013710275510	553013737868740	553013712046865
553013719023427	553013754436969	553013720652594
553013743832802	553013771040615	553013745594260
553013754981240	553013787601552	553013756658844
553013774221865	553013804172385	553013775901031
553013783823427	553013820736969	553013785609365
553013815327073	553013837345823	553013817052594
553013824694260	553013853918219	553013825383323
553013843783844	553013870477594	553013845790615
553013856319781	553013887028115	553013857536448
553013872155198	553013903597385	553013873277594
553013878442698	553013920165094	553013880284365
553013908844260	553013936727594	553013910660927
553013912785406	553013953313010	553013914564052
553013934298948	553013969902594	553013935913010
553013946094260	553013986478115	553013947809365
553013970754677	553014003063531	553013972482281
553013987728635	553014019658323	553013989437490
553013998405198	553014036219781	553014000127073
553014029442698	553014052793740	553014030989052
553014043794781	553014069367698	553014045320302
553014050635927	553014085930198	553014052391656
553014072853115	553014102518740	553014074659885
553014089359365	553014119097385	553014091119781
553014096497385	553014135688531	553014098146865
553014118695823	553014152263010	553014120480719
553014136921344	553014168827594	553014138696344
553014153391135	553014185419781	553014155156240
553014163134365	553014201998948	553014165008844
553014188659885	553014218626552	553014190769781
553014205492177	553014235143740	553014207152594
553014224736448	553014251738010	553014226630198
553014234338531	553014268313010	553014236116135
553014257691656	553014284877594	553014259372385
553014273354677	553014301450510	553014275099990
553014289863531	553014318034365	553014291597385
553014302761969	553014334608323	553014304545823
553014323799990	553014351179677	553014325547906
553014340253635	553014367769781	553014342213010
553014347364052	553014384334365	553014350620823
553014374233844	553014400905198	553014375963531
553014389756240	553014417480719	553014391494260
553014405547385	553014434047906	553014407318740
553014422306760	553014450656760	553014424105198
553014431668740	553014467222385	553014433428115
553014457569781	553014483799989	553014458905198
553014472594781	553014500366135	553014474273427
553014485255719	553014516924469	553014487227073
553014504359364	553014533491135	553014506094781
553014511961969	553014550046864	553014513873427
553014534310927	553014566645302	553014536222906
553014551156760	553014583195823	553014552949469
553014566114052	553014600600510	553014568048948
553014577295823	553014616347385	553014579111448
553014600938531	553014632928635	553014603029677
553014616876031	553014649509885	553014618800510
553014632576552	553014666069781	553014634395823
553014648865614	553014682643739	553014650706760
553014660121344	553014699216656	553014662264052
553014692331760	553014715801031	553014694117177
553014715776031	553014732335927	553014717751552
553014725016656	553014748920823	553014726565094
553014728046344	553014765498948	553014729961448
553014744639052	553014782112489	553014746515094
553014762072906	553014798659885	553014763965094
553014773640094	553014815212489	553014775510406
553014796809364	553014831802594	553014798442177
553014815054156	553014848376031	553014816833844
553014829111969	553014864948427	553014830885927
553014849271344	553014881531239	553014851039052
553014874570302	553014898096864	553014876441135
553014881346344	553014914678114	553014883217177
553014895086448	553014931252594	553014897121864
553014912460406	553014947817698	553014914442177
553014924370823	553014964397906	553014926356239
553014944328114	553014980967177	553014946139573
553014944328114	553014997532281	553014946139573
553014989271344	553015014119781	553014991153635
553014994229156	553015030682802	553014996205198
553015007977594	553015047267698	553015009357802
553015023809364	553015063835406	553015025655719
553016628877593	553016655036447	553016630705197
553016683276552	553016704734885	553016686631760
553016748839572	553016771031760	553016750815093
553016816664572	553016837327593	553016818592697
553016880990093	553016903618739	553016882644260
553016944764052	553016969883843	553016945332281
553025021920821	553025040556759	553025022680717
553025030759884	553025057148946	553025032370300
553025047838009	553025073731238	553025048731238
553025063980717	553025090611446	553025065509363
553025081058842	553025106861446	553025082566655
553025097539571	553025123436446	553025099049467
553025113963009	553025140010925	553025115466134
553025131669259	553025156574988	553025133659884
553025146928113	553025173146863	553025148365092
553025163128634	553025189729675	553025164825509
553025179605196	553025206295300	553025181303113
553025196622384	553025222849467	553025198412488
553025212855196	553025239434884	553025214473946
553025229525509	553025256005717	553025231232800
553025246124988	553025272579675	553025247767696
553025264068217	553025289156238	553025265713530
553025278870300	553025305726550	553025280702071
553025295271863	553025322313530	553025297104155
553025312177071	553025338875509	553025314060405
553025328812488	553025355442696	553025330689050
553025345296863	553025372022904	553025347158842
553025362657280	553025388594259	553025364603113
553025378693738	553025405177592	553025380763009
553025394998946	553025421755196	553025396870821
553025412302592	553025438308842	553025414265092
553025430231759	553025454877592	553025432113009
553025444173425	553025471454154	553025445962488


16666666
553035360180195	553035399179153	553035360574465
553035377633320	553035415720820	553035378218215
553035393283840	553035432289570	553035393992695
553035409711445	553035448895299	553035410268736
553035427919778	553035465465090	553035427538007
553035443667695	553035482048945	553035444172903
553035459736445	553035498605195	553035460366653
553035476581757	553035515176549	553035477132799
553035544600507	553035564879153	553035546131236
553035573636445	553035598039570	553035575150507
553035584704674	553035614620299	553035586339570
553035608495820	553035631163528	553035610395299
553035613020299	553035647730195	553035614860924
553035649788528	553035681194778	553035651358840
553035653886965	553035697438007	553035655470299
553035703688528	553035730590090	553035705193215
553035711453632	553035747154674	553035713122382
553035864526028	553035896327070	553035866078111
553035871448945	553035912894257	553035873090611
553035948315611	553035979201549	553035949756236
553035956300507	553035995770299	553035957908320
553035997026028	553036028911965	553035998641132
553036003844778	553036045456236	553036005440611
553036028701028	553036062066653	553036030491132
553036048731757	553036078589570	553036049921340
553036059959361	553036095166653	553036061689570
553036077774986	553036111728632	553036078745299
553036093831236	553036128321861	553036095511445
553036104144778	553036144869257	553036105857278
553036144929674	553036161473945	553036146326549
553036153159361	553036178034361	553036154460403
553036180851549	553036211205195	553036182231236
553036185578632	553036227739049	553036187184882
553036232472382	553036260918736	553036233845299
553036238956757	553036277457799	553036240678111
553036264377590	553036294060403	553036266070299
553036272488007	553036310614049	553036274000507
553036299794778	553036327182278	553036301300507
553036307053632	553036343739049	553036308655715
553036331522903	553036360325507	553036333174465
553036340088007	553036376915090	553036341713007
553036371632278	553036393470299	553036373030715
553036394655194	553036426636444	553036396315611
553036430938007	553036459766132	553036432666132
553036441682278	553036476329674	553036443465611
553036465904674	553036492879674	553036467527590
553036492382799	553036509460924	553036494036965
553036507945299	553036526024986	553036509637486
553036526597903	553036542589049	553036528195299
553036533143215	553036559154674	553036534565611
553036559577069	553036575745819	553036561247903
553036577941132	553036608895819	553036579667694
553036582644778	553036625461965	553036584330194
553036612351028	553036642010924	553036614013528
553036629945819	553036658576028	553036631561965
553036637073424	553036675153111	553036638761444
553036658981757	553036691748424	553036660642694
553036676749465	553036708336965	553036678396340
553036694661444	553036724896340	553036695734882
553036704265090	553036741474465	553036705928111
553036728701028	553036758443215	553036730618215
553036748226028	553036774585924	553036745181757
553036759703632	553036791164569	553036761549986
553036770196340	553036807734361	553036772069778
553036783992174	553036824330194	553036785989569
553036803725507	553036840911965	553036805511444
553036820792174	553036857478111	553036822561444
553036839146861	553036874046861	553036841048944
553036856363528	553036890622903	553036858429674
553036874929674	553036907197382	553036876591132
553036891487486	553036923771861	553036893091653
553036907676549	553036940373424	553036909520299
553036931120819	553036956959882	553036932809882
553036950431757	553036973515090	553036952075507
553036963465090	553036990103111	553036965202590
553036977008319	553037006644778	553036978759882
553036992460403	553037023197903	553036994153111
553037005757799	553037039767694	553037007522903
553037021265611	553037056344778	553037022956236
553037035298424	553037072912486	553037037129674
553037052857799	553037089495299	553037054682799
553037070642174	553037106089049	553037072479674
553037090308840	553037122660403	553037092115611
553037107167174	553037139244257	553037108959882
553037124552069	553037155784361	553037126301028
553037138220299	553037172361965	553037140117174
553037153619778	553037188946861	553037155438528
553037170098424	553037205505194	553037172084361
553037187382278	553037222082799	553037189244778
553037203843215	553037238641653	553037205668215
553037221511444	553037255266653	553037223157799
553037231587486	553037271799465	553037233437486
553037254270819	553037288377069	553037256250507
553037269495819	553037304966132	553037271039569
553037286072903	553037321517174	553037288088528
553037304043736	553037338117694	553037305813007
553037315517694	553037354672903	553037317424465
553037336718736	553037371255715	553037338582799
553037350961444	553037387840090	553037352889049
553037371170299	553037404406236	553037373068215
553037388313007	553037421014569	553037390171861
553037405610923	553037437550507	553037407395819
553037419065611	553037454123944	553037421092173
553037439565611	553037470691132	553037441560923
553037472774465	553037503838528	553037474783840
553037496618215	553037520410403	553037498603111
553037511131757	553037536974465	553037513037486
553037518605194	553037553555194	553037520486444
553037532810923	553037570128632	553037534686444
553037551203111	553037586722382	553037553117173
553037567784361	553037603283840	553037569670819
553037584493215	553037619865611	553037586809882
553037617562486	553037636448944	553037619505194
553037631619778	553037653013007	553037632785403
553037644286965	553037669585403	553037646411965
553037649303632	553037686141132	553037651275507
553037649303632	553037702705715	553037651275507
553037701508840	553037719272382	553037703461965
553037705758840	553037735853632	553037707758840
553037730129153	553037752445819	553037732079673
553037741859361	553037768996861	553037744897903
553039348262486	553039376494777	553039350195819
553039402873944	553039426209361	553039404896340
553039469869777	553039492485923	553039471876548
553039537427590	553039558810402	553039539484361
553039600736444	553039625054673	553039602878111
553039668633840	553039691359881	553039669103631


16666666
553057701154150	553057738873420	553057701644775
553057718092691	553057755483316	553057718570816
553057732786962	553057772029670	553057733409358
553057750267170	553057788606754	553057750131233
553057766751545	553057805174462	553057767389045
553057782624983	553057821752066	553057783238004
553057798022379	553057838355712	553057798630191
553057814963004	553057854888004	553057815438525
553057871934358	553057888043212	553057872492691
553057906738525	553057937772379	553057907015608
553057915047379	553057954330712	553057916052066
553057941016129	553057970896858	553057942718733
553057944219775	553057987474462	553057945815087
553057963440087	553058004053629	553057965182275
553057978790087	553058020629150	553057980386441
553057995222900	553058037204150	553057996570816
553058012355712	553058053775504	553058013702587
553058028620295	553058070354150	553058030077587
553058045229150	553058086944775	553058046563525
553058061899983	553058103497379	553058063217691
553058079678108	553058120062483	553058081044254
553058096711962	553058136644774	553058097153108
553058136129670	553058153214045	553058137722899
553058138258316	553058169780191	553058139386441
553058154179149	553058186352587	553058155949983
553058162129149	553058202927066	553058163840608
553058177211441	553058219521858	553058178927587
553058379934358	553058401815608	553058381671858
553058391305712	553058418382795	553058392982274
553058423420295	553058451535399	553058425020295
553058427468733	553058468121337	553058429145816
553058491325504	553058517853629	553058492558837
553058510604149	553058534386441	553058512146858
553058528083316	553058550979149	553058529256233
553058530784358	553058567555712	553058532477587
553058567703108	553058584115087	553058569334358
553058582989045	553058600681754	553058584933837
553058589733837	553058617252587	553058591488004
553058615264566	553058633831754	553058616895816
553058622958837	553058650406754	553058624464566
553058664826024	553058683543212	553058666480191
553058675503629	553058700097379	553058677379670
553058699222379	553058716682795	553058700609879
553058708745816	553058733238004	553058709912483
553058751755191	553058782988004	553058753530712
553058766313524	553058799528108	553058767949983
553058787011962	553058816145295	553058788482795
553058794173420	553058832701545	553058795858837
553058820447899	553058849286962	553058822222899
553058829306233	553058865835399	553058830882795
553058855841649	553058882402587	553058857499462
553058863784358	553058898978108	553058865356754
553058888931233	553058915547899	553058890224983
553058895454149	553058932133316	553058897132274
553058929033837	553058948713524	553058930718212
553058934396337	553058965266649	553058935821337
553058951693733	553058981849983	553058953104670
553058966324983	553058998437483	553058968142170
553059004248420	553059031560399	553059005847379
553059028367170	553059048141129	553059030039045
553059039522379	553059064704149	553059041174983
553059056425504	553059081269774	553059058094774
553059066867170	553059097841649	553059069948941
553059078484879	553059114419774	553059080181754
553059095887483	553059131010920	553059097578629
553059112924983	553059147555712	553059114619774
553059130069774	553059164129149	553059131772899
553059143068733	553059180696858	553059144762483
553059164757274	553059197260920	553059166437483
553059182283837	553059213815608	553059183994254
553059198435399	553059230396858	553059200184879
553059214352587	553059246978628	553059216086441
553059225640608	553059263533837	553059227354670
553059248827066	553059280156753	553059250552587
553059265258316	553059296688524	553059267013003
553059282704670	553059313272378	553059284411441
553059300272899	553059329828628	553059301814566
553059317898941	553059346389566	553059319647899
553059333155191	553059362990087	553059334953628
553059342911962	553059379531753	553059344680712
553059367327587	553059396119253	553059369111441
553059383748941	553059412676545	553059385486441
553059399181753	553059429238524	553059401089566
553059415718733	553059446145816	553059417542691
553059432484878	553059462402066	553059434189566
553059449034358	553059479297899	553059450867691
553059465494774	553059495512483	553059467240608
553059482438003	553059512083837	553059484199462
553059489227066	553059528646337	553059491026545
553059514161962	553059545234878	553059516047378
553059531328108	553059561793212	553059533132274
553059544092170	553059578375503	553059545921858
553059562687483	553059594943733	553059564404670
553059576727587	553059611517170	553059578745295
553059592489045	553059628072378	553059594377587
553059612569774	553059644638524	553059614155191
553059627678108	553059661208837	553059629231233
553059641750503	553059677773420	553059643626024
553059657809878	553059694358316	553059659620816
553059674554670	553059710922378	553059676371337
553059690117170	553059727479149	553059691977066
553059707409878	553059744339045	553059710253108
553059723848941	553059760624462	553059725745816
553059741022378	553059777201545	553059742931753
553059770728628	553059793755712	553059772618212
553059795351545	553059826895816	553059797169774
553059805122378	553059843460399	553059806997378
553059824402066	553059860041649	553059826257795
553059841888524	553059876608316	553059843749462
553059855685399	553059893176545	553059857326024
553059873445295	553059909739045	553059875323941
553059889330191	553059926335399	553059891248941
553059906179149	553059942905191	553059907991649
553059920677066	553059959485920	553059922581233
553059941736962	553059976039045	553059943711441
553060017639566	553060042343212	553060019399462
553060017639566	553060058880712	553060019399462
553060047282795	553060075453108	553060048904149
553060053760399	553060092027587	553060055558837
553060072134878	553060108596337	553060073426024
553060086862483	553060125158837	553060088890087
553061686300503	553061716007274	553061688099982
553061743697378	553061765699982	553061745654149
553061810026545	553061831973420	553061811988524
553061876657274	553061898275503	553061878673420
553061940814566	553061964549461	553061942372378
553062005947899	553062030840607	553062006507274


16666666
553082259932271	553082301081750	553082260667167
553082277441125	553082317809354	553082278044250
553082294357792	553082334273417	553082295142167
553082312482271	553082350841646	553082313011958
553082328879667	553082367380187	553082329495812
553082379385396	553082400545292	553082381068729
553082389582792	553082417117687	553082391151021
553082396584875	553082433694771	553082397988521
553082412393729	553082450271854	553082413996333
553082426585917	553082466855708	553082427804146
553082443203625	553082483425500	553082445170812
553082459419771	553082500004146	553082460128625
553082476497896	553082516591125	553082477149458
553082492551542	553082533136437	553082493254146
553082509418729	553082549728625	553082510186958
553082527591646	553082566312479	553082528354667
553082543680708	553082582877062	553082544125500
553082561492167	553082599487479	553082561515604
553082577116125	553082616032271	553082577097896
553082592751021	553082632615083	553082593656750
553082611307792	553082649181750	553082611923937
553082625130187	553082665760396	553082625953104
553082694292687	553082715482792	553082696088521
553082696665604	553082732061958	553082697690604
553082711950500	553082748639042	553082713538000
553082728182271	553082765211958	553082729666646
553082741518729	553082781794250	553082743158833
553082891742167	553082914413521	553082893531229
553082899223937	553082930970292	553082900613521
553082946510396	553082964109354	553082948107792
553082967856750	553082997269771	553082969331750
553082996514042	553083013842687	553082997900500
553083000860396	553083030462479	553083002302583
553083029187479	553083047003104	553083030570292
553083035606229	553083063564042	553083037196854
553083063953625	553083080146333	553083065551542
553083070603625	553083096730708	553083072223417
553083117188000	553083146507792	553083118933833
553083124088000	553083163055708	553083125624458
553083150806750	553083179620292	553083152449458
553083155122896	553083196214562	553083156756229
553083209046333	553083229381229	553083210604667
553083217658312	553083245953104	553083219214562
553083231509354	553083262515083	553083233196333
553083242668729	553083279091125	553083244322375
553083287116646	553083312304666	553083288710916
553083297348937	553083328879146	553083298978625
553083335170812	553083362022375	553083336616125
553083354697375	553083378577062	553083356322896
553083381513000	553083411732791	553083383118729
553083404868208	553083428341646	553083406514562
553083430632791	553083461461437	553083431957791
553083440994250	553083478013521	553083442026021
553083463030187	553083494615083	553083464685396
553083476607271	553083511175500	553083478398416
553083495821854	553083527779666	553083497495812
553083514245291	553083544333833	553083515716646
553083526653625	553083560903625	553083528198937
553083548549979	553083577509354	553083548198416
553083563554666	553083594082791	553083565172896
553083582177062	553083610637479	553083583396333
553083590894771	553083627207271	553083592532271
553083611631750	553083643780187	553083613344771
553083626269771	553083660375500	553083627921854
553083642272375	553083676919250	553083643926021
553083657272375	553083693507791	553083659173416
553083670580708	553083710082271	553083672275500
553083690979146	553083726666125	553083692741646
553083709036437	553083743219771	553083711857791
553083726001021	553083759818208	553083727680187
553083742735916	553083776500500	553083744468208
553083758950500	553083792969771	553083760658833
553083787353625	553083809532271	553083789108312
553083792338521	553083826165083	553083794038000
553083813236437	553083842705708	553083815124458
553083830088521	553083859277062	553083832118208
553083846211958	553083875846854	553083847861437
553083859274979	553083892419250	553083861101021
553083876857271	553083908984354	553083878632271
553083890980708	553083925588000	553083892740083
553083907944771	553083942172375	553083909719250
553083923782271	553083958768208	553083925714041
553083945323416	553083975320812	553083946954666
553083963524458	553083991906750	553083964746854
553083976918208	553084008474979	553083978696854
553083994622375	553084025108312	553083996449458
553084013540083	553084041605187	553084014742166
553084028912479	553084058183833	553084030589041
553084045411437	553084074810916	553084047234875
553084061079146	553084091379666	553084062781229
553084077511437	553084107933312	553084079286437
553084094417687	553084124535396	553084096340604
553084110464562	553084141102583	553084112145291
553084127124458	553084157665083	553084129017687
553084142829666	553084174258833	553084144830187
553084160723937	553084190832271	553084162520812
553084174362479	553084207420812	553084176176021
553084191676541	553084223975500	553084193746854
553084208129146	553084240565083	553084209805708
553084222225500	553084257138521	553084224099979
553084243382271	553084273704666	553084245028104
553084260093208	553084290295291	553084261908833
553084299236437	553084323460396	553084301127062
553084332623937	553084356614562	553084334460916
553084350399458	553084373188000	553084350969770
553084361582270	553084389796333	553084363409354
553084369435395	553084406339041	553084371211958
553084387338000	553084422924979	553084389750500
553084404786958	553084439507270	553084406621333
553084421697375	553084456085916	553084423624458
553084439104145	553084472654145	553084440747895
553084456533312	553084489221854	553084458542687
553084470882270	553084505814041	553084472906229
553084489229666	553084522401541	553084490939562
553084506491645	553084539003625	553084508628104
553084524669770	553084555556229	553084526321854
553084524669770	553084572138520	553084526321854
553084579399979	553084605285916	553084580718208
553084585521854	553084621870812	553084587606750
553084601179666	553084638454666	553084602567687
553084615582791	553084655015604	553084617588000
553086221499979	553086246660916	553086223315083
553086276777062	553086296339562	553086278704666
553086341955708	553086362641645	553086343468208
553086408354145	553086428945812	553086410039562
553086472352583	553086495276541	553086473441124
553086537037478	553086561598416	553086537573416


16666666
553082259932271	553082301081750	553082260667167
553082277441125	553082317809354	553082278044250
553082294357792	553082334273417	553082295142167
553082312482271	553082350841646	553082313011958
553082328879667	553082367380187	553082329495812
553082379385396	553082400545292	553082381068729
553082389582792	553082417117687	553082391151021
553082396584875	553082433694771	553082397988521
553082412393729	553082450271854	553082413996333
553082426585917	553082466855708	553082427804146
553082443203625	553082483425500	553082445170812
553082459419771	553082500004146	553082460128625
553082476497896	553082516591125	553082477149458
553082492551542	553082533136437	553082493254146
553082509418729	553082549728625	553082510186958
553082527591646	553082566312479	553082528354667
553082543680708	553082582877062	553082544125500
553082561492167	553082599487479	553082561515604
553082577116125	553082616032271	553082577097896
553082592751021	553082632615083	553082593656750
553082611307792	553082649181750	553082611923937
553082625130187	553082665760396	553082625953104
553082694292687	553082715482792	553082696088521
553082696665604	553082732061958	553082697690604
553082711950500	553082748639042	553082713538000
553082728182271	553082765211958	553082729666646
553082741518729	553082781794250	553082743158833
553082891742167	553082914413521	553082893531229
553082899223937	553082930970292	553082900613521
553082946510396	553082964109354	553082948107792
553082967856750	553082997269771	553082969331750
553082996514042	553083013842687	553082997900500
553083000860396	553083030462479	553083002302583
553083029187479	553083047003104	553083030570292
553083035606229	553083063564042	553083037196854
553083063953625	553083080146333	553083065551542
553083070603625	553083096730708	553083072223417
553083117188000	553083146507792	553083118933833
553083124088000	553083163055708	553083125624458
553083150806750	553083179620292	553083152449458
553083155122896	553083196214562	553083156756229
553083209046333	553083229381229	553083210604667
553083217658312	553083245953104	553083219214562
553083231509354	553083262515083	553083233196333
553083242668729	553083279091125	553083244322375
553083287116646	553083312304666	553083288710916
553083297348937	553083328879146	553083298978625
553083335170812	553083362022375	553083336616125
553083354697375	553083378577062	553083356322896
553083381513000	553083411732791	553083383118729
553083404868208	553083428341646	553083406514562
553083430632791	553083461461437	553083431957791
553083440994250	553083478013521	553083442026021
553083463030187	553083494615083	553083464685396
553083476607271	553083511175500	553083478398416
553083495821854	553083527779666	553083497495812
553083514245291	553083544333833	553083515716646
553083526653625	553083560903625	553083528198937
553083548549979	553083577509354	553083548198416
553083563554666	553083594082791	553083565172896
553083582177062	553083610637479	553083583396333
553083590894771	553083627207271	553083592532271
553083611631750	553083643780187	553083613344771
553083626269771	553083660375500	553083627921854
553083642272375	553083676919250	553083643926021
553083657272375	553083693507791	553083659173416
553083670580708	553083710082271	553083672275500
553083690979146	553083726666125	553083692741646
553083709036437	553083743219771	553083711857791
553083726001021	553083759818208	553083727680187
553083742735916	553083776500500	553083744468208
553083758950500	553083792969771	553083760658833
553083787353625	553083809532271	553083789108312
553083792338521	553083826165083	553083794038000
553083813236437	553083842705708	553083815124458
553083830088521	553083859277062	553083832118208
553083846211958	553083875846854	553083847861437
553083859274979	553083892419250	553083861101021
553083876857271	553083908984354	553083878632271
553083890980708	553083925588000	553083892740083
553083907944771	553083942172375	553083909719250
553083923782271	553083958768208	553083925714041
553083945323416	553083975320812	553083946954666
553083963524458	553083991906750	553083964746854
553083976918208	553084008474979	553083978696854
553083994622375	553084025108312	553083996449458
553084013540083	553084041605187	553084014742166
553084028912479	553084058183833	553084030589041
553084045411437	553084074810916	553084047234875
553084061079146	553084091379666	553084062781229
553084077511437	553084107933312	553084079286437
553084094417687	553084124535396	553084096340604
553084110464562	553084141102583	553084112145291
553084127124458	553084157665083	553084129017687
553084142829666	553084174258833	553084144830187
553084160723937	553084190832271	553084162520812
553084174362479	553084207420812	553084176176021
553084191676541	553084223975500	553084193746854
553084208129146	553084240565083	553084209805708
553084222225500	553084257138521	553084224099979
553084243382271	553084273704666	553084245028104
553084260093208	553084290295291	553084261908833
553084299236437	553084323460396	553084301127062
553084332623937	553084356614562	553084334460916
553084350399458	553084373188000	553084350969770
553084361582270	553084389796333	553084363409354
553084369435395	553084406339041	553084371211958
553084387338000	553084422924979	553084389750500
553084404786958	553084439507270	553084406621333
553084421697375	553084456085916	553084423624458
553084439104145	553084472654145	553084440747895
553084456533312	553084489221854	553084458542687
553084470882270	553084505814041	553084472906229
553084489229666	553084522401541	553084490939562
553084506491645	553084539003625	553084508628104
553084524669770	553084555556229	553084526321854
553084524669770	553084572138520	553084526321854
553084579399979	553084605285916	553084580718208
553084585521854	553084621870812	553084587606750
553084601179666	553084638454666	553084602567687
553084615582791	553084655015604	553084617588000
553086221499979	553086246660916	553086223315083
553086276777062	553086296339562	553086278704666
553086341955708	553086362641645	553086343468208
553086408354145	553086428945812	553086410039562
553086472352583	553086495276541	553086473441124
553086537037478	553086561598416	553086537573416


16666666
553082259932271	553082301081750	553082260667167
553082277441125	553082317809354	553082278044250
553082294357792	553082334273417	553082295142167
553082312482271	553082350841646	553082313011958
553082328879667	553082367380187	553082329495812
553082379385396	553082400545292	553082381068729
553082389582792	553082417117687	553082391151021
553082396584875	553082433694771	553082397988521
553082412393729	553082450271854	553082413996333
553082426585917	553082466855708	553082427804146
553082443203625	553082483425500	553082445170812
553082459419771	553082500004146	553082460128625
553082476497896	553082516591125	553082477149458
553082492551542	553082533136437	553082493254146
553082509418729	553082549728625	553082510186958
553082527591646	553082566312479	553082528354667
553082543680708	553082582877062	553082544125500
553082561492167	553082599487479	553082561515604
553082577116125	553082616032271	553082577097896
553082592751021	553082632615083	553082593656750
553082611307792	553082649181750	553082611923937
553082625130187	553082665760396	553082625953104
553082694292687	553082715482792	553082696088521
553082696665604	553082732061958	553082697690604
553082711950500	553082748639042	553082713538000
553082728182271	553082765211958	553082729666646
553082741518729	553082781794250	553082743158833
553082891742167	553082914413521	553082893531229
553082899223937	553082930970292	553082900613521
553082946510396	553082964109354	553082948107792
553082967856750	553082997269771	553082969331750
553082996514042	553083013842687	553082997900500
553083000860396	553083030462479	553083002302583
553083029187479	553083047003104	553083030570292
553083035606229	553083063564042	553083037196854
553083063953625	553083080146333	553083065551542
553083070603625	553083096730708	553083072223417
553083117188000	553083146507792	553083118933833
553083124088000	553083163055708	553083125624458
553083150806750	553083179620292	553083152449458
553083155122896	553083196214562	553083156756229
553083209046333	553083229381229	553083210604667
553083217658312	553083245953104	553083219214562
553083231509354	553083262515083	553083233196333
553083242668729	553083279091125	553083244322375
553083287116646	553083312304666	553083288710916
553083297348937	553083328879146	553083298978625
553083335170812	553083362022375	553083336616125
553083354697375	553083378577062	553083356322896
553083381513000	553083411732791	553083383118729
553083404868208	553083428341646	553083406514562
553083430632791	553083461461437	553083431957791
553083440994250	553083478013521	553083442026021
553083463030187	553083494615083	553083464685396
553083476607271	553083511175500	553083478398416
553083495821854	553083527779666	553083497495812
553083514245291	553083544333833	553083515716646
553083526653625	553083560903625	553083528198937
553083548549979	553083577509354	553083548198416
553083563554666	553083594082791	553083565172896
553083582177062	553083610637479	553083583396333
553083590894771	553083627207271	553083592532271
553083611631750	553083643780187	553083613344771
553083626269771	553083660375500	553083627921854
553083642272375	553083676919250	553083643926021
553083657272375	553083693507791	553083659173416
553083670580708	553083710082271	553083672275500
553083690979146	553083726666125	553083692741646
553083709036437	553083743219771	553083711857791
553083726001021	553083759818208	553083727680187
553083742735916	553083776500500	553083744468208
553083758950500	553083792969771	553083760658833
553083787353625	553083809532271	553083789108312
553083792338521	553083826165083	553083794038000
553083813236437	553083842705708	553083815124458
553083830088521	553083859277062	553083832118208
553083846211958	553083875846854	553083847861437
553083859274979	553083892419250	553083861101021
553083876857271	553083908984354	553083878632271
553083890980708	553083925588000	553083892740083
553083907944771	553083942172375	553083909719250
553083923782271	553083958768208	553083925714041
553083945323416	553083975320812	553083946954666
553083963524458	553083991906750	553083964746854
553083976918208	553084008474979	553083978696854
553083994622375	553084025108312	553083996449458
553084013540083	553084041605187	553084014742166
553084028912479	553084058183833	553084030589041
553084045411437	553084074810916	553084047234875
553084061079146	553084091379666	553084062781229
553084077511437	553084107933312	553084079286437
553084094417687	553084124535396	553084096340604
553084110464562	553084141102583	553084112145291
553084127124458	553084157665083	553084129017687
553084142829666	553084174258833	553084144830187
553084160723937	553084190832271	553084162520812
553084174362479	553084207420812	553084176176021
553084191676541	553084223975500	553084193746854
553084208129146	553084240565083	553084209805708
553084222225500	553084257138521	553084224099979
553084243382271	553084273704666	553084245028104
553084260093208	553084290295291	553084261908833
553084299236437	553084323460396	553084301127062
553084332623937	553084356614562	553084334460916
553084350399458	553084373188000	553084350969770
553084361582270	553084389796333	553084363409354
553084369435395	553084406339041	553084371211958
553084387338000	553084422924979	553084389750500
553084404786958	553084439507270	553084406621333
553084421697375	553084456085916	553084423624458
553084439104145	553084472654145	553084440747895
553084456533312	553084489221854	553084458542687
553084470882270	553084505814041	553084472906229
553084489229666	553084522401541	553084490939562
553084506491645	553084539003625	553084508628104
553084524669770	553084555556229	553084526321854
553084524669770	553084572138520	553084526321854
553084579399979	553084605285916	553084580718208
553084585521854	553084621870812	553084587606750
553084601179666	553084638454666	553084602567687
553084615582791	553084655015604	553084617588000
553086221499979	553086246660916	553086223315083
553086276777062	553086296339562	553086278704666
553086341955708	553086362641645	553086343468208
553086408354145	553086428945812	553086410039562
553086472352583	553086495276541	553086473441124
553086537037478	553086561598416	553086537573416


16666666
553082259932271	553082301081750	553082260667167
553082277441125	553082317809354	553082278044250
553082294357792	553082334273417	553082295142167
553082312482271	553082350841646	553082313011958
553082328879667	553082367380187	553082329495812
553082379385396	553082400545292	553082381068729
553082389582792	553082417117687	553082391151021
553082396584875	553082433694771	553082397988521
553082412393729	553082450271854	553082413996333
553082426585917	553082466855708	553082427804146
553082443203625	553082483425500	553082445170812
553082459419771	553082500004146	553082460128625
553082476497896	553082516591125	553082477149458
553082492551542	553082533136437	553082493254146
553082509418729	553082549728625	553082510186958
553082527591646	553082566312479	553082528354667
553082543680708	553082582877062	553082544125500
553082561492167	553082599487479	553082561515604
553082577116125	553082616032271	553082577097896
553082592751021	553082632615083	553082593656750
553082611307792	553082649181750	553082611923937
553082625130187	553082665760396	553082625953104
553082694292687	553082715482792	553082696088521
553082696665604	553082732061958	553082697690604
553082711950500	553082748639042	553082713538000
553082728182271	553082765211958	553082729666646
553082741518729	553082781794250	553082743158833
553082891742167	553082914413521	553082893531229
553082899223937	553082930970292	553082900613521
553082946510396	553082964109354	553082948107792
553082967856750	553082997269771	553082969331750
553082996514042	553083013842687	553082997900500
553083000860396	553083030462479	553083002302583
553083029187479	553083047003104	553083030570292
553083035606229	553083063564042	553083037196854
553083063953625	553083080146333	553083065551542
553083070603625	553083096730708	553083072223417
553083117188000	553083146507792	553083118933833
553083124088000	553083163055708	553083125624458
553083150806750	553083179620292	553083152449458
553083155122896	553083196214562	553083156756229
553083209046333	553083229381229	553083210604667
553083217658312	553083245953104	553083219214562
553083231509354	553083262515083	553083233196333
553083242668729	553083279091125	553083244322375
553083287116646	553083312304666	553083288710916
553083297348937	553083328879146	553083298978625
553083335170812	553083362022375	553083336616125
553083354697375	553083378577062	553083356322896
553083381513000	553083411732791	553083383118729
553083404868208	553083428341646	553083406514562
553083430632791	553083461461437	553083431957791
553083440994250	553083478013521	553083442026021
553083463030187	553083494615083	553083464685396
553083476607271	553083511175500	553083478398416
553083495821854	553083527779666	553083497495812
553083514245291	553083544333833	553083515716646
553083526653625	553083560903625	553083528198937
553083548549979	553083577509354	553083548198416
553083563554666	553083594082791	553083565172896
553083582177062	553083610637479	553083583396333
553083590894771	553083627207271	553083592532271
553083611631750	553083643780187	553083613344771
553083626269771	553083660375500	553083627921854
553083642272375	553083676919250	553083643926021
553083657272375	553083693507791	553083659173416
553083670580708	553083710082271	553083672275500
553083690979146	553083726666125	553083692741646
553083709036437	553083743219771	553083711857791
553083726001021	553083759818208	553083727680187
553083742735916	553083776500500	553083744468208
553083758950500	553083792969771	553083760658833
553083787353625	553083809532271	553083789108312
553083792338521	553083826165083	553083794038000
553083813236437	553083842705708	553083815124458
553083830088521	553083859277062	553083832118208
553083846211958	553083875846854	553083847861437
553083859274979	553083892419250	553083861101021
553083876857271	553083908984354	553083878632271
553083890980708	553083925588000	553083892740083
553083907944771	553083942172375	553083909719250
553083923782271	553083958768208	553083925714041
553083945323416	553083975320812	553083946954666
553083963524458	553083991906750	553083964746854
553083976918208	553084008474979	553083978696854
553083994622375	553084025108312	553083996449458
553084013540083	553084041605187	553084014742166
553084028912479	553084058183833	553084030589041
553084045411437	553084074810916	553084047234875
553084061079146	553084091379666	553084062781229
553084077511437	553084107933312	553084079286437
553084094417687	553084124535396	553084096340604
553084110464562	553084141102583	553084112145291
553084127124458	553084157665083	553084129017687
553084142829666	553084174258833	553084144830187
553084160723937	553084190832271	553084162520812
553084174362479	553084207420812	553084176176021
553084191676541	553084223975500	553084193746854
553084208129146	553084240565083	553084209805708
553084222225500	553084257138521	553084224099979
553084243382271	553084273704666	553084245028104
553084260093208	553084290295291	553084261908833
553084299236437	553084323460396	553084301127062
553084332623937	553084356614562	553084334460916
553084350399458	553084373188000	553084350969770
553084361582270	553084389796333	553084363409354
553084369435395	553084406339041	553084371211958
553084387338000	553084422924979	553084389750500
553084404786958	553084439507270	553084406621333
553084421697375	553084456085916	553084423624458
553084439104145	553084472654145	553084440747895
553084456533312	553084489221854	553084458542687
553084470882270	553084505814041	553084472906229
553084489229666	553084522401541	553084490939562
553084506491645	553084539003625	553084508628104
553084524669770	553084555556229	553084526321854
553084524669770	553084572138520	553084526321854
553084579399979	553084605285916	553084580718208
553084585521854	553084621870812	553084587606750
553084601179666	553084638454666	553084602567687
553084615582791	553084655015604	553084617588000
553086221499979	553086246660916	553086223315083
553086276777062	553086296339562	553086278704666
553086341955708	553086362641645	553086343468208
553086408354145	553086428945812	553086410039562
553086472352583	553086495276541	553086473441124
553086537037478	553086561598416	553086537573416


16666666
553082259932271	553082301081750	553082260667167
553082277441125	553082317809354	553082278044250
553082294357792	553082334273417	553082295142167
553082312482271	553082350841646	553082313011958
553082328879667	553082367380187	553082329495812
553082379385396	553082400545292	553082381068729
553082389582792	553082417117687	553082391151021
553082396584875	553082433694771	553082397988521
553082412393729	553082450271854	553082413996333
553082426585917	553082466855708	553082427804146
553082443203625	553082483425500	553082445170812
553082459419771	553082500004146	553082460128625
553082476497896	553082516591125	553082477149458
553082492551542	553082533136437	553082493254146
553082509418729	553082549728625	553082510186958
553082527591646	553082566312479	553082528354667
553082543680708	553082582877062	553082544125500
553082561492167	553082599487479	553082561515604
553082577116125	553082616032271	553082577097896
553082592751021	553082632615083	553082593656750
553082611307792	553082649181750	553082611923937
553082625130187	553082665760396	553082625953104
553082694292687	553082715482792	553082696088521
553082696665604	553082732061958	553082697690604
553082711950500	553082748639042	553082713538000
553082728182271	553082765211958	553082729666646
553082741518729	553082781794250	553082743158833
553082891742167	553082914413521	553082893531229
553082899223937	553082930970292	553082900613521
553082946510396	553082964109354	553082948107792
553082967856750	553082997269771	553082969331750
553082996514042	553083013842687	553082997900500
553083000860396	553083030462479	553083002302583
553083029187479	553083047003104	553083030570292
553083035606229	553083063564042	553083037196854
553083063953625	553083080146333	553083065551542
553083070603625	553083096730708	553083072223417
553083117188000	553083146507792	553083118933833
553083124088000	553083163055708	553083125624458
553083150806750	553083179620292	553083152449458
553083155122896	553083196214562	553083156756229
553083209046333	553083229381229	553083210604667
553083217658312	553083245953104	553083219214562
553083231509354	553083262515083	553083233196333
553083242668729	553083279091125	553083244322375
553083287116646	553083312304666	553083288710916
553083297348937	553083328879146	553083298978625
553083335170812	553083362022375	553083336616125
553083354697375	553083378577062	553083356322896
553083381513000	553083411732791	553083383118729
553083404868208	553083428341646	553083406514562
553083430632791	553083461461437	553083431957791
553083440994250	553083478013521	553083442026021
553083463030187	553083494615083	553083464685396
553083476607271	553083511175500	553083478398416
553083495821854	553083527779666	553083497495812
553083514245291	553083544333833	553083515716646
553083526653625	553083560903625	553083528198937
553083548549979	553083577509354	553083548198416
553083563554666	553083594082791	553083565172896
553083582177062	553083610637479	553083583396333
553083590894771	553083627207271	553083592532271
553083611631750	553083643780187	553083613344771
553083626269771	553083660375500	553083627921854
553083642272375	553083676919250	553083643926021
553083657272375	553083693507791	553083659173416
553083670580708	553083710082271	553083672275500
553083690979146	553083726666125	553083692741646
553083709036437	553083743219771	553083711857791
553083726001021	553083759818208	553083727680187
553083742735916	553083776500500	553083744468208
553083758950500	553083792969771	553083760658833
553083787353625	553083809532271	553083789108312
553083792338521	553083826165083	553083794038000
553083813236437	553083842705708	553083815124458
553083830088521	553083859277062	553083832118208
553083846211958	553083875846854	553083847861437
553083859274979	553083892419250	553083861101021
553083876857271	553083908984354	553083878632271
553083890980708	553083925588000	553083892740083
553083907944771	553083942172375	553083909719250
553083923782271	553083958768208	553083925714041
553083945323416	553083975320812	553083946954666
553083963524458	553083991906750	553083964746854
553083976918208	553084008474979	553083978696854
553083994622375	553084025108312	553083996449458
553084013540083	553084041605187	553084014742166
553084028912479	553084058183833	553084030589041
553084045411437	553084074810916	553084047234875
553084061079146	553084091379666	553084062781229
553084077511437	553084107933312	553084079286437
553084094417687	553084124535396	553084096340604
553084110464562	553084141102583	553084112145291
553084127124458	553084157665083	553084129017687
553084142829666	553084174258833	553084144830187
553084160723937	553084190832271	553084162520812
553084174362479	553084207420812	553084176176021
553084191676541	553084223975500	553084193746854
553084208129146	553084240565083	553084209805708
553084222225500	553084257138521	553084224099979
553084243382271	553084273704666	553084245028104
553084260093208	553084290295291	553084261908833
553084299236437	553084323460396	553084301127062
553084332623937	553084356614562	553084334460916
553084350399458	553084373188000	553084350969770
553084361582270	553084389796333	553084363409354
553084369435395	553084406339041	553084371211958
553084387338000	553084422924979	553084389750500
553084404786958	553084439507270	553084406621333
553084421697375	553084456085916	553084423624458
553084439104145	553084472654145	553084440747895
553084456533312	553084489221854	553084458542687
553084470882270	553084505814041	553084472906229
553084489229666	553084522401541	553084490939562
553084506491645	553084539003625	553084508628104
553084524669770	553084555556229	553084526321854
553084524669770	553084572138520	553084526321854
553084579399979	553084605285916	553084580718208
553084585521854	553084621870812	553084587606750
553084601179666	553084638454666	553084602567687
553084615582791	553084655015604	553084617588000
553086221499979	553086246660916	553086223315083
553086276777062	553086296339562	553086278704666
553086341955708	553086362641645	553086343468208
553086408354145	553086428945812	553086410039562
553086472352583	553086495276541	553086473441124
553086537037478	553086561598416	553086537573416


16666666
553082259932271	553082301081750	553082260667167
553082277441125	553082317809354	553082278044250
553082294357792	553082334273417	553082295142167
553082312482271	553082350841646	553082313011958
553082328879667	553082367380187	553082329495812
553082379385396	553082400545292	553082381068729
553082389582792	553082417117687	553082391151021
553082396584875	553082433694771	553082397988521
553082412393729	553082450271854	553082413996333
553082426585917	553082466855708	553082427804146
553082443203625	553082483425500	553082445170812
553082459419771	553082500004146	553082460128625
553082476497896	553082516591125	553082477149458
553082492551542	553082533136437	553082493254146
553082509418729	553082549728625	553082510186958
553082527591646	553082566312479	553082528354667
553082543680708	553082582877062	553082544125500
553082561492167	553082599487479	553082561515604
553082577116125	553082616032271	553082577097896
553082592751021	553082632615083	553082593656750
553082611307792	553082649181750	553082611923937
553082625130187	553082665760396	553082625953104
553082694292687	553082715482792	553082696088521
553082696665604	553082732061958	553082697690604
553082711950500	553082748639042	553082713538000
553082728182271	553082765211958	553082729666646
553082741518729	553082781794250	553082743158833
553082891742167	553082914413521	553082893531229
553082899223937	553082930970292	553082900613521
553082946510396	553082964109354	553082948107792
553082967856750	553082997269771	553082969331750
553082996514042	553083013842687	553082997900500
553083000860396	553083030462479	553083002302583
553083029187479	553083047003104	553083030570292
553083035606229	553083063564042	553083037196854
553083063953625	553083080146333	553083065551542
553083070603625	553083096730708	553083072223417
553083117188000	553083146507792	553083118933833
553083124088000	553083163055708	553083125624458
553083150806750	553083179620292	553083152449458
553083155122896	553083196214562	553083156756229
553083209046333	553083229381229	553083210604667
553083217658312	553083245953104	553083219214562
553083231509354	553083262515083	553083233196333
553083242668729	553083279091125	553083244322375
553083287116646	553083312304666	553083288710916
553083297348937	553083328879146	553083298978625
553083335170812	553083362022375	553083336616125
553083354697375	553083378577062	553083356322896
553083381513000	553083411732791	553083383118729
553083404868208	553083428341646	553083406514562
553083430632791	553083461461437	553083431957791
553083440994250	553083478013521	553083442026021
553083463030187	553083494615083	553083464685396
553083476607271	553083511175500	553083478398416
553083495821854	553083527779666	553083497495812
553083514245291	553083544333833	553083515716646
553083526653625	553083560903625	553083528198937
553083548549979	553083577509354	553083548198416
553083563554666	553083594082791	553083565172896
553083582177062	553083610637479	553083583396333
553083590894771	553083627207271	553083592532271
553083611631750	553083643780187	553083613344771
553083626269771	553083660375500	553083627921854
553083642272375	553083676919250	553083643926021
553083657272375	553083693507791	553083659173416
553083670580708	553083710082271	553083672275500
553083690979146	553083726666125	553083692741646
553083709036437	553083743219771	553083711857791
553083726001021	553083759818208	553083727680187
553083742735916	553083776500500	553083744468208
553083758950500	553083792969771	553083760658833
553083787353625	553083809532271	553083789108312
553083792338521	553083826165083	553083794038000
553083813236437	553083842705708	553083815124458
553083830088521	553083859277062	553083832118208
553083846211958	553083875846854	553083847861437
553083859274979	553083892419250	553083861101021
553083876857271	553083908984354	553083878632271
553083890980708	553083925588000	553083892740083
553083907944771	553083942172375	553083909719250
553083923782271	553083958768208	553083925714041
553083945323416	553083975320812	553083946954666
553083963524458	553083991906750	553083964746854
553083976918208	553084008474979	553083978696854
553083994622375	553084025108312	553083996449458
553084013540083	553084041605187	553084014742166
553084028912479	553084058183833	553084030589041
553084045411437	553084074810916	553084047234875
553084061079146	553084091379666	553084062781229
553084077511437	553084107933312	553084079286437
553084094417687	553084124535396	553084096340604
553084110464562	553084141102583	553084112145291
553084127124458	553084157665083	553084129017687
553084142829666	553084174258833	553084144830187
553084160723937	553084190832271	553084162520812
553084174362479	553084207420812	553084176176021
553084191676541	553084223975500	553084193746854
553084208129146	553084240565083	553084209805708
553084222225500	553084257138521	553084224099979
553084243382271	553084273704666	553084245028104
553084260093208	553084290295291	553084261908833
553084299236437	553084323460396	553084301127062
553084332623937	553084356614562	553084334460916
553084350399458	553084373188000	553084350969770
553084361582270	553084389796333	553084363409354
553084369435395	553084406339041	553084371211958
553084387338000	553084422924979	553084389750500
553084404786958	553084439507270	553084406621333
553084421697375	553084456085916	553084423624458
553084439104145	553084472654145	553084440747895
553084456533312	553084489221854	553084458542687
553084470882270	553084505814041	553084472906229
553084489229666	553084522401541	553084490939562
553084506491645	553084539003625	553084508628104
553084524669770	553084555556229	553084526321854
553084524669770	553084572138520	553084526321854
553084579399979	553084605285916	553084580718208
553084585521854	553084621870812	553084587606750
553084601179666	553084638454666	553084602567687
553084615582791	553084655015604	553084617588000
553086221499979	553086246660916	553086223315083
553086276777062	553086296339562	553086278704666
553086341955708	553086362641645	553086343468208
553086408354145	553086428945812	553086410039562
553086472352583	553086495276541	553086473441124
553086537037478	553086561598416	553086537573416


16666666
553082259932271	553082301081750	553082260667167
553082277441125	553082317809354	553082278044250
553082294357792	553082334273417	553082295142167
553082312482271	553082350841646	553082313011958
553082328879667	553082367380187	553082329495812
553082379385396	553082400545292	553082381068729
553082389582792	553082417117687	553082391151021
553082396584875	553082433694771	553082397988521
553082412393729	553082450271854	553082413996333
553082426585917	553082466855708	553082427804146
553082443203625	553082483425500	553082445170812
553082459419771	553082500004146	553082460128625
553082476497896	553082516591125	553082477149458
553082492551542	553082533136437	553082493254146
553082509418729	553082549728625	553082510186958
553082527591646	553082566312479	553082528354667
553082543680708	553082582877062	553082544125500
553082561492167	553082599487479	553082561515604
553082577116125	553082616032271	553082577097896
553082592751021	553082632615083	553082593656750
553082611307792	553082649181750	553082611923937
553082625130187	553082665760396	553082625953104
553082694292687	553082715482792	553082696088521
553082696665604	553082732061958	553082697690604
553082711950500	553082748639042	553082713538000
553082728182271	553082765211958	553082729666646
553082741518729	553082781794250	553082743158833
553082891742167	553082914413521	553082893531229
553082899223937	553082930970292	553082900613521
553082946510396	553082964109354	553082948107792
553082967856750	553082997269771	553082969331750
553082996514042	553083013842687	553082997900500
553083000860396	553083030462479	553083002302583
553083029187479	553083047003104	553083030570292
553083035606229	553083063564042	553083037196854
553083063953625	553083080146333	553083065551542
553083070603625	553083096730708	553083072223417
553083117188000	553083146507792	553083118933833
553083124088000	553083163055708	553083125624458
553083150806750	553083179620292	553083152449458
553083155122896	553083196214562	553083156756229
553083209046333	553083229381229	553083210604667
553083217658312	553083245953104	553083219214562
553083231509354	553083262515083	553083233196333
553083242668729	553083279091125	553083244322375
553083287116646	553083312304666	553083288710916
553083297348937	553083328879146	553083298978625
553083335170812	553083362022375	553083336616125
553083354697375	553083378577062	553083356322896
553083381513000	553083411732791	553083383118729
553083404868208	553083428341646	553083406514562
553083430632791	553083461461437	553083431957791
553083440994250	553083478013521	553083442026021
553083463030187	553083494615083	553083464685396
553083476607271	553083511175500	553083478398416
553083495821854	553083527779666	553083497495812
553083514245291	553083544333833	553083515716646
553083526653625	553083560903625	553083528198937
553083548549979	553083577509354	553083548198416
553083563554666	553083594082791	553083565172896
553083582177062	553083610637479	553083583396333
553083590894771	553083627207271	553083592532271
553083611631750	553083643780187	553083613344771
553083626269771	553083660375500	553083627921854
553083642272375	553083676919250	553083643926021
553083657272375	553083693507791	553083659173416
553083670580708	553083710082271	553083672275500
553083690979146	553083726666125	553083692741646
553083709036437	553083743219771	553083711857791
553083726001021	553083759818208	553083727680187
553083742735916	553083776500500	553083744468208
553083758950500	553083792969771	553083760658833
553083787353625	553083809532271	553083789108312
553083792338521	553083826165083	553083794038000
553083813236437	553083842705708	553083815124458
553083830088521	553083859277062	553083832118208
553083846211958	553083875846854	553083847861437
553083859274979	553083892419250	553083861101021
553083876857271	553083908984354	553083878632271
553083890980708	553083925588000	553083892740083
553083907944771	553083942172375	553083909719250
553083923782271	553083958768208	553083925714041
553083945323416	553083975320812	553083946954666
553083963524458	553083991906750	553083964746854
553083976918208	553084008474979	553083978696854
553083994622375	553084025108312	553083996449458
553084013540083	553084041605187	553084014742166
553084028912479	553084058183833	553084030589041
553084045411437	553084074810916	553084047234875
553084061079146	553084091379666	553084062781229
553084077511437	553084107933312	553084079286437
553084094417687	553084124535396	553084096340604
553084110464562	553084141102583	553084112145291
553084127124458	553084157665083	553084129017687
553084142829666	553084174258833	553084144830187
553084160723937	553084190832271	553084162520812
553084174362479	553084207420812	553084176176021
553084191676541	553084223975500	553084193746854
553084208129146	553084240565083	553084209805708
553084222225500	553084257138521	553084224099979
553084243382271	553084273704666	553084245028104
553084260093208	553084290295291	553084261908833
553084299236437	553084323460396	553084301127062
553084332623937	553084356614562	553084334460916
553084350399458	553084373188000	553084350969770
553084361582270	553084389796333	553084363409354
553084369435395	553084406339041	553084371211958
553084387338000	553084422924979	553084389750500
553084404786958	553084439507270	553084406621333
553084421697375	553084456085916	553084423624458
553084439104145	553084472654145	553084440747895
553084456533312	553084489221854	553084458542687
553084470882270	553084505814041	553084472906229
553084489229666	553084522401541	553084490939562
553084506491645	553084539003625	553084508628104
553084524669770	553084555556229	553084526321854
553084524669770	553084572138520	553084526321854
553084579399979	553084605285916	553084580718208
553084585521854	553084621870812	553084587606750
553084601179666	553084638454666	553084602567687
553084615582791	553084655015604	553084617588000
553086221499979	553086246660916	553086223315083
553086276777062	553086296339562	553086278704666
553086341955708	553086362641645	553086343468208
553086408354145	553086428945812	553086410039562
553086472352583	553086495276541	553086473441124
553086537037478	553086561598416	553086537573416


16666666
553082259932271	553082301081750	553082260667167
553082277441125	553082317809354	553082278044250
553082294357792	553082334273417	553082295142167
553082312482271	553082350841646	553082313011958
553082328879667	553082367380187	553082329495812
553082379385396	553082400545292	553082381068729
553082389582792	553082417117687	553082391151021
553082396584875	553082433694771	553082397988521
553082412393729	553082450271854	553082413996333
553082426585917	553082466855708	553082427804146
553082443203625	553082483425500	553082445170812
553082459419771	553082500004146	553082460128625
553082476497896	553082516591125	553082477149458
553082492551542	553082533136437	553082493254146
553082509418729	553082549728625	553082510186958
553082527591646	553082566312479	553082528354667
553082543680708	553082582877062	553082544125500
553082561492167	553082599487479	553082561515604
553082577116125	553082616032271	553082577097896
553082592751021	553082632615083	553082593656750
553082611307792	553082649181750	553082611923937
553082625130187	553082665760396	553082625953104
553082694292687	553082715482792	553082696088521
553082696665604	553082732061958	553082697690604
553082711950500	553082748639042	553082713538000
553082728182271	553082765211958	553082729666646
553082741518729	553082781794250	553082743158833
553082891742167	553082914413521	553082893531229
553082899223937	553082930970292	553082900613521
553082946510396	553082964109354	553082948107792
553082967856750	553082997269771	553082969331750
553082996514042	553083013842687	553082997900500
553083000860396	553083030462479	553083002302583
553083029187479	553083047003104	553083030570292
553083035606229	553083063564042	553083037196854
553083063953625	553083080146333	553083065551542
553083070603625	553083096730708	553083072223417
553083117188000	553083146507792	553083118933833
553083124088000	553083163055708	553083125624458
553083150806750	553083179620292	553083152449458
553083155122896	553083196214562	553083156756229
553083209046333	553083229381229	553083210604667
553083217658312	553083245953104	553083219214562
553083231509354	553083262515083	553083233196333
553083242668729	553083279091125	553083244322375
553083287116646	553083312304666	553083288710916
553083297348937	553083328879146	553083298978625
553083335170812	553083362022375	553083336616125
553083354697375	553083378577062	553083356322896
553083381513000	553083411732791	553083383118729
553083404868208	553083428341646	553083406514562
553083430632791	553083461461437	553083431957791
553083440994250	553083478013521	553083442026021
553083463030187	553083494615083	553083464685396
553083476607271	553083511175500	553083478398416
553083495821854	553083527779666	553083497495812
553083514245291	553083544333833	553083515716646
553083526653625	553083560903625	553083528198937
553083548549979	553083577509354	553083548198416
553083563554666	553083594082791	553083565172896
553083582177062	553083610637479	553083583396333
553083590894771	553083627207271	553083592532271
553083611631750	553083643780187	553083613344771
553083626269771	553083660375500	553083627921854
553083642272375	553083676919250	553083643926021
553083657272375	553083693507791	553083659173416
553083670580708	553083710082271	553083672275500
553083690979146	553083726666125	553083692741646
553083709036437	553083743219771	553083711857791
553083726001021	553083759818208	553083727680187
553083742735916	553083776500500	553083744468208
553083758950500	553083792969771	553083760658833
553083787353625	553083809532271	553083789108312
553083792338521	553083826165083	553083794038000
553083813236437	553083842705708	553083815124458
553083830088521	553083859277062	553083832118208
553083846211958	553083875846854	553083847861437
553083859274979	553083892419250	553083861101021
553083876857271	553083908984354	553083878632271
553083890980708	553083925588000	553083892740083
553083907944771	553083942172375	553083909719250
553083923782271	553083958768208	553083925714041
553083945323416	553083975320812	553083946954666
553083963524458	553083991906750	553083964746854
553083976918208	553084008474979	553083978696854
553083994622375	553084025108312	553083996449458
553084013540083	553084041605187	553084014742166
553084028912479	553084058183833	553084030589041
553084045411437	553084074810916	553084047234875
553084061079146	553084091379666	553084062781229
553084077511437	553084107933312	553084079286437
553084094417687	553084124535396	553084096340604
553084110464562	553084141102583	553084112145291
553084127124458	553084157665083	553084129017687
553084142829666	553084174258833	553084144830187
553084160723937	553084190832271	553084162520812
553084174362479	553084207420812	553084176176021
553084191676541	553084223975500	553084193746854
553084208129146	553084240565083	553084209805708
553084222225500	553084257138521	553084224099979
553084243382271	553084273704666	553084245028104
553084260093208	553084290295291	553084261908833
553084299236437	553084323460396	553084301127062
553084332623937	553084356614562	553084334460916
553084350399458	553084373188000	553084350969770
553084361582270	553084389796333	553084363409354
553084369435395	553084406339041	553084371211958
553084387338000	553084422924979	553084389750500
553084404786958	553084439507270	553084406621333
553084421697375	553084456085916	553084423624458
553084439104145	553084472654145	553084440747895
553084456533312	553084489221854	553084458542687
553084470882270	553084505814041	553084472906229
553084489229666	553084522401541	553084490939562
553084506491645	553084539003625	553084508628104
553084524669770	553084555556229	553084526321854
553084524669770	553084572138520	553084526321854
553084579399979	553084605285916	553084580718208
553084585521854	553084621870812	553084587606750
553084601179666	553084638454666	553084602567687
553084615582791	553084655015604	553084617588000
553086221499979	553086246660916	553086223315083
553086276777062	553086296339562	553086278704666
553086341955708	553086362641645	553086343468208
553086408354145	553086428945812	553086410039562
553086472352583	553086495276541	553086473441124
553086537037478	553086561598416	553086537573416


16666666
553082259932271	553082301081750	553082260667167
553082277441125	553082317809354	553082278044250
553082294357792	553082334273417	553082295142167
553082312482271	553082350841646	553082313011958
553082328879667	553082367380187	553082329495812
553082379385396	553082400545292	553082381068729
553082389582792	553082417117687	553082391151021
553082396584875	553082433694771	553082397988521
553082412393729	553082450271854	553082413996333
553082426585917	553082466855708	553082427804146
553082443203625	553082483425500	553082445170812
553082459419771	553082500004146	553082460128625
553082476497896	553082516591125	553082477149458
553082492551542	553082533136437	553082493254146
553082509418729	553082549728625	553082510186958
553082527591646	553082566312479	553082528354667
553082543680708	553082582877062	553082544125500
553082561492167	553082599487479	553082561515604
553082577116125	553082616032271	553082577097896
553082592751021	553082632615083	553082593656750
553082611307792	553082649181750	553082611923937
553082625130187	553082665760396	553082625953104
553082694292687	553082715482792	553082696088521
553082696665604	553082732061958	553082697690604
553082711950500	553082748639042	553082713538000
553082728182271	553082765211958	553082729666646
553082741518729	553082781794250	553082743158833
553082891742167	553082914413521	553082893531229
553082899223937	553082930970292	553082900613521
553082946510396	553082964109354	553082948107792
553082967856750	553082997269771	553082969331750
553082996514042	553083013842687	553082997900500
553083000860396	553083030462479	553083002302583
553083029187479	553083047003104	553083030570292
553083035606229	553083063564042	553083037196854
553083063953625	553083080146333	553083065551542
553083070603625	553083096730708	553083072223417
553083117188000	553083146507792	553083118933833
553083124088000	553083163055708	553083125624458
553083150806750	553083179620292	553083152449458
553083155122896	553083196214562	553083156756229
553083209046333	553083229381229	553083210604667
553083217658312	553083245953104	553083219214562
553083231509354	553083262515083	553083233196333
553083242668729	553083279091125	553083244322375
553083287116646	553083312304666	553083288710916
553083297348937	553083328879146	553083298978625
553083335170812	553083362022375	553083336616125
553083354697375	553083378577062	553083356322896
553083381513000	553083411732791	553083383118729
553083404868208	553083428341646	553083406514562
553083430632791	553083461461437	553083431957791
553083440994250	553083478013521	553083442026021
553083463030187	553083494615083	553083464685396
553083476607271	553083511175500	553083478398416
553083495821854	553083527779666	553083497495812
553083514245291	553083544333833	553083515716646
553083526653625	553083560903625	553083528198937
553083548549979	553083577509354	553083548198416
553083563554666	553083594082791	553083565172896
553083582177062	553083610637479	553083583396333
553083590894771	553083627207271	553083592532271
553083611631750	553083643780187	553083613344771
553083626269771	553083660375500	553083627921854
553083642272375	553083676919250	553083643926021
553083657272375	553083693507791	553083659173416
553083670580708	553083710082271	553083672275500
553083690979146	553083726666125	553083692741646
553083709036437	553083743219771	553083711857791
553083726001021	553083759818208	553083727680187
553083742735916	553083776500500	553083744468208
553083758950500	553083792969771	553083760658833
553083787353625	553083809532271	553083789108312
553083792338521	553083826165083	553083794038000
553083813236437	553083842705708	553083815124458
553083830088521	553083859277062	553083832118208
553083846211958	553083875846854	553083847861437
553083859274979	553083892419250	553083861101021
553083876857271	553083908984354	553083878632271
553083890980708	553083925588000	553083892740083
553083907944771	553083942172375	553083909719250
553083923782271	553083958768208	553083925714041
553083945323416	553083975320812	553083946954666
553083963524458	553083991906750	553083964746854
553083976918208	553084008474979	553083978696854
553083994622375	553084025108312	553083996449458
553084013540083	553084041605187	553084014742166
553084028912479	553084058183833	553084030589041
553084045411437	553084074810916	553084047234875
553084061079146	553084091379666	553084062781229
553084077511437	553084107933312	553084079286437
553084094417687	553084124535396	553084096340604
553084110464562	553084141102583	553084112145291
553084127124458	553084157665083	553084129017687
553084142829666	553084174258833	553084144830187
553084160723937	553084190832271	553084162520812
553084174362479	553084207420812	553084176176021
553084191676541	553084223975500	553084193746854
553084208129146	553084240565083	553084209805708
553084222225500	553084257138521	553084224099979
553084243382271	553084273704666	553084245028104
553084260093208	553084290295291	553084261908833
553084299236437	553084323460396	553084301127062
553084332623937	553084356614562	553084334460916
553084350399458	553084373188000	553084350969770
553084361582270	553084389796333	553084363409354
553084369435395	553084406339041	553084371211958
553084387338000	553084422924979	553084389750500
553084404786958	553084439507270	553084406621333
553084421697375	553084456085916	553084423624458
553084439104145	553084472654145	553084440747895
553084456533312	553084489221854	553084458542687
553084470882270	553084505814041	553084472906229
553084489229666	553084522401541	553084490939562
553084506491645	553084539003625	553084508628104
553084524669770	553084555556229	553084526321854
553084524669770	553084572138520	553084526321854
553084579399979	553084605285916	553084580718208
553084585521854	553084621870812	553084587606750
553084601179666	553084638454666	553084602567687
553084615582791	553084655015604	553084617588000
553086221499979	553086246660916	553086223315083
553086276777062	553086296339562	553086278704666
553086341955708	553086362641645	553086343468208
553086408354145	553086428945812	553086410039562
553086472352583	553086495276541	553086473441124
553086537037478	553086561598416	553086537573416


16666666
553082259932271	553082301081750	553082260667167
553082277441125	553082317809354	553082278044250
553082294357792	553082334273417	553082295142167
553082312482271	553082350841646	553082313011958
553082328879667	553082367380187	553082329495812
553082379385396	553082400545292	553082381068729
553082389582792	553082417117687	553082391151021
553082396584875	553082433694771	553082397988521
553082412393729	553082450271854	553082413996333
553082426585917	553082466855708	553082427804146
553082443203625	553082483425500	553082445170812
553082459419771	553082500004146	553082460128625
553082476497896	553082516591125	553082477149458
553082492551542	553082533136437	553082493254146
553082509418729	553082549728625	553082510186958
553082527591646	553082566312479	553082528354667
553082543680708	553082582877062	553082544125500
553082561492167	553082599487479	553082561515604
553082577116125	553082616032271	553082577097896
553082592751021	553082632615083	553082593656750
553082611307792	553082649181750	553082611923937
553082625130187	553082665760396	553082625953104
553082694292687	553082715482792	553082696088521
553082696665604	553082732061958	553082697690604
553082711950500	553082748639042	553082713538000
553082728182271	553082765211958	553082729666646
553082741518729	553082781794250	553082743158833
553082891742167	553082914413521	553082893531229
553082899223937	553082930970292	553082900613521
553082946510396	553082964109354	553082948107792
553082967856750	553082997269771	553082969331750
553082996514042	553083013842687	553082997900500
553083000860396	553083030462479	553083002302583
553083029187479	553083047003104	553083030570292
553083035606229	553083063564042	553083037196854
553083063953625	553083080146333	553083065551542
553083070603625	553083096730708	553083072223417
553083117188000	553083146507792	553083118933833
553083124088000	553083163055708	553083125624458
553083150806750	553083179620292	553083152449458
553083155122896	553083196214562	553083156756229
553083209046333	553083229381229	553083210604667
553083217658312	553083245953104	553083219214562
553083231509354	553083262515083	553083233196333
553083242668729	553083279091125	553083244322375
553083287116646	553083312304666	553083288710916
553083297348937	553083328879146	553083298978625
553083335170812	553083362022375	553083336616125
553083354697375	553083378577062	553083356322896
553083381513000	553083411732791	553083383118729
553083404868208	553083428341646	553083406514562
553083430632791	553083461461437	553083431957791
553083440994250	553083478013521	553083442026021
553083463030187	553083494615083	553083464685396
553083476607271	553083511175500	553083478398416
553083495821854	553083527779666	553083497495812
553083514245291	553083544333833	553083515716646
553083526653625	553083560903625	553083528198937
553083548549979	553083577509354	553083548198416
553083563554666	553083594082791	553083565172896
553083582177062	553083610637479	553083583396333
553083590894771	553083627207271	553083592532271
553083611631750	553083643780187	553083613344771
553083626269771	553083660375500	553083627921854
553083642272375	553083676919250	553083643926021
553083657272375	553083693507791	553083659173416
553083670580708	553083710082271	553083672275500
553083690979146	553083726666125	553083692741646
553083709036437	553083743219771	553083711857791
553083726001021	553083759818208	553083727680187
553083742735916	553083776500500	553083744468208
553083758950500	553083792969771	553083760658833
553083787353625	553083809532271	553083789108312
553083792338521	553083826165083	553083794038000
553083813236437	553083842705708	553083815124458
553083830088521	553083859277062	553083832118208
553083846211958	553083875846854	553083847861437
553083859274979	553083892419250	553083861101021
553083876857271	553083908984354	553083878632271
553083890980708	553083925588000	553083892740083
553083907944771	553083942172375	553083909719250
553083923782271	553083958768208	553083925714041
553083945323416	553083975320812	553083946954666
553083963524458	553083991906750	553083964746854
553083976918208	553084008474979	553083978696854
553083994622375	553084025108312	553083996449458
553084013540083	553084041605187	553084014742166
553084028912479	553084058183833	553084030589041
553084045411437	553084074810916	553084047234875
553084061079146	553084091379666	553084062781229
553084077511437	553084107933312	553084079286437
553084094417687	553084124535396	553084096340604
553084110464562	553084141102583	553084112145291
553084127124458	553084157665083	553084129017687
553084142829666	553084174258833	553084144830187
553084160723937	553084190832271	553084162520812
553084174362479	553084207420812	553084176176021
553084191676541	553084223975500	553084193746854
553084208129146	553084240565083	553084209805708
553084222225500	553084257138521	553084224099979
553084243382271	553084273704666	553084245028104
553084260093208	553084290295291	553084261908833
553084299236437	553084323460396	553084301127062
553084332623937	553084356614562	553084334460916
553084350399458	553084373188000	553084350969770
553084361582270	553084389796333	553084363409354
553084369435395	553084406339041	553084371211958
553084387338000	553084422924979	553084389750500
553084404786958	553084439507270	553084406621333
553084421697375	553084456085916	553084423624458
553084439104145	553084472654145	553084440747895
553084456533312	553084489221854	553084458542687
553084470882270	553084505814041	553084472906229
553084489229666	553084522401541	553084490939562
553084506491645	553084539003625	553084508628104
553084524669770	553084555556229	553084526321854
553084524669770	553084572138520	553084526321854
553084579399979	553084605285916	553084580718208
553084585521854	553084621870812	553084587606750
553084601179666	553084638454666	553084602567687
553084615582791	553084655015604	553084617588000
553086221499979	553086246660916	553086223315083
553086276777062	553086296339562	553086278704666
553086341955708	553086362641645	553086343468208
553086408354145	553086428945812	553086410039562
553086472352583	553086495276541	553086473441124
553086537037478	553086561598416	553086537573416


16666666
553082259932271	553082301081750	553082260667167
553082277441125	553082317809354	553082278044250
553082294357792	553082334273417	553082295142167
553082312482271	553082350841646	553082313011958
553082328879667	553082367380187	553082329495812
553082379385396	553082400545292	553082381068729
553082389582792	553082417117687	553082391151021
553082396584875	553082433694771	553082397988521
553082412393729	553082450271854	553082413996333
553082426585917	553082466855708	553082427804146
553082443203625	553082483425500	553082445170812
553082459419771	553082500004146	553082460128625
553082476497896	553082516591125	553082477149458
553082492551542	553082533136437	553082493254146
553082509418729	553082549728625	553082510186958
553082527591646	553082566312479	553082528354667
553082543680708	553082582877062	553082544125500
553082561492167	553082599487479	553082561515604
553082577116125	553082616032271	553082577097896
553082592751021	553082632615083	553082593656750
553082611307792	553082649181750	553082611923937
553082625130187	553082665760396	553082625953104
553082694292687	553082715482792	553082696088521
553082696665604	553082732061958	553082697690604
553082711950500	553082748639042	553082713538000
553082728182271	553082765211958	553082729666646
553082741518729	553082781794250	553082743158833
553082891742167	553082914413521	553082893531229
553082899223937	553082930970292	553082900613521
553082946510396	553082964109354	553082948107792
553082967856750	553082997269771	553082969331750
553082996514042	553083013842687	553082997900500
553083000860396	553083030462479	553083002302583
553083029187479	553083047003104	553083030570292
553083035606229	553083063564042	553083037196854
553083063953625	553083080146333	553083065551542
553083070603625	553083096730708	553083072223417
553083117188000	553083146507792	553083118933833
553083124088000	553083163055708	553083125624458
553083150806750	553083179620292	553083152449458
553083155122896	553083196214562	553083156756229
553083209046333	553083229381229	553083210604667
553083217658312	553083245953104	553083219214562
553083231509354	553083262515083	553083233196333
553083242668729	553083279091125	553083244322375
553083287116646	553083312304666	553083288710916
553083297348937	553083328879146	553083298978625
553083335170812	553083362022375	553083336616125
553083354697375	553083378577062	553083356322896
553083381513000	553083411732791	553083383118729
553083404868208	553083428341646	553083406514562
553083430632791	553083461461437	553083431957791
553083440994250	553083478013521	553083442026021
553083463030187	553083494615083	553083464685396
553083476607271	553083511175500	553083478398416
553083495821854	553083527779666	553083497495812
553083514245291	553083544333833	553083515716646
553083526653625	553083560903625	553083528198937
553083548549979	553083577509354	553083548198416
553083563554666	553083594082791	553083565172896
553083582177062	553083610637479	553083583396333
553083590894771	553083627207271	553083592532271
553083611631750	553083643780187	553083613344771
553083626269771	553083660375500	553083627921854
553083642272375	553083676919250	553083643926021
553083657272375	553083693507791	553083659173416
553083670580708	553083710082271	553083672275500
553083690979146	553083726666125	553083692741646
553083709036437	553083743219771	553083711857791
553083726001021	553083759818208	553083727680187
553083742735916	553083776500500	553083744468208
553083758950500	553083792969771	553083760658833
553083787353625	553083809532271	553083789108312
553083792338521	553083826165083	553083794038000
553083813236437	553083842705708	553083815124458
553083830088521	553083859277062	553083832118208
553083846211958	553083875846854	553083847861437
553083859274979	553083892419250	553083861101021
553083876857271	553083908984354	553083878632271
553083890980708	553083925588000	553083892740083
553083907944771	553083942172375	553083909719250
553083923782271	553083958768208	553083925714041
553083945323416	553083975320812	553083946954666
553083963524458	553083991906750	553083964746854
553083976918208	553084008474979	553083978696854
553083994622375	553084025108312	553083996449458
553084013540083	553084041605187	553084014742166
553084028912479	553084058183833	553084030589041
553084045411437	553084074810916	553084047234875
553084061079146	553084091379666	553084062781229
553084077511437	553084107933312	553084079286437
553084094417687	553084124535396	553084096340604
553084110464562	553084141102583	553084112145291
553084127124458	553084157665083	553084129017687
553084142829666	553084174258833	553084144830187
553084160723937	553084190832271	553084162520812
553084174362479	553084207420812	553084176176021
553084191676541	553084223975500	553084193746854
553084208129146	553084240565083	553084209805708
553084222225500	553084257138521	553084224099979
553084243382271	553084273704666	553084245028104
553084260093208	553084290295291	553084261908833
553084299236437	553084323460396	553084301127062
553084332623937	553084356614562	553084334460916
553084350399458	553084373188000	553084350969770
553084361582270	553084389796333	553084363409354
553084369435395	553084406339041	553084371211958
553084387338000	553084422924979	553084389750500
553084404786958	553084439507270	553084406621333
553084421697375	553084456085916	553084423624458
553084439104145	553084472654145	553084440747895
553084456533312	553084489221854	553084458542687
553084470882270	553084505814041	553084472906229
553084489229666	553084522401541	553084490939562
553084506491645	553084539003625	553084508628104
553084524669770	553084555556229	553084526321854
553084524669770	553084572138520	553084526321854
553084579399979	553084605285916	553084580718208
553084585521854	553084621870812	553084587606750
553084601179666	553084638454666	553084602567687
553084615582791	553084655015604	553084617588000
553086221499979	553086246660916	553086223315083
553086276777062	553086296339562	553086278704666
553086341955708	553086362641645	553086343468208
553086408354145	553086428945812	553086410039562
553086472352583	553086495276541	553086473441124
553086537037478	553086561598416	553086537573416


16666666
553082259932271	553082301081750	553082260667167
553082277441125	553082317809354	553082278044250
553082294357792	553082334273417	553082295142167
553082312482271	553082350841646	553082313011958
553082328879667	553082367380187	553082329495812
553082379385396	553082400545292	553082381068729
553082389582792	553082417117687	553082391151021
553082396584875	553082433694771	553082397988521
553082412393729	553082450271854	553082413996333
553082426585917	553082466855708	553082427804146
553082443203625	553082483425500	553082445170812
553082459419771	553082500004146	553082460128625
553082476497896	553082516591125	553082477149458
553082492551542	553082533136437	553082493254146
553082509418729	553082549728625	553082510186958
553082527591646	553082566312479	553082528354667
553082543680708	553082582877062	553082544125500
553082561492167	553082599487479	553082561515604
553082577116125	553082616032271	553082577097896
553082592751021	553082632615083	553082593656750
553082611307792	553082649181750	553082611923937
553082625130187	553082665760396	553082625953104
553082694292687	553082715482792	553082696088521
553082696665604	553082732061958	553082697690604
553082711950500	553082748639042	553082713538000
553082728182271	553082765211958	553082729666646
553082741518729	553082781794250	553082743158833
553082891742167	553082914413521	553082893531229
553082899223937	553082930970292	553082900613521
553082946510396	553082964109354	553082948107792
553082967856750	553082997269771	553082969331750
553082996514042	553083013842687	553082997900500
553083000860396	553083030462479	553083002302583
553083029187479	553083047003104	553083030570292
553083035606229	553083063564042	553083037196854
553083063953625	553083080146333	553083065551542
553083070603625	553083096730708	553083072223417
553083117188000	553083146507792	553083118933833
553083124088000	553083163055708	553083125624458
553083150806750	553083179620292	553083152449458
553083155122896	553083196214562	553083156756229
553083209046333	553083229381229	553083210604667
553083217658312	553083245953104	553083219214562
553083231509354	553083262515083	553083233196333
553083242668729	553083279091125	553083244322375
553083287116646	553083312304666	553083288710916
553083297348937	553083328879146	553083298978625
553083335170812	553083362022375	553083336616125
553083354697375	553083378577062	553083356322896
553083381513000	553083411732791	553083383118729
553083404868208	553083428341646	553083406514562
553083430632791	553083461461437	553083431957791
553083440994250	553083478013521	553083442026021
553083463030187	553083494615083	553083464685396
553083476607271	553083511175500	553083478398416
553083495821854	553083527779666	553083497495812
553083514245291	553083544333833	553083515716646
553083526653625	553083560903625	553083528198937
553083548549979	553083577509354	553083548198416
553083563554666	553083594082791	553083565172896
553083582177062	553083610637479	553083583396333
553083590894771	553083627207271	553083592532271
553083611631750	553083643780187	553083613344771
553083626269771	553083660375500	553083627921854
553083642272375	553083676919250	553083643926021
553083657272375	553083693507791	553083659173416
553083670580708	553083710082271	553083672275500
553083690979146	553083726666125	553083692741646
553083709036437	553083743219771	553083711857791
553083726001021	553083759818208	553083727680187
553083742735916	553083776500500	553083744468208
553083758950500	553083792969771	553083760658833
553083787353625	553083809532271	553083789108312
553083792338521	553083826165083	553083794038000
553083813236437	553083842705708	553083815124458
553083830088521	553083859277062	553083832118208
553083846211958	553083875846854	553083847861437
553083859274979	553083892419250	553083861101021
553083876857271	553083908984354	553083878632271
553083890980708	553083925588000	553083892740083
553083907944771	553083942172375	553083909719250
553083923782271	553083958768208	553083925714041
553083945323416	553083975320812	553083946954666
553083963524458	553083991906750	553083964746854
553083976918208	553084008474979	553083978696854
553083994622375	553084025108312	553083996449458
553084013540083	553084041605187	553084014742166
553084028912479	553084058183833	553084030589041
553084045411437	553084074810916	553084047234875
553084061079146	553084091379666	553084062781229
553084077511437	553084107933312	553084079286437
553084094417687	553084124535396	553084096340604
553084110464562	553084141102583	553084112145291
553084127124458	553084157665083	553084129017687
553084142829666	553084174258833	553084144830187
553084160723937	553084190832271	553084162520812
553084174362479	553084207420812	553084176176021
553084191676541	553084223975500	553084193746854
553084208129146	553084240565083	553084209805708
553084222225500	553084257138521	553084224099979
553084243382271	553084273704666	553084245028104
553084260093208	553084290295291	553084261908833
553084299236437	553084323460396	553084301127062
553084332623937	553084356614562	553084334460916
553084350399458	553084373188000	553084350969770
553084361582270	553084389796333	553084363409354
553084369435395	553084406339041	553084371211958
553084387338000	553084422924979	553084389750500
553084404786958	553084439507270	553084406621333
553084421697375	553084456085916	553084423624458
553084439104145	553084472654145	553084440747895
553084456533312	553084489221854	553084458542687
553084470882270	553084505814041	553084472906229
553084489229666	553084522401541	553084490939562
553084506491645	553084539003625	553084508628104
553084524669770	553084555556229	553084526321854
553084524669770	553084572138520	553084526321854
553084579399979	553084605285916	553084580718208
553084585521854	553084621870812	553084587606750
553084601179666	553084638454666	553084602567687
553084615582791	553084655015604	553084617588000
553086221499979	553086246660916	553086223315083
553086276777062	553086296339562	553086278704666
553086341955708	553086362641645	553086343468208
553086408354145	553086428945812	553086410039562
553086472352583	553086495276541	553086473441124
553086537037478	553086561598416	553086537573416


16666666
553082259932271	553082301081750	553082260667167
553082277441125	553082317809354	553082278044250
553082294357792	553082334273417	553082295142167
553082312482271	553082350841646	553082313011958
553082328879667	553082367380187	553082329495812
553082379385396	553082400545292	553082381068729
553082389582792	553082417117687	553082391151021
553082396584875	553082433694771	553082397988521
553082412393729	553082450271854	553082413996333
553082426585917	553082466855708	553082427804146
553082443203625	553082483425500	553082445170812
553082459419771	553082500004146	553082460128625
553082476497896	553082516591125	553082477149458
553082492551542	553082533136437	553082493254146
553082509418729	553082549728625	553082510186958
553082527591646	553082566312479	553082528354667
553082543680708	553082582877062	553082544125500
553082561492167	553082599487479	553082561515604
553082577116125	553082616032271	553082577097896
553082592751021	553082632615083	553082593656750
553082611307792	553082649181750	553082611923937
553082625130187	553082665760396	553082625953104
553082694292687	553082715482792	553082696088521
553082696665604	553082732061958	553082697690604
553082711950500	553082748639042	553082713538000
553082728182271	553082765211958	553082729666646
553082741518729	553082781794250	553082743158833
553082891742167	553082914413521	553082893531229
553082899223937	553082930970292	553082900613521
553082946510396	553082964109354	553082948107792
553082967856750	553082997269771	553082969331750
553082996514042	553083013842687	553082997900500
553083000860396	553083030462479	553083002302583
553083029187479	553083047003104	553083030570292
553083035606229	553083063564042	553083037196854
553083063953625	553083080146333	553083065551542
553083070603625	553083096730708	553083072223417
553083117188000	553083146507792	553083118933833
553083124088000	553083163055708	553083125624458
553083150806750	553083179620292	553083152449458
553083155122896	553083196214562	553083156756229
553083209046333	553083229381229	553083210604667
553083217658312	553083245953104	553083219214562
553083231509354	553083262515083	553083233196333
553083242668729	553083279091125	553083244322375
553083287116646	553083312304666	553083288710916
553083297348937	553083328879146	553083298978625
553083335170812	553083362022375	553083336616125
553083354697375	553083378577062	553083356322896
553083381513000	553083411732791	553083383118729
553083404868208	553083428341646	553083406514562
553083430632791	553083461461437	553083431957791
553083440994250	553083478013521	553083442026021
553083463030187	553083494615083	553083464685396
553083476607271	553083511175500	553083478398416
553083495821854	553083527779666	553083497495812
553083514245291	553083544333833	553083515716646
553083526653625	553083560903625	553083528198937
553083548549979	553083577509354	553083548198416
553083563554666	553083594082791	553083565172896
553083582177062	553083610637479	553083583396333
553083590894771	553083627207271	553083592532271
553083611631750	553083643780187	553083613344771
553083626269771	553083660375500	553083627921854
553083642272375	553083676919250	553083643926021
553083657272375	553083693507791	553083659173416
553083670580708	553083710082271	553083672275500
553083690979146	553083726666125	553083692741646
553083709036437	553083743219771	553083711857791
553083726001021	553083759818208	553083727680187
553083742735916	553083776500500	553083744468208
553083758950500	553083792969771	553083760658833
553083787353625	553083809532271	553083789108312
553083792338521	553083826165083	553083794038000
553083813236437	553083842705708	553083815124458
553083830088521	553083859277062	553083832118208
553083846211958	553083875846854	553083847861437
553083859274979	553083892419250	553083861101021
553083876857271	553083908984354	553083878632271
553083890980708	553083925588000	553083892740083
553083907944771	553083942172375	553083909719250
553083923782271	553083958768208	553083925714041
553083945323416	553083975320812	553083946954666
553083963524458	553083991906750	553083964746854
553083976918208	553084008474979	553083978696854
553083994622375	553084025108312	553083996449458
553084013540083	553084041605187	553084014742166
553084028912479	553084058183833	553084030589041
553084045411437	553084074810916	553084047234875
553084061079146	553084091379666	553084062781229
553084077511437	553084107933312	553084079286437
553084094417687	553084124535396	553084096340604
553084110464562	553084141102583	553084112145291
553084127124458	553084157665083	553084129017687
553084142829666	553084174258833	553084144830187
553084160723937	553084190832271	553084162520812
553084174362479	553084207420812	553084176176021
553084191676541	553084223975500	553084193746854
553084208129146	553084240565083	553084209805708
553084222225500	553084257138521	553084224099979
553084243382271	553084273704666	553084245028104
553084260093208	553084290295291	553084261908833
553084299236437	553084323460396	553084301127062
553084332623937	553084356614562	553084334460916
553084350399458	553084373188000	553084350969770
553084361582270	553084389796333	553084363409354
553084369435395	553084406339041	553084371211958
553084387338000	553084422924979	553084389750500
553084404786958	553084439507270	553084406621333
553084421697375	553084456085916	553084423624458
553084439104145	553084472654145	553084440747895
553084456533312	553084489221854	553084458542687
553084470882270	553084505814041	553084472906229
553084489229666	553084522401541	553084490939562
553084506491645	553084539003625	553084508628104
553084524669770	553084555556229	553084526321854
553084524669770	553084572138520	553084526321854
553084579399979	553084605285916	553084580718208
553084585521854	553084621870812	553084587606750
553084601179666	553084638454666	553084602567687
553084615582791	553084655015604	553084617588000
553086221499979	553086246660916	553086223315083
553086276777062	553086296339562	553086278704666
553086341955708	553086362641645	553086343468208
553086408354145	553086428945812	553086410039562
553086472352583	553086495276541	553086473441124
553086537037478	553086561598416	553086537573416


16666666
553082259932271	553082301081750	553082260667167
553082277441125	553082317809354	553082278044250
553082294357792	553082334273417	553082295142167
553082312482271	553082350841646	553082313011958
553082328879667	553082367380187	553082329495812
553082379385396	553082400545292	553082381068729
553082389582792	553082417117687	553082391151021
553082396584875	553082433694771	553082397988521
553082412393729	553082450271854	553082413996333
553082426585917	553082466855708	553082427804146
553082443203625	553082483425500	553082445170812
553082459419771	553082500004146	553082460128625
553082476497896	553082516591125	553082477149458
553082492551542	553082533136437	553082493254146
553082509418729	553082549728625	553082510186958
553082527591646	553082566312479	553082528354667
553082543680708	553082582877062	553082544125500
553082561492167	553082599487479	553082561515604
553082577116125	553082616032271	553082577097896
553082592751021	553082632615083	553082593656750
553082611307792	553082649181750	553082611923937
553082625130187	553082665760396	553082625953104
553082694292687	553082715482792	553082696088521
553082696665604	553082732061958	553082697690604
553082711950500	553082748639042	553082713538000
553082728182271	553082765211958	553082729666646
553082741518729	553082781794250	553082743158833
553082891742167	553082914413521	553082893531229
553082899223937	553082930970292	553082900613521
553082946510396	553082964109354	553082948107792
553082967856750	553082997269771	553082969331750
553082996514042	553083013842687	553082997900500
553083000860396	553083030462479	553083002302583
553083029187479	553083047003104	553083030570292
553083035606229	553083063564042	553083037196854
553083063953625	553083080146333	553083065551542
553083070603625	553083096730708	553083072223417
553083117188000	553083146507792	553083118933833
553083124088000	553083163055708	553083125624458
553083150806750	553083179620292	553083152449458
553083155122896	553083196214562	553083156756229
553083209046333	553083229381229	553083210604667
553083217658312	553083245953104	553083219214562
553083231509354	553083262515083	553083233196333
553083242668729	553083279091125	553083244322375
553083287116646	553083312304666	553083288710916
553083297348937	553083328879146	553083298978625
553083335170812	553083362022375	553083336616125
553083354697375	553083378577062	553083356322896
553083381513000	553083411732791	553083383118729
553083404868208	553083428341646	553083406514562
553083430632791	553083461461437	553083431957791
553083440994250	553083478013521	553083442026021
553083463030187	553083494615083	553083464685396
553083476607271	553083511175500	553083478398416
553083495821854	553083527779666	553083497495812
553083514245291	553083544333833	553083515716646
553083526653625	553083560903625	553083528198937
553083548549979	553083577509354	553083548198416
553083563554666	553083594082791	553083565172896
553083582177062	553083610637479	553083583396333
553083590894771	553083627207271	553083592532271
553083611631750	553083643780187	553083613344771
553083626269771	553083660375500	553083627921854
553083642272375	553083676919250	553083643926021
553083657272375	553083693507791	553083659173416
553083670580708	553083710082271	553083672275500
553083690979146	553083726666125	553083692741646
553083709036437	553083743219771	553083711857791
553083726001021	553083759818208	553083727680187
553083742735916	553083776500500	553083744468208
553083758950500	553083792969771	553083760658833
553083787353625	553083809532271	553083789108312
553083792338521	553083826165083	553083794038000
553083813236437	553083842705708	553083815124458
553083830088521	553083859277062	553083832118208
553083846211958	553083875846854	553083847861437
553083859274979	553083892419250	553083861101021
553083876857271	553083908984354	553083878632271
553083890980708	553083925588000	553083892740083
553083907944771	553083942172375	553083909719250
553083923782271	553083958768208	553083925714041
553083945323416	553083975320812	553083946954666
553083963524458	553083991906750	553083964746854
553083976918208	553084008474979	553083978696854
553083994622375	553084025108312	553083996449458
553084013540083	553084041605187	553084014742166
553084028912479	553084058183833	553084030589041
553084045411437	553084074810916	553084047234875
553084061079146	553084091379666	553084062781229
553084077511437	553084107933312	553084079286437
553084094417687	553084124535396	553084096340604
553084110464562	553084141102583	553084112145291
553084127124458	553084157665083	553084129017687
553084142829666	553084174258833	553084144830187
553084160723937	553084190832271	553084162520812
553084174362479	553084207420812	553084176176021
553084191676541	553084223975500	553084193746854
553084208129146	553084240565083	553084209805708
553084222225500	553084257138521	553084224099979
553084243382271	553084273704666	553084245028104
553084260093208	553084290295291	553084261908833
553084299236437	553084323460396	553084301127062
553084332623937	553084356614562	553084334460916
553084350399458	553084373188000	553084350969770
553084361582270	553084389796333	553084363409354
553084369435395	553084406339041	553084371211958
553084387338000	553084422924979	553084389750500
553084404786958	553084439507270	553084406621333
553084421697375	553084456085916	553084423624458
553084439104145	553084472654145	553084440747895
553084456533312	553084489221854	553084458542687
553084470882270	553084505814041	553084472906229
553084489229666	553084522401541	553084490939562
553084506491645	553084539003625	553084508628104
553084524669770	553084555556229	553084526321854
553084524669770	553084572138520	553084526321854
553084579399979	553084605285916	553084580718208
553084585521854	553084621870812	553084587606750
553084601179666	553084638454666	553084602567687
553084615582791	553084655015604	553084617588000
553086221499979	553086246660916	553086223315083
553086276777062	553086296339562	553086278704666
553086341955708	553086362641645	553086343468208
553086408354145	553086428945812	553086410039562
553086472352583	553086495276541	553086473441124
553086537037478	553086561598416	553086537573416


16666666
553082259932271	553082301081750	553082260667167
553082277441125	553082317809354	553082278044250
553082294357792	553082334273417	553082295142167
553082312482271	553082350841646	553082313011958
553082328879667	553082367380187	553082329495812
553082379385396	553082400545292	553082381068729
553082389582792	553082417117687	553082391151021
553082396584875	553082433694771	553082397988521
553082412393729	553082450271854	553082413996333
553082426585917	553082466855708	553082427804146
553082443203625	553082483425500	553082445170812
553082459419771	553082500004146	553082460128625
553082476497896	553082516591125	553082477149458
553082492551542	553082533136437	553082493254146
553082509418729	553082549728625	553082510186958
553082527591646	553082566312479	553082528354667
553082543680708	553082582877062	553082544125500
553082561492167	553082599487479	553082561515604
553082577116125	553082616032271	553082577097896
553082592751021	553082632615083	553082593656750
553082611307792	553082649181750	553082611923937
553082625130187	553082665760396	553082625953104
553082694292687	553082715482792	553082696088521
553082696665604	553082732061958	553082697690604
553082711950500	553082748639042	553082713538000
553082728182271	553082765211958	553082729666646
553082741518729	553082781794250	553082743158833
553082891742167	553082914413521	553082893531229
553082899223937	553082930970292	553082900613521
553082946510396	553082964109354	553082948107792
553082967856750	553082997269771	553082969331750
553082996514042	553083013842687	553082997900500
553083000860396	553083030462479	553083002302583
553083029187479	553083047003104	553083030570292
553083035606229	553083063564042	553083037196854
553083063953625	553083080146333	553083065551542
553083070603625	553083096730708	553083072223417
553083117188000	553083146507792	553083118933833
553083124088000	553083163055708	553083125624458
553083150806750	553083179620292	553083152449458
553083155122896	553083196214562	553083156756229
553083209046333	553083229381229	553083210604667
553083217658312	553083245953104	553083219214562
553083231509354	553083262515083	553083233196333
553083242668729	553083279091125	553083244322375
553083287116646	553083312304666	553083288710916
553083297348937	553083328879146	553083298978625
553083335170812	553083362022375	553083336616125
553083354697375	553083378577062	553083356322896
553083381513000	553083411732791	553083383118729
553083404868208	553083428341646	553083406514562
553083430632791	553083461461437	553083431957791
553083440994250	553083478013521	553083442026021
553083463030187	553083494615083	553083464685396
553083476607271	553083511175500	553083478398416
553083495821854	553083527779666	553083497495812
553083514245291	553083544333833	553083515716646
553083526653625	553083560903625	553083528198937
553083548549979	553083577509354	553083548198416
553083563554666	553083594082791	553083565172896
553083582177062	553083610637479	553083583396333
553083590894771	553083627207271	553083592532271
553083611631750	553083643780187	553083613344771
553083626269771	553083660375500	553083627921854
553083642272375	553083676919250	553083643926021
553083657272375	553083693507791	553083659173416
553083670580708	553083710082271	553083672275500
553083690979146	553083726666125	553083692741646
553083709036437	553083743219771	553083711857791
553083726001021	553083759818208	553083727680187
553083742735916	553083776500500	553083744468208
553083758950500	553083792969771	553083760658833
553083787353625	553083809532271	553083789108312
553083792338521	553083826165083	553083794038000
553083813236437	553083842705708	553083815124458
553083830088521	553083859277062	553083832118208
553083846211958	553083875846854	553083847861437
553083859274979	553083892419250	553083861101021
553083876857271	553083908984354	553083878632271
553083890980708	553083925588000	553083892740083
553083907944771	553083942172375	553083909719250
553083923782271	553083958768208	553083925714041
553083945323416	553083975320812	553083946954666
553083963524458	553083991906750	553083964746854
553083976918208	553084008474979	553083978696854
553083994622375	553084025108312	553083996449458
553084013540083	553084041605187	553084014742166
553084028912479	553084058183833	553084030589041
553084045411437	553084074810916	553084047234875
553084061079146	553084091379666	553084062781229
553084077511437	553084107933312	553084079286437
553084094417687	553084124535396	553084096340604
553084110464562	553084141102583	553084112145291
553084127124458	553084157665083	553084129017687
553084142829666	553084174258833	553084144830187
553084160723937	553084190832271	553084162520812
553084174362479	553084207420812	553084176176021
553084191676541	553084223975500	553084193746854
553084208129146	553084240565083	553084209805708
553084222225500	553084257138521	553084224099979
553084243382271	553084273704666	553084245028104
553084260093208	553084290295291	553084261908833
553084299236437	553084323460396	553084301127062
553084332623937	553084356614562	553084334460916
553084350399458	553084373188000	553084350969770
553084361582270	553084389796333	553084363409354
553084369435395	553084406339041	553084371211958
553084387338000	553084422924979	553084389750500
553084404786958	553084439507270	553084406621333
553084421697375	553084456085916	553084423624458
553084439104145	553084472654145	553084440747895
553084456533312	553084489221854	553084458542687
553084470882270	553084505814041	553084472906229
553084489229666	553084522401541	553084490939562
553084506491645	553084539003625	553084508628104
553084524669770	553084555556229	553084526321854
553084524669770	553084572138520	553084526321854
553084579399979	553084605285916	553084580718208
553084585521854	553084621870812	553084587606750
553084601179666	553084638454666	553084602567687
553084615582791	553084655015604	553084617588000
553086221499979	553086246660916	553086223315083
553086276777062	553086296339562	553086278704666
553086341955708	553086362641645	553086343468208
553086408354145	553086428945812	553086410039562
553086472352583	553086495276541	553086473441124
553086537037478	553086561598416	553086537573416


16666666
553082259932271	553082301081750	553082260667167
553082277441125	553082317809354	553082278044250
553082294357792	553082334273417	553082295142167
553082312482271	553082350841646	553082313011958
553082328879667	553082367380187	553082329495812
553082379385396	553082400545292	553082381068729
553082389582792	553082417117687	553082391151021
553082396584875	553082433694771	553082397988521
553082412393729	553082450271854	553082413996333
553082426585917	553082466855708	553082427804146
553082443203625	553082483425500	553082445170812
553082459419771	553082500004146	553082460128625
553082476497896	553082516591125	553082477149458
553082492551542	553082533136437	553082493254146
553082509418729	553082549728625	553082510186958
553082527591646	553082566312479	553082528354667
553082543680708	553082582877062	553082544125500
553082561492167	553082599487479	553082561515604
553082577116125	553082616032271	553082577097896
553082592751021	553082632615083	553082593656750
553082611307792	553082649181750	553082611923937
553082625130187	553082665760396	553082625953104
553082694292687	553082715482792	553082696088521
553082696665604	553082732061958	553082697690604
553082711950500	553082748639042	553082713538000
553082728182271	553082765211958	553082729666646
553082741518729	553082781794250	553082743158833
553082891742167	553082914413521	553082893531229
553082899223937	553082930970292	553082900613521
553082946510396	553082964109354	553082948107792
553082967856750	553082997269771	553082969331750
553082996514042	553083013842687	553082997900500
553083000860396	553083030462479	553083002302583
553083029187479	553083047003104	553083030570292
553083035606229	553083063564042	553083037196854
553083063953625	553083080146333	553083065551542
553083070603625	553083096730708	553083072223417
553083117188000	553083146507792	553083118933833
553083124088000	553083163055708	553083125624458
553083150806750	553083179620292	553083152449458
553083155122896	553083196214562	553083156756229
553083209046333	553083229381229	553083210604667
553083217658312	553083245953104	553083219214562
553083231509354	553083262515083	553083233196333
553083242668729	553083279091125	553083244322375
553083287116646	553083312304666	553083288710916
553083297348937	553083328879146	553083298978625
553083335170812	553083362022375	553083336616125
553083354697375	553083378577062	553083356322896
553083381513000	553083411732791	553083383118729
553083404868208	553083428341646	553083406514562
553083430632791	553083461461437	553083431957791
553083440994250	553083478013521	553083442026021
553083463030187	553083494615083	553083464685396
553083476607271	553083511175500	553083478398416
553083495821854	553083527779666	553083497495812
553083514245291	553083544333833	553083515716646
553083526653625	553083560903625	553083528198937
553083548549979	553083577509354	553083548198416
553083563554666	553083594082791	553083565172896
553083582177062	553083610637479	553083583396333
553083590894771	553083627207271	553083592532271
553083611631750	553083643780187	553083613344771
553083626269771	553083660375500	553083627921854
553083642272375	553083676919250	553083643926021
553083657272375	553083693507791	553083659173416
553083670580708	553083710082271	553083672275500
553083690979146	553083726666125	553083692741646
553083709036437	553083743219771	553083711857791
553083726001021	553083759818208	553083727680187
553083742735916	553083776500500	553083744468208
553083758950500	553083792969771	553083760658833
553083787353625	553083809532271	553083789108312
553083792338521	553083826165083	553083794038000
553083813236437	553083842705708	553083815124458
553083830088521	553083859277062	553083832118208
553083846211958	553083875846854	553083847861437
553083859274979	553083892419250	553083861101021
553083876857271	553083908984354	553083878632271
553083890980708	553083925588000	553083892740083
553083907944771	553083942172375	553083909719250
553083923782271	553083958768208	553083925714041
553083945323416	553083975320812	553083946954666
553083963524458	553083991906750	553083964746854
553083976918208	553084008474979	553083978696854
553083994622375	553084025108312	553083996449458
553084013540083	553084041605187	553084014742166
553084028912479	553084058183833	553084030589041
553084045411437	553084074810916	553084047234875
553084061079146	553084091379666	553084062781229
553084077511437	553084107933312	553084079286437
553084094417687	553084124535396	553084096340604
553084110464562	553084141102583	553084112145291
553084127124458	553084157665083	553084129017687
553084142829666	553084174258833	553084144830187
553084160723937	553084190832271	553084162520812
553084174362479	553084207420812	553084176176021
553084191676541	553084223975500	553084193746854
553084208129146	553084240565083	553084209805708
553084222225500	553084257138521	553084224099979
553084243382271	553084273704666	553084245028104
553084260093208	553084290295291	553084261908833
553084299236437	553084323460396	553084301127062
553084332623937	553084356614562	553084334460916
553084350399458	553084373188000	553084350969770
553084361582270	553084389796333	553084363409354
553084369435395	553084406339041	553084371211958
553084387338000	553084422924979	553084389750500
553084404786958	553084439507270	553084406621333
553084421697375	553084456085916	553084423624458
553084439104145	553084472654145	553084440747895
553084456533312	553084489221854	553084458542687
553084470882270	553084505814041	553084472906229
553084489229666	553084522401541	553084490939562
553084506491645	553084539003625	553084508628104
553084524669770	553084555556229	553084526321854
553084524669770	553084572138520	553084526321854
553084579399979	553084605285916	553084580718208
553084585521854	553084621870812	553084587606750
553084601179666	553084638454666	553084602567687
553084615582791	553084655015604	553084617588000
553086221499979	553086246660916	553086223315083
553086276777062	553086296339562	553086278704666
553086341955708	553086362641645	553086343468208
553086408354145	553086428945812	553086410039562
553086472352583	553086495276541	553086473441124
553086537037478	553086561598416	553086537573416


16666666
553082259932271	553082301081750	553082260667167
553082277441125	553082317809354	553082278044250
553082294357792	553082334273417	553082295142167
553082312482271	553082350841646	553082313011958
553082328879667	553082367380187	553082329495812
553082379385396	553082400545292	553082381068729
553082389582792	553082417117687	553082391151021
553082396584875	553082433694771	553082397988521
553082412393729	553082450271854	553082413996333
553082426585917	553082466855708	553082427804146
553082443203625	553082483425500	553082445170812
553082459419771	553082500004146	553082460128625
553082476497896	553082516591125	553082477149458
553082492551542	553082533136437	553082493254146
553082509418729	553082549728625	553082510186958
553082527591646	553082566312479	553082528354667
553082543680708	553082582877062	553082544125500
553082561492167	553082599487479	553082561515604
553082577116125	553082616032271	553082577097896
553082592751021	553082632615083	553082593656750
553082611307792	553082649181750	553082611923937
553082625130187	553082665760396	553082625953104
553082694292687	553082715482792	553082696088521
553082696665604	553082732061958	553082697690604
553082711950500	553082748639042	553082713538000
553082728182271	553082765211958	553082729666646
553082741518729	553082781794250	553082743158833
553082891742167	553082914413521	553082893531229
553082899223937	553082930970292	553082900613521
553082946510396	553082964109354	553082948107792
553082967856750	553082997269771	553082969331750
553082996514042	553083013842687	553082997900500
553083000860396	553083030462479	553083002302583
553083029187479	553083047003104	553083030570292
553083035606229	553083063564042	553083037196854
553083063953625	553083080146333	553083065551542
553083070603625	553083096730708	553083072223417
553083117188000	553083146507792	553083118933833
553083124088000	553083163055708	553083125624458
553083150806750	553083179620292	553083152449458
553083155122896	553083196214562	553083156756229
553083209046333	553083229381229	553083210604667
553083217658312	553083245953104	553083219214562
553083231509354	553083262515083	553083233196333
553083242668729	553083279091125	553083244322375
553083287116646	553083312304666	553083288710916
553083297348937	553083328879146	553083298978625
553083335170812	553083362022375	553083336616125
553083354697375	553083378577062	553083356322896
553083381513000	553083411732791	553083383118729
553083404868208	553083428341646	553083406514562
553083430632791	553083461461437	553083431957791
553083440994250	553083478013521	553083442026021
553083463030187	553083494615083	553083464685396
553083476607271	553083511175500	553083478398416
553083495821854	553083527779666	553083497495812
553083514245291	553083544333833	553083515716646
553083526653625	553083560903625	553083528198937
553083548549979	553083577509354	553083548198416
553083563554666	553083594082791	553083565172896
553083582177062	553083610637479	553083583396333
553083590894771	553083627207271	553083592532271
553083611631750	553083643780187	553083613344771
553083626269771	553083660375500	553083627921854
553083642272375	553083676919250	553083643926021
553083657272375	553083693507791	553083659173416
553083670580708	553083710082271	553083672275500
553083690979146	553083726666125	553083692741646
553083709036437	553083743219771	553083711857791
553083726001021	553083759818208	553083727680187
553083742735916	553083776500500	553083744468208
553083758950500	553083792969771	553083760658833
553083787353625	553083809532271	553083789108312
553083792338521	553083826165083	553083794038000
553083813236437	553083842705708	553083815124458
553083830088521	553083859277062	553083832118208
553083846211958	553083875846854	553083847861437
553083859274979	553083892419250	553083861101021
553083876857271	553083908984354	553083878632271
553083890980708	553083925588000	553083892740083
553083907944771	553083942172375	553083909719250
553083923782271	553083958768208	553083925714041
553083945323416	553083975320812	553083946954666
553083963524458	553083991906750	553083964746854
553083976918208	553084008474979	553083978696854
553083994622375	553084025108312	553083996449458
553084013540083	553084041605187	553084014742166
553084028912479	553084058183833	553084030589041
553084045411437	553084074810916	553084047234875
553084061079146	553084091379666	553084062781229
553084077511437	553084107933312	553084079286437
553084094417687	553084124535396	553084096340604
553084110464562	553084141102583	553084112145291
553084127124458	553084157665083	553084129017687
553084142829666	553084174258833	553084144830187
553084160723937	553084190832271	553084162520812
553084174362479	553084207420812	553084176176021
553084191676541	553084223975500	553084193746854
553084208129146	553084240565083	553084209805708
553084222225500	553084257138521	553084224099979
553084243382271	553084273704666	553084245028104
553084260093208	553084290295291	553084261908833
553084299236437	553084323460396	553084301127062
553084332623937	553084356614562	553084334460916
553084350399458	553084373188000	553084350969770
553084361582270	553084389796333	553084363409354
553084369435395	553084406339041	553084371211958
553084387338000	553084422924979	553084389750500
553084404786958	553084439507270	553084406621333
553084421697375	553084456085916	553084423624458
553084439104145	553084472654145	553084440747895
553084456533312	553084489221854	553084458542687
553084470882270	553084505814041	553084472906229
553084489229666	553084522401541	553084490939562
553084506491645	553084539003625	553084508628104
553084524669770	553084555556229	553084526321854
553084524669770	553084572138520	553084526321854
553084579399979	553084605285916	553084580718208
553084585521854	553084621870812	553084587606750
553084601179666	553084638454666	553084602567687
553084615582791	553084655015604	553084617588000
553086221499979	553086246660916	553086223315083
553086276777062	553086296339562	553086278704666
553086341955708	553086362641645	553086343468208
553086408354145	553086428945812	553086410039562
553086472352583	553086495276541	553086473441124
553086537037478	553086561598416	553086537573416


16666666
553082259932271	553082301081750	553082260667167
553082277441125	553082317809354	553082278044250
553082294357792	553082334273417	553082295142167
553082312482271	553082350841646	553082313011958
553082328879667	553082367380187	553082329495812
553082379385396	553082400545292	553082381068729
553082389582792	553082417117687	553082391151021
553082396584875	553082433694771	553082397988521
553082412393729	553082450271854	553082413996333
553082426585917	553082466855708	553082427804146
553082443203625	553082483425500	553082445170812
553082459419771	553082500004146	553082460128625
553082476497896	553082516591125	553082477149458
553082492551542	553082533136437	553082493254146
553082509418729	553082549728625	553082510186958
553082527591646	553082566312479	553082528354667
553082543680708	553082582877062	553082544125500
553082561492167	553082599487479	553082561515604
553082577116125	553082616032271	553082577097896
553082592751021	553082632615083	553082593656750
553082611307792	553082649181750	553082611923937
553082625130187	553082665760396	553082625953104
553082694292687	553082715482792	553082696088521
553082696665604	553082732061958	553082697690604
553082711950500	553082748639042	553082713538000
553082728182271	553082765211958	553082729666646
553082741518729	553082781794250	553082743158833
553082891742167	553082914413521	553082893531229
553082899223937	553082930970292	553082900613521
553082946510396	553082964109354	553082948107792
553082967856750	553082997269771	553082969331750
553082996514042	553083013842687	553082997900500
553083000860396	553083030462479	553083002302583
553083029187479	553083047003104	553083030570292
553083035606229	553083063564042	553083037196854
553083063953625	553083080146333	553083065551542
553083070603625	553083096730708	553083072223417
553083117188000	553083146507792	553083118933833
553083124088000	553083163055708	553083125624458
553083150806750	553083179620292	553083152449458
553083155122896	553083196214562	553083156756229
553083209046333	553083229381229	553083210604667
553083217658312	553083245953104	553083219214562
553083231509354	553083262515083	553083233196333
553083242668729	553083279091125	553083244322375
553083287116646	553083312304666	553083288710916
553083297348937	553083328879146	553083298978625
553083335170812	553083362022375	553083336616125
553083354697375	553083378577062	553083356322896
553083381513000	553083411732791	553083383118729
553083404868208	553083428341646	553083406514562
553083430632791	553083461461437	553083431957791
553083440994250	553083478013521	553083442026021
553083463030187	553083494615083	553083464685396
553083476607271	553083511175500	553083478398416
553083495821854	553083527779666	553083497495812
553083514245291	553083544333833	553083515716646
553083526653625	553083560903625	553083528198937
553083548549979	553083577509354	553083548198416
553083563554666	553083594082791	553083565172896
553083582177062	553083610637479	553083583396333
553083590894771	553083627207271	553083592532271
553083611631750	553083643780187	553083613344771
553083626269771	553083660375500	553083627921854
553083642272375	553083676919250	553083643926021
553083657272375	553083693507791	553083659173416
553083670580708	553083710082271	553083672275500
553083690979146	553083726666125	553083692741646
553083709036437	553083743219771	553083711857791
553083726001021	553083759818208	553083727680187
553083742735916	553083776500500	553083744468208
553083758950500	553083792969771	553083760658833
553083787353625	553083809532271	553083789108312
553083792338521	553083826165083	553083794038000
553083813236437	553083842705708	553083815124458
553083830088521	553083859277062	553083832118208
553083846211958	553083875846854	553083847861437
553083859274979	553083892419250	553083861101021
553083876857271	553083908984354	553083878632271
553083890980708	553083925588000	553083892740083
553083907944771	553083942172375	553083909719250
553083923782271	553083958768208	553083925714041
553083945323416	553083975320812	553083946954666
553083963524458	553083991906750	553083964746854
553083976918208	553084008474979	553083978696854
553083994622375	553084025108312	553083996449458
553084013540083	553084041605187	553084014742166
553084028912479	553084058183833	553084030589041
553084045411437	553084074810916	553084047234875
553084061079146	553084091379666	553084062781229
553084077511437	553084107933312	553084079286437
553084094417687	553084124535396	553084096340604
553084110464562	553084141102583	553084112145291
553084127124458	553084157665083	553084129017687
553084142829666	553084174258833	553084144830187
553084160723937	553084190832271	553084162520812
553084174362479	553084207420812	553084176176021
553084191676541	553084223975500	553084193746854
553084208129146	553084240565083	553084209805708
553084222225500	553084257138521	553084224099979
553084243382271	553084273704666	553084245028104
553084260093208	553084290295291	553084261908833
553084299236437	553084323460396	553084301127062
553084332623937	553084356614562	553084334460916
553084350399458	553084373188000	553084350969770
553084361582270	553084389796333	553084363409354
553084369435395	553084406339041	553084371211958
553084387338000	553084422924979	553084389750500
553084404786958	553084439507270	553084406621333
553084421697375	553084456085916	553084423624458
553084439104145	553084472654145	553084440747895
553084456533312	553084489221854	553084458542687
553084470882270	553084505814041	553084472906229
553084489229666	553084522401541	553084490939562
553084506491645	553084539003625	553084508628104
553084524669770	553084555556229	553084526321854
553084524669770	553084572138520	553084526321854
553084579399979	553084605285916	553084580718208
553084585521854	553084621870812	553084587606750
553084601179666	553084638454666	553084602567687
553084615582791	553084655015604	553084617588000
553086221499979	553086246660916	553086223315083
553086276777062	553086296339562	553086278704666
553086341955708	553086362641645	553086343468208
553086408354145	553086428945812	553086410039562
553086472352583	553086495276541	553086473441124
553086537037478	553086561598416	553086537573416


16666666
553082259932271	553082301081750	553082260667167
553082277441125	553082317809354	553082278044250
553082294357792	553082334273417	553082295142167
553082312482271	553082350841646	553082313011958
553082328879667	553082367380187	553082329495812
553082379385396	553082400545292	553082381068729
553082389582792	553082417117687	553082391151021
553082396584875	553082433694771	553082397988521
553082412393729	553082450271854	553082413996333
553082426585917	553082466855708	553082427804146
553082443203625	553082483425500	553082445170812
553082459419771	553082500004146	553082460128625
553082476497896	553082516591125	553082477149458
553082492551542	553082533136437	553082493254146
553082509418729	553082549728625	553082510186958
553082527591646	553082566312479	553082528354667
553082543680708	553082582877062	553082544125500
553082561492167	553082599487479	553082561515604
553082577116125	553082616032271	553082577097896
553082592751021	553082632615083	553082593656750
553082611307792	553082649181750	553082611923937
553082625130187	553082665760396	553082625953104
553082694292687	553082715482792	553082696088521
553082696665604	553082732061958	553082697690604
553082711950500	553082748639042	553082713538000
553082728182271	553082765211958	553082729666646
553082741518729	553082781794250	553082743158833
553082891742167	553082914413521	553082893531229
553082899223937	553082930970292	553082900613521
553082946510396	553082964109354	553082948107792
553082967856750	553082997269771	553082969331750
553082996514042	553083013842687	553082997900500
553083000860396	553083030462479	553083002302583
553083029187479	553083047003104	553083030570292
553083035606229	553083063564042	553083037196854
553083063953625	553083080146333	553083065551542
553083070603625	553083096730708	553083072223417
553083117188000	553083146507792	553083118933833
553083124088000	553083163055708	553083125624458
553083150806750	553083179620292	553083152449458
553083155122896	553083196214562	553083156756229
553083209046333	553083229381229	553083210604667
553083217658312	553083245953104	553083219214562
553083231509354	553083262515083	553083233196333
553083242668729	553083279091125	553083244322375
553083287116646	553083312304666	553083288710916
553083297348937	553083328879146	553083298978625
553083335170812	553083362022375	553083336616125
553083354697375	553083378577062	553083356322896
553083381513000	553083411732791	553083383118729
553083404868208	553083428341646	553083406514562
553083430632791	553083461461437	553083431957791
553083440994250	553083478013521	553083442026021
553083463030187	553083494615083	553083464685396
553083476607271	553083511175500	553083478398416
553083495821854	553083527779666	553083497495812
553083514245291	553083544333833	553083515716646
553083526653625	553083560903625	553083528198937
553083548549979	553083577509354	553083548198416
553083563554666	553083594082791	553083565172896
553083582177062	553083610637479	553083583396333
553083590894771	553083627207271	553083592532271
553083611631750	553083643780187	553083613344771
553083626269771	553083660375500	553083627921854
553083642272375	553083676919250	553083643926021
553083657272375	553083693507791	553083659173416
553083670580708	553083710082271	553083672275500
553083690979146	553083726666125	553083692741646
553083709036437	553083743219771	553083711857791
553083726001021	553083759818208	553083727680187
553083742735916	553083776500500	553083744468208
553083758950500	553083792969771	553083760658833
553083787353625	553083809532271	553083789108312
553083792338521	553083826165083	553083794038000
553083813236437	553083842705708	553083815124458
553083830088521	553083859277062	553083832118208
553083846211958	553083875846854	553083847861437
553083859274979	553083892419250	553083861101021
553083876857271	553083908984354	553083878632271
553083890980708	553083925588000	553083892740083
553083907944771	553083942172375	553083909719250
553083923782271	553083958768208	553083925714041
553083945323416	553083975320812	553083946954666
553083963524458	553083991906750	553083964746854
553083976918208	553084008474979	553083978696854
553083994622375	553084025108312	553083996449458
553084013540083	553084041605187	553084014742166
553084028912479	553084058183833	553084030589041
553084045411437	553084074810916	553084047234875
553084061079146	553084091379666	553084062781229
553084077511437	553084107933312	553084079286437
553084094417687	553084124535396	553084096340604
553084110464562	553084141102583	553084112145291
553084127124458	553084157665083	553084129017687
553084142829666	553084174258833	553084144830187
553084160723937	553084190832271	553084162520812
553084174362479	553084207420812	553084176176021
553084191676541	553084223975500	553084193746854
553084208129146	553084240565083	553084209805708
553084222225500	553084257138521	553084224099979
553084243382271	553084273704666	553084245028104
553084260093208	553084290295291	553084261908833
553084299236437	553084323460396	553084301127062
553084332623937	553084356614562	553084334460916
553084350399458	553084373188000	553084350969770
553084361582270	553084389796333	553084363409354
553084369435395	553084406339041	553084371211958
553084387338000	553084422924979	553084389750500
553084404786958	553084439507270	553084406621333
553084421697375	553084456085916	553084423624458
553084439104145	553084472654145	553084440747895
553084456533312	553084489221854	553084458542687
553084470882270	553084505814041	553084472906229
553084489229666	553084522401541	553084490939562
553084506491645	553084539003625	553084508628104
553084524669770	553084555556229	553084526321854
553084524669770	553084572138520	553084526321854
553084579399979	553084605285916	553084580718208
553084585521854	553084621870812	553084587606750
553084601179666	553084638454666	553084602567687
553084615582791	553084655015604	553084617588000
553086221499979	553086246660916	553086223315083
553086276777062	553086296339562	553086278704666
553086341955708	553086362641645	553086343468208
553086408354145	553086428945812	553086410039562
553086472352583	553086495276541	553086473441124
553086537037478	553086561598416	553086537573416


16666666
553082259932271	553082301081750	553082260667167
553082277441125	553082317809354	553082278044250
553082294357792	553082334273417	553082295142167
553082312482271	553082350841646	553082313011958
553082328879667	553082367380187	553082329495812
553082379385396	553082400545292	553082381068729
553082389582792	553082417117687	553082391151021
553082396584875	553082433694771	553082397988521
553082412393729	553082450271854	553082413996333
553082426585917	553082466855708	553082427804146
553082443203625	553082483425500	553082445170812
553082459419771	553082500004146	553082460128625
553082476497896	553082516591125	553082477149458
553082492551542	553082533136437	553082493254146
553082509418729	553082549728625	553082510186958
553082527591646	553082566312479	553082528354667
553082543680708	553082582877062	553082544125500
553082561492167	553082599487479	553082561515604
553082577116125	553082616032271	553082577097896
553082592751021	553082632615083	553082593656750
553082611307792	553082649181750	553082611923937
553082625130187	553082665760396	553082625953104
553082694292687	553082715482792	553082696088521
553082696665604	553082732061958	553082697690604
553082711950500	553082748639042	553082713538000
553082728182271	553082765211958	553082729666646
553082741518729	553082781794250	553082743158833
553082891742167	553082914413521	553082893531229
553082899223937	553082930970292	553082900613521
553082946510396	553082964109354	553082948107792
553082967856750	553082997269771	553082969331750
553082996514042	553083013842687	553082997900500
553083000860396	553083030462479	553083002302583
553083029187479	553083047003104	553083030570292
553083035606229	553083063564042	553083037196854
553083063953625	553083080146333	553083065551542
553083070603625	553083096730708	553083072223417
553083117188000	553083146507792	553083118933833
553083124088000	553083163055708	553083125624458
553083150806750	553083179620292	553083152449458
553083155122896	553083196214562	553083156756229
553083209046333	553083229381229	553083210604667
553083217658312	553083245953104	553083219214562
553083231509354	553083262515083	553083233196333
553083242668729	553083279091125	553083244322375
553083287116646	553083312304666	553083288710916
553083297348937	553083328879146	553083298978625
553083335170812	553083362022375	553083336616125
553083354697375	553083378577062	553083356322896
553083381513000	553083411732791	553083383118729
553083404868208	553083428341646	553083406514562
553083430632791	553083461461437	553083431957791
553083440994250	553083478013521	553083442026021
553083463030187	553083494615083	553083464685396
553083476607271	553083511175500	553083478398416
553083495821854	553083527779666	553083497495812
553083514245291	553083544333833	553083515716646
553083526653625	553083560903625	553083528198937
553083548549979	553083577509354	553083548198416
553083563554666	553083594082791	553083565172896
553083582177062	553083610637479	553083583396333
553083590894771	553083627207271	553083592532271
553083611631750	553083643780187	553083613344771
553083626269771	553083660375500	553083627921854
553083642272375	553083676919250	553083643926021
553083657272375	553083693507791	553083659173416
553083670580708	553083710082271	553083672275500
553083690979146	553083726666125	553083692741646
553083709036437	553083743219771	553083711857791
553083726001021	553083759818208	553083727680187
553083742735916	553083776500500	553083744468208
553083758950500	553083792969771	553083760658833
553083787353625	553083809532271	553083789108312
553083792338521	553083826165083	553083794038000
553083813236437	553083842705708	553083815124458
553083830088521	553083859277062	553083832118208
553083846211958	553083875846854	553083847861437
553083859274979	553083892419250	553083861101021
553083876857271	553083908984354	553083878632271
553083890980708	553083925588000	553083892740083
553083907944771	553083942172375	553083909719250
553083923782271	553083958768208	553083925714041
553083945323416	553083975320812	553083946954666
553083963524458	553083991906750	553083964746854
553083976918208	553084008474979	553083978696854
553083994622375	553084025108312	553083996449458
553084013540083	553084041605187	553084014742166
553084028912479	553084058183833	553084030589041
553084045411437	553084074810916	553084047234875
553084061079146	553084091379666	553084062781229
553084077511437	553084107933312	553084079286437
553084094417687	553084124535396	553084096340604
553084110464562	553084141102583	553084112145291
553084127124458	553084157665083	553084129017687
553084142829666	553084174258833	553084144830187
553084160723937	553084190832271	553084162520812
553084174362479	553084207420812	553084176176021
553084191676541	553084223975500	553084193746854
553084208129146	553084240565083	553084209805708
553084222225500	553084257138521	553084224099979
553084243382271	553084273704666	553084245028104
553084260093208	553084290295291	553084261908833
553084299236437	553084323460396	553084301127062
553084332623937	553084356614562	553084334460916
553084350399458	553084373188000	553084350969770
553084361582270	553084389796333	553084363409354
553084369435395	553084406339041	553084371211958
553084387338000	553084422924979	553084389750500
553084404786958	553084439507270	553084406621333
553084421697375	553084456085916	553084423624458
553084439104145	553084472654145	553084440747895
553084456533312	553084489221854	553084458542687
553084470882270	553084505814041	553084472906229
553084489229666	553084522401541	553084490939562
553084506491645	553084539003625	553084508628104
553084524669770	553084555556229	553084526321854
553084524669770	553084572138520	553084526321854
553084579399979	553084605285916	553084580718208
553084585521854	553084621870812	553084587606750
553084601179666	553084638454666	553084602567687
553084615582791	553084655015604	553084617588000
553086221499979	553086246660916	553086223315083
553086276777062	553086296339562	553086278704666
553086341955708	553086362641645	553086343468208
553086408354145	553086428945812	553086410039562
553086472352583	553086495276541	553086473441124
553086537037478	553086561598416	553086537573416


16666666
553082259932271	553082301081750	553082260667167
553082277441125	553082317809354	553082278044250
553082294357792	553082334273417	553082295142167
553082312482271	553082350841646	553082313011958
553082328879667	553082367380187	553082329495812
553082379385396	553082400545292	553082381068729
553082389582792	553082417117687	553082391151021
553082396584875	553082433694771	553082397988521
553082412393729	553082450271854	553082413996333
553082426585917	553082466855708	553082427804146
553082443203625	553082483425500	553082445170812
553082459419771	553082500004146	553082460128625
553082476497896	553082516591125	553082477149458
553082492551542	553082533136437	553082493254146
553082509418729	553082549728625	553082510186958
553082527591646	553082566312479	553082528354667
553082543680708	553082582877062	553082544125500
553082561492167	553082599487479	553082561515604
553082577116125	553082616032271	553082577097896
553082592751021	553082632615083	553082593656750
553082611307792	553082649181750	553082611923937
553082625130187	553082665760396	553082625953104
553082694292687	553082715482792	553082696088521
553082696665604	553082732061958	553082697690604
553082711950500	553082748639042	553082713538000
553082728182271	553082765211958	553082729666646
553082741518729	553082781794250	553082743158833
553082891742167	553082914413521	553082893531229
553082899223937	553082930970292	553082900613521
553082946510396	553082964109354	553082948107792
553082967856750	553082997269771	553082969331750
553082996514042	553083013842687	553082997900500
553083000860396	553083030462479	553083002302583
553083029187479	553083047003104	553083030570292
553083035606229	553083063564042	553083037196854
553083063953625	553083080146333	553083065551542
553083070603625	553083096730708	553083072223417
553083117188000	553083146507792	553083118933833
553083124088000	553083163055708	553083125624458
553083150806750	553083179620292	553083152449458
553083155122896	553083196214562	553083156756229
553083209046333	553083229381229	553083210604667
553083217658312	553083245953104	553083219214562
553083231509354	553083262515083	553083233196333
553083242668729	553083279091125	553083244322375
553083287116646	553083312304666	553083288710916
553083297348937	553083328879146	553083298978625
553083335170812	553083362022375	553083336616125
553083354697375	553083378577062	553083356322896
553083381513000	553083411732791	553083383118729
553083404868208	553083428341646	553083406514562
553083430632791	553083461461437	553083431957791
553083440994250	553083478013521	553083442026021
553083463030187	553083494615083	553083464685396
553083476607271	553083511175500	553083478398416
553083495821854	553083527779666	553083497495812
553083514245291	553083544333833	553083515716646
553083526653625	553083560903625	553083528198937
553083548549979	553083577509354	553083548198416
553083563554666	553083594082791	553083565172896
553083582177062	553083610637479	553083583396333
553083590894771	553083627207271	553083592532271
553083611631750	553083643780187	553083613344771
553083626269771	553083660375500	553083627921854
553083642272375	553083676919250	553083643926021
553083657272375	553083693507791	553083659173416
553083670580708	553083710082271	553083672275500
553083690979146	553083726666125	553083692741646
553083709036437	553083743219771	553083711857791
553083726001021	553083759818208	553083727680187
553083742735916	553083776500500	553083744468208
553083758950500	553083792969771	553083760658833
553083787353625	553083809532271	553083789108312
553083792338521	553083826165083	553083794038000
553083813236437	553083842705708	553083815124458
553083830088521	553083859277062	553083832118208
553083846211958	553083875846854	553083847861437
553083859274979	553083892419250	553083861101021
553083876857271	553083908984354	553083878632271
553083890980708	553083925588000	553083892740083
553083907944771	553083942172375	553083909719250
553083923782271	553083958768208	553083925714041
553083945323416	553083975320812	553083946954666
553083963524458	553083991906750	553083964746854
553083976918208	553084008474979	553083978696854
553083994622375	553084025108312	553083996449458
553084013540083	553084041605187	553084014742166
553084028912479	553084058183833	553084030589041
553084045411437	553084074810916	553084047234875
553084061079146	553084091379666	553084062781229
553084077511437	553084107933312	553084079286437
553084094417687	553084124535396	553084096340604
553084110464562	553084141102583	553084112145291
553084127124458	553084157665083	553084129017687
553084142829666	553084174258833	553084144830187
553084160723937	553084190832271	553084162520812
553084174362479	553084207420812	553084176176021
553084191676541	553084223975500	553084193746854
553084208129146	553084240565083	553084209805708
553084222225500	553084257138521	553084224099979
553084243382271	553084273704666	553084245028104
553084260093208	553084290295291	553084261908833
553084299236437	553084323460396	553084301127062
553084332623937	553084356614562	553084334460916
553084350399458	553084373188000	553084350969770
553084361582270	553084389796333	553084363409354
553084369435395	553084406339041	553084371211958
553084387338000	553084422924979	553084389750500
553084404786958	553084439507270	553084406621333
553084421697375	553084456085916	553084423624458
553084439104145	553084472654145	553084440747895
553084456533312	553084489221854	553084458542687
553084470882270	553084505814041	553084472906229
553084489229666	553084522401541	553084490939562
553084506491645	553084539003625	553084508628104
553084524669770	553084555556229	553084526321854
553084524669770	553084572138520	553084526321854
553084579399979	553084605285916	553084580718208
553084585521854	553084621870812	553084587606750
553084601179666	553084638454666	553084602567687
553084615582791	553084655015604	553084617588000
553086221499979	553086246660916	553086223315083
553086276777062	553086296339562	553086278704666
553086341955708	553086362641645	553086343468208
553086408354145	553086428945812	553086410039562
553086472352583	553086495276541	553086473441124
553086537037478	553086561598416	553086537573416


