16666666
0	0	0
0	0	0
0	0	0
0	0	0
0	0	0
0	0	0
0	0	0
0	0	0
0	0	0
0	0	0
0	0	0
0	0	0
0	0	0
0	0	0
0	0	0
0	0	0
0	0	0
0	0	0
0	0	0
0	0	0
0	0	0
0	0	0
0	0	0
0	0	0
0	0	0
0	0	0
0	0	0
0	0	0
0	0	0
0	0	0
0	0	0
0	0	0
0	0	0
0	0	0
0	0	0
0	0	0
0	0	0
0	0	0
0	0	0
0	0	0
0	0	0
0	0	0
0	0	0
0	0	0
0	0	0
0	0	0
0	0	0
0	0	0
0	0	0
0	0	0
0	0	0
0	0	0
0	0	0
0	0	0
0	0	0
0	0	0
0	0	0
0	0	0
0	0	0
0	0	0
0	0	0
0	0	0
0	0	0
0	0	0
0	0	0
0	0	0
0	0	0
0	0	0
0	0	0
0	0	0
0	0	0
0	0	0
0	0	0
0	0	0
0	0	0
0	0	0
0	0	0
0	0	0
0	0	0
0	0	0
0	0	0
0	0	0
0	0	0
0	0	0
0	0	0
0	0	0
0	0	0
0	0	0
0	0	0
0	0	0
0	0	0
0	0	0
568340745236193	568340771433588	568340745940359
568340765578901	568340788012755	568340766307547
568340772594005	568340804590880	568340773948172
568340784052338	568340821171088	568340785328901
568340801170568	568340837739318	568340801895568
568340812926297	568340854329422	568340814315880
568340828065359	568340870899734	568340828795568
568340844671609	568340887478901	568340845426818
568340861786713	568340904054943	568340862552859
568340878385151	568340920631505	568340879114838
568340893700255	568340937219526	568340894439838
568340910236713	568340953801297	568340910925255
568340926899213	568340970373693	568340927652859
568340944043484	568340986944005	568340944721609
568340960867443	568341003524213	568340961558588
568340977120568	568341020096088	568340977827859
568340993547130	568341036704943	568340994223693
568341010765880	568341053249213	568341011492443
568341026069526	568341070117443	568341026855463
568341043044526	568341086401297	568341043827338
568341060582026	568341102986193	568341062000776
568341081284630	568341119564318	568341083451297
568341100854422	568341136154422	568341103275776
568341117709109	568341152707547	568341120408588
568341133559109	568341169279942	568341136311192
568341149540359	568341185858067	568341152584630
568341170499734	568341202436192	568341173165880
568341186035151	568341219009109	568341188636713
568341199171609	568341235610151	568341201862234
568341215345047	568341252170047	568341218084109
568341233475255	568341268764838	568341236219005
568341251196609	568341285440880	568341253924734
568341268409630	568341301907026	568341271104942
568341285849213	568341318462755	568341288820567
568341304757547	568341335036192	568341307285672


16666666
0	0	0
0	0	0
0	0	0
0	0	0
0	0	0
0	0	0
0	0	0
0	0	0
0	0	0
0	0	0
0	0	0
0	0	0
0	0	0
0	0	0
0	0	0
0	0	0
0	0	0
0	0	0
0	0	0
0	0	0
0	0	0
0	0	0
0	0	0
0	0	0
0	0	0
0	0	0
0	0	0
0	0	0
0	0	0
0	0	0
0	0	0
0	0	0
0	0	0
0	0	0
0	0	0
0	0	0
0	0	0
0	0	0
0	0	0
0	0	0
0	0	0
0	0	0
0	0	0
0	0	0
0	0	0
0	0	0
0	0	0
0	0	0
0	0	0
0	0	0
0	0	0
0	0	0
0	0	0
0	0	0
0	0	0
0	0	0
0	0	0
0	0	0
0	0	0
0	0	0
0	0	0
0	0	0
0	0	0
0	0	0
0	0	0
0	0	0
0	0	0
0	0	0
0	0	0
0	0	0
0	0	0
0	0	0
0	0	0
0	0	0
0	0	0
0	0	0
0	0	0
0	0	0
0	0	0
0	0	0
568340745236193	568340771433588	568340745940359
568340765578901	568340788012755	568340766307547
568340772594005	568340804590880	568340773948172
568340784052338	568340821171088	568340785328901
568340801170568	568340837739318	568340801895568
568340812926297	568340854329422	568340814315880
568340828065359	568340870899734	568340828795568
568340844671609	568340887478901	568340845426818
568340861786713	568340904054943	568340862552859
568340878385151	568340920631505	568340879114838
568340893700255	568340937219526	568340894439838
568340910236713	568340953801297	568340910925255
568340926899213	568340970373693	568340927652859
568340944043484	568340986944005	568340944721609
568340960867443	568341003524213	568340961558588
568340977120568	568341020096088	568340977827859
568340993547130	568341036704943	568340994223693
568341010765880	568341053249213	568341011492443
568341026069526	568341070117443	568341026855463
568341043044526	568341086401297	568341043827338
568341060582026	568341102986193	568341062000776
568341081284630	568341119564318	568341083451297
568341100854422	568341136154422	568341103275776
568341117709109	568341152707547	568341120408588
568341133559109	568341169279942	568341136311192
568341149540359	568341185858067	568341152584630
568341170499734	568341202436192	568341173165880
568341186035151	568341219009109	568341188636713
568341199171609	568341235610151	568341201862234
568341215345047	568341252170047	568341218084109
568341233475255	568341268764838	568341236219005
568341251196609	568341285440880	568341253924734
568341268409630	568341301907026	568341271104942
568341285849213	568341318462755	568341288820567
568341304757547	568341335036192	568341307285672
568342293180463	568342313187755	568342295932546
568342358672651	568342379500255	568342361325255
568342423534630	568342445857026	568342426251817
568342440620046	568342462427338	568342443617963
568342490395567	568342512173692	568342493219005
568342505489838	568342528752338	568342508373171
568342556422651	568342578504942	568342559314317
568342573979421	568342595083588	568342576797651
568342624733588	568342644813276	568342627536192
568342637542442	568342661391401	568342638911192
568342703176817	568342727725255	568342704534109
568342772858067	568342794057026	568342774157026


16666666
568379862834624	568379878658062	568379864384624
568379877285145	568379895224728	568379878952332
568379896177332	568379911777332	568379897672124
568379909148166	568379928382020	568379910545562
568379927784624	568379944952332	568379929277853
568379944329937	568379961535145	568379945830978
568379962907541	568379978125249	568379964267437
568379975797645	568379994714832	568379977278895
568379994975249	568380011297124	568379997851291
568380011575249	568380027882020	568380013097124
568380027745562	568380044464832	568380029278374
568380043485666	568380061051291	568380045063270
568380060798687	568380077621082	568380062312749
568380079164312	568380110776812	568380080684624
568380092226291	568380127358062	568380093459103
568380110990874	568380143937749	568380112752332
568380130052853	568380160524207	568380131508582
568380140570041	568380177070562	568380142033582
568380158111187	568380193663791	568380159588791
568380178307020	568380210253895	568380179546603
568380188814312	568380226867437	568380190270562
568380201326812	568380243433582	568380202224728
568380222421603	568380260056499	568380223901291
568380241257541	568380276622645	568380242454937
568380258462749	568380293190874	568380259631499
568380277708062	568380309793999	568380279212749
568380290925249	568380326362228	568380292428895
568380311551291	568380342933062	568380313157541
568380322866916	568380359514832	568380324333062
568380340537228	568380376086707	568380341939312
568380362494520	568380392708582	568380363990874
568380370746603	568380409536187	568380372243478
568380392387228	568380425854937	568380393929937
568380406452853	568380442404937	568380407996603
568380428342437	568380459010666	568380429979937
568380437924728	568380476167957	568380439425249
568380458388791	568380492157541	568380460077853
568380476789832	568380508742436	568380478535666
568380492289311	568380525343999	568380493771082
568380507814832	568380541917957	568380509314311
568380527669520	568380558484624	568380529264832
568380538430978	568380575079416	568380539968999
568380555064311	568380591665874	568380556398686
568380570235666	568380608240874	568380571775770
568380586446082	568380624828895	568380587955457
568380602562749	568380641392957	568380604091916
568380618981499	568380657997645	568380620470041
568380635248166	568380674564311	568380636812749
568380650722645	568380691130457	568380653970041
568380669061707	568380707716916	568380670591916
568380687673166	568380724273686	568380688973686
568380705894520	568380740892957	568380707407020
568380722802332	568380757452853	568380724376291
568380742408061	568380774036186	568380743951811
568380753963270	568380790614832	568380755436707
568380775221603	568380807199728	568380776863270
568380788608061	568380823784624	568380790084103
568380805921082	568380840356499	568380807365874
568380822072645	568380856924728	568380823561707
568380842773166	568380873510145	568380844425770
568380851868478	568380890089832	568380853396082
568380888829936	568380906687228	568380890364311
568380901044520	568380923266916	568380902496082
568380920807541	568380939834103	568380922262749
568380945374728	568380973022124	568380946854936
568380971990874	568380989590353	568380973335666
568380987030457	568381006200249	568380988397124
568381001865874	568381022745561	568381003198166
568381017056499	568381039334624	568381018441916
568381036948686	568381055953374	568381038310145
568381053479416	568381072538270	568381054874728
568381070758061	568381089066916	568381072111186
568381087980457	568381105640874	568381089362228
568381102238270	568381122236707	568381103640874
568381156925249	568381171978895	568381157763270
568381173768478	568381205122645	568381174321603
568381196576811	568381221703895	568381197104936
568381198243999	568381238272124	568381198791916
568381212407020	568381254861186	568381213591395
568381212407020	568381271434624	568381213591395
568381266220041	568381288012228	568381266840874
568381267682541	568381304596603	568381268223686
568381277704936	568381321177332	568381278829416
568381294182541	568381337764311	568381295301291
568381311221603	568381354347124	568381312332020
568381328572645	568381370919520	568381330174728
568381344684624	568381387509103	568381345822124
568381364691395	568381404097645	568381366508582
568381379322645	568381420697124	568381380444520
568381396170041	568381437261186	568381397258582
568381413228895	568381453820561	568381414334103
568381430061186	568381470416916	568381431186707
568381445701291	568381486998686	568381446886186
568381461819520	568381503551291	568381462941916
568381479225770	568381520162749	568381480383582
568381495576291	568381536747124	568381496819520
568381513380457	568381553319520	568381514578374
568381543505978	568381569890353	568381544750770
568381546960665	568381586481499	568381548161707
568381561110145	568381603064311	568381562247124
568381577698165	568381619643999	568381578842957
568381592782020	568381636228374	568381593930457
568381608728895	568381652813270	568381609784624
568381627579936	568381669400249	568381628121082
568381642759624	568381685975770	568381643512228
568381659365353	568381702553374	568381660199728
568381676953895	568381719126290	568381678047124
568381693447645	568381735707540	568381694322124
568381709204415	568381752282540	568381709934624
568381726319520	568381768863270	568381727058582
568381742420561	568381785446603	568381743146082
568381759597645	568381802025770	568381760407540
568381776558582	568381818607540	568381777365353
568381792202332	568381835184624	568381792959624
568381808428895	568381851773165	568381809376290
568381829126290	568381868344520	568381829834103
568381897762228	568381918072645	568381899428374
568381901089832	568381934637749	568381902726811
568381918416395	568381951224728	568381919521603
568381926173686	568381967807020	568381927883061
568381942970561	568381984390874	568381944691395
568381964582540	568382000968999	568381966314832
568381974949728	568382017554936	568381976851290
568381994527853	568382034146082	568381996519520
568382011221082	568382050726290	568382012972645
568382025860145	568382067300770	568382027145561
568382042083061	9223372036854775807	568382042758582


16666666
568395122914830	568395162979934	568395124145559
568395137547122	568395179557538	568395139185143
568395156216393	568395196127330	568395157427851
568395171672643	568395212704413	568395172916913
568395188809101	568395229285663	568395190057018
568395206616393	568395245861184	568395207830455
568395223065872	568395262438268	568395224688268
568395237590351	568395279720559	568395238800768
568395256715351	568395295595038	568395257937226
568395272254934	568395312160663	568395273707018
568395290941913	568395328776809	568395292770038
568395304237226	568395345343476	568395305685143
568395323471601	568395361892434	568395325525247
568395340556497	568395378475247	568395341659622
568395357179413	568395395042434	568395358651809
568395371539830	568395411618997	568395372778893
568395389374726	568395428221080	568395391247122
568395406291913	568395444770038	568395407787747
568395424976288	568395461351288	568395426154934
568395438148684	568395477929934	568395439404413
568395455925768	568395494513788	568395457548684
568395472225768	568395511085663	568395473291913
568395489861705	568395528001809	568395491044518
568395505593476	568395544247643	568395506785143
568395524186184	568395561047643	568395525696080
568395539660143	568395577374205	568395540878893
568395558252330	568395593949205	568395559705455
568395570289830	568395610542434	568395571491913
568395587208059	568395627096601	568395588495038
568395606989830	568395643681497	568395608115872
568395625267955	568395660231497	568395626408059
568395644178893	568395676816393	568395645904934
568395654919518	568395693393476	568395656218997
568395669507018	568395709976288	568395670773684
568395684769518	568395726547643	568395685792955
568395704675247	568395743098684	568395705907538
568395722767434	568395759686705	568395724652851
568395735994518	568395776269517	568395737282538
568395751763788	568395792845038	568395753075767
568395770246601	568395809436705	568395771802851
568395784273684	568395826014830	568395785539830
568395804252330	568395842579413	568395806074205
568395823998684	568395859135663	568395826083580
568395843939309	568395875714309	568395846454413
568395856068476	568395892279934	568395858484101
568395874892955	568395908852851	568395877323163
568395883289830	568395925446080	568395885212226
568395899397642	568395942015351	568395901167955
568395917019517	568395958597122	568395918791392
568395933103892	568395975174726	568395935147642
568395951532538	568395991742434	568395953005976
568395967904934	568396008426288	568395969434622
568395984559101	568396024890351	568395986039830
568395999339830	568396041462226	568396000356497
568396016209622	568396058073163	568396017936184
568396033498684	568396074623163	568396034530976
568396048913267	568396091192955	568396049862226
568396066385663	568396107772642	568396067908580
568396083075247	568396124385663	568396084109101
568396099096601	568396140914830	568396100200767
568396128644517	568396157516913	568396131085663
568396133054934	568396174061184	568396134874205
568396151333059	568396190644517	568396153767434
568396166900767	568396207243997	568396168728892
568396182684101	568396223829934	568396184111184
568396203157538	568396240410663	568396205074726
568396216320559	568396256964309	568396217426809
568396239836184	568396273530976	568396241249726
568396250502330	568396290101288	568396251553372
568396265054934	568396306675247	568396266509622
568396286003892	568396323279934	568396287530976
568396297824726	568396339820559	568396299265351
568396314379934	568396356398684	568396315993476
568396331530455	568396373328892	568396332594517
568396348069517	568396389561184	568396349591913
568396362653892	568396406132017	568396363754413
568396380125247	568396422696080	568396381103892
568396398427330	568396439290872	568396399980976
568396416070038	568396455865872	568396417747122
568396430560663	568396472456497	568396432402330
568396450626288	568396489013788	568396452214309
568396468219517	568396505584622	568396469989309
568396482012747	568396522184101	568396483643997
568396496565351	568396538740872	568396498165872
568396513289309	568396555314830	568396514330976
568396530810663	568396571915351	568396531838788
568396546639309	568396588461705	568396548275767
568396563124205	568396605039830	568396564090351
568396580816392	568396621618476	568396581747122
568396596484622	568396638197122	568396598141913
568396643888267	568396671339830	568396647668997
568396647801288	568396687905455	568396649795559
568396661439309	568396704489830	568396663837747
568396678046601	568396721074205	568396679999205
568396694240872	568396737643476	568396696204934
568396713005976	568396754212226	568396715608059
568396734454934	568396770793476	568396737150247
568396745690872	568396787364309	568396748061184
568396762955976	568396803961705	568396765393476
568396778834622	568396820522642	568396781325767
568396794408580	568396837106496	568396796137226
568396813457538	568396853713267	568396814343476
568396843026809	568396870260663	568396845614830
568396846789830	568396886828892	568396849949205
568396868473684	568396903393476	568396870995559
568396879689309	568396919975246	568396882455976
568396895180976	568396936561705	568396897634101
568396916908059	568396953142955	568396919399726
568396927265351	568396969723684	568396929505976
568396943095559	568396986303892	568396943930976
568396958598163	568397002882538	568396959461184
568396995503892	568397019467955	568396998790871
568397001174726	568397036045559	568397003743476
568397001174726	568397516722642	568397003743476
568397515979934	568397533299726	568397518699726
568397534979934	568397566432017	568397537399205
568397547381496	568397583006496	568397549393476
568397562834101	568397599579413	568397565462226
568397596828371	568397616183059	568397599475767
568397600280455	568397632737226	568397602450767
568397608371080	568397649362226	568397611027851
568399215671600	568399240682538	568399218375767
568399271037225	568399290345038	568399273854413
568399334408579	568399356639829	568399337778892
568399401588788	568399422974204	568399404222642
568399466046079	568399489285663	568399468303371
568399530489309	568399555595559	568399531240350


16666666
568395489861705	568395528001809	568395491044518
568395505593476	568395544247643	568395506785143
568395524186184	568395561047643	568395525696080
568395539660143	568395577374205	568395540878893
568395558252330	568395593949205	568395559705455
568395570289830	568395610542434	568395571491913
568395587208059	568395627096601	568395588495038
568395606989830	568395643681497	568395608115872
568395625267955	568395660231497	568395626408059
568395644178893	568395676816393	568395645904934
568395654919518	568395693393476	568395656218997
568395669507018	568395709976288	568395670773684
568395684769518	568395726547643	568395685792955
568395704675247	568395743098684	568395705907538
568395722767434	568395759686705	568395724652851
568395735994518	568395776269517	568395737282538
568395751763788	568395792845038	568395753075767
568395770246601	568395809436705	568395771802851
568395784273684	568395826014830	568395785539830
568395804252330	568395842579413	568395806074205
568395823998684	568395859135663	568395826083580
568395843939309	568395875714309	568395846454413
568395856068476	568395892279934	568395858484101
568395874892955	568395908852851	568395877323163
568395883289830	568395925446080	568395885212226
568395899397642	568395942015351	568395901167955
568395917019517	568395958597122	568395918791392
568395933103892	568395975174726	568395935147642
568395951532538	568395991742434	568395953005976
568395967904934	568396008426288	568395969434622
568395984559101	568396024890351	568395986039830
568395999339830	568396041462226	568396000356497
568396016209622	568396058073163	568396017936184
568396033498684	568396074623163	568396034530976
568396048913267	568396091192955	568396049862226
568396066385663	568396107772642	568396067908580
568396083075247	568396124385663	568396084109101
568396099096601	568396140914830	568396100200767
568396128644517	568396157516913	568396131085663
568396133054934	568396174061184	568396134874205
568396151333059	568396190644517	568396153767434
568396166900767	568396207243997	568396168728892
568396182684101	568396223829934	568396184111184
568396203157538	568396240410663	568396205074726
568396216320559	568396256964309	568396217426809
568396239836184	568396273530976	568396241249726
568396250502330	568396290101288	568396251553372
568396265054934	568396306675247	568396266509622
568396286003892	568396323279934	568396287530976
568396297824726	568396339820559	568396299265351
568396314379934	568396356398684	568396315993476
568396331530455	568396373328892	568396332594517
568396348069517	568396389561184	568396349591913
568396362653892	568396406132017	568396363754413
568396380125247	568396422696080	568396381103892
568396398427330	568396439290872	568396399980976
568396416070038	568396455865872	568396417747122
568396430560663	568396472456497	568396432402330
568396450626288	568396489013788	568396452214309
568396468219517	568396505584622	568396469989309
568396482012747	568396522184101	568396483643997
568396496565351	568396538740872	568396498165872
568396513289309	568396555314830	568396514330976
568396530810663	568396571915351	568396531838788
568396546639309	568396588461705	568396548275767
568396563124205	568396605039830	568396564090351
568396580816392	568396621618476	568396581747122
568396596484622	568396638197122	568396598141913
568396643888267	568396671339830	568396647668997
568396647801288	568396687905455	568396649795559
568396661439309	568396704489830	568396663837747
568396678046601	568396721074205	568396679999205
568396694240872	568396737643476	568396696204934
568396713005976	568396754212226	568396715608059
568396734454934	568396770793476	568396737150247
568396745690872	568396787364309	568396748061184
568396762955976	568396803961705	568396765393476
568396778834622	568396820522642	568396781325767
568396794408580	568396837106496	568396796137226
568396813457538	568396853713267	568396814343476
568396843026809	568396870260663	568396845614830
568396846789830	568396886828892	568396849949205
568396868473684	568396903393476	568396870995559
568396879689309	568396919975246	568396882455976
568396895180976	568396936561705	568396897634101
568396916908059	568396953142955	568396919399726
568396927265351	568396969723684	568396929505976
568396943095559	568396986303892	568396943930976
568396958598163	568397002882538	568396959461184
568396995503892	568397019467955	568396998790871
568397001174726	568397036045559	568397003743476
568397001174726	568397516722642	568397003743476
568397515979934	568397533299726	568397518699726
568397534979934	568397566432017	568397537399205
568397547381496	568397583006496	568397549393476
568397562834101	568397599579413	568397565462226
568397596828371	568397616183059	568397599475767
568397600280455	568397632737226	568397602450767
568397608371080	568397649362226	568397611027851
568399215671600	568399240682538	568399218375767
568399271037225	568399290345038	568399273854413
568399334408579	568399356639829	568399337778892
568399401588788	568399422974204	568399404222642
568399466046079	568399489285663	568399468303371
568399530489309	568399555595559	568399531240350
568407324546599	568407345671078	568407327059620
568407329891391	568407362193995	568407332486182
568407343259099	568407378826287	568407345713266
568407355035141	568407395348162	568407357650245
568407457295557	568407478237224	568407459686703
568407464872120	568407495859099	568407467504932
568407486159620	568407511372641	568407488770037
568407494962745	568407527930453	568407497659099
568407812525766	568407842865349	568407814907016
568407820822641	568407859432536	568407823375245
568407839483578	568407876018474	568407841565349
568407853378891	568407892584099	568407856068995
568408162674724	568408190935661	568408164860661
568408171021599	568408207500766	568408173655974
568408188121599	568408224100766	568408190114307
568408201798682	568408240677328	568408204440870
568409776447120	568409798792432	568409778830453
568409839620036	568409865083057	568409842301807
568409891608057	568409914818474	568409893628370
568409957492432	568409981128890	568409959584619
568410025937744	568410047433578	568410028129932
568410088791390	568410113733057	568410089385661


16666666
568395489861705	568395528001809	568395491044518
568395505593476	568395544247643	568395506785143
568395524186184	568395561047643	568395525696080
568395539660143	568395577374205	568395540878893
568395558252330	568395593949205	568395559705455
568395570289830	568395610542434	568395571491913
568395587208059	568395627096601	568395588495038
568395606989830	568395643681497	568395608115872
568395625267955	568395660231497	568395626408059
568395644178893	568395676816393	568395645904934
568395654919518	568395693393476	568395656218997
568395669507018	568395709976288	568395670773684
568395684769518	568395726547643	568395685792955
568395704675247	568395743098684	568395705907538
568395722767434	568395759686705	568395724652851
568395735994518	568395776269517	568395737282538
568395751763788	568395792845038	568395753075767
568395770246601	568395809436705	568395771802851
568395784273684	568395826014830	568395785539830
568395804252330	568395842579413	568395806074205
568395823998684	568395859135663	568395826083580
568395843939309	568395875714309	568395846454413
568395856068476	568395892279934	568395858484101
568395874892955	568395908852851	568395877323163
568395883289830	568395925446080	568395885212226
568395899397642	568395942015351	568395901167955
568395917019517	568395958597122	568395918791392
568395933103892	568395975174726	568395935147642
568395951532538	568395991742434	568395953005976
568395967904934	568396008426288	568395969434622
568395984559101	568396024890351	568395986039830
568395999339830	568396041462226	568396000356497
568396016209622	568396058073163	568396017936184
568396033498684	568396074623163	568396034530976
568396048913267	568396091192955	568396049862226
568396066385663	568396107772642	568396067908580
568396083075247	568396124385663	568396084109101
568396099096601	568396140914830	568396100200767
568396128644517	568396157516913	568396131085663
568396133054934	568396174061184	568396134874205
568396151333059	568396190644517	568396153767434
568396166900767	568396207243997	568396168728892
568396182684101	568396223829934	568396184111184
568396203157538	568396240410663	568396205074726
568396216320559	568396256964309	568396217426809
568396239836184	568396273530976	568396241249726
568396250502330	568396290101288	568396251553372
568396265054934	568396306675247	568396266509622
568396286003892	568396323279934	568396287530976
568396297824726	568396339820559	568396299265351
568396314379934	568396356398684	568396315993476
568396331530455	568396373328892	568396332594517
568396348069517	568396389561184	568396349591913
568396362653892	568396406132017	568396363754413
568396380125247	568396422696080	568396381103892
568396398427330	568396439290872	568396399980976
568396416070038	568396455865872	568396417747122
568396430560663	568396472456497	568396432402330
568396450626288	568396489013788	568396452214309
568396468219517	568396505584622	568396469989309
568396482012747	568396522184101	568396483643997
568396496565351	568396538740872	568396498165872
568396513289309	568396555314830	568396514330976
568396530810663	568396571915351	568396531838788
568396546639309	568396588461705	568396548275767
568396563124205	568396605039830	568396564090351
568396580816392	568396621618476	568396581747122
568396596484622	568396638197122	568396598141913
568396643888267	568396671339830	568396647668997
568396647801288	568396687905455	568396649795559
568396661439309	568396704489830	568396663837747
568396678046601	568396721074205	568396679999205
568396694240872	568396737643476	568396696204934
568396713005976	568396754212226	568396715608059
568396734454934	568396770793476	568396737150247
568396745690872	568396787364309	568396748061184
568396762955976	568396803961705	568396765393476
568396778834622	568396820522642	568396781325767
568396794408580	568396837106496	568396796137226
568396813457538	568396853713267	568396814343476
568396843026809	568396870260663	568396845614830
568396846789830	568396886828892	568396849949205
568396868473684	568396903393476	568396870995559
568396879689309	568396919975246	568396882455976
568396895180976	568396936561705	568396897634101
568396916908059	568396953142955	568396919399726
568396927265351	568396969723684	568396929505976
568396943095559	568396986303892	568396943930976
568396958598163	568397002882538	568396959461184
568396995503892	568397019467955	568396998790871
568397001174726	568397036045559	568397003743476
568397001174726	568397516722642	568397003743476
568397515979934	568397533299726	568397518699726
568397534979934	568397566432017	568397537399205
568397547381496	568397583006496	568397549393476
568397562834101	568397599579413	568397565462226
568397596828371	568397616183059	568397599475767
568397600280455	568397632737226	568397602450767
568397608371080	568397649362226	568397611027851
568399215671600	568399240682538	568399218375767
568399271037225	568399290345038	568399273854413
568399334408579	568399356639829	568399337778892
568399401588788	568399422974204	568399404222642
568399466046079	568399489285663	568399468303371
568399530489309	568399555595559	568399531240350
568407324546599	568407345671078	568407327059620
568407329891391	568407362193995	568407332486182
568407343259099	568407378826287	568407345713266
568407355035141	568407395348162	568407357650245
568407457295557	568407478237224	568407459686703
568407464872120	568407495859099	568407467504932
568407486159620	568407511372641	568407488770037
568407494962745	568407527930453	568407497659099
568407812525766	568407842865349	568407814907016
568407820822641	568407859432536	568407823375245
568407839483578	568407876018474	568407841565349
568407853378891	568407892584099	568407856068995
568408162674724	568408190935661	568408164860661
568408171021599	568408207500766	568408173655974
568408188121599	568408224100766	568408190114307
568408201798682	568408240677328	568408204440870
568409776447120	568409798792432	568409778830453
568409839620036	568409865083057	568409842301807
568409891608057	568409914818474	568409893628370
568409957492432	568409981128890	568409959584619
568410025937744	568410047433578	568410028129932
568410088791390	568410113733057	568410089385661


16666666
568395489861705	568395528001809	568395491044518
568395505593476	568395544247643	568395506785143
568395524186184	568395561047643	568395525696080
568395539660143	568395577374205	568395540878893
568395558252330	568395593949205	568395559705455
568395570289830	568395610542434	568395571491913
568395587208059	568395627096601	568395588495038
568395606989830	568395643681497	568395608115872
568395625267955	568395660231497	568395626408059
568395644178893	568395676816393	568395645904934
568395654919518	568395693393476	568395656218997
568395669507018	568395709976288	568395670773684
568395684769518	568395726547643	568395685792955
568395704675247	568395743098684	568395705907538
568395722767434	568395759686705	568395724652851
568395735994518	568395776269517	568395737282538
568395751763788	568395792845038	568395753075767
568395770246601	568395809436705	568395771802851
568395784273684	568395826014830	568395785539830
568395804252330	568395842579413	568395806074205
568395823998684	568395859135663	568395826083580
568395843939309	568395875714309	568395846454413
568395856068476	568395892279934	568395858484101
568395874892955	568395908852851	568395877323163
568395883289830	568395925446080	568395885212226
568395899397642	568395942015351	568395901167955
568395917019517	568395958597122	568395918791392
568395933103892	568395975174726	568395935147642
568395951532538	568395991742434	568395953005976
568395967904934	568396008426288	568395969434622
568395984559101	568396024890351	568395986039830
568395999339830	568396041462226	568396000356497
568396016209622	568396058073163	568396017936184
568396033498684	568396074623163	568396034530976
568396048913267	568396091192955	568396049862226
568396066385663	568396107772642	568396067908580
568396083075247	568396124385663	568396084109101
568396099096601	568396140914830	568396100200767
568396128644517	568396157516913	568396131085663
568396133054934	568396174061184	568396134874205
568396151333059	568396190644517	568396153767434
568396166900767	568396207243997	568396168728892
568396182684101	568396223829934	568396184111184
568396203157538	568396240410663	568396205074726
568396216320559	568396256964309	568396217426809
568396239836184	568396273530976	568396241249726
568396250502330	568396290101288	568396251553372
568396265054934	568396306675247	568396266509622
568396286003892	568396323279934	568396287530976
568396297824726	568396339820559	568396299265351
568396314379934	568396356398684	568396315993476
568396331530455	568396373328892	568396332594517
568396348069517	568396389561184	568396349591913
568396362653892	568396406132017	568396363754413
568396380125247	568396422696080	568396381103892
568396398427330	568396439290872	568396399980976
568396416070038	568396455865872	568396417747122
568396430560663	568396472456497	568396432402330
568396450626288	568396489013788	568396452214309
568396468219517	568396505584622	568396469989309
568396482012747	568396522184101	568396483643997
568396496565351	568396538740872	568396498165872
568396513289309	568396555314830	568396514330976
568396530810663	568396571915351	568396531838788
568396546639309	568396588461705	568396548275767
568396563124205	568396605039830	568396564090351
568396580816392	568396621618476	568396581747122
568396596484622	568396638197122	568396598141913
568396643888267	568396671339830	568396647668997
568396647801288	568396687905455	568396649795559
568396661439309	568396704489830	568396663837747
568396678046601	568396721074205	568396679999205
568396694240872	568396737643476	568396696204934
568396713005976	568396754212226	568396715608059
568396734454934	568396770793476	568396737150247
568396745690872	568396787364309	568396748061184
568396762955976	568396803961705	568396765393476
568396778834622	568396820522642	568396781325767
568396794408580	568396837106496	568396796137226
568396813457538	568396853713267	568396814343476
568396843026809	568396870260663	568396845614830
568396846789830	568396886828892	568396849949205
568396868473684	568396903393476	568396870995559
568396879689309	568396919975246	568396882455976
568396895180976	568396936561705	568396897634101
568396916908059	568396953142955	568396919399726
568396927265351	568396969723684	568396929505976
568396943095559	568396986303892	568396943930976
568396958598163	568397002882538	568396959461184
568396995503892	568397019467955	568396998790871
568397001174726	568397036045559	568397003743476
568397001174726	568397516722642	568397003743476
568397515979934	568397533299726	568397518699726
568397534979934	568397566432017	568397537399205
568397547381496	568397583006496	568397549393476
568397562834101	568397599579413	568397565462226
568397596828371	568397616183059	568397599475767
568397600280455	568397632737226	568397602450767
568397608371080	568397649362226	568397611027851
568399215671600	568399240682538	568399218375767
568399271037225	568399290345038	568399273854413
568399334408579	568399356639829	568399337778892
568399401588788	568399422974204	568399404222642
568399466046079	568399489285663	568399468303371
568399530489309	568399555595559	568399531240350
568407324546599	568407345671078	568407327059620
568407329891391	568407362193995	568407332486182
568407343259099	568407378826287	568407345713266
568407355035141	568407395348162	568407357650245
568407457295557	568407478237224	568407459686703
568407464872120	568407495859099	568407467504932
568407486159620	568407511372641	568407488770037
568407494962745	568407527930453	568407497659099
568407812525766	568407842865349	568407814907016
568407820822641	568407859432536	568407823375245
568407839483578	568407876018474	568407841565349
568407853378891	568407892584099	568407856068995
568408162674724	568408190935661	568408164860661
568408171021599	568408207500766	568408173655974
568408188121599	568408224100766	568408190114307
568408201798682	568408240677328	568408204440870
568409776447120	568409798792432	568409778830453
568409839620036	568409865083057	568409842301807
568409891608057	568409914818474	568409893628370
568409957492432	568409981128890	568409959584619
568410025937744	568410047433578	568410028129932
568410088791390	568410113733057	568410089385661


16666666
568397534979934	568397566432017	568397537399205
568397547381496	568397583006496	568397549393476
568397562834101	568397599579413	568397565462226
568397596828371	568397616183059	568397599475767
568397600280455	568397632737226	568397602450767
568397608371080	568397649362226	568397611027851
568399215671600	568399240682538	568399218375767
568399271037225	568399290345038	568399273854413
568399334408579	568399356639829	568399337778892
568399401588788	568399422974204	568399404222642
568399466046079	568399489285663	568399468303371
568399530489309	568399555595559	568399531240350
568407324546599	568407345671078	568407327059620
568407329891391	568407362193995	568407332486182
568407343259099	568407378826287	568407345713266
568407355035141	568407395348162	568407357650245
568407457295557	568407478237224	568407459686703
568407464872120	568407495859099	568407467504932
568407486159620	568407511372641	568407488770037
568407494962745	568407527930453	568407497659099
568407812525766	568407842865349	568407814907016
568407820822641	568407859432536	568407823375245
568407839483578	568407876018474	568407841565349
568407853378891	568407892584099	568407856068995
568408162674724	568408190935661	568408164860661
568408171021599	568408207500766	568408173655974
568408188121599	568408224100766	568408190114307
568408201798682	568408240677328	568408204440870
568409776447120	568409798792432	568409778830453
568409839620036	568409865083057	568409842301807
568409891608057	568409914818474	568409893628370
568409957492432	568409981128890	568409959584619
568410025937744	568410047433578	568410028129932
568410088791390	568410113733057	568410089385661
568478637364817	568478656689297	568478638375755
568478647418463	568478673257005	568478649117422
568478665181484	568478689843463	568478666305442
568478680841380	568478706413776	568478682535130
568478696713776	568478722986172	568478698372630
568478713902838	568478739567422	568478716126797
568478729904401	568478756145026	568478731555963
568478746483047	568478772704401	568478748113776
568478763088255	568478789287734	568478764685130
568478780210651	568478805876796	568478781933046
568478796124713	568478822450755	568478797854921
568478812973151	568478839100234	568478814725234
568478829317942	568478855598151	568478831041901
568478846172109	568478872193984	568478847912734
568478862804401	568478888754921	568478864579921
568478880915338	568478905339817	568478882790338
568478896054921	568478921914296	568478897999713
568478912662734	568478938489296	568478914532526
568478928849192	568478955228359	568478930717942
568478945678880	568478971637734	568478947525755
568478961872109	568478988220546	568478963793463
568478978450234	568479004784088	568478980348671
568478995462213	568479021354921	568478997330963
568479011690338	568479037937734	568479013755442
568479028487734	568479054513255	568479030465859
568479049261171	568479071090859	568479051209609
568479061759609	568479087648151	568479063603359
568481699067421	568481723300234	568481700791900
568481714029400	568481739878879	568481715723150
568481730959609	568481756447109	568481732610650
568481919699192	568481938788254	568481920822629
568481927143463	568481955367421	568481928335650
568481953669504	568481971947629	568481954688775
568481959248150	568481988520546	568481960323150
568482013948671	568482038271588	568482015080963
568482046575754	568482071423150	568482047717421
568482080671588	568482104569504	568482081603358
568482094668983	568482121139817	568482095604921
568482103821588	568482137711692	568482104759608
568482125189817	568482154292421	568482126199192
568482127095025	568482170875233	568482127509088
568482146389296	568482187452317	568482147416900
568482160450754	568482204027838	568482161189817
568482179723671	568482220605963	568482180998150
568482216937733	568482237217942	568482218658567
568482251823150	568482270317421	568482253697629
568482283888775	568482303484088	568482285641379
568482429330963	568482452678879	568482431202838
568482794585650	568482817351796	568482796913775
568482810625233	568482833942421	568482812518463
568482823148150	568482850521588	568482825072629
568482847998150	568482867126796	568482849776275
568482860470025	568482883704921	568482862372108
568482885576275	568482916842421	568482887426796
568482890014296	568482933400233	568482892109088
568482922034088	568482949975754	568482924339817
568483059653358	568483082594504	568483061385650
568483088725754	568483115758046	568483090758567
568483092428358	568483132361692	568483094437213
568483121592421	568483148949712	568483123373671
568483125079400	568483165665337	568483127036692
568483154313775	568483182076275	568483156286171
568483159047629	568483198641900	568483161379921
568483188620025	568483215248671	568483191007525
568483193430442	568483231782004	568483195008567
568483222610650	568483248372108	568483224810129
568483226049192	568483264936692	568483227605442
568483247781483	568483281553879	568483249862733
568483257652837	568483298082525	568483259749712
568483286487212	568483314670025	568483288841379
568483289853358	568483331248671	568483291328358
568483313457525	568483347817942	568483315474192
568483313457525	568483364414817	568483315474192
568483351504921	568483380964817	568483353536171
568483353910129	568483397839296	568483355401275
568483372679921	568483414130962	568483374704921
568483387810650	568483430713254	568483389843983
568483405620025	568483447286171	568483407796067
568483423796587	568483463866379	568483425828358
568483447216900	568483480457004	568483449247108
568483484933046	568483513643983	568483486885129
568483517761692	568483546766900	568483519974712
568483572809087	568483596518983	568483574360129
568483602824712	568483629662733	568483604580962
568483644140858	568483662805442	568483646148671
568483708982004	568483729135650	568483710537212
568483731909608	568483762239817	568483733853879
568483770019504	568483795392942	568483771973671
568483796583567	568483811965337	568483798445025
568483838496067	568483861698671	568483840470546
568483870990337	568483894893983	568483872797108
568483904144504	568483928007004	568483906174192
568483942879400	568483961140858	568483944676275


16666666
568501357362210	568501397390856	568501358622626
568501374234085	568501413943460	568501375857522
568501390420543	568501430525231	568501392086689
568501405807001	568501447101272	568501408654397
568501424984606	568501463637210	568501426695543
568501440352314	568501480230439	568501441654397
568501455939814	568501496811689	568501457735126
568501473544501	568501513380960	568501475139293
568501489158564	568501529930960	568501490408043
568501507576793	568501546513772	568501508946064
568501522400231	568501563099710	568501524187731
568501541166376	568501579662210	568501542916897
568501559960126	568501596235647	568501561734085
568501574657522	568501612812731	568501576183564
568501590799189	568501629361168	568501592296064
568501607093460	568501645936168	568501608619501
568501621928876	568501662503356	568501623237210
568501638858564	568501679098668	568501640226272
568501655860647	568501695747626	568501656895022
568501672061689	568501712210647	568501673116376
568501688735647	568501728772626	568501690063772
568501705228355	568501745351793	568501706607001
568501720261689	568501761928355	568501722188251
568501736483043	568501778517418	568501737874189
568501753359605	568501795073668	568501754394501
568501770412210	568501811649710	568501772387730
568501787114293	568501828230439	568501788489814
568501803699189	568501844785647	568501805006480
568501822416376	568501861356480	568501823768460
568501837661168	568501877927835	568501838801272
568501853781480	568501894498147	568501855071585
568501870995022	568501911067418	568501872190855
568501886778355	568501927642939	568501888556480
568501904197626	568501944277314	568501905684605
568501921023668	568501960762210	568501922103876
568501938253876	568501977377314	568501939908564
568501955253876	568501993930439	568501956687210
568501969586168	568502010510647	568501970847626
568501986859085	568502027067418	568501988085126
568502005872105	568502043635647	568502007535126
568502021144501	568502060211689	568502022490855
568502035924710	568502076813251	568502037205439
568502052116897	568502093376272	568502053248668
568502069499710	568502109928355	568502070475751
568502085939814	568502126501272	568502087334085
568502103691897	568502143055439	568502105066376
568502120147626	568502159651272	568502121697105
568502135553355	568502176229397	568502137493980
568502152361689	568502192792418	568502153755960
568502170333043	568502209375751	568502172151272
568502185400751	568502225944501	568502186900230
568502202433043	568502242534085	568502203760647
568502217386168	568502259929397	568502218790335
568502233863251	568502275666897	568502235112730
568502250894501	568502292252835	568502252329918
568502272665335	568502309142418	568502274364814
568502286563251	568502325382522	568502287776793
568502300999189	568502341956480	568502303057522
568502318572626	568502358521585	568502320783564
568502333370543	568502375083043	568502335235126
568502350657522	568502391662730	568502353101793
568502367382001	568502408224189	568502369887210
568502388382522	568502424804397	568502390758043
568502399641897	568502441382001	568502401258564
568502415680439	568502457953355	568502416785647
568502432136168	568502474549189	568502433788251
568502447779918	568502491131480	568502448941376
568502465767939	568502507676272	568502467425230
568502486559605	568502524262730	568502488314293
568502501584085	568502540822105	568502503410647
568502532198668	568502557399189	568502534791376
568502536636689	568502573966897	568502539076272
568502554474189	568502590557522	568502557012210
568502566320022	568502607132522	568502568786168
568502583486168	568502623691897	568502585653876
568502599117939	568502640273668	568502600795543
568502616904397	568502656852314	568502617710647
568502630784605	568502673420022	568502632047626
568502647906480	568502689992939	568502649010647
568502665203876	568502706575751	568502666743980
568502682170022	568502723158564	568502683822626
568502699090855	568502740115855	568502700810126
568502714921585	568502756303876	568502716650751
568502731232522	568502772882001	568502732593980
568502752428355	568502789453876	568502754178876
568502765225230	568502806015334	568502766424189
568502783214814	568502822611689	568502784779918
568502799777314	568502839166897	568502801520543
568502815882001	568502855730439	568502817534084
568502832292418	568502872345022	568502833923668
568502849531480	568502888889814	568502851051272
568502872946584	568502905454918	568502874935647
568502884343980	568502922047626	568502886201793
568502899316897	568502938605959	568502901018980
568502913332001	568502955161168	568502914364814
568502930642418	568502971734084	568502931807522
568502949161689	568502988322626	568502950850230
568502963820543	568503004895543	568502964928876
568502979990855	568503021460647	568502981127834
568502997627314	568503038337730	568502999329918
568503014122626	568503054614814	568503015816376
568503029835647	568503071197105	568503031829918
568503045661689	568503087803355	568503046782522
568503063454918	568503104343459	568503064926272
568503115545543	568503137515334	568503119201272
568503122268980	568503154081480	568503124240334
568503334126793	568503352941897	568503336646064
568503345178876	568503369499189	568503347544501
568503359536168	568503386088772	568503362053876
568503367108564	568503402646584	568503369928876
568503392159605	568503419221064	568503394827834
568503400652834	568503435776793	568503403238251
568503771995022	568503800346064	568503774350751
568503782181480	568503816914293	568503784710647
568503796084084	568503833508564	568503798882522
568503811283043	568503850065334	568503814074709
568503811283043	568503866643980	568503814074709
568503884080959	568503899778355	568503886349709
568503892685647	568503916346584	568503895424188
568503909345022	568503932914813	568503912064813
568503923912730	568503949489293	568503926779918
568505521223667	568505540349709	568505524089292
568505585564292	568505606634605	568505588302313
568505654027834	568505672948147	568505656891376
568505720846063	568505739263251	568505724515855
568505783852834	568505805545542	568505786071584
568505847239292	568505871842417	568505847903355


16666666
568501522400231	568501563099710	568501524187731
568501541166376	568501579662210	568501542916897
568501559960126	568501596235647	568501561734085
568501574657522	568501612812731	568501576183564
568501590799189	568501629361168	568501592296064
568501607093460	568501645936168	568501608619501
568501621928876	568501662503356	568501623237210
568501638858564	568501679098668	568501640226272
568501655860647	568501695747626	568501656895022
568501672061689	568501712210647	568501673116376
568501688735647	568501728772626	568501690063772
568501705228355	568501745351793	568501706607001
568501720261689	568501761928355	568501722188251
568501736483043	568501778517418	568501737874189
568501753359605	568501795073668	568501754394501
568501770412210	568501811649710	568501772387730
568501787114293	568501828230439	568501788489814
568501803699189	568501844785647	568501805006480
568501822416376	568501861356480	568501823768460
568501837661168	568501877927835	568501838801272
568501853781480	568501894498147	568501855071585
568501870995022	568501911067418	568501872190855
568501886778355	568501927642939	568501888556480
568501904197626	568501944277314	568501905684605
568501921023668	568501960762210	568501922103876
568501938253876	568501977377314	568501939908564
568501955253876	568501993930439	568501956687210
568501969586168	568502010510647	568501970847626
568501986859085	568502027067418	568501988085126
568502005872105	568502043635647	568502007535126
568502021144501	568502060211689	568502022490855
568502035924710	568502076813251	568502037205439
568502052116897	568502093376272	568502053248668
568502069499710	568502109928355	568502070475751
568502085939814	568502126501272	568502087334085
568502103691897	568502143055439	568502105066376
568502120147626	568502159651272	568502121697105
568502135553355	568502176229397	568502137493980
568502152361689	568502192792418	568502153755960
568502170333043	568502209375751	568502172151272
568502185400751	568502225944501	568502186900230
568502202433043	568502242534085	568502203760647
568502217386168	568502259929397	568502218790335
568502233863251	568502275666897	568502235112730
568502250894501	568502292252835	568502252329918
568502272665335	568502309142418	568502274364814
568502286563251	568502325382522	568502287776793
568502300999189	568502341956480	568502303057522
568502318572626	568502358521585	568502320783564
568502333370543	568502375083043	568502335235126
568502350657522	568502391662730	568502353101793
568502367382001	568502408224189	568502369887210
568502388382522	568502424804397	568502390758043
568502399641897	568502441382001	568502401258564
568502415680439	568502457953355	568502416785647
568502432136168	568502474549189	568502433788251
568502447779918	568502491131480	568502448941376
568502465767939	568502507676272	568502467425230
568502486559605	568502524262730	568502488314293
568502501584085	568502540822105	568502503410647
568502532198668	568502557399189	568502534791376
568502536636689	568502573966897	568502539076272
568502554474189	568502590557522	568502557012210
568502566320022	568502607132522	568502568786168
568502583486168	568502623691897	568502585653876
568502599117939	568502640273668	568502600795543
568502616904397	568502656852314	568502617710647
568502630784605	568502673420022	568502632047626
568502647906480	568502689992939	568502649010647
568502665203876	568502706575751	568502666743980
568502682170022	568502723158564	568502683822626
568502699090855	568502740115855	568502700810126
568502714921585	568502756303876	568502716650751
568502731232522	568502772882001	568502732593980
568502752428355	568502789453876	568502754178876
568502765225230	568502806015334	568502766424189
568502783214814	568502822611689	568502784779918
568502799777314	568502839166897	568502801520543
568502815882001	568502855730439	568502817534084
568502832292418	568502872345022	568502833923668
568502849531480	568502888889814	568502851051272
568502872946584	568502905454918	568502874935647
568502884343980	568502922047626	568502886201793
568502899316897	568502938605959	568502901018980
568502913332001	568502955161168	568502914364814
568502930642418	568502971734084	568502931807522
568502949161689	568502988322626	568502950850230
568502963820543	568503004895543	568502964928876
568502979990855	568503021460647	568502981127834
568502997627314	568503038337730	568502999329918
568503014122626	568503054614814	568503015816376
568503029835647	568503071197105	568503031829918
568503045661689	568503087803355	568503046782522
568503063454918	568503104343459	568503064926272
568503115545543	568503137515334	568503119201272
568503122268980	568503154081480	568503124240334
568503334126793	568503352941897	568503336646064
568503345178876	568503369499189	568503347544501
568503359536168	568503386088772	568503362053876
568503367108564	568503402646584	568503369928876
568503392159605	568503419221064	568503394827834
568503400652834	568503435776793	568503403238251
568503771995022	568503800346064	568503774350751
568503782181480	568503816914293	568503784710647
568503796084084	568503833508564	568503798882522
568503811283043	568503850065334	568503814074709
568503811283043	568503866643980	568503814074709
568503884080959	568503899778355	568503886349709
568503892685647	568503916346584	568503895424188
568503909345022	568503932914813	568503912064813
568503923912730	568503949489293	568503926779918
568505521223667	568505540349709	568505524089292
568505585564292	568505606634605	568505588302313
568505654027834	568505672948147	568505656891376
568505720846063	568505739263251	568505724515855
568505783852834	568505805545542	568505786071584
568505847239292	568505871842417	568505847903355
568513663210645	568513693677833	568513665881479
568513668293979	568513710239812	568513671025750
568513686254916	568513726802312	568513688468979
568513703184083	568513743409604	568513705991895
568515265905958	568515284750228	568515268442416
568515331330958	568515351075228	568515334129395
568515394101791	568515417319499	568515396598666
568515459987208	568515483598145	568515462117937
568515527156478	568515549880958	568515529378353
568515591264812	568515616170020	568515591930958


16666666
568501522400231	568501563099710	568501524187731
568501541166376	568501579662210	568501542916897
568501559960126	568501596235647	568501561734085
568501574657522	568501612812731	568501576183564
568501590799189	568501629361168	568501592296064
568501607093460	568501645936168	568501608619501
568501621928876	568501662503356	568501623237210
568501638858564	568501679098668	568501640226272
568501655860647	568501695747626	568501656895022
568501672061689	568501712210647	568501673116376
568501688735647	568501728772626	568501690063772
568501705228355	568501745351793	568501706607001
568501720261689	568501761928355	568501722188251
568501736483043	568501778517418	568501737874189
568501753359605	568501795073668	568501754394501
568501770412210	568501811649710	568501772387730
568501787114293	568501828230439	568501788489814
568501803699189	568501844785647	568501805006480
568501822416376	568501861356480	568501823768460
568501837661168	568501877927835	568501838801272
568501853781480	568501894498147	568501855071585
568501870995022	568501911067418	568501872190855
568501886778355	568501927642939	568501888556480
568501904197626	568501944277314	568501905684605
568501921023668	568501960762210	568501922103876
568501938253876	568501977377314	568501939908564
568501955253876	568501993930439	568501956687210
568501969586168	568502010510647	568501970847626
568501986859085	568502027067418	568501988085126
568502005872105	568502043635647	568502007535126
568502021144501	568502060211689	568502022490855
568502035924710	568502076813251	568502037205439
568502052116897	568502093376272	568502053248668
568502069499710	568502109928355	568502070475751
568502085939814	568502126501272	568502087334085
568502103691897	568502143055439	568502105066376
568502120147626	568502159651272	568502121697105
568502135553355	568502176229397	568502137493980
568502152361689	568502192792418	568502153755960
568502170333043	568502209375751	568502172151272
568502185400751	568502225944501	568502186900230
568502202433043	568502242534085	568502203760647
568502217386168	568502259929397	568502218790335
568502233863251	568502275666897	568502235112730
568502250894501	568502292252835	568502252329918
568502272665335	568502309142418	568502274364814
568502286563251	568502325382522	568502287776793
568502300999189	568502341956480	568502303057522
568502318572626	568502358521585	568502320783564
568502333370543	568502375083043	568502335235126
568502350657522	568502391662730	568502353101793
568502367382001	568502408224189	568502369887210
568502388382522	568502424804397	568502390758043
568502399641897	568502441382001	568502401258564
568502415680439	568502457953355	568502416785647
568502432136168	568502474549189	568502433788251
568502447779918	568502491131480	568502448941376
568502465767939	568502507676272	568502467425230
568502486559605	568502524262730	568502488314293
568502501584085	568502540822105	568502503410647
568502532198668	568502557399189	568502534791376
568502536636689	568502573966897	568502539076272
568502554474189	568502590557522	568502557012210
568502566320022	568502607132522	568502568786168
568502583486168	568502623691897	568502585653876
568502599117939	568502640273668	568502600795543
568502616904397	568502656852314	568502617710647
568502630784605	568502673420022	568502632047626
568502647906480	568502689992939	568502649010647
568502665203876	568502706575751	568502666743980
568502682170022	568502723158564	568502683822626
568502699090855	568502740115855	568502700810126
568502714921585	568502756303876	568502716650751
568502731232522	568502772882001	568502732593980
568502752428355	568502789453876	568502754178876
568502765225230	568502806015334	568502766424189
568502783214814	568502822611689	568502784779918
568502799777314	568502839166897	568502801520543
568502815882001	568502855730439	568502817534084
568502832292418	568502872345022	568502833923668
568502849531480	568502888889814	568502851051272
568502872946584	568502905454918	568502874935647
568502884343980	568502922047626	568502886201793
568502899316897	568502938605959	568502901018980
568502913332001	568502955161168	568502914364814
568502930642418	568502971734084	568502931807522
568502949161689	568502988322626	568502950850230
568502963820543	568503004895543	568502964928876
568502979990855	568503021460647	568502981127834
568502997627314	568503038337730	568502999329918
568503014122626	568503054614814	568503015816376
568503029835647	568503071197105	568503031829918
568503045661689	568503087803355	568503046782522
568503063454918	568503104343459	568503064926272
568503115545543	568503137515334	568503119201272
568503122268980	568503154081480	568503124240334
568503334126793	568503352941897	568503336646064
568503345178876	568503369499189	568503347544501
568503359536168	568503386088772	568503362053876
568503367108564	568503402646584	568503369928876
568503392159605	568503419221064	568503394827834
568503400652834	568503435776793	568503403238251
568503771995022	568503800346064	568503774350751
568503782181480	568503816914293	568503784710647
568503796084084	568503833508564	568503798882522
568503811283043	568503850065334	568503814074709
568503811283043	568503866643980	568503814074709
568503884080959	568503899778355	568503886349709
568503892685647	568503916346584	568503895424188
568503909345022	568503932914813	568503912064813
568503923912730	568503949489293	568503926779918
568505521223667	568505540349709	568505524089292
568505585564292	568505606634605	568505588302313
568505654027834	568505672948147	568505656891376
568505720846063	568505739263251	568505724515855
568505783852834	568505805545542	568505786071584
568505847239292	568505871842417	568505847903355
568513663210645	568513693677833	568513665881479
568513668293979	568513710239812	568513671025750
568513686254916	568513726802312	568513688468979
568513703184083	568513743409604	568513705991895
568515265905958	568515284750228	568515268442416
568515331330958	568515351075228	568515334129395
568515394101791	568515417319499	568515396598666
568515459987208	568515483598145	568515462117937
568515527156478	568515549880958	568515529378353
568515591264812	568515616170020	568515591930958


16666666
568501522400231	568501563099710	568501524187731
568501541166376	568501579662210	568501542916897
568501559960126	568501596235647	568501561734085
568501574657522	568501612812731	568501576183564
568501590799189	568501629361168	568501592296064
568501607093460	568501645936168	568501608619501
568501621928876	568501662503356	568501623237210
568501638858564	568501679098668	568501640226272
568501655860647	568501695747626	568501656895022
568501672061689	568501712210647	568501673116376
568501688735647	568501728772626	568501690063772
568501705228355	568501745351793	568501706607001
568501720261689	568501761928355	568501722188251
568501736483043	568501778517418	568501737874189
568501753359605	568501795073668	568501754394501
568501770412210	568501811649710	568501772387730
568501787114293	568501828230439	568501788489814
568501803699189	568501844785647	568501805006480
568501822416376	568501861356480	568501823768460
568501837661168	568501877927835	568501838801272
568501853781480	568501894498147	568501855071585
568501870995022	568501911067418	568501872190855
568501886778355	568501927642939	568501888556480
568501904197626	568501944277314	568501905684605
568501921023668	568501960762210	568501922103876
568501938253876	568501977377314	568501939908564
568501955253876	568501993930439	568501956687210
568501969586168	568502010510647	568501970847626
568501986859085	568502027067418	568501988085126
568502005872105	568502043635647	568502007535126
568502021144501	568502060211689	568502022490855
568502035924710	568502076813251	568502037205439
568502052116897	568502093376272	568502053248668
568502069499710	568502109928355	568502070475751
568502085939814	568502126501272	568502087334085
568502103691897	568502143055439	568502105066376
568502120147626	568502159651272	568502121697105
568502135553355	568502176229397	568502137493980
568502152361689	568502192792418	568502153755960
568502170333043	568502209375751	568502172151272
568502185400751	568502225944501	568502186900230
568502202433043	568502242534085	568502203760647
568502217386168	568502259929397	568502218790335
568502233863251	568502275666897	568502235112730
568502250894501	568502292252835	568502252329918
568502272665335	568502309142418	568502274364814
568502286563251	568502325382522	568502287776793
568502300999189	568502341956480	568502303057522
568502318572626	568502358521585	568502320783564
568502333370543	568502375083043	568502335235126
568502350657522	568502391662730	568502353101793
568502367382001	568502408224189	568502369887210
568502388382522	568502424804397	568502390758043
568502399641897	568502441382001	568502401258564
568502415680439	568502457953355	568502416785647
568502432136168	568502474549189	568502433788251
568502447779918	568502491131480	568502448941376
568502465767939	568502507676272	568502467425230
568502486559605	568502524262730	568502488314293
568502501584085	568502540822105	568502503410647
568502532198668	568502557399189	568502534791376
568502536636689	568502573966897	568502539076272
568502554474189	568502590557522	568502557012210
568502566320022	568502607132522	568502568786168
568502583486168	568502623691897	568502585653876
568502599117939	568502640273668	568502600795543
568502616904397	568502656852314	568502617710647
568502630784605	568502673420022	568502632047626
568502647906480	568502689992939	568502649010647
568502665203876	568502706575751	568502666743980
568502682170022	568502723158564	568502683822626
568502699090855	568502740115855	568502700810126
568502714921585	568502756303876	568502716650751
568502731232522	568502772882001	568502732593980
568502752428355	568502789453876	568502754178876
568502765225230	568502806015334	568502766424189
568502783214814	568502822611689	568502784779918
568502799777314	568502839166897	568502801520543
568502815882001	568502855730439	568502817534084
568502832292418	568502872345022	568502833923668
568502849531480	568502888889814	568502851051272
568502872946584	568502905454918	568502874935647
568502884343980	568502922047626	568502886201793
568502899316897	568502938605959	568502901018980
568502913332001	568502955161168	568502914364814
568502930642418	568502971734084	568502931807522
568502949161689	568502988322626	568502950850230
568502963820543	568503004895543	568502964928876
568502979990855	568503021460647	568502981127834
568502997627314	568503038337730	568502999329918
568503014122626	568503054614814	568503015816376
568503029835647	568503071197105	568503031829918
568503045661689	568503087803355	568503046782522
568503063454918	568503104343459	568503064926272
568503115545543	568503137515334	568503119201272
568503122268980	568503154081480	568503124240334
568503334126793	568503352941897	568503336646064
568503345178876	568503369499189	568503347544501
568503359536168	568503386088772	568503362053876
568503367108564	568503402646584	568503369928876
568503392159605	568503419221064	568503394827834
568503400652834	568503435776793	568503403238251
568503771995022	568503800346064	568503774350751
568503782181480	568503816914293	568503784710647
568503796084084	568503833508564	568503798882522
568503811283043	568503850065334	568503814074709
568503811283043	568503866643980	568503814074709
568503884080959	568503899778355	568503886349709
568503892685647	568503916346584	568503895424188
568503909345022	568503932914813	568503912064813
568503923912730	568503949489293	568503926779918
568505521223667	568505540349709	568505524089292
568505585564292	568505606634605	568505588302313
568505654027834	568505672948147	568505656891376
568505720846063	568505739263251	568505724515855
568505783852834	568505805545542	568505786071584
568505847239292	568505871842417	568505847903355
568513663210645	568513693677833	568513665881479
568513668293979	568513710239812	568513671025750
568513686254916	568513726802312	568513688468979
568513703184083	568513743409604	568513705991895
568515265905958	568515284750228	568515268442416
568515331330958	568515351075228	568515334129395
568515394101791	568515417319499	568515396598666
568515459987208	568515483598145	568515462117937
568515527156478	568515549880958	568515529378353
568515591264812	568515616170020	568515591930958


16666666
568501969586168	568502010510647	568501970847626
568501986859085	568502027067418	568501988085126
568502005872105	568502043635647	568502007535126
568502021144501	568502060211689	568502022490855
568502035924710	568502076813251	568502037205439
568502052116897	568502093376272	568502053248668
568502069499710	568502109928355	568502070475751
568502085939814	568502126501272	568502087334085
568502103691897	568502143055439	568502105066376
568502120147626	568502159651272	568502121697105
568502135553355	568502176229397	568502137493980
568502152361689	568502192792418	568502153755960
568502170333043	568502209375751	568502172151272
568502185400751	568502225944501	568502186900230
568502202433043	568502242534085	568502203760647
568502217386168	568502259929397	568502218790335
568502233863251	568502275666897	568502235112730
568502250894501	568502292252835	568502252329918
568502272665335	568502309142418	568502274364814
568502286563251	568502325382522	568502287776793
568502300999189	568502341956480	568502303057522
568502318572626	568502358521585	568502320783564
568502333370543	568502375083043	568502335235126
568502350657522	568502391662730	568502353101793
568502367382001	568502408224189	568502369887210
568502388382522	568502424804397	568502390758043
568502399641897	568502441382001	568502401258564
568502415680439	568502457953355	568502416785647
568502432136168	568502474549189	568502433788251
568502447779918	568502491131480	568502448941376
568502465767939	568502507676272	568502467425230
568502486559605	568502524262730	568502488314293
568502501584085	568502540822105	568502503410647
568502532198668	568502557399189	568502534791376
568502536636689	568502573966897	568502539076272
568502554474189	568502590557522	568502557012210
568502566320022	568502607132522	568502568786168
568502583486168	568502623691897	568502585653876
568502599117939	568502640273668	568502600795543
568502616904397	568502656852314	568502617710647
568502630784605	568502673420022	568502632047626
568502647906480	568502689992939	568502649010647
568502665203876	568502706575751	568502666743980
568502682170022	568502723158564	568502683822626
568502699090855	568502740115855	568502700810126
568502714921585	568502756303876	568502716650751
568502731232522	568502772882001	568502732593980
568502752428355	568502789453876	568502754178876
568502765225230	568502806015334	568502766424189
568502783214814	568502822611689	568502784779918
568502799777314	568502839166897	568502801520543
568502815882001	568502855730439	568502817534084
568502832292418	568502872345022	568502833923668
568502849531480	568502888889814	568502851051272
568502872946584	568502905454918	568502874935647
568502884343980	568502922047626	568502886201793
568502899316897	568502938605959	568502901018980
568502913332001	568502955161168	568502914364814
568502930642418	568502971734084	568502931807522
568502949161689	568502988322626	568502950850230
568502963820543	568503004895543	568502964928876
568502979990855	568503021460647	568502981127834
568502997627314	568503038337730	568502999329918
568503014122626	568503054614814	568503015816376
568503029835647	568503071197105	568503031829918
568503045661689	568503087803355	568503046782522
568503063454918	568503104343459	568503064926272
568503115545543	568503137515334	568503119201272
568503122268980	568503154081480	568503124240334
568503334126793	568503352941897	568503336646064
568503345178876	568503369499189	568503347544501
568503359536168	568503386088772	568503362053876
568503367108564	568503402646584	568503369928876
568503392159605	568503419221064	568503394827834
568503400652834	568503435776793	568503403238251
568503771995022	568503800346064	568503774350751
568503782181480	568503816914293	568503784710647
568503796084084	568503833508564	568503798882522
568503811283043	568503850065334	568503814074709
568503811283043	568503866643980	568503814074709
568503884080959	568503899778355	568503886349709
568503892685647	568503916346584	568503895424188
568503909345022	568503932914813	568503912064813
568503923912730	568503949489293	568503926779918
568505521223667	568505540349709	568505524089292
568505585564292	568505606634605	568505588302313
568505654027834	568505672948147	568505656891376
568505720846063	568505739263251	568505724515855
568505783852834	568505805545542	568505786071584
568505847239292	568505871842417	568505847903355
568513663210645	568513693677833	568513665881479
568513668293979	568513710239812	568513671025750
568513686254916	568513726802312	568513688468979
568513703184083	568513743409604	568513705991895
568515265905958	568515284750228	568515268442416
568515331330958	568515351075228	568515334129395
568515394101791	568515417319499	568515396598666
568515459987208	568515483598145	568515462117937
568515527156478	568515549880958	568515529378353
568515591264812	568515616170020	568515591930958
568586676232509	568586694948134	568586676830426
568586685438238	568586711519488	568586687374697
568586703998134	568586728089801	568586705230947
568586719008551	568586744663238	568586720621572
568586734954384	568586761230426	568586736630426
568586752669488	568586777809593	568586754085113
568586769100218	568586794378863	568586770758030
568586785030426	568586810962197	568586786809593
568586802175218	568586827531468	568586803817405
568586818942405	568586844105947	568586820661676
568586834553343	568586860690843	568586836333551
568586850886676	568586877260634	568586852619488
568586867372093	568586893834592	568586869134593
568586883987197	568586910408030	568586885767405
568586900856988	568586926986155	568586903656467
568586917440842	568586943556988	568586919247613
568586934038238	568586960130947	568586935832509
568586951320530	568586976708551	568586953120009
568586966665322	568586993268447	568586968570009
568586983639280	568587009850217	568586985496572
568586999543967	568587026426780	568587001383030
568587016778863	568587043001780	568587018752822
568587033572613	568587059567405	568587035439801
568587049714801	568587076153342	568587051566363
568587065963238	568587092729384	568587067835113
568587084128863	568587109280947	568587086206467
568587099114280	568587125856467	568587101012717


16666666
568606164196569	568606202557506	568606165295527
568606177183027	568606219126256	568606178413235
568606195071048	568606235718965	568606196829381
568606211323652	568606252263756	568606213041881
568606230889798	568606268843444	568606232646048
568606246469485	568606285414277	568606247932506
568606262635110	568606301980944	568606263880423
568606275645006	568606318568965	568606276860631
568606292541360	568606335146048	568606293901256
568606309900215	568606351729902	568606311113756
568606326649694	568606368313756	568606327837715
568606344872090	568606384863756	568606345976777
568606361072610	568606401441360	568606362232506
568606377959069	568606418008548	568606379291881
568606398295006	568606434585110	568606400099173
568606412567402	568606451177298	568606413427819
568606428305423	568606467746048	568606429481985
568606444184590	568606484322090	568606445244485
568606461265840	568606500876256	568606462533027
568606478235110	568606517488756	568606479360110
568606493521569	568606534034069	568606494739798
568606511624694	568606550621569	568606513774173
568606526361673	568606567197089	568606527747090
568606543497610	568606583772610	568606544569485
568606559021569	568606600347089	568606560143444
568606577788235	568606616912714	568606578983548
568606594510110	568606633573131	568606595588235
568606609153860	568606650061152	568606610333027
568606627164798	568606666704902	568606628324694
568606645570527	568606683212194	568606647274694
568606662158027	568606699792923	568606663255944
568606677059589	568606716373131	568606678363756
568606692830944	568606732939798	568606693789798
568606714237714	568606749515319	568606715778339
568606729552298	568606766066881	568606730728339
568606744942402	568606782654902	568606746070006
568606765069485	568606799233027	568606766816360
568606774848652	568606815828339	568606776224173
568606792856464	568606832384069	568606794438756
568606811507506	568606848949694	568606812291881
568606828641360	568606865521569	568606829506985
568606844417402	568606882103339	568606846109589
568606856705423	568606898691360	568606857975735
568606873213756	568606915265319	568606874451777
568606891279902	568606931843444	568606892549694
568606908083548	568606948424173	568606909150735
568606924342402	568606964990839	568606925287194
568606942152298	568606981562194	568606943311152
568606958092923	568606998138235	568606959334069
568606975461152	568607014705423	568606976468964
568606990815839	568607031322610	568606991980944
568607009186152	568607047865319	568607010347610
568607023511673	568607064438756	568607025136152
568607040840839	568607080991360	568607042101256
568607062184069	568607097573652	568607063758027
568607073288756	568607114150735	568607074352298
568607090260110	568607130848131	568607091460110
568607105743444	568607147278860	568607106930423
568607121792402	568607163872610	568607123121569
568607139525214	568607180446048	568607140685110
568607157045006	568607197018964	568607157585631
568607172484589	568607213580944	568607173673652
568607189376256	568607230177298	568607191253339
568607206830944	568607246757506	568607208061152
568607223675735	568607263322089	568607224739798
568607241829381	568607279885110	568607243097610
568607257201777	568607296468444	568607258429902
568607273034069	568607313112194	568607274289277
568607287654381	568607329620527	568607288759589
568607306939277	568607346181464	568607307968964
568607322946569	568607362769485	568607324112194
568607339320006	568607379336673	568607341353339
568607355055423	568607395909589	568607356203860
568607374611152	568607412471569	568607376147610
568607387579381	568607429042923	568607388901256
568607405392923	568607445605944	568607406383027
568607421905944	568607462178339	568607423538235
568607437819485	568607478751256	568607439035110
568607456671048	568607495910110	568607457813235
568607471562714	568607511937194	568607472497610
568607488792923	568607528458548	568607490530944
568607507211152	568607545042402	568607508963756
568607522716881	568607561615839	568607523826777
568607538848652	568607578187194	568607539916881
568607554940839	568607594753339	568607556136152
568607571629381	568607611342923	568607573106985
568607588094485	568607627937714	568607590052819
568607605030423	568607644473652	568607606513235
568607624552298	568607661046568	568607626137714
568607638044485	568607677630423	568607639215839
568607654045006	568607694186673	568607655222610
568607670842402	568607710757506	568607671785631
568607687816360	568607727335631	568607688984068
568607703647089	568607743909068	568607704938756
568607720284589	568607760500214	568607721548131
568607741285631	568607777065318	568607743162193
568607752939277	568607793635110	568607754654902
568607770099693	568607810220006	568607771277818
568607786206464	568607826805423	568607787252818
568607803451256	568607843354381	568607804530423
568607820673131	568607859932506	568607822125214
568607835815839	568607876508548	568607837600735
568607851597089	568607893083548	568607852847610
568607869097089	568607909663756	568607870450214
568607884891360	568607926253339	568607886048131
568607901620527	568607942821568	568607902763756
568607918035631	568607959395527	568607919075214
568607934714798	568607975990318	568607936336673
568607952808027	568607992551777	568607953889798
568607968778860	568608009121048	568607969902298
568607985160110	568608025682506	568607986222089
568608002574173	568608042265318	568608003679902
568608018264277	568608058855423	568608019304902
568608035772610	568608075425735	568608037317402
568608053474693	568608091979381	568608054988235
568608067563756	568608108559589	568608068705943
568608085334068	568608125142402	568608086502818
568608100707506	568608141713756	568608101786152
568608119666881	568608158276777	568608120817923
568608135268964	568608174843964	568608136381985
568608151754381	568608191418964	568608152916360
568608168472089	568608208001256	568608169607506
568608186350735	568608224601777	568608187711152
568608201083027	568608241133027	568608202626777
568608219943964	568608257714277	568608221081464
568608241204381	568608274277818	568608242900214
568608253264277	568608290877298	568608254484589


16666666
568609474449172	568609517105422	568609475438756
568609492477818	568609533700214	568609493436152
568609509117402	568609550254902	568609510086672
568609527265839	568609566843443	568609528713235
568609557840318	568609583420006	568609560256985
568609562151256	568609599983547	568609564445006
568609574572089	568609616569485	568609576915318
568609595251777	568609633155943	568609597624693
568609607170527	568609649716881	568609608566360
568609629076777	568609666294485	568609630542922
568609645021568	568609683166881	568609646569485
568609659349693	568609699453860	568609660833027
568609673139797	568609716062714	568609674174172
568609694221047	568609732740318	568609695759068
568609711129902	568609749164797	568609712289277
568609727623652	568609765738235	568609729288756
568609741354381	568609782314277	568609742485631
568609758216881	568609798885631	568609759606985
568609772839797	568609815452297	568609773978339
568609795561672	568609832034068	568609797073652
568609808498131	568609848586672	568609809458027
568609829900735	568609865160631	568609831309068
568609844931464	568609881709068	568609846490318
568609857797089	568609898319485	568609858851776
568609874931985	568609914861151	568609875861672
568609889562714	568609931448651	568609890621568
568609909128339	568609948018443	568609910646568
568609922550214	568609964604901	568609923497089
568609938980422	568609981154901	568609939962714
568609959647610	568609997718964	568609960546568
568609974565318	568610014287714	568609976045526
568609991174172	568610030840318	568609992702818
568610006921047	568610047416881	568610008358547
568610026935110	568610063982506	568610028444485
568610037635631	568610080560110	568610038613235
568610080186672	568610097123131	568610081875214
568610082831464	568610113672089	568610084489276
568610132688235	568610163418443	568610134626776
568610140449693	568610179973651	568610142750214
568610170013756	568610196548651	568610172663235
568610173608547	568610213112714	568610175419485
568610190478339	568610229707506	568610192996047
568610228597089	568610246248131	568610230102297
568610236808547	568610262825735	568610239053860
568610240815318	568610279410110	568610243387193
568610272527818	568610295957506	568610275139276
568610280183547	568610312519485	568610282541360
568610301129901	568610329109589	568610303513235
568610315228339	568610345666881	568610317137714
568610326838235	568610362250735	568610330394485
568610337868443	568610378807506	568610340422610
568610358911151	568610395384068	568610361633547
568610370925735	568610411956985	568610373468964
568610438242401	568610461712193	568610440399172
568610443504901	568610478267401	568610446120526
568610488308026	568610511378339	568610490799693
568610493981985	568610527975735	568610496505943
568610511724172	568610544576776	568610514310631
568610534912193	568610561102297	568610537452297
568610542889276	568610577674693	568610545470006
568610590485631	568610610821568	568610592895526
568610598104901	568610627377818	568610600682506
568610638732506	568610660511151	568610641242922
568610642326256	568610677085631	568610644266881
568610687176776	568610710234068	568610689791360
568610692048651	568610726808026	568610694590318
568610743114276	568610759940839	568610745774172
568610748810631	568610776503860	568610751235631
568610807963756	568610826216360	568610810460631
568610815197610	568610842785631	568610817808547
568610844997089	568610875939797	568610847674172
568610849168964	568610892515318	568610851753860
568610917070526	568610942249693	568610919584589
568610941445005	568610958821047	568610943888235
568610963265839	568610991919485	568610965771568
568610973521568	568611008498651	568610976056985
568610987187193	568611025071047	568610989756464
568611006147089	568611041703339	568611008716360
568611020151255	568611058227297	568611022614797
568611063026776	568611091373130	568611065556464
568611070097610	568611107960110	568611072699172
568611118233026	568611141084068	568611120736151
568611125012193	568611157638755	568611127623130
568611179354380	568611207381985	568611181849693
568611184561151	568611223948651	568611187123130
568611215348130	568611240501255	568611217935110
568611223378860	568611257067401	568611226025214
568611271921568	568611290217922	568611274763235
568611280855943	568611306766880	568611283557505
568611343000214	568611373055422	568611345562714
568611350240839	568611389619485	568611352808547
568611376930943	568611406196047	568611379601255
568611382129380	568611422757505	568611384697089
568611425786151	568611455918964	568611428429380
568611433920526	568611472493964	568611436587193
568611433920526	568611522177818	568611436587193
568611549410110	568611571871047	568611551979380
568611556968443	568611588432505	568611559542922
568611568465318	568611604990318	568611570487714
568611580205943	568611621551776	568611584028339
568613189188234	568613212093963	568613191681984
568613242200213	568613261773130	568613244849693
568613308241880	568613328724693	568613310829380
568613375012193	568613394374693	568613377770005
568613440573130	568613460601776	568613442751255
568613501519484	568613526915838	568613502103859
568620874870525	568620901051254	568620877445004
568620882585108	568620917611150	568620885286671
568620897126254	568620934164275	568620898958546
568620912868962	568620951281983	568620915525212
568620942597087	568620967301775	568620944631462
568620949186671	568620983893962	568620951359587
568620963355421	568621000448129	568620966065837
568621223692921	568621248989275	568621226328858
568621231351254	568621265575733	568621234004379
568621246511671	568621282154900	568621249158546
568621260331462	568621298723129	568621263080941
568621339985108	568621365050212	568621342616879
568621345184587	568621381572087	568621347868441
568621369453337	568621398154379	568621371218962
568621377426254	568621414720525	568621380180421
568622951713233	568622972386149	568622954380941
568623014708545	568623038716879	568623017412712
568623083038233	568623104998649	568623085156462
568623149250212	568623171290837	568623151436149
568623215562191	568623237582504	568623217821045
568623280408024	568623304879899	568623281273129


16666666
568609474449172	568609517105422	568609475438756
568609492477818	568609533700214	568609493436152
568609509117402	568609550254902	568609510086672
568609527265839	568609566843443	568609528713235
568609557840318	568609583420006	568609560256985
568609562151256	568609599983547	568609564445006
568609574572089	568609616569485	568609576915318
568609595251777	568609633155943	568609597624693
568609607170527	568609649716881	568609608566360
568609629076777	568609666294485	568609630542922
568609645021568	568609683166881	568609646569485
568609659349693	568609699453860	568609660833027
568609673139797	568609716062714	568609674174172
568609694221047	568609732740318	568609695759068
568609711129902	568609749164797	568609712289277
568609727623652	568609765738235	568609729288756
568609741354381	568609782314277	568609742485631
568609758216881	568609798885631	568609759606985
568609772839797	568609815452297	568609773978339
568609795561672	568609832034068	568609797073652
568609808498131	568609848586672	568609809458027
568609829900735	568609865160631	568609831309068
568609844931464	568609881709068	568609846490318
568609857797089	568609898319485	568609858851776
568609874931985	568609914861151	568609875861672
568609889562714	568609931448651	568609890621568
568609909128339	568609948018443	568609910646568
568609922550214	568609964604901	568609923497089
568609938980422	568609981154901	568609939962714
568609959647610	568609997718964	568609960546568
568609974565318	568610014287714	568609976045526
568609991174172	568610030840318	568609992702818
568610006921047	568610047416881	568610008358547
568610026935110	568610063982506	568610028444485
568610037635631	568610080560110	568610038613235
568610080186672	568610097123131	568610081875214
568610082831464	568610113672089	568610084489276
568610132688235	568610163418443	568610134626776
568610140449693	568610179973651	568610142750214
568610170013756	568610196548651	568610172663235
568610173608547	568610213112714	568610175419485
568610190478339	568610229707506	568610192996047
568610228597089	568610246248131	568610230102297
568610236808547	568610262825735	568610239053860
568610240815318	568610279410110	568610243387193
568610272527818	568610295957506	568610275139276
568610280183547	568610312519485	568610282541360
568610301129901	568610329109589	568610303513235
568610315228339	568610345666881	568610317137714
568610326838235	568610362250735	568610330394485
568610337868443	568610378807506	568610340422610
568610358911151	568610395384068	568610361633547
568610370925735	568610411956985	568610373468964
568610438242401	568610461712193	568610440399172
568610443504901	568610478267401	568610446120526
568610488308026	568610511378339	568610490799693
568610493981985	568610527975735	568610496505943
568610511724172	568610544576776	568610514310631
568610534912193	568610561102297	568610537452297
568610542889276	568610577674693	568610545470006
568610590485631	568610610821568	568610592895526
568610598104901	568610627377818	568610600682506
568610638732506	568610660511151	568610641242922
568610642326256	568610677085631	568610644266881
568610687176776	568610710234068	568610689791360
568610692048651	568610726808026	568610694590318
568610743114276	568610759940839	568610745774172
568610748810631	568610776503860	568610751235631
568610807963756	568610826216360	568610810460631
568610815197610	568610842785631	568610817808547
568610844997089	568610875939797	568610847674172
568610849168964	568610892515318	568610851753860
568610917070526	568610942249693	568610919584589
568610941445005	568610958821047	568610943888235
568610963265839	568610991919485	568610965771568
568610973521568	568611008498651	568610976056985
568610987187193	568611025071047	568610989756464
568611006147089	568611041703339	568611008716360
568611020151255	568611058227297	568611022614797
568611063026776	568611091373130	568611065556464
568611070097610	568611107960110	568611072699172
568611118233026	568611141084068	568611120736151
568611125012193	568611157638755	568611127623130
568611179354380	568611207381985	568611181849693
568611184561151	568611223948651	568611187123130
568611215348130	568611240501255	568611217935110
568611223378860	568611257067401	568611226025214
568611271921568	568611290217922	568611274763235
568611280855943	568611306766880	568611283557505
568611343000214	568611373055422	568611345562714
568611350240839	568611389619485	568611352808547
568611376930943	568611406196047	568611379601255
568611382129380	568611422757505	568611384697089
568611425786151	568611455918964	568611428429380
568611433920526	568611472493964	568611436587193
568611433920526	568611522177818	568611436587193
568611549410110	568611571871047	568611551979380
568611556968443	568611588432505	568611559542922
568611568465318	568611604990318	568611570487714
568611580205943	568611621551776	568611584028339
568613189188234	568613212093963	568613191681984
568613242200213	568613261773130	568613244849693
568613308241880	568613328724693	568613310829380
568613375012193	568613394374693	568613377770005
568613440573130	568613460601776	568613442751255
568613501519484	568613526915838	568613502103859
568620874870525	568620901051254	568620877445004
568620882585108	568620917611150	568620885286671
568620897126254	568620934164275	568620898958546
568620912868962	568620951281983	568620915525212
568620942597087	568620967301775	568620944631462
568620949186671	568620983893962	568620951359587
568620963355421	568621000448129	568620966065837
568621223692921	568621248989275	568621226328858
568621231351254	568621265575733	568621234004379
568621246511671	568621282154900	568621249158546
568621260331462	568621298723129	568621263080941
568621339985108	568621365050212	568621342616879
568621345184587	568621381572087	568621347868441
568621369453337	568621398154379	568621371218962
568621377426254	568621414720525	568621380180421
568622951713233	568622972386149	568622954380941
568623014708545	568623038716879	568623017412712
568623083038233	568623104998649	568623085156462
568623149250212	568623171290837	568623151436149
568623215562191	568623237582504	568623217821045
568623280408024	568623304879899	568623281273129


16666666
568609474449172	568609517105422	568609475438756
568609492477818	568609533700214	568609493436152
568609509117402	568609550254902	568609510086672
568609527265839	568609566843443	568609528713235
568609557840318	568609583420006	568609560256985
568609562151256	568609599983547	568609564445006
568609574572089	568609616569485	568609576915318
568609595251777	568609633155943	568609597624693
568609607170527	568609649716881	568609608566360
568609629076777	568609666294485	568609630542922
568609645021568	568609683166881	568609646569485
568609659349693	568609699453860	568609660833027
568609673139797	568609716062714	568609674174172
568609694221047	568609732740318	568609695759068
568609711129902	568609749164797	568609712289277
568609727623652	568609765738235	568609729288756
568609741354381	568609782314277	568609742485631
568609758216881	568609798885631	568609759606985
568609772839797	568609815452297	568609773978339
568609795561672	568609832034068	568609797073652
568609808498131	568609848586672	568609809458027
568609829900735	568609865160631	568609831309068
568609844931464	568609881709068	568609846490318
568609857797089	568609898319485	568609858851776
568609874931985	568609914861151	568609875861672
568609889562714	568609931448651	568609890621568
568609909128339	568609948018443	568609910646568
568609922550214	568609964604901	568609923497089
568609938980422	568609981154901	568609939962714
568609959647610	568609997718964	568609960546568
568609974565318	568610014287714	568609976045526
568609991174172	568610030840318	568609992702818
568610006921047	568610047416881	568610008358547
568610026935110	568610063982506	568610028444485
568610037635631	568610080560110	568610038613235
568610080186672	568610097123131	568610081875214
568610082831464	568610113672089	568610084489276
568610132688235	568610163418443	568610134626776
568610140449693	568610179973651	568610142750214
568610170013756	568610196548651	568610172663235
568610173608547	568610213112714	568610175419485
568610190478339	568610229707506	568610192996047
568610228597089	568610246248131	568610230102297
568610236808547	568610262825735	568610239053860
568610240815318	568610279410110	568610243387193
568610272527818	568610295957506	568610275139276
568610280183547	568610312519485	568610282541360
568610301129901	568610329109589	568610303513235
568610315228339	568610345666881	568610317137714
568610326838235	568610362250735	568610330394485
568610337868443	568610378807506	568610340422610
568610358911151	568610395384068	568610361633547
568610370925735	568610411956985	568610373468964
568610438242401	568610461712193	568610440399172
568610443504901	568610478267401	568610446120526
568610488308026	568610511378339	568610490799693
568610493981985	568610527975735	568610496505943
568610511724172	568610544576776	568610514310631
568610534912193	568610561102297	568610537452297
568610542889276	568610577674693	568610545470006
568610590485631	568610610821568	568610592895526
568610598104901	568610627377818	568610600682506
568610638732506	568610660511151	568610641242922
568610642326256	568610677085631	568610644266881
568610687176776	568610710234068	568610689791360
568610692048651	568610726808026	568610694590318
568610743114276	568610759940839	568610745774172
568610748810631	568610776503860	568610751235631
568610807963756	568610826216360	568610810460631
568610815197610	568610842785631	568610817808547
568610844997089	568610875939797	568610847674172
568610849168964	568610892515318	568610851753860
568610917070526	568610942249693	568610919584589
568610941445005	568610958821047	568610943888235
568610963265839	568610991919485	568610965771568
568610973521568	568611008498651	568610976056985
568610987187193	568611025071047	568610989756464
568611006147089	568611041703339	568611008716360
568611020151255	568611058227297	568611022614797
568611063026776	568611091373130	568611065556464
568611070097610	568611107960110	568611072699172
568611118233026	568611141084068	568611120736151
568611125012193	568611157638755	568611127623130
568611179354380	568611207381985	568611181849693
568611184561151	568611223948651	568611187123130
568611215348130	568611240501255	568611217935110
568611223378860	568611257067401	568611226025214
568611271921568	568611290217922	568611274763235
568611280855943	568611306766880	568611283557505
568611343000214	568611373055422	568611345562714
568611350240839	568611389619485	568611352808547
568611376930943	568611406196047	568611379601255
568611382129380	568611422757505	568611384697089
568611425786151	568611455918964	568611428429380
568611433920526	568611472493964	568611436587193
568611433920526	568611522177818	568611436587193
568611549410110	568611571871047	568611551979380
568611556968443	568611588432505	568611559542922
568611568465318	568611604990318	568611570487714
568611580205943	568611621551776	568611584028339
568613189188234	568613212093963	568613191681984
568613242200213	568613261773130	568613244849693
568613308241880	568613328724693	568613310829380
568613375012193	568613394374693	568613377770005
568613440573130	568613460601776	568613442751255
568613501519484	568613526915838	568613502103859
568620874870525	568620901051254	568620877445004
568620882585108	568620917611150	568620885286671
568620897126254	568620934164275	568620898958546
568620912868962	568620951281983	568620915525212
568620942597087	568620967301775	568620944631462
568620949186671	568620983893962	568620951359587
568620963355421	568621000448129	568620966065837
568621223692921	568621248989275	568621226328858
568621231351254	568621265575733	568621234004379
568621246511671	568621282154900	568621249158546
568621260331462	568621298723129	568621263080941
568621339985108	568621365050212	568621342616879
568621345184587	568621381572087	568621347868441
568621369453337	568621398154379	568621371218962
568621377426254	568621414720525	568621380180421
568622951713233	568622972386149	568622954380941
568623014708545	568623038716879	568623017412712
568623083038233	568623104998649	568623085156462
568623149250212	568623171290837	568623151436149
568623215562191	568623237582504	568623217821045
568623280408024	568623304879899	568623281273129


16666666
568609474449172	568609517105422	568609475438756
568609492477818	568609533700214	568609493436152
568609509117402	568609550254902	568609510086672
568609527265839	568609566843443	568609528713235
568609557840318	568609583420006	568609560256985
568609562151256	568609599983547	568609564445006
568609574572089	568609616569485	568609576915318
568609595251777	568609633155943	568609597624693
568609607170527	568609649716881	568609608566360
568609629076777	568609666294485	568609630542922
568609645021568	568609683166881	568609646569485
568609659349693	568609699453860	568609660833027
568609673139797	568609716062714	568609674174172
568609694221047	568609732740318	568609695759068
568609711129902	568609749164797	568609712289277
568609727623652	568609765738235	568609729288756
568609741354381	568609782314277	568609742485631
568609758216881	568609798885631	568609759606985
568609772839797	568609815452297	568609773978339
568609795561672	568609832034068	568609797073652
568609808498131	568609848586672	568609809458027
568609829900735	568609865160631	568609831309068
568609844931464	568609881709068	568609846490318
568609857797089	568609898319485	568609858851776
568609874931985	568609914861151	568609875861672
568609889562714	568609931448651	568609890621568
568609909128339	568609948018443	568609910646568
568609922550214	568609964604901	568609923497089
568609938980422	568609981154901	568609939962714
568609959647610	568609997718964	568609960546568
568609974565318	568610014287714	568609976045526
568609991174172	568610030840318	568609992702818
568610006921047	568610047416881	568610008358547
568610026935110	568610063982506	568610028444485
568610037635631	568610080560110	568610038613235
568610080186672	568610097123131	568610081875214
568610082831464	568610113672089	568610084489276
568610132688235	568610163418443	568610134626776
568610140449693	568610179973651	568610142750214
568610170013756	568610196548651	568610172663235
568610173608547	568610213112714	568610175419485
568610190478339	568610229707506	568610192996047
568610228597089	568610246248131	568610230102297
568610236808547	568610262825735	568610239053860
568610240815318	568610279410110	568610243387193
568610272527818	568610295957506	568610275139276
568610280183547	568610312519485	568610282541360
568610301129901	568610329109589	568610303513235
568610315228339	568610345666881	568610317137714
568610326838235	568610362250735	568610330394485
568610337868443	568610378807506	568610340422610
568610358911151	568610395384068	568610361633547
568610370925735	568610411956985	568610373468964
568610438242401	568610461712193	568610440399172
568610443504901	568610478267401	568610446120526
568610488308026	568610511378339	568610490799693
568610493981985	568610527975735	568610496505943
568610511724172	568610544576776	568610514310631
568610534912193	568610561102297	568610537452297
568610542889276	568610577674693	568610545470006
568610590485631	568610610821568	568610592895526
568610598104901	568610627377818	568610600682506
568610638732506	568610660511151	568610641242922
568610642326256	568610677085631	568610644266881
568610687176776	568610710234068	568610689791360
568610692048651	568610726808026	568610694590318
568610743114276	568610759940839	568610745774172
568610748810631	568610776503860	568610751235631
568610807963756	568610826216360	568610810460631
568610815197610	568610842785631	568610817808547
568610844997089	568610875939797	568610847674172
568610849168964	568610892515318	568610851753860
568610917070526	568610942249693	568610919584589
568610941445005	568610958821047	568610943888235
568610963265839	568610991919485	568610965771568
568610973521568	568611008498651	568610976056985
568610987187193	568611025071047	568610989756464
568611006147089	568611041703339	568611008716360
568611020151255	568611058227297	568611022614797
568611063026776	568611091373130	568611065556464
568611070097610	568611107960110	568611072699172
568611118233026	568611141084068	568611120736151
568611125012193	568611157638755	568611127623130
568611179354380	568611207381985	568611181849693
568611184561151	568611223948651	568611187123130
568611215348130	568611240501255	568611217935110
568611223378860	568611257067401	568611226025214
568611271921568	568611290217922	568611274763235
568611280855943	568611306766880	568611283557505
568611343000214	568611373055422	568611345562714
568611350240839	568611389619485	568611352808547
568611376930943	568611406196047	568611379601255
568611382129380	568611422757505	568611384697089
568611425786151	568611455918964	568611428429380
568611433920526	568611472493964	568611436587193
568611433920526	568611522177818	568611436587193
568611549410110	568611571871047	568611551979380
568611556968443	568611588432505	568611559542922
568611568465318	568611604990318	568611570487714
568611580205943	568611621551776	568611584028339
568613189188234	568613212093963	568613191681984
568613242200213	568613261773130	568613244849693
568613308241880	568613328724693	568613310829380
568613375012193	568613394374693	568613377770005
568613440573130	568613460601776	568613442751255
568613501519484	568613526915838	568613502103859
568620874870525	568620901051254	568620877445004
568620882585108	568620917611150	568620885286671
568620897126254	568620934164275	568620898958546
568620912868962	568620951281983	568620915525212
568620942597087	568620967301775	568620944631462
568620949186671	568620983893962	568620951359587
568620963355421	568621000448129	568620966065837
568621223692921	568621248989275	568621226328858
568621231351254	568621265575733	568621234004379
568621246511671	568621282154900	568621249158546
568621260331462	568621298723129	568621263080941
568621339985108	568621365050212	568621342616879
568621345184587	568621381572087	568621347868441
568621369453337	568621398154379	568621371218962
568621377426254	568621414720525	568621380180421
568622951713233	568622972386149	568622954380941
568623014708545	568623038716879	568623017412712
568623083038233	568623104998649	568623085156462
568623149250212	568623171290837	568623151436149
568623215562191	568623237582504	568623217821045
568623280408024	568623304879899	568623281273129


16666666
568709639918428	568709677557490	568709641905928
568709655816865	568709694106449	568709657355928
568709670368428	568709710698636	568709672173636
568709689466345	568709727311136	568709691459574
568709703013740	568709743831970	568709704276761
568709722763220	568709760413220	568709724829365
568709740727803	568709777003845	568709741491865
568709751999157	568709793594470	568709753831970
568709768413220	568709810394990	568709769689261
568709789831449	568709826726240	568709791015824
568709807099157	568709843325199	568709809042907
568709820329365	568709859895511	568709821897074
568709839439782	568709876483011	568709841399678
568709854360615	568709893063740	568709856197595
568709870967386	568709909635095	568709872793949
568709885456449	568709926214782	568709886960095
568709901975199	568709942783011	568709903403845
568709918344990	568709959357490	568709920173115
568709935785095	568709975968428	568709937518428
568709953384574	568709992535095	568709955261657
568709970014261	568710009124157	568709971884574
568709988856449	568710025695511	568709990587699
568710001972595	568710042282490	568710003863220
568710018359574	568710058883532	568710020187178
568710034482490	568710075441345	568710036330407
568710054090303	568710092019990	568710055647595
568710070594990	568710108598636	568710072461657
568710083548115	568710125198115	568710084829365
568710104321553	568710141753324	568710106236136
568710119357490	568710158340303	568710120948115
568710135017907	568710174923115	568710136850720
568710151685095	568710191511136	568710153724157
568710170371553	568710208075720	568710172311136
568710186058532	568710224646553	568710187478324
568710199290824	568710241233011	568710200634053
568710217673115	568710257826240	568710219076761
568710234733532	568710274405407	568710236352803
568710252855928	568710290995511	568710254133532
568710267308011	568710307571032	568710269073115
568710283253324	568710324162178	568710285068428
568710301875199	568710340729365	568710303598636
568710318431449	568710357299678	568710320430928
568710333802803	568710373929365	568710335013219
568710350144990	568710390451761	568710351361657
568710371971032	568710407047074	568710374021553
568710385228844	568710423616344	568710386702282
568710400952803	568710440225719	568710402309574
568710416787178	568710456803324	568710417922594
568710434294990	568710473387699	568710435898636
568710450626240	568710489962699	568710452192386
568710466472074	568710506572074	568710468273636
568710484428844	568710523092907	568710485956449
568710502100719	568710539668428	568710503392386
568710519579365	568710556268949	568710521061657
568710532626761	568710572831969	568710534432490
568710548992386	568710589429886	568710550752282
568710566939782	568710606037699	568710568915824
568710582202803	568710622599157	568710583965303
568710601531449	568710639168428	568710602756969
568710616114261	568710655742386	568710617296032
568710637973636	568710672314261	568710639363219
568710650580407	568710688917907	568710651554365
568710668877803	568710705480928	568710671214261
568710684273636	568710722064261	568710685480407
568710698827803	568710738635094	568710700135094
568710713969469	568710755213219	568710715825199
568710730910615	568710771793949	568710732169469
568710748114261	568710788375199	568710750128844
568710763491865	568710804984574	568710765399678
568710779460094	568710821579365	568710781052803
568710796888740	568710838146032	568710798889261
568710816643428	568710854740824	568710818779886
568710833634053	568710871304365	568710835539782
568710847628324	568710887891344	568710848995511
568710865496553	568710904463219	568710867213740
568710882211136	568710921042907	568710884095511
568710897808532	568710937628844	568710899414261
568710914192386	568710954239261	568710915928324
568710931410615	568710970799678	568710932996032
568710948077282	568710987369990	568710949646032
568710965037178	568711003940303	568710966878324
568710981994990	568711020567907	568710983988219
568710996624157	568711037119990	568710998256449
568711014185615	568711053708011	568711016355928
568711031437699	568711070284574	568711033099157
568711046676761	568711086866344	568711048723115
568711061983532	568711103469469	568711063227803
568711083389261	568711120030407	568711085281969
568711098538219	568711136613219	568711100141344
568711118379365	568711153202282	568711120250719
568711131238740	568711169806969	568711133178844
568711148739261	568711186351240	568711150958532
568711164411657	568711202951761	568711166091344
568711181656969	568711219541344	568711183593949
568711195934053	568711236119990	568711197695511
568711217238219	568711252673115	568711218775199
568711231654886	568711269267907	568711232954886
568711249149678	568711285829886	568711251127282
568711261172074	568711302408532	568711262743428
568711280369469	568711319012699	568711281791865
568711294383532	568711335588740	568711295650199
568711316919990	568711352176761	568711318555407
568711327875199	568711368755928	568711329135615
568711346817386	568711385331449	568711348237699
568711362016344	568711401916344	568711363415303
568711379943428	568711418546032	568711381738740
568711395866344	568711435084573	568711397263219
568711415651761	568711451650719	568711417575198
568711427104365	568711468244990	568711428428323
568711445774678	568711484850719	568711447699157
568711462890823	568711501422594	568711464155407
568711481239782	568711517993428	568711483338219
568711496189261	568711534574678	568711497747594
568711510453844	568711551161136	568711512249678
568711527002282	568711567729886	568711528705928
568711549137698	568711584312698	568711550901240
568711561066865	568711600916865	568711562925719
568711578389261	568711617708011	568711580161657
568711594512698	568711634066344	568711596387178
568711614651240	568711650635615	568711616327282
568711627624157	568711667204886	568711629361136
568711644790303	568711683790303	568711646092907
568711659467907	568711700365823	568711660731448
568711677472073	568711716955928	568711679284573
568711693230928	568711733537178	568711695120511
568711708187698	568711750128323	568711709511657
568711726993948	568711766688219	568711728908532


16666666
568711083389261	568711120030407	568711085281969
568711098538219	568711136613219	568711100141344
568711118379365	568711153202282	568711120250719
568711131238740	568711169806969	568711133178844
568711148739261	568711186351240	568711150958532
568711164411657	568711202951761	568711166091344
568711181656969	568711219541344	568711183593949
568711195934053	568711236119990	568711197695511
568711217238219	568711252673115	568711218775199
568711231654886	568711269267907	568711232954886
568711249149678	568711285829886	568711251127282
568711261172074	568711302408532	568711262743428
568711280369469	568711319012699	568711281791865
568711294383532	568711335588740	568711295650199
568711316919990	568711352176761	568711318555407
568711327875199	568711368755928	568711329135615
568711346817386	568711385331449	568711348237699
568711362016344	568711401916344	568711363415303
568711379943428	568711418546032	568711381738740
568711395866344	568711435084573	568711397263219
568711415651761	568711451650719	568711417575198
568711427104365	568711468244990	568711428428323
568711445774678	568711484850719	568711447699157
568711462890823	568711501422594	568711464155407
568711481239782	568711517993428	568711483338219
568711496189261	568711534574678	568711497747594
568711510453844	568711551161136	568711512249678
568711527002282	568711567729886	568711528705928
568711549137698	568711584312698	568711550901240
568711561066865	568711600916865	568711562925719
568711578389261	568711617708011	568711580161657
568711594512698	568711634066344	568711596387178
568711614651240	568711650635615	568711616327282
568711627624157	568711667204886	568711629361136
568711644790303	568711683790303	568711646092907
568711659467907	568711700365823	568711660731448
568711677472073	568711716955928	568711679284573
568711693230928	568711733537178	568711695120511
568711708187698	568711750128323	568711709511657
568711726993948	568711766688219	568711728908532
568711745312698	568711783249157	568711747233011
568711759485094	568711799823636	568711760874157
568711781790303	568711816414261	568711783801761
568711792452803	568711832997073	568711793890303
568711810969469	568711849607490	568711812598115
568711825081448	568711866149157	568711826294990
568711841897073	568711882712178	568711843361136
568711861497594	568711899297073	568711862916344
568711878715823	568711915883011	568711880130407
568711908104365	568711932442386	568711910651240
568711918525719	568711949032490	568711920519469
568711926538219	568711965697073	568711928987698
568711941828844	568711982201240	568711944277803
568711960126761	568711998756448	568711963230407
568711974699157	568712015349157	568711976286657
568711989567907	568712031926240	568711991209053
568712005430407	568712048503323	568712006612178
568712023417386	568712065084053	568712025147594
568712038077282	568712081674678	568712039228323
568712055064782	568712098263219	568712056196553
568712072202803	568712114850198	568712073277803
568712093237698	568712131431969	568712094452282
568712106813219	568712148012178	568712107968948
568712139827282	568712164617386	568712142044990
568712147276761	568712181141865	568712149767907
568712158414261	568712197742386	568712160734053
568712174674678	568712214300719	568712177289782
568712188696553	568712230868948	568712190311136
568712206708011	568712247459053	568712208323636
568712221935094	568712264023115	568712223246032
568712239519469	568712280604886	568712241232490
568712254448115	568712297195511	568712255634573
568712271404365	568712313788740	568712272994469
568712287294469	568712330675719	568712288365303
568712305478844	568712346922594	568712306283011
568712321951240	568712363501240	568712323131969
568712337274678	568712380077803	568712338381969
568712354351761	568712396656969	568712355919990
568712373055407	568712413228323	568712374751240
568712387831969	568712429810615	568712389533011
568712405611657	568712446406969	568712406804365
568712419269469	568712462989261	568712420511657
568712438681969	568712479558532	568712440415823
568712458519469	568712496155407	568712459721032
568712501766865	568712529286136	568712504225198
568712510615302	568712545857490	568712513104886
568712536560094	568712562432490	568712539176761
568712541465823	568712579001761	568712544093948
568712555889782	568712595598115	568712558385615
568712588957490	568712612191865	568712591600198
568712597223115	568712628734573	568712599894469
568712608651240	568712645307490	568712611097594
568712623812698	568712661885094	568712626308532
568712638106448	568712678479365	568712640186657
568712652827282	568712695047073	568712654491865
568712670787177	568712711617907	568712672343948
568712685901240	568712728194990	568712687044469
568712701899157	568712744772073	568712703030407
568712718958011	568712761364782	568712719879886
568712739779886	568712777943948	568712741469469
568712750133532	568712794516865	568712751444469
568712780985615	568712811086657	568712784618948
568712786338219	568712827678323	568712788903844
568713104210094	568713126037698	568713106698115
568713104210094	568713159217386	568713106698115
568713149415823	568713175803844	568713152160615
568713169319469	568713192365302	568713171631969
568713179189261	568713208930927	568713182741865
568713198516865	568713225502282	568713200771552
568713202226240	568713242080927	568713204933011
568713218362698	568713258655927	568713221180407
568714822570510	568714850119469	568714825243948
568714876874677	568714899822073	568714879669990
568714943945510	568714966120510	568714946713740
568715013161656	568715032448635	568715016225198
568715075755927	568715098736656	568715078110094
568715140429885	568715165081448	568715141014781
568723755289259	568723784835613	568723758144988
568723765166342	568723801411134	568723767659051
568723781016863	568723817973113	568723783391863
568723795564780	568723834533009	568723798294988
568725376357488	568725392852280	568725379103842
568725436126759	568725459137696	568725438887696
568725501284571	568725525462696	568725503581967
568725568693426	568725591779363	568725570909051
568725635721550	568725658098634	568725637758530
568725699389780	568725724457488	568725700179363


16666666
568711083389261	568711120030407	568711085281969
568711098538219	568711136613219	568711100141344
568711118379365	568711153202282	568711120250719
568711131238740	568711169806969	568711133178844
568711148739261	568711186351240	568711150958532
568711164411657	568711202951761	568711166091344
568711181656969	568711219541344	568711183593949
568711195934053	568711236119990	568711197695511
568711217238219	568711252673115	568711218775199
568711231654886	568711269267907	568711232954886
568711249149678	568711285829886	568711251127282
568711261172074	568711302408532	568711262743428
568711280369469	568711319012699	568711281791865
568711294383532	568711335588740	568711295650199
568711316919990	568711352176761	568711318555407
568711327875199	568711368755928	568711329135615
568711346817386	568711385331449	568711348237699
568711362016344	568711401916344	568711363415303
568711379943428	568711418546032	568711381738740
568711395866344	568711435084573	568711397263219
568711415651761	568711451650719	568711417575198
568711427104365	568711468244990	568711428428323
568711445774678	568711484850719	568711447699157
568711462890823	568711501422594	568711464155407
568711481239782	568711517993428	568711483338219
568711496189261	568711534574678	568711497747594
568711510453844	568711551161136	568711512249678
568711527002282	568711567729886	568711528705928
568711549137698	568711584312698	568711550901240
568711561066865	568711600916865	568711562925719
568711578389261	568711617708011	568711580161657
568711594512698	568711634066344	568711596387178
568711614651240	568711650635615	568711616327282
568711627624157	568711667204886	568711629361136
568711644790303	568711683790303	568711646092907
568711659467907	568711700365823	568711660731448
568711677472073	568711716955928	568711679284573
568711693230928	568711733537178	568711695120511
568711708187698	568711750128323	568711709511657
568711726993948	568711766688219	568711728908532
568711745312698	568711783249157	568711747233011
568711759485094	568711799823636	568711760874157
568711781790303	568711816414261	568711783801761
568711792452803	568711832997073	568711793890303
568711810969469	568711849607490	568711812598115
568711825081448	568711866149157	568711826294990
568711841897073	568711882712178	568711843361136
568711861497594	568711899297073	568711862916344
568711878715823	568711915883011	568711880130407
568711908104365	568711932442386	568711910651240
568711918525719	568711949032490	568711920519469
568711926538219	568711965697073	568711928987698
568711941828844	568711982201240	568711944277803
568711960126761	568711998756448	568711963230407
568711974699157	568712015349157	568711976286657
568711989567907	568712031926240	568711991209053
568712005430407	568712048503323	568712006612178
568712023417386	568712065084053	568712025147594
568712038077282	568712081674678	568712039228323
568712055064782	568712098263219	568712056196553
568712072202803	568712114850198	568712073277803
568712093237698	568712131431969	568712094452282
568712106813219	568712148012178	568712107968948
568712139827282	568712164617386	568712142044990
568712147276761	568712181141865	568712149767907
568712158414261	568712197742386	568712160734053
568712174674678	568712214300719	568712177289782
568712188696553	568712230868948	568712190311136
568712206708011	568712247459053	568712208323636
568712221935094	568712264023115	568712223246032
568712239519469	568712280604886	568712241232490
568712254448115	568712297195511	568712255634573
568712271404365	568712313788740	568712272994469
568712287294469	568712330675719	568712288365303
568712305478844	568712346922594	568712306283011
568712321951240	568712363501240	568712323131969
568712337274678	568712380077803	568712338381969
568712354351761	568712396656969	568712355919990
568712373055407	568712413228323	568712374751240
568712387831969	568712429810615	568712389533011
568712405611657	568712446406969	568712406804365
568712419269469	568712462989261	568712420511657
568712438681969	568712479558532	568712440415823
568712458519469	568712496155407	568712459721032
568712501766865	568712529286136	568712504225198
568712510615302	568712545857490	568712513104886
568712536560094	568712562432490	568712539176761
568712541465823	568712579001761	568712544093948
568712555889782	568712595598115	568712558385615
568712588957490	568712612191865	568712591600198
568712597223115	568712628734573	568712599894469
568712608651240	568712645307490	568712611097594
568712623812698	568712661885094	568712626308532
568712638106448	568712678479365	568712640186657
568712652827282	568712695047073	568712654491865
568712670787177	568712711617907	568712672343948
568712685901240	568712728194990	568712687044469
568712701899157	568712744772073	568712703030407
568712718958011	568712761364782	568712719879886
568712739779886	568712777943948	568712741469469
568712750133532	568712794516865	568712751444469
568712780985615	568712811086657	568712784618948
568712786338219	568712827678323	568712788903844
568713104210094	568713126037698	568713106698115
568713104210094	568713159217386	568713106698115
568713149415823	568713175803844	568713152160615
568713169319469	568713192365302	568713171631969
568713179189261	568713208930927	568713182741865
568713198516865	568713225502282	568713200771552
568713202226240	568713242080927	568713204933011
568713218362698	568713258655927	568713221180407
568714822570510	568714850119469	568714825243948
568714876874677	568714899822073	568714879669990
568714943945510	568714966120510	568714946713740
568715013161656	568715032448635	568715016225198
568715075755927	568715098736656	568715078110094
568715140429885	568715165081448	568715141014781
568723755289259	568723784835613	568723758144988
568723765166342	568723801411134	568723767659051
568723781016863	568723817973113	568723783391863
568723795564780	568723834533009	568723798294988
568725376357488	568725392852280	568725379103842
568725436126759	568725459137696	568725438887696
568725501284571	568725525462696	568725503581967
568725568693426	568725591779363	568725570909051
568725635721550	568725658098634	568725637758530
568725699389780	568725724457488	568725700179363


16666666
568711083389261	568711120030407	568711085281969
568711098538219	568711136613219	568711100141344
568711118379365	568711153202282	568711120250719
568711131238740	568711169806969	568711133178844
568711148739261	568711186351240	568711150958532
568711164411657	568711202951761	568711166091344
568711181656969	568711219541344	568711183593949
568711195934053	568711236119990	568711197695511
568711217238219	568711252673115	568711218775199
568711231654886	568711269267907	568711232954886
568711249149678	568711285829886	568711251127282
568711261172074	568711302408532	568711262743428
568711280369469	568711319012699	568711281791865
568711294383532	568711335588740	568711295650199
568711316919990	568711352176761	568711318555407
568711327875199	568711368755928	568711329135615
568711346817386	568711385331449	568711348237699
568711362016344	568711401916344	568711363415303
568711379943428	568711418546032	568711381738740
568711395866344	568711435084573	568711397263219
568711415651761	568711451650719	568711417575198
568711427104365	568711468244990	568711428428323
568711445774678	568711484850719	568711447699157
568711462890823	568711501422594	568711464155407
568711481239782	568711517993428	568711483338219
568711496189261	568711534574678	568711497747594
568711510453844	568711551161136	568711512249678
568711527002282	568711567729886	568711528705928
568711549137698	568711584312698	568711550901240
568711561066865	568711600916865	568711562925719
568711578389261	568711617708011	568711580161657
568711594512698	568711634066344	568711596387178
568711614651240	568711650635615	568711616327282
568711627624157	568711667204886	568711629361136
568711644790303	568711683790303	568711646092907
568711659467907	568711700365823	568711660731448
568711677472073	568711716955928	568711679284573
568711693230928	568711733537178	568711695120511
568711708187698	568711750128323	568711709511657
568711726993948	568711766688219	568711728908532
568711745312698	568711783249157	568711747233011
568711759485094	568711799823636	568711760874157
568711781790303	568711816414261	568711783801761
568711792452803	568711832997073	568711793890303
568711810969469	568711849607490	568711812598115
568711825081448	568711866149157	568711826294990
568711841897073	568711882712178	568711843361136
568711861497594	568711899297073	568711862916344
568711878715823	568711915883011	568711880130407
568711908104365	568711932442386	568711910651240
568711918525719	568711949032490	568711920519469
568711926538219	568711965697073	568711928987698
568711941828844	568711982201240	568711944277803
568711960126761	568711998756448	568711963230407
568711974699157	568712015349157	568711976286657
568711989567907	568712031926240	568711991209053
568712005430407	568712048503323	568712006612178
568712023417386	568712065084053	568712025147594
568712038077282	568712081674678	568712039228323
568712055064782	568712098263219	568712056196553
568712072202803	568712114850198	568712073277803
568712093237698	568712131431969	568712094452282
568712106813219	568712148012178	568712107968948
568712139827282	568712164617386	568712142044990
568712147276761	568712181141865	568712149767907
568712158414261	568712197742386	568712160734053
568712174674678	568712214300719	568712177289782
568712188696553	568712230868948	568712190311136
568712206708011	568712247459053	568712208323636
568712221935094	568712264023115	568712223246032
568712239519469	568712280604886	568712241232490
568712254448115	568712297195511	568712255634573
568712271404365	568712313788740	568712272994469
568712287294469	568712330675719	568712288365303
568712305478844	568712346922594	568712306283011
568712321951240	568712363501240	568712323131969
568712337274678	568712380077803	568712338381969
568712354351761	568712396656969	568712355919990
568712373055407	568712413228323	568712374751240
568712387831969	568712429810615	568712389533011
568712405611657	568712446406969	568712406804365
568712419269469	568712462989261	568712420511657
568712438681969	568712479558532	568712440415823
568712458519469	568712496155407	568712459721032
568712501766865	568712529286136	568712504225198
568712510615302	568712545857490	568712513104886
568712536560094	568712562432490	568712539176761
568712541465823	568712579001761	568712544093948
568712555889782	568712595598115	568712558385615
568712588957490	568712612191865	568712591600198
568712597223115	568712628734573	568712599894469
568712608651240	568712645307490	568712611097594
568712623812698	568712661885094	568712626308532
568712638106448	568712678479365	568712640186657
568712652827282	568712695047073	568712654491865
568712670787177	568712711617907	568712672343948
568712685901240	568712728194990	568712687044469
568712701899157	568712744772073	568712703030407
568712718958011	568712761364782	568712719879886
568712739779886	568712777943948	568712741469469
568712750133532	568712794516865	568712751444469
568712780985615	568712811086657	568712784618948
568712786338219	568712827678323	568712788903844
568713104210094	568713126037698	568713106698115
568713104210094	568713159217386	568713106698115
568713149415823	568713175803844	568713152160615
568713169319469	568713192365302	568713171631969
568713179189261	568713208930927	568713182741865
568713198516865	568713225502282	568713200771552
568713202226240	568713242080927	568713204933011
568713218362698	568713258655927	568713221180407
568714822570510	568714850119469	568714825243948
568714876874677	568714899822073	568714879669990
568714943945510	568714966120510	568714946713740
568715013161656	568715032448635	568715016225198
568715075755927	568715098736656	568715078110094
568715140429885	568715165081448	568715141014781
568723755289259	568723784835613	568723758144988
568723765166342	568723801411134	568723767659051
568723781016863	568723817973113	568723783391863
568723795564780	568723834533009	568723798294988
568725376357488	568725392852280	568725379103842
568725436126759	568725459137696	568725438887696
568725501284571	568725525462696	568725503581967
568725568693426	568725591779363	568725570909051
568725635721550	568725658098634	568725637758530
568725699389780	568725724457488	568725700179363


16666666
568711083389261	568711120030407	568711085281969
568711098538219	568711136613219	568711100141344
568711118379365	568711153202282	568711120250719
568711131238740	568711169806969	568711133178844
568711148739261	568711186351240	568711150958532
568711164411657	568711202951761	568711166091344
568711181656969	568711219541344	568711183593949
568711195934053	568711236119990	568711197695511
568711217238219	568711252673115	568711218775199
568711231654886	568711269267907	568711232954886
568711249149678	568711285829886	568711251127282
568711261172074	568711302408532	568711262743428
568711280369469	568711319012699	568711281791865
568711294383532	568711335588740	568711295650199
568711316919990	568711352176761	568711318555407
568711327875199	568711368755928	568711329135615
568711346817386	568711385331449	568711348237699
568711362016344	568711401916344	568711363415303
568711379943428	568711418546032	568711381738740
568711395866344	568711435084573	568711397263219
568711415651761	568711451650719	568711417575198
568711427104365	568711468244990	568711428428323
568711445774678	568711484850719	568711447699157
568711462890823	568711501422594	568711464155407
568711481239782	568711517993428	568711483338219
568711496189261	568711534574678	568711497747594
568711510453844	568711551161136	568711512249678
568711527002282	568711567729886	568711528705928
568711549137698	568711584312698	568711550901240
568711561066865	568711600916865	568711562925719
568711578389261	568711617708011	568711580161657
568711594512698	568711634066344	568711596387178
568711614651240	568711650635615	568711616327282
568711627624157	568711667204886	568711629361136
568711644790303	568711683790303	568711646092907
568711659467907	568711700365823	568711660731448
568711677472073	568711716955928	568711679284573
568711693230928	568711733537178	568711695120511
568711708187698	568711750128323	568711709511657
568711726993948	568711766688219	568711728908532
568711745312698	568711783249157	568711747233011
568711759485094	568711799823636	568711760874157
568711781790303	568711816414261	568711783801761
568711792452803	568711832997073	568711793890303
568711810969469	568711849607490	568711812598115
568711825081448	568711866149157	568711826294990
568711841897073	568711882712178	568711843361136
568711861497594	568711899297073	568711862916344
568711878715823	568711915883011	568711880130407
568711908104365	568711932442386	568711910651240
568711918525719	568711949032490	568711920519469
568711926538219	568711965697073	568711928987698
568711941828844	568711982201240	568711944277803
568711960126761	568711998756448	568711963230407
568711974699157	568712015349157	568711976286657
568711989567907	568712031926240	568711991209053
568712005430407	568712048503323	568712006612178
568712023417386	568712065084053	568712025147594
568712038077282	568712081674678	568712039228323
568712055064782	568712098263219	568712056196553
568712072202803	568712114850198	568712073277803
568712093237698	568712131431969	568712094452282
568712106813219	568712148012178	568712107968948
568712139827282	568712164617386	568712142044990
568712147276761	568712181141865	568712149767907
568712158414261	568712197742386	568712160734053
568712174674678	568712214300719	568712177289782
568712188696553	568712230868948	568712190311136
568712206708011	568712247459053	568712208323636
568712221935094	568712264023115	568712223246032
568712239519469	568712280604886	568712241232490
568712254448115	568712297195511	568712255634573
568712271404365	568712313788740	568712272994469
568712287294469	568712330675719	568712288365303
568712305478844	568712346922594	568712306283011
568712321951240	568712363501240	568712323131969
568712337274678	568712380077803	568712338381969
568712354351761	568712396656969	568712355919990
568712373055407	568712413228323	568712374751240
568712387831969	568712429810615	568712389533011
568712405611657	568712446406969	568712406804365
568712419269469	568712462989261	568712420511657
568712438681969	568712479558532	568712440415823
568712458519469	568712496155407	568712459721032
568712501766865	568712529286136	568712504225198
568712510615302	568712545857490	568712513104886
568712536560094	568712562432490	568712539176761
568712541465823	568712579001761	568712544093948
568712555889782	568712595598115	568712558385615
568712588957490	568712612191865	568712591600198
568712597223115	568712628734573	568712599894469
568712608651240	568712645307490	568712611097594
568712623812698	568712661885094	568712626308532
568712638106448	568712678479365	568712640186657
568712652827282	568712695047073	568712654491865
568712670787177	568712711617907	568712672343948
568712685901240	568712728194990	568712687044469
568712701899157	568712744772073	568712703030407
568712718958011	568712761364782	568712719879886
568712739779886	568712777943948	568712741469469
568712750133532	568712794516865	568712751444469
568712780985615	568712811086657	568712784618948
568712786338219	568712827678323	568712788903844
568713104210094	568713126037698	568713106698115
568713104210094	568713159217386	568713106698115
568713149415823	568713175803844	568713152160615
568713169319469	568713192365302	568713171631969
568713179189261	568713208930927	568713182741865
568713198516865	568713225502282	568713200771552
568713202226240	568713242080927	568713204933011
568713218362698	568713258655927	568713221180407
568714822570510	568714850119469	568714825243948
568714876874677	568714899822073	568714879669990
568714943945510	568714966120510	568714946713740
568715013161656	568715032448635	568715016225198
568715075755927	568715098736656	568715078110094
568715140429885	568715165081448	568715141014781
568723755289259	568723784835613	568723758144988
568723765166342	568723801411134	568723767659051
568723781016863	568723817973113	568723783391863
568723795564780	568723834533009	568723798294988
568725376357488	568725392852280	568725379103842
568725436126759	568725459137696	568725438887696
568725501284571	568725525462696	568725503581967
568725568693426	568725591779363	568725570909051
568725635721550	568725658098634	568725637758530
568725699389780	568725724457488	568725700179363


16666666
568811182610079	568811219949142	568811184616850
568811194215808	568811236541329	568811195494975
568811213071537	568811253094454	568811214905392
568811234793933	568811269683517	568811235876746
568811249345496	568811286258517	568811251407475
568811262081954	568811302840287	568811264041329
568811280292371	568811319422058	568811281723621
568811301779871	568811336003829	568811303401225
568811310676746	568811352767892	568811312094454
568811326612683	568811369163725	568811327967371
568811343673100	568811385723621	568811345127787
568811362643933	568811402304871	568811364288725
568811378474142	568811418879871	568811380344975
568811393574142	568811435471537	568811394867371
568811411562162	568811452016329	568811412912162
568811434603829	568811468608517	568811435822058
568811444395496	568811485187162	568811445640808
568811461516329	568811501770496	568811463478829
568811478743933	568811518341850	568811480101225
568811498178829	568811534923621	568811499492892
568811510218933	568811551519454	568811511505912
568811530710079	568811568093412	568811532756954
568811548880912	568811584659558	568811550916329
568811562009037	568811601251746	568811563815808
568811577189767	568811617817371	568811578465287
568811594581954	568811634392892	568811596276746
568811612499662	568811650996537	568811614699662
568811628728829	568811667554350	568811630035600
568811646311642	568811684122058	568811648175704
568811659584037	568811700708517	568811660877787
568811675943933	568811717282475	568811677464246
568811693688725	568811733860600	568811695318412
568811709730392	568811750458517	568811711577787
568811726010600	568811767037162	568811727400704
568811744871017	568811783594454	568811746636642
568811763321537	568811800176225	568811764969975
568811776802787	568811816756433	568811778127267
568811794865808	568811833352267	568811796716329
568811809432996	568811849909558	568811810751746
568811826886642	568811866487683	568811827940287
568811844294975	568811883061642	568811846229871
568811858141850	568811899642891	568811859640808
568811874772579	568811916233516	568811876881433
568811890780392	568811932815808	568811892039246
568811910730391	568811949395496	568811912083516
568811929265287	568811965984037	568811931117371
568811942364766	568811982560600	568811943927787
568811960998621	568811999133516	568811962690808
568811976649662	568812015715287	568811977772058
568811991387683	568812032306433	568811993203829
568812008311641	568812048884558	568812009634558
568812029124141	568812065472058	568812030067371
568812042434558	568812082222058	568812044141850
568812057142891	568812098609037	568812058374141
568812076597579	568812115210600	568812077761121
568812098940808	568812131887162	568812100911641
568812110101746	568812148368933	568812111954350
568812128690287	568812164930391	568812130511641
568812142642371	568812181506433	568812144274662
568812162606954	568812198104350	568812164434037
568812174149141	568812214682475	568812175987162
568812194107996	568812231242891	568812196104871
568812209375183	568812247827787	568812211084037
568812226235600	568812264401225	568812227591329
568812239722579	568812280982996	568812241053829
568812256984558	568812297579350	568812258832996
568812273124141	568812314128829	568812275034558
568812297721537	568812331697579	568812299570496
568812308509558	568812347310600	568812310627266
568812322455391	568812363893412	568812323742371
568812342855912	568812380468933	568812344829871
568812359703829	568812397027266	568812361336121
568812375089246	568812413622058	568812377201225
568812390128308	568812430200704	568812391865287
568812407354871	568812446776225	568812409462683
568812429338204	568812463357475	568812431264766
568812440756954	568812479939766	568812442142371
568812455668412	568812496521537	568812457052787
568812473518933	568812513087162	568812475273621
568812491522579	568812529664766	568812493356954
568812506976746	568812546238204	568812508346016
568812521499662	568812562829350	568812523410600
568812539103308	568812579402787	568812540826225
568812557304350	568812595982996	568812559208516
568812570963204	568812612576225	568812572246537
568812588255391	568812629158516	568812589603829
568812603790287	568812645721016	568812605832996
568812622510079	568812662302787	568812624461121
568812639087162	568812678885600	568812640410600
568812657147579	568812695694454	568812659163204
568812669898100	568812712033516	568812671250704
568812690175183	568812728636121	568812691476225
568812706035079	568812745209037	568812708164246
568812722069975	568812761796016	568812723453308
568812738443933	568812778371016	568812740440287
568812755650183	568812794943412	568812757270496
568812772568412	568812811544975	568812773766329
568812788353829	568812828139766	568812789832996
568812803497058	568812844689246	568812804885600
568812824171537	568812861272058	568812825442371
568812838003829	568812877864766	568812839428308
568812853378308	568812894448100	568812854620496
568812869456433	568812911026225	568812871335600
568812888456954	568812927611121	568812889987683
568812903255912	568812944222058	568812904810079
568812919218933	568812960803829	568812920696537
568812938391850	568812977397579	568812940060600
568812957064766	568812993946537	568812959165287
568812971083516	568813010513204	568812972824662
568812988775704	568813027226225	568812989878829
568813004700183	568813043687683	568813005730912
568813023941850	568813060310600	568813025780391
568813037208516	568813076855912	568813039180391
568813053084037	568813093443412	568813054466329
568813070491329	568813110100183	568813072194975
568813089561120	568813126809558	568813090869454
568813101986641	568813143186120	568813103293933
568813123560600	568813159774662	568813125463725
568813139240287	568813176357475	568813141243412
568813154105912	568813192931433	568813156115808
568813169052787	568813209518933	568813170355912
568813184560600	568813226117370	568813185927787
568813202272058	568813242682995	568813203962683
568813221755391	568813259294454	568813223070495
568813235490287	568813275840287	568813237342891
568813252996016	568813292466329	568813254469454
568813269268933	9223372036854775807	568813270570495


16666666
568815474357995	568815514267370	568815476120495
568815491039245	568815530844453	568815492297058
568815510054870	568815547442891	568815511816849
568815522112162	568815564030912	568815524143933
568815541264766	568815580614245	568815542601224
568815556691849	568815597187162	568815558628828
568815574651745	568815613771016	568815576580912
568815589072578	568815630376745	568815590086120
568815606010599	568815646950703	568815607321016
568815621264766	568815663521537	568815622682474
568815641786641	568815680103828	568815643136120
568815658068412	568815696678828	568815659248620
568815674771016	568815713274662	568815676755391
568815688076745	568815729859558	568815689334558
568815708595495	568815746440808	568815710207474
568815722189245	568815763024662	568815723335078
568815739082474	568815779580391	568815741155391
568815756802787	568815796176745	568815758242370
568815773576224	568815812763724	568815775411120
568815787887162	568815829343933	568815789241849
568815805968412	568815845951224	568815807831433
568815820180391	568815862507995	568815821438724
568815842081953	568815879209037	568815843456433
568815854857995	568815895698099	568815856225703
568815870944974	568815912297058	568815872227787
568815886718412	568815928863724	568815888172578
568815908065808	568815945443933	568815910002266
568815921512683	568815962021537	568815922887162
568815937670495	568815978605912	568815938733516
568815953276745	568815995411120	568815954572578
568815972777787	568816011765808	568815973902266
568815987167891	568816028350183	568815989215287
568816004882995	568816044933516	568816007078308
568816020372578	568816061509037	568816022212162
568816039627266	568816078112162	568816041272058
568816055440808	568816094675703	568816057082995
568816069640808	568816111260078	568816071742370
568816087814245	568816127835599	568816089678308
568816105327266	568816144427787	568816106996016
568816122707995	568816161039766	568816124677787
568816137155391	568816177583516	568816139012683
568816157084037	568816194175703	568816158400183
568816173270495	568816210756953	568816175227266
568816204502787	568816227324141	568816206641849
568816212375183	568816243914245	568816214786641
568816221516849	568816260498620	568816223980912
568816239076224	568816277077787	568816241565808
568816256285599	568816293666328	568816258773099
568816268908516	568816310241849	568816270463203
568816285769974	568816326834557	568816287400703
568816303130912	568816343450182	568816304692370
568816323118932	568816359990287	568816324862682
568816334826224	568816376596537	568816335869453
568816351562162	568816393171016	568816353252266
568816368497057	568816409754349	568816369991328
568816389952266	568816426348620	568816391500182
568816403391849	568816442921016	568816405082995
568816419819974	568816459512162	568816421737162
568816439130391	568816476071016	568816440616328
568816468429349	568816492677787	568816470378828
568816474873620	568816509226224	568816477320495
568816487643932	568816525821016	568816490026745
568816503636120	568816542400703	568816506051745
568816517961641	568816558968412	568816520098099
568816533729870	568816575564766	568816534904870
568816550372578	568816592132474	568816551384557
568816566293412	568816608726224	568816567420495
568816584131432	568816625312162	568816585889766
568816599145495	568816641901224	568816600656432
568816615348099	568816658504870	568816616583516
568816631983516	568816675075182	568816632986641
568816650494974	568816691635078	568816651928307
568816666948099	568816708216328	568816667940287
568816681697057	568816724841849	568816682972578
568816697392891	568816741405391	568816698728828
568816714823099	568816757972578	568816715923099
568816737031432	568816774553307	568816738146537
568816749735599	568816791152787	568816751161120
568816764798099	568816807723099	568816765943412
568816782094453	568816824327787	568816783621537
568816798234037	568816840912162	568816798875703
568816817386120	568816857475703	568816818431432
568816836826745	568816874074662	568816838521537
568816850864245	568816890644974	568816853179349
568816867353828	568816907218932	568816868395495
568816883448620	568816923792891	568816884665287
568816898340287	568816940360078	568816899457474
568816917504349	568816956955912	568816918667370
568816930963203	568816973546537	568816931942370
568816949716849	568816990484557	568816950973620
568816964191849	568817006722578	568816965216849
568817002576224	568817023282995	568817005444974
568817005845495	568817039880912	568817007788724
568817028682474	568817056455912	568817031193932
568817036247057	568817073047578	568817038785078
568817052427266	568817089631432	568817055151224
568817064323099	568817106198099	568817066266849
568817094350182	568817122789245	568817097019453
568817098661120	568817139367891	568817100631953
568817120256432	568817155948620	568817123978828
568817133449662	568817172519974	568817136154349
568817459933516	568817487565807	568817462656953
568817469768411	568817504146536	568817472334036
568817487196536	568817520756432	568817489149661
568817504074141	568817537346536	568817506718411
568817513782474	568817553895495	568817516468932
568817513782474	568817570796536	568817516468932
568817577050703	568817603652786	568817579318411
568817580728828	568817620212161	568817583475182
568817596653307	568817636832474	568817598875182
568817609810078	568817653368411	568817612714245
568819220453828	568819245265807	568819223010078
568819271967370	568819294948620	568819274776224
568819342064765	568819361312161	568819344933515
568819407938203	568819427640807	568819410776224
568819471635599	568819493977786	568819474207995
568819537048620	568819560343411	568819538102786
568827465643931	568827487474139	568827468424139
568827471856431	568827503647577	568827474648618
568827484500181	568827520198618	568827487572577
568827497715806	568827536784556	568827500630389
568829082973618	568829112097576	568829085734035
568829141198097	568829161785597	568829143987160
568829204782472	568829228161639	568829206998097
568829271550701	568829294481951	568829273801222
568829338624139	568829360823097	568829340860076
568829402098097	568829427180389	568829402806430


16666666
568815474357995	568815514267370	568815476120495
568815491039245	568815530844453	568815492297058
568815510054870	568815547442891	568815511816849
568815522112162	568815564030912	568815524143933
568815541264766	568815580614245	568815542601224
568815556691849	568815597187162	568815558628828
568815574651745	568815613771016	568815576580912
568815589072578	568815630376745	568815590086120
568815606010599	568815646950703	568815607321016
568815621264766	568815663521537	568815622682474
568815641786641	568815680103828	568815643136120
568815658068412	568815696678828	568815659248620
568815674771016	568815713274662	568815676755391
568815688076745	568815729859558	568815689334558
568815708595495	568815746440808	568815710207474
568815722189245	568815763024662	568815723335078
568815739082474	568815779580391	568815741155391
568815756802787	568815796176745	568815758242370
568815773576224	568815812763724	568815775411120
568815787887162	568815829343933	568815789241849
568815805968412	568815845951224	568815807831433
568815820180391	568815862507995	568815821438724
568815842081953	568815879209037	568815843456433
568815854857995	568815895698099	568815856225703
568815870944974	568815912297058	568815872227787
568815886718412	568815928863724	568815888172578
568815908065808	568815945443933	568815910002266
568815921512683	568815962021537	568815922887162
568815937670495	568815978605912	568815938733516
568815953276745	568815995411120	568815954572578
568815972777787	568816011765808	568815973902266
568815987167891	568816028350183	568815989215287
568816004882995	568816044933516	568816007078308
568816020372578	568816061509037	568816022212162
568816039627266	568816078112162	568816041272058
568816055440808	568816094675703	568816057082995
568816069640808	568816111260078	568816071742370
568816087814245	568816127835599	568816089678308
568816105327266	568816144427787	568816106996016
568816122707995	568816161039766	568816124677787
568816137155391	568816177583516	568816139012683
568816157084037	568816194175703	568816158400183
568816173270495	568816210756953	568816175227266
568816204502787	568816227324141	568816206641849
568816212375183	568816243914245	568816214786641
568816221516849	568816260498620	568816223980912
568816239076224	568816277077787	568816241565808
568816256285599	568816293666328	568816258773099
568816268908516	568816310241849	568816270463203
568816285769974	568816326834557	568816287400703
568816303130912	568816343450182	568816304692370
568816323118932	568816359990287	568816324862682
568816334826224	568816376596537	568816335869453
568816351562162	568816393171016	568816353252266
568816368497057	568816409754349	568816369991328
568816389952266	568816426348620	568816391500182
568816403391849	568816442921016	568816405082995
568816419819974	568816459512162	568816421737162
568816439130391	568816476071016	568816440616328
568816468429349	568816492677787	568816470378828
568816474873620	568816509226224	568816477320495
568816487643932	568816525821016	568816490026745
568816503636120	568816542400703	568816506051745
568816517961641	568816558968412	568816520098099
568816533729870	568816575564766	568816534904870
568816550372578	568816592132474	568816551384557
568816566293412	568816608726224	568816567420495
568816584131432	568816625312162	568816585889766
568816599145495	568816641901224	568816600656432
568816615348099	568816658504870	568816616583516
568816631983516	568816675075182	568816632986641
568816650494974	568816691635078	568816651928307
568816666948099	568816708216328	568816667940287
568816681697057	568816724841849	568816682972578
568816697392891	568816741405391	568816698728828
568816714823099	568816757972578	568816715923099
568816737031432	568816774553307	568816738146537
568816749735599	568816791152787	568816751161120
568816764798099	568816807723099	568816765943412
568816782094453	568816824327787	568816783621537
568816798234037	568816840912162	568816798875703
568816817386120	568816857475703	568816818431432
568816836826745	568816874074662	568816838521537
568816850864245	568816890644974	568816853179349
568816867353828	568816907218932	568816868395495
568816883448620	568816923792891	568816884665287
568816898340287	568816940360078	568816899457474
568816917504349	568816956955912	568816918667370
568816930963203	568816973546537	568816931942370
568816949716849	568816990484557	568816950973620
568816964191849	568817006722578	568816965216849
568817002576224	568817023282995	568817005444974
568817005845495	568817039880912	568817007788724
568817028682474	568817056455912	568817031193932
568817036247057	568817073047578	568817038785078
568817052427266	568817089631432	568817055151224
568817064323099	568817106198099	568817066266849
568817094350182	568817122789245	568817097019453
568817098661120	568817139367891	568817100631953
568817120256432	568817155948620	568817123978828
568817133449662	568817172519974	568817136154349
568817459933516	568817487565807	568817462656953
568817469768411	568817504146536	568817472334036
568817487196536	568817520756432	568817489149661
568817504074141	568817537346536	568817506718411
568817513782474	568817553895495	568817516468932
568817513782474	568817570796536	568817516468932
568817577050703	568817603652786	568817579318411
568817580728828	568817620212161	568817583475182
568817596653307	568817636832474	568817598875182
568817609810078	568817653368411	568817612714245
568819220453828	568819245265807	568819223010078
568819271967370	568819294948620	568819274776224
568819342064765	568819361312161	568819344933515
568819407938203	568819427640807	568819410776224
568819471635599	568819493977786	568819474207995
568819537048620	568819560343411	568819538102786
568827465643931	568827487474139	568827468424139
568827471856431	568827503647577	568827474648618
568827484500181	568827520198618	568827487572577
568827497715806	568827536784556	568827500630389
568829082973618	568829112097576	568829085734035
568829141198097	568829161785597	568829143987160
568829204782472	568829228161639	568829206998097
568829271550701	568829294481951	568829273801222
568829338624139	568829360823097	568829340860076
568829402098097	568829427180389	568829402806430


16666666
568815474357995	568815514267370	568815476120495
568815491039245	568815530844453	568815492297058
568815510054870	568815547442891	568815511816849
568815522112162	568815564030912	568815524143933
568815541264766	568815580614245	568815542601224
568815556691849	568815597187162	568815558628828
568815574651745	568815613771016	568815576580912
568815589072578	568815630376745	568815590086120
568815606010599	568815646950703	568815607321016
568815621264766	568815663521537	568815622682474
568815641786641	568815680103828	568815643136120
568815658068412	568815696678828	568815659248620
568815674771016	568815713274662	568815676755391
568815688076745	568815729859558	568815689334558
568815708595495	568815746440808	568815710207474
568815722189245	568815763024662	568815723335078
568815739082474	568815779580391	568815741155391
568815756802787	568815796176745	568815758242370
568815773576224	568815812763724	568815775411120
568815787887162	568815829343933	568815789241849
568815805968412	568815845951224	568815807831433
568815820180391	568815862507995	568815821438724
568815842081953	568815879209037	568815843456433
568815854857995	568815895698099	568815856225703
568815870944974	568815912297058	568815872227787
568815886718412	568815928863724	568815888172578
568815908065808	568815945443933	568815910002266
568815921512683	568815962021537	568815922887162
568815937670495	568815978605912	568815938733516
568815953276745	568815995411120	568815954572578
568815972777787	568816011765808	568815973902266
568815987167891	568816028350183	568815989215287
568816004882995	568816044933516	568816007078308
568816020372578	568816061509037	568816022212162
568816039627266	568816078112162	568816041272058
568816055440808	568816094675703	568816057082995
568816069640808	568816111260078	568816071742370
568816087814245	568816127835599	568816089678308
568816105327266	568816144427787	568816106996016
568816122707995	568816161039766	568816124677787
568816137155391	568816177583516	568816139012683
568816157084037	568816194175703	568816158400183
568816173270495	568816210756953	568816175227266
568816204502787	568816227324141	568816206641849
568816212375183	568816243914245	568816214786641
568816221516849	568816260498620	568816223980912
568816239076224	568816277077787	568816241565808
568816256285599	568816293666328	568816258773099
568816268908516	568816310241849	568816270463203
568816285769974	568816326834557	568816287400703
568816303130912	568816343450182	568816304692370
568816323118932	568816359990287	568816324862682
568816334826224	568816376596537	568816335869453
568816351562162	568816393171016	568816353252266
568816368497057	568816409754349	568816369991328
568816389952266	568816426348620	568816391500182
568816403391849	568816442921016	568816405082995
568816419819974	568816459512162	568816421737162
568816439130391	568816476071016	568816440616328
568816468429349	568816492677787	568816470378828
568816474873620	568816509226224	568816477320495
568816487643932	568816525821016	568816490026745
568816503636120	568816542400703	568816506051745
568816517961641	568816558968412	568816520098099
568816533729870	568816575564766	568816534904870
568816550372578	568816592132474	568816551384557
568816566293412	568816608726224	568816567420495
568816584131432	568816625312162	568816585889766
568816599145495	568816641901224	568816600656432
568816615348099	568816658504870	568816616583516
568816631983516	568816675075182	568816632986641
568816650494974	568816691635078	568816651928307
568816666948099	568816708216328	568816667940287
568816681697057	568816724841849	568816682972578
568816697392891	568816741405391	568816698728828
568816714823099	568816757972578	568816715923099
568816737031432	568816774553307	568816738146537
568816749735599	568816791152787	568816751161120
568816764798099	568816807723099	568816765943412
568816782094453	568816824327787	568816783621537
568816798234037	568816840912162	568816798875703
568816817386120	568816857475703	568816818431432
568816836826745	568816874074662	568816838521537
568816850864245	568816890644974	568816853179349
568816867353828	568816907218932	568816868395495
568816883448620	568816923792891	568816884665287
568816898340287	568816940360078	568816899457474
568816917504349	568816956955912	568816918667370
568816930963203	568816973546537	568816931942370
568816949716849	568816990484557	568816950973620
568816964191849	568817006722578	568816965216849
568817002576224	568817023282995	568817005444974
568817005845495	568817039880912	568817007788724
568817028682474	568817056455912	568817031193932
568817036247057	568817073047578	568817038785078
568817052427266	568817089631432	568817055151224
568817064323099	568817106198099	568817066266849
568817094350182	568817122789245	568817097019453
568817098661120	568817139367891	568817100631953
568817120256432	568817155948620	568817123978828
568817133449662	568817172519974	568817136154349
568817459933516	568817487565807	568817462656953
568817469768411	568817504146536	568817472334036
568817487196536	568817520756432	568817489149661
568817504074141	568817537346536	568817506718411
568817513782474	568817553895495	568817516468932
568817513782474	568817570796536	568817516468932
568817577050703	568817603652786	568817579318411
568817580728828	568817620212161	568817583475182
568817596653307	568817636832474	568817598875182
568817609810078	568817653368411	568817612714245
568819220453828	568819245265807	568819223010078
568819271967370	568819294948620	568819274776224
568819342064765	568819361312161	568819344933515
568819407938203	568819427640807	568819410776224
568819471635599	568819493977786	568819474207995
568819537048620	568819560343411	568819538102786
568827465643931	568827487474139	568827468424139
568827471856431	568827503647577	568827474648618
568827484500181	568827520198618	568827487572577
568827497715806	568827536784556	568827500630389
568829082973618	568829112097576	568829085734035
568829141198097	568829161785597	568829143987160
568829204782472	568829228161639	568829206998097
568829271550701	568829294481951	568829273801222
568829338624139	568829360823097	568829340860076
568829402098097	568829427180389	568829402806430


16666666
568815474357995	568815514267370	568815476120495
568815491039245	568815530844453	568815492297058
568815510054870	568815547442891	568815511816849
568815522112162	568815564030912	568815524143933
568815541264766	568815580614245	568815542601224
568815556691849	568815597187162	568815558628828
568815574651745	568815613771016	568815576580912
568815589072578	568815630376745	568815590086120
568815606010599	568815646950703	568815607321016
568815621264766	568815663521537	568815622682474
568815641786641	568815680103828	568815643136120
568815658068412	568815696678828	568815659248620
568815674771016	568815713274662	568815676755391
568815688076745	568815729859558	568815689334558
568815708595495	568815746440808	568815710207474
568815722189245	568815763024662	568815723335078
568815739082474	568815779580391	568815741155391
568815756802787	568815796176745	568815758242370
568815773576224	568815812763724	568815775411120
568815787887162	568815829343933	568815789241849
568815805968412	568815845951224	568815807831433
568815820180391	568815862507995	568815821438724
568815842081953	568815879209037	568815843456433
568815854857995	568815895698099	568815856225703
568815870944974	568815912297058	568815872227787
568815886718412	568815928863724	568815888172578
568815908065808	568815945443933	568815910002266
568815921512683	568815962021537	568815922887162
568815937670495	568815978605912	568815938733516
568815953276745	568815995411120	568815954572578
568815972777787	568816011765808	568815973902266
568815987167891	568816028350183	568815989215287
568816004882995	568816044933516	568816007078308
568816020372578	568816061509037	568816022212162
568816039627266	568816078112162	568816041272058
568816055440808	568816094675703	568816057082995
568816069640808	568816111260078	568816071742370
568816087814245	568816127835599	568816089678308
568816105327266	568816144427787	568816106996016
568816122707995	568816161039766	568816124677787
568816137155391	568816177583516	568816139012683
568816157084037	568816194175703	568816158400183
568816173270495	568816210756953	568816175227266
568816204502787	568816227324141	568816206641849
568816212375183	568816243914245	568816214786641
568816221516849	568816260498620	568816223980912
568816239076224	568816277077787	568816241565808
568816256285599	568816293666328	568816258773099
568816268908516	568816310241849	568816270463203
568816285769974	568816326834557	568816287400703
568816303130912	568816343450182	568816304692370
568816323118932	568816359990287	568816324862682
568816334826224	568816376596537	568816335869453
568816351562162	568816393171016	568816353252266
568816368497057	568816409754349	568816369991328
568816389952266	568816426348620	568816391500182
568816403391849	568816442921016	568816405082995
568816419819974	568816459512162	568816421737162
568816439130391	568816476071016	568816440616328
568816468429349	568816492677787	568816470378828
568816474873620	568816509226224	568816477320495
568816487643932	568816525821016	568816490026745
568816503636120	568816542400703	568816506051745
568816517961641	568816558968412	568816520098099
568816533729870	568816575564766	568816534904870
568816550372578	568816592132474	568816551384557
568816566293412	568816608726224	568816567420495
568816584131432	568816625312162	568816585889766
568816599145495	568816641901224	568816600656432
568816615348099	568816658504870	568816616583516
568816631983516	568816675075182	568816632986641
568816650494974	568816691635078	568816651928307
568816666948099	568816708216328	568816667940287
568816681697057	568816724841849	568816682972578
568816697392891	568816741405391	568816698728828
568816714823099	568816757972578	568816715923099
568816737031432	568816774553307	568816738146537
568816749735599	568816791152787	568816751161120
568816764798099	568816807723099	568816765943412
568816782094453	568816824327787	568816783621537
568816798234037	568816840912162	568816798875703
568816817386120	568816857475703	568816818431432
568816836826745	568816874074662	568816838521537
568816850864245	568816890644974	568816853179349
568816867353828	568816907218932	568816868395495
568816883448620	568816923792891	568816884665287
568816898340287	568816940360078	568816899457474
568816917504349	568816956955912	568816918667370
568816930963203	568816973546537	568816931942370
568816949716849	568816990484557	568816950973620
568816964191849	568817006722578	568816965216849
568817002576224	568817023282995	568817005444974
568817005845495	568817039880912	568817007788724
568817028682474	568817056455912	568817031193932
568817036247057	568817073047578	568817038785078
568817052427266	568817089631432	568817055151224
568817064323099	568817106198099	568817066266849
568817094350182	568817122789245	568817097019453
568817098661120	568817139367891	568817100631953
568817120256432	568817155948620	568817123978828
568817133449662	568817172519974	568817136154349
568817459933516	568817487565807	568817462656953
568817469768411	568817504146536	568817472334036
568817487196536	568817520756432	568817489149661
568817504074141	568817537346536	568817506718411
568817513782474	568817553895495	568817516468932
568817513782474	568817570796536	568817516468932
568817577050703	568817603652786	568817579318411
568817580728828	568817620212161	568817583475182
568817596653307	568817636832474	568817598875182
568817609810078	568817653368411	568817612714245
568819220453828	568819245265807	568819223010078
568819271967370	568819294948620	568819274776224
568819342064765	568819361312161	568819344933515
568819407938203	568819427640807	568819410776224
568819471635599	568819493977786	568819474207995
568819537048620	568819560343411	568819538102786
568827465643931	568827487474139	568827468424139
568827471856431	568827503647577	568827474648618
568827484500181	568827520198618	568827487572577
568827497715806	568827536784556	568827500630389
568829082973618	568829112097576	568829085734035
568829141198097	568829161785597	568829143987160
568829204782472	568829228161639	568829206998097
568829271550701	568829294481951	568829273801222
568829338624139	568829360823097	568829340860076
568829402098097	568829427180389	568829402806430


16666666
568913256753293	568913297714230	568913258543397
568913273142876	568913314285064	568913274687147
568913294524126	568913330886626	568913295826209
568913304917876	568913347451730	568913306261105
568913323001209	568913364040793	568913324740272
568913339941834	568913380640793	568913341732459
568913356267876	568913397203293	568913358636626
568913374854334	568913413788189	568913376943918
568913392763709	568913430363189	568913394187668
568913406186626	568913446937147	568913407255376
568913427907459	568913463519439	568913429079855
568913440721522	568913480249126	568913442216834
568913457412668	568913496653293	568913459361105
568913473876730	568913513250688	568913475505376
568913493058501	568913529829855	568913494716834
568913507822563	568913546436105	568913509736626
568913525034022	568913562987147	568913526498605
568913539216313	568913579561626	568913541125168
568913560335063	568913596180376	568913562240793
568913573331418	568913612708501	568913575399647
568913589782980	568913629297043	568913591188709
568913608508501	568913645882980	568913610404855
568913628448084	568913662450168	568913630273084
568913640879855	568913679017876	568913642593918
568913653551730	568913695613709	568913656427772
568913668987147	568913712192355	568913670612668
568913691849647	568913728772043	568913693868397
568913706118397	568913745344438	568913708074126
568913723476209	568913761935063	568913725452772
568913737256938	568913778516834	568913738516834
568913756836105	568913795075688	568913758601730
568913772332980	568913811672563	568913774121522
568913787015272	568913828278293	568913788517876
568913804776730	568913844817355	568913806599647
568913822767876	568913861404855	568913824867355
568913837928293	568913877989751	568913839924126
568913853581938	568913894575168	568913855034022
568913868225688	568913911137668	568913869644959
568913889793397	568913927709022	568913890876209
568913903156938	568913944299126	568913904525168
568913919393918	568913960886105	568913920911105
568913936137147	568913977507459	568913938087668
568913954434543	568913994047043	568913956053293
568913969677251	568914010615272	568913971711626
568913985473084	568914027210584	568913986793397
568914005260584	568914043817355	568914006926730
568914025513709	568914060361105	568914027239230
568914038241313	568914076934543	568914039866313
568914052767876	568914093573084	568914054798605
568914069671001	568914110078293	568914070817355
568914086320480	568914126669959	568914088196001
568914105823084	568914143235584	568914107591313
568914119667876	568914159812147	568914121542355
568914136589751	568914176408501	568914138137147
568914155727251	568914192991313	568914157857980
568914168228293	568914209570480	568914169522563
568914186386626	568914226166834	568914188381938
568914202143397	568914242720480	568914203685063
568914221309543	568914259325688	568914222706418
568914236986626	568914275899126	568914238581938
568914250716834	568914292475168	568914251986105
568914269072043	568914309053293	568914270852251
568914285011105	568914325627772	568914286766313
568914304749647	568914342205897	568914306292876
568914318963709	568914358786626	568914320659022
568914335575688	568914375366313	568914336688709
568914354323605	568914391932980	568914356291313
568914366351209	568914408518397	568914367740272
568914382280376	568914425116313	568914383677772
568914400260063	568914441678293	568914401598084
568914417554855	568914458259022	568914419306418
568914433665793	568914474815793	568914435549647
568914449795480	568914491401730	568914451132459
568914468423605	568914507991313	568914470207459
568914482503813	568914524566834	568914484340793
568914500316313	568914541137668	568914502258501
568914514789230	568914557711105	568914516140272
568914532603813	568914574305376	568914534285063
568914547998084	568914591314230	568914549379334
568914565809543	568914607455897	568914567652251
568914582215272	568914624042355	568914583701730
568914598839230	568914640617355	568914600186626
568914616159022	568914657192355	568914618037147
568914635648084	568914673772563	568914637676209
568914647843397	568914690351730	568914649177251
568914664930897	568914706969438	568914666460584
568914681214230	568914723575688	568914682717876
568914698952251	568914740101730	568914700936626
568914721088709	568914756686626	568914723264230
568914735686626	568914773274126	568914737779334
568914748698084	568914789845480	568914750789230
568914770731938	568914806420480	568914772561105
568914782657980	568914822998084	568914784619959
568914801672042	568914839584022	568914803792355
568914818140792	568914856156417	568914820299126
568914836705897	568914872731417	568914838889230
568914850234542	568914889319438	568914852398605
568914868779855	568914905906417	568914870583501
568914884671001	568914922465272	568914886730376
568914902894959	568914939050167	568914904174647
568914916586105	568914955634022	568914918732980
568914932616313	568914972200167	568914934403813
568914949654334	568914988784542	568914951316834
568914966404855	568915005364230	568914968269959
568914986881938	568915021944959	568914988316313
568914999332980	568915038528292	568915001260063
568915018059022	568915055196001	568915020174647
568915034624647	568915071677251	568915036236105
568915054437667	568915088238709	568915056753292
568915067524647	568915104829855	568915068791834
568915083143917	568915121412667	568915084789751
568915098498605	568915138027251	568915100228292
568915118165272	568915154594959	568915119977251
568915129924647	568915171151209	568915131146001
568915147236626	568915187724647	568915148559022
568915164082459	568915204269959	568915165610584
568915184602772	568915220848084	568915186554334
568915199332459	568915237435584	568915201381938
568915212224647	568915254035584	568915214171001
568915229872042	568915270603813	568915231879855
568915247219438	568915287178813	568915249225167
568915264782459	568915303749126	568915266112667
568915280160063	568915320344959	568915281522563
568915295226209	568915336913709	568915296618397
568915316471001	568915353491834	568915317894959
568915330157459	568915370112667	568915332176730
568915348898605	9223372036854775807	568915350892355


16666666
568919606005375	568919647136625	568919607426729
568919623902771	568919663715271	568919625579854
568919641278813	568919680269958	568919642570479
568919658539229	568919696879854	568919660488188
568919671835583	568919713435063	568919673535583
568919692136104	568919730027771	568919693765271
568919706220479	568919746596521	568919707528292
568919723279854	568919763579854	568919724252771
568919738145479	568919779750688	568919739426208
568919758927771	568919796361625	568919760155896
568919771581417	568919812897042	568919772982979
568919787896521	568919829501729	568919789875688
568919806739229	568919846048604	568919808546521
568919823666833	568919862624646	568919825214229
568919842067354	568919879234542	568919843978813
568919854857979	568919895771000	568919856191833
568919872625688	568919912350167	568919874527250
568919892482979	568919928918917	568919894053813
568919906146521	568919945505896	568919907089750
568919922411104	568919962066313	568919923765271
568919938685063	568919978650688	568919940681417
568919959316833	568919995221521	568919960584542
568919970812146	568920011794958	568919972326729
568919988857458	568920028379854	568919990609021
568920004614750	568920044958500	568920007697042
568920023628813	568920061535062	568920025494438
568920039557458	568920078110583	568920041575687
568920055804333	568920094687146	568920057675167
568920072996521	568920111229854	568920074801729
568920093035062	568920128009021	568920094307458
568920104197042	568920144404333	568920105996521
568920121078812	568920160982458	568920122506417
568920137518396	568920177554854	568920139446000
568920155346521	568920194122562	568920155976729
568920170470479	568920210706937	568920171861625
568920186203292	568920227276208	568920187679333
568920203234021	568920243835062	568920204935583
568920221712667	568920260409021	568920223736625
568920237655375	568920276997042	568920239574125
568920253309542	568920293572042	568920255629854
568920268877771	568920310138708	568920270254854
568920290177771	568920326728292	568920292253292
568920302485062	568920343276208	568920303764229
568920318313708	568920359873083	568920319605375
568920336364229	568920376444958	568920338368917
568920356162146	568920393013708	568920357167875
568920371817875	568920409592875	568920373514750
568920396540792	568920426151729	568920399032458
568920407615271	568920442717354	568920410117875
568920418417875	568920459298604	568920420402250
568920434707979	568920475880375	568920437248604
568920451386104	568920492502771	568920453892875
568920467093917	568920509013708	568920469191833
568920483638708	568920525594437	568920485206417
568920501904854	568920542167875	568920503154854
568920516843917	568920558741833	568920518688708
568920532202250	568920575322042	568920533371000
568920548829854	568920591955896	568920549981417
568920570299125	568920608489229	568920571967875
568920605908500	568920625057458	568920608329333
568920611323604	568920641896000	568920613910583
568920633295479	568920658196521	568920636092354
568920649330896	568920674771521	568920651795479
568920664104333	568920691367354	568920665672042
568920683078292	568920707942875	568920684420479
568920697872042	568920724521521	568920699042875
568920714897042	568920741140792	568920715996000
568920732202250	568920757687146	568920733104333
568920754405896	568920774246521	568920756107979
568920764659542	568920790838708	568920766128292
568920783311104	568920807427771	568920784363708
568920801805375	568920823991833	568920803644958
568920815843396	568920840572562	568920816946521
568920832931417	568920857144437	568920834658500
568920847692875	568920873751208	568920849222562
568920863896521	568920890335583	568920865182458
568920889327250	568920906878812	568920890633500
568920897027771	568920923462667	568920898894958
568920914025167	568920940055375	568920915221000
568920930928812	568920956627250	568920931781417
568920952046000	568920973172042	568920953795479
568920963972562	568920989744958	568920965869437
568921018343917	568921039473604	568921020174125
568921025189750	568921056066833	568921027662146
568921052773604	568921072663187	568921054415792
568921060857979	568921089186104	568921063166312
568921075497562	568921105768917	568921078141833
568921085463708	568921122331937	568921087836104
568921105318396	568921138938708	568921107855896
568921117814229	568921155532458	568921120433500
568921134509541	568921172105896	568921136707458
568921147751729	568921188662146	568921148952250
568921169197041	568921205212146	568921170901729
568921198362146	568921221815271	568921201092354
568921201281937	568921238363708	568921203179854
568921219706416	568921254947562	568921222153291
568921233167354	568921271519437	568921235674646
568921247176208	568921288082458	568921249673083
568921264500166	568921304661104	568921266985062
568921277161104	568921321242354	568921279050166
568921295400687	568921337810062	568921297037666
568921319376729	568921354982458	568921323207458
568921329433500	568921370972041	568921332101208
568921329433500	568921619653291	568921332101208
568921630179333	568921652766833	568921632633500
568921650123083	568921669348604	568921652220479
568921661886104	568921685954333	568921664733500
568921672124125	568921702509541	568921674962146
568921690839750	568921719069437	568921693325166
568921694903812	568921735644958	568921697196521
568921710194958	568921752231937	568921713154333
568923310279854	568923327277249	568923312985062
568923374494958	568923393577770	568923377219437
568923438058499	568923459911624	568923440859541
568923505257458	568923526236624	568923508221520
568923571799645	568923592591312	568923573988708
568923633355895	568923658922562	568923633943395
568931495606415	568931518367873	568931498258498
568931503725165	568931534945477	568931507063186
568931514302248	568931551572561	568931516469957
568931527960061	568931568107457	568931530680894
568933105111623	568933126786102	568933107736102
568933168869956	568933193086623	568933171710060
568933235674123	568933259434540	568933237895477
568933302774123	568933325787665	568933305041831
568933367894435	568933392078810	568933370187665
568933433908498	568933458390269	568933434399644


16666666
568919606005375	568919647136625	568919607426729
568919623902771	568919663715271	568919625579854
568919641278813	568919680269958	568919642570479
568919658539229	568919696879854	568919660488188
568919671835583	568919713435063	568919673535583
568919692136104	568919730027771	568919693765271
568919706220479	568919746596521	568919707528292
568919723279854	568919763579854	568919724252771
568919738145479	568919779750688	568919739426208
568919758927771	568919796361625	568919760155896
568919771581417	568919812897042	568919772982979
568919787896521	568919829501729	568919789875688
568919806739229	568919846048604	568919808546521
568919823666833	568919862624646	568919825214229
568919842067354	568919879234542	568919843978813
568919854857979	568919895771000	568919856191833
568919872625688	568919912350167	568919874527250
568919892482979	568919928918917	568919894053813
568919906146521	568919945505896	568919907089750
568919922411104	568919962066313	568919923765271
568919938685063	568919978650688	568919940681417
568919959316833	568919995221521	568919960584542
568919970812146	568920011794958	568919972326729
568919988857458	568920028379854	568919990609021
568920004614750	568920044958500	568920007697042
568920023628813	568920061535062	568920025494438
568920039557458	568920078110583	568920041575687
568920055804333	568920094687146	568920057675167
568920072996521	568920111229854	568920074801729
568920093035062	568920128009021	568920094307458
568920104197042	568920144404333	568920105996521
568920121078812	568920160982458	568920122506417
568920137518396	568920177554854	568920139446000
568920155346521	568920194122562	568920155976729
568920170470479	568920210706937	568920171861625
568920186203292	568920227276208	568920187679333
568920203234021	568920243835062	568920204935583
568920221712667	568920260409021	568920223736625
568920237655375	568920276997042	568920239574125
568920253309542	568920293572042	568920255629854
568920268877771	568920310138708	568920270254854
568920290177771	568920326728292	568920292253292
568920302485062	568920343276208	568920303764229
568920318313708	568920359873083	568920319605375
568920336364229	568920376444958	568920338368917
568920356162146	568920393013708	568920357167875
568920371817875	568920409592875	568920373514750
568920396540792	568920426151729	568920399032458
568920407615271	568920442717354	568920410117875
568920418417875	568920459298604	568920420402250
568920434707979	568920475880375	568920437248604
568920451386104	568920492502771	568920453892875
568920467093917	568920509013708	568920469191833
568920483638708	568920525594437	568920485206417
568920501904854	568920542167875	568920503154854
568920516843917	568920558741833	568920518688708
568920532202250	568920575322042	568920533371000
568920548829854	568920591955896	568920549981417
568920570299125	568920608489229	568920571967875
568920605908500	568920625057458	568920608329333
568920611323604	568920641896000	568920613910583
568920633295479	568920658196521	568920636092354
568920649330896	568920674771521	568920651795479
568920664104333	568920691367354	568920665672042
568920683078292	568920707942875	568920684420479
568920697872042	568920724521521	568920699042875
568920714897042	568920741140792	568920715996000
568920732202250	568920757687146	568920733104333
568920754405896	568920774246521	568920756107979
568920764659542	568920790838708	568920766128292
568920783311104	568920807427771	568920784363708
568920801805375	568920823991833	568920803644958
568920815843396	568920840572562	568920816946521
568920832931417	568920857144437	568920834658500
568920847692875	568920873751208	568920849222562
568920863896521	568920890335583	568920865182458
568920889327250	568920906878812	568920890633500
568920897027771	568920923462667	568920898894958
568920914025167	568920940055375	568920915221000
568920930928812	568920956627250	568920931781417
568920952046000	568920973172042	568920953795479
568920963972562	568920989744958	568920965869437
568921018343917	568921039473604	568921020174125
568921025189750	568921056066833	568921027662146
568921052773604	568921072663187	568921054415792
568921060857979	568921089186104	568921063166312
568921075497562	568921105768917	568921078141833
568921085463708	568921122331937	568921087836104
568921105318396	568921138938708	568921107855896
568921117814229	568921155532458	568921120433500
568921134509541	568921172105896	568921136707458
568921147751729	568921188662146	568921148952250
568921169197041	568921205212146	568921170901729
568921198362146	568921221815271	568921201092354
568921201281937	568921238363708	568921203179854
568921219706416	568921254947562	568921222153291
568921233167354	568921271519437	568921235674646
568921247176208	568921288082458	568921249673083
568921264500166	568921304661104	568921266985062
568921277161104	568921321242354	568921279050166
568921295400687	568921337810062	568921297037666
568921319376729	568921354982458	568921323207458
568921329433500	568921370972041	568921332101208
568921329433500	568921619653291	568921332101208
568921630179333	568921652766833	568921632633500
568921650123083	568921669348604	568921652220479
568921661886104	568921685954333	568921664733500
568921672124125	568921702509541	568921674962146
568921690839750	568921719069437	568921693325166
568921694903812	568921735644958	568921697196521
568921710194958	568921752231937	568921713154333
568923310279854	568923327277249	568923312985062
568923374494958	568923393577770	568923377219437
568923438058499	568923459911624	568923440859541
568923505257458	568923526236624	568923508221520
568923571799645	568923592591312	568923573988708
568923633355895	568923658922562	568923633943395
568931495606415	568931518367873	568931498258498
568931503725165	568931534945477	568931507063186
568931514302248	568931551572561	568931516469957
568931527960061	568931568107457	568931530680894
568933105111623	568933126786102	568933107736102
568933168869956	568933193086623	568933171710060
568933235674123	568933259434540	568933237895477
568933302774123	568933325787665	568933305041831
568933367894435	568933392078810	568933370187665
568933433908498	568933458390269	568933434399644


16666666
568919606005375	568919647136625	568919607426729
568919623902771	568919663715271	568919625579854
568919641278813	568919680269958	568919642570479
568919658539229	568919696879854	568919660488188
568919671835583	568919713435063	568919673535583
568919692136104	568919730027771	568919693765271
568919706220479	568919746596521	568919707528292
568919723279854	568919763579854	568919724252771
568919738145479	568919779750688	568919739426208
568919758927771	568919796361625	568919760155896
568919771581417	568919812897042	568919772982979
568919787896521	568919829501729	568919789875688
568919806739229	568919846048604	568919808546521
568919823666833	568919862624646	568919825214229
568919842067354	568919879234542	568919843978813
568919854857979	568919895771000	568919856191833
568919872625688	568919912350167	568919874527250
568919892482979	568919928918917	568919894053813
568919906146521	568919945505896	568919907089750
568919922411104	568919962066313	568919923765271
568919938685063	568919978650688	568919940681417
568919959316833	568919995221521	568919960584542
568919970812146	568920011794958	568919972326729
568919988857458	568920028379854	568919990609021
568920004614750	568920044958500	568920007697042
568920023628813	568920061535062	568920025494438
568920039557458	568920078110583	568920041575687
568920055804333	568920094687146	568920057675167
568920072996521	568920111229854	568920074801729
568920093035062	568920128009021	568920094307458
568920104197042	568920144404333	568920105996521
568920121078812	568920160982458	568920122506417
568920137518396	568920177554854	568920139446000
568920155346521	568920194122562	568920155976729
568920170470479	568920210706937	568920171861625
568920186203292	568920227276208	568920187679333
568920203234021	568920243835062	568920204935583
568920221712667	568920260409021	568920223736625
568920237655375	568920276997042	568920239574125
568920253309542	568920293572042	568920255629854
568920268877771	568920310138708	568920270254854
568920290177771	568920326728292	568920292253292
568920302485062	568920343276208	568920303764229
568920318313708	568920359873083	568920319605375
568920336364229	568920376444958	568920338368917
568920356162146	568920393013708	568920357167875
568920371817875	568920409592875	568920373514750
568920396540792	568920426151729	568920399032458
568920407615271	568920442717354	568920410117875
568920418417875	568920459298604	568920420402250
568920434707979	568920475880375	568920437248604
568920451386104	568920492502771	568920453892875
568920467093917	568920509013708	568920469191833
568920483638708	568920525594437	568920485206417
568920501904854	568920542167875	568920503154854
568920516843917	568920558741833	568920518688708
568920532202250	568920575322042	568920533371000
568920548829854	568920591955896	568920549981417
568920570299125	568920608489229	568920571967875
568920605908500	568920625057458	568920608329333
568920611323604	568920641896000	568920613910583
568920633295479	568920658196521	568920636092354
568920649330896	568920674771521	568920651795479
568920664104333	568920691367354	568920665672042
568920683078292	568920707942875	568920684420479
568920697872042	568920724521521	568920699042875
568920714897042	568920741140792	568920715996000
568920732202250	568920757687146	568920733104333
568920754405896	568920774246521	568920756107979
568920764659542	568920790838708	568920766128292
568920783311104	568920807427771	568920784363708
568920801805375	568920823991833	568920803644958
568920815843396	568920840572562	568920816946521
568920832931417	568920857144437	568920834658500
568920847692875	568920873751208	568920849222562
568920863896521	568920890335583	568920865182458
568920889327250	568920906878812	568920890633500
568920897027771	568920923462667	568920898894958
568920914025167	568920940055375	568920915221000
568920930928812	568920956627250	568920931781417
568920952046000	568920973172042	568920953795479
568920963972562	568920989744958	568920965869437
568921018343917	568921039473604	568921020174125
568921025189750	568921056066833	568921027662146
568921052773604	568921072663187	568921054415792
568921060857979	568921089186104	568921063166312
568921075497562	568921105768917	568921078141833
568921085463708	568921122331937	568921087836104
568921105318396	568921138938708	568921107855896
568921117814229	568921155532458	568921120433500
568921134509541	568921172105896	568921136707458
568921147751729	568921188662146	568921148952250
568921169197041	568921205212146	568921170901729
568921198362146	568921221815271	568921201092354
568921201281937	568921238363708	568921203179854
568921219706416	568921254947562	568921222153291
568921233167354	568921271519437	568921235674646
568921247176208	568921288082458	568921249673083
568921264500166	568921304661104	568921266985062
568921277161104	568921321242354	568921279050166
568921295400687	568921337810062	568921297037666
568921319376729	568921354982458	568921323207458
568921329433500	568921370972041	568921332101208
568921329433500	568921619653291	568921332101208
568921630179333	568921652766833	568921632633500
568921650123083	568921669348604	568921652220479
568921661886104	568921685954333	568921664733500
568921672124125	568921702509541	568921674962146
568921690839750	568921719069437	568921693325166
568921694903812	568921735644958	568921697196521
568921710194958	568921752231937	568921713154333
568923310279854	568923327277249	568923312985062
568923374494958	568923393577770	568923377219437
568923438058499	568923459911624	568923440859541
568923505257458	568923526236624	568923508221520
568923571799645	568923592591312	568923573988708
568923633355895	568923658922562	568923633943395
568931495606415	568931518367873	568931498258498
568931503725165	568931534945477	568931507063186
568931514302248	568931551572561	568931516469957
568931527960061	568931568107457	568931530680894
568933105111623	568933126786102	568933107736102
568933168869956	568933193086623	568933171710060
568933235674123	568933259434540	568933237895477
568933302774123	568933325787665	568933305041831
568933367894435	568933392078810	568933370187665
568933433908498	568933458390269	568933434399644


16666666
568919606005375	568919647136625	568919607426729
568919623902771	568919663715271	568919625579854
568919641278813	568919680269958	568919642570479
568919658539229	568919696879854	568919660488188
568919671835583	568919713435063	568919673535583
568919692136104	568919730027771	568919693765271
568919706220479	568919746596521	568919707528292
568919723279854	568919763579854	568919724252771
568919738145479	568919779750688	568919739426208
568919758927771	568919796361625	568919760155896
568919771581417	568919812897042	568919772982979
568919787896521	568919829501729	568919789875688
568919806739229	568919846048604	568919808546521
568919823666833	568919862624646	568919825214229
568919842067354	568919879234542	568919843978813
568919854857979	568919895771000	568919856191833
568919872625688	568919912350167	568919874527250
568919892482979	568919928918917	568919894053813
568919906146521	568919945505896	568919907089750
568919922411104	568919962066313	568919923765271
568919938685063	568919978650688	568919940681417
568919959316833	568919995221521	568919960584542
568919970812146	568920011794958	568919972326729
568919988857458	568920028379854	568919990609021
568920004614750	568920044958500	568920007697042
568920023628813	568920061535062	568920025494438
568920039557458	568920078110583	568920041575687
568920055804333	568920094687146	568920057675167
568920072996521	568920111229854	568920074801729
568920093035062	568920128009021	568920094307458
568920104197042	568920144404333	568920105996521
568920121078812	568920160982458	568920122506417
568920137518396	568920177554854	568920139446000
568920155346521	568920194122562	568920155976729
568920170470479	568920210706937	568920171861625
568920186203292	568920227276208	568920187679333
568920203234021	568920243835062	568920204935583
568920221712667	568920260409021	568920223736625
568920237655375	568920276997042	568920239574125
568920253309542	568920293572042	568920255629854
568920268877771	568920310138708	568920270254854
568920290177771	568920326728292	568920292253292
568920302485062	568920343276208	568920303764229
568920318313708	568920359873083	568920319605375
568920336364229	568920376444958	568920338368917
568920356162146	568920393013708	568920357167875
568920371817875	568920409592875	568920373514750
568920396540792	568920426151729	568920399032458
568920407615271	568920442717354	568920410117875
568920418417875	568920459298604	568920420402250
568920434707979	568920475880375	568920437248604
568920451386104	568920492502771	568920453892875
568920467093917	568920509013708	568920469191833
568920483638708	568920525594437	568920485206417
568920501904854	568920542167875	568920503154854
568920516843917	568920558741833	568920518688708
568920532202250	568920575322042	568920533371000
568920548829854	568920591955896	568920549981417
568920570299125	568920608489229	568920571967875
568920605908500	568920625057458	568920608329333
568920611323604	568920641896000	568920613910583
568920633295479	568920658196521	568920636092354
568920649330896	568920674771521	568920651795479
568920664104333	568920691367354	568920665672042
568920683078292	568920707942875	568920684420479
568920697872042	568920724521521	568920699042875
568920714897042	568920741140792	568920715996000
568920732202250	568920757687146	568920733104333
568920754405896	568920774246521	568920756107979
568920764659542	568920790838708	568920766128292
568920783311104	568920807427771	568920784363708
568920801805375	568920823991833	568920803644958
568920815843396	568920840572562	568920816946521
568920832931417	568920857144437	568920834658500
568920847692875	568920873751208	568920849222562
568920863896521	568920890335583	568920865182458
568920889327250	568920906878812	568920890633500
568920897027771	568920923462667	568920898894958
568920914025167	568920940055375	568920915221000
568920930928812	568920956627250	568920931781417
568920952046000	568920973172042	568920953795479
568920963972562	568920989744958	568920965869437
568921018343917	568921039473604	568921020174125
568921025189750	568921056066833	568921027662146
568921052773604	568921072663187	568921054415792
568921060857979	568921089186104	568921063166312
568921075497562	568921105768917	568921078141833
568921085463708	568921122331937	568921087836104
568921105318396	568921138938708	568921107855896
568921117814229	568921155532458	568921120433500
568921134509541	568921172105896	568921136707458
568921147751729	568921188662146	568921148952250
568921169197041	568921205212146	568921170901729
568921198362146	568921221815271	568921201092354
568921201281937	568921238363708	568921203179854
568921219706416	568921254947562	568921222153291
568921233167354	568921271519437	568921235674646
568921247176208	568921288082458	568921249673083
568921264500166	568921304661104	568921266985062
568921277161104	568921321242354	568921279050166
568921295400687	568921337810062	568921297037666
568921319376729	568921354982458	568921323207458
568921329433500	568921370972041	568921332101208
568921329433500	568921619653291	568921332101208
568921630179333	568921652766833	568921632633500
568921650123083	568921669348604	568921652220479
568921661886104	568921685954333	568921664733500
568921672124125	568921702509541	568921674962146
568921690839750	568921719069437	568921693325166
568921694903812	568921735644958	568921697196521
568921710194958	568921752231937	568921713154333
568923310279854	568923327277249	568923312985062
568923374494958	568923393577770	568923377219437
568923438058499	568923459911624	568923440859541
568923505257458	568923526236624	568923508221520
568923571799645	568923592591312	568923573988708
568923633355895	568923658922562	568923633943395
568931495606415	568931518367873	568931498258498
568931503725165	568931534945477	568931507063186
568931514302248	568931551572561	568931516469957
568931527960061	568931568107457	568931530680894
568933105111623	568933126786102	568933107736102
568933168869956	568933193086623	568933171710060
568933235674123	568933259434540	568933237895477
568933302774123	568933325787665	568933305041831
568933367894435	568933392078810	568933370187665
568933433908498	568933458390269	568933434399644


16666666
568919606005375	568919647136625	568919607426729
568919623902771	568919663715271	568919625579854
568919641278813	568919680269958	568919642570479
568919658539229	568919696879854	568919660488188
568919671835583	568919713435063	568919673535583
568919692136104	568919730027771	568919693765271
568919706220479	568919746596521	568919707528292
568919723279854	568919763579854	568919724252771
568919738145479	568919779750688	568919739426208
568919758927771	568919796361625	568919760155896
568919771581417	568919812897042	568919772982979
568919787896521	568919829501729	568919789875688
568919806739229	568919846048604	568919808546521
568919823666833	568919862624646	568919825214229
568919842067354	568919879234542	568919843978813
568919854857979	568919895771000	568919856191833
568919872625688	568919912350167	568919874527250
568919892482979	568919928918917	568919894053813
568919906146521	568919945505896	568919907089750
568919922411104	568919962066313	568919923765271
568919938685063	568919978650688	568919940681417
568919959316833	568919995221521	568919960584542
568919970812146	568920011794958	568919972326729
568919988857458	568920028379854	568919990609021
568920004614750	568920044958500	568920007697042
568920023628813	568920061535062	568920025494438
568920039557458	568920078110583	568920041575687
568920055804333	568920094687146	568920057675167
568920072996521	568920111229854	568920074801729
568920093035062	568920128009021	568920094307458
568920104197042	568920144404333	568920105996521
568920121078812	568920160982458	568920122506417
568920137518396	568920177554854	568920139446000
568920155346521	568920194122562	568920155976729
568920170470479	568920210706937	568920171861625
568920186203292	568920227276208	568920187679333
568920203234021	568920243835062	568920204935583
568920221712667	568920260409021	568920223736625
568920237655375	568920276997042	568920239574125
568920253309542	568920293572042	568920255629854
568920268877771	568920310138708	568920270254854
568920290177771	568920326728292	568920292253292
568920302485062	568920343276208	568920303764229
568920318313708	568920359873083	568920319605375
568920336364229	568920376444958	568920338368917
568920356162146	568920393013708	568920357167875
568920371817875	568920409592875	568920373514750
568920396540792	568920426151729	568920399032458
568920407615271	568920442717354	568920410117875
568920418417875	568920459298604	568920420402250
568920434707979	568920475880375	568920437248604
568920451386104	568920492502771	568920453892875
568920467093917	568920509013708	568920469191833
568920483638708	568920525594437	568920485206417
568920501904854	568920542167875	568920503154854
568920516843917	568920558741833	568920518688708
568920532202250	568920575322042	568920533371000
568920548829854	568920591955896	568920549981417
568920570299125	568920608489229	568920571967875
568920605908500	568920625057458	568920608329333
568920611323604	568920641896000	568920613910583
568920633295479	568920658196521	568920636092354
568920649330896	568920674771521	568920651795479
568920664104333	568920691367354	568920665672042
568920683078292	568920707942875	568920684420479
568920697872042	568920724521521	568920699042875
568920714897042	568920741140792	568920715996000
568920732202250	568920757687146	568920733104333
568920754405896	568920774246521	568920756107979
568920764659542	568920790838708	568920766128292
568920783311104	568920807427771	568920784363708
568920801805375	568920823991833	568920803644958
568920815843396	568920840572562	568920816946521
568920832931417	568920857144437	568920834658500
568920847692875	568920873751208	568920849222562
568920863896521	568920890335583	568920865182458
568920889327250	568920906878812	568920890633500
568920897027771	568920923462667	568920898894958
568920914025167	568920940055375	568920915221000
568920930928812	568920956627250	568920931781417
568920952046000	568920973172042	568920953795479
568920963972562	568920989744958	568920965869437
568921018343917	568921039473604	568921020174125
568921025189750	568921056066833	568921027662146
568921052773604	568921072663187	568921054415792
568921060857979	568921089186104	568921063166312
568921075497562	568921105768917	568921078141833
568921085463708	568921122331937	568921087836104
568921105318396	568921138938708	568921107855896
568921117814229	568921155532458	568921120433500
568921134509541	568921172105896	568921136707458
568921147751729	568921188662146	568921148952250
568921169197041	568921205212146	568921170901729
568921198362146	568921221815271	568921201092354
568921201281937	568921238363708	568921203179854
568921219706416	568921254947562	568921222153291
568921233167354	568921271519437	568921235674646
568921247176208	568921288082458	568921249673083
568921264500166	568921304661104	568921266985062
568921277161104	568921321242354	568921279050166
568921295400687	568921337810062	568921297037666
568921319376729	568921354982458	568921323207458
568921329433500	568921370972041	568921332101208
568921329433500	568921619653291	568921332101208
568921630179333	568921652766833	568921632633500
568921650123083	568921669348604	568921652220479
568921661886104	568921685954333	568921664733500
568921672124125	568921702509541	568921674962146
568921690839750	568921719069437	568921693325166
568921694903812	568921735644958	568921697196521
568921710194958	568921752231937	568921713154333
568923310279854	568923327277249	568923312985062
568923374494958	568923393577770	568923377219437
568923438058499	568923459911624	568923440859541
568923505257458	568923526236624	568923508221520
568923571799645	568923592591312	568923573988708
568923633355895	568923658922562	568923633943395
568931495606415	568931518367873	568931498258498
568931503725165	568931534945477	568931507063186
568931514302248	568931551572561	568931516469957
568931527960061	568931568107457	568931530680894
568933105111623	568933126786102	568933107736102
568933168869956	568933193086623	568933171710060
568933235674123	568933259434540	568933237895477
568933302774123	568933325787665	568933305041831
568933367894435	568933392078810	568933370187665
568933433908498	568933458390269	568933434399644


16666666
568919606005375	568919647136625	568919607426729
568919623902771	568919663715271	568919625579854
568919641278813	568919680269958	568919642570479
568919658539229	568919696879854	568919660488188
568919671835583	568919713435063	568919673535583
568919692136104	568919730027771	568919693765271
568919706220479	568919746596521	568919707528292
568919723279854	568919763579854	568919724252771
568919738145479	568919779750688	568919739426208
568919758927771	568919796361625	568919760155896
568919771581417	568919812897042	568919772982979
568919787896521	568919829501729	568919789875688
568919806739229	568919846048604	568919808546521
568919823666833	568919862624646	568919825214229
568919842067354	568919879234542	568919843978813
568919854857979	568919895771000	568919856191833
568919872625688	568919912350167	568919874527250
568919892482979	568919928918917	568919894053813
568919906146521	568919945505896	568919907089750
568919922411104	568919962066313	568919923765271
568919938685063	568919978650688	568919940681417
568919959316833	568919995221521	568919960584542
568919970812146	568920011794958	568919972326729
568919988857458	568920028379854	568919990609021
568920004614750	568920044958500	568920007697042
568920023628813	568920061535062	568920025494438
568920039557458	568920078110583	568920041575687
568920055804333	568920094687146	568920057675167
568920072996521	568920111229854	568920074801729
568920093035062	568920128009021	568920094307458
568920104197042	568920144404333	568920105996521
568920121078812	568920160982458	568920122506417
568920137518396	568920177554854	568920139446000
568920155346521	568920194122562	568920155976729
568920170470479	568920210706937	568920171861625
568920186203292	568920227276208	568920187679333
568920203234021	568920243835062	568920204935583
568920221712667	568920260409021	568920223736625
568920237655375	568920276997042	568920239574125
568920253309542	568920293572042	568920255629854
568920268877771	568920310138708	568920270254854
568920290177771	568920326728292	568920292253292
568920302485062	568920343276208	568920303764229
568920318313708	568920359873083	568920319605375
568920336364229	568920376444958	568920338368917
568920356162146	568920393013708	568920357167875
568920371817875	568920409592875	568920373514750
568920396540792	568920426151729	568920399032458
568920407615271	568920442717354	568920410117875
568920418417875	568920459298604	568920420402250
568920434707979	568920475880375	568920437248604
568920451386104	568920492502771	568920453892875
568920467093917	568920509013708	568920469191833
568920483638708	568920525594437	568920485206417
568920501904854	568920542167875	568920503154854
568920516843917	568920558741833	568920518688708
568920532202250	568920575322042	568920533371000
568920548829854	568920591955896	568920549981417
568920570299125	568920608489229	568920571967875
568920605908500	568920625057458	568920608329333
568920611323604	568920641896000	568920613910583
568920633295479	568920658196521	568920636092354
568920649330896	568920674771521	568920651795479
568920664104333	568920691367354	568920665672042
568920683078292	568920707942875	568920684420479
568920697872042	568920724521521	568920699042875
568920714897042	568920741140792	568920715996000
568920732202250	568920757687146	568920733104333
568920754405896	568920774246521	568920756107979
568920764659542	568920790838708	568920766128292
568920783311104	568920807427771	568920784363708
568920801805375	568920823991833	568920803644958
568920815843396	568920840572562	568920816946521
568920832931417	568920857144437	568920834658500
568920847692875	568920873751208	568920849222562
568920863896521	568920890335583	568920865182458
568920889327250	568920906878812	568920890633500
568920897027771	568920923462667	568920898894958
568920914025167	568920940055375	568920915221000
568920930928812	568920956627250	568920931781417
568920952046000	568920973172042	568920953795479
568920963972562	568920989744958	568920965869437
568921018343917	568921039473604	568921020174125
568921025189750	568921056066833	568921027662146
568921052773604	568921072663187	568921054415792
568921060857979	568921089186104	568921063166312
568921075497562	568921105768917	568921078141833
568921085463708	568921122331937	568921087836104
568921105318396	568921138938708	568921107855896
568921117814229	568921155532458	568921120433500
568921134509541	568921172105896	568921136707458
568921147751729	568921188662146	568921148952250
568921169197041	568921205212146	568921170901729
568921198362146	568921221815271	568921201092354
568921201281937	568921238363708	568921203179854
568921219706416	568921254947562	568921222153291
568921233167354	568921271519437	568921235674646
568921247176208	568921288082458	568921249673083
568921264500166	568921304661104	568921266985062
568921277161104	568921321242354	568921279050166
568921295400687	568921337810062	568921297037666
568921319376729	568921354982458	568921323207458
568921329433500	568921370972041	568921332101208
568921329433500	568921619653291	568921332101208
568921630179333	568921652766833	568921632633500
568921650123083	568921669348604	568921652220479
568921661886104	568921685954333	568921664733500
568921672124125	568921702509541	568921674962146
568921690839750	568921719069437	568921693325166
568921694903812	568921735644958	568921697196521
568921710194958	568921752231937	568921713154333
568923310279854	568923327277249	568923312985062
568923374494958	568923393577770	568923377219437
568923438058499	568923459911624	568923440859541
568923505257458	568923526236624	568923508221520
568923571799645	568923592591312	568923573988708
568923633355895	568923658922562	568923633943395
568931495606415	568931518367873	568931498258498
568931503725165	568931534945477	568931507063186
568931514302248	568931551572561	568931516469957
568931527960061	568931568107457	568931530680894
568933105111623	568933126786102	568933107736102
568933168869956	568933193086623	568933171710060
568933235674123	568933259434540	568933237895477
568933302774123	568933325787665	568933305041831
568933367894435	568933392078810	568933370187665
568933433908498	568933458390269	568933434399644


