--------- beginning of main
08-30 13:43:24.910 I/AnebProbe(22981): ADAPTER_EVT type=content cls=androidx.drawerlayout.widget.DrawerLayout desc=null txt_len=0 pkg=com.larus.nova t_boot_ns=646973941494250
08-30 13:43:25.010 I/AnebProbe(22981): ADAPTER_EVT type=content cls=androidx.drawerlayout.widget.DrawerLayout desc=null txt_len=0 pkg=com.larus.nova t_boot_ns=646974041764562
08-30 13:44:01.268 I/AnebProbe(22981): ADAPTER_EVT type=click cls=android.widget.ImageView desc=对话列表 txt_len=4 pkg=com.larus.nova t_boot_ns=647010299615077
08-30 13:44:01.269 I/AnebProbe(22981): ADAPTER_OBS pkg=com.larus.nova mode=doubao events=7 rule_matched=3 first_delta_ms=0 cadence_p50_ms=100.9 session_span_ms=750.3 confidence=LOW/INCONCLUSIVE reason=throttle ttft_send_ms=null anchor_source=null ttft_cluster_ms=null ttft_density_ms=null
08-30 13:44:01.396 I/AnebProbe(22981): ADAPTER_EVT type=content cls=androidx.drawerlayout.widget.DrawerLayout desc=null txt_len=0 pkg=com.larus.nova t_boot_ns=647010427477056
08-30 13:44:01.512 I/AnebProbe(22981): ADAPTER_EVT type=content cls=androidx.drawerlayout.widget.DrawerLayout desc=null txt_len=0 pkg=com.larus.nova t_boot_ns=647010543182786
08-30 13:44:01.627 I/AnebProbe(22981): ADAPTER_EVT type=content cls=androidx.drawerlayout.widget.DrawerLayout desc=null txt_len=0 pkg=com.larus.nova t_boot_ns=647010658834869
08-30 13:44:01.713 I/AnebProbe(22981): ADAPTER_EVT type=content cls=androidx.drawerlayout.widget.DrawerLayout desc=null txt_len=0 pkg=com.larus.nova t_boot_ns=647010744241640
08-30 13:44:01.834 I/AnebProbe(22981): ADAPTER_EVT type=content cls=androidx.recyclerview.widget.RecyclerView desc=null txt_len=0 pkg=com.larus.nova t_boot_ns=647010865071848
08-30 13:44:01.933 I/AnebProbe(22981): ADAPTER_EVT type=content cls=androidx.recyclerview.widget.RecyclerView desc=null txt_len=0 pkg=com.larus.nova t_boot_ns=647010964915598
08-30 13:44:02.994 I/AnebProbe(22981): ADAPTER_EVT type=click cls=android.widget.ImageView desc=创建新对话 txt_len=5 pkg=com.larus.nova t_boot_ns=647012026082785
08-30 13:44:02.998 I/AnebProbe(22981): ADAPTER_EVT type=content cls=android.widget.FrameLayout desc=null txt_len=0 pkg=com.larus.nova t_boot_ns=647012029214556
08-30 13:44:03.275 I/AnebProbe(22981): ADAPTER_EVT type=content cls=androidx.drawerlayout.widget.DrawerLayout desc=null txt_len=0 pkg=com.larus.nova t_boot_ns=647012306242160
08-30 13:44:03.443 I/AnebProbe(22981): ADAPTER_EVT type=content cls=androidx.drawerlayout.widget.DrawerLayout desc=null txt_len=0 pkg=com.larus.nova t_boot_ns=647012474893202
08-30 13:44:03.453 I/AnebProbe(22981): ADAPTER_EVT type=content cls=androidx.drawerlayout.widget.DrawerLayout desc=null txt_len=0 pkg=com.larus.nova t_boot_ns=647012484223410
08-30 13:44:03.518 I/AnebProbe(22981): ADAPTER_EVT type=content cls=android.view.ViewGroup desc=null txt_len=0 pkg=com.larus.nova t_boot_ns=647012549730181
08-30 13:44:03.615 I/AnebProbe(22981): ADAPTER_EVT type=content cls=android.view.ViewGroup desc=null txt_len=0 pkg=com.larus.nova t_boot_ns=647012646534869
08-30 13:44:03.716 I/AnebProbe(22981): ADAPTER_EVT type=content cls=android.view.ViewGroup desc=null txt_len=0 pkg=com.larus.nova t_boot_ns=647012747741119
08-30 13:44:03.839 I/AnebProbe(22981): ADAPTER_EVT type=content cls=androidx.drawerlayout.widget.DrawerLayout desc=null txt_len=0 pkg=com.larus.nova t_boot_ns=647012870064556
08-30 13:44:04.094 I/AnebProbe(22981): ADAPTER_EVT type=content cls=androidx.recyclerview.widget.RecyclerView desc=null txt_len=0 pkg=com.larus.nova t_boot_ns=647013124970285
08-30 13:44:04.190 I/AnebProbe(22981): ADAPTER_EVT type=content cls=android.view.ViewGroup desc=null txt_len=0 pkg=com.larus.nova t_boot_ns=647013221124452
08-30 13:44:04.290 I/AnebProbe(22981): ADAPTER_EVT type=content cls=android.view.ViewGroup desc=null txt_len=0 pkg=com.larus.nova t_boot_ns=647013321351535
08-30 13:44:04.552 I/AnebProbe(22981): ADAPTER_EVT type=content cls=android.view.ViewGroup desc=null txt_len=0 pkg=com.larus.nova t_boot_ns=647013583383827
08-30 13:44:04.651 I/AnebProbe(22981): ADAPTER_EVT type=content cls=android.view.ViewGroup desc=null txt_len=0 pkg=com.larus.nova t_boot_ns=647013682823410
08-30 13:44:04.765 I/AnebProbe(22981): ADAPTER_EVT type=content cls=android.view.ViewGroup desc=null txt_len=0 pkg=com.larus.nova t_boot_ns=647013796268723
08-30 13:44:04.865 I/AnebProbe(22981): ADAPTER_EVT type=content cls=android.view.ViewGroup desc=null txt_len=0 pkg=com.larus.nova t_boot_ns=647013896157264
08-30 13:44:04.983 I/AnebProbe(22981): ADAPTER_EVT type=content cls=android.view.ViewGroup desc=null txt_len=0 pkg=com.larus.nova t_boot_ns=647014014642160
08-30 13:44:05.092 I/AnebProbe(22981): ADAPTER_EVT type=content cls=androidx.drawerlayout.widget.DrawerLayout desc=null txt_len=0 pkg=com.larus.nova t_boot_ns=647014123247889
08-30 13:44:05.191 I/AnebProbe(22981): ADAPTER_EVT type=content cls=android.view.ViewGroup desc=null txt_len=0 pkg=com.larus.nova t_boot_ns=647014222807264
08-30 13:44:05.314 I/AnebProbe(22981): ADAPTER_EVT type=content cls=android.view.ViewGroup desc=null txt_len=0 pkg=com.larus.nova t_boot_ns=647014344727577
08-30 13:44:05.953 I/AnebProbe(22981): ADAPTER_EVT type=content cls=android.view.ViewGroup desc=新对话，打开设置页 txt_len=0 pkg=com.larus.nova t_boot_ns=647014984461431
08-30 13:44:06.070 I/AnebProbe(22981): ADAPTER_EVT type=content cls=android.view.ViewGroup desc=null txt_len=0 pkg=com.larus.nova t_boot_ns=647015101843722
08-30 13:44:06.178 I/AnebProbe(22981): ADAPTER_EVT type=content cls=android.view.ViewGroup desc=null txt_len=0 pkg=com.larus.nova t_boot_ns=647015209072889
08-30 13:44:06.293 I/AnebProbe(22981): ADAPTER_EVT type=content cls=android.view.ViewGroup desc=null txt_len=0 pkg=com.larus.nova t_boot_ns=647015324653618
08-30 13:44:06.294 I/AnebProbe(22981): ADAPTER_OBS pkg=com.larus.nova mode=doubao events=36 rule_matched=6 first_delta_ms=0 cadence_p50_ms=113.4 session_span_ms=42033.1 confidence=LOW/INCONCLUSIVE reason=throttle ttft_send_ms=null anchor_source=null ttft_cluster_ms=null ttft_density_ms=null
08-30 13:44:06.409 I/AnebProbe(22981): ADAPTER_EVT type=content cls=android.view.ViewGroup desc=null txt_len=0 pkg=com.larus.nova t_boot_ns=647015440470285
08-30 13:44:06.521 I/AnebProbe(22981): ADAPTER_EVT type=content cls=android.view.ViewGroup desc=null txt_len=0 pkg=com.larus.nova t_boot_ns=647015552770806
08-30 13:44:06.622 I/AnebProbe(22981): ADAPTER_EVT type=content cls=android.view.ViewGroup desc=null txt_len=0 pkg=com.larus.nova t_boot_ns=647015654005702
08-30 13:44:06.739 I/AnebProbe(22981): ADAPTER_EVT type=content cls=android.view.ViewGroup desc=null txt_len=0 pkg=com.larus.nova t_boot_ns=647015769877056
08-30 13:44:06.851 I/AnebProbe(22981): ADAPTER_EVT type=content cls=android.view.ViewGroup desc=null txt_len=0 pkg=com.larus.nova t_boot_ns=647015882296326
08-30 13:44:06.955 I/AnebProbe(22981): ADAPTER_EVT type=content cls=android.view.ViewGroup desc=null txt_len=0 pkg=com.larus.nova t_boot_ns=647015985289035
08-30 13:44:07.069 I/AnebProbe(22981): ADAPTER_EVT type=content cls=android.view.ViewGroup desc=null txt_len=0 pkg=com.larus.nova t_boot_ns=647016099951535
08-30 13:44:07.173 I/AnebProbe(22981): ADAPTER_EVT type=content cls=android.view.ViewGroup desc=null txt_len=0 pkg=com.larus.nova t_boot_ns=647016203735910
08-30 13:44:07.274 I/AnebProbe(22981): ADAPTER_EVT type=content cls=android.view.ViewGroup desc=null txt_len=0 pkg=com.larus.nova t_boot_ns=647016304855701
08-30 13:44:07.337 I/AnebProbe(22981): ADAPTER_EVT type=content cls=android.view.ViewGroup desc=null txt_len=0 pkg=com.larus.nova t_boot_ns=647016367963514
08-30 13:44:07.337 I/AnebProbe(22981): ADAPTER_EVT type=content cls=android.widget.EditText desc=null txt_len=1 pkg=com.larus.nova t_boot_ns=647016368414035
08-30 13:44:07.352 I/AnebProbe(22981): ADAPTER_EVT type=content cls=android.view.ViewGroup desc=null txt_len=0 pkg=com.larus.nova t_boot_ns=647016382941118
08-30 13:44:07.388 I/AnebProbe(22981): ADAPTER_EVT type=content cls=android.view.ViewGroup desc=null txt_len=0 pkg=com.larus.nova t_boot_ns=647016419479139
08-30 13:44:07.388 I/AnebProbe(22981): ADAPTER_EVT type=content cls=android.widget.EditText desc=null txt_len=2 pkg=com.larus.nova t_boot_ns=647016419930701
08-30 13:44:07.410 I/AnebProbe(22981): ADAPTER_EVT type=content cls=android.widget.EditText desc=null txt_len=3 pkg=com.larus.nova t_boot_ns=647016441504139
08-30 13:44:07.432 I/AnebProbe(22981): ADAPTER_EVT type=content cls=android.view.ViewGroup desc=null txt_len=0 pkg=com.larus.nova t_boot_ns=647016462941118
08-30 13:44:07.432 I/AnebProbe(22981): ADAPTER_EVT type=content cls=android.widget.EditText desc=null txt_len=4 pkg=com.larus.nova t_boot_ns=647016463382785
08-30 13:44:07.457 I/AnebProbe(22981): ADAPTER_EVT type=content cls=android.view.ViewGroup desc=null txt_len=0 pkg=com.larus.nova t_boot_ns=647016488151535
08-30 13:44:07.457 I/AnebProbe(22981): ADAPTER_EVT type=content cls=android.widget.EditText desc=null txt_len=5 pkg=com.larus.nova t_boot_ns=647016488676014
08-30 13:44:07.475 I/AnebProbe(22981): ADAPTER_EVT type=content cls=android.widget.EditText desc=null txt_len=6 pkg=com.larus.nova t_boot_ns=647016506741118
08-30 13:44:07.498 I/AnebProbe(22981): ADAPTER_EVT type=content cls=android.view.ViewGroup desc=null txt_len=0 pkg=com.larus.nova t_boot_ns=647016529233306
08-30 13:44:07.498 I/AnebProbe(22981): ADAPTER_EVT type=content cls=android.widget.EditText desc=null txt_len=7 pkg=com.larus.nova t_boot_ns=647016529684868
08-30 13:44:07.523 I/AnebProbe(22981): ADAPTER_EVT type=content cls=android.view.ViewGroup desc=null txt_len=0 pkg=com.larus.nova t_boot_ns=647016554619243
08-30 13:44:07.524 I/AnebProbe(22981): ADAPTER_EVT type=content cls=android.widget.EditText desc=null txt_len=8 pkg=com.larus.nova t_boot_ns=647016555093722
08-30 13:44:07.549 I/AnebProbe(22981): ADAPTER_EVT type=content cls=android.view.ViewGroup desc=null txt_len=0 pkg=com.larus.nova t_boot_ns=647016580189035
08-30 13:44:07.549 I/AnebProbe(22981): ADAPTER_EVT type=content cls=android.widget.EditText desc=null txt_len=9 pkg=com.larus.nova t_boot_ns=647016580703097
08-30 13:44:07.574 I/AnebProbe(22981): ADAPTER_EVT type=content cls=android.widget.EditText desc=null txt_len=10 pkg=com.larus.nova t_boot_ns=647016605254660
08-30 13:44:07.599 I/AnebProbe(22981): ADAPTER_EVT type=content cls=android.view.ViewGroup desc=null txt_len=0 pkg=com.larus.nova t_boot_ns=647016630250493
08-30 13:44:07.599 I/AnebProbe(22981): ADAPTER_EVT type=content cls=android.widget.EditText desc=null txt_len=11 pkg=com.larus.nova t_boot_ns=647016630675493
08-30 13:44:07.625 I/AnebProbe(22981): ADAPTER_EVT type=content cls=android.view.ViewGroup desc=null txt_len=0 pkg=com.larus.nova t_boot_ns=647016656252056
08-30 13:44:07.625 I/AnebProbe(22981): ADAPTER_EVT type=content cls=android.widget.EditText desc=null txt_len=12 pkg=com.larus.nova t_boot_ns=647016656676014
08-30 13:44:07.649 I/AnebProbe(22981): ADAPTER_EVT type=content cls=android.view.ViewGroup desc=null txt_len=0 pkg=com.larus.nova t_boot_ns=647016679939035
08-30 13:44:07.649 I/AnebProbe(22981): ADAPTER_EVT type=content cls=android.widget.EditText desc=null txt_len=13 pkg=com.larus.nova t_boot_ns=647016680456222
08-30 13:44:07.670 I/AnebProbe(22981): ADAPTER_EVT type=content cls=android.widget.EditText desc=null txt_len=14 pkg=com.larus.nova t_boot_ns=647016701651014
08-30 13:44:07.693 I/AnebProbe(22981): ADAPTER_EVT type=content cls=android.view.ViewGroup desc=null txt_len=0 pkg=com.larus.nova t_boot_ns=647016724250493
08-30 13:44:07.693 I/AnebProbe(22981): ADAPTER_EVT type=content cls=android.widget.EditText desc=null txt_len=15 pkg=com.larus.nova t_boot_ns=647016724659868
08-30 13:44:07.723 I/AnebProbe(22981): ADAPTER_EVT type=content cls=android.view.ViewGroup desc=null txt_len=0 pkg=com.larus.nova t_boot_ns=647016754151014
08-30 13:44:07.723 I/AnebProbe(22981): ADAPTER_EVT type=content cls=android.widget.EditText desc=null txt_len=16 pkg=com.larus.nova t_boot_ns=647016754707785
08-30 13:44:07.747 I/AnebProbe(22981): ADAPTER_EVT type=content cls=android.view.ViewGroup desc=null txt_len=0 pkg=com.larus.nova t_boot_ns=647016778630181
08-30 13:44:07.748 I/AnebProbe(22981): ADAPTER_EVT type=content cls=android.widget.EditText desc=null txt_len=17 pkg=com.larus.nova t_boot_ns=647016779062472
08-30 13:44:07.766 I/AnebProbe(22981): ADAPTER_EVT type=content cls=android.widget.EditText desc=null txt_len=18 pkg=com.larus.nova t_boot_ns=647016797806222
08-30 13:44:07.790 I/AnebProbe(22981): ADAPTER_EVT type=content cls=android.view.ViewGroup desc=null txt_len=0 pkg=com.larus.nova t_boot_ns=647016821576535
08-30 13:44:07.790 I/AnebProbe(22981): ADAPTER_EVT type=content cls=android.widget.EditText desc=null txt_len=19 pkg=com.larus.nova t_boot_ns=647016821942680
08-30 13:44:07.814 I/AnebProbe(22981): ADAPTER_EVT type=content cls=android.view.ViewGroup desc=null txt_len=0 pkg=com.larus.nova t_boot_ns=647016845618201
08-30 13:44:07.814 I/AnebProbe(22981): ADAPTER_EVT type=content cls=android.widget.EditText desc=null txt_len=20 pkg=com.larus.nova t_boot_ns=647016846017160
08-30 13:44:07.833 I/AnebProbe(22981): ADAPTER_EVT type=content cls=android.widget.EditText desc=null txt_len=21 pkg=com.larus.nova t_boot_ns=647016864365076
08-30 13:44:07.856 I/AnebProbe(22981): ADAPTER_EVT type=content cls=android.view.ViewGroup desc=null txt_len=0 pkg=com.larus.nova t_boot_ns=647016887411430
08-30 13:44:07.857 I/AnebProbe(22981): ADAPTER_EVT type=content cls=android.widget.EditText desc=null txt_len=22 pkg=com.larus.nova t_boot_ns=647016888079660
08-30 13:44:07.881 I/AnebProbe(22981): ADAPTER_EVT type=content cls=android.view.ViewGroup desc=null txt_len=0 pkg=com.larus.nova t_boot_ns=647016912457785
08-30 13:44:07.882 I/AnebProbe(22981): ADAPTER_EVT type=content cls=android.widget.EditText desc=null txt_len=23 pkg=com.larus.nova t_boot_ns=647016912889555
08-30 13:44:07.899 I/AnebProbe(22981): ADAPTER_EVT type=content cls=android.widget.EditText desc=null txt_len=24 pkg=com.larus.nova t_boot_ns=647016930982264
08-30 13:44:07.919 I/AnebProbe(22981): ADAPTER_EVT type=content cls=android.view.ViewGroup desc=null txt_len=0 pkg=com.larus.nova t_boot_ns=647016950717680
08-30 13:44:07.920 I/AnebProbe(22981): ADAPTER_EVT type=content cls=android.widget.EditText desc=null txt_len=25 pkg=com.larus.nova t_boot_ns=647016951802055
08-30 13:44:07.936 I/AnebProbe(22981): ADAPTER_EVT type=content cls=android.widget.EditText desc=null txt_len=26 pkg=com.larus.nova t_boot_ns=647016967576014
08-30 13:44:08.041 I/AnebProbe(22981): ADAPTER_EVT type=content cls=android.view.ViewGroup desc=null txt_len=0 pkg=com.larus.nova t_boot_ns=647017072405701
08-30 13:44:08.476 I/AnebProbe(22981): ADAPTER_EVT type=content cls=android.view.ViewGroup desc=新对话，打开设置页 txt_len=0 pkg=com.larus.nova t_boot_ns=647017507402576
08-30 13:44:08.572 I/AnebProbe(22981): ADAPTER_EVT type=content cls=android.view.ViewGroup desc=null txt_len=0 pkg=com.larus.nova t_boot_ns=647017603817680
08-30 13:44:08.977 I/AnebProbe(22981): ADAPTER_EVT type=content cls=android.view.ViewGroup desc=新对话，打开设置页 txt_len=0 pkg=com.larus.nova t_boot_ns=647018008706743
08-30 13:44:09.079 I/AnebProbe(22981): ADAPTER_EVT type=content cls=android.view.ViewGroup desc=null txt_len=0 pkg=com.larus.nova t_boot_ns=647018109911430
08-30 13:44:09.186 I/AnebProbe(22981): ADAPTER_EVT type=content cls=android.view.ViewGroup desc=null txt_len=0 pkg=com.larus.nova t_boot_ns=647018217343201
08-30 13:44:09.287 I/AnebProbe(22981): ADAPTER_EVT type=content cls=android.view.ViewGroup desc=null txt_len=0 pkg=com.larus.nova t_boot_ns=647018318464555
08-30 13:44:09.414 I/AnebProbe(22981): ADAPTER_EVT type=content cls=android.view.ViewGroup desc=null txt_len=0 pkg=com.larus.nova t_boot_ns=647018444857264
08-30 13:44:09.514 I/AnebProbe(22981): ADAPTER_EVT type=content cls=android.view.ViewGroup desc=null txt_len=0 pkg=com.larus.nova t_boot_ns=647018545222889
08-30 13:44:09.965 I/AnebE4MARK(27360): E4MARK kind=turn_start n=1
08-30 13:44:09.985 I/AnebProbe(22981): ADAPTER_EVT type=content cls=android.view.ViewGroup desc=新对话，打开设置页 txt_len=0 pkg=com.larus.nova t_boot_ns=647019015905701
08-30 13:44:10.108 I/AnebProbe(22981): ADAPTER_EVT type=content cls=android.view.ViewGroup desc=null txt_len=0 pkg=com.larus.nova t_boot_ns=647019139261430
08-30 13:44:10.157 I/AnebProbe(22981): ADAPTER_EVT type=content cls=android.view.ViewGroup desc=null txt_len=0 pkg=com.larus.nova t_boot_ns=647019188806222
08-30 13:44:10.289 I/AnebProbe(22981): ADAPTER_EVT type=content cls=android.view.ViewGroup desc=null txt_len=0 pkg=com.larus.nova t_boot_ns=647019320661951
08-30 13:44:10.542 I/AnebProbe(22981): ADAPTER_EVT type=content cls=androidx.drawerlayout.widget.DrawerLayout desc=null txt_len=0 pkg=com.larus.nova t_boot_ns=647019573119243
08-30 13:44:10.641 I/AnebProbe(22981): ADAPTER_EVT type=content cls=androidx.drawerlayout.widget.DrawerLayout desc=null txt_len=0 pkg=com.larus.nova t_boot_ns=647019672855701
08-30 13:44:10.818 I/AnebProbe(22981): ADAPTER_EVT type=content cls=androidx.drawerlayout.widget.DrawerLayout desc=null txt_len=0 pkg=com.larus.nova t_boot_ns=647019849578618
08-30 13:44:10.922 I/AnebProbe(22981): ADAPTER_EVT type=content cls=androidx.drawerlayout.widget.DrawerLayout desc=null txt_len=0 pkg=com.larus.nova t_boot_ns=647019953063513
08-30 13:44:11.023 I/AnebProbe(22981): ADAPTER_EVT type=content cls=androidx.recyclerview.widget.RecyclerView desc=null txt_len=0 pkg=com.larus.nova t_boot_ns=647020054547888
08-30 13:44:11.127 I/AnebProbe(22981): ADAPTER_EVT type=content cls=androidx.drawerlayout.widget.DrawerLayout desc=null txt_len=0 pkg=com.larus.nova t_boot_ns=647020158577055
08-30 13:44:11.227 I/AnebProbe(22981): ADAPTER_EVT type=content cls=androidx.drawerlayout.widget.DrawerLayout desc=null txt_len=0 pkg=com.larus.nova t_boot_ns=647020258397888
08-30 13:44:11.576 I/AnebProbe(22981): ADAPTER_EVT type=content cls=android.widget.FrameLayout desc=打电话 txt_len=0 pkg=com.larus.nova t_boot_ns=647020607110909
08-30 13:44:11.578 I/AnebProbe(22981): ADAPTER_OBS pkg=com.larus.nova mode=doubao events=111 rule_matched=7 first_delta_ms=0 cadence_p50_ms=99.6 session_span_ms=47315.6 confidence=LOW/INCONCLUSIVE reason=throttle ttft_send_ms=null anchor_source=null ttft_cluster_ms=435.0 ttft_density_ms=900.0
08-30 13:44:11.675 I/AnebProbe(22981): ADAPTER_EVT type=content cls=android.view.ViewGroup desc=null txt_len=0 pkg=com.larus.nova t_boot_ns=647020706339555
08-30 13:44:11.874 I/AnebProbe(22981): ADAPTER_EVT type=content cls=androidx.drawerlayout.widget.DrawerLayout desc=null txt_len=0 pkg=com.larus.nova t_boot_ns=647020904697367
08-30 13:44:11.972 I/AnebProbe(22981): ADAPTER_EVT type=content cls=androidx.drawerlayout.widget.DrawerLayout desc=null txt_len=0 pkg=com.larus.nova t_boot_ns=647021003893722
08-30 13:44:12.317 I/AnebProbe(22981): ADAPTER_EVT type=content cls=androidx.recyclerview.widget.RecyclerView desc=null txt_len=0 pkg=com.larus.nova t_boot_ns=647021348152055
08-30 13:44:12.462 I/AnebProbe(22981): ADAPTER_EVT type=content cls=androidx.recyclerview.widget.RecyclerView desc=null txt_len=0 pkg=com.larus.nova t_boot_ns=647021493735909
08-30 13:44:12.597 I/AnebProbe(22981): ADAPTER_EVT type=content cls=androidx.recyclerview.widget.RecyclerView desc=null txt_len=0 pkg=com.larus.nova t_boot_ns=647021628061430
08-30 13:44:12.733 I/AnebProbe(22981): ADAPTER_EVT type=content cls=androidx.drawerlayout.widget.DrawerLayout desc=null txt_len=0 pkg=com.larus.nova t_boot_ns=647021764273409
08-30 13:44:12.846 I/AnebProbe(22981): ADAPTER_EVT type=content cls=androidx.drawerlayout.widget.DrawerLayout desc=null txt_len=0 pkg=com.larus.nova t_boot_ns=647021877457784
08-30 13:44:12.954 I/AnebProbe(22981): ADAPTER_EVT type=content cls=androidx.recyclerview.widget.RecyclerView desc=null txt_len=0 pkg=com.larus.nova t_boot_ns=647021984768721
08-30 13:44:13.061 I/AnebProbe(22981): ADAPTER_EVT type=content cls=androidx.drawerlayout.widget.DrawerLayout desc=null txt_len=0 pkg=com.larus.nova t_boot_ns=647022092731221
08-30 13:44:13.161 I/AnebProbe(22981): ADAPTER_EVT type=content cls=androidx.drawerlayout.widget.DrawerLayout desc=null txt_len=0 pkg=com.larus.nova t_boot_ns=647022191944242
08-30 13:44:13.268 I/AnebProbe(22981): ADAPTER_EVT type=content cls=androidx.recyclerview.widget.RecyclerView desc=null txt_len=0 pkg=com.larus.nova t_boot_ns=647022299691638
08-30 13:44:13.368 I/AnebProbe(22981): ADAPTER_EVT type=content cls=androidx.recyclerview.widget.RecyclerView desc=null txt_len=0 pkg=com.larus.nova t_boot_ns=647022399502055
08-30 13:44:13.493 I/AnebProbe(22981): ADAPTER_EVT type=content cls=androidx.recyclerview.widget.RecyclerView desc=null txt_len=0 pkg=com.larus.nova t_boot_ns=647022524349450
08-30 13:44:13.611 I/AnebProbe(22981): ADAPTER_EVT type=content cls=androidx.recyclerview.widget.RecyclerView desc=null txt_len=0 pkg=com.larus.nova t_boot_ns=647022641898930
08-30 13:44:13.725 I/AnebProbe(22981): ADAPTER_EVT type=content cls=androidx.recyclerview.widget.RecyclerView desc=null txt_len=0 pkg=com.larus.nova t_boot_ns=647022756092680
08-30 13:44:13.840 I/AnebProbe(22981): ADAPTER_EVT type=content cls=androidx.recyclerview.widget.RecyclerView desc=null txt_len=0 pkg=com.larus.nova t_boot_ns=647022871646325
08-30 13:44:13.949 I/AnebProbe(22981): ADAPTER_EVT type=content cls=androidx.recyclerview.widget.RecyclerView desc=null txt_len=0 pkg=com.larus.nova t_boot_ns=647022980416638
08-30 13:44:14.054 I/AnebProbe(22981): ADAPTER_EVT type=content cls=androidx.recyclerview.widget.RecyclerView desc=null txt_len=0 pkg=com.larus.nova t_boot_ns=647023085592680
08-30 13:44:14.167 I/AnebProbe(22981): ADAPTER_EVT type=content cls=androidx.recyclerview.widget.RecyclerView desc=null txt_len=0 pkg=com.larus.nova t_boot_ns=647023198702055
08-30 13:44:14.268 I/AnebProbe(22981): ADAPTER_EVT type=content cls=androidx.recyclerview.widget.RecyclerView desc=null txt_len=0 pkg=com.larus.nova t_boot_ns=647023299826534
08-30 13:44:14.376 I/AnebProbe(22981): ADAPTER_EVT type=content cls=androidx.recyclerview.widget.RecyclerView desc=null txt_len=0 pkg=com.larus.nova t_boot_ns=647023406997888
08-30 13:44:14.500 I/AnebProbe(22981): ADAPTER_EVT type=content cls=androidx.drawerlayout.widget.DrawerLayout desc=null txt_len=0 pkg=com.larus.nova t_boot_ns=647023530914034
08-30 13:44:14.601 I/AnebProbe(22981): ADAPTER_EVT type=content cls=androidx.recyclerview.widget.RecyclerView desc=null txt_len=0 pkg=com.larus.nova t_boot_ns=647023632468200
08-30 13:44:14.702 I/AnebProbe(22981): ADAPTER_EVT type=content cls=androidx.drawerlayout.widget.DrawerLayout desc=null txt_len=0 pkg=com.larus.nova t_boot_ns=647023733639554
08-30 13:44:15.103 I/AnebProbe(22981): ADAPTER_EVT type=content cls=androidx.drawerlayout.widget.DrawerLayout desc=null txt_len=0 pkg=com.larus.nova t_boot_ns=647024134205179
08-30 13:44:15.202 I/AnebProbe(22981): ADAPTER_EVT type=content cls=androidx.drawerlayout.widget.DrawerLayout desc=null txt_len=0 pkg=com.larus.nova t_boot_ns=647024233541638
08-30 13:44:28.162 I/AnebE4MARK(27437): E4MARK kind=answer_complete n=1
08-30 13:44:30.388 I/AnebProbe(22981): ADAPTER_EVT type=click cls=android.widget.ImageView desc=返回 txt_len=2 pkg=com.larus.nova t_boot_ns=647039419574969
08-30 13:44:30.389 I/AnebProbe(22981): ADAPTER_OBS pkg=com.larus.nova mode=doubao events=138 rule_matched=23 first_delta_ms=0 cadence_p50_ms=101.1 session_span_ms=50942.0 confidence=LOW/INCONCLUSIVE reason=throttle ttft_send_ms=null anchor_source=null ttft_cluster_ms=435.0 ttft_density_ms=900.0
08-30 13:44:30.513 I/AnebProbe(22981): ADAPTER_EVT type=content cls=androidx.drawerlayout.widget.DrawerLayout desc=null txt_len=0 pkg=com.larus.nova t_boot_ns=647039544555698
08-30 13:44:30.629 I/AnebProbe(22981): ADAPTER_EVT type=content cls=androidx.drawerlayout.widget.DrawerLayout desc=null txt_len=0 pkg=com.larus.nova t_boot_ns=647039660852052
08-30 13:44:30.745 I/AnebProbe(22981): ADAPTER_EVT type=content cls=androidx.drawerlayout.widget.DrawerLayout desc=null txt_len=0 pkg=com.larus.nova t_boot_ns=647039776443198
08-30 13:44:30.819 I/AnebProbe(22981): ADAPTER_EVT type=content cls=androidx.drawerlayout.widget.DrawerLayout desc=null txt_len=0 pkg=com.larus.nova t_boot_ns=647039850042677
08-30 13:44:32.091 I/AnebProbe(22981): ADAPTER_EVT type=click cls=android.widget.ImageView desc=创建新对话 txt_len=5 pkg=com.larus.nova t_boot_ns=647041122814552
08-30 13:44:32.095 I/AnebProbe(22981): ADAPTER_EVT type=content cls=android.widget.FrameLayout desc=null txt_len=0 pkg=com.larus.nova t_boot_ns=647041126196843
08-30 13:44:32.324 I/AnebProbe(22981): ADAPTER_EVT type=content cls=androidx.drawerlayout.widget.DrawerLayout desc=null txt_len=0 pkg=com.larus.nova t_boot_ns=647041355719760
08-30 13:44:32.483 I/AnebProbe(22981): ADAPTER_EVT type=content cls=androidx.drawerlayout.widget.DrawerLayout desc=null txt_len=0 pkg=com.larus.nova t_boot_ns=647041515030177
08-30 13:44:32.523 I/AnebProbe(22981): ADAPTER_EVT type=content cls=androidx.drawerlayout.widget.DrawerLayout desc=null txt_len=0 pkg=com.larus.nova t_boot_ns=647041554550489
08-30 13:44:32.554 I/AnebProbe(22981): ADAPTER_EVT type=content cls=android.view.ViewGroup desc=null txt_len=0 pkg=com.larus.nova t_boot_ns=647041586031218
08-30 13:44:32.652 I/AnebProbe(22981): ADAPTER_EVT type=content cls=android.view.ViewGroup desc=null txt_len=0 pkg=com.larus.nova t_boot_ns=647041683685385
08-30 13:44:32.752 I/AnebProbe(22981): ADAPTER_EVT type=content cls=android.view.ViewGroup desc=null txt_len=0 pkg=com.larus.nova t_boot_ns=647041783845281
08-30 13:44:32.892 I/AnebProbe(22981): ADAPTER_EVT type=content cls=androidx.drawerlayout.widget.DrawerLayout desc=null txt_len=0 pkg=com.larus.nova t_boot_ns=647041923410906
08-30 13:44:33.014 I/AnebProbe(22981): ADAPTER_EVT type=content cls=androidx.drawerlayout.widget.DrawerLayout desc=null txt_len=0 pkg=com.larus.nova t_boot_ns=647042045342677
08-30 13:44:33.120 I/AnebProbe(22981): ADAPTER_EVT type=content cls=android.view.ViewGroup desc=null txt_len=0 pkg=com.larus.nova t_boot_ns=647042151859343
08-30 13:44:33.221 I/AnebProbe(22981): ADAPTER_EVT type=content cls=android.view.ViewGroup desc=null txt_len=0 pkg=com.larus.nova t_boot_ns=647042252716635
08-30 13:44:33.323 I/AnebProbe(22981): ADAPTER_EVT type=content cls=android.view.ViewGroup desc=null txt_len=0 pkg=com.larus.nova t_boot_ns=647042353981739
08-30 13:44:33.587 I/AnebProbe(22981): ADAPTER_EVT type=content cls=android.view.ViewGroup desc=null txt_len=0 pkg=com.larus.nova t_boot_ns=647042617852052
08-30 13:44:33.689 I/AnebProbe(22981): ADAPTER_EVT type=content cls=android.view.ViewGroup desc=null txt_len=0 pkg=com.larus.nova t_boot_ns=647042719943197
08-30 13:44:33.801 I/AnebProbe(22981): ADAPTER_EVT type=content cls=android.view.ViewGroup desc=null txt_len=0 pkg=com.larus.nova t_boot_ns=647042832581739
08-30 13:44:33.902 I/AnebProbe(22981): ADAPTER_EVT type=content cls=android.view.ViewGroup desc=null txt_len=0 pkg=com.larus.nova t_boot_ns=647042932874968
08-30 13:44:34.006 I/AnebProbe(22981): ADAPTER_EVT type=content cls=android.view.ViewGroup desc=null txt_len=0 pkg=com.larus.nova t_boot_ns=647043037109864
08-30 13:44:34.110 I/AnebProbe(22981): ADAPTER_EVT type=content cls=androidx.drawerlayout.widget.DrawerLayout desc=null txt_len=0 pkg=com.larus.nova t_boot_ns=647043141086947
08-30 13:44:34.211 I/AnebProbe(22981): ADAPTER_EVT type=content cls=android.view.ViewGroup desc=null txt_len=0 pkg=com.larus.nova t_boot_ns=647043242178093
08-30 13:44:34.311 I/AnebProbe(22981): ADAPTER_EVT type=content cls=android.view.ViewGroup desc=null txt_len=0 pkg=com.larus.nova t_boot_ns=647043342523406
08-30 13:44:34.411 I/AnebProbe(22981): ADAPTER_EVT type=content cls=android.view.ViewGroup desc=null txt_len=0 pkg=com.larus.nova t_boot_ns=647043442691114
08-30 13:44:35.110 I/AnebProbe(22981): ADAPTER_EVT type=content cls=android.view.ViewGroup desc=新对话，打开设置页 txt_len=0 pkg=com.larus.nova t_boot_ns=647044141048926
08-30 13:44:35.216 I/AnebProbe(22981): ADAPTER_EVT type=content cls=android.view.ViewGroup desc=null txt_len=0 pkg=com.larus.nova t_boot_ns=647044247898405
08-30 13:44:35.330 I/AnebProbe(22981): ADAPTER_EVT type=content cls=android.view.ViewGroup desc=null txt_len=0 pkg=com.larus.nova t_boot_ns=647044361061947
08-30 13:44:35.445 I/AnebProbe(22981): ADAPTER_EVT type=content cls=android.view.ViewGroup desc=null txt_len=0 pkg=com.larus.nova t_boot_ns=647044476787468
08-30 13:44:35.446 I/AnebProbe(22981): ADAPTER_OBS pkg=com.larus.nova mode=doubao events=167 rule_matched=23 first_delta_ms=0 cadence_p50_ms=101.2 session_span_ms=71185.3 confidence=LOW/INCONCLUSIVE reason=throttle ttft_send_ms=null anchor_source=null ttft_cluster_ms=435.0 ttft_density_ms=900.0
08-30 13:44:35.560 I/AnebProbe(22981): ADAPTER_EVT type=content cls=android.view.ViewGroup desc=null txt_len=0 pkg=com.larus.nova t_boot_ns=647044591695280
08-30 13:44:35.673 I/AnebProbe(22981): ADAPTER_EVT type=content cls=android.view.ViewGroup desc=null txt_len=0 pkg=com.larus.nova t_boot_ns=647044704606739
08-30 13:44:35.773 I/AnebProbe(22981): ADAPTER_EVT type=content cls=android.view.ViewGroup desc=null txt_len=0 pkg=com.larus.nova t_boot_ns=647044804923405
08-30 13:44:35.890 I/AnebProbe(22981): ADAPTER_EVT type=content cls=android.view.ViewGroup desc=null txt_len=0 pkg=com.larus.nova t_boot_ns=647044921298926
08-30 13:44:35.990 I/AnebProbe(22981): ADAPTER_EVT type=content cls=android.view.ViewGroup desc=null txt_len=0 pkg=com.larus.nova t_boot_ns=647045020875489
08-30 13:44:36.108 I/AnebProbe(22981): ADAPTER_EVT type=content cls=android.view.ViewGroup desc=null txt_len=0 pkg=com.larus.nova t_boot_ns=647045138915072
08-30 13:44:36.209 I/AnebProbe(22981): ADAPTER_EVT type=content cls=android.view.ViewGroup desc=null txt_len=0 pkg=com.larus.nova t_boot_ns=647045240659343
08-30 13:44:36.310 I/AnebProbe(22981): ADAPTER_EVT type=content cls=android.view.ViewGroup desc=null txt_len=0 pkg=com.larus.nova t_boot_ns=647045341676530
08-30 13:44:36.423 I/AnebProbe(22981): ADAPTER_EVT type=content cls=android.view.ViewGroup desc=null txt_len=0 pkg=com.larus.nova t_boot_ns=647045454093718
08-30 13:44:36.537 I/AnebProbe(22981): ADAPTER_EVT type=content cls=android.view.ViewGroup desc=null txt_len=0 pkg=com.larus.nova t_boot_ns=647045567867155
08-30 13:44:36.540 I/AnebProbe(22981): ADAPTER_EVT type=content cls=android.widget.EditText desc=null txt_len=1 pkg=com.larus.nova t_boot_ns=647045571294759
08-30 13:44:36.550 I/AnebProbe(22981): ADAPTER_EVT type=content cls=android.view.ViewGroup desc=null txt_len=0 pkg=com.larus.nova t_boot_ns=647045580955176
08-30 13:44:36.602 I/AnebProbe(22981): ADAPTER_EVT type=content cls=android.view.ViewGroup desc=null txt_len=0 pkg=com.larus.nova t_boot_ns=647045633727051
08-30 13:44:36.603 I/AnebProbe(22981): ADAPTER_EVT type=content cls=android.widget.EditText desc=null txt_len=2 pkg=com.larus.nova t_boot_ns=647045634159343
08-30 13:44:36.624 I/AnebProbe(22981): ADAPTER_EVT type=content cls=android.view.ViewGroup desc=null txt_len=0 pkg=com.larus.nova t_boot_ns=647045655097364
08-30 13:44:36.624 I/AnebProbe(22981): ADAPTER_EVT type=content cls=android.widget.EditText desc=null txt_len=3 pkg=com.larus.nova t_boot_ns=647045655502051
08-30 13:44:36.645 I/AnebProbe(22981): ADAPTER_EVT type=content cls=android.view.ViewGroup desc=null txt_len=0 pkg=com.larus.nova t_boot_ns=647045676121843
08-30 13:44:36.645 I/AnebProbe(22981): ADAPTER_EVT type=content cls=android.widget.EditText desc=null txt_len=4 pkg=com.larus.nova t_boot_ns=647045676495280
08-30 13:44:36.668 I/AnebProbe(22981): ADAPTER_EVT type=content cls=android.view.ViewGroup desc=null txt_len=0 pkg=com.larus.nova t_boot_ns=647045699724968
08-30 13:44:36.669 I/AnebProbe(22981): ADAPTER_EVT type=content cls=android.widget.EditText desc=null txt_len=5 pkg=com.larus.nova t_boot_ns=647045700106218
08-30 13:44:36.689 I/AnebProbe(22981): ADAPTER_EVT type=content cls=android.view.ViewGroup desc=null txt_len=0 pkg=com.larus.nova t_boot_ns=647045720385384
08-30 13:44:36.690 I/AnebProbe(22981): ADAPTER_EVT type=content cls=android.widget.EditText desc=null txt_len=6 pkg=com.larus.nova t_boot_ns=647045720810905
08-30 13:44:36.710 I/AnebProbe(22981): ADAPTER_EVT type=content cls=android.view.ViewGroup desc=null txt_len=0 pkg=com.larus.nova t_boot_ns=647045741846322
08-30 13:44:36.711 I/AnebProbe(22981): ADAPTER_EVT type=content cls=android.widget.EditText desc=null txt_len=7 pkg=com.larus.nova t_boot_ns=647045742210905
08-30 13:44:36.735 I/AnebProbe(22981): ADAPTER_EVT type=content cls=android.view.ViewGroup desc=null txt_len=0 pkg=com.larus.nova t_boot_ns=647045766683301
08-30 13:44:36.736 I/AnebProbe(22981): ADAPTER_EVT type=content cls=android.widget.EditText desc=null txt_len=8 pkg=com.larus.nova t_boot_ns=647045767170280
08-30 13:44:36.755 I/AnebProbe(22981): ADAPTER_EVT type=content cls=android.view.ViewGroup desc=null txt_len=0 pkg=com.larus.nova t_boot_ns=647045786257780
08-30 13:44:36.755 I/AnebProbe(22981): ADAPTER_EVT type=content cls=android.widget.EditText desc=null txt_len=9 pkg=com.larus.nova t_boot_ns=647045786735384
08-30 13:44:36.782 I/AnebProbe(22981): ADAPTER_EVT type=content cls=android.view.ViewGroup desc=null txt_len=0 pkg=com.larus.nova t_boot_ns=647045813757780
08-30 13:44:36.784 I/AnebProbe(22981): ADAPTER_EVT type=content cls=android.widget.EditText desc=null txt_len=10 pkg=com.larus.nova t_boot_ns=647045815074968
08-30 13:44:36.805 I/AnebProbe(22981): ADAPTER_EVT type=content cls=android.view.ViewGroup desc=null txt_len=0 pkg=com.larus.nova t_boot_ns=647045836101530
08-30 13:44:36.805 I/AnebProbe(22981): ADAPTER_EVT type=content cls=android.widget.EditText desc=null txt_len=11 pkg=com.larus.nova t_boot_ns=647045836700489
08-30 13:44:36.831 I/AnebProbe(22981): ADAPTER_EVT type=content cls=android.view.ViewGroup desc=null txt_len=0 pkg=com.larus.nova t_boot_ns=647045862514551
08-30 13:44:36.831 I/AnebProbe(22981): ADAPTER_EVT type=content cls=android.widget.EditText desc=null txt_len=12 pkg=com.larus.nova t_boot_ns=647045862931218
08-30 13:44:36.843 I/AnebProbe(22981): ADAPTER_EVT type=content cls=android.widget.EditText desc=null txt_len=13 pkg=com.larus.nova t_boot_ns=647045874510384
08-30 13:44:36.866 I/AnebProbe(22981): ADAPTER_EVT type=content cls=android.view.ViewGroup desc=null txt_len=0 pkg=com.larus.nova t_boot_ns=647045897567155
08-30 13:44:36.866 I/AnebProbe(22981): ADAPTER_EVT type=content cls=android.widget.EditText desc=null txt_len=14 pkg=com.larus.nova t_boot_ns=647045897947364
08-30 13:44:36.876 I/AnebProbe(22981): ADAPTER_EVT type=content cls=android.widget.EditText desc=null txt_len=15 pkg=com.larus.nova t_boot_ns=647045907485905
08-30 13:44:36.913 I/AnebProbe(22981): ADAPTER_EVT type=content cls=android.view.ViewGroup desc=null txt_len=0 pkg=com.larus.nova t_boot_ns=647045944369759
08-30 13:44:36.913 I/AnebProbe(22981): ADAPTER_EVT type=content cls=android.widget.EditText desc=null txt_len=16 pkg=com.larus.nova t_boot_ns=647045944703614
08-30 13:44:36.924 I/AnebProbe(22981): ADAPTER_EVT type=content cls=android.widget.EditText desc=null txt_len=17 pkg=com.larus.nova t_boot_ns=647045955877051
08-30 13:44:36.943 I/AnebProbe(22981): ADAPTER_EVT type=content cls=android.view.ViewGroup desc=null txt_len=0 pkg=com.larus.nova t_boot_ns=647045974130697
08-30 13:44:36.943 I/AnebProbe(22981): ADAPTER_EVT type=content cls=android.widget.EditText desc=null txt_len=18 pkg=com.larus.nova t_boot_ns=647045974541114
08-30 13:44:36.963 I/AnebProbe(22981): ADAPTER_EVT type=content cls=android.view.ViewGroup desc=null txt_len=0 pkg=com.larus.nova t_boot_ns=647045994849447
08-30 13:44:36.964 I/AnebProbe(22981): ADAPTER_EVT type=content cls=android.widget.EditText desc=null txt_len=19 pkg=com.larus.nova t_boot_ns=647045995231218
08-30 13:44:36.976 I/AnebProbe(22981): ADAPTER_EVT type=content cls=android.widget.EditText desc=null txt_len=20 pkg=com.larus.nova t_boot_ns=647046007018197
08-30 13:44:36.998 I/AnebProbe(22981): ADAPTER_EVT type=content cls=android.view.ViewGroup desc=null txt_len=0 pkg=com.larus.nova t_boot_ns=647046029668197
08-30 13:44:36.999 I/AnebProbe(22981): ADAPTER_EVT type=content cls=android.widget.EditText desc=null txt_len=21 pkg=com.larus.nova t_boot_ns=647046030016634
08-30 13:44:37.009 I/AnebProbe(22981): ADAPTER_EVT type=content cls=android.widget.EditText desc=null txt_len=22 pkg=com.larus.nova t_boot_ns=647046040086426
08-30 13:44:37.032 I/AnebProbe(22981): ADAPTER_EVT type=content cls=android.view.ViewGroup desc=null txt_len=0 pkg=com.larus.nova t_boot_ns=647046063835905
08-30 13:44:37.033 I/AnebProbe(22981): ADAPTER_EVT type=content cls=android.widget.EditText desc=null txt_len=23 pkg=com.larus.nova t_boot_ns=647046064382780
08-30 13:44:37.056 I/AnebProbe(22981): ADAPTER_EVT type=content cls=android.view.ViewGroup desc=null txt_len=0 pkg=com.larus.nova t_boot_ns=647046087697364
08-30 13:44:37.058 I/AnebProbe(22981): ADAPTER_EVT type=content cls=android.widget.EditText desc=null txt_len=24 pkg=com.larus.nova t_boot_ns=647046088751009
08-30 13:44:37.081 I/AnebProbe(22981): ADAPTER_EVT type=content cls=android.view.ViewGroup desc=null txt_len=0 pkg=com.larus.nova t_boot_ns=647046112717676
08-30 13:44:37.082 I/AnebProbe(22981): ADAPTER_EVT type=content cls=android.widget.EditText desc=null txt_len=25 pkg=com.larus.nova t_boot_ns=647046113183301
08-30 13:44:37.103 I/AnebProbe(22981): ADAPTER_EVT type=content cls=android.view.ViewGroup desc=null txt_len=0 pkg=com.larus.nova t_boot_ns=647046134720280
08-30 13:44:37.103 I/AnebProbe(22981): ADAPTER_EVT type=content cls=android.widget.EditText desc=null txt_len=26 pkg=com.larus.nova t_boot_ns=647046134893718
08-30 13:44:37.213 I/AnebProbe(22981): ADAPTER_EVT type=content cls=android.view.ViewGroup desc=null txt_len=0 pkg=com.larus.nova t_boot_ns=647046244348405
08-30 13:44:37.314 I/AnebProbe(22981): ADAPTER_EVT type=content cls=android.view.ViewGroup desc=null txt_len=0 pkg=com.larus.nova t_boot_ns=647046345457780
08-30 13:44:37.430 I/AnebProbe(22981): ADAPTER_EVT type=content cls=android.view.ViewGroup desc=null txt_len=0 pkg=com.larus.nova t_boot_ns=647046461495280
08-30 13:44:37.530 I/AnebProbe(22981): ADAPTER_EVT type=content cls=android.view.ViewGroup desc=null txt_len=0 pkg=com.larus.nova t_boot_ns=647046561092676
08-30 13:44:37.630 I/AnebProbe(22981): ADAPTER_EVT type=content cls=android.view.ViewGroup desc=null txt_len=0 pkg=com.larus.nova t_boot_ns=647046661713509
08-30 13:44:37.745 I/AnebProbe(22981): ADAPTER_EVT type=content cls=android.view.ViewGroup desc=null txt_len=0 pkg=com.larus.nova t_boot_ns=647046776457259
08-30 13:44:37.860 I/AnebProbe(22981): ADAPTER_EVT type=content cls=android.view.ViewGroup desc=null txt_len=0 pkg=com.larus.nova t_boot_ns=647046891246322
08-30 13:44:37.963 I/AnebProbe(22981): ADAPTER_EVT type=content cls=android.view.ViewGroup desc=null txt_len=0 pkg=com.larus.nova t_boot_ns=647046994489030
08-30 13:44:38.081 I/AnebProbe(22981): ADAPTER_EVT type=content cls=android.view.ViewGroup desc=null txt_len=0 pkg=com.larus.nova t_boot_ns=647047112720280
08-30 13:44:38.184 I/AnebProbe(22981): ADAPTER_EVT type=content cls=android.view.ViewGroup desc=null txt_len=0 pkg=com.larus.nova t_boot_ns=647047215078613
08-30 13:44:38.298 I/AnebProbe(22981): ADAPTER_EVT type=content cls=android.view.ViewGroup desc=null txt_len=0 pkg=com.larus.nova t_boot_ns=647047328996322
08-30 13:44:38.415 I/AnebProbe(22981): ADAPTER_EVT type=content cls=android.view.ViewGroup desc=null txt_len=0 pkg=com.larus.nova t_boot_ns=647047445603613
08-30 13:44:38.525 I/AnebProbe(22981): ADAPTER_EVT type=content cls=android.view.ViewGroup desc=null txt_len=0 pkg=com.larus.nova t_boot_ns=647047556423926
08-30 13:44:38.642 I/AnebProbe(22981): ADAPTER_EVT type=content cls=android.view.ViewGroup desc=null txt_len=0 pkg=com.larus.nova t_boot_ns=647047673428613
08-30 13:44:38.742 I/AnebProbe(22981): ADAPTER_EVT type=content cls=android.view.ViewGroup desc=null txt_len=0 pkg=com.larus.nova t_boot_ns=647047773737988
08-30 13:44:38.854 I/AnebProbe(22981): ADAPTER_EVT type=content cls=android.view.ViewGroup desc=null txt_len=0 pkg=com.larus.nova t_boot_ns=647047880876530
08-30 13:44:38.961 I/AnebProbe(22981): ADAPTER_EVT type=content cls=android.view.ViewGroup desc=null txt_len=0 pkg=com.larus.nova t_boot_ns=647047992439551
08-30 13:44:39.084 I/AnebProbe(22981): ADAPTER_EVT type=content cls=android.view.ViewGroup desc=null txt_len=0 pkg=com.larus.nova t_boot_ns=647048115424447
08-30 13:44:39.191 I/AnebProbe(22981): ADAPTER_EVT type=content cls=android.view.ViewGroup desc=null txt_len=0 pkg=com.larus.nova t_boot_ns=647048222219238
08-30 13:44:39.193 I/AnebE4MARK(27510): E4MARK kind=turn_start n=2
08-30 13:44:39.292 I/AnebProbe(22981): ADAPTER_EVT type=content cls=android.view.ViewGroup desc=null txt_len=0 pkg=com.larus.nova t_boot_ns=647048323574967
08-30 13:44:39.345 I/AnebProbe(22981): ADAPTER_EVT type=content cls=android.view.ViewGroup desc=null txt_len=0 pkg=com.larus.nova t_boot_ns=647048376809863
08-30 13:44:39.379 I/AnebProbe(22981): ADAPTER_EVT type=content cls=android.view.ViewGroup desc=null txt_len=0 pkg=com.larus.nova t_boot_ns=647048411050488
08-30 13:44:39.505 I/AnebProbe(22981): ADAPTER_EVT type=content cls=android.view.ViewGroup desc=null txt_len=0 pkg=com.larus.nova t_boot_ns=647048536529134
08-30 13:44:39.763 I/AnebProbe(22981): ADAPTER_EVT type=content cls=androidx.drawerlayout.widget.DrawerLayout desc=null txt_len=0 pkg=com.larus.nova t_boot_ns=647048794957780
08-30 13:44:39.863 I/AnebProbe(22981): ADAPTER_EVT type=content cls=androidx.drawerlayout.widget.DrawerLayout desc=null txt_len=0 pkg=com.larus.nova t_boot_ns=647048894427571
08-30 13:44:40.138 I/AnebProbe(22981): ADAPTER_EVT type=content cls=androidx.drawerlayout.widget.DrawerLayout desc=null txt_len=0 pkg=com.larus.nova t_boot_ns=647049169215071
08-30 13:44:40.243 I/AnebProbe(22981): ADAPTER_EVT type=content cls=androidx.recyclerview.widget.RecyclerView desc=null txt_len=0 pkg=com.larus.nova t_boot_ns=647049273928613
08-30 13:44:40.366 I/AnebProbe(22981): ADAPTER_EVT type=content cls=androidx.drawerlayout.widget.DrawerLayout desc=null txt_len=0 pkg=com.larus.nova t_boot_ns=647049397333821
08-30 13:44:40.467 I/AnebProbe(22981): ADAPTER_EVT type=content cls=android.widget.TextView desc=null txt_len=0 pkg=com.larus.nova t_boot_ns=647049498347884
08-30 13:44:40.469 I/AnebProbe(22981): ADAPTER_OBS pkg=com.larus.nova mode=doubao events=253 rule_matched=25 first_delta_ms=0 cadence_p50_ms=100.3 session_span_ms=76206.8 confidence=LOW/INCONCLUSIVE reason=throttle ttft_send_ms=null anchor_source=null ttft_cluster_ms=null ttft_density_ms=null
08-30 13:44:40.768 I/AnebProbe(22981): ADAPTER_EVT type=content cls=androidx.recyclerview.widget.RecyclerView desc=null txt_len=0 pkg=com.larus.nova t_boot_ns=647049799043717
08-30 13:44:40.863 I/AnebProbe(22981): ADAPTER_EVT type=content cls=androidx.recyclerview.widget.RecyclerView desc=null txt_len=0 pkg=com.larus.nova t_boot_ns=647049894300488
08-30 13:44:41.090 I/AnebProbe(22981): ADAPTER_EVT type=content cls=androidx.drawerlayout.widget.DrawerLayout desc=null txt_len=0 pkg=com.larus.nova t_boot_ns=647050121569759
08-30 13:44:41.189 I/AnebProbe(22981): ADAPTER_EVT type=content cls=androidx.drawerlayout.widget.DrawerLayout desc=null txt_len=0 pkg=com.larus.nova t_boot_ns=647050220611946
08-30 13:44:41.524 I/AnebProbe(22981): ADAPTER_EVT type=content cls=androidx.recyclerview.widget.RecyclerView desc=null txt_len=0 pkg=com.larus.nova t_boot_ns=647050555080175
08-30 13:44:41.620 I/AnebProbe(22981): ADAPTER_EVT type=content cls=androidx.recyclerview.widget.RecyclerView desc=null txt_len=0 pkg=com.larus.nova t_boot_ns=647050651819759
08-30 13:44:41.955 I/AnebProbe(22981): ADAPTER_EVT type=content cls=android.view.ViewGroup desc=null txt_len=0 pkg=com.larus.nova t_boot_ns=647050986796842
08-30 13:44:42.044 I/AnebProbe(22981): ADAPTER_EVT type=content cls=androidx.recyclerview.widget.RecyclerView desc=null txt_len=0 pkg=com.larus.nova t_boot_ns=647051075541634
08-30 13:44:42.165 I/AnebProbe(22981): ADAPTER_EVT type=content cls=androidx.recyclerview.widget.RecyclerView desc=null txt_len=0 pkg=com.larus.nova t_boot_ns=647051196684863
08-30 13:44:42.260 I/AnebProbe(22981): ADAPTER_EVT type=content cls=androidx.drawerlayout.widget.DrawerLayout desc=null txt_len=0 pkg=com.larus.nova t_boot_ns=647051291416634
08-30 13:44:42.375 I/AnebProbe(22981): ADAPTER_EVT type=content cls=androidx.drawerlayout.widget.DrawerLayout desc=null txt_len=0 pkg=com.larus.nova t_boot_ns=647051406579654
08-30 13:44:42.476 I/AnebProbe(22981): ADAPTER_EVT type=content cls=androidx.recyclerview.widget.RecyclerView desc=null txt_len=0 pkg=com.larus.nova t_boot_ns=647051507393196
08-30 13:44:42.584 I/AnebProbe(22981): ADAPTER_EVT type=content cls=androidx.recyclerview.widget.RecyclerView desc=null txt_len=0 pkg=com.larus.nova t_boot_ns=647051615626529
08-30 13:44:42.698 I/AnebProbe(22981): ADAPTER_EVT type=content cls=androidx.recyclerview.widget.RecyclerView desc=null txt_len=0 pkg=com.larus.nova t_boot_ns=647051729264029
08-30 13:44:42.808 I/AnebProbe(22981): ADAPTER_EVT type=content cls=androidx.recyclerview.widget.RecyclerView desc=null txt_len=0 pkg=com.larus.nova t_boot_ns=647051839586946
08-30 13:44:42.910 I/AnebProbe(22981): ADAPTER_EVT type=content cls=androidx.recyclerview.widget.RecyclerView desc=null txt_len=0 pkg=com.larus.nova t_boot_ns=647051941249446
08-30 13:44:43.020 I/AnebProbe(22981): ADAPTER_EVT type=content cls=androidx.recyclerview.widget.RecyclerView desc=null txt_len=0 pkg=com.larus.nova t_boot_ns=647052051789029
08-30 13:44:43.139 I/AnebProbe(22981): ADAPTER_EVT type=content cls=androidx.recyclerview.widget.RecyclerView desc=null txt_len=0 pkg=com.larus.nova t_boot_ns=647052170424967
08-30 13:44:43.256 I/AnebProbe(22981): ADAPTER_EVT type=content cls=androidx.recyclerview.widget.RecyclerView desc=null txt_len=0 pkg=com.larus.nova t_boot_ns=647052286839550
08-30 13:44:43.371 I/AnebProbe(22981): ADAPTER_EVT type=content cls=androidx.recyclerview.widget.RecyclerView desc=null txt_len=0 pkg=com.larus.nova t_boot_ns=647052402465071
08-30 13:44:43.474 I/AnebProbe(22981): ADAPTER_EVT type=content cls=androidx.recyclerview.widget.RecyclerView desc=null txt_len=0 pkg=com.larus.nova t_boot_ns=647052505134863
08-30 13:44:43.589 I/AnebProbe(22981): ADAPTER_EVT type=content cls=androidx.recyclerview.widget.RecyclerView desc=null txt_len=0 pkg=com.larus.nova t_boot_ns=647052618980175
08-30 13:44:43.697 I/AnebProbe(22981): ADAPTER_EVT type=content cls=androidx.recyclerview.widget.RecyclerView desc=null txt_len=0 pkg=com.larus.nova t_boot_ns=647052728239029
08-30 13:44:43.799 I/AnebProbe(22981): ADAPTER_EVT type=content cls=androidx.drawerlayout.widget.DrawerLayout desc=null txt_len=0 pkg=com.larus.nova t_boot_ns=647052830255175
08-30 13:44:43.903 I/AnebProbe(22981): ADAPTER_EVT type=content cls=androidx.recyclerview.widget.RecyclerView desc=null txt_len=0 pkg=com.larus.nova t_boot_ns=647052933970279
08-30 13:44:44.017 I/AnebProbe(22981): ADAPTER_EVT type=content cls=androidx.drawerlayout.widget.DrawerLayout desc=null txt_len=0 pkg=com.larus.nova t_boot_ns=647053048506217
08-30 13:44:44.338 I/AnebProbe(22981): ADAPTER_EVT type=content cls=androidx.drawerlayout.widget.DrawerLayout desc=null txt_len=0 pkg=com.larus.nova t_boot_ns=647053369592675
08-30 13:44:44.437 I/AnebProbe(22981): ADAPTER_EVT type=content cls=androidx.drawerlayout.widget.DrawerLayout desc=null txt_len=0 pkg=com.larus.nova t_boot_ns=647053468381217
08-30 13:44:57.410 I/AnebE4MARK(27574): E4MARK kind=answer_complete n=2
08-30 13:44:59.621 I/AnebProbe(22981): ADAPTER_EVT type=click cls=android.widget.ImageView desc=返回 txt_len=2 pkg=com.larus.nova t_boot_ns=647068652168193
08-30 13:44:59.622 I/AnebProbe(22981): ADAPTER_OBS pkg=com.larus.nova mode=doubao events=281 rule_matched=44 first_delta_ms=0 cadence_p50_ms=100.8 session_span_ms=80176.9 confidence=LOW/INCONCLUSIVE reason=throttle ttft_send_ms=null anchor_source=null ttft_cluster_ms=null ttft_density_ms=null
08-30 13:44:59.752 I/AnebProbe(22981): ADAPTER_EVT type=content cls=androidx.drawerlayout.widget.DrawerLayout desc=null txt_len=0 pkg=com.larus.nova t_boot_ns=647068783249964
08-30 13:44:59.867 I/AnebProbe(22981): ADAPTER_EVT type=content cls=androidx.drawerlayout.widget.DrawerLayout desc=null txt_len=0 pkg=com.larus.nova t_boot_ns=647068898218714
08-30 13:44:59.983 I/AnebProbe(22981): ADAPTER_EVT type=content cls=androidx.drawerlayout.widget.DrawerLayout desc=null txt_len=0 pkg=com.larus.nova t_boot_ns=647069014195277
08-30 13:45:00.055 I/AnebProbe(22981): ADAPTER_EVT type=content cls=androidx.drawerlayout.widget.DrawerLayout desc=null txt_len=0 pkg=com.larus.nova t_boot_ns=647069086204131
08-30 13:45:01.313 I/AnebProbe(22981): ADAPTER_EVT type=click cls=android.widget.ImageView desc=创建新对话 txt_len=5 pkg=com.larus.nova t_boot_ns=647070345125485
08-30 13:45:01.318 I/AnebProbe(22981): ADAPTER_EVT type=content cls=android.widget.FrameLayout desc=null txt_len=0 pkg=com.larus.nova t_boot_ns=647070349679131
08-30 13:45:01.537 I/AnebProbe(22981): ADAPTER_EVT type=content cls=androidx.drawerlayout.widget.DrawerLayout desc=null txt_len=0 pkg=com.larus.nova t_boot_ns=647070568866631
08-30 13:45:01.683 I/AnebProbe(22981): ADAPTER_EVT type=content cls=androidx.drawerlayout.widget.DrawerLayout desc=null txt_len=0 pkg=com.larus.nova t_boot_ns=647070714667672
08-30 13:45:01.744 I/AnebProbe(22981): ADAPTER_EVT type=content cls=androidx.drawerlayout.widget.DrawerLayout desc=null txt_len=0 pkg=com.larus.nova t_boot_ns=647070775539026
08-30 13:45:01.862 I/AnebProbe(22981): ADAPTER_EVT type=content cls=android.view.ViewGroup desc=null txt_len=0 pkg=com.larus.nova t_boot_ns=647070893564547
08-30 13:45:01.962 I/AnebProbe(22981): ADAPTER_EVT type=content cls=android.view.ViewGroup desc=null txt_len=0 pkg=com.larus.nova t_boot_ns=647070992923401
08-30 13:45:02.063 I/AnebProbe(22981): ADAPTER_EVT type=content cls=androidx.drawerlayout.widget.DrawerLayout desc=null txt_len=0 pkg=com.larus.nova t_boot_ns=647071094198401
08-30 13:45:02.206 I/AnebProbe(22981): ADAPTER_EVT type=content cls=androidx.recyclerview.widget.RecyclerView desc=null txt_len=0 pkg=com.larus.nova t_boot_ns=647071236915589
08-30 13:45:02.305 I/AnebProbe(22981): ADAPTER_EVT type=content cls=android.view.ViewGroup desc=null txt_len=0 pkg=com.larus.nova t_boot_ns=647071335942672
08-30 13:45:02.405 I/AnebProbe(22981): ADAPTER_EVT type=content cls=android.view.ViewGroup desc=null txt_len=0 pkg=com.larus.nova t_boot_ns=647071436389026
08-30 13:45:02.523 I/AnebProbe(22981): ADAPTER_EVT type=content cls=android.view.ViewGroup desc=新对话，打开设置页 txt_len=0 pkg=com.larus.nova t_boot_ns=647071554245797
08-30 13:45:02.623 I/AnebProbe(22981): ADAPTER_EVT type=content cls=android.view.ViewGroup desc=null txt_len=0 pkg=com.larus.nova t_boot_ns=647071654189547
08-30 13:45:02.741 I/AnebProbe(22981): ADAPTER_EVT type=content cls=android.view.ViewGroup desc=null txt_len=0 pkg=com.larus.nova t_boot_ns=647071772417672
08-30 13:45:02.846 I/AnebProbe(22981): ADAPTER_EVT type=content cls=android.view.ViewGroup desc=null txt_len=0 pkg=com.larus.nova t_boot_ns=647071877278610
08-30 13:45:02.960 I/AnebProbe(22981): ADAPTER_EVT type=content cls=android.view.ViewGroup desc=null txt_len=0 pkg=com.larus.nova t_boot_ns=647071990900485
08-30 13:45:03.059 I/AnebProbe(22981): ADAPTER_EVT type=content cls=android.view.ViewGroup desc=null txt_len=0 pkg=com.larus.nova t_boot_ns=647072090548922
08-30 13:45:03.166 I/AnebProbe(22981): ADAPTER_EVT type=content cls=androidx.drawerlayout.widget.DrawerLayout desc=null txt_len=0 pkg=com.larus.nova t_boot_ns=647072197267672
08-30 13:45:03.275 I/AnebProbe(22981): ADAPTER_EVT type=content cls=androidx.drawerlayout.widget.DrawerLayout desc=null txt_len=0 pkg=com.larus.nova t_boot_ns=647072306168193
08-30 13:45:03.383 I/AnebProbe(22981): ADAPTER_EVT type=content cls=android.view.ViewGroup desc=null txt_len=0 pkg=com.larus.nova t_boot_ns=647072414249964
08-30 13:45:03.482 I/AnebProbe(22981): ADAPTER_EVT type=content cls=android.view.ViewGroup desc=null txt_len=0 pkg=com.larus.nova t_boot_ns=647072513703089
08-30 13:45:03.582 I/AnebProbe(22981): ADAPTER_EVT type=content cls=android.view.ViewGroup desc=null txt_len=0 pkg=com.larus.nova t_boot_ns=647072613259859
08-30 13:45:04.193 I/AnebProbe(22981): ADAPTER_EVT type=content cls=android.view.ViewGroup desc=新对话，打开设置页 txt_len=0 pkg=com.larus.nova t_boot_ns=647073224953089
08-30 13:45:04.305 I/AnebProbe(22981): ADAPTER_EVT type=content cls=android.view.ViewGroup desc=null txt_len=0 pkg=com.larus.nova t_boot_ns=647073336560380
08-30 13:45:04.416 I/AnebProbe(22981): ADAPTER_EVT type=content cls=android.view.ViewGroup desc=null txt_len=0 pkg=com.larus.nova t_boot_ns=647073447200484
08-30 13:45:04.517 I/AnebProbe(22981): ADAPTER_EVT type=content cls=android.view.ViewGroup desc=null txt_len=0 pkg=com.larus.nova t_boot_ns=647073548327568
08-30 13:45:04.634 I/AnebProbe(22981): ADAPTER_EVT type=content cls=android.view.ViewGroup desc=null txt_len=0 pkg=com.larus.nova t_boot_ns=647073665176005
08-30 13:45:04.634 I/AnebProbe(22981): ADAPTER_OBS pkg=com.larus.nova mode=doubao events=311 rule_matched=45 first_delta_ms=0 cadence_p50_ms=101.1 session_span_ms=100373.7 confidence=LOW/INCONCLUSIVE reason=throttle ttft_send_ms=null anchor_source=null ttft_cluster_ms=22538.9 ttft_density_ms=null
08-30 13:45:04.744 I/AnebProbe(22981): ADAPTER_EVT type=content cls=android.view.ViewGroup desc=null txt_len=0 pkg=com.larus.nova t_boot_ns=647073775743193
08-30 13:45:04.845 I/AnebProbe(22981): ADAPTER_EVT type=content cls=android.view.ViewGroup desc=null txt_len=0 pkg=com.larus.nova t_boot_ns=647073876790068
08-30 13:45:04.962 I/AnebProbe(22981): ADAPTER_EVT type=content cls=android.view.ViewGroup desc=null txt_len=0 pkg=com.larus.nova t_boot_ns=647073992859338
08-30 13:45:05.084 I/AnebProbe(22981): ADAPTER_EVT type=content cls=android.view.ViewGroup desc=null txt_len=0 pkg=com.larus.nova t_boot_ns=647074114862463
08-30 13:45:05.197 I/AnebProbe(22981): ADAPTER_EVT type=content cls=android.view.ViewGroup desc=null txt_len=0 pkg=com.larus.nova t_boot_ns=647074228448922
08-30 13:45:05.299 I/AnebProbe(22981): ADAPTER_EVT type=content cls=android.view.ViewGroup desc=null txt_len=0 pkg=com.larus.nova t_boot_ns=647074330757255
08-30 13:45:05.411 I/AnebProbe(22981): ADAPTER_EVT type=content cls=android.view.ViewGroup desc=null txt_len=0 pkg=com.larus.nova t_boot_ns=647074442412463
08-30 13:45:05.524 I/AnebProbe(22981): ADAPTER_EVT type=content cls=android.view.ViewGroup desc=null txt_len=0 pkg=com.larus.nova t_boot_ns=647074555293193
08-30 13:45:05.624 I/AnebProbe(22981): ADAPTER_EVT type=content cls=android.view.ViewGroup desc=null txt_len=0 pkg=com.larus.nova t_boot_ns=647074655701526
08-30 13:45:05.629 I/AnebProbe(22981): ADAPTER_EVT type=content cls=android.widget.EditText desc=null txt_len=1 pkg=com.larus.nova t_boot_ns=647074659982776
08-30 13:45:05.638 I/AnebProbe(22981): ADAPTER_EVT type=content cls=android.view.ViewGroup desc=null txt_len=0 pkg=com.larus.nova t_boot_ns=647074668607776
08-30 13:45:05.680 I/AnebProbe(22981): ADAPTER_EVT type=content cls=android.view.ViewGroup desc=null txt_len=0 pkg=com.larus.nova t_boot_ns=647074711855692
08-30 13:45:05.681 I/AnebProbe(22981): ADAPTER_EVT type=content cls=android.widget.EditText desc=null txt_len=2 pkg=com.larus.nova t_boot_ns=647074712284338
08-30 13:45:05.700 I/AnebProbe(22981): ADAPTER_EVT type=content cls=android.view.ViewGroup desc=null txt_len=0 pkg=com.larus.nova t_boot_ns=647074731937463
08-30 13:45:05.701 I/AnebProbe(22981): ADAPTER_EVT type=content cls=android.widget.EditText desc=null txt_len=3 pkg=com.larus.nova t_boot_ns=647074732292672
08-30 13:45:05.722 I/AnebProbe(22981): ADAPTER_EVT type=content cls=android.view.ViewGroup desc=null txt_len=0 pkg=com.larus.nova t_boot_ns=647074753815588
08-30 13:45:05.723 I/AnebProbe(22981): ADAPTER_EVT type=content cls=android.widget.EditText desc=null txt_len=4 pkg=com.larus.nova t_boot_ns=647074754167672
08-30 13:45:05.731 I/AnebProbe(22981): ADAPTER_EVT type=content cls=android.widget.EditText desc=null txt_len=5 pkg=com.larus.nova t_boot_ns=647074762536942
08-30 13:45:05.749 I/AnebProbe(22981): ADAPTER_EVT type=content cls=android.view.ViewGroup desc=null txt_len=0 pkg=com.larus.nova t_boot_ns=647074780662463
08-30 13:45:05.750 I/AnebProbe(22981): ADAPTER_EVT type=content cls=android.widget.EditText desc=null txt_len=6 pkg=com.larus.nova t_boot_ns=647074781011422
08-30 13:45:05.766 I/AnebProbe(22981): ADAPTER_EVT type=content cls=android.view.ViewGroup desc=null txt_len=0 pkg=com.larus.nova t_boot_ns=647074797459338
08-30 13:45:05.766 I/AnebProbe(22981): ADAPTER_EVT type=content cls=android.widget.EditText desc=null txt_len=7 pkg=com.larus.nova t_boot_ns=647074797874442
08-30 13:45:05.788 I/AnebProbe(22981): ADAPTER_EVT type=content cls=android.view.ViewGroup desc=null txt_len=0 pkg=com.larus.nova t_boot_ns=647074819529130
08-30 13:45:05.788 I/AnebProbe(22981): ADAPTER_EVT type=content cls=android.widget.EditText desc=null txt_len=8 pkg=com.larus.nova t_boot_ns=647074819935901
08-30 13:45:05.799 I/AnebProbe(22981): ADAPTER_EVT type=content cls=androidx.recyclerview.widget.RecyclerView desc=null txt_len=0 pkg=com.larus.nova t_boot_ns=647074830004130
08-30 13:45:05.799 I/AnebProbe(22981): ADAPTER_EVT type=content cls=android.widget.EditText desc=null txt_len=9 pkg=com.larus.nova t_boot_ns=647074830971317
08-30 13:45:05.826 I/AnebProbe(22981): ADAPTER_EVT type=content cls=android.view.ViewGroup desc=null txt_len=0 pkg=com.larus.nova t_boot_ns=647074857271838
08-30 13:45:05.826 I/AnebProbe(22981): ADAPTER_EVT type=content cls=android.widget.EditText desc=null txt_len=10 pkg=com.larus.nova t_boot_ns=647074857653609
08-30 13:45:05.850 I/AnebProbe(22981): ADAPTER_EVT type=content cls=android.view.ViewGroup desc=null txt_len=0 pkg=com.larus.nova t_boot_ns=647074881519755
08-30 13:45:05.850 I/AnebProbe(22981): ADAPTER_EVT type=content cls=android.widget.EditText desc=null txt_len=11 pkg=com.larus.nova t_boot_ns=647074881958817
08-30 13:45:05.873 I/AnebProbe(22981): ADAPTER_EVT type=content cls=android.view.ViewGroup desc=null txt_len=0 pkg=com.larus.nova t_boot_ns=647074904138505
08-30 13:45:05.873 I/AnebProbe(22981): ADAPTER_EVT type=content cls=android.widget.EditText desc=null txt_len=12 pkg=com.larus.nova t_boot_ns=647074904583297
08-30 13:45:05.895 I/AnebProbe(22981): ADAPTER_EVT type=content cls=android.view.ViewGroup desc=null txt_len=0 pkg=com.larus.nova t_boot_ns=647074926576005
08-30 13:45:05.896 I/AnebProbe(22981): ADAPTER_EVT type=content cls=android.widget.EditText desc=null txt_len=13 pkg=com.larus.nova t_boot_ns=647074927010901
08-30 13:45:05.922 I/AnebProbe(22981): ADAPTER_EVT type=content cls=android.view.ViewGroup desc=null txt_len=0 pkg=com.larus.nova t_boot_ns=647074953611942
08-30 13:45:05.923 I/AnebProbe(22981): ADAPTER_EVT type=content cls=android.widget.EditText desc=null txt_len=14 pkg=com.larus.nova t_boot_ns=647074954074442
08-30 13:45:05.932 I/AnebProbe(22981): ADAPTER_EVT type=content cls=android.widget.EditText desc=null txt_len=15 pkg=com.larus.nova t_boot_ns=647074963167672
08-30 13:45:05.952 I/AnebProbe(22981): ADAPTER_EVT type=content cls=android.view.ViewGroup desc=null txt_len=0 pkg=com.larus.nova t_boot_ns=647074983755172
08-30 13:45:05.953 I/AnebProbe(22981): ADAPTER_EVT type=content cls=android.widget.EditText desc=null txt_len=16 pkg=com.larus.nova t_boot_ns=647074984340067
08-30 13:45:05.964 I/AnebProbe(22981): ADAPTER_EVT type=content cls=android.widget.EditText desc=null txt_len=17 pkg=com.larus.nova t_boot_ns=647074995431734
08-30 13:45:05.988 I/AnebProbe(22981): ADAPTER_EVT type=content cls=android.view.ViewGroup desc=null txt_len=0 pkg=com.larus.nova t_boot_ns=647075019565588
08-30 13:45:05.989 I/AnebProbe(22981): ADAPTER_EVT type=content cls=android.widget.EditText desc=null txt_len=18 pkg=com.larus.nova t_boot_ns=647075019993192
08-30 13:45:06.010 I/AnebProbe(22981): ADAPTER_EVT type=content cls=android.view.ViewGroup desc=null txt_len=0 pkg=com.larus.nova t_boot_ns=647075041386942
08-30 13:45:06.011 I/AnebProbe(22981): ADAPTER_EVT type=content cls=android.widget.EditText desc=null txt_len=19 pkg=com.larus.nova t_boot_ns=647075041940588
08-30 13:45:06.030 I/AnebProbe(22981): ADAPTER_EVT type=content cls=android.view.ViewGroup desc=null txt_len=0 pkg=com.larus.nova t_boot_ns=647075061908297
08-30 13:45:06.031 I/AnebProbe(22981): ADAPTER_EVT type=content cls=android.widget.EditText desc=null txt_len=20 pkg=com.larus.nova t_boot_ns=647075062303088
08-30 13:45:06.054 I/AnebProbe(22981): ADAPTER_EVT type=content cls=android.view.ViewGroup desc=null txt_len=0 pkg=com.larus.nova t_boot_ns=647075085041630
08-30 13:45:06.054 I/AnebProbe(22981): ADAPTER_EVT type=content cls=android.widget.EditText desc=null txt_len=21 pkg=com.larus.nova t_boot_ns=647075085831213
08-30 13:45:06.092 I/AnebProbe(22981): ADAPTER_EVT type=content cls=android.view.ViewGroup desc=null txt_len=0 pkg=com.larus.nova t_boot_ns=647075123721838
08-30 13:45:06.093 I/AnebProbe(22981): ADAPTER_EVT type=content cls=android.widget.EditText desc=null txt_len=22 pkg=com.larus.nova t_boot_ns=647075124099442
08-30 13:45:06.112 I/AnebProbe(22981): ADAPTER_EVT type=content cls=android.view.ViewGroup desc=null txt_len=0 pkg=com.larus.nova t_boot_ns=647075142966630
08-30 13:45:06.113 I/AnebProbe(22981): ADAPTER_EVT type=content cls=android.widget.EditText desc=null txt_len=23 pkg=com.larus.nova t_boot_ns=647075144317672
08-30 13:45:06.130 I/AnebProbe(22981): ADAPTER_EVT type=content cls=android.view.ViewGroup desc=null txt_len=0 pkg=com.larus.nova t_boot_ns=647075161024442
08-30 13:45:06.130 I/AnebProbe(22981): ADAPTER_EVT type=content cls=android.widget.EditText desc=null txt_len=24 pkg=com.larus.nova t_boot_ns=647075161388505
08-30 13:45:06.147 I/AnebProbe(22981): ADAPTER_EVT type=content cls=android.view.ViewGroup desc=null txt_len=0 pkg=com.larus.nova t_boot_ns=647075178780692
08-30 13:45:06.148 I/AnebProbe(22981): ADAPTER_EVT type=content cls=android.widget.EditText desc=null txt_len=25 pkg=com.larus.nova t_boot_ns=647075179152567
08-30 13:45:06.169 I/AnebProbe(22981): ADAPTER_EVT type=content cls=android.view.ViewGroup desc=null txt_len=0 pkg=com.larus.nova t_boot_ns=647075200060901
08-30 13:45:06.169 I/AnebProbe(22981): ADAPTER_EVT type=content cls=android.widget.EditText desc=null txt_len=26 pkg=com.larus.nova t_boot_ns=647075200452047
08-30 13:45:06.287 I/AnebProbe(22981): ADAPTER_EVT type=content cls=android.view.ViewGroup desc=null txt_len=0 pkg=com.larus.nova t_boot_ns=647075318995276
08-30 13:45:06.401 I/AnebProbe(22981): ADAPTER_EVT type=content cls=android.view.ViewGroup desc=null txt_len=0 pkg=com.larus.nova t_boot_ns=647075432065067
08-30 13:45:06.503 I/AnebProbe(22981): ADAPTER_EVT type=content cls=android.view.ViewGroup desc=null txt_len=0 pkg=com.larus.nova t_boot_ns=647075534569755
08-30 13:45:06.618 I/AnebProbe(22981): ADAPTER_EVT type=content cls=android.view.ViewGroup desc=null txt_len=0 pkg=com.larus.nova t_boot_ns=647075649599442
08-30 13:45:06.718 I/AnebProbe(22981): ADAPTER_EVT type=content cls=android.view.ViewGroup desc=null txt_len=0 pkg=com.larus.nova t_boot_ns=647075749699442
08-30 13:45:06.835 I/AnebProbe(22981): ADAPTER_EVT type=content cls=android.view.ViewGroup desc=null txt_len=0 pkg=com.larus.nova t_boot_ns=647075866882255
08-30 13:45:06.953 I/AnebProbe(22981): ADAPTER_EVT type=content cls=android.view.ViewGroup desc=null txt_len=0 pkg=com.larus.nova t_boot_ns=647075984663505
08-30 13:45:07.064 I/AnebProbe(22981): ADAPTER_EVT type=content cls=android.view.ViewGroup desc=null txt_len=0 pkg=com.larus.nova t_boot_ns=647076095036421
08-30 13:45:07.166 I/AnebProbe(22981): ADAPTER_EVT type=content cls=android.view.ViewGroup desc=null txt_len=0 pkg=com.larus.nova t_boot_ns=647076197583817
08-30 13:45:07.267 I/AnebProbe(22981): ADAPTER_EVT type=content cls=android.view.ViewGroup desc=null txt_len=0 pkg=com.larus.nova t_boot_ns=647076298607255
08-30 13:45:07.369 I/AnebProbe(22981): ADAPTER_EVT type=content cls=android.view.ViewGroup desc=null txt_len=0 pkg=com.larus.nova t_boot_ns=647076400578088
08-30 13:45:07.486 I/AnebProbe(22981): ADAPTER_EVT type=content cls=android.view.ViewGroup desc=null txt_len=0 pkg=com.larus.nova t_boot_ns=647076517389026
08-30 13:45:07.603 I/AnebProbe(22981): ADAPTER_EVT type=content cls=android.view.ViewGroup desc=null txt_len=0 pkg=com.larus.nova t_boot_ns=647076634285380
08-30 13:45:07.714 I/AnebProbe(22981): ADAPTER_EVT type=content cls=android.view.ViewGroup desc=null txt_len=0 pkg=com.larus.nova t_boot_ns=647076745707255
08-30 13:45:07.815 I/AnebProbe(22981): ADAPTER_EVT type=content cls=android.view.ViewGroup desc=null txt_len=0 pkg=com.larus.nova t_boot_ns=647076846831213
08-30 13:45:07.919 I/AnebProbe(22981): ADAPTER_EVT type=content cls=android.view.ViewGroup desc=null txt_len=0 pkg=com.larus.nova t_boot_ns=647076949846317
08-30 13:45:08.032 I/AnebProbe(22981): ADAPTER_EVT type=content cls=android.view.ViewGroup desc=null txt_len=0 pkg=com.larus.nova t_boot_ns=647077063528088
08-30 13:45:08.133 I/AnebProbe(22981): ADAPTER_EVT type=content cls=android.view.ViewGroup desc=null txt_len=0 pkg=com.larus.nova t_boot_ns=647077164237984
08-30 13:45:08.170 I/AnebE4MARK(27649): E4MARK kind=turn_start n=3
08-30 13:45:08.247 I/AnebProbe(22981): ADAPTER_EVT type=content cls=android.view.ViewGroup desc=null txt_len=0 pkg=com.larus.nova t_boot_ns=647077278382255
08-30 13:45:08.297 I/AnebProbe(22981): ADAPTER_EVT type=content cls=android.view.ViewGroup desc=null txt_len=0 pkg=com.larus.nova t_boot_ns=647077328323921
08-30 13:45:08.344 I/AnebProbe(22981): ADAPTER_EVT type=content cls=android.view.ViewGroup desc=null txt_len=0 pkg=com.larus.nova t_boot_ns=647077376073921
08-30 13:45:08.444 I/AnebProbe(22981): ADAPTER_EVT type=content cls=android.view.ViewGroup desc=null txt_len=0 pkg=com.larus.nova t_boot_ns=647077475568192
08-30 13:45:08.684 I/AnebProbe(22981): ADAPTER_EVT type=content cls=androidx.drawerlayout.widget.DrawerLayout desc=null txt_len=0 pkg=com.larus.nova t_boot_ns=647077715666630
08-30 13:45:08.784 I/AnebProbe(22981): ADAPTER_EVT type=content cls=androidx.drawerlayout.widget.DrawerLayout desc=null txt_len=0 pkg=com.larus.nova t_boot_ns=647077815407775
08-30 13:45:09.174 I/AnebProbe(22981): ADAPTER_EVT type=content cls=androidx.drawerlayout.widget.DrawerLayout desc=null txt_len=0 pkg=com.larus.nova t_boot_ns=647078205138504
08-30 13:45:09.366 I/AnebProbe(22981): ADAPTER_EVT type=content cls=androidx.drawerlayout.widget.DrawerLayout desc=null txt_len=0 pkg=com.larus.nova t_boot_ns=647078396341629
08-30 13:45:09.465 I/AnebProbe(22981): ADAPTER_EVT type=content cls=androidx.drawerlayout.widget.DrawerLayout desc=null txt_len=0 pkg=com.larus.nova t_boot_ns=647078495987984
08-30 13:45:09.778 I/AnebProbe(22981): ADAPTER_EVT type=content cls=android.widget.FrameLayout desc=打电话 txt_len=0 pkg=com.larus.nova t_boot_ns=647078808906213
08-30 13:45:09.779 I/AnebProbe(22981): ADAPTER_OBS pkg=com.larus.nova mode=doubao events=397 rule_matched=46 first_delta_ms=0 cadence_p50_ms=100.3 session_span_ms=105517.4 confidence=LOW/INCONCLUSIVE reason=throttle ttft_send_ms=null anchor_source=null ttft_cluster_ms=null ttft_density_ms=null
08-30 13:45:09.877 I/AnebProbe(22981): ADAPTER_EVT type=content cls=android.view.ViewGroup desc=null txt_len=0 pkg=com.larus.nova t_boot_ns=647078908775484
08-30 13:45:10.093 I/AnebProbe(22981): ADAPTER_EVT type=content cls=androidx.drawerlayout.widget.DrawerLayout desc=null txt_len=0 pkg=com.larus.nova t_boot_ns=647079124892671
08-30 13:45:10.194 I/AnebProbe(22981): ADAPTER_EVT type=content cls=androidx.drawerlayout.widget.DrawerLayout desc=null txt_len=0 pkg=com.larus.nova t_boot_ns=647079224975483
08-30 13:45:10.444 I/AnebProbe(22981): ADAPTER_EVT type=content cls=androidx.recyclerview.widget.RecyclerView desc=null txt_len=0 pkg=com.larus.nova t_boot_ns=647079475379650
08-30 13:45:10.556 I/AnebProbe(22981): ADAPTER_EVT type=content cls=android.view.ViewGroup desc=null txt_len=0 pkg=com.larus.nova t_boot_ns=647079587578608
08-30 13:45:10.666 I/AnebProbe(22981): ADAPTER_EVT type=content cls=androidx.recyclerview.widget.RecyclerView desc=null txt_len=0 pkg=com.larus.nova t_boot_ns=647079697599442
08-30 13:45:10.752 I/AnebProbe(22981): ADAPTER_EVT type=content cls=androidx.recyclerview.widget.RecyclerView desc=null txt_len=0 pkg=com.larus.nova t_boot_ns=647079783706733
08-30 13:45:10.885 I/AnebProbe(22981): ADAPTER_EVT type=content cls=androidx.drawerlayout.widget.DrawerLayout desc=null txt_len=0 pkg=com.larus.nova t_boot_ns=647079916383817
08-30 13:45:10.990 I/AnebProbe(22981): ADAPTER_EVT type=content cls=androidx.drawerlayout.widget.DrawerLayout desc=null txt_len=0 pkg=com.larus.nova t_boot_ns=647080021522879
08-30 13:45:11.091 I/AnebProbe(22981): ADAPTER_EVT type=content cls=androidx.recyclerview.widget.RecyclerView desc=null txt_len=0 pkg=com.larus.nova t_boot_ns=647080122603088
08-30 13:45:11.202 I/AnebProbe(22981): ADAPTER_EVT type=content cls=androidx.recyclerview.widget.RecyclerView desc=null txt_len=0 pkg=com.larus.nova t_boot_ns=647080233596317
08-30 13:45:11.322 I/AnebProbe(22981): ADAPTER_EVT type=content cls=androidx.recyclerview.widget.RecyclerView desc=null txt_len=0 pkg=com.larus.nova t_boot_ns=647080352816108
08-30 13:45:11.421 I/AnebProbe(22981): ADAPTER_EVT type=content cls=androidx.recyclerview.widget.RecyclerView desc=null txt_len=0 pkg=com.larus.nova t_boot_ns=647080452559858
08-30 13:45:11.530 I/AnebProbe(22981): ADAPTER_EVT type=content cls=androidx.recyclerview.widget.RecyclerView desc=null txt_len=0 pkg=com.larus.nova t_boot_ns=647080561257775
08-30 13:45:11.631 I/AnebProbe(22981): ADAPTER_EVT type=content cls=androidx.recyclerview.widget.RecyclerView desc=null txt_len=0 pkg=com.larus.nova t_boot_ns=647080662443712
08-30 13:45:11.745 I/AnebProbe(22981): ADAPTER_EVT type=content cls=androidx.recyclerview.widget.RecyclerView desc=null txt_len=0 pkg=com.larus.nova t_boot_ns=647080776344233
08-30 13:45:11.861 I/AnebProbe(22981): ADAPTER_EVT type=content cls=androidx.recyclerview.widget.RecyclerView desc=null txt_len=0 pkg=com.larus.nova t_boot_ns=647080892373921
08-30 13:45:11.973 I/AnebProbe(22981): ADAPTER_EVT type=content cls=androidx.recyclerview.widget.RecyclerView desc=null txt_len=0 pkg=com.larus.nova t_boot_ns=647081003833296
08-30 13:45:12.076 I/AnebProbe(22981): ADAPTER_EVT type=content cls=androidx.recyclerview.widget.RecyclerView desc=null txt_len=0 pkg=com.larus.nova t_boot_ns=647081107140587
08-30 13:45:12.181 I/AnebProbe(22981): ADAPTER_EVT type=content cls=androidx.recyclerview.widget.RecyclerView desc=null txt_len=0 pkg=com.larus.nova t_boot_ns=647081212517150
08-30 13:45:12.292 I/AnebProbe(22981): ADAPTER_EVT type=content cls=androidx.recyclerview.widget.RecyclerView desc=null txt_len=0 pkg=com.larus.nova t_boot_ns=647081323154650
08-30 13:45:12.400 I/AnebProbe(22981): ADAPTER_EVT type=content cls=androidx.recyclerview.widget.RecyclerView desc=null txt_len=0 pkg=com.larus.nova t_boot_ns=647081431120796
08-30 13:45:12.522 I/AnebProbe(22981): ADAPTER_EVT type=content cls=androidx.drawerlayout.widget.DrawerLayout desc=null txt_len=0 pkg=com.larus.nova t_boot_ns=647081552866108
08-30 13:45:12.630 I/AnebProbe(22981): ADAPTER_EVT type=content cls=androidx.recyclerview.widget.RecyclerView desc=null txt_len=0 pkg=com.larus.nova t_boot_ns=647081661035900
08-30 13:45:12.730 I/AnebProbe(22981): ADAPTER_EVT type=content cls=androidx.drawerlayout.widget.DrawerLayout desc=null txt_len=0 pkg=com.larus.nova t_boot_ns=647081761128608
08-30 13:45:12.978 I/AnebProbe(22981): ADAPTER_EVT type=content cls=androidx.drawerlayout.widget.DrawerLayout desc=null txt_len=0 pkg=com.larus.nova t_boot_ns=647082008944754
08-30 13:45:13.078 I/AnebProbe(22981): ADAPTER_EVT type=content cls=androidx.drawerlayout.widget.DrawerLayout desc=null txt_len=0 pkg=com.larus.nova t_boot_ns=647082109694233
08-30 13:45:26.389 I/AnebE4MARK(27705): E4MARK kind=answer_complete n=3
08-30 13:45:28.734 I/AnebProbe(22981): ADAPTER_EVT type=click cls=android.widget.ImageView desc=返回 txt_len=2 pkg=com.larus.nova t_boot_ns=647097765400481
08-30 13:45:28.735 I/AnebProbe(22981): ADAPTER_OBS pkg=com.larus.nova mode=doubao events=424 rule_matched=63 first_delta_ms=0 cadence_p50_ms=100.3 session_span_ms=108818.2 confidence=LOW/INCONCLUSIVE reason=throttle ttft_send_ms=null anchor_source=null ttft_cluster_ms=null ttft_density_ms=null
08-30 13:45:28.854 I/AnebProbe(22981): ADAPTER_EVT type=content cls=androidx.drawerlayout.widget.DrawerLayout desc=null txt_len=0 pkg=com.larus.nova t_boot_ns=647097885549439
08-30 13:45:28.970 I/AnebProbe(22981): ADAPTER_EVT type=content cls=androidx.drawerlayout.widget.DrawerLayout desc=null txt_len=0 pkg=com.larus.nova t_boot_ns=647098001991626
08-30 13:45:29.086 I/AnebProbe(22981): ADAPTER_EVT type=content cls=androidx.drawerlayout.widget.DrawerLayout desc=null txt_len=0 pkg=com.larus.nova t_boot_ns=647098117532772
08-30 13:45:29.159 I/AnebProbe(22981): ADAPTER_EVT type=content cls=androidx.drawerlayout.widget.DrawerLayout desc=null txt_len=0 pkg=com.larus.nova t_boot_ns=647098191005689
08-30 13:45:30.460 I/AnebProbe(22981): ADAPTER_EVT type=click cls=android.widget.ImageView desc=创建新对话 txt_len=5 pkg=com.larus.nova t_boot_ns=647099491459335
08-30 13:45:30.466 I/AnebProbe(22981): ADAPTER_EVT type=content cls=android.widget.FrameLayout desc=null txt_len=0 pkg=com.larus.nova t_boot_ns=647099497377564
08-30 13:45:30.683 I/AnebProbe(22981): ADAPTER_EVT type=content cls=androidx.drawerlayout.widget.DrawerLayout desc=null txt_len=0 pkg=com.larus.nova t_boot_ns=647099714207772
08-30 13:45:30.827 I/AnebProbe(22981): ADAPTER_EVT type=content cls=androidx.drawerlayout.widget.DrawerLayout desc=null txt_len=0 pkg=com.larus.nova t_boot_ns=647099858470793
08-30 13:45:30.894 I/AnebProbe(22981): ADAPTER_EVT type=content cls=androidx.drawerlayout.widget.DrawerLayout desc=null txt_len=0 pkg=com.larus.nova t_boot_ns=647099925977043
08-30 13:45:30.995 I/AnebProbe(22981): ADAPTER_EVT type=content cls=android.view.ViewGroup desc=null txt_len=0 pkg=com.larus.nova t_boot_ns=647100026670793
08-30 13:45:31.092 I/AnebProbe(22981): ADAPTER_EVT type=content cls=android.view.ViewGroup desc=null txt_len=0 pkg=com.larus.nova t_boot_ns=647100123566626
08-30 13:45:31.198 I/AnebProbe(22981): ADAPTER_EVT type=content cls=androidx.drawerlayout.widget.DrawerLayout desc=null txt_len=0 pkg=com.larus.nova t_boot_ns=647100229046834
08-30 13:45:31.456 I/AnebProbe(22981): ADAPTER_EVT type=content cls=androidx.recyclerview.widget.RecyclerView desc=null txt_len=0 pkg=com.larus.nova t_boot_ns=647100486782772
08-30 13:45:31.550 I/AnebProbe(22981): ADAPTER_EVT type=content cls=android.view.ViewGroup desc=null txt_len=0 pkg=com.larus.nova t_boot_ns=647100580930168
08-30 13:45:31.662 I/AnebProbe(22981): ADAPTER_EVT type=content cls=android.view.ViewGroup desc=null txt_len=0 pkg=com.larus.nova t_boot_ns=647100693699439
08-30 13:45:31.928 I/AnebProbe(22981): ADAPTER_EVT type=content cls=android.view.ViewGroup desc=null txt_len=0 pkg=com.larus.nova t_boot_ns=647100959734334
08-30 13:45:32.028 I/AnebProbe(22981): ADAPTER_EVT type=content cls=android.view.ViewGroup desc=null txt_len=0 pkg=com.larus.nova t_boot_ns=647101059494751
08-30 13:45:32.129 I/AnebProbe(22981): ADAPTER_EVT type=content cls=android.view.ViewGroup desc=null txt_len=0 pkg=com.larus.nova t_boot_ns=647101160391105
08-30 13:45:32.236 I/AnebProbe(22981): ADAPTER_EVT type=content cls=androidx.drawerlayout.widget.DrawerLayout desc=null txt_len=0 pkg=com.larus.nova t_boot_ns=647101267257772
08-30 13:45:32.338 I/AnebProbe(22981): ADAPTER_EVT type=content cls=androidx.drawerlayout.widget.DrawerLayout desc=null txt_len=0 pkg=com.larus.nova t_boot_ns=647101369645272
08-30 13:45:32.438 I/AnebProbe(22981): ADAPTER_EVT type=content cls=android.view.ViewGroup desc=null txt_len=0 pkg=com.larus.nova t_boot_ns=647101469442668
08-30 13:45:32.559 I/AnebProbe(22981): ADAPTER_EVT type=content cls=android.view.ViewGroup desc=null txt_len=0 pkg=com.larus.nova t_boot_ns=647101590337459
08-30 13:45:32.669 I/AnebProbe(22981): ADAPTER_EVT type=content cls=android.view.ViewGroup desc=null txt_len=0 pkg=com.larus.nova t_boot_ns=647101700520793
08-30 13:45:32.769 I/AnebProbe(22981): ADAPTER_EVT type=content cls=android.view.ViewGroup desc=null txt_len=0 pkg=com.larus.nova t_boot_ns=647101800309334
08-30 13:45:33.414 I/AnebProbe(22981): ADAPTER_EVT type=content cls=android.view.ViewGroup desc=新对话，打开设置页 txt_len=0 pkg=com.larus.nova t_boot_ns=647102445288501
08-30 13:45:33.540 I/AnebProbe(22981): ADAPTER_EVT type=content cls=android.view.ViewGroup desc=null txt_len=0 pkg=com.larus.nova t_boot_ns=647102571146313
08-30 13:45:33.650 I/AnebProbe(22981): ADAPTER_EVT type=content cls=android.view.ViewGroup desc=null txt_len=0 pkg=com.larus.nova t_boot_ns=647102681647355
08-30 13:45:33.753 I/AnebProbe(22981): ADAPTER_EVT type=content cls=android.view.ViewGroup desc=null txt_len=0 pkg=com.larus.nova t_boot_ns=647102784055167
08-30 13:45:33.753 I/AnebProbe(22981): ADAPTER_OBS pkg=com.larus.nova mode=doubao events=451 rule_matched=64 first_delta_ms=0 cadence_p50_ms=101.1 session_span_ms=129492.5 confidence=LOW/INCONCLUSIVE reason=throttle ttft_send_ms=null anchor_source=null ttft_cluster_ms=22566.6 ttft_density_ms=null
08-30 13:45:33.870 I/AnebProbe(22981): ADAPTER_EVT type=content cls=android.view.ViewGroup desc=null txt_len=0 pkg=com.larus.nova t_boot_ns=647102901668188
08-30 13:45:33.982 I/AnebProbe(22981): ADAPTER_EVT type=content cls=android.view.ViewGroup desc=null txt_len=0 pkg=com.larus.nova t_boot_ns=647103013256730
08-30 13:45:34.097 I/AnebProbe(22981): ADAPTER_EVT type=content cls=android.view.ViewGroup desc=null txt_len=0 pkg=com.larus.nova t_boot_ns=647103128200480
08-30 13:45:34.197 I/AnebProbe(22981): ADAPTER_EVT type=content cls=android.view.ViewGroup desc=null txt_len=0 pkg=com.larus.nova t_boot_ns=647103228005167
08-30 13:45:34.296 I/AnebProbe(22981): ADAPTER_EVT type=content cls=android.view.ViewGroup desc=null txt_len=0 pkg=com.larus.nova t_boot_ns=647103327867667
08-30 13:45:34.398 I/AnebProbe(22981): ADAPTER_EVT type=content cls=android.view.ViewGroup desc=null txt_len=0 pkg=com.larus.nova t_boot_ns=647103429791105
08-30 13:45:34.502 I/AnebProbe(22981): ADAPTER_EVT type=content cls=android.view.ViewGroup desc=null txt_len=0 pkg=com.larus.nova t_boot_ns=647103533112980
08-30 13:45:34.602 I/AnebProbe(22981): ADAPTER_EVT type=content cls=android.view.ViewGroup desc=null txt_len=0 pkg=com.larus.nova t_boot_ns=647103632798917
08-30 13:45:34.718 I/AnebProbe(22981): ADAPTER_EVT type=content cls=android.view.ViewGroup desc=null txt_len=0 pkg=com.larus.nova t_boot_ns=647103748585896
08-30 13:45:34.814 I/AnebProbe(22981): ADAPTER_EVT type=content cls=android.view.ViewGroup desc=null txt_len=0 pkg=com.larus.nova t_boot_ns=647103844880688
08-30 13:45:34.814 I/AnebProbe(22981): ADAPTER_EVT type=content cls=android.widget.EditText desc=null txt_len=1 pkg=com.larus.nova t_boot_ns=647103845435896
08-30 13:45:34.823 I/AnebProbe(22981): ADAPTER_EVT type=content cls=android.view.ViewGroup desc=null txt_len=0 pkg=com.larus.nova t_boot_ns=647103854814542
08-30 13:45:34.877 I/AnebProbe(22981): ADAPTER_EVT type=content cls=android.view.ViewGroup desc=null txt_len=0 pkg=com.larus.nova t_boot_ns=647103908698396
08-30 13:45:34.878 I/AnebProbe(22981): ADAPTER_EVT type=content cls=android.widget.EditText desc=null txt_len=2 pkg=com.larus.nova t_boot_ns=647103909212980
08-30 13:45:34.900 I/AnebProbe(22981): ADAPTER_EVT type=content cls=android.view.ViewGroup desc=null txt_len=0 pkg=com.larus.nova t_boot_ns=647103931009334
08-30 13:45:34.900 I/AnebProbe(22981): ADAPTER_EVT type=content cls=android.widget.EditText desc=null txt_len=3 pkg=com.larus.nova t_boot_ns=647103931507771
08-30 13:45:34.920 I/AnebProbe(22981): ADAPTER_EVT type=content cls=android.view.ViewGroup desc=null txt_len=0 pkg=com.larus.nova t_boot_ns=647103951005688
08-30 13:45:34.920 I/AnebProbe(22981): ADAPTER_EVT type=content cls=android.widget.EditText desc=null txt_len=4 pkg=com.larus.nova t_boot_ns=647103951390063
08-30 13:45:34.945 I/AnebProbe(22981): ADAPTER_EVT type=content cls=android.view.ViewGroup desc=null txt_len=0 pkg=com.larus.nova t_boot_ns=647103976033292
08-30 13:45:34.945 I/AnebProbe(22981): ADAPTER_EVT type=content cls=android.widget.EditText desc=null txt_len=5 pkg=com.larus.nova t_boot_ns=647103976505167
08-30 13:45:34.953 I/AnebProbe(22981): ADAPTER_EVT type=content cls=android.widget.EditText desc=null txt_len=6 pkg=com.larus.nova t_boot_ns=647103984237980
08-30 13:45:34.977 I/AnebProbe(22981): ADAPTER_EVT type=content cls=android.view.ViewGroup desc=null txt_len=0 pkg=com.larus.nova t_boot_ns=647104008637459
08-30 13:45:34.978 I/AnebProbe(22981): ADAPTER_EVT type=content cls=android.widget.EditText desc=null txt_len=7 pkg=com.larus.nova t_boot_ns=647104009024438
08-30 13:45:34.986 I/AnebProbe(22981): ADAPTER_EVT type=content cls=androidx.recyclerview.widget.RecyclerView desc=null txt_len=0 pkg=com.larus.nova t_boot_ns=647104017845271
08-30 13:45:34.987 I/AnebProbe(22981): ADAPTER_EVT type=content cls=android.widget.EditText desc=null txt_len=8 pkg=com.larus.nova t_boot_ns=647104018219751
08-30 13:45:35.010 I/AnebProbe(22981): ADAPTER_EVT type=content cls=android.view.ViewGroup desc=null txt_len=0 pkg=com.larus.nova t_boot_ns=647104041243709
08-30 13:45:35.010 I/AnebProbe(22981): ADAPTER_EVT type=content cls=android.widget.EditText desc=null txt_len=9 pkg=com.larus.nova t_boot_ns=647104041605167
08-30 13:45:35.035 I/AnebProbe(22981): ADAPTER_EVT type=content cls=android.view.ViewGroup desc=null txt_len=0 pkg=com.larus.nova t_boot_ns=647104066459855
08-30 13:45:35.035 I/AnebProbe(22981): ADAPTER_EVT type=content cls=android.widget.EditText desc=null txt_len=10 pkg=com.larus.nova t_boot_ns=647104066812459
08-30 13:45:35.060 I/AnebProbe(22981): ADAPTER_EVT type=content cls=android.view.ViewGroup desc=null txt_len=0 pkg=com.larus.nova t_boot_ns=647104091884855
08-30 13:45:35.061 I/AnebProbe(22981): ADAPTER_EVT type=content cls=android.widget.EditText desc=null txt_len=11 pkg=com.larus.nova t_boot_ns=647104092267146
08-30 13:45:35.081 I/AnebProbe(22981): ADAPTER_EVT type=content cls=android.view.ViewGroup desc=null txt_len=0 pkg=com.larus.nova t_boot_ns=647104112215063
08-30 13:45:35.082 I/AnebProbe(22981): ADAPTER_EVT type=content cls=android.widget.EditText desc=null txt_len=12 pkg=com.larus.nova t_boot_ns=647104112856209
08-30 13:45:35.103 I/AnebProbe(22981): ADAPTER_EVT type=content cls=android.view.ViewGroup desc=null txt_len=0 pkg=com.larus.nova t_boot_ns=647104133922355
08-30 13:45:35.103 I/AnebProbe(22981): ADAPTER_EVT type=content cls=android.widget.EditText desc=null txt_len=13 pkg=com.larus.nova t_boot_ns=647104134406209
08-30 13:45:35.127 I/AnebProbe(22981): ADAPTER_EVT type=content cls=android.view.ViewGroup desc=null txt_len=0 pkg=com.larus.nova t_boot_ns=647104158133292
08-30 13:45:35.128 I/AnebProbe(22981): ADAPTER_EVT type=content cls=android.widget.EditText desc=null txt_len=14 pkg=com.larus.nova t_boot_ns=647104159065584
08-30 13:45:35.149 I/AnebProbe(22981): ADAPTER_EVT type=content cls=android.view.ViewGroup desc=null txt_len=0 pkg=com.larus.nova t_boot_ns=647104180396313
08-30 13:45:35.150 I/AnebProbe(22981): ADAPTER_EVT type=content cls=android.widget.EditText desc=null txt_len=15 pkg=com.larus.nova t_boot_ns=647104180885896
08-30 13:45:35.175 I/AnebProbe(22981): ADAPTER_EVT type=content cls=android.view.ViewGroup desc=null txt_len=0 pkg=com.larus.nova t_boot_ns=647104206342667
08-30 13:45:35.175 I/AnebProbe(22981): ADAPTER_EVT type=content cls=android.widget.EditText desc=null txt_len=16 pkg=com.larus.nova t_boot_ns=647104206783813
08-30 13:45:35.214 I/AnebProbe(22981): ADAPTER_EVT type=content cls=android.view.ViewGroup desc=null txt_len=0 pkg=com.larus.nova t_boot_ns=647104244993709
08-30 13:45:35.214 I/AnebProbe(22981): ADAPTER_EVT type=content cls=android.widget.EditText desc=null txt_len=17 pkg=com.larus.nova t_boot_ns=647104245462459
08-30 13:45:35.235 I/AnebProbe(22981): ADAPTER_EVT type=content cls=android.view.ViewGroup desc=null txt_len=0 pkg=com.larus.nova t_boot_ns=647104266215063
08-30 13:45:35.235 I/AnebProbe(22981): ADAPTER_EVT type=content cls=android.widget.EditText desc=null txt_len=18 pkg=com.larus.nova t_boot_ns=647104266573396
08-30 13:45:35.256 I/AnebProbe(22981): ADAPTER_EVT type=content cls=android.view.ViewGroup desc=null txt_len=0 pkg=com.larus.nova t_boot_ns=647104287323396
08-30 13:45:35.256 I/AnebProbe(22981): ADAPTER_EVT type=content cls=android.widget.EditText desc=null txt_len=19 pkg=com.larus.nova t_boot_ns=647104287695271
08-30 13:45:35.264 I/AnebProbe(22981): ADAPTER_EVT type=content cls=android.widget.EditText desc=null txt_len=20 pkg=com.larus.nova t_boot_ns=647104295572875
08-30 13:45:35.282 I/AnebProbe(22981): ADAPTER_EVT type=content cls=android.view.ViewGroup desc=null txt_len=0 pkg=com.larus.nova t_boot_ns=647104313939021
08-30 13:45:35.283 I/AnebProbe(22981): ADAPTER_EVT type=content cls=android.widget.EditText desc=null txt_len=21 pkg=com.larus.nova t_boot_ns=647104314299959
08-30 13:45:35.301 I/AnebProbe(22981): ADAPTER_EVT type=content cls=android.view.ViewGroup desc=null txt_len=0 pkg=com.larus.nova t_boot_ns=647104332593188
08-30 13:45:35.301 I/AnebProbe(22981): ADAPTER_EVT type=content cls=android.widget.EditText desc=null txt_len=22 pkg=com.larus.nova t_boot_ns=647104332941105
08-30 13:45:35.323 I/AnebProbe(22981): ADAPTER_EVT type=content cls=android.view.ViewGroup desc=null txt_len=0 pkg=com.larus.nova t_boot_ns=647104354375480
08-30 13:45:35.323 I/AnebProbe(22981): ADAPTER_EVT type=content cls=android.widget.EditText desc=null txt_len=23 pkg=com.larus.nova t_boot_ns=647104354783813
08-30 13:45:35.333 I/AnebProbe(22981): ADAPTER_EVT type=content cls=android.widget.EditText desc=null txt_len=24 pkg=com.larus.nova t_boot_ns=647104364414021
08-30 13:45:35.351 I/AnebProbe(22981): ADAPTER_EVT type=content cls=android.view.ViewGroup desc=null txt_len=0 pkg=com.larus.nova t_boot_ns=647104382464542
08-30 13:45:35.352 I/AnebProbe(22981): ADAPTER_EVT type=content cls=android.widget.EditText desc=null txt_len=25 pkg=com.larus.nova t_boot_ns=647104382934855
08-30 13:45:35.373 I/AnebProbe(22981): ADAPTER_EVT type=content cls=android.view.ViewGroup desc=null txt_len=0 pkg=com.larus.nova t_boot_ns=647104404077563
08-30 13:45:35.373 I/AnebProbe(22981): ADAPTER_EVT type=content cls=android.widget.EditText desc=null txt_len=26 pkg=com.larus.nova t_boot_ns=647104404497875
08-30 13:45:35.490 I/AnebProbe(22981): ADAPTER_EVT type=content cls=android.view.ViewGroup desc=null txt_len=0 pkg=com.larus.nova t_boot_ns=647104521673396
08-30 13:45:35.606 I/AnebProbe(22981): ADAPTER_EVT type=content cls=android.view.ViewGroup desc=null txt_len=0 pkg=com.larus.nova t_boot_ns=647104637068709
08-30 13:45:35.720 I/AnebProbe(22981): ADAPTER_EVT type=content cls=android.view.ViewGroup desc=null txt_len=0 pkg=com.larus.nova t_boot_ns=647104751697355
08-30 13:45:35.822 I/AnebProbe(22981): ADAPTER_EVT type=content cls=android.view.ViewGroup desc=null txt_len=0 pkg=com.larus.nova t_boot_ns=647104853595792
08-30 13:45:35.939 I/AnebProbe(22981): ADAPTER_EVT type=content cls=android.view.ViewGroup desc=null txt_len=0 pkg=com.larus.nova t_boot_ns=647104970401000
08-30 13:45:36.054 I/AnebProbe(22981): ADAPTER_EVT type=content cls=android.view.ViewGroup desc=null txt_len=0 pkg=com.larus.nova t_boot_ns=647105085721313
08-30 13:45:36.171 I/AnebProbe(22981): ADAPTER_EVT type=content cls=android.view.ViewGroup desc=null txt_len=0 pkg=com.larus.nova t_boot_ns=647105202129125
08-30 13:45:36.287 I/AnebProbe(22981): ADAPTER_EVT type=content cls=android.view.ViewGroup desc=null txt_len=0 pkg=com.larus.nova t_boot_ns=647105318816104
08-30 13:45:36.400 I/AnebProbe(22981): ADAPTER_EVT type=content cls=android.view.ViewGroup desc=null txt_len=0 pkg=com.larus.nova t_boot_ns=647105431914021
08-30 13:45:36.509 I/AnebProbe(22981): ADAPTER_EVT type=content cls=android.view.ViewGroup desc=null txt_len=0 pkg=com.larus.nova t_boot_ns=647105540490584
08-30 13:45:36.621 I/AnebProbe(22981): ADAPTER_EVT type=content cls=android.view.ViewGroup desc=null txt_len=0 pkg=com.larus.nova t_boot_ns=647105652800479
08-30 13:45:36.724 I/AnebProbe(22981): ADAPTER_EVT type=content cls=android.view.ViewGroup desc=null txt_len=0 pkg=com.larus.nova t_boot_ns=647105755077563
08-30 13:45:36.838 I/AnebProbe(22981): ADAPTER_EVT type=content cls=android.view.ViewGroup desc=null txt_len=0 pkg=com.larus.nova t_boot_ns=647105869511938
08-30 13:45:36.940 I/AnebProbe(22981): ADAPTER_EVT type=content cls=android.view.ViewGroup desc=null txt_len=0 pkg=com.larus.nova t_boot_ns=647105971015584
08-30 13:45:37.056 I/AnebProbe(22981): ADAPTER_EVT type=content cls=android.view.ViewGroup desc=null txt_len=0 pkg=com.larus.nova t_boot_ns=647106087104646
08-30 13:45:37.164 I/AnebProbe(22981): ADAPTER_EVT type=content cls=android.view.ViewGroup desc=null txt_len=0 pkg=com.larus.nova t_boot_ns=647106195384334
08-30 13:45:37.268 I/AnebProbe(22981): ADAPTER_EVT type=content cls=android.view.ViewGroup desc=null txt_len=0 pkg=com.larus.nova t_boot_ns=647106299615063
08-30 13:45:37.383 I/AnebProbe(22981): ADAPTER_EVT type=content cls=android.view.ViewGroup desc=null txt_len=0 pkg=com.larus.nova t_boot_ns=647106413949958
08-30 13:45:37.416 I/AnebE4MARK(27828): E4MARK kind=turn_start n=4
08-30 13:45:37.483 I/AnebProbe(22981): ADAPTER_EVT type=content cls=android.view.ViewGroup desc=null txt_len=0 pkg=com.larus.nova t_boot_ns=647106514666625
08-30 13:45:37.567 I/AnebProbe(22981): ADAPTER_EVT type=content cls=android.view.ViewGroup desc=null txt_len=0 pkg=com.larus.nova t_boot_ns=647106598757250
08-30 13:45:37.630 I/AnebProbe(22981): ADAPTER_EVT type=content cls=android.view.ViewGroup desc=null txt_len=0 pkg=com.larus.nova t_boot_ns=647106661973917
08-30 13:45:37.730 I/AnebProbe(22981): ADAPTER_EVT type=content cls=android.view.ViewGroup desc=null txt_len=0 pkg=com.larus.nova t_boot_ns=647106761474438
08-30 13:45:38.037 I/AnebProbe(22981): ADAPTER_EVT type=content cls=androidx.drawerlayout.widget.DrawerLayout desc=null txt_len=0 pkg=com.larus.nova t_boot_ns=647107068334333
08-30 13:45:38.138 I/AnebProbe(22981): ADAPTER_EVT type=content cls=androidx.drawerlayout.widget.DrawerLayout desc=null txt_len=0 pkg=com.larus.nova t_boot_ns=647107169008292
08-30 13:45:38.254 I/AnebProbe(22981): ADAPTER_EVT type=content cls=androidx.drawerlayout.widget.DrawerLayout desc=null txt_len=0 pkg=com.larus.nova t_boot_ns=647107285819750
08-30 13:45:38.358 I/AnebProbe(22981): ADAPTER_EVT type=content cls=androidx.drawerlayout.widget.DrawerLayout desc=null txt_len=0 pkg=com.larus.nova t_boot_ns=647107389760375
08-30 13:45:38.460 I/AnebProbe(22981): ADAPTER_EVT type=content cls=androidx.recyclerview.widget.RecyclerView desc=null txt_len=0 pkg=com.larus.nova t_boot_ns=647107491149958
08-30 13:45:38.571 I/AnebProbe(22981): ADAPTER_EVT type=content cls=androidx.drawerlayout.widget.DrawerLayout desc=null txt_len=0 pkg=com.larus.nova t_boot_ns=647107602296833
08-30 13:45:38.671 I/AnebProbe(22981): ADAPTER_EVT type=content cls=androidx.drawerlayout.widget.DrawerLayout desc=null txt_len=0 pkg=com.larus.nova t_boot_ns=647107702546312
08-30 13:45:39.060 I/AnebProbe(22981): ADAPTER_EVT type=content cls=androidx.recyclerview.widget.RecyclerView desc=null txt_len=0 pkg=com.larus.nova t_boot_ns=647108091768187
08-30 13:45:39.062 I/AnebProbe(22981): ADAPTER_OBS pkg=com.larus.nova mode=doubao events=540 rule_matched=67 first_delta_ms=0 cadence_p50_ms=99.9 session_span_ms=134800.3 confidence=LOW/INCONCLUSIVE reason=throttle ttft_send_ms=null anchor_source=null ttft_cluster_ms=null ttft_density_ms=null
08-30 13:45:39.155 I/AnebProbe(22981): ADAPTER_EVT type=content cls=androidx.recyclerview.widget.RecyclerView desc=null txt_len=0 pkg=com.larus.nova t_boot_ns=647108185799958
08-30 13:45:39.334 I/AnebProbe(22981): ADAPTER_EVT type=content cls=androidx.drawerlayout.widget.DrawerLayout desc=null txt_len=0 pkg=com.larus.nova t_boot_ns=647108365531208
08-30 13:45:39.436 I/AnebProbe(22981): ADAPTER_EVT type=content cls=androidx.drawerlayout.widget.DrawerLayout desc=null txt_len=0 pkg=com.larus.nova t_boot_ns=647108467045792
08-30 13:45:39.721 I/AnebProbe(22981): ADAPTER_EVT type=content cls=androidx.recyclerview.widget.RecyclerView desc=null txt_len=0 pkg=com.larus.nova t_boot_ns=647108752370791
08-30 13:45:39.819 I/AnebProbe(22981): ADAPTER_EVT type=content cls=androidx.recyclerview.widget.RecyclerView desc=null txt_len=0 pkg=com.larus.nova t_boot_ns=647108850584854
08-30 13:45:39.972 I/AnebProbe(22981): ADAPTER_EVT type=content cls=androidx.recyclerview.widget.RecyclerView desc=null txt_len=0 pkg=com.larus.nova t_boot_ns=647109003130166
08-30 13:45:40.110 I/AnebProbe(22981): ADAPTER_EVT type=content cls=androidx.drawerlayout.widget.DrawerLayout desc=null txt_len=0 pkg=com.larus.nova t_boot_ns=647109141437458
08-30 13:45:40.210 I/AnebProbe(22981): ADAPTER_EVT type=content cls=androidx.drawerlayout.widget.DrawerLayout desc=null txt_len=0 pkg=com.larus.nova t_boot_ns=647109241389541
08-30 13:45:40.327 I/AnebProbe(22981): ADAPTER_EVT type=content cls=androidx.recyclerview.widget.RecyclerView desc=null txt_len=0 pkg=com.larus.nova t_boot_ns=647109358209333
08-30 13:45:40.460 I/AnebProbe(22981): ADAPTER_EVT type=content cls=androidx.drawerlayout.widget.DrawerLayout desc=null txt_len=0 pkg=com.larus.nova t_boot_ns=647109491503604
08-30 13:45:40.569 I/AnebProbe(22981): ADAPTER_EVT type=content cls=androidx.drawerlayout.widget.DrawerLayout desc=null txt_len=0 pkg=com.larus.nova t_boot_ns=647109600667666
08-30 13:45:40.670 I/AnebProbe(22981): ADAPTER_EVT type=content cls=androidx.recyclerview.widget.RecyclerView desc=null txt_len=0 pkg=com.larus.nova t_boot_ns=647109701095791
08-30 13:45:40.786 I/AnebProbe(22981): ADAPTER_EVT type=content cls=androidx.recyclerview.widget.RecyclerView desc=null txt_len=0 pkg=com.larus.nova t_boot_ns=647109817008291
08-30 13:45:40.900 I/AnebProbe(22981): ADAPTER_EVT type=content cls=androidx.recyclerview.widget.RecyclerView desc=null txt_len=0 pkg=com.larus.nova t_boot_ns=647109931556208
08-30 13:45:41.008 I/AnebProbe(22981): ADAPTER_EVT type=content cls=androidx.recyclerview.widget.RecyclerView desc=null txt_len=0 pkg=com.larus.nova t_boot_ns=647110039259333
08-30 13:45:41.115 I/AnebProbe(22981): ADAPTER_EVT type=content cls=androidx.recyclerview.widget.RecyclerView desc=null txt_len=0 pkg=com.larus.nova t_boot_ns=647110146295270
08-30 13:45:41.220 I/AnebProbe(22981): ADAPTER_EVT type=content cls=androidx.recyclerview.widget.RecyclerView desc=null txt_len=0 pkg=com.larus.nova t_boot_ns=647110250903604
08-30 13:45:41.333 I/AnebProbe(22981): ADAPTER_EVT type=content cls=androidx.recyclerview.widget.RecyclerView desc=null txt_len=0 pkg=com.larus.nova t_boot_ns=647110364024958
08-30 13:45:41.436 I/AnebProbe(22981): ADAPTER_EVT type=content cls=androidx.drawerlayout.widget.DrawerLayout desc=null txt_len=0 pkg=com.larus.nova t_boot_ns=647110467277562
08-30 13:45:41.547 I/AnebProbe(22981): ADAPTER_EVT type=content cls=androidx.recyclerview.widget.RecyclerView desc=null txt_len=0 pkg=com.larus.nova t_boot_ns=647110578496312
08-30 13:45:41.658 I/AnebProbe(22981): ADAPTER_EVT type=content cls=androidx.drawerlayout.widget.DrawerLayout desc=null txt_len=0 pkg=com.larus.nova t_boot_ns=647110689588500
08-30 13:45:41.760 I/AnebProbe(22981): ADAPTER_EVT type=content cls=androidx.recyclerview.widget.RecyclerView desc=null txt_len=0 pkg=com.larus.nova t_boot_ns=647110790848395
08-30 13:45:42.054 I/AnebProbe(22981): ADAPTER_EVT type=content cls=androidx.drawerlayout.widget.DrawerLayout desc=null txt_len=0 pkg=com.larus.nova t_boot_ns=647111084969229
08-30 13:45:42.153 I/AnebProbe(22981): ADAPTER_EVT type=content cls=androidx.drawerlayout.widget.DrawerLayout desc=null txt_len=0 pkg=com.larus.nova t_boot_ns=647111184471312
08-30 13:45:55.614 I/AnebE4MARK(27895): E4MARK kind=answer_complete n=4
08-30 13:45:57.859 I/AnebProbe(22981): ADAPTER_EVT type=click cls=android.widget.ImageView desc=返回 txt_len=2 pkg=com.larus.nova t_boot_ns=647126890520789
08-30 13:45:57.861 I/AnebProbe(22981): ADAPTER_OBS pkg=com.larus.nova mode=doubao events=564 rule_matched=81 first_delta_ms=0 cadence_p50_ms=100.2 session_span_ms=137893.0 confidence=LOW/INCONCLUSIVE reason=throttle ttft_send_ms=null anchor_source=null ttft_cluster_ms=null ttft_density_ms=null
08-30 13:45:57.981 I/AnebProbe(22981): ADAPTER_EVT type=content cls=androidx.drawerlayout.widget.DrawerLayout desc=null txt_len=0 pkg=com.larus.nova t_boot_ns=647127012463497
08-30 13:45:58.100 I/AnebProbe(22981): ADAPTER_EVT type=content cls=androidx.drawerlayout.widget.DrawerLayout desc=null txt_len=0 pkg=com.larus.nova t_boot_ns=647127131129122
08-30 13:45:58.212 I/AnebProbe(22981): ADAPTER_EVT type=content cls=androidx.drawerlayout.widget.DrawerLayout desc=null txt_len=0 pkg=com.larus.nova t_boot_ns=647127243527559
08-30 13:45:58.286 I/AnebProbe(22981): ADAPTER_EVT type=content cls=androidx.drawerlayout.widget.DrawerLayout desc=null txt_len=0 pkg=com.larus.nova t_boot_ns=647127317774955
08-30 13:45:59.565 I/AnebProbe(22981): ADAPTER_EVT type=click cls=android.widget.ImageView desc=创建新对话 txt_len=5 pkg=com.larus.nova t_boot_ns=647128596580684
08-30 13:45:59.565 I/AnebProbe(22981): ADAPTER_EVT type=content cls=android.widget.FrameLayout desc=null txt_len=0 pkg=com.larus.nova t_boot_ns=647128596723913
08-30 13:45:59.790 I/AnebProbe(22981): ADAPTER_EVT type=content cls=androidx.drawerlayout.widget.DrawerLayout desc=null txt_len=0 pkg=com.larus.nova t_boot_ns=647128821008809
08-30 13:45:59.929 I/AnebProbe(22981): ADAPTER_EVT type=content cls=androidx.drawerlayout.widget.DrawerLayout desc=null txt_len=0 pkg=com.larus.nova t_boot_ns=647128960645788
08-30 13:45:59.987 I/AnebProbe(22981): ADAPTER_EVT type=content cls=androidx.drawerlayout.widget.DrawerLayout desc=null txt_len=0 pkg=com.larus.nova t_boot_ns=647129018372872
08-30 13:46:00.084 I/AnebProbe(22981): ADAPTER_EVT type=content cls=android.view.ViewGroup desc=null txt_len=0 pkg=com.larus.nova t_boot_ns=647129116049955
08-30 13:46:00.186 I/AnebProbe(22981): ADAPTER_EVT type=content cls=android.view.ViewGroup desc=null txt_len=0 pkg=com.larus.nova t_boot_ns=647129217514538
08-30 13:46:00.295 I/AnebProbe(22981): ADAPTER_EVT type=content cls=androidx.drawerlayout.widget.DrawerLayout desc=null txt_len=0 pkg=com.larus.nova t_boot_ns=647129326382247
08-30 13:46:00.395 I/AnebProbe(22981): ADAPTER_EVT type=content cls=android.view.ViewGroup desc=null txt_len=0 pkg=com.larus.nova t_boot_ns=647129426549955
08-30 13:46:00.500 I/AnebProbe(22981): ADAPTER_EVT type=content cls=android.view.ViewGroup desc=null txt_len=0 pkg=com.larus.nova t_boot_ns=647129531370788
08-30 13:46:00.600 I/AnebProbe(22981): ADAPTER_EVT type=content cls=android.view.ViewGroup desc=null txt_len=0 pkg=com.larus.nova t_boot_ns=647129630991101
08-30 13:46:00.767 I/AnebProbe(22981): ADAPTER_EVT type=content cls=android.view.ViewGroup desc=新对话，打开设置页 txt_len=0 pkg=com.larus.nova t_boot_ns=647129798653080
08-30 13:46:00.868 I/AnebProbe(22981): ADAPTER_EVT type=content cls=android.view.ViewGroup desc=null txt_len=0 pkg=com.larus.nova t_boot_ns=647129899534330
08-30 13:46:00.972 I/AnebProbe(22981): ADAPTER_EVT type=content cls=android.view.ViewGroup desc=null txt_len=0 pkg=com.larus.nova t_boot_ns=647130003847351
08-30 13:46:01.072 I/AnebProbe(22981): ADAPTER_EVT type=content cls=android.view.ViewGroup desc=null txt_len=0 pkg=com.larus.nova t_boot_ns=647130103483809
08-30 13:46:01.172 I/AnebProbe(22981): ADAPTER_EVT type=content cls=android.view.ViewGroup desc=null txt_len=0 pkg=com.larus.nova t_boot_ns=647130203795788
08-30 13:46:01.285 I/AnebProbe(22981): ADAPTER_EVT type=content cls=android.view.ViewGroup desc=null txt_len=0 pkg=com.larus.nova t_boot_ns=647130315967142
08-30 13:46:01.385 I/AnebProbe(22981): ADAPTER_EVT type=content cls=android.view.ViewGroup desc=null txt_len=0 pkg=com.larus.nova t_boot_ns=647130416014017
08-30 13:46:01.496 I/AnebProbe(22981): ADAPTER_EVT type=content cls=android.view.ViewGroup desc=null txt_len=0 pkg=com.larus.nova t_boot_ns=647130527150476
08-30 13:46:01.596 I/AnebProbe(22981): ADAPTER_EVT type=content cls=androidx.drawerlayout.widget.DrawerLayout desc=null txt_len=0 pkg=com.larus.nova t_boot_ns=647130627238496
08-30 13:46:01.719 I/AnebProbe(22981): ADAPTER_EVT type=content cls=android.view.ViewGroup desc=null txt_len=0 pkg=com.larus.nova t_boot_ns=647130750263496
08-30 13:46:01.819 I/AnebProbe(22981): ADAPTER_EVT type=content cls=android.view.ViewGroup desc=null txt_len=0 pkg=com.larus.nova t_boot_ns=647130850789538
08-30 13:46:02.509 I/AnebProbe(22981): ADAPTER_EVT type=content cls=android.view.ViewGroup desc=新对话，打开设置页 txt_len=0 pkg=com.larus.nova t_boot_ns=647131540619746
08-30 13:46:02.615 I/AnebProbe(22981): ADAPTER_EVT type=content cls=android.view.ViewGroup desc=null txt_len=0 pkg=com.larus.nova t_boot_ns=647131646098913
08-30 13:46:02.728 I/AnebProbe(22981): ADAPTER_EVT type=content cls=android.view.ViewGroup desc=null txt_len=0 pkg=com.larus.nova t_boot_ns=647131759793184
08-30 13:46:02.829 I/AnebProbe(22981): ADAPTER_EVT type=content cls=android.view.ViewGroup desc=null txt_len=0 pkg=com.larus.nova t_boot_ns=647131860777038
08-30 13:46:02.931 I/AnebProbe(22981): ADAPTER_EVT type=content cls=android.view.ViewGroup desc=null txt_len=0 pkg=com.larus.nova t_boot_ns=647131962070788
08-30 13:46:02.931 I/AnebProbe(22981): ADAPTER_OBS pkg=com.larus.nova mode=doubao events=594 rule_matched=81 first_delta_ms=0 cadence_p50_ms=100.9 session_span_ms=158670.6 confidence=LOW/INCONCLUSIVE reason=throttle ttft_send_ms=null anchor_source=null ttft_cluster_ms=22490.8 ttft_density_ms=null
08-30 13:46:03.040 I/AnebProbe(22981): ADAPTER_EVT type=content cls=android.view.ViewGroup desc=null txt_len=0 pkg=com.larus.nova t_boot_ns=647132071995788
08-30 13:46:03.142 I/AnebProbe(22981): ADAPTER_EVT type=content cls=android.view.ViewGroup desc=null txt_len=0 pkg=com.larus.nova t_boot_ns=647132173002038
08-30 13:46:03.242 I/AnebProbe(22981): ADAPTER_EVT type=content cls=android.view.ViewGroup desc=null txt_len=0 pkg=com.larus.nova t_boot_ns=647132273275475
08-30 13:46:03.348 I/AnebProbe(22981): ADAPTER_EVT type=content cls=android.view.ViewGroup desc=null txt_len=0 pkg=com.larus.nova t_boot_ns=647132378817663
08-30 13:46:03.459 I/AnebProbe(22981): ADAPTER_EVT type=content cls=android.view.ViewGroup desc=null txt_len=0 pkg=com.larus.nova t_boot_ns=647132490287975
08-30 13:46:03.564 I/AnebProbe(22981): ADAPTER_EVT type=content cls=android.view.ViewGroup desc=null txt_len=0 pkg=com.larus.nova t_boot_ns=647132595128600
08-30 13:46:03.675 I/AnebProbe(22981): ADAPTER_EVT type=content cls=android.view.ViewGroup desc=null txt_len=0 pkg=com.larus.nova t_boot_ns=647132706509850
08-30 13:46:03.777 I/AnebProbe(22981): ADAPTER_EVT type=content cls=android.view.ViewGroup desc=null txt_len=0 pkg=com.larus.nova t_boot_ns=647132808032246
08-30 13:46:03.877 I/AnebProbe(22981): ADAPTER_EVT type=content cls=android.view.ViewGroup desc=null txt_len=0 pkg=com.larus.nova t_boot_ns=647132908165059
08-30 13:46:03.894 I/AnebProbe(22981): ADAPTER_EVT type=content cls=android.view.ViewGroup desc=null txt_len=0 pkg=com.larus.nova t_boot_ns=647132925335892
08-30 13:46:03.894 I/AnebProbe(22981): ADAPTER_EVT type=content cls=android.widget.EditText desc=null txt_len=1 pkg=com.larus.nova t_boot_ns=647132925816621
08-30 13:46:03.903 I/AnebProbe(22981): ADAPTER_EVT type=content cls=android.view.ViewGroup desc=null txt_len=0 pkg=com.larus.nova t_boot_ns=647132934660892
08-30 13:46:03.973 I/AnebProbe(22981): ADAPTER_EVT type=content cls=android.view.ViewGroup desc=null txt_len=0 pkg=com.larus.nova t_boot_ns=647133004133809
08-30 13:46:03.973 I/AnebProbe(22981): ADAPTER_EVT type=content cls=android.widget.EditText desc=null txt_len=2 pkg=com.larus.nova t_boot_ns=647133004481725
08-30 13:46:03.990 I/AnebProbe(22981): ADAPTER_EVT type=content cls=android.view.ViewGroup desc=null txt_len=0 pkg=com.larus.nova t_boot_ns=647133021298392
08-30 13:46:03.990 I/AnebProbe(22981): ADAPTER_EVT type=content cls=android.widget.EditText desc=null txt_len=3 pkg=com.larus.nova t_boot_ns=647133021451517
08-30 13:46:04.009 I/AnebProbe(22981): ADAPTER_EVT type=content cls=android.view.ViewGroup desc=null txt_len=0 pkg=com.larus.nova t_boot_ns=647133040141100
08-30 13:46:04.009 I/AnebProbe(22981): ADAPTER_EVT type=content cls=android.widget.EditText desc=null txt_len=4 pkg=com.larus.nova t_boot_ns=647133040453079
08-30 13:46:04.026 I/AnebProbe(22981): ADAPTER_EVT type=content cls=android.view.ViewGroup desc=null txt_len=0 pkg=com.larus.nova t_boot_ns=647133057454642
08-30 13:46:04.026 I/AnebProbe(22981): ADAPTER_EVT type=content cls=android.widget.EditText desc=null txt_len=5 pkg=com.larus.nova t_boot_ns=647133057812975
08-30 13:46:04.044 I/AnebProbe(22981): ADAPTER_EVT type=content cls=android.view.ViewGroup desc=null txt_len=0 pkg=com.larus.nova t_boot_ns=647133075717663
08-30 13:46:04.045 I/AnebProbe(22981): ADAPTER_EVT type=content cls=android.widget.EditText desc=null txt_len=6 pkg=com.larus.nova t_boot_ns=647133076068184
08-30 13:46:04.063 I/AnebProbe(22981): ADAPTER_EVT type=content cls=android.view.ViewGroup desc=null txt_len=0 pkg=com.larus.nova t_boot_ns=647133094415059
08-30 13:46:04.063 I/AnebProbe(22981): ADAPTER_EVT type=content cls=android.widget.EditText desc=null txt_len=7 pkg=com.larus.nova t_boot_ns=647133094809329
08-30 13:46:04.085 I/AnebProbe(22981): ADAPTER_EVT type=content cls=android.view.ViewGroup desc=null txt_len=0 pkg=com.larus.nova t_boot_ns=647133116734850
08-30 13:46:04.086 I/AnebProbe(22981): ADAPTER_EVT type=content cls=android.widget.EditText desc=null txt_len=8 pkg=com.larus.nova t_boot_ns=647133117226517
08-30 13:46:04.095 I/AnebProbe(22981): ADAPTER_EVT type=content cls=android.widget.EditText desc=null txt_len=9 pkg=com.larus.nova t_boot_ns=647133126842663
08-30 13:46:04.121 I/AnebProbe(22981): ADAPTER_EVT type=content cls=android.view.ViewGroup desc=null txt_len=0 pkg=com.larus.nova t_boot_ns=647133152433288
08-30 13:46:04.121 I/AnebProbe(22981): ADAPTER_EVT type=content cls=android.widget.EditText desc=null txt_len=10 pkg=com.larus.nova t_boot_ns=647133152852559
08-30 13:46:04.143 I/AnebProbe(22981): ADAPTER_EVT type=content cls=android.view.ViewGroup desc=null txt_len=0 pkg=com.larus.nova t_boot_ns=647133174888496
08-30 13:46:04.144 I/AnebProbe(22981): ADAPTER_EVT type=content cls=android.widget.EditText desc=null txt_len=11 pkg=com.larus.nova t_boot_ns=647133175286934
08-30 13:46:04.163 I/AnebProbe(22981): ADAPTER_EVT type=content cls=android.view.ViewGroup desc=null txt_len=0 pkg=com.larus.nova t_boot_ns=647133194424434
08-30 13:46:04.163 I/AnebProbe(22981): ADAPTER_EVT type=content cls=android.widget.EditText desc=null txt_len=12 pkg=com.larus.nova t_boot_ns=647133194790059
08-30 13:46:04.186 I/AnebProbe(22981): ADAPTER_EVT type=content cls=android.view.ViewGroup desc=null txt_len=0 pkg=com.larus.nova t_boot_ns=647133217005163
08-30 13:46:04.186 I/AnebProbe(22981): ADAPTER_EVT type=content cls=android.widget.EditText desc=null txt_len=13 pkg=com.larus.nova t_boot_ns=647133217570788
08-30 13:46:04.196 I/AnebProbe(22981): ADAPTER_EVT type=content cls=android.widget.EditText desc=null txt_len=14 pkg=com.larus.nova t_boot_ns=647133227742663
08-30 13:46:04.217 I/AnebProbe(22981): ADAPTER_EVT type=content cls=android.view.ViewGroup desc=null txt_len=0 pkg=com.larus.nova t_boot_ns=647133248718184
08-30 13:46:04.218 I/AnebProbe(22981): ADAPTER_EVT type=content cls=android.widget.EditText desc=null txt_len=15 pkg=com.larus.nova t_boot_ns=647133249116100
08-30 13:46:04.241 I/AnebProbe(22981): ADAPTER_EVT type=content cls=android.view.ViewGroup desc=null txt_len=0 pkg=com.larus.nova t_boot_ns=647133271923913
08-30 13:46:04.241 I/AnebProbe(22981): ADAPTER_EVT type=content cls=android.widget.EditText desc=null txt_len=16 pkg=com.larus.nova t_boot_ns=647133272427038
08-30 13:46:04.259 I/AnebProbe(22981): ADAPTER_EVT type=content cls=android.view.ViewGroup desc=null txt_len=0 pkg=com.larus.nova t_boot_ns=647133290849434
08-30 13:46:04.260 I/AnebProbe(22981): ADAPTER_EVT type=content cls=android.widget.EditText desc=null txt_len=17 pkg=com.larus.nova t_boot_ns=647133291205684
08-30 13:46:04.284 I/AnebProbe(22981): ADAPTER_EVT type=content cls=android.view.ViewGroup desc=null txt_len=0 pkg=com.larus.nova t_boot_ns=647133315161934
08-30 13:46:04.284 I/AnebProbe(22981): ADAPTER_EVT type=content cls=android.widget.EditText desc=null txt_len=18 pkg=com.larus.nova t_boot_ns=647133315635892
08-30 13:46:04.295 I/AnebProbe(22981): ADAPTER_EVT type=content cls=android.widget.EditText desc=null txt_len=19 pkg=com.larus.nova t_boot_ns=647133326620788
08-30 13:46:04.318 I/AnebProbe(22981): ADAPTER_EVT type=content cls=android.view.ViewGroup desc=null txt_len=0 pkg=com.larus.nova t_boot_ns=647133349881204
08-30 13:46:04.319 I/AnebProbe(22981): ADAPTER_EVT type=content cls=android.widget.EditText desc=null txt_len=20 pkg=com.larus.nova t_boot_ns=647133350316100
08-30 13:46:04.340 I/AnebProbe(22981): ADAPTER_EVT type=content cls=android.view.ViewGroup desc=null txt_len=0 pkg=com.larus.nova t_boot_ns=647133371661934
08-30 13:46:04.340 I/AnebProbe(22981): ADAPTER_EVT type=content cls=android.widget.EditText desc=null txt_len=21 pkg=com.larus.nova t_boot_ns=647133371865059
08-30 13:46:04.363 I/AnebProbe(22981): ADAPTER_EVT type=content cls=android.view.ViewGroup desc=null txt_len=0 pkg=com.larus.nova t_boot_ns=647133394014538
08-30 13:46:04.363 I/AnebProbe(22981): ADAPTER_EVT type=content cls=android.widget.EditText desc=null txt_len=22 pkg=com.larus.nova t_boot_ns=647133394466100
08-30 13:46:04.384 I/AnebProbe(22981): ADAPTER_EVT type=content cls=android.view.ViewGroup desc=null txt_len=0 pkg=com.larus.nova t_boot_ns=647133415777038
08-30 13:46:04.385 I/AnebProbe(22981): ADAPTER_EVT type=content cls=android.widget.EditText desc=null txt_len=23 pkg=com.larus.nova t_boot_ns=647133416343704
08-30 13:46:04.406 I/AnebProbe(22981): ADAPTER_EVT type=content cls=android.view.ViewGroup desc=null txt_len=0 pkg=com.larus.nova t_boot_ns=647133437518184
08-30 13:46:04.408 I/AnebProbe(22981): ADAPTER_EVT type=content cls=android.widget.EditText desc=null txt_len=24 pkg=com.larus.nova t_boot_ns=647133439060371
08-30 13:46:04.426 I/AnebProbe(22981): ADAPTER_EVT type=content cls=android.view.ViewGroup desc=null txt_len=0 pkg=com.larus.nova t_boot_ns=647133457097871
08-30 13:46:04.426 I/AnebProbe(22981): ADAPTER_EVT type=content cls=android.widget.EditText desc=null txt_len=25 pkg=com.larus.nova t_boot_ns=647133457746309
08-30 13:46:04.450 I/AnebProbe(22981): ADAPTER_EVT type=content cls=android.view.ViewGroup desc=null txt_len=0 pkg=com.larus.nova t_boot_ns=647133481351517
08-30 13:46:04.450 I/AnebProbe(22981): ADAPTER_EVT type=content cls=android.widget.EditText desc=null txt_len=26 pkg=com.larus.nova t_boot_ns=647133481816621
08-30 13:46:04.554 I/AnebProbe(22981): ADAPTER_EVT type=content cls=android.view.ViewGroup desc=null txt_len=0 pkg=com.larus.nova t_boot_ns=647133585765579
08-30 13:46:04.657 I/AnebProbe(22981): ADAPTER_EVT type=content cls=android.view.ViewGroup desc=null txt_len=0 pkg=com.larus.nova t_boot_ns=647133687167142
08-30 13:46:04.757 I/AnebProbe(22981): ADAPTER_EVT type=content cls=android.view.ViewGroup desc=null txt_len=0 pkg=com.larus.nova t_boot_ns=647133787982246
08-30 13:46:04.872 I/AnebProbe(22981): ADAPTER_EVT type=content cls=android.view.ViewGroup desc=null txt_len=0 pkg=com.larus.nova t_boot_ns=647133903365579
08-30 13:46:04.988 I/AnebProbe(22981): ADAPTER_EVT type=content cls=android.view.ViewGroup desc=null txt_len=0 pkg=com.larus.nova t_boot_ns=647134019460892
08-30 13:46:05.100 I/AnebProbe(22981): ADAPTER_EVT type=content cls=android.view.ViewGroup desc=null txt_len=0 pkg=com.larus.nova t_boot_ns=647134131076517
08-30 13:46:05.202 I/AnebProbe(22981): ADAPTER_EVT type=content cls=android.view.ViewGroup desc=null txt_len=0 pkg=com.larus.nova t_boot_ns=647134233124954
08-30 13:46:05.318 I/AnebProbe(22981): ADAPTER_EVT type=content cls=android.view.ViewGroup desc=null txt_len=0 pkg=com.larus.nova t_boot_ns=647134348525996
08-30 13:46:05.418 I/AnebProbe(22981): ADAPTER_EVT type=content cls=android.view.ViewGroup desc=null txt_len=0 pkg=com.larus.nova t_boot_ns=647134448811933
08-30 13:46:05.535 I/AnebProbe(22981): ADAPTER_EVT type=content cls=android.view.ViewGroup desc=null txt_len=0 pkg=com.larus.nova t_boot_ns=647134565942663
08-30 13:46:05.650 I/AnebProbe(22981): ADAPTER_EVT type=content cls=android.view.ViewGroup desc=null txt_len=0 pkg=com.larus.nova t_boot_ns=647134680890058
08-30 13:46:05.759 I/AnebProbe(22981): ADAPTER_EVT type=content cls=android.view.ViewGroup desc=null txt_len=0 pkg=com.larus.nova t_boot_ns=647134790561412
08-30 13:46:05.866 I/AnebProbe(22981): ADAPTER_EVT type=content cls=android.view.ViewGroup desc=null txt_len=0 pkg=com.larus.nova t_boot_ns=647134897072871
08-30 13:46:05.981 I/AnebProbe(22981): ADAPTER_EVT type=content cls=android.view.ViewGroup desc=null txt_len=0 pkg=com.larus.nova t_boot_ns=647135012573392
08-30 13:46:06.097 I/AnebProbe(22981): ADAPTER_EVT type=content cls=android.view.ViewGroup desc=null txt_len=0 pkg=com.larus.nova t_boot_ns=647135128239017
08-30 13:46:06.210 I/AnebProbe(22981): ADAPTER_EVT type=content cls=android.view.ViewGroup desc=null txt_len=0 pkg=com.larus.nova t_boot_ns=647135241660892
08-30 13:46:06.312 I/AnebProbe(22981): ADAPTER_EVT type=content cls=android.view.ViewGroup desc=null txt_len=0 pkg=com.larus.nova t_boot_ns=647135343448392
08-30 13:46:06.437 I/AnebProbe(22981): ADAPTER_EVT type=content cls=android.view.ViewGroup desc=null txt_len=0 pkg=com.larus.nova t_boot_ns=647135468277558
08-30 13:46:06.544 I/AnebProbe(22981): ADAPTER_EVT type=content cls=android.view.ViewGroup desc=null txt_len=0 pkg=com.larus.nova t_boot_ns=647135575197350
08-30 13:46:06.620 I/AnebE4MARK(27965): E4MARK kind=turn_start n=5
08-30 13:46:06.658 I/AnebProbe(22981): ADAPTER_EVT type=content cls=android.view.ViewGroup desc=null txt_len=0 pkg=com.larus.nova t_boot_ns=647135688918704
08-30 13:46:06.758 I/AnebProbe(22981): ADAPTER_EVT type=content cls=android.view.ViewGroup desc=null txt_len=0 pkg=com.larus.nova t_boot_ns=647135789709329
08-30 13:46:06.858 I/AnebProbe(22981): ADAPTER_EVT type=content cls=android.view.ViewGroup desc=null txt_len=0 pkg=com.larus.nova t_boot_ns=647135889433287
08-30 13:46:06.927 I/AnebProbe(22981): ADAPTER_EVT type=content cls=android.view.ViewGroup desc=null txt_len=0 pkg=com.larus.nova t_boot_ns=647135958828600
08-30 13:46:06.961 I/AnebProbe(22981): ADAPTER_EVT type=content cls=android.view.ViewGroup desc=null txt_len=0 pkg=com.larus.nova t_boot_ns=647135992610371
08-30 13:46:07.063 I/AnebProbe(22981): ADAPTER_EVT type=content cls=android.view.ViewGroup desc=null txt_len=0 pkg=com.larus.nova t_boot_ns=647136094259329
08-30 13:46:07.379 I/AnebProbe(22981): ADAPTER_EVT type=content cls=androidx.drawerlayout.widget.DrawerLayout desc=null txt_len=0 pkg=com.larus.nova t_boot_ns=647136410178600
08-30 13:46:07.479 I/AnebProbe(22981): ADAPTER_EVT type=content cls=androidx.drawerlayout.widget.DrawerLayout desc=null txt_len=0 pkg=com.larus.nova t_boot_ns=647136510661412
08-30 13:46:07.604 I/AnebProbe(22981): ADAPTER_EVT type=content cls=androidx.drawerlayout.widget.DrawerLayout desc=null txt_len=0 pkg=com.larus.nova t_boot_ns=647136635930162
08-30 13:46:07.710 I/AnebProbe(22981): ADAPTER_EVT type=content cls=android.view.ViewGroup desc=null txt_len=0 pkg=com.larus.nova t_boot_ns=647136741879121
08-30 13:46:07.830 I/AnebProbe(22981): ADAPTER_EVT type=content cls=androidx.drawerlayout.widget.DrawerLayout desc=null txt_len=0 pkg=com.larus.nova t_boot_ns=647136861087975
08-30 13:46:07.928 I/AnebProbe(22981): ADAPTER_EVT type=content cls=androidx.drawerlayout.widget.DrawerLayout desc=null txt_len=0 pkg=com.larus.nova t_boot_ns=647136959897350
08-30 13:46:08.621 I/AnebProbe(22981): ADAPTER_EVT type=content cls=android.widget.FrameLayout desc=打电话 txt_len=0 pkg=com.larus.nova t_boot_ns=647137651943183
08-30 13:46:08.622 I/AnebProbe(22981): ADAPTER_OBS pkg=com.larus.nova mode=doubao events=685 rule_matched=81 first_delta_ms=0 cadence_p50_ms=100.1 session_span_ms=164360.4 confidence=LOW/INCONCLUSIVE reason=throttle ttft_send_ms=null anchor_source=null ttft_cluster_ms=4066.2 ttft_density_ms=null
08-30 13:46:08.722 I/AnebProbe(22981): ADAPTER_EVT type=content cls=androidx.drawerlayout.widget.DrawerLayout desc=null txt_len=0 pkg=com.larus.nova t_boot_ns=647137752671829
08-30 13:46:08.856 I/AnebProbe(22981): ADAPTER_EVT type=content cls=androidx.drawerlayout.widget.DrawerLayout desc=null txt_len=0 pkg=com.larus.nova t_boot_ns=647137887242662
08-30 13:46:08.941 I/AnebProbe(22981): ADAPTER_EVT type=content cls=android.view.ViewGroup desc=null txt_len=0 pkg=com.larus.nova t_boot_ns=647137972098391
08-30 13:46:09.062 I/AnebProbe(22981): ADAPTER_EVT type=content cls=androidx.recyclerview.widget.RecyclerView desc=null txt_len=0 pkg=com.larus.nova t_boot_ns=647138093451516
08-30 13:46:09.164 I/AnebProbe(22981): ADAPTER_EVT type=content cls=androidx.drawerlayout.widget.DrawerLayout desc=null txt_len=0 pkg=com.larus.nova t_boot_ns=647138195129641
08-30 13:46:09.268 I/AnebProbe(22981): ADAPTER_EVT type=content cls=androidx.recyclerview.widget.RecyclerView desc=null txt_len=0 pkg=com.larus.nova t_boot_ns=647138299298391
08-30 13:46:09.375 I/AnebProbe(22981): ADAPTER_EVT type=content cls=androidx.drawerlayout.widget.DrawerLayout desc=null txt_len=0 pkg=com.larus.nova t_boot_ns=647138406402037
08-30 13:46:09.477 I/AnebProbe(22981): ADAPTER_EVT type=content cls=androidx.recyclerview.widget.RecyclerView desc=null txt_len=0 pkg=com.larus.nova t_boot_ns=647138508053599
08-30 13:46:09.586 I/AnebProbe(22981): ADAPTER_EVT type=content cls=androidx.recyclerview.widget.RecyclerView desc=null txt_len=0 pkg=com.larus.nova t_boot_ns=647138611893704
08-30 13:46:09.684 I/AnebProbe(22981): ADAPTER_EVT type=content cls=androidx.recyclerview.widget.RecyclerView desc=null txt_len=0 pkg=com.larus.nova t_boot_ns=647138715060891
08-30 13:46:09.798 I/AnebProbe(22981): ADAPTER_EVT type=content cls=androidx.recyclerview.widget.RecyclerView desc=null txt_len=0 pkg=com.larus.nova t_boot_ns=647138829512454
08-30 13:46:09.900 I/AnebProbe(22981): ADAPTER_EVT type=content cls=androidx.recyclerview.widget.RecyclerView desc=null txt_len=0 pkg=com.larus.nova t_boot_ns=647138931710891
08-30 13:46:10.007 I/AnebProbe(22981): ADAPTER_EVT type=content cls=androidx.recyclerview.widget.RecyclerView desc=null txt_len=0 pkg=com.larus.nova t_boot_ns=647139037731724
08-30 13:46:10.113 I/AnebProbe(22981): ADAPTER_EVT type=content cls=androidx.recyclerview.widget.RecyclerView desc=null txt_len=0 pkg=com.larus.nova t_boot_ns=647139144161933
08-30 13:46:10.224 I/AnebProbe(22981): ADAPTER_EVT type=content cls=androidx.recyclerview.widget.RecyclerView desc=null txt_len=0 pkg=com.larus.nova t_boot_ns=647139255765058
08-30 13:46:10.329 I/AnebProbe(22981): ADAPTER_EVT type=content cls=androidx.recyclerview.widget.RecyclerView desc=null txt_len=0 pkg=com.larus.nova t_boot_ns=647139360554641
08-30 13:46:10.440 I/AnebProbe(22981): ADAPTER_EVT type=content cls=androidx.recyclerview.widget.RecyclerView desc=null txt_len=0 pkg=com.larus.nova t_boot_ns=647139471640578
08-30 13:46:10.556 I/AnebProbe(22981): ADAPTER_EVT type=content cls=androidx.recyclerview.widget.RecyclerView desc=null txt_len=0 pkg=com.larus.nova t_boot_ns=647139586912974
08-30 13:46:10.656 I/AnebProbe(22981): ADAPTER_EVT type=content cls=androidx.recyclerview.widget.RecyclerView desc=null txt_len=0 pkg=com.larus.nova t_boot_ns=647139687823912
08-30 13:46:10.757 I/AnebProbe(22981): ADAPTER_EVT type=content cls=androidx.recyclerview.widget.RecyclerView desc=null txt_len=0 pkg=com.larus.nova t_boot_ns=647139788649433
08-30 13:46:10.871 I/AnebProbe(22981): ADAPTER_EVT type=content cls=androidx.recyclerview.widget.RecyclerView desc=null txt_len=0 pkg=com.larus.nova t_boot_ns=647139902191620
08-30 13:46:10.972 I/AnebProbe(22981): ADAPTER_EVT type=content cls=androidx.recyclerview.widget.RecyclerView desc=null txt_len=0 pkg=com.larus.nova t_boot_ns=647140003130162
08-30 13:46:11.098 I/AnebProbe(22981): ADAPTER_EVT type=content cls=androidx.drawerlayout.widget.DrawerLayout desc=null txt_len=0 pkg=com.larus.nova t_boot_ns=647140129297870
08-30 13:46:11.211 I/AnebProbe(22981): ADAPTER_EVT type=content cls=androidx.drawerlayout.widget.DrawerLayout desc=null txt_len=0 pkg=com.larus.nova t_boot_ns=647140242389016
08-30 13:46:11.311 I/AnebProbe(22981): ADAPTER_EVT type=content cls=androidx.recyclerview.widget.RecyclerView desc=null txt_len=0 pkg=com.larus.nova t_boot_ns=647140342671307
08-30 13:46:11.426 I/AnebProbe(22981): ADAPTER_EVT type=content cls=androidx.drawerlayout.widget.DrawerLayout desc=null txt_len=0 pkg=com.larus.nova t_boot_ns=647140457239537
08-30 13:46:11.528 I/AnebProbe(22981): ADAPTER_EVT type=content cls=androidx.drawerlayout.widget.DrawerLayout desc=null txt_len=0 pkg=com.larus.nova t_boot_ns=647140558806724
08-30 13:46:11.790 I/AnebProbe(22981): ADAPTER_EVT type=content cls=androidx.drawerlayout.widget.DrawerLayout desc=null txt_len=0 pkg=com.larus.nova t_boot_ns=647140820821828
08-30 13:46:11.891 I/AnebProbe(22981): ADAPTER_EVT type=content cls=androidx.drawerlayout.widget.DrawerLayout desc=null txt_len=0 pkg=com.larus.nova t_boot_ns=647140921711932
08-30 13:46:24.045 I/AnebE4MARK(28030): E4MARK kind=answer_complete n=5
08-30 13:46:26.288 I/AnebProbe(22981): ADAPTER_EVT type=click cls=android.widget.ImageView desc=返回 txt_len=2 pkg=com.larus.nova t_boot_ns=647155320021826
08-30 13:46:26.290 I/AnebProbe(22981): ADAPTER_OBS pkg=com.larus.nova mode=doubao events=714 rule_matched=99 first_delta_ms=0 cadence_p50_ms=100.4 session_span_ms=167630.2 confidence=LOW/INCONCLUSIVE reason=throttle ttft_send_ms=null anchor_source=null ttft_cluster_ms=4066.2 ttft_density_ms=null
08-30 13:46:26.404 I/AnebProbe(22981): ADAPTER_EVT type=content cls=androidx.drawerlayout.widget.DrawerLayout desc=null txt_len=0 pkg=com.larus.nova t_boot_ns=647155435930680
08-30 13:46:26.522 I/AnebProbe(22981): ADAPTER_EVT type=content cls=androidx.drawerlayout.widget.DrawerLayout desc=null txt_len=0 pkg=com.larus.nova t_boot_ns=647155553897347
08-30 13:46:26.637 I/AnebProbe(22981): ADAPTER_EVT type=content cls=androidx.drawerlayout.widget.DrawerLayout desc=null txt_len=0 pkg=com.larus.nova t_boot_ns=647155668137972
08-30 13:46:26.724 I/AnebProbe(22981): ADAPTER_EVT type=content cls=androidx.drawerlayout.widget.DrawerLayout desc=null txt_len=0 pkg=com.larus.nova t_boot_ns=647155755286930
08-30 13:46:28.002 I/AnebProbe(22981): ADAPTER_EVT type=click cls=android.widget.ImageView desc=创建新对话 txt_len=5 pkg=com.larus.nova t_boot_ns=647157033871826
08-30 13:46:28.013 I/AnebProbe(22981): ADAPTER_EVT type=content cls=android.widget.FrameLayout desc=null txt_len=0 pkg=com.larus.nova t_boot_ns=647157044037451
08-30 13:46:28.251 I/AnebProbe(22981): ADAPTER_EVT type=content cls=androidx.drawerlayout.widget.DrawerLayout desc=null txt_len=0 pkg=com.larus.nova t_boot_ns=647157282704117
08-30 13:46:28.419 I/AnebProbe(22981): ADAPTER_EVT type=content cls=androidx.drawerlayout.widget.DrawerLayout desc=null txt_len=0 pkg=com.larus.nova t_boot_ns=647157450418180
08-30 13:46:28.450 I/AnebProbe(22981): ADAPTER_EVT type=content cls=androidx.drawerlayout.widget.DrawerLayout desc=null txt_len=0 pkg=com.larus.nova t_boot_ns=647157481766097
08-30 13:46:28.454 I/AnebProbe(22981): ADAPTER_EVT type=content cls=android.view.ViewGroup desc=null txt_len=0 pkg=com.larus.nova t_boot_ns=647157485765576
08-30 13:46:28.565 I/AnebProbe(22981): ADAPTER_EVT type=content cls=android.view.ViewGroup desc=null txt_len=0 pkg=com.larus.nova t_boot_ns=647157596750992
08-30 13:46:28.665 I/AnebProbe(22981): ADAPTER_EVT type=content cls=android.view.ViewGroup desc=null txt_len=0 pkg=com.larus.nova t_boot_ns=647157696609326
08-30 13:46:28.775 I/AnebProbe(22981): ADAPTER_EVT type=content cls=androidx.drawerlayout.widget.DrawerLayout desc=null txt_len=0 pkg=com.larus.nova t_boot_ns=647157806344742
08-30 13:46:28.875 I/AnebProbe(22981): ADAPTER_EVT type=content cls=androidx.drawerlayout.widget.DrawerLayout desc=null txt_len=0 pkg=com.larus.nova t_boot_ns=647157906379638
08-30 13:46:29.529 I/AnebProbe(22981): ADAPTER_EVT type=content cls=android.view.ViewGroup desc=null txt_len=0 pkg=com.larus.nova t_boot_ns=647158560264013
08-30 13:46:29.647 I/AnebProbe(22981): ADAPTER_EVT type=content cls=android.view.ViewGroup desc=null txt_len=0 pkg=com.larus.nova t_boot_ns=647158678270784
08-30 13:46:29.753 I/AnebProbe(22981): ADAPTER_EVT type=content cls=android.view.ViewGroup desc=null txt_len=0 pkg=com.larus.nova t_boot_ns=647158783904638
08-30 13:46:29.853 I/AnebProbe(22981): ADAPTER_EVT type=content cls=android.view.ViewGroup desc=null txt_len=0 pkg=com.larus.nova t_boot_ns=647158884643180
08-30 13:46:29.970 I/AnebProbe(22981): ADAPTER_EVT type=content cls=androidx.drawerlayout.widget.DrawerLayout desc=null txt_len=0 pkg=com.larus.nova t_boot_ns=647159001502034
08-30 13:46:30.069 I/AnebProbe(22981): ADAPTER_EVT type=content cls=android.view.ViewGroup desc=null txt_len=0 pkg=com.larus.nova t_boot_ns=647159100435367
08-30 13:46:30.192 I/AnebProbe(22981): ADAPTER_EVT type=content cls=android.view.ViewGroup desc=null txt_len=0 pkg=com.larus.nova t_boot_ns=647159222595263
08-30 13:46:30.291 I/AnebProbe(22981): ADAPTER_EVT type=content cls=android.view.ViewGroup desc=null txt_len=0 pkg=com.larus.nova t_boot_ns=647159322270784
08-30 13:46:30.848 I/AnebProbe(22981): ADAPTER_EVT type=content cls=android.view.ViewGroup desc=新对话，打开设置页 txt_len=0 pkg=com.larus.nova t_boot_ns=647159879293700
08-30 13:46:30.962 I/AnebProbe(22981): ADAPTER_EVT type=content cls=android.view.ViewGroup desc=null txt_len=0 pkg=com.larus.nova t_boot_ns=647159993574429
08-30 13:46:31.069 I/AnebProbe(22981): ADAPTER_EVT type=content cls=android.view.ViewGroup desc=null txt_len=0 pkg=com.larus.nova t_boot_ns=647160100869221
08-30 13:46:31.183 I/AnebProbe(22981): ADAPTER_EVT type=content cls=android.view.ViewGroup desc=null txt_len=0 pkg=com.larus.nova t_boot_ns=647160214642138
08-30 13:46:31.288 I/AnebProbe(22981): ADAPTER_EVT type=content cls=android.view.ViewGroup desc=null txt_len=0 pkg=com.larus.nova t_boot_ns=647160319190054
08-30 13:46:31.398 I/AnebProbe(22981): ADAPTER_EVT type=content cls=android.view.ViewGroup desc=null txt_len=0 pkg=com.larus.nova t_boot_ns=647160429731721
08-30 13:46:31.399 I/AnebProbe(22981): ADAPTER_OBS pkg=com.larus.nova mode=doubao events=741 rule_matched=99 first_delta_ms=0 cadence_p50_ms=101.4 session_span_ms=187138.2 confidence=LOW/INCONCLUSIVE reason=throttle ttft_send_ms=null anchor_source=null ttft_cluster_ms=4066.2 ttft_density_ms=null
08-30 13:46:31.515 I/AnebProbe(22981): ADAPTER_EVT type=content cls=android.view.ViewGroup desc=null txt_len=0 pkg=com.larus.nova t_boot_ns=647160546731721
08-30 13:46:31.615 I/AnebProbe(22981): ADAPTER_EVT type=content cls=android.view.ViewGroup desc=null txt_len=0 pkg=com.larus.nova t_boot_ns=647160646485367
08-30 13:46:31.719 I/AnebProbe(22981): ADAPTER_EVT type=content cls=android.view.ViewGroup desc=null txt_len=0 pkg=com.larus.nova t_boot_ns=647160750466617
08-30 13:46:31.830 I/AnebProbe(22981): ADAPTER_EVT type=content cls=android.view.ViewGroup desc=null txt_len=0 pkg=com.larus.nova t_boot_ns=647160861615054
08-30 13:46:31.937 I/AnebProbe(22981): ADAPTER_EVT type=content cls=android.view.ViewGroup desc=null txt_len=0 pkg=com.larus.nova t_boot_ns=647160967929117
08-30 13:46:32.051 I/AnebProbe(22981): ADAPTER_EVT type=content cls=android.view.ViewGroup desc=null txt_len=0 pkg=com.larus.nova t_boot_ns=647161081994742
08-30 13:46:32.167 I/AnebProbe(22981): ADAPTER_EVT type=content cls=android.view.ViewGroup desc=null txt_len=0 pkg=com.larus.nova t_boot_ns=647161198529117
08-30 13:46:32.201 I/AnebProbe(22981): ADAPTER_EVT type=content cls=android.view.ViewGroup desc=null txt_len=0 pkg=com.larus.nova t_boot_ns=647161231975992
08-30 13:46:32.201 I/AnebProbe(22981): ADAPTER_EVT type=content cls=android.widget.EditText desc=null txt_len=1 pkg=com.larus.nova t_boot_ns=647161232418700
08-30 13:46:32.209 I/AnebProbe(22981): ADAPTER_EVT type=content cls=android.view.ViewGroup desc=null txt_len=0 pkg=com.larus.nova t_boot_ns=647161240335888
08-30 13:46:32.261 I/AnebProbe(22981): ADAPTER_EVT type=content cls=android.view.ViewGroup desc=null txt_len=0 pkg=com.larus.nova t_boot_ns=647161292742658
08-30 13:46:32.262 I/AnebProbe(22981): ADAPTER_EVT type=content cls=android.widget.EditText desc=null txt_len=2 pkg=com.larus.nova t_boot_ns=647161293195263
08-30 13:46:32.269 I/AnebProbe(22981): ADAPTER_EVT type=content cls=android.widget.EditText desc=null txt_len=3 pkg=com.larus.nova t_boot_ns=647161300603596
08-30 13:46:32.293 I/AnebProbe(22981): ADAPTER_EVT type=content cls=android.view.ViewGroup desc=null txt_len=0 pkg=com.larus.nova t_boot_ns=647161324879638
08-30 13:46:32.294 I/AnebProbe(22981): ADAPTER_EVT type=content cls=android.widget.EditText desc=null txt_len=4 pkg=com.larus.nova t_boot_ns=647161325603596
08-30 13:46:32.302 I/AnebProbe(22981): ADAPTER_EVT type=content cls=android.widget.EditText desc=null txt_len=5 pkg=com.larus.nova t_boot_ns=647161333689533
08-30 13:46:32.325 I/AnebProbe(22981): ADAPTER_EVT type=content cls=android.view.ViewGroup desc=null txt_len=0 pkg=com.larus.nova t_boot_ns=647161356639533
08-30 13:46:32.326 I/AnebProbe(22981): ADAPTER_EVT type=content cls=android.widget.EditText desc=null txt_len=6 pkg=com.larus.nova t_boot_ns=647161357136929
08-30 13:46:32.334 I/AnebProbe(22981): ADAPTER_EVT type=content cls=android.widget.EditText desc=null txt_len=7 pkg=com.larus.nova t_boot_ns=647161365772867
08-30 13:46:32.353 I/AnebProbe(22981): ADAPTER_EVT type=content cls=android.view.ViewGroup desc=null txt_len=0 pkg=com.larus.nova t_boot_ns=647161384370263
08-30 13:46:32.353 I/AnebProbe(22981): ADAPTER_EVT type=content cls=android.widget.EditText desc=null txt_len=8 pkg=com.larus.nova t_boot_ns=647161384733804
08-30 13:46:32.376 I/AnebProbe(22981): ADAPTER_EVT type=content cls=android.view.ViewGroup desc=null txt_len=0 pkg=com.larus.nova t_boot_ns=647161407068179
08-30 13:46:32.376 I/AnebProbe(22981): ADAPTER_EVT type=content cls=android.widget.EditText desc=null txt_len=9 pkg=com.larus.nova t_boot_ns=647161407472346
08-30 13:46:32.398 I/AnebProbe(22981): ADAPTER_EVT type=content cls=android.view.ViewGroup desc=null txt_len=0 pkg=com.larus.nova t_boot_ns=647161429698908
08-30 13:46:32.399 I/AnebProbe(22981): ADAPTER_EVT type=content cls=android.widget.EditText desc=null txt_len=10 pkg=com.larus.nova t_boot_ns=647161430122867
08-30 13:46:32.426 I/AnebProbe(22981): ADAPTER_EVT type=content cls=android.view.ViewGroup desc=null txt_len=0 pkg=com.larus.nova t_boot_ns=647161457665054
08-30 13:46:32.427 I/AnebProbe(22981): ADAPTER_EVT type=content cls=android.widget.EditText desc=null txt_len=11 pkg=com.larus.nova t_boot_ns=647161458121825
08-30 13:46:32.436 I/AnebProbe(22981): ADAPTER_EVT type=content cls=android.widget.EditText desc=null txt_len=12 pkg=com.larus.nova t_boot_ns=647161467383804
08-30 13:46:32.459 I/AnebProbe(22981): ADAPTER_EVT type=content cls=android.view.ViewGroup desc=null txt_len=0 pkg=com.larus.nova t_boot_ns=647161490297346
08-30 13:46:32.459 I/AnebProbe(22981): ADAPTER_EVT type=content cls=android.widget.EditText desc=null txt_len=13 pkg=com.larus.nova t_boot_ns=647161490735367
08-30 13:46:32.470 I/AnebProbe(22981): ADAPTER_EVT type=content cls=android.widget.EditText desc=null txt_len=14 pkg=com.larus.nova t_boot_ns=647161501782763
08-30 13:46:32.492 I/AnebProbe(22981): ADAPTER_EVT type=content cls=android.view.ViewGroup desc=null txt_len=0 pkg=com.larus.nova t_boot_ns=647161523460888
08-30 13:46:32.495 I/AnebProbe(22981): ADAPTER_EVT type=content cls=android.widget.EditText desc=null txt_len=15 pkg=com.larus.nova t_boot_ns=647161524033804
08-30 13:46:32.503 I/AnebProbe(22981): ADAPTER_EVT type=content cls=android.widget.EditText desc=null txt_len=16 pkg=com.larus.nova t_boot_ns=647161534086408
08-30 13:46:32.525 I/AnebProbe(22981): ADAPTER_EVT type=content cls=android.view.ViewGroup desc=null txt_len=0 pkg=com.larus.nova t_boot_ns=647161556243179
08-30 13:46:32.525 I/AnebProbe(22981): ADAPTER_EVT type=content cls=android.widget.EditText desc=null txt_len=17 pkg=com.larus.nova t_boot_ns=647161556817658
08-30 13:46:32.536 I/AnebProbe(22981): ADAPTER_EVT type=content cls=android.widget.EditText desc=null txt_len=18 pkg=com.larus.nova t_boot_ns=647161567047346
08-30 13:46:32.558 I/AnebProbe(22981): ADAPTER_EVT type=content cls=android.view.ViewGroup desc=null txt_len=0 pkg=com.larus.nova t_boot_ns=647161589585888
08-30 13:46:32.559 I/AnebProbe(22981): ADAPTER_EVT type=content cls=android.widget.EditText desc=null txt_len=19 pkg=com.larus.nova t_boot_ns=647161590054638
08-30 13:46:32.568 I/AnebProbe(22981): ADAPTER_EVT type=content cls=android.widget.EditText desc=null txt_len=20 pkg=com.larus.nova t_boot_ns=647161599373388
08-30 13:46:32.585 I/AnebProbe(22981): ADAPTER_EVT type=content cls=android.view.ViewGroup desc=null txt_len=0 pkg=com.larus.nova t_boot_ns=647161616438492
08-30 13:46:32.587 I/AnebProbe(22981): ADAPTER_EVT type=content cls=android.widget.EditText desc=null txt_len=21 pkg=com.larus.nova t_boot_ns=647161616804117
08-30 13:46:32.607 I/AnebProbe(22981): ADAPTER_EVT type=content cls=android.view.ViewGroup desc=null txt_len=0 pkg=com.larus.nova t_boot_ns=647161638820263
08-30 13:46:32.608 I/AnebProbe(22981): ADAPTER_EVT type=content cls=android.widget.EditText desc=null txt_len=22 pkg=com.larus.nova t_boot_ns=647161639202033
08-30 13:46:32.630 I/AnebProbe(22981): ADAPTER_EVT type=content cls=android.view.ViewGroup desc=null txt_len=0 pkg=com.larus.nova t_boot_ns=647161661317138
08-30 13:46:32.630 I/AnebProbe(22981): ADAPTER_EVT type=content cls=android.widget.EditText desc=null txt_len=23 pkg=com.larus.nova t_boot_ns=647161661673908
08-30 13:46:32.648 I/AnebProbe(22981): ADAPTER_EVT type=content cls=android.view.ViewGroup desc=null txt_len=0 pkg=com.larus.nova t_boot_ns=647161679372346
08-30 13:46:32.648 I/AnebProbe(22981): ADAPTER_EVT type=content cls=android.widget.EditText desc=null txt_len=24 pkg=com.larus.nova t_boot_ns=647161679711929
08-30 13:46:32.671 I/AnebProbe(22981): ADAPTER_EVT type=content cls=android.view.ViewGroup desc=null txt_len=0 pkg=com.larus.nova t_boot_ns=647161701589533
08-30 13:46:32.671 I/AnebProbe(22981): ADAPTER_EVT type=content cls=android.widget.EditText desc=null txt_len=25 pkg=com.larus.nova t_boot_ns=647161702586408
08-30 13:46:32.691 I/AnebProbe(22981): ADAPTER_EVT type=content cls=android.view.ViewGroup desc=null txt_len=0 pkg=com.larus.nova t_boot_ns=647161722537971
08-30 13:46:32.692 I/AnebProbe(22981): ADAPTER_EVT type=content cls=android.widget.EditText desc=null txt_len=26 pkg=com.larus.nova t_boot_ns=647161722999950
08-30 13:46:32.809 I/AnebProbe(22981): ADAPTER_EVT type=content cls=android.view.ViewGroup desc=null txt_len=0 pkg=com.larus.nova t_boot_ns=647161840511408
08-30 13:46:32.925 I/AnebProbe(22981): ADAPTER_EVT type=content cls=android.view.ViewGroup desc=null txt_len=0 pkg=com.larus.nova t_boot_ns=647161956800471
08-30 13:46:33.025 I/AnebProbe(22981): ADAPTER_EVT type=content cls=android.view.ViewGroup desc=null txt_len=0 pkg=com.larus.nova t_boot_ns=647162056497867
08-30 13:46:33.126 I/AnebProbe(22981): ADAPTER_EVT type=content cls=android.view.ViewGroup desc=null txt_len=0 pkg=com.larus.nova t_boot_ns=647162157873387
08-30 13:46:33.229 I/AnebProbe(22981): ADAPTER_EVT type=content cls=android.view.ViewGroup desc=null txt_len=0 pkg=com.larus.nova t_boot_ns=647162260501512
08-30 13:46:33.345 I/AnebProbe(22981): ADAPTER_EVT type=content cls=android.view.ViewGroup desc=null txt_len=0 pkg=com.larus.nova t_boot_ns=647162376664012
08-30 13:46:33.456 I/AnebProbe(22981): ADAPTER_EVT type=content cls=android.view.ViewGroup desc=null txt_len=0 pkg=com.larus.nova t_boot_ns=647162487192137
08-30 13:46:33.561 I/AnebProbe(22981): ADAPTER_EVT type=content cls=android.view.ViewGroup desc=null txt_len=0 pkg=com.larus.nova t_boot_ns=647162592114012
08-30 13:46:33.674 I/AnebProbe(22981): ADAPTER_EVT type=content cls=android.view.ViewGroup desc=null txt_len=0 pkg=com.larus.nova t_boot_ns=647162705449950
08-30 13:46:33.776 I/AnebProbe(22981): ADAPTER_EVT type=content cls=android.view.ViewGroup desc=null txt_len=0 pkg=com.larus.nova t_boot_ns=647162807621304
08-30 13:46:33.905 I/AnebProbe(22981): ADAPTER_EVT type=content cls=android.view.ViewGroup desc=null txt_len=0 pkg=com.larus.nova t_boot_ns=647162936467658
08-30 13:46:34.019 I/AnebProbe(22981): ADAPTER_EVT type=content cls=android.view.ViewGroup desc=null txt_len=0 pkg=com.larus.nova t_boot_ns=647163050339533
08-30 13:46:34.133 I/AnebProbe(22981): ADAPTER_EVT type=content cls=android.view.ViewGroup desc=null txt_len=0 pkg=com.larus.nova t_boot_ns=647163164540575
08-30 13:46:34.234 I/AnebProbe(22981): ADAPTER_EVT type=content cls=android.view.ViewGroup desc=null txt_len=0 pkg=com.larus.nova t_boot_ns=647163264849950
08-30 13:46:34.334 I/AnebProbe(22981): ADAPTER_EVT type=content cls=android.view.ViewGroup desc=null txt_len=0 pkg=com.larus.nova t_boot_ns=647163365346825
08-30 13:46:34.435 I/AnebProbe(22981): ADAPTER_EVT type=content cls=android.view.ViewGroup desc=null txt_len=0 pkg=com.larus.nova t_boot_ns=647163466218700
08-30 13:46:34.554 I/AnebProbe(22981): ADAPTER_EVT type=content cls=android.view.ViewGroup desc=null txt_len=0 pkg=com.larus.nova t_boot_ns=647163585270783
08-30 13:46:34.662 I/AnebProbe(22981): ADAPTER_EVT type=content cls=android.view.ViewGroup desc=null txt_len=0 pkg=com.larus.nova t_boot_ns=647163693404116
08-30 13:46:34.676 I/AnebE4MARK(28105): E4MARK kind=turn_start n=6
08-30 13:46:34.766 I/AnebProbe(22981): ADAPTER_EVT type=content cls=android.view.ViewGroup desc=null txt_len=0 pkg=com.larus.nova t_boot_ns=647163797082241
08-30 13:46:34.820 I/AnebProbe(22981): ADAPTER_EVT type=content cls=android.view.ViewGroup desc=null txt_len=0 pkg=com.larus.nova t_boot_ns=647163850715054
08-30 13:46:34.880 I/AnebProbe(22981): ADAPTER_EVT type=content cls=android.view.ViewGroup desc=null txt_len=0 pkg=com.larus.nova t_boot_ns=647163912099950
08-30 13:46:34.981 I/AnebProbe(22981): ADAPTER_EVT type=content cls=android.view.ViewGroup desc=null txt_len=0 pkg=com.larus.nova t_boot_ns=647164012946825
08-30 13:46:35.271 I/AnebProbe(22981): ADAPTER_EVT type=content cls=androidx.drawerlayout.widget.DrawerLayout desc=null txt_len=0 pkg=com.larus.nova t_boot_ns=647164302188491
08-30 13:46:35.430 I/AnebProbe(22981): ADAPTER_EVT type=content cls=androidx.drawerlayout.widget.DrawerLayout desc=null txt_len=0 pkg=com.larus.nova t_boot_ns=647164461686929
08-30 13:46:35.529 I/AnebProbe(22981): ADAPTER_EVT type=content cls=android.view.ViewGroup desc=null txt_len=0 pkg=com.larus.nova t_boot_ns=647164561072345
08-30 13:46:35.669 I/AnebProbe(22981): ADAPTER_EVT type=content cls=androidx.drawerlayout.widget.DrawerLayout desc=null txt_len=0 pkg=com.larus.nova t_boot_ns=647164700556720
08-30 13:46:35.769 I/AnebProbe(22981): ADAPTER_EVT type=content cls=androidx.drawerlayout.widget.DrawerLayout desc=null txt_len=0 pkg=com.larus.nova t_boot_ns=647164800495783
08-30 13:46:36.403 I/AnebProbe(22981): ADAPTER_EVT type=content cls=androidx.drawerlayout.widget.DrawerLayout desc=null txt_len=0 pkg=com.larus.nova t_boot_ns=647165434682762
08-30 13:46:36.407 I/AnebProbe(22981): ADAPTER_OBS pkg=com.larus.nova mode=doubao events=821 rule_matched=99 first_delta_ms=0 cadence_p50_ms=100.5 session_span_ms=192143.2 confidence=LOW/INCONCLUSIVE reason=throttle ttft_send_ms=null anchor_source=null ttft_cluster_ms=3594.2 ttft_density_ms=null
08-30 13:46:36.519 I/AnebProbe(22981): ADAPTER_EVT type=content cls=androidx.drawerlayout.widget.DrawerLayout desc=null txt_len=0 pkg=com.larus.nova t_boot_ns=647165550374949
08-30 13:46:36.726 I/AnebProbe(22981): ADAPTER_EVT type=content cls=androidx.recyclerview.widget.RecyclerView desc=null txt_len=0 pkg=com.larus.nova t_boot_ns=647165757063491
08-30 13:46:36.828 I/AnebProbe(22981): ADAPTER_EVT type=content cls=androidx.drawerlayout.widget.DrawerLayout desc=null txt_len=0 pkg=com.larus.nova t_boot_ns=647165859490574
08-30 13:46:36.928 I/AnebProbe(22981): ADAPTER_EVT type=content cls=androidx.drawerlayout.widget.DrawerLayout desc=null txt_len=0 pkg=com.larus.nova t_boot_ns=647165959135887
08-30 13:46:37.044 I/AnebProbe(22981): ADAPTER_EVT type=content cls=androidx.recyclerview.widget.RecyclerView desc=null txt_len=0 pkg=com.larus.nova t_boot_ns=647166074772866
08-30 13:46:37.159 I/AnebProbe(22981): ADAPTER_EVT type=content cls=android.view.ViewGroup desc=null txt_len=0 pkg=com.larus.nova t_boot_ns=647166190352033
08-30 13:46:37.267 I/AnebProbe(22981): ADAPTER_EVT type=content cls=androidx.recyclerview.widget.RecyclerView desc=null txt_len=0 pkg=com.larus.nova t_boot_ns=647166297975991
08-30 13:46:37.394 I/AnebProbe(22981): ADAPTER_EVT type=content cls=androidx.recyclerview.widget.RecyclerView desc=null txt_len=0 pkg=com.larus.nova t_boot_ns=647166424363491
08-30 13:46:37.521 I/AnebProbe(22981): ADAPTER_EVT type=content cls=androidx.drawerlayout.widget.DrawerLayout desc=null txt_len=0 pkg=com.larus.nova t_boot_ns=647166551796824
08-30 13:46:37.640 I/AnebProbe(22981): ADAPTER_EVT type=content cls=androidx.drawerlayout.widget.DrawerLayout desc=null txt_len=0 pkg=com.larus.nova t_boot_ns=647166670908283
08-30 13:46:37.744 I/AnebProbe(22981): ADAPTER_EVT type=content cls=androidx.recyclerview.widget.RecyclerView desc=null txt_len=0 pkg=com.larus.nova t_boot_ns=647166775121824
08-30 13:46:37.868 I/AnebProbe(22981): ADAPTER_EVT type=content cls=androidx.recyclerview.widget.RecyclerView desc=null txt_len=0 pkg=com.larus.nova t_boot_ns=647166899347345
08-30 13:46:37.985 I/AnebProbe(22981): ADAPTER_EVT type=content cls=androidx.recyclerview.widget.RecyclerView desc=null txt_len=0 pkg=com.larus.nova t_boot_ns=647167016028595
08-30 13:46:38.098 I/AnebProbe(22981): ADAPTER_EVT type=content cls=androidx.recyclerview.widget.RecyclerView desc=null txt_len=0 pkg=com.larus.nova t_boot_ns=647167129686928
08-30 13:46:38.217 I/AnebProbe(22981): ADAPTER_EVT type=content cls=androidx.recyclerview.widget.RecyclerView desc=null txt_len=0 pkg=com.larus.nova t_boot_ns=647167248799949
08-30 13:46:38.332 I/AnebProbe(22981): ADAPTER_EVT type=content cls=androidx.drawerlayout.widget.DrawerLayout desc=null txt_len=0 pkg=com.larus.nova t_boot_ns=647167363347345
08-30 13:46:38.449 I/AnebProbe(22981): ADAPTER_EVT type=content cls=androidx.recyclerview.widget.RecyclerView desc=null txt_len=0 pkg=com.larus.nova t_boot_ns=647167479817658
08-30 13:46:38.619 I/AnebProbe(22981): ADAPTER_EVT type=content cls=androidx.drawerlayout.widget.DrawerLayout desc=null txt_len=0 pkg=com.larus.nova t_boot_ns=647167650437970
08-30 13:46:38.718 I/AnebProbe(22981): ADAPTER_EVT type=content cls=androidx.recyclerview.widget.RecyclerView desc=null txt_len=0 pkg=com.larus.nova t_boot_ns=647167749859324
08-30 13:46:38.984 I/AnebProbe(22981): ADAPTER_EVT type=content cls=androidx.drawerlayout.widget.DrawerLayout desc=null txt_len=0 pkg=com.larus.nova t_boot_ns=647168015780678
08-30 13:46:39.086 I/AnebProbe(22981): ADAPTER_EVT type=content cls=androidx.drawerlayout.widget.DrawerLayout desc=null txt_len=0 pkg=com.larus.nova t_boot_ns=647168116667657
08-30 13:46:52.940 I/AnebE4MARK(28172): E4MARK kind=answer_complete n=6
