--------- beginning of main
08-30 14:04:51.189 I/AnebProbe(22981): ADAPTER_EVT type=click cls=android.widget.ImageView desc=返回 txt_len=2 pkg=com.larus.nova t_boot_ns=648260220720095
08-30 14:04:51.190 I/AnebProbe(22981): ADAPTER_OBS pkg=com.larus.nova mode=doubao events=3 rule_matched=1 first_delta_ms=0 cadence_p50_ms=44.6 session_span_ms=143.7 confidence=LOW/INCONCLUSIVE reason=throttle ttft_send_ms=null anchor_source=null ttft_cluster_ms=null ttft_density_ms=null
08-30 14:04:51.305 I/AnebProbe(22981): ADAPTER_EVT type=content cls=androidx.drawerlayout.widget.DrawerLayout desc=null txt_len=0 pkg=com.larus.nova t_boot_ns=648260336070616
08-30 14:04:51.421 I/AnebProbe(22981): ADAPTER_EVT type=content cls=androidx.drawerlayout.widget.DrawerLayout desc=null txt_len=0 pkg=com.larus.nova t_boot_ns=648260452447699
08-30 14:04:51.537 I/AnebProbe(22981): ADAPTER_EVT type=content cls=androidx.drawerlayout.widget.DrawerLayout desc=null txt_len=0 pkg=com.larus.nova t_boot_ns=648260568082074
08-30 14:04:51.627 I/AnebProbe(22981): ADAPTER_EVT type=content cls=androidx.drawerlayout.widget.DrawerLayout desc=null txt_len=0 pkg=com.larus.nova t_boot_ns=648260658778428
08-30 14:04:52.910 I/AnebProbe(22981): ADAPTER_EVT type=click cls=android.widget.ImageView desc=创建新对话 txt_len=5 pkg=com.larus.nova t_boot_ns=648261941377386
08-30 14:04:52.911 I/AnebProbe(22981): ADAPTER_EVT type=content cls=android.widget.FrameLayout desc=null txt_len=0 pkg=com.larus.nova t_boot_ns=648261942768011
08-30 14:04:53.154 I/AnebProbe(22981): ADAPTER_EVT type=content cls=androidx.drawerlayout.widget.DrawerLayout desc=null txt_len=0 pkg=com.larus.nova t_boot_ns=648262185700303
08-30 14:04:53.308 I/AnebProbe(22981): ADAPTER_EVT type=content cls=androidx.drawerlayout.widget.DrawerLayout desc=null txt_len=0 pkg=com.larus.nova t_boot_ns=648262340013324
08-30 14:04:53.345 I/AnebProbe(22981): ADAPTER_EVT type=content cls=androidx.drawerlayout.widget.DrawerLayout desc=null txt_len=0 pkg=com.larus.nova t_boot_ns=648262376448220
08-30 14:04:53.443 I/AnebProbe(22981): ADAPTER_EVT type=content cls=android.view.ViewGroup desc=null txt_len=0 pkg=com.larus.nova t_boot_ns=648262473896657
08-30 14:04:53.544 I/AnebProbe(22981): ADAPTER_EVT type=content cls=android.view.ViewGroup desc=null txt_len=0 pkg=com.larus.nova t_boot_ns=648262575629470
08-30 14:04:53.651 I/AnebProbe(22981): ADAPTER_EVT type=content cls=androidx.drawerlayout.widget.DrawerLayout desc=null txt_len=0 pkg=com.larus.nova t_boot_ns=648262682642490
08-30 14:04:53.751 I/AnebProbe(22981): ADAPTER_EVT type=content cls=android.view.ViewGroup desc=null txt_len=0 pkg=com.larus.nova t_boot_ns=648262782625824
08-30 14:04:53.971 I/AnebProbe(22981): ADAPTER_EVT type=content cls=androidx.recyclerview.widget.RecyclerView desc=null txt_len=0 pkg=com.larus.nova t_boot_ns=648263002313324
08-30 14:04:54.072 I/AnebProbe(22981): ADAPTER_EVT type=content cls=android.view.ViewGroup desc=null txt_len=0 pkg=com.larus.nova t_boot_ns=648263103377386
08-30 14:04:54.171 I/AnebProbe(22981): ADAPTER_EVT type=content cls=android.view.ViewGroup desc=null txt_len=0 pkg=com.larus.nova t_boot_ns=648263202697178
08-30 14:04:54.381 I/AnebProbe(22981): ADAPTER_EVT type=content cls=android.view.ViewGroup desc=null txt_len=0 pkg=com.larus.nova t_boot_ns=648263411902386
08-30 14:04:54.487 I/AnebProbe(22981): ADAPTER_EVT type=content cls=android.view.ViewGroup desc=null txt_len=0 pkg=com.larus.nova t_boot_ns=648263518519053
08-30 14:04:54.587 I/AnebProbe(22981): ADAPTER_EVT type=content cls=android.view.ViewGroup desc=null txt_len=0 pkg=com.larus.nova t_boot_ns=648263618732074
08-30 14:04:54.707 I/AnebProbe(22981): ADAPTER_EVT type=content cls=android.view.ViewGroup desc=null txt_len=0 pkg=com.larus.nova t_boot_ns=648263738436240
08-30 14:04:54.806 I/AnebProbe(22981): ADAPTER_EVT type=content cls=android.view.ViewGroup desc=null txt_len=0 pkg=com.larus.nova t_boot_ns=648263837746136
08-30 14:04:54.906 I/AnebProbe(22981): ADAPTER_EVT type=content cls=android.view.ViewGroup desc=null txt_len=0 pkg=com.larus.nova t_boot_ns=648263937608115
08-30 14:04:55.019 I/AnebProbe(22981): ADAPTER_EVT type=content cls=android.view.ViewGroup desc=null txt_len=0 pkg=com.larus.nova t_boot_ns=648264050466449
08-30 14:04:55.123 I/AnebProbe(22981): ADAPTER_EVT type=content cls=android.view.ViewGroup desc=null txt_len=0 pkg=com.larus.nova t_boot_ns=648264154296657
08-30 14:04:55.223 I/AnebProbe(22981): ADAPTER_EVT type=content cls=android.view.ViewGroup desc=null txt_len=0 pkg=com.larus.nova t_boot_ns=648264254214886
08-30 14:04:55.323 I/AnebProbe(22981): ADAPTER_EVT type=content cls=androidx.drawerlayout.widget.DrawerLayout desc=null txt_len=0 pkg=com.larus.nova t_boot_ns=648264354276865
08-30 14:04:55.764 I/AnebProbe(22981): ADAPTER_EVT type=content cls=android.view.ViewGroup desc=新对话，打开设置页 txt_len=0 pkg=com.larus.nova t_boot_ns=648264795174261
08-30 14:04:55.878 I/AnebProbe(22981): ADAPTER_EVT type=content cls=android.view.ViewGroup desc=null txt_len=0 pkg=com.larus.nova t_boot_ns=648264909881032
08-30 14:04:55.987 I/AnebProbe(22981): ADAPTER_EVT type=content cls=android.view.ViewGroup desc=null txt_len=0 pkg=com.larus.nova t_boot_ns=648265018259678
08-30 14:04:56.087 I/AnebProbe(22981): ADAPTER_EVT type=content cls=android.view.ViewGroup desc=null txt_len=0 pkg=com.larus.nova t_boot_ns=648265118832594
08-30 14:04:56.203 I/AnebProbe(22981): ADAPTER_EVT type=content cls=android.view.ViewGroup desc=null txt_len=0 pkg=com.larus.nova t_boot_ns=648265234545094
08-30 14:04:56.204 I/AnebProbe(22981): ADAPTER_OBS pkg=com.larus.nova mode=doubao events=33 rule_matched=2 first_delta_ms=0 cadence_p50_ms=103.8 session_span_ms=43433.5 confidence=LOW/INCONCLUSIVE reason=throttle ttft_send_ms=null anchor_source=null ttft_cluster_ms=null ttft_density_ms=null
08-30 14:04:56.313 I/AnebProbe(22981): ADAPTER_EVT type=content cls=android.view.ViewGroup desc=null txt_len=0 pkg=com.larus.nova t_boot_ns=648265344375302
08-30 14:04:56.413 I/AnebProbe(22981): ADAPTER_EVT type=content cls=android.view.ViewGroup desc=null txt_len=0 pkg=com.larus.nova t_boot_ns=648265444356552
08-30 14:04:56.514 I/AnebProbe(22981): ADAPTER_EVT type=content cls=android.view.ViewGroup desc=null txt_len=0 pkg=com.larus.nova t_boot_ns=648265545639365
08-30 14:04:56.636 I/AnebProbe(22981): ADAPTER_EVT type=content cls=android.view.ViewGroup desc=null txt_len=0 pkg=com.larus.nova t_boot_ns=648265667244052
08-30 14:04:56.750 I/AnebProbe(22981): ADAPTER_EVT type=content cls=android.view.ViewGroup desc=null txt_len=0 pkg=com.larus.nova t_boot_ns=648265781103427
08-30 14:04:56.850 I/AnebProbe(22981): ADAPTER_EVT type=content cls=android.view.ViewGroup desc=null txt_len=0 pkg=com.larus.nova t_boot_ns=648265881589365
08-30 14:04:56.963 I/AnebProbe(22981): ADAPTER_EVT type=content cls=android.view.ViewGroup desc=null txt_len=0 pkg=com.larus.nova t_boot_ns=648265994512282
08-30 14:04:57.082 I/AnebProbe(22981): ADAPTER_EVT type=content cls=android.view.ViewGroup desc=null txt_len=0 pkg=com.larus.nova t_boot_ns=648266112487802
08-30 14:04:57.129 I/AnebProbe(22981): ADAPTER_EVT type=content cls=android.view.ViewGroup desc=null txt_len=0 pkg=com.larus.nova t_boot_ns=648266160605511
08-30 14:04:57.130 I/AnebProbe(22981): ADAPTER_EVT type=content cls=android.widget.EditText desc=null txt_len=1 pkg=com.larus.nova t_boot_ns=648266161094573
08-30 14:04:57.136 I/AnebProbe(22981): ADAPTER_EVT type=content cls=android.view.ViewGroup desc=null txt_len=0 pkg=com.larus.nova t_boot_ns=648266167860198
08-30 14:04:57.182 I/AnebProbe(22981): ADAPTER_EVT type=content cls=android.view.ViewGroup desc=null txt_len=0 pkg=com.larus.nova t_boot_ns=648266213744052
08-30 14:04:57.183 I/AnebProbe(22981): ADAPTER_EVT type=content cls=android.widget.EditText desc=null txt_len=2 pkg=com.larus.nova t_boot_ns=648266214234677
08-30 14:04:57.204 I/AnebProbe(22981): ADAPTER_EVT type=content cls=android.view.ViewGroup desc=null txt_len=0 pkg=com.larus.nova t_boot_ns=648266235584677
08-30 14:04:57.205 I/AnebProbe(22981): ADAPTER_EVT type=content cls=android.widget.EditText desc=null txt_len=3 pkg=com.larus.nova t_boot_ns=648266236042490
08-30 14:04:57.226 I/AnebProbe(22981): ADAPTER_EVT type=content cls=android.view.ViewGroup desc=null txt_len=0 pkg=com.larus.nova t_boot_ns=648266257372177
08-30 14:04:57.226 I/AnebProbe(22981): ADAPTER_EVT type=content cls=android.widget.EditText desc=null txt_len=4 pkg=com.larus.nova t_boot_ns=648266257767490
08-30 14:04:57.236 I/AnebProbe(22981): ADAPTER_EVT type=content cls=android.widget.EditText desc=null txt_len=5 pkg=com.larus.nova t_boot_ns=648266266885198
08-30 14:04:57.252 I/AnebProbe(22981): ADAPTER_EVT type=content cls=android.view.ViewGroup desc=null txt_len=0 pkg=com.larus.nova t_boot_ns=648266283839886
08-30 14:04:57.253 I/AnebProbe(22981): ADAPTER_EVT type=content cls=android.widget.EditText desc=null txt_len=6 pkg=com.larus.nova t_boot_ns=648266284213844
08-30 14:04:57.274 I/AnebProbe(22981): ADAPTER_EVT type=content cls=android.view.ViewGroup desc=null txt_len=0 pkg=com.larus.nova t_boot_ns=648266305621657
08-30 14:04:57.274 I/AnebProbe(22981): ADAPTER_EVT type=content cls=android.widget.EditText desc=null txt_len=7 pkg=com.larus.nova t_boot_ns=648266305952386
08-30 14:04:57.282 I/AnebProbe(22981): ADAPTER_EVT type=content cls=androidx.recyclerview.widget.RecyclerView desc=null txt_len=0 pkg=com.larus.nova t_boot_ns=648266313707073
08-30 14:04:57.283 I/AnebProbe(22981): ADAPTER_EVT type=content cls=android.widget.EditText desc=null txt_len=8 pkg=com.larus.nova t_boot_ns=648266314044052
08-30 14:04:57.301 I/AnebProbe(22981): ADAPTER_EVT type=content cls=android.view.ViewGroup desc=null txt_len=0 pkg=com.larus.nova t_boot_ns=648266332728948
08-30 14:04:57.302 I/AnebProbe(22981): ADAPTER_EVT type=content cls=android.widget.EditText desc=null txt_len=9 pkg=com.larus.nova t_boot_ns=648266333212802
08-30 14:04:57.335 I/AnebProbe(22981): ADAPTER_EVT type=content cls=android.view.ViewGroup desc=null txt_len=0 pkg=com.larus.nova t_boot_ns=648266366191448
08-30 14:04:57.335 I/AnebProbe(22981): ADAPTER_EVT type=content cls=android.widget.EditText desc=null txt_len=10 pkg=com.larus.nova t_boot_ns=648266366546136
08-30 14:04:57.357 I/AnebProbe(22981): ADAPTER_EVT type=content cls=android.view.ViewGroup desc=null txt_len=0 pkg=com.larus.nova t_boot_ns=648266388659677
08-30 14:04:57.358 I/AnebProbe(22981): ADAPTER_EVT type=content cls=android.widget.EditText desc=null txt_len=11 pkg=com.larus.nova t_boot_ns=648266388997177
08-30 14:04:57.366 I/AnebProbe(22981): ADAPTER_EVT type=content cls=android.widget.EditText desc=null txt_len=12 pkg=com.larus.nova t_boot_ns=648266397246656
08-30 14:04:57.385 I/AnebProbe(22981): ADAPTER_EVT type=content cls=android.view.ViewGroup desc=null txt_len=0 pkg=com.larus.nova t_boot_ns=648266416579990
08-30 14:04:57.386 I/AnebProbe(22981): ADAPTER_EVT type=content cls=android.widget.EditText desc=null txt_len=13 pkg=com.larus.nova t_boot_ns=648266417042490
08-30 14:04:57.408 I/AnebProbe(22981): ADAPTER_EVT type=content cls=android.view.ViewGroup desc=null txt_len=0 pkg=com.larus.nova t_boot_ns=648266439172177
08-30 14:04:57.408 I/AnebProbe(22981): ADAPTER_EVT type=content cls=android.widget.EditText desc=null txt_len=14 pkg=com.larus.nova t_boot_ns=648266439780511
08-30 14:04:57.418 I/AnebProbe(22981): ADAPTER_EVT type=content cls=android.widget.EditText desc=null txt_len=15 pkg=com.larus.nova t_boot_ns=648266449728948
08-30 14:04:57.440 I/AnebProbe(22981): ADAPTER_EVT type=content cls=android.view.ViewGroup desc=null txt_len=0 pkg=com.larus.nova t_boot_ns=648266471230511
08-30 14:04:57.440 I/AnebProbe(22981): ADAPTER_EVT type=content cls=android.widget.EditText desc=null txt_len=16 pkg=com.larus.nova t_boot_ns=648266471716969
08-30 14:04:57.450 I/AnebProbe(22981): ADAPTER_EVT type=content cls=android.widget.EditText desc=null txt_len=17 pkg=com.larus.nova t_boot_ns=648266481838323
08-30 14:04:57.473 I/AnebProbe(22981): ADAPTER_EVT type=content cls=android.view.ViewGroup desc=null txt_len=0 pkg=com.larus.nova t_boot_ns=648266504724261
08-30 14:04:57.474 I/AnebProbe(22981): ADAPTER_EVT type=content cls=android.widget.EditText desc=null txt_len=18 pkg=com.larus.nova t_boot_ns=648266505263323
08-30 14:04:57.484 I/AnebProbe(22981): ADAPTER_EVT type=content cls=android.widget.EditText desc=null txt_len=19 pkg=com.larus.nova t_boot_ns=648266514883636
08-30 14:04:57.507 I/AnebProbe(22981): ADAPTER_EVT type=content cls=android.view.ViewGroup desc=null txt_len=0 pkg=com.larus.nova t_boot_ns=648266538808115
08-30 14:04:57.508 I/AnebProbe(22981): ADAPTER_EVT type=content cls=android.widget.EditText desc=null txt_len=20 pkg=com.larus.nova t_boot_ns=648266539308636
08-30 14:04:57.530 I/AnebProbe(22981): ADAPTER_EVT type=content cls=android.view.ViewGroup desc=null txt_len=0 pkg=com.larus.nova t_boot_ns=648266560937281
08-30 14:04:57.530 I/AnebProbe(22981): ADAPTER_EVT type=content cls=android.widget.EditText desc=null txt_len=21 pkg=com.larus.nova t_boot_ns=648266561458636
08-30 14:04:57.549 I/AnebProbe(22981): ADAPTER_EVT type=content cls=android.view.ViewGroup desc=null txt_len=0 pkg=com.larus.nova t_boot_ns=648266580849261
08-30 14:04:57.550 I/AnebProbe(22981): ADAPTER_EVT type=content cls=android.widget.EditText desc=null txt_len=22 pkg=com.larus.nova t_boot_ns=648266581278427
08-30 14:04:57.572 I/AnebProbe(22981): ADAPTER_EVT type=content cls=android.view.ViewGroup desc=null txt_len=0 pkg=com.larus.nova t_boot_ns=648266603157073
08-30 14:04:57.572 I/AnebProbe(22981): ADAPTER_EVT type=content cls=android.widget.EditText desc=null txt_len=23 pkg=com.larus.nova t_boot_ns=648266603575823
08-30 14:04:57.584 I/AnebProbe(22981): ADAPTER_EVT type=content cls=android.widget.EditText desc=null txt_len=24 pkg=com.larus.nova t_boot_ns=648266615154990
08-30 14:04:57.613 I/AnebProbe(22981): ADAPTER_EVT type=content cls=android.view.ViewGroup desc=null txt_len=0 pkg=com.larus.nova t_boot_ns=648266644340927
08-30 14:04:57.613 I/AnebProbe(22981): ADAPTER_EVT type=content cls=android.widget.EditText desc=null txt_len=25 pkg=com.larus.nova t_boot_ns=648266644758115
08-30 14:04:57.630 I/AnebProbe(22981): ADAPTER_EVT type=content cls=android.view.ViewGroup desc=null txt_len=0 pkg=com.larus.nova t_boot_ns=648266661676344
08-30 14:04:57.630 I/AnebProbe(22981): ADAPTER_EVT type=content cls=android.widget.EditText desc=null txt_len=26 pkg=com.larus.nova t_boot_ns=648266662034677
08-30 14:04:57.655 I/AnebProbe(22981): ADAPTER_EVT type=content cls=android.view.ViewGroup desc=null txt_len=0 pkg=com.larus.nova t_boot_ns=648266686773740
08-30 14:04:57.656 I/AnebProbe(22981): ADAPTER_EVT type=content cls=android.widget.EditText desc=null txt_len=27 pkg=com.larus.nova t_boot_ns=648266687174781
08-30 14:04:57.667 I/AnebProbe(22981): ADAPTER_EVT type=content cls=android.widget.EditText desc=null txt_len=28 pkg=com.larus.nova t_boot_ns=648266698158115
08-30 14:04:57.692 I/AnebProbe(22981): ADAPTER_EVT type=content cls=android.view.ViewGroup desc=null txt_len=0 pkg=com.larus.nova t_boot_ns=648266723323219
08-30 14:04:57.693 I/AnebProbe(22981): ADAPTER_EVT type=content cls=android.widget.EditText desc=null txt_len=29 pkg=com.larus.nova t_boot_ns=648266724184677
08-30 14:04:57.712 I/AnebProbe(22981): ADAPTER_EVT type=content cls=android.view.ViewGroup desc=null txt_len=0 pkg=com.larus.nova t_boot_ns=648266743739365
08-30 14:04:57.713 I/AnebProbe(22981): ADAPTER_EVT type=content cls=android.widget.EditText desc=null txt_len=30 pkg=com.larus.nova t_boot_ns=648266744162802
08-30 14:04:57.732 I/AnebProbe(22981): ADAPTER_EVT type=content cls=android.view.ViewGroup desc=null txt_len=0 pkg=com.larus.nova t_boot_ns=648266763420615
08-30 14:04:57.732 I/AnebProbe(22981): ADAPTER_EVT type=content cls=android.widget.EditText desc=null txt_len=31 pkg=com.larus.nova t_boot_ns=648266763803427
08-30 14:04:57.759 I/AnebProbe(22981): ADAPTER_EVT type=content cls=android.view.ViewGroup desc=null txt_len=0 pkg=com.larus.nova t_boot_ns=648266790828427
08-30 14:04:57.759 I/AnebProbe(22981): ADAPTER_EVT type=content cls=android.widget.EditText desc=null txt_len=32 pkg=com.larus.nova t_boot_ns=648266791006552
08-30 14:04:57.765 I/AnebProbe(22981): ADAPTER_EVT type=content cls=android.widget.EditText desc=null txt_len=33 pkg=com.larus.nova t_boot_ns=648266796163323
08-30 14:04:57.781 I/AnebProbe(22981): ADAPTER_EVT type=content cls=android.view.ViewGroup desc=null txt_len=0 pkg=com.larus.nova t_boot_ns=648266812119052
08-30 14:04:57.781 I/AnebProbe(22981): ADAPTER_EVT type=content cls=android.widget.EditText desc=null txt_len=34 pkg=com.larus.nova t_boot_ns=648266812303948
08-30 14:04:57.796 I/AnebProbe(22981): ADAPTER_EVT type=content cls=android.view.ViewGroup desc=null txt_len=0 pkg=com.larus.nova t_boot_ns=648266827609156
08-30 14:04:57.797 I/AnebProbe(22981): ADAPTER_EVT type=content cls=android.widget.EditText desc=null txt_len=35 pkg=com.larus.nova t_boot_ns=648266828208636
08-30 14:04:57.813 I/AnebProbe(22981): ADAPTER_EVT type=content cls=android.view.ViewGroup desc=null txt_len=0 pkg=com.larus.nova t_boot_ns=648266844208636
08-30 14:04:57.813 I/AnebProbe(22981): ADAPTER_EVT type=content cls=android.widget.EditText desc=null txt_len=36 pkg=com.larus.nova t_boot_ns=648266844363323
08-30 14:04:57.826 I/AnebProbe(22981): ADAPTER_EVT type=content cls=android.view.ViewGroup desc=null txt_len=0 pkg=com.larus.nova t_boot_ns=648266857972177
08-30 14:04:57.827 I/AnebProbe(22981): ADAPTER_EVT type=content cls=android.widget.EditText desc=null txt_len=37 pkg=com.larus.nova t_boot_ns=648266858150823
08-30 14:04:57.841 I/AnebProbe(22981): ADAPTER_EVT type=content cls=android.view.ViewGroup desc=null txt_len=0 pkg=com.larus.nova t_boot_ns=648266873038844
08-30 14:04:57.842 I/AnebProbe(22981): ADAPTER_EVT type=content cls=android.widget.EditText desc=null txt_len=38 pkg=com.larus.nova t_boot_ns=648266873222177
08-30 14:04:57.848 I/AnebProbe(22981): ADAPTER_EVT type=content cls=android.widget.EditText desc=null txt_len=39 pkg=com.larus.nova t_boot_ns=648266879399781
08-30 14:04:57.861 I/AnebProbe(22981): ADAPTER_EVT type=content cls=android.view.ViewGroup desc=null txt_len=0 pkg=com.larus.nova t_boot_ns=648266892377386
08-30 14:04:57.861 I/AnebProbe(22981): ADAPTER_EVT type=content cls=android.widget.EditText desc=null txt_len=40 pkg=com.larus.nova t_boot_ns=648266892530511
08-30 14:04:57.875 I/AnebProbe(22981): ADAPTER_EVT type=content cls=android.view.ViewGroup desc=null txt_len=0 pkg=com.larus.nova t_boot_ns=648266906560719
08-30 14:04:57.875 I/AnebProbe(22981): ADAPTER_EVT type=content cls=android.widget.EditText desc=null txt_len=41 pkg=com.larus.nova t_boot_ns=648266906734156
08-30 14:04:57.881 I/AnebProbe(22981): ADAPTER_EVT type=content cls=android.widget.EditText desc=null txt_len=42 pkg=com.larus.nova t_boot_ns=648266912932073
08-30 14:04:57.895 I/AnebProbe(22981): ADAPTER_EVT type=content cls=android.view.ViewGroup desc=null txt_len=0 pkg=com.larus.nova t_boot_ns=648266926514365
08-30 14:04:57.895 I/AnebProbe(22981): ADAPTER_EVT type=content cls=android.widget.EditText desc=null txt_len=43 pkg=com.larus.nova t_boot_ns=648266926711240
08-30 14:04:57.909 I/AnebProbe(22981): ADAPTER_EVT type=content cls=android.view.ViewGroup desc=null txt_len=0 pkg=com.larus.nova t_boot_ns=648266940269052
08-30 14:04:57.909 I/AnebProbe(22981): ADAPTER_EVT type=content cls=android.widget.EditText desc=null txt_len=44 pkg=com.larus.nova t_boot_ns=648266940466969
08-30 14:04:57.923 I/AnebProbe(22981): ADAPTER_EVT type=content cls=android.view.ViewGroup desc=null txt_len=0 pkg=com.larus.nova t_boot_ns=648266954715927
08-30 14:04:57.923 I/AnebProbe(22981): ADAPTER_EVT type=content cls=android.widget.EditText desc=null txt_len=45 pkg=com.larus.nova t_boot_ns=648266954939886
08-30 14:04:57.931 I/AnebProbe(22981): ADAPTER_EVT type=content cls=android.widget.EditText desc=null txt_len=46 pkg=com.larus.nova t_boot_ns=648266962549261
08-30 14:04:57.945 I/AnebProbe(22981): ADAPTER_EVT type=content cls=android.view.ViewGroup desc=null txt_len=0 pkg=com.larus.nova t_boot_ns=648266976226865
08-30 14:04:57.945 I/AnebProbe(22981): ADAPTER_EVT type=content cls=android.widget.EditText desc=null txt_len=47 pkg=com.larus.nova t_boot_ns=648266976431031
08-30 14:04:57.958 I/AnebProbe(22981): ADAPTER_EVT type=content cls=android.view.ViewGroup desc=null txt_len=0 pkg=com.larus.nova t_boot_ns=648266989239365
08-30 14:04:57.958 I/AnebProbe(22981): ADAPTER_EVT type=content cls=android.widget.EditText desc=null txt_len=48 pkg=com.larus.nova t_boot_ns=648266989441969
08-30 14:04:57.972 I/AnebProbe(22981): ADAPTER_EVT type=content cls=android.view.ViewGroup desc=null txt_len=0 pkg=com.larus.nova t_boot_ns=648267003699261
08-30 14:04:57.972 I/AnebProbe(22981): ADAPTER_EVT type=content cls=android.widget.EditText desc=null txt_len=49 pkg=com.larus.nova t_boot_ns=648267003903948
08-30 14:04:57.980 I/AnebProbe(22981): ADAPTER_EVT type=content cls=android.widget.EditText desc=null txt_len=50 pkg=com.larus.nova t_boot_ns=648267011280511
08-30 14:04:57.993 I/AnebProbe(22981): ADAPTER_EVT type=content cls=android.view.ViewGroup desc=null txt_len=0 pkg=com.larus.nova t_boot_ns=648267025048219
08-30 14:04:57.994 I/AnebProbe(22981): ADAPTER_EVT type=content cls=android.widget.EditText desc=null txt_len=51 pkg=com.larus.nova t_boot_ns=648267025254469
08-30 14:04:58.009 I/AnebProbe(22981): ADAPTER_EVT type=content cls=android.view.ViewGroup desc=null txt_len=0 pkg=com.larus.nova t_boot_ns=648267040225302
08-30 14:04:58.009 I/AnebProbe(22981): ADAPTER_EVT type=content cls=android.widget.EditText desc=null txt_len=52 pkg=com.larus.nova t_boot_ns=648267040463323
08-30 14:04:58.023 I/AnebProbe(22981): ADAPTER_EVT type=content cls=android.view.ViewGroup desc=null txt_len=0 pkg=com.larus.nova t_boot_ns=648267054483115
08-30 14:04:58.023 I/AnebProbe(22981): ADAPTER_EVT type=content cls=android.widget.EditText desc=null txt_len=53 pkg=com.larus.nova t_boot_ns=648267054690406
08-30 14:04:58.029 I/AnebProbe(22981): ADAPTER_EVT type=content cls=android.widget.EditText desc=null txt_len=54 pkg=com.larus.nova t_boot_ns=648267060861761
08-30 14:04:58.044 I/AnebProbe(22981): ADAPTER_EVT type=content cls=android.view.ViewGroup desc=null txt_len=0 pkg=com.larus.nova t_boot_ns=648267075168011
08-30 14:04:58.044 I/AnebProbe(22981): ADAPTER_EVT type=content cls=android.widget.EditText desc=null txt_len=55 pkg=com.larus.nova t_boot_ns=648267075484677
08-30 14:04:58.059 I/AnebProbe(22981): ADAPTER_EVT type=content cls=android.view.ViewGroup desc=null txt_len=0 pkg=com.larus.nova t_boot_ns=648267091074781
08-30 14:04:58.060 I/AnebProbe(22981): ADAPTER_EVT type=content cls=android.widget.EditText desc=null txt_len=56 pkg=com.larus.nova t_boot_ns=648267091260719
08-30 14:04:58.075 I/AnebProbe(22981): ADAPTER_EVT type=content cls=android.view.ViewGroup desc=null txt_len=0 pkg=com.larus.nova t_boot_ns=648267106163844
08-30 14:04:58.075 I/AnebProbe(22981): ADAPTER_EVT type=content cls=android.widget.EditText desc=null txt_len=57 pkg=com.larus.nova t_boot_ns=648267106379990
08-30 14:04:58.090 I/AnebProbe(22981): ADAPTER_EVT type=content cls=android.view.ViewGroup desc=null txt_len=0 pkg=com.larus.nova t_boot_ns=648267121745094
08-30 14:04:58.090 I/AnebProbe(22981): ADAPTER_EVT type=content cls=android.widget.EditText desc=null txt_len=58 pkg=com.larus.nova t_boot_ns=648267121995615
08-30 14:04:58.107 I/AnebProbe(22981): ADAPTER_EVT type=content cls=android.view.ViewGroup desc=null txt_len=0 pkg=com.larus.nova t_boot_ns=648267138841448
08-30 14:04:58.107 I/AnebProbe(22981): ADAPTER_EVT type=content cls=android.widget.EditText desc=null txt_len=59 pkg=com.larus.nova t_boot_ns=648267139112802
08-30 14:04:58.125 I/AnebProbe(22981): ADAPTER_EVT type=content cls=android.view.ViewGroup desc=null txt_len=0 pkg=com.larus.nova t_boot_ns=648267156488844
08-30 14:04:58.125 I/AnebProbe(22981): ADAPTER_EVT type=content cls=android.widget.EditText desc=null txt_len=60 pkg=com.larus.nova t_boot_ns=648267156714886
08-30 14:04:58.141 I/AnebProbe(22981): ADAPTER_EVT type=content cls=android.view.ViewGroup desc=null txt_len=0 pkg=com.larus.nova t_boot_ns=648267172612281
08-30 14:04:58.141 I/AnebProbe(22981): ADAPTER_EVT type=content cls=android.widget.EditText desc=null txt_len=61 pkg=com.larus.nova t_boot_ns=648267172809677
08-30 14:04:58.158 I/AnebProbe(22981): ADAPTER_EVT type=content cls=android.view.ViewGroup desc=null txt_len=0 pkg=com.larus.nova t_boot_ns=648267189792490
08-30 14:04:58.158 I/AnebProbe(22981): ADAPTER_EVT type=content cls=android.widget.EditText desc=null txt_len=62 pkg=com.larus.nova t_boot_ns=648267190012802
08-30 14:04:58.185 I/AnebProbe(22981): ADAPTER_EVT type=content cls=android.view.ViewGroup desc=null txt_len=0 pkg=com.larus.nova t_boot_ns=648267216458636
08-30 14:04:58.185 I/AnebProbe(22981): ADAPTER_EVT type=content cls=android.widget.EditText desc=null txt_len=63 pkg=com.larus.nova t_boot_ns=648267216630511
08-30 14:04:58.194 I/AnebProbe(22981): ADAPTER_EVT type=content cls=android.widget.EditText desc=null txt_len=64 pkg=com.larus.nova t_boot_ns=648267225029469
08-30 14:04:58.208 I/AnebProbe(22981): ADAPTER_EVT type=content cls=android.view.ViewGroup desc=null txt_len=0 pkg=com.larus.nova t_boot_ns=648267240070094
08-30 14:04:58.209 I/AnebProbe(22981): ADAPTER_EVT type=content cls=android.widget.EditText desc=null txt_len=65 pkg=com.larus.nova t_boot_ns=648267240249781
08-30 14:04:58.222 I/AnebProbe(22981): ADAPTER_EVT type=content cls=android.view.ViewGroup desc=null txt_len=0 pkg=com.larus.nova t_boot_ns=648267253853948
08-30 14:04:58.222 I/AnebProbe(22981): ADAPTER_EVT type=content cls=android.widget.EditText desc=null txt_len=66 pkg=com.larus.nova t_boot_ns=648267254011761
08-30 14:04:58.229 I/AnebProbe(22981): ADAPTER_EVT type=content cls=android.widget.EditText desc=null txt_len=67 pkg=com.larus.nova t_boot_ns=648267260259677
08-30 14:04:58.242 I/AnebProbe(22981): ADAPTER_EVT type=content cls=android.view.ViewGroup desc=null txt_len=0 pkg=com.larus.nova t_boot_ns=648267273702386
08-30 14:04:58.242 I/AnebProbe(22981): ADAPTER_EVT type=content cls=android.widget.EditText desc=null txt_len=68 pkg=com.larus.nova t_boot_ns=648267273881552
08-30 14:04:58.256 I/AnebProbe(22981): ADAPTER_EVT type=content cls=android.view.ViewGroup desc=null txt_len=0 pkg=com.larus.nova t_boot_ns=648267287452386
08-30 14:04:58.256 I/AnebProbe(22981): ADAPTER_EVT type=content cls=android.widget.EditText desc=null txt_len=69 pkg=com.larus.nova t_boot_ns=648267287612802
08-30 14:04:58.271 I/AnebProbe(22981): ADAPTER_EVT type=content cls=android.view.ViewGroup desc=null txt_len=0 pkg=com.larus.nova t_boot_ns=648267302496136
08-30 14:04:58.271 I/AnebProbe(22981): ADAPTER_EVT type=content cls=android.widget.EditText desc=null txt_len=70 pkg=com.larus.nova t_boot_ns=648267302684677
08-30 14:04:58.277 I/AnebProbe(22981): ADAPTER_EVT type=content cls=android.widget.EditText desc=null txt_len=71 pkg=com.larus.nova t_boot_ns=648267308420615
08-30 14:04:58.280 I/AnebProbe(22981): ADAPTER_EVT type=content cls=android.view.ViewGroup desc=null txt_len=0 pkg=com.larus.nova t_boot_ns=648267311706031
08-30 14:04:58.292 I/AnebProbe(22981): ADAPTER_EVT type=content cls=android.view.ViewGroup desc=null txt_len=0 pkg=com.larus.nova t_boot_ns=648267323531552
08-30 14:04:58.292 I/AnebProbe(22981): ADAPTER_EVT type=content cls=android.widget.EditText desc=null txt_len=72 pkg=com.larus.nova t_boot_ns=648267323745094
08-30 14:04:58.306 I/AnebProbe(22981): ADAPTER_EVT type=content cls=android.view.ViewGroup desc=null txt_len=0 pkg=com.larus.nova t_boot_ns=648267338009156
08-30 14:04:58.307 I/AnebProbe(22981): ADAPTER_EVT type=content cls=android.widget.EditText desc=null txt_len=73 pkg=com.larus.nova t_boot_ns=648267338207594
08-30 14:04:58.321 I/AnebProbe(22981): ADAPTER_EVT type=content cls=android.view.ViewGroup desc=null txt_len=0 pkg=com.larus.nova t_boot_ns=648267352372698
08-30 14:04:58.321 I/AnebProbe(22981): ADAPTER_EVT type=content cls=android.widget.EditText desc=null txt_len=74 pkg=com.larus.nova t_boot_ns=648267352597698
08-30 14:04:58.328 I/AnebProbe(22981): ADAPTER_EVT type=content cls=android.widget.EditText desc=null txt_len=75 pkg=com.larus.nova t_boot_ns=648267359252906
08-30 14:04:58.341 I/AnebProbe(22981): ADAPTER_EVT type=content cls=android.view.ViewGroup desc=null txt_len=0 pkg=com.larus.nova t_boot_ns=648267372392490
08-30 14:04:58.341 I/AnebProbe(22981): ADAPTER_EVT type=content cls=android.widget.EditText desc=null txt_len=76 pkg=com.larus.nova t_boot_ns=648267372565927
08-30 14:04:58.355 I/AnebProbe(22981): ADAPTER_EVT type=content cls=android.view.ViewGroup desc=null txt_len=0 pkg=com.larus.nova t_boot_ns=648267386698219
08-30 14:04:58.355 I/AnebProbe(22981): ADAPTER_EVT type=content cls=android.widget.EditText desc=null txt_len=77 pkg=com.larus.nova t_boot_ns=648267386881552
08-30 14:04:58.362 I/AnebProbe(22981): ADAPTER_EVT type=content cls=android.widget.EditText desc=null txt_len=78 pkg=com.larus.nova t_boot_ns=648267393868531
08-30 14:04:58.377 I/AnebProbe(22981): ADAPTER_EVT type=content cls=android.view.ViewGroup desc=null txt_len=0 pkg=com.larus.nova t_boot_ns=648267408488323
08-30 14:04:58.377 I/AnebProbe(22981): ADAPTER_EVT type=content cls=android.widget.EditText desc=null txt_len=79 pkg=com.larus.nova t_boot_ns=648267408719573
08-30 14:04:58.391 I/AnebProbe(22981): ADAPTER_EVT type=content cls=android.view.ViewGroup desc=null txt_len=0 pkg=com.larus.nova t_boot_ns=648267422362802
08-30 14:04:58.391 I/AnebProbe(22981): ADAPTER_EVT type=content cls=android.widget.EditText desc=null txt_len=80 pkg=com.larus.nova t_boot_ns=648267422543011
08-30 14:04:58.405 I/AnebProbe(22981): ADAPTER_EVT type=content cls=android.view.ViewGroup desc=null txt_len=0 pkg=com.larus.nova t_boot_ns=648267436394573
08-30 14:04:58.405 I/AnebProbe(22981): ADAPTER_EVT type=content cls=android.widget.EditText desc=null txt_len=81 pkg=com.larus.nova t_boot_ns=648267436698219
08-30 14:04:58.411 I/AnebProbe(22981): ADAPTER_EVT type=content cls=android.widget.EditText desc=null txt_len=82 pkg=com.larus.nova t_boot_ns=648267442928427
08-30 14:04:58.425 I/AnebProbe(22981): ADAPTER_EVT type=content cls=android.view.ViewGroup desc=null txt_len=0 pkg=com.larus.nova t_boot_ns=648267456466969
08-30 14:04:58.425 I/AnebProbe(22981): ADAPTER_EVT type=content cls=android.widget.EditText desc=null txt_len=83 pkg=com.larus.nova t_boot_ns=648267456662281
08-30 14:04:58.440 I/AnebProbe(22981): ADAPTER_EVT type=content cls=android.view.ViewGroup desc=null txt_len=0 pkg=com.larus.nova t_boot_ns=648267471159677
08-30 14:04:58.440 I/AnebProbe(22981): ADAPTER_EVT type=content cls=android.widget.EditText desc=null txt_len=84 pkg=com.larus.nova t_boot_ns=648267471353948
08-30 14:04:58.455 I/AnebProbe(22981): ADAPTER_EVT type=content cls=android.view.ViewGroup desc=null txt_len=0 pkg=com.larus.nova t_boot_ns=648267486993010
08-30 14:04:58.456 I/AnebProbe(22981): ADAPTER_EVT type=content cls=android.widget.EditText desc=null txt_len=85 pkg=com.larus.nova t_boot_ns=648267487196656
08-30 14:04:58.470 I/AnebProbe(22981): ADAPTER_EVT type=content cls=android.view.ViewGroup desc=null txt_len=0 pkg=com.larus.nova t_boot_ns=648267501728948
08-30 14:04:58.470 I/AnebProbe(22981): ADAPTER_EVT type=content cls=android.widget.EditText desc=null txt_len=86 pkg=com.larus.nova t_boot_ns=648267501932073
08-30 14:04:58.477 I/AnebProbe(22981): ADAPTER_EVT type=content cls=android.widget.EditText desc=null txt_len=87 pkg=com.larus.nova t_boot_ns=648267508797177
08-30 14:04:58.490 I/AnebProbe(22981): ADAPTER_EVT type=content cls=android.view.ViewGroup desc=null txt_len=0 pkg=com.larus.nova t_boot_ns=648267521990406
08-30 14:04:58.491 I/AnebProbe(22981): ADAPTER_EVT type=content cls=android.widget.EditText desc=null txt_len=88 pkg=com.larus.nova t_boot_ns=648267522189885
08-30 14:04:58.506 I/AnebProbe(22981): ADAPTER_EVT type=content cls=android.view.ViewGroup desc=null txt_len=0 pkg=com.larus.nova t_boot_ns=648267537510719
08-30 14:04:58.506 I/AnebProbe(22981): ADAPTER_EVT type=content cls=android.widget.EditText desc=null txt_len=89 pkg=com.larus.nova t_boot_ns=648267537734156
08-30 14:04:58.617 I/AnebProbe(22981): ADAPTER_EVT type=content cls=android.view.ViewGroup desc=null txt_len=0 pkg=com.larus.nova t_boot_ns=648267648133635
08-30 14:04:58.720 I/AnebProbe(22981): ADAPTER_EVT type=content cls=android.view.ViewGroup desc=null txt_len=0 pkg=com.larus.nova t_boot_ns=648267750965927
08-30 14:04:58.824 I/AnebProbe(22981): ADAPTER_EVT type=content cls=android.view.ViewGroup desc=null txt_len=0 pkg=com.larus.nova t_boot_ns=648267855193010
08-30 14:04:58.923 I/AnebProbe(22981): ADAPTER_EVT type=content cls=android.view.ViewGroup desc=null txt_len=0 pkg=com.larus.nova t_boot_ns=648267954686760
08-30 14:04:59.040 I/AnebProbe(22981): ADAPTER_EVT type=content cls=android.view.ViewGroup desc=null txt_len=0 pkg=com.larus.nova t_boot_ns=648268071020615
08-30 14:04:59.154 I/AnebProbe(22981): ADAPTER_EVT type=content cls=android.view.ViewGroup desc=null txt_len=0 pkg=com.larus.nova t_boot_ns=648268185732594
08-30 14:04:59.269 I/AnebProbe(22981): ADAPTER_EVT type=content cls=android.view.ViewGroup desc=null txt_len=0 pkg=com.larus.nova t_boot_ns=648268300028948
08-30 14:04:59.380 I/AnebProbe(22981): ADAPTER_EVT type=content cls=android.view.ViewGroup desc=null txt_len=0 pkg=com.larus.nova t_boot_ns=648268411134677
08-30 14:04:59.483 I/AnebProbe(22981): ADAPTER_EVT type=content cls=android.view.ViewGroup desc=null txt_len=0 pkg=com.larus.nova t_boot_ns=648268514739365
08-30 14:04:59.585 I/AnebProbe(22981): ADAPTER_EVT type=content cls=android.view.ViewGroup desc=null txt_len=0 pkg=com.larus.nova t_boot_ns=648268616352385
08-30 14:04:59.702 I/AnebProbe(22981): ADAPTER_EVT type=content cls=android.view.ViewGroup desc=null txt_len=0 pkg=com.larus.nova t_boot_ns=648268732844052
08-30 14:04:59.817 I/AnebProbe(22981): ADAPTER_EVT type=content cls=android.view.ViewGroup desc=null txt_len=0 pkg=com.larus.nova t_boot_ns=648268847875302
08-30 14:04:59.932 I/AnebProbe(22981): ADAPTER_EVT type=content cls=android.view.ViewGroup desc=null txt_len=0 pkg=com.larus.nova t_boot_ns=648268963674260
08-30 14:05:00.048 I/AnebProbe(22981): ADAPTER_EVT type=content cls=android.view.ViewGroup desc=null txt_len=0 pkg=com.larus.nova t_boot_ns=648269079521135
08-30 14:05:00.158 I/AnebProbe(22981): ADAPTER_EVT type=content cls=android.view.ViewGroup desc=null txt_len=0 pkg=com.larus.nova t_boot_ns=648269189738323
08-30 14:05:00.261 I/AnebProbe(22981): ADAPTER_EVT type=content cls=android.view.ViewGroup desc=null txt_len=0 pkg=com.larus.nova t_boot_ns=648269291920614
08-30 14:05:00.362 I/AnebProbe(22981): ADAPTER_EVT type=content cls=android.view.ViewGroup desc=null txt_len=0 pkg=com.larus.nova t_boot_ns=648269393911239
08-30 14:05:00.480 I/AnebProbe(22981): ADAPTER_EVT type=content cls=android.view.ViewGroup desc=null txt_len=0 pkg=com.larus.nova t_boot_ns=648269510989885
08-30 14:05:00.497 I/AnebE4MARK(29819): E4MARK kind=turn_start n=1
08-30 14:05:00.610 I/AnebProbe(22981): ADAPTER_EVT type=content cls=android.view.ViewGroup desc=null txt_len=0 pkg=com.larus.nova t_boot_ns=648269641310198
08-30 14:05:00.645 I/AnebProbe(22981): ADAPTER_EVT type=content cls=android.view.ViewGroup desc=null txt_len=0 pkg=com.larus.nova t_boot_ns=648269676379989
08-30 14:05:00.749 I/AnebProbe(22981): ADAPTER_EVT type=content cls=android.view.ViewGroup desc=null txt_len=0 pkg=com.larus.nova t_boot_ns=648269780370093
08-30 14:05:01.065 I/AnebProbe(22981): ADAPTER_EVT type=content cls=androidx.drawerlayout.widget.DrawerLayout desc=null txt_len=0 pkg=com.larus.nova t_boot_ns=648270096586239
08-30 14:05:01.165 I/AnebProbe(22981): ADAPTER_EVT type=content cls=androidx.drawerlayout.widget.DrawerLayout desc=null txt_len=0 pkg=com.larus.nova t_boot_ns=648270196081552
08-30 14:05:01.434 I/AnebProbe(22981): ADAPTER_EVT type=content cls=androidx.drawerlayout.widget.DrawerLayout desc=null txt_len=0 pkg=com.larus.nova t_boot_ns=648270464726343
08-30 14:05:01.435 I/AnebProbe(22981): ADAPTER_OBS pkg=com.larus.nova mode=doubao events=225 rule_matched=3 first_delta_ms=0 cadence_p50_ms=14.2 session_span_ms=48663.7 confidence=LOW/INCONCLUSIVE reason=throttle ttft_send_ms=null anchor_source=null ttft_cluster_ms=null ttft_density_ms=null
08-30 14:05:01.539 I/AnebProbe(22981): ADAPTER_EVT type=content cls=androidx.recyclerview.widget.RecyclerView desc=null txt_len=0 pkg=com.larus.nova t_boot_ns=648270570402906
08-30 14:05:01.651 I/AnebProbe(22981): ADAPTER_EVT type=content cls=androidx.drawerlayout.widget.DrawerLayout desc=null txt_len=0 pkg=com.larus.nova t_boot_ns=648270682293531
08-30 14:05:01.753 I/AnebProbe(22981): ADAPTER_EVT type=content cls=androidx.drawerlayout.widget.DrawerLayout desc=null txt_len=0 pkg=com.larus.nova t_boot_ns=648270783898739
08-30 14:05:01.852 I/AnebProbe(22981): ADAPTER_EVT type=content cls=android.widget.TextView desc=null txt_len=0 pkg=com.larus.nova t_boot_ns=648270883874781
08-30 14:05:02.061 I/AnebProbe(22981): ADAPTER_EVT type=content cls=android.widget.FrameLayout desc=打电话 txt_len=0 pkg=com.larus.nova t_boot_ns=648271092227906
08-30 14:05:02.160 I/AnebProbe(22981): ADAPTER_EVT type=content cls=androidx.drawerlayout.widget.DrawerLayout desc=null txt_len=0 pkg=com.larus.nova t_boot_ns=648271191816447
08-30 14:05:02.762 I/AnebProbe(22981): ADAPTER_EVT type=content cls=androidx.recyclerview.widget.RecyclerView desc=null txt_len=0 pkg=com.larus.nova t_boot_ns=648271793658635
08-30 14:05:02.861 I/AnebProbe(22981): ADAPTER_EVT type=content cls=androidx.recyclerview.widget.RecyclerView desc=null txt_len=0 pkg=com.larus.nova t_boot_ns=648271892525822
08-30 14:05:03.110 I/AnebProbe(22981): ADAPTER_EVT type=content cls=android.view.ViewGroup desc=Latest Stable Android Version 2024，打开设置页 txt_len=0 pkg=com.larus.nova t_boot_ns=648272141067489
08-30 14:05:03.370 I/AnebProbe(22981): ADAPTER_EVT type=content cls=androidx.drawerlayout.widget.DrawerLayout desc=null txt_len=0 pkg=com.larus.nova t_boot_ns=648272400921656
08-30 14:05:03.469 I/AnebProbe(22981): ADAPTER_EVT type=content cls=androidx.drawerlayout.widget.DrawerLayout desc=null txt_len=0 pkg=com.larus.nova t_boot_ns=648272500245614
08-30 14:05:03.706 I/AnebProbe(22981): ADAPTER_EVT type=content cls=androidx.recyclerview.widget.RecyclerView desc=null txt_len=0 pkg=com.larus.nova t_boot_ns=648272737095093
08-30 14:05:03.773 I/AnebProbe(22981): ADAPTER_EVT type=content cls=androidx.recyclerview.widget.RecyclerView desc=null txt_len=0 pkg=com.larus.nova t_boot_ns=648272804594572
08-30 14:05:03.940 I/AnebProbe(22981): ADAPTER_EVT type=content cls=androidx.drawerlayout.widget.DrawerLayout desc=null txt_len=0 pkg=com.larus.nova t_boot_ns=648272971512280
08-30 14:05:04.040 I/AnebProbe(22981): ADAPTER_EVT type=content cls=androidx.drawerlayout.widget.DrawerLayout desc=null txt_len=0 pkg=com.larus.nova t_boot_ns=648273071558114
08-30 14:05:04.141 I/AnebProbe(22981): ADAPTER_EVT type=content cls=androidx.drawerlayout.widget.DrawerLayout desc=null txt_len=0 pkg=com.larus.nova t_boot_ns=648273172689885
08-30 14:05:05.030 I/AnebProbe(22981): ADAPTER_EVT type=content cls=androidx.recyclerview.widget.RecyclerView desc=null txt_len=0 pkg=com.larus.nova t_boot_ns=648274061538322
08-30 14:05:05.121 I/AnebProbe(22981): ADAPTER_EVT type=content cls=androidx.recyclerview.widget.RecyclerView desc=null txt_len=0 pkg=com.larus.nova t_boot_ns=648274152260197
08-30 14:05:05.229 I/AnebProbe(22981): ADAPTER_EVT type=content cls=androidx.recyclerview.widget.RecyclerView desc=null txt_len=0 pkg=com.larus.nova t_boot_ns=648274260015926
08-30 14:05:05.332 I/AnebProbe(22981): ADAPTER_EVT type=content cls=androidx.recyclerview.widget.RecyclerView desc=null txt_len=0 pkg=com.larus.nova t_boot_ns=648274362977384
08-30 14:05:05.441 I/AnebProbe(22981): ADAPTER_EVT type=content cls=androidx.recyclerview.widget.RecyclerView desc=null txt_len=0 pkg=com.larus.nova t_boot_ns=648274472712801
08-30 14:05:05.640 I/AnebProbe(22981): ADAPTER_EVT type=content cls=androidx.recyclerview.widget.RecyclerView desc=null txt_len=0 pkg=com.larus.nova t_boot_ns=648274671235197
08-30 14:05:05.730 I/AnebProbe(22981): ADAPTER_EVT type=content cls=androidx.recyclerview.widget.RecyclerView desc=null txt_len=0 pkg=com.larus.nova t_boot_ns=648274760851343
08-30 14:05:05.844 I/AnebProbe(22981): ADAPTER_EVT type=content cls=androidx.recyclerview.widget.RecyclerView desc=null txt_len=0 pkg=com.larus.nova t_boot_ns=648274875660718
08-30 14:05:05.944 I/AnebProbe(22981): ADAPTER_EVT type=content cls=androidx.recyclerview.widget.RecyclerView desc=null txt_len=0 pkg=com.larus.nova t_boot_ns=648274975179989
08-30 14:05:06.053 I/AnebProbe(22981): ADAPTER_EVT type=content cls=androidx.recyclerview.widget.RecyclerView desc=null txt_len=0 pkg=com.larus.nova t_boot_ns=648275084171134
08-30 14:05:06.243 I/AnebProbe(22981): ADAPTER_EVT type=content cls=androidx.recyclerview.widget.RecyclerView desc=null txt_len=0 pkg=com.larus.nova t_boot_ns=648275273877384
08-30 14:05:06.336 I/AnebProbe(22981): ADAPTER_EVT type=content cls=androidx.recyclerview.widget.RecyclerView desc=null txt_len=0 pkg=com.larus.nova t_boot_ns=648275367358113
08-30 14:05:06.452 I/AnebProbe(22981): ADAPTER_EVT type=content cls=androidx.recyclerview.widget.RecyclerView desc=null txt_len=0 pkg=com.larus.nova t_boot_ns=648275483022176
08-30 14:05:06.455 I/AnebProbe(22981): ADAPTER_OBS pkg=com.larus.nova mode=doubao events=254 rule_matched=22 first_delta_ms=0 cadence_p50_ms=15.4 session_span_ms=53682.0 confidence=LOW/INCONCLUSIVE reason=throttle ttft_send_ms=null anchor_source=null ttft_cluster_ms=4145.5 ttft_density_ms=null
08-30 14:05:06.542 I/AnebProbe(22981): ADAPTER_EVT type=content cls=androidx.recyclerview.widget.RecyclerView desc=null txt_len=0 pkg=com.larus.nova t_boot_ns=648275573042488
08-30 14:05:07.159 I/AnebProbe(22981): ADAPTER_EVT type=content cls=androidx.recyclerview.widget.RecyclerView desc=null txt_len=0 pkg=com.larus.nova t_boot_ns=648276190339884
08-30 14:05:07.279 I/AnebProbe(22981): ADAPTER_EVT type=content cls=androidx.drawerlayout.widget.DrawerLayout desc=null txt_len=0 pkg=com.larus.nova t_boot_ns=648276310301863
08-30 14:05:07.403 I/AnebProbe(22981): ADAPTER_EVT type=content cls=androidx.recyclerview.widget.RecyclerView desc=null txt_len=0 pkg=com.larus.nova t_boot_ns=648276434488842
08-30 14:05:07.510 I/AnebProbe(22981): ADAPTER_EVT type=content cls=androidx.recyclerview.widget.RecyclerView desc=null txt_len=0 pkg=com.larus.nova t_boot_ns=648276541375301
08-30 14:05:07.631 I/AnebProbe(22981): ADAPTER_EVT type=content cls=androidx.drawerlayout.widget.DrawerLayout desc=null txt_len=0 pkg=com.larus.nova t_boot_ns=648276662107072
08-30 14:05:07.737 I/AnebProbe(22981): ADAPTER_EVT type=content cls=androidx.recyclerview.widget.RecyclerView desc=null txt_len=0 pkg=com.larus.nova t_boot_ns=648276767949780
08-30 14:05:07.843 I/AnebProbe(22981): ADAPTER_EVT type=content cls=androidx.recyclerview.widget.RecyclerView desc=null txt_len=0 pkg=com.larus.nova t_boot_ns=648276874702384
08-30 14:05:07.958 I/AnebProbe(22981): ADAPTER_EVT type=content cls=androidx.recyclerview.widget.RecyclerView desc=null txt_len=0 pkg=com.larus.nova t_boot_ns=648276988991967
08-30 14:05:08.074 I/AnebProbe(22981): ADAPTER_EVT type=content cls=androidx.recyclerview.widget.RecyclerView desc=null txt_len=0 pkg=com.larus.nova t_boot_ns=648277105758634
08-30 14:05:08.191 I/AnebProbe(22981): ADAPTER_EVT type=content cls=androidx.recyclerview.widget.RecyclerView desc=null txt_len=0 pkg=com.larus.nova t_boot_ns=648277220951342
08-30 14:05:08.299 I/AnebProbe(22981): ADAPTER_EVT type=content cls=androidx.recyclerview.widget.RecyclerView desc=null txt_len=0 pkg=com.larus.nova t_boot_ns=648277329733634
08-30 14:05:08.408 I/AnebProbe(22981): ADAPTER_EVT type=content cls=androidx.recyclerview.widget.RecyclerView desc=null txt_len=0 pkg=com.larus.nova t_boot_ns=648277438423738
08-30 14:05:08.515 I/AnebProbe(22981): ADAPTER_EVT type=content cls=androidx.recyclerview.widget.RecyclerView desc=null txt_len=0 pkg=com.larus.nova t_boot_ns=648277546841967
08-30 14:05:08.615 I/AnebProbe(22981): ADAPTER_EVT type=content cls=androidx.recyclerview.widget.RecyclerView desc=null txt_len=0 pkg=com.larus.nova t_boot_ns=648277646838842
08-30 14:05:08.717 I/AnebProbe(22981): ADAPTER_EVT type=content cls=androidx.recyclerview.widget.RecyclerView desc=null txt_len=0 pkg=com.larus.nova t_boot_ns=648277748283634
08-30 14:05:08.820 I/AnebProbe(22981): ADAPTER_EVT type=content cls=androidx.recyclerview.widget.RecyclerView desc=null txt_len=0 pkg=com.larus.nova t_boot_ns=648277851797176
08-30 14:05:08.932 I/AnebProbe(22981): ADAPTER_EVT type=content cls=androidx.recyclerview.widget.RecyclerView desc=null txt_len=0 pkg=com.larus.nova t_boot_ns=648277962581551
08-30 14:05:09.032 I/AnebProbe(22981): ADAPTER_EVT type=content cls=androidx.recyclerview.widget.RecyclerView desc=null txt_len=0 pkg=com.larus.nova t_boot_ns=648278063514363
08-30 14:05:09.147 I/AnebProbe(22981): ADAPTER_EVT type=content cls=androidx.recyclerview.widget.RecyclerView desc=null txt_len=0 pkg=com.larus.nova t_boot_ns=648278177993009
08-30 14:05:09.256 I/AnebProbe(22981): ADAPTER_EVT type=content cls=androidx.recyclerview.widget.RecyclerView desc=null txt_len=0 pkg=com.larus.nova t_boot_ns=648278286920092
08-30 14:05:09.366 I/AnebProbe(22981): ADAPTER_EVT type=content cls=androidx.recyclerview.widget.RecyclerView desc=null txt_len=0 pkg=com.larus.nova t_boot_ns=648278396283634
08-30 14:05:09.478 I/AnebProbe(22981): ADAPTER_EVT type=content cls=androidx.recyclerview.widget.RecyclerView desc=null txt_len=0 pkg=com.larus.nova t_boot_ns=648278508781550
08-30 14:05:09.580 I/AnebProbe(22981): ADAPTER_EVT type=content cls=androidx.recyclerview.widget.RecyclerView desc=null txt_len=0 pkg=com.larus.nova t_boot_ns=648278610716967
08-30 14:05:09.693 I/AnebProbe(22981): ADAPTER_EVT type=content cls=androidx.recyclerview.widget.RecyclerView desc=null txt_len=0 pkg=com.larus.nova t_boot_ns=648278724376342
08-30 14:05:09.807 I/AnebProbe(22981): ADAPTER_EVT type=content cls=androidx.recyclerview.widget.RecyclerView desc=null txt_len=0 pkg=com.larus.nova t_boot_ns=648278838002384
08-30 14:05:09.911 I/AnebProbe(22981): ADAPTER_EVT type=content cls=androidx.recyclerview.widget.RecyclerView desc=null txt_len=0 pkg=com.larus.nova t_boot_ns=648278942069050
08-30 14:05:10.015 I/AnebProbe(22981): ADAPTER_EVT type=content cls=android.view.ViewGroup desc=null txt_len=0 pkg=com.larus.nova t_boot_ns=648279046575300
08-30 14:05:10.136 I/AnebProbe(22981): ADAPTER_EVT type=content cls=android.view.ViewGroup desc=null txt_len=0 pkg=com.larus.nova t_boot_ns=648279167760196
08-30 14:05:10.240 I/AnebProbe(22981): ADAPTER_EVT type=content cls=android.view.ViewGroup desc=null txt_len=0 pkg=com.larus.nova t_boot_ns=648279271177905
08-30 14:05:10.345 I/AnebProbe(22981): ADAPTER_EVT type=content cls=android.view.ViewGroup desc=null txt_len=0 pkg=com.larus.nova t_boot_ns=648279376025300
08-30 14:05:10.445 I/AnebProbe(22981): ADAPTER_EVT type=content cls=androidx.recyclerview.widget.RecyclerView desc=null txt_len=0 pkg=com.larus.nova t_boot_ns=648279475951342
08-30 14:05:10.781 I/AnebProbe(22981): ADAPTER_EVT type=content cls=androidx.drawerlayout.widget.DrawerLayout desc=null txt_len=0 pkg=com.larus.nova t_boot_ns=648279811921134
08-30 14:05:10.905 I/AnebProbe(22981): ADAPTER_EVT type=content cls=androidx.drawerlayout.widget.DrawerLayout desc=null txt_len=0 pkg=com.larus.nova t_boot_ns=648279936538321
08-30 14:05:11.025 I/AnebProbe(22981): ADAPTER_EVT type=content cls=androidx.drawerlayout.widget.DrawerLayout desc=null txt_len=0 pkg=com.larus.nova t_boot_ns=648280056624779
08-30 14:05:11.457 I/AnebProbe(22981): ADAPTER_EVT type=content cls=androidx.drawerlayout.widget.DrawerLayout desc=null txt_len=0 pkg=com.larus.nova t_boot_ns=648280488168529
08-30 14:05:11.460 I/AnebProbe(22981): ADAPTER_OBS pkg=com.larus.nova mode=doubao events=290 rule_matched=48 first_delta_ms=0 cadence_p50_ms=15.6 session_span_ms=58687.1 confidence=LOW/INCONCLUSIVE reason=throttle ttft_send_ms=null anchor_source=null ttft_cluster_ms=4145.5 ttft_density_ms=null
08-30 14:05:11.558 I/AnebProbe(22981): ADAPTER_EVT type=content cls=androidx.drawerlayout.widget.DrawerLayout desc=null txt_len=0 pkg=com.larus.nova t_boot_ns=648280588779988
08-30 14:05:45.563 I/AnebE4MARK(29974): E4MARK kind=answer_complete n=1
08-30 14:06:06.036 I/AnebProbe(22981): ADAPTER_EVT type=click cls=android.widget.ImageView desc=返回 txt_len=2 pkg=com.larus.nova t_boot_ns=648335067882063
08-30 14:06:06.037 I/AnebProbe(22981): ADAPTER_OBS pkg=com.larus.nova mode=doubao events=291 rule_matched=48 first_delta_ms=0 cadence_p50_ms=15.6 session_span_ms=58787.7 confidence=LOW/INCONCLUSIVE reason=throttle ttft_send_ms=null anchor_source=null ttft_cluster_ms=4145.5 ttft_density_ms=null
08-30 14:06:06.157 I/AnebProbe(22981): ADAPTER_EVT type=content cls=androidx.drawerlayout.widget.DrawerLayout desc=null txt_len=0 pkg=com.larus.nova t_boot_ns=648335188798729
08-30 14:06:06.274 I/AnebProbe(22981): ADAPTER_EVT type=content cls=androidx.drawerlayout.widget.DrawerLayout desc=null txt_len=0 pkg=com.larus.nova t_boot_ns=648335305390396
08-30 14:06:06.389 I/AnebProbe(22981): ADAPTER_EVT type=content cls=androidx.drawerlayout.widget.DrawerLayout desc=null txt_len=0 pkg=com.larus.nova t_boot_ns=648335420581542
08-30 14:06:06.460 I/AnebProbe(22981): ADAPTER_EVT type=content cls=androidx.drawerlayout.widget.DrawerLayout desc=null txt_len=0 pkg=com.larus.nova t_boot_ns=648335492016958
08-30 14:06:07.814 I/AnebProbe(22981): ADAPTER_EVT type=click cls=android.widget.ImageView desc=创建新对话 txt_len=5 pkg=com.larus.nova t_boot_ns=648336845596125
08-30 14:06:07.815 I/AnebProbe(22981): ADAPTER_EVT type=content cls=android.widget.FrameLayout desc=null txt_len=0 pkg=com.larus.nova t_boot_ns=648336846736229
08-30 14:06:08.041 I/AnebProbe(22981): ADAPTER_EVT type=content cls=androidx.drawerlayout.widget.DrawerLayout desc=null txt_len=0 pkg=com.larus.nova t_boot_ns=648337072418000
08-30 14:06:08.197 I/AnebProbe(22981): ADAPTER_EVT type=content cls=androidx.drawerlayout.widget.DrawerLayout desc=null txt_len=0 pkg=com.larus.nova t_boot_ns=648337228691437
08-30 14:06:08.238 I/AnebProbe(22981): ADAPTER_EVT type=content cls=androidx.drawerlayout.widget.DrawerLayout desc=null txt_len=0 pkg=com.larus.nova t_boot_ns=648337270112271
08-30 14:06:08.241 I/AnebProbe(22981): ADAPTER_EVT type=content cls=androidx.drawerlayout.widget.DrawerLayout desc=null txt_len=0 pkg=com.larus.nova t_boot_ns=648337272778417
08-30 14:06:08.351 I/AnebProbe(22981): ADAPTER_EVT type=content cls=android.view.ViewGroup desc=null txt_len=0 pkg=com.larus.nova t_boot_ns=648337382172166
08-30 14:06:08.451 I/AnebProbe(22981): ADAPTER_EVT type=content cls=android.view.ViewGroup desc=null txt_len=0 pkg=com.larus.nova t_boot_ns=648337482682583
08-30 14:06:08.561 I/AnebProbe(22981): ADAPTER_EVT type=content cls=androidx.drawerlayout.widget.DrawerLayout desc=null txt_len=0 pkg=com.larus.nova t_boot_ns=648337592486229
08-30 14:06:08.661 I/AnebProbe(22981): ADAPTER_EVT type=content cls=androidx.drawerlayout.widget.DrawerLayout desc=null txt_len=0 pkg=com.larus.nova t_boot_ns=648337692183625
08-30 14:06:08.809 I/AnebProbe(22981): ADAPTER_EVT type=content cls=androidx.recyclerview.widget.RecyclerView desc=null txt_len=0 pkg=com.larus.nova t_boot_ns=648337839983104
08-30 14:06:08.909 I/AnebProbe(22981): ADAPTER_EVT type=content cls=android.view.ViewGroup desc=null txt_len=0 pkg=com.larus.nova t_boot_ns=648337940564875
08-30 14:06:09.015 I/AnebProbe(22981): ADAPTER_EVT type=content cls=android.view.ViewGroup desc=null txt_len=0 pkg=com.larus.nova t_boot_ns=648338046101854
08-30 14:06:09.263 I/AnebProbe(22981): ADAPTER_EVT type=content cls=android.view.ViewGroup desc=null txt_len=0 pkg=com.larus.nova t_boot_ns=648338294309666
08-30 14:06:09.372 I/AnebProbe(22981): ADAPTER_EVT type=content cls=android.view.ViewGroup desc=null txt_len=0 pkg=com.larus.nova t_boot_ns=648338403275812
08-30 14:06:09.473 I/AnebProbe(22981): ADAPTER_EVT type=content cls=android.view.ViewGroup desc=null txt_len=0 pkg=com.larus.nova t_boot_ns=648338503908104
08-30 14:06:09.573 I/AnebProbe(22981): ADAPTER_EVT type=content cls=android.view.ViewGroup desc=null txt_len=0 pkg=com.larus.nova t_boot_ns=648338604307583
08-30 14:06:09.690 I/AnebProbe(22981): ADAPTER_EVT type=content cls=androidx.drawerlayout.widget.DrawerLayout desc=null txt_len=0 pkg=com.larus.nova t_boot_ns=648338720736229
08-30 14:06:09.790 I/AnebProbe(22981): ADAPTER_EVT type=content cls=android.view.ViewGroup desc=null txt_len=0 pkg=com.larus.nova t_boot_ns=648338820935708
08-30 14:06:09.911 I/AnebProbe(22981): ADAPTER_EVT type=content cls=android.view.ViewGroup desc=null txt_len=0 pkg=com.larus.nova t_boot_ns=648338942783625
08-30 14:06:10.022 I/AnebProbe(22981): ADAPTER_EVT type=content cls=android.view.ViewGroup desc=null txt_len=0 pkg=com.larus.nova t_boot_ns=648339052699250
08-30 14:06:10.122 I/AnebProbe(22981): ADAPTER_EVT type=content cls=android.view.ViewGroup desc=null txt_len=0 pkg=com.larus.nova t_boot_ns=648339153264354
08-30 14:06:10.784 I/AnebProbe(22981): ADAPTER_EVT type=content cls=android.view.ViewGroup desc=新对话，打开设置页 txt_len=0 pkg=com.larus.nova t_boot_ns=648339815854458
08-30 14:06:10.889 I/AnebProbe(22981): ADAPTER_EVT type=content cls=android.view.ViewGroup desc=null txt_len=0 pkg=com.larus.nova t_boot_ns=648339920263312
08-30 14:06:11.007 I/AnebProbe(22981): ADAPTER_EVT type=content cls=android.view.ViewGroup desc=null txt_len=0 pkg=com.larus.nova t_boot_ns=648340038773729
08-30 14:06:11.123 I/AnebProbe(22981): ADAPTER_EVT type=content cls=android.view.ViewGroup desc=null txt_len=0 pkg=com.larus.nova t_boot_ns=648340154941958
08-30 14:06:11.124 I/AnebProbe(22981): ADAPTER_OBS pkg=com.larus.nova mode=doubao events=320 rule_matched=49 first_delta_ms=0 cadence_p50_ms=21.5 session_span_ms=118353.9 confidence=LOW/INCONCLUSIVE reason=throttle ttft_send_ms=null anchor_source=null ttft_cluster_ms=4145.5 ttft_density_ms=null
08-30 14:06:11.239 I/AnebProbe(22981): ADAPTER_EVT type=content cls=android.view.ViewGroup desc=null txt_len=0 pkg=com.larus.nova t_boot_ns=648340270108624
08-30 14:06:11.350 I/AnebProbe(22981): ADAPTER_EVT type=content cls=android.view.ViewGroup desc=null txt_len=0 pkg=com.larus.nova t_boot_ns=648340381529458
08-30 14:06:11.451 I/AnebProbe(22981): ADAPTER_EVT type=content cls=android.view.ViewGroup desc=null txt_len=0 pkg=com.larus.nova t_boot_ns=648340482185187
08-30 14:06:11.552 I/AnebProbe(22981): ADAPTER_EVT type=content cls=android.view.ViewGroup desc=null txt_len=0 pkg=com.larus.nova t_boot_ns=648340583239874
08-30 14:06:11.656 I/AnebProbe(22981): ADAPTER_EVT type=content cls=android.view.ViewGroup desc=null txt_len=0 pkg=com.larus.nova t_boot_ns=648340686994041
08-30 14:06:11.771 I/AnebProbe(22981): ADAPTER_EVT type=content cls=android.view.ViewGroup desc=null txt_len=0 pkg=com.larus.nova t_boot_ns=648340801926853
08-30 14:06:11.870 I/AnebProbe(22981): ADAPTER_EVT type=content cls=android.view.ViewGroup desc=null txt_len=0 pkg=com.larus.nova t_boot_ns=648340901622687
08-30 14:06:11.983 I/AnebProbe(22981): ADAPTER_EVT type=content cls=android.view.ViewGroup desc=null txt_len=0 pkg=com.larus.nova t_boot_ns=648341014494562
08-30 14:06:12.083 I/AnebProbe(22981): ADAPTER_EVT type=content cls=android.view.ViewGroup desc=null txt_len=0 pkg=com.larus.nova t_boot_ns=648341114537270
08-30 14:06:12.150 I/AnebProbe(22981): ADAPTER_EVT type=content cls=android.view.ViewGroup desc=null txt_len=0 pkg=com.larus.nova t_boot_ns=648341181928937
08-30 14:06:12.151 I/AnebProbe(22981): ADAPTER_EVT type=content cls=android.widget.EditText desc=null txt_len=1 pkg=com.larus.nova t_boot_ns=648341182371124
08-30 14:06:12.158 I/AnebProbe(22981): ADAPTER_EVT type=content cls=android.view.ViewGroup desc=null txt_len=0 pkg=com.larus.nova t_boot_ns=648341189725812
08-30 14:06:12.201 I/AnebProbe(22981): ADAPTER_EVT type=content cls=android.view.ViewGroup desc=null txt_len=0 pkg=com.larus.nova t_boot_ns=648341232488312
08-30 14:06:12.201 I/AnebProbe(22981): ADAPTER_EVT type=content cls=android.widget.EditText desc=null txt_len=2 pkg=com.larus.nova t_boot_ns=648341232834145
08-30 14:06:12.219 I/AnebProbe(22981): ADAPTER_EVT type=content cls=android.view.ViewGroup desc=null txt_len=0 pkg=com.larus.nova t_boot_ns=648341250890916
08-30 14:06:12.220 I/AnebProbe(22981): ADAPTER_EVT type=content cls=android.widget.EditText desc=null txt_len=3 pkg=com.larus.nova t_boot_ns=648341251259145
08-30 14:06:12.236 I/AnebProbe(22981): ADAPTER_EVT type=content cls=android.view.ViewGroup desc=null txt_len=0 pkg=com.larus.nova t_boot_ns=648341267755499
08-30 14:06:12.237 I/AnebProbe(22981): ADAPTER_EVT type=content cls=android.widget.EditText desc=null txt_len=4 pkg=com.larus.nova t_boot_ns=648341268256541
08-30 14:06:12.254 I/AnebProbe(22981): ADAPTER_EVT type=content cls=android.view.ViewGroup desc=null txt_len=0 pkg=com.larus.nova t_boot_ns=648341285921124
08-30 14:06:12.255 I/AnebProbe(22981): ADAPTER_EVT type=content cls=android.widget.EditText desc=null txt_len=5 pkg=com.larus.nova t_boot_ns=648341286288833
08-30 14:06:12.272 I/AnebProbe(22981): ADAPTER_EVT type=content cls=android.view.ViewGroup desc=null txt_len=0 pkg=com.larus.nova t_boot_ns=648341303107583
08-30 14:06:12.272 I/AnebProbe(22981): ADAPTER_EVT type=content cls=android.widget.EditText desc=null txt_len=6 pkg=com.larus.nova t_boot_ns=648341303559145
08-30 14:06:12.295 I/AnebProbe(22981): ADAPTER_EVT type=content cls=android.view.ViewGroup desc=null txt_len=0 pkg=com.larus.nova t_boot_ns=648341326443520
08-30 14:06:12.295 I/AnebProbe(22981): ADAPTER_EVT type=content cls=android.widget.EditText desc=null txt_len=7 pkg=com.larus.nova t_boot_ns=648341326835708
08-30 14:06:12.305 I/AnebProbe(22981): ADAPTER_EVT type=content cls=android.widget.EditText desc=null txt_len=8 pkg=com.larus.nova t_boot_ns=648341336543520
08-30 14:06:12.328 I/AnebProbe(22981): ADAPTER_EVT type=content cls=android.view.ViewGroup desc=null txt_len=0 pkg=com.larus.nova t_boot_ns=648341359921645
08-30 14:06:12.329 I/AnebProbe(22981): ADAPTER_EVT type=content cls=android.widget.EditText desc=null txt_len=9 pkg=com.larus.nova t_boot_ns=648341360349770
08-30 14:06:12.337 I/AnebProbe(22981): ADAPTER_EVT type=content cls=android.view.ViewGroup desc=null txt_len=0 pkg=com.larus.nova t_boot_ns=648341368874249
08-30 14:06:12.338 I/AnebProbe(22981): ADAPTER_EVT type=content cls=android.widget.EditText desc=null txt_len=10 pkg=com.larus.nova t_boot_ns=648341369262270
08-30 14:06:12.355 I/AnebProbe(22981): ADAPTER_EVT type=content cls=android.view.ViewGroup desc=null txt_len=0 pkg=com.larus.nova t_boot_ns=648341386146645
08-30 14:06:12.355 I/AnebProbe(22981): ADAPTER_EVT type=content cls=android.widget.EditText desc=null txt_len=11 pkg=com.larus.nova t_boot_ns=648341386474770
08-30 14:06:12.371 I/AnebProbe(22981): ADAPTER_EVT type=content cls=android.view.ViewGroup desc=null txt_len=0 pkg=com.larus.nova t_boot_ns=648341402517999
08-30 14:06:12.371 I/AnebProbe(22981): ADAPTER_EVT type=content cls=android.widget.EditText desc=null txt_len=12 pkg=com.larus.nova t_boot_ns=648341402877374
08-30 14:06:12.388 I/AnebProbe(22981): ADAPTER_EVT type=content cls=android.view.ViewGroup desc=null txt_len=0 pkg=com.larus.nova t_boot_ns=648341419925291
08-30 14:06:12.389 I/AnebProbe(22981): ADAPTER_EVT type=content cls=android.widget.EditText desc=null txt_len=13 pkg=com.larus.nova t_boot_ns=648341420288312
08-30 14:06:12.410 I/AnebProbe(22981): ADAPTER_EVT type=content cls=android.view.ViewGroup desc=null txt_len=0 pkg=com.larus.nova t_boot_ns=648341441075812
08-30 14:06:12.410 I/AnebProbe(22981): ADAPTER_EVT type=content cls=android.widget.EditText desc=null txt_len=14 pkg=com.larus.nova t_boot_ns=648341441534666
08-30 14:06:12.419 I/AnebProbe(22981): ADAPTER_EVT type=content cls=android.widget.EditText desc=null txt_len=15 pkg=com.larus.nova t_boot_ns=648341450601333
08-30 14:06:12.437 I/AnebProbe(22981): ADAPTER_EVT type=content cls=android.view.ViewGroup desc=null txt_len=0 pkg=com.larus.nova t_boot_ns=648341468867999
08-30 14:06:12.438 I/AnebProbe(22981): ADAPTER_EVT type=content cls=android.widget.EditText desc=null txt_len=16 pkg=com.larus.nova t_boot_ns=648341469319562
08-30 14:06:12.455 I/AnebProbe(22981): ADAPTER_EVT type=content cls=android.view.ViewGroup desc=null txt_len=0 pkg=com.larus.nova t_boot_ns=648341486265916
08-30 14:06:12.455 I/AnebProbe(22981): ADAPTER_EVT type=content cls=android.widget.EditText desc=null txt_len=17 pkg=com.larus.nova t_boot_ns=648341486666958
08-30 14:06:12.476 I/AnebProbe(22981): ADAPTER_EVT type=content cls=android.view.ViewGroup desc=null txt_len=0 pkg=com.larus.nova t_boot_ns=648341507162270
08-30 14:06:12.476 I/AnebProbe(22981): ADAPTER_EVT type=content cls=android.widget.EditText desc=null txt_len=18 pkg=com.larus.nova t_boot_ns=648341507590395
08-30 14:06:12.486 I/AnebProbe(22981): ADAPTER_EVT type=content cls=android.widget.EditText desc=null txt_len=19 pkg=com.larus.nova t_boot_ns=648341516910187
08-30 14:06:12.503 I/AnebProbe(22981): ADAPTER_EVT type=content cls=android.view.ViewGroup desc=null txt_len=0 pkg=com.larus.nova t_boot_ns=648341534148208
08-30 14:06:12.503 I/AnebProbe(22981): ADAPTER_EVT type=content cls=android.widget.EditText desc=null txt_len=20 pkg=com.larus.nova t_boot_ns=648341534739353
08-30 14:06:12.528 I/AnebProbe(22981): ADAPTER_EVT type=content cls=android.view.ViewGroup desc=null txt_len=0 pkg=com.larus.nova t_boot_ns=648341559244041
08-30 14:06:12.528 I/AnebProbe(22981): ADAPTER_EVT type=content cls=android.widget.EditText desc=null txt_len=21 pkg=com.larus.nova t_boot_ns=648341559754458
08-30 14:06:12.538 I/AnebProbe(22981): ADAPTER_EVT type=content cls=android.widget.EditText desc=null txt_len=22 pkg=com.larus.nova t_boot_ns=648341569827895
08-30 14:06:12.566 I/AnebProbe(22981): ADAPTER_EVT type=content cls=android.view.ViewGroup desc=null txt_len=0 pkg=com.larus.nova t_boot_ns=648341597763833
08-30 14:06:12.567 I/AnebProbe(22981): ADAPTER_EVT type=content cls=android.widget.EditText desc=null txt_len=23 pkg=com.larus.nova t_boot_ns=648341598147166
08-30 14:06:12.585 I/AnebProbe(22981): ADAPTER_EVT type=content cls=android.view.ViewGroup desc=null txt_len=0 pkg=com.larus.nova t_boot_ns=648341615924249
08-30 14:06:12.585 I/AnebProbe(22981): ADAPTER_EVT type=content cls=android.widget.EditText desc=null txt_len=24 pkg=com.larus.nova t_boot_ns=648341616414874
08-30 14:06:12.610 I/AnebProbe(22981): ADAPTER_EVT type=content cls=android.view.ViewGroup desc=null txt_len=0 pkg=com.larus.nova t_boot_ns=648341641305499
08-30 14:06:12.611 I/AnebProbe(22981): ADAPTER_EVT type=content cls=android.widget.EditText desc=null txt_len=25 pkg=com.larus.nova t_boot_ns=648341641743520
08-30 14:06:12.618 I/AnebProbe(22981): ADAPTER_EVT type=content cls=android.widget.EditText desc=null txt_len=26 pkg=com.larus.nova t_boot_ns=648341649602374
08-30 14:06:12.643 I/AnebProbe(22981): ADAPTER_EVT type=content cls=android.view.ViewGroup desc=null txt_len=0 pkg=com.larus.nova t_boot_ns=648341674649770
08-30 14:06:12.644 I/AnebProbe(22981): ADAPTER_EVT type=content cls=android.widget.EditText desc=null txt_len=27 pkg=com.larus.nova t_boot_ns=648341675062270
08-30 14:06:12.666 I/AnebProbe(22981): ADAPTER_EVT type=content cls=android.view.ViewGroup desc=null txt_len=0 pkg=com.larus.nova t_boot_ns=648341697410708
08-30 14:06:12.667 I/AnebProbe(22981): ADAPTER_EVT type=content cls=android.widget.EditText desc=null txt_len=28 pkg=com.larus.nova t_boot_ns=648341697988833
08-30 14:06:12.693 I/AnebProbe(22981): ADAPTER_EVT type=content cls=android.view.ViewGroup desc=null txt_len=0 pkg=com.larus.nova t_boot_ns=648341723973208
08-30 14:06:12.693 I/AnebProbe(22981): ADAPTER_EVT type=content cls=android.widget.EditText desc=null txt_len=29 pkg=com.larus.nova t_boot_ns=648341724438832
08-30 14:06:12.716 I/AnebProbe(22981): ADAPTER_EVT type=content cls=android.view.ViewGroup desc=null txt_len=0 pkg=com.larus.nova t_boot_ns=648341747353416
08-30 14:06:12.716 I/AnebProbe(22981): ADAPTER_EVT type=content cls=android.widget.EditText desc=null txt_len=30 pkg=com.larus.nova t_boot_ns=648341747842478
08-30 14:06:12.743 I/AnebProbe(22981): ADAPTER_EVT type=content cls=android.view.ViewGroup desc=null txt_len=0 pkg=com.larus.nova t_boot_ns=648341774737791
08-30 14:06:12.744 I/AnebProbe(22981): ADAPTER_EVT type=content cls=android.widget.EditText desc=null txt_len=31 pkg=com.larus.nova t_boot_ns=648341775162270
08-30 14:06:12.766 I/AnebProbe(22981): ADAPTER_EVT type=content cls=android.view.ViewGroup desc=null txt_len=0 pkg=com.larus.nova t_boot_ns=648341797402374
08-30 14:06:12.766 I/AnebProbe(22981): ADAPTER_EVT type=content cls=android.widget.EditText desc=null txt_len=32 pkg=com.larus.nova t_boot_ns=648341797675812
08-30 14:06:12.785 I/AnebProbe(22981): ADAPTER_EVT type=content cls=android.view.ViewGroup desc=null txt_len=0 pkg=com.larus.nova t_boot_ns=648341816531020
08-30 14:06:12.785 I/AnebProbe(22981): ADAPTER_EVT type=content cls=android.widget.EditText desc=null txt_len=33 pkg=com.larus.nova t_boot_ns=648341816718520
08-30 14:06:12.801 I/AnebProbe(22981): ADAPTER_EVT type=content cls=android.view.ViewGroup desc=null txt_len=0 pkg=com.larus.nova t_boot_ns=648341832782582
08-30 14:06:12.801 I/AnebProbe(22981): ADAPTER_EVT type=content cls=android.widget.EditText desc=null txt_len=34 pkg=com.larus.nova t_boot_ns=648341832974249
08-30 14:06:12.817 I/AnebProbe(22981): ADAPTER_EVT type=content cls=android.view.ViewGroup desc=null txt_len=0 pkg=com.larus.nova t_boot_ns=648341848334666
08-30 14:06:12.817 I/AnebProbe(22981): ADAPTER_EVT type=content cls=android.widget.EditText desc=null txt_len=35 pkg=com.larus.nova t_boot_ns=648341848530499
08-30 14:06:12.833 I/AnebProbe(22981): ADAPTER_EVT type=content cls=android.view.ViewGroup desc=null txt_len=0 pkg=com.larus.nova t_boot_ns=648341864397166
08-30 14:06:12.833 I/AnebProbe(22981): ADAPTER_EVT type=content cls=android.widget.EditText desc=null txt_len=36 pkg=com.larus.nova t_boot_ns=648341864983624
08-30 14:06:12.846 I/AnebProbe(22981): ADAPTER_EVT type=content cls=android.view.ViewGroup desc=null txt_len=0 pkg=com.larus.nova t_boot_ns=648341877429457
08-30 14:06:12.846 I/AnebProbe(22981): ADAPTER_EVT type=content cls=android.widget.EditText desc=null txt_len=37 pkg=com.larus.nova t_boot_ns=648341877582582
08-30 14:06:12.852 I/AnebProbe(22981): ADAPTER_EVT type=content cls=android.widget.EditText desc=null txt_len=38 pkg=com.larus.nova t_boot_ns=648341883074770
08-30 14:06:12.864 I/AnebProbe(22981): ADAPTER_EVT type=content cls=android.view.ViewGroup desc=null txt_len=0 pkg=com.larus.nova t_boot_ns=648341895799249
08-30 14:06:12.864 I/AnebProbe(22981): ADAPTER_EVT type=content cls=android.widget.EditText desc=null txt_len=39 pkg=com.larus.nova t_boot_ns=648341895991437
08-30 14:06:12.878 I/AnebProbe(22981): ADAPTER_EVT type=content cls=android.view.ViewGroup desc=null txt_len=0 pkg=com.larus.nova t_boot_ns=648341910008103
08-30 14:06:12.879 I/AnebProbe(22981): ADAPTER_EVT type=content cls=android.widget.EditText desc=null txt_len=40 pkg=com.larus.nova t_boot_ns=648341910195082
08-30 14:06:12.885 I/AnebProbe(22981): ADAPTER_EVT type=content cls=android.widget.EditText desc=null txt_len=41 pkg=com.larus.nova t_boot_ns=648341916969562
08-30 14:06:12.899 I/AnebProbe(22981): ADAPTER_EVT type=content cls=android.view.ViewGroup desc=null txt_len=0 pkg=com.larus.nova t_boot_ns=648341930516957
08-30 14:06:12.899 I/AnebProbe(22981): ADAPTER_EVT type=content cls=android.widget.EditText desc=null txt_len=42 pkg=com.larus.nova t_boot_ns=648341930683103
08-30 14:06:12.912 I/AnebProbe(22981): ADAPTER_EVT type=content cls=android.view.ViewGroup desc=null txt_len=0 pkg=com.larus.nova t_boot_ns=648341943126332
08-30 14:06:12.912 I/AnebProbe(22981): ADAPTER_EVT type=content cls=android.widget.EditText desc=null txt_len=43 pkg=com.larus.nova t_boot_ns=648341943311228
08-30 14:06:12.926 I/AnebProbe(22981): ADAPTER_EVT type=content cls=android.view.ViewGroup desc=null txt_len=0 pkg=com.larus.nova t_boot_ns=648341957392478
08-30 14:06:12.926 I/AnebProbe(22981): ADAPTER_EVT type=content cls=android.widget.EditText desc=null txt_len=44 pkg=com.larus.nova t_boot_ns=648341957597166
08-30 14:06:12.933 I/AnebProbe(22981): ADAPTER_EVT type=content cls=android.widget.EditText desc=null txt_len=45 pkg=com.larus.nova t_boot_ns=648341964076853
08-30 14:06:12.950 I/AnebProbe(22981): ADAPTER_EVT type=content cls=android.view.ViewGroup desc=null txt_len=0 pkg=com.larus.nova t_boot_ns=648341981823207
08-30 14:06:12.952 I/AnebProbe(22981): ADAPTER_EVT type=content cls=android.widget.EditText desc=null txt_len=46 pkg=com.larus.nova t_boot_ns=648341982012270
08-30 14:06:12.962 I/AnebProbe(22981): ADAPTER_EVT type=content cls=android.view.ViewGroup desc=null txt_len=0 pkg=com.larus.nova t_boot_ns=648341993326853
08-30 14:06:12.962 I/AnebProbe(22981): ADAPTER_EVT type=content cls=android.widget.EditText desc=null txt_len=47 pkg=com.larus.nova t_boot_ns=648341993539353
08-30 14:06:12.975 I/AnebProbe(22981): ADAPTER_EVT type=content cls=android.view.ViewGroup desc=null txt_len=0 pkg=com.larus.nova t_boot_ns=648342006722166
08-30 14:06:12.975 I/AnebProbe(22981): ADAPTER_EVT type=content cls=android.widget.EditText desc=null txt_len=48 pkg=com.larus.nova t_boot_ns=648342006900812
08-30 14:06:12.982 I/AnebProbe(22981): ADAPTER_EVT type=content cls=android.widget.EditText desc=null txt_len=49 pkg=com.larus.nova t_boot_ns=648342013473207
08-30 14:06:13.004 I/AnebProbe(22981): ADAPTER_EVT type=content cls=android.view.ViewGroup desc=null txt_len=0 pkg=com.larus.nova t_boot_ns=648342035316437
08-30 14:06:13.004 I/AnebProbe(22981): ADAPTER_EVT type=content cls=android.widget.EditText desc=null txt_len=50 pkg=com.larus.nova t_boot_ns=648342035517478
08-30 14:06:13.011 I/AnebProbe(22981): ADAPTER_EVT type=content cls=android.widget.EditText desc=null txt_len=51 pkg=com.larus.nova t_boot_ns=648342042675812
08-30 14:06:13.034 I/AnebProbe(22981): ADAPTER_EVT type=content cls=android.view.ViewGroup desc=null txt_len=0 pkg=com.larus.nova t_boot_ns=648342065831541
08-30 14:06:13.034 I/AnebProbe(22981): ADAPTER_EVT type=content cls=android.widget.EditText desc=null txt_len=52 pkg=com.larus.nova t_boot_ns=648342066008103
08-30 14:06:13.047 I/AnebProbe(22981): ADAPTER_EVT type=content cls=android.view.ViewGroup desc=null txt_len=0 pkg=com.larus.nova t_boot_ns=648342078197166
08-30 14:06:13.047 I/AnebProbe(22981): ADAPTER_EVT type=content cls=android.widget.EditText desc=null txt_len=53 pkg=com.larus.nova t_boot_ns=648342078349249
08-30 14:06:13.061 I/AnebProbe(22981): ADAPTER_EVT type=content cls=android.view.ViewGroup desc=null txt_len=0 pkg=com.larus.nova t_boot_ns=648342092577895
08-30 14:06:13.061 I/AnebProbe(22981): ADAPTER_EVT type=content cls=android.widget.EditText desc=null txt_len=54 pkg=com.larus.nova t_boot_ns=648342092759145
08-30 14:06:13.078 I/AnebProbe(22981): ADAPTER_EVT type=content cls=android.view.ViewGroup desc=null txt_len=0 pkg=com.larus.nova t_boot_ns=648342109326332
08-30 14:06:13.078 I/AnebProbe(22981): ADAPTER_EVT type=content cls=android.widget.EditText desc=null txt_len=55 pkg=com.larus.nova t_boot_ns=648342109623728
08-30 14:06:13.093 I/AnebProbe(22981): ADAPTER_EVT type=content cls=android.view.ViewGroup desc=null txt_len=0 pkg=com.larus.nova t_boot_ns=648342125045082
08-30 14:06:13.094 I/AnebProbe(22981): ADAPTER_EVT type=content cls=android.widget.EditText desc=null txt_len=56 pkg=com.larus.nova t_boot_ns=648342125255499
08-30 14:06:13.100 I/AnebProbe(22981): ADAPTER_EVT type=content cls=android.widget.EditText desc=null txt_len=57 pkg=com.larus.nova t_boot_ns=648342131510707
08-30 14:06:13.113 I/AnebProbe(22981): ADAPTER_EVT type=content cls=android.view.ViewGroup desc=null txt_len=0 pkg=com.larus.nova t_boot_ns=648342144747687
08-30 14:06:13.113 I/AnebProbe(22981): ADAPTER_EVT type=content cls=android.widget.EditText desc=null txt_len=58 pkg=com.larus.nova t_boot_ns=648342144952374
08-30 14:06:13.126 I/AnebProbe(22981): ADAPTER_EVT type=content cls=android.view.ViewGroup desc=null txt_len=0 pkg=com.larus.nova t_boot_ns=648342157984666
08-30 14:06:13.127 I/AnebProbe(22981): ADAPTER_EVT type=content cls=android.widget.EditText desc=null txt_len=59 pkg=com.larus.nova t_boot_ns=648342158173728
08-30 14:06:13.133 I/AnebProbe(22981): ADAPTER_EVT type=content cls=android.widget.EditText desc=null txt_len=60 pkg=com.larus.nova t_boot_ns=648342164596645
08-30 14:06:13.145 I/AnebProbe(22981): ADAPTER_EVT type=content cls=android.view.ViewGroup desc=null txt_len=0 pkg=com.larus.nova t_boot_ns=648342176851332
08-30 14:06:13.146 I/AnebProbe(22981): ADAPTER_EVT type=content cls=android.widget.EditText desc=null txt_len=61 pkg=com.larus.nova t_boot_ns=648342177194041
08-30 14:06:13.158 I/AnebProbe(22981): ADAPTER_EVT type=content cls=android.view.ViewGroup desc=null txt_len=0 pkg=com.larus.nova t_boot_ns=648342189076853
08-30 14:06:13.158 I/AnebProbe(22981): ADAPTER_EVT type=content cls=android.widget.EditText desc=null txt_len=62 pkg=com.larus.nova t_boot_ns=648342189305499
08-30 14:06:13.164 I/AnebProbe(22981): ADAPTER_EVT type=content cls=android.widget.EditText desc=null txt_len=63 pkg=com.larus.nova t_boot_ns=648342195215395
08-30 14:06:13.177 I/AnebProbe(22981): ADAPTER_EVT type=content cls=android.view.ViewGroup desc=null txt_len=0 pkg=com.larus.nova t_boot_ns=648342208594562
08-30 14:06:13.177 I/AnebProbe(22981): ADAPTER_EVT type=content cls=android.widget.EditText desc=null txt_len=64 pkg=com.larus.nova t_boot_ns=648342208782062
08-30 14:06:13.191 I/AnebProbe(22981): ADAPTER_EVT type=content cls=android.view.ViewGroup desc=null txt_len=0 pkg=com.larus.nova t_boot_ns=648342222700812
08-30 14:06:13.191 I/AnebProbe(22981): ADAPTER_EVT type=content cls=android.widget.EditText desc=null txt_len=65 pkg=com.larus.nova t_boot_ns=648342222907582
08-30 14:06:13.198 I/AnebProbe(22981): ADAPTER_EVT type=content cls=android.widget.EditText desc=null txt_len=66 pkg=com.larus.nova t_boot_ns=648342229984145
08-30 14:06:13.213 I/AnebProbe(22981): ADAPTER_EVT type=content cls=android.view.ViewGroup desc=null txt_len=0 pkg=com.larus.nova t_boot_ns=648342244449770
08-30 14:06:13.213 I/AnebProbe(22981): ADAPTER_EVT type=content cls=android.widget.EditText desc=null txt_len=67 pkg=com.larus.nova t_boot_ns=648342244737270
08-30 14:06:13.229 I/AnebProbe(22981): ADAPTER_EVT type=content cls=android.view.ViewGroup desc=null txt_len=0 pkg=com.larus.nova t_boot_ns=648342260192478
08-30 14:06:13.229 I/AnebProbe(22981): ADAPTER_EVT type=content cls=android.widget.EditText desc=null txt_len=68 pkg=com.larus.nova t_boot_ns=648342260383624
08-30 14:06:13.243 I/AnebProbe(22981): ADAPTER_EVT type=content cls=android.view.ViewGroup desc=null txt_len=0 pkg=com.larus.nova t_boot_ns=648342274214353
08-30 14:06:13.243 I/AnebProbe(22981): ADAPTER_EVT type=content cls=android.widget.EditText desc=null txt_len=69 pkg=com.larus.nova t_boot_ns=648342274395603
08-30 14:06:13.249 I/AnebProbe(22981): ADAPTER_EVT type=content cls=android.widget.EditText desc=null txt_len=70 pkg=com.larus.nova t_boot_ns=648342280583103
08-30 14:06:13.262 I/AnebProbe(22981): ADAPTER_EVT type=content cls=android.view.ViewGroup desc=null txt_len=0 pkg=com.larus.nova t_boot_ns=648342293111749
08-30 14:06:13.262 I/AnebProbe(22981): ADAPTER_EVT type=content cls=android.widget.EditText desc=null txt_len=71 pkg=com.larus.nova t_boot_ns=648342293338312
08-30 14:06:13.265 I/AnebProbe(22981): ADAPTER_EVT type=content cls=android.view.ViewGroup desc=null txt_len=0 pkg=com.larus.nova t_boot_ns=648342296239874
08-30 14:06:13.277 I/AnebProbe(22981): ADAPTER_EVT type=content cls=android.view.ViewGroup desc=null txt_len=0 pkg=com.larus.nova t_boot_ns=648342308879457
08-30 14:06:13.277 I/AnebProbe(22981): ADAPTER_EVT type=content cls=android.widget.EditText desc=null txt_len=72 pkg=com.larus.nova t_boot_ns=648342309081020
08-30 14:06:13.291 I/AnebProbe(22981): ADAPTER_EVT type=content cls=android.view.ViewGroup desc=null txt_len=0 pkg=com.larus.nova t_boot_ns=648342322597166
08-30 14:06:13.292 I/AnebProbe(22981): ADAPTER_EVT type=content cls=android.widget.EditText desc=null txt_len=73 pkg=com.larus.nova t_boot_ns=648342323174770
08-30 14:06:13.298 I/AnebProbe(22981): ADAPTER_EVT type=content cls=android.widget.EditText desc=null txt_len=74 pkg=com.larus.nova t_boot_ns=648342329239874
08-30 14:06:13.311 I/AnebProbe(22981): ADAPTER_EVT type=content cls=android.view.ViewGroup desc=null txt_len=0 pkg=com.larus.nova t_boot_ns=648342342553937
08-30 14:06:13.311 I/AnebProbe(22981): ADAPTER_EVT type=content cls=android.widget.EditText desc=null txt_len=75 pkg=com.larus.nova t_boot_ns=648342342736228
08-30 14:06:13.326 I/AnebProbe(22981): ADAPTER_EVT type=content cls=android.view.ViewGroup desc=null txt_len=0 pkg=com.larus.nova t_boot_ns=648342357184145
08-30 14:06:13.326 I/AnebProbe(22981): ADAPTER_EVT type=content cls=android.widget.EditText desc=null txt_len=76 pkg=com.larus.nova t_boot_ns=648342357374249
08-30 14:06:13.332 I/AnebProbe(22981): ADAPTER_EVT type=content cls=android.widget.EditText desc=null txt_len=77 pkg=com.larus.nova t_boot_ns=648342363848207
08-30 14:06:13.346 I/AnebProbe(22981): ADAPTER_EVT type=content cls=android.view.ViewGroup desc=null txt_len=0 pkg=com.larus.nova t_boot_ns=648342377812270
08-30 14:06:13.346 I/AnebProbe(22981): ADAPTER_EVT type=content cls=android.widget.EditText desc=null txt_len=78 pkg=com.larus.nova t_boot_ns=648342378111749
08-30 14:06:13.360 I/AnebProbe(22981): ADAPTER_EVT type=content cls=android.view.ViewGroup desc=null txt_len=0 pkg=com.larus.nova t_boot_ns=648342391533103
08-30 14:06:13.360 I/AnebProbe(22981): ADAPTER_EVT type=content cls=android.widget.EditText desc=null txt_len=79 pkg=com.larus.nova t_boot_ns=648342391736749
08-30 14:06:13.374 I/AnebProbe(22981): ADAPTER_EVT type=content cls=android.view.ViewGroup desc=null txt_len=0 pkg=com.larus.nova t_boot_ns=648342405208103
08-30 14:06:13.374 I/AnebProbe(22981): ADAPTER_EVT type=content cls=android.widget.EditText desc=null txt_len=80 pkg=com.larus.nova t_boot_ns=648342405395082
08-30 14:06:13.380 I/AnebProbe(22981): ADAPTER_EVT type=content cls=android.widget.EditText desc=null txt_len=81 pkg=com.larus.nova t_boot_ns=648342411758624
08-30 14:06:13.394 I/AnebProbe(22981): ADAPTER_EVT type=content cls=android.view.ViewGroup desc=null txt_len=0 pkg=com.larus.nova t_boot_ns=648342425264353
08-30 14:06:13.394 I/AnebProbe(22981): ADAPTER_EVT type=content cls=android.widget.EditText desc=null txt_len=82 pkg=com.larus.nova t_boot_ns=648342425470603
08-30 14:06:13.409 I/AnebProbe(22981): ADAPTER_EVT type=content cls=android.view.ViewGroup desc=null txt_len=0 pkg=com.larus.nova t_boot_ns=648342440347166
08-30 14:06:13.409 I/AnebProbe(22981): ADAPTER_EVT type=content cls=android.widget.EditText desc=null txt_len=83 pkg=com.larus.nova t_boot_ns=648342440547166
08-30 14:06:13.424 I/AnebProbe(22981): ADAPTER_EVT type=content cls=android.view.ViewGroup desc=null txt_len=0 pkg=com.larus.nova t_boot_ns=648342455722166
08-30 14:06:13.424 I/AnebProbe(22981): ADAPTER_EVT type=content cls=android.widget.EditText desc=null txt_len=84 pkg=com.larus.nova t_boot_ns=648342455939353
08-30 14:06:13.431 I/AnebProbe(22981): ADAPTER_EVT type=content cls=android.widget.EditText desc=null txt_len=85 pkg=com.larus.nova t_boot_ns=648342462907582
08-30 14:06:13.447 I/AnebProbe(22981): ADAPTER_EVT type=content cls=android.view.ViewGroup desc=null txt_len=0 pkg=com.larus.nova t_boot_ns=648342478664874
08-30 14:06:13.447 I/AnebProbe(22981): ADAPTER_EVT type=content cls=android.widget.EditText desc=null txt_len=86 pkg=com.larus.nova t_boot_ns=648342479001853
08-30 14:06:13.463 I/AnebProbe(22981): ADAPTER_EVT type=content cls=android.view.ViewGroup desc=null txt_len=0 pkg=com.larus.nova t_boot_ns=648342494459145
08-30 14:06:13.463 I/AnebProbe(22981): ADAPTER_EVT type=content cls=android.widget.EditText desc=null txt_len=87 pkg=com.larus.nova t_boot_ns=648342494710707
08-30 14:06:13.478 I/AnebProbe(22981): ADAPTER_EVT type=content cls=android.view.ViewGroup desc=null txt_len=0 pkg=com.larus.nova t_boot_ns=648342509915916
08-30 14:06:13.479 I/AnebProbe(22981): ADAPTER_EVT type=content cls=android.widget.EditText desc=null txt_len=88 pkg=com.larus.nova t_boot_ns=648342510145082
08-30 14:06:13.495 I/AnebProbe(22981): ADAPTER_EVT type=content cls=android.view.ViewGroup desc=null txt_len=0 pkg=com.larus.nova t_boot_ns=648342526650291
08-30 14:06:13.495 I/AnebProbe(22981): ADAPTER_EVT type=content cls=android.widget.EditText desc=null txt_len=89 pkg=com.larus.nova t_boot_ns=648342526872687
08-30 14:06:13.604 I/AnebProbe(22981): ADAPTER_EVT type=content cls=android.view.ViewGroup desc=null txt_len=0 pkg=com.larus.nova t_boot_ns=648342635187791
08-30 14:06:13.704 I/AnebProbe(22981): ADAPTER_EVT type=content cls=android.view.ViewGroup desc=null txt_len=0 pkg=com.larus.nova t_boot_ns=648342735742999
08-30 14:06:13.820 I/AnebProbe(22981): ADAPTER_EVT type=content cls=android.view.ViewGroup desc=null txt_len=0 pkg=com.larus.nova t_boot_ns=648342851721124
08-30 14:06:13.921 I/AnebProbe(22981): ADAPTER_EVT type=content cls=android.view.ViewGroup desc=null txt_len=0 pkg=com.larus.nova t_boot_ns=648342952024770
08-30 14:06:14.022 I/AnebProbe(22981): ADAPTER_EVT type=content cls=android.view.ViewGroup desc=null txt_len=0 pkg=com.larus.nova t_boot_ns=648343053139353
08-30 14:06:14.125 I/AnebProbe(22981): ADAPTER_EVT type=content cls=android.view.ViewGroup desc=null txt_len=0 pkg=com.larus.nova t_boot_ns=648343156490395
08-30 14:06:14.237 I/AnebProbe(22981): ADAPTER_EVT type=content cls=android.view.ViewGroup desc=null txt_len=0 pkg=com.larus.nova t_boot_ns=648343268508103
08-30 14:06:14.341 I/AnebProbe(22981): ADAPTER_EVT type=content cls=android.view.ViewGroup desc=null txt_len=0 pkg=com.larus.nova t_boot_ns=648343372420603
08-30 14:06:14.453 I/AnebProbe(22981): ADAPTER_EVT type=content cls=android.view.ViewGroup desc=null txt_len=0 pkg=com.larus.nova t_boot_ns=648343484568520
08-30 14:06:14.556 I/AnebProbe(22981): ADAPTER_EVT type=content cls=android.view.ViewGroup desc=null txt_len=0 pkg=com.larus.nova t_boot_ns=648343587817478
08-30 14:06:14.672 I/AnebProbe(22981): ADAPTER_EVT type=content cls=android.view.ViewGroup desc=null txt_len=0 pkg=com.larus.nova t_boot_ns=648343703320603
08-30 14:06:14.772 I/AnebProbe(22981): ADAPTER_EVT type=content cls=android.view.ViewGroup desc=null txt_len=0 pkg=com.larus.nova t_boot_ns=648343803513311
08-30 14:06:14.886 I/AnebProbe(22981): ADAPTER_EVT type=content cls=android.view.ViewGroup desc=null txt_len=0 pkg=com.larus.nova t_boot_ns=648343917048207
08-30 14:06:14.987 I/AnebProbe(22981): ADAPTER_EVT type=content cls=android.view.ViewGroup desc=null txt_len=0 pkg=com.larus.nova t_boot_ns=648344017745603
08-30 14:06:15.101 I/AnebProbe(22981): ADAPTER_EVT type=content cls=android.view.ViewGroup desc=null txt_len=0 pkg=com.larus.nova t_boot_ns=648344132570603
08-30 14:06:15.220 I/AnebProbe(22981): ADAPTER_EVT type=content cls=android.view.ViewGroup desc=null txt_len=0 pkg=com.larus.nova t_boot_ns=648344251197686
08-30 14:06:15.328 I/AnebProbe(22981): ADAPTER_EVT type=content cls=android.view.ViewGroup desc=null txt_len=0 pkg=com.larus.nova t_boot_ns=648344359756020
08-30 14:06:15.446 I/AnebProbe(22981): ADAPTER_EVT type=content cls=android.view.ViewGroup desc=null txt_len=0 pkg=com.larus.nova t_boot_ns=648344477567478
08-30 14:06:15.486 I/AnebE4MARK(30119): E4MARK kind=turn_start n=2
08-30 14:06:15.546 I/AnebProbe(22981): ADAPTER_EVT type=content cls=android.view.ViewGroup desc=null txt_len=0 pkg=com.larus.nova t_boot_ns=648344577540915
08-30 14:06:15.616 I/AnebProbe(22981): ADAPTER_EVT type=content cls=android.view.ViewGroup desc=null txt_len=0 pkg=com.larus.nova t_boot_ns=648344647748728
08-30 14:06:15.649 I/AnebProbe(22981): ADAPTER_EVT type=content cls=android.view.ViewGroup desc=null txt_len=0 pkg=com.larus.nova t_boot_ns=648344680670603
08-30 14:06:15.764 I/AnebProbe(22981): ADAPTER_EVT type=content cls=android.view.ViewGroup desc=null txt_len=0 pkg=com.larus.nova t_boot_ns=648344795751853
08-30 14:06:16.019 I/AnebProbe(22981): ADAPTER_EVT type=content cls=androidx.drawerlayout.widget.DrawerLayout desc=null txt_len=0 pkg=com.larus.nova t_boot_ns=648345050387269
08-30 14:06:16.120 I/AnebProbe(22981): ADAPTER_EVT type=content cls=androidx.drawerlayout.widget.DrawerLayout desc=null txt_len=0 pkg=com.larus.nova t_boot_ns=648345151746644
08-30 14:06:16.339 I/AnebProbe(22981): ADAPTER_EVT type=content cls=androidx.drawerlayout.widget.DrawerLayout desc=null txt_len=0 pkg=com.larus.nova t_boot_ns=648345371061749
08-30 14:06:16.340 I/AnebProbe(22981): ADAPTER_OBS pkg=com.larus.nova mode=doubao events=515 rule_matched=49 first_delta_ms=0 cadence_p50_ms=15.8 session_span_ms=123570.0 confidence=LOW/INCONCLUSIVE reason=throttle ttft_send_ms=null anchor_source=null ttft_cluster_ms=null ttft_density_ms=null
08-30 14:06:16.507 I/AnebProbe(22981): ADAPTER_EVT type=content cls=androidx.recyclerview.widget.RecyclerView desc=null txt_len=0 pkg=com.larus.nova t_boot_ns=648345538860707
08-30 14:06:16.606 I/AnebProbe(22981): ADAPTER_EVT type=content cls=androidx.drawerlayout.widget.DrawerLayout desc=null txt_len=0 pkg=com.larus.nova t_boot_ns=648345637250811
08-30 14:06:16.864 I/AnebProbe(22981): ADAPTER_EVT type=content cls=androidx.drawerlayout.widget.DrawerLayout desc=null txt_len=0 pkg=com.larus.nova t_boot_ns=648345895588832
08-30 14:06:16.965 I/AnebProbe(22981): ADAPTER_EVT type=content cls=androidx.drawerlayout.widget.DrawerLayout desc=null txt_len=0 pkg=com.larus.nova t_boot_ns=648345996427894
08-30 14:06:17.071 I/AnebProbe(22981): ADAPTER_EVT type=content cls=android.view.ViewGroup desc=null txt_len=0 pkg=com.larus.nova t_boot_ns=648346102679457
08-30 14:06:17.785 I/AnebProbe(22981): ADAPTER_EVT type=content cls=androidx.recyclerview.widget.RecyclerView desc=null txt_len=0 pkg=com.larus.nova t_boot_ns=648346816194561
08-30 14:06:17.882 I/AnebProbe(22981): ADAPTER_EVT type=content cls=androidx.recyclerview.widget.RecyclerView desc=null txt_len=0 pkg=com.larus.nova t_boot_ns=648346913397165
08-30 14:06:18.285 I/AnebProbe(22981): ADAPTER_EVT type=content cls=android.view.ViewGroup desc=null txt_len=0 pkg=com.larus.nova t_boot_ns=648347316255498
08-30 14:06:18.455 I/AnebProbe(22981): ADAPTER_EVT type=content cls=androidx.recyclerview.widget.RecyclerView desc=null txt_len=0 pkg=com.larus.nova t_boot_ns=648347485999769
08-30 14:06:18.547 I/AnebProbe(22981): ADAPTER_EVT type=content cls=androidx.drawerlayout.widget.DrawerLayout desc=null txt_len=0 pkg=com.larus.nova t_boot_ns=648347577982061
08-30 14:06:18.654 I/AnebProbe(22981): ADAPTER_EVT type=content cls=androidx.drawerlayout.widget.DrawerLayout desc=null txt_len=0 pkg=com.larus.nova t_boot_ns=648347685032061
08-30 14:06:18.755 I/AnebProbe(22981): ADAPTER_EVT type=content cls=androidx.recyclerview.widget.RecyclerView desc=null txt_len=0 pkg=com.larus.nova t_boot_ns=648347785935186
08-30 14:06:19.432 I/AnebProbe(22981): ADAPTER_EVT type=content cls=androidx.recyclerview.widget.RecyclerView desc=null txt_len=0 pkg=com.larus.nova t_boot_ns=648348463848727
08-30 14:06:19.523 I/AnebProbe(22981): ADAPTER_EVT type=content cls=androidx.recyclerview.widget.RecyclerView desc=null txt_len=0 pkg=com.larus.nova t_boot_ns=648348554560186
08-30 14:06:19.640 I/AnebProbe(22981): ADAPTER_EVT type=content cls=androidx.recyclerview.widget.RecyclerView desc=null txt_len=0 pkg=com.larus.nova t_boot_ns=648348671611748
08-30 14:06:19.734 I/AnebProbe(22981): ADAPTER_EVT type=content cls=androidx.recyclerview.widget.RecyclerView desc=null txt_len=0 pkg=com.larus.nova t_boot_ns=648348765134144
08-30 14:06:19.845 I/AnebProbe(22981): ADAPTER_EVT type=content cls=androidx.recyclerview.widget.RecyclerView desc=null txt_len=0 pkg=com.larus.nova t_boot_ns=648348876232581
08-30 14:06:19.950 I/AnebProbe(22981): ADAPTER_EVT type=content cls=androidx.recyclerview.widget.RecyclerView desc=null txt_len=0 pkg=com.larus.nova t_boot_ns=648348980750811
08-30 14:06:20.051 I/AnebProbe(22981): ADAPTER_EVT type=content cls=androidx.recyclerview.widget.RecyclerView desc=null txt_len=0 pkg=com.larus.nova t_boot_ns=648349082731540
08-30 14:06:20.236 I/AnebProbe(22981): ADAPTER_EVT type=content cls=androidx.recyclerview.widget.RecyclerView desc=null txt_len=0 pkg=com.larus.nova t_boot_ns=648349267621644
08-30 14:06:20.331 I/AnebProbe(22981): ADAPTER_EVT type=content cls=androidx.recyclerview.widget.RecyclerView desc=null txt_len=0 pkg=com.larus.nova t_boot_ns=648349362319561
08-30 14:06:20.461 I/AnebProbe(22981): ADAPTER_EVT type=content cls=androidx.recyclerview.widget.RecyclerView desc=null txt_len=0 pkg=com.larus.nova t_boot_ns=648349492220602
08-30 14:06:20.548 I/AnebProbe(22981): ADAPTER_EVT type=content cls=androidx.recyclerview.widget.RecyclerView desc=null txt_len=0 pkg=com.larus.nova t_boot_ns=648349579321123
08-30 14:06:21.166 I/AnebProbe(22981): ADAPTER_EVT type=content cls=androidx.recyclerview.widget.RecyclerView desc=null txt_len=0 pkg=com.larus.nova t_boot_ns=648350195675290
08-30 14:06:21.275 I/AnebProbe(22981): ADAPTER_EVT type=content cls=androidx.drawerlayout.widget.DrawerLayout desc=null txt_len=0 pkg=com.larus.nova t_boot_ns=648350306861227
08-30 14:06:21.416 I/AnebProbe(22981): ADAPTER_EVT type=content cls=androidx.recyclerview.widget.RecyclerView desc=null txt_len=0 pkg=com.larus.nova t_boot_ns=648350447071644
08-30 14:06:21.418 I/AnebProbe(22981): ADAPTER_OBS pkg=com.larus.nova mode=doubao events=541 rule_matched=67 first_delta_ms=0 cadence_p50_ms=15.8 session_span_ms=128646.0 confidence=LOW/INCONCLUSIVE reason=throttle ttft_send_ms=null anchor_source=null ttft_cluster_ms=4181.0 ttft_density_ms=null
08-30 14:06:21.511 I/AnebProbe(22981): ADAPTER_EVT type=content cls=androidx.recyclerview.widget.RecyclerView desc=null txt_len=0 pkg=com.larus.nova t_boot_ns=648350542160185
08-30 14:06:21.623 I/AnebProbe(22981): ADAPTER_EVT type=content cls=androidx.drawerlayout.widget.DrawerLayout desc=null txt_len=0 pkg=com.larus.nova t_boot_ns=648350654347685
08-30 14:06:21.729 I/AnebProbe(22981): ADAPTER_EVT type=content cls=androidx.recyclerview.widget.RecyclerView desc=null txt_len=0 pkg=com.larus.nova t_boot_ns=648350759716956
08-30 14:06:21.828 I/AnebProbe(22981): ADAPTER_EVT type=content cls=androidx.recyclerview.widget.RecyclerView desc=null txt_len=0 pkg=com.larus.nova t_boot_ns=648350858925810
08-30 14:06:21.928 I/AnebProbe(22981): ADAPTER_EVT type=content cls=androidx.recyclerview.widget.RecyclerView desc=null txt_len=0 pkg=com.larus.nova t_boot_ns=648350958954456
08-30 14:06:22.029 I/AnebProbe(22981): ADAPTER_EVT type=content cls=androidx.recyclerview.widget.RecyclerView desc=null txt_len=0 pkg=com.larus.nova t_boot_ns=648351059944560
08-30 14:06:22.155 I/AnebProbe(22981): ADAPTER_EVT type=content cls=androidx.recyclerview.widget.RecyclerView desc=null txt_len=0 pkg=com.larus.nova t_boot_ns=648351185832581
08-30 14:06:22.255 I/AnebProbe(22981): ADAPTER_EVT type=content cls=androidx.recyclerview.widget.RecyclerView desc=null txt_len=0 pkg=com.larus.nova t_boot_ns=648351286632581
08-30 14:06:22.368 I/AnebProbe(22981): ADAPTER_EVT type=content cls=androidx.recyclerview.widget.RecyclerView desc=null txt_len=0 pkg=com.larus.nova t_boot_ns=648351398793519
08-30 14:06:22.484 I/AnebProbe(22981): ADAPTER_EVT type=content cls=androidx.recyclerview.widget.RecyclerView desc=null txt_len=0 pkg=com.larus.nova t_boot_ns=648351514958102
08-30 14:06:22.594 I/AnebProbe(22981): ADAPTER_EVT type=content cls=androidx.recyclerview.widget.RecyclerView desc=null txt_len=0 pkg=com.larus.nova t_boot_ns=648351625282581
08-30 14:06:22.694 I/AnebProbe(22981): ADAPTER_EVT type=content cls=androidx.recyclerview.widget.RecyclerView desc=null txt_len=0 pkg=com.larus.nova t_boot_ns=648351725569039
08-30 14:06:22.801 I/AnebProbe(22981): ADAPTER_EVT type=content cls=androidx.recyclerview.widget.RecyclerView desc=null txt_len=0 pkg=com.larus.nova t_boot_ns=648351831903935
08-30 14:06:22.924 I/AnebProbe(22981): ADAPTER_EVT type=content cls=androidx.recyclerview.widget.RecyclerView desc=null txt_len=0 pkg=com.larus.nova t_boot_ns=648351955537268
08-30 14:06:23.028 I/AnebProbe(22981): ADAPTER_EVT type=content cls=androidx.recyclerview.widget.RecyclerView desc=null txt_len=0 pkg=com.larus.nova t_boot_ns=648352059335185
08-30 14:06:23.140 I/AnebProbe(22981): ADAPTER_EVT type=content cls=androidx.recyclerview.widget.RecyclerView desc=null txt_len=0 pkg=com.larus.nova t_boot_ns=648352171157581
08-30 14:06:23.241 I/AnebProbe(22981): ADAPTER_EVT type=content cls=androidx.recyclerview.widget.RecyclerView desc=null txt_len=0 pkg=com.larus.nova t_boot_ns=648352272193518
08-30 14:06:23.362 I/AnebProbe(22981): ADAPTER_EVT type=content cls=androidx.recyclerview.widget.RecyclerView desc=null txt_len=0 pkg=com.larus.nova t_boot_ns=648352388876331
08-30 14:06:23.472 I/AnebProbe(22981): ADAPTER_EVT type=content cls=androidx.recyclerview.widget.RecyclerView desc=null txt_len=0 pkg=com.larus.nova t_boot_ns=648352503538831
08-30 14:06:23.575 I/AnebProbe(22981): ADAPTER_EVT type=content cls=androidx.recyclerview.widget.RecyclerView desc=null txt_len=0 pkg=com.larus.nova t_boot_ns=648352606151852
08-30 14:06:23.686 I/AnebProbe(22981): ADAPTER_EVT type=content cls=androidx.recyclerview.widget.RecyclerView desc=null txt_len=0 pkg=com.larus.nova t_boot_ns=648352717726852
08-30 14:06:23.790 I/AnebProbe(22981): ADAPTER_EVT type=content cls=androidx.recyclerview.widget.RecyclerView desc=null txt_len=0 pkg=com.larus.nova t_boot_ns=648352821507581
08-30 14:06:23.912 I/AnebProbe(22981): ADAPTER_EVT type=content cls=androidx.recyclerview.widget.RecyclerView desc=null txt_len=0 pkg=com.larus.nova t_boot_ns=648352942952893
08-30 14:06:24.017 I/AnebProbe(22981): ADAPTER_EVT type=content cls=androidx.recyclerview.widget.RecyclerView desc=null txt_len=0 pkg=com.larus.nova t_boot_ns=648353048664352
08-30 14:06:24.135 I/AnebProbe(22981): ADAPTER_EVT type=content cls=androidx.recyclerview.widget.RecyclerView desc=null txt_len=0 pkg=com.larus.nova t_boot_ns=648353166676852
08-30 14:06:24.250 I/AnebProbe(22981): ADAPTER_EVT type=content cls=androidx.recyclerview.widget.RecyclerView desc=null txt_len=0 pkg=com.larus.nova t_boot_ns=648353281279456
08-30 14:06:24.364 I/AnebProbe(22981): ADAPTER_EVT type=content cls=android.view.ViewGroup desc=null txt_len=0 pkg=com.larus.nova t_boot_ns=648353395775810
08-30 14:06:24.468 I/AnebProbe(22981): ADAPTER_EVT type=content cls=android.view.ViewGroup desc=null txt_len=0 pkg=com.larus.nova t_boot_ns=648353499518518
08-30 14:06:24.570 I/AnebProbe(22981): ADAPTER_EVT type=content cls=android.view.ViewGroup desc=null txt_len=0 pkg=com.larus.nova t_boot_ns=648353601603935
08-30 14:06:24.688 I/AnebProbe(22981): ADAPTER_EVT type=content cls=android.view.ViewGroup desc=null txt_len=0 pkg=com.larus.nova t_boot_ns=648353718936227
08-30 14:06:24.798 I/AnebProbe(22981): ADAPTER_EVT type=content cls=androidx.recyclerview.widget.RecyclerView desc=null txt_len=0 pkg=com.larus.nova t_boot_ns=648353828701331
08-30 14:06:24.899 I/AnebProbe(22981): ADAPTER_EVT type=content cls=androidx.recyclerview.widget.RecyclerView desc=null txt_len=0 pkg=com.larus.nova t_boot_ns=648353930492476
08-30 14:06:25.424 I/AnebProbe(22981): ADAPTER_EVT type=content cls=androidx.drawerlayout.widget.DrawerLayout desc=null txt_len=0 pkg=com.larus.nova t_boot_ns=648354455740393
08-30 14:06:25.527 I/AnebProbe(22981): ADAPTER_EVT type=content cls=androidx.drawerlayout.widget.DrawerLayout desc=null txt_len=0 pkg=com.larus.nova t_boot_ns=648354558788310
08-30 14:06:25.628 I/AnebProbe(22981): ADAPTER_EVT type=content cls=androidx.drawerlayout.widget.DrawerLayout desc=null txt_len=0 pkg=com.larus.nova t_boot_ns=648354659781539
08-30 14:06:25.899 I/AnebProbe(22981): ADAPTER_EVT type=content cls=androidx.drawerlayout.widget.DrawerLayout desc=null txt_len=0 pkg=com.larus.nova t_boot_ns=648354930053935
08-30 14:06:25.998 I/AnebProbe(22981): ADAPTER_EVT type=content cls=androidx.drawerlayout.widget.DrawerLayout desc=null txt_len=0 pkg=com.larus.nova t_boot_ns=648355028759143
08-30 14:07:00.533 I/AnebE4MARK(30283): E4MARK kind=answer_complete n=2
08-30 14:07:20.925 I/AnebProbe(22981): ADAPTER_EVT type=click cls=android.widget.ImageView desc=返回 txt_len=2 pkg=com.larus.nova t_boot_ns=648409956434135
08-30 14:07:20.926 I/AnebProbe(22981): ADAPTER_OBS pkg=com.larus.nova mode=doubao events=578 rule_matched=94 first_delta_ms=0 cadence_p50_ms=15.9 session_span_ms=133227.7 confidence=LOW/INCONCLUSIVE reason=throttle ttft_send_ms=null anchor_source=null ttft_cluster_ms=4181.0 ttft_density_ms=null
08-30 14:07:21.040 I/AnebProbe(22981): ADAPTER_EVT type=content cls=androidx.drawerlayout.widget.DrawerLayout desc=null txt_len=0 pkg=com.larus.nova t_boot_ns=648410071578926
08-30 14:07:21.155 I/AnebProbe(22981): ADAPTER_EVT type=content cls=androidx.drawerlayout.widget.DrawerLayout desc=null txt_len=0 pkg=com.larus.nova t_boot_ns=648410186376843
08-30 14:07:21.273 I/AnebProbe(22981): ADAPTER_EVT type=content cls=androidx.drawerlayout.widget.DrawerLayout desc=null txt_len=0 pkg=com.larus.nova t_boot_ns=648410304281010
08-30 14:07:21.345 I/AnebProbe(22981): ADAPTER_EVT type=content cls=androidx.drawerlayout.widget.DrawerLayout desc=null txt_len=0 pkg=com.larus.nova t_boot_ns=648410376150801
08-30 14:07:22.639 I/AnebProbe(22981): ADAPTER_EVT type=click cls=android.widget.ImageView desc=创建新对话 txt_len=5 pkg=com.larus.nova t_boot_ns=648411670814863
08-30 14:07:22.650 I/AnebProbe(22981): ADAPTER_EVT type=content cls=android.widget.FrameLayout desc=null txt_len=0 pkg=com.larus.nova t_boot_ns=648411681815905
08-30 14:07:22.871 I/AnebProbe(22981): ADAPTER_EVT type=content cls=androidx.drawerlayout.widget.DrawerLayout desc=null txt_len=0 pkg=com.larus.nova t_boot_ns=648411902118509
08-30 14:07:23.038 I/AnebProbe(22981): ADAPTER_EVT type=content cls=androidx.drawerlayout.widget.DrawerLayout desc=null txt_len=0 pkg=com.larus.nova t_boot_ns=648412069127884
08-30 14:07:23.052 I/AnebProbe(22981): ADAPTER_EVT type=content cls=androidx.drawerlayout.widget.DrawerLayout desc=null txt_len=0 pkg=com.larus.nova t_boot_ns=648412083958093
08-30 14:07:23.077 I/AnebProbe(22981): ADAPTER_EVT type=content cls=android.view.ViewGroup desc=null txt_len=0 pkg=com.larus.nova t_boot_ns=648412108362259
08-30 14:07:23.177 I/AnebProbe(22981): ADAPTER_EVT type=content cls=android.view.ViewGroup desc=null txt_len=0 pkg=com.larus.nova t_boot_ns=648412208665905
08-30 14:07:23.277 I/AnebProbe(22981): ADAPTER_EVT type=content cls=android.view.ViewGroup desc=null txt_len=0 pkg=com.larus.nova t_boot_ns=648412308016947
08-30 14:07:23.391 I/AnebProbe(22981): ADAPTER_EVT type=content cls=androidx.drawerlayout.widget.DrawerLayout desc=null txt_len=0 pkg=com.larus.nova t_boot_ns=648412422204968
08-30 14:07:23.491 I/AnebProbe(22981): ADAPTER_EVT type=content cls=android.view.ViewGroup desc=null txt_len=0 pkg=com.larus.nova t_boot_ns=648412522584134
08-30 14:07:23.621 I/AnebProbe(22981): ADAPTER_EVT type=content cls=androidx.recyclerview.widget.RecyclerView desc=null txt_len=0 pkg=com.larus.nova t_boot_ns=648412652593509
08-30 14:07:23.717 I/AnebProbe(22981): ADAPTER_EVT type=content cls=android.view.ViewGroup desc=null txt_len=0 pkg=com.larus.nova t_boot_ns=648412748637259
08-30 14:07:23.818 I/AnebProbe(22981): ADAPTER_EVT type=content cls=android.view.ViewGroup desc=null txt_len=0 pkg=com.larus.nova t_boot_ns=648412849335176
08-30 14:07:23.920 I/AnebProbe(22981): ADAPTER_EVT type=content cls=android.view.ViewGroup desc=null txt_len=0 pkg=com.larus.nova t_boot_ns=648412950936217
08-30 14:07:24.024 I/AnebProbe(22981): ADAPTER_EVT type=content cls=android.view.ViewGroup desc=null txt_len=0 pkg=com.larus.nova t_boot_ns=648413055450801
08-30 14:07:24.146 I/AnebProbe(22981): ADAPTER_EVT type=content cls=android.view.ViewGroup desc=null txt_len=0 pkg=com.larus.nova t_boot_ns=648413176574759
08-30 14:07:24.251 I/AnebProbe(22981): ADAPTER_EVT type=content cls=android.view.ViewGroup desc=null txt_len=0 pkg=com.larus.nova t_boot_ns=648413282353926
08-30 14:07:24.363 I/AnebProbe(22981): ADAPTER_EVT type=content cls=android.view.ViewGroup desc=null txt_len=0 pkg=com.larus.nova t_boot_ns=648413394580488
08-30 14:07:24.464 I/AnebProbe(22981): ADAPTER_EVT type=content cls=android.view.ViewGroup desc=null txt_len=0 pkg=com.larus.nova t_boot_ns=648413495170592
08-30 14:07:24.574 I/AnebProbe(22981): ADAPTER_EVT type=content cls=androidx.drawerlayout.widget.DrawerLayout desc=null txt_len=0 pkg=com.larus.nova t_boot_ns=648413605579447
08-30 14:07:24.678 I/AnebProbe(22981): ADAPTER_EVT type=content cls=android.view.ViewGroup desc=null txt_len=0 pkg=com.larus.nova t_boot_ns=648413709397676
08-30 14:07:24.786 I/AnebProbe(22981): ADAPTER_EVT type=content cls=android.view.ViewGroup desc=null txt_len=0 pkg=com.larus.nova t_boot_ns=648413817724238
08-30 14:07:24.885 I/AnebProbe(22981): ADAPTER_EVT type=content cls=android.view.ViewGroup desc=null txt_len=0 pkg=com.larus.nova t_boot_ns=648413916710696
08-30 14:07:25.499 I/AnebProbe(22981): ADAPTER_EVT type=content cls=android.view.ViewGroup desc=新对话，打开设置页 txt_len=0 pkg=com.larus.nova t_boot_ns=648414530326321
08-30 14:07:25.616 I/AnebProbe(22981): ADAPTER_EVT type=content cls=android.view.ViewGroup desc=null txt_len=0 pkg=com.larus.nova t_boot_ns=648414647666426
08-30 14:07:25.719 I/AnebProbe(22981): ADAPTER_EVT type=content cls=android.view.ViewGroup desc=null txt_len=0 pkg=com.larus.nova t_boot_ns=648414750870071
08-30 14:07:25.822 I/AnebProbe(22981): ADAPTER_EVT type=content cls=android.view.ViewGroup desc=null txt_len=0 pkg=com.larus.nova t_boot_ns=648414853711217
08-30 14:07:25.936 I/AnebProbe(22981): ADAPTER_EVT type=content cls=android.view.ViewGroup desc=null txt_len=0 pkg=com.larus.nova t_boot_ns=648414967313821
08-30 14:07:25.937 I/AnebProbe(22981): ADAPTER_OBS pkg=com.larus.nova mode=doubao events=609 rule_matched=95 first_delta_ms=0 cadence_p50_ms=21.8 session_span_ms=193166.3 confidence=LOW/INCONCLUSIVE reason=throttle ttft_send_ms=null anchor_source=null ttft_cluster_ms=4181.0 ttft_density_ms=null
08-30 14:07:26.049 I/AnebProbe(22981): ADAPTER_EVT type=content cls=android.view.ViewGroup desc=null txt_len=0 pkg=com.larus.nova t_boot_ns=648415080782050
08-30 14:07:26.150 I/AnebProbe(22981): ADAPTER_EVT type=content cls=android.view.ViewGroup desc=null txt_len=0 pkg=com.larus.nova t_boot_ns=648415181380488
08-30 14:07:26.251 I/AnebProbe(22981): ADAPTER_EVT type=content cls=android.view.ViewGroup desc=null txt_len=0 pkg=com.larus.nova t_boot_ns=648415282105488
08-30 14:07:26.354 I/AnebProbe(22981): ADAPTER_EVT type=content cls=android.view.ViewGroup desc=null txt_len=0 pkg=com.larus.nova t_boot_ns=648415385885175
08-30 14:07:26.466 I/AnebProbe(22981): ADAPTER_EVT type=content cls=android.view.ViewGroup desc=null txt_len=0 pkg=com.larus.nova t_boot_ns=648415497374238
08-30 14:07:26.570 I/AnebProbe(22981): ADAPTER_EVT type=content cls=android.view.ViewGroup desc=null txt_len=0 pkg=com.larus.nova t_boot_ns=648415601350280
08-30 14:07:26.683 I/AnebProbe(22981): ADAPTER_EVT type=content cls=android.view.ViewGroup desc=null txt_len=0 pkg=com.larus.nova t_boot_ns=648415714221634
08-30 14:07:26.803 I/AnebProbe(22981): ADAPTER_EVT type=content cls=android.view.ViewGroup desc=null txt_len=0 pkg=com.larus.nova t_boot_ns=648415833871113
08-30 14:07:26.869 I/AnebProbe(22981): ADAPTER_EVT type=content cls=android.view.ViewGroup desc=null txt_len=0 pkg=com.larus.nova t_boot_ns=648415900403925
08-30 14:07:26.870 I/AnebProbe(22981): ADAPTER_EVT type=content cls=android.widget.EditText desc=null txt_len=1 pkg=com.larus.nova t_boot_ns=648415900942467
08-30 14:07:26.876 I/AnebProbe(22981): ADAPTER_EVT type=content cls=android.view.ViewGroup desc=null txt_len=0 pkg=com.larus.nova t_boot_ns=648415907606530
08-30 14:07:26.920 I/AnebProbe(22981): ADAPTER_EVT type=content cls=android.view.ViewGroup desc=null txt_len=0 pkg=com.larus.nova t_boot_ns=648415951268509
08-30 14:07:26.920 I/AnebProbe(22981): ADAPTER_EVT type=content cls=android.widget.EditText desc=null txt_len=2 pkg=com.larus.nova t_boot_ns=648415951723717
08-30 14:07:26.945 I/AnebProbe(22981): ADAPTER_EVT type=content cls=android.view.ViewGroup desc=null txt_len=0 pkg=com.larus.nova t_boot_ns=648415976018509
08-30 14:07:26.945 I/AnebProbe(22981): ADAPTER_EVT type=content cls=android.widget.EditText desc=null txt_len=3 pkg=com.larus.nova t_boot_ns=648415976464863
08-30 14:07:26.954 I/AnebProbe(22981): ADAPTER_EVT type=content cls=android.widget.EditText desc=null txt_len=4 pkg=com.larus.nova t_boot_ns=648415985386738
08-30 14:07:26.978 I/AnebProbe(22981): ADAPTER_EVT type=content cls=android.view.ViewGroup desc=null txt_len=0 pkg=com.larus.nova t_boot_ns=648416009024238
08-30 14:07:26.978 I/AnebProbe(22981): ADAPTER_EVT type=content cls=android.widget.EditText desc=null txt_len=5 pkg=com.larus.nova t_boot_ns=648416009572154
08-30 14:07:26.987 I/AnebProbe(22981): ADAPTER_EVT type=content cls=android.widget.EditText desc=null txt_len=6 pkg=com.larus.nova t_boot_ns=648416018135696
08-30 14:07:27.011 I/AnebProbe(22981): ADAPTER_EVT type=content cls=android.view.ViewGroup desc=null txt_len=0 pkg=com.larus.nova t_boot_ns=648416042533613
08-30 14:07:27.012 I/AnebProbe(22981): ADAPTER_EVT type=content cls=android.widget.EditText desc=null txt_len=7 pkg=com.larus.nova t_boot_ns=648416043014342
08-30 14:07:27.021 I/AnebProbe(22981): ADAPTER_EVT type=content cls=android.widget.EditText desc=null txt_len=8 pkg=com.larus.nova t_boot_ns=648416052139863
08-30 14:07:27.037 I/AnebProbe(22981): ADAPTER_EVT type=content cls=android.view.ViewGroup desc=null txt_len=0 pkg=com.larus.nova t_boot_ns=648416068913821
08-30 14:07:27.038 I/AnebProbe(22981): ADAPTER_EVT type=content cls=android.widget.EditText desc=null txt_len=9 pkg=com.larus.nova t_boot_ns=648416069290904
08-30 14:07:27.059 I/AnebProbe(22981): ADAPTER_EVT type=content cls=android.view.ViewGroup desc=null txt_len=0 pkg=com.larus.nova t_boot_ns=648416090729967
08-30 14:07:27.060 I/AnebProbe(22981): ADAPTER_EVT type=content cls=android.widget.EditText desc=null txt_len=10 pkg=com.larus.nova t_boot_ns=648416091141425
08-30 14:07:27.068 I/AnebProbe(22981): ADAPTER_EVT type=content cls=android.widget.EditText desc=null txt_len=11 pkg=com.larus.nova t_boot_ns=648416099375800
08-30 14:07:27.087 I/AnebProbe(22981): ADAPTER_EVT type=content cls=android.view.ViewGroup desc=null txt_len=0 pkg=com.larus.nova t_boot_ns=648416116703925
08-30 14:07:27.087 I/AnebProbe(22981): ADAPTER_EVT type=content cls=android.widget.EditText desc=null txt_len=12 pkg=com.larus.nova t_boot_ns=648416118446113
08-30 14:07:27.104 I/AnebProbe(22981): ADAPTER_EVT type=content cls=android.view.ViewGroup desc=null txt_len=0 pkg=com.larus.nova t_boot_ns=648416135220592
08-30 14:07:27.104 I/AnebProbe(22981): ADAPTER_EVT type=content cls=android.widget.EditText desc=null txt_len=13 pkg=com.larus.nova t_boot_ns=648416135638821
08-30 14:07:27.127 I/AnebProbe(22981): ADAPTER_EVT type=content cls=android.view.ViewGroup desc=null txt_len=0 pkg=com.larus.nova t_boot_ns=648416158540384
08-30 14:07:27.128 I/AnebProbe(22981): ADAPTER_EVT type=content cls=android.widget.EditText desc=null txt_len=14 pkg=com.larus.nova t_boot_ns=648416158995071
08-30 14:07:27.137 I/AnebProbe(22981): ADAPTER_EVT type=content cls=android.widget.EditText desc=null txt_len=15 pkg=com.larus.nova t_boot_ns=648416167870071
08-30 14:07:27.160 I/AnebProbe(22981): ADAPTER_EVT type=content cls=android.view.ViewGroup desc=null txt_len=0 pkg=com.larus.nova t_boot_ns=648416191025800
08-30 14:07:27.160 I/AnebProbe(22981): ADAPTER_EVT type=content cls=android.widget.EditText desc=null txt_len=16 pkg=com.larus.nova t_boot_ns=648416191622154
08-30 14:07:27.199 I/AnebProbe(22981): ADAPTER_EVT type=content cls=android.view.ViewGroup desc=null txt_len=0 pkg=com.larus.nova t_boot_ns=648416230849238
08-30 14:07:27.200 I/AnebProbe(22981): ADAPTER_EVT type=content cls=android.widget.EditText desc=null txt_len=17 pkg=com.larus.nova t_boot_ns=648416231350800
08-30 14:07:27.226 I/AnebProbe(22981): ADAPTER_EVT type=content cls=android.view.ViewGroup desc=null txt_len=0 pkg=com.larus.nova t_boot_ns=648416257633092
08-30 14:07:27.227 I/AnebProbe(22981): ADAPTER_EVT type=content cls=android.widget.EditText desc=null txt_len=18 pkg=com.larus.nova t_boot_ns=648416258057050
08-30 14:07:27.234 I/AnebProbe(22981): ADAPTER_EVT type=content cls=android.widget.EditText desc=null txt_len=19 pkg=com.larus.nova t_boot_ns=648416265870071
08-30 14:07:27.250 I/AnebProbe(22981): ADAPTER_EVT type=content cls=android.view.ViewGroup desc=null txt_len=0 pkg=com.larus.nova t_boot_ns=648416281227363
08-30 14:07:27.250 I/AnebProbe(22981): ADAPTER_EVT type=content cls=android.widget.EditText desc=null txt_len=20 pkg=com.larus.nova t_boot_ns=648416281597675
08-30 14:07:27.267 I/AnebProbe(22981): ADAPTER_EVT type=content cls=android.view.ViewGroup desc=null txt_len=0 pkg=com.larus.nova t_boot_ns=648416298839342
08-30 14:07:27.268 I/AnebProbe(22981): ADAPTER_EVT type=content cls=android.widget.EditText desc=null txt_len=21 pkg=com.larus.nova t_boot_ns=648416299207050
08-30 14:07:27.284 I/AnebProbe(22981): ADAPTER_EVT type=content cls=android.view.ViewGroup desc=null txt_len=0 pkg=com.larus.nova t_boot_ns=648416315450800
08-30 14:07:27.284 I/AnebProbe(22981): ADAPTER_EVT type=content cls=android.widget.EditText desc=null txt_len=22 pkg=com.larus.nova t_boot_ns=648416315834134
08-30 14:07:27.302 I/AnebProbe(22981): ADAPTER_EVT type=content cls=android.view.ViewGroup desc=null txt_len=0 pkg=com.larus.nova t_boot_ns=648416332987259
08-30 14:07:27.302 I/AnebProbe(22981): ADAPTER_EVT type=content cls=android.widget.EditText desc=null txt_len=23 pkg=com.larus.nova t_boot_ns=648416333502363
08-30 14:07:27.328 I/AnebProbe(22981): ADAPTER_EVT type=content cls=android.view.ViewGroup desc=null txt_len=0 pkg=com.larus.nova t_boot_ns=648416359251842
08-30 14:07:27.328 I/AnebProbe(22981): ADAPTER_EVT type=content cls=android.widget.EditText desc=null txt_len=24 pkg=com.larus.nova t_boot_ns=648416359544029
08-30 14:07:27.336 I/AnebProbe(22981): ADAPTER_EVT type=content cls=android.widget.EditText desc=null txt_len=25 pkg=com.larus.nova t_boot_ns=648416367803925
08-30 14:07:27.359 I/AnebProbe(22981): ADAPTER_EVT type=content cls=android.view.ViewGroup desc=null txt_len=0 pkg=com.larus.nova t_boot_ns=648416390407050
08-30 14:07:27.359 I/AnebProbe(22981): ADAPTER_EVT type=content cls=android.widget.EditText desc=null txt_len=26 pkg=com.larus.nova t_boot_ns=648416390766425
08-30 14:07:27.369 I/AnebProbe(22981): ADAPTER_EVT type=content cls=android.widget.EditText desc=null txt_len=27 pkg=com.larus.nova t_boot_ns=648416400828925
08-30 14:07:27.395 I/AnebProbe(22981): ADAPTER_EVT type=content cls=android.view.ViewGroup desc=null txt_len=0 pkg=com.larus.nova t_boot_ns=648416426378925
08-30 14:07:27.395 I/AnebProbe(22981): ADAPTER_EVT type=content cls=android.widget.EditText desc=null txt_len=28 pkg=com.larus.nova t_boot_ns=648416426828925
08-30 14:07:27.416 I/AnebProbe(22981): ADAPTER_EVT type=content cls=android.view.ViewGroup desc=null txt_len=0 pkg=com.larus.nova t_boot_ns=648416447408613
08-30 14:07:27.417 I/AnebProbe(22981): ADAPTER_EVT type=content cls=android.widget.EditText desc=null txt_len=29 pkg=com.larus.nova t_boot_ns=648416447997154
08-30 14:07:27.436 I/AnebProbe(22981): ADAPTER_EVT type=content cls=android.view.ViewGroup desc=null txt_len=0 pkg=com.larus.nova t_boot_ns=648416467541425
08-30 14:07:27.436 I/AnebProbe(22981): ADAPTER_EVT type=content cls=android.widget.EditText desc=null txt_len=30 pkg=com.larus.nova t_boot_ns=648416467903925
08-30 14:07:27.458 I/AnebProbe(22981): ADAPTER_EVT type=content cls=android.view.ViewGroup desc=null txt_len=0 pkg=com.larus.nova t_boot_ns=648416489021113
08-30 14:07:27.458 I/AnebProbe(22981): ADAPTER_EVT type=content cls=android.widget.EditText desc=null txt_len=31 pkg=com.larus.nova t_boot_ns=648416489524238
08-30 14:07:27.467 I/AnebProbe(22981): ADAPTER_EVT type=content cls=android.widget.EditText desc=null txt_len=32 pkg=com.larus.nova t_boot_ns=648416497973717
08-30 14:07:27.484 I/AnebProbe(22981): ADAPTER_EVT type=content cls=android.view.ViewGroup desc=null txt_len=0 pkg=com.larus.nova t_boot_ns=648416516029967
08-30 14:07:27.485 I/AnebProbe(22981): ADAPTER_EVT type=content cls=android.widget.EditText desc=null txt_len=33 pkg=com.larus.nova t_boot_ns=648416516647154
08-30 14:07:27.501 I/AnebProbe(22981): ADAPTER_EVT type=content cls=android.view.ViewGroup desc=null txt_len=0 pkg=com.larus.nova t_boot_ns=648416532507571
08-30 14:07:27.501 I/AnebProbe(22981): ADAPTER_EVT type=content cls=android.widget.EditText desc=null txt_len=34 pkg=com.larus.nova t_boot_ns=648416532709134
08-30 14:07:27.518 I/AnebProbe(22981): ADAPTER_EVT type=content cls=android.view.ViewGroup desc=null txt_len=0 pkg=com.larus.nova t_boot_ns=648416549404446
08-30 14:07:27.518 I/AnebProbe(22981): ADAPTER_EVT type=content cls=android.widget.EditText desc=null txt_len=35 pkg=com.larus.nova t_boot_ns=648416549674759
08-30 14:07:27.540 I/AnebProbe(22981): ADAPTER_EVT type=content cls=android.view.ViewGroup desc=null txt_len=0 pkg=com.larus.nova t_boot_ns=648416571137779
08-30 14:07:27.540 I/AnebProbe(22981): ADAPTER_EVT type=content cls=android.widget.EditText desc=null txt_len=36 pkg=com.larus.nova t_boot_ns=648416571339863
08-30 14:07:27.545 I/AnebProbe(22981): ADAPTER_EVT type=content cls=android.widget.EditText desc=null txt_len=37 pkg=com.larus.nova t_boot_ns=648416576805488
08-30 14:07:27.551 I/AnebProbe(22981): ADAPTER_EVT type=content cls=android.widget.EditText desc=null txt_len=38 pkg=com.larus.nova t_boot_ns=648416582253925
08-30 14:07:27.564 I/AnebProbe(22981): ADAPTER_EVT type=content cls=android.view.ViewGroup desc=null txt_len=0 pkg=com.larus.nova t_boot_ns=648416595298717
08-30 14:07:27.564 I/AnebProbe(22981): ADAPTER_EVT type=content cls=android.widget.EditText desc=null txt_len=39 pkg=com.larus.nova t_boot_ns=648416595461217
08-30 14:07:27.578 I/AnebProbe(22981): ADAPTER_EVT type=content cls=android.view.ViewGroup desc=null txt_len=0 pkg=com.larus.nova t_boot_ns=648416609599238
08-30 14:07:27.578 I/AnebProbe(22981): ADAPTER_EVT type=content cls=android.widget.EditText desc=null txt_len=40 pkg=com.larus.nova t_boot_ns=648416609770071
08-30 14:07:27.584 I/AnebProbe(22981): ADAPTER_EVT type=content cls=android.widget.EditText desc=null txt_len=41 pkg=com.larus.nova t_boot_ns=648416615697675
08-30 14:07:27.599 I/AnebProbe(22981): ADAPTER_EVT type=content cls=android.view.ViewGroup desc=null txt_len=0 pkg=com.larus.nova t_boot_ns=648416630644029
08-30 14:07:27.599 I/AnebProbe(22981): ADAPTER_EVT type=content cls=android.widget.EditText desc=null txt_len=42 pkg=com.larus.nova t_boot_ns=648416630888300
08-30 14:07:27.613 I/AnebProbe(22981): ADAPTER_EVT type=content cls=android.view.ViewGroup desc=null txt_len=0 pkg=com.larus.nova t_boot_ns=648416644272675
08-30 14:07:27.613 I/AnebProbe(22981): ADAPTER_EVT type=content cls=android.widget.EditText desc=null txt_len=43 pkg=com.larus.nova t_boot_ns=648416644434654
08-30 14:07:27.627 I/AnebProbe(22981): ADAPTER_EVT type=content cls=android.view.ViewGroup desc=null txt_len=0 pkg=com.larus.nova t_boot_ns=648416658453925
08-30 14:07:27.627 I/AnebProbe(22981): ADAPTER_EVT type=content cls=android.widget.EditText desc=null txt_len=44 pkg=com.larus.nova t_boot_ns=648416658625279
08-30 14:07:27.632 I/AnebProbe(22981): ADAPTER_EVT type=content cls=android.widget.EditText desc=null txt_len=45 pkg=com.larus.nova t_boot_ns=648416664075800
08-30 14:07:27.645 I/AnebProbe(22981): ADAPTER_EVT type=content cls=android.view.ViewGroup desc=null txt_len=0 pkg=com.larus.nova t_boot_ns=648416676640384
08-30 14:07:27.645 I/AnebProbe(22981): ADAPTER_EVT type=content cls=android.widget.EditText desc=null txt_len=46 pkg=com.larus.nova t_boot_ns=648416676797154
08-30 14:07:27.658 I/AnebProbe(22981): ADAPTER_EVT type=content cls=android.view.ViewGroup desc=null txt_len=0 pkg=com.larus.nova t_boot_ns=648416689691946
08-30 14:07:27.658 I/AnebProbe(22981): ADAPTER_EVT type=content cls=android.widget.EditText desc=null txt_len=47 pkg=com.larus.nova t_boot_ns=648416689853404
08-30 14:07:27.664 I/AnebProbe(22981): ADAPTER_EVT type=content cls=android.widget.EditText desc=null txt_len=48 pkg=com.larus.nova t_boot_ns=648416695147154
08-30 14:07:27.677 I/AnebProbe(22981): ADAPTER_EVT type=content cls=android.view.ViewGroup desc=null txt_len=0 pkg=com.larus.nova t_boot_ns=648416708221634
08-30 14:07:27.677 I/AnebProbe(22981): ADAPTER_EVT type=content cls=android.widget.EditText desc=null txt_len=49 pkg=com.larus.nova t_boot_ns=648416708388300
08-30 14:07:27.683 I/AnebProbe(22981): ADAPTER_EVT type=content cls=android.widget.EditText desc=null txt_len=50 pkg=com.larus.nova t_boot_ns=648416714110696
08-30 14:07:27.696 I/AnebProbe(22981): ADAPTER_EVT type=content cls=android.view.ViewGroup desc=null txt_len=0 pkg=com.larus.nova t_boot_ns=648416727138821
08-30 14:07:27.696 I/AnebProbe(22981): ADAPTER_EVT type=content cls=android.widget.EditText desc=null txt_len=51 pkg=com.larus.nova t_boot_ns=648416727297154
08-30 14:07:27.708 I/AnebProbe(22981): ADAPTER_EVT type=content cls=android.view.ViewGroup desc=null txt_len=0 pkg=com.larus.nova t_boot_ns=648416739787259
08-30 14:07:27.708 I/AnebProbe(22981): ADAPTER_EVT type=content cls=android.widget.EditText desc=null txt_len=52 pkg=com.larus.nova t_boot_ns=648416739989342
08-30 14:07:27.714 I/AnebProbe(22981): ADAPTER_EVT type=content cls=android.widget.EditText desc=null txt_len=53 pkg=com.larus.nova t_boot_ns=648416746058613
08-30 14:07:27.728 I/AnebProbe(22981): ADAPTER_EVT type=content cls=android.view.ViewGroup desc=null txt_len=0 pkg=com.larus.nova t_boot_ns=648416759709134
08-30 14:07:27.728 I/AnebProbe(22981): ADAPTER_EVT type=content cls=android.widget.EditText desc=null txt_len=54 pkg=com.larus.nova t_boot_ns=648416759917988
08-30 14:07:27.744 I/AnebProbe(22981): ADAPTER_EVT type=content cls=android.view.ViewGroup desc=null txt_len=0 pkg=com.larus.nova t_boot_ns=648416775345071
08-30 14:07:27.744 I/AnebProbe(22981): ADAPTER_EVT type=content cls=android.widget.EditText desc=null txt_len=55 pkg=com.larus.nova t_boot_ns=648416775527363
08-30 14:07:27.758 I/AnebProbe(22981): ADAPTER_EVT type=content cls=android.view.ViewGroup desc=null txt_len=0 pkg=com.larus.nova t_boot_ns=648416790081009
08-30 14:07:27.759 I/AnebProbe(22981): ADAPTER_EVT type=content cls=android.widget.EditText desc=null txt_len=56 pkg=com.larus.nova t_boot_ns=648416790290384
08-30 14:07:27.765 I/AnebProbe(22981): ADAPTER_EVT type=content cls=android.widget.EditText desc=null txt_len=57 pkg=com.larus.nova t_boot_ns=648416796388821
08-30 14:07:27.778 I/AnebProbe(22981): ADAPTER_EVT type=content cls=android.view.ViewGroup desc=null txt_len=0 pkg=com.larus.nova t_boot_ns=648416809608092
08-30 14:07:27.778 I/AnebProbe(22981): ADAPTER_EVT type=content cls=android.widget.EditText desc=null txt_len=58 pkg=com.larus.nova t_boot_ns=648416809813300
08-30 14:07:27.792 I/AnebProbe(22981): ADAPTER_EVT type=content cls=android.view.ViewGroup desc=null txt_len=0 pkg=com.larus.nova t_boot_ns=648416823341946
08-30 14:07:27.792 I/AnebProbe(22981): ADAPTER_EVT type=content cls=android.widget.EditText desc=null txt_len=59 pkg=com.larus.nova t_boot_ns=648416823858092
08-30 14:07:27.799 I/AnebProbe(22981): ADAPTER_EVT type=content cls=android.widget.EditText desc=null txt_len=60 pkg=com.larus.nova t_boot_ns=648416830367467
08-30 14:07:27.813 I/AnebProbe(22981): ADAPTER_EVT type=content cls=android.view.ViewGroup desc=null txt_len=0 pkg=com.larus.nova t_boot_ns=648416844106529
08-30 14:07:27.813 I/AnebProbe(22981): ADAPTER_EVT type=content cls=android.widget.EditText desc=null txt_len=61 pkg=com.larus.nova t_boot_ns=648416844296634
08-30 14:07:27.827 I/AnebProbe(22981): ADAPTER_EVT type=content cls=android.view.ViewGroup desc=null txt_len=0 pkg=com.larus.nova t_boot_ns=648416858141425
08-30 14:07:27.827 I/AnebProbe(22981): ADAPTER_EVT type=content cls=android.widget.EditText desc=null txt_len=62 pkg=com.larus.nova t_boot_ns=648416858315904
08-30 14:07:27.832 I/AnebProbe(22981): ADAPTER_EVT type=content cls=android.widget.EditText desc=null txt_len=63 pkg=com.larus.nova t_boot_ns=648416863999238
08-30 14:07:27.845 I/AnebProbe(22981): ADAPTER_EVT type=content cls=android.view.ViewGroup desc=null txt_len=0 pkg=com.larus.nova t_boot_ns=648416876250800
08-30 14:07:27.845 I/AnebProbe(22981): ADAPTER_EVT type=content cls=android.widget.EditText desc=null txt_len=64 pkg=com.larus.nova t_boot_ns=648416876422154
08-30 14:07:27.857 I/AnebProbe(22981): ADAPTER_EVT type=content cls=android.view.ViewGroup desc=null txt_len=0 pkg=com.larus.nova t_boot_ns=648416888776321
08-30 14:07:27.857 I/AnebProbe(22981): ADAPTER_EVT type=content cls=android.widget.EditText desc=null txt_len=65 pkg=com.larus.nova t_boot_ns=648416889022154
08-30 14:07:27.863 I/AnebProbe(22981): ADAPTER_EVT type=content cls=android.widget.EditText desc=null txt_len=66 pkg=com.larus.nova t_boot_ns=648416894800800
08-30 14:07:27.877 I/AnebProbe(22981): ADAPTER_EVT type=content cls=android.view.ViewGroup desc=null txt_len=0 pkg=com.larus.nova t_boot_ns=648416908310175
08-30 14:07:27.877 I/AnebProbe(22981): ADAPTER_EVT type=content cls=android.widget.EditText desc=null txt_len=67 pkg=com.larus.nova t_boot_ns=648416908489342
08-30 14:07:27.891 I/AnebProbe(22981): ADAPTER_EVT type=content cls=android.view.ViewGroup desc=null txt_len=0 pkg=com.larus.nova t_boot_ns=648416922645071
08-30 14:07:27.891 I/AnebProbe(22981): ADAPTER_EVT type=content cls=android.widget.EditText desc=null txt_len=68 pkg=com.larus.nova t_boot_ns=648416922865904
08-30 14:07:27.899 I/AnebProbe(22981): ADAPTER_EVT type=content cls=android.widget.EditText desc=null txt_len=69 pkg=com.larus.nova t_boot_ns=648416930240904
08-30 14:07:27.926 I/AnebProbe(22981): ADAPTER_EVT type=content cls=android.view.ViewGroup desc=null txt_len=0 pkg=com.larus.nova t_boot_ns=648416957544029
08-30 14:07:27.926 I/AnebProbe(22981): ADAPTER_EVT type=content cls=android.widget.EditText desc=null txt_len=70 pkg=com.larus.nova t_boot_ns=648416957837259
08-30 14:07:27.949 I/AnebProbe(22981): ADAPTER_EVT type=content cls=android.view.ViewGroup desc=null txt_len=0 pkg=com.larus.nova t_boot_ns=648416980585696
08-30 14:07:27.949 I/AnebProbe(22981): ADAPTER_EVT type=content cls=android.widget.EditText desc=null txt_len=71 pkg=com.larus.nova t_boot_ns=648416980869029
08-30 14:07:27.954 I/AnebProbe(22981): ADAPTER_EVT type=content cls=android.view.ViewGroup desc=null txt_len=0 pkg=com.larus.nova t_boot_ns=648416985619550
08-30 14:07:27.957 I/AnebProbe(22981): ADAPTER_EVT type=content cls=android.widget.EditText desc=null txt_len=72 pkg=com.larus.nova t_boot_ns=648416988512259
08-30 14:07:27.964 I/AnebProbe(22981): ADAPTER_EVT type=content cls=android.widget.EditText desc=null txt_len=73 pkg=com.larus.nova t_boot_ns=648416995147154
08-30 14:07:27.979 I/AnebProbe(22981): ADAPTER_EVT type=content cls=android.view.ViewGroup desc=null txt_len=0 pkg=com.larus.nova t_boot_ns=648417010412779
08-30 14:07:27.979 I/AnebProbe(22981): ADAPTER_EVT type=content cls=android.widget.EditText desc=null txt_len=74 pkg=com.larus.nova t_boot_ns=648417010586217
08-30 14:07:27.993 I/AnebProbe(22981): ADAPTER_EVT type=content cls=android.view.ViewGroup desc=null txt_len=0 pkg=com.larus.nova t_boot_ns=648417023986738
08-30 14:07:27.993 I/AnebProbe(22981): ADAPTER_EVT type=content cls=android.widget.EditText desc=null txt_len=75 pkg=com.larus.nova t_boot_ns=648417024494029
08-30 14:07:28.007 I/AnebProbe(22981): ADAPTER_EVT type=content cls=android.view.ViewGroup desc=null txt_len=0 pkg=com.larus.nova t_boot_ns=648417038424238
08-30 14:07:28.007 I/AnebProbe(22981): ADAPTER_EVT type=content cls=android.widget.EditText desc=null txt_len=76 pkg=com.larus.nova t_boot_ns=648417038615904
08-30 14:07:28.013 I/AnebProbe(22981): ADAPTER_EVT type=content cls=android.widget.EditText desc=null txt_len=77 pkg=com.larus.nova t_boot_ns=648417044704446
08-30 14:07:28.027 I/AnebProbe(22981): ADAPTER_EVT type=content cls=android.view.ViewGroup desc=null txt_len=0 pkg=com.larus.nova t_boot_ns=648417058174238
08-30 14:07:28.027 I/AnebProbe(22981): ADAPTER_EVT type=content cls=android.widget.EditText desc=null txt_len=78 pkg=com.larus.nova t_boot_ns=648417058376321
08-30 14:07:28.040 I/AnebProbe(22981): ADAPTER_EVT type=content cls=android.view.ViewGroup desc=null txt_len=0 pkg=com.larus.nova t_boot_ns=648417071718509
08-30 14:07:28.040 I/AnebProbe(22981): ADAPTER_EVT type=content cls=android.widget.EditText desc=null txt_len=79 pkg=com.larus.nova t_boot_ns=648417071925279
08-30 14:07:28.046 I/AnebProbe(22981): ADAPTER_EVT type=content cls=android.widget.EditText desc=null txt_len=80 pkg=com.larus.nova t_boot_ns=648417077634134
08-30 14:07:28.059 I/AnebProbe(22981): ADAPTER_EVT type=content cls=android.view.ViewGroup desc=null txt_len=0 pkg=com.larus.nova t_boot_ns=648417090641946
08-30 14:07:28.059 I/AnebProbe(22981): ADAPTER_EVT type=content cls=android.widget.EditText desc=null txt_len=81 pkg=com.larus.nova t_boot_ns=648417090825279
08-30 14:07:28.074 I/AnebProbe(22981): ADAPTER_EVT type=content cls=android.view.ViewGroup desc=null txt_len=0 pkg=com.larus.nova t_boot_ns=648417105608613
08-30 14:07:28.074 I/AnebProbe(22981): ADAPTER_EVT type=content cls=android.widget.EditText desc=null txt_len=82 pkg=com.larus.nova t_boot_ns=648417105871113
08-30 14:07:28.081 I/AnebProbe(22981): ADAPTER_EVT type=content cls=android.widget.EditText desc=null txt_len=83 pkg=com.larus.nova t_boot_ns=648417112581529
08-30 14:07:28.096 I/AnebProbe(22981): ADAPTER_EVT type=content cls=android.view.ViewGroup desc=null txt_len=0 pkg=com.larus.nova t_boot_ns=648417127299758
08-30 14:07:28.096 I/AnebProbe(22981): ADAPTER_EVT type=content cls=android.widget.EditText desc=null txt_len=84 pkg=com.larus.nova t_boot_ns=648417127521633
08-30 14:07:28.110 I/AnebProbe(22981): ADAPTER_EVT type=content cls=android.view.ViewGroup desc=null txt_len=0 pkg=com.larus.nova t_boot_ns=648417141033092
08-30 14:07:28.110 I/AnebProbe(22981): ADAPTER_EVT type=content cls=android.widget.EditText desc=null txt_len=85 pkg=com.larus.nova t_boot_ns=648417141375279
08-30 14:07:28.125 I/AnebProbe(22981): ADAPTER_EVT type=content cls=android.view.ViewGroup desc=null txt_len=0 pkg=com.larus.nova t_boot_ns=648417156820592
08-30 14:07:28.125 I/AnebProbe(22981): ADAPTER_EVT type=content cls=android.widget.EditText desc=null txt_len=86 pkg=com.larus.nova t_boot_ns=648417157039342
08-30 14:07:28.140 I/AnebProbe(22981): ADAPTER_EVT type=content cls=android.view.ViewGroup desc=null txt_len=0 pkg=com.larus.nova t_boot_ns=648417171559654
08-30 14:07:28.140 I/AnebProbe(22981): ADAPTER_EVT type=content cls=android.widget.EditText desc=null txt_len=87 pkg=com.larus.nova t_boot_ns=648417171812779
08-30 14:07:28.147 I/AnebProbe(22981): ADAPTER_EVT type=content cls=android.widget.EditText desc=null txt_len=88 pkg=com.larus.nova t_boot_ns=648417178233613
08-30 14:07:28.161 I/AnebProbe(22981): ADAPTER_EVT type=content cls=android.view.ViewGroup desc=null txt_len=0 pkg=com.larus.nova t_boot_ns=648417192929446
08-30 14:07:28.162 I/AnebProbe(22981): ADAPTER_EVT type=content cls=android.widget.EditText desc=null txt_len=89 pkg=com.larus.nova t_boot_ns=648417193130488
08-30 14:07:28.270 I/AnebProbe(22981): ADAPTER_EVT type=content cls=android.view.ViewGroup desc=null txt_len=0 pkg=com.larus.nova t_boot_ns=648417301130488
08-30 14:07:28.392 I/AnebProbe(22981): ADAPTER_EVT type=content cls=android.view.ViewGroup desc=null txt_len=0 pkg=com.larus.nova t_boot_ns=648417423454446
08-30 14:07:28.503 I/AnebProbe(22981): ADAPTER_EVT type=content cls=android.view.ViewGroup desc=null txt_len=0 pkg=com.larus.nova t_boot_ns=648417533920071
08-30 14:07:28.610 I/AnebProbe(22981): ADAPTER_EVT type=content cls=android.view.ViewGroup desc=null txt_len=0 pkg=com.larus.nova t_boot_ns=648417641620071
08-30 14:07:28.719 I/AnebProbe(22981): ADAPTER_EVT type=content cls=android.view.ViewGroup desc=null txt_len=0 pkg=com.larus.nova t_boot_ns=648417750360175
08-30 14:07:28.826 I/AnebProbe(22981): ADAPTER_EVT type=content cls=android.view.ViewGroup desc=null txt_len=0 pkg=com.larus.nova t_boot_ns=648417856780488
08-30 14:07:28.934 I/AnebProbe(22981): ADAPTER_EVT type=content cls=android.view.ViewGroup desc=null txt_len=0 pkg=com.larus.nova t_boot_ns=648417965442467
08-30 14:07:29.042 I/AnebProbe(22981): ADAPTER_EVT type=content cls=android.view.ViewGroup desc=null txt_len=0 pkg=com.larus.nova t_boot_ns=648418072944029
08-30 14:07:29.156 I/AnebProbe(22981): ADAPTER_EVT type=content cls=android.view.ViewGroup desc=null txt_len=0 pkg=com.larus.nova t_boot_ns=648418187156529
08-30 14:07:29.273 I/AnebProbe(22981): ADAPTER_EVT type=content cls=android.view.ViewGroup desc=null txt_len=0 pkg=com.larus.nova t_boot_ns=648418304495071
08-30 14:07:29.387 I/AnebProbe(22981): ADAPTER_EVT type=content cls=android.view.ViewGroup desc=null txt_len=0 pkg=com.larus.nova t_boot_ns=648418418610175
08-30 14:07:29.503 I/AnebProbe(22981): ADAPTER_EVT type=content cls=android.view.ViewGroup desc=null txt_len=0 pkg=com.larus.nova t_boot_ns=648418534313300
08-30 14:07:29.622 I/AnebProbe(22981): ADAPTER_EVT type=content cls=android.view.ViewGroup desc=null txt_len=0 pkg=com.larus.nova t_boot_ns=648418652854446
08-30 14:07:29.732 I/AnebProbe(22981): ADAPTER_EVT type=content cls=android.view.ViewGroup desc=null txt_len=0 pkg=com.larus.nova t_boot_ns=648418763801842
08-30 14:07:29.835 I/AnebProbe(22981): ADAPTER_EVT type=content cls=android.view.ViewGroup desc=null txt_len=0 pkg=com.larus.nova t_boot_ns=648418866510696
08-30 14:07:29.943 I/AnebProbe(22981): ADAPTER_EVT type=content cls=android.view.ViewGroup desc=null txt_len=0 pkg=com.larus.nova t_boot_ns=648418973884654
08-30 14:07:30.050 I/AnebProbe(22981): ADAPTER_EVT type=content cls=android.view.ViewGroup desc=null txt_len=0 pkg=com.larus.nova t_boot_ns=648419080673717
08-30 14:07:30.147 I/AnebE4MARK(30443): E4MARK kind=turn_start n=3
08-30 14:07:30.152 I/AnebProbe(22981): ADAPTER_EVT type=content cls=android.view.ViewGroup desc=null txt_len=0 pkg=com.larus.nova t_boot_ns=648419183402883
08-30 14:07:30.263 I/AnebProbe(22981): ADAPTER_EVT type=content cls=android.view.ViewGroup desc=null txt_len=0 pkg=com.larus.nova t_boot_ns=648419295029966
08-30 14:07:30.296 I/AnebProbe(22981): ADAPTER_EVT type=content cls=android.view.ViewGroup desc=null txt_len=0 pkg=com.larus.nova t_boot_ns=648419327128925
08-30 14:07:30.405 I/AnebProbe(22981): ADAPTER_EVT type=content cls=android.view.ViewGroup desc=null txt_len=0 pkg=com.larus.nova t_boot_ns=648419436026321
08-30 14:07:30.669 I/AnebProbe(22981): ADAPTER_EVT type=content cls=androidx.drawerlayout.widget.DrawerLayout desc=null txt_len=0 pkg=com.larus.nova t_boot_ns=648419700784133
08-30 14:07:30.770 I/AnebProbe(22981): ADAPTER_EVT type=content cls=androidx.drawerlayout.widget.DrawerLayout desc=null txt_len=0 pkg=com.larus.nova t_boot_ns=648419800942987
08-30 14:07:31.041 I/AnebProbe(22981): ADAPTER_EVT type=content cls=androidx.drawerlayout.widget.DrawerLayout desc=null txt_len=0 pkg=com.larus.nova t_boot_ns=648420072498716
08-30 14:07:31.042 I/AnebProbe(22981): ADAPTER_OBS pkg=com.larus.nova mode=doubao events=794 rule_matched=95 first_delta_ms=0 cadence_p50_ms=16.2 session_span_ms=198271.5 confidence=LOW/INCONCLUSIVE reason=throttle ttft_send_ms=null anchor_source=null ttft_cluster_ms=null ttft_density_ms=null
08-30 14:07:31.235 I/AnebProbe(22981): ADAPTER_EVT type=content cls=androidx.drawerlayout.widget.DrawerLayout desc=null txt_len=0 pkg=com.larus.nova t_boot_ns=648420265873716
08-30 14:07:31.341 I/AnebProbe(22981): ADAPTER_EVT type=content cls=androidx.drawerlayout.widget.DrawerLayout desc=null txt_len=0 pkg=com.larus.nova t_boot_ns=648420372610175
08-30 14:07:31.972 I/AnebProbe(22981): ADAPTER_EVT type=content cls=android.widget.FrameLayout desc=打电话 txt_len=0 pkg=com.larus.nova t_boot_ns=648421003088820
08-30 14:07:32.072 I/AnebProbe(22981): ADAPTER_EVT type=content cls=androidx.drawerlayout.widget.DrawerLayout desc=null txt_len=0 pkg=com.larus.nova t_boot_ns=648421103175800
08-30 14:07:32.412 I/AnebProbe(22981): ADAPTER_EVT type=content cls=androidx.recyclerview.widget.RecyclerView desc=null txt_len=0 pkg=com.larus.nova t_boot_ns=648421443697154
08-30 14:07:32.511 I/AnebProbe(22981): ADAPTER_EVT type=content cls=androidx.recyclerview.widget.RecyclerView desc=null txt_len=0 pkg=com.larus.nova t_boot_ns=648421542312779
08-30 14:07:32.897 I/AnebProbe(22981): ADAPTER_EVT type=content cls=android.view.ViewGroup desc=Latest stable Android version in 2024，打开… txt_len=0 pkg=com.larus.nova t_boot_ns=648421924229966
08-30 14:07:33.141 I/AnebProbe(22981): ADAPTER_EVT type=content cls=androidx.drawerlayout.widget.DrawerLayout desc=null txt_len=0 pkg=com.larus.nova t_boot_ns=648422172483612
08-30 14:07:33.241 I/AnebProbe(22981): ADAPTER_EVT type=content cls=androidx.drawerlayout.widget.DrawerLayout desc=null txt_len=0 pkg=com.larus.nova t_boot_ns=648422272121633
08-30 14:07:33.539 I/AnebProbe(22981): ADAPTER_EVT type=content cls=androidx.recyclerview.widget.RecyclerView desc=null txt_len=0 pkg=com.larus.nova t_boot_ns=648422570493508
08-30 14:07:33.606 I/AnebProbe(22981): ADAPTER_EVT type=content cls=androidx.recyclerview.widget.RecyclerView desc=null txt_len=0 pkg=com.larus.nova t_boot_ns=648422637626841
08-30 14:07:33.708 I/AnebProbe(22981): ADAPTER_EVT type=content cls=androidx.recyclerview.widget.RecyclerView desc=null txt_len=0 pkg=com.larus.nova t_boot_ns=648422738913299
08-30 14:07:33.841 I/AnebProbe(22981): ADAPTER_EVT type=content cls=androidx.drawerlayout.widget.DrawerLayout desc=null txt_len=0 pkg=com.larus.nova t_boot_ns=648422871779445
08-30 14:07:33.935 I/AnebProbe(22981): ADAPTER_EVT type=content cls=androidx.drawerlayout.widget.DrawerLayout desc=null txt_len=0 pkg=com.larus.nova t_boot_ns=648422966708091
08-30 14:07:35.435 I/AnebProbe(22981): ADAPTER_EVT type=content cls=androidx.recyclerview.widget.RecyclerView desc=null txt_len=0 pkg=com.larus.nova t_boot_ns=648424466406007
08-30 14:07:35.530 I/AnebProbe(22981): ADAPTER_EVT type=content cls=androidx.recyclerview.widget.RecyclerView desc=null txt_len=0 pkg=com.larus.nova t_boot_ns=648424560547153
08-30 14:07:35.644 I/AnebProbe(22981): ADAPTER_EVT type=content cls=androidx.recyclerview.widget.RecyclerView desc=null txt_len=0 pkg=com.larus.nova t_boot_ns=648424675378403
08-30 14:07:35.732 I/AnebProbe(22981): ADAPTER_EVT type=content cls=androidx.recyclerview.widget.RecyclerView desc=null txt_len=0 pkg=com.larus.nova t_boot_ns=648424763524757
08-30 14:07:35.858 I/AnebProbe(22981): ADAPTER_EVT type=content cls=androidx.recyclerview.widget.RecyclerView desc=null txt_len=0 pkg=com.larus.nova t_boot_ns=648424889534132
08-30 14:07:35.945 I/AnebProbe(22981): ADAPTER_EVT type=content cls=androidx.recyclerview.widget.RecyclerView desc=null txt_len=0 pkg=com.larus.nova t_boot_ns=648424976632570
08-30 14:07:36.267 I/AnebProbe(22981): ADAPTER_EVT type=content cls=androidx.recyclerview.widget.RecyclerView desc=null txt_len=0 pkg=com.larus.nova t_boot_ns=648425298109653
08-30 14:07:36.274 I/AnebProbe(22981): ADAPTER_OBS pkg=com.larus.nova mode=doubao events=815 rule_matched=107 first_delta_ms=0 cadence_p50_ms=16.2 session_span_ms=203497.1 confidence=LOW/INCONCLUSIVE reason=throttle ttft_send_ms=null anchor_source=null ttft_cluster_ms=3702.0 ttft_density_ms=null
08-30 14:07:36.373 I/AnebProbe(22981): ADAPTER_EVT type=content cls=androidx.drawerlayout.widget.DrawerLayout desc=null txt_len=0 pkg=com.larus.nova t_boot_ns=648425404485695
08-30 14:07:36.493 I/AnebProbe(22981): ADAPTER_EVT type=content cls=androidx.recyclerview.widget.RecyclerView desc=null txt_len=0 pkg=com.larus.nova t_boot_ns=648425524269028
08-30 14:07:36.604 I/AnebProbe(22981): ADAPTER_EVT type=content cls=androidx.recyclerview.widget.RecyclerView desc=null txt_len=0 pkg=com.larus.nova t_boot_ns=648425634940903
08-30 14:07:36.723 I/AnebProbe(22981): ADAPTER_EVT type=content cls=androidx.drawerlayout.widget.DrawerLayout desc=null txt_len=0 pkg=com.larus.nova t_boot_ns=648425754391424
08-30 14:07:36.832 I/AnebProbe(22981): ADAPTER_EVT type=content cls=androidx.recyclerview.widget.RecyclerView desc=null txt_len=0 pkg=com.larus.nova t_boot_ns=648425863369549
08-30 14:07:36.931 I/AnebProbe(22981): ADAPTER_EVT type=content cls=androidx.recyclerview.widget.RecyclerView desc=null txt_len=0 pkg=com.larus.nova t_boot_ns=648425962537257
08-30 14:07:37.034 I/AnebProbe(22981): ADAPTER_EVT type=content cls=androidx.recyclerview.widget.RecyclerView desc=null txt_len=0 pkg=com.larus.nova t_boot_ns=648426065748195
08-30 14:07:37.135 I/AnebProbe(22981): ADAPTER_EVT type=content cls=androidx.recyclerview.widget.RecyclerView desc=null txt_len=0 pkg=com.larus.nova t_boot_ns=648426166189340
08-30 14:07:37.235 I/AnebProbe(22981): ADAPTER_EVT type=content cls=androidx.recyclerview.widget.RecyclerView desc=null txt_len=0 pkg=com.larus.nova t_boot_ns=648426265833611
08-30 14:07:37.346 I/AnebProbe(22981): ADAPTER_EVT type=content cls=androidx.recyclerview.widget.RecyclerView desc=null txt_len=0 pkg=com.larus.nova t_boot_ns=648426377474236
08-30 14:07:37.447 I/AnebProbe(22981): ADAPTER_EVT type=content cls=androidx.recyclerview.widget.RecyclerView desc=null txt_len=0 pkg=com.larus.nova t_boot_ns=648426478307049
08-30 14:07:37.567 I/AnebProbe(22981): ADAPTER_EVT type=content cls=androidx.recyclerview.widget.RecyclerView desc=null txt_len=0 pkg=com.larus.nova t_boot_ns=648426598431007
08-30 14:07:37.674 I/AnebProbe(22981): ADAPTER_EVT type=content cls=androidx.recyclerview.widget.RecyclerView desc=null txt_len=0 pkg=com.larus.nova t_boot_ns=648426705392986
08-30 14:07:37.774 I/AnebProbe(22981): ADAPTER_EVT type=content cls=androidx.recyclerview.widget.RecyclerView desc=null txt_len=0 pkg=com.larus.nova t_boot_ns=648426805733090
08-30 14:07:37.876 I/AnebProbe(22981): ADAPTER_EVT type=content cls=androidx.recyclerview.widget.RecyclerView desc=null txt_len=0 pkg=com.larus.nova t_boot_ns=648426907754445
08-30 14:07:37.992 I/AnebProbe(22981): ADAPTER_EVT type=content cls=androidx.recyclerview.widget.RecyclerView desc=null txt_len=0 pkg=com.larus.nova t_boot_ns=648427022863299
08-30 14:07:38.094 I/AnebProbe(22981): ADAPTER_EVT type=content cls=androidx.recyclerview.widget.RecyclerView desc=null txt_len=0 pkg=com.larus.nova t_boot_ns=648427125496632
08-30 14:07:38.207 I/AnebProbe(22981): ADAPTER_EVT type=content cls=androidx.recyclerview.widget.RecyclerView desc=null txt_len=0 pkg=com.larus.nova t_boot_ns=648427238601840
08-30 14:07:38.312 I/AnebProbe(22981): ADAPTER_EVT type=content cls=androidx.recyclerview.widget.RecyclerView desc=null txt_len=0 pkg=com.larus.nova t_boot_ns=648427343262257
08-30 14:07:38.423 I/AnebProbe(22981): ADAPTER_EVT type=content cls=androidx.recyclerview.widget.RecyclerView desc=null txt_len=0 pkg=com.larus.nova t_boot_ns=648427453956528
08-30 14:07:38.538 I/AnebProbe(22981): ADAPTER_EVT type=content cls=androidx.recyclerview.widget.RecyclerView desc=null txt_len=0 pkg=com.larus.nova t_boot_ns=648427569742465
08-30 14:07:38.639 I/AnebProbe(22981): ADAPTER_EVT type=content cls=androidx.recyclerview.widget.RecyclerView desc=null txt_len=0 pkg=com.larus.nova t_boot_ns=648427670265903
08-30 14:07:38.754 I/AnebProbe(22981): ADAPTER_EVT type=content cls=androidx.recyclerview.widget.RecyclerView desc=null txt_len=0 pkg=com.larus.nova t_boot_ns=648427785134653
08-30 14:07:38.870 I/AnebProbe(22981): ADAPTER_EVT type=content cls=androidx.recyclerview.widget.RecyclerView desc=null txt_len=0 pkg=com.larus.nova t_boot_ns=648427901700278
08-30 14:07:38.987 I/AnebProbe(22981): ADAPTER_EVT type=content cls=androidx.recyclerview.widget.RecyclerView desc=null txt_len=0 pkg=com.larus.nova t_boot_ns=648428017553923
08-30 14:07:39.089 I/AnebProbe(22981): ADAPTER_EVT type=content cls=androidx.recyclerview.widget.RecyclerView desc=null txt_len=0 pkg=com.larus.nova t_boot_ns=648428120651319
08-30 14:07:39.203 I/AnebProbe(22981): ADAPTER_EVT type=content cls=androidx.recyclerview.widget.RecyclerView desc=null txt_len=0 pkg=com.larus.nova t_boot_ns=648428234209653
08-30 14:07:39.306 I/AnebProbe(22981): ADAPTER_EVT type=content cls=androidx.recyclerview.widget.RecyclerView desc=null txt_len=0 pkg=com.larus.nova t_boot_ns=648428336810694
08-30 14:07:39.417 I/AnebProbe(22981): ADAPTER_EVT type=content cls=android.view.ViewGroup desc=null txt_len=0 pkg=com.larus.nova t_boot_ns=648428448203923
08-30 14:07:39.528 I/AnebProbe(22981): ADAPTER_EVT type=content cls=android.view.ViewGroup desc=null txt_len=0 pkg=com.larus.nova t_boot_ns=648428558924757
08-30 14:07:39.634 I/AnebProbe(22981): ADAPTER_EVT type=content cls=android.view.ViewGroup desc=null txt_len=0 pkg=com.larus.nova t_boot_ns=648428665122153
08-30 14:07:39.733 I/AnebProbe(22981): ADAPTER_EVT type=content cls=android.view.ViewGroup desc=null txt_len=0 pkg=com.larus.nova t_boot_ns=648428764744548
08-30 14:07:40.088 I/AnebProbe(22981): ADAPTER_EVT type=content cls=androidx.drawerlayout.widget.DrawerLayout desc=null txt_len=0 pkg=com.larus.nova t_boot_ns=648429119250798
08-30 14:07:40.203 I/AnebProbe(22981): ADAPTER_EVT type=content cls=androidx.drawerlayout.widget.DrawerLayout desc=null txt_len=0 pkg=com.larus.nova t_boot_ns=648429233921632
08-30 14:07:40.303 I/AnebProbe(22981): ADAPTER_EVT type=content cls=androidx.recyclerview.widget.RecyclerView desc=null txt_len=0 pkg=com.larus.nova t_boot_ns=648429334333611
08-30 14:07:40.405 I/AnebProbe(22981): ADAPTER_EVT type=content cls=androidx.drawerlayout.widget.DrawerLayout desc=null txt_len=0 pkg=com.larus.nova t_boot_ns=648429436608090
08-30 14:07:40.507 I/AnebProbe(22981): ADAPTER_EVT type=content cls=androidx.drawerlayout.widget.DrawerLayout desc=null txt_len=0 pkg=com.larus.nova t_boot_ns=648429538275798
08-30 14:07:40.606 I/AnebProbe(22981): ADAPTER_EVT type=content cls=androidx.drawerlayout.widget.DrawerLayout desc=null txt_len=0 pkg=com.larus.nova t_boot_ns=648429636563298
08-30 14:07:40.981 I/AnebProbe(22981): ADAPTER_EVT type=content cls=androidx.drawerlayout.widget.DrawerLayout desc=null txt_len=0 pkg=com.larus.nova t_boot_ns=648430012325277
08-30 14:07:41.084 I/AnebProbe(22981): ADAPTER_EVT type=content cls=androidx.drawerlayout.widget.DrawerLayout desc=null txt_len=0 pkg=com.larus.nova t_boot_ns=648430115647152
08-30 14:08:15.180 I/AnebE4MARK(30585): E4MARK kind=answer_complete n=3
08-30 14:08:35.439 I/AnebProbe(22981): ADAPTER_EVT type=click cls=android.widget.ImageView desc=返回 txt_len=2 pkg=com.larus.nova t_boot_ns=648484470671102
08-30 14:08:35.442 I/AnebProbe(22981): ADAPTER_OBS pkg=com.larus.nova mode=doubao events=855 rule_matched=134 first_delta_ms=0 cadence_p50_ms=16.7 session_span_ms=208314.6 confidence=LOW/INCONCLUSIVE reason=throttle ttft_send_ms=null anchor_source=null ttft_cluster_ms=3702.0 ttft_density_ms=null
08-30 14:08:35.561 I/AnebProbe(22981): ADAPTER_EVT type=content cls=androidx.drawerlayout.widget.DrawerLayout desc=null txt_len=0 pkg=com.larus.nova t_boot_ns=648484592560165
08-30 14:08:35.677 I/AnebProbe(22981): ADAPTER_EVT type=content cls=androidx.drawerlayout.widget.DrawerLayout desc=null txt_len=0 pkg=com.larus.nova t_boot_ns=648484708824227
08-30 14:08:35.793 I/AnebProbe(22981): ADAPTER_EVT type=content cls=androidx.drawerlayout.widget.DrawerLayout desc=null txt_len=0 pkg=com.larus.nova t_boot_ns=648484824388811
08-30 14:08:35.867 I/AnebProbe(22981): ADAPTER_EVT type=content cls=androidx.drawerlayout.widget.DrawerLayout desc=null txt_len=0 pkg=com.larus.nova t_boot_ns=648484898360686
08-30 14:08:37.145 I/AnebProbe(22981): ADAPTER_EVT type=click cls=android.widget.ImageView desc=创建新对话 txt_len=5 pkg=com.larus.nova t_boot_ns=648486175949748
08-30 14:08:37.146 I/AnebProbe(22981): ADAPTER_EVT type=content cls=android.widget.FrameLayout desc=null txt_len=0 pkg=com.larus.nova t_boot_ns=648486177269019
08-30 14:08:37.364 I/AnebProbe(22981): ADAPTER_EVT type=content cls=androidx.drawerlayout.widget.DrawerLayout desc=null txt_len=0 pkg=com.larus.nova t_boot_ns=648486395898185
08-30 14:08:37.527 I/AnebProbe(22981): ADAPTER_EVT type=content cls=androidx.drawerlayout.widget.DrawerLayout desc=null txt_len=0 pkg=com.larus.nova t_boot_ns=648486558815894
08-30 14:08:37.563 I/AnebProbe(22981): ADAPTER_EVT type=content cls=androidx.drawerlayout.widget.DrawerLayout desc=null txt_len=0 pkg=com.larus.nova t_boot_ns=648486594673185
08-30 14:08:37.674 I/AnebProbe(22981): ADAPTER_EVT type=content cls=android.view.ViewGroup desc=null txt_len=0 pkg=com.larus.nova t_boot_ns=648486705487769
08-30 14:08:37.777 I/AnebProbe(22981): ADAPTER_EVT type=content cls=android.view.ViewGroup desc=null txt_len=0 pkg=com.larus.nova t_boot_ns=648486808087769
08-30 14:08:37.887 I/AnebProbe(22981): ADAPTER_EVT type=content cls=androidx.drawerlayout.widget.DrawerLayout desc=null txt_len=0 pkg=com.larus.nova t_boot_ns=648486918282040
08-30 14:08:38.056 I/AnebProbe(22981): ADAPTER_EVT type=content cls=androidx.recyclerview.widget.RecyclerView desc=null txt_len=0 pkg=com.larus.nova t_boot_ns=648487087514852
08-30 14:08:38.148 I/AnebProbe(22981): ADAPTER_EVT type=content cls=android.view.ViewGroup desc=null txt_len=0 pkg=com.larus.nova t_boot_ns=648487179455998
08-30 14:08:38.249 I/AnebProbe(22981): ADAPTER_EVT type=content cls=android.view.ViewGroup desc=null txt_len=0 pkg=com.larus.nova t_boot_ns=648487280207039
08-30 14:08:38.351 I/AnebProbe(22981): ADAPTER_EVT type=content cls=android.view.ViewGroup desc=null txt_len=0 pkg=com.larus.nova t_boot_ns=648487382532560
08-30 14:08:38.589 I/AnebProbe(22981): ADAPTER_EVT type=content cls=android.view.ViewGroup desc=null txt_len=0 pkg=com.larus.nova t_boot_ns=648487619654956
08-30 14:08:38.706 I/AnebProbe(22981): ADAPTER_EVT type=content cls=android.view.ViewGroup desc=null txt_len=0 pkg=com.larus.nova t_boot_ns=648487737372144
08-30 14:08:38.815 I/AnebProbe(22981): ADAPTER_EVT type=content cls=android.view.ViewGroup desc=null txt_len=0 pkg=com.larus.nova t_boot_ns=648487845947664
08-30 14:08:38.916 I/AnebProbe(22981): ADAPTER_EVT type=content cls=android.view.ViewGroup desc=null txt_len=0 pkg=com.larus.nova t_boot_ns=648487946989331
08-30 14:08:39.033 I/AnebProbe(22981): ADAPTER_EVT type=content cls=androidx.drawerlayout.widget.DrawerLayout desc=null txt_len=0 pkg=com.larus.nova t_boot_ns=648488064288810
08-30 14:08:39.143 I/AnebProbe(22981): ADAPTER_EVT type=content cls=android.view.ViewGroup desc=null txt_len=0 pkg=com.larus.nova t_boot_ns=648488174210685
08-30 14:08:39.242 I/AnebProbe(22981): ADAPTER_EVT type=content cls=android.view.ViewGroup desc=null txt_len=0 pkg=com.larus.nova t_boot_ns=648488273324227
08-30 14:08:39.363 I/AnebProbe(22981): ADAPTER_EVT type=content cls=android.view.ViewGroup desc=null txt_len=0 pkg=com.larus.nova t_boot_ns=648488394575268
08-30 14:08:40.038 I/AnebProbe(22981): ADAPTER_EVT type=content cls=android.view.ViewGroup desc=新对话，打开设置页 txt_len=0 pkg=com.larus.nova t_boot_ns=648489069471102
08-30 14:08:40.160 I/AnebProbe(22981): ADAPTER_EVT type=content cls=android.view.ViewGroup desc=null txt_len=0 pkg=com.larus.nova t_boot_ns=648489191525268
08-30 14:08:40.262 I/AnebProbe(22981): ADAPTER_EVT type=content cls=android.view.ViewGroup desc=null txt_len=0 pkg=com.larus.nova t_boot_ns=648489293096622
08-30 14:08:40.376 I/AnebProbe(22981): ADAPTER_EVT type=content cls=android.view.ViewGroup desc=null txt_len=0 pkg=com.larus.nova t_boot_ns=648489407368497
08-30 14:08:40.493 I/AnebProbe(22981): ADAPTER_EVT type=content cls=android.view.ViewGroup desc=null txt_len=0 pkg=com.larus.nova t_boot_ns=648489524926310
08-30 14:08:40.494 I/AnebProbe(22981): ADAPTER_OBS pkg=com.larus.nova mode=doubao events=883 rule_matched=135 first_delta_ms=0 cadence_p50_ms=18.1 session_span_ms=267723.9 confidence=LOW/INCONCLUSIVE reason=throttle ttft_send_ms=null anchor_source=null ttft_cluster_ms=3702.0 ttft_density_ms=null
08-30 14:08:40.604 I/AnebProbe(22981): ADAPTER_EVT type=content cls=android.view.ViewGroup desc=null txt_len=0 pkg=com.larus.nova t_boot_ns=648489635201831
08-30 14:08:40.705 I/AnebProbe(22981): ADAPTER_EVT type=content cls=android.view.ViewGroup desc=null txt_len=0 pkg=com.larus.nova t_boot_ns=648489736664852
08-30 14:08:40.822 I/AnebProbe(22981): ADAPTER_EVT type=content cls=android.view.ViewGroup desc=null txt_len=0 pkg=com.larus.nova t_boot_ns=648489852795060
08-30 14:08:40.935 I/AnebProbe(22981): ADAPTER_EVT type=content cls=android.view.ViewGroup desc=null txt_len=0 pkg=com.larus.nova t_boot_ns=648489966324747
08-30 14:08:41.055 I/AnebProbe(22981): ADAPTER_EVT type=content cls=android.view.ViewGroup desc=null txt_len=0 pkg=com.larus.nova t_boot_ns=648490085876310
08-30 14:08:41.156 I/AnebProbe(22981): ADAPTER_EVT type=content cls=android.view.ViewGroup desc=null txt_len=0 pkg=com.larus.nova t_boot_ns=648490187428393
08-30 14:08:41.257 I/AnebProbe(22981): ADAPTER_EVT type=content cls=android.view.ViewGroup desc=null txt_len=0 pkg=com.larus.nova t_boot_ns=648490288240372
08-30 14:08:41.367 I/AnebProbe(22981): ADAPTER_EVT type=content cls=android.view.ViewGroup desc=null txt_len=0 pkg=com.larus.nova t_boot_ns=648490398272664
08-30 14:08:41.387 I/AnebProbe(22981): ADAPTER_EVT type=content cls=android.view.ViewGroup desc=null txt_len=0 pkg=com.larus.nova t_boot_ns=648490418649226
08-30 14:08:41.387 I/AnebProbe(22981): ADAPTER_EVT type=content cls=android.widget.EditText desc=null txt_len=1 pkg=com.larus.nova t_boot_ns=648490418977872
08-30 14:08:41.393 I/AnebProbe(22981): ADAPTER_EVT type=content cls=android.view.ViewGroup desc=null txt_len=0 pkg=com.larus.nova t_boot_ns=648490424453393
08-30 14:08:41.442 I/AnebProbe(22981): ADAPTER_EVT type=content cls=android.view.ViewGroup desc=null txt_len=0 pkg=com.larus.nova t_boot_ns=648490473911206
08-30 14:08:41.443 I/AnebProbe(22981): ADAPTER_EVT type=content cls=android.widget.EditText desc=null txt_len=2 pkg=com.larus.nova t_boot_ns=648490474297664
08-30 14:08:41.468 I/AnebProbe(22981): ADAPTER_EVT type=content cls=android.view.ViewGroup desc=null txt_len=0 pkg=com.larus.nova t_boot_ns=648490499611206
08-30 14:08:41.469 I/AnebProbe(22981): ADAPTER_EVT type=content cls=android.widget.EditText desc=null txt_len=3 pkg=com.larus.nova t_boot_ns=648490500052872
08-30 14:08:41.489 I/AnebProbe(22981): ADAPTER_EVT type=content cls=android.view.ViewGroup desc=null txt_len=0 pkg=com.larus.nova t_boot_ns=648490520065893
08-30 14:08:41.489 I/AnebProbe(22981): ADAPTER_EVT type=content cls=android.widget.EditText desc=null txt_len=4 pkg=com.larus.nova t_boot_ns=648490520548706
08-30 14:08:41.510 I/AnebProbe(22981): ADAPTER_EVT type=content cls=android.view.ViewGroup desc=null txt_len=0 pkg=com.larus.nova t_boot_ns=648490540976831
08-30 14:08:41.510 I/AnebProbe(22981): ADAPTER_EVT type=content cls=android.widget.EditText desc=null txt_len=5 pkg=com.larus.nova t_boot_ns=648490541775789
08-30 14:08:41.531 I/AnebProbe(22981): ADAPTER_EVT type=content cls=android.view.ViewGroup desc=null txt_len=0 pkg=com.larus.nova t_boot_ns=648490562839331
08-30 14:08:41.532 I/AnebProbe(22981): ADAPTER_EVT type=content cls=android.widget.EditText desc=null txt_len=6 pkg=com.larus.nova t_boot_ns=648490563230476
08-30 14:08:41.541 I/AnebProbe(22981): ADAPTER_EVT type=content cls=android.widget.EditText desc=null txt_len=7 pkg=com.larus.nova t_boot_ns=648490571781518
08-30 14:08:41.558 I/AnebProbe(22981): ADAPTER_EVT type=content cls=android.view.ViewGroup desc=null txt_len=0 pkg=com.larus.nova t_boot_ns=648490589813289
08-30 14:08:41.559 I/AnebProbe(22981): ADAPTER_EVT type=content cls=android.widget.EditText desc=null txt_len=8 pkg=com.larus.nova t_boot_ns=648490590513289
08-30 14:08:41.581 I/AnebProbe(22981): ADAPTER_EVT type=content cls=android.view.ViewGroup desc=null txt_len=0 pkg=com.larus.nova t_boot_ns=648490612876831
08-30 14:08:41.582 I/AnebProbe(22981): ADAPTER_EVT type=content cls=android.widget.EditText desc=null txt_len=9 pkg=com.larus.nova t_boot_ns=648490613343497
08-30 14:08:41.590 I/AnebProbe(22981): ADAPTER_EVT type=content cls=android.widget.EditText desc=null txt_len=10 pkg=com.larus.nova t_boot_ns=648490621523706
08-30 14:08:41.607 I/AnebProbe(22981): ADAPTER_EVT type=content cls=android.view.ViewGroup desc=null txt_len=0 pkg=com.larus.nova t_boot_ns=648490637965372
08-30 14:08:41.607 I/AnebProbe(22981): ADAPTER_EVT type=content cls=android.widget.EditText desc=null txt_len=11 pkg=com.larus.nova t_boot_ns=648490638408081
08-30 14:08:41.625 I/AnebProbe(22981): ADAPTER_EVT type=content cls=android.view.ViewGroup desc=null txt_len=0 pkg=com.larus.nova t_boot_ns=648490656740893
08-30 14:08:41.626 I/AnebProbe(22981): ADAPTER_EVT type=content cls=android.widget.EditText desc=null txt_len=12 pkg=com.larus.nova t_boot_ns=648490657267456
08-30 14:08:41.648 I/AnebProbe(22981): ADAPTER_EVT type=content cls=android.view.ViewGroup desc=null txt_len=0 pkg=com.larus.nova t_boot_ns=648490679242976
08-30 14:08:41.648 I/AnebProbe(22981): ADAPTER_EVT type=content cls=android.widget.EditText desc=null txt_len=13 pkg=com.larus.nova t_boot_ns=648490679657560
08-30 14:08:41.657 I/AnebProbe(22981): ADAPTER_EVT type=content cls=android.widget.EditText desc=null txt_len=14 pkg=com.larus.nova t_boot_ns=648490688082039
08-30 14:08:41.675 I/AnebProbe(22981): ADAPTER_EVT type=content cls=android.view.ViewGroup desc=null txt_len=0 pkg=com.larus.nova t_boot_ns=648490706011206
08-30 14:08:41.675 I/AnebProbe(22981): ADAPTER_EVT type=content cls=android.widget.EditText desc=null txt_len=15 pkg=com.larus.nova t_boot_ns=648490706400268
08-30 14:08:41.696 I/AnebProbe(22981): ADAPTER_EVT type=content cls=android.view.ViewGroup desc=null txt_len=0 pkg=com.larus.nova t_boot_ns=648490727934122
08-30 14:08:41.697 I/AnebProbe(22981): ADAPTER_EVT type=content cls=android.widget.EditText desc=null txt_len=16 pkg=com.larus.nova t_boot_ns=648490728430476
08-30 14:08:41.705 I/AnebProbe(22981): ADAPTER_EVT type=content cls=android.widget.EditText desc=null txt_len=17 pkg=com.larus.nova t_boot_ns=648490736314851
08-30 14:08:41.723 I/AnebProbe(22981): ADAPTER_EVT type=content cls=android.view.ViewGroup desc=null txt_len=0 pkg=com.larus.nova t_boot_ns=648490754096101
08-30 14:08:41.723 I/AnebProbe(22981): ADAPTER_EVT type=content cls=android.widget.EditText desc=null txt_len=18 pkg=com.larus.nova t_boot_ns=648490754580476
08-30 14:08:41.747 I/AnebProbe(22981): ADAPTER_EVT type=content cls=android.view.ViewGroup desc=null txt_len=0 pkg=com.larus.nova t_boot_ns=648490778315893
08-30 14:08:41.747 I/AnebProbe(22981): ADAPTER_EVT type=content cls=android.widget.EditText desc=null txt_len=19 pkg=com.larus.nova t_boot_ns=648490778734122
08-30 14:08:41.755 I/AnebProbe(22981): ADAPTER_EVT type=content cls=android.widget.EditText desc=null txt_len=20 pkg=com.larus.nova t_boot_ns=648490786883081
08-30 14:08:41.775 I/AnebProbe(22981): ADAPTER_EVT type=content cls=android.view.ViewGroup desc=null txt_len=0 pkg=com.larus.nova t_boot_ns=648490806183601
08-30 14:08:41.775 I/AnebProbe(22981): ADAPTER_EVT type=content cls=android.widget.EditText desc=null txt_len=21 pkg=com.larus.nova t_boot_ns=648490806585164
08-30 14:08:41.797 I/AnebProbe(22981): ADAPTER_EVT type=content cls=android.view.ViewGroup desc=null txt_len=0 pkg=com.larus.nova t_boot_ns=648490828801831
08-30 14:08:41.798 I/AnebProbe(22981): ADAPTER_EVT type=content cls=android.widget.EditText desc=null txt_len=22 pkg=com.larus.nova t_boot_ns=648490829217456
08-30 14:08:41.819 I/AnebProbe(22981): ADAPTER_EVT type=content cls=android.view.ViewGroup desc=null txt_len=0 pkg=com.larus.nova t_boot_ns=648490850283601
08-30 14:08:41.819 I/AnebProbe(22981): ADAPTER_EVT type=content cls=android.widget.EditText desc=null txt_len=23 pkg=com.larus.nova t_boot_ns=648490850866935
08-30 14:08:41.839 I/AnebProbe(22981): ADAPTER_EVT type=content cls=android.view.ViewGroup desc=null txt_len=0 pkg=com.larus.nova t_boot_ns=648490869908601
08-30 14:08:41.839 I/AnebProbe(22981): ADAPTER_EVT type=content cls=android.widget.EditText desc=null txt_len=24 pkg=com.larus.nova t_boot_ns=648490870414851
08-30 14:08:41.859 I/AnebProbe(22981): ADAPTER_EVT type=content cls=android.view.ViewGroup desc=null txt_len=0 pkg=com.larus.nova t_boot_ns=648490890044539
08-30 14:08:41.859 I/AnebProbe(22981): ADAPTER_EVT type=content cls=android.widget.EditText desc=null txt_len=25 pkg=com.larus.nova t_boot_ns=648490890491935
08-30 14:08:41.881 I/AnebProbe(22981): ADAPTER_EVT type=content cls=android.view.ViewGroup desc=null txt_len=0 pkg=com.larus.nova t_boot_ns=648490912286726
08-30 14:08:41.881 I/AnebProbe(22981): ADAPTER_EVT type=content cls=android.widget.EditText desc=null txt_len=26 pkg=com.larus.nova t_boot_ns=648490912770060
08-30 14:08:41.906 I/AnebProbe(22981): ADAPTER_EVT type=content cls=android.view.ViewGroup desc=null txt_len=0 pkg=com.larus.nova t_boot_ns=648490937188289
08-30 14:08:41.906 I/AnebProbe(22981): ADAPTER_EVT type=content cls=android.widget.EditText desc=null txt_len=27 pkg=com.larus.nova t_boot_ns=648490937644539
08-30 14:08:41.932 I/AnebProbe(22981): ADAPTER_EVT type=content cls=android.view.ViewGroup desc=null txt_len=0 pkg=com.larus.nova t_boot_ns=648490963510685
08-30 14:08:41.932 I/AnebProbe(22981): ADAPTER_EVT type=content cls=android.widget.EditText desc=null txt_len=28 pkg=com.larus.nova t_boot_ns=648490963938289
08-30 14:08:41.952 I/AnebProbe(22981): ADAPTER_EVT type=content cls=android.view.ViewGroup desc=null txt_len=0 pkg=com.larus.nova t_boot_ns=648490983686206
08-30 14:08:41.953 I/AnebProbe(22981): ADAPTER_EVT type=content cls=android.widget.EditText desc=null txt_len=29 pkg=com.larus.nova t_boot_ns=648490984336726
08-30 14:08:41.973 I/AnebProbe(22981): ADAPTER_EVT type=content cls=android.view.ViewGroup desc=null txt_len=0 pkg=com.larus.nova t_boot_ns=648491004730476
08-30 14:08:41.974 I/AnebProbe(22981): ADAPTER_EVT type=content cls=android.widget.EditText desc=null txt_len=30 pkg=com.larus.nova t_boot_ns=648491005254956
08-30 14:08:41.996 I/AnebProbe(22981): ADAPTER_EVT type=content cls=android.view.ViewGroup desc=null txt_len=0 pkg=com.larus.nova t_boot_ns=648491027897143
08-30 14:08:41.997 I/AnebProbe(22981): ADAPTER_EVT type=content cls=android.widget.EditText desc=null txt_len=31 pkg=com.larus.nova t_boot_ns=648491028349747
08-30 14:08:42.006 I/AnebProbe(22981): ADAPTER_EVT type=content cls=android.widget.EditText desc=null txt_len=32 pkg=com.larus.nova t_boot_ns=648491036830997
08-30 14:08:42.029 I/AnebProbe(22981): ADAPTER_EVT type=content cls=android.view.ViewGroup desc=null txt_len=0 pkg=com.larus.nova t_boot_ns=648491060329435
08-30 14:08:42.029 I/AnebProbe(22981): ADAPTER_EVT type=content cls=android.widget.EditText desc=null txt_len=33 pkg=com.larus.nova t_boot_ns=648491060521622
08-30 14:08:42.036 I/AnebProbe(22981): ADAPTER_EVT type=content cls=android.widget.EditText desc=null txt_len=34 pkg=com.larus.nova t_boot_ns=648491067380997
08-30 14:08:42.054 I/AnebProbe(22981): ADAPTER_EVT type=content cls=android.view.ViewGroup desc=null txt_len=0 pkg=com.larus.nova t_boot_ns=648491085234643
08-30 14:08:42.055 I/AnebProbe(22981): ADAPTER_EVT type=content cls=android.widget.EditText desc=null txt_len=35 pkg=com.larus.nova t_boot_ns=648491086424226
08-30 14:08:42.072 I/AnebProbe(22981): ADAPTER_EVT type=content cls=android.view.ViewGroup desc=null txt_len=0 pkg=com.larus.nova t_boot_ns=648491103119018
08-30 14:08:42.072 I/AnebProbe(22981): ADAPTER_EVT type=content cls=android.widget.EditText desc=null txt_len=36 pkg=com.larus.nova t_boot_ns=648491104082039
08-30 14:08:42.086 I/AnebProbe(22981): ADAPTER_EVT type=content cls=android.view.ViewGroup desc=null txt_len=0 pkg=com.larus.nova t_boot_ns=648491117291935
08-30 14:08:42.086 I/AnebProbe(22981): ADAPTER_EVT type=content cls=android.widget.EditText desc=null txt_len=37 pkg=com.larus.nova t_boot_ns=648491117968497
08-30 14:08:42.101 I/AnebProbe(22981): ADAPTER_EVT type=content cls=android.view.ViewGroup desc=null txt_len=0 pkg=com.larus.nova t_boot_ns=648491132771101
08-30 14:08:42.101 I/AnebProbe(22981): ADAPTER_EVT type=content cls=android.widget.EditText desc=null txt_len=38 pkg=com.larus.nova t_boot_ns=648491132941414
08-30 14:08:42.115 I/AnebProbe(22981): ADAPTER_EVT type=content cls=android.view.ViewGroup desc=null txt_len=0 pkg=com.larus.nova t_boot_ns=648491147060685
08-30 14:08:42.116 I/AnebProbe(22981): ADAPTER_EVT type=content cls=android.widget.EditText desc=null txt_len=39 pkg=com.larus.nova t_boot_ns=648491147218497
08-30 14:08:42.122 I/AnebProbe(22981): ADAPTER_EVT type=content cls=android.widget.EditText desc=null txt_len=40 pkg=com.larus.nova t_boot_ns=648491153067976
08-30 14:08:42.135 I/AnebProbe(22981): ADAPTER_EVT type=content cls=android.view.ViewGroup desc=null txt_len=0 pkg=com.larus.nova t_boot_ns=648491166508081
08-30 14:08:42.135 I/AnebProbe(22981): ADAPTER_EVT type=content cls=android.widget.EditText desc=null txt_len=41 pkg=com.larus.nova t_boot_ns=648491167082560
08-30 14:08:42.149 I/AnebProbe(22981): ADAPTER_EVT type=content cls=android.view.ViewGroup desc=null txt_len=0 pkg=com.larus.nova t_boot_ns=648491180811726
08-30 14:08:42.150 I/AnebProbe(22981): ADAPTER_EVT type=content cls=android.widget.EditText desc=null txt_len=42 pkg=com.larus.nova t_boot_ns=648491181315372
08-30 14:08:42.163 I/AnebProbe(22981): ADAPTER_EVT type=content cls=android.view.ViewGroup desc=null txt_len=0 pkg=com.larus.nova t_boot_ns=648491194689851
08-30 14:08:42.164 I/AnebProbe(22981): ADAPTER_EVT type=content cls=android.widget.EditText desc=null txt_len=43 pkg=com.larus.nova t_boot_ns=648491195198185
08-30 14:08:42.169 I/AnebProbe(22981): ADAPTER_EVT type=content cls=android.widget.EditText desc=null txt_len=44 pkg=com.larus.nova t_boot_ns=648491200179956
08-30 14:08:42.182 I/AnebProbe(22981): ADAPTER_EVT type=content cls=android.view.ViewGroup desc=null txt_len=0 pkg=com.larus.nova t_boot_ns=648491213272664
08-30 14:08:42.182 I/AnebProbe(22981): ADAPTER_EVT type=content cls=android.widget.EditText desc=null txt_len=45 pkg=com.larus.nova t_boot_ns=648491213676310
08-30 14:08:42.188 I/AnebProbe(22981): ADAPTER_EVT type=content cls=android.widget.EditText desc=null txt_len=46 pkg=com.larus.nova t_boot_ns=648491219443497
08-30 14:08:42.201 I/AnebProbe(22981): ADAPTER_EVT type=content cls=android.view.ViewGroup desc=null txt_len=0 pkg=com.larus.nova t_boot_ns=648491232689331
08-30 14:08:42.201 I/AnebProbe(22981): ADAPTER_EVT type=content cls=android.widget.EditText desc=null txt_len=47 pkg=com.larus.nova t_boot_ns=648491232869539
08-30 14:08:42.215 I/AnebProbe(22981): ADAPTER_EVT type=content cls=android.view.ViewGroup desc=null txt_len=0 pkg=com.larus.nova t_boot_ns=648491246258081
08-30 14:08:42.215 I/AnebProbe(22981): ADAPTER_EVT type=content cls=android.widget.EditText desc=null txt_len=48 pkg=com.larus.nova t_boot_ns=648491246448706
08-30 14:08:42.221 I/AnebProbe(22981): ADAPTER_EVT type=content cls=android.widget.EditText desc=null txt_len=49 pkg=com.larus.nova t_boot_ns=648491252702872
08-30 14:08:42.234 I/AnebProbe(22981): ADAPTER_EVT type=content cls=android.view.ViewGroup desc=null txt_len=0 pkg=com.larus.nova t_boot_ns=648491265764331
08-30 14:08:42.234 I/AnebProbe(22981): ADAPTER_EVT type=content cls=android.widget.EditText desc=null txt_len=50 pkg=com.larus.nova t_boot_ns=648491265979956
08-30 14:08:42.254 I/AnebProbe(22981): ADAPTER_EVT type=content cls=android.view.ViewGroup desc=null txt_len=0 pkg=com.larus.nova t_boot_ns=648491285621101
08-30 14:08:42.254 I/AnebProbe(22981): ADAPTER_EVT type=content cls=android.widget.EditText desc=null txt_len=51 pkg=com.larus.nova t_boot_ns=648491285780997
08-30 14:08:42.276 I/AnebProbe(22981): ADAPTER_EVT type=content cls=android.view.ViewGroup desc=null txt_len=0 pkg=com.larus.nova t_boot_ns=648491307978393
08-30 14:08:42.276 I/AnebProbe(22981): ADAPTER_EVT type=content cls=android.widget.EditText desc=null txt_len=52 pkg=com.larus.nova t_boot_ns=648491308136726
08-30 14:08:42.284 I/AnebProbe(22981): ADAPTER_EVT type=content cls=android.widget.EditText desc=null txt_len=53 pkg=com.larus.nova t_boot_ns=648491315654435
08-30 14:08:42.296 I/AnebProbe(22981): ADAPTER_EVT type=content cls=android.view.ViewGroup desc=null txt_len=0 pkg=com.larus.nova t_boot_ns=648491328059643
08-30 14:08:42.297 I/AnebProbe(22981): ADAPTER_EVT type=content cls=android.widget.EditText desc=null txt_len=54 pkg=com.larus.nova t_boot_ns=648491328237247
08-30 14:08:42.302 I/AnebProbe(22981): ADAPTER_EVT type=content cls=android.widget.EditText desc=null txt_len=55 pkg=com.larus.nova t_boot_ns=648491334074226
08-30 14:08:42.315 I/AnebProbe(22981): ADAPTER_EVT type=content cls=android.view.ViewGroup desc=null txt_len=0 pkg=com.larus.nova t_boot_ns=648491346607560
08-30 14:08:42.315 I/AnebProbe(22981): ADAPTER_EVT type=content cls=android.widget.EditText desc=null txt_len=56 pkg=com.larus.nova t_boot_ns=648491346763289
08-30 14:08:42.328 I/AnebProbe(22981): ADAPTER_EVT type=content cls=android.view.ViewGroup desc=null txt_len=0 pkg=com.larus.nova t_boot_ns=648491359224747
08-30 14:08:42.328 I/AnebProbe(22981): ADAPTER_EVT type=content cls=android.widget.EditText desc=null txt_len=57 pkg=com.larus.nova t_boot_ns=648491359395060
08-30 14:08:42.334 I/AnebProbe(22981): ADAPTER_EVT type=content cls=android.widget.EditText desc=null txt_len=58 pkg=com.larus.nova t_boot_ns=648491365132560
08-30 14:08:42.348 I/AnebProbe(22981): ADAPTER_EVT type=content cls=android.view.ViewGroup desc=null txt_len=0 pkg=com.larus.nova t_boot_ns=648491379885164
08-30 14:08:42.349 I/AnebProbe(22981): ADAPTER_EVT type=content cls=android.widget.EditText desc=null txt_len=59 pkg=com.larus.nova t_boot_ns=648491380162768
08-30 14:08:42.362 I/AnebProbe(22981): ADAPTER_EVT type=content cls=android.view.ViewGroup desc=null txt_len=0 pkg=com.larus.nova t_boot_ns=648491393394018
08-30 14:08:42.362 I/AnebProbe(22981): ADAPTER_EVT type=content cls=android.widget.EditText desc=null txt_len=60 pkg=com.larus.nova t_boot_ns=648491393562768
08-30 14:08:42.368 I/AnebProbe(22981): ADAPTER_EVT type=content cls=android.widget.EditText desc=null txt_len=61 pkg=com.larus.nova t_boot_ns=648491399489330
08-30 14:08:42.381 I/AnebProbe(22981): ADAPTER_EVT type=content cls=android.view.ViewGroup desc=null txt_len=0 pkg=com.larus.nova t_boot_ns=648491412116414
08-30 14:08:42.381 I/AnebProbe(22981): ADAPTER_EVT type=content cls=android.widget.EditText desc=null txt_len=62 pkg=com.larus.nova t_boot_ns=648491412287768
08-30 14:08:42.386 I/AnebProbe(22981): ADAPTER_EVT type=content cls=android.widget.EditText desc=null txt_len=63 pkg=com.larus.nova t_boot_ns=648491417960164
08-30 14:08:42.399 I/AnebProbe(22981): ADAPTER_EVT type=content cls=android.view.ViewGroup desc=null txt_len=0 pkg=com.larus.nova t_boot_ns=648491430710685
08-30 14:08:42.399 I/AnebProbe(22981): ADAPTER_EVT type=content cls=android.widget.EditText desc=null txt_len=64 pkg=com.larus.nova t_boot_ns=648491430870580
08-30 14:08:42.412 I/AnebProbe(22981): ADAPTER_EVT type=content cls=android.view.ViewGroup desc=null txt_len=0 pkg=com.larus.nova t_boot_ns=648491444057039
08-30 14:08:42.413 I/AnebProbe(22981): ADAPTER_EVT type=content cls=android.widget.EditText desc=null txt_len=65 pkg=com.larus.nova t_boot_ns=648491444392455
08-30 14:08:42.419 I/AnebProbe(22981): ADAPTER_EVT type=content cls=android.widget.EditText desc=null txt_len=66 pkg=com.larus.nova t_boot_ns=648491450707039
08-30 14:08:42.432 I/AnebProbe(22981): ADAPTER_EVT type=content cls=android.view.ViewGroup desc=null txt_len=0 pkg=com.larus.nova t_boot_ns=648491463867976
08-30 14:08:42.432 I/AnebProbe(22981): ADAPTER_EVT type=content cls=android.widget.EditText desc=null txt_len=67 pkg=com.larus.nova t_boot_ns=648491464033601
08-30 14:08:42.445 I/AnebProbe(22981): ADAPTER_EVT type=content cls=android.view.ViewGroup desc=null txt_len=0 pkg=com.larus.nova t_boot_ns=648491476773705
08-30 14:08:42.445 I/AnebProbe(22981): ADAPTER_EVT type=content cls=android.widget.EditText desc=null txt_len=68 pkg=com.larus.nova t_boot_ns=648491476930476
08-30 14:08:42.451 I/AnebProbe(22981): ADAPTER_EVT type=content cls=android.widget.EditText desc=null txt_len=69 pkg=com.larus.nova t_boot_ns=648491482510685
08-30 14:08:42.463 I/AnebProbe(22981): ADAPTER_EVT type=content cls=android.view.ViewGroup desc=null txt_len=0 pkg=com.larus.nova t_boot_ns=648491494592976
08-30 14:08:42.463 I/AnebProbe(22981): ADAPTER_EVT type=content cls=android.widget.EditText desc=null txt_len=70 pkg=com.larus.nova t_boot_ns=648491494753914
08-30 14:08:42.468 I/AnebProbe(22981): ADAPTER_EVT type=content cls=android.widget.EditText desc=null txt_len=71 pkg=com.larus.nova t_boot_ns=648491500008080
08-30 14:08:42.471 I/AnebProbe(22981): ADAPTER_EVT type=content cls=android.view.ViewGroup desc=null txt_len=0 pkg=com.larus.nova t_boot_ns=648491502749747
08-30 14:08:42.482 I/AnebProbe(22981): ADAPTER_EVT type=content cls=android.view.ViewGroup desc=null txt_len=0 pkg=com.larus.nova t_boot_ns=648491513747143
08-30 14:08:42.482 I/AnebProbe(22981): ADAPTER_EVT type=content cls=android.widget.EditText desc=null txt_len=72 pkg=com.larus.nova t_boot_ns=648491513943497
08-30 14:08:42.496 I/AnebProbe(22981): ADAPTER_EVT type=content cls=android.view.ViewGroup desc=null txt_len=0 pkg=com.larus.nova t_boot_ns=648491527238289
08-30 14:08:42.496 I/AnebProbe(22981): ADAPTER_EVT type=content cls=android.widget.EditText desc=null txt_len=73 pkg=com.larus.nova t_boot_ns=648491527434643
08-30 14:08:42.502 I/AnebProbe(22981): ADAPTER_EVT type=content cls=android.widget.EditText desc=null txt_len=74 pkg=com.larus.nova t_boot_ns=648491533596622
08-30 14:08:42.515 I/AnebProbe(22981): ADAPTER_EVT type=content cls=android.view.ViewGroup desc=null txt_len=0 pkg=com.larus.nova t_boot_ns=648491546778914
08-30 14:08:42.515 I/AnebProbe(22981): ADAPTER_EVT type=content cls=android.widget.EditText desc=null txt_len=75 pkg=com.larus.nova t_boot_ns=648491546984122
08-30 14:08:42.530 I/AnebProbe(22981): ADAPTER_EVT type=content cls=android.view.ViewGroup desc=null txt_len=0 pkg=com.larus.nova t_boot_ns=648491561952351
08-30 14:08:42.531 I/AnebProbe(22981): ADAPTER_EVT type=content cls=android.widget.EditText desc=null txt_len=76 pkg=com.larus.nova t_boot_ns=648491562148705
08-30 14:08:42.544 I/AnebProbe(22981): ADAPTER_EVT type=content cls=android.view.ViewGroup desc=null txt_len=0 pkg=com.larus.nova t_boot_ns=648491575406518
08-30 14:08:42.544 I/AnebProbe(22981): ADAPTER_EVT type=content cls=android.widget.EditText desc=null txt_len=77 pkg=com.larus.nova t_boot_ns=648491575844018
08-30 14:08:42.551 I/AnebProbe(22981): ADAPTER_EVT type=content cls=android.widget.EditText desc=null txt_len=78 pkg=com.larus.nova t_boot_ns=648491582114330
08-30 14:08:42.564 I/AnebProbe(22981): ADAPTER_EVT type=content cls=android.view.ViewGroup desc=null txt_len=0 pkg=com.larus.nova t_boot_ns=648491595222664
08-30 14:08:42.564 I/AnebProbe(22981): ADAPTER_EVT type=content cls=android.widget.EditText desc=null txt_len=79 pkg=com.larus.nova t_boot_ns=648491595405997
08-30 14:08:42.578 I/AnebProbe(22981): ADAPTER_EVT type=content cls=android.view.ViewGroup desc=null txt_len=0 pkg=com.larus.nova t_boot_ns=648491609311726
08-30 14:08:42.578 I/AnebProbe(22981): ADAPTER_EVT type=content cls=android.widget.EditText desc=null txt_len=80 pkg=com.larus.nova t_boot_ns=648491609526830
08-30 14:08:42.585 I/AnebProbe(22981): ADAPTER_EVT type=content cls=android.widget.EditText desc=null txt_len=81 pkg=com.larus.nova t_boot_ns=648491616542455
08-30 14:08:42.600 I/AnebProbe(22981): ADAPTER_EVT type=content cls=android.view.ViewGroup desc=null txt_len=0 pkg=com.larus.nova t_boot_ns=648491631590893
08-30 14:08:42.600 I/AnebProbe(22981): ADAPTER_EVT type=content cls=android.widget.EditText desc=null txt_len=82 pkg=com.larus.nova t_boot_ns=648491631811205
08-30 14:08:42.615 I/AnebProbe(22981): ADAPTER_EVT type=content cls=android.view.ViewGroup desc=null txt_len=0 pkg=com.larus.nova t_boot_ns=648491646401830
08-30 14:08:42.615 I/AnebProbe(22981): ADAPTER_EVT type=content cls=android.widget.EditText desc=null txt_len=83 pkg=com.larus.nova t_boot_ns=648491646618497
08-30 14:08:42.630 I/AnebProbe(22981): ADAPTER_EVT type=content cls=android.view.ViewGroup desc=null txt_len=0 pkg=com.larus.nova t_boot_ns=648491661979435
08-30 14:08:42.631 I/AnebProbe(22981): ADAPTER_EVT type=content cls=android.widget.EditText desc=null txt_len=84 pkg=com.larus.nova t_boot_ns=648491662170060
08-30 14:08:42.643 I/AnebProbe(22981): ADAPTER_EVT type=content cls=android.view.ViewGroup desc=null txt_len=0 pkg=com.larus.nova t_boot_ns=648491674922664
08-30 14:08:42.643 I/AnebProbe(22981): ADAPTER_EVT type=content cls=android.widget.EditText desc=null txt_len=85 pkg=com.larus.nova t_boot_ns=648491675128914
08-30 14:08:42.650 I/AnebProbe(22981): ADAPTER_EVT type=content cls=android.widget.EditText desc=null txt_len=86 pkg=com.larus.nova t_boot_ns=648491681077351
08-30 14:08:42.663 I/AnebProbe(22981): ADAPTER_EVT type=content cls=android.view.ViewGroup desc=null txt_len=0 pkg=com.larus.nova t_boot_ns=648491694124747
08-30 14:08:42.663 I/AnebProbe(22981): ADAPTER_EVT type=content cls=android.widget.EditText desc=null txt_len=87 pkg=com.larus.nova t_boot_ns=648491694301310
08-30 14:08:42.669 I/AnebProbe(22981): ADAPTER_EVT type=content cls=android.widget.EditText desc=null txt_len=88 pkg=com.larus.nova t_boot_ns=648491700686205
08-30 14:08:42.684 I/AnebProbe(22981): ADAPTER_EVT type=content cls=android.view.ViewGroup desc=null txt_len=0 pkg=com.larus.nova t_boot_ns=648491715146101
08-30 14:08:42.684 I/AnebProbe(22981): ADAPTER_EVT type=content cls=android.widget.EditText desc=null txt_len=89 pkg=com.larus.nova t_boot_ns=648491715316935
08-30 14:08:42.790 I/AnebProbe(22981): ADAPTER_EVT type=content cls=android.view.ViewGroup desc=null txt_len=0 pkg=com.larus.nova t_boot_ns=648491821752351
08-30 14:08:42.892 I/AnebProbe(22981): ADAPTER_EVT type=content cls=android.view.ViewGroup desc=null txt_len=0 pkg=com.larus.nova t_boot_ns=648491923545580
08-30 14:08:43.012 I/AnebProbe(22981): ADAPTER_EVT type=content cls=android.view.ViewGroup desc=null txt_len=0 pkg=com.larus.nova t_boot_ns=648492043412247
08-30 14:08:43.112 I/AnebProbe(22981): ADAPTER_EVT type=content cls=android.view.ViewGroup desc=null txt_len=0 pkg=com.larus.nova t_boot_ns=648492143852872
08-30 14:08:43.229 I/AnebProbe(22981): ADAPTER_EVT type=content cls=android.view.ViewGroup desc=null txt_len=0 pkg=com.larus.nova t_boot_ns=648492259893497
08-30 14:08:43.344 I/AnebProbe(22981): ADAPTER_EVT type=content cls=android.view.ViewGroup desc=null txt_len=0 pkg=com.larus.nova t_boot_ns=648492375372143
08-30 14:08:43.461 I/AnebProbe(22981): ADAPTER_EVT type=content cls=android.view.ViewGroup desc=null txt_len=0 pkg=com.larus.nova t_boot_ns=648492492145059
08-30 14:08:43.578 I/AnebProbe(22981): ADAPTER_EVT type=content cls=android.view.ViewGroup desc=null txt_len=0 pkg=com.larus.nova t_boot_ns=648492609117976
08-30 14:08:43.685 I/AnebProbe(22981): ADAPTER_EVT type=content cls=android.view.ViewGroup desc=null txt_len=0 pkg=com.larus.nova t_boot_ns=648492716693497
08-30 14:08:43.790 I/AnebProbe(22981): ADAPTER_EVT type=content cls=android.view.ViewGroup desc=null txt_len=0 pkg=com.larus.nova t_boot_ns=648492820808080
08-30 14:08:43.904 I/AnebProbe(22981): ADAPTER_EVT type=content cls=android.view.ViewGroup desc=null txt_len=0 pkg=com.larus.nova t_boot_ns=648492934604434
08-30 14:08:44.020 I/AnebProbe(22981): ADAPTER_EVT type=content cls=android.view.ViewGroup desc=null txt_len=0 pkg=com.larus.nova t_boot_ns=648493050264330
08-30 14:08:44.125 I/AnebProbe(22981): ADAPTER_EVT type=content cls=android.view.ViewGroup desc=null txt_len=0 pkg=com.larus.nova t_boot_ns=648493156085164
08-30 14:08:44.237 I/AnebProbe(22981): ADAPTER_EVT type=content cls=android.view.ViewGroup desc=null txt_len=0 pkg=com.larus.nova t_boot_ns=648493268396101
08-30 14:08:44.338 I/AnebProbe(22981): ADAPTER_EVT type=content cls=android.view.ViewGroup desc=null txt_len=0 pkg=com.larus.nova t_boot_ns=648493369117455
08-30 14:08:44.438 I/AnebProbe(22981): ADAPTER_EVT type=content cls=android.view.ViewGroup desc=null txt_len=0 pkg=com.larus.nova t_boot_ns=648493469224747
08-30 14:08:44.539 I/AnebProbe(22981): ADAPTER_EVT type=content cls=android.view.ViewGroup desc=null txt_len=0 pkg=com.larus.nova t_boot_ns=648493570070059
08-30 14:08:44.649 I/AnebProbe(22981): ADAPTER_EVT type=content cls=android.view.ViewGroup desc=null txt_len=0 pkg=com.larus.nova t_boot_ns=648493680205476
08-30 14:08:44.727 I/AnebE4MARK(30736): E4MARK kind=turn_start n=4
08-30 14:08:44.750 I/AnebProbe(22981): ADAPTER_EVT type=content cls=android.view.ViewGroup desc=null txt_len=0 pkg=com.larus.nova t_boot_ns=648493781752351
08-30 14:08:44.871 I/AnebProbe(22981): ADAPTER_EVT type=content cls=android.view.ViewGroup desc=null txt_len=0 pkg=com.larus.nova t_boot_ns=648493902702872
08-30 14:08:44.899 I/AnebProbe(22981): ADAPTER_EVT type=content cls=android.view.ViewGroup desc=null txt_len=0 pkg=com.larus.nova t_boot_ns=648493930140893
08-30 14:08:44.999 I/AnebProbe(22981): ADAPTER_EVT type=content cls=android.view.ViewGroup desc=null txt_len=0 pkg=com.larus.nova t_boot_ns=648494030585684
08-30 14:08:45.256 I/AnebProbe(22981): ADAPTER_EVT type=content cls=androidx.drawerlayout.widget.DrawerLayout desc=null txt_len=0 pkg=com.larus.nova t_boot_ns=648494287567976
08-30 14:08:45.356 I/AnebProbe(22981): ADAPTER_EVT type=content cls=androidx.drawerlayout.widget.DrawerLayout desc=null txt_len=0 pkg=com.larus.nova t_boot_ns=648494387655476
08-30 14:08:45.572 I/AnebProbe(22981): ADAPTER_EVT type=content cls=androidx.drawerlayout.widget.DrawerLayout desc=null txt_len=0 pkg=com.larus.nova t_boot_ns=648494603962247
08-30 14:08:45.573 I/AnebProbe(22981): ADAPTER_OBS pkg=com.larus.nova mode=doubao events=1072 rule_matched=135 first_delta_ms=0 cadence_p50_ms=17.8 session_span_ms=272802.9 confidence=LOW/INCONCLUSIVE reason=throttle ttft_send_ms=null anchor_source=null ttft_cluster_ms=null ttft_density_ms=null
08-30 14:08:45.677 I/AnebProbe(22981): ADAPTER_EVT type=content cls=androidx.drawerlayout.widget.DrawerLayout desc=null txt_len=0 pkg=com.larus.nova t_boot_ns=648494708853913
08-30 14:08:45.778 I/AnebProbe(22981): ADAPTER_EVT type=content cls=androidx.recyclerview.widget.RecyclerView desc=null txt_len=0 pkg=com.larus.nova t_boot_ns=648494809385684
08-30 14:08:45.892 I/AnebProbe(22981): ADAPTER_EVT type=content cls=androidx.drawerlayout.widget.DrawerLayout desc=null txt_len=0 pkg=com.larus.nova t_boot_ns=648494923219538
08-30 14:08:45.993 I/AnebProbe(22981): ADAPTER_EVT type=content cls=androidx.drawerlayout.widget.DrawerLayout desc=null txt_len=0 pkg=com.larus.nova t_boot_ns=648495023821622
08-30 14:08:46.292 I/AnebProbe(22981): ADAPTER_EVT type=content cls=android.widget.FrameLayout desc=打电话 txt_len=0 pkg=com.larus.nova t_boot_ns=648495323256517
08-30 14:08:46.392 I/AnebProbe(22981): ADAPTER_EVT type=content cls=android.view.ViewGroup desc=null txt_len=0 pkg=com.larus.nova t_boot_ns=648495423155997
08-30 14:08:46.650 I/AnebProbe(22981): ADAPTER_EVT type=content cls=androidx.drawerlayout.widget.DrawerLayout desc=null txt_len=0 pkg=com.larus.nova t_boot_ns=648495681385163
08-30 14:08:46.749 I/AnebProbe(22981): ADAPTER_EVT type=content cls=androidx.drawerlayout.widget.DrawerLayout desc=null txt_len=0 pkg=com.larus.nova t_boot_ns=648495780017455
08-30 14:08:47.002 I/AnebProbe(22981): ADAPTER_EVT type=content cls=androidx.recyclerview.widget.RecyclerView desc=null txt_len=0 pkg=com.larus.nova t_boot_ns=648496033561205
08-30 14:08:47.104 I/AnebProbe(22981): ADAPTER_EVT type=content cls=androidx.recyclerview.widget.RecyclerView desc=null txt_len=0 pkg=com.larus.nova t_boot_ns=648496134952871
08-30 14:08:47.483 I/AnebProbe(22981): ADAPTER_EVT type=content cls=android.view.ViewGroup desc=Latest Stable Android Version 2024，打开设置页 txt_len=0 pkg=com.larus.nova t_boot_ns=648496514537767
08-30 14:08:47.734 I/AnebProbe(22981): ADAPTER_EVT type=content cls=androidx.drawerlayout.widget.DrawerLayout desc=null txt_len=0 pkg=com.larus.nova t_boot_ns=648496764773705
08-30 14:08:47.846 I/AnebProbe(22981): ADAPTER_EVT type=content cls=androidx.drawerlayout.widget.DrawerLayout desc=null txt_len=0 pkg=com.larus.nova t_boot_ns=648496877822663
08-30 14:08:48.066 I/AnebProbe(22981): ADAPTER_EVT type=content cls=androidx.drawerlayout.widget.DrawerLayout desc=null txt_len=0 pkg=com.larus.nova t_boot_ns=648497096940371
08-30 14:08:48.172 I/AnebProbe(22981): ADAPTER_EVT type=content cls=androidx.drawerlayout.widget.DrawerLayout desc=null txt_len=0 pkg=com.larus.nova t_boot_ns=648497203260163
08-30 14:08:48.279 I/AnebProbe(22981): ADAPTER_EVT type=content cls=androidx.drawerlayout.widget.DrawerLayout desc=null txt_len=0 pkg=com.larus.nova t_boot_ns=648497310605475
08-30 14:08:48.654 I/AnebProbe(22981): ADAPTER_EVT type=content cls=androidx.recyclerview.widget.RecyclerView desc=null txt_len=0 pkg=com.larus.nova t_boot_ns=648497684853913
08-30 14:08:48.745 I/AnebProbe(22981): ADAPTER_EVT type=content cls=androidx.recyclerview.widget.RecyclerView desc=null txt_len=0 pkg=com.larus.nova t_boot_ns=648497776384121
08-30 14:08:48.866 I/AnebProbe(22981): ADAPTER_EVT type=content cls=androidx.recyclerview.widget.RecyclerView desc=null txt_len=0 pkg=com.larus.nova t_boot_ns=648497896577350
08-30 14:08:48.964 I/AnebProbe(22981): ADAPTER_EVT type=content cls=androidx.recyclerview.widget.RecyclerView desc=null txt_len=0 pkg=com.larus.nova t_boot_ns=648497995230475
08-30 14:08:49.276 I/AnebProbe(22981): ADAPTER_EVT type=content cls=androidx.recyclerview.widget.RecyclerView desc=null txt_len=0 pkg=com.larus.nova t_boot_ns=648498307658600
08-30 14:08:49.373 I/AnebProbe(22981): ADAPTER_EVT type=content cls=androidx.recyclerview.widget.RecyclerView desc=null txt_len=0 pkg=com.larus.nova t_boot_ns=648498403991413
08-30 14:08:49.478 I/AnebProbe(22981): ADAPTER_EVT type=content cls=androidx.recyclerview.widget.RecyclerView desc=null txt_len=0 pkg=com.larus.nova t_boot_ns=648498509563809
08-30 14:08:49.589 I/AnebProbe(22981): ADAPTER_EVT type=content cls=androidx.recyclerview.widget.RecyclerView desc=null txt_len=0 pkg=com.larus.nova t_boot_ns=648498620646621
08-30 14:08:49.695 I/AnebProbe(22981): ADAPTER_EVT type=content cls=androidx.recyclerview.widget.RecyclerView desc=null txt_len=0 pkg=com.larus.nova t_boot_ns=648498726070579
08-30 14:08:50.674 I/AnebProbe(22981): ADAPTER_EVT type=content cls=androidx.recyclerview.widget.RecyclerView desc=null txt_len=0 pkg=com.larus.nova t_boot_ns=648499704938808
08-30 14:08:50.680 I/AnebProbe(22981): ADAPTER_OBS pkg=com.larus.nova mode=doubao events=1098 rule_matched=148 first_delta_ms=0 cadence_p50_ms=17.8 session_span_ms=277903.9 confidence=LOW/INCONCLUSIVE reason=throttle ttft_send_ms=null anchor_source=null ttft_cluster_ms=7883.2 ttft_density_ms=null
08-30 14:08:50.770 I/AnebProbe(22981): ADAPTER_EVT type=content cls=androidx.drawerlayout.widget.DrawerLayout desc=null txt_len=0 pkg=com.larus.nova t_boot_ns=648499801089850
08-30 14:08:50.870 I/AnebProbe(22981): ADAPTER_EVT type=content cls=androidx.recyclerview.widget.RecyclerView desc=null txt_len=0 pkg=com.larus.nova t_boot_ns=648499901113288
08-30 14:08:50.994 I/AnebProbe(22981): ADAPTER_EVT type=content cls=androidx.recyclerview.widget.RecyclerView desc=null txt_len=0 pkg=com.larus.nova t_boot_ns=648500025054433
08-30 14:08:51.094 I/AnebProbe(22981): ADAPTER_EVT type=content cls=androidx.recyclerview.widget.RecyclerView desc=null txt_len=0 pkg=com.larus.nova t_boot_ns=648500125409121
08-30 14:08:51.195 I/AnebProbe(22981): ADAPTER_EVT type=content cls=androidx.drawerlayout.widget.DrawerLayout desc=null txt_len=0 pkg=com.larus.nova t_boot_ns=648500225960162
08-30 14:08:51.300 I/AnebProbe(22981): ADAPTER_EVT type=content cls=androidx.recyclerview.widget.RecyclerView desc=null txt_len=0 pkg=com.larus.nova t_boot_ns=648500331037767
08-30 14:08:51.398 I/AnebProbe(22981): ADAPTER_EVT type=content cls=androidx.recyclerview.widget.RecyclerView desc=null txt_len=0 pkg=com.larus.nova t_boot_ns=648500429780996
08-30 14:08:51.504 I/AnebProbe(22981): ADAPTER_EVT type=content cls=androidx.recyclerview.widget.RecyclerView desc=null txt_len=0 pkg=com.larus.nova t_boot_ns=648500535130996
08-30 14:08:51.608 I/AnebProbe(22981): ADAPTER_EVT type=content cls=androidx.recyclerview.widget.RecyclerView desc=null txt_len=0 pkg=com.larus.nova t_boot_ns=648500638950267
08-30 14:08:51.718 I/AnebProbe(22981): ADAPTER_EVT type=content cls=androidx.recyclerview.widget.RecyclerView desc=null txt_len=0 pkg=com.larus.nova t_boot_ns=648500748973183
08-30 14:08:51.818 I/AnebProbe(22981): ADAPTER_EVT type=content cls=androidx.recyclerview.widget.RecyclerView desc=null txt_len=0 pkg=com.larus.nova t_boot_ns=648500848884642
08-30 14:08:51.930 I/AnebProbe(22981): ADAPTER_EVT type=content cls=androidx.recyclerview.widget.RecyclerView desc=null txt_len=0 pkg=com.larus.nova t_boot_ns=648500961269537
08-30 14:08:52.050 I/AnebProbe(22981): ADAPTER_EVT type=content cls=androidx.recyclerview.widget.RecyclerView desc=null txt_len=0 pkg=com.larus.nova t_boot_ns=648501080984642
08-30 14:08:52.157 I/AnebProbe(22981): ADAPTER_EVT type=content cls=androidx.recyclerview.widget.RecyclerView desc=null txt_len=0 pkg=com.larus.nova t_boot_ns=648501188511725
08-30 14:08:52.260 I/AnebProbe(22981): ADAPTER_EVT type=content cls=androidx.recyclerview.widget.RecyclerView desc=null txt_len=0 pkg=com.larus.nova t_boot_ns=648501291627350
08-30 14:08:52.361 I/AnebProbe(22981): ADAPTER_EVT type=content cls=androidx.recyclerview.widget.RecyclerView desc=null txt_len=0 pkg=com.larus.nova t_boot_ns=648501392275266
08-30 14:08:52.474 I/AnebProbe(22981): ADAPTER_EVT type=content cls=androidx.recyclerview.widget.RecyclerView desc=null txt_len=0 pkg=com.larus.nova t_boot_ns=648501505231516
08-30 14:08:52.581 I/AnebProbe(22981): ADAPTER_EVT type=content cls=androidx.recyclerview.widget.RecyclerView desc=null txt_len=0 pkg=com.larus.nova t_boot_ns=648501612432037
08-30 14:08:52.681 I/AnebProbe(22981): ADAPTER_EVT type=content cls=androidx.recyclerview.widget.RecyclerView desc=null txt_len=0 pkg=com.larus.nova t_boot_ns=648501712411725
08-30 14:08:52.796 I/AnebProbe(22981): ADAPTER_EVT type=content cls=androidx.recyclerview.widget.RecyclerView desc=null txt_len=0 pkg=com.larus.nova t_boot_ns=648501827263808
08-30 14:08:52.905 I/AnebProbe(22981): ADAPTER_EVT type=content cls=androidx.recyclerview.widget.RecyclerView desc=null txt_len=0 pkg=com.larus.nova t_boot_ns=648501936824225
08-30 14:08:53.008 I/AnebProbe(22981): ADAPTER_EVT type=content cls=androidx.recyclerview.widget.RecyclerView desc=null txt_len=0 pkg=com.larus.nova t_boot_ns=648502039009121
08-30 14:08:53.124 I/AnebProbe(22981): ADAPTER_EVT type=content cls=androidx.recyclerview.widget.RecyclerView desc=null txt_len=0 pkg=com.larus.nova t_boot_ns=648502155376829
08-30 14:08:53.240 I/AnebProbe(22981): ADAPTER_EVT type=content cls=androidx.recyclerview.widget.RecyclerView desc=null txt_len=0 pkg=com.larus.nova t_boot_ns=648502271710162
08-30 14:08:53.355 I/AnebProbe(22981): ADAPTER_EVT type=content cls=androidx.recyclerview.widget.RecyclerView desc=null txt_len=0 pkg=com.larus.nova t_boot_ns=648502386854954
08-30 14:08:53.470 I/AnebProbe(22981): ADAPTER_EVT type=content cls=androidx.recyclerview.widget.RecyclerView desc=null txt_len=0 pkg=com.larus.nova t_boot_ns=648502501366412
08-30 14:08:53.586 I/AnebProbe(22981): ADAPTER_EVT type=content cls=androidx.recyclerview.widget.RecyclerView desc=null txt_len=0 pkg=com.larus.nova t_boot_ns=648502617082037
08-30 14:08:53.692 I/AnebProbe(22981): ADAPTER_EVT type=content cls=androidx.recyclerview.widget.RecyclerView desc=null txt_len=0 pkg=com.larus.nova t_boot_ns=648502723590891
08-30 14:08:53.801 I/AnebProbe(22981): ADAPTER_EVT type=content cls=androidx.recyclerview.widget.RecyclerView desc=null txt_len=0 pkg=com.larus.nova t_boot_ns=648502832131516
08-30 14:08:53.904 I/AnebProbe(22981): ADAPTER_EVT type=content cls=androidx.recyclerview.widget.RecyclerView desc=null txt_len=0 pkg=com.larus.nova t_boot_ns=648502935386204
08-30 14:08:54.016 I/AnebProbe(22981): ADAPTER_EVT type=content cls=androidx.recyclerview.widget.RecyclerView desc=null txt_len=0 pkg=com.larus.nova t_boot_ns=648503047753391
08-30 14:08:54.121 I/AnebProbe(22981): ADAPTER_EVT type=content cls=androidx.recyclerview.widget.RecyclerView desc=null txt_len=0 pkg=com.larus.nova t_boot_ns=648503152301829
08-30 14:08:54.233 I/AnebProbe(22981): ADAPTER_EVT type=content cls=android.view.ViewGroup desc=null txt_len=0 pkg=com.larus.nova t_boot_ns=648503264026308
08-30 14:08:54.350 I/AnebProbe(22981): ADAPTER_EVT type=content cls=android.view.ViewGroup desc=null txt_len=0 pkg=com.larus.nova t_boot_ns=648503380326829
08-30 14:08:54.450 I/AnebProbe(22981): ADAPTER_EVT type=content cls=android.view.ViewGroup desc=null txt_len=0 pkg=com.larus.nova t_boot_ns=648503481498183
08-30 14:08:54.562 I/AnebProbe(22981): ADAPTER_EVT type=content cls=android.view.ViewGroup desc=null txt_len=0 pkg=com.larus.nova t_boot_ns=648503593362766
08-30 14:08:54.667 I/AnebProbe(22981): ADAPTER_EVT type=content cls=androidx.recyclerview.widget.RecyclerView desc=null txt_len=0 pkg=com.larus.nova t_boot_ns=648503697267974
08-30 14:08:54.768 I/AnebProbe(22981): ADAPTER_EVT type=content cls=androidx.recyclerview.widget.RecyclerView desc=null txt_len=0 pkg=com.larus.nova t_boot_ns=648503799245058
08-30 14:08:54.949 I/AnebProbe(22981): ADAPTER_EVT type=content cls=androidx.recyclerview.widget.RecyclerView desc=null txt_len=0 pkg=com.larus.nova t_boot_ns=648503980619537
08-30 14:08:55.045 I/AnebProbe(22981): ADAPTER_EVT type=content cls=androidx.recyclerview.widget.RecyclerView desc=null txt_len=0 pkg=com.larus.nova t_boot_ns=648504076030474
08-30 14:08:55.146 I/AnebProbe(22981): ADAPTER_EVT type=content cls=androidx.recyclerview.widget.RecyclerView desc=null txt_len=0 pkg=com.larus.nova t_boot_ns=648504177245579
08-30 14:08:55.260 I/AnebProbe(22981): ADAPTER_EVT type=content cls=androidx.recyclerview.widget.RecyclerView desc=null txt_len=0 pkg=com.larus.nova t_boot_ns=648504291770058
08-30 14:08:55.375 I/AnebProbe(22981): ADAPTER_EVT type=content cls=androidx.recyclerview.widget.RecyclerView desc=null txt_len=0 pkg=com.larus.nova t_boot_ns=648504406630474
08-30 14:08:55.476 I/AnebProbe(22981): ADAPTER_EVT type=content cls=androidx.recyclerview.widget.RecyclerView desc=null txt_len=0 pkg=com.larus.nova t_boot_ns=648504507038287
08-30 14:08:55.597 I/AnebProbe(22981): ADAPTER_EVT type=content cls=androidx.recyclerview.widget.RecyclerView desc=null txt_len=0 pkg=com.larus.nova t_boot_ns=648504628108078
08-30 14:08:55.695 I/AnebProbe(22981): ADAPTER_EVT type=content cls=androidx.recyclerview.widget.RecyclerView desc=null txt_len=0 pkg=com.larus.nova t_boot_ns=648504726717453
08-30 14:08:55.698 I/AnebProbe(22981): ADAPTER_OBS pkg=com.larus.nova mode=doubao events=1144 rule_matched=188 first_delta_ms=0 cadence_p50_ms=17.8 session_span_ms=282925.7 confidence=LOW/INCONCLUSIVE reason=throttle ttft_send_ms=null anchor_source=null ttft_cluster_ms=7883.2 ttft_density_ms=null
08-30 14:08:55.815 I/AnebProbe(22981): ADAPTER_EVT type=content cls=androidx.recyclerview.widget.RecyclerView desc=null txt_len=0 pkg=com.larus.nova t_boot_ns=648504846012766
08-30 14:08:55.916 I/AnebProbe(22981): ADAPTER_EVT type=content cls=androidx.recyclerview.widget.RecyclerView desc=null txt_len=0 pkg=com.larus.nova t_boot_ns=648504947379433
08-30 14:08:56.016 I/AnebProbe(22981): ADAPTER_EVT type=content cls=androidx.recyclerview.widget.RecyclerView desc=null txt_len=0 pkg=com.larus.nova t_boot_ns=648505047480995
08-30 14:08:56.143 I/AnebProbe(22981): ADAPTER_EVT type=content cls=androidx.recyclerview.widget.RecyclerView desc=null txt_len=0 pkg=com.larus.nova t_boot_ns=648505174653391
08-30 14:08:56.229 I/AnebProbe(22981): ADAPTER_EVT type=content cls=androidx.recyclerview.widget.RecyclerView desc=null txt_len=0 pkg=com.larus.nova t_boot_ns=648505260170578
08-30 14:08:56.514 I/AnebProbe(22981): ADAPTER_EVT type=content cls=androidx.drawerlayout.widget.DrawerLayout desc=null txt_len=0 pkg=com.larus.nova t_boot_ns=648505544917453
08-30 14:08:56.614 I/AnebProbe(22981): ADAPTER_EVT type=content cls=androidx.drawerlayout.widget.DrawerLayout desc=null txt_len=0 pkg=com.larus.nova t_boot_ns=648505644974224
08-30 14:08:56.714 I/AnebProbe(22981): ADAPTER_EVT type=content cls=androidx.recyclerview.widget.RecyclerView desc=null txt_len=0 pkg=com.larus.nova t_boot_ns=648505745489328
08-30 14:08:56.824 I/AnebProbe(22981): ADAPTER_EVT type=content cls=androidx.drawerlayout.widget.DrawerLayout desc=null txt_len=0 pkg=com.larus.nova t_boot_ns=648505855210682
08-30 14:08:56.924 I/AnebProbe(22981): ADAPTER_EVT type=content cls=androidx.drawerlayout.widget.DrawerLayout desc=null txt_len=0 pkg=com.larus.nova t_boot_ns=648505955629432
08-30 14:08:57.222 I/AnebProbe(22981): ADAPTER_EVT type=content cls=androidx.drawerlayout.widget.DrawerLayout desc=null txt_len=0 pkg=com.larus.nova t_boot_ns=648506253041412
08-30 14:08:57.324 I/AnebProbe(22981): ADAPTER_EVT type=content cls=androidx.drawerlayout.widget.DrawerLayout desc=null txt_len=0 pkg=com.larus.nova t_boot_ns=648506355165370
08-30 14:09:29.779 I/AnebE4MARK(30875): E4MARK kind=answer_complete n=4
08-30 14:09:50.039 I/AnebProbe(22981): ADAPTER_EVT type=click cls=android.widget.ImageView desc=返回 txt_len=2 pkg=com.larus.nova t_boot_ns=648559070561716
08-30 14:09:50.040 I/AnebProbe(22981): ADAPTER_OBS pkg=com.larus.nova mode=doubao events=1156 rule_matched=194 first_delta_ms=0 cadence_p50_ms=19.0 session_span_ms=284554.1 confidence=LOW/INCONCLUSIVE reason=throttle ttft_send_ms=null anchor_source=null ttft_cluster_ms=7883.2 ttft_density_ms=null
08-30 14:09:50.140 I/AnebProbe(22981): ADAPTER_EVT type=content cls=androidx.drawerlayout.widget.DrawerLayout desc=null txt_len=0 pkg=com.larus.nova t_boot_ns=648559171312758
08-30 14:09:50.256 I/AnebProbe(22981): ADAPTER_EVT type=content cls=androidx.drawerlayout.widget.DrawerLayout desc=null txt_len=0 pkg=com.larus.nova t_boot_ns=648559287612758
08-30 14:09:50.372 I/AnebProbe(22981): ADAPTER_EVT type=content cls=androidx.drawerlayout.widget.DrawerLayout desc=null txt_len=0 pkg=com.larus.nova t_boot_ns=648559403173695
08-30 14:09:50.462 I/AnebProbe(22981): ADAPTER_EVT type=content cls=androidx.drawerlayout.widget.DrawerLayout desc=null txt_len=0 pkg=com.larus.nova t_boot_ns=648559493504945
08-30 14:09:51.746 I/AnebProbe(22981): ADAPTER_EVT type=click cls=android.widget.ImageView desc=创建新对话 txt_len=5 pkg=com.larus.nova t_boot_ns=648560777519007
08-30 14:09:51.756 I/AnebProbe(22981): ADAPTER_EVT type=content cls=android.widget.FrameLayout desc=null txt_len=0 pkg=com.larus.nova t_boot_ns=648560786212237
08-30 14:09:52.003 I/AnebProbe(22981): ADAPTER_EVT type=content cls=androidx.drawerlayout.widget.DrawerLayout desc=null txt_len=0 pkg=com.larus.nova t_boot_ns=648561034097653
08-30 14:09:52.154 I/AnebProbe(22981): ADAPTER_EVT type=content cls=androidx.drawerlayout.widget.DrawerLayout desc=null txt_len=0 pkg=com.larus.nova t_boot_ns=648561185371612
08-30 14:09:52.160 I/AnebProbe(22981): ADAPTER_EVT type=content cls=androidx.drawerlayout.widget.DrawerLayout desc=null txt_len=0 pkg=com.larus.nova t_boot_ns=648561191465362
08-30 14:09:52.231 I/AnebProbe(22981): ADAPTER_EVT type=content cls=android.view.ViewGroup desc=null txt_len=0 pkg=com.larus.nova t_boot_ns=648561262379945
08-30 14:09:52.300 I/AnebProbe(22981): ADAPTER_EVT type=content cls=android.view.ViewGroup desc=null txt_len=0 pkg=com.larus.nova t_boot_ns=648561331496611
08-30 14:09:52.401 I/AnebProbe(22981): ADAPTER_EVT type=content cls=android.view.ViewGroup desc=null txt_len=0 pkg=com.larus.nova t_boot_ns=648561432154424
08-30 14:09:52.501 I/AnebProbe(22981): ADAPTER_EVT type=content cls=androidx.drawerlayout.widget.DrawerLayout desc=null txt_len=0 pkg=com.larus.nova t_boot_ns=648561532488278
08-30 14:09:52.882 I/AnebProbe(22981): ADAPTER_EVT type=content cls=androidx.recyclerview.widget.RecyclerView desc=null txt_len=0 pkg=com.larus.nova t_boot_ns=648561912811195
08-30 14:09:52.974 I/AnebProbe(22981): ADAPTER_EVT type=content cls=android.view.ViewGroup desc=null txt_len=0 pkg=com.larus.nova t_boot_ns=648562005500778
08-30 14:09:53.075 I/AnebProbe(22981): ADAPTER_EVT type=content cls=android.view.ViewGroup desc=null txt_len=0 pkg=com.larus.nova t_boot_ns=648562106558070
08-30 14:09:53.199 I/AnebProbe(22981): ADAPTER_EVT type=content cls=android.view.ViewGroup desc=null txt_len=0 pkg=com.larus.nova t_boot_ns=648562230109111
08-30 14:09:53.298 I/AnebProbe(22981): ADAPTER_EVT type=content cls=android.view.ViewGroup desc=null txt_len=0 pkg=com.larus.nova t_boot_ns=648562329629424
08-30 14:09:53.405 I/AnebProbe(22981): ADAPTER_EVT type=content cls=android.view.ViewGroup desc=null txt_len=0 pkg=com.larus.nova t_boot_ns=648562436614320
08-30 14:09:53.506 I/AnebProbe(22981): ADAPTER_EVT type=content cls=android.view.ViewGroup desc=null txt_len=0 pkg=com.larus.nova t_boot_ns=648562537120049
08-30 14:09:53.606 I/AnebProbe(22981): ADAPTER_EVT type=content cls=androidx.drawerlayout.widget.DrawerLayout desc=null txt_len=0 pkg=com.larus.nova t_boot_ns=648562637072653
08-30 14:09:53.722 I/AnebProbe(22981): ADAPTER_EVT type=content cls=android.view.ViewGroup desc=null txt_len=0 pkg=com.larus.nova t_boot_ns=648562752820570
08-30 14:09:53.821 I/AnebProbe(22981): ADAPTER_EVT type=content cls=android.view.ViewGroup desc=null txt_len=0 pkg=com.larus.nova t_boot_ns=648562852589320
08-30 14:09:53.943 I/AnebProbe(22981): ADAPTER_EVT type=content cls=android.view.ViewGroup desc=null txt_len=0 pkg=com.larus.nova t_boot_ns=648562973949215
08-30 14:09:54.043 I/AnebProbe(22981): ADAPTER_EVT type=content cls=android.view.ViewGroup desc=null txt_len=0 pkg=com.larus.nova t_boot_ns=648563074854945
08-30 14:09:54.585 I/AnebProbe(22981): ADAPTER_EVT type=content cls=android.view.ViewGroup desc=新对话，打开设置页 txt_len=0 pkg=com.larus.nova t_boot_ns=648563616661715
08-30 14:09:54.688 I/AnebProbe(22981): ADAPTER_EVT type=content cls=android.view.ViewGroup desc=null txt_len=0 pkg=com.larus.nova t_boot_ns=648563719394007
08-30 14:09:54.804 I/AnebProbe(22981): ADAPTER_EVT type=content cls=android.view.ViewGroup desc=null txt_len=0 pkg=com.larus.nova t_boot_ns=648563835748174
08-30 14:09:54.906 I/AnebProbe(22981): ADAPTER_EVT type=content cls=android.view.ViewGroup desc=null txt_len=0 pkg=com.larus.nova t_boot_ns=648563937106507
08-30 14:09:55.022 I/AnebProbe(22981): ADAPTER_EVT type=content cls=android.view.ViewGroup desc=null txt_len=0 pkg=com.larus.nova t_boot_ns=648564053651299
08-30 14:09:55.134 I/AnebProbe(22981): ADAPTER_EVT type=content cls=android.view.ViewGroup desc=null txt_len=0 pkg=com.larus.nova t_boot_ns=648564165208069
08-30 14:09:55.134 I/AnebProbe(22981): ADAPTER_OBS pkg=com.larus.nova mode=doubao events=1186 rule_matched=195 first_delta_ms=0 cadence_p50_ms=96.3 session_span_ms=342364.2 confidence=LOW/INCONCLUSIVE reason=throttle ttft_send_ms=null anchor_source=null ttft_cluster_ms=7883.2 ttft_density_ms=null
08-30 14:09:55.234 I/AnebProbe(22981): ADAPTER_EVT type=content cls=android.view.ViewGroup desc=null txt_len=0 pkg=com.larus.nova t_boot_ns=648564265359111
08-30 14:09:55.333 I/AnebProbe(22981): ADAPTER_EVT type=content cls=android.view.ViewGroup desc=null txt_len=0 pkg=com.larus.nova t_boot_ns=648564364707028
08-30 14:09:55.434 I/AnebProbe(22981): ADAPTER_EVT type=content cls=android.view.ViewGroup desc=null txt_len=0 pkg=com.larus.nova t_boot_ns=648564465283069
08-30 14:09:55.552 I/AnebProbe(22981): ADAPTER_EVT type=content cls=android.view.ViewGroup desc=null txt_len=0 pkg=com.larus.nova t_boot_ns=648564583041403
08-30 14:09:55.654 I/AnebProbe(22981): ADAPTER_EVT type=content cls=android.view.ViewGroup desc=null txt_len=0 pkg=com.larus.nova t_boot_ns=648564684827861
08-30 14:09:55.779 I/AnebProbe(22981): ADAPTER_EVT type=content cls=android.view.ViewGroup desc=null txt_len=0 pkg=com.larus.nova t_boot_ns=648564810341403
08-30 14:09:55.882 I/AnebProbe(22981): ADAPTER_EVT type=content cls=android.view.ViewGroup desc=null txt_len=0 pkg=com.larus.nova t_boot_ns=648564913180465
08-30 14:09:55.939 I/AnebProbe(22981): ADAPTER_EVT type=content cls=android.view.ViewGroup desc=null txt_len=0 pkg=com.larus.nova t_boot_ns=648564970086194
08-30 14:09:55.939 I/AnebProbe(22981): ADAPTER_EVT type=content cls=android.widget.EditText desc=null txt_len=1 pkg=com.larus.nova t_boot_ns=648564970519007
08-30 14:09:55.945 I/AnebProbe(22981): ADAPTER_EVT type=content cls=android.view.ViewGroup desc=null txt_len=0 pkg=com.larus.nova t_boot_ns=648564976278382
08-30 14:09:55.986 I/AnebProbe(22981): ADAPTER_EVT type=content cls=android.view.ViewGroup desc=null txt_len=0 pkg=com.larus.nova t_boot_ns=648565017716403
08-30 14:09:55.987 I/AnebProbe(22981): ADAPTER_EVT type=content cls=android.widget.EditText desc=null txt_len=2 pkg=com.larus.nova t_boot_ns=648565018120569
08-30 14:09:56.003 I/AnebProbe(22981): ADAPTER_EVT type=content cls=android.view.ViewGroup desc=null txt_len=0 pkg=com.larus.nova t_boot_ns=648565033988278
08-30 14:09:56.003 I/AnebProbe(22981): ADAPTER_EVT type=content cls=android.widget.EditText desc=null txt_len=3 pkg=com.larus.nova t_boot_ns=648565034367444
08-30 14:09:56.020 I/AnebProbe(22981): ADAPTER_EVT type=content cls=android.view.ViewGroup desc=null txt_len=0 pkg=com.larus.nova t_boot_ns=648565051070048
08-30 14:09:56.020 I/AnebProbe(22981): ADAPTER_EVT type=content cls=android.widget.EditText desc=null txt_len=4 pkg=com.larus.nova t_boot_ns=648565051415361
08-30 14:09:56.036 I/AnebProbe(22981): ADAPTER_EVT type=content cls=android.view.ViewGroup desc=null txt_len=0 pkg=com.larus.nova t_boot_ns=648565067321090
08-30 14:09:56.036 I/AnebProbe(22981): ADAPTER_EVT type=content cls=android.widget.EditText desc=null txt_len=5 pkg=com.larus.nova t_boot_ns=648565067696611
08-30 14:09:56.051 I/AnebProbe(22981): ADAPTER_EVT type=content cls=android.view.ViewGroup desc=null txt_len=0 pkg=com.larus.nova t_boot_ns=648565082709632
08-30 14:09:56.052 I/AnebProbe(22981): ADAPTER_EVT type=content cls=android.widget.EditText desc=null txt_len=6 pkg=com.larus.nova t_boot_ns=648565083036194
08-30 14:09:56.067 I/AnebProbe(22981): ADAPTER_EVT type=content cls=android.view.ViewGroup desc=null txt_len=0 pkg=com.larus.nova t_boot_ns=648565098458069
08-30 14:09:56.067 I/AnebProbe(22981): ADAPTER_EVT type=content cls=android.widget.EditText desc=null txt_len=7 pkg=com.larus.nova t_boot_ns=648565098805465
08-30 14:09:56.119 I/AnebProbe(22981): ADAPTER_EVT type=content cls=android.view.ViewGroup desc=null txt_len=0 pkg=com.larus.nova t_boot_ns=648565150764319
08-30 14:09:56.120 I/AnebProbe(22981): ADAPTER_EVT type=content cls=android.widget.EditText desc=null txt_len=8 pkg=com.larus.nova t_boot_ns=648565151211715
08-30 14:09:56.140 I/AnebProbe(22981): ADAPTER_EVT type=content cls=android.view.ViewGroup desc=null txt_len=0 pkg=com.larus.nova t_boot_ns=648565171391923
08-30 14:09:56.140 I/AnebProbe(22981): ADAPTER_EVT type=content cls=android.widget.EditText desc=null txt_len=9 pkg=com.larus.nova t_boot_ns=648565171744007
08-30 14:09:56.153 I/AnebProbe(22981): ADAPTER_EVT type=content cls=android.view.ViewGroup desc=null txt_len=0 pkg=com.larus.nova t_boot_ns=648565184205465
08-30 14:09:56.153 I/AnebProbe(22981): ADAPTER_EVT type=content cls=android.widget.EditText desc=null txt_len=10 pkg=com.larus.nova t_boot_ns=648565184733590
08-30 14:09:56.170 I/AnebProbe(22981): ADAPTER_EVT type=content cls=android.view.ViewGroup desc=null txt_len=0 pkg=com.larus.nova t_boot_ns=648565200955465
08-30 14:09:56.170 I/AnebProbe(22981): ADAPTER_EVT type=content cls=android.widget.EditText desc=null txt_len=11 pkg=com.larus.nova t_boot_ns=648565201539840
08-30 14:09:56.186 I/AnebProbe(22981): ADAPTER_EVT type=content cls=android.view.ViewGroup desc=null txt_len=0 pkg=com.larus.nova t_boot_ns=648565217805986
08-30 14:09:56.187 I/AnebProbe(22981): ADAPTER_EVT type=content cls=android.widget.EditText desc=null txt_len=12 pkg=com.larus.nova t_boot_ns=648565218269528
08-30 14:09:56.210 I/AnebProbe(22981): ADAPTER_EVT type=content cls=android.view.ViewGroup desc=null txt_len=0 pkg=com.larus.nova t_boot_ns=648565240892444
08-30 14:09:56.210 I/AnebProbe(22981): ADAPTER_EVT type=content cls=android.widget.EditText desc=null txt_len=13 pkg=com.larus.nova t_boot_ns=648565241424736
08-30 14:09:56.224 I/AnebProbe(22981): ADAPTER_EVT type=content cls=android.widget.EditText desc=null txt_len=14 pkg=com.larus.nova t_boot_ns=648565255578382
08-30 14:09:56.243 I/AnebProbe(22981): ADAPTER_EVT type=content cls=android.view.ViewGroup desc=null txt_len=0 pkg=com.larus.nova t_boot_ns=648565274636715
08-30 14:09:56.244 I/AnebProbe(22981): ADAPTER_EVT type=content cls=android.widget.EditText desc=null txt_len=15 pkg=com.larus.nova t_boot_ns=648565275066403
08-30 14:09:56.252 I/AnebProbe(22981): ADAPTER_EVT type=content cls=android.widget.EditText desc=null txt_len=16 pkg=com.larus.nova t_boot_ns=648565283230986
08-30 14:09:56.271 I/AnebProbe(22981): ADAPTER_EVT type=content cls=android.view.ViewGroup desc=null txt_len=0 pkg=com.larus.nova t_boot_ns=648565301982548
08-30 14:09:56.271 I/AnebProbe(22981): ADAPTER_EVT type=content cls=android.widget.EditText desc=null txt_len=17 pkg=com.larus.nova t_boot_ns=648565302375257
08-30 14:09:56.293 I/AnebProbe(22981): ADAPTER_EVT type=content cls=android.view.ViewGroup desc=null txt_len=0 pkg=com.larus.nova t_boot_ns=648565324413798
08-30 14:09:56.294 I/AnebProbe(22981): ADAPTER_EVT type=content cls=android.widget.EditText desc=null txt_len=18 pkg=com.larus.nova t_boot_ns=648565324892965
08-30 14:09:56.304 I/AnebProbe(22981): ADAPTER_EVT type=content cls=android.widget.EditText desc=null txt_len=19 pkg=com.larus.nova t_boot_ns=648565335212236
08-30 14:09:56.327 I/AnebProbe(22981): ADAPTER_EVT type=content cls=android.view.ViewGroup desc=null txt_len=0 pkg=com.larus.nova t_boot_ns=648565358223694
08-30 14:09:56.327 I/AnebProbe(22981): ADAPTER_EVT type=content cls=android.widget.EditText desc=null txt_len=20 pkg=com.larus.nova t_boot_ns=648565358711194
08-30 14:09:56.337 I/AnebProbe(22981): ADAPTER_EVT type=content cls=android.widget.EditText desc=null txt_len=21 pkg=com.larus.nova t_boot_ns=648565368049736
08-30 14:09:56.360 I/AnebProbe(22981): ADAPTER_EVT type=content cls=android.view.ViewGroup desc=null txt_len=0 pkg=com.larus.nova t_boot_ns=648565391493486
08-30 14:09:56.361 I/AnebProbe(22981): ADAPTER_EVT type=content cls=android.widget.EditText desc=null txt_len=22 pkg=com.larus.nova t_boot_ns=648565392291403
08-30 14:09:56.370 I/AnebProbe(22981): ADAPTER_EVT type=content cls=android.widget.EditText desc=null txt_len=23 pkg=com.larus.nova t_boot_ns=648565401389840
08-30 14:09:56.393 I/AnebProbe(22981): ADAPTER_EVT type=content cls=android.view.ViewGroup desc=null txt_len=0 pkg=com.larus.nova t_boot_ns=648565424311715
08-30 14:09:56.393 I/AnebProbe(22981): ADAPTER_EVT type=content cls=android.widget.EditText desc=null txt_len=24 pkg=com.larus.nova t_boot_ns=648565424764319
08-30 14:09:56.403 I/AnebProbe(22981): ADAPTER_EVT type=content cls=android.widget.EditText desc=null txt_len=25 pkg=com.larus.nova t_boot_ns=648565433930986
08-30 14:09:56.426 I/AnebProbe(22981): ADAPTER_EVT type=content cls=android.view.ViewGroup desc=null txt_len=0 pkg=com.larus.nova t_boot_ns=648565457353903
08-30 14:09:56.426 I/AnebProbe(22981): ADAPTER_EVT type=content cls=android.widget.EditText desc=null txt_len=26 pkg=com.larus.nova t_boot_ns=648565457858069
08-30 14:09:56.449 I/AnebProbe(22981): ADAPTER_EVT type=content cls=android.view.ViewGroup desc=null txt_len=0 pkg=com.larus.nova t_boot_ns=648565480185673
08-30 14:09:56.450 I/AnebProbe(22981): ADAPTER_EVT type=content cls=android.widget.EditText desc=null txt_len=27 pkg=com.larus.nova t_boot_ns=648565480944528
08-30 14:09:56.476 I/AnebProbe(22981): ADAPTER_EVT type=content cls=android.view.ViewGroup desc=null txt_len=0 pkg=com.larus.nova t_boot_ns=648565507364840
08-30 14:09:56.476 I/AnebProbe(22981): ADAPTER_EVT type=content cls=android.widget.EditText desc=null txt_len=28 pkg=com.larus.nova t_boot_ns=648565507857548
08-30 14:09:56.485 I/AnebProbe(22981): ADAPTER_EVT type=content cls=android.widget.EditText desc=null txt_len=29 pkg=com.larus.nova t_boot_ns=648565516752861
08-30 14:09:56.501 I/AnebProbe(22981): ADAPTER_EVT type=content cls=android.view.ViewGroup desc=null txt_len=0 pkg=com.larus.nova t_boot_ns=648565532410153
08-30 14:09:56.502 I/AnebProbe(22981): ADAPTER_EVT type=content cls=android.widget.EditText desc=null txt_len=30 pkg=com.larus.nova t_boot_ns=648565532923173
08-30 14:09:56.518 I/AnebProbe(22981): ADAPTER_EVT type=content cls=android.view.ViewGroup desc=null txt_len=0 pkg=com.larus.nova t_boot_ns=648565549417444
08-30 14:09:56.518 I/AnebProbe(22981): ADAPTER_EVT type=content cls=android.widget.EditText desc=null txt_len=31 pkg=com.larus.nova t_boot_ns=648565549789319
08-30 14:09:56.540 I/AnebProbe(22981): ADAPTER_EVT type=content cls=android.view.ViewGroup desc=null txt_len=0 pkg=com.larus.nova t_boot_ns=648565571629423
08-30 14:09:56.541 I/AnebProbe(22981): ADAPTER_EVT type=content cls=android.widget.EditText desc=null txt_len=32 pkg=com.larus.nova t_boot_ns=648565572080465
08-30 14:09:56.549 I/AnebProbe(22981): ADAPTER_EVT type=content cls=android.widget.EditText desc=null txt_len=33 pkg=com.larus.nova t_boot_ns=648565580380465
08-30 14:09:56.566 I/AnebProbe(22981): ADAPTER_EVT type=content cls=android.view.ViewGroup desc=null txt_len=0 pkg=com.larus.nova t_boot_ns=648565598064319
08-30 14:09:56.568 I/AnebProbe(22981): ADAPTER_EVT type=content cls=android.widget.EditText desc=null txt_len=34 pkg=com.larus.nova t_boot_ns=648565599615882
08-30 14:09:56.583 I/AnebProbe(22981): ADAPTER_EVT type=content cls=android.view.ViewGroup desc=null txt_len=0 pkg=com.larus.nova t_boot_ns=648565614489319
08-30 14:09:56.583 I/AnebProbe(22981): ADAPTER_EVT type=content cls=android.widget.EditText desc=null txt_len=35 pkg=com.larus.nova t_boot_ns=648565614684111
08-30 14:09:56.608 I/AnebProbe(22981): ADAPTER_EVT type=content cls=android.view.ViewGroup desc=null txt_len=0 pkg=com.larus.nova t_boot_ns=648565639834111
08-30 14:09:56.608 I/AnebProbe(22981): ADAPTER_EVT type=content cls=android.widget.EditText desc=null txt_len=36 pkg=com.larus.nova t_boot_ns=648565640061194
08-30 14:09:56.614 I/AnebProbe(22981): ADAPTER_EVT type=content cls=android.widget.EditText desc=null txt_len=37 pkg=com.larus.nova t_boot_ns=648565646036194
08-30 14:09:56.631 I/AnebProbe(22981): ADAPTER_EVT type=content cls=android.view.ViewGroup desc=null txt_len=0 pkg=com.larus.nova t_boot_ns=648565662829944
08-30 14:09:56.631 I/AnebProbe(22981): ADAPTER_EVT type=content cls=android.widget.EditText desc=null txt_len=38 pkg=com.larus.nova t_boot_ns=648565663036194
08-30 14:09:56.645 I/AnebProbe(22981): ADAPTER_EVT type=content cls=android.view.ViewGroup desc=null txt_len=0 pkg=com.larus.nova t_boot_ns=648565676705986
08-30 14:09:56.646 I/AnebProbe(22981): ADAPTER_EVT type=content cls=android.widget.EditText desc=null txt_len=39 pkg=com.larus.nova t_boot_ns=648565677130986
08-30 14:09:56.659 I/AnebProbe(22981): ADAPTER_EVT type=content cls=android.view.ViewGroup desc=null txt_len=0 pkg=com.larus.nova t_boot_ns=648565690420048
08-30 14:09:56.659 I/AnebProbe(22981): ADAPTER_EVT type=content cls=android.widget.EditText desc=null txt_len=40 pkg=com.larus.nova t_boot_ns=648565690642965
08-30 14:09:56.665 I/AnebProbe(22981): ADAPTER_EVT type=content cls=android.widget.EditText desc=null txt_len=41 pkg=com.larus.nova t_boot_ns=648565696118486
08-30 14:09:56.678 I/AnebProbe(22981): ADAPTER_EVT type=content cls=android.view.ViewGroup desc=null txt_len=0 pkg=com.larus.nova t_boot_ns=648565709465882
08-30 14:09:56.678 I/AnebProbe(22981): ADAPTER_EVT type=content cls=android.widget.EditText desc=null txt_len=42 pkg=com.larus.nova t_boot_ns=648565709626298
08-30 14:09:56.684 I/AnebProbe(22981): ADAPTER_EVT type=content cls=android.widget.EditText desc=null txt_len=43 pkg=com.larus.nova t_boot_ns=648565715391923
08-30 14:09:56.698 I/AnebProbe(22981): ADAPTER_EVT type=content cls=android.view.ViewGroup desc=null txt_len=0 pkg=com.larus.nova t_boot_ns=648565729111715
08-30 14:09:56.698 I/AnebProbe(22981): ADAPTER_EVT type=content cls=android.widget.EditText desc=null txt_len=44 pkg=com.larus.nova t_boot_ns=648565729307027
08-30 14:09:56.711 I/AnebProbe(22981): ADAPTER_EVT type=content cls=android.view.ViewGroup desc=null txt_len=0 pkg=com.larus.nova t_boot_ns=648565742709111
08-30 14:09:56.711 I/AnebProbe(22981): ADAPTER_EVT type=content cls=android.widget.EditText desc=null txt_len=45 pkg=com.larus.nova t_boot_ns=648565742874736
08-30 14:09:56.717 I/AnebProbe(22981): ADAPTER_EVT type=content cls=android.widget.EditText desc=null txt_len=46 pkg=com.larus.nova t_boot_ns=648565748786715
08-30 14:09:56.731 I/AnebProbe(22981): ADAPTER_EVT type=content cls=android.view.ViewGroup desc=null txt_len=0 pkg=com.larus.nova t_boot_ns=648565762655986
08-30 14:09:56.731 I/AnebProbe(22981): ADAPTER_EVT type=content cls=android.widget.EditText desc=null txt_len=47 pkg=com.larus.nova t_boot_ns=648565762811194
08-30 14:09:56.744 I/AnebProbe(22981): ADAPTER_EVT type=content cls=android.view.ViewGroup desc=null txt_len=0 pkg=com.larus.nova t_boot_ns=648565775134111
08-30 14:09:56.744 I/AnebProbe(22981): ADAPTER_EVT type=content cls=android.widget.EditText desc=null txt_len=48 pkg=com.larus.nova t_boot_ns=648565775308590
08-30 14:09:56.749 I/AnebProbe(22981): ADAPTER_EVT type=content cls=android.widget.EditText desc=null txt_len=49 pkg=com.larus.nova t_boot_ns=648565780640361
08-30 14:09:56.761 I/AnebProbe(22981): ADAPTER_EVT type=content cls=android.view.ViewGroup desc=null txt_len=0 pkg=com.larus.nova t_boot_ns=648565792464840
08-30 14:09:56.761 I/AnebProbe(22981): ADAPTER_EVT type=content cls=android.widget.EditText desc=null txt_len=50 pkg=com.larus.nova t_boot_ns=648565792619527
08-30 14:09:56.766 I/AnebProbe(22981): ADAPTER_EVT type=content cls=android.widget.EditText desc=null txt_len=51 pkg=com.larus.nova t_boot_ns=648565798052340
08-30 14:09:56.779 I/AnebProbe(22981): ADAPTER_EVT type=content cls=android.view.ViewGroup desc=null txt_len=0 pkg=com.larus.nova t_boot_ns=648565810478902
08-30 14:09:56.779 I/AnebProbe(22981): ADAPTER_EVT type=content cls=android.widget.EditText desc=null txt_len=52 pkg=com.larus.nova t_boot_ns=648565810633069
08-30 14:09:56.791 I/AnebProbe(22981): ADAPTER_EVT type=content cls=android.view.ViewGroup desc=null txt_len=0 pkg=com.larus.nova t_boot_ns=648565822780986
08-30 14:09:56.791 I/AnebProbe(22981): ADAPTER_EVT type=content cls=android.widget.EditText desc=null txt_len=53 pkg=com.larus.nova t_boot_ns=648565822955465
08-30 14:09:56.797 I/AnebProbe(22981): ADAPTER_EVT type=content cls=android.widget.EditText desc=null txt_len=54 pkg=com.larus.nova t_boot_ns=648565828281507
08-30 14:09:56.811 I/AnebProbe(22981): ADAPTER_EVT type=content cls=android.view.ViewGroup desc=null txt_len=0 pkg=com.larus.nova t_boot_ns=648565842695569
08-30 14:09:56.811 I/AnebProbe(22981): ADAPTER_EVT type=content cls=android.widget.EditText desc=null txt_len=55 pkg=com.larus.nova t_boot_ns=648565842856507
08-30 14:09:56.828 I/AnebProbe(22981): ADAPTER_EVT type=content cls=android.view.ViewGroup desc=null txt_len=0 pkg=com.larus.nova t_boot_ns=648565859491923
08-30 14:09:56.828 I/AnebProbe(22981): ADAPTER_EVT type=content cls=android.widget.EditText desc=null txt_len=56 pkg=com.larus.nova t_boot_ns=648565859716923
08-30 14:09:56.842 I/AnebProbe(22981): ADAPTER_EVT type=content cls=android.view.ViewGroup desc=null txt_len=0 pkg=com.larus.nova t_boot_ns=648565873134111
08-30 14:09:56.842 I/AnebProbe(22981): ADAPTER_EVT type=content cls=android.widget.EditText desc=null txt_len=57 pkg=com.larus.nova t_boot_ns=648565873341402
08-30 14:09:56.848 I/AnebProbe(22981): ADAPTER_EVT type=content cls=android.widget.EditText desc=null txt_len=58 pkg=com.larus.nova t_boot_ns=648565879379423
08-30 14:09:56.862 I/AnebProbe(22981): ADAPTER_EVT type=content cls=android.view.ViewGroup desc=null txt_len=0 pkg=com.larus.nova t_boot_ns=648565893400257
08-30 14:09:56.862 I/AnebProbe(22981): ADAPTER_EVT type=content cls=android.widget.EditText desc=null txt_len=59 pkg=com.larus.nova t_boot_ns=648565893620569
08-30 14:09:56.878 I/AnebProbe(22981): ADAPTER_EVT type=content cls=android.view.ViewGroup desc=null txt_len=0 pkg=com.larus.nova t_boot_ns=648565909474736
08-30 14:09:56.878 I/AnebProbe(22981): ADAPTER_EVT type=content cls=android.widget.EditText desc=null txt_len=60 pkg=com.larus.nova t_boot_ns=648565909874215
08-30 14:09:56.904 I/AnebProbe(22981): ADAPTER_EVT type=content cls=android.view.ViewGroup desc=null txt_len=0 pkg=com.larus.nova t_boot_ns=648565935250777
08-30 14:09:56.904 I/AnebProbe(22981): ADAPTER_EVT type=content cls=android.widget.EditText desc=null txt_len=61 pkg=com.larus.nova t_boot_ns=648565935420048
08-30 14:09:56.911 I/AnebProbe(22981): ADAPTER_EVT type=content cls=android.widget.EditText desc=null txt_len=62 pkg=com.larus.nova t_boot_ns=648565942200777
08-30 14:09:56.927 I/AnebProbe(22981): ADAPTER_EVT type=content cls=android.view.ViewGroup desc=null txt_len=0 pkg=com.larus.nova t_boot_ns=648565959067965
08-30 14:09:56.928 I/AnebProbe(22981): ADAPTER_EVT type=content cls=android.widget.EditText desc=null txt_len=63 pkg=com.larus.nova t_boot_ns=648565959252340
08-30 14:09:56.940 I/AnebProbe(22981): ADAPTER_EVT type=content cls=android.view.ViewGroup desc=null txt_len=0 pkg=com.larus.nova t_boot_ns=648565971512236
08-30 14:09:56.940 I/AnebProbe(22981): ADAPTER_EVT type=content cls=android.widget.EditText desc=null txt_len=64 pkg=com.larus.nova t_boot_ns=648565971690882
08-30 14:09:56.945 I/AnebProbe(22981): ADAPTER_EVT type=content cls=android.widget.EditText desc=null txt_len=65 pkg=com.larus.nova t_boot_ns=648565976976298
08-30 14:09:56.958 I/AnebProbe(22981): ADAPTER_EVT type=content cls=android.view.ViewGroup desc=null txt_len=0 pkg=com.larus.nova t_boot_ns=648565989732548
08-30 14:09:56.958 I/AnebProbe(22981): ADAPTER_EVT type=content cls=android.widget.EditText desc=null txt_len=66 pkg=com.larus.nova t_boot_ns=648565989886194
08-30 14:09:56.964 I/AnebProbe(22981): ADAPTER_EVT type=content cls=android.widget.EditText desc=null txt_len=67 pkg=com.larus.nova t_boot_ns=648565995492965
08-30 14:09:56.976 I/AnebProbe(22981): ADAPTER_EVT type=content cls=android.view.ViewGroup desc=null txt_len=0 pkg=com.larus.nova t_boot_ns=648566007286715
08-30 14:09:56.976 I/AnebProbe(22981): ADAPTER_EVT type=content cls=android.widget.EditText desc=null txt_len=68 pkg=com.larus.nova t_boot_ns=648566007453382
08-30 14:09:56.982 I/AnebProbe(22981): ADAPTER_EVT type=content cls=android.widget.EditText desc=null txt_len=69 pkg=com.larus.nova t_boot_ns=648566013371090
08-30 14:09:56.994 I/AnebProbe(22981): ADAPTER_EVT type=content cls=android.view.ViewGroup desc=null txt_len=0 pkg=com.larus.nova t_boot_ns=648566025061194
08-30 14:09:56.994 I/AnebProbe(22981): ADAPTER_EVT type=content cls=android.widget.EditText desc=null txt_len=70 pkg=com.larus.nova t_boot_ns=648566025324736
08-30 14:09:56.999 I/AnebProbe(22981): ADAPTER_EVT type=content cls=android.widget.EditText desc=null txt_len=71 pkg=com.larus.nova t_boot_ns=648566030768486
08-30 14:09:57.002 I/AnebProbe(22981): ADAPTER_EVT type=content cls=android.view.ViewGroup desc=null txt_len=0 pkg=com.larus.nova t_boot_ns=648566033351298
08-30 14:09:57.012 I/AnebProbe(22981): ADAPTER_EVT type=content cls=android.view.ViewGroup desc=null txt_len=0 pkg=com.larus.nova t_boot_ns=648566043732548
08-30 14:09:57.012 I/AnebProbe(22981): ADAPTER_EVT type=content cls=android.widget.EditText desc=null txt_len=72 pkg=com.larus.nova t_boot_ns=648566043901298
08-30 14:09:57.025 I/AnebProbe(22981): ADAPTER_EVT type=content cls=android.view.ViewGroup desc=null txt_len=0 pkg=com.larus.nova t_boot_ns=648566056189840
08-30 14:09:57.025 I/AnebProbe(22981): ADAPTER_EVT type=content cls=android.widget.EditText desc=null txt_len=73 pkg=com.larus.nova t_boot_ns=648566056333590
08-30 14:09:57.030 I/AnebProbe(22981): ADAPTER_EVT type=content cls=android.widget.EditText desc=null txt_len=74 pkg=com.larus.nova t_boot_ns=648566061619007
08-30 14:09:57.042 I/AnebProbe(22981): ADAPTER_EVT type=content cls=android.view.ViewGroup desc=null txt_len=0 pkg=com.larus.nova t_boot_ns=648566073258069
08-30 14:09:57.042 I/AnebProbe(22981): ADAPTER_EVT type=content cls=android.widget.EditText desc=null txt_len=75 pkg=com.larus.nova t_boot_ns=648566073422132
08-30 14:09:57.047 I/AnebProbe(22981): ADAPTER_EVT type=content cls=android.widget.EditText desc=null txt_len=76 pkg=com.larus.nova t_boot_ns=648566078939840
08-30 14:09:57.060 I/AnebProbe(22981): ADAPTER_EVT type=content cls=android.view.ViewGroup desc=null txt_len=0 pkg=com.larus.nova t_boot_ns=648566091444007
08-30 14:09:57.060 I/AnebProbe(22981): ADAPTER_EVT type=content cls=android.widget.EditText desc=null txt_len=77 pkg=com.larus.nova t_boot_ns=648566091640361
08-30 14:09:57.073 I/AnebProbe(22981): ADAPTER_EVT type=content cls=android.view.ViewGroup desc=null txt_len=0 pkg=com.larus.nova t_boot_ns=648566104509632
08-30 14:09:57.073 I/AnebProbe(22981): ADAPTER_EVT type=content cls=android.widget.EditText desc=null txt_len=78 pkg=com.larus.nova t_boot_ns=648566104663277
08-30 14:09:57.081 I/AnebProbe(22981): ADAPTER_EVT type=content cls=android.widget.EditText desc=null txt_len=79 pkg=com.larus.nova t_boot_ns=648566112203902
08-30 14:09:57.093 I/AnebProbe(22981): ADAPTER_EVT type=content cls=android.view.ViewGroup desc=null txt_len=0 pkg=com.larus.nova t_boot_ns=648566124292444
08-30 14:09:57.093 I/AnebProbe(22981): ADAPTER_EVT type=content cls=android.widget.EditText desc=null txt_len=80 pkg=com.larus.nova t_boot_ns=648566124479423
08-30 14:09:57.106 I/AnebProbe(22981): ADAPTER_EVT type=content cls=android.view.ViewGroup desc=null txt_len=0 pkg=com.larus.nova t_boot_ns=648566137650777
08-30 14:09:57.106 I/AnebProbe(22981): ADAPTER_EVT type=content cls=android.widget.EditText desc=null txt_len=81 pkg=com.larus.nova t_boot_ns=648566137829944
08-30 14:09:57.112 I/AnebProbe(22981): ADAPTER_EVT type=content cls=android.widget.EditText desc=null txt_len=82 pkg=com.larus.nova t_boot_ns=648566143388798
08-30 14:09:57.125 I/AnebProbe(22981): ADAPTER_EVT type=content cls=android.view.ViewGroup desc=null txt_len=0 pkg=com.larus.nova t_boot_ns=648566156791402
08-30 14:09:57.125 I/AnebProbe(22981): ADAPTER_EVT type=content cls=android.widget.EditText desc=null txt_len=83 pkg=com.larus.nova t_boot_ns=648566156975777
08-30 14:09:57.131 I/AnebProbe(22981): ADAPTER_EVT type=content cls=android.widget.EditText desc=null txt_len=84 pkg=com.larus.nova t_boot_ns=648566162767444
08-30 14:09:57.144 I/AnebProbe(22981): ADAPTER_EVT type=content cls=android.view.ViewGroup desc=null txt_len=0 pkg=com.larus.nova t_boot_ns=648566175467444
08-30 14:09:57.144 I/AnebProbe(22981): ADAPTER_EVT type=content cls=android.widget.EditText desc=null txt_len=85 pkg=com.larus.nova t_boot_ns=648566175648694
08-30 14:09:57.158 I/AnebProbe(22981): ADAPTER_EVT type=content cls=android.view.ViewGroup desc=null txt_len=0 pkg=com.larus.nova t_boot_ns=648566189541402
08-30 14:09:57.158 I/AnebProbe(22981): ADAPTER_EVT type=content cls=android.widget.EditText desc=null txt_len=86 pkg=com.larus.nova t_boot_ns=648566189777340
08-30 14:09:57.164 I/AnebProbe(22981): ADAPTER_EVT type=content cls=android.widget.EditText desc=null txt_len=87 pkg=com.larus.nova t_boot_ns=648566195505465
08-30 14:09:57.178 I/AnebProbe(22981): ADAPTER_EVT type=content cls=android.view.ViewGroup desc=null txt_len=0 pkg=com.larus.nova t_boot_ns=648566209502861
08-30 14:09:57.178 I/AnebProbe(22981): ADAPTER_EVT type=content cls=android.widget.EditText desc=null txt_len=88 pkg=com.larus.nova t_boot_ns=648566209712236
08-30 14:09:57.194 I/AnebProbe(22981): ADAPTER_EVT type=content cls=android.view.ViewGroup desc=null txt_len=0 pkg=com.larus.nova t_boot_ns=648566225283069
08-30 14:09:57.194 I/AnebProbe(22981): ADAPTER_EVT type=content cls=android.widget.EditText desc=null txt_len=89 pkg=com.larus.nova t_boot_ns=648566225474215
08-30 14:09:57.302 I/AnebProbe(22981): ADAPTER_EVT type=content cls=android.view.ViewGroup desc=null txt_len=0 pkg=com.larus.nova t_boot_ns=648566333245569
08-30 14:09:57.405 I/AnebProbe(22981): ADAPTER_EVT type=content cls=android.view.ViewGroup desc=null txt_len=0 pkg=com.larus.nova t_boot_ns=648566435936194
08-30 14:09:57.519 I/AnebProbe(22981): ADAPTER_EVT type=content cls=android.view.ViewGroup desc=null txt_len=0 pkg=com.larus.nova t_boot_ns=648566550331507
08-30 14:09:57.623 I/AnebProbe(22981): ADAPTER_EVT type=content cls=android.view.ViewGroup desc=null txt_len=0 pkg=com.larus.nova t_boot_ns=648566654077861
08-30 14:09:57.742 I/AnebProbe(22981): ADAPTER_EVT type=content cls=android.view.ViewGroup desc=null txt_len=0 pkg=com.larus.nova t_boot_ns=648566773124736
08-30 14:09:57.857 I/AnebProbe(22981): ADAPTER_EVT type=content cls=android.view.ViewGroup desc=null txt_len=0 pkg=com.larus.nova t_boot_ns=648566887847652
08-30 14:09:57.959 I/AnebProbe(22981): ADAPTER_EVT type=content cls=android.view.ViewGroup desc=null txt_len=0 pkg=com.larus.nova t_boot_ns=648566990487756
08-30 14:09:58.075 I/AnebProbe(22981): ADAPTER_EVT type=content cls=android.view.ViewGroup desc=null txt_len=0 pkg=com.larus.nova t_boot_ns=648567106111715
08-30 14:09:58.185 I/AnebProbe(22981): ADAPTER_EVT type=content cls=android.view.ViewGroup desc=null txt_len=0 pkg=com.larus.nova t_boot_ns=648567216654944
08-30 14:09:58.302 I/AnebProbe(22981): ADAPTER_EVT type=content cls=android.view.ViewGroup desc=null txt_len=0 pkg=com.larus.nova t_boot_ns=648567333109111
08-30 14:09:58.421 I/AnebProbe(22981): ADAPTER_EVT type=content cls=android.view.ViewGroup desc=null txt_len=0 pkg=com.larus.nova t_boot_ns=648567452619006
08-30 14:09:58.543 I/AnebProbe(22981): ADAPTER_EVT type=content cls=android.view.ViewGroup desc=null txt_len=0 pkg=com.larus.nova t_boot_ns=648567574680986
08-30 14:09:58.650 I/AnebProbe(22981): ADAPTER_EVT type=content cls=android.view.ViewGroup desc=null txt_len=0 pkg=com.larus.nova t_boot_ns=648567680873694
08-30 14:09:58.749 I/AnebProbe(22981): ADAPTER_EVT type=content cls=android.view.ViewGroup desc=null txt_len=0 pkg=com.larus.nova t_boot_ns=648567780069527
08-30 14:09:58.852 I/AnebProbe(22981): ADAPTER_EVT type=content cls=android.view.ViewGroup desc=null txt_len=0 pkg=com.larus.nova t_boot_ns=648567883540360
08-30 14:09:58.962 I/AnebProbe(22981): ADAPTER_EVT type=content cls=android.view.ViewGroup desc=null txt_len=0 pkg=com.larus.nova t_boot_ns=648567992885673
08-30 14:09:59.065 I/AnebProbe(22981): ADAPTER_EVT type=content cls=android.view.ViewGroup desc=null txt_len=0 pkg=com.larus.nova t_boot_ns=648568096682548
08-30 14:09:59.185 I/AnebProbe(22981): ADAPTER_EVT type=content cls=android.view.ViewGroup desc=null txt_len=0 pkg=com.larus.nova t_boot_ns=648568216133590
08-30 14:09:59.198 I/AnebE4MARK(31034): E4MARK kind=turn_start n=5
08-30 14:09:59.299 I/AnebProbe(22981): ADAPTER_EVT type=content cls=android.view.ViewGroup desc=null txt_len=0 pkg=com.larus.nova t_boot_ns=648568330065360
08-30 14:09:59.337 I/AnebProbe(22981): ADAPTER_EVT type=content cls=android.view.ViewGroup desc=null txt_len=0 pkg=com.larus.nova t_boot_ns=648568368716402
08-30 14:09:59.371 I/AnebProbe(22981): ADAPTER_EVT type=content cls=android.view.ViewGroup desc=null txt_len=0 pkg=com.larus.nova t_boot_ns=648568401957027
08-30 14:09:59.482 I/AnebProbe(22981): ADAPTER_EVT type=content cls=android.view.ViewGroup desc=null txt_len=0 pkg=com.larus.nova t_boot_ns=648568513740360
08-30 14:09:59.735 I/AnebProbe(22981): ADAPTER_EVT type=content cls=androidx.drawerlayout.widget.DrawerLayout desc=null txt_len=0 pkg=com.larus.nova t_boot_ns=648568766921090
08-30 14:09:59.837 I/AnebProbe(22981): ADAPTER_EVT type=content cls=androidx.drawerlayout.widget.DrawerLayout desc=null txt_len=0 pkg=com.larus.nova t_boot_ns=648568868206506
08-30 14:10:00.155 I/AnebProbe(22981): ADAPTER_EVT type=content cls=androidx.drawerlayout.widget.DrawerLayout desc=null txt_len=0 pkg=com.larus.nova t_boot_ns=648569186104944
08-30 14:10:00.156 I/AnebProbe(22981): ADAPTER_OBS pkg=com.larus.nova mode=doubao events=1371 rule_matched=195 first_delta_ms=0 cadence_p50_ms=15.9 session_span_ms=347385.1 confidence=LOW/INCONCLUSIVE reason=throttle ttft_send_ms=null anchor_source=null ttft_cluster_ms=null ttft_density_ms=null
08-30 14:10:00.335 I/AnebProbe(22981): ADAPTER_EVT type=content cls=androidx.drawerlayout.widget.DrawerLayout desc=null txt_len=0 pkg=com.larus.nova t_boot_ns=648569366488277
08-30 14:10:00.435 I/AnebProbe(22981): ADAPTER_EVT type=content cls=androidx.drawerlayout.widget.DrawerLayout desc=null txt_len=0 pkg=com.larus.nova t_boot_ns=648569466444527
08-30 14:10:00.534 I/AnebProbe(22981): ADAPTER_EVT type=content cls=android.widget.TextView desc=null txt_len=0 pkg=com.larus.nova t_boot_ns=648569565807027
08-30 14:10:01.166 I/AnebProbe(22981): ADAPTER_EVT type=content cls=androidx.drawerlayout.widget.DrawerLayout desc=null txt_len=0 pkg=com.larus.nova t_boot_ns=648570197024735
08-30 14:10:01.265 I/AnebProbe(22981): ADAPTER_EVT type=content cls=androidx.drawerlayout.widget.DrawerLayout desc=null txt_len=0 pkg=com.larus.nova t_boot_ns=648570296742964
08-30 14:10:01.365 I/AnebProbe(22981): ADAPTER_EVT type=content cls=androidx.drawerlayout.widget.DrawerLayout desc=null txt_len=0 pkg=com.larus.nova t_boot_ns=648570396765360
08-30 14:10:01.501 I/AnebProbe(22981): ADAPTER_EVT type=content cls=androidx.recyclerview.widget.RecyclerView desc=null txt_len=0 pkg=com.larus.nova t_boot_ns=648570532529423
08-30 14:10:01.597 I/AnebProbe(22981): ADAPTER_EVT type=content cls=androidx.recyclerview.widget.RecyclerView desc=null txt_len=0 pkg=com.larus.nova t_boot_ns=648570628814318
08-30 14:10:01.896 I/AnebProbe(22981): ADAPTER_EVT type=content cls=android.view.ViewGroup desc=Latest Stable Android Version 2024，打开设置页 txt_len=0 pkg=com.larus.nova t_boot_ns=648570927251818
08-30 14:10:02.140 I/AnebProbe(22981): ADAPTER_EVT type=content cls=androidx.drawerlayout.widget.DrawerLayout desc=null txt_len=0 pkg=com.larus.nova t_boot_ns=648571171067443
08-30 14:10:02.246 I/AnebProbe(22981): ADAPTER_EVT type=content cls=androidx.drawerlayout.widget.DrawerLayout desc=null txt_len=0 pkg=com.larus.nova t_boot_ns=648571277676297
08-30 14:10:02.892 I/AnebProbe(22981): ADAPTER_EVT type=content cls=androidx.recyclerview.widget.RecyclerView desc=null txt_len=0 pkg=com.larus.nova t_boot_ns=648571923709631
08-30 14:10:02.974 I/AnebProbe(22981): ADAPTER_EVT type=content cls=androidx.recyclerview.widget.RecyclerView desc=null txt_len=0 pkg=com.larus.nova t_boot_ns=648572005507027
08-30 14:10:03.000 I/AnebProbe(22981): ADAPTER_EVT type=content cls=androidx.recyclerview.widget.RecyclerView desc=null txt_len=0 pkg=com.larus.nova t_boot_ns=648572031478902
08-30 14:10:03.117 I/AnebProbe(22981): ADAPTER_EVT type=content cls=androidx.drawerlayout.widget.DrawerLayout desc=null txt_len=0 pkg=com.larus.nova t_boot_ns=648572148601818
08-30 14:10:03.226 I/AnebProbe(22981): ADAPTER_EVT type=content cls=androidx.drawerlayout.widget.DrawerLayout desc=null txt_len=0 pkg=com.larus.nova t_boot_ns=648572256828901
08-30 14:10:03.326 I/AnebProbe(22981): ADAPTER_EVT type=content cls=androidx.drawerlayout.widget.DrawerLayout desc=null txt_len=0 pkg=com.larus.nova t_boot_ns=648572356869006
08-30 14:10:03.425 I/AnebProbe(22981): ADAPTER_EVT type=content cls=androidx.recyclerview.widget.RecyclerView desc=null txt_len=0 pkg=com.larus.nova t_boot_ns=648572456505464
08-30 14:10:03.583 I/AnebProbe(22981): ADAPTER_EVT type=content cls=androidx.recyclerview.widget.RecyclerView desc=null txt_len=0 pkg=com.larus.nova t_boot_ns=648572614578381
08-30 14:10:03.674 I/AnebProbe(22981): ADAPTER_EVT type=content cls=androidx.recyclerview.widget.RecyclerView desc=null txt_len=0 pkg=com.larus.nova t_boot_ns=648572705136193
08-30 14:10:03.796 I/AnebProbe(22981): ADAPTER_EVT type=content cls=androidx.recyclerview.widget.RecyclerView desc=null txt_len=0 pkg=com.larus.nova t_boot_ns=648572827101818
08-30 14:10:03.884 I/AnebProbe(22981): ADAPTER_EVT type=content cls=androidx.recyclerview.widget.RecyclerView desc=null txt_len=0 pkg=com.larus.nova t_boot_ns=648572915679422
08-30 14:10:04.038 I/AnebProbe(22981): ADAPTER_EVT type=content cls=androidx.recyclerview.widget.RecyclerView desc=null txt_len=0 pkg=com.larus.nova t_boot_ns=648573069464839
08-30 14:10:04.150 I/AnebProbe(22981): ADAPTER_EVT type=content cls=androidx.drawerlayout.widget.DrawerLayout desc=null txt_len=0 pkg=com.larus.nova t_boot_ns=648573180977860
08-30 14:10:04.283 I/AnebProbe(22981): ADAPTER_EVT type=content cls=androidx.recyclerview.widget.RecyclerView desc=null txt_len=0 pkg=com.larus.nova t_boot_ns=648573314346089
08-30 14:10:04.384 I/AnebProbe(22981): ADAPTER_EVT type=content cls=androidx.recyclerview.widget.RecyclerView desc=null txt_len=0 pkg=com.larus.nova t_boot_ns=648573414240880
08-30 14:10:04.501 I/AnebProbe(22981): ADAPTER_EVT type=content cls=androidx.drawerlayout.widget.DrawerLayout desc=null txt_len=0 pkg=com.larus.nova t_boot_ns=648573531966401
08-30 14:10:04.601 I/AnebProbe(22981): ADAPTER_EVT type=content cls=androidx.recyclerview.widget.RecyclerView desc=null txt_len=0 pkg=com.larus.nova t_boot_ns=648573632406505
08-30 14:10:04.719 I/AnebProbe(22981): ADAPTER_EVT type=content cls=androidx.recyclerview.widget.RecyclerView desc=null txt_len=0 pkg=com.larus.nova t_boot_ns=648573750597130
08-30 14:10:04.818 I/AnebProbe(22981): ADAPTER_EVT type=content cls=androidx.recyclerview.widget.RecyclerView desc=null txt_len=0 pkg=com.larus.nova t_boot_ns=648573849619526
08-30 14:10:04.926 I/AnebProbe(22981): ADAPTER_EVT type=content cls=androidx.recyclerview.widget.RecyclerView desc=null txt_len=0 pkg=com.larus.nova t_boot_ns=648573956772651
08-30 14:10:05.031 I/AnebProbe(22981): ADAPTER_EVT type=content cls=androidx.recyclerview.widget.RecyclerView desc=null txt_len=0 pkg=com.larus.nova t_boot_ns=648574062573693
08-30 14:10:05.136 I/AnebProbe(22981): ADAPTER_EVT type=content cls=androidx.recyclerview.widget.RecyclerView desc=null txt_len=0 pkg=com.larus.nova t_boot_ns=648574167086193
08-30 14:10:05.246 I/AnebProbe(22981): ADAPTER_EVT type=content cls=androidx.recyclerview.widget.RecyclerView desc=null txt_len=0 pkg=com.larus.nova t_boot_ns=648574275616922
08-30 14:10:05.251 I/AnebProbe(22981): ADAPTER_OBS pkg=com.larus.nova mode=doubao events=1405 rule_matched=216 first_delta_ms=0 cadence_p50_ms=15.9 session_span_ms=352474.6 confidence=LOW/INCONCLUSIVE reason=throttle ttft_send_ms=null anchor_source=null ttft_cluster_ms=3863.8 ttft_density_ms=null
08-30 14:10:05.353 I/AnebProbe(22981): ADAPTER_EVT type=content cls=androidx.recyclerview.widget.RecyclerView desc=null txt_len=0 pkg=com.larus.nova t_boot_ns=648574384500255
08-30 14:10:05.466 I/AnebProbe(22981): ADAPTER_EVT type=content cls=androidx.recyclerview.widget.RecyclerView desc=null txt_len=0 pkg=com.larus.nova t_boot_ns=648574497794526
08-30 14:10:05.583 I/AnebProbe(22981): ADAPTER_EVT type=content cls=androidx.recyclerview.widget.RecyclerView desc=null txt_len=0 pkg=com.larus.nova t_boot_ns=648574614121089
08-30 14:10:05.691 I/AnebProbe(22981): ADAPTER_EVT type=content cls=androidx.recyclerview.widget.RecyclerView desc=null txt_len=0 pkg=com.larus.nova t_boot_ns=648574721942964
08-30 14:10:05.800 I/AnebProbe(22981): ADAPTER_EVT type=content cls=androidx.recyclerview.widget.RecyclerView desc=null txt_len=0 pkg=com.larus.nova t_boot_ns=648574830974734
08-30 14:10:05.910 I/AnebProbe(22981): ADAPTER_EVT type=content cls=androidx.recyclerview.widget.RecyclerView desc=null txt_len=0 pkg=com.larus.nova t_boot_ns=648574940966922
08-30 14:10:06.011 I/AnebProbe(22981): ADAPTER_EVT type=content cls=androidx.recyclerview.widget.RecyclerView desc=null txt_len=0 pkg=com.larus.nova t_boot_ns=648575042278901
08-30 14:10:06.125 I/AnebProbe(22981): ADAPTER_EVT type=content cls=androidx.recyclerview.widget.RecyclerView desc=null txt_len=0 pkg=com.larus.nova t_boot_ns=648575156507547
08-30 14:10:06.229 I/AnebProbe(22981): ADAPTER_EVT type=content cls=androidx.recyclerview.widget.RecyclerView desc=null txt_len=0 pkg=com.larus.nova t_boot_ns=648575260621089
08-30 14:10:06.341 I/AnebProbe(22981): ADAPTER_EVT type=content cls=androidx.recyclerview.widget.RecyclerView desc=null txt_len=0 pkg=com.larus.nova t_boot_ns=648575372219005
08-30 14:10:06.443 I/AnebProbe(22981): ADAPTER_EVT type=content cls=androidx.recyclerview.widget.RecyclerView desc=null txt_len=0 pkg=com.larus.nova t_boot_ns=648575473952859
08-30 14:10:06.556 I/AnebProbe(22981): ADAPTER_EVT type=content cls=androidx.recyclerview.widget.RecyclerView desc=null txt_len=0 pkg=com.larus.nova t_boot_ns=648575587408068
08-30 14:10:06.660 I/AnebProbe(22981): ADAPTER_EVT type=content cls=androidx.recyclerview.widget.RecyclerView desc=null txt_len=0 pkg=com.larus.nova t_boot_ns=648575691251818
08-30 14:10:06.772 I/AnebProbe(22981): ADAPTER_EVT type=content cls=androidx.recyclerview.widget.RecyclerView desc=null txt_len=0 pkg=com.larus.nova t_boot_ns=648575803289318
08-30 14:10:06.873 I/AnebProbe(22981): ADAPTER_EVT type=content cls=androidx.recyclerview.widget.RecyclerView desc=null txt_len=0 pkg=com.larus.nova t_boot_ns=648575904793484
08-30 14:10:06.988 I/AnebProbe(22981): ADAPTER_EVT type=content cls=androidx.recyclerview.widget.RecyclerView desc=null txt_len=0 pkg=com.larus.nova t_boot_ns=648576019062234
08-30 14:10:07.089 I/AnebProbe(22981): ADAPTER_EVT type=content cls=android.view.ViewGroup desc=null txt_len=0 pkg=com.larus.nova t_boot_ns=648576120449734
08-30 14:10:07.204 I/AnebProbe(22981): ADAPTER_EVT type=content cls=android.view.ViewGroup desc=null txt_len=0 pkg=com.larus.nova t_boot_ns=648576235430463
08-30 14:10:07.313 I/AnebProbe(22981): ADAPTER_EVT type=content cls=android.view.ViewGroup desc=null txt_len=0 pkg=com.larus.nova t_boot_ns=648576343992963
08-30 14:10:07.421 I/AnebProbe(22981): ADAPTER_EVT type=content cls=android.view.ViewGroup desc=null txt_len=0 pkg=com.larus.nova t_boot_ns=648576452312234
08-30 14:10:07.524 I/AnebProbe(22981): ADAPTER_EVT type=content cls=androidx.recyclerview.widget.RecyclerView desc=null txt_len=0 pkg=com.larus.nova t_boot_ns=648576555838276
08-30 14:10:08.121 I/AnebProbe(22981): ADAPTER_EVT type=content cls=androidx.recyclerview.widget.RecyclerView desc=null txt_len=0 pkg=com.larus.nova t_boot_ns=648577152373172
08-30 14:10:08.205 I/AnebProbe(22981): ADAPTER_EVT type=content cls=androidx.recyclerview.widget.RecyclerView desc=null txt_len=0 pkg=com.larus.nova t_boot_ns=648577236235151
08-30 14:10:08.313 I/AnebProbe(22981): ADAPTER_EVT type=content cls=androidx.recyclerview.widget.RecyclerView desc=null txt_len=0 pkg=com.larus.nova t_boot_ns=648577344426297
08-30 14:10:08.414 I/AnebProbe(22981): ADAPTER_EVT type=content cls=androidx.recyclerview.widget.RecyclerView desc=null txt_len=0 pkg=com.larus.nova t_boot_ns=648577444820567
08-30 14:10:08.696 I/AnebProbe(22981): ADAPTER_EVT type=content cls=androidx.drawerlayout.widget.DrawerLayout desc=null txt_len=0 pkg=com.larus.nova t_boot_ns=648577727699734
08-30 14:10:08.801 I/AnebProbe(22981): ADAPTER_EVT type=content cls=androidx.drawerlayout.widget.DrawerLayout desc=null txt_len=0 pkg=com.larus.nova t_boot_ns=648577832439317
08-30 14:10:08.903 I/AnebProbe(22981): ADAPTER_EVT type=content cls=androidx.recyclerview.widget.RecyclerView desc=null txt_len=0 pkg=com.larus.nova t_boot_ns=648577934293484
08-30 14:10:09.033 I/AnebProbe(22981): ADAPTER_EVT type=content cls=androidx.drawerlayout.widget.DrawerLayout desc=null txt_len=0 pkg=com.larus.nova t_boot_ns=648578064732026
08-30 14:10:09.133 I/AnebProbe(22981): ADAPTER_EVT type=content cls=androidx.drawerlayout.widget.DrawerLayout desc=null txt_len=0 pkg=com.larus.nova t_boot_ns=648578164286713
08-30 14:10:09.431 I/AnebProbe(22981): ADAPTER_EVT type=content cls=androidx.drawerlayout.widget.DrawerLayout desc=null txt_len=0 pkg=com.larus.nova t_boot_ns=648578462579942
08-30 14:10:09.531 I/AnebProbe(22981): ADAPTER_EVT type=content cls=androidx.drawerlayout.widget.DrawerLayout desc=null txt_len=0 pkg=com.larus.nova t_boot_ns=648578562585671
08-30 14:10:44.348 I/AnebE4MARK(31183): E4MARK kind=answer_complete n=5
08-30 14:11:04.733 I/AnebProbe(22981): ADAPTER_EVT type=click cls=android.widget.ImageView desc=返回 txt_len=2 pkg=com.larus.nova t_boot_ns=648633764341392
08-30 14:11:04.734 I/AnebProbe(22981): ADAPTER_OBS pkg=com.larus.nova mode=doubao events=1437 rule_matched=238 first_delta_ms=0 cadence_p50_ms=15.9 session_span_ms=356761.5 confidence=LOW/INCONCLUSIVE reason=throttle ttft_send_ms=null anchor_source=null ttft_cluster_ms=3863.8 ttft_density_ms=null
08-30 14:11:04.855 I/AnebProbe(22981): ADAPTER_EVT type=content cls=androidx.drawerlayout.widget.DrawerLayout desc=null txt_len=0 pkg=com.larus.nova t_boot_ns=648633886697121
08-30 14:11:04.971 I/AnebProbe(22981): ADAPTER_EVT type=content cls=androidx.drawerlayout.widget.DrawerLayout desc=null txt_len=0 pkg=com.larus.nova t_boot_ns=648634002701809
08-30 14:11:05.087 I/AnebProbe(22981): ADAPTER_EVT type=content cls=androidx.drawerlayout.widget.DrawerLayout desc=null txt_len=0 pkg=com.larus.nova t_boot_ns=648634118486184
08-30 14:11:05.160 I/AnebProbe(22981): ADAPTER_EVT type=content cls=androidx.drawerlayout.widget.DrawerLayout desc=null txt_len=0 pkg=com.larus.nova t_boot_ns=648634191860663
08-30 14:11:06.457 I/AnebProbe(22981): ADAPTER_EVT type=click cls=android.widget.ImageView desc=创建新对话 txt_len=5 pkg=com.larus.nova t_boot_ns=648635488286704
08-30 14:11:06.474 I/AnebProbe(22981): ADAPTER_EVT type=content cls=android.widget.FrameLayout desc=null txt_len=0 pkg=com.larus.nova t_boot_ns=648635505568475
08-30 14:11:06.684 I/AnebProbe(22981): ADAPTER_EVT type=content cls=androidx.drawerlayout.widget.DrawerLayout desc=null txt_len=0 pkg=com.larus.nova t_boot_ns=648635715830454
08-30 14:11:06.854 I/AnebProbe(22981): ADAPTER_EVT type=content cls=androidx.drawerlayout.widget.DrawerLayout desc=null txt_len=0 pkg=com.larus.nova t_boot_ns=648635886066392
08-30 14:11:06.868 I/AnebProbe(22981): ADAPTER_EVT type=content cls=androidx.drawerlayout.widget.DrawerLayout desc=null txt_len=0 pkg=com.larus.nova t_boot_ns=648635899861704
08-30 14:11:06.891 I/AnebProbe(22981): ADAPTER_EVT type=content cls=androidx.drawerlayout.widget.DrawerLayout desc=null txt_len=0 pkg=com.larus.nova t_boot_ns=648635922507017
08-30 14:11:07.000 I/AnebProbe(22981): ADAPTER_EVT type=content cls=android.view.ViewGroup desc=null txt_len=0 pkg=com.larus.nova t_boot_ns=648636030934621
08-30 14:11:07.100 I/AnebProbe(22981): ADAPTER_EVT type=content cls=android.view.ViewGroup desc=null txt_len=0 pkg=com.larus.nova t_boot_ns=648636131355975
08-30 14:11:07.200 I/AnebProbe(22981): ADAPTER_EVT type=content cls=androidx.drawerlayout.widget.DrawerLayout desc=null txt_len=0 pkg=com.larus.nova t_boot_ns=648636230891913
08-30 14:11:07.607 I/AnebProbe(22981): ADAPTER_EVT type=content cls=androidx.recyclerview.widget.RecyclerView desc=null txt_len=0 pkg=com.larus.nova t_boot_ns=648636638154933
08-30 14:11:07.707 I/AnebProbe(22981): ADAPTER_EVT type=content cls=android.view.ViewGroup desc=null txt_len=0 pkg=com.larus.nova t_boot_ns=648636737920037
08-30 14:11:07.807 I/AnebProbe(22981): ADAPTER_EVT type=content cls=android.view.ViewGroup desc=null txt_len=0 pkg=com.larus.nova t_boot_ns=648636838250767
08-30 14:11:07.913 I/AnebProbe(22981): ADAPTER_EVT type=content cls=android.view.ViewGroup desc=null txt_len=0 pkg=com.larus.nova t_boot_ns=648636944663787
08-30 14:11:08.014 I/AnebProbe(22981): ADAPTER_EVT type=content cls=android.view.ViewGroup desc=null txt_len=0 pkg=com.larus.nova t_boot_ns=648637045799725
08-30 14:11:08.122 I/AnebProbe(22981): ADAPTER_EVT type=content cls=android.view.ViewGroup desc=null txt_len=0 pkg=com.larus.nova t_boot_ns=648637152679412
08-30 14:11:08.242 I/AnebProbe(22981): ADAPTER_EVT type=content cls=android.view.ViewGroup desc=null txt_len=0 pkg=com.larus.nova t_boot_ns=648637272924204
08-30 14:11:08.344 I/AnebProbe(22981): ADAPTER_EVT type=content cls=android.view.ViewGroup desc=null txt_len=0 pkg=com.larus.nova t_boot_ns=648637374835142
08-30 14:11:08.445 I/AnebProbe(22981): ADAPTER_EVT type=content cls=android.view.ViewGroup desc=null txt_len=0 pkg=com.larus.nova t_boot_ns=648637476109100
08-30 14:11:08.553 I/AnebProbe(22981): ADAPTER_EVT type=content cls=androidx.drawerlayout.widget.DrawerLayout desc=null txt_len=0 pkg=com.larus.nova t_boot_ns=648637584490871
08-30 14:11:08.652 I/AnebProbe(22981): ADAPTER_EVT type=content cls=android.view.ViewGroup desc=null txt_len=0 pkg=com.larus.nova t_boot_ns=648637683760662
08-30 14:11:08.753 I/AnebProbe(22981): ADAPTER_EVT type=content cls=android.view.ViewGroup desc=null txt_len=0 pkg=com.larus.nova t_boot_ns=648637784683579
08-30 14:11:09.333 I/AnebProbe(22981): ADAPTER_EVT type=content cls=android.view.ViewGroup desc=新对话，打开设置页 txt_len=0 pkg=com.larus.nova t_boot_ns=648638364707016
08-30 14:11:09.451 I/AnebProbe(22981): ADAPTER_EVT type=content cls=android.view.ViewGroup desc=null txt_len=0 pkg=com.larus.nova t_boot_ns=648638482661704
08-30 14:11:09.563 I/AnebProbe(22981): ADAPTER_EVT type=content cls=android.view.ViewGroup desc=null txt_len=0 pkg=com.larus.nova t_boot_ns=648638594260662
08-30 14:11:09.669 I/AnebProbe(22981): ADAPTER_EVT type=content cls=android.view.ViewGroup desc=null txt_len=0 pkg=com.larus.nova t_boot_ns=648638700105454
08-30 14:11:09.770 I/AnebProbe(22981): ADAPTER_EVT type=content cls=android.view.ViewGroup desc=null txt_len=0 pkg=com.larus.nova t_boot_ns=648638801524725
08-30 14:11:09.771 I/AnebProbe(22981): ADAPTER_OBS pkg=com.larus.nova mode=doubao events=1466 rule_matched=239 first_delta_ms=0 cadence_p50_ms=22.0 session_span_ms=417000.5 confidence=LOW/INCONCLUSIVE reason=throttle ttft_send_ms=null anchor_source=null ttft_cluster_ms=3863.8 ttft_density_ms=null
08-30 14:11:09.883 I/AnebProbe(22981): ADAPTER_EVT type=content cls=android.view.ViewGroup desc=null txt_len=0 pkg=com.larus.nova t_boot_ns=648638914490870
08-30 14:11:09.983 I/AnebProbe(22981): ADAPTER_EVT type=content cls=android.view.ViewGroup desc=null txt_len=0 pkg=com.larus.nova t_boot_ns=648639014316912
08-30 14:11:10.084 I/AnebProbe(22981): ADAPTER_EVT type=content cls=android.view.ViewGroup desc=null txt_len=0 pkg=com.larus.nova t_boot_ns=648639115559100
08-30 14:11:10.197 I/AnebProbe(22981): ADAPTER_EVT type=content cls=android.view.ViewGroup desc=null txt_len=0 pkg=com.larus.nova t_boot_ns=648639228597641
08-30 14:11:10.298 I/AnebProbe(22981): ADAPTER_EVT type=content cls=android.view.ViewGroup desc=null txt_len=0 pkg=com.larus.nova t_boot_ns=648639329547120
08-30 14:11:10.401 I/AnebProbe(22981): ADAPTER_EVT type=content cls=android.view.ViewGroup desc=null txt_len=0 pkg=com.larus.nova t_boot_ns=648639432028891
08-30 14:11:10.504 I/AnebProbe(22981): ADAPTER_EVT type=content cls=android.view.ViewGroup desc=null txt_len=0 pkg=com.larus.nova t_boot_ns=648639535282537
08-30 14:11:10.618 I/AnebProbe(22981): ADAPTER_EVT type=content cls=android.view.ViewGroup desc=null txt_len=0 pkg=com.larus.nova t_boot_ns=648639649103370
08-30 14:11:10.701 I/AnebProbe(22981): ADAPTER_EVT type=content cls=android.view.ViewGroup desc=null txt_len=0 pkg=com.larus.nova t_boot_ns=648639731947641
08-30 14:11:10.701 I/AnebProbe(22981): ADAPTER_EVT type=content cls=android.widget.EditText desc=null txt_len=1 pkg=com.larus.nova t_boot_ns=648639732398683
08-30 14:11:10.707 I/AnebProbe(22981): ADAPTER_EVT type=content cls=android.view.ViewGroup desc=null txt_len=0 pkg=com.larus.nova t_boot_ns=648639737990350
08-30 14:11:10.754 I/AnebProbe(22981): ADAPTER_EVT type=content cls=android.view.ViewGroup desc=null txt_len=0 pkg=com.larus.nova t_boot_ns=648639784807016
08-30 14:11:10.754 I/AnebProbe(22981): ADAPTER_EVT type=content cls=android.widget.EditText desc=null txt_len=2 pkg=com.larus.nova t_boot_ns=648639785499725
08-30 14:11:10.779 I/AnebProbe(22981): ADAPTER_EVT type=content cls=android.view.ViewGroup desc=null txt_len=0 pkg=com.larus.nova t_boot_ns=648639810159620
08-30 14:11:10.779 I/AnebProbe(22981): ADAPTER_EVT type=content cls=android.widget.EditText desc=null txt_len=3 pkg=com.larus.nova t_boot_ns=648639810667954
08-30 14:11:10.800 I/AnebProbe(22981): ADAPTER_EVT type=content cls=android.view.ViewGroup desc=null txt_len=0 pkg=com.larus.nova t_boot_ns=648639831818475
08-30 14:11:10.801 I/AnebProbe(22981): ADAPTER_EVT type=content cls=android.widget.EditText desc=null txt_len=4 pkg=com.larus.nova t_boot_ns=648639832257537
08-30 14:11:10.822 I/AnebProbe(22981): ADAPTER_EVT type=content cls=android.view.ViewGroup desc=null txt_len=0 pkg=com.larus.nova t_boot_ns=648639853425766
08-30 14:11:10.822 I/AnebProbe(22981): ADAPTER_EVT type=content cls=android.widget.EditText desc=null txt_len=5 pkg=com.larus.nova t_boot_ns=648639853859100
08-30 14:11:10.843 I/AnebProbe(22981): ADAPTER_EVT type=content cls=android.view.ViewGroup desc=null txt_len=0 pkg=com.larus.nova t_boot_ns=648639874489308
08-30 14:11:10.843 I/AnebProbe(22981): ADAPTER_EVT type=content cls=android.widget.EditText desc=null txt_len=6 pkg=com.larus.nova t_boot_ns=648639874866391
08-30 14:11:10.852 I/AnebProbe(22981): ADAPTER_EVT type=content cls=android.widget.EditText desc=null txt_len=7 pkg=com.larus.nova t_boot_ns=648639882930454
08-30 14:11:10.870 I/AnebProbe(22981): ADAPTER_EVT type=content cls=android.view.ViewGroup desc=null txt_len=0 pkg=com.larus.nova t_boot_ns=648639901306495
08-30 14:11:10.870 I/AnebProbe(22981): ADAPTER_EVT type=content cls=android.widget.EditText desc=null txt_len=8 pkg=com.larus.nova t_boot_ns=648639901767433
08-30 14:11:10.894 I/AnebProbe(22981): ADAPTER_EVT type=content cls=android.view.ViewGroup desc=null txt_len=0 pkg=com.larus.nova t_boot_ns=648639925592433
08-30 14:11:10.895 I/AnebProbe(22981): ADAPTER_EVT type=content cls=android.widget.EditText desc=null txt_len=9 pkg=com.larus.nova t_boot_ns=648639926388787
08-30 14:11:10.903 I/AnebProbe(22981): ADAPTER_EVT type=content cls=android.widget.EditText desc=null txt_len=10 pkg=com.larus.nova t_boot_ns=648639934712745
08-30 14:11:10.927 I/AnebProbe(22981): ADAPTER_EVT type=content cls=android.view.ViewGroup desc=null txt_len=0 pkg=com.larus.nova t_boot_ns=648639958065870
08-30 14:11:10.927 I/AnebProbe(22981): ADAPTER_EVT type=content cls=android.widget.EditText desc=null txt_len=11 pkg=com.larus.nova t_boot_ns=648639958498683
08-30 14:11:10.936 I/AnebProbe(22981): ADAPTER_EVT type=content cls=android.widget.EditText desc=null txt_len=12 pkg=com.larus.nova t_boot_ns=648639967851808
08-30 14:11:10.960 I/AnebProbe(22981): ADAPTER_EVT type=content cls=android.view.ViewGroup desc=null txt_len=0 pkg=com.larus.nova t_boot_ns=648639991078891
08-30 14:11:10.960 I/AnebProbe(22981): ADAPTER_EVT type=content cls=android.widget.EditText desc=null txt_len=13 pkg=com.larus.nova t_boot_ns=648639991621599
08-30 14:11:10.968 I/AnebProbe(22981): ADAPTER_EVT type=content cls=android.widget.EditText desc=null txt_len=14 pkg=com.larus.nova t_boot_ns=648639999715349
08-30 14:11:10.999 I/AnebProbe(22981): ADAPTER_EVT type=content cls=android.view.ViewGroup desc=null txt_len=0 pkg=com.larus.nova t_boot_ns=648640030123162
08-30 14:11:10.999 I/AnebProbe(22981): ADAPTER_EVT type=content cls=android.widget.EditText desc=null txt_len=15 pkg=com.larus.nova t_boot_ns=648640030603891
08-30 14:11:11.032 I/AnebProbe(22981): ADAPTER_EVT type=content cls=android.view.ViewGroup desc=null txt_len=0 pkg=com.larus.nova t_boot_ns=648640063113787
08-30 14:11:11.032 I/AnebProbe(22981): ADAPTER_EVT type=content cls=android.widget.EditText desc=null txt_len=16 pkg=com.larus.nova t_boot_ns=648640063579412
08-30 14:11:11.049 I/AnebProbe(22981): ADAPTER_EVT type=content cls=android.view.ViewGroup desc=null txt_len=0 pkg=com.larus.nova t_boot_ns=648640080356495
08-30 14:11:11.049 I/AnebProbe(22981): ADAPTER_EVT type=content cls=android.widget.EditText desc=null txt_len=17 pkg=com.larus.nova t_boot_ns=648640080728891
08-30 14:11:11.075 I/AnebProbe(22981): ADAPTER_EVT type=content cls=android.view.ViewGroup desc=null txt_len=0 pkg=com.larus.nova t_boot_ns=648640105956495
08-30 14:11:11.075 I/AnebProbe(22981): ADAPTER_EVT type=content cls=android.widget.EditText desc=null txt_len=18 pkg=com.larus.nova t_boot_ns=648640106378891
08-30 14:11:11.083 I/AnebProbe(22981): ADAPTER_EVT type=content cls=android.widget.EditText desc=null txt_len=19 pkg=com.larus.nova t_boot_ns=648640114506495
08-30 14:11:11.103 I/AnebProbe(22981): ADAPTER_EVT type=content cls=android.view.ViewGroup desc=null txt_len=0 pkg=com.larus.nova t_boot_ns=648640134432016
08-30 14:11:11.103 I/AnebProbe(22981): ADAPTER_EVT type=content cls=android.widget.EditText desc=null txt_len=20 pkg=com.larus.nova t_boot_ns=648640134837224
08-30 14:11:11.126 I/AnebProbe(22981): ADAPTER_EVT type=content cls=android.view.ViewGroup desc=null txt_len=0 pkg=com.larus.nova t_boot_ns=648640157743474
08-30 14:11:11.127 I/AnebProbe(22981): ADAPTER_EVT type=content cls=android.widget.EditText desc=null txt_len=21 pkg=com.larus.nova t_boot_ns=648640158188266
08-30 14:11:11.136 I/AnebProbe(22981): ADAPTER_EVT type=content cls=android.widget.EditText desc=null txt_len=22 pkg=com.larus.nova t_boot_ns=648640167684099
08-30 14:11:11.160 I/AnebProbe(22981): ADAPTER_EVT type=content cls=android.view.ViewGroup desc=null txt_len=0 pkg=com.larus.nova t_boot_ns=648640191037224
08-30 14:11:11.160 I/AnebProbe(22981): ADAPTER_EVT type=content cls=android.widget.EditText desc=null txt_len=23 pkg=com.larus.nova t_boot_ns=648640191483579
08-30 14:11:11.169 I/AnebProbe(22981): ADAPTER_EVT type=content cls=android.widget.EditText desc=null txt_len=24 pkg=com.larus.nova t_boot_ns=648640200342433
08-30 14:11:11.192 I/AnebProbe(22981): ADAPTER_EVT type=content cls=android.view.ViewGroup desc=null txt_len=0 pkg=com.larus.nova t_boot_ns=648640223170037
08-30 14:11:11.192 I/AnebProbe(22981): ADAPTER_EVT type=content cls=android.widget.EditText desc=null txt_len=25 pkg=com.larus.nova t_boot_ns=648640223628891
08-30 14:11:11.202 I/AnebProbe(22981): ADAPTER_EVT type=content cls=android.widget.EditText desc=null txt_len=26 pkg=com.larus.nova t_boot_ns=648640233492954
08-30 14:11:11.229 I/AnebProbe(22981): ADAPTER_EVT type=content cls=android.view.ViewGroup desc=null txt_len=0 pkg=com.larus.nova t_boot_ns=648640260392433
08-30 14:11:11.230 I/AnebProbe(22981): ADAPTER_EVT type=content cls=android.widget.EditText desc=null txt_len=27 pkg=com.larus.nova t_boot_ns=648640260912224
08-30 14:11:11.259 I/AnebProbe(22981): ADAPTER_EVT type=content cls=android.view.ViewGroup desc=null txt_len=0 pkg=com.larus.nova t_boot_ns=648640289954412
08-30 14:11:11.259 I/AnebProbe(22981): ADAPTER_EVT type=content cls=android.widget.EditText desc=null txt_len=28 pkg=com.larus.nova t_boot_ns=648640290430454
08-30 14:11:11.267 I/AnebProbe(22981): ADAPTER_EVT type=content cls=android.widget.EditText desc=null txt_len=29 pkg=com.larus.nova t_boot_ns=648640298662224
08-30 14:11:11.292 I/AnebProbe(22981): ADAPTER_EVT type=content cls=android.view.ViewGroup desc=null txt_len=0 pkg=com.larus.nova t_boot_ns=648640323163787
08-30 14:11:11.292 I/AnebProbe(22981): ADAPTER_EVT type=content cls=android.widget.EditText desc=null txt_len=30 pkg=com.larus.nova t_boot_ns=648640323614829
08-30 14:11:11.302 I/AnebProbe(22981): ADAPTER_EVT type=content cls=android.widget.EditText desc=null txt_len=31 pkg=com.larus.nova t_boot_ns=648640333056495
08-30 14:11:11.323 I/AnebProbe(22981): ADAPTER_EVT type=content cls=android.view.ViewGroup desc=null txt_len=0 pkg=com.larus.nova t_boot_ns=648640355005454
08-30 14:11:11.324 I/AnebProbe(22981): ADAPTER_EVT type=content cls=android.widget.EditText desc=null txt_len=32 pkg=com.larus.nova t_boot_ns=648640355218474
08-30 14:11:11.332 I/AnebProbe(22981): ADAPTER_EVT type=content cls=android.widget.EditText desc=null txt_len=33 pkg=com.larus.nova t_boot_ns=648640363348162
08-30 14:11:11.351 I/AnebProbe(22981): ADAPTER_EVT type=content cls=android.view.ViewGroup desc=null txt_len=0 pkg=com.larus.nova t_boot_ns=648640382499724
08-30 14:11:11.351 I/AnebProbe(22981): ADAPTER_EVT type=content cls=android.widget.EditText desc=null txt_len=34 pkg=com.larus.nova t_boot_ns=648640382778891
08-30 14:11:11.373 I/AnebProbe(22981): ADAPTER_EVT type=content cls=android.view.ViewGroup desc=null txt_len=0 pkg=com.larus.nova t_boot_ns=648640404717433
08-30 14:11:11.374 I/AnebProbe(22981): ADAPTER_EVT type=content cls=android.widget.EditText desc=null txt_len=35 pkg=com.larus.nova t_boot_ns=648640405933579
08-30 14:11:11.381 I/AnebProbe(22981): ADAPTER_EVT type=content cls=android.widget.EditText desc=null txt_len=36 pkg=com.larus.nova t_boot_ns=648640412431495
08-30 14:11:11.398 I/AnebProbe(22981): ADAPTER_EVT type=content cls=android.view.ViewGroup desc=null txt_len=0 pkg=com.larus.nova t_boot_ns=648640429370558
08-30 14:11:11.398 I/AnebProbe(22981): ADAPTER_EVT type=content cls=android.widget.EditText desc=null txt_len=37 pkg=com.larus.nova t_boot_ns=648640429531495
08-30 14:11:11.412 I/AnebProbe(22981): ADAPTER_EVT type=content cls=android.view.ViewGroup desc=null txt_len=0 pkg=com.larus.nova t_boot_ns=648640443719516
08-30 14:11:11.412 I/AnebProbe(22981): ADAPTER_EVT type=content cls=android.widget.EditText desc=null txt_len=38 pkg=com.larus.nova t_boot_ns=648640443879933
08-30 14:11:11.426 I/AnebProbe(22981): ADAPTER_EVT type=content cls=android.view.ViewGroup desc=null txt_len=0 pkg=com.larus.nova t_boot_ns=648640457543474
08-30 14:11:11.427 I/AnebProbe(22981): ADAPTER_EVT type=content cls=android.widget.EditText desc=null txt_len=39 pkg=com.larus.nova t_boot_ns=648640457890349
08-30 14:11:11.432 I/AnebProbe(22981): ADAPTER_EVT type=content cls=android.widget.EditText desc=null txt_len=40 pkg=com.larus.nova t_boot_ns=648640463714829
08-30 14:11:11.445 I/AnebProbe(22981): ADAPTER_EVT type=content cls=android.view.ViewGroup desc=null txt_len=0 pkg=com.larus.nova t_boot_ns=648640476896599
08-30 14:11:11.445 I/AnebProbe(22981): ADAPTER_EVT type=content cls=android.widget.EditText desc=null txt_len=41 pkg=com.larus.nova t_boot_ns=648640477066912
08-30 14:11:11.459 I/AnebProbe(22981): ADAPTER_EVT type=content cls=android.view.ViewGroup desc=null txt_len=0 pkg=com.larus.nova t_boot_ns=648640490379933
08-30 14:11:11.459 I/AnebProbe(22981): ADAPTER_EVT type=content cls=android.widget.EditText desc=null txt_len=42 pkg=com.larus.nova t_boot_ns=648640490571079
08-30 14:11:11.465 I/AnebProbe(22981): ADAPTER_EVT type=content cls=android.widget.EditText desc=null txt_len=43 pkg=com.larus.nova t_boot_ns=648640496450245
08-30 14:11:11.478 I/AnebProbe(22981): ADAPTER_EVT type=content cls=android.view.ViewGroup desc=null txt_len=0 pkg=com.larus.nova t_boot_ns=648640509683058
08-30 14:11:11.478 I/AnebProbe(22981): ADAPTER_EVT type=content cls=android.widget.EditText desc=null txt_len=44 pkg=com.larus.nova t_boot_ns=648640509849724
08-30 14:11:11.492 I/AnebProbe(22981): ADAPTER_EVT type=content cls=android.view.ViewGroup desc=null txt_len=0 pkg=com.larus.nova t_boot_ns=648640523951808
08-30 14:11:11.493 I/AnebProbe(22981): ADAPTER_EVT type=content cls=android.widget.EditText desc=null txt_len=45 pkg=com.larus.nova t_boot_ns=648640524204412
08-30 14:11:11.498 I/AnebProbe(22981): ADAPTER_EVT type=content cls=android.widget.EditText desc=null txt_len=46 pkg=com.larus.nova t_boot_ns=648640529965870
08-30 14:11:11.511 I/AnebProbe(22981): ADAPTER_EVT type=content cls=android.view.ViewGroup desc=null txt_len=0 pkg=com.larus.nova t_boot_ns=648640542737745
08-30 14:11:11.511 I/AnebProbe(22981): ADAPTER_EVT type=content cls=android.widget.EditText desc=null txt_len=47 pkg=com.larus.nova t_boot_ns=648640543008579
08-30 14:11:11.517 I/AnebProbe(22981): ADAPTER_EVT type=content cls=android.widget.EditText desc=null txt_len=48 pkg=com.larus.nova t_boot_ns=648640548197641
08-30 14:11:11.529 I/AnebProbe(22981): ADAPTER_EVT type=content cls=android.view.ViewGroup desc=null txt_len=0 pkg=com.larus.nova t_boot_ns=648640560846599
08-30 14:11:11.530 I/AnebProbe(22981): ADAPTER_EVT type=content cls=android.widget.EditText desc=null txt_len=49 pkg=com.larus.nova t_boot_ns=648640561223683
08-30 14:11:11.543 I/AnebProbe(22981): ADAPTER_EVT type=content cls=android.view.ViewGroup desc=null txt_len=0 pkg=com.larus.nova t_boot_ns=648640574207016
08-30 14:11:11.543 I/AnebProbe(22981): ADAPTER_EVT type=content cls=android.widget.EditText desc=null txt_len=50 pkg=com.larus.nova t_boot_ns=648640574373162
08-30 14:11:11.548 I/AnebProbe(22981): ADAPTER_EVT type=content cls=android.widget.EditText desc=null txt_len=51 pkg=com.larus.nova t_boot_ns=648640579840349
08-30 14:11:11.561 I/AnebProbe(22981): ADAPTER_EVT type=content cls=android.view.ViewGroup desc=null txt_len=0 pkg=com.larus.nova t_boot_ns=648640592582016
08-30 14:11:11.562 I/AnebProbe(22981): ADAPTER_EVT type=content cls=android.widget.EditText desc=null txt_len=52 pkg=com.larus.nova t_boot_ns=648640593176808
08-30 14:11:11.575 I/AnebProbe(22981): ADAPTER_EVT type=content cls=android.view.ViewGroup desc=null txt_len=0 pkg=com.larus.nova t_boot_ns=648640606654412
08-30 14:11:11.576 I/AnebProbe(22981): ADAPTER_EVT type=content cls=android.widget.EditText desc=null txt_len=53 pkg=com.larus.nova t_boot_ns=648640607178891
08-30 14:11:11.581 I/AnebProbe(22981): ADAPTER_EVT type=content cls=android.widget.EditText desc=null txt_len=54 pkg=com.larus.nova t_boot_ns=648640612647120
08-30 14:11:11.595 I/AnebProbe(22981): ADAPTER_EVT type=content cls=android.view.ViewGroup desc=null txt_len=0 pkg=com.larus.nova t_boot_ns=648640627037224
08-30 14:11:11.596 I/AnebProbe(22981): ADAPTER_EVT type=content cls=android.widget.EditText desc=null txt_len=55 pkg=com.larus.nova t_boot_ns=648640627642954
08-30 14:11:11.614 I/AnebProbe(22981): ADAPTER_EVT type=content cls=android.view.ViewGroup desc=null txt_len=0 pkg=com.larus.nova t_boot_ns=648640645493995
08-30 14:11:11.615 I/AnebProbe(22981): ADAPTER_EVT type=content cls=android.widget.EditText desc=null txt_len=56 pkg=com.larus.nova t_boot_ns=648640646445037
08-30 14:11:11.641 I/AnebProbe(22981): ADAPTER_EVT type=content cls=android.view.ViewGroup desc=null txt_len=0 pkg=com.larus.nova t_boot_ns=648640672146599
08-30 14:11:11.641 I/AnebProbe(22981): ADAPTER_EVT type=content cls=android.widget.EditText desc=null txt_len=57 pkg=com.larus.nova t_boot_ns=648640672808058
08-30 14:11:11.648 I/AnebProbe(22981): ADAPTER_EVT type=content cls=android.widget.EditText desc=null txt_len=58 pkg=com.larus.nova t_boot_ns=648640679517433
08-30 14:11:11.664 I/AnebProbe(22981): ADAPTER_EVT type=content cls=android.view.ViewGroup desc=null txt_len=0 pkg=com.larus.nova t_boot_ns=648640695368474
08-30 14:11:11.664 I/AnebProbe(22981): ADAPTER_EVT type=content cls=android.widget.EditText desc=null txt_len=59 pkg=com.larus.nova t_boot_ns=648640695537745
08-30 14:11:11.677 I/AnebProbe(22981): ADAPTER_EVT type=content cls=android.view.ViewGroup desc=null txt_len=0 pkg=com.larus.nova t_boot_ns=648640708707537
08-30 14:11:11.677 I/AnebProbe(22981): ADAPTER_EVT type=content cls=android.widget.EditText desc=null txt_len=60 pkg=com.larus.nova t_boot_ns=648640708866912
08-30 14:11:11.689 I/AnebProbe(22981): ADAPTER_EVT type=content cls=android.view.ViewGroup desc=null txt_len=0 pkg=com.larus.nova t_boot_ns=648640720754933
08-30 14:11:11.689 I/AnebProbe(22981): ADAPTER_EVT type=content cls=android.widget.EditText desc=null txt_len=61 pkg=com.larus.nova t_boot_ns=648640720915349
08-30 14:11:11.695 I/AnebProbe(22981): ADAPTER_EVT type=content cls=android.widget.EditText desc=null txt_len=62 pkg=com.larus.nova t_boot_ns=648640726180974
08-30 14:11:11.707 I/AnebProbe(22981): ADAPTER_EVT type=content cls=android.view.ViewGroup desc=null txt_len=0 pkg=com.larus.nova t_boot_ns=648640738345558
08-30 14:11:11.707 I/AnebProbe(22981): ADAPTER_EVT type=content cls=android.widget.EditText desc=null txt_len=63 pkg=com.larus.nova t_boot_ns=648640738502849
08-30 14:11:11.712 I/AnebProbe(22981): ADAPTER_EVT type=content cls=android.widget.EditText desc=null txt_len=64 pkg=com.larus.nova t_boot_ns=648640743782016
08-30 14:11:11.725 I/AnebProbe(22981): ADAPTER_EVT type=content cls=android.view.ViewGroup desc=null txt_len=0 pkg=com.larus.nova t_boot_ns=648640756478891
08-30 14:11:11.725 I/AnebProbe(22981): ADAPTER_EVT type=content cls=android.widget.EditText desc=null txt_len=65 pkg=com.larus.nova t_boot_ns=648640756651287
08-30 14:11:11.731 I/AnebProbe(22981): ADAPTER_EVT type=content cls=android.widget.EditText desc=null txt_len=66 pkg=com.larus.nova t_boot_ns=648640762225766
08-30 14:11:11.743 I/AnebProbe(22981): ADAPTER_EVT type=content cls=android.view.ViewGroup desc=null txt_len=0 pkg=com.larus.nova t_boot_ns=648640774484620
08-30 14:11:11.743 I/AnebProbe(22981): ADAPTER_EVT type=content cls=android.widget.EditText desc=null txt_len=67 pkg=com.larus.nova t_boot_ns=648640774656495
08-30 14:11:11.749 I/AnebProbe(22981): ADAPTER_EVT type=content cls=android.widget.EditText desc=null txt_len=68 pkg=com.larus.nova t_boot_ns=648640780136704
08-30 14:11:11.760 I/AnebProbe(22981): ADAPTER_EVT type=content cls=android.view.ViewGroup desc=null txt_len=0 pkg=com.larus.nova t_boot_ns=648640792061183
08-30 14:11:11.761 I/AnebProbe(22981): ADAPTER_EVT type=content cls=android.widget.EditText desc=null txt_len=69 pkg=com.larus.nova t_boot_ns=648640792213787
08-30 14:11:11.774 I/AnebProbe(22981): ADAPTER_EVT type=content cls=android.view.ViewGroup desc=null txt_len=0 pkg=com.larus.nova t_boot_ns=648640805208579
08-30 14:11:11.774 I/AnebProbe(22981): ADAPTER_EVT type=content cls=android.widget.EditText desc=null txt_len=70 pkg=com.larus.nova t_boot_ns=648640805412224
08-30 14:11:11.779 I/AnebProbe(22981): ADAPTER_EVT type=content cls=android.widget.EditText desc=null txt_len=71 pkg=com.larus.nova t_boot_ns=648640810669516
08-30 14:11:11.782 I/AnebProbe(22981): ADAPTER_EVT type=content cls=android.view.ViewGroup desc=null txt_len=0 pkg=com.larus.nova t_boot_ns=648640813778370
08-30 14:11:11.795 I/AnebProbe(22981): ADAPTER_EVT type=content cls=android.view.ViewGroup desc=null txt_len=0 pkg=com.larus.nova t_boot_ns=648640826212224
08-30 14:11:11.795 I/AnebProbe(22981): ADAPTER_EVT type=content cls=android.widget.EditText desc=null txt_len=72 pkg=com.larus.nova t_boot_ns=648640826411183
08-30 14:11:11.809 I/AnebProbe(22981): ADAPTER_EVT type=content cls=android.view.ViewGroup desc=null txt_len=0 pkg=com.larus.nova t_boot_ns=648640840672120
08-30 14:11:11.809 I/AnebProbe(22981): ADAPTER_EVT type=content cls=android.widget.EditText desc=null txt_len=73 pkg=com.larus.nova t_boot_ns=648640840849724
08-30 14:11:11.823 I/AnebProbe(22981): ADAPTER_EVT type=content cls=android.view.ViewGroup desc=null txt_len=0 pkg=com.larus.nova t_boot_ns=648640854414829
08-30 14:11:11.823 I/AnebProbe(22981): ADAPTER_EVT type=content cls=android.widget.EditText desc=null txt_len=74 pkg=com.larus.nova t_boot_ns=648640854618995
08-30 14:11:11.831 I/AnebProbe(22981): ADAPTER_EVT type=content cls=android.widget.EditText desc=null txt_len=75 pkg=com.larus.nova t_boot_ns=648640862445037
08-30 14:11:11.845 I/AnebProbe(22981): ADAPTER_EVT type=content cls=android.view.ViewGroup desc=null txt_len=0 pkg=com.larus.nova t_boot_ns=648640876600245
08-30 14:11:11.845 I/AnebProbe(22981): ADAPTER_EVT type=content cls=android.widget.EditText desc=null txt_len=76 pkg=com.larus.nova t_boot_ns=648640876785141
08-30 14:11:11.858 I/AnebProbe(22981): ADAPTER_EVT type=content cls=android.view.ViewGroup desc=null txt_len=0 pkg=com.larus.nova t_boot_ns=648640889674724
08-30 14:11:11.858 I/AnebProbe(22981): ADAPTER_EVT type=content cls=android.widget.EditText desc=null txt_len=77 pkg=com.larus.nova t_boot_ns=648640889857016
08-30 14:11:11.864 I/AnebProbe(22981): ADAPTER_EVT type=content cls=android.widget.EditText desc=null txt_len=78 pkg=com.larus.nova t_boot_ns=648640895874724
08-30 14:11:11.878 I/AnebProbe(22981): ADAPTER_EVT type=content cls=android.view.ViewGroup desc=null txt_len=0 pkg=com.larus.nova t_boot_ns=648640909284099
08-30 14:11:11.878 I/AnebProbe(22981): ADAPTER_EVT type=content cls=android.widget.EditText desc=null txt_len=79 pkg=com.larus.nova t_boot_ns=648640909440870
08-30 14:11:11.891 I/AnebProbe(22981): ADAPTER_EVT type=content cls=android.view.ViewGroup desc=null txt_len=0 pkg=com.larus.nova t_boot_ns=648640922708579
08-30 14:11:11.892 I/AnebProbe(22981): ADAPTER_EVT type=content cls=android.widget.EditText desc=null txt_len=80 pkg=com.larus.nova t_boot_ns=648640923291391
08-30 14:11:11.897 I/AnebProbe(22981): ADAPTER_EVT type=content cls=android.widget.EditText desc=null txt_len=81 pkg=com.larus.nova t_boot_ns=648640928802329
08-30 14:11:11.911 I/AnebProbe(22981): ADAPTER_EVT type=content cls=android.view.ViewGroup desc=null txt_len=0 pkg=com.larus.nova t_boot_ns=648640942251287
08-30 14:11:11.911 I/AnebProbe(22981): ADAPTER_EVT type=content cls=android.widget.EditText desc=null txt_len=82 pkg=com.larus.nova t_boot_ns=648640942411183
08-30 14:11:11.924 I/AnebProbe(22981): ADAPTER_EVT type=content cls=android.view.ViewGroup desc=null txt_len=0 pkg=com.larus.nova t_boot_ns=648640956059099
08-30 14:11:11.925 I/AnebProbe(22981): ADAPTER_EVT type=content cls=android.widget.EditText desc=null txt_len=83 pkg=com.larus.nova t_boot_ns=648640956230974
08-30 14:11:11.930 I/AnebProbe(22981): ADAPTER_EVT type=content cls=android.widget.EditText desc=null txt_len=84 pkg=com.larus.nova t_boot_ns=648640961500245
08-30 14:11:11.942 I/AnebProbe(22981): ADAPTER_EVT type=content cls=android.view.ViewGroup desc=null txt_len=0 pkg=com.larus.nova t_boot_ns=648640973492433
08-30 14:11:11.942 I/AnebProbe(22981): ADAPTER_EVT type=content cls=android.widget.EditText desc=null txt_len=85 pkg=com.larus.nova t_boot_ns=648640973649724
08-30 14:11:11.948 I/AnebProbe(22981): ADAPTER_EVT type=content cls=android.widget.EditText desc=null txt_len=86 pkg=com.larus.nova t_boot_ns=648640979219516
08-30 14:11:11.961 I/AnebProbe(22981): ADAPTER_EVT type=content cls=android.view.ViewGroup desc=null txt_len=0 pkg=com.larus.nova t_boot_ns=648640992528370
08-30 14:11:11.961 I/AnebProbe(22981): ADAPTER_EVT type=content cls=android.widget.EditText desc=null txt_len=87 pkg=com.larus.nova t_boot_ns=648640992706495
08-30 14:11:11.976 I/AnebProbe(22981): ADAPTER_EVT type=content cls=android.view.ViewGroup desc=null txt_len=0 pkg=com.larus.nova t_boot_ns=648641007092953
08-30 14:11:11.976 I/AnebProbe(22981): ADAPTER_EVT type=content cls=android.widget.EditText desc=null txt_len=88 pkg=com.larus.nova t_boot_ns=648641007309620
08-30 14:11:11.990 I/AnebProbe(22981): ADAPTER_EVT type=content cls=android.view.ViewGroup desc=null txt_len=0 pkg=com.larus.nova t_boot_ns=648641021811703
08-30 14:11:11.990 I/AnebProbe(22981): ADAPTER_EVT type=content cls=android.widget.EditText desc=null txt_len=89 pkg=com.larus.nova t_boot_ns=648641021965870
08-30 14:11:12.103 I/AnebProbe(22981): ADAPTER_EVT type=content cls=android.view.ViewGroup desc=null txt_len=0 pkg=com.larus.nova t_boot_ns=648641134242433
08-30 14:11:12.204 I/AnebProbe(22981): ADAPTER_EVT type=content cls=android.view.ViewGroup desc=null txt_len=0 pkg=com.larus.nova t_boot_ns=648641234952849
08-30 14:11:12.304 I/AnebProbe(22981): ADAPTER_EVT type=content cls=android.view.ViewGroup desc=null txt_len=0 pkg=com.larus.nova t_boot_ns=648641335001287
08-30 14:11:12.413 I/AnebProbe(22981): ADAPTER_EVT type=content cls=android.view.ViewGroup desc=null txt_len=0 pkg=com.larus.nova t_boot_ns=648641443978370
08-30 14:11:12.521 I/AnebProbe(22981): ADAPTER_EVT type=content cls=android.view.ViewGroup desc=null txt_len=0 pkg=com.larus.nova t_boot_ns=648641552484620
08-30 14:11:12.620 I/AnebProbe(22981): ADAPTER_EVT type=content cls=android.view.ViewGroup desc=null txt_len=0 pkg=com.larus.nova t_boot_ns=648641651701808
08-30 14:11:12.724 I/AnebProbe(22981): ADAPTER_EVT type=content cls=android.view.ViewGroup desc=null txt_len=0 pkg=com.larus.nova t_boot_ns=648641755429412
08-30 14:11:12.827 I/AnebProbe(22981): ADAPTER_EVT type=content cls=android.view.ViewGroup desc=null txt_len=0 pkg=com.larus.nova t_boot_ns=648641856652328
08-30 14:11:12.940 I/AnebProbe(22981): ADAPTER_EVT type=content cls=android.view.ViewGroup desc=null txt_len=0 pkg=com.larus.nova t_boot_ns=648641971417433
08-30 14:11:13.054 I/AnebProbe(22981): ADAPTER_EVT type=content cls=android.view.ViewGroup desc=null txt_len=0 pkg=com.larus.nova t_boot_ns=648642085688266
08-30 14:11:13.166 I/AnebProbe(22981): ADAPTER_EVT type=content cls=android.view.ViewGroup desc=null txt_len=0 pkg=com.larus.nova t_boot_ns=648642197686703
08-30 14:11:13.282 I/AnebProbe(22981): ADAPTER_EVT type=content cls=android.view.ViewGroup desc=null txt_len=0 pkg=com.larus.nova t_boot_ns=648642312968474
08-30 14:11:13.389 I/AnebProbe(22981): ADAPTER_EVT type=content cls=android.view.ViewGroup desc=null txt_len=0 pkg=com.larus.nova t_boot_ns=648642419986703
08-30 14:11:13.499 I/AnebProbe(22981): ADAPTER_EVT type=content cls=android.view.ViewGroup desc=null txt_len=0 pkg=com.larus.nova t_boot_ns=648642529974203
08-30 14:11:13.603 I/AnebProbe(22981): ADAPTER_EVT type=content cls=android.view.ViewGroup desc=null txt_len=0 pkg=com.larus.nova t_boot_ns=648642634041391
08-30 14:11:13.717 I/AnebProbe(22981): ADAPTER_EVT type=content cls=android.view.ViewGroup desc=null txt_len=0 pkg=com.larus.nova t_boot_ns=648642748228370
08-30 14:11:13.818 I/AnebProbe(22981): ADAPTER_EVT type=content cls=android.view.ViewGroup desc=null txt_len=0 pkg=com.larus.nova t_boot_ns=648642849403370
08-30 14:11:13.930 I/AnebProbe(22981): ADAPTER_EVT type=content cls=android.view.ViewGroup desc=null txt_len=0 pkg=com.larus.nova t_boot_ns=648642961446078
08-30 14:11:14.024 I/AnebE4MARK(31327): E4MARK kind=turn_start n=6
08-30 14:11:14.045 I/AnebProbe(22981): ADAPTER_EVT type=content cls=android.view.ViewGroup desc=null txt_len=0 pkg=com.larus.nova t_boot_ns=648643076432537
08-30 14:11:14.146 I/AnebProbe(22981): ADAPTER_EVT type=content cls=android.view.ViewGroup desc=null txt_len=0 pkg=com.larus.nova t_boot_ns=648643176977849
08-30 14:11:14.191 I/AnebProbe(22981): ADAPTER_EVT type=content cls=android.view.ViewGroup desc=null txt_len=0 pkg=com.larus.nova t_boot_ns=648643222386182
08-30 14:11:14.243 I/AnebProbe(22981): ADAPTER_EVT type=content cls=android.view.ViewGroup desc=null txt_len=0 pkg=com.larus.nova t_boot_ns=648643274724724
08-30 14:11:14.342 I/AnebProbe(22981): ADAPTER_EVT type=content cls=android.view.ViewGroup desc=null txt_len=0 pkg=com.larus.nova t_boot_ns=648643374008578
08-30 14:11:14.635 I/AnebProbe(22981): ADAPTER_EVT type=content cls=androidx.drawerlayout.widget.DrawerLayout desc=null txt_len=0 pkg=com.larus.nova t_boot_ns=648643666553891
08-30 14:11:14.734 I/AnebProbe(22981): ADAPTER_EVT type=content cls=androidx.drawerlayout.widget.DrawerLayout desc=null txt_len=0 pkg=com.larus.nova t_boot_ns=648643765648161
08-30 14:11:14.982 I/AnebProbe(22981): ADAPTER_EVT type=content cls=androidx.drawerlayout.widget.DrawerLayout desc=null txt_len=0 pkg=com.larus.nova t_boot_ns=648644013783578
08-30 14:11:14.983 I/AnebProbe(22981): ADAPTER_OBS pkg=com.larus.nova mode=doubao events=1651 rule_matched=239 first_delta_ms=0 cadence_p50_ms=17.9 session_span_ms=422212.7 confidence=LOW/INCONCLUSIVE reason=throttle ttft_send_ms=null anchor_source=null ttft_cluster_ms=null ttft_density_ms=null
08-30 14:11:15.083 I/AnebProbe(22981): ADAPTER_EVT type=content cls=androidx.recyclerview.widget.RecyclerView desc=null txt_len=0 pkg=com.larus.nova t_boot_ns=648644114442953
08-30 14:11:15.204 I/AnebProbe(22981): ADAPTER_EVT type=content cls=androidx.drawerlayout.widget.DrawerLayout desc=null txt_len=0 pkg=com.larus.nova t_boot_ns=648644235507536
08-30 14:11:15.305 I/AnebProbe(22981): ADAPTER_EVT type=content cls=android.widget.TextView desc=null txt_len=0 pkg=com.larus.nova t_boot_ns=648644336024724
08-30 14:11:15.510 I/AnebProbe(22981): ADAPTER_EVT type=content cls=android.widget.FrameLayout desc=打电话 txt_len=0 pkg=com.larus.nova t_boot_ns=648644541378890
08-30 14:11:15.612 I/AnebProbe(22981): ADAPTER_EVT type=content cls=androidx.drawerlayout.widget.DrawerLayout desc=null txt_len=0 pkg=com.larus.nova t_boot_ns=648644643763786
08-30 14:11:16.332 I/AnebProbe(22981): ADAPTER_EVT type=content cls=androidx.recyclerview.widget.RecyclerView desc=null txt_len=0 pkg=com.larus.nova t_boot_ns=648645363057015
08-30 14:11:16.433 I/AnebProbe(22981): ADAPTER_EVT type=content cls=androidx.recyclerview.widget.RecyclerView desc=null txt_len=0 pkg=com.larus.nova t_boot_ns=648645464183057
08-30 14:11:17.046 I/AnebProbe(22981): ADAPTER_EVT type=content cls=android.view.ViewGroup desc=Latest Stable Android Version 2024，打开设置页 txt_len=0 pkg=com.larus.nova t_boot_ns=648646077490349
08-30 14:11:17.306 I/AnebProbe(22981): ADAPTER_EVT type=content cls=androidx.drawerlayout.widget.DrawerLayout desc=null txt_len=0 pkg=com.larus.nova t_boot_ns=648646337558057
08-30 14:11:17.405 I/AnebProbe(22981): ADAPTER_EVT type=content cls=androidx.drawerlayout.widget.DrawerLayout desc=null txt_len=0 pkg=com.larus.nova t_boot_ns=648646436133578
08-30 14:11:18.036 I/AnebProbe(22981): ADAPTER_EVT type=content cls=androidx.recyclerview.widget.RecyclerView desc=null txt_len=0 pkg=com.larus.nova t_boot_ns=648647067655453
08-30 14:11:18.104 I/AnebProbe(22981): ADAPTER_EVT type=content cls=androidx.recyclerview.widget.RecyclerView desc=null txt_len=0 pkg=com.larus.nova t_boot_ns=648647135495557
08-30 14:11:18.266 I/AnebProbe(22981): ADAPTER_EVT type=content cls=androidx.drawerlayout.widget.DrawerLayout desc=null txt_len=0 pkg=com.larus.nova t_boot_ns=648647297461703
08-30 14:11:18.382 I/AnebProbe(22981): ADAPTER_EVT type=content cls=androidx.drawerlayout.widget.DrawerLayout desc=null txt_len=0 pkg=com.larus.nova t_boot_ns=648647413538786
08-30 14:11:18.645 I/AnebProbe(22981): ADAPTER_EVT type=content cls=androidx.recyclerview.widget.RecyclerView desc=null txt_len=0 pkg=com.larus.nova t_boot_ns=648647676274723
08-30 14:11:18.738 I/AnebProbe(22981): ADAPTER_EVT type=content cls=androidx.recyclerview.widget.RecyclerView desc=null txt_len=0 pkg=com.larus.nova t_boot_ns=648647768776807
08-30 14:11:18.851 I/AnebProbe(22981): ADAPTER_EVT type=content cls=androidx.recyclerview.widget.RecyclerView desc=null txt_len=0 pkg=com.larus.nova t_boot_ns=648647882449723
08-30 14:11:18.951 I/AnebProbe(22981): ADAPTER_EVT type=content cls=androidx.recyclerview.widget.RecyclerView desc=null txt_len=0 pkg=com.larus.nova t_boot_ns=648647982286702
08-30 14:11:19.057 I/AnebProbe(22981): ADAPTER_EVT type=content cls=androidx.recyclerview.widget.RecyclerView desc=null txt_len=0 pkg=com.larus.nova t_boot_ns=648648087978890
08-30 14:11:19.250 I/AnebProbe(22981): ADAPTER_EVT type=content cls=androidx.recyclerview.widget.RecyclerView desc=null txt_len=0 pkg=com.larus.nova t_boot_ns=648648281732015
08-30 14:11:19.350 I/AnebProbe(22981): ADAPTER_EVT type=content cls=androidx.recyclerview.widget.RecyclerView desc=null txt_len=0 pkg=com.larus.nova t_boot_ns=648648381514827
08-30 14:11:19.456 I/AnebProbe(22981): ADAPTER_EVT type=content cls=androidx.recyclerview.widget.RecyclerView desc=null txt_len=0 pkg=com.larus.nova t_boot_ns=648648486896598
08-30 14:11:19.565 I/AnebProbe(22981): ADAPTER_EVT type=content cls=androidx.recyclerview.widget.RecyclerView desc=null txt_len=0 pkg=com.larus.nova t_boot_ns=648648596342432
08-30 14:11:19.674 I/AnebProbe(22981): ADAPTER_EVT type=content cls=androidx.recyclerview.widget.RecyclerView desc=null txt_len=0 pkg=com.larus.nova t_boot_ns=648648705115348
08-30 14:11:19.855 I/AnebProbe(22981): ADAPTER_EVT type=content cls=androidx.recyclerview.widget.RecyclerView desc=null txt_len=0 pkg=com.larus.nova t_boot_ns=648648885972640
08-30 14:11:19.950 I/AnebProbe(22981): ADAPTER_EVT type=content cls=androidx.recyclerview.widget.RecyclerView desc=null txt_len=0 pkg=com.larus.nova t_boot_ns=648648981654931
08-30 14:11:20.065 I/AnebProbe(22981): ADAPTER_EVT type=content cls=androidx.recyclerview.widget.RecyclerView desc=null txt_len=0 pkg=com.larus.nova t_boot_ns=648649096268473
08-30 14:11:20.070 I/AnebProbe(22981): ADAPTER_OBS pkg=com.larus.nova mode=doubao events=1678 rule_matched=258 first_delta_ms=0 cadence_p50_ms=17.9 session_span_ms=427295.2 confidence=LOW/INCONCLUSIVE reason=throttle ttft_send_ms=null anchor_source=null ttft_cluster_ms=4228.8 ttft_density_ms=null
08-30 14:11:20.164 I/AnebProbe(22981): ADAPTER_EVT type=content cls=androidx.recyclerview.widget.RecyclerView desc=null txt_len=0 pkg=com.larus.nova t_boot_ns=648649195101806
08-30 14:11:22.885 I/AnebProbe(22981): ADAPTER_EVT type=content cls=androidx.recyclerview.widget.RecyclerView desc=null txt_len=0 pkg=com.larus.nova t_boot_ns=648651916460660
08-30 14:11:22.980 I/AnebProbe(22981): ADAPTER_EVT type=content cls=androidx.recyclerview.widget.RecyclerView desc=null txt_len=0 pkg=com.larus.nova t_boot_ns=648652010989306
08-30 14:11:23.090 I/AnebProbe(22981): ADAPTER_EVT type=content cls=androidx.recyclerview.widget.RecyclerView desc=null txt_len=0 pkg=com.larus.nova t_boot_ns=648652120802848
08-30 14:11:23.181 I/AnebProbe(22981): ADAPTER_EVT type=content cls=androidx.recyclerview.widget.RecyclerView desc=null txt_len=0 pkg=com.larus.nova t_boot_ns=648652212515868
08-30 14:11:23.307 I/AnebProbe(22981): ADAPTER_EVT type=content cls=androidx.recyclerview.widget.RecyclerView desc=null txt_len=0 pkg=com.larus.nova t_boot_ns=648652338510660
08-30 14:11:23.395 I/AnebProbe(22981): ADAPTER_EVT type=content cls=androidx.recyclerview.widget.RecyclerView desc=null txt_len=0 pkg=com.larus.nova t_boot_ns=648652426330452
08-30 14:11:23.506 I/AnebProbe(22981): ADAPTER_EVT type=content cls=androidx.recyclerview.widget.RecyclerView desc=null txt_len=0 pkg=com.larus.nova t_boot_ns=648652537568993
08-30 14:11:23.703 I/AnebProbe(22981): ADAPTER_EVT type=content cls=androidx.recyclerview.widget.RecyclerView desc=null txt_len=0 pkg=com.larus.nova t_boot_ns=648652734435139
08-30 14:11:23.798 I/AnebProbe(22981): ADAPTER_EVT type=content cls=androidx.recyclerview.widget.RecyclerView desc=null txt_len=0 pkg=com.larus.nova t_boot_ns=648652828915348
08-30 14:11:23.907 I/AnebProbe(22981): ADAPTER_EVT type=content cls=androidx.recyclerview.widget.RecyclerView desc=null txt_len=0 pkg=com.larus.nova t_boot_ns=648652938279410
08-30 14:11:24.009 I/AnebProbe(22981): ADAPTER_EVT type=content cls=androidx.recyclerview.widget.RecyclerView desc=null txt_len=0 pkg=com.larus.nova t_boot_ns=648653040397639
08-30 14:11:24.347 I/AnebProbe(22981): ADAPTER_EVT type=content cls=androidx.recyclerview.widget.RecyclerView desc=null txt_len=0 pkg=com.larus.nova t_boot_ns=648653376879931
08-30 14:11:24.460 I/AnebProbe(22981): ADAPTER_EVT type=content cls=androidx.drawerlayout.widget.DrawerLayout desc=null txt_len=0 pkg=com.larus.nova t_boot_ns=648653491820035
08-30 14:11:24.620 I/AnebProbe(22981): ADAPTER_EVT type=content cls=androidx.recyclerview.widget.RecyclerView desc=null txt_len=0 pkg=com.larus.nova t_boot_ns=648653651588785
08-30 14:11:24.716 I/AnebProbe(22981): ADAPTER_EVT type=content cls=androidx.recyclerview.widget.RecyclerView desc=null txt_len=0 pkg=com.larus.nova t_boot_ns=648653747153368
08-30 14:11:24.818 I/AnebProbe(22981): ADAPTER_EVT type=content cls=androidx.drawerlayout.widget.DrawerLayout desc=null txt_len=0 pkg=com.larus.nova t_boot_ns=648653849661702
08-30 14:11:24.927 I/AnebProbe(22981): ADAPTER_EVT type=content cls=androidx.recyclerview.widget.RecyclerView desc=null txt_len=0 pkg=com.larus.nova t_boot_ns=648653958414827
08-30 14:11:25.036 I/AnebProbe(22981): ADAPTER_EVT type=content cls=androidx.recyclerview.widget.RecyclerView desc=null txt_len=0 pkg=com.larus.nova t_boot_ns=648654067253889
08-30 14:11:25.149 I/AnebProbe(22981): ADAPTER_EVT type=content cls=androidx.recyclerview.widget.RecyclerView desc=null txt_len=0 pkg=com.larus.nova t_boot_ns=648654180115868
08-30 14:11:25.151 I/AnebProbe(22981): ADAPTER_OBS pkg=com.larus.nova mode=doubao events=1698 rule_matched=276 first_delta_ms=0 cadence_p50_ms=17.9 session_span_ms=432379.1 confidence=LOW/INCONCLUSIVE reason=throttle ttft_send_ms=null anchor_source=null ttft_cluster_ms=4228.8 ttft_density_ms=null
08-30 14:11:25.250 I/AnebProbe(22981): ADAPTER_EVT type=content cls=androidx.recyclerview.widget.RecyclerView desc=null txt_len=0 pkg=com.larus.nova t_boot_ns=648654281279931
08-30 14:11:25.363 I/AnebProbe(22981): ADAPTER_EVT type=content cls=androidx.recyclerview.widget.RecyclerView desc=null txt_len=0 pkg=com.larus.nova t_boot_ns=648654394327326
08-30 14:11:25.473 I/AnebProbe(22981): ADAPTER_EVT type=content cls=androidx.recyclerview.widget.RecyclerView desc=null txt_len=0 pkg=com.larus.nova t_boot_ns=648654504302847
08-30 14:11:25.590 I/AnebProbe(22981): ADAPTER_EVT type=content cls=androidx.recyclerview.widget.RecyclerView desc=null txt_len=0 pkg=com.larus.nova t_boot_ns=648654621329931
08-30 14:11:25.710 I/AnebProbe(22981): ADAPTER_EVT type=content cls=androidx.recyclerview.widget.RecyclerView desc=null txt_len=0 pkg=com.larus.nova t_boot_ns=648654741124201
08-30 14:11:25.812 I/AnebProbe(22981): ADAPTER_EVT type=content cls=androidx.recyclerview.widget.RecyclerView desc=null txt_len=0 pkg=com.larus.nova t_boot_ns=648654843322639
08-30 14:11:25.916 I/AnebProbe(22981): ADAPTER_EVT type=content cls=androidx.recyclerview.widget.RecyclerView desc=null txt_len=0 pkg=com.larus.nova t_boot_ns=648654947279410
08-30 14:11:26.021 I/AnebProbe(22981): ADAPTER_EVT type=content cls=androidx.recyclerview.widget.RecyclerView desc=null txt_len=0 pkg=com.larus.nova t_boot_ns=648655052568472
08-30 14:11:26.131 I/AnebProbe(22981): ADAPTER_EVT type=content cls=androidx.recyclerview.widget.RecyclerView desc=null txt_len=0 pkg=com.larus.nova t_boot_ns=648655161798681
08-30 14:11:26.238 I/AnebProbe(22981): ADAPTER_EVT type=content cls=androidx.recyclerview.widget.RecyclerView desc=null txt_len=0 pkg=com.larus.nova t_boot_ns=648655268661180
08-30 14:11:26.352 I/AnebProbe(22981): ADAPTER_EVT type=content cls=androidx.recyclerview.widget.RecyclerView desc=null txt_len=0 pkg=com.larus.nova t_boot_ns=648655382920035
08-30 14:11:26.466 I/AnebProbe(22981): ADAPTER_EVT type=content cls=androidx.recyclerview.widget.RecyclerView desc=null txt_len=0 pkg=com.larus.nova t_boot_ns=648655496716910
08-30 14:11:26.580 I/AnebProbe(22981): ADAPTER_EVT type=content cls=androidx.recyclerview.widget.RecyclerView desc=null txt_len=0 pkg=com.larus.nova t_boot_ns=648655611237743
08-30 14:11:26.681 I/AnebProbe(22981): ADAPTER_EVT type=content cls=androidx.recyclerview.widget.RecyclerView desc=null txt_len=0 pkg=com.larus.nova t_boot_ns=648655712480451
08-30 14:11:26.796 I/AnebProbe(22981): ADAPTER_EVT type=content cls=androidx.recyclerview.widget.RecyclerView desc=null txt_len=0 pkg=com.larus.nova t_boot_ns=648655827154930
08-30 14:11:26.895 I/AnebProbe(22981): ADAPTER_EVT type=content cls=androidx.recyclerview.widget.RecyclerView desc=null txt_len=0 pkg=com.larus.nova t_boot_ns=648655926717430
08-30 14:11:27.000 I/AnebProbe(22981): ADAPTER_EVT type=content cls=androidx.recyclerview.widget.RecyclerView desc=null txt_len=0 pkg=com.larus.nova t_boot_ns=648656030899201
08-30 14:11:27.112 I/AnebProbe(22981): ADAPTER_EVT type=content cls=androidx.recyclerview.widget.RecyclerView desc=null txt_len=0 pkg=com.larus.nova t_boot_ns=648656143096076
08-30 14:11:27.217 I/AnebProbe(22981): ADAPTER_EVT type=content cls=androidx.recyclerview.widget.RecyclerView desc=null txt_len=0 pkg=com.larus.nova t_boot_ns=648656247877847
08-30 14:11:27.326 I/AnebProbe(22981): ADAPTER_EVT type=content cls=androidx.recyclerview.widget.RecyclerView desc=null txt_len=0 pkg=com.larus.nova t_boot_ns=648656356831493
08-30 14:11:27.427 I/AnebProbe(22981): ADAPTER_EVT type=content cls=androidx.recyclerview.widget.RecyclerView desc=null txt_len=0 pkg=com.larus.nova t_boot_ns=648656458457534
08-30 14:11:27.542 I/AnebProbe(22981): ADAPTER_EVT type=content cls=androidx.recyclerview.widget.RecyclerView desc=null txt_len=0 pkg=com.larus.nova t_boot_ns=648656572953368
08-30 14:11:27.650 I/AnebProbe(22981): ADAPTER_EVT type=content cls=android.view.ViewGroup desc=null txt_len=0 pkg=com.larus.nova t_boot_ns=648656681060139
08-30 14:11:27.760 I/AnebProbe(22981): ADAPTER_EVT type=content cls=android.view.ViewGroup desc=null txt_len=0 pkg=com.larus.nova t_boot_ns=648656791633576
08-30 14:11:27.874 I/AnebProbe(22981): ADAPTER_EVT type=content cls=android.view.ViewGroup desc=null txt_len=0 pkg=com.larus.nova t_boot_ns=648656904951805
08-30 14:11:27.975 I/AnebProbe(22981): ADAPTER_EVT type=content cls=android.view.ViewGroup desc=null txt_len=0 pkg=com.larus.nova t_boot_ns=648657006422118
08-30 14:11:28.083 I/AnebProbe(22981): ADAPTER_EVT type=content cls=androidx.recyclerview.widget.RecyclerView desc=null txt_len=0 pkg=com.larus.nova t_boot_ns=648657114758055
08-30 14:11:28.184 I/AnebProbe(22981): ADAPTER_EVT type=content cls=androidx.recyclerview.widget.RecyclerView desc=null txt_len=0 pkg=com.larus.nova t_boot_ns=648657215613784
08-30 14:11:28.301 I/AnebProbe(22981): ADAPTER_EVT type=content cls=androidx.recyclerview.widget.RecyclerView desc=null txt_len=0 pkg=com.larus.nova t_boot_ns=648657332692951
08-30 14:11:28.412 I/AnebProbe(22981): ADAPTER_EVT type=content cls=androidx.recyclerview.widget.RecyclerView desc=null txt_len=0 pkg=com.larus.nova t_boot_ns=648657442951284
08-30 14:11:28.527 I/AnebProbe(22981): ADAPTER_EVT type=content cls=androidx.recyclerview.widget.RecyclerView desc=null txt_len=0 pkg=com.larus.nova t_boot_ns=648657558567430
08-30 14:11:28.636 I/AnebProbe(22981): ADAPTER_EVT type=content cls=androidx.recyclerview.widget.RecyclerView desc=null txt_len=0 pkg=com.larus.nova t_boot_ns=648657667210659
08-30 14:11:28.739 I/AnebProbe(22981): ADAPTER_EVT type=content cls=androidx.recyclerview.widget.RecyclerView desc=null txt_len=0 pkg=com.larus.nova t_boot_ns=648657770335659
08-30 14:11:29.192 I/AnebProbe(22981): ADAPTER_EVT type=content cls=androidx.drawerlayout.widget.DrawerLayout desc=null txt_len=0 pkg=com.larus.nova t_boot_ns=648658223305972
08-30 14:11:29.301 I/AnebProbe(22981): ADAPTER_EVT type=content cls=androidx.drawerlayout.widget.DrawerLayout desc=null txt_len=0 pkg=com.larus.nova t_boot_ns=648658332223159
08-30 14:11:29.401 I/AnebProbe(22981): ADAPTER_EVT type=content cls=androidx.recyclerview.widget.RecyclerView desc=null txt_len=0 pkg=com.larus.nova t_boot_ns=648658432658055
08-30 14:11:29.505 I/AnebProbe(22981): ADAPTER_EVT type=content cls=androidx.drawerlayout.widget.DrawerLayout desc=null txt_len=0 pkg=com.larus.nova t_boot_ns=648658535897638
08-30 14:11:29.605 I/AnebProbe(22981): ADAPTER_EVT type=content cls=androidx.drawerlayout.widget.DrawerLayout desc=null txt_len=0 pkg=com.larus.nova t_boot_ns=648658636382534
08-30 14:11:29.919 I/AnebProbe(22981): ADAPTER_EVT type=content cls=androidx.drawerlayout.widget.DrawerLayout desc=null txt_len=0 pkg=com.larus.nova t_boot_ns=648658950002326
08-30 14:11:30.019 I/AnebProbe(22981): ADAPTER_EVT type=content cls=androidx.drawerlayout.widget.DrawerLayout desc=null txt_len=0 pkg=com.larus.nova t_boot_ns=648659050374201
08-30 14:11:59.044 I/AnebE4MARK(31476): E4MARK kind=answer_complete n=6
