16666666
0	0	0
0	0	0
0	0	0
0	0	0
0	0	0
0	0	0
0	0	0
0	0	0
0	0	0
0	0	0
0	0	0
0	0	0
0	0	0
0	0	0
0	0	0
0	0	0
0	0	0
0	0	0
0	0	0
0	0	0
0	0	0
0	0	0
0	0	0
0	0	0
0	0	0
0	0	0
0	0	0
0	0	0
0	0	0
0	0	0
0	0	0
0	0	0
0	0	0
0	0	0
0	0	0
0	0	0
0	0	0
0	0	0
0	0	0
0	0	0
0	0	0
0	0	0
0	0	0
0	0	0
0	0	0
0	0	0
0	0	0
0	0	0
0	0	0
0	0	0
0	0	0
0	0	0
0	0	0
0	0	0
0	0	0
0	0	0
0	0	0
0	0	0
0	0	0
0	0	0
0	0	0
0	0	0
0	0	0
0	0	0
0	0	0
0	0	0
0	0	0
0	0	0
0	0	0
0	0	0
0	0	0
0	0	0
0	0	0
0	0	0
0	0	0
0	0	0
0	0	0
0	0	0
0	0	0
0	0	0
0	0	0
0	0	0
0	0	0
0	0	0
0	0	0
0	0	0
0	0	0
0	0	0
0	0	0
0	0	0
0	0	0
0	0	0
563557228212443	563557250243172	563557229192652
563557238152547	563557266845777	563557239348381
563557255922860	563557283361922	563557256944735
563557267206714	563557299937964	563557268323381
563557274756714	563557316506193	563557275861402
563557297315568	563557333077547	563557297960360
563557308054110	563557349650464	563557308535881
563557323237443	563557366215047	563557323832235
563557339296297	563557382783277	563557339902027
563557355971297	563557399352547	563557356506193
563557372962443	563557415928589	563557373535881
563557389041610	563557432491610	563557389648902
563557405693693	563557449063485	563557406318172
563557422545256	563557465682235	563557423152027
563557438386922	563557482207756	563557438976506
563557456381714	563557498772339	563557456890047
563557473166089	563557515347860	563557473684318
563557489019735	563557531922339	563557489538485
563557505164006	563557548494214	563557505784318
563557521739006	563557565061922	563557522377027
563557538934839	563557581631193	563557539462443
563557555479631	563557598210360	563557555987443
563557571686922	563557614769735	563557572303068
563557595917652	563557631357235	563557598033277
563557608912964	563557647930152	563557610452547
563557625532756	563557664470777	563557627083277
563557646343693	563557681053589	563557648364527
563557660765047	563557697648902	563557662840568
563557675562443	563557714209318	563557677153068
563557693980152	563557730960881	563557696580672
563557714926506	563557747323381	563557717024422
563557727466089	563557763933797	563557729579631
563557744730672	563557780516089	563557746787964
563557762714527	563557797071818	563557764789527
563557786320256	563557813629110	563557787482235


16666666
0	0	0
0	0	0
0	0	0
0	0	0
0	0	0
0	0	0
0	0	0
0	0	0
0	0	0
0	0	0
0	0	0
0	0	0
0	0	0
0	0	0
0	0	0
0	0	0
0	0	0
0	0	0
0	0	0
0	0	0
0	0	0
0	0	0
0	0	0
0	0	0
0	0	0
0	0	0
0	0	0
0	0	0
0	0	0
0	0	0
0	0	0
0	0	0
0	0	0
0	0	0
0	0	0
0	0	0
0	0	0
0	0	0
0	0	0
0	0	0
0	0	0
0	0	0
0	0	0
0	0	0
0	0	0
0	0	0
0	0	0
0	0	0
0	0	0
0	0	0
0	0	0
0	0	0
0	0	0
0	0	0
0	0	0
0	0	0
0	0	0
0	0	0
0	0	0
0	0	0
0	0	0
0	0	0
0	0	0
0	0	0
0	0	0
0	0	0
0	0	0
0	0	0
0	0	0
0	0	0
0	0	0
0	0	0
0	0	0
0	0	0
0	0	0
0	0	0
0	0	0
0	0	0
0	0	0
0	0	0
563557228212443	563557250243172	563557229192652
563557238152547	563557266845777	563557239348381
563557255922860	563557283361922	563557256944735
563557267206714	563557299937964	563557268323381
563557274756714	563557316506193	563557275861402
563557297315568	563557333077547	563557297960360
563557308054110	563557349650464	563557308535881
563557323237443	563557366215047	563557323832235
563557339296297	563557382783277	563557339902027
563557355971297	563557399352547	563557356506193
563557372962443	563557415928589	563557373535881
563557389041610	563557432491610	563557389648902
563557405693693	563557449063485	563557406318172
563557422545256	563557465682235	563557423152027
563557438386922	563557482207756	563557438976506
563557456381714	563557498772339	563557456890047
563557473166089	563557515347860	563557473684318
563557489019735	563557531922339	563557489538485
563557505164006	563557548494214	563557505784318
563557521739006	563557565061922	563557522377027
563557538934839	563557581631193	563557539462443
563557555479631	563557598210360	563557555987443
563557571686922	563557614769735	563557572303068
563557595917652	563557631357235	563557598033277
563557608912964	563557647930152	563557610452547
563557625532756	563557664470777	563557627083277
563557646343693	563557681053589	563557648364527
563557660765047	563557697648902	563557662840568
563557675562443	563557714209318	563557677153068
563557693980152	563557730960881	563557696580672
563557714926506	563557747323381	563557717024422
563557727466089	563557763933797	563557729579631
563557744730672	563557780516089	563557746787964
563557762714527	563557797071818	563557764789527
563557786320256	563557813629110	563557787482235
563558810230672	563558824506193	563558812348381
563558867864006	563558890806193	563558869959839
563558917900464	563558940528068	563558920079110
563558933882235	563558957091610	563558936275464
563558985963485	563559006810881	563558988136922
563559000914006	563559023377026	563559002994735
563559053138485	563559073096297	563559054437964
563559066734839	563559089641610	563559068916610
563559116558276	563559139380672	563559117807756
563559131705672	563559155947860	563559132972339
563559182330151	563559205661922	563559183676506
563559248334839	563559271952026	563559249549422


16666666
0	0	0
0	0	0
0	0	0
0	0	0
0	0	0
0	0	0
0	0	0
0	0	0
0	0	0
0	0	0
0	0	0
0	0	0
0	0	0
0	0	0
0	0	0
0	0	0
0	0	0
0	0	0
0	0	0
0	0	0
0	0	0
0	0	0
0	0	0
563557228212443	563557250243172	563557229192652
563557238152547	563557266845777	563557239348381
563557255922860	563557283361922	563557256944735
563557267206714	563557299937964	563557268323381
563557274756714	563557316506193	563557275861402
563557297315568	563557333077547	563557297960360
563557308054110	563557349650464	563557308535881
563557323237443	563557366215047	563557323832235
563557339296297	563557382783277	563557339902027
563557355971297	563557399352547	563557356506193
563557372962443	563557415928589	563557373535881
563557389041610	563557432491610	563557389648902
563557405693693	563557449063485	563557406318172
563557422545256	563557465682235	563557423152027
563557438386922	563557482207756	563557438976506
563557456381714	563557498772339	563557456890047
563557473166089	563557515347860	563557473684318
563557489019735	563557531922339	563557489538485
563557505164006	563557548494214	563557505784318
563557521739006	563557565061922	563557522377027
563557538934839	563557581631193	563557539462443
563557555479631	563557598210360	563557555987443
563557571686922	563557614769735	563557572303068
563557595917652	563557631357235	563557598033277
563557608912964	563557647930152	563557610452547
563557625532756	563557664470777	563557627083277
563557646343693	563557681053589	563557648364527
563557660765047	563557697648902	563557662840568
563557675562443	563557714209318	563557677153068
563557693980152	563557730960881	563557696580672
563557714926506	563557747323381	563557717024422
563557727466089	563557763933797	563557729579631
563557744730672	563557780516089	563557746787964
563557762714527	563557797071818	563557764789527
563557786320256	563557813629110	563557787482235
563558810230672	563558824506193	563558812348381
563558867864006	563558890806193	563558869959839
563558917900464	563558940528068	563558920079110
563558933882235	563558957091610	563558936275464
563558985963485	563559006810881	563558988136922
563559000914006	563559023377026	563559002994735
563559053138485	563559073096297	563559054437964
563559066734839	563559089641610	563559068916610
563559116558276	563559139380672	563559117807756
563559131705672	563559155947860	563559132972339
563559182330151	563559205661922	563559183676506
563559248334839	563559271952026	563559249549422
563595667097333	563595675686917	563595667922333
563595674899417	563595692288479	563595676633271
563595693418687	563595725407750	563595694645250
563595701654625	563595741961396	563595702631187
563595719878583	563595758530146	563595720944208
563595733873896	563595775081187	563595735174417
563595751696812	563595791656708	563595753368687
563595768505667	563595808228062	563595770119729
563595782559312	563595824802542	563595783709833
563595799416604	563595841391083	563595800884312
563595816129625	563595857943687	563595817202021
563595834050458	563595874537958	563595835669208
563595850091083	563595891091604	563595851726500
563595866859833	563595907666083	563595868506187
563595885402021	563595924227021	563595887058271
563595900567646	563595940794208	563595903657229
563595918685354	563595957363479	563595920421292
563595932867125	563595973936917	563595935206708
563595949966083	563595990503062	563595951635354
563595965961396	563596007062437	563595967630667
563595982296812	563596023646292	563595983977021
563595999380667	563596040215042	563596001060875
563596015924417	563596056815562	563596017600458
563596032369729	563596073357750	563596034029104
563596048741604	563596089923896	563596051570250
563596065553062	563596106483792	563596067219729
563596084375979	563596123072333	563596086043687
563596098437437	563596139634312	563596100392646
563597373319729	563597399074937	563597374939521
563597389262958	563597415405146	563597390868687
563597405133791	563597431958791	563597406617646
563597608061916	563597630774937	563597608759833
563597620868166	563597647334312	563597622041083
563597640165041	563597664201500	563597641429625
563597650991604	563597680468166	563597652146812
563597704982229	563597730172854	563597706300458
563597738505145	563597763313479	563597739805666
563597766111395	563597796450979	563597766643687
563597779127020	563597813014520	563597780079625
563597805471812	563597829589520	563597806498375
563597806825458	563597846132229	563597807292645
563597821497854	563597862714520	563597822575979
563597835801500	563597879290562	563597837707229
563597856181187	563597895864000	563597857375458
563597889848375	563597912437958	563597891799937
563597923003583	563597945585875	563597924973375
563597961696291	563597978712958	563597963979104
563598000896291	563598028423375	563598002699937
563598123394729	563598144432750	563598125607750
563598435889000	563598459246812	563598437756187
563598452278583	563598475812437	563598454223375
563598467448895	563598492425458	563598469253583
563598486828583	563598508955145	563598488873895
563598502112437	563598525525979	563598503955666
563598520923374	563598542101499	563598522819729
563598533493166	563598558671812	563598535378062
563598553593687	563598575243687	563598555522854


16666666
563613019746810	563613058155664	563613021866081
563613040992643	563613074730664	563613042999935
563613059873893	563613091288476	563613061728060
563613076163997	563613107863997	563613078189518
563613081176497	563613124430664	563613083014518
563613113153060	563613141000456	563613115320768
563613122644206	563613157564518	563613124686393
563613140767122	563613174137956	563613142763997
563613158741081	563613190702539	563613160834310
563613175857747	563613207256185	563613177898893
563613195441081	563613223863476	563613197347331
563613210636393	563613240398372	563613212921289
563613228357747	563613256968164	563613230499414
563613243145247	563613273531185	563613245225976
563613252798372	563613290100976	563613254844726
563613278941081	563613306671810	563613280752539
563613295741601	563613323248893	563613297598893
563613309898893	563613339841601	563613311497851
563613326507747	563613356368685	563613329650976
563613343202539	563613372952539	563613345287435
563613359983268	563613389533789	563613362011914
563613376731185	563613406096810	563613378574935
563613391086914	563613422664518	563613393338997
563613408959831	563613439215560	563613410643164
563613424356185	563613455811914	563613426328060
563613440667643	563613472362435	563613442771289
563613459244726	563613488940039	563613461297851
563613477417122	563613505501497	563613479558789
563613489922331	563613522068164	563613492108789
563613514517122	563613538643164	563613516422331
563613524833789	563613555194206	563613526945247
563613539468685	563613571907226	563613541709310
563613558130143	563613588351497	563613560322331
563613575977018	563613604902018	563613578088476
563613592802018	563613621465560	563613594963997
563613607729101	563613638056706	563613609851497
563613626605143	563613654618685	563613628583789
563613643165039	563613671187435	563613645452539
563613661511393	563613687755664	563613663558268
563613678921289	563613704332747	563613681373372
563613698956706	563613720899935	563613701208789
563613715555664	563613737464518	563613717758789
563613729704622	563613754036393	563613731943164
563613744874935	563613770603581	563613747118164
563613759198893	563613787193685	563613761072851
563613775524414	563613803768164	563613777713476
563613791242643	563613820323893	563613793803581
563613806075455	563613836895247	563613808330143
563613823453580	563613853450455	563613825984830
563613843883789	563613870016601	563613846249414
563613859794205	563613886585872	563613862156185
563613874615560	563613903170247	563613876984830
563613888888476	563613919731705	563613891257747
563613904207747	563613936304101	563613906548893
563613921746810	563613952872330	563613924238476
563613938757226	563613969447851	563613940969205
563613955548893	563613986236914	563613958001497
563613971850976	563614002590039	563613974285351
563613989670768	563614019157747	563613991924414
563614006256705	563614035721289	563614008546289
563614022429622	563614052292122	563614024878060
563614040687435	563614068852018	563614042804622
563614058475455	563614085420247	563614060986393
563614074164518	563614101992122	563614076668685
563614090373372	563614118558789	563614092871810
563614103530143	563614135144205	563614106057747
563614120304622	563614151722851	563614122835351
563614138231705	563614168293164	563614140746289
563614155355143	563614184860351	563614157953580
563614176954101	563614201429622	563614179258789
563614185528580	563614218020247	563614188253060
563614204506185	563614234599935	563614207081185
563614219880143	563614251147851	563614222636914
563614240181705	563614267696810	563614242892122
563614254579622	563614284278580	563614257170247
563614268315560	563614300859310	563614270911393
563614285478580	563614317412435	563614288117643
563614303659310	563614333990039	563614306247851
563614316197851	563614350558268	563614319132226
563614335362955	563614367154622	563614338038997
563614350608268	563614383697851	563614353432747
563614372953060	563614400263997	563614375646289
563614389485872	563614416947330	563614392268685
563614406703060	563614433404101	563614409408789
563614419043685	563614449964518	563614421179101
563614434889518	563614466537955	563614437721289
563614454499414	563614483116601	563614456932226
563614470604101	563614499680664	563614473213997
563614488646289	563614516252539	563614491177539
563614503803580	563614532826497	563614506526497
563614520930143	563614549497330	563614523213997
563614538862955	563614565970247	563614541383789
563614564900976	563614582543685	563614567128580
563614585727018	563614615671810	563614587750976
563614596118164	563614632244726	563614598710872
563614609120247	563614648812435	563614611698893
563614623760351	563614665382226	563614626396289
563614640520768	563614681946810	563614643107226
563614661988476	563614698544726	563614664188997
563614674923893	563614715099935	563614677593685
563614692734830	563614731681705	563614695395768
563614708709830	563614748335351	563614711450455
563614724270768	563614764815560	563614727196810
563614744285351	563614781400455	563614746984830
563614760965560	563614797956185	563614763709830
563614780398893	563614814558268	563614782829622
563614794121810	563614831109830	563614796648372
563614811321289	563614847667643	563614814017122
563614827693164	563614864256705	563614830435351
563614841348372	563614880804622	563614844039518
563614856722330	563614897637955	563614859335872
563614874497851	563614913962955	563614877152539
563615271207747	563615295127539	563615273974934
563615295585351	563615311686393	563615298342122
563615295585351	563615344820768	563615298342122
563615354044726	563615377950976	563615356689518
563615366895247	563615394850976	563615369343164
563615373970768	563615411095247	563615376626497
563615399581184	563615427663997	563615402230143
563615405072330	563615444212434	563615407700976
563615420415039	563615460819205	563615423066080
563617024061913	563617051439518	563617026649413
563617082240559	563617101080142	563617084421809
563617142744726	563617167408267	563617145400455
563617212482226	563617233640038	563617214904622
563617274688997	563617299945767	563617276833788
563617342119205	563617366244726	563617342900455


16666666
563613019746810	563613058155664	563613021866081
563613040992643	563613074730664	563613042999935
563613059873893	563613091288476	563613061728060
563613076163997	563613107863997	563613078189518
563613081176497	563613124430664	563613083014518
563613113153060	563613141000456	563613115320768
563613122644206	563613157564518	563613124686393
563613140767122	563613174137956	563613142763997
563613158741081	563613190702539	563613160834310
563613175857747	563613207256185	563613177898893
563613195441081	563613223863476	563613197347331
563613210636393	563613240398372	563613212921289
563613228357747	563613256968164	563613230499414
563613243145247	563613273531185	563613245225976
563613252798372	563613290100976	563613254844726
563613278941081	563613306671810	563613280752539
563613295741601	563613323248893	563613297598893
563613309898893	563613339841601	563613311497851
563613326507747	563613356368685	563613329650976
563613343202539	563613372952539	563613345287435
563613359983268	563613389533789	563613362011914
563613376731185	563613406096810	563613378574935
563613391086914	563613422664518	563613393338997
563613408959831	563613439215560	563613410643164
563613424356185	563613455811914	563613426328060
563613440667643	563613472362435	563613442771289
563613459244726	563613488940039	563613461297851
563613477417122	563613505501497	563613479558789
563613489922331	563613522068164	563613492108789
563613514517122	563613538643164	563613516422331
563613524833789	563613555194206	563613526945247
563613539468685	563613571907226	563613541709310
563613558130143	563613588351497	563613560322331
563613575977018	563613604902018	563613578088476
563613592802018	563613621465560	563613594963997
563613607729101	563613638056706	563613609851497
563613626605143	563613654618685	563613628583789
563613643165039	563613671187435	563613645452539
563613661511393	563613687755664	563613663558268
563613678921289	563613704332747	563613681373372
563613698956706	563613720899935	563613701208789
563613715555664	563613737464518	563613717758789
563613729704622	563613754036393	563613731943164
563613744874935	563613770603581	563613747118164
563613759198893	563613787193685	563613761072851
563613775524414	563613803768164	563613777713476
563613791242643	563613820323893	563613793803581
563613806075455	563613836895247	563613808330143
563613823453580	563613853450455	563613825984830
563613843883789	563613870016601	563613846249414
563613859794205	563613886585872	563613862156185
563613874615560	563613903170247	563613876984830
563613888888476	563613919731705	563613891257747
563613904207747	563613936304101	563613906548893
563613921746810	563613952872330	563613924238476
563613938757226	563613969447851	563613940969205
563613955548893	563613986236914	563613958001497
563613971850976	563614002590039	563613974285351
563613989670768	563614019157747	563613991924414
563614006256705	563614035721289	563614008546289
563614022429622	563614052292122	563614024878060
563614040687435	563614068852018	563614042804622
563614058475455	563614085420247	563614060986393
563614074164518	563614101992122	563614076668685
563614090373372	563614118558789	563614092871810
563614103530143	563614135144205	563614106057747
563614120304622	563614151722851	563614122835351
563614138231705	563614168293164	563614140746289
563614155355143	563614184860351	563614157953580
563614176954101	563614201429622	563614179258789
563614185528580	563614218020247	563614188253060
563614204506185	563614234599935	563614207081185
563614219880143	563614251147851	563614222636914
563614240181705	563614267696810	563614242892122
563614254579622	563614284278580	563614257170247
563614268315560	563614300859310	563614270911393
563614285478580	563614317412435	563614288117643
563614303659310	563614333990039	563614306247851
563614316197851	563614350558268	563614319132226
563614335362955	563614367154622	563614338038997
563614350608268	563614383697851	563614353432747
563614372953060	563614400263997	563614375646289
563614389485872	563614416947330	563614392268685
563614406703060	563614433404101	563614409408789
563614419043685	563614449964518	563614421179101
563614434889518	563614466537955	563614437721289
563614454499414	563614483116601	563614456932226
563614470604101	563614499680664	563614473213997
563614488646289	563614516252539	563614491177539
563614503803580	563614532826497	563614506526497
563614520930143	563614549497330	563614523213997
563614538862955	563614565970247	563614541383789
563614564900976	563614582543685	563614567128580
563614585727018	563614615671810	563614587750976
563614596118164	563614632244726	563614598710872
563614609120247	563614648812435	563614611698893
563614623760351	563614665382226	563614626396289
563614640520768	563614681946810	563614643107226
563614661988476	563614698544726	563614664188997
563614674923893	563614715099935	563614677593685
563614692734830	563614731681705	563614695395768
563614708709830	563614748335351	563614711450455
563614724270768	563614764815560	563614727196810
563614744285351	563614781400455	563614746984830
563614760965560	563614797956185	563614763709830
563614780398893	563614814558268	563614782829622
563614794121810	563614831109830	563614796648372
563614811321289	563614847667643	563614814017122
563614827693164	563614864256705	563614830435351
563614841348372	563614880804622	563614844039518
563614856722330	563614897637955	563614859335872
563614874497851	563614913962955	563614877152539
563615271207747	563615295127539	563615273974934
563615295585351	563615311686393	563615298342122
563615295585351	563615344820768	563615298342122
563615354044726	563615377950976	563615356689518
563615366895247	563615394850976	563615369343164
563615373970768	563615411095247	563615376626497
563615399581184	563615427663997	563615402230143
563615405072330	563615444212434	563615407700976
563615420415039	563615460819205	563615423066080
563617024061913	563617051439518	563617026649413
563617082240559	563617101080142	563617084421809
563617142744726	563617167408267	563617145400455
563617212482226	563617233640038	563617214904622
563617274688997	563617299945767	563617276833788
563617342119205	563617366244726	563617342900455


16666666
563613019746810	563613058155664	563613021866081
563613040992643	563613074730664	563613042999935
563613059873893	563613091288476	563613061728060
563613076163997	563613107863997	563613078189518
563613081176497	563613124430664	563613083014518
563613113153060	563613141000456	563613115320768
563613122644206	563613157564518	563613124686393
563613140767122	563613174137956	563613142763997
563613158741081	563613190702539	563613160834310
563613175857747	563613207256185	563613177898893
563613195441081	563613223863476	563613197347331
563613210636393	563613240398372	563613212921289
563613228357747	563613256968164	563613230499414
563613243145247	563613273531185	563613245225976
563613252798372	563613290100976	563613254844726
563613278941081	563613306671810	563613280752539
563613295741601	563613323248893	563613297598893
563613309898893	563613339841601	563613311497851
563613326507747	563613356368685	563613329650976
563613343202539	563613372952539	563613345287435
563613359983268	563613389533789	563613362011914
563613376731185	563613406096810	563613378574935
563613391086914	563613422664518	563613393338997
563613408959831	563613439215560	563613410643164
563613424356185	563613455811914	563613426328060
563613440667643	563613472362435	563613442771289
563613459244726	563613488940039	563613461297851
563613477417122	563613505501497	563613479558789
563613489922331	563613522068164	563613492108789
563613514517122	563613538643164	563613516422331
563613524833789	563613555194206	563613526945247
563613539468685	563613571907226	563613541709310
563613558130143	563613588351497	563613560322331
563613575977018	563613604902018	563613578088476
563613592802018	563613621465560	563613594963997
563613607729101	563613638056706	563613609851497
563613626605143	563613654618685	563613628583789
563613643165039	563613671187435	563613645452539
563613661511393	563613687755664	563613663558268
563613678921289	563613704332747	563613681373372
563613698956706	563613720899935	563613701208789
563613715555664	563613737464518	563613717758789
563613729704622	563613754036393	563613731943164
563613744874935	563613770603581	563613747118164
563613759198893	563613787193685	563613761072851
563613775524414	563613803768164	563613777713476
563613791242643	563613820323893	563613793803581
563613806075455	563613836895247	563613808330143
563613823453580	563613853450455	563613825984830
563613843883789	563613870016601	563613846249414
563613859794205	563613886585872	563613862156185
563613874615560	563613903170247	563613876984830
563613888888476	563613919731705	563613891257747
563613904207747	563613936304101	563613906548893
563613921746810	563613952872330	563613924238476
563613938757226	563613969447851	563613940969205
563613955548893	563613986236914	563613958001497
563613971850976	563614002590039	563613974285351
563613989670768	563614019157747	563613991924414
563614006256705	563614035721289	563614008546289
563614022429622	563614052292122	563614024878060
563614040687435	563614068852018	563614042804622
563614058475455	563614085420247	563614060986393
563614074164518	563614101992122	563614076668685
563614090373372	563614118558789	563614092871810
563614103530143	563614135144205	563614106057747
563614120304622	563614151722851	563614122835351
563614138231705	563614168293164	563614140746289
563614155355143	563614184860351	563614157953580
563614176954101	563614201429622	563614179258789
563614185528580	563614218020247	563614188253060
563614204506185	563614234599935	563614207081185
563614219880143	563614251147851	563614222636914
563614240181705	563614267696810	563614242892122
563614254579622	563614284278580	563614257170247
563614268315560	563614300859310	563614270911393
563614285478580	563614317412435	563614288117643
563614303659310	563614333990039	563614306247851
563614316197851	563614350558268	563614319132226
563614335362955	563614367154622	563614338038997
563614350608268	563614383697851	563614353432747
563614372953060	563614400263997	563614375646289
563614389485872	563614416947330	563614392268685
563614406703060	563614433404101	563614409408789
563614419043685	563614449964518	563614421179101
563614434889518	563614466537955	563614437721289
563614454499414	563614483116601	563614456932226
563614470604101	563614499680664	563614473213997
563614488646289	563614516252539	563614491177539
563614503803580	563614532826497	563614506526497
563614520930143	563614549497330	563614523213997
563614538862955	563614565970247	563614541383789
563614564900976	563614582543685	563614567128580
563614585727018	563614615671810	563614587750976
563614596118164	563614632244726	563614598710872
563614609120247	563614648812435	563614611698893
563614623760351	563614665382226	563614626396289
563614640520768	563614681946810	563614643107226
563614661988476	563614698544726	563614664188997
563614674923893	563614715099935	563614677593685
563614692734830	563614731681705	563614695395768
563614708709830	563614748335351	563614711450455
563614724270768	563614764815560	563614727196810
563614744285351	563614781400455	563614746984830
563614760965560	563614797956185	563614763709830
563614780398893	563614814558268	563614782829622
563614794121810	563614831109830	563614796648372
563614811321289	563614847667643	563614814017122
563614827693164	563614864256705	563614830435351
563614841348372	563614880804622	563614844039518
563614856722330	563614897637955	563614859335872
563614874497851	563614913962955	563614877152539
563615271207747	563615295127539	563615273974934
563615295585351	563615311686393	563615298342122
563615295585351	563615344820768	563615298342122
563615354044726	563615377950976	563615356689518
563615366895247	563615394850976	563615369343164
563615373970768	563615411095247	563615376626497
563615399581184	563615427663997	563615402230143
563615405072330	563615444212434	563615407700976
563615420415039	563615460819205	563615423066080
563617024061913	563617051439518	563617026649413
563617082240559	563617101080142	563617084421809
563617142744726	563617167408267	563617145400455
563617212482226	563617233640038	563617214904622
563617274688997	563617299945767	563617276833788
563617342119205	563617366244726	563617342900455


16666666
563677934691592	563677953517633	563677935744717
563677950140029	563677970098362	563677951140029
563677967278050	563677986659300	563677968287946
563677979753571	563678003218675	563677980750446
563677994290029	563678019794196	563677996486383
563678011545237	563678036369196	563678013059300
563678028863467	563678052954092	563678030265550
563678047228050	563678069519196	563678048945237
563678062742112	563678086093154	563678064336904
563678078270237	563678102671279	563678079775967
563678095468154	563678119250446	563678096979092
563678113570237	563678135825446	563678115988467
563678130210862	563678152587425	563678131744196
563678147323883	563678168968675	563678148914508
563678163570758	563678185538987	563678165429612
563678180369196	563678202123362	563678182050446
563678196470758	563678218682217	563678197986383
563678212502529	563678235260342	563678214016071
563678228991592	563678251823362	563678230512946
563678245643154	563678268429091	563678247145237
563678262007216	563678284981175	563678263571800
563678279316071	563678301559300	563678280923362
563678295419716	563678318134821	563678298971800
563678314564508	563678334706696	563678316194196
563678331779612	563678351273362	563678333168154
563678349654091	563678367855133	563678351137946
563678369463466	563678401003050	563678371061904
563678379749404	563678417640029	563678381274925
563678398782737	563678434141071	563678400358779
563678419506175	563678450726487	563678421203050
563678430112946	563678467304612	563678431683779
563678451536383	563678484393154	563678453129612
563678464056175	563678500451487	563678465546800
563678482216591	563678517018154	563678484329612
563678502245237	563678533599404	563678503825966
563678513469196	563678550179091	563678515018675
563678535530133	563678566740029	563678537083779
563678545601487	563678583316591	563678547173362
563678565179091	563678599900446	563678566538466
563678584197841	563678616490550	563678585727008
563678597046279	563678633042633	563678598613466
563678616386383	563678649613987	563678617994196
563678632250966	563678666184300	563678633711904
563678650216071	563678682772321	563678651766071
563678667540550	563678699315029	563678669298883
563678679448883	563678715894196	563678681015029
563678696933258	563678732485341	563678698393675
563678716927008	563678749071279	563678718540029
563678729422841	563678765628571	563678731343675
563678751233779	563678782193675	563678752753050
563678774062946	563678798762425	563678775089508
563678800353571	563678831885862	563678801697841
563678811071279	563678848479612	563678812608258
563678824458258	563678865053571	563678826056696
563678840570237	563678881805133	563678842156696
563678859427529	563678898194716	563678860976487
563678879138987	563678914761383	563678880500446
563678895600446	563678931347321	563678897095237
563678913228571	563678947923883	563678914755654
563678930223362	563678964499404	563678931763466
563678947770237	563678981077008	563678949317112
563678961262425	563678997645237	563678962828050
563678981479091	563679014229091	563678982983779
563678998110341	563679030792633	563678999654091
563679015531696	563679047352529	563679017155654
563679027893675	563679063977008	563679029510341
563679045645758	563679080515029	563679047222841
563679066043675	563679097087946	563679067591071
563679077100966	563679113670237	563679078678050
563679097674404	563679130220758	563679099603571
563679110044716	563679146776487	563679111601487
563679130585341	563679163347321	563679132140550
563679147302529	563679179965550	563679148829612
563679158751487	563679196527529	563679160304612
563679178463466	563679213091591	563679180171279
563679197227008	563679229649925	563679198861383
563679210590550	563679246211383	563679212137946
563679231172321	563679262863987	563679232859821
563679243370237	563679279344196	563679244786904
563679259913466	563679295919716	563679261367633
563679282592633	563679312506696	563679283821800
563679291972841	563679329063466	563679293544716
563679311357737	563679345633258	563679312919716
563679328892633	563679362213466	563679330285862
563679345323883	563679378783258	563679346668154
563679361597320	563679395362945	563679363075445
563679378691591	563679411936383	563679380173362
563679394305133	563679428509820	563679395825966
563679411791070	563679445121800	563679413325445
563679426701487	563679461678050	563679428245758
563679445704091	563679478222320	563679447377008
563679462803050	563679494810862	563679464343675
563679476420758	563679511381695	563679477852529
563679496989508	563679527978570	563679498131695
563679509200445	563679544522841	563679510754091
563679528873362	563679561116070	563679530445758
563679543876487	563679577652008	563679545474404
563679561191591	563679594223362	563679562783779
563679578329091	563679610794195	563679580492112
563679593140550	563679627398883	563679594579091
563679610363466	563679643976487	563679611850966
563679626527008	563679660549404	563679628110862
563679643821800	563679677100445	563679645562425
563679660545758	563679693646279	563679662174404
563679679202529	563679710241070	563679680937425
563679687976487	563679726808779	563679689549404
563679711053050	563679743386904	563679712621279
563679721915550	563679759942633	563679723503050
563679740700966	563679776517112	563679742069716
563679754968675	563679793078570	563679756509820
563679772435862	563679809653050	563679774048362
563679787547841	563679826284820	563679789136383
563679803808779	563679842795237	563679805382737
563679820252008	563679859353570	563679821762945
563679838299925	563679875931175	563679839993675
563679866937945	563679892516070	563679868520758
563679885515550	563679909087945	563679887032216
563679904993675	563679925667633	563679906536904
563679924247320	563679942240550	563679925442112
563679944937945	563679975370758	563679946566591
563679953183779	563679991931695	563679954708258
563679971469716	563680008516591	563679972933779
563679988540550	563680025093154	563679989674404
563680005809300	563680041680133	563680006969716
563680023347841	563680058235341	563680024785341
563680039733779	563680074816591	563680041233779
563680054659300	563680091400445	563680056143675


16666666
563687503210861	563687532410340	563687505192111
563687510051486	563687548962944	563687512158257
563687538032736	563687565534819	563687540170236
563687551787944	563687582105132	563687553881173
563687566901486	563687598695757	563687568694715
563687585617111	563687615267632	563687587578569
563687599840548	563687631832215	563687602043153
563687616263986	563687648426486	563687618467632
563687634686903	563687664984819	563687636557215
563687649467632	563687681547319	563687651385861
563687666437423	563687698138986	563687668629611
563687682792111	563687714768153	563687684936903
563687702411903	563687731296798	563687704663465
563687719849403	563687747875444	563687722094194
563687733199923	563687764445236	563687735310340
563687749154090	563687781017632	563687751398882
563687765611903	563687797602007	563687767769194
563687784677528	563687814185340	563687786791590
563687800196798	563687830720236	563687802124923
563687820952528	563687847318673	563687822862944
563687824304090	563687863882736	563687825063465
563687855012944	563687880458778	563687857249403
563687870224403	563687897025965	563687872478569
563687890039507	563687913606694	563687892183257
563687902143673	563687930165548	563687904453569
563687916032215	563687946741590	563687918251486
563687935499923	563687963321798	563687937553048
563687948027528	563687979891069	563687950445236
563687967226486	563687996478569	563687969253048
563687983896278	563688013024923	563687985846798
563687999152528	563688029617632	563688001503048
563688016236903	563688046199923	563688018472319
563688032272319	563688062767111	563688034166590
563688048382215	563688079325965	563688050413465
563688068072840	563688095903048	563688070429090
563688082553569	563688112496277	563688084780652
563688096961902	563688129073882	563688099239507
563688116743673	563688145645236	563688118875965
563688132934819	563688162243152	563688135464507
563688148193152	563688178780652	563688150188465
563688163618673	563688195362944	563688165758257
563688180357736	563688211943152	563688182691590
563688198135861	563688228521277	563688200378048
563688217388986	563688245122840	563688219710340
563688233558777	563688261655132	563688235875444
563688251896798	563688278233257	563688253800965
563688264669194	563688294813986	563688267152007
563688282881173	563688311620236	563688285238986
563688299256173	563688327939507	563688301661382
563688313698882	563688344882736	563688316113465
563688332090027	563688361083257	563688334417632
563688354548361	563688378001486	563688357054611
563688374502007	563688394233777	563688377023882
563688393932736	563688410808257	563688396297319
563688406020757	563688427378048	563688408779090
563688418367111	563688443954611	563688420186382
563688430700444	563688460521798	563688432967632
563688447304611	563688477074923	563688449604611
563688462956173	563688493649923	563688465413465
563688478093152	563688510217632	563688480571798
563688493534298	563688526973361	563688496463986
563688510322319	563688543377007	563688512909819
563688527877527	563688559956173	563688530223361
563688544207736	563688576536382	563688546734298
563688563543673	563688593113465	563688566094715
563688581745236	563688609646798	563688584330652
563688597984819	563688626254611	563688600575444
563688614118152	563688642816590	563688616771277
563688629731173	563688659386382	563688632155652
563688645842111	563688675958777	563688648421798
563688666624402	563688692531694	563688669178569
563688681901486	563688709106694	563688684418152
563688695974402	563688725671277	563688698590027
563688715007215	563688742242632	563688717728048
563688726869715	563688758828569	563688729390548
563688741587944	563688775392632	563688744409298
563688760185340	563688791949923	563688762771798
563688773585340	563688808515027	563688776323361
563688793099923	563688825093673	563688795766069
563688806457215	563688841653569	563688808756694
563688825731173	563688858237944	563688828442632
563688843345757	563688874827527	563688846057215
563688862170757	563688891381694	563688864781173
563688877592111	563688907973361	563688880088986
563688893247319	563688924525444	563688895896277
563688909806694	563688941108777	563688912273361
563688929381694	563688957699402	563688931634298
563688945579090	563688974289507	563688948059819
563688959400444	563688990847319	563688962141590
563688976960340	563689007413986	563688979205132
563688992707215	563689023985340	563688995410340
563689014933777	563689040550444	563689017581173
563689018641590	563689057131694	563689020627527
563689037588465	563689073703569	563689039866069
563689049798882	563689090296277	563689052530652
563689085130652	563689106865027	563689087465027
563689106553569	563689123433777	563689109555652
563689128747840	563689156629090	563689131025965
563689148474402	563689173146798	563689151490548
563689168229090	563689189749923	563689170608777
563689189468673	563689206310340	563689191954611
563689207324923	563689222885340	563689209523361
563689226881173	563689256019715	563689229516069
563689242674923	563689272586902	563689245362423
563689251731694	563689289158777	563689254190027
563689268938465	563689305731694	563689271684298
563689283947319	563689322301486	563689286642111
563689302115027	563689339532215	563689304808256
563689317374402	563689355446277	563689319851486
563689333523361	563689371994194	563689336466590
563689352074402	563689388592631	563689354734819
563689367315027	563689405142631	563689370044194
563689383632736	563689421720236	563689386333256
563689383632736	563689935441590	563689386333256
563689951588986	563689968583777	563689954259819
563689976053569	563690001745236	563689978487944
563689983106173	563690018302006	563689985734819
563690005211381	563690034879090	563690007977006
563690028893152	563690051431173	563690031598361
563690039354090	563690068010340	563690041785340
563690046763986	563690084785861	563690049234819
563691648350964	563691675400444	563691650935860
563691703379610	563691725111381	563691706311381
563691770216069	563691791393673	563691772798881
563691838758777	563691857674923	563691841565548
563691901212423	563691923944194	563691903240548
563691965066589	563691990224923	563691965777006


16666666
563687503210861	563687532410340	563687505192111
563687510051486	563687548962944	563687512158257
563687538032736	563687565534819	563687540170236
563687551787944	563687582105132	563687553881173
563687566901486	563687598695757	563687568694715
563687585617111	563687615267632	563687587578569
563687599840548	563687631832215	563687602043153
563687616263986	563687648426486	563687618467632
563687634686903	563687664984819	563687636557215
563687649467632	563687681547319	563687651385861
563687666437423	563687698138986	563687668629611
563687682792111	563687714768153	563687684936903
563687702411903	563687731296798	563687704663465
563687719849403	563687747875444	563687722094194
563687733199923	563687764445236	563687735310340
563687749154090	563687781017632	563687751398882
563687765611903	563687797602007	563687767769194
563687784677528	563687814185340	563687786791590
563687800196798	563687830720236	563687802124923
563687820952528	563687847318673	563687822862944
563687824304090	563687863882736	563687825063465
563687855012944	563687880458778	563687857249403
563687870224403	563687897025965	563687872478569
563687890039507	563687913606694	563687892183257
563687902143673	563687930165548	563687904453569
563687916032215	563687946741590	563687918251486
563687935499923	563687963321798	563687937553048
563687948027528	563687979891069	563687950445236
563687967226486	563687996478569	563687969253048
563687983896278	563688013024923	563687985846798
563687999152528	563688029617632	563688001503048
563688016236903	563688046199923	563688018472319
563688032272319	563688062767111	563688034166590
563688048382215	563688079325965	563688050413465
563688068072840	563688095903048	563688070429090
563688082553569	563688112496277	563688084780652
563688096961902	563688129073882	563688099239507
563688116743673	563688145645236	563688118875965
563688132934819	563688162243152	563688135464507
563688148193152	563688178780652	563688150188465
563688163618673	563688195362944	563688165758257
563688180357736	563688211943152	563688182691590
563688198135861	563688228521277	563688200378048
563688217388986	563688245122840	563688219710340
563688233558777	563688261655132	563688235875444
563688251896798	563688278233257	563688253800965
563688264669194	563688294813986	563688267152007
563688282881173	563688311620236	563688285238986
563688299256173	563688327939507	563688301661382
563688313698882	563688344882736	563688316113465
563688332090027	563688361083257	563688334417632
563688354548361	563688378001486	563688357054611
563688374502007	563688394233777	563688377023882
563688393932736	563688410808257	563688396297319
563688406020757	563688427378048	563688408779090
563688418367111	563688443954611	563688420186382
563688430700444	563688460521798	563688432967632
563688447304611	563688477074923	563688449604611
563688462956173	563688493649923	563688465413465
563688478093152	563688510217632	563688480571798
563688493534298	563688526973361	563688496463986
563688510322319	563688543377007	563688512909819
563688527877527	563688559956173	563688530223361
563688544207736	563688576536382	563688546734298
563688563543673	563688593113465	563688566094715
563688581745236	563688609646798	563688584330652
563688597984819	563688626254611	563688600575444
563688614118152	563688642816590	563688616771277
563688629731173	563688659386382	563688632155652
563688645842111	563688675958777	563688648421798
563688666624402	563688692531694	563688669178569
563688681901486	563688709106694	563688684418152
563688695974402	563688725671277	563688698590027
563688715007215	563688742242632	563688717728048
563688726869715	563688758828569	563688729390548
563688741587944	563688775392632	563688744409298
563688760185340	563688791949923	563688762771798
563688773585340	563688808515027	563688776323361
563688793099923	563688825093673	563688795766069
563688806457215	563688841653569	563688808756694
563688825731173	563688858237944	563688828442632
563688843345757	563688874827527	563688846057215
563688862170757	563688891381694	563688864781173
563688877592111	563688907973361	563688880088986
563688893247319	563688924525444	563688895896277
563688909806694	563688941108777	563688912273361
563688929381694	563688957699402	563688931634298
563688945579090	563688974289507	563688948059819
563688959400444	563688990847319	563688962141590
563688976960340	563689007413986	563688979205132
563688992707215	563689023985340	563688995410340
563689014933777	563689040550444	563689017581173
563689018641590	563689057131694	563689020627527
563689037588465	563689073703569	563689039866069
563689049798882	563689090296277	563689052530652
563689085130652	563689106865027	563689087465027
563689106553569	563689123433777	563689109555652
563689128747840	563689156629090	563689131025965
563689148474402	563689173146798	563689151490548
563689168229090	563689189749923	563689170608777
563689189468673	563689206310340	563689191954611
563689207324923	563689222885340	563689209523361
563689226881173	563689256019715	563689229516069
563689242674923	563689272586902	563689245362423
563689251731694	563689289158777	563689254190027
563689268938465	563689305731694	563689271684298
563689283947319	563689322301486	563689286642111
563689302115027	563689339532215	563689304808256
563689317374402	563689355446277	563689319851486
563689333523361	563689371994194	563689336466590
563689352074402	563689388592631	563689354734819
563689367315027	563689405142631	563689370044194
563689383632736	563689421720236	563689386333256
563689383632736	563689935441590	563689386333256
563689951588986	563689968583777	563689954259819
563689976053569	563690001745236	563689978487944
563689983106173	563690018302006	563689985734819
563690005211381	563690034879090	563690007977006
563690028893152	563690051431173	563690031598361
563690039354090	563690068010340	563690041785340
563690046763986	563690084785861	563690049234819
563691648350964	563691675400444	563691650935860
563691703379610	563691725111381	563691706311381
563691770216069	563691791393673	563691772798881
563691838758777	563691857674923	563691841565548
563691901212423	563691923944194	563691903240548
563691965066589	563691990224923	563691965777006


16666666
563687503210861	563687532410340	563687505192111
563687510051486	563687548962944	563687512158257
563687538032736	563687565534819	563687540170236
563687551787944	563687582105132	563687553881173
563687566901486	563687598695757	563687568694715
563687585617111	563687615267632	563687587578569
563687599840548	563687631832215	563687602043153
563687616263986	563687648426486	563687618467632
563687634686903	563687664984819	563687636557215
563687649467632	563687681547319	563687651385861
563687666437423	563687698138986	563687668629611
563687682792111	563687714768153	563687684936903
563687702411903	563687731296798	563687704663465
563687719849403	563687747875444	563687722094194
563687733199923	563687764445236	563687735310340
563687749154090	563687781017632	563687751398882
563687765611903	563687797602007	563687767769194
563687784677528	563687814185340	563687786791590
563687800196798	563687830720236	563687802124923
563687820952528	563687847318673	563687822862944
563687824304090	563687863882736	563687825063465
563687855012944	563687880458778	563687857249403
563687870224403	563687897025965	563687872478569
563687890039507	563687913606694	563687892183257
563687902143673	563687930165548	563687904453569
563687916032215	563687946741590	563687918251486
563687935499923	563687963321798	563687937553048
563687948027528	563687979891069	563687950445236
563687967226486	563687996478569	563687969253048
563687983896278	563688013024923	563687985846798
563687999152528	563688029617632	563688001503048
563688016236903	563688046199923	563688018472319
563688032272319	563688062767111	563688034166590
563688048382215	563688079325965	563688050413465
563688068072840	563688095903048	563688070429090
563688082553569	563688112496277	563688084780652
563688096961902	563688129073882	563688099239507
563688116743673	563688145645236	563688118875965
563688132934819	563688162243152	563688135464507
563688148193152	563688178780652	563688150188465
563688163618673	563688195362944	563688165758257
563688180357736	563688211943152	563688182691590
563688198135861	563688228521277	563688200378048
563688217388986	563688245122840	563688219710340
563688233558777	563688261655132	563688235875444
563688251896798	563688278233257	563688253800965
563688264669194	563688294813986	563688267152007
563688282881173	563688311620236	563688285238986
563688299256173	563688327939507	563688301661382
563688313698882	563688344882736	563688316113465
563688332090027	563688361083257	563688334417632
563688354548361	563688378001486	563688357054611
563688374502007	563688394233777	563688377023882
563688393932736	563688410808257	563688396297319
563688406020757	563688427378048	563688408779090
563688418367111	563688443954611	563688420186382
563688430700444	563688460521798	563688432967632
563688447304611	563688477074923	563688449604611
563688462956173	563688493649923	563688465413465
563688478093152	563688510217632	563688480571798
563688493534298	563688526973361	563688496463986
563688510322319	563688543377007	563688512909819
563688527877527	563688559956173	563688530223361
563688544207736	563688576536382	563688546734298
563688563543673	563688593113465	563688566094715
563688581745236	563688609646798	563688584330652
563688597984819	563688626254611	563688600575444
563688614118152	563688642816590	563688616771277
563688629731173	563688659386382	563688632155652
563688645842111	563688675958777	563688648421798
563688666624402	563688692531694	563688669178569
563688681901486	563688709106694	563688684418152
563688695974402	563688725671277	563688698590027
563688715007215	563688742242632	563688717728048
563688726869715	563688758828569	563688729390548
563688741587944	563688775392632	563688744409298
563688760185340	563688791949923	563688762771798
563688773585340	563688808515027	563688776323361
563688793099923	563688825093673	563688795766069
563688806457215	563688841653569	563688808756694
563688825731173	563688858237944	563688828442632
563688843345757	563688874827527	563688846057215
563688862170757	563688891381694	563688864781173
563688877592111	563688907973361	563688880088986
563688893247319	563688924525444	563688895896277
563688909806694	563688941108777	563688912273361
563688929381694	563688957699402	563688931634298
563688945579090	563688974289507	563688948059819
563688959400444	563688990847319	563688962141590
563688976960340	563689007413986	563688979205132
563688992707215	563689023985340	563688995410340
563689014933777	563689040550444	563689017581173
563689018641590	563689057131694	563689020627527
563689037588465	563689073703569	563689039866069
563689049798882	563689090296277	563689052530652
563689085130652	563689106865027	563689087465027
563689106553569	563689123433777	563689109555652
563689128747840	563689156629090	563689131025965
563689148474402	563689173146798	563689151490548
563689168229090	563689189749923	563689170608777
563689189468673	563689206310340	563689191954611
563689207324923	563689222885340	563689209523361
563689226881173	563689256019715	563689229516069
563689242674923	563689272586902	563689245362423
563689251731694	563689289158777	563689254190027
563689268938465	563689305731694	563689271684298
563689283947319	563689322301486	563689286642111
563689302115027	563689339532215	563689304808256
563689317374402	563689355446277	563689319851486
563689333523361	563689371994194	563689336466590
563689352074402	563689388592631	563689354734819
563689367315027	563689405142631	563689370044194
563689383632736	563689421720236	563689386333256
563689383632736	563689935441590	563689386333256
563689951588986	563689968583777	563689954259819
563689976053569	563690001745236	563689978487944
563689983106173	563690018302006	563689985734819
563690005211381	563690034879090	563690007977006
563690028893152	563690051431173	563690031598361
563690039354090	563690068010340	563690041785340
563690046763986	563690084785861	563690049234819
563691648350964	563691675400444	563691650935860
563691703379610	563691725111381	563691706311381
563691770216069	563691791393673	563691772798881
563691838758777	563691857674923	563691841565548
563691901212423	563691923944194	563691903240548
563691965066589	563691990224923	563691965777006


16666666
563758928529079	563758968933246	563758929320746
563758949904079	563758985542100	563758950417621
563758963283246	563759002086892	563758964181163
563758978442621	563759018674913	563758980393663
563758994593663	563759035258246	563758995360329
563759011290017	563759051838454	563759012117621
563759029530642	563759068397829	563759030509808
563759047000954	563759084959287	563759047691579
563759062810329	563759101529079	563759063534808
563759075729079	563759118121267	563759076491058
563759093999912	563759134740017	563759094793662
563759109741579	563759151292621	563759110648350
563759129754600	563759167873350	563759130503558
563759146069704	563759184446267	563759146823871
563759162574912	563759201023871	563759163304600
563759180414496	563759217612412	563759181098871
563759195236892	563759234174912	563759195992621
563759211471787	563759250745746	563759212318662
563759228205642	563759267323350	563759228971267
563759245283767	563759283919183	563759246019704
563759261352517	563759300489496	563759262106683
563759278063454	563759317071787	563759278811892
563759295416579	563759333633767	563759296465017
563759312621267	563759350222308	563759313325954
563759329080642	563759366768662	563759330129079
563759346652517	563759383344183	563759347398871
563759364986371	563759399916058	563759365680642
563759377545225	563759416524392	563759378271267
563759392967100	563759433073871	563759393704600
563759411823871	563759449628037	563759412570746
563759426487412	563759466210329	563759427323871
563759442398350	563759482797829	563759443287412
563759460673350	563759499374912	563759461888975
563759475257204	563759515932725	563759476138975
563759492262412	563759532517621	563759493005642
563759508470225	563759549097308	563759509329079
563759525119183	563759565667100	563759525948871
563759541842621	563759582247829	563759542675433
563759558324912	563759598824912	563759559134808
563759574967100	563759615400433	563759575718662
563759592661371	563759631974392	563759593274392
563759609098350	563759648558767	563759609949392
563759624838975	563759665160329	563759625475954
563759642009808	563759681710329	563759642683246
563759658579079	563759698280642	563759659306162
563759674546267	563759714862412	563759675467621
563759691515537	563759731470225	563759692286371
563759707585329	563759748058246	563759708436892
563759725639496	563759764603037	563759726421267
563759744216579	563759781160329	563759745136371
563759758026475	563759797744704	563759758852517
563759775319704	563759814306683	563759776091579
563759790229079	563759830881162	563759791035850
563759806811371	563759847474392	563759807632204
563759821498871	563759864061892	563759822278558
563759838510850	563759880628037	563759839259808
563759858235329	563759897216579	563759858987933
563759872293142	563759913789496	563759873066058
563759901465017	563759930358767	563759903284287
563759906089496	563759946943662	563759907926475
563759922156683	563759963508767	563759924061371
563759939408246	563759980091058	563759941243142
563759954326996	563759996673350	563759955682725
563759971171787	563760013252517	563759971911371
563759988642100	563760029812933	563759989501996
563760004963454	563760046415537	563760005660850
563760021154600	563760062990017	563760021950954
563760037100954	563760079566058	563760037947308
563760055932204	563760096178558	563760055988975
563760071942100	563760112748350	563760072363454
563760109600433	563760129322829	563760111378558
563760114124392	563760145880121	563760115906683
563760133998871	563760162457204	563760135175433
563760140657725	563760179026996	563760142480642
563760156634287	563760195614496	563760158456162
563760172444704	563760212208766	563760174243662
563760186756162	563760228770746	563760187983246
563760204353037	563760245357204	563760205143662
563760220395746	563760261953558	563760221054079
563760236640537	563760278530121	563760237461371
563760252976996	563760295159808	563760253741058
563760270729600	563760311674912	563760271480641
563760288471266	563760328257725	563760289064496
563760328748871	563760344832725	563760330511891
563760335850954	563760361403558	563760337664496
563760355140016	563760377993141	563760356967621
563760361078558	563760394548350	563760362391058
563760373326475	563760411127516	563760375059808
563760387985850	563760427720746	563760389786891
563760401460329	563760444298350	563760402844704
563760419651475	563760460873350	563760420459287
563760437343662	563760477454600	563760438105641
563760452940537	563760494038975	563760453720225
563760469985850	563760510600954	563760471983766
563760486648871	563760527191058	563760487389496
563760503103558	563760543779600	563760503875433
563760519470225	563760560355641	563760520437933
563760536206683	563760576947829	563760536980641
563760554459808	563760593499912	563760555251475
563760571567100	563760610096787	563760572386891
563760587694183	563760626669704	563760588515537
563760607510850	563760643260850	563760608518141
563760621058766	563760659824912	563760621773350
563760637110850	563760676405641	563760637885850
563760653603037	563760693034808	563760654411371
563760671604079	563760709576996	563760672363454
563760692711891	563760726125433	563760693499912
563760705038454	563760742733246	563760705761891
563760735065537	563760759310850	563760736353037
563760744034287	563760775876996	563760745959287
563760774239496	563760792445746	563760776079600
563760794501996	563760825555121	563760796158766
563760826856162	563760858709287	563760828044183
563760830559287	563760875257204	563760832091058
563760955548350	563760974781162	563760957286371
563760967246266	563760991299391	563760969011371
563761037325433	563761057627516	563761039079600
563761044870225	563761074183246	563761046640537
563761064151996	563761090755641	563761066280641
563761067416058	563761107364496	563761068668141
563761112918141	563761140504079	563761114765537
563761117034287	563761157083766	563761118951996
563761178070225	563761206825433	563761180072308
563761182120746	563761223382204	563761183865016
563761214380641	563761239975954	563761216098350
563761224899391	563761256515016	563761226890537
563761284696266	9223372036854775807	563761286490537


16666666
563762343584287	563762383770745	563762345879600
563762368660329	563762400322829	563762370663974
563762383287412	563762416918662	563762385364495
563762394159287	563762433547308	563762396183245
563762417804079	563762450117620	563762419857724
563762434774391	563762466635849	563762436845745
563762452648349	563762483182204	563762454107204
563762470095745	563762499780641	563762472124912
563762477117620	563762516365537	563762479087933
563762501458245	563762532933245	563762503536891
563762519969704	563762549509808	563762522140537
563762535808245	563762566088454	563762537738974
563762550908766	563762582650433	563762553087412
563762570903037	563762599241579	563762572696266
563762577671787	563762615815537	563762579716058
563762605222829	563762632439495	563762607385849
563762619414495	563762648980641	563762621269704
563762637483766	563762665520224	563762639205641
563762651733245	563762682306162	563762653821787
563762667134808	563762698696266	563762669265016
563762685688454	563762715295745	563762687499391
563762700367620	563762731836891	563762702412933
563762718405641	563762748413974	563762720388454
563762734320745	563762764978558	563762736623870
563762754400954	563762781835849	563762756357724
563762770995224	563762798128558	563762773225954
563762784832204	563762814697308	563762786735849
563762799268662	563762831281683	563762801591579
563762816168662	563762847858245	563762818341579
563762834761891	563762864431683	563762836898870
563762852419704	563762881022829	563762854120224
563762866047308	563762897569704	563762868060329
563762885866058	563762914165016	563762887680641
563762900043662	563762931345745	563762902236370
563762915189495	563762947300954	563762917581162
563762933091579	563762963871787	563762935206683
563762940346266	563762980462412	563762942687412
563762967275433	563762997026474	563762969494183
563762984353037	563763013597829	563762986731162
563762998806162	563763030194704	563763000967099
563763017759808	563763046767099	563763020256162
563763033512412	563763063333766	563763035809808
563763051149912	563763079893141	563763053476995
563763066609287	563763096487412	563763068963454
563763082430120	563763113066058	563763084650433
563763097497829	563763129646266	563763099903558
563763114367099	563763146197829	563763116682204
563763135104079	563763162794183	563763136931162
563763149753558	563763179364495	563763151993141
563763164256162	563763195946787	563763166445224
563763181191579	563763212505641	563763183366579
563763196614495	563763229083766	563763198986370
563763216274912	563763245654599	563763218541579
563763234563454	563763262268662	563763236796266
563763249816058	563763278848349	563763252122829
563763266793141	563763295426995	563763269281683
563763280476474	563763311995224	563763282886891
563763305016579	563763328559287	563763307221266
563763317169183	563763345138974	563763319684808
563763332959287	563763361736370	563763335314495
563763348843662	563763378286891	563763351237412
563763364162412	563763394871266	563763366429599
563763379582724	563763411461891	563763381981162
563763396478037	563763428062933	563763398853037
563763414216579	563763444609808	563763416617620
563763432070224	563763461232203	563763434364495
563763448509808	563763477760328	563763450749912
563763465554599	563763494351474	563763467865537
563763482751474	563763510915016	563763485187412
563763498366578	563763527519703	563763500507724
563763513905641	563763544059808	563763516396787
563763533995224	563763560640537	563763536134287
563763547101474	563763577211891	563763549630120
563763565015537	563763593824912	563763567501995
563763581297828	563763610393141	563763583764495
563763596343662	563763626957203	563763598948349
563763614212933	563763643526474	563763616813974
563763630817099	563763660111370	563763633464495
563763646986370	563763676684287	563763649597828
563763664358766	563763693270224	563763666958766
563763680653037	563763709840537	563763683226474
563763696820224	563763726420224	563763699489495
563763714657724	563763742979599	563763717086370
563763730852516	563763759572828	563763733421266
563763747444183	563763776948870	563763750105641
563763765669183	563763792696266	563763768157203
563763782122828	563763809288453	563763784784808
563763788273349	563763825850433	563763790838453
563763814168141	563763842431162	563763816760849
563763830828558	563763859025953	563763833479599
563763845475433	563763875595745	563763848104078
563763865210328	563763892175433	563763866991058
563763879397828	563763908747308	563763881896266
563763901696787	563763925312933	563763904263974
563763917816578	563763941877516	563763921854599
563763933385328	563763958441578	563763936136370
563763948475953	563763975015537	563763950849391
563763969174912	563763991583766	563763971928037
563763984860328	563764008145224	563763987550433
563763998762933	563764024778037	563764001419183
563764008712933	563764041312933	563764011215537
563764023131162	563764057885849	563764025936891
563764040394183	563764074478037	563764043001474
563764057281162	563764091047308	563764059937412
563764075613453	563764107627516	563764078200953
563764094645224	563764124182724	563764097079599
563764112469183	563764140749391	563764114793662
563764126735849	563764157331683	563764129358766
563764144110849	563764173906683	563764146786891
563764162517620	563764190476995	563764165301474
563764174905120	563764207049391	563764177484808
563764183239495	563764223613974	563764185932724
563764570892099	563764588333245	563764573509287
563764591946266	563764621504078	563764594655120
563764591946266	563764638063453	563764594655120
563764649305120	563764671211370	563764651946787
563764661744182	563764687811891	563764664419182
563764666925953	563764704374912	563764669571787
563764694489495	563764720954599	563764696678037
563764698118662	563764737555641	563764700808245
563764714347828	563764754100432	563764717006682
563766318106161	563766345538974	563766320710849
563766374837411	563766395242620	563766377487932
563766440194182	563766461570224	563766442780120
563766506065536	563766527884286	563766508705120
563766571735328	563766594210328	563766573927516
563766635576995	563766660526995	563766636284286


16666666
563762343584287	563762383770745	563762345879600
563762368660329	563762400322829	563762370663974
563762383287412	563762416918662	563762385364495
563762394159287	563762433547308	563762396183245
563762417804079	563762450117620	563762419857724
563762434774391	563762466635849	563762436845745
563762452648349	563762483182204	563762454107204
563762470095745	563762499780641	563762472124912
563762477117620	563762516365537	563762479087933
563762501458245	563762532933245	563762503536891
563762519969704	563762549509808	563762522140537
563762535808245	563762566088454	563762537738974
563762550908766	563762582650433	563762553087412
563762570903037	563762599241579	563762572696266
563762577671787	563762615815537	563762579716058
563762605222829	563762632439495	563762607385849
563762619414495	563762648980641	563762621269704
563762637483766	563762665520224	563762639205641
563762651733245	563762682306162	563762653821787
563762667134808	563762698696266	563762669265016
563762685688454	563762715295745	563762687499391
563762700367620	563762731836891	563762702412933
563762718405641	563762748413974	563762720388454
563762734320745	563762764978558	563762736623870
563762754400954	563762781835849	563762756357724
563762770995224	563762798128558	563762773225954
563762784832204	563762814697308	563762786735849
563762799268662	563762831281683	563762801591579
563762816168662	563762847858245	563762818341579
563762834761891	563762864431683	563762836898870
563762852419704	563762881022829	563762854120224
563762866047308	563762897569704	563762868060329
563762885866058	563762914165016	563762887680641
563762900043662	563762931345745	563762902236370
563762915189495	563762947300954	563762917581162
563762933091579	563762963871787	563762935206683
563762940346266	563762980462412	563762942687412
563762967275433	563762997026474	563762969494183
563762984353037	563763013597829	563762986731162
563762998806162	563763030194704	563763000967099
563763017759808	563763046767099	563763020256162
563763033512412	563763063333766	563763035809808
563763051149912	563763079893141	563763053476995
563763066609287	563763096487412	563763068963454
563763082430120	563763113066058	563763084650433
563763097497829	563763129646266	563763099903558
563763114367099	563763146197829	563763116682204
563763135104079	563763162794183	563763136931162
563763149753558	563763179364495	563763151993141
563763164256162	563763195946787	563763166445224
563763181191579	563763212505641	563763183366579
563763196614495	563763229083766	563763198986370
563763216274912	563763245654599	563763218541579
563763234563454	563763262268662	563763236796266
563763249816058	563763278848349	563763252122829
563763266793141	563763295426995	563763269281683
563763280476474	563763311995224	563763282886891
563763305016579	563763328559287	563763307221266
563763317169183	563763345138974	563763319684808
563763332959287	563763361736370	563763335314495
563763348843662	563763378286891	563763351237412
563763364162412	563763394871266	563763366429599
563763379582724	563763411461891	563763381981162
563763396478037	563763428062933	563763398853037
563763414216579	563763444609808	563763416617620
563763432070224	563763461232203	563763434364495
563763448509808	563763477760328	563763450749912
563763465554599	563763494351474	563763467865537
563763482751474	563763510915016	563763485187412
563763498366578	563763527519703	563763500507724
563763513905641	563763544059808	563763516396787
563763533995224	563763560640537	563763536134287
563763547101474	563763577211891	563763549630120
563763565015537	563763593824912	563763567501995
563763581297828	563763610393141	563763583764495
563763596343662	563763626957203	563763598948349
563763614212933	563763643526474	563763616813974
563763630817099	563763660111370	563763633464495
563763646986370	563763676684287	563763649597828
563763664358766	563763693270224	563763666958766
563763680653037	563763709840537	563763683226474
563763696820224	563763726420224	563763699489495
563763714657724	563763742979599	563763717086370
563763730852516	563763759572828	563763733421266
563763747444183	563763776948870	563763750105641
563763765669183	563763792696266	563763768157203
563763782122828	563763809288453	563763784784808
563763788273349	563763825850433	563763790838453
563763814168141	563763842431162	563763816760849
563763830828558	563763859025953	563763833479599
563763845475433	563763875595745	563763848104078
563763865210328	563763892175433	563763866991058
563763879397828	563763908747308	563763881896266
563763901696787	563763925312933	563763904263974
563763917816578	563763941877516	563763921854599
563763933385328	563763958441578	563763936136370
563763948475953	563763975015537	563763950849391
563763969174912	563763991583766	563763971928037
563763984860328	563764008145224	563763987550433
563763998762933	563764024778037	563764001419183
563764008712933	563764041312933	563764011215537
563764023131162	563764057885849	563764025936891
563764040394183	563764074478037	563764043001474
563764057281162	563764091047308	563764059937412
563764075613453	563764107627516	563764078200953
563764094645224	563764124182724	563764097079599
563764112469183	563764140749391	563764114793662
563764126735849	563764157331683	563764129358766
563764144110849	563764173906683	563764146786891
563764162517620	563764190476995	563764165301474
563764174905120	563764207049391	563764177484808
563764183239495	563764223613974	563764185932724
563764570892099	563764588333245	563764573509287
563764591946266	563764621504078	563764594655120
563764591946266	563764638063453	563764594655120
563764649305120	563764671211370	563764651946787
563764661744182	563764687811891	563764664419182
563764666925953	563764704374912	563764669571787
563764694489495	563764720954599	563764696678037
563764698118662	563764737555641	563764700808245
563764714347828	563764754100432	563764717006682
563766318106161	563766345538974	563766320710849
563766374837411	563766395242620	563766377487932
563766440194182	563766461570224	563766442780120
563766506065536	563766527884286	563766508705120
563766571735328	563766594210328	563766573927516
563766635576995	563766660526995	563766636284286


16666666
563763066609287	563763096487412	563763068963454
563763082430120	563763113066058	563763084650433
563763097497829	563763129646266	563763099903558
563763114367099	563763146197829	563763116682204
563763135104079	563763162794183	563763136931162
563763149753558	563763179364495	563763151993141
563763164256162	563763195946787	563763166445224
563763181191579	563763212505641	563763183366579
563763196614495	563763229083766	563763198986370
563763216274912	563763245654599	563763218541579
563763234563454	563763262268662	563763236796266
563763249816058	563763278848349	563763252122829
563763266793141	563763295426995	563763269281683
563763280476474	563763311995224	563763282886891
563763305016579	563763328559287	563763307221266
563763317169183	563763345138974	563763319684808
563763332959287	563763361736370	563763335314495
563763348843662	563763378286891	563763351237412
563763364162412	563763394871266	563763366429599
563763379582724	563763411461891	563763381981162
563763396478037	563763428062933	563763398853037
563763414216579	563763444609808	563763416617620
563763432070224	563763461232203	563763434364495
563763448509808	563763477760328	563763450749912
563763465554599	563763494351474	563763467865537
563763482751474	563763510915016	563763485187412
563763498366578	563763527519703	563763500507724
563763513905641	563763544059808	563763516396787
563763533995224	563763560640537	563763536134287
563763547101474	563763577211891	563763549630120
563763565015537	563763593824912	563763567501995
563763581297828	563763610393141	563763583764495
563763596343662	563763626957203	563763598948349
563763614212933	563763643526474	563763616813974
563763630817099	563763660111370	563763633464495
563763646986370	563763676684287	563763649597828
563763664358766	563763693270224	563763666958766
563763680653037	563763709840537	563763683226474
563763696820224	563763726420224	563763699489495
563763714657724	563763742979599	563763717086370
563763730852516	563763759572828	563763733421266
563763747444183	563763776948870	563763750105641
563763765669183	563763792696266	563763768157203
563763782122828	563763809288453	563763784784808
563763788273349	563763825850433	563763790838453
563763814168141	563763842431162	563763816760849
563763830828558	563763859025953	563763833479599
563763845475433	563763875595745	563763848104078
563763865210328	563763892175433	563763866991058
563763879397828	563763908747308	563763881896266
563763901696787	563763925312933	563763904263974
563763917816578	563763941877516	563763921854599
563763933385328	563763958441578	563763936136370
563763948475953	563763975015537	563763950849391
563763969174912	563763991583766	563763971928037
563763984860328	563764008145224	563763987550433
563763998762933	563764024778037	563764001419183
563764008712933	563764041312933	563764011215537
563764023131162	563764057885849	563764025936891
563764040394183	563764074478037	563764043001474
563764057281162	563764091047308	563764059937412
563764075613453	563764107627516	563764078200953
563764094645224	563764124182724	563764097079599
563764112469183	563764140749391	563764114793662
563764126735849	563764157331683	563764129358766
563764144110849	563764173906683	563764146786891
563764162517620	563764190476995	563764165301474
563764174905120	563764207049391	563764177484808
563764183239495	563764223613974	563764185932724
563764570892099	563764588333245	563764573509287
563764591946266	563764621504078	563764594655120
563764591946266	563764638063453	563764594655120
563764649305120	563764671211370	563764651946787
563764661744182	563764687811891	563764664419182
563764666925953	563764704374912	563764669571787
563764694489495	563764720954599	563764696678037
563764698118662	563764737555641	563764700808245
563764714347828	563764754100432	563764717006682
563766318106161	563766345538974	563766320710849
563766374837411	563766395242620	563766377487932
563766440194182	563766461570224	563766442780120
563766506065536	563766527884286	563766508705120
563766571735328	563766594210328	563766573927516
563766635576995	563766660526995	563766636284286
563819916643653	563819932490007	563819917721257
563819922941570	563819949045737	563819924926466
563819940975424	563819965624903	563819942149382
563819955593132	563819982199382	563819957591570
563819972534799	563819998750424	563819974233757
563819989185320	563820015315007	563819990961362
563820004804591	563820031894174	563820006440528
563820021471778	563820048579591	563820023169174
563820038490528	563820065032716	563820040103549
563820055530112	563820081611882	563820057257195
563820071570216	563820098159799	563820073392091
563820088956153	563820114744174	563820090420216
563820104694174	563820131323862	563820106480112
563820121229591	563820147898862	563820122963445
563820138132716	563820164460841	563820139958757
563820157848341	563820181023862	563820159683237
563820172261882	563820197613445	563820174038966
563820191817091	563820214175945	563820193937924
563820205410320	563820230749382	563820207120737
563820220424382	563820247325945	563820222229591
563820236745737	563820263907195	563820238520216
563820253507195	563820280480111	563820255261882
563820270683757	563820297050945	563820272523341
563820287019174	563820313624903	563820288879070
563820303568653	563820330202507	563820305305111
563820321623861	563820346761361	563820323403549
563820336330111	563820363332195	563820338068653
563821605375945	563821622709278	563821607113965
563821620275945	563821639280632	563821621884799
563821637111361	563821655857195	563821638832195
563821817861361	563821838122299	563821818922299
563821827921257	563821854688965	563821829048340
563821846891049	563821871241049	563821847997820
563821858649382	563821887833757	563821859741570
563821914602507	563821937535840	563821916078549
563821942986882	563821970673861	563821944206674
563821981226986	563822003872299	563821982280632
563821992207715	563822020365528	563821993262924
563822003429070	563822036934278	563822004417611
563822022147299	563822053501465	563822023203028
563822028365528	563822070101465	563822029361882
563822042787403	563822086663965	563822043801465
563822061561361	563822103242090	563822062563965


16666666
563838186005630	563838210743650	563838188404067
563838199502505	563838227323338	563838201733234
563838211389484	563838243879067	563838214011359
563838231010317	563838260455630	563838233615525
563838247773859	563838277046255	563838250212400
563838262614484	563838293600942	563838265115005
563838279914484	563838310182192	563838282421255
563838296618130	563838326756150	563838299433234
563838313898859	563838343334796	563838316503025
563838331069171	563838359908755	563838333770213
563838347900942	563838376459275	563838350353546
563838369831671	563838393034275	563838372252505
563838383574900	563838409603546	563838386588963
563838397581671	563838426170734	563838400216046
563838413416567	563838442774900	563838415978546
563838428341567	563838459334275	563838430962400
563838446079067	563838475909275	563838448717609
563838462157192	563838492466046	563838464799900
563838478963963	563838509044171	563838481596255
563838496776463	563838525797296	563838499421255
563838513240525	563838542180630	563838515810317
563838528848859	563838558767088	563838531244171
563838546309796	563838575314484	563838549161359
563838563917088	563838591915005	563838566564484
563838580832713	563838608467088	563838583287400
563838597955109	563838625046255	563838600592088
563838612931150	563838641616567	563838615538442
563838628825942	563838658189484	563838631330630
563838645729067	563838674745213	563838648354067
563838664448338	563838691336359	563838666709275
563838678213963	563838707891567	563838680495213
563838696091567	563838724532192	563838698085838
563838712611880	563838741031671	563838714300942
563838729258234	563838757616567	563838731793650
563838750313963	563838774170213	563838752412400
563838771958755	563838790883755	563838774267088
563838790421255	563838807319692	563838792970213
563838806530629	563838823893650	563838809021254
563838824701463	563838840482192	563838827321254
563838843275421	563838873611879	563838845588442
563838857661359	563838890211359	563838860311879
563838875310838	563838907392088	563838878267088
563838895330109	563838923318650	563838897428025
563838909936359	563838939889484	563838914572817
563838925121254	563838956456150	563838927844692
563838943676984	563838973244171	563838946132713
563838959298338	563838989583754	563838962019692
563838974268650	563839006164484	563838977008234
563838992876984	563839022729588	563838995107713
563839006087921	563839039306150	563839008776984
563839023585317	563839055906150	563839026284275
563839041055629	563839072442609	563839043713963
563839055998338	563839089013442	563839058628025
563839074231150	563839105588442	563839076917088
563839090967088	563839122164484	563839093522296
563839110247296	563839138740004	563839112813963
563839127215525	563839155313442	563839129710838
563839143599900	563839171862400	563839146249900
563839156934796	563839188441046	563839159740004
563839175168129	563839205019171	563839177894692
563839193603546	563839221584275	563839196272817
563839211738963	563839238141046	563839214337400
563839216793650	563839254729588	563839219447296
563839229934796	563839271285838	563839232344171
563839421380629	563839453604588	563839423810317
563839436997817	563839470161359	563839439638963
563839456198338	563839486725421	563839458629588
563839474810317	563839503315525	563839477175421
563839488736359	563839519876463	563839491291567
563839508478025	563839536449900	563839511009796
563839526354588	563839553016567	563839528747817
563839544503025	563839569586359	563839547094692
563839559028025	563839586156671	563839561946775
563839575303025	563839602725421	563839577804588
563839589319171	563839619284275	563839592042088
563839607029067	563839635880109	563839609588442
563839623310317	563839652444692	563839625838442
563839641348859	563839669025421	563839643905109
563839657250942	563839685595734	563839659740525
563839672842088	563839702155629	563839675299900
563839689713442	563839718748338	563839692142088
563839707715004	563839735337400	563839710357192
563839723263442	563839751904588	563839725836359
563839738241046	563839768449379	563839741039484
563839755784796	563839785038963	563839758617609
563839771541046	563839801608234	563839774250942
563839789367088	563839818184275	563839792093129
563839802962400	563839834769171	563839805604588
563839819379067	563839851334275	563839822072296
563839835657192	563839867897296	563839838334796
563839854783754	563839884613442	563839857452504
563839859972296	563839901058754	563839862603025
563840018696254	563840050229588	563840021363442
563840040293129	563840066880629	563840042588442
563840055673858	563840083361879	563840058066046
563840064741567	563840100163442	563840067369692
563840075670733	563840116515004	563840078254588
563840194690004	563840215964483	563840197597296
563840212291567	563840232528546	563840214971775
563840227659275	563840249100421	563840230303025
563840248233233	563840265678546	563840251037400
563840262366046	563840282235317	563840264973338
563840275039483	563840298837921	563840277515004
563840294403025	563840315379067	563840297117608
563840309023338	563840331962400	563840311505108
563840323911879	563840348522296	563840326688963
563840338751463	563840365094171	563840341300421
563840341003546	563840381655629	563840343151983
563840377685317	563840398257713	563840380349379
563840405895733	563840431460838	563840408612921
563840420595213	563840447941046	563840423006671
563840435394692	563840464521775	563840437806671
563840450994692	563840481098338	563840453687400
563840462197296	563840497715525	563840464959796
563840612199379	563840630252504	563840614807192
563840631190525	563840646797817	563840633843650
563840655742608	563840679963963	563840658445213
563840670066046	563840696540004	563840672662921
563840678345213	563840713074900	563840681148338
563840678345213	563841027913442	563840681148338
563841034687400	563841061070733	563841037109796
563841058441046	563841077682192	563841061028546
563841068146254	563841094183754	563841070859796
563841073351462	563841110737921	563841076033754
563841097498858	563841127315525	563841099914483
563841105222817	563841143889483	563841107856671
563841119253546	563841160444692	563841121882712


16666666
563838279914484	563838310182192	563838282421255
563838296618130	563838326756150	563838299433234
563838313898859	563838343334796	563838316503025
563838331069171	563838359908755	563838333770213
563838347900942	563838376459275	563838350353546
563838369831671	563838393034275	563838372252505
563838383574900	563838409603546	563838386588963
563838397581671	563838426170734	563838400216046
563838413416567	563838442774900	563838415978546
563838428341567	563838459334275	563838430962400
563838446079067	563838475909275	563838448717609
563838462157192	563838492466046	563838464799900
563838478963963	563838509044171	563838481596255
563838496776463	563838525797296	563838499421255
563838513240525	563838542180630	563838515810317
563838528848859	563838558767088	563838531244171
563838546309796	563838575314484	563838549161359
563838563917088	563838591915005	563838566564484
563838580832713	563838608467088	563838583287400
563838597955109	563838625046255	563838600592088
563838612931150	563838641616567	563838615538442
563838628825942	563838658189484	563838631330630
563838645729067	563838674745213	563838648354067
563838664448338	563838691336359	563838666709275
563838678213963	563838707891567	563838680495213
563838696091567	563838724532192	563838698085838
563838712611880	563838741031671	563838714300942
563838729258234	563838757616567	563838731793650
563838750313963	563838774170213	563838752412400
563838771958755	563838790883755	563838774267088
563838790421255	563838807319692	563838792970213
563838806530629	563838823893650	563838809021254
563838824701463	563838840482192	563838827321254
563838843275421	563838873611879	563838845588442
563838857661359	563838890211359	563838860311879
563838875310838	563838907392088	563838878267088
563838895330109	563838923318650	563838897428025
563838909936359	563838939889484	563838914572817
563838925121254	563838956456150	563838927844692
563838943676984	563838973244171	563838946132713
563838959298338	563838989583754	563838962019692
563838974268650	563839006164484	563838977008234
563838992876984	563839022729588	563838995107713
563839006087921	563839039306150	563839008776984
563839023585317	563839055906150	563839026284275
563839041055629	563839072442609	563839043713963
563839055998338	563839089013442	563839058628025
563839074231150	563839105588442	563839076917088
563839090967088	563839122164484	563839093522296
563839110247296	563839138740004	563839112813963
563839127215525	563839155313442	563839129710838
563839143599900	563839171862400	563839146249900
563839156934796	563839188441046	563839159740004
563839175168129	563839205019171	563839177894692
563839193603546	563839221584275	563839196272817
563839211738963	563839238141046	563839214337400
563839216793650	563839254729588	563839219447296
563839229934796	563839271285838	563839232344171
563839421380629	563839453604588	563839423810317
563839436997817	563839470161359	563839439638963
563839456198338	563839486725421	563839458629588
563839474810317	563839503315525	563839477175421
563839488736359	563839519876463	563839491291567
563839508478025	563839536449900	563839511009796
563839526354588	563839553016567	563839528747817
563839544503025	563839569586359	563839547094692
563839559028025	563839586156671	563839561946775
563839575303025	563839602725421	563839577804588
563839589319171	563839619284275	563839592042088
563839607029067	563839635880109	563839609588442
563839623310317	563839652444692	563839625838442
563839641348859	563839669025421	563839643905109
563839657250942	563839685595734	563839659740525
563839672842088	563839702155629	563839675299900
563839689713442	563839718748338	563839692142088
563839707715004	563839735337400	563839710357192
563839723263442	563839751904588	563839725836359
563839738241046	563839768449379	563839741039484
563839755784796	563839785038963	563839758617609
563839771541046	563839801608234	563839774250942
563839789367088	563839818184275	563839792093129
563839802962400	563839834769171	563839805604588
563839819379067	563839851334275	563839822072296
563839835657192	563839867897296	563839838334796
563839854783754	563839884613442	563839857452504
563839859972296	563839901058754	563839862603025
563840018696254	563840050229588	563840021363442
563840040293129	563840066880629	563840042588442
563840055673858	563840083361879	563840058066046
563840064741567	563840100163442	563840067369692
563840075670733	563840116515004	563840078254588
563840194690004	563840215964483	563840197597296
563840212291567	563840232528546	563840214971775
563840227659275	563840249100421	563840230303025
563840248233233	563840265678546	563840251037400
563840262366046	563840282235317	563840264973338
563840275039483	563840298837921	563840277515004
563840294403025	563840315379067	563840297117608
563840309023338	563840331962400	563840311505108
563840323911879	563840348522296	563840326688963
563840338751463	563840365094171	563840341300421
563840341003546	563840381655629	563840343151983
563840377685317	563840398257713	563840380349379
563840405895733	563840431460838	563840408612921
563840420595213	563840447941046	563840423006671
563840435394692	563840464521775	563840437806671
563840450994692	563840481098338	563840453687400
563840462197296	563840497715525	563840464959796
563840612199379	563840630252504	563840614807192
563840631190525	563840646797817	563840633843650
563840655742608	563840679963963	563840658445213
563840670066046	563840696540004	563840672662921
563840678345213	563840713074900	563840681148338
563840678345213	563841027913442	563840681148338
563841034687400	563841061070733	563841037109796
563841058441046	563841077682192	563841061028546
563841068146254	563841094183754	563841070859796
563841073351462	563841110737921	563841076033754
563841097498858	563841127315525	563841099914483
563841105222817	563841143889483	563841107856671
563841119253546	563841160444692	563841121882712
563842726866046	563842751526983	563842729507191
563842781457712	563842801224900	563842784235837
563842843093129	563842867520212	563842845742087
563842911894691	563842933824900	563842914574379
563842977760316	563843000142087	563842979967087
563843042219171	563843066749379	563843042803025


16666666
563838279914484	563838310182192	563838282421255
563838296618130	563838326756150	563838299433234
563838313898859	563838343334796	563838316503025
563838331069171	563838359908755	563838333770213
563838347900942	563838376459275	563838350353546
563838369831671	563838393034275	563838372252505
563838383574900	563838409603546	563838386588963
563838397581671	563838426170734	563838400216046
563838413416567	563838442774900	563838415978546
563838428341567	563838459334275	563838430962400
563838446079067	563838475909275	563838448717609
563838462157192	563838492466046	563838464799900
563838478963963	563838509044171	563838481596255
563838496776463	563838525797296	563838499421255
563838513240525	563838542180630	563838515810317
563838528848859	563838558767088	563838531244171
563838546309796	563838575314484	563838549161359
563838563917088	563838591915005	563838566564484
563838580832713	563838608467088	563838583287400
563838597955109	563838625046255	563838600592088
563838612931150	563838641616567	563838615538442
563838628825942	563838658189484	563838631330630
563838645729067	563838674745213	563838648354067
563838664448338	563838691336359	563838666709275
563838678213963	563838707891567	563838680495213
563838696091567	563838724532192	563838698085838
563838712611880	563838741031671	563838714300942
563838729258234	563838757616567	563838731793650
563838750313963	563838774170213	563838752412400
563838771958755	563838790883755	563838774267088
563838790421255	563838807319692	563838792970213
563838806530629	563838823893650	563838809021254
563838824701463	563838840482192	563838827321254
563838843275421	563838873611879	563838845588442
563838857661359	563838890211359	563838860311879
563838875310838	563838907392088	563838878267088
563838895330109	563838923318650	563838897428025
563838909936359	563838939889484	563838914572817
563838925121254	563838956456150	563838927844692
563838943676984	563838973244171	563838946132713
563838959298338	563838989583754	563838962019692
563838974268650	563839006164484	563838977008234
563838992876984	563839022729588	563838995107713
563839006087921	563839039306150	563839008776984
563839023585317	563839055906150	563839026284275
563839041055629	563839072442609	563839043713963
563839055998338	563839089013442	563839058628025
563839074231150	563839105588442	563839076917088
563839090967088	563839122164484	563839093522296
563839110247296	563839138740004	563839112813963
563839127215525	563839155313442	563839129710838
563839143599900	563839171862400	563839146249900
563839156934796	563839188441046	563839159740004
563839175168129	563839205019171	563839177894692
563839193603546	563839221584275	563839196272817
563839211738963	563839238141046	563839214337400
563839216793650	563839254729588	563839219447296
563839229934796	563839271285838	563839232344171
563839421380629	563839453604588	563839423810317
563839436997817	563839470161359	563839439638963
563839456198338	563839486725421	563839458629588
563839474810317	563839503315525	563839477175421
563839488736359	563839519876463	563839491291567
563839508478025	563839536449900	563839511009796
563839526354588	563839553016567	563839528747817
563839544503025	563839569586359	563839547094692
563839559028025	563839586156671	563839561946775
563839575303025	563839602725421	563839577804588
563839589319171	563839619284275	563839592042088
563839607029067	563839635880109	563839609588442
563839623310317	563839652444692	563839625838442
563839641348859	563839669025421	563839643905109
563839657250942	563839685595734	563839659740525
563839672842088	563839702155629	563839675299900
563839689713442	563839718748338	563839692142088
563839707715004	563839735337400	563839710357192
563839723263442	563839751904588	563839725836359
563839738241046	563839768449379	563839741039484
563839755784796	563839785038963	563839758617609
563839771541046	563839801608234	563839774250942
563839789367088	563839818184275	563839792093129
563839802962400	563839834769171	563839805604588
563839819379067	563839851334275	563839822072296
563839835657192	563839867897296	563839838334796
563839854783754	563839884613442	563839857452504
563839859972296	563839901058754	563839862603025
563840018696254	563840050229588	563840021363442
563840040293129	563840066880629	563840042588442
563840055673858	563840083361879	563840058066046
563840064741567	563840100163442	563840067369692
563840075670733	563840116515004	563840078254588
563840194690004	563840215964483	563840197597296
563840212291567	563840232528546	563840214971775
563840227659275	563840249100421	563840230303025
563840248233233	563840265678546	563840251037400
563840262366046	563840282235317	563840264973338
563840275039483	563840298837921	563840277515004
563840294403025	563840315379067	563840297117608
563840309023338	563840331962400	563840311505108
563840323911879	563840348522296	563840326688963
563840338751463	563840365094171	563840341300421
563840341003546	563840381655629	563840343151983
563840377685317	563840398257713	563840380349379
563840405895733	563840431460838	563840408612921
563840420595213	563840447941046	563840423006671
563840435394692	563840464521775	563840437806671
563840450994692	563840481098338	563840453687400
563840462197296	563840497715525	563840464959796
563840612199379	563840630252504	563840614807192
563840631190525	563840646797817	563840633843650
563840655742608	563840679963963	563840658445213
563840670066046	563840696540004	563840672662921
563840678345213	563840713074900	563840681148338
563840678345213	563841027913442	563840681148338
563841034687400	563841061070733	563841037109796
563841058441046	563841077682192	563841061028546
563841068146254	563841094183754	563841070859796
563841073351462	563841110737921	563841076033754
563841097498858	563841127315525	563841099914483
563841105222817	563841143889483	563841107856671
563841119253546	563841160444692	563841121882712
563842726866046	563842751526983	563842729507191
563842781457712	563842801224900	563842784235837
563842843093129	563842867520212	563842845742087
563842911894691	563842933824900	563842914574379
563842977760316	563843000142087	563842979967087
563843042219171	563843066749379	563843042803025


16666666
563900906953016	563900940935828	563900908466037
563900923709266	563900957341037	563900925006662
563900934723328	563900973897287	563900936173849
563900956569162	563900990487391	563900958100933
563900973107183	563901007062391	563900974558745
563900990008224	563901023642599	563900991530099
563900998925933	563901040209266	563901000299891
563901023518120	563901056761349	563901024496766
563901039063433	563901073353537	563901040097287
563901059304578	563901089913953	563901060118120
563901066100932	563901106482182	563901067255099
563901087749370	563901123058224	563901089018641
563901102220724	563901139612391	563901103184266
563901117792078	563901156191037	563901118773328
563901135242078	563901172764995	563901136200932
563901154606662	563901189323849	563901155564995
563901168166037	563901205897287	563901169126453
563901188117599	563901222491557	563901189045203
563901200878016	563901239051453	563901201886870
563901219357703	563901255628016	563901220281141
563901236254578	563901272209787	563901237192599
563901249821766	563901288767078	563901250781662
563901267725412	563901305338953	563901268851453
563901283795724	563901321917078	563901284747807
563901300147807	563901338482182	563901300984787
563901318963432	563901355058745	563901319878016
563901333736349	563901371626453	563901334653537
563901360471766	563901388469682	563901361420203
563901386184787	563901404773328	563901387184266
563901398653537	563901421339995	563901399692599
563901415884787	563901437913953	563901416801453
563901433299370	563901454492599	563901434233745
563901450754057	563901471083224	563901451682182
563901469457703	563901487655099	563901470353537
563901482164995	563901504210828	563901483731141
563901499161349	563901520782703	563901500120724
563901517163953	563901537356141	563901518117078
563901531647287	563901553935828	563901532608224
563901550104578	563901570502495	563901551092599
563901564851974	563901587081662	563901565786349
563901582386349	563901603651453	563901583370203
563901601187391	563901620235307	563901602707182
563901615254578	563901637029578	563901616219682
563901634870724	563901653375412	563901635756662
563901649288953	563901669940516	563901650220724
563901665368120	563901686517599	563901666382182
563901678573328	563901703083745	563901679514995
563901695285828	563901719661870	563901696264995
563901711358745	563901736225412	563901712342599
563901729706662	563901752798849	563901730880620
563901746485307	563901769367599	563901747448849
563901761576453	563901785954057	563901762587391
563901778169162	563901802532703	563901779187391
563901797155099	563901819096766	563901798168120
563901815589474	563901835674370	563901816976453
563901831190516	563901852243120	563901832344162
563901847478016	563901868810828	563901848992078
563901863742078	563901885389474	563901865279057
563901879422807	563901901994682	563901880935828
563901895784266	563901918525932	563901897309266
563901912467599	563901935108745	563901913980099
563901928709266	563901951678016	563901930241557
563901945669682	563901968263953	563901947481141
563901961049370	563901984820203	563901964269162
563901978293641	563902001386870	563901979795724
563901994473849	563902017950412	563901995999370
563902011043120	563902034533745	563902012617078
563902027317078	563902051117599	563902028844162
563902047038432	563902067694682	563902048593641
563902066049891	563902084276453	563902067636870
563902082338953	563902100814995	563902084068120
563902098769682	563902117426453	563902100307182
563902119849891	563902150568641	563902120969682
563902129641037	563902167130099	563902131190516
563902153436349	563902183680620	563902154109266
563902162847286	563902200279057	563902164294682
563902180976974	563902216854578	563902182371245
563902201891557	563902233404578	563902203242599
563902214018120	563902249972286	563902216336349
563902233989995	563902266551974	563902235473328
563902252479578	563902283139474	563902253839995
563902262123849	563902299713432	563902263632703
563902280737911	563902316270724	563902282079578
563902299691036	563902332829578	563902301308745
563902316138432	563902349394682	563902317697286
563902332371245	563902365964995	563902333966036
563902349749891	563902382539474	563902351274891
563902370435307	563902399134266	563902371853016
563902375177495	563902415694682	563902376720724
563902398249370	563902432251453	563902399899891
563902418447807	563902448853016	563902420093120
563902428405099	563902465430099	563902429785828
563902447199891	563902481993120	563902448508745
563902466870203	563902498569682	563902468400411
563902479011349	563902515141036	563902480525932
563902498183224	563902531718120	563902499706661
563902515057182	563902548294161	563902516682182
563902533670724	563902564872286	563902535275932
563902545068641	563902581787911	563902546229057
563902562449370	563902598012391	563902564053536
563902582534786	563902614599891	563902584117078
563902595369682	563902631163432	563902596883224
563902615678016	563902647733745	563902616959786
563902627828536	563902664326974	563902629356141
563902645372807	563902680877495	563902646864995
563902664592599	563902697470203	563902666120724
563902681100411	563902714023849	563902682716036
563902699326453	563902730607703	563902700951974
563902709696766	563902747185307	563902711273328
563902731517078	563902763773849	563902733071766
563902744447286	563902780345203	563902746325932
563902761797807	563902796888432	563902763456661
563902782322286	563902813446766	563902783870724
563902793354057	563902830051974	563902794869161
563902814201453	563902846611349	563902816090516
563902832384786	563902863169161	563902834092599
563902842200411	563902879758224	563902843793641
563902860908224	563902896301974	563902862299891
563902880300411	563902912888432	563902882096766
563902894691036	563902929442599	563902895922286
563902911779578	563902946010828	563902913325411
563902928979578	563902962598849	563902930432703
563902946578016	563902979166557	563902947761349
563902968821766	563902995756661	563902970411349
563903003626453	563903028897286	563903005253536
563903027764995	563903045468120	563903029308224
563903040317078	563903062038432	563903041833745


16666666
563910420793639	563910452753535	563910423228014
563910437258223	563910469318639	563910439417077
563910455049889	563910485896244	563910457337910
563910471578014	563910502467598	563910473511348
563910490223848	563910519053014	563910492318119
563910504343119	563910535606139	563910506482702
563910519943639	563910552173327	563910522174889
563910536780098	563910568746764	563910539230098
563910553252494	563910585339994	563910555433744
563910569313431	563910601895723	563910571491035
563910588188952	563910618472806	563910590395723
563910605018639	563910635044160	563910606913431
563910621615514	563910651620723	563910623491035
563910637862389	563910668172285	563910640122806
563910655865514	563910684764994	563910657838952
563910672545202	563910701320202	563910674794160
563910687906139	563910717897285	563910690038952
563910706189994	563910734463431	563910708288431
563910720969160	563910751028535	563910723271764
563910737850410	563910767592598	563910740208223
563910756213952	563910784157702	563910758486348
563910770394160	563910800796244	563910772745202
563910785870202	563910817301452	563910788204056
563910802988431	563910833864994	563910805302494
563910820663431	563910850435306	563910823311869
563910836986348	563910867006660	563910839293119
563910857086869	563910883579577	563910859454577
563910871925931	563910900132181	563910874262910
563910886826452	563910916710306	563910889159785
563910903241556	563910933300931	563910905729577
563910918656139	563910949842077	563910921002493
563910934557181	563910966413431	563910937024368
563910949451452	563910983006139	563910951844681
563910967964993	563910999554577	563910970378014
563910983436348	563911016171243	563910985583223
563911001505618	563911032707702	563911004028535
563911018402493	563911049292077	563911020706660
563911032611868	563911065928014	563911035089993
563911051435827	563911082434785	563911053811868
563911070587910	563911099010306	563911072614993
563911085956139	563911115584264	563911088388431
563911103816035	563911132309264	563911106380618
563911118059264	563911148718118	563911120681139
563911138626452	563911165297806	563911140889993
563911156442077	563911181871764	563911158774368
563911169938431	563911198476452	563911172206139
563911183646764	563911215007702	563911186317077
563911198591035	563911231572806	563911201168639
563911217746764	563911248154056	563911220336868
563911234549889	563911264699889	563911236901973
563911252506660	563911281303014	563911254562910
563911269329577	563911297870723	563911271920202
563911285361868	563911314436868	563911287972806
563911289670723	563911331016035	563911292147806
563911315842598	563911347574889	563911318499368
563911335081660	563911364158223	563911337685827
563911350870202	563911380756660	563911353497806
563911367210827	563911397300931	563911369805098
563911384105618	563911413897285	563911386496243
563911401374889	563911430446764	563911403660306
563911417836348	563911447029056	563911420301973
563911431913431	563911463594681	563911434973327
563911448480618	563911480146243	563911451199889
563911465052493	563911496727493	563911467692598
563911484566035	563911513295723	563911486950410
563911502135306	563911529857702	563911504594160
563911515497806	563911546438952	563911517563952
563911532480098	563911563001973	563911534834785
563911550036348	563911579590514	563911551919160
563911564286348	563911596153014	563911566937389
563911583021243	563911612724889	563911585630098
563911600101973	563911629289473	563911602685306
563911616299368	563911645850931	563911618294160
563911632692077	563911662421764	563911635312910
563911647124889	563911679757702	563911649627493
563911668620202	563911695580098	563911670635827
563911682726452	563911712185306	563911685353014
563911700271243	563911728715514	563911702620723
563911713101452	563911745287910	563911715849889
563911732732181	563911761864993	563911735179056
563911750135306	563911778444681	563911752387389
563911773501452	563911794997806	563911775175931
563911791008223	563911811561868	563911793726452
563911806730618	563911828122806	563911809387910
563911819074889	563911844747806	563911821751452
563911834669681	563911861307181	563911836854577
563911848148848	563911877826973	563911850654577
563911862836868	563911894413431	563911865553535
563911881491556	563911911198327	563911883898327
563911894922285	563911927536348	563911897563431
563911902293639	563911944115514	563911904751973
563911928441556	563911960686348	563911931137910
563911945472285	563911977255618	563911948114993
563911962095723	563911993817597	563911964741556
563911980080618	563912010656660	563911982683743
563911985197806	563912026946764	563911987722806
563912590864993	563912606864472	563912593759264
563912612349889	563912639997806	563912614848847
563912630643118	563912656567597	563912633423847
563912649886347	563912673122285	563912652538952
563912664164472	563912689716035	563912667583222
563912684215514	563912706264993	563912686068118
563912697219681	563912722852493	563912698424889
563912709921243	563912739412389	563912712720722
563912728247285	563912755988952	563912731028535
563912745083222	563912772556139	563912747818118
563912762577493	563912789121764	563912765136347
563912775081660	563912805700410	563912777664993
563912791771764	563912822260827	563912794303014
563912807998847	563912838829577	563912810685306
563912825942597	563912855405618	563912828237910
563912833067597	563912871985827	563912835732702
563913176686347	563913203445201	563913179300410
563913176686347	563913236571764	563913179300410
563913236387389	563913253180097	563913238983743
563913248999889	563913269721764	563913251613431
563913253970722	563913286312389	563913256753014
563913259667076	563913302892076	563913262242076
563913289319160	563913319446764	563913291950931
563913299283222	563913336300931	563913301903535
563913313058222	563913352601972	563913315761868
563914921953014	563914943701972	563914924585305
563914971346764	563914993399889	563914974057701
563915037676451	563915059724889	563915040305618
563915106093639	563915126390514	563915108704055
563915169160305	563915192322805	563915171325410
563915234848847	563915258610305	563915235558743


16666666
563910420793639	563910452753535	563910423228014
563910437258223	563910469318639	563910439417077
563910455049889	563910485896244	563910457337910
563910471578014	563910502467598	563910473511348
563910490223848	563910519053014	563910492318119
563910504343119	563910535606139	563910506482702
563910519943639	563910552173327	563910522174889
563910536780098	563910568746764	563910539230098
563910553252494	563910585339994	563910555433744
563910569313431	563910601895723	563910571491035
563910588188952	563910618472806	563910590395723
563910605018639	563910635044160	563910606913431
563910621615514	563910651620723	563910623491035
563910637862389	563910668172285	563910640122806
563910655865514	563910684764994	563910657838952
563910672545202	563910701320202	563910674794160
563910687906139	563910717897285	563910690038952
563910706189994	563910734463431	563910708288431
563910720969160	563910751028535	563910723271764
563910737850410	563910767592598	563910740208223
563910756213952	563910784157702	563910758486348
563910770394160	563910800796244	563910772745202
563910785870202	563910817301452	563910788204056
563910802988431	563910833864994	563910805302494
563910820663431	563910850435306	563910823311869
563910836986348	563910867006660	563910839293119
563910857086869	563910883579577	563910859454577
563910871925931	563910900132181	563910874262910
563910886826452	563910916710306	563910889159785
563910903241556	563910933300931	563910905729577
563910918656139	563910949842077	563910921002493
563910934557181	563910966413431	563910937024368
563910949451452	563910983006139	563910951844681
563910967964993	563910999554577	563910970378014
563910983436348	563911016171243	563910985583223
563911001505618	563911032707702	563911004028535
563911018402493	563911049292077	563911020706660
563911032611868	563911065928014	563911035089993
563911051435827	563911082434785	563911053811868
563911070587910	563911099010306	563911072614993
563911085956139	563911115584264	563911088388431
563911103816035	563911132309264	563911106380618
563911118059264	563911148718118	563911120681139
563911138626452	563911165297806	563911140889993
563911156442077	563911181871764	563911158774368
563911169938431	563911198476452	563911172206139
563911183646764	563911215007702	563911186317077
563911198591035	563911231572806	563911201168639
563911217746764	563911248154056	563911220336868
563911234549889	563911264699889	563911236901973
563911252506660	563911281303014	563911254562910
563911269329577	563911297870723	563911271920202
563911285361868	563911314436868	563911287972806
563911289670723	563911331016035	563911292147806
563911315842598	563911347574889	563911318499368
563911335081660	563911364158223	563911337685827
563911350870202	563911380756660	563911353497806
563911367210827	563911397300931	563911369805098
563911384105618	563911413897285	563911386496243
563911401374889	563911430446764	563911403660306
563911417836348	563911447029056	563911420301973
563911431913431	563911463594681	563911434973327
563911448480618	563911480146243	563911451199889
563911465052493	563911496727493	563911467692598
563911484566035	563911513295723	563911486950410
563911502135306	563911529857702	563911504594160
563911515497806	563911546438952	563911517563952
563911532480098	563911563001973	563911534834785
563911550036348	563911579590514	563911551919160
563911564286348	563911596153014	563911566937389
563911583021243	563911612724889	563911585630098
563911600101973	563911629289473	563911602685306
563911616299368	563911645850931	563911618294160
563911632692077	563911662421764	563911635312910
563911647124889	563911679757702	563911649627493
563911668620202	563911695580098	563911670635827
563911682726452	563911712185306	563911685353014
563911700271243	563911728715514	563911702620723
563911713101452	563911745287910	563911715849889
563911732732181	563911761864993	563911735179056
563911750135306	563911778444681	563911752387389
563911773501452	563911794997806	563911775175931
563911791008223	563911811561868	563911793726452
563911806730618	563911828122806	563911809387910
563911819074889	563911844747806	563911821751452
563911834669681	563911861307181	563911836854577
563911848148848	563911877826973	563911850654577
563911862836868	563911894413431	563911865553535
563911881491556	563911911198327	563911883898327
563911894922285	563911927536348	563911897563431
563911902293639	563911944115514	563911904751973
563911928441556	563911960686348	563911931137910
563911945472285	563911977255618	563911948114993
563911962095723	563911993817597	563911964741556
563911980080618	563912010656660	563911982683743
563911985197806	563912026946764	563911987722806
563912590864993	563912606864472	563912593759264
563912612349889	563912639997806	563912614848847
563912630643118	563912656567597	563912633423847
563912649886347	563912673122285	563912652538952
563912664164472	563912689716035	563912667583222
563912684215514	563912706264993	563912686068118
563912697219681	563912722852493	563912698424889
563912709921243	563912739412389	563912712720722
563912728247285	563912755988952	563912731028535
563912745083222	563912772556139	563912747818118
563912762577493	563912789121764	563912765136347
563912775081660	563912805700410	563912777664993
563912791771764	563912822260827	563912794303014
563912807998847	563912838829577	563912810685306
563912825942597	563912855405618	563912828237910
563912833067597	563912871985827	563912835732702
563913176686347	563913203445201	563913179300410
563913176686347	563913236571764	563913179300410
563913236387389	563913253180097	563913238983743
563913248999889	563913269721764	563913251613431
563913253970722	563913286312389	563913256753014
563913259667076	563913302892076	563913262242076
563913289319160	563913319446764	563913291950931
563913299283222	563913336300931	563913301903535
563913313058222	563913352601972	563913315761868
563914921953014	563914943701972	563914924585305
563914971346764	563914993399889	563914974057701
563915037676451	563915059724889	563915040305618
563915106093639	563915126390514	563915108704055
563915169160305	563915192322805	563915171325410
563915234848847	563915258610305	563915235558743


16666666
563910420793639	563910452753535	563910423228014
563910437258223	563910469318639	563910439417077
563910455049889	563910485896244	563910457337910
563910471578014	563910502467598	563910473511348
563910490223848	563910519053014	563910492318119
563910504343119	563910535606139	563910506482702
563910519943639	563910552173327	563910522174889
563910536780098	563910568746764	563910539230098
563910553252494	563910585339994	563910555433744
563910569313431	563910601895723	563910571491035
563910588188952	563910618472806	563910590395723
563910605018639	563910635044160	563910606913431
563910621615514	563910651620723	563910623491035
563910637862389	563910668172285	563910640122806
563910655865514	563910684764994	563910657838952
563910672545202	563910701320202	563910674794160
563910687906139	563910717897285	563910690038952
563910706189994	563910734463431	563910708288431
563910720969160	563910751028535	563910723271764
563910737850410	563910767592598	563910740208223
563910756213952	563910784157702	563910758486348
563910770394160	563910800796244	563910772745202
563910785870202	563910817301452	563910788204056
563910802988431	563910833864994	563910805302494
563910820663431	563910850435306	563910823311869
563910836986348	563910867006660	563910839293119
563910857086869	563910883579577	563910859454577
563910871925931	563910900132181	563910874262910
563910886826452	563910916710306	563910889159785
563910903241556	563910933300931	563910905729577
563910918656139	563910949842077	563910921002493
563910934557181	563910966413431	563910937024368
563910949451452	563910983006139	563910951844681
563910967964993	563910999554577	563910970378014
563910983436348	563911016171243	563910985583223
563911001505618	563911032707702	563911004028535
563911018402493	563911049292077	563911020706660
563911032611868	563911065928014	563911035089993
563911051435827	563911082434785	563911053811868
563911070587910	563911099010306	563911072614993
563911085956139	563911115584264	563911088388431
563911103816035	563911132309264	563911106380618
563911118059264	563911148718118	563911120681139
563911138626452	563911165297806	563911140889993
563911156442077	563911181871764	563911158774368
563911169938431	563911198476452	563911172206139
563911183646764	563911215007702	563911186317077
563911198591035	563911231572806	563911201168639
563911217746764	563911248154056	563911220336868
563911234549889	563911264699889	563911236901973
563911252506660	563911281303014	563911254562910
563911269329577	563911297870723	563911271920202
563911285361868	563911314436868	563911287972806
563911289670723	563911331016035	563911292147806
563911315842598	563911347574889	563911318499368
563911335081660	563911364158223	563911337685827
563911350870202	563911380756660	563911353497806
563911367210827	563911397300931	563911369805098
563911384105618	563911413897285	563911386496243
563911401374889	563911430446764	563911403660306
563911417836348	563911447029056	563911420301973
563911431913431	563911463594681	563911434973327
563911448480618	563911480146243	563911451199889
563911465052493	563911496727493	563911467692598
563911484566035	563911513295723	563911486950410
563911502135306	563911529857702	563911504594160
563911515497806	563911546438952	563911517563952
563911532480098	563911563001973	563911534834785
563911550036348	563911579590514	563911551919160
563911564286348	563911596153014	563911566937389
563911583021243	563911612724889	563911585630098
563911600101973	563911629289473	563911602685306
563911616299368	563911645850931	563911618294160
563911632692077	563911662421764	563911635312910
563911647124889	563911679757702	563911649627493
563911668620202	563911695580098	563911670635827
563911682726452	563911712185306	563911685353014
563911700271243	563911728715514	563911702620723
563911713101452	563911745287910	563911715849889
563911732732181	563911761864993	563911735179056
563911750135306	563911778444681	563911752387389
563911773501452	563911794997806	563911775175931
563911791008223	563911811561868	563911793726452
563911806730618	563911828122806	563911809387910
563911819074889	563911844747806	563911821751452
563911834669681	563911861307181	563911836854577
563911848148848	563911877826973	563911850654577
563911862836868	563911894413431	563911865553535
563911881491556	563911911198327	563911883898327
563911894922285	563911927536348	563911897563431
563911902293639	563911944115514	563911904751973
563911928441556	563911960686348	563911931137910
563911945472285	563911977255618	563911948114993
563911962095723	563911993817597	563911964741556
563911980080618	563912010656660	563911982683743
563911985197806	563912026946764	563911987722806
563912590864993	563912606864472	563912593759264
563912612349889	563912639997806	563912614848847
563912630643118	563912656567597	563912633423847
563912649886347	563912673122285	563912652538952
563912664164472	563912689716035	563912667583222
563912684215514	563912706264993	563912686068118
563912697219681	563912722852493	563912698424889
563912709921243	563912739412389	563912712720722
563912728247285	563912755988952	563912731028535
563912745083222	563912772556139	563912747818118
563912762577493	563912789121764	563912765136347
563912775081660	563912805700410	563912777664993
563912791771764	563912822260827	563912794303014
563912807998847	563912838829577	563912810685306
563912825942597	563912855405618	563912828237910
563912833067597	563912871985827	563912835732702
563913176686347	563913203445201	563913179300410
563913176686347	563913236571764	563913179300410
563913236387389	563913253180097	563913238983743
563913248999889	563913269721764	563913251613431
563913253970722	563913286312389	563913256753014
563913259667076	563913302892076	563913262242076
563913289319160	563913319446764	563913291950931
563913299283222	563913336300931	563913301903535
563913313058222	563913352601972	563913315761868
563914921953014	563914943701972	563914924585305
563914971346764	563914993399889	563914974057701
563915037676451	563915059724889	563915040305618
563915106093639	563915126390514	563915108704055
563915169160305	563915192322805	563915171325410
563915234848847	563915258610305	563915235558743


16666666
563982278717587	563982320355087	563982279491024
563982294877483	563982336905087	563982295713941
563982311537899	563982353436337	563982312367066
563982331728003	563982370010295	563982332095191
563982345000399	563982386810295	563982345747274
563982361573837	563982403152483	563982362334253
563982379068108	563982419778003	563982380623316
563982396742066	563982436314462	563982398082170
563982419544149	563982452985295	563982420665503
563982435680608	563982469444149	563982436628003
563982461771233	563982486197274	563982463061858
563982502239462	563982519165503	563982503637378
563982508943108	563982535731649	563982510749358
563982517074878	563982552326441	563982518844149
563982527115503	563982568869670	563982528906649
563982545150920	563982585468628	563982546379566
563982562191545	563982602038941	563982563580087
563982579250399	563982618631128	563982580115503
563982595714983	563982635260816	563982596494670
563982610984774	563982651771753	563982611751962
563982628317587	563982668342587	563982629118628
563982644869149	563982684907691	563982645628524
563982660884253	563982701507170	563982661647274
563982678384253	563982718083733	563982678828003
563982694882691	563982734657691	563982695830087
563982711409253	563982751223837	563982712362378
563982762919149	563982784351962	563982764780608
563982787718628	563982817508733	563982789489983
563982792411337	563982834087899	563982794115503
563982811229566	563982850646753	563982812792066
563982830230608	563982867246753	563982832075399
563982844670712	563982883790503	563982846508733
563982861989462	563982900345191	563982863713420
563982878455087	563982916926962	563982880331649
563982894717066	563982933501441	563982896566545
563982908737899	563982950079045	563982909421753
563982925017587	563982966661337	563982925843108
563982942213420	563982983238420	563982942951962
563982958614983	563982999831649	563982959407691
563982976600399	563983016385295	563982977099358
563982992092066	563983032961337	563982992796753
563983009111857	563983049510295	563983009839982
563983025837899	563983066129045	563983026669670
563983042998316	563983082722274	563983043789462
563983068144670	563983099266024	563983068780087
563983082979045	563983115826962	563983083633732
563983091818628	563983132417066	563983092707691
563983110824878	563983149008732	563983112403524
563983127124878	563983165558212	563983128939462
563983146268107	563983182117066	563983147991024
563983161221753	563983198703003	563983163054045
563983176620712	563983215263420	563983178405087
563983192127482	563983231834253	563983193919670
563983209410295	563983248473316	563983210554045
563983223596753	563983265011337	563983224367587
563983241559774	563983281579045	563983242162378
563983258261337	563983298162378	563983259029045
563983274177482	563983314717587	563983274948837
563983290309774	563983331294670	563983291087899
563983308054566	563983347873837	563983309878524
563983326078003	563983364437899	563983327777482
563983343574357	563983381235816	563983345342066
563983359420191	563983397584253	563983361104045
563983373566545	563983414150920	563983375339462
563983390561337	563983430736857	563983392299878
563983406376441	563983447331128	563983407677482
563983422363420	563983463880607	563983423111857
563983440584774	563983480431649	563983441291545
563983456376441	563983497326962	563983457122795
563983472756649	563983513587899	563983473496232
563983490481128	563983530162378	563983491175399
563983511335816	563983547085816	563983513146232
563983523839462	563983563308732	563983526216024
563983539907170	563983579884774	563983541648316
563983558170191	563983596793107	563983559961337
563983571708212	563983613129566	563983573060816
563983588580607	563983629599357	563983589299357
563983605861857	563983646184774	563983606596232
563983622863941	563983662767066	563983623593628
563983639998316	563983679336857	563983640746232
563983657119670	563983695921753	563983657836337
563983679460816	563983712472795	563983680398837
563983693181649	563983729045191	563983693980607
563983716571232	563983745643107	563983718432691
563983725686857	563983762179045	563983727463420
563983742550399	563983778753003	563983744292066
563983758105607	563983795325399	563983759912378
563983773695712	563983811894670	563983775566545
563983788741024	563983828472795	563983790723837
563983805354045	563983845046753	563983807281128
563983821300399	563983861612378	563983822626962
563983837089982	563983878209253	563983838072795
563983854487378	563983894770191	563983855260295
563983871723316	563983911945712	563983872568107
563983889404045	563983927920712	563983889901962
563983907322795	563983944500399	563983909174878
563983923045191	563983961052482	563983924863941
563983938691024	563983977622795	563983940442066
563983954388420	563983994194670	563983956230607
563983970524878	563984010772795	563983972354566
563983988588420	563984027362899	563983990383732
563984003644670	563984043923837	563984005050399
563984019986337	563984060496232	563984020536337
563984039274357	563984077082691	563984040073837
563984052981649	563984093652482	563984053771232
563984069622795	563984110239982	563984070445191
563984086154566	563984126792066	563984086975399
563984105719149	563984143363941	563984106345711
563984123690503	563984159922274	563984125525399
563984137376961	563984176518628	563984138949357
563984153963941	563984193067586	563984156330607
563984170681649	563984209642066	563984172458211
563984185575399	563984226219149	563984186901441
563984201195191	563984242780607	563984201972274
563984217484253	563984259351961	563984218453524
563984234836857	563984276148316	563984235608211
563984250636857	563984292502482	563984251878524
563984268828524	563984309084253	563984269622795
563984287606649	563984325651961	563984288277482
563984306401961	563984342254045	563984306081128
563984323859774	563984358790503	563984325589461
563984339000920	563984375363941	563984340668107
563984354142586	563984391937899	563984355904566
563984368639982	563984408514982	563984370450920
563984385094149	563984425072795	563984386891545
563984405116024	563984441659253	563984406179566
563984419582691	9223372036854775807	563984420917586


16666666
563991193969669	563991221480085	563991195978523
563991209897794	563991238077481	563991211816544
563991224425398	563991254659773	563991226034773
563991240812898	563991271222794	563991243096752
563991256223835	563991287801960	563991258531648
563991276403523	563991304404044	563991278211335
563991288187377	563991320973835	563991290444148
563991306015502	563991337547273	563991308407690
563991323784773	563991354125398	563991325795710
563991342604044	563991370711856	563991344909252
563991356906127	563991387293627	563991359614460
563991373929565	563991403889981	563991376255085
563991390970190	563991420512377	563991393406127
563991408928523	563991437350919	563991411210815
563991425164460	563991453608210	563991427029565
563991438416544	563991470192585	563991440961335
563991458021231	563991486780606	563991460181127
563991475357169	563991503356127	563991477775398
563991491605606	563991519917585	563991493978523
563991505316023	563991536508731	563991507674356
563991520499356	563991553089460	563991522670710
563991538728002	563991569686856	563991541074877
563991555535294	563991586261335	563991557870190
563991573062898	563991603619148	563991575243106
563991590288419	563991619407690	563991592755085
563991606080606	563991635996231	563991608710815
563991623517585	563991652554044	563991625813419
563991640420190	563991669134773	563991642778523
563991658072273	563991685712898	563991660542585
563991675679044	563991702299877	563991678027481
563991688460294	563991718864460	563991690846752
563991707863419	563991735436856	563991710345710
563991722791544	563991752010294	563991725395189
563991737946231	563991768579564	563991740512898
563991751225919	563991785241023	563991753868627
563991769835294	563991801729044	563991772305606
563991786235814	563991818295710	563991788725919
563991802691544	563991834892064	563991805188419
563991818462898	563991851450919	563991821035814
563991836655606	563991868040502	563991838874877
563991852363419	563991884622273	563991854994148
563991869742585	563991901186335	563991872323314
563991887833210	563991917782689	563991890486335
563991902035294	563991934351960	563991905157169
563991920787898	563991950939981	563991923312898
563991937329564	563991967540502	563991939953002
563991954446231	563991984091023	563991956757689
563991972673314	563992000675398	563991975282689
563991984999877	563992017257169	563991987567064
563992005231127	563992033819148	563992007665502
563992020948835	563992050424356	563992022676439
563992037138419	563992066966544	563992039641544
563992055063939	563992083573835	563992057825398
563992071564460	563992100147794	563992073539460
563992091901439	563992116720710	563992094753002
563992107622273	563992133293106	563992110434252
563992123872794	563992149870710	563992126526439
563992137394669	563992166447273	563992140168106
563992152125398	563992183028523	563992154633731
563992169892585	563992199625919	563992172277481
563992184337898	563992216517585	563992186936335
563992201335814	563992232754564	563992204056648
563992222350919	563992249345189	563992224566023
563992236602481	563992265938939	563992239018106
563992256353002	563992282530606	563992258872794
563992261237377	563992299114981	563992263857169
563992275311856	563992315663419	563992277650398
563992302893627	563992332238419	563992305542585
563992317736335	563992348818106	563992320313939
563992336842064	563992365403002	563992339500919
563992339951960	563992381967064	563992342148314
563992359897273	563992398571231	563992362546231
563992494372794	563992514609252	563992496976960
563992511875398	563992531179564	563992514642064
563992529438419	563992547770189	563992532167585
563992544170710	563992564353523	563992546610814
563992558770710	563992580913419	563992561454564
563992573654044	563992597481127	563992576749877
563992586651439	563992614128523	563992589680085
563992596361856	563992630673314	563992599023835
563992607562377	563992647260294	563992610003002
563992693332689	563992713584773	563992695973835
563992714306127	563992730169669	563992716933731
563992731201960	563992746731648	563992733849356
563992747675398	563992763296752	563992750326960
563992763464460	563992779875919	563992765828523
563992777562898	563992796686856	563992780179044
563992792298835	563992813026439	563992795180085
563992798186335	563992829648314	563992800895189
563992876278523	563992895943106	563992878852481
563992888966023	563992912493106	563992891570710
563992910725918	563992929322273	563992913356648
563992926590502	563992945642585	563992929419668
563992940497793	563992962250398	563992943161856
563992958254043	563992978800918	563992960868627
563992971999877	563992995391023	563992974600918
563992989289460	563993011951960	563992991805606
563993002355606	563993028521231	563993004948835
563993020408210	563993045124877	563993023076439
563993034409252	563993061996231	563993037213939
563993049886856	563993078262377	563993052300918
563993063708731	563993094879564	563993066572273
563993083948835	563993111419668	563993086613939
563993099812377	563993127995189	563993102418627
563993115752481	563993144565502	563993118319148
563993133109773	563993161154564	563993135713939
563993148494148	563993177713418	563993151325398
563993165277481	563993194305606	563993167725398
563993184167585	563993210869148	563993186751960
563993199338939	563993227439981	563993201959252
563993206700398	563993244019148	563993209356127
563993675597793	563993691592064	563993678230085
563993691571231	563993708178523	563993694059252
563993691571231	563993741350398	563993694059252
563993742980606	563993774487377	563993745512377
563993755228523	563993791074877	563993758225918
563993767054564	563993807633731	563993769516023
563993785841023	563993824206127	563993788279564
563993799794148	563993840795189	563993802530085
563993815399356	563993857384773	563993818150918
563993831620710	563993873946231	563993834363418
563995420595189	563995448822272	563995423105606
563995476794668	563995498521751	563995479472272
563995540955606	563995564843106	563995543612376
563995610256126	563995631160814	563995612943626
563995675495710	563995697476960	563995677675397
563995738304564	563995763803522	563995739005606


16666666
563991193969669	563991221480085	563991195978523
563991209897794	563991238077481	563991211816544
563991224425398	563991254659773	563991226034773
563991240812898	563991271222794	563991243096752
563991256223835	563991287801960	563991258531648
563991276403523	563991304404044	563991278211335
563991288187377	563991320973835	563991290444148
563991306015502	563991337547273	563991308407690
563991323784773	563991354125398	563991325795710
563991342604044	563991370711856	563991344909252
563991356906127	563991387293627	563991359614460
563991373929565	563991403889981	563991376255085
563991390970190	563991420512377	563991393406127
563991408928523	563991437350919	563991411210815
563991425164460	563991453608210	563991427029565
563991438416544	563991470192585	563991440961335
563991458021231	563991486780606	563991460181127
563991475357169	563991503356127	563991477775398
563991491605606	563991519917585	563991493978523
563991505316023	563991536508731	563991507674356
563991520499356	563991553089460	563991522670710
563991538728002	563991569686856	563991541074877
563991555535294	563991586261335	563991557870190
563991573062898	563991603619148	563991575243106
563991590288419	563991619407690	563991592755085
563991606080606	563991635996231	563991608710815
563991623517585	563991652554044	563991625813419
563991640420190	563991669134773	563991642778523
563991658072273	563991685712898	563991660542585
563991675679044	563991702299877	563991678027481
563991688460294	563991718864460	563991690846752
563991707863419	563991735436856	563991710345710
563991722791544	563991752010294	563991725395189
563991737946231	563991768579564	563991740512898
563991751225919	563991785241023	563991753868627
563991769835294	563991801729044	563991772305606
563991786235814	563991818295710	563991788725919
563991802691544	563991834892064	563991805188419
563991818462898	563991851450919	563991821035814
563991836655606	563991868040502	563991838874877
563991852363419	563991884622273	563991854994148
563991869742585	563991901186335	563991872323314
563991887833210	563991917782689	563991890486335
563991902035294	563991934351960	563991905157169
563991920787898	563991950939981	563991923312898
563991937329564	563991967540502	563991939953002
563991954446231	563991984091023	563991956757689
563991972673314	563992000675398	563991975282689
563991984999877	563992017257169	563991987567064
563992005231127	563992033819148	563992007665502
563992020948835	563992050424356	563992022676439
563992037138419	563992066966544	563992039641544
563992055063939	563992083573835	563992057825398
563992071564460	563992100147794	563992073539460
563992091901439	563992116720710	563992094753002
563992107622273	563992133293106	563992110434252
563992123872794	563992149870710	563992126526439
563992137394669	563992166447273	563992140168106
563992152125398	563992183028523	563992154633731
563992169892585	563992199625919	563992172277481
563992184337898	563992216517585	563992186936335
563992201335814	563992232754564	563992204056648
563992222350919	563992249345189	563992224566023
563992236602481	563992265938939	563992239018106
563992256353002	563992282530606	563992258872794
563992261237377	563992299114981	563992263857169
563992275311856	563992315663419	563992277650398
563992302893627	563992332238419	563992305542585
563992317736335	563992348818106	563992320313939
563992336842064	563992365403002	563992339500919
563992339951960	563992381967064	563992342148314
563992359897273	563992398571231	563992362546231
563992494372794	563992514609252	563992496976960
563992511875398	563992531179564	563992514642064
563992529438419	563992547770189	563992532167585
563992544170710	563992564353523	563992546610814
563992558770710	563992580913419	563992561454564
563992573654044	563992597481127	563992576749877
563992586651439	563992614128523	563992589680085
563992596361856	563992630673314	563992599023835
563992607562377	563992647260294	563992610003002
563992693332689	563992713584773	563992695973835
563992714306127	563992730169669	563992716933731
563992731201960	563992746731648	563992733849356
563992747675398	563992763296752	563992750326960
563992763464460	563992779875919	563992765828523
563992777562898	563992796686856	563992780179044
563992792298835	563992813026439	563992795180085
563992798186335	563992829648314	563992800895189
563992876278523	563992895943106	563992878852481
563992888966023	563992912493106	563992891570710
563992910725918	563992929322273	563992913356648
563992926590502	563992945642585	563992929419668
563992940497793	563992962250398	563992943161856
563992958254043	563992978800918	563992960868627
563992971999877	563992995391023	563992974600918
563992989289460	563993011951960	563992991805606
563993002355606	563993028521231	563993004948835
563993020408210	563993045124877	563993023076439
563993034409252	563993061996231	563993037213939
563993049886856	563993078262377	563993052300918
563993063708731	563993094879564	563993066572273
563993083948835	563993111419668	563993086613939
563993099812377	563993127995189	563993102418627
563993115752481	563993144565502	563993118319148
563993133109773	563993161154564	563993135713939
563993148494148	563993177713418	563993151325398
563993165277481	563993194305606	563993167725398
563993184167585	563993210869148	563993186751960
563993199338939	563993227439981	563993201959252
563993206700398	563993244019148	563993209356127
563993675597793	563993691592064	563993678230085
563993691571231	563993708178523	563993694059252
563993691571231	563993741350398	563993694059252
563993742980606	563993774487377	563993745512377
563993755228523	563993791074877	563993758225918
563993767054564	563993807633731	563993769516023
563993785841023	563993824206127	563993788279564
563993799794148	563993840795189	563993802530085
563993815399356	563993857384773	563993818150918
563993831620710	563993873946231	563993834363418
563995420595189	563995448822272	563995423105606
563995476794668	563995498521751	563995479472272
563995540955606	563995564843106	563995543612376
563995610256126	563995631160814	563995612943626
563995675495710	563995697476960	563995677675397
563995738304564	563995763803522	563995739005606


16666666
563991193969669	563991221480085	563991195978523
563991209897794	563991238077481	563991211816544
563991224425398	563991254659773	563991226034773
563991240812898	563991271222794	563991243096752
563991256223835	563991287801960	563991258531648
563991276403523	563991304404044	563991278211335
563991288187377	563991320973835	563991290444148
563991306015502	563991337547273	563991308407690
563991323784773	563991354125398	563991325795710
563991342604044	563991370711856	563991344909252
563991356906127	563991387293627	563991359614460
563991373929565	563991403889981	563991376255085
563991390970190	563991420512377	563991393406127
563991408928523	563991437350919	563991411210815
563991425164460	563991453608210	563991427029565
563991438416544	563991470192585	563991440961335
563991458021231	563991486780606	563991460181127
563991475357169	563991503356127	563991477775398
563991491605606	563991519917585	563991493978523
563991505316023	563991536508731	563991507674356
563991520499356	563991553089460	563991522670710
563991538728002	563991569686856	563991541074877
563991555535294	563991586261335	563991557870190
563991573062898	563991603619148	563991575243106
563991590288419	563991619407690	563991592755085
563991606080606	563991635996231	563991608710815
563991623517585	563991652554044	563991625813419
563991640420190	563991669134773	563991642778523
563991658072273	563991685712898	563991660542585
563991675679044	563991702299877	563991678027481
563991688460294	563991718864460	563991690846752
563991707863419	563991735436856	563991710345710
563991722791544	563991752010294	563991725395189
563991737946231	563991768579564	563991740512898
563991751225919	563991785241023	563991753868627
563991769835294	563991801729044	563991772305606
563991786235814	563991818295710	563991788725919
563991802691544	563991834892064	563991805188419
563991818462898	563991851450919	563991821035814
563991836655606	563991868040502	563991838874877
563991852363419	563991884622273	563991854994148
563991869742585	563991901186335	563991872323314
563991887833210	563991917782689	563991890486335
563991902035294	563991934351960	563991905157169
563991920787898	563991950939981	563991923312898
563991937329564	563991967540502	563991939953002
563991954446231	563991984091023	563991956757689
563991972673314	563992000675398	563991975282689
563991984999877	563992017257169	563991987567064
563992005231127	563992033819148	563992007665502
563992020948835	563992050424356	563992022676439
563992037138419	563992066966544	563992039641544
563992055063939	563992083573835	563992057825398
563992071564460	563992100147794	563992073539460
563992091901439	563992116720710	563992094753002
563992107622273	563992133293106	563992110434252
563992123872794	563992149870710	563992126526439
563992137394669	563992166447273	563992140168106
563992152125398	563992183028523	563992154633731
563992169892585	563992199625919	563992172277481
563992184337898	563992216517585	563992186936335
563992201335814	563992232754564	563992204056648
563992222350919	563992249345189	563992224566023
563992236602481	563992265938939	563992239018106
563992256353002	563992282530606	563992258872794
563992261237377	563992299114981	563992263857169
563992275311856	563992315663419	563992277650398
563992302893627	563992332238419	563992305542585
563992317736335	563992348818106	563992320313939
563992336842064	563992365403002	563992339500919
563992339951960	563992381967064	563992342148314
563992359897273	563992398571231	563992362546231
563992494372794	563992514609252	563992496976960
563992511875398	563992531179564	563992514642064
563992529438419	563992547770189	563992532167585
563992544170710	563992564353523	563992546610814
563992558770710	563992580913419	563992561454564
563992573654044	563992597481127	563992576749877
563992586651439	563992614128523	563992589680085
563992596361856	563992630673314	563992599023835
563992607562377	563992647260294	563992610003002
563992693332689	563992713584773	563992695973835
563992714306127	563992730169669	563992716933731
563992731201960	563992746731648	563992733849356
563992747675398	563992763296752	563992750326960
563992763464460	563992779875919	563992765828523
563992777562898	563992796686856	563992780179044
563992792298835	563992813026439	563992795180085
563992798186335	563992829648314	563992800895189
563992876278523	563992895943106	563992878852481
563992888966023	563992912493106	563992891570710
563992910725918	563992929322273	563992913356648
563992926590502	563992945642585	563992929419668
563992940497793	563992962250398	563992943161856
563992958254043	563992978800918	563992960868627
563992971999877	563992995391023	563992974600918
563992989289460	563993011951960	563992991805606
563993002355606	563993028521231	563993004948835
563993020408210	563993045124877	563993023076439
563993034409252	563993061996231	563993037213939
563993049886856	563993078262377	563993052300918
563993063708731	563993094879564	563993066572273
563993083948835	563993111419668	563993086613939
563993099812377	563993127995189	563993102418627
563993115752481	563993144565502	563993118319148
563993133109773	563993161154564	563993135713939
563993148494148	563993177713418	563993151325398
563993165277481	563993194305606	563993167725398
563993184167585	563993210869148	563993186751960
563993199338939	563993227439981	563993201959252
563993206700398	563993244019148	563993209356127
563993675597793	563993691592064	563993678230085
563993691571231	563993708178523	563993694059252
563993691571231	563993741350398	563993694059252
563993742980606	563993774487377	563993745512377
563993755228523	563993791074877	563993758225918
563993767054564	563993807633731	563993769516023
563993785841023	563993824206127	563993788279564
563993799794148	563993840795189	563993802530085
563993815399356	563993857384773	563993818150918
563993831620710	563993873946231	563993834363418
563995420595189	563995448822272	563995423105606
563995476794668	563995498521751	563995479472272
563995540955606	563995564843106	563995543612376
563995610256126	563995631160814	563995612943626
563995675495710	563995697476960	563995677675397
563995738304564	563995763803522	563995739005606


16666666
563991193969669	563991221480085	563991195978523
563991209897794	563991238077481	563991211816544
563991224425398	563991254659773	563991226034773
563991240812898	563991271222794	563991243096752
563991256223835	563991287801960	563991258531648
563991276403523	563991304404044	563991278211335
563991288187377	563991320973835	563991290444148
563991306015502	563991337547273	563991308407690
563991323784773	563991354125398	563991325795710
563991342604044	563991370711856	563991344909252
563991356906127	563991387293627	563991359614460
563991373929565	563991403889981	563991376255085
563991390970190	563991420512377	563991393406127
563991408928523	563991437350919	563991411210815
563991425164460	563991453608210	563991427029565
563991438416544	563991470192585	563991440961335
563991458021231	563991486780606	563991460181127
563991475357169	563991503356127	563991477775398
563991491605606	563991519917585	563991493978523
563991505316023	563991536508731	563991507674356
563991520499356	563991553089460	563991522670710
563991538728002	563991569686856	563991541074877
563991555535294	563991586261335	563991557870190
563991573062898	563991603619148	563991575243106
563991590288419	563991619407690	563991592755085
563991606080606	563991635996231	563991608710815
563991623517585	563991652554044	563991625813419
563991640420190	563991669134773	563991642778523
563991658072273	563991685712898	563991660542585
563991675679044	563991702299877	563991678027481
563991688460294	563991718864460	563991690846752
563991707863419	563991735436856	563991710345710
563991722791544	563991752010294	563991725395189
563991737946231	563991768579564	563991740512898
563991751225919	563991785241023	563991753868627
563991769835294	563991801729044	563991772305606
563991786235814	563991818295710	563991788725919
563991802691544	563991834892064	563991805188419
563991818462898	563991851450919	563991821035814
563991836655606	563991868040502	563991838874877
563991852363419	563991884622273	563991854994148
563991869742585	563991901186335	563991872323314
563991887833210	563991917782689	563991890486335
563991902035294	563991934351960	563991905157169
563991920787898	563991950939981	563991923312898
563991937329564	563991967540502	563991939953002
563991954446231	563991984091023	563991956757689
563991972673314	563992000675398	563991975282689
563991984999877	563992017257169	563991987567064
563992005231127	563992033819148	563992007665502
563992020948835	563992050424356	563992022676439
563992037138419	563992066966544	563992039641544
563992055063939	563992083573835	563992057825398
563992071564460	563992100147794	563992073539460
563992091901439	563992116720710	563992094753002
563992107622273	563992133293106	563992110434252
563992123872794	563992149870710	563992126526439
563992137394669	563992166447273	563992140168106
563992152125398	563992183028523	563992154633731
563992169892585	563992199625919	563992172277481
563992184337898	563992216517585	563992186936335
563992201335814	563992232754564	563992204056648
563992222350919	563992249345189	563992224566023
563992236602481	563992265938939	563992239018106
563992256353002	563992282530606	563992258872794
563992261237377	563992299114981	563992263857169
563992275311856	563992315663419	563992277650398
563992302893627	563992332238419	563992305542585
563992317736335	563992348818106	563992320313939
563992336842064	563992365403002	563992339500919
563992339951960	563992381967064	563992342148314
563992359897273	563992398571231	563992362546231
563992494372794	563992514609252	563992496976960
563992511875398	563992531179564	563992514642064
563992529438419	563992547770189	563992532167585
563992544170710	563992564353523	563992546610814
563992558770710	563992580913419	563992561454564
563992573654044	563992597481127	563992576749877
563992586651439	563992614128523	563992589680085
563992596361856	563992630673314	563992599023835
563992607562377	563992647260294	563992610003002
563992693332689	563992713584773	563992695973835
563992714306127	563992730169669	563992716933731
563992731201960	563992746731648	563992733849356
563992747675398	563992763296752	563992750326960
563992763464460	563992779875919	563992765828523
563992777562898	563992796686856	563992780179044
563992792298835	563992813026439	563992795180085
563992798186335	563992829648314	563992800895189
563992876278523	563992895943106	563992878852481
563992888966023	563992912493106	563992891570710
563992910725918	563992929322273	563992913356648
563992926590502	563992945642585	563992929419668
563992940497793	563992962250398	563992943161856
563992958254043	563992978800918	563992960868627
563992971999877	563992995391023	563992974600918
563992989289460	563993011951960	563992991805606
563993002355606	563993028521231	563993004948835
563993020408210	563993045124877	563993023076439
563993034409252	563993061996231	563993037213939
563993049886856	563993078262377	563993052300918
563993063708731	563993094879564	563993066572273
563993083948835	563993111419668	563993086613939
563993099812377	563993127995189	563993102418627
563993115752481	563993144565502	563993118319148
563993133109773	563993161154564	563993135713939
563993148494148	563993177713418	563993151325398
563993165277481	563993194305606	563993167725398
563993184167585	563993210869148	563993186751960
563993199338939	563993227439981	563993201959252
563993206700398	563993244019148	563993209356127
563993675597793	563993691592064	563993678230085
563993691571231	563993708178523	563993694059252
563993691571231	563993741350398	563993694059252
563993742980606	563993774487377	563993745512377
563993755228523	563993791074877	563993758225918
563993767054564	563993807633731	563993769516023
563993785841023	563993824206127	563993788279564
563993799794148	563993840795189	563993802530085
563993815399356	563993857384773	563993818150918
563993831620710	563993873946231	563993834363418
563995420595189	563995448822272	563995423105606
563995476794668	563995498521751	563995479472272
563995540955606	563995564843106	563995543612376
563995610256126	563995631160814	563995612943626
563995675495710	563995697476960	563995677675397
563995738304564	563995763803522	563995739005606


