--------- beginning of main
08-30 10:11:45.479 I/AnebE4MARK(29517): E4MARK kind=turn_start n=1
08-30 10:11:45.715 I/AnebProbe(22981): ADAPTER_EVT type=content cls=android.view.ViewGroup desc=null txt_len=0 pkg=com.larus.nova t_boot_ns=634274746407125
08-30 10:11:45.716 I/AnebProbe(22981): ADAPTER_OBS pkg=com.larus.nova mode=doubao events=4 rule_matched=1 first_delta_ms=0 cadence_p50_ms=100.5 session_span_ms=86777.0 confidence=LOW/INCONCLUSIVE reason=throttle ttft_send_ms=null anchor_source=null ttft_cluster_ms=null ttft_density_ms=null
08-30 10:11:45.814 I/AnebProbe(22981): ADAPTER_EVT type=content cls=android.view.ViewGroup desc=null txt_len=0 pkg=com.larus.nova t_boot_ns=634274845410771
08-30 10:11:45.917 I/AnebProbe(22981): ADAPTER_EVT type=content cls=android.view.ViewGroup desc=null txt_len=0 pkg=com.larus.nova t_boot_ns=634274948544104
08-30 10:11:46.017 I/AnebProbe(22981): ADAPTER_EVT type=content cls=android.view.ViewGroup desc=null txt_len=0 pkg=com.larus.nova t_boot_ns=634275048777958
08-30 10:11:46.117 I/AnebProbe(22981): ADAPTER_EVT type=content cls=android.view.ViewGroup desc=null txt_len=0 pkg=com.larus.nova t_boot_ns=634275148908687
08-30 10:11:46.219 I/AnebProbe(22981): ADAPTER_EVT type=content cls=android.view.ViewGroup desc=null txt_len=0 pkg=com.larus.nova t_boot_ns=634275250044625
08-30 10:11:46.838 I/AnebProbe(22981): ADAPTER_EVT type=content cls=android.widget.EditText desc=null txt_len=1 pkg=com.larus.nova t_boot_ns=634275869094625
08-30 10:11:46.840 I/AnebProbe(22981): ADAPTER_EVT type=content cls=android.view.ViewGroup desc=null txt_len=0 pkg=com.larus.nova t_boot_ns=634275871329000
08-30 10:11:46.845 I/AnebProbe(22981): ADAPTER_EVT type=content cls=android.view.ViewGroup desc=null txt_len=0 pkg=com.larus.nova t_boot_ns=634275875002437
08-30 10:11:46.879 I/AnebProbe(22981): ADAPTER_EVT type=content cls=android.view.ViewGroup desc=null txt_len=0 pkg=com.larus.nova t_boot_ns=634275910700354
08-30 10:11:46.880 I/AnebProbe(22981): ADAPTER_EVT type=content cls=android.widget.EditText desc=null txt_len=2 pkg=com.larus.nova t_boot_ns=634275911231604
08-30 10:11:46.897 I/AnebProbe(22981): ADAPTER_EVT type=content cls=android.widget.EditText desc=null txt_len=3 pkg=com.larus.nova t_boot_ns=634275928379000
08-30 10:11:46.914 I/AnebProbe(22981): ADAPTER_EVT type=content cls=android.widget.EditText desc=null txt_len=4 pkg=com.larus.nova t_boot_ns=634275945102437
08-30 10:11:46.933 I/AnebProbe(22981): ADAPTER_EVT type=content cls=android.widget.EditText desc=null txt_len=5 pkg=com.larus.nova t_boot_ns=634275963740979
08-30 10:11:46.949 I/AnebProbe(22981): ADAPTER_EVT type=content cls=android.widget.EditText desc=null txt_len=6 pkg=com.larus.nova t_boot_ns=634275980495666
08-30 10:11:46.967 I/AnebProbe(22981): ADAPTER_EVT type=content cls=android.widget.EditText desc=null txt_len=7 pkg=com.larus.nova t_boot_ns=634275998334208
08-30 10:11:46.984 I/AnebProbe(22981): ADAPTER_EVT type=content cls=android.widget.EditText desc=null txt_len=8 pkg=com.larus.nova t_boot_ns=634276014806083
08-30 10:11:47.000 I/AnebProbe(22981): ADAPTER_EVT type=content cls=android.widget.EditText desc=null txt_len=9 pkg=com.larus.nova t_boot_ns=634276031548270
08-30 10:11:47.020 I/AnebProbe(22981): ADAPTER_EVT type=content cls=android.widget.EditText desc=null txt_len=10 pkg=com.larus.nova t_boot_ns=634276051011812
08-30 10:11:47.039 I/AnebProbe(22981): ADAPTER_EVT type=content cls=android.widget.EditText desc=null txt_len=11 pkg=com.larus.nova t_boot_ns=634276069952437
08-30 10:11:47.048 I/AnebProbe(22981): ADAPTER_EVT type=content cls=android.widget.EditText desc=null txt_len=12 pkg=com.larus.nova t_boot_ns=634276079396187
08-30 10:11:47.068 I/AnebProbe(22981): ADAPTER_EVT type=content cls=android.widget.EditText desc=null txt_len=13 pkg=com.larus.nova t_boot_ns=634276098815979
08-30 10:11:47.087 I/AnebProbe(22981): ADAPTER_EVT type=content cls=android.widget.EditText desc=null txt_len=14 pkg=com.larus.nova t_boot_ns=634276118377437
08-30 10:11:47.107 I/AnebProbe(22981): ADAPTER_EVT type=content cls=android.widget.EditText desc=null txt_len=15 pkg=com.larus.nova t_boot_ns=634276138260250
08-30 10:11:47.119 I/AnebProbe(22981): ADAPTER_EVT type=content cls=android.widget.EditText desc=null txt_len=16 pkg=com.larus.nova t_boot_ns=634276149870666
08-30 10:11:47.140 I/AnebProbe(22981): ADAPTER_EVT type=content cls=android.widget.EditText desc=null txt_len=17 pkg=com.larus.nova t_boot_ns=634276170718062
08-30 10:11:47.150 I/AnebProbe(22981): ADAPTER_EVT type=content cls=android.widget.EditText desc=null txt_len=18 pkg=com.larus.nova t_boot_ns=634276181465979
08-30 10:11:47.171 I/AnebProbe(22981): ADAPTER_EVT type=content cls=android.widget.EditText desc=null txt_len=19 pkg=com.larus.nova t_boot_ns=634276201820666
08-30 10:11:47.191 I/AnebProbe(22981): ADAPTER_EVT type=content cls=android.widget.EditText desc=null txt_len=20 pkg=com.larus.nova t_boot_ns=634276222313895
08-30 10:11:47.213 I/AnebProbe(22981): ADAPTER_EVT type=content cls=android.widget.EditText desc=null txt_len=21 pkg=com.larus.nova t_boot_ns=634276244416500
08-30 10:11:47.233 I/AnebProbe(22981): ADAPTER_EVT type=content cls=android.widget.EditText desc=null txt_len=22 pkg=com.larus.nova t_boot_ns=634276264418062
08-30 10:11:47.252 I/AnebProbe(22981): ADAPTER_EVT type=content cls=android.widget.EditText desc=null txt_len=23 pkg=com.larus.nova t_boot_ns=634276282927437
08-30 10:11:47.271 I/AnebProbe(22981): ADAPTER_EVT type=content cls=android.widget.EditText desc=null txt_len=24 pkg=com.larus.nova t_boot_ns=634276302095666
08-30 10:11:47.283 I/AnebProbe(22981): ADAPTER_EVT type=content cls=android.widget.EditText desc=null txt_len=25 pkg=com.larus.nova t_boot_ns=634276314230041
08-30 10:11:47.302 I/AnebProbe(22981): ADAPTER_EVT type=content cls=android.widget.EditText desc=null txt_len=26 pkg=com.larus.nova t_boot_ns=634276333543062
08-30 10:11:48.532 I/AnebProbe(22981): ADAPTER_EVT type=content cls=android.widget.EditText desc=null txt_len=0 pkg=com.larus.nova t_boot_ns=634277562662333
08-30 10:11:48.533 I/AnebProbe(22981): ADAPTER_EVT type=content cls=android.view.ViewGroup desc=null txt_len=0 pkg=com.larus.nova t_boot_ns=634277564100874
08-30 10:11:48.570 I/AnebProbe(22981): ADAPTER_EVT type=content cls=android.view.ViewGroup desc=null txt_len=0 pkg=com.larus.nova t_boot_ns=634277600880041
08-30 10:11:48.669 I/AnebProbe(22981): ADAPTER_EVT type=content cls=android.view.ViewGroup desc=null txt_len=0 pkg=com.larus.nova t_boot_ns=634277700418583
08-30 10:11:48.918 I/AnebProbe(22981): ADAPTER_EVT type=content cls=androidx.drawerlayout.widget.DrawerLayout desc=null txt_len=0 pkg=com.larus.nova t_boot_ns=634277949201916
08-30 10:11:49.016 I/AnebProbe(22981): ADAPTER_EVT type=content cls=androidx.drawerlayout.widget.DrawerLayout desc=null txt_len=0 pkg=com.larus.nova t_boot_ns=634278047270145
08-30 10:11:49.117 I/AnebProbe(22981): ADAPTER_EVT type=content cls=androidx.recyclerview.widget.RecyclerView desc=null txt_len=0 pkg=com.larus.nova t_boot_ns=634278148484208
08-30 10:11:49.325 I/AnebProbe(22981): ADAPTER_EVT type=content cls=androidx.drawerlayout.widget.DrawerLayout desc=null txt_len=0 pkg=com.larus.nova t_boot_ns=634278355934208
08-30 10:11:49.432 I/AnebProbe(22981): ADAPTER_EVT type=content cls=androidx.drawerlayout.widget.DrawerLayout desc=null txt_len=0 pkg=com.larus.nova t_boot_ns=634278462873270
08-30 10:11:50.668 I/AnebProbe(22981): ADAPTER_EVT type=content cls=androidx.recyclerview.widget.RecyclerView desc=null txt_len=0 pkg=com.larus.nova t_boot_ns=634279699067020
08-30 10:11:50.762 I/AnebProbe(22981): ADAPTER_EVT type=content cls=androidx.recyclerview.widget.RecyclerView desc=null txt_len=0 pkg=com.larus.nova t_boot_ns=634279792639416
08-30 10:11:50.767 I/AnebProbe(22981): ADAPTER_OBS pkg=com.larus.nova mode=doubao events=49 rule_matched=4 first_delta_ms=0 cadence_p50_ms=20.0 session_span_ms=91823.2 confidence=LOW/INCONCLUSIVE reason=throttle ttft_send_ms=null anchor_source=null ttft_cluster_ms=2136.4 ttft_density_ms=null
08-30 10:11:51.245 I/AnebProbe(22981): ADAPTER_EVT type=content cls=android.widget.TextView desc=null txt_len=0 pkg=com.larus.nova t_boot_ns=634280276801395
08-30 10:11:51.346 I/AnebProbe(22981): ADAPTER_EVT type=content cls=androidx.recyclerview.widget.RecyclerView desc=null txt_len=0 pkg=com.larus.nova t_boot_ns=634280377305561
08-30 10:11:51.457 I/AnebProbe(22981): ADAPTER_EVT type=content cls=androidx.recyclerview.widget.RecyclerView desc=null txt_len=0 pkg=com.larus.nova t_boot_ns=634280488403999
08-30 10:11:51.573 I/AnebProbe(22981): ADAPTER_EVT type=content cls=androidx.drawerlayout.widget.DrawerLayout desc=null txt_len=0 pkg=com.larus.nova t_boot_ns=634280604617541
08-30 10:11:51.684 I/AnebProbe(22981): ADAPTER_EVT type=content cls=androidx.drawerlayout.widget.DrawerLayout desc=null txt_len=0 pkg=com.larus.nova t_boot_ns=634280715910249
08-30 10:11:51.788 I/AnebProbe(22981): ADAPTER_EVT type=content cls=androidx.recyclerview.widget.RecyclerView desc=null txt_len=0 pkg=com.larus.nova t_boot_ns=634280819321707
08-30 10:11:51.902 I/AnebProbe(22981): ADAPTER_EVT type=content cls=androidx.recyclerview.widget.RecyclerView desc=null txt_len=0 pkg=com.larus.nova t_boot_ns=634280933487332
08-30 10:11:52.003 I/AnebProbe(22981): ADAPTER_EVT type=content cls=androidx.recyclerview.widget.RecyclerView desc=null txt_len=0 pkg=com.larus.nova t_boot_ns=634281034226395
08-30 10:11:52.104 I/AnebProbe(22981): ADAPTER_EVT type=content cls=androidx.recyclerview.widget.RecyclerView desc=null txt_len=0 pkg=com.larus.nova t_boot_ns=634281135601915
08-30 10:11:52.219 I/AnebProbe(22981): ADAPTER_EVT type=content cls=androidx.recyclerview.widget.RecyclerView desc=null txt_len=0 pkg=com.larus.nova t_boot_ns=634281249621707
08-30 10:11:52.319 I/AnebProbe(22981): ADAPTER_EVT type=content cls=androidx.recyclerview.widget.RecyclerView desc=null txt_len=0 pkg=com.larus.nova t_boot_ns=634281350051395
08-30 10:11:52.446 I/AnebProbe(22981): ADAPTER_EVT type=content cls=androidx.recyclerview.widget.RecyclerView desc=null txt_len=0 pkg=com.larus.nova t_boot_ns=634281477069103
08-30 10:11:52.556 I/AnebProbe(22981): ADAPTER_EVT type=content cls=androidx.recyclerview.widget.RecyclerView desc=null txt_len=0 pkg=com.larus.nova t_boot_ns=634281587540457
08-30 10:11:52.674 I/AnebProbe(22981): ADAPTER_EVT type=content cls=androidx.recyclerview.widget.RecyclerView desc=null txt_len=0 pkg=com.larus.nova t_boot_ns=634281704665978
08-30 10:11:52.773 I/AnebProbe(22981): ADAPTER_EVT type=content cls=androidx.recyclerview.widget.RecyclerView desc=null txt_len=0 pkg=com.larus.nova t_boot_ns=634281804370145
08-30 10:11:52.883 I/AnebProbe(22981): ADAPTER_EVT type=content cls=androidx.recyclerview.widget.RecyclerView desc=null txt_len=0 pkg=com.larus.nova t_boot_ns=634281914154520
08-30 10:11:52.997 I/AnebProbe(22981): ADAPTER_EVT type=content cls=androidx.recyclerview.widget.RecyclerView desc=null txt_len=0 pkg=com.larus.nova t_boot_ns=634282028393582
08-30 10:11:53.140 I/AnebProbe(22981): ADAPTER_EVT type=content cls=androidx.drawerlayout.widget.DrawerLayout desc=null txt_len=0 pkg=com.larus.nova t_boot_ns=634282171775353
08-30 10:11:53.240 I/AnebProbe(22981): ADAPTER_EVT type=content cls=androidx.recyclerview.widget.RecyclerView desc=null txt_len=0 pkg=com.larus.nova t_boot_ns=634282271586811
08-30 10:11:53.417 I/AnebProbe(22981): ADAPTER_EVT type=content cls=androidx.drawerlayout.widget.DrawerLayout desc=null txt_len=0 pkg=com.larus.nova t_boot_ns=634282448614936
08-30 10:11:53.517 I/AnebProbe(22981): ADAPTER_EVT type=content cls=androidx.drawerlayout.widget.DrawerLayout desc=null txt_len=0 pkg=com.larus.nova t_boot_ns=634282548018582
08-30 10:11:53.799 I/AnebProbe(22981): ADAPTER_EVT type=content cls=androidx.drawerlayout.widget.DrawerLayout desc=null txt_len=0 pkg=com.larus.nova t_boot_ns=634282830080040
08-30 10:11:53.899 I/AnebProbe(22981): ADAPTER_EVT type=content cls=androidx.drawerlayout.widget.DrawerLayout desc=null txt_len=0 pkg=com.larus.nova t_boot_ns=634282930538374
08-30 10:12:02.753 I/AnebE4MARK(29624): E4MARK kind=answer_complete n=1
08-30 10:12:02.926 I/AnebProbe(22981): ADAPTER_EVT type=click cls=android.widget.ImageView desc=返回 txt_len=2 pkg=com.larus.nova t_boot_ns=634291957584205
08-30 10:12:02.927 I/AnebProbe(22981): ADAPTER_OBS pkg=com.larus.nova mode=doubao events=72 rule_matched=20 first_delta_ms=0 cadence_p50_ms=99.5 session_span_ms=94961.1 confidence=LOW/INCONCLUSIVE reason=throttle ttft_send_ms=null anchor_source=null ttft_cluster_ms=2136.4 ttft_density_ms=null
08-30 10:12:03.049 I/AnebProbe(22981): ADAPTER_EVT type=content cls=androidx.drawerlayout.widget.DrawerLayout desc=null txt_len=0 pkg=com.larus.nova t_boot_ns=634292080942018
08-30 10:12:03.167 I/AnebProbe(22981): ADAPTER_EVT type=content cls=androidx.drawerlayout.widget.DrawerLayout desc=null txt_len=0 pkg=com.larus.nova t_boot_ns=634292198534205
08-30 10:12:03.280 I/AnebProbe(22981): ADAPTER_EVT type=content cls=androidx.drawerlayout.widget.DrawerLayout desc=null txt_len=0 pkg=com.larus.nova t_boot_ns=634292311099310
08-30 10:12:03.353 I/AnebProbe(22981): ADAPTER_EVT type=content cls=androidx.drawerlayout.widget.DrawerLayout desc=null txt_len=0 pkg=com.larus.nova t_boot_ns=634292383979518
08-30 10:12:05.144 I/AnebProbe(22981): ADAPTER_EVT type=click cls=android.widget.ImageView desc=创建新对话 txt_len=5 pkg=com.larus.nova t_boot_ns=634294175607643
08-30 10:12:05.160 I/AnebProbe(22981): ADAPTER_EVT type=content cls=android.widget.FrameLayout desc=null txt_len=0 pkg=com.larus.nova t_boot_ns=634294191837330
08-30 10:12:05.365 I/AnebProbe(22981): ADAPTER_EVT type=content cls=androidx.drawerlayout.widget.DrawerLayout desc=null txt_len=0 pkg=com.larus.nova t_boot_ns=634294396119101
08-30 10:12:05.494 I/AnebProbe(22981): ADAPTER_EVT type=content cls=androidx.drawerlayout.widget.DrawerLayout desc=null txt_len=0 pkg=com.larus.nova t_boot_ns=634294525628476
08-30 10:12:05.547 I/AnebProbe(22981): ADAPTER_EVT type=content cls=androidx.drawerlayout.widget.DrawerLayout desc=null txt_len=0 pkg=com.larus.nova t_boot_ns=634294578790976
08-30 10:12:05.568 I/AnebProbe(22981): ADAPTER_EVT type=content cls=androidx.drawerlayout.widget.DrawerLayout desc=null txt_len=0 pkg=com.larus.nova t_boot_ns=634294599187330
08-30 10:12:05.648 I/AnebProbe(22981): ADAPTER_EVT type=content cls=android.view.ViewGroup desc=null txt_len=0 pkg=com.larus.nova t_boot_ns=634294678665455
08-30 10:12:05.746 I/AnebProbe(22981): ADAPTER_EVT type=content cls=android.view.ViewGroup desc=null txt_len=0 pkg=com.larus.nova t_boot_ns=634294777417538
08-30 10:12:05.853 I/AnebProbe(22981): ADAPTER_EVT type=content cls=androidx.drawerlayout.widget.DrawerLayout desc=null txt_len=0 pkg=com.larus.nova t_boot_ns=634294884473788
08-30 10:12:06.208 I/AnebProbe(22981): ADAPTER_EVT type=content cls=androidx.recyclerview.widget.RecyclerView desc=null txt_len=0 pkg=com.larus.nova t_boot_ns=634295239865976
08-30 10:12:06.311 I/AnebProbe(22981): ADAPTER_EVT type=content cls=android.view.ViewGroup desc=null txt_len=0 pkg=com.larus.nova t_boot_ns=634295342188372
08-30 10:12:06.414 I/AnebProbe(22981): ADAPTER_EVT type=content cls=android.view.ViewGroup desc=null txt_len=0 pkg=com.larus.nova t_boot_ns=634295444511288
08-30 10:12:06.525 I/AnebProbe(22981): ADAPTER_EVT type=content cls=android.view.ViewGroup desc=null txt_len=0 pkg=com.larus.nova t_boot_ns=634295556447747
08-30 10:12:06.629 I/AnebProbe(22981): ADAPTER_EVT type=content cls=android.view.ViewGroup desc=null txt_len=0 pkg=com.larus.nova t_boot_ns=634295659806601
08-30 10:12:06.729 I/AnebProbe(22981): ADAPTER_EVT type=content cls=android.view.ViewGroup desc=null txt_len=0 pkg=com.larus.nova t_boot_ns=634295760147226
08-30 10:12:06.855 I/AnebProbe(22981): ADAPTER_EVT type=content cls=android.view.ViewGroup desc=null txt_len=0 pkg=com.larus.nova t_boot_ns=634295886138372
08-30 10:12:06.962 I/AnebProbe(22981): ADAPTER_EVT type=content cls=android.view.ViewGroup desc=null txt_len=0 pkg=com.larus.nova t_boot_ns=634295992051392
08-30 10:12:07.062 I/AnebProbe(22981): ADAPTER_EVT type=content cls=android.view.ViewGroup desc=null txt_len=0 pkg=com.larus.nova t_boot_ns=634296093475351
08-30 10:12:07.163 I/AnebProbe(22981): ADAPTER_EVT type=content cls=android.view.ViewGroup desc=null txt_len=0 pkg=com.larus.nova t_boot_ns=634296194240976
08-30 10:12:07.268 I/AnebProbe(22981): ADAPTER_EVT type=content cls=android.view.ViewGroup desc=null txt_len=0 pkg=com.larus.nova t_boot_ns=634296298743580
08-30 10:12:07.372 I/AnebProbe(22981): ADAPTER_EVT type=content cls=android.view.ViewGroup desc=null txt_len=0 pkg=com.larus.nova t_boot_ns=634296403487851
08-30 10:12:07.474 I/AnebProbe(22981): ADAPTER_EVT type=content cls=androidx.drawerlayout.widget.DrawerLayout desc=null txt_len=0 pkg=com.larus.nova t_boot_ns=634296505108684
08-30 10:12:08.297 I/AnebE4MARK(29651): E4MARK kind=turn_start n=2
08-30 10:12:08.506 I/AnebProbe(22981): ADAPTER_EVT type=content cls=android.view.ViewGroup desc=新对话，打开设置页 txt_len=0 pkg=com.larus.nova t_boot_ns=634297537238371
08-30 10:12:08.506 I/AnebProbe(22981): ADAPTER_OBS pkg=com.larus.nova mode=doubao events=98 rule_matched=21 first_delta_ms=0 cadence_p50_ms=100.5 session_span_ms=109567.8 confidence=LOW/INCONCLUSIVE reason=throttle ttft_send_ms=null anchor_source=null ttft_cluster_ms=2136.4 ttft_density_ms=null
08-30 10:12:08.618 I/AnebProbe(22981): ADAPTER_EVT type=content cls=android.view.ViewGroup desc=null txt_len=0 pkg=com.larus.nova t_boot_ns=634297649485767
08-30 10:12:08.719 I/AnebProbe(22981): ADAPTER_EVT type=content cls=android.view.ViewGroup desc=null txt_len=0 pkg=com.larus.nova t_boot_ns=634297750308684
08-30 10:12:08.820 I/AnebProbe(22981): ADAPTER_EVT type=content cls=android.view.ViewGroup desc=null txt_len=0 pkg=com.larus.nova t_boot_ns=634297851880559
08-30 10:12:08.938 I/AnebProbe(22981): ADAPTER_EVT type=content cls=android.view.ViewGroup desc=null txt_len=0 pkg=com.larus.nova t_boot_ns=634297969019100
08-30 10:12:09.049 I/AnebProbe(22981): ADAPTER_EVT type=content cls=android.view.ViewGroup desc=null txt_len=0 pkg=com.larus.nova t_boot_ns=634298080771184
08-30 10:12:09.151 I/AnebProbe(22981): ADAPTER_EVT type=content cls=android.view.ViewGroup desc=null txt_len=0 pkg=com.larus.nova t_boot_ns=634298182518059
08-30 10:12:09.264 I/AnebProbe(22981): ADAPTER_EVT type=content cls=android.view.ViewGroup desc=null txt_len=0 pkg=com.larus.nova t_boot_ns=634298295462330
08-30 10:12:09.365 I/AnebProbe(22981): ADAPTER_EVT type=content cls=android.view.ViewGroup desc=null txt_len=0 pkg=com.larus.nova t_boot_ns=634298396289934
08-30 10:12:09.466 I/AnebProbe(22981): ADAPTER_EVT type=content cls=android.view.ViewGroup desc=null txt_len=0 pkg=com.larus.nova t_boot_ns=634298497269100
08-30 10:12:09.567 I/AnebProbe(22981): ADAPTER_EVT type=content cls=android.view.ViewGroup desc=null txt_len=0 pkg=com.larus.nova t_boot_ns=634298597978475
08-30 10:12:09.656 I/AnebProbe(22981): ADAPTER_EVT type=content cls=android.view.ViewGroup desc=null txt_len=0 pkg=com.larus.nova t_boot_ns=634298687252434
08-30 10:12:09.656 I/AnebProbe(22981): ADAPTER_EVT type=content cls=android.widget.EditText desc=null txt_len=1 pkg=com.larus.nova t_boot_ns=634298687729517
08-30 10:12:09.661 I/AnebProbe(22981): ADAPTER_EVT type=content cls=android.view.ViewGroup desc=null txt_len=0 pkg=com.larus.nova t_boot_ns=634298691990975
08-30 10:12:09.701 I/AnebProbe(22981): ADAPTER_EVT type=content cls=android.view.ViewGroup desc=null txt_len=0 pkg=com.larus.nova t_boot_ns=634298732356079
08-30 10:12:09.701 I/AnebProbe(22981): ADAPTER_EVT type=content cls=android.widget.EditText desc=null txt_len=2 pkg=com.larus.nova t_boot_ns=634298732726913
08-30 10:12:09.716 I/AnebProbe(22981): ADAPTER_EVT type=content cls=android.view.ViewGroup desc=null txt_len=0 pkg=com.larus.nova t_boot_ns=634298747545663
08-30 10:12:09.716 I/AnebProbe(22981): ADAPTER_EVT type=content cls=android.widget.EditText desc=null txt_len=3 pkg=com.larus.nova t_boot_ns=634298747915454
08-30 10:12:09.732 I/AnebProbe(22981): ADAPTER_EVT type=content cls=android.view.ViewGroup desc=null txt_len=0 pkg=com.larus.nova t_boot_ns=634298763650871
08-30 10:12:09.733 I/AnebProbe(22981): ADAPTER_EVT type=content cls=android.widget.EditText desc=null txt_len=4 pkg=com.larus.nova t_boot_ns=634298764107642
08-30 10:12:09.749 I/AnebProbe(22981): ADAPTER_EVT type=content cls=android.view.ViewGroup desc=null txt_len=0 pkg=com.larus.nova t_boot_ns=634298780195663
08-30 10:12:09.749 I/AnebProbe(22981): ADAPTER_EVT type=content cls=android.widget.EditText desc=null txt_len=5 pkg=com.larus.nova t_boot_ns=634298780567538
08-30 10:12:09.765 I/AnebProbe(22981): ADAPTER_EVT type=content cls=android.view.ViewGroup desc=null txt_len=0 pkg=com.larus.nova t_boot_ns=634298796759725
08-30 10:12:09.766 I/AnebProbe(22981): ADAPTER_EVT type=content cls=android.widget.EditText desc=null txt_len=6 pkg=com.larus.nova t_boot_ns=634298797127434
08-30 10:12:09.782 I/AnebProbe(22981): ADAPTER_EVT type=content cls=android.view.ViewGroup desc=null txt_len=0 pkg=com.larus.nova t_boot_ns=634298813959204
08-30 10:12:09.783 I/AnebProbe(22981): ADAPTER_EVT type=content cls=android.widget.EditText desc=null txt_len=7 pkg=com.larus.nova t_boot_ns=634298814363892
08-30 10:12:09.800 I/AnebProbe(22981): ADAPTER_EVT type=content cls=android.view.ViewGroup desc=null txt_len=0 pkg=com.larus.nova t_boot_ns=634298831372225
08-30 10:12:09.800 I/AnebProbe(22981): ADAPTER_EVT type=content cls=android.widget.EditText desc=null txt_len=8 pkg=com.larus.nova t_boot_ns=634298831794100
08-30 10:12:09.822 I/AnebProbe(22981): ADAPTER_EVT type=content cls=android.view.ViewGroup desc=null txt_len=0 pkg=com.larus.nova t_boot_ns=634298853345663
08-30 10:12:09.822 I/AnebProbe(22981): ADAPTER_EVT type=content cls=android.widget.EditText desc=null txt_len=9 pkg=com.larus.nova t_boot_ns=634298853952434
08-30 10:12:09.850 I/AnebProbe(22981): ADAPTER_EVT type=content cls=android.view.ViewGroup desc=null txt_len=0 pkg=com.larus.nova t_boot_ns=634298881009204
08-30 10:12:09.850 I/AnebProbe(22981): ADAPTER_EVT type=content cls=android.widget.EditText desc=null txt_len=10 pkg=com.larus.nova t_boot_ns=634298881539934
08-30 10:12:09.875 I/AnebProbe(22981): ADAPTER_EVT type=content cls=android.view.ViewGroup desc=null txt_len=0 pkg=com.larus.nova t_boot_ns=634298906297746
08-30 10:12:09.875 I/AnebProbe(22981): ADAPTER_EVT type=content cls=android.widget.EditText desc=null txt_len=11 pkg=com.larus.nova t_boot_ns=634298906724829
08-30 10:12:09.887 I/AnebProbe(22981): ADAPTER_EVT type=content cls=android.view.ViewGroup desc=null txt_len=0 pkg=com.larus.nova t_boot_ns=634298918532642
08-30 10:12:09.887 I/AnebProbe(22981): ADAPTER_EVT type=content cls=android.widget.EditText desc=null txt_len=12 pkg=com.larus.nova t_boot_ns=634298918999829
08-30 10:12:09.904 I/AnebProbe(22981): ADAPTER_EVT type=content cls=android.view.ViewGroup desc=null txt_len=0 pkg=com.larus.nova t_boot_ns=634298935819100
08-30 10:12:09.905 I/AnebProbe(22981): ADAPTER_EVT type=content cls=android.widget.EditText desc=null txt_len=13 pkg=com.larus.nova t_boot_ns=634298936241496
08-30 10:12:09.927 I/AnebProbe(22981): ADAPTER_EVT type=content cls=android.view.ViewGroup desc=null txt_len=0 pkg=com.larus.nova t_boot_ns=634298958659725
08-30 10:12:09.928 I/AnebProbe(22981): ADAPTER_EVT type=content cls=android.widget.EditText desc=null txt_len=14 pkg=com.larus.nova t_boot_ns=634298959117017
08-30 10:12:09.935 I/AnebProbe(22981): ADAPTER_EVT type=content cls=android.widget.EditText desc=null txt_len=15 pkg=com.larus.nova t_boot_ns=634298966718059
08-30 10:12:09.954 I/AnebProbe(22981): ADAPTER_EVT type=content cls=android.view.ViewGroup desc=null txt_len=0 pkg=com.larus.nova t_boot_ns=634298984913892
08-30 10:12:09.954 I/AnebProbe(22981): ADAPTER_EVT type=content cls=android.widget.EditText desc=null txt_len=16 pkg=com.larus.nova t_boot_ns=634298985485246
08-30 10:12:09.983 I/AnebProbe(22981): ADAPTER_EVT type=content cls=android.view.ViewGroup desc=null txt_len=0 pkg=com.larus.nova t_boot_ns=634299014310767
08-30 10:12:09.983 I/AnebProbe(22981): ADAPTER_EVT type=content cls=android.widget.EditText desc=null txt_len=17 pkg=com.larus.nova t_boot_ns=634299014499829
08-30 10:12:09.999 I/AnebProbe(22981): ADAPTER_EVT type=content cls=android.view.ViewGroup desc=null txt_len=0 pkg=com.larus.nova t_boot_ns=634299030268579
08-30 10:12:09.999 I/AnebProbe(22981): ADAPTER_EVT type=content cls=android.widget.EditText desc=null txt_len=18 pkg=com.larus.nova t_boot_ns=634299030705559
08-30 10:12:10.026 I/AnebProbe(22981): ADAPTER_EVT type=content cls=android.view.ViewGroup desc=null txt_len=0 pkg=com.larus.nova t_boot_ns=634299057537850
08-30 10:12:10.026 I/AnebProbe(22981): ADAPTER_EVT type=content cls=android.widget.EditText desc=null txt_len=19 pkg=com.larus.nova t_boot_ns=634299057950350
08-30 10:12:10.035 I/AnebProbe(22981): ADAPTER_EVT type=content cls=android.widget.EditText desc=null txt_len=20 pkg=com.larus.nova t_boot_ns=634299065910767
08-30 10:12:10.060 I/AnebProbe(22981): ADAPTER_EVT type=content cls=android.view.ViewGroup desc=null txt_len=0 pkg=com.larus.nova t_boot_ns=634299091359725
08-30 10:12:10.060 I/AnebProbe(22981): ADAPTER_EVT type=content cls=android.widget.EditText desc=null txt_len=21 pkg=com.larus.nova t_boot_ns=634299091826392
08-30 10:12:10.083 I/AnebProbe(22981): ADAPTER_EVT type=content cls=android.view.ViewGroup desc=null txt_len=0 pkg=com.larus.nova t_boot_ns=634299114093579
08-30 10:12:10.083 I/AnebProbe(22981): ADAPTER_EVT type=content cls=android.widget.EditText desc=null txt_len=22 pkg=com.larus.nova t_boot_ns=634299114645142
08-30 10:12:10.109 I/AnebProbe(22981): ADAPTER_EVT type=content cls=android.view.ViewGroup desc=null txt_len=0 pkg=com.larus.nova t_boot_ns=634299140745142
08-30 10:12:10.110 I/AnebProbe(22981): ADAPTER_EVT type=content cls=android.widget.EditText desc=null txt_len=23 pkg=com.larus.nova t_boot_ns=634299141226392
08-30 10:12:10.118 I/AnebProbe(22981): ADAPTER_EVT type=content cls=android.widget.EditText desc=null txt_len=24 pkg=com.larus.nova t_boot_ns=634299149706079
08-30 10:12:10.142 I/AnebProbe(22981): ADAPTER_EVT type=content cls=android.view.ViewGroup desc=null txt_len=0 pkg=com.larus.nova t_boot_ns=634299173805038
08-30 10:12:10.143 I/AnebProbe(22981): ADAPTER_EVT type=content cls=android.widget.EditText desc=null txt_len=25 pkg=com.larus.nova t_boot_ns=634299174299829
08-30 10:12:10.151 I/AnebProbe(22981): ADAPTER_EVT type=content cls=android.widget.EditText desc=null txt_len=26 pkg=com.larus.nova t_boot_ns=634299182709725
08-30 10:12:10.263 I/AnebProbe(22981): ADAPTER_EVT type=content cls=android.view.ViewGroup desc=null txt_len=0 pkg=com.larus.nova t_boot_ns=634299293969100
08-30 10:12:10.364 I/AnebProbe(22981): ADAPTER_EVT type=content cls=android.view.ViewGroup desc=null txt_len=0 pkg=com.larus.nova t_boot_ns=634299395660767
08-30 10:12:10.482 I/AnebProbe(22981): ADAPTER_EVT type=content cls=android.view.ViewGroup desc=null txt_len=0 pkg=com.larus.nova t_boot_ns=634299513352434
08-30 10:12:10.594 I/AnebProbe(22981): ADAPTER_EVT type=content cls=android.view.ViewGroup desc=null txt_len=0 pkg=com.larus.nova t_boot_ns=634299625320142
08-30 10:12:10.707 I/AnebProbe(22981): ADAPTER_EVT type=content cls=android.view.ViewGroup desc=null txt_len=0 pkg=com.larus.nova t_boot_ns=634299738184725
08-30 10:12:10.806 I/AnebProbe(22981): ADAPTER_EVT type=content cls=android.view.ViewGroup desc=null txt_len=0 pkg=com.larus.nova t_boot_ns=634299837837329
08-30 10:12:10.911 I/AnebProbe(22981): ADAPTER_EVT type=content cls=android.view.ViewGroup desc=null txt_len=0 pkg=com.larus.nova t_boot_ns=634299942478996
08-30 10:12:11.026 I/AnebProbe(22981): ADAPTER_EVT type=content cls=android.view.ViewGroup desc=null txt_len=0 pkg=com.larus.nova t_boot_ns=634300057570663
08-30 10:12:11.140 I/AnebProbe(22981): ADAPTER_EVT type=content cls=android.view.ViewGroup desc=null txt_len=0 pkg=com.larus.nova t_boot_ns=634300171388892
08-30 10:12:11.245 I/AnebProbe(22981): ADAPTER_EVT type=content cls=android.view.ViewGroup desc=null txt_len=0 pkg=com.larus.nova t_boot_ns=634300276046183
08-30 10:12:11.359 I/AnebProbe(22981): ADAPTER_EVT type=content cls=android.view.ViewGroup desc=null txt_len=0 pkg=com.larus.nova t_boot_ns=634300388904517
08-30 10:12:11.394 I/AnebProbe(22981): ADAPTER_EVT type=content cls=android.view.ViewGroup desc=null txt_len=0 pkg=com.larus.nova t_boot_ns=634300426050350
08-30 10:12:11.496 I/AnebProbe(22981): ADAPTER_EVT type=content cls=android.view.ViewGroup desc=null txt_len=0 pkg=com.larus.nova t_boot_ns=634300527662850
08-30 10:12:11.811 I/AnebProbe(22981): ADAPTER_EVT type=content cls=androidx.drawerlayout.widget.DrawerLayout desc=null txt_len=0 pkg=com.larus.nova t_boot_ns=634300842551392
08-30 10:12:11.911 I/AnebProbe(22981): ADAPTER_EVT type=content cls=androidx.drawerlayout.widget.DrawerLayout desc=null txt_len=0 pkg=com.larus.nova t_boot_ns=634300942612850
08-30 10:12:12.150 I/AnebProbe(22981): ADAPTER_EVT type=content cls=androidx.drawerlayout.widget.DrawerLayout desc=null txt_len=0 pkg=com.larus.nova t_boot_ns=634301181821183
08-30 10:12:12.251 I/AnebProbe(22981): ADAPTER_EVT type=content cls=androidx.recyclerview.widget.RecyclerView desc=null txt_len=0 pkg=com.larus.nova t_boot_ns=634301282197225
08-30 10:12:12.364 I/AnebProbe(22981): ADAPTER_EVT type=content cls=androidx.drawerlayout.widget.DrawerLayout desc=null txt_len=0 pkg=com.larus.nova t_boot_ns=634301395275871
08-30 10:12:12.464 I/AnebProbe(22981): ADAPTER_EVT type=content cls=androidx.drawerlayout.widget.DrawerLayout desc=null txt_len=0 pkg=com.larus.nova t_boot_ns=634301494854517
08-30 10:12:13.122 I/AnebProbe(22981): ADAPTER_EVT type=content cls=android.widget.FrameLayout desc=打电话 txt_len=0 pkg=com.larus.nova t_boot_ns=634302153608683
08-30 10:12:13.223 I/AnebProbe(22981): ADAPTER_EVT type=content cls=androidx.drawerlayout.widget.DrawerLayout desc=null txt_len=0 pkg=com.larus.nova t_boot_ns=634302254023266
08-30 10:12:13.323 I/AnebProbe(22981): ADAPTER_EVT type=content cls=androidx.drawerlayout.widget.DrawerLayout desc=null txt_len=0 pkg=com.larus.nova t_boot_ns=634302354002433
08-30 10:12:13.519 I/AnebProbe(22981): ADAPTER_EVT type=content cls=androidx.recyclerview.widget.RecyclerView desc=null txt_len=0 pkg=com.larus.nova t_boot_ns=634302550475871
08-30 10:12:13.522 I/AnebProbe(22981): ADAPTER_OBS pkg=com.larus.nova mode=doubao events=180 rule_matched=23 first_delta_ms=0 cadence_p50_ms=99.4 session_span_ms=114581.1 confidence=LOW/INCONCLUSIVE reason=throttle ttft_send_ms=null anchor_source=null ttft_cluster_ms=2859.6 ttft_density_ms=null
08-30 10:12:13.637 I/AnebProbe(22981): ADAPTER_EVT type=content cls=android.view.ViewGroup desc=null txt_len=0 pkg=com.larus.nova t_boot_ns=634302663100871
08-30 10:12:13.730 I/AnebProbe(22981): ADAPTER_EVT type=content cls=android.view.ViewGroup desc=null txt_len=0 pkg=com.larus.nova t_boot_ns=634302761811287
08-30 10:12:13.766 I/AnebProbe(22981): ADAPTER_EVT type=content cls=androidx.recyclerview.widget.RecyclerView desc=null txt_len=0 pkg=com.larus.nova t_boot_ns=634302796894100
08-30 10:12:13.924 I/AnebProbe(22981): ADAPTER_EVT type=content cls=androidx.recyclerview.widget.RecyclerView desc=null txt_len=0 pkg=com.larus.nova t_boot_ns=634302954934204
08-30 10:12:14.027 I/AnebProbe(22981): ADAPTER_EVT type=content cls=androidx.drawerlayout.widget.DrawerLayout desc=null txt_len=0 pkg=com.larus.nova t_boot_ns=634303058500350
08-30 10:12:14.132 I/AnebProbe(22981): ADAPTER_EVT type=content cls=androidx.drawerlayout.widget.DrawerLayout desc=null txt_len=0 pkg=com.larus.nova t_boot_ns=634303163227954
08-30 10:12:14.248 I/AnebProbe(22981): ADAPTER_EVT type=content cls=androidx.recyclerview.widget.RecyclerView desc=null txt_len=0 pkg=com.larus.nova t_boot_ns=634303278877433
08-30 10:12:14.347 I/AnebProbe(22981): ADAPTER_EVT type=content cls=androidx.recyclerview.widget.RecyclerView desc=null txt_len=0 pkg=com.larus.nova t_boot_ns=634303377852433
08-30 10:12:14.447 I/AnebProbe(22981): ADAPTER_EVT type=content cls=androidx.recyclerview.widget.RecyclerView desc=null txt_len=0 pkg=com.larus.nova t_boot_ns=634303477935245
08-30 10:12:14.557 I/AnebProbe(22981): ADAPTER_EVT type=content cls=androidx.recyclerview.widget.RecyclerView desc=null txt_len=0 pkg=com.larus.nova t_boot_ns=634303588294100
08-30 10:12:14.674 I/AnebProbe(22981): ADAPTER_EVT type=content cls=androidx.recyclerview.widget.RecyclerView desc=null txt_len=0 pkg=com.larus.nova t_boot_ns=634303705548266
08-30 10:12:14.774 I/AnebProbe(22981): ADAPTER_EVT type=content cls=androidx.recyclerview.widget.RecyclerView desc=null txt_len=0 pkg=com.larus.nova t_boot_ns=634303805455558
08-30 10:12:14.890 I/AnebProbe(22981): ADAPTER_EVT type=content cls=androidx.recyclerview.widget.RecyclerView desc=null txt_len=0 pkg=com.larus.nova t_boot_ns=634303921018058
08-30 10:12:15.005 I/AnebProbe(22981): ADAPTER_EVT type=content cls=androidx.recyclerview.widget.RecyclerView desc=null txt_len=0 pkg=com.larus.nova t_boot_ns=634304035965974
08-30 10:12:15.120 I/AnebProbe(22981): ADAPTER_EVT type=content cls=androidx.recyclerview.widget.RecyclerView desc=null txt_len=0 pkg=com.larus.nova t_boot_ns=634304151527433
08-30 10:12:15.233 I/AnebProbe(22981): ADAPTER_EVT type=content cls=androidx.recyclerview.widget.RecyclerView desc=null txt_len=0 pkg=com.larus.nova t_boot_ns=634304264025349
08-30 10:12:15.333 I/AnebProbe(22981): ADAPTER_EVT type=content cls=androidx.recyclerview.widget.RecyclerView desc=null txt_len=0 pkg=com.larus.nova t_boot_ns=634304364376391
08-30 10:12:15.435 I/AnebProbe(22981): ADAPTER_EVT type=content cls=androidx.recyclerview.widget.RecyclerView desc=null txt_len=0 pkg=com.larus.nova t_boot_ns=634304466048266
08-30 10:12:15.561 I/AnebProbe(22981): ADAPTER_EVT type=content cls=androidx.drawerlayout.widget.DrawerLayout desc=null txt_len=0 pkg=com.larus.nova t_boot_ns=634304592540454
08-30 10:12:15.667 I/AnebProbe(22981): ADAPTER_EVT type=content cls=androidx.recyclerview.widget.RecyclerView desc=null txt_len=0 pkg=com.larus.nova t_boot_ns=634304698010245
08-30 10:12:15.777 I/AnebProbe(22981): ADAPTER_EVT type=content cls=androidx.drawerlayout.widget.DrawerLayout desc=null txt_len=0 pkg=com.larus.nova t_boot_ns=634304807919620
08-30 10:12:16.105 I/AnebProbe(22981): ADAPTER_EVT type=content cls=androidx.drawerlayout.widget.DrawerLayout desc=null txt_len=0 pkg=com.larus.nova t_boot_ns=634305135947224
08-30 10:12:16.206 I/AnebProbe(22981): ADAPTER_EVT type=content cls=androidx.drawerlayout.widget.DrawerLayout desc=null txt_len=0 pkg=com.larus.nova t_boot_ns=634305236896183
08-30 10:12:25.565 I/AnebE4MARK(29732): E4MARK kind=answer_complete n=2
08-30 10:12:25.704 I/AnebProbe(22981): ADAPTER_EVT type=click cls=android.widget.ImageView desc=返回 txt_len=2 pkg=com.larus.nova t_boot_ns=634314735891494
08-30 10:12:25.706 I/AnebProbe(22981): ADAPTER_OBS pkg=com.larus.nova mode=doubao events=203 rule_matched=38 first_delta_ms=0 cadence_p50_ms=100.1 session_span_ms=117267.5 confidence=LOW/INCONCLUSIVE reason=throttle ttft_send_ms=null anchor_source=null ttft_cluster_ms=2859.6 ttft_density_ms=null
08-30 10:12:25.830 I/AnebProbe(22981): ADAPTER_EVT type=content cls=androidx.drawerlayout.widget.DrawerLayout desc=null txt_len=0 pkg=com.larus.nova t_boot_ns=634314861911806
08-30 10:12:25.946 I/AnebProbe(22981): ADAPTER_EVT type=content cls=androidx.drawerlayout.widget.DrawerLayout desc=null txt_len=0 pkg=com.larus.nova t_boot_ns=634314977823785
08-30 10:12:26.062 I/AnebProbe(22981): ADAPTER_EVT type=content cls=androidx.drawerlayout.widget.DrawerLayout desc=null txt_len=0 pkg=com.larus.nova t_boot_ns=634315093691494
08-30 10:12:26.135 I/AnebProbe(22981): ADAPTER_EVT type=content cls=androidx.drawerlayout.widget.DrawerLayout desc=null txt_len=0 pkg=com.larus.nova t_boot_ns=634315167026389
08-30 10:12:27.921 I/AnebProbe(22981): ADAPTER_EVT type=click cls=android.widget.ImageView desc=创建新对话 txt_len=5 pkg=com.larus.nova t_boot_ns=634316952741493
08-30 10:12:27.936 I/AnebProbe(22981): ADAPTER_EVT type=content cls=android.widget.FrameLayout desc=null txt_len=0 pkg=com.larus.nova t_boot_ns=634316967359202
08-30 10:12:28.146 I/AnebProbe(22981): ADAPTER_EVT type=content cls=androidx.drawerlayout.widget.DrawerLayout desc=null txt_len=0 pkg=com.larus.nova t_boot_ns=634317177355035
08-30 10:12:28.279 I/AnebProbe(22981): ADAPTER_EVT type=content cls=androidx.drawerlayout.widget.DrawerLayout desc=null txt_len=0 pkg=com.larus.nova t_boot_ns=634317310349827
08-30 10:12:28.332 I/AnebProbe(22981): ADAPTER_EVT type=content cls=androidx.drawerlayout.widget.DrawerLayout desc=null txt_len=0 pkg=com.larus.nova t_boot_ns=634317363670139
08-30 10:12:28.353 I/AnebProbe(22981): ADAPTER_EVT type=content cls=androidx.drawerlayout.widget.DrawerLayout desc=null txt_len=0 pkg=com.larus.nova t_boot_ns=634317384729514
08-30 10:12:28.432 I/AnebProbe(22981): ADAPTER_EVT type=content cls=android.view.ViewGroup desc=null txt_len=0 pkg=com.larus.nova t_boot_ns=634317463323785
08-30 10:12:28.533 I/AnebProbe(22981): ADAPTER_EVT type=content cls=android.view.ViewGroup desc=null txt_len=0 pkg=com.larus.nova t_boot_ns=634317564238368
08-30 10:12:28.655 I/AnebProbe(22981): ADAPTER_EVT type=content cls=androidx.drawerlayout.widget.DrawerLayout desc=null txt_len=0 pkg=com.larus.nova t_boot_ns=634317685946702
08-30 10:12:28.754 I/AnebProbe(22981): ADAPTER_EVT type=content cls=android.view.ViewGroup desc=null txt_len=0 pkg=com.larus.nova t_boot_ns=634317785496702
08-30 10:12:28.926 I/AnebProbe(22981): ADAPTER_EVT type=content cls=androidx.recyclerview.widget.RecyclerView desc=null txt_len=0 pkg=com.larus.nova t_boot_ns=634317957750347
08-30 10:12:29.022 I/AnebProbe(22981): ADAPTER_EVT type=content cls=android.view.ViewGroup desc=null txt_len=0 pkg=com.larus.nova t_boot_ns=634318052980035
08-30 10:12:29.129 I/AnebProbe(22981): ADAPTER_EVT type=content cls=android.view.ViewGroup desc=null txt_len=0 pkg=com.larus.nova t_boot_ns=634318160163368
08-30 10:12:29.377 I/AnebProbe(22981): ADAPTER_EVT type=content cls=android.view.ViewGroup desc=null txt_len=0 pkg=com.larus.nova t_boot_ns=634318408815451
08-30 10:12:29.504 I/AnebProbe(22981): ADAPTER_EVT type=content cls=android.view.ViewGroup desc=null txt_len=0 pkg=com.larus.nova t_boot_ns=634318535473785
08-30 10:12:29.608 I/AnebProbe(22981): ADAPTER_EVT type=content cls=android.view.ViewGroup desc=null txt_len=0 pkg=com.larus.nova t_boot_ns=634318639713368
08-30 10:12:29.711 I/AnebProbe(22981): ADAPTER_EVT type=content cls=android.view.ViewGroup desc=null txt_len=0 pkg=com.larus.nova t_boot_ns=634318741986806
08-30 10:12:29.838 I/AnebProbe(22981): ADAPTER_EVT type=content cls=androidx.drawerlayout.widget.DrawerLayout desc=null txt_len=0 pkg=com.larus.nova t_boot_ns=634318869345660
08-30 10:12:29.942 I/AnebProbe(22981): ADAPTER_EVT type=content cls=android.view.ViewGroup desc=null txt_len=0 pkg=com.larus.nova t_boot_ns=634318972962847
08-30 10:12:30.041 I/AnebProbe(22981): ADAPTER_EVT type=content cls=android.view.ViewGroup desc=null txt_len=0 pkg=com.larus.nova t_boot_ns=634319072005035
08-30 10:12:30.176 I/AnebProbe(22981): ADAPTER_EVT type=content cls=android.view.ViewGroup desc=null txt_len=0 pkg=com.larus.nova t_boot_ns=634319207334722
08-30 10:12:31.073 I/AnebE4MARK(29761): E4MARK kind=turn_start n=3
08-30 10:12:31.160 I/AnebProbe(22981): ADAPTER_EVT type=content cls=android.view.ViewGroup desc=新对话，打开设置页 txt_len=0 pkg=com.larus.nova t_boot_ns=634320190934722
08-30 10:12:31.162 I/AnebProbe(22981): ADAPTER_OBS pkg=com.larus.nova mode=doubao events=228 rule_matched=39 first_delta_ms=0 cadence_p50_ms=100.4 session_span_ms=132221.5 confidence=LOW/INCONCLUSIVE reason=throttle ttft_send_ms=null anchor_source=null ttft_cluster_ms=2859.6 ttft_density_ms=null
08-30 10:12:31.231 I/AnebProbe(22981): ADAPTER_EVT type=content cls=android.view.ViewGroup desc=null txt_len=0 pkg=com.larus.nova t_boot_ns=634320261967014
08-30 10:12:31.348 I/AnebProbe(22981): ADAPTER_EVT type=content cls=android.view.ViewGroup desc=null txt_len=0 pkg=com.larus.nova t_boot_ns=634320379101909
08-30 10:12:31.459 I/AnebProbe(22981): ADAPTER_EVT type=content cls=android.view.ViewGroup desc=null txt_len=0 pkg=com.larus.nova t_boot_ns=634320490663368
08-30 10:12:31.572 I/AnebProbe(22981): ADAPTER_EVT type=content cls=android.view.ViewGroup desc=null txt_len=0 pkg=com.larus.nova t_boot_ns=634320603965972
08-30 10:12:31.689 I/AnebProbe(22981): ADAPTER_EVT type=content cls=android.view.ViewGroup desc=null txt_len=0 pkg=com.larus.nova t_boot_ns=634320720417534
08-30 10:12:31.800 I/AnebProbe(22981): ADAPTER_EVT type=content cls=android.view.ViewGroup desc=null txt_len=0 pkg=com.larus.nova t_boot_ns=634320831430034
08-30 10:12:31.901 I/AnebProbe(22981): ADAPTER_EVT type=content cls=android.view.ViewGroup desc=null txt_len=0 pkg=com.larus.nova t_boot_ns=634320932826389
08-30 10:12:32.018 I/AnebProbe(22981): ADAPTER_EVT type=content cls=android.view.ViewGroup desc=null txt_len=0 pkg=com.larus.nova t_boot_ns=634321049471180
08-30 10:12:32.118 I/AnebProbe(22981): ADAPTER_EVT type=content cls=android.view.ViewGroup desc=null txt_len=0 pkg=com.larus.nova t_boot_ns=634321149828993
08-30 10:12:32.235 I/AnebProbe(22981): ADAPTER_EVT type=content cls=android.view.ViewGroup desc=null txt_len=0 pkg=com.larus.nova t_boot_ns=634321266203472
08-30 10:12:32.354 I/AnebProbe(22981): ADAPTER_EVT type=content cls=android.view.ViewGroup desc=null txt_len=0 pkg=com.larus.nova t_boot_ns=634321385607118
08-30 10:12:32.400 I/AnebProbe(22981): ADAPTER_EVT type=content cls=android.view.ViewGroup desc=null txt_len=0 pkg=com.larus.nova t_boot_ns=634321431800868
08-30 10:12:32.401 I/AnebProbe(22981): ADAPTER_EVT type=content cls=android.widget.EditText desc=null txt_len=1 pkg=com.larus.nova t_boot_ns=634321432355555
08-30 10:12:32.408 I/AnebProbe(22981): ADAPTER_EVT type=content cls=android.view.ViewGroup desc=null txt_len=0 pkg=com.larus.nova t_boot_ns=634321438899826
08-30 10:12:32.455 I/AnebProbe(22981): ADAPTER_EVT type=content cls=android.view.ViewGroup desc=null txt_len=0 pkg=com.larus.nova t_boot_ns=634321485956597
08-30 10:12:32.455 I/AnebProbe(22981): ADAPTER_EVT type=content cls=android.widget.EditText desc=null txt_len=2 pkg=com.larus.nova t_boot_ns=634321486377951
08-30 10:12:32.480 I/AnebProbe(22981): ADAPTER_EVT type=content cls=android.view.ViewGroup desc=null txt_len=0 pkg=com.larus.nova t_boot_ns=634321511640451
08-30 10:12:32.481 I/AnebProbe(22981): ADAPTER_EVT type=content cls=android.widget.EditText desc=null txt_len=3 pkg=com.larus.nova t_boot_ns=634321512182638
08-30 10:12:32.489 I/AnebProbe(22981): ADAPTER_EVT type=content cls=android.widget.EditText desc=null txt_len=4 pkg=com.larus.nova t_boot_ns=634321520645138
08-30 10:12:32.514 I/AnebProbe(22981): ADAPTER_EVT type=content cls=android.view.ViewGroup desc=null txt_len=0 pkg=com.larus.nova t_boot_ns=634321545086805
08-30 10:12:32.514 I/AnebProbe(22981): ADAPTER_EVT type=content cls=android.widget.EditText desc=null txt_len=5 pkg=com.larus.nova t_boot_ns=634321545570138
08-30 10:12:32.521 I/AnebProbe(22981): ADAPTER_EVT type=content cls=android.widget.EditText desc=null txt_len=6 pkg=com.larus.nova t_boot_ns=634321552450347
08-30 10:12:32.540 I/AnebProbe(22981): ADAPTER_EVT type=content cls=android.view.ViewGroup desc=null txt_len=0 pkg=com.larus.nova t_boot_ns=634321571788368
08-30 10:12:32.541 I/AnebProbe(22981): ADAPTER_EVT type=content cls=android.widget.EditText desc=null txt_len=7 pkg=com.larus.nova t_boot_ns=634321572164409
08-30 10:12:32.564 I/AnebProbe(22981): ADAPTER_EVT type=content cls=android.view.ViewGroup desc=null txt_len=0 pkg=com.larus.nova t_boot_ns=634321595425347
08-30 10:12:32.565 I/AnebProbe(22981): ADAPTER_EVT type=content cls=android.widget.EditText desc=null txt_len=8 pkg=com.larus.nova t_boot_ns=634321596009201
08-30 10:12:32.574 I/AnebProbe(22981): ADAPTER_EVT type=content cls=androidx.recyclerview.widget.RecyclerView desc=null txt_len=0 pkg=com.larus.nova t_boot_ns=634321605577951
08-30 10:12:32.575 I/AnebProbe(22981): ADAPTER_EVT type=content cls=android.widget.EditText desc=null txt_len=9 pkg=com.larus.nova t_boot_ns=634321606049305
08-30 10:12:32.607 I/AnebProbe(22981): ADAPTER_EVT type=content cls=android.view.ViewGroup desc=null txt_len=0 pkg=com.larus.nova t_boot_ns=634321636180034
08-30 10:12:32.608 I/AnebProbe(22981): ADAPTER_EVT type=content cls=android.widget.EditText desc=null txt_len=10 pkg=com.larus.nova t_boot_ns=634321639421180
08-30 10:12:32.631 I/AnebProbe(22981): ADAPTER_EVT type=content cls=android.view.ViewGroup desc=null txt_len=0 pkg=com.larus.nova t_boot_ns=634321662807118
08-30 10:12:32.632 I/AnebProbe(22981): ADAPTER_EVT type=content cls=android.widget.EditText desc=null txt_len=11 pkg=com.larus.nova t_boot_ns=634321663207118
08-30 10:12:32.650 I/AnebProbe(22981): ADAPTER_EVT type=content cls=android.view.ViewGroup desc=null txt_len=0 pkg=com.larus.nova t_boot_ns=634321681801388
08-30 10:12:32.651 I/AnebProbe(22981): ADAPTER_EVT type=content cls=android.widget.EditText desc=null txt_len=12 pkg=com.larus.nova t_boot_ns=634321682293576
08-30 10:12:32.672 I/AnebProbe(22981): ADAPTER_EVT type=content cls=android.view.ViewGroup desc=null txt_len=0 pkg=com.larus.nova t_boot_ns=634321703061284
08-30 10:12:32.672 I/AnebProbe(22981): ADAPTER_EVT type=content cls=android.widget.EditText desc=null txt_len=13 pkg=com.larus.nova t_boot_ns=634321703527951
08-30 10:12:32.689 I/AnebProbe(22981): ADAPTER_EVT type=content cls=android.view.ViewGroup desc=null txt_len=0 pkg=com.larus.nova t_boot_ns=634321720120659
08-30 10:12:32.690 I/AnebProbe(22981): ADAPTER_EVT type=content cls=android.widget.EditText desc=null txt_len=14 pkg=com.larus.nova t_boot_ns=634321721569618
08-30 10:12:32.710 I/AnebProbe(22981): ADAPTER_EVT type=content cls=android.view.ViewGroup desc=null txt_len=0 pkg=com.larus.nova t_boot_ns=634321741901388
08-30 10:12:32.711 I/AnebProbe(22981): ADAPTER_EVT type=content cls=android.widget.EditText desc=null txt_len=15 pkg=com.larus.nova t_boot_ns=634321742343055
08-30 10:12:32.719 I/AnebProbe(22981): ADAPTER_EVT type=content cls=android.widget.EditText desc=null txt_len=16 pkg=com.larus.nova t_boot_ns=634321750215972
08-30 10:12:32.736 I/AnebProbe(22981): ADAPTER_EVT type=content cls=android.view.ViewGroup desc=null txt_len=0 pkg=com.larus.nova t_boot_ns=634321767859201
08-30 10:12:32.737 I/AnebProbe(22981): ADAPTER_EVT type=content cls=android.widget.EditText desc=null txt_len=17 pkg=com.larus.nova t_boot_ns=634321768335763
08-30 10:12:32.755 I/AnebProbe(22981): ADAPTER_EVT type=content cls=android.view.ViewGroup desc=null txt_len=0 pkg=com.larus.nova t_boot_ns=634321786555555
08-30 10:12:32.756 I/AnebProbe(22981): ADAPTER_EVT type=content cls=android.widget.EditText desc=null txt_len=18 pkg=com.larus.nova t_boot_ns=634321787020138
08-30 10:12:32.778 I/AnebProbe(22981): ADAPTER_EVT type=content cls=android.view.ViewGroup desc=null txt_len=0 pkg=com.larus.nova t_boot_ns=634321809359201
08-30 10:12:32.779 I/AnebProbe(22981): ADAPTER_EVT type=content cls=android.widget.EditText desc=null txt_len=19 pkg=com.larus.nova t_boot_ns=634321810270659
08-30 10:12:32.788 I/AnebProbe(22981): ADAPTER_EVT type=content cls=android.widget.EditText desc=null txt_len=20 pkg=com.larus.nova t_boot_ns=634321819190972
08-30 10:12:32.812 I/AnebProbe(22981): ADAPTER_EVT type=content cls=android.view.ViewGroup desc=null txt_len=0 pkg=com.larus.nova t_boot_ns=634321843599826
08-30 10:12:32.813 I/AnebProbe(22981): ADAPTER_EVT type=content cls=android.widget.EditText desc=null txt_len=21 pkg=com.larus.nova t_boot_ns=634321844139409
08-30 10:12:32.834 I/AnebProbe(22981): ADAPTER_EVT type=content cls=android.view.ViewGroup desc=null txt_len=0 pkg=com.larus.nova t_boot_ns=634321865018055
08-30 10:12:32.834 I/AnebProbe(22981): ADAPTER_EVT type=content cls=android.widget.EditText desc=null txt_len=22 pkg=com.larus.nova t_boot_ns=634321865751909
08-30 10:12:32.854 I/AnebProbe(22981): ADAPTER_EVT type=content cls=android.view.ViewGroup desc=null txt_len=0 pkg=com.larus.nova t_boot_ns=634321885838888
08-30 10:12:32.855 I/AnebProbe(22981): ADAPTER_EVT type=content cls=android.widget.EditText desc=null txt_len=23 pkg=com.larus.nova t_boot_ns=634321886292534
08-30 10:12:32.878 I/AnebProbe(22981): ADAPTER_EVT type=content cls=android.view.ViewGroup desc=null txt_len=0 pkg=com.larus.nova t_boot_ns=634321909707638
08-30 10:12:32.879 I/AnebProbe(22981): ADAPTER_EVT type=content cls=android.widget.EditText desc=null txt_len=24 pkg=com.larus.nova t_boot_ns=634321910232118
08-30 10:12:32.888 I/AnebProbe(22981): ADAPTER_EVT type=content cls=android.widget.EditText desc=null txt_len=25 pkg=com.larus.nova t_boot_ns=634321919061805
08-30 10:12:32.911 I/AnebProbe(22981): ADAPTER_EVT type=content cls=android.view.ViewGroup desc=null txt_len=0 pkg=com.larus.nova t_boot_ns=634321942785243
08-30 10:12:32.912 I/AnebProbe(22981): ADAPTER_EVT type=content cls=android.widget.EditText desc=null txt_len=26 pkg=com.larus.nova t_boot_ns=634321943280034
08-30 10:12:33.030 I/AnebProbe(22981): ADAPTER_EVT type=content cls=android.view.ViewGroup desc=null txt_len=0 pkg=com.larus.nova t_boot_ns=634322061371180
08-30 10:12:33.134 I/AnebProbe(22981): ADAPTER_EVT type=content cls=android.view.ViewGroup desc=null txt_len=0 pkg=com.larus.nova t_boot_ns=634322164950868
08-30 10:12:33.245 I/AnebProbe(22981): ADAPTER_EVT type=content cls=android.view.ViewGroup desc=null txt_len=0 pkg=com.larus.nova t_boot_ns=634322276158159
08-30 10:12:33.361 I/AnebProbe(22981): ADAPTER_EVT type=content cls=android.view.ViewGroup desc=null txt_len=0 pkg=com.larus.nova t_boot_ns=634322391944097
08-30 10:12:33.483 I/AnebProbe(22981): ADAPTER_EVT type=content cls=android.view.ViewGroup desc=null txt_len=0 pkg=com.larus.nova t_boot_ns=634322514051909
08-30 10:12:33.594 I/AnebProbe(22981): ADAPTER_EVT type=content cls=android.view.ViewGroup desc=null txt_len=0 pkg=com.larus.nova t_boot_ns=634322624866492
08-30 10:12:33.704 I/AnebProbe(22981): ADAPTER_EVT type=content cls=android.view.ViewGroup desc=null txt_len=0 pkg=com.larus.nova t_boot_ns=634322735707638
08-30 10:12:33.809 I/AnebProbe(22981): ADAPTER_EVT type=content cls=android.view.ViewGroup desc=null txt_len=0 pkg=com.larus.nova t_boot_ns=634322839801388
08-30 10:12:33.923 I/AnebProbe(22981): ADAPTER_EVT type=content cls=android.view.ViewGroup desc=null txt_len=0 pkg=com.larus.nova t_boot_ns=634322954826388
08-30 10:12:34.025 I/AnebProbe(22981): ADAPTER_EVT type=content cls=android.view.ViewGroup desc=null txt_len=0 pkg=com.larus.nova t_boot_ns=634323056677430
08-30 10:12:34.106 I/AnebProbe(22981): ADAPTER_EVT type=content cls=android.view.ViewGroup desc=null txt_len=0 pkg=com.larus.nova t_boot_ns=634323137858159
08-30 10:12:34.133 I/AnebProbe(22981): ADAPTER_EVT type=content cls=android.view.ViewGroup desc=null txt_len=0 pkg=com.larus.nova t_boot_ns=634323164902430
08-30 10:12:34.239 I/AnebProbe(22981): ADAPTER_EVT type=content cls=android.view.ViewGroup desc=null txt_len=0 pkg=com.larus.nova t_boot_ns=634323270825347
08-30 10:12:34.514 I/AnebProbe(22981): ADAPTER_EVT type=content cls=androidx.drawerlayout.widget.DrawerLayout desc=null txt_len=0 pkg=com.larus.nova t_boot_ns=634323545285763
08-30 10:12:34.614 I/AnebProbe(22981): ADAPTER_EVT type=content cls=androidx.drawerlayout.widget.DrawerLayout desc=null txt_len=0 pkg=com.larus.nova t_boot_ns=634323645717013
08-30 10:12:34.832 I/AnebProbe(22981): ADAPTER_EVT type=content cls=androidx.drawerlayout.widget.DrawerLayout desc=null txt_len=0 pkg=com.larus.nova t_boot_ns=634323864053992
08-30 10:12:34.953 I/AnebProbe(22981): ADAPTER_EVT type=content cls=androidx.recyclerview.widget.RecyclerView desc=null txt_len=0 pkg=com.larus.nova t_boot_ns=634323984723784
08-30 10:12:35.052 I/AnebProbe(22981): ADAPTER_EVT type=content cls=androidx.recyclerview.widget.RecyclerView desc=null txt_len=0 pkg=com.larus.nova t_boot_ns=634324083176909
08-30 10:12:35.156 I/AnebProbe(22981): ADAPTER_EVT type=content cls=androidx.drawerlayout.widget.DrawerLayout desc=null txt_len=0 pkg=com.larus.nova t_boot_ns=634324187938888
08-30 10:12:35.860 I/AnebProbe(22981): ADAPTER_EVT type=content cls=androidx.drawerlayout.widget.DrawerLayout desc=null txt_len=0 pkg=com.larus.nova t_boot_ns=634324891117013
08-30 10:12:35.962 I/AnebProbe(22981): ADAPTER_EVT type=content cls=androidx.drawerlayout.widget.DrawerLayout desc=null txt_len=0 pkg=com.larus.nova t_boot_ns=634324992250867
08-30 10:12:36.257 I/AnebProbe(22981): ADAPTER_EVT type=content cls=androidx.recyclerview.widget.RecyclerView desc=null txt_len=0 pkg=com.larus.nova t_boot_ns=634325287762325
08-30 10:12:36.262 I/AnebProbe(22981): ADAPTER_OBS pkg=com.larus.nova mode=doubao events=309 rule_matched=43 first_delta_ms=0 cadence_p50_ms=100.4 session_span_ms=137318.4 confidence=LOW/INCONCLUSIVE reason=throttle ttft_send_ms=null anchor_source=null ttft_cluster_ms=2829.7 ttft_density_ms=null
08-30 10:12:36.382 I/AnebProbe(22981): ADAPTER_EVT type=content cls=android.view.ViewGroup desc=null txt_len=0 pkg=com.larus.nova t_boot_ns=634325413769617
08-30 10:12:36.504 I/AnebProbe(22981): ADAPTER_EVT type=content cls=androidx.recyclerview.widget.RecyclerView desc=null txt_len=0 pkg=com.larus.nova t_boot_ns=634325535573784
08-30 10:12:36.658 I/AnebProbe(22981): ADAPTER_EVT type=content cls=androidx.recyclerview.widget.RecyclerView desc=null txt_len=0 pkg=com.larus.nova t_boot_ns=634325689517013
08-30 10:12:36.775 I/AnebProbe(22981): ADAPTER_EVT type=content cls=androidx.drawerlayout.widget.DrawerLayout desc=null txt_len=0 pkg=com.larus.nova t_boot_ns=634325806249304
08-30 10:12:36.875 I/AnebProbe(22981): ADAPTER_EVT type=content cls=androidx.drawerlayout.widget.DrawerLayout desc=null txt_len=0 pkg=com.larus.nova t_boot_ns=634325906226909
08-30 10:12:36.981 I/AnebProbe(22981): ADAPTER_EVT type=content cls=androidx.recyclerview.widget.RecyclerView desc=null txt_len=0 pkg=com.larus.nova t_boot_ns=634326011779513
08-30 10:12:37.091 I/AnebProbe(22981): ADAPTER_EVT type=content cls=androidx.recyclerview.widget.RecyclerView desc=null txt_len=0 pkg=com.larus.nova t_boot_ns=634326122299304
08-30 10:12:37.190 I/AnebProbe(22981): ADAPTER_EVT type=content cls=android.view.ViewGroup desc=null txt_len=0 pkg=com.larus.nova t_boot_ns=634326221557117
08-30 10:12:37.292 I/AnebProbe(22981): ADAPTER_EVT type=content cls=androidx.recyclerview.widget.RecyclerView desc=null txt_len=0 pkg=com.larus.nova t_boot_ns=634326322778471
08-30 10:12:37.396 I/AnebProbe(22981): ADAPTER_EVT type=content cls=androidx.recyclerview.widget.RecyclerView desc=null txt_len=0 pkg=com.larus.nova t_boot_ns=634326427539929
08-30 10:12:37.523 I/AnebProbe(22981): ADAPTER_EVT type=content cls=androidx.drawerlayout.widget.DrawerLayout desc=null txt_len=0 pkg=com.larus.nova t_boot_ns=634326554562325
08-30 10:12:37.652 I/AnebProbe(22981): ADAPTER_EVT type=content cls=androidx.recyclerview.widget.RecyclerView desc=null txt_len=0 pkg=com.larus.nova t_boot_ns=634326683089409
08-30 10:12:37.749 I/AnebProbe(22981): ADAPTER_EVT type=content cls=androidx.recyclerview.widget.RecyclerView desc=null txt_len=0 pkg=com.larus.nova t_boot_ns=634326780227950
08-30 10:12:37.855 I/AnebProbe(22981): ADAPTER_EVT type=content cls=androidx.recyclerview.widget.RecyclerView desc=null txt_len=0 pkg=com.larus.nova t_boot_ns=634326885967533
08-30 10:12:37.957 I/AnebProbe(22981): ADAPTER_EVT type=content cls=androidx.recyclerview.widget.RecyclerView desc=null txt_len=0 pkg=com.larus.nova t_boot_ns=634326988441492
08-30 10:12:38.074 I/AnebProbe(22981): ADAPTER_EVT type=content cls=androidx.drawerlayout.widget.DrawerLayout desc=null txt_len=0 pkg=com.larus.nova t_boot_ns=634327105445658
08-30 10:12:38.181 I/AnebProbe(22981): ADAPTER_EVT type=content cls=androidx.drawerlayout.widget.DrawerLayout desc=null txt_len=0 pkg=com.larus.nova t_boot_ns=634327212505033
08-30 10:12:38.285 I/AnebProbe(22981): ADAPTER_EVT type=content cls=androidx.drawerlayout.widget.DrawerLayout desc=null txt_len=0 pkg=com.larus.nova t_boot_ns=634327316449304
08-30 10:12:38.403 I/AnebProbe(22981): ADAPTER_EVT type=content cls=androidx.recyclerview.widget.RecyclerView desc=null txt_len=0 pkg=com.larus.nova t_boot_ns=634327433879513
08-30 10:12:38.518 I/AnebProbe(22981): ADAPTER_EVT type=content cls=androidx.recyclerview.widget.RecyclerView desc=null txt_len=0 pkg=com.larus.nova t_boot_ns=634327549256596
08-30 10:12:38.618 I/AnebProbe(22981): ADAPTER_EVT type=content cls=androidx.recyclerview.widget.RecyclerView desc=null txt_len=0 pkg=com.larus.nova t_boot_ns=634327649462846
08-30 10:12:38.725 I/AnebProbe(22981): ADAPTER_EVT type=content cls=androidx.drawerlayout.widget.DrawerLayout desc=null txt_len=0 pkg=com.larus.nova t_boot_ns=634327755913888
08-30 10:12:38.834 I/AnebProbe(22981): ADAPTER_EVT type=content cls=androidx.recyclerview.widget.RecyclerView desc=null txt_len=0 pkg=com.larus.nova t_boot_ns=634327865133158
08-30 10:12:38.933 I/AnebProbe(22981): ADAPTER_EVT type=content cls=androidx.recyclerview.widget.RecyclerView desc=null txt_len=0 pkg=com.larus.nova t_boot_ns=634327964011804
08-30 10:12:48.311 I/AnebE4MARK(29849): E4MARK kind=answer_complete n=3
08-30 10:12:48.451 I/AnebProbe(22981): ADAPTER_EVT type=click cls=android.widget.ImageView desc=返回 txt_len=2 pkg=com.larus.nova t_boot_ns=634337482525344
08-30 10:12:48.452 I/AnebProbe(22981): ADAPTER_OBS pkg=com.larus.nova mode=doubao events=333 rule_matched=58 first_delta_ms=0 cadence_p50_ms=100.3 session_span_ms=139994.6 confidence=LOW/INCONCLUSIVE reason=throttle ttft_send_ms=null anchor_source=null ttft_cluster_ms=2829.7 ttft_density_ms=null
08-30 10:12:48.565 I/AnebProbe(22981): ADAPTER_EVT type=content cls=androidx.drawerlayout.widget.DrawerLayout desc=null txt_len=0 pkg=com.larus.nova t_boot_ns=634337596904511
08-30 10:12:48.681 I/AnebProbe(22981): ADAPTER_EVT type=content cls=androidx.drawerlayout.widget.DrawerLayout desc=null txt_len=0 pkg=com.larus.nova t_boot_ns=634337712462324
08-30 10:12:48.797 I/AnebProbe(22981): ADAPTER_EVT type=content cls=androidx.drawerlayout.widget.DrawerLayout desc=null txt_len=0 pkg=com.larus.nova t_boot_ns=634337828546698
08-30 10:12:48.887 I/AnebProbe(22981): ADAPTER_EVT type=content cls=androidx.drawerlayout.widget.DrawerLayout desc=null txt_len=0 pkg=com.larus.nova t_boot_ns=634337918137323
08-30 10:12:50.655 I/AnebProbe(22981): ADAPTER_EVT type=click cls=android.widget.ImageView desc=创建新对话 txt_len=5 pkg=com.larus.nova t_boot_ns=634339686312844
08-30 10:12:50.665 I/AnebProbe(22981): ADAPTER_EVT type=content cls=android.widget.FrameLayout desc=null txt_len=0 pkg=com.larus.nova t_boot_ns=634339696378990
08-30 10:12:50.870 I/AnebProbe(22981): ADAPTER_EVT type=content cls=androidx.drawerlayout.widget.DrawerLayout desc=null txt_len=0 pkg=com.larus.nova t_boot_ns=634339901507115
08-30 10:12:51.029 I/AnebProbe(22981): ADAPTER_EVT type=content cls=androidx.drawerlayout.widget.DrawerLayout desc=null txt_len=0 pkg=com.larus.nova t_boot_ns=634340060762844
08-30 10:12:51.067 I/AnebProbe(22981): ADAPTER_EVT type=content cls=androidx.drawerlayout.widget.DrawerLayout desc=null txt_len=0 pkg=com.larus.nova t_boot_ns=634340098231073
08-30 10:12:51.166 I/AnebProbe(22981): ADAPTER_EVT type=content cls=android.view.ViewGroup desc=null txt_len=0 pkg=com.larus.nova t_boot_ns=634340197946177
08-30 10:12:51.266 I/AnebProbe(22981): ADAPTER_EVT type=content cls=android.view.ViewGroup desc=null txt_len=0 pkg=com.larus.nova t_boot_ns=634340297819615
08-30 10:12:51.376 I/AnebProbe(22981): ADAPTER_EVT type=content cls=androidx.drawerlayout.widget.DrawerLayout desc=null txt_len=0 pkg=com.larus.nova t_boot_ns=634340407075865
08-30 10:12:51.509 I/AnebProbe(22981): ADAPTER_EVT type=content cls=android.view.ViewGroup desc=null txt_len=0 pkg=com.larus.nova t_boot_ns=634340540184719
08-30 10:12:51.623 I/AnebProbe(22981): ADAPTER_EVT type=content cls=android.view.ViewGroup desc=null txt_len=0 pkg=com.larus.nova t_boot_ns=634340654518573
08-30 10:12:51.723 I/AnebProbe(22981): ADAPTER_EVT type=content cls=android.view.ViewGroup desc=null txt_len=0 pkg=com.larus.nova t_boot_ns=634340754398781
08-30 10:12:51.870 I/AnebProbe(22981): ADAPTER_EVT type=content cls=android.view.ViewGroup desc=新对话，打开设置页 txt_len=0 pkg=com.larus.nova t_boot_ns=634340901390969
08-30 10:12:51.971 I/AnebProbe(22981): ADAPTER_EVT type=content cls=android.view.ViewGroup desc=null txt_len=0 pkg=com.larus.nova t_boot_ns=634341002314406
08-30 10:12:52.078 I/AnebProbe(22981): ADAPTER_EVT type=content cls=android.view.ViewGroup desc=null txt_len=0 pkg=com.larus.nova t_boot_ns=634341109448781
08-30 10:12:52.212 I/AnebProbe(22981): ADAPTER_EVT type=content cls=android.view.ViewGroup desc=null txt_len=0 pkg=com.larus.nova t_boot_ns=634341242920135
08-30 10:12:52.319 I/AnebProbe(22981): ADAPTER_EVT type=content cls=android.view.ViewGroup desc=null txt_len=0 pkg=com.larus.nova t_boot_ns=634341350506073
08-30 10:12:52.421 I/AnebProbe(22981): ADAPTER_EVT type=content cls=android.view.ViewGroup desc=null txt_len=0 pkg=com.larus.nova t_boot_ns=634341451825344
08-30 10:12:52.539 I/AnebProbe(22981): ADAPTER_EVT type=content cls=androidx.drawerlayout.widget.DrawerLayout desc=null txt_len=0 pkg=com.larus.nova t_boot_ns=634341569968052
08-30 10:12:52.645 I/AnebProbe(22981): ADAPTER_EVT type=content cls=android.view.ViewGroup desc=null txt_len=0 pkg=com.larus.nova t_boot_ns=634341676201906
08-30 10:12:52.744 I/AnebProbe(22981): ADAPTER_EVT type=content cls=android.view.ViewGroup desc=null txt_len=0 pkg=com.larus.nova t_boot_ns=634341775013885
08-30 10:12:52.878 I/AnebProbe(22981): ADAPTER_EVT type=content cls=android.view.ViewGroup desc=null txt_len=0 pkg=com.larus.nova t_boot_ns=634341908830031
08-30 10:12:53.821 I/AnebE4MARK(29879): E4MARK kind=turn_start n=4
08-30 10:12:53.887 I/AnebProbe(22981): ADAPTER_EVT type=content cls=android.view.ViewGroup desc=新对话，打开设置页 txt_len=0 pkg=com.larus.nova t_boot_ns=634342913431073
08-30 10:12:53.890 I/AnebProbe(22981): ADAPTER_OBS pkg=com.larus.nova mode=doubao events=358 rule_matched=58 first_delta_ms=0 cadence_p50_ms=100.1 session_span_ms=154944.0 confidence=LOW/INCONCLUSIVE reason=throttle ttft_send_ms=null anchor_source=null ttft_cluster_ms=2829.7 ttft_density_ms=null
08-30 10:12:53.965 I/AnebProbe(22981): ADAPTER_EVT type=content cls=android.view.ViewGroup desc=null txt_len=0 pkg=com.larus.nova t_boot_ns=634342996949823
08-30 10:12:54.083 I/AnebProbe(22981): ADAPTER_EVT type=content cls=android.view.ViewGroup desc=null txt_len=0 pkg=com.larus.nova t_boot_ns=634343114769614
08-30 10:12:54.190 I/AnebProbe(22981): ADAPTER_EVT type=content cls=android.view.ViewGroup desc=null txt_len=0 pkg=com.larus.nova t_boot_ns=634343221767010
08-30 10:12:54.305 I/AnebProbe(22981): ADAPTER_EVT type=content cls=android.view.ViewGroup desc=null txt_len=0 pkg=com.larus.nova t_boot_ns=634343336527948
08-30 10:12:54.408 I/AnebProbe(22981): ADAPTER_EVT type=content cls=android.view.ViewGroup desc=null txt_len=0 pkg=com.larus.nova t_boot_ns=634343439576906
08-30 10:12:54.520 I/AnebProbe(22981): ADAPTER_EVT type=content cls=android.view.ViewGroup desc=null txt_len=0 pkg=com.larus.nova t_boot_ns=634343551288364
08-30 10:12:54.621 I/AnebProbe(22981): ADAPTER_EVT type=content cls=android.view.ViewGroup desc=null txt_len=0 pkg=com.larus.nova t_boot_ns=634343652050343
08-30 10:12:54.737 I/AnebProbe(22981): ADAPTER_EVT type=content cls=android.view.ViewGroup desc=null txt_len=0 pkg=com.larus.nova t_boot_ns=634343767948260
08-30 10:12:54.841 I/AnebProbe(22981): ADAPTER_EVT type=content cls=android.view.ViewGroup desc=null txt_len=0 pkg=com.larus.nova t_boot_ns=634343872211802
08-30 10:12:54.950 I/AnebProbe(22981): ADAPTER_EVT type=content cls=android.view.ViewGroup desc=null txt_len=0 pkg=com.larus.nova t_boot_ns=634343981449823
08-30 10:12:55.053 I/AnebProbe(22981): ADAPTER_EVT type=content cls=android.view.ViewGroup desc=null txt_len=0 pkg=com.larus.nova t_boot_ns=634344084549302
08-30 10:12:55.148 I/AnebProbe(22981): ADAPTER_EVT type=content cls=android.view.ViewGroup desc=null txt_len=0 pkg=com.larus.nova t_boot_ns=634344179010760
08-30 10:12:55.148 I/AnebProbe(22981): ADAPTER_EVT type=content cls=android.widget.EditText desc=null txt_len=1 pkg=com.larus.nova t_boot_ns=634344179455552
08-30 10:12:55.149 I/AnebProbe(22981): ADAPTER_EVT type=content cls=android.view.ViewGroup desc=null txt_len=0 pkg=com.larus.nova t_boot_ns=634344180343573
08-30 10:12:55.201 I/AnebProbe(22981): ADAPTER_EVT type=content cls=android.view.ViewGroup desc=null txt_len=0 pkg=com.larus.nova t_boot_ns=634344232512323
08-30 10:12:55.202 I/AnebProbe(22981): ADAPTER_EVT type=content cls=android.widget.EditText desc=null txt_len=2 pkg=com.larus.nova t_boot_ns=634344232971698
08-30 10:12:55.221 I/AnebProbe(22981): ADAPTER_EVT type=content cls=android.view.ViewGroup desc=null txt_len=0 pkg=com.larus.nova t_boot_ns=634344252443573
08-30 10:12:55.222 I/AnebProbe(22981): ADAPTER_EVT type=content cls=android.widget.EditText desc=null txt_len=3 pkg=com.larus.nova t_boot_ns=634344252970656
08-30 10:12:55.241 I/AnebProbe(22981): ADAPTER_EVT type=content cls=android.view.ViewGroup desc=null txt_len=0 pkg=com.larus.nova t_boot_ns=634344272554510
08-30 10:12:55.242 I/AnebProbe(22981): ADAPTER_EVT type=content cls=android.widget.EditText desc=null txt_len=4 pkg=com.larus.nova t_boot_ns=634344273348260
08-30 10:12:55.275 I/AnebProbe(22981): ADAPTER_EVT type=content cls=android.view.ViewGroup desc=null txt_len=0 pkg=com.larus.nova t_boot_ns=634344306367531
08-30 10:12:55.275 I/AnebProbe(22981): ADAPTER_EVT type=content cls=android.widget.EditText desc=null txt_len=5 pkg=com.larus.nova t_boot_ns=634344306824302
08-30 10:12:55.306 I/AnebProbe(22981): ADAPTER_EVT type=content cls=android.view.ViewGroup desc=null txt_len=0 pkg=com.larus.nova t_boot_ns=634344337729510
08-30 10:12:55.307 I/AnebProbe(22981): ADAPTER_EVT type=content cls=android.widget.EditText desc=null txt_len=6 pkg=com.larus.nova t_boot_ns=634344338133677
08-30 10:12:55.323 I/AnebProbe(22981): ADAPTER_EVT type=content cls=android.view.ViewGroup desc=null txt_len=0 pkg=com.larus.nova t_boot_ns=634344354014406
08-30 10:12:55.323 I/AnebProbe(22981): ADAPTER_EVT type=content cls=android.widget.EditText desc=null txt_len=7 pkg=com.larus.nova t_boot_ns=634344354379510
08-30 10:12:55.338 I/AnebProbe(22981): ADAPTER_EVT type=content cls=android.view.ViewGroup desc=null txt_len=0 pkg=com.larus.nova t_boot_ns=634344368995656
08-30 10:12:55.339 I/AnebProbe(22981): ADAPTER_EVT type=content cls=android.widget.EditText desc=null txt_len=8 pkg=com.larus.nova t_boot_ns=634344369708677
08-30 10:12:55.355 I/AnebProbe(22981): ADAPTER_EVT type=content cls=android.view.ViewGroup desc=null txt_len=0 pkg=com.larus.nova t_boot_ns=634344386765968
08-30 10:12:55.356 I/AnebProbe(22981): ADAPTER_EVT type=content cls=android.widget.EditText desc=null txt_len=9 pkg=com.larus.nova t_boot_ns=634344387113885
08-30 10:12:55.374 I/AnebProbe(22981): ADAPTER_EVT type=content cls=android.view.ViewGroup desc=null txt_len=0 pkg=com.larus.nova t_boot_ns=634344405558156
08-30 10:12:55.374 I/AnebProbe(22981): ADAPTER_EVT type=content cls=android.widget.EditText desc=null txt_len=10 pkg=com.larus.nova t_boot_ns=634344405948260
08-30 10:12:55.391 I/AnebProbe(22981): ADAPTER_EVT type=content cls=android.view.ViewGroup desc=null txt_len=0 pkg=com.larus.nova t_boot_ns=634344422697739
08-30 10:12:55.392 I/AnebProbe(22981): ADAPTER_EVT type=content cls=android.widget.EditText desc=null txt_len=11 pkg=com.larus.nova t_boot_ns=634344423080031
08-30 10:12:55.408 I/AnebProbe(22981): ADAPTER_EVT type=content cls=android.view.ViewGroup desc=null txt_len=0 pkg=com.larus.nova t_boot_ns=634344439701906
08-30 10:12:55.409 I/AnebProbe(22981): ADAPTER_EVT type=content cls=android.widget.EditText desc=null txt_len=12 pkg=com.larus.nova t_boot_ns=634344440130552
08-30 10:12:55.431 I/AnebProbe(22981): ADAPTER_EVT type=content cls=android.view.ViewGroup desc=null txt_len=0 pkg=com.larus.nova t_boot_ns=634344462874302
08-30 10:12:55.432 I/AnebProbe(22981): ADAPTER_EVT type=content cls=android.widget.EditText desc=null txt_len=13 pkg=com.larus.nova t_boot_ns=634344463364406
08-30 10:12:55.441 I/AnebProbe(22981): ADAPTER_EVT type=content cls=android.widget.EditText desc=null txt_len=14 pkg=com.larus.nova t_boot_ns=634344472085239
08-30 10:12:55.465 I/AnebProbe(22981): ADAPTER_EVT type=content cls=android.view.ViewGroup desc=null txt_len=0 pkg=com.larus.nova t_boot_ns=634344495906593
08-30 10:12:55.465 I/AnebProbe(22981): ADAPTER_EVT type=content cls=android.widget.EditText desc=null txt_len=15 pkg=com.larus.nova t_boot_ns=634344496431593
08-30 10:12:55.475 I/AnebProbe(22981): ADAPTER_EVT type=content cls=android.widget.EditText desc=null txt_len=16 pkg=com.larus.nova t_boot_ns=634344506367531
08-30 10:12:55.499 I/AnebProbe(22981): ADAPTER_EVT type=content cls=android.view.ViewGroup desc=null txt_len=0 pkg=com.larus.nova t_boot_ns=634344529965968
08-30 10:12:55.499 I/AnebProbe(22981): ADAPTER_EVT type=content cls=android.widget.EditText desc=null txt_len=17 pkg=com.larus.nova t_boot_ns=634344530489406
08-30 10:12:55.520 I/AnebProbe(22981): ADAPTER_EVT type=content cls=android.view.ViewGroup desc=null txt_len=0 pkg=com.larus.nova t_boot_ns=634344551592531
08-30 10:12:55.522 I/AnebProbe(22981): ADAPTER_EVT type=content cls=android.widget.EditText desc=null txt_len=18 pkg=com.larus.nova t_boot_ns=634344552700864
08-30 10:12:55.540 I/AnebProbe(22981): ADAPTER_EVT type=content cls=android.view.ViewGroup desc=null txt_len=0 pkg=com.larus.nova t_boot_ns=634344571698260
08-30 10:12:55.541 I/AnebProbe(22981): ADAPTER_EVT type=content cls=android.widget.EditText desc=null txt_len=19 pkg=com.larus.nova t_boot_ns=634344572163885
08-30 10:12:55.564 I/AnebProbe(22981): ADAPTER_EVT type=content cls=android.view.ViewGroup desc=null txt_len=0 pkg=com.larus.nova t_boot_ns=634344595264406
08-30 10:12:55.564 I/AnebProbe(22981): ADAPTER_EVT type=content cls=android.widget.EditText desc=null txt_len=20 pkg=com.larus.nova t_boot_ns=634344595816489
08-30 10:12:55.589 I/AnebProbe(22981): ADAPTER_EVT type=content cls=android.view.ViewGroup desc=null txt_len=0 pkg=com.larus.nova t_boot_ns=634344620024302
08-30 10:12:55.590 I/AnebProbe(22981): ADAPTER_EVT type=content cls=android.widget.EditText desc=null txt_len=21 pkg=com.larus.nova t_boot_ns=634344620853989
08-30 10:12:55.613 I/AnebProbe(22981): ADAPTER_EVT type=content cls=android.view.ViewGroup desc=null txt_len=0 pkg=com.larus.nova t_boot_ns=634344644308677
08-30 10:12:55.614 I/AnebProbe(22981): ADAPTER_EVT type=content cls=android.widget.EditText desc=null txt_len=22 pkg=com.larus.nova t_boot_ns=634344644892531
08-30 10:12:55.625 I/AnebProbe(22981): ADAPTER_EVT type=content cls=android.widget.EditText desc=null txt_len=23 pkg=com.larus.nova t_boot_ns=634344656572218
08-30 10:12:55.648 I/AnebProbe(22981): ADAPTER_EVT type=content cls=android.view.ViewGroup desc=null txt_len=0 pkg=com.larus.nova t_boot_ns=634344679344093
08-30 10:12:55.649 I/AnebProbe(22981): ADAPTER_EVT type=content cls=android.widget.EditText desc=null txt_len=24 pkg=com.larus.nova t_boot_ns=634344680152947
08-30 10:12:55.657 I/AnebProbe(22981): ADAPTER_EVT type=content cls=android.widget.EditText desc=null txt_len=25 pkg=com.larus.nova t_boot_ns=634344688052427
08-30 10:12:55.680 I/AnebProbe(22981): ADAPTER_EVT type=content cls=android.view.ViewGroup desc=null txt_len=0 pkg=com.larus.nova t_boot_ns=634344711520656
08-30 10:12:55.681 I/AnebProbe(22981): ADAPTER_EVT type=content cls=android.widget.EditText desc=null txt_len=26 pkg=com.larus.nova t_boot_ns=634344711977427
08-30 10:12:55.798 I/AnebProbe(22981): ADAPTER_EVT type=content cls=android.view.ViewGroup desc=null txt_len=0 pkg=com.larus.nova t_boot_ns=634344829783677
08-30 10:12:55.903 I/AnebProbe(22981): ADAPTER_EVT type=content cls=android.view.ViewGroup desc=null txt_len=0 pkg=com.larus.nova t_boot_ns=634344934733156
08-30 10:12:56.017 I/AnebProbe(22981): ADAPTER_EVT type=content cls=android.view.ViewGroup desc=null txt_len=0 pkg=com.larus.nova t_boot_ns=634345048468572
08-30 10:12:56.117 I/AnebProbe(22981): ADAPTER_EVT type=content cls=android.view.ViewGroup desc=null txt_len=0 pkg=com.larus.nova t_boot_ns=634345147915447
08-30 10:12:56.218 I/AnebProbe(22981): ADAPTER_EVT type=content cls=android.view.ViewGroup desc=null txt_len=0 pkg=com.larus.nova t_boot_ns=634345248832635
08-30 10:12:56.332 I/AnebProbe(22981): ADAPTER_EVT type=content cls=android.view.ViewGroup desc=null txt_len=0 pkg=com.larus.nova t_boot_ns=634345363751906
08-30 10:12:56.448 I/AnebProbe(22981): ADAPTER_EVT type=content cls=android.view.ViewGroup desc=null txt_len=0 pkg=com.larus.nova t_boot_ns=634345479121176
08-30 10:12:56.550 I/AnebProbe(22981): ADAPTER_EVT type=content cls=android.view.ViewGroup desc=null txt_len=0 pkg=com.larus.nova t_boot_ns=634345580979510
08-30 10:12:56.663 I/AnebProbe(22981): ADAPTER_EVT type=content cls=android.view.ViewGroup desc=null txt_len=0 pkg=com.larus.nova t_boot_ns=634345694084197
08-30 10:12:56.761 I/AnebProbe(22981): ADAPTER_EVT type=content cls=android.view.ViewGroup desc=null txt_len=0 pkg=com.larus.nova t_boot_ns=634345792315968
08-30 10:12:56.875 I/AnebProbe(22981): ADAPTER_EVT type=content cls=android.view.ViewGroup desc=null txt_len=0 pkg=com.larus.nova t_boot_ns=634345906462843
08-30 10:12:56.896 I/AnebProbe(22981): ADAPTER_EVT type=content cls=android.view.ViewGroup desc=null txt_len=0 pkg=com.larus.nova t_boot_ns=634345926862322
08-30 10:12:56.929 I/AnebProbe(22981): ADAPTER_EVT type=content cls=android.view.ViewGroup desc=null txt_len=0 pkg=com.larus.nova t_boot_ns=634345960176906
08-30 10:12:57.033 I/AnebProbe(22981): ADAPTER_EVT type=content cls=android.view.ViewGroup desc=null txt_len=0 pkg=com.larus.nova t_boot_ns=634346064592010
08-30 10:12:57.284 I/AnebProbe(22981): ADAPTER_EVT type=content cls=androidx.drawerlayout.widget.DrawerLayout desc=null txt_len=0 pkg=com.larus.nova t_boot_ns=634346314985239
08-30 10:12:57.381 I/AnebProbe(22981): ADAPTER_EVT type=content cls=androidx.drawerlayout.widget.DrawerLayout desc=null txt_len=0 pkg=com.larus.nova t_boot_ns=634346412800343
08-30 10:12:57.681 I/AnebProbe(22981): ADAPTER_EVT type=content cls=androidx.drawerlayout.widget.DrawerLayout desc=null txt_len=0 pkg=com.larus.nova t_boot_ns=634346712881593
08-30 10:12:57.782 I/AnebProbe(22981): ADAPTER_EVT type=content cls=androidx.recyclerview.widget.RecyclerView desc=null txt_len=0 pkg=com.larus.nova t_boot_ns=634346813967010
08-30 10:12:57.902 I/AnebProbe(22981): ADAPTER_EVT type=content cls=androidx.drawerlayout.widget.DrawerLayout desc=null txt_len=0 pkg=com.larus.nova t_boot_ns=634346932758676
08-30 10:12:58.002 I/AnebProbe(22981): ADAPTER_EVT type=content cls=androidx.drawerlayout.widget.DrawerLayout desc=null txt_len=0 pkg=com.larus.nova t_boot_ns=634347032771176
08-30 10:12:58.245 I/AnebProbe(22981): ADAPTER_EVT type=content cls=androidx.drawerlayout.widget.DrawerLayout desc=null txt_len=0 pkg=com.larus.nova t_boot_ns=634347276168572
08-30 10:12:58.364 I/AnebProbe(22981): ADAPTER_EVT type=content cls=androidx.drawerlayout.widget.DrawerLayout desc=null txt_len=0 pkg=com.larus.nova t_boot_ns=634347395438364
08-30 10:12:59.044 I/AnebProbe(22981): ADAPTER_EVT type=content cls=androidx.recyclerview.widget.RecyclerView desc=null txt_len=0 pkg=com.larus.nova t_boot_ns=634348074971697
08-30 10:12:59.048 I/AnebProbe(22981): ADAPTER_OBS pkg=com.larus.nova mode=doubao events=441 rule_matched=60 first_delta_ms=0 cadence_p50_ms=100.1 session_span_ms=160105.6 confidence=LOW/INCONCLUSIVE reason=throttle ttft_send_ms=null anchor_source=null ttft_cluster_ms=3245.2 ttft_density_ms=null
08-30 10:12:59.149 I/AnebProbe(22981): ADAPTER_EVT type=content cls=androidx.recyclerview.widget.RecyclerView desc=null txt_len=0 pkg=com.larus.nova t_boot_ns=634348180271697
08-30 10:12:59.257 I/AnebProbe(22981): ADAPTER_EVT type=content cls=androidx.recyclerview.widget.RecyclerView desc=null txt_len=0 pkg=com.larus.nova t_boot_ns=634348288734197
08-30 10:12:59.345 I/AnebProbe(22981): ADAPTER_EVT type=content cls=android.view.ViewGroup desc=null txt_len=0 pkg=com.larus.nova t_boot_ns=634348375065447
08-30 10:12:59.460 I/AnebProbe(22981): ADAPTER_EVT type=content cls=androidx.recyclerview.widget.RecyclerView desc=null txt_len=0 pkg=com.larus.nova t_boot_ns=634348491397739
08-30 10:12:59.566 I/AnebProbe(22981): ADAPTER_EVT type=content cls=androidx.drawerlayout.widget.DrawerLayout desc=null txt_len=0 pkg=com.larus.nova t_boot_ns=634348597433676
08-30 10:12:59.680 I/AnebProbe(22981): ADAPTER_EVT type=content cls=androidx.drawerlayout.widget.DrawerLayout desc=null txt_len=0 pkg=com.larus.nova t_boot_ns=634348711546176
08-30 10:12:59.780 I/AnebProbe(22981): ADAPTER_EVT type=content cls=androidx.recyclerview.widget.RecyclerView desc=null txt_len=0 pkg=com.larus.nova t_boot_ns=634348811186801
08-30 10:12:59.879 I/AnebProbe(22981): ADAPTER_EVT type=content cls=androidx.recyclerview.widget.RecyclerView desc=null txt_len=0 pkg=com.larus.nova t_boot_ns=634348910704509
08-30 10:12:59.980 I/AnebProbe(22981): ADAPTER_EVT type=content cls=androidx.recyclerview.widget.RecyclerView desc=null txt_len=0 pkg=com.larus.nova t_boot_ns=634349011138363
08-30 10:13:00.098 I/AnebProbe(22981): ADAPTER_EVT type=content cls=androidx.recyclerview.widget.RecyclerView desc=null txt_len=0 pkg=com.larus.nova t_boot_ns=634349129102426
08-30 10:13:00.209 I/AnebProbe(22981): ADAPTER_EVT type=content cls=androidx.recyclerview.widget.RecyclerView desc=null txt_len=0 pkg=com.larus.nova t_boot_ns=634349239790447
08-30 10:13:00.309 I/AnebProbe(22981): ADAPTER_EVT type=content cls=androidx.recyclerview.widget.RecyclerView desc=null txt_len=0 pkg=com.larus.nova t_boot_ns=634349339928988
08-30 10:13:00.411 I/AnebProbe(22981): ADAPTER_EVT type=content cls=androidx.recyclerview.widget.RecyclerView desc=null txt_len=0 pkg=com.larus.nova t_boot_ns=634349442030030
08-30 10:13:00.524 I/AnebProbe(22981): ADAPTER_EVT type=content cls=androidx.recyclerview.widget.RecyclerView desc=null txt_len=0 pkg=com.larus.nova t_boot_ns=634349555207634
08-30 10:13:00.625 I/AnebProbe(22981): ADAPTER_EVT type=content cls=androidx.recyclerview.widget.RecyclerView desc=null txt_len=0 pkg=com.larus.nova t_boot_ns=634349656203468
08-30 10:13:00.725 I/AnebProbe(22981): ADAPTER_EVT type=content cls=androidx.recyclerview.widget.RecyclerView desc=null txt_len=0 pkg=com.larus.nova t_boot_ns=634349755962322
08-30 10:13:00.839 I/AnebProbe(22981): ADAPTER_EVT type=content cls=androidx.recyclerview.widget.RecyclerView desc=null txt_len=0 pkg=com.larus.nova t_boot_ns=634349870061801
08-30 10:13:00.940 I/AnebProbe(22981): ADAPTER_EVT type=content cls=androidx.recyclerview.widget.RecyclerView desc=null txt_len=0 pkg=com.larus.nova t_boot_ns=634349971590447
08-30 10:13:01.045 I/AnebProbe(22981): ADAPTER_EVT type=content cls=androidx.recyclerview.widget.RecyclerView desc=null txt_len=0 pkg=com.larus.nova t_boot_ns=634350076095134
08-30 10:13:01.150 I/AnebProbe(22981): ADAPTER_EVT type=content cls=androidx.recyclerview.widget.RecyclerView desc=null txt_len=0 pkg=com.larus.nova t_boot_ns=634350181525342
08-30 10:13:01.269 I/AnebProbe(22981): ADAPTER_EVT type=content cls=androidx.drawerlayout.widget.DrawerLayout desc=null txt_len=0 pkg=com.larus.nova t_boot_ns=634350300294092
08-30 10:13:01.383 I/AnebProbe(22981): ADAPTER_EVT type=content cls=androidx.drawerlayout.widget.DrawerLayout desc=null txt_len=0 pkg=com.larus.nova t_boot_ns=634350414392009
08-30 10:13:01.535 I/AnebProbe(22981): ADAPTER_EVT type=content cls=androidx.drawerlayout.widget.DrawerLayout desc=null txt_len=0 pkg=com.larus.nova t_boot_ns=634350566626384
08-30 10:13:01.635 I/AnebProbe(22981): ADAPTER_EVT type=content cls=androidx.recyclerview.widget.RecyclerView desc=null txt_len=0 pkg=com.larus.nova t_boot_ns=634350666292009
08-30 10:13:01.906 I/AnebProbe(22981): ADAPTER_EVT type=content cls=androidx.drawerlayout.widget.DrawerLayout desc=null txt_len=0 pkg=com.larus.nova t_boot_ns=634350937130551
08-30 10:13:02.005 I/AnebProbe(22981): ADAPTER_EVT type=content cls=androidx.drawerlayout.widget.DrawerLayout desc=null txt_len=0 pkg=com.larus.nova t_boot_ns=634351036353467
08-30 10:13:11.023 I/AnebE4MARK(29969): E4MARK kind=answer_complete n=4
08-30 10:13:11.167 I/AnebProbe(22981): ADAPTER_EVT type=click cls=android.widget.ImageView desc=返回 txt_len=2 pkg=com.larus.nova t_boot_ns=634360198420133
08-30 10:13:11.169 I/AnebProbe(22981): ADAPTER_OBS pkg=com.larus.nova mode=doubao events=467 rule_matched=78 first_delta_ms=0 cadence_p50_ms=100.0 session_span_ms=163066.9 confidence=LOW/INCONCLUSIVE reason=throttle ttft_send_ms=null anchor_source=null ttft_cluster_ms=3245.2 ttft_density_ms=null
08-30 10:13:11.285 I/AnebProbe(22981): ADAPTER_EVT type=content cls=androidx.drawerlayout.widget.DrawerLayout desc=null txt_len=0 pkg=com.larus.nova t_boot_ns=634360316197737
08-30 10:13:11.401 I/AnebProbe(22981): ADAPTER_EVT type=content cls=androidx.drawerlayout.widget.DrawerLayout desc=null txt_len=0 pkg=com.larus.nova t_boot_ns=634360432170133
08-30 10:13:11.517 I/AnebProbe(22981): ADAPTER_EVT type=content cls=androidx.drawerlayout.widget.DrawerLayout desc=null txt_len=0 pkg=com.larus.nova t_boot_ns=634360548223778
08-30 10:13:11.589 I/AnebProbe(22981): ADAPTER_EVT type=content cls=androidx.drawerlayout.widget.DrawerLayout desc=null txt_len=0 pkg=com.larus.nova t_boot_ns=634360620264403
08-30 10:13:13.396 I/AnebProbe(22981): ADAPTER_EVT type=click cls=android.widget.ImageView desc=创建新对话 txt_len=5 pkg=com.larus.nova t_boot_ns=634362427808153
08-30 10:13:13.408 I/AnebProbe(22981): ADAPTER_EVT type=content cls=android.widget.FrameLayout desc=null txt_len=0 pkg=com.larus.nova t_boot_ns=634362439261278
08-30 10:13:13.617 I/AnebProbe(22981): ADAPTER_EVT type=content cls=androidx.drawerlayout.widget.DrawerLayout desc=null txt_len=0 pkg=com.larus.nova t_boot_ns=634362648679507
08-30 10:13:13.783 I/AnebProbe(22981): ADAPTER_EVT type=content cls=androidx.drawerlayout.widget.DrawerLayout desc=null txt_len=0 pkg=com.larus.nova t_boot_ns=634362814269091
08-30 10:13:13.796 I/AnebProbe(22981): ADAPTER_EVT type=content cls=androidx.drawerlayout.widget.DrawerLayout desc=null txt_len=0 pkg=com.larus.nova t_boot_ns=634362827910236
08-30 10:13:13.819 I/AnebProbe(22981): ADAPTER_EVT type=content cls=androidx.drawerlayout.widget.DrawerLayout desc=null txt_len=0 pkg=com.larus.nova t_boot_ns=634362850895653
08-30 10:13:13.924 I/AnebProbe(22981): ADAPTER_EVT type=content cls=android.view.ViewGroup desc=null txt_len=0 pkg=com.larus.nova t_boot_ns=634362955253986
08-30 10:13:14.025 I/AnebProbe(22981): ADAPTER_EVT type=content cls=android.view.ViewGroup desc=null txt_len=0 pkg=com.larus.nova t_boot_ns=634363056655028
08-30 10:13:14.126 I/AnebProbe(22981): ADAPTER_EVT type=content cls=androidx.drawerlayout.widget.DrawerLayout desc=null txt_len=0 pkg=com.larus.nova t_boot_ns=634363156837320
08-30 10:13:14.380 I/AnebProbe(22981): ADAPTER_EVT type=content cls=androidx.recyclerview.widget.RecyclerView desc=null txt_len=0 pkg=com.larus.nova t_boot_ns=634363411411278
08-30 10:13:14.477 I/AnebProbe(22981): ADAPTER_EVT type=content cls=android.view.ViewGroup desc=null txt_len=0 pkg=com.larus.nova t_boot_ns=634363508274299
08-30 10:13:14.578 I/AnebProbe(22981): ADAPTER_EVT type=content cls=android.view.ViewGroup desc=null txt_len=0 pkg=com.larus.nova t_boot_ns=634363609007632
08-30 10:13:14.679 I/AnebProbe(22981): ADAPTER_EVT type=content cls=android.view.ViewGroup desc=null txt_len=0 pkg=com.larus.nova t_boot_ns=634363709973257
08-30 10:13:14.781 I/AnebProbe(22981): ADAPTER_EVT type=content cls=android.view.ViewGroup desc=null txt_len=0 pkg=com.larus.nova t_boot_ns=634363812445653
08-30 10:13:14.881 I/AnebProbe(22981): ADAPTER_EVT type=content cls=android.view.ViewGroup desc=null txt_len=0 pkg=com.larus.nova t_boot_ns=634363911711278
08-30 10:13:14.986 I/AnebProbe(22981): ADAPTER_EVT type=content cls=android.view.ViewGroup desc=null txt_len=0 pkg=com.larus.nova t_boot_ns=634364017033153
08-30 10:13:15.094 I/AnebProbe(22981): ADAPTER_EVT type=content cls=android.view.ViewGroup desc=null txt_len=0 pkg=com.larus.nova t_boot_ns=634364125599299
08-30 10:13:15.202 I/AnebProbe(22981): ADAPTER_EVT type=content cls=androidx.drawerlayout.widget.DrawerLayout desc=null txt_len=0 pkg=com.larus.nova t_boot_ns=634364233612840
08-30 10:13:15.302 I/AnebProbe(22981): ADAPTER_EVT type=content cls=android.view.ViewGroup desc=null txt_len=0 pkg=com.larus.nova t_boot_ns=634364332935236
08-30 10:13:15.426 I/AnebProbe(22981): ADAPTER_EVT type=content cls=android.view.ViewGroup desc=null txt_len=0 pkg=com.larus.nova t_boot_ns=634364456948257
08-30 10:13:15.528 I/AnebProbe(22981): ADAPTER_EVT type=content cls=android.view.ViewGroup desc=null txt_len=0 pkg=com.larus.nova t_boot_ns=634364559142007
08-30 10:13:15.627 I/AnebProbe(22981): ADAPTER_EVT type=content cls=android.view.ViewGroup desc=null txt_len=0 pkg=com.larus.nova t_boot_ns=634364658753986
08-30 10:13:16.565 I/AnebE4MARK(29994): E4MARK kind=turn_start n=5
08-30 10:13:16.596 I/AnebProbe(22981): ADAPTER_EVT type=content cls=android.view.ViewGroup desc=新对话，打开设置页 txt_len=0 pkg=com.larus.nova t_boot_ns=634365627088361
08-30 10:13:16.599 I/AnebProbe(22981): ADAPTER_OBS pkg=com.larus.nova mode=doubao events=493 rule_matched=79 first_delta_ms=0 cadence_p50_ms=99.9 session_span_ms=177657.7 confidence=LOW/INCONCLUSIVE reason=throttle ttft_send_ms=null anchor_source=null ttft_cluster_ms=3245.2 ttft_density_ms=null
08-30 10:13:16.707 I/AnebProbe(22981): ADAPTER_EVT type=content cls=android.view.ViewGroup desc=null txt_len=0 pkg=com.larus.nova t_boot_ns=634365738417007
08-30 10:13:16.840 I/AnebProbe(22981): ADAPTER_EVT type=content cls=android.view.ViewGroup desc=null txt_len=0 pkg=com.larus.nova t_boot_ns=634365872019611
08-30 10:13:16.941 I/AnebProbe(22981): ADAPTER_EVT type=content cls=android.view.ViewGroup desc=null txt_len=0 pkg=com.larus.nova t_boot_ns=634365972965444
08-30 10:13:17.044 I/AnebProbe(22981): ADAPTER_EVT type=content cls=android.view.ViewGroup desc=null txt_len=0 pkg=com.larus.nova t_boot_ns=634366075396173
08-30 10:13:17.160 I/AnebProbe(22981): ADAPTER_EVT type=content cls=android.view.ViewGroup desc=null txt_len=0 pkg=com.larus.nova t_boot_ns=634366191432111
08-30 10:13:17.272 I/AnebProbe(22981): ADAPTER_EVT type=content cls=android.view.ViewGroup desc=null txt_len=0 pkg=com.larus.nova t_boot_ns=634366303956069
08-30 10:13:17.373 I/AnebProbe(22981): ADAPTER_EVT type=content cls=android.view.ViewGroup desc=null txt_len=0 pkg=com.larus.nova t_boot_ns=634366404757111
08-30 10:13:17.481 I/AnebProbe(22981): ADAPTER_EVT type=content cls=android.view.ViewGroup desc=null txt_len=0 pkg=com.larus.nova t_boot_ns=634366511997736
08-30 10:13:17.589 I/AnebProbe(22981): ADAPTER_EVT type=content cls=android.view.ViewGroup desc=null txt_len=0 pkg=com.larus.nova t_boot_ns=634366620613361
08-30 10:13:17.705 I/AnebProbe(22981): ADAPTER_EVT type=content cls=android.view.ViewGroup desc=null txt_len=0 pkg=com.larus.nova t_boot_ns=634366735720132
08-30 10:13:17.806 I/AnebProbe(22981): ADAPTER_EVT type=content cls=android.view.ViewGroup desc=null txt_len=0 pkg=com.larus.nova t_boot_ns=634366836848257
08-30 10:13:17.878 I/AnebProbe(22981): ADAPTER_EVT type=content cls=android.view.ViewGroup desc=null txt_len=0 pkg=com.larus.nova t_boot_ns=634366909203465
08-30 10:13:17.879 I/AnebProbe(22981): ADAPTER_EVT type=content cls=android.widget.EditText desc=null txt_len=1 pkg=com.larus.nova t_boot_ns=634366910015965
08-30 10:13:17.884 I/AnebProbe(22981): ADAPTER_EVT type=content cls=android.view.ViewGroup desc=null txt_len=0 pkg=com.larus.nova t_boot_ns=634366915903465
08-30 10:13:17.930 I/AnebProbe(22981): ADAPTER_EVT type=content cls=android.view.ViewGroup desc=null txt_len=0 pkg=com.larus.nova t_boot_ns=634366960707111
08-30 10:13:17.930 I/AnebProbe(22981): ADAPTER_EVT type=content cls=android.widget.EditText desc=null txt_len=2 pkg=com.larus.nova t_boot_ns=634366961382111
08-30 10:13:17.951 I/AnebProbe(22981): ADAPTER_EVT type=content cls=android.view.ViewGroup desc=null txt_len=0 pkg=com.larus.nova t_boot_ns=634366982659715
08-30 10:13:17.952 I/AnebProbe(22981): ADAPTER_EVT type=content cls=android.widget.EditText desc=null txt_len=3 pkg=com.larus.nova t_boot_ns=634366983075861
08-30 10:13:17.959 I/AnebProbe(22981): ADAPTER_EVT type=content cls=android.widget.EditText desc=null txt_len=4 pkg=com.larus.nova t_boot_ns=634366990612840
08-30 10:13:17.976 I/AnebProbe(22981): ADAPTER_EVT type=content cls=android.view.ViewGroup desc=null txt_len=0 pkg=com.larus.nova t_boot_ns=634367007395132
08-30 10:13:17.976 I/AnebProbe(22981): ADAPTER_EVT type=content cls=android.widget.EditText desc=null txt_len=5 pkg=com.larus.nova t_boot_ns=634367007843048
08-30 10:13:17.994 I/AnebProbe(22981): ADAPTER_EVT type=content cls=android.view.ViewGroup desc=null txt_len=0 pkg=com.larus.nova t_boot_ns=634367024919611
08-30 10:13:17.994 I/AnebProbe(22981): ADAPTER_EVT type=content cls=android.widget.EditText desc=null txt_len=6 pkg=com.larus.nova t_boot_ns=634367025406069
08-30 10:13:18.010 I/AnebProbe(22981): ADAPTER_EVT type=content cls=android.view.ViewGroup desc=null txt_len=0 pkg=com.larus.nova t_boot_ns=634367041403986
08-30 10:13:18.010 I/AnebProbe(22981): ADAPTER_EVT type=content cls=android.widget.EditText desc=null txt_len=7 pkg=com.larus.nova t_boot_ns=634367041938882
08-30 10:13:18.027 I/AnebProbe(22981): ADAPTER_EVT type=content cls=android.view.ViewGroup desc=null txt_len=0 pkg=com.larus.nova t_boot_ns=634367058797736
08-30 10:13:18.028 I/AnebProbe(22981): ADAPTER_EVT type=content cls=android.widget.EditText desc=null txt_len=8 pkg=com.larus.nova t_boot_ns=634367059182111
08-30 10:13:18.045 I/AnebProbe(22981): ADAPTER_EVT type=content cls=android.view.ViewGroup desc=null txt_len=0 pkg=com.larus.nova t_boot_ns=634367076419090
08-30 10:13:18.045 I/AnebProbe(22981): ADAPTER_EVT type=content cls=android.widget.EditText desc=null txt_len=9 pkg=com.larus.nova t_boot_ns=634367076892007
08-30 10:13:18.071 I/AnebProbe(22981): ADAPTER_EVT type=content cls=android.view.ViewGroup desc=null txt_len=0 pkg=com.larus.nova t_boot_ns=634367102088882
08-30 10:13:18.071 I/AnebProbe(22981): ADAPTER_EVT type=content cls=android.widget.EditText desc=null txt_len=10 pkg=com.larus.nova t_boot_ns=634367102593048
08-30 10:13:18.093 I/AnebProbe(22981): ADAPTER_EVT type=content cls=android.view.ViewGroup desc=null txt_len=0 pkg=com.larus.nova t_boot_ns=634367124030027
08-30 10:13:18.094 I/AnebProbe(22981): ADAPTER_EVT type=content cls=android.widget.EditText desc=null txt_len=11 pkg=com.larus.nova t_boot_ns=634367124545132
08-30 10:13:18.111 I/AnebProbe(22981): ADAPTER_EVT type=content cls=android.view.ViewGroup desc=null txt_len=0 pkg=com.larus.nova t_boot_ns=634367142297736
08-30 10:13:18.114 I/AnebProbe(22981): ADAPTER_EVT type=content cls=android.widget.EditText desc=null txt_len=12 pkg=com.larus.nova t_boot_ns=634367143419611
08-30 10:13:18.135 I/AnebProbe(22981): ADAPTER_EVT type=content cls=android.view.ViewGroup desc=null txt_len=0 pkg=com.larus.nova t_boot_ns=634367166454507
08-30 10:13:18.136 I/AnebProbe(22981): ADAPTER_EVT type=content cls=android.widget.EditText desc=null txt_len=13 pkg=com.larus.nova t_boot_ns=634367166928986
08-30 10:13:18.145 I/AnebProbe(22981): ADAPTER_EVT type=content cls=android.widget.EditText desc=null txt_len=14 pkg=com.larus.nova t_boot_ns=634367176188882
08-30 10:13:18.168 I/AnebProbe(22981): ADAPTER_EVT type=content cls=android.view.ViewGroup desc=null txt_len=0 pkg=com.larus.nova t_boot_ns=634367199336277
08-30 10:13:18.169 I/AnebProbe(22981): ADAPTER_EVT type=content cls=android.widget.EditText desc=null txt_len=15 pkg=com.larus.nova t_boot_ns=634367199937319
08-30 10:13:18.192 I/AnebProbe(22981): ADAPTER_EVT type=content cls=android.view.ViewGroup desc=null txt_len=0 pkg=com.larus.nova t_boot_ns=634367223185757
08-30 10:13:18.192 I/AnebProbe(22981): ADAPTER_EVT type=content cls=android.widget.EditText desc=null txt_len=16 pkg=com.larus.nova t_boot_ns=634367223637840
08-30 10:13:18.217 I/AnebProbe(22981): ADAPTER_EVT type=content cls=android.view.ViewGroup desc=null txt_len=0 pkg=com.larus.nova t_boot_ns=634367248420132
08-30 10:13:18.218 I/AnebProbe(22981): ADAPTER_EVT type=content cls=android.widget.EditText desc=null txt_len=17 pkg=com.larus.nova t_boot_ns=634367249104507
08-30 10:13:18.226 I/AnebProbe(22981): ADAPTER_EVT type=content cls=android.widget.EditText desc=null txt_len=18 pkg=com.larus.nova t_boot_ns=634367257213361
08-30 10:13:18.243 I/AnebProbe(22981): ADAPTER_EVT type=content cls=android.view.ViewGroup desc=null txt_len=0 pkg=com.larus.nova t_boot_ns=634367274302423
08-30 10:13:18.243 I/AnebProbe(22981): ADAPTER_EVT type=content cls=android.widget.EditText desc=null txt_len=19 pkg=com.larus.nova t_boot_ns=634367274697215
08-30 10:13:18.267 I/AnebProbe(22981): ADAPTER_EVT type=content cls=android.view.ViewGroup desc=null txt_len=0 pkg=com.larus.nova t_boot_ns=634367297986798
08-30 10:13:18.268 I/AnebProbe(22981): ADAPTER_EVT type=content cls=android.widget.EditText desc=null txt_len=20 pkg=com.larus.nova t_boot_ns=634367298965444
08-30 10:13:18.277 I/AnebProbe(22981): ADAPTER_EVT type=content cls=android.widget.EditText desc=null txt_len=21 pkg=com.larus.nova t_boot_ns=634367308692527
08-30 10:13:18.300 I/AnebProbe(22981): ADAPTER_EVT type=content cls=android.view.ViewGroup desc=null txt_len=0 pkg=com.larus.nova t_boot_ns=634367331393569
08-30 10:13:18.300 I/AnebProbe(22981): ADAPTER_EVT type=content cls=android.widget.EditText desc=null txt_len=22 pkg=com.larus.nova t_boot_ns=634367331869611
08-30 10:13:18.310 I/AnebProbe(22981): ADAPTER_EVT type=content cls=android.widget.EditText desc=null txt_len=23 pkg=com.larus.nova t_boot_ns=634367340924298
08-30 10:13:18.332 I/AnebProbe(22981): ADAPTER_EVT type=content cls=android.view.ViewGroup desc=null txt_len=0 pkg=com.larus.nova t_boot_ns=634367363232631
08-30 10:13:18.332 I/AnebProbe(22981): ADAPTER_EVT type=content cls=android.widget.EditText desc=null txt_len=24 pkg=com.larus.nova t_boot_ns=634367363666486
08-30 10:13:18.343 I/AnebProbe(22981): ADAPTER_EVT type=content cls=android.widget.EditText desc=null txt_len=25 pkg=com.larus.nova t_boot_ns=634367373961277
08-30 10:13:18.366 I/AnebProbe(22981): ADAPTER_EVT type=content cls=android.view.ViewGroup desc=null txt_len=0 pkg=com.larus.nova t_boot_ns=634367397439402
08-30 10:13:18.366 I/AnebProbe(22981): ADAPTER_EVT type=content cls=android.widget.EditText desc=null txt_len=26 pkg=com.larus.nova t_boot_ns=634367397914402
08-30 10:13:18.485 I/AnebProbe(22981): ADAPTER_EVT type=content cls=android.view.ViewGroup desc=null txt_len=0 pkg=com.larus.nova t_boot_ns=634367516079506
08-30 10:13:18.607 I/AnebProbe(22981): ADAPTER_EVT type=content cls=android.view.ViewGroup desc=null txt_len=0 pkg=com.larus.nova t_boot_ns=634367638280027
08-30 10:13:18.722 I/AnebProbe(22981): ADAPTER_EVT type=content cls=android.view.ViewGroup desc=null txt_len=0 pkg=com.larus.nova t_boot_ns=634367752795131
08-30 10:13:18.837 I/AnebProbe(22981): ADAPTER_EVT type=content cls=android.view.ViewGroup desc=null txt_len=0 pkg=com.larus.nova t_boot_ns=634367868364402
08-30 10:13:18.937 I/AnebProbe(22981): ADAPTER_EVT type=content cls=android.view.ViewGroup desc=null txt_len=0 pkg=com.larus.nova t_boot_ns=634367968306590
08-30 10:13:19.050 I/AnebProbe(22981): ADAPTER_EVT type=content cls=android.view.ViewGroup desc=null txt_len=0 pkg=com.larus.nova t_boot_ns=634368081069090
08-30 10:13:19.168 I/AnebProbe(22981): ADAPTER_EVT type=content cls=android.view.ViewGroup desc=null txt_len=0 pkg=com.larus.nova t_boot_ns=634368199125340
08-30 10:13:19.280 I/AnebProbe(22981): ADAPTER_EVT type=content cls=android.view.ViewGroup desc=null txt_len=0 pkg=com.larus.nova t_boot_ns=634368311293569
08-30 10:13:19.384 I/AnebProbe(22981): ADAPTER_EVT type=content cls=android.view.ViewGroup desc=null txt_len=0 pkg=com.larus.nova t_boot_ns=634368415453985
08-30 10:13:19.500 I/AnebProbe(22981): ADAPTER_EVT type=content cls=android.view.ViewGroup desc=null txt_len=0 pkg=com.larus.nova t_boot_ns=634368531153465
08-30 10:13:19.566 I/AnebProbe(22981): ADAPTER_EVT type=content cls=android.view.ViewGroup desc=null txt_len=0 pkg=com.larus.nova t_boot_ns=634368597936277
08-30 10:13:19.594 I/AnebProbe(22981): ADAPTER_EVT type=content cls=android.view.ViewGroup desc=null txt_len=0 pkg=com.larus.nova t_boot_ns=634368626020652
08-30 10:13:19.694 I/AnebProbe(22981): ADAPTER_EVT type=content cls=android.view.ViewGroup desc=null txt_len=0 pkg=com.larus.nova t_boot_ns=634368725938881
08-30 10:13:19.968 I/AnebProbe(22981): ADAPTER_EVT type=content cls=androidx.drawerlayout.widget.DrawerLayout desc=null txt_len=0 pkg=com.larus.nova t_boot_ns=634368999735235
08-30 10:13:20.069 I/AnebProbe(22981): ADAPTER_EVT type=content cls=androidx.drawerlayout.widget.DrawerLayout desc=null txt_len=0 pkg=com.larus.nova t_boot_ns=634369100440444
08-30 10:13:20.203 I/AnebProbe(22981): ADAPTER_EVT type=content cls=androidx.drawerlayout.widget.DrawerLayout desc=null txt_len=0 pkg=com.larus.nova t_boot_ns=634369234642006
08-30 10:13:20.302 I/AnebProbe(22981): ADAPTER_EVT type=content cls=androidx.drawerlayout.widget.DrawerLayout desc=null txt_len=0 pkg=com.larus.nova t_boot_ns=634369333710235
08-30 10:13:20.403 I/AnebProbe(22981): ADAPTER_EVT type=content cls=androidx.recyclerview.widget.RecyclerView desc=null txt_len=0 pkg=com.larus.nova t_boot_ns=634369434375860
08-30 10:13:20.515 I/AnebProbe(22981): ADAPTER_EVT type=content cls=androidx.drawerlayout.widget.DrawerLayout desc=null txt_len=0 pkg=com.larus.nova t_boot_ns=634369546327423
08-30 10:13:20.616 I/AnebProbe(22981): ADAPTER_EVT type=content cls=androidx.drawerlayout.widget.DrawerLayout desc=null txt_len=0 pkg=com.larus.nova t_boot_ns=634369646882110
08-30 10:13:21.016 I/AnebProbe(22981): ADAPTER_EVT type=content cls=android.widget.FrameLayout desc=打电话 txt_len=0 pkg=com.larus.nova t_boot_ns=634370047028464
08-30 10:13:21.116 I/AnebProbe(22981): ADAPTER_EVT type=content cls=android.view.ViewGroup desc=null txt_len=0 pkg=com.larus.nova t_boot_ns=634370147094610
08-30 10:13:21.246 I/AnebProbe(22981): ADAPTER_EVT type=content cls=androidx.drawerlayout.widget.DrawerLayout desc=null txt_len=0 pkg=com.larus.nova t_boot_ns=634370277658673
08-30 10:13:21.346 I/AnebProbe(22981): ADAPTER_EVT type=content cls=androidx.drawerlayout.widget.DrawerLayout desc=null txt_len=0 pkg=com.larus.nova t_boot_ns=634370377347214
08-30 10:13:21.431 I/AnebProbe(22981): ADAPTER_EVT type=content cls=androidx.recyclerview.widget.RecyclerView desc=null txt_len=0 pkg=com.larus.nova t_boot_ns=634370461324819
08-30 10:13:21.584 I/AnebProbe(22981): ADAPTER_EVT type=content cls=androidx.recyclerview.widget.RecyclerView desc=null txt_len=0 pkg=com.larus.nova t_boot_ns=634370615209714
08-30 10:13:21.690 I/AnebProbe(22981): ADAPTER_EVT type=content cls=androidx.drawerlayout.widget.DrawerLayout desc=null txt_len=0 pkg=com.larus.nova t_boot_ns=634370720965964
08-30 10:13:21.694 I/AnebProbe(22981): ADAPTER_OBS pkg=com.larus.nova mode=doubao events=578 rule_matched=82 first_delta_ms=0 cadence_p50_ms=99.9 session_span_ms=182751.6 confidence=LOW/INCONCLUSIVE reason=throttle ttft_send_ms=null anchor_source=null ttft_cluster_ms=2530.9 ttft_density_ms=null
08-30 10:13:21.792 I/AnebProbe(22981): ADAPTER_EVT type=content cls=androidx.recyclerview.widget.RecyclerView desc=null txt_len=0 pkg=com.larus.nova t_boot_ns=634370822867006
08-30 10:13:21.901 I/AnebProbe(22981): ADAPTER_EVT type=content cls=androidx.recyclerview.widget.RecyclerView desc=null txt_len=0 pkg=com.larus.nova t_boot_ns=634370931837318
08-30 10:13:22.026 I/AnebProbe(22981): ADAPTER_EVT type=content cls=androidx.recyclerview.widget.RecyclerView desc=null txt_len=0 pkg=com.larus.nova t_boot_ns=634371057263360
08-30 10:13:22.136 I/AnebProbe(22981): ADAPTER_EVT type=content cls=android.view.ViewGroup desc=null txt_len=0 pkg=com.larus.nova t_boot_ns=634371167484714
08-30 10:13:22.247 I/AnebProbe(22981): ADAPTER_EVT type=content cls=androidx.recyclerview.widget.RecyclerView desc=null txt_len=0 pkg=com.larus.nova t_boot_ns=634371278418568
08-30 10:13:22.354 I/AnebProbe(22981): ADAPTER_EVT type=content cls=androidx.recyclerview.widget.RecyclerView desc=null txt_len=0 pkg=com.larus.nova t_boot_ns=634371384988360
08-30 10:13:22.460 I/AnebProbe(22981): ADAPTER_EVT type=content cls=androidx.drawerlayout.widget.DrawerLayout desc=null txt_len=0 pkg=com.larus.nova t_boot_ns=634371491326381
08-30 10:13:22.567 I/AnebProbe(22981): ADAPTER_EVT type=content cls=androidx.recyclerview.widget.RecyclerView desc=null txt_len=0 pkg=com.larus.nova t_boot_ns=634371598322735
08-30 10:13:22.666 I/AnebProbe(22981): ADAPTER_EVT type=content cls=androidx.recyclerview.widget.RecyclerView desc=null txt_len=0 pkg=com.larus.nova t_boot_ns=634371697622735
08-30 10:13:22.777 I/AnebProbe(22981): ADAPTER_EVT type=content cls=androidx.recyclerview.widget.RecyclerView desc=null txt_len=0 pkg=com.larus.nova t_boot_ns=634371808618568
08-30 10:13:22.878 I/AnebProbe(22981): ADAPTER_EVT type=content cls=androidx.recyclerview.widget.RecyclerView desc=null txt_len=0 pkg=com.larus.nova t_boot_ns=634371909748777
08-30 10:13:23.000 I/AnebProbe(22981): ADAPTER_EVT type=content cls=androidx.recyclerview.widget.RecyclerView desc=null txt_len=0 pkg=com.larus.nova t_boot_ns=634372031575860
08-30 10:13:23.115 I/AnebProbe(22981): ADAPTER_EVT type=content cls=androidx.recyclerview.widget.RecyclerView desc=null txt_len=0 pkg=com.larus.nova t_boot_ns=634372145734714
08-30 10:13:23.225 I/AnebProbe(22981): ADAPTER_EVT type=content cls=androidx.drawerlayout.widget.DrawerLayout desc=null txt_len=0 pkg=com.larus.nova t_boot_ns=634372255540443
08-30 10:13:23.325 I/AnebProbe(22981): ADAPTER_EVT type=content cls=androidx.recyclerview.widget.RecyclerView desc=null txt_len=0 pkg=com.larus.nova t_boot_ns=634372356584193
08-30 10:13:23.432 I/AnebProbe(22981): ADAPTER_EVT type=content cls=androidx.drawerlayout.widget.DrawerLayout desc=null txt_len=0 pkg=com.larus.nova t_boot_ns=634372463584193
08-30 10:13:23.534 I/AnebProbe(22981): ADAPTER_EVT type=content cls=androidx.recyclerview.widget.RecyclerView desc=null txt_len=0 pkg=com.larus.nova t_boot_ns=634372565386277
08-30 10:13:23.780 I/AnebProbe(22981): ADAPTER_EVT type=content cls=androidx.drawerlayout.widget.DrawerLayout desc=null txt_len=0 pkg=com.larus.nova t_boot_ns=634372811716485
08-30 10:13:23.882 I/AnebProbe(22981): ADAPTER_EVT type=content cls=androidx.drawerlayout.widget.DrawerLayout desc=null txt_len=0 pkg=com.larus.nova t_boot_ns=634372913290964
08-30 10:13:33.774 I/AnebE4MARK(30077): E4MARK kind=answer_complete n=5
