16666666
0	0	0
0	0	0
0	0	0
0	0	0
0	0	0
0	0	0
0	0	0
0	0	0
0	0	0
0	0	0
0	0	0
0	0	0
0	0	0
0	0	0
0	0	0
0	0	0
0	0	0
0	0	0
0	0	0
0	0	0
0	0	0
0	0	0
0	0	0
0	0	0
0	0	0
0	0	0
0	0	0
0	0	0
0	0	0
0	0	0
0	0	0
0	0	0
0	0	0
0	0	0
0	0	0
0	0	0
0	0	0
0	0	0
0	0	0
0	0	0
0	0	0
0	0	0
0	0	0
0	0	0
0	0	0
0	0	0
0	0	0
0	0	0
0	0	0
0	0	0
0	0	0
0	0	0
0	0	0
0	0	0
0	0	0
0	0	0
0	0	0
0	0	0
0	0	0
0	0	0
0	0	0
0	0	0
0	0	0
0	0	0
0	0	0
0	0	0
0	0	0
0	0	0
0	0	0
0	0	0
0	0	0
0	0	0
0	0	0
0	0	0
0	0	0
0	0	0
0	0	0
0	0	0
0	0	0
0	0	0
0	0	0
0	0	0
0	0	0
0	0	0
0	0	0
0	0	0
0	0	0
0	0	0
0	0	0
0	0	0
0	0	0
0	0	0
549523399367189	549523420751564	549523400483335
549523421122918	549523437281772	549523422232814
549523442598439	549523470421876	549523443608335
549523452240106	549523486998960	549523453006251
549523466367189	549523503567189	549523467227606
549523478022397	549523520136981	549523478495835
549523495248439	549523536704689	549523495734897
549523509837501	549523553283856	549523510342189
549523527358335	549523569840626	549523528067710
549523545206251	549523586409897	549523545695835
549523560705210	549523602993751	549523561163543
549523576372397	549523619548439	549523576852605
549523592631772	549523636119793	549523593119793
549523609268751	549523652710939	549523609817710
549523625594793	549523669258335	549523626113022
549523643117710	549523685828647	549523643575522
549523659124480	549523702403647	549523659620314
549523677918230	549523718967710	549523678382293
549523692079168	549523735533855	549523692577605
549523709280730	549523752109897	549523709710939
549523725410418	549523768681772	549523726226043
549523741769793	549523785269793	549523742660418
549523763994272	549523802132814	549523765386460
549523779829168	549523818401043	549523781262501
549523801316147	549523834970314	549523803448960
549523816833855	549523851541668	549523818785418
549523832278126	549523868134376	549523834143230
549523849392189	549523884714064	549523851326043
549523865207814	549523901266147	549523867310939
549523881760418	549523917851043	549523883678647
549523899832814	549523934397397	549523901733335
549523917528647	549523950941668	549523919464064
549523932695314	549523967540626	549523934594793
549523949895835	549523984063022	549523951886980
549523968609897	549524000647918	549523970419793


16666666
0	0	0
0	0	0
0	0	0
0	0	0
0	0	0
0	0	0
0	0	0
0	0	0
0	0	0
0	0	0
0	0	0
0	0	0
0	0	0
0	0	0
0	0	0
0	0	0
0	0	0
0	0	0
0	0	0
0	0	0
0	0	0
0	0	0
0	0	0
0	0	0
0	0	0
0	0	0
0	0	0
0	0	0
0	0	0
0	0	0
0	0	0
0	0	0
0	0	0
0	0	0
0	0	0
0	0	0
0	0	0
0	0	0
0	0	0
0	0	0
0	0	0
0	0	0
0	0	0
0	0	0
0	0	0
0	0	0
0	0	0
0	0	0
0	0	0
0	0	0
0	0	0
0	0	0
0	0	0
0	0	0
0	0	0
0	0	0
0	0	0
0	0	0
0	0	0
0	0	0
0	0	0
0	0	0
0	0	0
0	0	0
0	0	0
0	0	0
0	0	0
0	0	0
0	0	0
0	0	0
0	0	0
0	0	0
0	0	0
0	0	0
0	0	0
0	0	0
0	0	0
0	0	0
0	0	0
0	0	0
549523399367189	549523420751564	549523400483335
549523421122918	549523437281772	549523422232814
549523442598439	549523470421876	549523443608335
549523452240106	549523486998960	549523453006251
549523466367189	549523503567189	549523467227606
549523478022397	549523520136981	549523478495835
549523495248439	549523536704689	549523495734897
549523509837501	549523553283856	549523510342189
549523527358335	549523569840626	549523528067710
549523545206251	549523586409897	549523545695835
549523560705210	549523602993751	549523561163543
549523576372397	549523619548439	549523576852605
549523592631772	549523636119793	549523593119793
549523609268751	549523652710939	549523609817710
549523625594793	549523669258335	549523626113022
549523643117710	549523685828647	549523643575522
549523659124480	549523702403647	549523659620314
549523677918230	549523718967710	549523678382293
549523692079168	549523735533855	549523692577605
549523709280730	549523752109897	549523709710939
549523725410418	549523768681772	549523726226043
549523741769793	549523785269793	549523742660418
549523763994272	549523802132814	549523765386460
549523779829168	549523818401043	549523781262501
549523801316147	549523834970314	549523803448960
549523816833855	549523851541668	549523818785418
549523832278126	549523868134376	549523834143230
549523849392189	549523884714064	549523851326043
549523865207814	549523901266147	549523867310939
549523881760418	549523917851043	549523883678647
549523899832814	549523934397397	549523901733335
549523917528647	549523950941668	549523919464064
549523932695314	549523967540626	549523934594793
549523949895835	549523984063022	549523951886980
549523968609897	549524000647918	549523970419793
549524981245834	549525011384376	549524982593230
549525038853126	549525061097397	549525040835418
549525088325522	549525110810939	549525089913543
549525103912501	549525127370834	549525106082814
549525156431251	549525177086459	549525158982814
549525171789584	549525193675522	549525173528126
549525222670834	549525243373959	549525224789064
549525238695314	549525259937501	549525240793751
549525286270314	549525309674480	549525287275001
549525302519272	549525326221355	549525303609897
549525351988543	549525375945314	549525353114064
549525419592709	549525442270314	549525420740105


16666666
0	0	0
0	0	0
0	0	0
0	0	0
0	0	0
0	0	0
0	0	0
0	0	0
0	0	0
0	0	0
0	0	0
0	0	0
0	0	0
0	0	0
0	0	0
0	0	0
0	0	0
0	0	0
0	0	0
0	0	0
0	0	0
0	0	0
0	0	0
0	0	0
0	0	0
0	0	0
0	0	0
0	0	0
0	0	0
0	0	0
0	0	0
0	0	0
0	0	0
0	0	0
0	0	0
0	0	0
0	0	0
0	0	0
0	0	0
0	0	0
0	0	0
0	0	0
0	0	0
0	0	0
0	0	0
0	0	0
0	0	0
0	0	0
0	0	0
0	0	0
0	0	0
0	0	0
0	0	0
0	0	0
0	0	0
0	0	0
0	0	0
0	0	0
0	0	0
0	0	0
0	0	0
0	0	0
0	0	0
0	0	0
0	0	0
0	0	0
0	0	0
0	0	0
0	0	0
0	0	0
0	0	0
0	0	0
0	0	0
0	0	0
0	0	0
0	0	0
0	0	0
0	0	0
0	0	0
0	0	0
549523399367189	549523420751564	549523400483335
549523421122918	549523437281772	549523422232814
549523442598439	549523470421876	549523443608335
549523452240106	549523486998960	549523453006251
549523466367189	549523503567189	549523467227606
549523478022397	549523520136981	549523478495835
549523495248439	549523536704689	549523495734897
549523509837501	549523553283856	549523510342189
549523527358335	549523569840626	549523528067710
549523545206251	549523586409897	549523545695835
549523560705210	549523602993751	549523561163543
549523576372397	549523619548439	549523576852605
549523592631772	549523636119793	549523593119793
549523609268751	549523652710939	549523609817710
549523625594793	549523669258335	549523626113022
549523643117710	549523685828647	549523643575522
549523659124480	549523702403647	549523659620314
549523677918230	549523718967710	549523678382293
549523692079168	549523735533855	549523692577605
549523709280730	549523752109897	549523709710939
549523725410418	549523768681772	549523726226043
549523741769793	549523785269793	549523742660418
549523763994272	549523802132814	549523765386460
549523779829168	549523818401043	549523781262501
549523801316147	549523834970314	549523803448960
549523816833855	549523851541668	549523818785418
549523832278126	549523868134376	549523834143230
549523849392189	549523884714064	549523851326043
549523865207814	549523901266147	549523867310939
549523881760418	549523917851043	549523883678647
549523899832814	549523934397397	549523901733335
549523917528647	549523950941668	549523919464064
549523932695314	549523967540626	549523934594793
549523949895835	549523984063022	549523951886980
549523968609897	549524000647918	549523970419793
549524981245834	549525011384376	549524982593230
549525038853126	549525061097397	549525040835418
549525088325522	549525110810939	549525089913543
549525103912501	549525127370834	549525106082814
549525156431251	549525177086459	549525158982814
549525171789584	549525193675522	549525173528126
549525222670834	549525243373959	549525224789064
549525238695314	549525259937501	549525240793751
549525286270314	549525309674480	549525287275001
549525302519272	549525326221355	549525303609897
549525351988543	549525375945314	549525353114064
549525419592709	549525442270314	549525420740105


16666666
0	0	0
0	0	0
0	0	0
0	0	0
0	0	0
0	0	0
0	0	0
0	0	0
0	0	0
0	0	0
0	0	0
0	0	0
0	0	0
0	0	0
0	0	0
0	0	0
0	0	0
0	0	0
0	0	0
0	0	0
0	0	0
0	0	0
0	0	0
0	0	0
0	0	0
0	0	0
0	0	0
0	0	0
0	0	0
0	0	0
0	0	0
0	0	0
0	0	0
0	0	0
0	0	0
0	0	0
0	0	0
0	0	0
0	0	0
0	0	0
0	0	0
0	0	0
0	0	0
0	0	0
0	0	0
0	0	0
0	0	0
0	0	0
0	0	0
0	0	0
0	0	0
0	0	0
0	0	0
0	0	0
0	0	0
0	0	0
0	0	0
0	0	0
0	0	0
0	0	0
0	0	0
0	0	0
0	0	0
0	0	0
0	0	0
0	0	0
0	0	0
0	0	0
0	0	0
0	0	0
0	0	0
0	0	0
0	0	0
0	0	0
0	0	0
0	0	0
0	0	0
0	0	0
0	0	0
0	0	0
549523399367189	549523420751564	549523400483335
549523421122918	549523437281772	549523422232814
549523442598439	549523470421876	549523443608335
549523452240106	549523486998960	549523453006251
549523466367189	549523503567189	549523467227606
549523478022397	549523520136981	549523478495835
549523495248439	549523536704689	549523495734897
549523509837501	549523553283856	549523510342189
549523527358335	549523569840626	549523528067710
549523545206251	549523586409897	549523545695835
549523560705210	549523602993751	549523561163543
549523576372397	549523619548439	549523576852605
549523592631772	549523636119793	549523593119793
549523609268751	549523652710939	549523609817710
549523625594793	549523669258335	549523626113022
549523643117710	549523685828647	549523643575522
549523659124480	549523702403647	549523659620314
549523677918230	549523718967710	549523678382293
549523692079168	549523735533855	549523692577605
549523709280730	549523752109897	549523709710939
549523725410418	549523768681772	549523726226043
549523741769793	549523785269793	549523742660418
549523763994272	549523802132814	549523765386460
549523779829168	549523818401043	549523781262501
549523801316147	549523834970314	549523803448960
549523816833855	549523851541668	549523818785418
549523832278126	549523868134376	549523834143230
549523849392189	549523884714064	549523851326043
549523865207814	549523901266147	549523867310939
549523881760418	549523917851043	549523883678647
549523899832814	549523934397397	549523901733335
549523917528647	549523950941668	549523919464064
549523932695314	549523967540626	549523934594793
549523949895835	549523984063022	549523951886980
549523968609897	549524000647918	549523970419793
549524981245834	549525011384376	549524982593230
549525038853126	549525061097397	549525040835418
549525088325522	549525110810939	549525089913543
549525103912501	549525127370834	549525106082814
549525156431251	549525177086459	549525158982814
549525171789584	549525193675522	549525173528126
549525222670834	549525243373959	549525224789064
549525238695314	549525259937501	549525240793751
549525286270314	549525309674480	549525287275001
549525302519272	549525326221355	549525303609897
549525351988543	549525375945314	549525353114064
549525419592709	549525442270314	549525420740105


16666666
0	0	0
0	0	0
0	0	0
0	0	0
0	0	0
0	0	0
0	0	0
0	0	0
0	0	0
0	0	0
0	0	0
0	0	0
0	0	0
0	0	0
0	0	0
0	0	0
0	0	0
0	0	0
0	0	0
0	0	0
0	0	0
0	0	0
0	0	0
0	0	0
0	0	0
0	0	0
0	0	0
0	0	0
0	0	0
0	0	0
0	0	0
0	0	0
0	0	0
0	0	0
0	0	0
0	0	0
0	0	0
0	0	0
0	0	0
0	0	0
0	0	0
0	0	0
0	0	0
0	0	0
0	0	0
0	0	0
0	0	0
0	0	0
0	0	0
0	0	0
0	0	0
0	0	0
0	0	0
0	0	0
0	0	0
0	0	0
0	0	0
0	0	0
0	0	0
0	0	0
0	0	0
0	0	0
0	0	0
0	0	0
0	0	0
0	0	0
0	0	0
0	0	0
0	0	0
0	0	0
0	0	0
0	0	0
0	0	0
0	0	0
0	0	0
0	0	0
0	0	0
0	0	0
0	0	0
0	0	0
549523399367189	549523420751564	549523400483335
549523421122918	549523437281772	549523422232814
549523442598439	549523470421876	549523443608335
549523452240106	549523486998960	549523453006251
549523466367189	549523503567189	549523467227606
549523478022397	549523520136981	549523478495835
549523495248439	549523536704689	549523495734897
549523509837501	549523553283856	549523510342189
549523527358335	549523569840626	549523528067710
549523545206251	549523586409897	549523545695835
549523560705210	549523602993751	549523561163543
549523576372397	549523619548439	549523576852605
549523592631772	549523636119793	549523593119793
549523609268751	549523652710939	549523609817710
549523625594793	549523669258335	549523626113022
549523643117710	549523685828647	549523643575522
549523659124480	549523702403647	549523659620314
549523677918230	549523718967710	549523678382293
549523692079168	549523735533855	549523692577605
549523709280730	549523752109897	549523709710939
549523725410418	549523768681772	549523726226043
549523741769793	549523785269793	549523742660418
549523763994272	549523802132814	549523765386460
549523779829168	549523818401043	549523781262501
549523801316147	549523834970314	549523803448960
549523816833855	549523851541668	549523818785418
549523832278126	549523868134376	549523834143230
549523849392189	549523884714064	549523851326043
549523865207814	549523901266147	549523867310939
549523881760418	549523917851043	549523883678647
549523899832814	549523934397397	549523901733335
549523917528647	549523950941668	549523919464064
549523932695314	549523967540626	549523934594793
549523949895835	549523984063022	549523951886980
549523968609897	549524000647918	549523970419793
549524981245834	549525011384376	549524982593230
549525038853126	549525061097397	549525040835418
549525088325522	549525110810939	549525089913543
549525103912501	549525127370834	549525106082814
549525156431251	549525177086459	549525158982814
549525171789584	549525193675522	549525173528126
549525222670834	549525243373959	549525224789064
549525238695314	549525259937501	549525240793751
549525286270314	549525309674480	549525287275001
549525302519272	549525326221355	549525303609897
549525351988543	549525375945314	549525353114064
549525419592709	549525442270314	549525420740105


16666666
549615361317175	549615401474987	549615362065612
549615379283841	549615418054154	549615379957800
549615395650508	549615434631758	549615396374466
549615412522904	549615451204675	549615412986966
549615429082279	549615467768216	549615429678633
549615445316654	549615485096341	549615445900508
549615461667696	549615500921862	549615462269779
549615478876029	549615517507800	549615479545821
549615495298946	549615534076029	549615495947904
549615511462487	549615550656237	549615512115091
549615528423425	549615567227071	549615528998425
549615544630196	549615583794258	549615545431758
549615561745821	549615600371862	549615562586446
549615579776550	549615616955716	549615580386966
549615596783841	549615633535925	549615597306237
549615624684362	549615650074466	549615625254154
549615629733321	549615666635925	549615630397904
549615649294258	549615683205196	549615649691654
549615658979675	549615699774987	549615659646341
549615675883321	549615716355716	549615676633841
549615713277591	549615733404675	549615715161446
549615717661446	549615749490091	549615719585925
549615725945300	549615766055196	549615729189571
549615743742175	549615782638529	549615745731237
549615921977071	549615948373425	549615923797383
549615941269779	549615964953633	549615943098425
549615948731758	549615981581758	549615950764050
549615977144779	549615998090612	549615979130196
549616002082279	549616031248946	549616004322904
549616015197383	549616047793737	549616017284883
549616036364050	549616064359883	549616038319258
549616056096341	549616080916654	549616058020821
549616067794258	549616097493216	549616069965612
549616075624987	549616114060925	549616077836966
549616094068216	549616130646862	549616096098425
549616110195821	549616147216654	549616112407800
549616127096862	549616163788529	549616129182800
549616146310925	549616180352591	549616148350508
549616164722904	549616196940612	549616166810925
549616179226029	549616213490091	549616181248946
549616198708841	549616230093737	549616201118737
549616214834362	549616246628112	549616216832800
549616230484883	549616263179675	549616232636446
549616250379154	549616279788529	549616252541654
549616259365612	549616296317175	549616261471862
549616278784362	549616312883321	549616280744258
549616292931758	549616329447383	549616295009362
549616314016654	549616346038008	549616316331237
549616329642175	549616362596862	549616331789050
549616346934362	549616379151029	549616349000508
549616364191654	549616395730716	549616366310925
549616382343737	549616412300508	549616384487487
549616391507279	549616428855716	549616393686446
549616416055195	549616445428633	549616417756237
549616431677591	549616462005195	549616433717175
549616443697383	549616478561445	549616445866133
549616463484883	549616495132800	549616465632800
549616481517695	549616511687487	549616483618737
549616496081237	549616528284362	549616498163008
549616513494258	549616544849466	549616515674466
549616528906237	549616561421341	549616530964570
549616546547383	549616577980195	549616548647383
549616566457279	549616594543216	549616568417175
549616579101550	549616611104675	549616581287487
549616595156237	549616627680716	549616597348425
549616612172383	549616644252070	549616614359883
549616630455716	549616660839050	549616632613529
549616638914570	549616677383841	549616640971341
549616665006758	549616693961966	549616666748425
549616680589570	549616710542175	549616682605195
549616696424987	549616727163008	549616698703633
549616713199466	549616743680716	549616715952591
549616730257279	549616760252591	549616732469258
549616739064050	549616776858320	549616741260404
549616911665612	549616942565091	549616913765091
549616935595820	549616959200508	549616938058320
549616949185404	549616975715612	549616951259362
549616960521341	549616992366654	549616964295300
549616986329154	549617008877591	549616988691133
549617002821862	549617025432800	549617004892695
549617019834883	549617041980716	549617021631758
549617033480716	549617058593216	549617035602591
549617037676550	549617075144779	549617039546862
549617061817695	549617091703633	549617063367175
549617081976550	549617108285925	549617083736966
549617098977591	549617124866133	549617101277070
549617119036445	549617141440091	549617121192695
549617134377070	549617157997383	549617136861966
549617139595300	549617174557279	549617141980716
549617159151550	549617191127591	549617161531758
549617175168737	549617207703633	549617177076550
549617190922904	549617224272904	549617193345820
549617206373945	549617240828112	549617208643737
549617224361445	549617257411445	549617227478112
549617232769258	549617273985925	549617235229675
549617255315612	549617290543737	549617257527591
549617275580195	549617307115091	549617277939050
549617292669779	549617323710925	549617294994258
549617311686966	549617340277591	549617313936966
549617316080716	549617356861966	549617317957800
549617347534883	549617373438529	549617349505716
549617363657800	549617389998945	549617365880195
549617379896341	549617406595300	549617381942175
549617387272904	549617423132800	549617389652591
549617413573945	549617439710404	549617415545820
549617427276029	549617456277070	549617429536966
549617438730195	549617472857800	549617440964570
549617457414050	549617489411966	549617459758320
549617477531758	549617505983841	549617479886445
549617482038008	549617522543737	549617484424466
549617521467695	549617539123424	549617523733841
549617553847904	549617572261966	549617556053633
549617553847904	549617605414570	549617556053633
549617601828633	549617621983841	549617603377070
549617615233320	549617638551029	549617617699987
549617619492174	549617655119779	549617621780716
549617639405195	549617671710404	549617641858841
549617649097904	549617688273424	549617650881237
549617665411966	549617704848945	549617667692174
549617953170820	549617970040091	549617955594258
549617963285404	549617986593216	549617965646862
549619560189570	549619577605195	549619562547903
549619621674987	549619643870820	549619624177070
549619688508320	549619710160403	549619690698945
549619754728112	549619776465612	549619757099987
549619821038007	549619842764049	549619822951028
549619885216132	549619909052070	549619885773945


16666666
549637931356755	549637972341651	549637931993213
549637948168734	549637988920296	549637948656755
549637990084359	549638022065609	549637991728109
549637997476026	549638038642692	549637999184880
549638017339046	549638055227067	549638018997380
549638031967692	549638071807276	549638033822380
549638048134880	549638088379151	549638049236442
549638065476026	549638104941130	549638066092692
549638089665609	549638121523942	549638091249463
549638130035401	549638155532276	549638131781755
549638132533838	549638171232796	549638133547380
549638159911963	549638187821338	549638161527067
549638179389567	549638204393213	549638180957276
549638228288005	549638254088525	549638229747380
549638233031234	549638270664567	549638234653630
549638389945296	549638419845817	549638391436963
549638419021338	549638436399463	549638420762484
549638455616650	549638486113525	549638457271338
549638460447900	549638502678109	549638462238525
549638492144775	549638520395817	549638492977067
549638499973942	549638535845296	549638501459880
549638541634359	549638568998942	549638543206755
549638549281755	549638585539567	549638550829671
549638570689567	549638602117171	549638572450505
549638583528630	549638618820296	549638585106234
549638596665088	549638635245817	549638598325505
549638621250505	549638651846338	549638623190088
549638629620296	549638668444775	549638631221859
549638674426025	549638701650505	549638676055192
549638681581234	549638718146859	549638683116130
549638709871859	549638734689567	549638711435921
549638716588525	549638751259359	549638718057796
549638762176025	549638784439046	549638764267692
549638770565609	549638800974984	549638772180713
549638792638005	549638817554150	549638794048942
549638797163525	549638834131755	549638798903630
549638834352588	549638850708838	549638835973942
549638844046859	549638867262484	549638845008838
549638866335921	549638883850505	549638867855192
549638874393213	549638900428630	549638876105713
549638901756755	549638933557275	549638903366650
549638906576025	549638950168213	549638908204150
549638935574984	549638966719775	549638937197380
549638943054150	549638983283317	549638944955192
549638975258838	549638999855713	549638977052588
549638978222900	549639016409359	549638979281234
549639003784880	549639032994255	549639005751025
549639017817171	549639049571338	549639019073421
549639026138005	549639066137484	549639027869255
549639048779150	549639082724463	549639050533317
549639058068734	549639099290088	549639059944255
549639082686963	549639115860921	549639084448942
549639098925505	549639132440609	549639100938525
549639110651025	549639149017171	549639112355192
549639133806755	549639165586442	549639135346859
549639149230713	549639182160400	549639150946338
549639167744775	549639198735400	549639169369775
549639180606755	549639215303630	549639182285921
549639199747380	549639231896859	549639201464567
549639216811963	549639248452067	549639218246859
549639235965609	549639265035921	549639237736963
549639240757796	549639281662484	549639242486963
549639268126546	549639298197900	549639269789567
549639288408317	549639314782796	549639290118734
549639304852067	549639331330192	549639306499463
549639321024984	549639347922379	549639322825505
549639327854671	549639364481234	549639329582275
549639352560921	549639381057275	549639354304671
549639366252588	549639397623942	549639367985921
549639383553109	549639414208317	549639385230713
549639399863004	549639430792171	549639401611963
549639417220817	549639447355713	549639418369775
549639434958317	549639463940088	549639436880713
549639451450504	549639480485921	549639453143213
549639465204150	549639497052588	549639466940609
549639479623421	549639513626025	549639481269775
549639499994775	549639530196338	549639502048421
549639516861963	549639546774984	549639518656754
549639531629150	549639563344254	549639533404150
549639549002067	549639579936442	549639550990088
549639559115088	549639596485400	549639561058838
549639582599984	549639613080713	549639584453629
549639599974463	549639629663004	549639602158838
549639624296338	549639646194254	549639621211442
549639639759359	549639662769775	549639641351546
549639654751025	549639679346859	549639656762484
549639658732796	549639695901546	549639660669254
549639676060921	549639712475504	549639678322900
549639692870817	549639729065609	549639694893734
549639708912484	549639745635921	549639710924463
549639730085921	549639762180713	549639731848942
549639743321338	549639778767171	549639745168213
549639762840609	549639795556754	549639764702067
549639776810921	549639811912484	549639778688004
549639794056754	549639828492171	549639795834359
549639812904671	549639845049984	549639814688525
549639828178109	549639861610400	549639829988525
549639844159879	549639878179671	549639846154150
549639861415609	549639894759879	549639863249984
549639877282796	549639911344775	549639879493213
549639894881754	549639927914567	549639896461442
549639911417171	549639944484879	549639913439046
549639926274984	549639961053109	549639928081234
549639944803629	549639977634879	549639946670296
549639959552588	549639994195817	549639961383838
549639992942171	549640010772900	549639994146338
549640018239567	549640043921859	549640020283838
549640035336963	549640060724984	549640037116650
549640046729671	549640077079671	549640048663525
549640054396338	549640093643213	549640056293213
549640075715088	549640110217171	549640077651546
549640093096338	549640126782796	549640095029671
549640113964046	549640143353629	549640115959879
549640126851025	549640159946338	549640128768213
549640143822379	549640176509879	549640145832796
549640159979150	549640193091650	549640161804150
549640159979150	549640209685400	549640161804150
549640215431234	549640242854671	549640217435400
549640224784879	549640259378109	549640226855713
549640238347900	549640275942692	549640239765609
549640253237484	549640292522900	549640255303109
549641856326025	549641883417692	549641857644254
549641910999462	549641933118733	549641913054150
549641976770817	549641999391129	549641978768212
549642042485921	549642065700504	549642044511962
549642108885400	549642131946337	549642110409879
549642174674983	549642198247900	549642175166129


16666666
549660836182793	549660872710397	549660836606230
549660851210397	549660889364043	549660852864043
549660869030710	549660905855710	549660870615085
549660892810397	549660922432272	549660894430189
549660900549460	549660938993210	549660902148939
549660967615085	549660988723418	549660968616126
549660975938522	549661005292689	549660977536960
549661124928105	549661154459876	549661126464043
549661161949980	549661187569772	549661163544251
549661202946334	549661220719251	549661204137480
549661210989564	549661237302584	549661212629668
549661236581751	549661253873418	549661238510918
549661257081751	549661287006751	549661258671855
549661269196855	549661303569251	549661270797897
549661281051543	549661320157272	549661282454147
549661299223939	549661336721855	549661300911959
549661320669772	549661353283314	549661322340605
549661330874980	549661369864043	549661332542168
549661392786959	549661419574980	549661394514043
549661400063001	549661436166647	549661402448418
549661442222897	549661469311439	549661443953626
549661449095293	549661485899980	549661450749980
549661497464043	549661519047897	549661499081230
549661500148418	549661535642689	549661501169251
549661544376022	549661568738001	549661545806230
549661550254668	549661585296855	549661551874459
549661594296855	549661618455189	549661595838001
549661612268730	549661635008834	549661613239043
549661635767689	549661651594772	549661637549980
549661643106230	549661668171855	549661644792689
549661691549980	549661718042689	549661693158314
549661699011959	549661734488001	549661700635918
549661739770814	549661767595293	549661741564043
549661747174980	549661784182793	549661748771334
549661794622897	549661817309355	549661796280189
549661799052584	549661833889043	549661800779668
549661857329147	549661883638001	549661859049459
549661864213001	549661900169251	549661865774459
549661937630189	549661966479147	549661939255189
549661944630189	549661983041126	549661946123418
549661986669772	549662016185918	549661988307272
549661995730189	549662032731230	549661997356230
549662020344772	549662049306751	549662022241126
549662030634355	549662065876022	549662032539043
549662073597376	549662099018730	549662075215605
549662081635918	549662115587480	549662083249980
549662111592689	549662132174459	549662113405189
549662119160397	549662148746855	549662120715605
549662139046855	549662165302064	549662140773418
549662146131230	549662181865605	549662148279668
549662170228626	549662198480189	549662171936959
549662177924980	549662214983834	549662179682793
549662198446334	549662231570814	549662200563522
549662208876543	549662248156230	549662210568730
549662231561439	549662264702064	549662233181230
549662243537480	549662281272376	549662245259876
549662266491126	549662297860397	549662268184355
549662285379668	549662314428105	549662287159876
549662293318209	549662331009355	549662295160918
549662317371855	549662347589043	549662319004668
549662340717688	549662364138522	549662341902063
549662347181751	549662380699459	549662349085397
549662367461438	549662397280188	549662369318730
549662373637480	549662413836959	549662375530709
549662400807793	549662430405709	549662402515084
549662417120293	549662446985397	549662418901022
549662423872376	549662463559355	549662425638522
549662447672376	549662480123938	549662449560918
549662464054668	549662496689043	549662465886959
549662473039043	549662513305188	549662474789043
549662500419772	549662529844251	549662502220813
549662531019772	549662562967688	549662532337480
549662564148938	549662579541647	549662565621334
549662578758313	549662596097897	549662580673938
549662594509876	549662612670293	549662596195293
549662612206751	549662629459355	549662614043730
549662626009876	549662645810397	549662628052063
549662643264043	549662662388522	549662644940084
549662660364563	549662678960397	549662662007793
549662677867168	549662695517168	549662679652584
549662711773938	549662728660397	549662713396855
549662726844251	549662745442168	549662728785397
549662738367168	549662761790605	549662740112480
549662742912480	549662778539563	549662744342168
549662762970813	549662794948938	549662765053105
549662775155188	549662811522376	549662776673418
549662793501022	549662828089563	549662795520293
549662809932793	549662844676022	549662811803626
549662828294772	549662861270813	549662830199980
549662846069772	549662877821334	549662847996334
549662865436438	549662894381230	549662867626022
549662880445813	549662910948938	549662882289563
549662897130188	549662927509355	549662898982793
549662907457793	549662944084876	549662909375501
549662928624459	549662960653626	549662930572897
549662945788522	549662977248418	549662947659355
549662962613001	549662993848418	549662964517168
549662980470293	549663010361438	549662982283313
549662994914563	549663026954668	549662997145293
549663013122376	549663043529668	549663015203626
549663021343730	549663060113522	549663023218730
549663047193209	549663076684355	549663049165605
549663065702063	549663093225501	549663067593209
549663080141126	549663109801022	549663081617168
549663097868209	549663126364043	549663099697897
549663116718730	549663142927584	549663118601543
549663135628626	549663159526543	549663137571855
549663162649980	549663192645293	549663164481230
549663178299459	549663209228626	549663180434355
549663188134355	549663225777584	549663189928105
549663214085397	549663242359355	549663216164043
549663227346855	549663259239043	549663229221334
549663244154147	549663275480709	549663246033313
549663261555709	549663292136959	549663263440084
549663269772376	549663308852584	549663271653626
549663296579668	549663325194772	549663298401543
549663296579668	549663341757793	549663298401543
549663351031751	549663374895813	549663352613522
549663357461959	549663391464563	549663360202063
549663368278105	549663408050501	549663370305709
549663385316126	549663424607272	549663387292688
549664977125501	549664998864563	549664979392688
549665040259876	549665065203626	549665043330709
549665109405709	549665131476021	549665112083834
549665177089042	549665197749980	549665178585917
549665250967688	549665280589042	549665255429667
549665305488521	549665330315084	549665306107792


16666666
549683368760914	549683409454144	549683369382269
549683384618727	549683426023935	549683385335394
549683402593206	549683442592685	549683402503623
549683418221331	549683459183310	549683418948414
549683434695810	549683475716123	549683435342164
549683451921331	549683492308310	549683452620289
549683469291644	549683508866644	549683469282789
549683510558831	549683542015602	549683512178623
549683517960394	549683559635394	549683519347894
549683537099977	549683575144769	549683538484352
549683552497894	549683591727060	549683554181227
549683568255706	549683608286956	549683569397894
549683585934352	549683624878102	549683586463519
549683602534873	549683641412477	549683603280706
549683620841123	549683658001019	549683621169769
549683638999456	549683674576539	549683639568206
549683652272373	549683691130185	549683653428102
549683671587477	549683707697373	549683672137477
549683710004144	549683740821331	549683711640081
549683714449977	549683757386956	549683716081227
549683749427581	549683773965602	549683751404664
549683779305185	549683807102581	549683780902060
549683785035394	549683823657269	549683786486435
549683924759873	549683956239560	549683926505706
549683933323935	549683972808310	549683934678623
549684002929144	549684022557789	549684004530185
549684025349456	549684055650498	549684026821852
549684040294769	549684072247894	549684041718206
549684050055706	549684088814039	549684052083310
549684075501539	549684105365602	549684076939039
549684083680706	549684121964039	549684085153102
549684139436956	549684155076018	549684141228623
549684146424977	549684171714560	549684148038518
549684176781748	549684204803623	549684178932789
549684184362998	549684221355706	549684186103623
549684226497893	549684254499977	549684228105185
549684231428102	549684271055185	549684233432268
549684286045810	549684304170810	549684287693206
549684290248414	549684320763518	549684291850498
549684328166123	549684353885393	549684329902060
549684332280185	549684370436956	549684333789560
549684382296852	549684403577581	549684383971852
549684388871852	549684420154664	549684390502581
549684430771331	549684453284873	549684432484352
549684437578623	549684469848414	549684439232789
549684483116123	549684502987998	549684484798414
549684490766643	549684519574456	549684492081227
549684523458831	549684552715081	549684525093206
549684529817685	549684569272893	549684531446331
549684559698414	549684585842685	549684561205706
549684566074977	549684602391123	549684567603102
549684613543727	549684635529143	549684615261956
549684617803102	549684652108310	549684619533831
549684642287477	549684668688518	549684644034873
549684648963518	549684685258831	549684650536956
549684670637477	549684701828102	549684672245810
549684679195810	549684718384873	549684680939560
549684702661956	549684735313518	549684704296331
549684717899456	549684751530706	549684719518206
549684729832789	549684768081227	549684731409873
549684751285914	549684784727060	549684754296852
549684762517164	549684801225498	549684764313518
549684785219248	549684817808831	549684786987477
549684794443727	549684834377581	549684796099977
549684821229664	549684850964039	549684822673935
549684828641123	549684867493206	549684830296852
549684857123414	549684884059873	549684859015081
549684872886956	549684900632789	549684874503102
549684882498935	549684917201018	549684884067685
549684909092164	549684933837477	549684910721852
549684916501018	549684950355706	549684918351539
549684938565081	549684966926018	549684940377581
549684951933831	549684983526018	549684953717164
549684961429664	549685000064560	549684963444248
549684984536435	549685016651539	549684986167685
549685003801539	549685033322373	549685005415081
549685012358310	549685049811435	549685014199977
549685037490081	549685066395810	549685039714560
549685055219248	549685082960393	549685057059873
549685067890602	549685099521852	549685069771852
549685087929143	549685116097893	549685089665602
549685096782268	549685132646852	549685098360393
549685117619768	549685149256748	549685119524977
549685132770289	549685165816123	549685134546852
549685151029664	549685182374977	549685152809873
549685167403102	549685198953102	549685169087477
549685185852581	549685215530185	549685187636435
549685194832789	549685232110393	549685196584873
549685219661435	549685248665602	549685221319247
549685236480706	549685265239039	549685237861435
549685250233310	549685281973935	549685252113518
549685266556747	549685298388518	549685268366122
549685283281747	549685314937477	549685285114560
549685300930706	549685331515081	549685302783831
549685311061956	549685348061956	549685312880706
549685334465602	549685364658310	549685336222893
549685350888518	549685381221852	549685352632789
549685365720289	549685397789039	549685367501018
549685381631747	549685414368727	549685383423414
549685402203622	549685430922893	549685403940602
549685417260393	549685447507789	549685418949977
549685432120810	549685464111435	549685434097893
549685451162997	549685481022372	549685453147893
549685466528622	549685497247893	549685468409352
549685482335393	549685513797893	549685484159872
549685498881227	549685530367164	549685500719247
549685507541643	549685546924977	549685509479143
549685548237477	549685563534352	549685545155706
549685557190081	549685580123935	549685559363518
549685559555185	549685596630706	549685560783310
549685580737477	549685613195810	549685582760393
549685594948414	549685629765602	549685596797893
549685610317685	549685646343727	549685612286435
549685624874977	549685662915602	549685626906227
549685637931227	549685679493727	549685639950497
549685661827581	549685696097893	549685663743727
549685677715081	549685712643727	549685679758831
549685697777060	549685729227060	549685699653102
549685729404664	549685745777060	549685731318727
549685758986435	549685779249456	549685761044247
549685772240081	549685795477581	549685773984872
549685784731227	549685812074977	549685786576018
549685788752060	549685828639560	549685790644768
549685809727060	549685845205706	549685811605706
549685827156747	549685861770289	549685829010393
549685845752060	549685878359872	549685847525497
549685862065602	9223372036854775807	549685863979143


16666666
549703695759349	549703726066120	549703697176536
549703706989036	549703742673411	549703708345286
549703723164557	549703759203099	549703724396328
549703740587995	549703775782786	549703741290599
549703759155703	549703792367682	549703760593203
549703772097891	549703808960390	549703773449974
549703792510390	549703825646849	549703793985390
549703808466640	549703842103620	549703809962995
549703822495807	549703858666640	549703823876536
549703844103099	549703875242161	549703845298932
549703856927057	549703891807786	549703858355703
549703876075495	549703908427057	549703877585911
549703891691120	549703924957786	549703893122890
549703907932265	549703941494245	549703909447890
549703924210911	549703958116640	549703925604140
549703940679140	549703974693203	549703941907786
549703959160390	549703991220807	549703960591640
549703971967682	549704007793203	549703973331224
549703991876015	549704024367161	549703993315599
549704003907786	549704040928099	549704005083828
549704050594765	549704074048932	549704051585911
549704074121849	549704090620286	549704075205182
549704090236953	549704107197370	549704091375495
549704097633828	549704123753620	549704098868203
549704097633828	549704156900495	549704098868203
549704150179140	549704173473932	549704151644765
549704152995286	549704190045286	549704154370807
549704163031745	549704206618724	549704164091640
549704180458828	549704223182786	549704181251536
549704196464557	549704239749453	549704197512995
549704214869245	549704256326015	549704216075495
549704229308828	549704272900495	549704230397370
549704245823411	549704289470807	549704246934870
549704266231745	549704306046328	549704267939557
549704281579661	549704322623932	549704282689557
549704297637995	549704339213515	549704298696849
549704314381224	549704355754140	549704315525495
549704330851015	549704372320286	549704331976536
549704348235911	549704388913515	549704349356745
549704364652578	549704405479661	549704365803099
549704380563515	549704422059349	549704381925495
549704397294765	549704438611432	549704398577057
549704414391640	549704455192682	549704415554661
549704445140078	549704471752578	549704446306745
549704450734870	549704488327057	549704451848932
549704463117682	549704504890078	549704464543203
549704479314036	549704521467682	549704480897370
549704495266120	549704538047890	549704496361953
549704510819765	549704554614036	549704511523932
549704529066640	549704571183828	549704529796328
549704544871849	549704587754661	549704545680703
549704561697370	549704604339036	549704562426015
549704578973932	549704620897890	549704579704140
549704595147370	549704637516640	549704595884870
549704611896849	549704654040078	549704612648411
549704629181745	549704670622370	549704630521849
549704652131745	549704687174974	549704652794245
549704691707786	549704720312474	549704692805182
549704731332265	549704753631745	549704732379140
549704740556745	549704770027578	549704741653620
549704756685911	549704786596328	549704757776536
549704759683307	549704803154661	549704760743203
549704779108307	549704819719245	549704780138515
549704793111953	549704836300495	549704795053099
549704812364557	549704852857265	549704813777057
549704828136953	549704869431224	549704829945286
549704844346328	549704886002578	549704845477578
549704860251015	549704902567682	549704860917161
549704877460911	549704919138515	549704878046328
549704892724974	549704935710911	549704893439036
549704909763515	549704952284349	549704910384349
549704927820286	549704968890599	549704928497369
549704942915599	549704985436953	549704943291640
549704959738515	549705001996328	549704960440599
549704996368724	549705018653619	549704998473411
549705006977057	549705035147890	549705008696849
549705008653619	549705051986432	549705009696849
549705027544244	549705068297890	549705029007265
549705043473411	549705084877578	549705045024974
549705063696328	549705101455182	549705065946328
549705078312994	549705118207786	549705079953619
549705094393724	549705134612994	549705094964036
549705114433307	549705151166119	549705114712994
549705130008307	549705167734349	549705130663515
549705146677578	549705184335390	549705147246328
549705165039036	549705200922369	549705165496328
549705178101536	549705217460911	549705178666119
549705193567161	549705234033828	549705194194244
549705208930703	549705250596328	549705209623411
549705225522369	549705267173411	549705226151015
549705241746328	549705283756224	549705242227578
549705258557786	549705300343203	549705259292682
549705275755703	549705317614557	549705276483828
549705294955703	549705333492682	549705295245286
549705314044765	549705350049453	549705314799974
549705327460390	549705367539557	549705328128619
549705344299453	549705383193203	549705344865599
549705361752578	549705399766640	549705362399974
549705376950494	549705416327057	549705377650494
549705392761953	549705432906224	549705393412994
549705412938515	549705449487994	549705413502057
549705453027578	549705482641119	549705453579140
549705486391640	549705515782265	549705488228619
549705502072369	549705532351536	549705503771849
549705508551015	549705548924453	549705509964036
549705525347890	549705565508828	549705526967682
549705541395807	549705582082265	549705542970286
549705558964557	549705598664036	549705560261953
549705573992682	549705615258307	549705575369765
549705591055182	549705631822369	549705592433828
549705611760390	549705648394765	549705613212474
549705626164036	549705664977578	549705627566119
549705643008307	549705681591119	549705644336432
549705657972890	549705698139036	549705658630703
549705678397369	549705714686953	549705679023411
549705693195286	549705731519244	549705693758307
549705724578099	549705747827057	549705726085390
549705738836432	549705764402578	549705740249974
549705741298411	549705780963515	549705742183307
549705758737474	549705797531744	549705760279140
549705791269765	549705814114557	549705792935911
549705795439557	549705830686432	549705797185390
549705807280182	549705847285390	549705808858828
549705849057265	549705880437474	549705851666640
549705851344244	549705896999974	549705852488515
549706049610911	549706079307265	549706051286432
549706053571328	549706095872369	549706055125494


16666666
549705541395807	549705582082265	549705542970286
549705558964557	549705598664036	549705560261953
549705573992682	549705615258307	549705575369765
549705591055182	549705631822369	549705592433828
549705611760390	549705648394765	549705613212474
549705626164036	549705664977578	549705627566119
549705643008307	549705681591119	549705644336432
549705657972890	549705698139036	549705658630703
549705678397369	549705714686953	549705679023411
549705693195286	549705731519244	549705693758307
549705724578099	549705747827057	549705726085390
549705738836432	549705764402578	549705740249974
549705741298411	549705780963515	549705742183307
549705758737474	549705797531744	549705760279140
549705791269765	549705814114557	549705792935911
549705795439557	549705830686432	549705797185390
549705807280182	549705847285390	549705808858828
549705849057265	549705880437474	549705851666640
549705851344244	549705896999974	549705852488515
549706049610911	549706079307265	549706051286432
549706053571328	549706095872369	549706055125494
549706133293723	549706162188515	549706135030703
549706145357265	549706178737994	549706147153098
549706164137473	549706195333307	549706165875494
549706175314557	549706211898932	549706176944244
549706195180703	549706228443203	549706196729140
549706208468203	549706245033828	549706210196328
549706246248411	549706261611953	549706247890598
549706249893723	549706278196848	549706251381744
549706300950494	549706327896848	549706302543203
549706308929140	549706344558307	549706310595286
549706354811432	549706377741640	549706356074973
549706362251536	549706394185390	549706363680182
549706406027057	549706427321328	549706407717682
549706411937994	549706443902578	549706413464557
549706449122890	549706477043723	549706450902578
549706454337473	549706493610390	549706456130182
549706486670286	549706510183828	549706488376015
549706490779661	549706526746848	549706492324973
549706520306744	549706543327057	549706521121848
549706544483307	549706559891119	549706546159869
549706560613515	549706576461953	549706562301015
549706567086432	549706593042161	549706568774973
549706598961432	549706626202057	549706600591640
549706608546328	549706642761432	549706609973932
549706632648932	549706659340598	549706634127057
549706636067161	549706675893723	549706637660390
549706665095807	549706692516640	549706666883307
549706667970807	549706709060911	549706669137473
549706692738515	549706725617682	549706694440078
549706701626015	549706742199973	549706703333307
549706727184869	549706758764557	549706729154661
549706742848411	549706775362473	549706744558828
549706751106744	549706791932265	549706752808307
549706778787994	549706808546848	549706780382786
549706786648411	549706825061953	549706788288515
549706818754140	549706841640078	549706820285911
549706849445286	549706874799453	549706850916119
549706874384348	549706891356223	549706876078619
549706895718723	549706924781744	549706897447369
549706904966119	549706941071848	549706906653098
549706921767682	549706957935390	549706923456744
549706938322369	549706974260911	549706940076015
549706952298411	549706990804140	549706953991119
549706977734348	549707007396328	549706979412473
549706994969765	549707023997890	549706996174973
549707011991119	549707040504140	549707013695807
549707029486432	549707057079140	549707031861432
549707038552578	549707073691119	549707040304140
549707058502057	549707090229140	549707060258307
549707074814557	549707106814036	549707077233827
549707091635390	549707123378619	549707093304661
549707109139036	549707139944244	549707111057786
549707127505702	549707156520286	549707129352577
549707137203619	549707173106744	549707138902057
549707159369765	549707189682786	549707161081744
549707174369244	549707206244765	549707176179661
549707190716119	549707222808307	549707192499452
549707206244765	549707239405702	549707207992161
549707223624973	549707255964036	549707225360911
549707238958307	549707272552057	549707240741640
549707252186952	549707289124973	549707253893723
549707275544765	549707305684348	549707277526015
549707290728619	549707322290598	549707292555702
549707307040077	549707338832265	549707308921327
549707324043202	549707355401536	549707325791119
549707338732265	549707371978619	549707340547369
549707357087473	549707388537473	549707358941119
549707372952577	549707405127577	549707374783307
549707389289036	549707421714036	549707391237473
549707399616119	549707438622890	549707401594244
549707425455702	549707454869765	549707427076015
549707439130182	549707471423932	549707441462473
549707462007786	549707487987473	549707463958307
549707476676015	549707504538515	549707478199452
549707486417682	549707521140077	549707488293723
549707498303098	549707537707265	549707500208307
549707520518723	549707554835390	549707522232265
549707538481223	549707570848411	549707540655182
549707558088515	549707587422890	549707559907265
549707576804661	549707604006223	549707578565077
549707593624973	549707620585911	549707595591119
549707605883307	549707637157786	549707607766640
549707622587473	549707653701536	549707624682786
549707638957786	549707670367161	549707641053098
549707661237473	549707686868202	549707662766640
549707675617682	549707703438515	549707676925494
549707681422890	549707720026015	549707683482786
549707700321327	549707736611952	549707702210390
549707719852057	549707753186432	549707721892682
549707730787994	549707769746848	549707732685390
549707752825494	549707786306744	549707755049452
549707770302057	549707802893202	549707772203619
549707786672369	549707819476015	549707788590077
549707804672369	549707836025494	549707806644244
549707813867161	549707852601015	549707815775494
549707813867161	549707869178619	549707815775494
549707876259869	549707902315598	549707878007265
549707891409348	549707918890077	549707893432265
549707898959869	549707935455182	549707900363515
549707911278098	549707952026015	549707913461952
549709506555702	549709526510910	549709508445285
549709571338515	549709592811952	549709573277577
549709636880702	549709659134348	549709638844244
549709704849973	549709725412994	549709706841640
549709767560390	549709791696327	549709769137994
549709832303619	549709858016640	549709832880181


16666666
549705541395807	549705582082265	549705542970286
549705558964557	549705598664036	549705560261953
549705573992682	549705615258307	549705575369765
549705591055182	549705631822369	549705592433828
549705611760390	549705648394765	549705613212474
549705626164036	549705664977578	549705627566119
549705643008307	549705681591119	549705644336432
549705657972890	549705698139036	549705658630703
549705678397369	549705714686953	549705679023411
549705693195286	549705731519244	549705693758307
549705724578099	549705747827057	549705726085390
549705738836432	549705764402578	549705740249974
549705741298411	549705780963515	549705742183307
549705758737474	549705797531744	549705760279140
549705791269765	549705814114557	549705792935911
549705795439557	549705830686432	549705797185390
549705807280182	549705847285390	549705808858828
549705849057265	549705880437474	549705851666640
549705851344244	549705896999974	549705852488515
549706049610911	549706079307265	549706051286432
549706053571328	549706095872369	549706055125494
549706133293723	549706162188515	549706135030703
549706145357265	549706178737994	549706147153098
549706164137473	549706195333307	549706165875494
549706175314557	549706211898932	549706176944244
549706195180703	549706228443203	549706196729140
549706208468203	549706245033828	549706210196328
549706246248411	549706261611953	549706247890598
549706249893723	549706278196848	549706251381744
549706300950494	549706327896848	549706302543203
549706308929140	549706344558307	549706310595286
549706354811432	549706377741640	549706356074973
549706362251536	549706394185390	549706363680182
549706406027057	549706427321328	549706407717682
549706411937994	549706443902578	549706413464557
549706449122890	549706477043723	549706450902578
549706454337473	549706493610390	549706456130182
549706486670286	549706510183828	549706488376015
549706490779661	549706526746848	549706492324973
549706520306744	549706543327057	549706521121848
549706544483307	549706559891119	549706546159869
549706560613515	549706576461953	549706562301015
549706567086432	549706593042161	549706568774973
549706598961432	549706626202057	549706600591640
549706608546328	549706642761432	549706609973932
549706632648932	549706659340598	549706634127057
549706636067161	549706675893723	549706637660390
549706665095807	549706692516640	549706666883307
549706667970807	549706709060911	549706669137473
549706692738515	549706725617682	549706694440078
549706701626015	549706742199973	549706703333307
549706727184869	549706758764557	549706729154661
549706742848411	549706775362473	549706744558828
549706751106744	549706791932265	549706752808307
549706778787994	549706808546848	549706780382786
549706786648411	549706825061953	549706788288515
549706818754140	549706841640078	549706820285911
549706849445286	549706874799453	549706850916119
549706874384348	549706891356223	549706876078619
549706895718723	549706924781744	549706897447369
549706904966119	549706941071848	549706906653098
549706921767682	549706957935390	549706923456744
549706938322369	549706974260911	549706940076015
549706952298411	549706990804140	549706953991119
549706977734348	549707007396328	549706979412473
549706994969765	549707023997890	549706996174973
549707011991119	549707040504140	549707013695807
549707029486432	549707057079140	549707031861432
549707038552578	549707073691119	549707040304140
549707058502057	549707090229140	549707060258307
549707074814557	549707106814036	549707077233827
549707091635390	549707123378619	549707093304661
549707109139036	549707139944244	549707111057786
549707127505702	549707156520286	549707129352577
549707137203619	549707173106744	549707138902057
549707159369765	549707189682786	549707161081744
549707174369244	549707206244765	549707176179661
549707190716119	549707222808307	549707192499452
549707206244765	549707239405702	549707207992161
549707223624973	549707255964036	549707225360911
549707238958307	549707272552057	549707240741640
549707252186952	549707289124973	549707253893723
549707275544765	549707305684348	549707277526015
549707290728619	549707322290598	549707292555702
549707307040077	549707338832265	549707308921327
549707324043202	549707355401536	549707325791119
549707338732265	549707371978619	549707340547369
549707357087473	549707388537473	549707358941119
549707372952577	549707405127577	549707374783307
549707389289036	549707421714036	549707391237473
549707399616119	549707438622890	549707401594244
549707425455702	549707454869765	549707427076015
549707439130182	549707471423932	549707441462473
549707462007786	549707487987473	549707463958307
549707476676015	549707504538515	549707478199452
549707486417682	549707521140077	549707488293723
549707498303098	549707537707265	549707500208307
549707520518723	549707554835390	549707522232265
549707538481223	549707570848411	549707540655182
549707558088515	549707587422890	549707559907265
549707576804661	549707604006223	549707578565077
549707593624973	549707620585911	549707595591119
549707605883307	549707637157786	549707607766640
549707622587473	549707653701536	549707624682786
549707638957786	549707670367161	549707641053098
549707661237473	549707686868202	549707662766640
549707675617682	549707703438515	549707676925494
549707681422890	549707720026015	549707683482786
549707700321327	549707736611952	549707702210390
549707719852057	549707753186432	549707721892682
549707730787994	549707769746848	549707732685390
549707752825494	549707786306744	549707755049452
549707770302057	549707802893202	549707772203619
549707786672369	549707819476015	549707788590077
549707804672369	549707836025494	549707806644244
549707813867161	549707852601015	549707815775494
549707813867161	549707869178619	549707815775494
549707876259869	549707902315598	549707878007265
549707891409348	549707918890077	549707893432265
549707898959869	549707935455182	549707900363515
549707911278098	549707952026015	549707913461952
549709506555702	549709526510910	549709508445285
549709571338515	549709592811952	549709573277577
549709636880702	549709659134348	549709638844244
549709704849973	549709725412994	549709706841640
549709767560390	549709791696327	549709769137994
549709832303619	549709858016640	549709832880181


16666666
549705541395807	549705582082265	549705542970286
549705558964557	549705598664036	549705560261953
549705573992682	549705615258307	549705575369765
549705591055182	549705631822369	549705592433828
549705611760390	549705648394765	549705613212474
549705626164036	549705664977578	549705627566119
549705643008307	549705681591119	549705644336432
549705657972890	549705698139036	549705658630703
549705678397369	549705714686953	549705679023411
549705693195286	549705731519244	549705693758307
549705724578099	549705747827057	549705726085390
549705738836432	549705764402578	549705740249974
549705741298411	549705780963515	549705742183307
549705758737474	549705797531744	549705760279140
549705791269765	549705814114557	549705792935911
549705795439557	549705830686432	549705797185390
549705807280182	549705847285390	549705808858828
549705849057265	549705880437474	549705851666640
549705851344244	549705896999974	549705852488515
549706049610911	549706079307265	549706051286432
549706053571328	549706095872369	549706055125494
549706133293723	549706162188515	549706135030703
549706145357265	549706178737994	549706147153098
549706164137473	549706195333307	549706165875494
549706175314557	549706211898932	549706176944244
549706195180703	549706228443203	549706196729140
549706208468203	549706245033828	549706210196328
549706246248411	549706261611953	549706247890598
549706249893723	549706278196848	549706251381744
549706300950494	549706327896848	549706302543203
549706308929140	549706344558307	549706310595286
549706354811432	549706377741640	549706356074973
549706362251536	549706394185390	549706363680182
549706406027057	549706427321328	549706407717682
549706411937994	549706443902578	549706413464557
549706449122890	549706477043723	549706450902578
549706454337473	549706493610390	549706456130182
549706486670286	549706510183828	549706488376015
549706490779661	549706526746848	549706492324973
549706520306744	549706543327057	549706521121848
549706544483307	549706559891119	549706546159869
549706560613515	549706576461953	549706562301015
549706567086432	549706593042161	549706568774973
549706598961432	549706626202057	549706600591640
549706608546328	549706642761432	549706609973932
549706632648932	549706659340598	549706634127057
549706636067161	549706675893723	549706637660390
549706665095807	549706692516640	549706666883307
549706667970807	549706709060911	549706669137473
549706692738515	549706725617682	549706694440078
549706701626015	549706742199973	549706703333307
549706727184869	549706758764557	549706729154661
549706742848411	549706775362473	549706744558828
549706751106744	549706791932265	549706752808307
549706778787994	549706808546848	549706780382786
549706786648411	549706825061953	549706788288515
549706818754140	549706841640078	549706820285911
549706849445286	549706874799453	549706850916119
549706874384348	549706891356223	549706876078619
549706895718723	549706924781744	549706897447369
549706904966119	549706941071848	549706906653098
549706921767682	549706957935390	549706923456744
549706938322369	549706974260911	549706940076015
549706952298411	549706990804140	549706953991119
549706977734348	549707007396328	549706979412473
549706994969765	549707023997890	549706996174973
549707011991119	549707040504140	549707013695807
549707029486432	549707057079140	549707031861432
549707038552578	549707073691119	549707040304140
549707058502057	549707090229140	549707060258307
549707074814557	549707106814036	549707077233827
549707091635390	549707123378619	549707093304661
549707109139036	549707139944244	549707111057786
549707127505702	549707156520286	549707129352577
549707137203619	549707173106744	549707138902057
549707159369765	549707189682786	549707161081744
549707174369244	549707206244765	549707176179661
549707190716119	549707222808307	549707192499452
549707206244765	549707239405702	549707207992161
549707223624973	549707255964036	549707225360911
549707238958307	549707272552057	549707240741640
549707252186952	549707289124973	549707253893723
549707275544765	549707305684348	549707277526015
549707290728619	549707322290598	549707292555702
549707307040077	549707338832265	549707308921327
549707324043202	549707355401536	549707325791119
549707338732265	549707371978619	549707340547369
549707357087473	549707388537473	549707358941119
549707372952577	549707405127577	549707374783307
549707389289036	549707421714036	549707391237473
549707399616119	549707438622890	549707401594244
549707425455702	549707454869765	549707427076015
549707439130182	549707471423932	549707441462473
549707462007786	549707487987473	549707463958307
549707476676015	549707504538515	549707478199452
549707486417682	549707521140077	549707488293723
549707498303098	549707537707265	549707500208307
549707520518723	549707554835390	549707522232265
549707538481223	549707570848411	549707540655182
549707558088515	549707587422890	549707559907265
549707576804661	549707604006223	549707578565077
549707593624973	549707620585911	549707595591119
549707605883307	549707637157786	549707607766640
549707622587473	549707653701536	549707624682786
549707638957786	549707670367161	549707641053098
549707661237473	549707686868202	549707662766640
549707675617682	549707703438515	549707676925494
549707681422890	549707720026015	549707683482786
549707700321327	549707736611952	549707702210390
549707719852057	549707753186432	549707721892682
549707730787994	549707769746848	549707732685390
549707752825494	549707786306744	549707755049452
549707770302057	549707802893202	549707772203619
549707786672369	549707819476015	549707788590077
549707804672369	549707836025494	549707806644244
549707813867161	549707852601015	549707815775494
549707813867161	549707869178619	549707815775494
549707876259869	549707902315598	549707878007265
549707891409348	549707918890077	549707893432265
549707898959869	549707935455182	549707900363515
549707911278098	549707952026015	549707913461952
549709506555702	549709526510910	549709508445285
549709571338515	549709592811952	549709573277577
549709636880702	549709659134348	549709638844244
549709704849973	549709725412994	549709706841640
549709767560390	549709791696327	549709769137994
549709832303619	549709858016640	549709832880181


16666666
549705541395807	549705582082265	549705542970286
549705558964557	549705598664036	549705560261953
549705573992682	549705615258307	549705575369765
549705591055182	549705631822369	549705592433828
549705611760390	549705648394765	549705613212474
549705626164036	549705664977578	549705627566119
549705643008307	549705681591119	549705644336432
549705657972890	549705698139036	549705658630703
549705678397369	549705714686953	549705679023411
549705693195286	549705731519244	549705693758307
549705724578099	549705747827057	549705726085390
549705738836432	549705764402578	549705740249974
549705741298411	549705780963515	549705742183307
549705758737474	549705797531744	549705760279140
549705791269765	549705814114557	549705792935911
549705795439557	549705830686432	549705797185390
549705807280182	549705847285390	549705808858828
549705849057265	549705880437474	549705851666640
549705851344244	549705896999974	549705852488515
549706049610911	549706079307265	549706051286432
549706053571328	549706095872369	549706055125494
549706133293723	549706162188515	549706135030703
549706145357265	549706178737994	549706147153098
549706164137473	549706195333307	549706165875494
549706175314557	549706211898932	549706176944244
549706195180703	549706228443203	549706196729140
549706208468203	549706245033828	549706210196328
549706246248411	549706261611953	549706247890598
549706249893723	549706278196848	549706251381744
549706300950494	549706327896848	549706302543203
549706308929140	549706344558307	549706310595286
549706354811432	549706377741640	549706356074973
549706362251536	549706394185390	549706363680182
549706406027057	549706427321328	549706407717682
549706411937994	549706443902578	549706413464557
549706449122890	549706477043723	549706450902578
549706454337473	549706493610390	549706456130182
549706486670286	549706510183828	549706488376015
549706490779661	549706526746848	549706492324973
549706520306744	549706543327057	549706521121848
549706544483307	549706559891119	549706546159869
549706560613515	549706576461953	549706562301015
549706567086432	549706593042161	549706568774973
549706598961432	549706626202057	549706600591640
549706608546328	549706642761432	549706609973932
549706632648932	549706659340598	549706634127057
549706636067161	549706675893723	549706637660390
549706665095807	549706692516640	549706666883307
549706667970807	549706709060911	549706669137473
549706692738515	549706725617682	549706694440078
549706701626015	549706742199973	549706703333307
549706727184869	549706758764557	549706729154661
549706742848411	549706775362473	549706744558828
549706751106744	549706791932265	549706752808307
549706778787994	549706808546848	549706780382786
549706786648411	549706825061953	549706788288515
549706818754140	549706841640078	549706820285911
549706849445286	549706874799453	549706850916119
549706874384348	549706891356223	549706876078619
549706895718723	549706924781744	549706897447369
549706904966119	549706941071848	549706906653098
549706921767682	549706957935390	549706923456744
549706938322369	549706974260911	549706940076015
549706952298411	549706990804140	549706953991119
549706977734348	549707007396328	549706979412473
549706994969765	549707023997890	549706996174973
549707011991119	549707040504140	549707013695807
549707029486432	549707057079140	549707031861432
549707038552578	549707073691119	549707040304140
549707058502057	549707090229140	549707060258307
549707074814557	549707106814036	549707077233827
549707091635390	549707123378619	549707093304661
549707109139036	549707139944244	549707111057786
549707127505702	549707156520286	549707129352577
549707137203619	549707173106744	549707138902057
549707159369765	549707189682786	549707161081744
549707174369244	549707206244765	549707176179661
549707190716119	549707222808307	549707192499452
549707206244765	549707239405702	549707207992161
549707223624973	549707255964036	549707225360911
549707238958307	549707272552057	549707240741640
549707252186952	549707289124973	549707253893723
549707275544765	549707305684348	549707277526015
549707290728619	549707322290598	549707292555702
549707307040077	549707338832265	549707308921327
549707324043202	549707355401536	549707325791119
549707338732265	549707371978619	549707340547369
549707357087473	549707388537473	549707358941119
549707372952577	549707405127577	549707374783307
549707389289036	549707421714036	549707391237473
549707399616119	549707438622890	549707401594244
549707425455702	549707454869765	549707427076015
549707439130182	549707471423932	549707441462473
549707462007786	549707487987473	549707463958307
549707476676015	549707504538515	549707478199452
549707486417682	549707521140077	549707488293723
549707498303098	549707537707265	549707500208307
549707520518723	549707554835390	549707522232265
549707538481223	549707570848411	549707540655182
549707558088515	549707587422890	549707559907265
549707576804661	549707604006223	549707578565077
549707593624973	549707620585911	549707595591119
549707605883307	549707637157786	549707607766640
549707622587473	549707653701536	549707624682786
549707638957786	549707670367161	549707641053098
549707661237473	549707686868202	549707662766640
549707675617682	549707703438515	549707676925494
549707681422890	549707720026015	549707683482786
549707700321327	549707736611952	549707702210390
549707719852057	549707753186432	549707721892682
549707730787994	549707769746848	549707732685390
549707752825494	549707786306744	549707755049452
549707770302057	549707802893202	549707772203619
549707786672369	549707819476015	549707788590077
549707804672369	549707836025494	549707806644244
549707813867161	549707852601015	549707815775494
549707813867161	549707869178619	549707815775494
549707876259869	549707902315598	549707878007265
549707891409348	549707918890077	549707893432265
549707898959869	549707935455182	549707900363515
549707911278098	549707952026015	549707913461952
549709506555702	549709526510910	549709508445285
549709571338515	549709592811952	549709573277577
549709636880702	549709659134348	549709638844244
549709704849973	549709725412994	549709706841640
549709767560390	549709791696327	549709769137994
549709832303619	549709858016640	549709832880181


16666666
549705541395807	549705582082265	549705542970286
549705558964557	549705598664036	549705560261953
549705573992682	549705615258307	549705575369765
549705591055182	549705631822369	549705592433828
549705611760390	549705648394765	549705613212474
549705626164036	549705664977578	549705627566119
549705643008307	549705681591119	549705644336432
549705657972890	549705698139036	549705658630703
549705678397369	549705714686953	549705679023411
549705693195286	549705731519244	549705693758307
549705724578099	549705747827057	549705726085390
549705738836432	549705764402578	549705740249974
549705741298411	549705780963515	549705742183307
549705758737474	549705797531744	549705760279140
549705791269765	549705814114557	549705792935911
549705795439557	549705830686432	549705797185390
549705807280182	549705847285390	549705808858828
549705849057265	549705880437474	549705851666640
549705851344244	549705896999974	549705852488515
549706049610911	549706079307265	549706051286432
549706053571328	549706095872369	549706055125494
549706133293723	549706162188515	549706135030703
549706145357265	549706178737994	549706147153098
549706164137473	549706195333307	549706165875494
549706175314557	549706211898932	549706176944244
549706195180703	549706228443203	549706196729140
549706208468203	549706245033828	549706210196328
549706246248411	549706261611953	549706247890598
549706249893723	549706278196848	549706251381744
549706300950494	549706327896848	549706302543203
549706308929140	549706344558307	549706310595286
549706354811432	549706377741640	549706356074973
549706362251536	549706394185390	549706363680182
549706406027057	549706427321328	549706407717682
549706411937994	549706443902578	549706413464557
549706449122890	549706477043723	549706450902578
549706454337473	549706493610390	549706456130182
549706486670286	549706510183828	549706488376015
549706490779661	549706526746848	549706492324973
549706520306744	549706543327057	549706521121848
549706544483307	549706559891119	549706546159869
549706560613515	549706576461953	549706562301015
549706567086432	549706593042161	549706568774973
549706598961432	549706626202057	549706600591640
549706608546328	549706642761432	549706609973932
549706632648932	549706659340598	549706634127057
549706636067161	549706675893723	549706637660390
549706665095807	549706692516640	549706666883307
549706667970807	549706709060911	549706669137473
549706692738515	549706725617682	549706694440078
549706701626015	549706742199973	549706703333307
549706727184869	549706758764557	549706729154661
549706742848411	549706775362473	549706744558828
549706751106744	549706791932265	549706752808307
549706778787994	549706808546848	549706780382786
549706786648411	549706825061953	549706788288515
549706818754140	549706841640078	549706820285911
549706849445286	549706874799453	549706850916119
549706874384348	549706891356223	549706876078619
549706895718723	549706924781744	549706897447369
549706904966119	549706941071848	549706906653098
549706921767682	549706957935390	549706923456744
549706938322369	549706974260911	549706940076015
549706952298411	549706990804140	549706953991119
549706977734348	549707007396328	549706979412473
549706994969765	549707023997890	549706996174973
549707011991119	549707040504140	549707013695807
549707029486432	549707057079140	549707031861432
549707038552578	549707073691119	549707040304140
549707058502057	549707090229140	549707060258307
549707074814557	549707106814036	549707077233827
549707091635390	549707123378619	549707093304661
549707109139036	549707139944244	549707111057786
549707127505702	549707156520286	549707129352577
549707137203619	549707173106744	549707138902057
549707159369765	549707189682786	549707161081744
549707174369244	549707206244765	549707176179661
549707190716119	549707222808307	549707192499452
549707206244765	549707239405702	549707207992161
549707223624973	549707255964036	549707225360911
549707238958307	549707272552057	549707240741640
549707252186952	549707289124973	549707253893723
549707275544765	549707305684348	549707277526015
549707290728619	549707322290598	549707292555702
549707307040077	549707338832265	549707308921327
549707324043202	549707355401536	549707325791119
549707338732265	549707371978619	549707340547369
549707357087473	549707388537473	549707358941119
549707372952577	549707405127577	549707374783307
549707389289036	549707421714036	549707391237473
549707399616119	549707438622890	549707401594244
549707425455702	549707454869765	549707427076015
549707439130182	549707471423932	549707441462473
549707462007786	549707487987473	549707463958307
549707476676015	549707504538515	549707478199452
549707486417682	549707521140077	549707488293723
549707498303098	549707537707265	549707500208307
549707520518723	549707554835390	549707522232265
549707538481223	549707570848411	549707540655182
549707558088515	549707587422890	549707559907265
549707576804661	549707604006223	549707578565077
549707593624973	549707620585911	549707595591119
549707605883307	549707637157786	549707607766640
549707622587473	549707653701536	549707624682786
549707638957786	549707670367161	549707641053098
549707661237473	549707686868202	549707662766640
549707675617682	549707703438515	549707676925494
549707681422890	549707720026015	549707683482786
549707700321327	549707736611952	549707702210390
549707719852057	549707753186432	549707721892682
549707730787994	549707769746848	549707732685390
549707752825494	549707786306744	549707755049452
549707770302057	549707802893202	549707772203619
549707786672369	549707819476015	549707788590077
549707804672369	549707836025494	549707806644244
549707813867161	549707852601015	549707815775494
549707813867161	549707869178619	549707815775494
549707876259869	549707902315598	549707878007265
549707891409348	549707918890077	549707893432265
549707898959869	549707935455182	549707900363515
549707911278098	549707952026015	549707913461952
549709506555702	549709526510910	549709508445285
549709571338515	549709592811952	549709573277577
549709636880702	549709659134348	549709638844244
549709704849973	549709725412994	549709706841640
549709767560390	549709791696327	549709769137994
549709832303619	549709858016640	549709832880181


16666666
549705541395807	549705582082265	549705542970286
549705558964557	549705598664036	549705560261953
549705573992682	549705615258307	549705575369765
549705591055182	549705631822369	549705592433828
549705611760390	549705648394765	549705613212474
549705626164036	549705664977578	549705627566119
549705643008307	549705681591119	549705644336432
549705657972890	549705698139036	549705658630703
549705678397369	549705714686953	549705679023411
549705693195286	549705731519244	549705693758307
549705724578099	549705747827057	549705726085390
549705738836432	549705764402578	549705740249974
549705741298411	549705780963515	549705742183307
549705758737474	549705797531744	549705760279140
549705791269765	549705814114557	549705792935911
549705795439557	549705830686432	549705797185390
549705807280182	549705847285390	549705808858828
549705849057265	549705880437474	549705851666640
549705851344244	549705896999974	549705852488515
549706049610911	549706079307265	549706051286432
549706053571328	549706095872369	549706055125494
549706133293723	549706162188515	549706135030703
549706145357265	549706178737994	549706147153098
549706164137473	549706195333307	549706165875494
549706175314557	549706211898932	549706176944244
549706195180703	549706228443203	549706196729140
549706208468203	549706245033828	549706210196328
549706246248411	549706261611953	549706247890598
549706249893723	549706278196848	549706251381744
549706300950494	549706327896848	549706302543203
549706308929140	549706344558307	549706310595286
549706354811432	549706377741640	549706356074973
549706362251536	549706394185390	549706363680182
549706406027057	549706427321328	549706407717682
549706411937994	549706443902578	549706413464557
549706449122890	549706477043723	549706450902578
549706454337473	549706493610390	549706456130182
549706486670286	549706510183828	549706488376015
549706490779661	549706526746848	549706492324973
549706520306744	549706543327057	549706521121848
549706544483307	549706559891119	549706546159869
549706560613515	549706576461953	549706562301015
549706567086432	549706593042161	549706568774973
549706598961432	549706626202057	549706600591640
549706608546328	549706642761432	549706609973932
549706632648932	549706659340598	549706634127057
549706636067161	549706675893723	549706637660390
549706665095807	549706692516640	549706666883307
549706667970807	549706709060911	549706669137473
549706692738515	549706725617682	549706694440078
549706701626015	549706742199973	549706703333307
549706727184869	549706758764557	549706729154661
549706742848411	549706775362473	549706744558828
549706751106744	549706791932265	549706752808307
549706778787994	549706808546848	549706780382786
549706786648411	549706825061953	549706788288515
549706818754140	549706841640078	549706820285911
549706849445286	549706874799453	549706850916119
549706874384348	549706891356223	549706876078619
549706895718723	549706924781744	549706897447369
549706904966119	549706941071848	549706906653098
549706921767682	549706957935390	549706923456744
549706938322369	549706974260911	549706940076015
549706952298411	549706990804140	549706953991119
549706977734348	549707007396328	549706979412473
549706994969765	549707023997890	549706996174973
549707011991119	549707040504140	549707013695807
549707029486432	549707057079140	549707031861432
549707038552578	549707073691119	549707040304140
549707058502057	549707090229140	549707060258307
549707074814557	549707106814036	549707077233827
549707091635390	549707123378619	549707093304661
549707109139036	549707139944244	549707111057786
549707127505702	549707156520286	549707129352577
549707137203619	549707173106744	549707138902057
549707159369765	549707189682786	549707161081744
549707174369244	549707206244765	549707176179661
549707190716119	549707222808307	549707192499452
549707206244765	549707239405702	549707207992161
549707223624973	549707255964036	549707225360911
549707238958307	549707272552057	549707240741640
549707252186952	549707289124973	549707253893723
549707275544765	549707305684348	549707277526015
549707290728619	549707322290598	549707292555702
549707307040077	549707338832265	549707308921327
549707324043202	549707355401536	549707325791119
549707338732265	549707371978619	549707340547369
549707357087473	549707388537473	549707358941119
549707372952577	549707405127577	549707374783307
549707389289036	549707421714036	549707391237473
549707399616119	549707438622890	549707401594244
549707425455702	549707454869765	549707427076015
549707439130182	549707471423932	549707441462473
549707462007786	549707487987473	549707463958307
549707476676015	549707504538515	549707478199452
549707486417682	549707521140077	549707488293723
549707498303098	549707537707265	549707500208307
549707520518723	549707554835390	549707522232265
549707538481223	549707570848411	549707540655182
549707558088515	549707587422890	549707559907265
549707576804661	549707604006223	549707578565077
549707593624973	549707620585911	549707595591119
549707605883307	549707637157786	549707607766640
549707622587473	549707653701536	549707624682786
549707638957786	549707670367161	549707641053098
549707661237473	549707686868202	549707662766640
549707675617682	549707703438515	549707676925494
549707681422890	549707720026015	549707683482786
549707700321327	549707736611952	549707702210390
549707719852057	549707753186432	549707721892682
549707730787994	549707769746848	549707732685390
549707752825494	549707786306744	549707755049452
549707770302057	549707802893202	549707772203619
549707786672369	549707819476015	549707788590077
549707804672369	549707836025494	549707806644244
549707813867161	549707852601015	549707815775494
549707813867161	549707869178619	549707815775494
549707876259869	549707902315598	549707878007265
549707891409348	549707918890077	549707893432265
549707898959869	549707935455182	549707900363515
549707911278098	549707952026015	549707913461952
549709506555702	549709526510910	549709508445285
549709571338515	549709592811952	549709573277577
549709636880702	549709659134348	549709638844244
549709704849973	549709725412994	549709706841640
549709767560390	549709791696327	549709769137994
549709832303619	549709858016640	549709832880181


16666666
549705541395807	549705582082265	549705542970286
549705558964557	549705598664036	549705560261953
549705573992682	549705615258307	549705575369765
549705591055182	549705631822369	549705592433828
549705611760390	549705648394765	549705613212474
549705626164036	549705664977578	549705627566119
549705643008307	549705681591119	549705644336432
549705657972890	549705698139036	549705658630703
549705678397369	549705714686953	549705679023411
549705693195286	549705731519244	549705693758307
549705724578099	549705747827057	549705726085390
549705738836432	549705764402578	549705740249974
549705741298411	549705780963515	549705742183307
549705758737474	549705797531744	549705760279140
549705791269765	549705814114557	549705792935911
549705795439557	549705830686432	549705797185390
549705807280182	549705847285390	549705808858828
549705849057265	549705880437474	549705851666640
549705851344244	549705896999974	549705852488515
549706049610911	549706079307265	549706051286432
549706053571328	549706095872369	549706055125494
549706133293723	549706162188515	549706135030703
549706145357265	549706178737994	549706147153098
549706164137473	549706195333307	549706165875494
549706175314557	549706211898932	549706176944244
549706195180703	549706228443203	549706196729140
549706208468203	549706245033828	549706210196328
549706246248411	549706261611953	549706247890598
549706249893723	549706278196848	549706251381744
549706300950494	549706327896848	549706302543203
549706308929140	549706344558307	549706310595286
549706354811432	549706377741640	549706356074973
549706362251536	549706394185390	549706363680182
549706406027057	549706427321328	549706407717682
549706411937994	549706443902578	549706413464557
549706449122890	549706477043723	549706450902578
549706454337473	549706493610390	549706456130182
549706486670286	549706510183828	549706488376015
549706490779661	549706526746848	549706492324973
549706520306744	549706543327057	549706521121848
549706544483307	549706559891119	549706546159869
549706560613515	549706576461953	549706562301015
549706567086432	549706593042161	549706568774973
549706598961432	549706626202057	549706600591640
549706608546328	549706642761432	549706609973932
549706632648932	549706659340598	549706634127057
549706636067161	549706675893723	549706637660390
549706665095807	549706692516640	549706666883307
549706667970807	549706709060911	549706669137473
549706692738515	549706725617682	549706694440078
549706701626015	549706742199973	549706703333307
549706727184869	549706758764557	549706729154661
549706742848411	549706775362473	549706744558828
549706751106744	549706791932265	549706752808307
549706778787994	549706808546848	549706780382786
549706786648411	549706825061953	549706788288515
549706818754140	549706841640078	549706820285911
549706849445286	549706874799453	549706850916119
549706874384348	549706891356223	549706876078619
549706895718723	549706924781744	549706897447369
549706904966119	549706941071848	549706906653098
549706921767682	549706957935390	549706923456744
549706938322369	549706974260911	549706940076015
549706952298411	549706990804140	549706953991119
549706977734348	549707007396328	549706979412473
549706994969765	549707023997890	549706996174973
549707011991119	549707040504140	549707013695807
549707029486432	549707057079140	549707031861432
549707038552578	549707073691119	549707040304140
549707058502057	549707090229140	549707060258307
549707074814557	549707106814036	549707077233827
549707091635390	549707123378619	549707093304661
549707109139036	549707139944244	549707111057786
549707127505702	549707156520286	549707129352577
549707137203619	549707173106744	549707138902057
549707159369765	549707189682786	549707161081744
549707174369244	549707206244765	549707176179661
549707190716119	549707222808307	549707192499452
549707206244765	549707239405702	549707207992161
549707223624973	549707255964036	549707225360911
549707238958307	549707272552057	549707240741640
549707252186952	549707289124973	549707253893723
549707275544765	549707305684348	549707277526015
549707290728619	549707322290598	549707292555702
549707307040077	549707338832265	549707308921327
549707324043202	549707355401536	549707325791119
549707338732265	549707371978619	549707340547369
549707357087473	549707388537473	549707358941119
549707372952577	549707405127577	549707374783307
549707389289036	549707421714036	549707391237473
549707399616119	549707438622890	549707401594244
549707425455702	549707454869765	549707427076015
549707439130182	549707471423932	549707441462473
549707462007786	549707487987473	549707463958307
549707476676015	549707504538515	549707478199452
549707486417682	549707521140077	549707488293723
549707498303098	549707537707265	549707500208307
549707520518723	549707554835390	549707522232265
549707538481223	549707570848411	549707540655182
549707558088515	549707587422890	549707559907265
549707576804661	549707604006223	549707578565077
549707593624973	549707620585911	549707595591119
549707605883307	549707637157786	549707607766640
549707622587473	549707653701536	549707624682786
549707638957786	549707670367161	549707641053098
549707661237473	549707686868202	549707662766640
549707675617682	549707703438515	549707676925494
549707681422890	549707720026015	549707683482786
549707700321327	549707736611952	549707702210390
549707719852057	549707753186432	549707721892682
549707730787994	549707769746848	549707732685390
549707752825494	549707786306744	549707755049452
549707770302057	549707802893202	549707772203619
549707786672369	549707819476015	549707788590077
549707804672369	549707836025494	549707806644244
549707813867161	549707852601015	549707815775494
549707813867161	549707869178619	549707815775494
549707876259869	549707902315598	549707878007265
549707891409348	549707918890077	549707893432265
549707898959869	549707935455182	549707900363515
549707911278098	549707952026015	549707913461952
549709506555702	549709526510910	549709508445285
549709571338515	549709592811952	549709573277577
549709636880702	549709659134348	549709638844244
549709704849973	549709725412994	549709706841640
549709767560390	549709791696327	549709769137994
549709832303619	549709858016640	549709832880181


16666666
549705541395807	549705582082265	549705542970286
549705558964557	549705598664036	549705560261953
549705573992682	549705615258307	549705575369765
549705591055182	549705631822369	549705592433828
549705611760390	549705648394765	549705613212474
549705626164036	549705664977578	549705627566119
549705643008307	549705681591119	549705644336432
549705657972890	549705698139036	549705658630703
549705678397369	549705714686953	549705679023411
549705693195286	549705731519244	549705693758307
549705724578099	549705747827057	549705726085390
549705738836432	549705764402578	549705740249974
549705741298411	549705780963515	549705742183307
549705758737474	549705797531744	549705760279140
549705791269765	549705814114557	549705792935911
549705795439557	549705830686432	549705797185390
549705807280182	549705847285390	549705808858828
549705849057265	549705880437474	549705851666640
549705851344244	549705896999974	549705852488515
549706049610911	549706079307265	549706051286432
549706053571328	549706095872369	549706055125494
549706133293723	549706162188515	549706135030703
549706145357265	549706178737994	549706147153098
549706164137473	549706195333307	549706165875494
549706175314557	549706211898932	549706176944244
549706195180703	549706228443203	549706196729140
549706208468203	549706245033828	549706210196328
549706246248411	549706261611953	549706247890598
549706249893723	549706278196848	549706251381744
549706300950494	549706327896848	549706302543203
549706308929140	549706344558307	549706310595286
549706354811432	549706377741640	549706356074973
549706362251536	549706394185390	549706363680182
549706406027057	549706427321328	549706407717682
549706411937994	549706443902578	549706413464557
549706449122890	549706477043723	549706450902578
549706454337473	549706493610390	549706456130182
549706486670286	549706510183828	549706488376015
549706490779661	549706526746848	549706492324973
549706520306744	549706543327057	549706521121848
549706544483307	549706559891119	549706546159869
549706560613515	549706576461953	549706562301015
549706567086432	549706593042161	549706568774973
549706598961432	549706626202057	549706600591640
549706608546328	549706642761432	549706609973932
549706632648932	549706659340598	549706634127057
549706636067161	549706675893723	549706637660390
549706665095807	549706692516640	549706666883307
549706667970807	549706709060911	549706669137473
549706692738515	549706725617682	549706694440078
549706701626015	549706742199973	549706703333307
549706727184869	549706758764557	549706729154661
549706742848411	549706775362473	549706744558828
549706751106744	549706791932265	549706752808307
549706778787994	549706808546848	549706780382786
549706786648411	549706825061953	549706788288515
549706818754140	549706841640078	549706820285911
549706849445286	549706874799453	549706850916119
549706874384348	549706891356223	549706876078619
549706895718723	549706924781744	549706897447369
549706904966119	549706941071848	549706906653098
549706921767682	549706957935390	549706923456744
549706938322369	549706974260911	549706940076015
549706952298411	549706990804140	549706953991119
549706977734348	549707007396328	549706979412473
549706994969765	549707023997890	549706996174973
549707011991119	549707040504140	549707013695807
549707029486432	549707057079140	549707031861432
549707038552578	549707073691119	549707040304140
549707058502057	549707090229140	549707060258307
549707074814557	549707106814036	549707077233827
549707091635390	549707123378619	549707093304661
549707109139036	549707139944244	549707111057786
549707127505702	549707156520286	549707129352577
549707137203619	549707173106744	549707138902057
549707159369765	549707189682786	549707161081744
549707174369244	549707206244765	549707176179661
549707190716119	549707222808307	549707192499452
549707206244765	549707239405702	549707207992161
549707223624973	549707255964036	549707225360911
549707238958307	549707272552057	549707240741640
549707252186952	549707289124973	549707253893723
549707275544765	549707305684348	549707277526015
549707290728619	549707322290598	549707292555702
549707307040077	549707338832265	549707308921327
549707324043202	549707355401536	549707325791119
549707338732265	549707371978619	549707340547369
549707357087473	549707388537473	549707358941119
549707372952577	549707405127577	549707374783307
549707389289036	549707421714036	549707391237473
549707399616119	549707438622890	549707401594244
549707425455702	549707454869765	549707427076015
549707439130182	549707471423932	549707441462473
549707462007786	549707487987473	549707463958307
549707476676015	549707504538515	549707478199452
549707486417682	549707521140077	549707488293723
549707498303098	549707537707265	549707500208307
549707520518723	549707554835390	549707522232265
549707538481223	549707570848411	549707540655182
549707558088515	549707587422890	549707559907265
549707576804661	549707604006223	549707578565077
549707593624973	549707620585911	549707595591119
549707605883307	549707637157786	549707607766640
549707622587473	549707653701536	549707624682786
549707638957786	549707670367161	549707641053098
549707661237473	549707686868202	549707662766640
549707675617682	549707703438515	549707676925494
549707681422890	549707720026015	549707683482786
549707700321327	549707736611952	549707702210390
549707719852057	549707753186432	549707721892682
549707730787994	549707769746848	549707732685390
549707752825494	549707786306744	549707755049452
549707770302057	549707802893202	549707772203619
549707786672369	549707819476015	549707788590077
549707804672369	549707836025494	549707806644244
549707813867161	549707852601015	549707815775494
549707813867161	549707869178619	549707815775494
549707876259869	549707902315598	549707878007265
549707891409348	549707918890077	549707893432265
549707898959869	549707935455182	549707900363515
549707911278098	549707952026015	549707913461952
549709506555702	549709526510910	549709508445285
549709571338515	549709592811952	549709573277577
549709636880702	549709659134348	549709638844244
549709704849973	549709725412994	549709706841640
549709767560390	549709791696327	549709769137994
549709832303619	549709858016640	549709832880181


16666666
549705541395807	549705582082265	549705542970286
549705558964557	549705598664036	549705560261953
549705573992682	549705615258307	549705575369765
549705591055182	549705631822369	549705592433828
549705611760390	549705648394765	549705613212474
549705626164036	549705664977578	549705627566119
549705643008307	549705681591119	549705644336432
549705657972890	549705698139036	549705658630703
549705678397369	549705714686953	549705679023411
549705693195286	549705731519244	549705693758307
549705724578099	549705747827057	549705726085390
549705738836432	549705764402578	549705740249974
549705741298411	549705780963515	549705742183307
549705758737474	549705797531744	549705760279140
549705791269765	549705814114557	549705792935911
549705795439557	549705830686432	549705797185390
549705807280182	549705847285390	549705808858828
549705849057265	549705880437474	549705851666640
549705851344244	549705896999974	549705852488515
549706049610911	549706079307265	549706051286432
549706053571328	549706095872369	549706055125494
549706133293723	549706162188515	549706135030703
549706145357265	549706178737994	549706147153098
549706164137473	549706195333307	549706165875494
549706175314557	549706211898932	549706176944244
549706195180703	549706228443203	549706196729140
549706208468203	549706245033828	549706210196328
549706246248411	549706261611953	549706247890598
549706249893723	549706278196848	549706251381744
549706300950494	549706327896848	549706302543203
549706308929140	549706344558307	549706310595286
549706354811432	549706377741640	549706356074973
549706362251536	549706394185390	549706363680182
549706406027057	549706427321328	549706407717682
549706411937994	549706443902578	549706413464557
549706449122890	549706477043723	549706450902578
549706454337473	549706493610390	549706456130182
549706486670286	549706510183828	549706488376015
549706490779661	549706526746848	549706492324973
549706520306744	549706543327057	549706521121848
549706544483307	549706559891119	549706546159869
549706560613515	549706576461953	549706562301015
549706567086432	549706593042161	549706568774973
549706598961432	549706626202057	549706600591640
549706608546328	549706642761432	549706609973932
549706632648932	549706659340598	549706634127057
549706636067161	549706675893723	549706637660390
549706665095807	549706692516640	549706666883307
549706667970807	549706709060911	549706669137473
549706692738515	549706725617682	549706694440078
549706701626015	549706742199973	549706703333307
549706727184869	549706758764557	549706729154661
549706742848411	549706775362473	549706744558828
549706751106744	549706791932265	549706752808307
549706778787994	549706808546848	549706780382786
549706786648411	549706825061953	549706788288515
549706818754140	549706841640078	549706820285911
549706849445286	549706874799453	549706850916119
549706874384348	549706891356223	549706876078619
549706895718723	549706924781744	549706897447369
549706904966119	549706941071848	549706906653098
549706921767682	549706957935390	549706923456744
549706938322369	549706974260911	549706940076015
549706952298411	549706990804140	549706953991119
549706977734348	549707007396328	549706979412473
549706994969765	549707023997890	549706996174973
549707011991119	549707040504140	549707013695807
549707029486432	549707057079140	549707031861432
549707038552578	549707073691119	549707040304140
549707058502057	549707090229140	549707060258307
549707074814557	549707106814036	549707077233827
549707091635390	549707123378619	549707093304661
549707109139036	549707139944244	549707111057786
549707127505702	549707156520286	549707129352577
549707137203619	549707173106744	549707138902057
549707159369765	549707189682786	549707161081744
549707174369244	549707206244765	549707176179661
549707190716119	549707222808307	549707192499452
549707206244765	549707239405702	549707207992161
549707223624973	549707255964036	549707225360911
549707238958307	549707272552057	549707240741640
549707252186952	549707289124973	549707253893723
549707275544765	549707305684348	549707277526015
549707290728619	549707322290598	549707292555702
549707307040077	549707338832265	549707308921327
549707324043202	549707355401536	549707325791119
549707338732265	549707371978619	549707340547369
549707357087473	549707388537473	549707358941119
549707372952577	549707405127577	549707374783307
549707389289036	549707421714036	549707391237473
549707399616119	549707438622890	549707401594244
549707425455702	549707454869765	549707427076015
549707439130182	549707471423932	549707441462473
549707462007786	549707487987473	549707463958307
549707476676015	549707504538515	549707478199452
549707486417682	549707521140077	549707488293723
549707498303098	549707537707265	549707500208307
549707520518723	549707554835390	549707522232265
549707538481223	549707570848411	549707540655182
549707558088515	549707587422890	549707559907265
549707576804661	549707604006223	549707578565077
549707593624973	549707620585911	549707595591119
549707605883307	549707637157786	549707607766640
549707622587473	549707653701536	549707624682786
549707638957786	549707670367161	549707641053098
549707661237473	549707686868202	549707662766640
549707675617682	549707703438515	549707676925494
549707681422890	549707720026015	549707683482786
549707700321327	549707736611952	549707702210390
549707719852057	549707753186432	549707721892682
549707730787994	549707769746848	549707732685390
549707752825494	549707786306744	549707755049452
549707770302057	549707802893202	549707772203619
549707786672369	549707819476015	549707788590077
549707804672369	549707836025494	549707806644244
549707813867161	549707852601015	549707815775494
549707813867161	549707869178619	549707815775494
549707876259869	549707902315598	549707878007265
549707891409348	549707918890077	549707893432265
549707898959869	549707935455182	549707900363515
549707911278098	549707952026015	549707913461952
549709506555702	549709526510910	549709508445285
549709571338515	549709592811952	549709573277577
549709636880702	549709659134348	549709638844244
549709704849973	549709725412994	549709706841640
549709767560390	549709791696327	549709769137994
549709832303619	549709858016640	549709832880181


16666666
549705541395807	549705582082265	549705542970286
549705558964557	549705598664036	549705560261953
549705573992682	549705615258307	549705575369765
549705591055182	549705631822369	549705592433828
549705611760390	549705648394765	549705613212474
549705626164036	549705664977578	549705627566119
549705643008307	549705681591119	549705644336432
549705657972890	549705698139036	549705658630703
549705678397369	549705714686953	549705679023411
549705693195286	549705731519244	549705693758307
549705724578099	549705747827057	549705726085390
549705738836432	549705764402578	549705740249974
549705741298411	549705780963515	549705742183307
549705758737474	549705797531744	549705760279140
549705791269765	549705814114557	549705792935911
549705795439557	549705830686432	549705797185390
549705807280182	549705847285390	549705808858828
549705849057265	549705880437474	549705851666640
549705851344244	549705896999974	549705852488515
549706049610911	549706079307265	549706051286432
549706053571328	549706095872369	549706055125494
549706133293723	549706162188515	549706135030703
549706145357265	549706178737994	549706147153098
549706164137473	549706195333307	549706165875494
549706175314557	549706211898932	549706176944244
549706195180703	549706228443203	549706196729140
549706208468203	549706245033828	549706210196328
549706246248411	549706261611953	549706247890598
549706249893723	549706278196848	549706251381744
549706300950494	549706327896848	549706302543203
549706308929140	549706344558307	549706310595286
549706354811432	549706377741640	549706356074973
549706362251536	549706394185390	549706363680182
549706406027057	549706427321328	549706407717682
549706411937994	549706443902578	549706413464557
549706449122890	549706477043723	549706450902578
549706454337473	549706493610390	549706456130182
549706486670286	549706510183828	549706488376015
549706490779661	549706526746848	549706492324973
549706520306744	549706543327057	549706521121848
549706544483307	549706559891119	549706546159869
549706560613515	549706576461953	549706562301015
549706567086432	549706593042161	549706568774973
549706598961432	549706626202057	549706600591640
549706608546328	549706642761432	549706609973932
549706632648932	549706659340598	549706634127057
549706636067161	549706675893723	549706637660390
549706665095807	549706692516640	549706666883307
549706667970807	549706709060911	549706669137473
549706692738515	549706725617682	549706694440078
549706701626015	549706742199973	549706703333307
549706727184869	549706758764557	549706729154661
549706742848411	549706775362473	549706744558828
549706751106744	549706791932265	549706752808307
549706778787994	549706808546848	549706780382786
549706786648411	549706825061953	549706788288515
549706818754140	549706841640078	549706820285911
549706849445286	549706874799453	549706850916119
549706874384348	549706891356223	549706876078619
549706895718723	549706924781744	549706897447369
549706904966119	549706941071848	549706906653098
549706921767682	549706957935390	549706923456744
549706938322369	549706974260911	549706940076015
549706952298411	549706990804140	549706953991119
549706977734348	549707007396328	549706979412473
549706994969765	549707023997890	549706996174973
549707011991119	549707040504140	549707013695807
549707029486432	549707057079140	549707031861432
549707038552578	549707073691119	549707040304140
549707058502057	549707090229140	549707060258307
549707074814557	549707106814036	549707077233827
549707091635390	549707123378619	549707093304661
549707109139036	549707139944244	549707111057786
549707127505702	549707156520286	549707129352577
549707137203619	549707173106744	549707138902057
549707159369765	549707189682786	549707161081744
549707174369244	549707206244765	549707176179661
549707190716119	549707222808307	549707192499452
549707206244765	549707239405702	549707207992161
549707223624973	549707255964036	549707225360911
549707238958307	549707272552057	549707240741640
549707252186952	549707289124973	549707253893723
549707275544765	549707305684348	549707277526015
549707290728619	549707322290598	549707292555702
549707307040077	549707338832265	549707308921327
549707324043202	549707355401536	549707325791119
549707338732265	549707371978619	549707340547369
549707357087473	549707388537473	549707358941119
549707372952577	549707405127577	549707374783307
549707389289036	549707421714036	549707391237473
549707399616119	549707438622890	549707401594244
549707425455702	549707454869765	549707427076015
549707439130182	549707471423932	549707441462473
549707462007786	549707487987473	549707463958307
549707476676015	549707504538515	549707478199452
549707486417682	549707521140077	549707488293723
549707498303098	549707537707265	549707500208307
549707520518723	549707554835390	549707522232265
549707538481223	549707570848411	549707540655182
549707558088515	549707587422890	549707559907265
549707576804661	549707604006223	549707578565077
549707593624973	549707620585911	549707595591119
549707605883307	549707637157786	549707607766640
549707622587473	549707653701536	549707624682786
549707638957786	549707670367161	549707641053098
549707661237473	549707686868202	549707662766640
549707675617682	549707703438515	549707676925494
549707681422890	549707720026015	549707683482786
549707700321327	549707736611952	549707702210390
549707719852057	549707753186432	549707721892682
549707730787994	549707769746848	549707732685390
549707752825494	549707786306744	549707755049452
549707770302057	549707802893202	549707772203619
549707786672369	549707819476015	549707788590077
549707804672369	549707836025494	549707806644244
549707813867161	549707852601015	549707815775494
549707813867161	549707869178619	549707815775494
549707876259869	549707902315598	549707878007265
549707891409348	549707918890077	549707893432265
549707898959869	549707935455182	549707900363515
549707911278098	549707952026015	549707913461952
549709506555702	549709526510910	549709508445285
549709571338515	549709592811952	549709573277577
549709636880702	549709659134348	549709638844244
549709704849973	549709725412994	549709706841640
549709767560390	549709791696327	549709769137994
549709832303619	549709858016640	549709832880181


16666666
549705541395807	549705582082265	549705542970286
549705558964557	549705598664036	549705560261953
549705573992682	549705615258307	549705575369765
549705591055182	549705631822369	549705592433828
549705611760390	549705648394765	549705613212474
549705626164036	549705664977578	549705627566119
549705643008307	549705681591119	549705644336432
549705657972890	549705698139036	549705658630703
549705678397369	549705714686953	549705679023411
549705693195286	549705731519244	549705693758307
549705724578099	549705747827057	549705726085390
549705738836432	549705764402578	549705740249974
549705741298411	549705780963515	549705742183307
549705758737474	549705797531744	549705760279140
549705791269765	549705814114557	549705792935911
549705795439557	549705830686432	549705797185390
549705807280182	549705847285390	549705808858828
549705849057265	549705880437474	549705851666640
549705851344244	549705896999974	549705852488515
549706049610911	549706079307265	549706051286432
549706053571328	549706095872369	549706055125494
549706133293723	549706162188515	549706135030703
549706145357265	549706178737994	549706147153098
549706164137473	549706195333307	549706165875494
549706175314557	549706211898932	549706176944244
549706195180703	549706228443203	549706196729140
549706208468203	549706245033828	549706210196328
549706246248411	549706261611953	549706247890598
549706249893723	549706278196848	549706251381744
549706300950494	549706327896848	549706302543203
549706308929140	549706344558307	549706310595286
549706354811432	549706377741640	549706356074973
549706362251536	549706394185390	549706363680182
549706406027057	549706427321328	549706407717682
549706411937994	549706443902578	549706413464557
549706449122890	549706477043723	549706450902578
549706454337473	549706493610390	549706456130182
549706486670286	549706510183828	549706488376015
549706490779661	549706526746848	549706492324973
549706520306744	549706543327057	549706521121848
549706544483307	549706559891119	549706546159869
549706560613515	549706576461953	549706562301015
549706567086432	549706593042161	549706568774973
549706598961432	549706626202057	549706600591640
549706608546328	549706642761432	549706609973932
549706632648932	549706659340598	549706634127057
549706636067161	549706675893723	549706637660390
549706665095807	549706692516640	549706666883307
549706667970807	549706709060911	549706669137473
549706692738515	549706725617682	549706694440078
549706701626015	549706742199973	549706703333307
549706727184869	549706758764557	549706729154661
549706742848411	549706775362473	549706744558828
549706751106744	549706791932265	549706752808307
549706778787994	549706808546848	549706780382786
549706786648411	549706825061953	549706788288515
549706818754140	549706841640078	549706820285911
549706849445286	549706874799453	549706850916119
549706874384348	549706891356223	549706876078619
549706895718723	549706924781744	549706897447369
549706904966119	549706941071848	549706906653098
549706921767682	549706957935390	549706923456744
549706938322369	549706974260911	549706940076015
549706952298411	549706990804140	549706953991119
549706977734348	549707007396328	549706979412473
549706994969765	549707023997890	549706996174973
549707011991119	549707040504140	549707013695807
549707029486432	549707057079140	549707031861432
549707038552578	549707073691119	549707040304140
549707058502057	549707090229140	549707060258307
549707074814557	549707106814036	549707077233827
549707091635390	549707123378619	549707093304661
549707109139036	549707139944244	549707111057786
549707127505702	549707156520286	549707129352577
549707137203619	549707173106744	549707138902057
549707159369765	549707189682786	549707161081744
549707174369244	549707206244765	549707176179661
549707190716119	549707222808307	549707192499452
549707206244765	549707239405702	549707207992161
549707223624973	549707255964036	549707225360911
549707238958307	549707272552057	549707240741640
549707252186952	549707289124973	549707253893723
549707275544765	549707305684348	549707277526015
549707290728619	549707322290598	549707292555702
549707307040077	549707338832265	549707308921327
549707324043202	549707355401536	549707325791119
549707338732265	549707371978619	549707340547369
549707357087473	549707388537473	549707358941119
549707372952577	549707405127577	549707374783307
549707389289036	549707421714036	549707391237473
549707399616119	549707438622890	549707401594244
549707425455702	549707454869765	549707427076015
549707439130182	549707471423932	549707441462473
549707462007786	549707487987473	549707463958307
549707476676015	549707504538515	549707478199452
549707486417682	549707521140077	549707488293723
549707498303098	549707537707265	549707500208307
549707520518723	549707554835390	549707522232265
549707538481223	549707570848411	549707540655182
549707558088515	549707587422890	549707559907265
549707576804661	549707604006223	549707578565077
549707593624973	549707620585911	549707595591119
549707605883307	549707637157786	549707607766640
549707622587473	549707653701536	549707624682786
549707638957786	549707670367161	549707641053098
549707661237473	549707686868202	549707662766640
549707675617682	549707703438515	549707676925494
549707681422890	549707720026015	549707683482786
549707700321327	549707736611952	549707702210390
549707719852057	549707753186432	549707721892682
549707730787994	549707769746848	549707732685390
549707752825494	549707786306744	549707755049452
549707770302057	549707802893202	549707772203619
549707786672369	549707819476015	549707788590077
549707804672369	549707836025494	549707806644244
549707813867161	549707852601015	549707815775494
549707813867161	549707869178619	549707815775494
549707876259869	549707902315598	549707878007265
549707891409348	549707918890077	549707893432265
549707898959869	549707935455182	549707900363515
549707911278098	549707952026015	549707913461952
549709506555702	549709526510910	549709508445285
549709571338515	549709592811952	549709573277577
549709636880702	549709659134348	549709638844244
549709704849973	549709725412994	549709706841640
549709767560390	549709791696327	549709769137994
549709832303619	549709858016640	549709832880181


16666666
549705541395807	549705582082265	549705542970286
549705558964557	549705598664036	549705560261953
549705573992682	549705615258307	549705575369765
549705591055182	549705631822369	549705592433828
549705611760390	549705648394765	549705613212474
549705626164036	549705664977578	549705627566119
549705643008307	549705681591119	549705644336432
549705657972890	549705698139036	549705658630703
549705678397369	549705714686953	549705679023411
549705693195286	549705731519244	549705693758307
549705724578099	549705747827057	549705726085390
549705738836432	549705764402578	549705740249974
549705741298411	549705780963515	549705742183307
549705758737474	549705797531744	549705760279140
549705791269765	549705814114557	549705792935911
549705795439557	549705830686432	549705797185390
549705807280182	549705847285390	549705808858828
549705849057265	549705880437474	549705851666640
549705851344244	549705896999974	549705852488515
549706049610911	549706079307265	549706051286432
549706053571328	549706095872369	549706055125494
549706133293723	549706162188515	549706135030703
549706145357265	549706178737994	549706147153098
549706164137473	549706195333307	549706165875494
549706175314557	549706211898932	549706176944244
549706195180703	549706228443203	549706196729140
549706208468203	549706245033828	549706210196328
549706246248411	549706261611953	549706247890598
549706249893723	549706278196848	549706251381744
549706300950494	549706327896848	549706302543203
549706308929140	549706344558307	549706310595286
549706354811432	549706377741640	549706356074973
549706362251536	549706394185390	549706363680182
549706406027057	549706427321328	549706407717682
549706411937994	549706443902578	549706413464557
549706449122890	549706477043723	549706450902578
549706454337473	549706493610390	549706456130182
549706486670286	549706510183828	549706488376015
549706490779661	549706526746848	549706492324973
549706520306744	549706543327057	549706521121848
549706544483307	549706559891119	549706546159869
549706560613515	549706576461953	549706562301015
549706567086432	549706593042161	549706568774973
549706598961432	549706626202057	549706600591640
549706608546328	549706642761432	549706609973932
549706632648932	549706659340598	549706634127057
549706636067161	549706675893723	549706637660390
549706665095807	549706692516640	549706666883307
549706667970807	549706709060911	549706669137473
549706692738515	549706725617682	549706694440078
549706701626015	549706742199973	549706703333307
549706727184869	549706758764557	549706729154661
549706742848411	549706775362473	549706744558828
549706751106744	549706791932265	549706752808307
549706778787994	549706808546848	549706780382786
549706786648411	549706825061953	549706788288515
549706818754140	549706841640078	549706820285911
549706849445286	549706874799453	549706850916119
549706874384348	549706891356223	549706876078619
549706895718723	549706924781744	549706897447369
549706904966119	549706941071848	549706906653098
549706921767682	549706957935390	549706923456744
549706938322369	549706974260911	549706940076015
549706952298411	549706990804140	549706953991119
549706977734348	549707007396328	549706979412473
549706994969765	549707023997890	549706996174973
549707011991119	549707040504140	549707013695807
549707029486432	549707057079140	549707031861432
549707038552578	549707073691119	549707040304140
549707058502057	549707090229140	549707060258307
549707074814557	549707106814036	549707077233827
549707091635390	549707123378619	549707093304661
549707109139036	549707139944244	549707111057786
549707127505702	549707156520286	549707129352577
549707137203619	549707173106744	549707138902057
549707159369765	549707189682786	549707161081744
549707174369244	549707206244765	549707176179661
549707190716119	549707222808307	549707192499452
549707206244765	549707239405702	549707207992161
549707223624973	549707255964036	549707225360911
549707238958307	549707272552057	549707240741640
549707252186952	549707289124973	549707253893723
549707275544765	549707305684348	549707277526015
549707290728619	549707322290598	549707292555702
549707307040077	549707338832265	549707308921327
549707324043202	549707355401536	549707325791119
549707338732265	549707371978619	549707340547369
549707357087473	549707388537473	549707358941119
549707372952577	549707405127577	549707374783307
549707389289036	549707421714036	549707391237473
549707399616119	549707438622890	549707401594244
549707425455702	549707454869765	549707427076015
549707439130182	549707471423932	549707441462473
549707462007786	549707487987473	549707463958307
549707476676015	549707504538515	549707478199452
549707486417682	549707521140077	549707488293723
549707498303098	549707537707265	549707500208307
549707520518723	549707554835390	549707522232265
549707538481223	549707570848411	549707540655182
549707558088515	549707587422890	549707559907265
549707576804661	549707604006223	549707578565077
549707593624973	549707620585911	549707595591119
549707605883307	549707637157786	549707607766640
549707622587473	549707653701536	549707624682786
549707638957786	549707670367161	549707641053098
549707661237473	549707686868202	549707662766640
549707675617682	549707703438515	549707676925494
549707681422890	549707720026015	549707683482786
549707700321327	549707736611952	549707702210390
549707719852057	549707753186432	549707721892682
549707730787994	549707769746848	549707732685390
549707752825494	549707786306744	549707755049452
549707770302057	549707802893202	549707772203619
549707786672369	549707819476015	549707788590077
549707804672369	549707836025494	549707806644244
549707813867161	549707852601015	549707815775494
549707813867161	549707869178619	549707815775494
549707876259869	549707902315598	549707878007265
549707891409348	549707918890077	549707893432265
549707898959869	549707935455182	549707900363515
549707911278098	549707952026015	549707913461952
549709506555702	549709526510910	549709508445285
549709571338515	549709592811952	549709573277577
549709636880702	549709659134348	549709638844244
549709704849973	549709725412994	549709706841640
549709767560390	549709791696327	549709769137994
549709832303619	549709858016640	549709832880181


16666666
549705541395807	549705582082265	549705542970286
549705558964557	549705598664036	549705560261953
549705573992682	549705615258307	549705575369765
549705591055182	549705631822369	549705592433828
549705611760390	549705648394765	549705613212474
549705626164036	549705664977578	549705627566119
549705643008307	549705681591119	549705644336432
549705657972890	549705698139036	549705658630703
549705678397369	549705714686953	549705679023411
549705693195286	549705731519244	549705693758307
549705724578099	549705747827057	549705726085390
549705738836432	549705764402578	549705740249974
549705741298411	549705780963515	549705742183307
549705758737474	549705797531744	549705760279140
549705791269765	549705814114557	549705792935911
549705795439557	549705830686432	549705797185390
549705807280182	549705847285390	549705808858828
549705849057265	549705880437474	549705851666640
549705851344244	549705896999974	549705852488515
549706049610911	549706079307265	549706051286432
549706053571328	549706095872369	549706055125494
549706133293723	549706162188515	549706135030703
549706145357265	549706178737994	549706147153098
549706164137473	549706195333307	549706165875494
549706175314557	549706211898932	549706176944244
549706195180703	549706228443203	549706196729140
549706208468203	549706245033828	549706210196328
549706246248411	549706261611953	549706247890598
549706249893723	549706278196848	549706251381744
549706300950494	549706327896848	549706302543203
549706308929140	549706344558307	549706310595286
549706354811432	549706377741640	549706356074973
549706362251536	549706394185390	549706363680182
549706406027057	549706427321328	549706407717682
549706411937994	549706443902578	549706413464557
549706449122890	549706477043723	549706450902578
549706454337473	549706493610390	549706456130182
549706486670286	549706510183828	549706488376015
549706490779661	549706526746848	549706492324973
549706520306744	549706543327057	549706521121848
549706544483307	549706559891119	549706546159869
549706560613515	549706576461953	549706562301015
549706567086432	549706593042161	549706568774973
549706598961432	549706626202057	549706600591640
549706608546328	549706642761432	549706609973932
549706632648932	549706659340598	549706634127057
549706636067161	549706675893723	549706637660390
549706665095807	549706692516640	549706666883307
549706667970807	549706709060911	549706669137473
549706692738515	549706725617682	549706694440078
549706701626015	549706742199973	549706703333307
549706727184869	549706758764557	549706729154661
549706742848411	549706775362473	549706744558828
549706751106744	549706791932265	549706752808307
549706778787994	549706808546848	549706780382786
549706786648411	549706825061953	549706788288515
549706818754140	549706841640078	549706820285911
549706849445286	549706874799453	549706850916119
549706874384348	549706891356223	549706876078619
549706895718723	549706924781744	549706897447369
549706904966119	549706941071848	549706906653098
549706921767682	549706957935390	549706923456744
549706938322369	549706974260911	549706940076015
549706952298411	549706990804140	549706953991119
549706977734348	549707007396328	549706979412473
549706994969765	549707023997890	549706996174973
549707011991119	549707040504140	549707013695807
549707029486432	549707057079140	549707031861432
549707038552578	549707073691119	549707040304140
549707058502057	549707090229140	549707060258307
549707074814557	549707106814036	549707077233827
549707091635390	549707123378619	549707093304661
549707109139036	549707139944244	549707111057786
549707127505702	549707156520286	549707129352577
549707137203619	549707173106744	549707138902057
549707159369765	549707189682786	549707161081744
549707174369244	549707206244765	549707176179661
549707190716119	549707222808307	549707192499452
549707206244765	549707239405702	549707207992161
549707223624973	549707255964036	549707225360911
549707238958307	549707272552057	549707240741640
549707252186952	549707289124973	549707253893723
549707275544765	549707305684348	549707277526015
549707290728619	549707322290598	549707292555702
549707307040077	549707338832265	549707308921327
549707324043202	549707355401536	549707325791119
549707338732265	549707371978619	549707340547369
549707357087473	549707388537473	549707358941119
549707372952577	549707405127577	549707374783307
549707389289036	549707421714036	549707391237473
549707399616119	549707438622890	549707401594244
549707425455702	549707454869765	549707427076015
549707439130182	549707471423932	549707441462473
549707462007786	549707487987473	549707463958307
549707476676015	549707504538515	549707478199452
549707486417682	549707521140077	549707488293723
549707498303098	549707537707265	549707500208307
549707520518723	549707554835390	549707522232265
549707538481223	549707570848411	549707540655182
549707558088515	549707587422890	549707559907265
549707576804661	549707604006223	549707578565077
549707593624973	549707620585911	549707595591119
549707605883307	549707637157786	549707607766640
549707622587473	549707653701536	549707624682786
549707638957786	549707670367161	549707641053098
549707661237473	549707686868202	549707662766640
549707675617682	549707703438515	549707676925494
549707681422890	549707720026015	549707683482786
549707700321327	549707736611952	549707702210390
549707719852057	549707753186432	549707721892682
549707730787994	549707769746848	549707732685390
549707752825494	549707786306744	549707755049452
549707770302057	549707802893202	549707772203619
549707786672369	549707819476015	549707788590077
549707804672369	549707836025494	549707806644244
549707813867161	549707852601015	549707815775494
549707813867161	549707869178619	549707815775494
549707876259869	549707902315598	549707878007265
549707891409348	549707918890077	549707893432265
549707898959869	549707935455182	549707900363515
549707911278098	549707952026015	549707913461952
549709506555702	549709526510910	549709508445285
549709571338515	549709592811952	549709573277577
549709636880702	549709659134348	549709638844244
549709704849973	549709725412994	549709706841640
549709767560390	549709791696327	549709769137994
549709832303619	549709858016640	549709832880181


16666666
549705541395807	549705582082265	549705542970286
549705558964557	549705598664036	549705560261953
549705573992682	549705615258307	549705575369765
549705591055182	549705631822369	549705592433828
549705611760390	549705648394765	549705613212474
549705626164036	549705664977578	549705627566119
549705643008307	549705681591119	549705644336432
549705657972890	549705698139036	549705658630703
549705678397369	549705714686953	549705679023411
549705693195286	549705731519244	549705693758307
549705724578099	549705747827057	549705726085390
549705738836432	549705764402578	549705740249974
549705741298411	549705780963515	549705742183307
549705758737474	549705797531744	549705760279140
549705791269765	549705814114557	549705792935911
549705795439557	549705830686432	549705797185390
549705807280182	549705847285390	549705808858828
549705849057265	549705880437474	549705851666640
549705851344244	549705896999974	549705852488515
549706049610911	549706079307265	549706051286432
549706053571328	549706095872369	549706055125494
549706133293723	549706162188515	549706135030703
549706145357265	549706178737994	549706147153098
549706164137473	549706195333307	549706165875494
549706175314557	549706211898932	549706176944244
549706195180703	549706228443203	549706196729140
549706208468203	549706245033828	549706210196328
549706246248411	549706261611953	549706247890598
549706249893723	549706278196848	549706251381744
549706300950494	549706327896848	549706302543203
549706308929140	549706344558307	549706310595286
549706354811432	549706377741640	549706356074973
549706362251536	549706394185390	549706363680182
549706406027057	549706427321328	549706407717682
549706411937994	549706443902578	549706413464557
549706449122890	549706477043723	549706450902578
549706454337473	549706493610390	549706456130182
549706486670286	549706510183828	549706488376015
549706490779661	549706526746848	549706492324973
549706520306744	549706543327057	549706521121848
549706544483307	549706559891119	549706546159869
549706560613515	549706576461953	549706562301015
549706567086432	549706593042161	549706568774973
549706598961432	549706626202057	549706600591640
549706608546328	549706642761432	549706609973932
549706632648932	549706659340598	549706634127057
549706636067161	549706675893723	549706637660390
549706665095807	549706692516640	549706666883307
549706667970807	549706709060911	549706669137473
549706692738515	549706725617682	549706694440078
549706701626015	549706742199973	549706703333307
549706727184869	549706758764557	549706729154661
549706742848411	549706775362473	549706744558828
549706751106744	549706791932265	549706752808307
549706778787994	549706808546848	549706780382786
549706786648411	549706825061953	549706788288515
549706818754140	549706841640078	549706820285911
549706849445286	549706874799453	549706850916119
549706874384348	549706891356223	549706876078619
549706895718723	549706924781744	549706897447369
549706904966119	549706941071848	549706906653098
549706921767682	549706957935390	549706923456744
549706938322369	549706974260911	549706940076015
549706952298411	549706990804140	549706953991119
549706977734348	549707007396328	549706979412473
549706994969765	549707023997890	549706996174973
549707011991119	549707040504140	549707013695807
549707029486432	549707057079140	549707031861432
549707038552578	549707073691119	549707040304140
549707058502057	549707090229140	549707060258307
549707074814557	549707106814036	549707077233827
549707091635390	549707123378619	549707093304661
549707109139036	549707139944244	549707111057786
549707127505702	549707156520286	549707129352577
549707137203619	549707173106744	549707138902057
549707159369765	549707189682786	549707161081744
549707174369244	549707206244765	549707176179661
549707190716119	549707222808307	549707192499452
549707206244765	549707239405702	549707207992161
549707223624973	549707255964036	549707225360911
549707238958307	549707272552057	549707240741640
549707252186952	549707289124973	549707253893723
549707275544765	549707305684348	549707277526015
549707290728619	549707322290598	549707292555702
549707307040077	549707338832265	549707308921327
549707324043202	549707355401536	549707325791119
549707338732265	549707371978619	549707340547369
549707357087473	549707388537473	549707358941119
549707372952577	549707405127577	549707374783307
549707389289036	549707421714036	549707391237473
549707399616119	549707438622890	549707401594244
549707425455702	549707454869765	549707427076015
549707439130182	549707471423932	549707441462473
549707462007786	549707487987473	549707463958307
549707476676015	549707504538515	549707478199452
549707486417682	549707521140077	549707488293723
549707498303098	549707537707265	549707500208307
549707520518723	549707554835390	549707522232265
549707538481223	549707570848411	549707540655182
549707558088515	549707587422890	549707559907265
549707576804661	549707604006223	549707578565077
549707593624973	549707620585911	549707595591119
549707605883307	549707637157786	549707607766640
549707622587473	549707653701536	549707624682786
549707638957786	549707670367161	549707641053098
549707661237473	549707686868202	549707662766640
549707675617682	549707703438515	549707676925494
549707681422890	549707720026015	549707683482786
549707700321327	549707736611952	549707702210390
549707719852057	549707753186432	549707721892682
549707730787994	549707769746848	549707732685390
549707752825494	549707786306744	549707755049452
549707770302057	549707802893202	549707772203619
549707786672369	549707819476015	549707788590077
549707804672369	549707836025494	549707806644244
549707813867161	549707852601015	549707815775494
549707813867161	549707869178619	549707815775494
549707876259869	549707902315598	549707878007265
549707891409348	549707918890077	549707893432265
549707898959869	549707935455182	549707900363515
549707911278098	549707952026015	549707913461952
549709506555702	549709526510910	549709508445285
549709571338515	549709592811952	549709573277577
549709636880702	549709659134348	549709638844244
549709704849973	549709725412994	549709706841640
549709767560390	549709791696327	549709769137994
549709832303619	549709858016640	549709832880181


16666666
549705541395807	549705582082265	549705542970286
549705558964557	549705598664036	549705560261953
549705573992682	549705615258307	549705575369765
549705591055182	549705631822369	549705592433828
549705611760390	549705648394765	549705613212474
549705626164036	549705664977578	549705627566119
549705643008307	549705681591119	549705644336432
549705657972890	549705698139036	549705658630703
549705678397369	549705714686953	549705679023411
549705693195286	549705731519244	549705693758307
549705724578099	549705747827057	549705726085390
549705738836432	549705764402578	549705740249974
549705741298411	549705780963515	549705742183307
549705758737474	549705797531744	549705760279140
549705791269765	549705814114557	549705792935911
549705795439557	549705830686432	549705797185390
549705807280182	549705847285390	549705808858828
549705849057265	549705880437474	549705851666640
549705851344244	549705896999974	549705852488515
549706049610911	549706079307265	549706051286432
549706053571328	549706095872369	549706055125494
549706133293723	549706162188515	549706135030703
549706145357265	549706178737994	549706147153098
549706164137473	549706195333307	549706165875494
549706175314557	549706211898932	549706176944244
549706195180703	549706228443203	549706196729140
549706208468203	549706245033828	549706210196328
549706246248411	549706261611953	549706247890598
549706249893723	549706278196848	549706251381744
549706300950494	549706327896848	549706302543203
549706308929140	549706344558307	549706310595286
549706354811432	549706377741640	549706356074973
549706362251536	549706394185390	549706363680182
549706406027057	549706427321328	549706407717682
549706411937994	549706443902578	549706413464557
549706449122890	549706477043723	549706450902578
549706454337473	549706493610390	549706456130182
549706486670286	549706510183828	549706488376015
549706490779661	549706526746848	549706492324973
549706520306744	549706543327057	549706521121848
549706544483307	549706559891119	549706546159869
549706560613515	549706576461953	549706562301015
549706567086432	549706593042161	549706568774973
549706598961432	549706626202057	549706600591640
549706608546328	549706642761432	549706609973932
549706632648932	549706659340598	549706634127057
549706636067161	549706675893723	549706637660390
549706665095807	549706692516640	549706666883307
549706667970807	549706709060911	549706669137473
549706692738515	549706725617682	549706694440078
549706701626015	549706742199973	549706703333307
549706727184869	549706758764557	549706729154661
549706742848411	549706775362473	549706744558828
549706751106744	549706791932265	549706752808307
549706778787994	549706808546848	549706780382786
549706786648411	549706825061953	549706788288515
549706818754140	549706841640078	549706820285911
549706849445286	549706874799453	549706850916119
549706874384348	549706891356223	549706876078619
549706895718723	549706924781744	549706897447369
549706904966119	549706941071848	549706906653098
549706921767682	549706957935390	549706923456744
549706938322369	549706974260911	549706940076015
549706952298411	549706990804140	549706953991119
549706977734348	549707007396328	549706979412473
549706994969765	549707023997890	549706996174973
549707011991119	549707040504140	549707013695807
549707029486432	549707057079140	549707031861432
549707038552578	549707073691119	549707040304140
549707058502057	549707090229140	549707060258307
549707074814557	549707106814036	549707077233827
549707091635390	549707123378619	549707093304661
549707109139036	549707139944244	549707111057786
549707127505702	549707156520286	549707129352577
549707137203619	549707173106744	549707138902057
549707159369765	549707189682786	549707161081744
549707174369244	549707206244765	549707176179661
549707190716119	549707222808307	549707192499452
549707206244765	549707239405702	549707207992161
549707223624973	549707255964036	549707225360911
549707238958307	549707272552057	549707240741640
549707252186952	549707289124973	549707253893723
549707275544765	549707305684348	549707277526015
549707290728619	549707322290598	549707292555702
549707307040077	549707338832265	549707308921327
549707324043202	549707355401536	549707325791119
549707338732265	549707371978619	549707340547369
549707357087473	549707388537473	549707358941119
549707372952577	549707405127577	549707374783307
549707389289036	549707421714036	549707391237473
549707399616119	549707438622890	549707401594244
549707425455702	549707454869765	549707427076015
549707439130182	549707471423932	549707441462473
549707462007786	549707487987473	549707463958307
549707476676015	549707504538515	549707478199452
549707486417682	549707521140077	549707488293723
549707498303098	549707537707265	549707500208307
549707520518723	549707554835390	549707522232265
549707538481223	549707570848411	549707540655182
549707558088515	549707587422890	549707559907265
549707576804661	549707604006223	549707578565077
549707593624973	549707620585911	549707595591119
549707605883307	549707637157786	549707607766640
549707622587473	549707653701536	549707624682786
549707638957786	549707670367161	549707641053098
549707661237473	549707686868202	549707662766640
549707675617682	549707703438515	549707676925494
549707681422890	549707720026015	549707683482786
549707700321327	549707736611952	549707702210390
549707719852057	549707753186432	549707721892682
549707730787994	549707769746848	549707732685390
549707752825494	549707786306744	549707755049452
549707770302057	549707802893202	549707772203619
549707786672369	549707819476015	549707788590077
549707804672369	549707836025494	549707806644244
549707813867161	549707852601015	549707815775494
549707813867161	549707869178619	549707815775494
549707876259869	549707902315598	549707878007265
549707891409348	549707918890077	549707893432265
549707898959869	549707935455182	549707900363515
549707911278098	549707952026015	549707913461952
549709506555702	549709526510910	549709508445285
549709571338515	549709592811952	549709573277577
549709636880702	549709659134348	549709638844244
549709704849973	549709725412994	549709706841640
549709767560390	549709791696327	549709769137994
549709832303619	549709858016640	549709832880181


16666666
549705541395807	549705582082265	549705542970286
549705558964557	549705598664036	549705560261953
549705573992682	549705615258307	549705575369765
549705591055182	549705631822369	549705592433828
549705611760390	549705648394765	549705613212474
549705626164036	549705664977578	549705627566119
549705643008307	549705681591119	549705644336432
549705657972890	549705698139036	549705658630703
549705678397369	549705714686953	549705679023411
549705693195286	549705731519244	549705693758307
549705724578099	549705747827057	549705726085390
549705738836432	549705764402578	549705740249974
549705741298411	549705780963515	549705742183307
549705758737474	549705797531744	549705760279140
549705791269765	549705814114557	549705792935911
549705795439557	549705830686432	549705797185390
549705807280182	549705847285390	549705808858828
549705849057265	549705880437474	549705851666640
549705851344244	549705896999974	549705852488515
549706049610911	549706079307265	549706051286432
549706053571328	549706095872369	549706055125494
549706133293723	549706162188515	549706135030703
549706145357265	549706178737994	549706147153098
549706164137473	549706195333307	549706165875494
549706175314557	549706211898932	549706176944244
549706195180703	549706228443203	549706196729140
549706208468203	549706245033828	549706210196328
549706246248411	549706261611953	549706247890598
549706249893723	549706278196848	549706251381744
549706300950494	549706327896848	549706302543203
549706308929140	549706344558307	549706310595286
549706354811432	549706377741640	549706356074973
549706362251536	549706394185390	549706363680182
549706406027057	549706427321328	549706407717682
549706411937994	549706443902578	549706413464557
549706449122890	549706477043723	549706450902578
549706454337473	549706493610390	549706456130182
549706486670286	549706510183828	549706488376015
549706490779661	549706526746848	549706492324973
549706520306744	549706543327057	549706521121848
549706544483307	549706559891119	549706546159869
549706560613515	549706576461953	549706562301015
549706567086432	549706593042161	549706568774973
549706598961432	549706626202057	549706600591640
549706608546328	549706642761432	549706609973932
549706632648932	549706659340598	549706634127057
549706636067161	549706675893723	549706637660390
549706665095807	549706692516640	549706666883307
549706667970807	549706709060911	549706669137473
549706692738515	549706725617682	549706694440078
549706701626015	549706742199973	549706703333307
549706727184869	549706758764557	549706729154661
549706742848411	549706775362473	549706744558828
549706751106744	549706791932265	549706752808307
549706778787994	549706808546848	549706780382786
549706786648411	549706825061953	549706788288515
549706818754140	549706841640078	549706820285911
549706849445286	549706874799453	549706850916119
549706874384348	549706891356223	549706876078619
549706895718723	549706924781744	549706897447369
549706904966119	549706941071848	549706906653098
549706921767682	549706957935390	549706923456744
549706938322369	549706974260911	549706940076015
549706952298411	549706990804140	549706953991119
549706977734348	549707007396328	549706979412473
549706994969765	549707023997890	549706996174973
549707011991119	549707040504140	549707013695807
549707029486432	549707057079140	549707031861432
549707038552578	549707073691119	549707040304140
549707058502057	549707090229140	549707060258307
549707074814557	549707106814036	549707077233827
549707091635390	549707123378619	549707093304661
549707109139036	549707139944244	549707111057786
549707127505702	549707156520286	549707129352577
549707137203619	549707173106744	549707138902057
549707159369765	549707189682786	549707161081744
549707174369244	549707206244765	549707176179661
549707190716119	549707222808307	549707192499452
549707206244765	549707239405702	549707207992161
549707223624973	549707255964036	549707225360911
549707238958307	549707272552057	549707240741640
549707252186952	549707289124973	549707253893723
549707275544765	549707305684348	549707277526015
549707290728619	549707322290598	549707292555702
549707307040077	549707338832265	549707308921327
549707324043202	549707355401536	549707325791119
549707338732265	549707371978619	549707340547369
549707357087473	549707388537473	549707358941119
549707372952577	549707405127577	549707374783307
549707389289036	549707421714036	549707391237473
549707399616119	549707438622890	549707401594244
549707425455702	549707454869765	549707427076015
549707439130182	549707471423932	549707441462473
549707462007786	549707487987473	549707463958307
549707476676015	549707504538515	549707478199452
549707486417682	549707521140077	549707488293723
549707498303098	549707537707265	549707500208307
549707520518723	549707554835390	549707522232265
549707538481223	549707570848411	549707540655182
549707558088515	549707587422890	549707559907265
549707576804661	549707604006223	549707578565077
549707593624973	549707620585911	549707595591119
549707605883307	549707637157786	549707607766640
549707622587473	549707653701536	549707624682786
549707638957786	549707670367161	549707641053098
549707661237473	549707686868202	549707662766640
549707675617682	549707703438515	549707676925494
549707681422890	549707720026015	549707683482786
549707700321327	549707736611952	549707702210390
549707719852057	549707753186432	549707721892682
549707730787994	549707769746848	549707732685390
549707752825494	549707786306744	549707755049452
549707770302057	549707802893202	549707772203619
549707786672369	549707819476015	549707788590077
549707804672369	549707836025494	549707806644244
549707813867161	549707852601015	549707815775494
549707813867161	549707869178619	549707815775494
549707876259869	549707902315598	549707878007265
549707891409348	549707918890077	549707893432265
549707898959869	549707935455182	549707900363515
549707911278098	549707952026015	549707913461952
549709506555702	549709526510910	549709508445285
549709571338515	549709592811952	549709573277577
549709636880702	549709659134348	549709638844244
549709704849973	549709725412994	549709706841640
549709767560390	549709791696327	549709769137994
549709832303619	549709858016640	549709832880181


16666666
549705541395807	549705582082265	549705542970286
549705558964557	549705598664036	549705560261953
549705573992682	549705615258307	549705575369765
549705591055182	549705631822369	549705592433828
549705611760390	549705648394765	549705613212474
549705626164036	549705664977578	549705627566119
549705643008307	549705681591119	549705644336432
549705657972890	549705698139036	549705658630703
549705678397369	549705714686953	549705679023411
549705693195286	549705731519244	549705693758307
549705724578099	549705747827057	549705726085390
549705738836432	549705764402578	549705740249974
549705741298411	549705780963515	549705742183307
549705758737474	549705797531744	549705760279140
549705791269765	549705814114557	549705792935911
549705795439557	549705830686432	549705797185390
549705807280182	549705847285390	549705808858828
549705849057265	549705880437474	549705851666640
549705851344244	549705896999974	549705852488515
549706049610911	549706079307265	549706051286432
549706053571328	549706095872369	549706055125494
549706133293723	549706162188515	549706135030703
549706145357265	549706178737994	549706147153098
549706164137473	549706195333307	549706165875494
549706175314557	549706211898932	549706176944244
549706195180703	549706228443203	549706196729140
549706208468203	549706245033828	549706210196328
549706246248411	549706261611953	549706247890598
549706249893723	549706278196848	549706251381744
549706300950494	549706327896848	549706302543203
549706308929140	549706344558307	549706310595286
549706354811432	549706377741640	549706356074973
549706362251536	549706394185390	549706363680182
549706406027057	549706427321328	549706407717682
549706411937994	549706443902578	549706413464557
549706449122890	549706477043723	549706450902578
549706454337473	549706493610390	549706456130182
549706486670286	549706510183828	549706488376015
549706490779661	549706526746848	549706492324973
549706520306744	549706543327057	549706521121848
549706544483307	549706559891119	549706546159869
549706560613515	549706576461953	549706562301015
549706567086432	549706593042161	549706568774973
549706598961432	549706626202057	549706600591640
549706608546328	549706642761432	549706609973932
549706632648932	549706659340598	549706634127057
549706636067161	549706675893723	549706637660390
549706665095807	549706692516640	549706666883307
549706667970807	549706709060911	549706669137473
549706692738515	549706725617682	549706694440078
549706701626015	549706742199973	549706703333307
549706727184869	549706758764557	549706729154661
549706742848411	549706775362473	549706744558828
549706751106744	549706791932265	549706752808307
549706778787994	549706808546848	549706780382786
549706786648411	549706825061953	549706788288515
549706818754140	549706841640078	549706820285911
549706849445286	549706874799453	549706850916119
549706874384348	549706891356223	549706876078619
549706895718723	549706924781744	549706897447369
549706904966119	549706941071848	549706906653098
549706921767682	549706957935390	549706923456744
549706938322369	549706974260911	549706940076015
549706952298411	549706990804140	549706953991119
549706977734348	549707007396328	549706979412473
549706994969765	549707023997890	549706996174973
549707011991119	549707040504140	549707013695807
549707029486432	549707057079140	549707031861432
549707038552578	549707073691119	549707040304140
549707058502057	549707090229140	549707060258307
549707074814557	549707106814036	549707077233827
549707091635390	549707123378619	549707093304661
549707109139036	549707139944244	549707111057786
549707127505702	549707156520286	549707129352577
549707137203619	549707173106744	549707138902057
549707159369765	549707189682786	549707161081744
549707174369244	549707206244765	549707176179661
549707190716119	549707222808307	549707192499452
549707206244765	549707239405702	549707207992161
549707223624973	549707255964036	549707225360911
549707238958307	549707272552057	549707240741640
549707252186952	549707289124973	549707253893723
549707275544765	549707305684348	549707277526015
549707290728619	549707322290598	549707292555702
549707307040077	549707338832265	549707308921327
549707324043202	549707355401536	549707325791119
549707338732265	549707371978619	549707340547369
549707357087473	549707388537473	549707358941119
549707372952577	549707405127577	549707374783307
549707389289036	549707421714036	549707391237473
549707399616119	549707438622890	549707401594244
549707425455702	549707454869765	549707427076015
549707439130182	549707471423932	549707441462473
549707462007786	549707487987473	549707463958307
549707476676015	549707504538515	549707478199452
549707486417682	549707521140077	549707488293723
549707498303098	549707537707265	549707500208307
549707520518723	549707554835390	549707522232265
549707538481223	549707570848411	549707540655182
549707558088515	549707587422890	549707559907265
549707576804661	549707604006223	549707578565077
549707593624973	549707620585911	549707595591119
549707605883307	549707637157786	549707607766640
549707622587473	549707653701536	549707624682786
549707638957786	549707670367161	549707641053098
549707661237473	549707686868202	549707662766640
549707675617682	549707703438515	549707676925494
549707681422890	549707720026015	549707683482786
549707700321327	549707736611952	549707702210390
549707719852057	549707753186432	549707721892682
549707730787994	549707769746848	549707732685390
549707752825494	549707786306744	549707755049452
549707770302057	549707802893202	549707772203619
549707786672369	549707819476015	549707788590077
549707804672369	549707836025494	549707806644244
549707813867161	549707852601015	549707815775494
549707813867161	549707869178619	549707815775494
549707876259869	549707902315598	549707878007265
549707891409348	549707918890077	549707893432265
549707898959869	549707935455182	549707900363515
549707911278098	549707952026015	549707913461952
549709506555702	549709526510910	549709508445285
549709571338515	549709592811952	549709573277577
549709636880702	549709659134348	549709638844244
549709704849973	549709725412994	549709706841640
549709767560390	549709791696327	549709769137994
549709832303619	549709858016640	549709832880181


16666666
549705541395807	549705582082265	549705542970286
549705558964557	549705598664036	549705560261953
549705573992682	549705615258307	549705575369765
549705591055182	549705631822369	549705592433828
549705611760390	549705648394765	549705613212474
549705626164036	549705664977578	549705627566119
549705643008307	549705681591119	549705644336432
549705657972890	549705698139036	549705658630703
549705678397369	549705714686953	549705679023411
549705693195286	549705731519244	549705693758307
549705724578099	549705747827057	549705726085390
549705738836432	549705764402578	549705740249974
549705741298411	549705780963515	549705742183307
549705758737474	549705797531744	549705760279140
549705791269765	549705814114557	549705792935911
549705795439557	549705830686432	549705797185390
549705807280182	549705847285390	549705808858828
549705849057265	549705880437474	549705851666640
549705851344244	549705896999974	549705852488515
549706049610911	549706079307265	549706051286432
549706053571328	549706095872369	549706055125494
549706133293723	549706162188515	549706135030703
549706145357265	549706178737994	549706147153098
549706164137473	549706195333307	549706165875494
549706175314557	549706211898932	549706176944244
549706195180703	549706228443203	549706196729140
549706208468203	549706245033828	549706210196328
549706246248411	549706261611953	549706247890598
549706249893723	549706278196848	549706251381744
549706300950494	549706327896848	549706302543203
549706308929140	549706344558307	549706310595286
549706354811432	549706377741640	549706356074973
549706362251536	549706394185390	549706363680182
549706406027057	549706427321328	549706407717682
549706411937994	549706443902578	549706413464557
549706449122890	549706477043723	549706450902578
549706454337473	549706493610390	549706456130182
549706486670286	549706510183828	549706488376015
549706490779661	549706526746848	549706492324973
549706520306744	549706543327057	549706521121848
549706544483307	549706559891119	549706546159869
549706560613515	549706576461953	549706562301015
549706567086432	549706593042161	549706568774973
549706598961432	549706626202057	549706600591640
549706608546328	549706642761432	549706609973932
549706632648932	549706659340598	549706634127057
549706636067161	549706675893723	549706637660390
549706665095807	549706692516640	549706666883307
549706667970807	549706709060911	549706669137473
549706692738515	549706725617682	549706694440078
549706701626015	549706742199973	549706703333307
549706727184869	549706758764557	549706729154661
549706742848411	549706775362473	549706744558828
549706751106744	549706791932265	549706752808307
549706778787994	549706808546848	549706780382786
549706786648411	549706825061953	549706788288515
549706818754140	549706841640078	549706820285911
549706849445286	549706874799453	549706850916119
549706874384348	549706891356223	549706876078619
549706895718723	549706924781744	549706897447369
549706904966119	549706941071848	549706906653098
549706921767682	549706957935390	549706923456744
549706938322369	549706974260911	549706940076015
549706952298411	549706990804140	549706953991119
549706977734348	549707007396328	549706979412473
549706994969765	549707023997890	549706996174973
549707011991119	549707040504140	549707013695807
549707029486432	549707057079140	549707031861432
549707038552578	549707073691119	549707040304140
549707058502057	549707090229140	549707060258307
549707074814557	549707106814036	549707077233827
549707091635390	549707123378619	549707093304661
549707109139036	549707139944244	549707111057786
549707127505702	549707156520286	549707129352577
549707137203619	549707173106744	549707138902057
549707159369765	549707189682786	549707161081744
549707174369244	549707206244765	549707176179661
549707190716119	549707222808307	549707192499452
549707206244765	549707239405702	549707207992161
549707223624973	549707255964036	549707225360911
549707238958307	549707272552057	549707240741640
549707252186952	549707289124973	549707253893723
549707275544765	549707305684348	549707277526015
549707290728619	549707322290598	549707292555702
549707307040077	549707338832265	549707308921327
549707324043202	549707355401536	549707325791119
549707338732265	549707371978619	549707340547369
549707357087473	549707388537473	549707358941119
549707372952577	549707405127577	549707374783307
549707389289036	549707421714036	549707391237473
549707399616119	549707438622890	549707401594244
549707425455702	549707454869765	549707427076015
549707439130182	549707471423932	549707441462473
549707462007786	549707487987473	549707463958307
549707476676015	549707504538515	549707478199452
549707486417682	549707521140077	549707488293723
549707498303098	549707537707265	549707500208307
549707520518723	549707554835390	549707522232265
549707538481223	549707570848411	549707540655182
549707558088515	549707587422890	549707559907265
549707576804661	549707604006223	549707578565077
549707593624973	549707620585911	549707595591119
549707605883307	549707637157786	549707607766640
549707622587473	549707653701536	549707624682786
549707638957786	549707670367161	549707641053098
549707661237473	549707686868202	549707662766640
549707675617682	549707703438515	549707676925494
549707681422890	549707720026015	549707683482786
549707700321327	549707736611952	549707702210390
549707719852057	549707753186432	549707721892682
549707730787994	549707769746848	549707732685390
549707752825494	549707786306744	549707755049452
549707770302057	549707802893202	549707772203619
549707786672369	549707819476015	549707788590077
549707804672369	549707836025494	549707806644244
549707813867161	549707852601015	549707815775494
549707813867161	549707869178619	549707815775494
549707876259869	549707902315598	549707878007265
549707891409348	549707918890077	549707893432265
549707898959869	549707935455182	549707900363515
549707911278098	549707952026015	549707913461952
549709506555702	549709526510910	549709508445285
549709571338515	549709592811952	549709573277577
549709636880702	549709659134348	549709638844244
549709704849973	549709725412994	549709706841640
549709767560390	549709791696327	549709769137994
549709832303619	549709858016640	549709832880181


16666666
549705541395807	549705582082265	549705542970286
549705558964557	549705598664036	549705560261953
549705573992682	549705615258307	549705575369765
549705591055182	549705631822369	549705592433828
549705611760390	549705648394765	549705613212474
549705626164036	549705664977578	549705627566119
549705643008307	549705681591119	549705644336432
549705657972890	549705698139036	549705658630703
549705678397369	549705714686953	549705679023411
549705693195286	549705731519244	549705693758307
549705724578099	549705747827057	549705726085390
549705738836432	549705764402578	549705740249974
549705741298411	549705780963515	549705742183307
549705758737474	549705797531744	549705760279140
549705791269765	549705814114557	549705792935911
549705795439557	549705830686432	549705797185390
549705807280182	549705847285390	549705808858828
549705849057265	549705880437474	549705851666640
549705851344244	549705896999974	549705852488515
549706049610911	549706079307265	549706051286432
549706053571328	549706095872369	549706055125494
549706133293723	549706162188515	549706135030703
549706145357265	549706178737994	549706147153098
549706164137473	549706195333307	549706165875494
549706175314557	549706211898932	549706176944244
549706195180703	549706228443203	549706196729140
549706208468203	549706245033828	549706210196328
549706246248411	549706261611953	549706247890598
549706249893723	549706278196848	549706251381744
549706300950494	549706327896848	549706302543203
549706308929140	549706344558307	549706310595286
549706354811432	549706377741640	549706356074973
549706362251536	549706394185390	549706363680182
549706406027057	549706427321328	549706407717682
549706411937994	549706443902578	549706413464557
549706449122890	549706477043723	549706450902578
549706454337473	549706493610390	549706456130182
549706486670286	549706510183828	549706488376015
549706490779661	549706526746848	549706492324973
549706520306744	549706543327057	549706521121848
549706544483307	549706559891119	549706546159869
549706560613515	549706576461953	549706562301015
549706567086432	549706593042161	549706568774973
549706598961432	549706626202057	549706600591640
549706608546328	549706642761432	549706609973932
549706632648932	549706659340598	549706634127057
549706636067161	549706675893723	549706637660390
549706665095807	549706692516640	549706666883307
549706667970807	549706709060911	549706669137473
549706692738515	549706725617682	549706694440078
549706701626015	549706742199973	549706703333307
549706727184869	549706758764557	549706729154661
549706742848411	549706775362473	549706744558828
549706751106744	549706791932265	549706752808307
549706778787994	549706808546848	549706780382786
549706786648411	549706825061953	549706788288515
549706818754140	549706841640078	549706820285911
549706849445286	549706874799453	549706850916119
549706874384348	549706891356223	549706876078619
549706895718723	549706924781744	549706897447369
549706904966119	549706941071848	549706906653098
549706921767682	549706957935390	549706923456744
549706938322369	549706974260911	549706940076015
549706952298411	549706990804140	549706953991119
549706977734348	549707007396328	549706979412473
549706994969765	549707023997890	549706996174973
549707011991119	549707040504140	549707013695807
549707029486432	549707057079140	549707031861432
549707038552578	549707073691119	549707040304140
549707058502057	549707090229140	549707060258307
549707074814557	549707106814036	549707077233827
549707091635390	549707123378619	549707093304661
549707109139036	549707139944244	549707111057786
549707127505702	549707156520286	549707129352577
549707137203619	549707173106744	549707138902057
549707159369765	549707189682786	549707161081744
549707174369244	549707206244765	549707176179661
549707190716119	549707222808307	549707192499452
549707206244765	549707239405702	549707207992161
549707223624973	549707255964036	549707225360911
549707238958307	549707272552057	549707240741640
549707252186952	549707289124973	549707253893723
549707275544765	549707305684348	549707277526015
549707290728619	549707322290598	549707292555702
549707307040077	549707338832265	549707308921327
549707324043202	549707355401536	549707325791119
549707338732265	549707371978619	549707340547369
549707357087473	549707388537473	549707358941119
549707372952577	549707405127577	549707374783307
549707389289036	549707421714036	549707391237473
549707399616119	549707438622890	549707401594244
549707425455702	549707454869765	549707427076015
549707439130182	549707471423932	549707441462473
549707462007786	549707487987473	549707463958307
549707476676015	549707504538515	549707478199452
549707486417682	549707521140077	549707488293723
549707498303098	549707537707265	549707500208307
549707520518723	549707554835390	549707522232265
549707538481223	549707570848411	549707540655182
549707558088515	549707587422890	549707559907265
549707576804661	549707604006223	549707578565077
549707593624973	549707620585911	549707595591119
549707605883307	549707637157786	549707607766640
549707622587473	549707653701536	549707624682786
549707638957786	549707670367161	549707641053098
549707661237473	549707686868202	549707662766640
549707675617682	549707703438515	549707676925494
549707681422890	549707720026015	549707683482786
549707700321327	549707736611952	549707702210390
549707719852057	549707753186432	549707721892682
549707730787994	549707769746848	549707732685390
549707752825494	549707786306744	549707755049452
549707770302057	549707802893202	549707772203619
549707786672369	549707819476015	549707788590077
549707804672369	549707836025494	549707806644244
549707813867161	549707852601015	549707815775494
549707813867161	549707869178619	549707815775494
549707876259869	549707902315598	549707878007265
549707891409348	549707918890077	549707893432265
549707898959869	549707935455182	549707900363515
549707911278098	549707952026015	549707913461952
549709506555702	549709526510910	549709508445285
549709571338515	549709592811952	549709573277577
549709636880702	549709659134348	549709638844244
549709704849973	549709725412994	549709706841640
549709767560390	549709791696327	549709769137994
549709832303619	549709858016640	549709832880181


16666666
549705541395807	549705582082265	549705542970286
549705558964557	549705598664036	549705560261953
549705573992682	549705615258307	549705575369765
549705591055182	549705631822369	549705592433828
549705611760390	549705648394765	549705613212474
549705626164036	549705664977578	549705627566119
549705643008307	549705681591119	549705644336432
549705657972890	549705698139036	549705658630703
549705678397369	549705714686953	549705679023411
549705693195286	549705731519244	549705693758307
549705724578099	549705747827057	549705726085390
549705738836432	549705764402578	549705740249974
549705741298411	549705780963515	549705742183307
549705758737474	549705797531744	549705760279140
549705791269765	549705814114557	549705792935911
549705795439557	549705830686432	549705797185390
549705807280182	549705847285390	549705808858828
549705849057265	549705880437474	549705851666640
549705851344244	549705896999974	549705852488515
549706049610911	549706079307265	549706051286432
549706053571328	549706095872369	549706055125494
549706133293723	549706162188515	549706135030703
549706145357265	549706178737994	549706147153098
549706164137473	549706195333307	549706165875494
549706175314557	549706211898932	549706176944244
549706195180703	549706228443203	549706196729140
549706208468203	549706245033828	549706210196328
549706246248411	549706261611953	549706247890598
549706249893723	549706278196848	549706251381744
549706300950494	549706327896848	549706302543203
549706308929140	549706344558307	549706310595286
549706354811432	549706377741640	549706356074973
549706362251536	549706394185390	549706363680182
549706406027057	549706427321328	549706407717682
549706411937994	549706443902578	549706413464557
549706449122890	549706477043723	549706450902578
549706454337473	549706493610390	549706456130182
549706486670286	549706510183828	549706488376015
549706490779661	549706526746848	549706492324973
549706520306744	549706543327057	549706521121848
549706544483307	549706559891119	549706546159869
549706560613515	549706576461953	549706562301015
549706567086432	549706593042161	549706568774973
549706598961432	549706626202057	549706600591640
549706608546328	549706642761432	549706609973932
549706632648932	549706659340598	549706634127057
549706636067161	549706675893723	549706637660390
549706665095807	549706692516640	549706666883307
549706667970807	549706709060911	549706669137473
549706692738515	549706725617682	549706694440078
549706701626015	549706742199973	549706703333307
549706727184869	549706758764557	549706729154661
549706742848411	549706775362473	549706744558828
549706751106744	549706791932265	549706752808307
549706778787994	549706808546848	549706780382786
549706786648411	549706825061953	549706788288515
549706818754140	549706841640078	549706820285911
549706849445286	549706874799453	549706850916119
549706874384348	549706891356223	549706876078619
549706895718723	549706924781744	549706897447369
549706904966119	549706941071848	549706906653098
549706921767682	549706957935390	549706923456744
549706938322369	549706974260911	549706940076015
549706952298411	549706990804140	549706953991119
549706977734348	549707007396328	549706979412473
549706994969765	549707023997890	549706996174973
549707011991119	549707040504140	549707013695807
549707029486432	549707057079140	549707031861432
549707038552578	549707073691119	549707040304140
549707058502057	549707090229140	549707060258307
549707074814557	549707106814036	549707077233827
549707091635390	549707123378619	549707093304661
549707109139036	549707139944244	549707111057786
549707127505702	549707156520286	549707129352577
549707137203619	549707173106744	549707138902057
549707159369765	549707189682786	549707161081744
549707174369244	549707206244765	549707176179661
549707190716119	549707222808307	549707192499452
549707206244765	549707239405702	549707207992161
549707223624973	549707255964036	549707225360911
549707238958307	549707272552057	549707240741640
549707252186952	549707289124973	549707253893723
549707275544765	549707305684348	549707277526015
549707290728619	549707322290598	549707292555702
549707307040077	549707338832265	549707308921327
549707324043202	549707355401536	549707325791119
549707338732265	549707371978619	549707340547369
549707357087473	549707388537473	549707358941119
549707372952577	549707405127577	549707374783307
549707389289036	549707421714036	549707391237473
549707399616119	549707438622890	549707401594244
549707425455702	549707454869765	549707427076015
549707439130182	549707471423932	549707441462473
549707462007786	549707487987473	549707463958307
549707476676015	549707504538515	549707478199452
549707486417682	549707521140077	549707488293723
549707498303098	549707537707265	549707500208307
549707520518723	549707554835390	549707522232265
549707538481223	549707570848411	549707540655182
549707558088515	549707587422890	549707559907265
549707576804661	549707604006223	549707578565077
549707593624973	549707620585911	549707595591119
549707605883307	549707637157786	549707607766640
549707622587473	549707653701536	549707624682786
549707638957786	549707670367161	549707641053098
549707661237473	549707686868202	549707662766640
549707675617682	549707703438515	549707676925494
549707681422890	549707720026015	549707683482786
549707700321327	549707736611952	549707702210390
549707719852057	549707753186432	549707721892682
549707730787994	549707769746848	549707732685390
549707752825494	549707786306744	549707755049452
549707770302057	549707802893202	549707772203619
549707786672369	549707819476015	549707788590077
549707804672369	549707836025494	549707806644244
549707813867161	549707852601015	549707815775494
549707813867161	549707869178619	549707815775494
549707876259869	549707902315598	549707878007265
549707891409348	549707918890077	549707893432265
549707898959869	549707935455182	549707900363515
549707911278098	549707952026015	549707913461952
549709506555702	549709526510910	549709508445285
549709571338515	549709592811952	549709573277577
549709636880702	549709659134348	549709638844244
549709704849973	549709725412994	549709706841640
549709767560390	549709791696327	549709769137994
549709832303619	549709858016640	549709832880181


16666666
549705541395807	549705582082265	549705542970286
549705558964557	549705598664036	549705560261953
549705573992682	549705615258307	549705575369765
549705591055182	549705631822369	549705592433828
549705611760390	549705648394765	549705613212474
549705626164036	549705664977578	549705627566119
549705643008307	549705681591119	549705644336432
549705657972890	549705698139036	549705658630703
549705678397369	549705714686953	549705679023411
549705693195286	549705731519244	549705693758307
549705724578099	549705747827057	549705726085390
549705738836432	549705764402578	549705740249974
549705741298411	549705780963515	549705742183307
549705758737474	549705797531744	549705760279140
549705791269765	549705814114557	549705792935911
549705795439557	549705830686432	549705797185390
549705807280182	549705847285390	549705808858828
549705849057265	549705880437474	549705851666640
549705851344244	549705896999974	549705852488515
549706049610911	549706079307265	549706051286432
549706053571328	549706095872369	549706055125494
549706133293723	549706162188515	549706135030703
549706145357265	549706178737994	549706147153098
549706164137473	549706195333307	549706165875494
549706175314557	549706211898932	549706176944244
549706195180703	549706228443203	549706196729140
549706208468203	549706245033828	549706210196328
549706246248411	549706261611953	549706247890598
549706249893723	549706278196848	549706251381744
549706300950494	549706327896848	549706302543203
549706308929140	549706344558307	549706310595286
549706354811432	549706377741640	549706356074973
549706362251536	549706394185390	549706363680182
549706406027057	549706427321328	549706407717682
549706411937994	549706443902578	549706413464557
549706449122890	549706477043723	549706450902578
549706454337473	549706493610390	549706456130182
549706486670286	549706510183828	549706488376015
549706490779661	549706526746848	549706492324973
549706520306744	549706543327057	549706521121848
549706544483307	549706559891119	549706546159869
549706560613515	549706576461953	549706562301015
549706567086432	549706593042161	549706568774973
549706598961432	549706626202057	549706600591640
549706608546328	549706642761432	549706609973932
549706632648932	549706659340598	549706634127057
549706636067161	549706675893723	549706637660390
549706665095807	549706692516640	549706666883307
549706667970807	549706709060911	549706669137473
549706692738515	549706725617682	549706694440078
549706701626015	549706742199973	549706703333307
549706727184869	549706758764557	549706729154661
549706742848411	549706775362473	549706744558828
549706751106744	549706791932265	549706752808307
549706778787994	549706808546848	549706780382786
549706786648411	549706825061953	549706788288515
549706818754140	549706841640078	549706820285911
549706849445286	549706874799453	549706850916119
549706874384348	549706891356223	549706876078619
549706895718723	549706924781744	549706897447369
549706904966119	549706941071848	549706906653098
549706921767682	549706957935390	549706923456744
549706938322369	549706974260911	549706940076015
549706952298411	549706990804140	549706953991119
549706977734348	549707007396328	549706979412473
549706994969765	549707023997890	549706996174973
549707011991119	549707040504140	549707013695807
549707029486432	549707057079140	549707031861432
549707038552578	549707073691119	549707040304140
549707058502057	549707090229140	549707060258307
549707074814557	549707106814036	549707077233827
549707091635390	549707123378619	549707093304661
549707109139036	549707139944244	549707111057786
549707127505702	549707156520286	549707129352577
549707137203619	549707173106744	549707138902057
549707159369765	549707189682786	549707161081744
549707174369244	549707206244765	549707176179661
549707190716119	549707222808307	549707192499452
549707206244765	549707239405702	549707207992161
549707223624973	549707255964036	549707225360911
549707238958307	549707272552057	549707240741640
549707252186952	549707289124973	549707253893723
549707275544765	549707305684348	549707277526015
549707290728619	549707322290598	549707292555702
549707307040077	549707338832265	549707308921327
549707324043202	549707355401536	549707325791119
549707338732265	549707371978619	549707340547369
549707357087473	549707388537473	549707358941119
549707372952577	549707405127577	549707374783307
549707389289036	549707421714036	549707391237473
549707399616119	549707438622890	549707401594244
549707425455702	549707454869765	549707427076015
549707439130182	549707471423932	549707441462473
549707462007786	549707487987473	549707463958307
549707476676015	549707504538515	549707478199452
549707486417682	549707521140077	549707488293723
549707498303098	549707537707265	549707500208307
549707520518723	549707554835390	549707522232265
549707538481223	549707570848411	549707540655182
549707558088515	549707587422890	549707559907265
549707576804661	549707604006223	549707578565077
549707593624973	549707620585911	549707595591119
549707605883307	549707637157786	549707607766640
549707622587473	549707653701536	549707624682786
549707638957786	549707670367161	549707641053098
549707661237473	549707686868202	549707662766640
549707675617682	549707703438515	549707676925494
549707681422890	549707720026015	549707683482786
549707700321327	549707736611952	549707702210390
549707719852057	549707753186432	549707721892682
549707730787994	549707769746848	549707732685390
549707752825494	549707786306744	549707755049452
549707770302057	549707802893202	549707772203619
549707786672369	549707819476015	549707788590077
549707804672369	549707836025494	549707806644244
549707813867161	549707852601015	549707815775494
549707813867161	549707869178619	549707815775494
549707876259869	549707902315598	549707878007265
549707891409348	549707918890077	549707893432265
549707898959869	549707935455182	549707900363515
549707911278098	549707952026015	549707913461952
549709506555702	549709526510910	549709508445285
549709571338515	549709592811952	549709573277577
549709636880702	549709659134348	549709638844244
549709704849973	549709725412994	549709706841640
549709767560390	549709791696327	549709769137994
549709832303619	549709858016640	549709832880181


16666666
549705541395807	549705582082265	549705542970286
549705558964557	549705598664036	549705560261953
549705573992682	549705615258307	549705575369765
549705591055182	549705631822369	549705592433828
549705611760390	549705648394765	549705613212474
549705626164036	549705664977578	549705627566119
549705643008307	549705681591119	549705644336432
549705657972890	549705698139036	549705658630703
549705678397369	549705714686953	549705679023411
549705693195286	549705731519244	549705693758307
549705724578099	549705747827057	549705726085390
549705738836432	549705764402578	549705740249974
549705741298411	549705780963515	549705742183307
549705758737474	549705797531744	549705760279140
549705791269765	549705814114557	549705792935911
549705795439557	549705830686432	549705797185390
549705807280182	549705847285390	549705808858828
549705849057265	549705880437474	549705851666640
549705851344244	549705896999974	549705852488515
549706049610911	549706079307265	549706051286432
549706053571328	549706095872369	549706055125494
549706133293723	549706162188515	549706135030703
549706145357265	549706178737994	549706147153098
549706164137473	549706195333307	549706165875494
549706175314557	549706211898932	549706176944244
549706195180703	549706228443203	549706196729140
549706208468203	549706245033828	549706210196328
549706246248411	549706261611953	549706247890598
549706249893723	549706278196848	549706251381744
549706300950494	549706327896848	549706302543203
549706308929140	549706344558307	549706310595286
549706354811432	549706377741640	549706356074973
549706362251536	549706394185390	549706363680182
549706406027057	549706427321328	549706407717682
549706411937994	549706443902578	549706413464557
549706449122890	549706477043723	549706450902578
549706454337473	549706493610390	549706456130182
549706486670286	549706510183828	549706488376015
549706490779661	549706526746848	549706492324973
549706520306744	549706543327057	549706521121848
549706544483307	549706559891119	549706546159869
549706560613515	549706576461953	549706562301015
549706567086432	549706593042161	549706568774973
549706598961432	549706626202057	549706600591640
549706608546328	549706642761432	549706609973932
549706632648932	549706659340598	549706634127057
549706636067161	549706675893723	549706637660390
549706665095807	549706692516640	549706666883307
549706667970807	549706709060911	549706669137473
549706692738515	549706725617682	549706694440078
549706701626015	549706742199973	549706703333307
549706727184869	549706758764557	549706729154661
549706742848411	549706775362473	549706744558828
549706751106744	549706791932265	549706752808307
549706778787994	549706808546848	549706780382786
549706786648411	549706825061953	549706788288515
549706818754140	549706841640078	549706820285911
549706849445286	549706874799453	549706850916119
549706874384348	549706891356223	549706876078619
549706895718723	549706924781744	549706897447369
549706904966119	549706941071848	549706906653098
549706921767682	549706957935390	549706923456744
549706938322369	549706974260911	549706940076015
549706952298411	549706990804140	549706953991119
549706977734348	549707007396328	549706979412473
549706994969765	549707023997890	549706996174973
549707011991119	549707040504140	549707013695807
549707029486432	549707057079140	549707031861432
549707038552578	549707073691119	549707040304140
549707058502057	549707090229140	549707060258307
549707074814557	549707106814036	549707077233827
549707091635390	549707123378619	549707093304661
549707109139036	549707139944244	549707111057786
549707127505702	549707156520286	549707129352577
549707137203619	549707173106744	549707138902057
549707159369765	549707189682786	549707161081744
549707174369244	549707206244765	549707176179661
549707190716119	549707222808307	549707192499452
549707206244765	549707239405702	549707207992161
549707223624973	549707255964036	549707225360911
549707238958307	549707272552057	549707240741640
549707252186952	549707289124973	549707253893723
549707275544765	549707305684348	549707277526015
549707290728619	549707322290598	549707292555702
549707307040077	549707338832265	549707308921327
549707324043202	549707355401536	549707325791119
549707338732265	549707371978619	549707340547369
549707357087473	549707388537473	549707358941119
549707372952577	549707405127577	549707374783307
549707389289036	549707421714036	549707391237473
549707399616119	549707438622890	549707401594244
549707425455702	549707454869765	549707427076015
549707439130182	549707471423932	549707441462473
549707462007786	549707487987473	549707463958307
549707476676015	549707504538515	549707478199452
549707486417682	549707521140077	549707488293723
549707498303098	549707537707265	549707500208307
549707520518723	549707554835390	549707522232265
549707538481223	549707570848411	549707540655182
549707558088515	549707587422890	549707559907265
549707576804661	549707604006223	549707578565077
549707593624973	549707620585911	549707595591119
549707605883307	549707637157786	549707607766640
549707622587473	549707653701536	549707624682786
549707638957786	549707670367161	549707641053098
549707661237473	549707686868202	549707662766640
549707675617682	549707703438515	549707676925494
549707681422890	549707720026015	549707683482786
549707700321327	549707736611952	549707702210390
549707719852057	549707753186432	549707721892682
549707730787994	549707769746848	549707732685390
549707752825494	549707786306744	549707755049452
549707770302057	549707802893202	549707772203619
549707786672369	549707819476015	549707788590077
549707804672369	549707836025494	549707806644244
549707813867161	549707852601015	549707815775494
549707813867161	549707869178619	549707815775494
549707876259869	549707902315598	549707878007265
549707891409348	549707918890077	549707893432265
549707898959869	549707935455182	549707900363515
549707911278098	549707952026015	549707913461952
549709506555702	549709526510910	549709508445285
549709571338515	549709592811952	549709573277577
549709636880702	549709659134348	549709638844244
549709704849973	549709725412994	549709706841640
549709767560390	549709791696327	549709769137994
549709832303619	549709858016640	549709832880181


16666666
549705541395807	549705582082265	549705542970286
549705558964557	549705598664036	549705560261953
549705573992682	549705615258307	549705575369765
549705591055182	549705631822369	549705592433828
549705611760390	549705648394765	549705613212474
549705626164036	549705664977578	549705627566119
549705643008307	549705681591119	549705644336432
549705657972890	549705698139036	549705658630703
549705678397369	549705714686953	549705679023411
549705693195286	549705731519244	549705693758307
549705724578099	549705747827057	549705726085390
549705738836432	549705764402578	549705740249974
549705741298411	549705780963515	549705742183307
549705758737474	549705797531744	549705760279140
549705791269765	549705814114557	549705792935911
549705795439557	549705830686432	549705797185390
549705807280182	549705847285390	549705808858828
549705849057265	549705880437474	549705851666640
549705851344244	549705896999974	549705852488515
549706049610911	549706079307265	549706051286432
549706053571328	549706095872369	549706055125494
549706133293723	549706162188515	549706135030703
549706145357265	549706178737994	549706147153098
549706164137473	549706195333307	549706165875494
549706175314557	549706211898932	549706176944244
549706195180703	549706228443203	549706196729140
549706208468203	549706245033828	549706210196328
549706246248411	549706261611953	549706247890598
549706249893723	549706278196848	549706251381744
549706300950494	549706327896848	549706302543203
549706308929140	549706344558307	549706310595286
549706354811432	549706377741640	549706356074973
549706362251536	549706394185390	549706363680182
549706406027057	549706427321328	549706407717682
549706411937994	549706443902578	549706413464557
549706449122890	549706477043723	549706450902578
549706454337473	549706493610390	549706456130182
549706486670286	549706510183828	549706488376015
549706490779661	549706526746848	549706492324973
549706520306744	549706543327057	549706521121848
549706544483307	549706559891119	549706546159869
549706560613515	549706576461953	549706562301015
549706567086432	549706593042161	549706568774973
549706598961432	549706626202057	549706600591640
549706608546328	549706642761432	549706609973932
549706632648932	549706659340598	549706634127057
549706636067161	549706675893723	549706637660390
549706665095807	549706692516640	549706666883307
549706667970807	549706709060911	549706669137473
549706692738515	549706725617682	549706694440078
549706701626015	549706742199973	549706703333307
549706727184869	549706758764557	549706729154661
549706742848411	549706775362473	549706744558828
549706751106744	549706791932265	549706752808307
549706778787994	549706808546848	549706780382786
549706786648411	549706825061953	549706788288515
549706818754140	549706841640078	549706820285911
549706849445286	549706874799453	549706850916119
549706874384348	549706891356223	549706876078619
549706895718723	549706924781744	549706897447369
549706904966119	549706941071848	549706906653098
549706921767682	549706957935390	549706923456744
549706938322369	549706974260911	549706940076015
549706952298411	549706990804140	549706953991119
549706977734348	549707007396328	549706979412473
549706994969765	549707023997890	549706996174973
549707011991119	549707040504140	549707013695807
549707029486432	549707057079140	549707031861432
549707038552578	549707073691119	549707040304140
549707058502057	549707090229140	549707060258307
549707074814557	549707106814036	549707077233827
549707091635390	549707123378619	549707093304661
549707109139036	549707139944244	549707111057786
549707127505702	549707156520286	549707129352577
549707137203619	549707173106744	549707138902057
549707159369765	549707189682786	549707161081744
549707174369244	549707206244765	549707176179661
549707190716119	549707222808307	549707192499452
549707206244765	549707239405702	549707207992161
549707223624973	549707255964036	549707225360911
549707238958307	549707272552057	549707240741640
549707252186952	549707289124973	549707253893723
549707275544765	549707305684348	549707277526015
549707290728619	549707322290598	549707292555702
549707307040077	549707338832265	549707308921327
549707324043202	549707355401536	549707325791119
549707338732265	549707371978619	549707340547369
549707357087473	549707388537473	549707358941119
549707372952577	549707405127577	549707374783307
549707389289036	549707421714036	549707391237473
549707399616119	549707438622890	549707401594244
549707425455702	549707454869765	549707427076015
549707439130182	549707471423932	549707441462473
549707462007786	549707487987473	549707463958307
549707476676015	549707504538515	549707478199452
549707486417682	549707521140077	549707488293723
549707498303098	549707537707265	549707500208307
549707520518723	549707554835390	549707522232265
549707538481223	549707570848411	549707540655182
549707558088515	549707587422890	549707559907265
549707576804661	549707604006223	549707578565077
549707593624973	549707620585911	549707595591119
549707605883307	549707637157786	549707607766640
549707622587473	549707653701536	549707624682786
549707638957786	549707670367161	549707641053098
549707661237473	549707686868202	549707662766640
549707675617682	549707703438515	549707676925494
549707681422890	549707720026015	549707683482786
549707700321327	549707736611952	549707702210390
549707719852057	549707753186432	549707721892682
549707730787994	549707769746848	549707732685390
549707752825494	549707786306744	549707755049452
549707770302057	549707802893202	549707772203619
549707786672369	549707819476015	549707788590077
549707804672369	549707836025494	549707806644244
549707813867161	549707852601015	549707815775494
549707813867161	549707869178619	549707815775494
549707876259869	549707902315598	549707878007265
549707891409348	549707918890077	549707893432265
549707898959869	549707935455182	549707900363515
549707911278098	549707952026015	549707913461952
549709506555702	549709526510910	549709508445285
549709571338515	549709592811952	549709573277577
549709636880702	549709659134348	549709638844244
549709704849973	549709725412994	549709706841640
549709767560390	549709791696327	549709769137994
549709832303619	549709858016640	549709832880181


16666666
549705541395807	549705582082265	549705542970286
549705558964557	549705598664036	549705560261953
549705573992682	549705615258307	549705575369765
549705591055182	549705631822369	549705592433828
549705611760390	549705648394765	549705613212474
549705626164036	549705664977578	549705627566119
549705643008307	549705681591119	549705644336432
549705657972890	549705698139036	549705658630703
549705678397369	549705714686953	549705679023411
549705693195286	549705731519244	549705693758307
549705724578099	549705747827057	549705726085390
549705738836432	549705764402578	549705740249974
549705741298411	549705780963515	549705742183307
549705758737474	549705797531744	549705760279140
549705791269765	549705814114557	549705792935911
549705795439557	549705830686432	549705797185390
549705807280182	549705847285390	549705808858828
549705849057265	549705880437474	549705851666640
549705851344244	549705896999974	549705852488515
549706049610911	549706079307265	549706051286432
549706053571328	549706095872369	549706055125494
549706133293723	549706162188515	549706135030703
549706145357265	549706178737994	549706147153098
549706164137473	549706195333307	549706165875494
549706175314557	549706211898932	549706176944244
549706195180703	549706228443203	549706196729140
549706208468203	549706245033828	549706210196328
549706246248411	549706261611953	549706247890598
549706249893723	549706278196848	549706251381744
549706300950494	549706327896848	549706302543203
549706308929140	549706344558307	549706310595286
549706354811432	549706377741640	549706356074973
549706362251536	549706394185390	549706363680182
549706406027057	549706427321328	549706407717682
549706411937994	549706443902578	549706413464557
549706449122890	549706477043723	549706450902578
549706454337473	549706493610390	549706456130182
549706486670286	549706510183828	549706488376015
549706490779661	549706526746848	549706492324973
549706520306744	549706543327057	549706521121848
549706544483307	549706559891119	549706546159869
549706560613515	549706576461953	549706562301015
549706567086432	549706593042161	549706568774973
549706598961432	549706626202057	549706600591640
549706608546328	549706642761432	549706609973932
549706632648932	549706659340598	549706634127057
549706636067161	549706675893723	549706637660390
549706665095807	549706692516640	549706666883307
549706667970807	549706709060911	549706669137473
549706692738515	549706725617682	549706694440078
549706701626015	549706742199973	549706703333307
549706727184869	549706758764557	549706729154661
549706742848411	549706775362473	549706744558828
549706751106744	549706791932265	549706752808307
549706778787994	549706808546848	549706780382786
549706786648411	549706825061953	549706788288515
549706818754140	549706841640078	549706820285911
549706849445286	549706874799453	549706850916119
549706874384348	549706891356223	549706876078619
549706895718723	549706924781744	549706897447369
549706904966119	549706941071848	549706906653098
549706921767682	549706957935390	549706923456744
549706938322369	549706974260911	549706940076015
549706952298411	549706990804140	549706953991119
549706977734348	549707007396328	549706979412473
549706994969765	549707023997890	549706996174973
549707011991119	549707040504140	549707013695807
549707029486432	549707057079140	549707031861432
549707038552578	549707073691119	549707040304140
549707058502057	549707090229140	549707060258307
549707074814557	549707106814036	549707077233827
549707091635390	549707123378619	549707093304661
549707109139036	549707139944244	549707111057786
549707127505702	549707156520286	549707129352577
549707137203619	549707173106744	549707138902057
549707159369765	549707189682786	549707161081744
549707174369244	549707206244765	549707176179661
549707190716119	549707222808307	549707192499452
549707206244765	549707239405702	549707207992161
549707223624973	549707255964036	549707225360911
549707238958307	549707272552057	549707240741640
549707252186952	549707289124973	549707253893723
549707275544765	549707305684348	549707277526015
549707290728619	549707322290598	549707292555702
549707307040077	549707338832265	549707308921327
549707324043202	549707355401536	549707325791119
549707338732265	549707371978619	549707340547369
549707357087473	549707388537473	549707358941119
549707372952577	549707405127577	549707374783307
549707389289036	549707421714036	549707391237473
549707399616119	549707438622890	549707401594244
549707425455702	549707454869765	549707427076015
549707439130182	549707471423932	549707441462473
549707462007786	549707487987473	549707463958307
549707476676015	549707504538515	549707478199452
549707486417682	549707521140077	549707488293723
549707498303098	549707537707265	549707500208307
549707520518723	549707554835390	549707522232265
549707538481223	549707570848411	549707540655182
549707558088515	549707587422890	549707559907265
549707576804661	549707604006223	549707578565077
549707593624973	549707620585911	549707595591119
549707605883307	549707637157786	549707607766640
549707622587473	549707653701536	549707624682786
549707638957786	549707670367161	549707641053098
549707661237473	549707686868202	549707662766640
549707675617682	549707703438515	549707676925494
549707681422890	549707720026015	549707683482786
549707700321327	549707736611952	549707702210390
549707719852057	549707753186432	549707721892682
549707730787994	549707769746848	549707732685390
549707752825494	549707786306744	549707755049452
549707770302057	549707802893202	549707772203619
549707786672369	549707819476015	549707788590077
549707804672369	549707836025494	549707806644244
549707813867161	549707852601015	549707815775494
549707813867161	549707869178619	549707815775494
549707876259869	549707902315598	549707878007265
549707891409348	549707918890077	549707893432265
549707898959869	549707935455182	549707900363515
549707911278098	549707952026015	549707913461952
549709506555702	549709526510910	549709508445285
549709571338515	549709592811952	549709573277577
549709636880702	549709659134348	549709638844244
549709704849973	549709725412994	549709706841640
549709767560390	549709791696327	549709769137994
549709832303619	549709858016640	549709832880181


16666666
549705541395807	549705582082265	549705542970286
549705558964557	549705598664036	549705560261953
549705573992682	549705615258307	549705575369765
549705591055182	549705631822369	549705592433828
549705611760390	549705648394765	549705613212474
549705626164036	549705664977578	549705627566119
549705643008307	549705681591119	549705644336432
549705657972890	549705698139036	549705658630703
549705678397369	549705714686953	549705679023411
549705693195286	549705731519244	549705693758307
549705724578099	549705747827057	549705726085390
549705738836432	549705764402578	549705740249974
549705741298411	549705780963515	549705742183307
549705758737474	549705797531744	549705760279140
549705791269765	549705814114557	549705792935911
549705795439557	549705830686432	549705797185390
549705807280182	549705847285390	549705808858828
549705849057265	549705880437474	549705851666640
549705851344244	549705896999974	549705852488515
549706049610911	549706079307265	549706051286432
549706053571328	549706095872369	549706055125494
549706133293723	549706162188515	549706135030703
549706145357265	549706178737994	549706147153098
549706164137473	549706195333307	549706165875494
549706175314557	549706211898932	549706176944244
549706195180703	549706228443203	549706196729140
549706208468203	549706245033828	549706210196328
549706246248411	549706261611953	549706247890598
549706249893723	549706278196848	549706251381744
549706300950494	549706327896848	549706302543203
549706308929140	549706344558307	549706310595286
549706354811432	549706377741640	549706356074973
549706362251536	549706394185390	549706363680182
549706406027057	549706427321328	549706407717682
549706411937994	549706443902578	549706413464557
549706449122890	549706477043723	549706450902578
549706454337473	549706493610390	549706456130182
549706486670286	549706510183828	549706488376015
549706490779661	549706526746848	549706492324973
549706520306744	549706543327057	549706521121848
549706544483307	549706559891119	549706546159869
549706560613515	549706576461953	549706562301015
549706567086432	549706593042161	549706568774973
549706598961432	549706626202057	549706600591640
549706608546328	549706642761432	549706609973932
549706632648932	549706659340598	549706634127057
549706636067161	549706675893723	549706637660390
549706665095807	549706692516640	549706666883307
549706667970807	549706709060911	549706669137473
549706692738515	549706725617682	549706694440078
549706701626015	549706742199973	549706703333307
549706727184869	549706758764557	549706729154661
549706742848411	549706775362473	549706744558828
549706751106744	549706791932265	549706752808307
549706778787994	549706808546848	549706780382786
549706786648411	549706825061953	549706788288515
549706818754140	549706841640078	549706820285911
549706849445286	549706874799453	549706850916119
549706874384348	549706891356223	549706876078619
549706895718723	549706924781744	549706897447369
549706904966119	549706941071848	549706906653098
549706921767682	549706957935390	549706923456744
549706938322369	549706974260911	549706940076015
549706952298411	549706990804140	549706953991119
549706977734348	549707007396328	549706979412473
549706994969765	549707023997890	549706996174973
549707011991119	549707040504140	549707013695807
549707029486432	549707057079140	549707031861432
549707038552578	549707073691119	549707040304140
549707058502057	549707090229140	549707060258307
549707074814557	549707106814036	549707077233827
549707091635390	549707123378619	549707093304661
549707109139036	549707139944244	549707111057786
549707127505702	549707156520286	549707129352577
549707137203619	549707173106744	549707138902057
549707159369765	549707189682786	549707161081744
549707174369244	549707206244765	549707176179661
549707190716119	549707222808307	549707192499452
549707206244765	549707239405702	549707207992161
549707223624973	549707255964036	549707225360911
549707238958307	549707272552057	549707240741640
549707252186952	549707289124973	549707253893723
549707275544765	549707305684348	549707277526015
549707290728619	549707322290598	549707292555702
549707307040077	549707338832265	549707308921327
549707324043202	549707355401536	549707325791119
549707338732265	549707371978619	549707340547369
549707357087473	549707388537473	549707358941119
549707372952577	549707405127577	549707374783307
549707389289036	549707421714036	549707391237473
549707399616119	549707438622890	549707401594244
549707425455702	549707454869765	549707427076015
549707439130182	549707471423932	549707441462473
549707462007786	549707487987473	549707463958307
549707476676015	549707504538515	549707478199452
549707486417682	549707521140077	549707488293723
549707498303098	549707537707265	549707500208307
549707520518723	549707554835390	549707522232265
549707538481223	549707570848411	549707540655182
549707558088515	549707587422890	549707559907265
549707576804661	549707604006223	549707578565077
549707593624973	549707620585911	549707595591119
549707605883307	549707637157786	549707607766640
549707622587473	549707653701536	549707624682786
549707638957786	549707670367161	549707641053098
549707661237473	549707686868202	549707662766640
549707675617682	549707703438515	549707676925494
549707681422890	549707720026015	549707683482786
549707700321327	549707736611952	549707702210390
549707719852057	549707753186432	549707721892682
549707730787994	549707769746848	549707732685390
549707752825494	549707786306744	549707755049452
549707770302057	549707802893202	549707772203619
549707786672369	549707819476015	549707788590077
549707804672369	549707836025494	549707806644244
549707813867161	549707852601015	549707815775494
549707813867161	549707869178619	549707815775494
549707876259869	549707902315598	549707878007265
549707891409348	549707918890077	549707893432265
549707898959869	549707935455182	549707900363515
549707911278098	549707952026015	549707913461952
549709506555702	549709526510910	549709508445285
549709571338515	549709592811952	549709573277577
549709636880702	549709659134348	549709638844244
549709704849973	549709725412994	549709706841640
549709767560390	549709791696327	549709769137994
549709832303619	549709858016640	549709832880181


16666666
549705541395807	549705582082265	549705542970286
549705558964557	549705598664036	549705560261953
549705573992682	549705615258307	549705575369765
549705591055182	549705631822369	549705592433828
549705611760390	549705648394765	549705613212474
549705626164036	549705664977578	549705627566119
549705643008307	549705681591119	549705644336432
549705657972890	549705698139036	549705658630703
549705678397369	549705714686953	549705679023411
549705693195286	549705731519244	549705693758307
549705724578099	549705747827057	549705726085390
549705738836432	549705764402578	549705740249974
549705741298411	549705780963515	549705742183307
549705758737474	549705797531744	549705760279140
549705791269765	549705814114557	549705792935911
549705795439557	549705830686432	549705797185390
549705807280182	549705847285390	549705808858828
549705849057265	549705880437474	549705851666640
549705851344244	549705896999974	549705852488515
549706049610911	549706079307265	549706051286432
549706053571328	549706095872369	549706055125494
549706133293723	549706162188515	549706135030703
549706145357265	549706178737994	549706147153098
549706164137473	549706195333307	549706165875494
549706175314557	549706211898932	549706176944244
549706195180703	549706228443203	549706196729140
549706208468203	549706245033828	549706210196328
549706246248411	549706261611953	549706247890598
549706249893723	549706278196848	549706251381744
549706300950494	549706327896848	549706302543203
549706308929140	549706344558307	549706310595286
549706354811432	549706377741640	549706356074973
549706362251536	549706394185390	549706363680182
549706406027057	549706427321328	549706407717682
549706411937994	549706443902578	549706413464557
549706449122890	549706477043723	549706450902578
549706454337473	549706493610390	549706456130182
549706486670286	549706510183828	549706488376015
549706490779661	549706526746848	549706492324973
549706520306744	549706543327057	549706521121848
549706544483307	549706559891119	549706546159869
549706560613515	549706576461953	549706562301015
549706567086432	549706593042161	549706568774973
549706598961432	549706626202057	549706600591640
549706608546328	549706642761432	549706609973932
549706632648932	549706659340598	549706634127057
549706636067161	549706675893723	549706637660390
549706665095807	549706692516640	549706666883307
549706667970807	549706709060911	549706669137473
549706692738515	549706725617682	549706694440078
549706701626015	549706742199973	549706703333307
549706727184869	549706758764557	549706729154661
549706742848411	549706775362473	549706744558828
549706751106744	549706791932265	549706752808307
549706778787994	549706808546848	549706780382786
549706786648411	549706825061953	549706788288515
549706818754140	549706841640078	549706820285911
549706849445286	549706874799453	549706850916119
549706874384348	549706891356223	549706876078619
549706895718723	549706924781744	549706897447369
549706904966119	549706941071848	549706906653098
549706921767682	549706957935390	549706923456744
549706938322369	549706974260911	549706940076015
549706952298411	549706990804140	549706953991119
549706977734348	549707007396328	549706979412473
549706994969765	549707023997890	549706996174973
549707011991119	549707040504140	549707013695807
549707029486432	549707057079140	549707031861432
549707038552578	549707073691119	549707040304140
549707058502057	549707090229140	549707060258307
549707074814557	549707106814036	549707077233827
549707091635390	549707123378619	549707093304661
549707109139036	549707139944244	549707111057786
549707127505702	549707156520286	549707129352577
549707137203619	549707173106744	549707138902057
549707159369765	549707189682786	549707161081744
549707174369244	549707206244765	549707176179661
549707190716119	549707222808307	549707192499452
549707206244765	549707239405702	549707207992161
549707223624973	549707255964036	549707225360911
549707238958307	549707272552057	549707240741640
549707252186952	549707289124973	549707253893723
549707275544765	549707305684348	549707277526015
549707290728619	549707322290598	549707292555702
549707307040077	549707338832265	549707308921327
549707324043202	549707355401536	549707325791119
549707338732265	549707371978619	549707340547369
549707357087473	549707388537473	549707358941119
549707372952577	549707405127577	549707374783307
549707389289036	549707421714036	549707391237473
549707399616119	549707438622890	549707401594244
549707425455702	549707454869765	549707427076015
549707439130182	549707471423932	549707441462473
549707462007786	549707487987473	549707463958307
549707476676015	549707504538515	549707478199452
549707486417682	549707521140077	549707488293723
549707498303098	549707537707265	549707500208307
549707520518723	549707554835390	549707522232265
549707538481223	549707570848411	549707540655182
549707558088515	549707587422890	549707559907265
549707576804661	549707604006223	549707578565077
549707593624973	549707620585911	549707595591119
549707605883307	549707637157786	549707607766640
549707622587473	549707653701536	549707624682786
549707638957786	549707670367161	549707641053098
549707661237473	549707686868202	549707662766640
549707675617682	549707703438515	549707676925494
549707681422890	549707720026015	549707683482786
549707700321327	549707736611952	549707702210390
549707719852057	549707753186432	549707721892682
549707730787994	549707769746848	549707732685390
549707752825494	549707786306744	549707755049452
549707770302057	549707802893202	549707772203619
549707786672369	549707819476015	549707788590077
549707804672369	549707836025494	549707806644244
549707813867161	549707852601015	549707815775494
549707813867161	549707869178619	549707815775494
549707876259869	549707902315598	549707878007265
549707891409348	549707918890077	549707893432265
549707898959869	549707935455182	549707900363515
549707911278098	549707952026015	549707913461952
549709506555702	549709526510910	549709508445285
549709571338515	549709592811952	549709573277577
549709636880702	549709659134348	549709638844244
549709704849973	549709725412994	549709706841640
549709767560390	549709791696327	549709769137994
549709832303619	549709858016640	549709832880181


16666666
549705541395807	549705582082265	549705542970286
549705558964557	549705598664036	549705560261953
549705573992682	549705615258307	549705575369765
549705591055182	549705631822369	549705592433828
549705611760390	549705648394765	549705613212474
549705626164036	549705664977578	549705627566119
549705643008307	549705681591119	549705644336432
549705657972890	549705698139036	549705658630703
549705678397369	549705714686953	549705679023411
549705693195286	549705731519244	549705693758307
549705724578099	549705747827057	549705726085390
549705738836432	549705764402578	549705740249974
549705741298411	549705780963515	549705742183307
549705758737474	549705797531744	549705760279140
549705791269765	549705814114557	549705792935911
549705795439557	549705830686432	549705797185390
549705807280182	549705847285390	549705808858828
549705849057265	549705880437474	549705851666640
549705851344244	549705896999974	549705852488515
549706049610911	549706079307265	549706051286432
549706053571328	549706095872369	549706055125494
549706133293723	549706162188515	549706135030703
549706145357265	549706178737994	549706147153098
549706164137473	549706195333307	549706165875494
549706175314557	549706211898932	549706176944244
549706195180703	549706228443203	549706196729140
549706208468203	549706245033828	549706210196328
549706246248411	549706261611953	549706247890598
549706249893723	549706278196848	549706251381744
549706300950494	549706327896848	549706302543203
549706308929140	549706344558307	549706310595286
549706354811432	549706377741640	549706356074973
549706362251536	549706394185390	549706363680182
549706406027057	549706427321328	549706407717682
549706411937994	549706443902578	549706413464557
549706449122890	549706477043723	549706450902578
549706454337473	549706493610390	549706456130182
549706486670286	549706510183828	549706488376015
549706490779661	549706526746848	549706492324973
549706520306744	549706543327057	549706521121848
549706544483307	549706559891119	549706546159869
549706560613515	549706576461953	549706562301015
549706567086432	549706593042161	549706568774973
549706598961432	549706626202057	549706600591640
549706608546328	549706642761432	549706609973932
549706632648932	549706659340598	549706634127057
549706636067161	549706675893723	549706637660390
549706665095807	549706692516640	549706666883307
549706667970807	549706709060911	549706669137473
549706692738515	549706725617682	549706694440078
549706701626015	549706742199973	549706703333307
549706727184869	549706758764557	549706729154661
549706742848411	549706775362473	549706744558828
549706751106744	549706791932265	549706752808307
549706778787994	549706808546848	549706780382786
549706786648411	549706825061953	549706788288515
549706818754140	549706841640078	549706820285911
549706849445286	549706874799453	549706850916119
549706874384348	549706891356223	549706876078619
549706895718723	549706924781744	549706897447369
549706904966119	549706941071848	549706906653098
549706921767682	549706957935390	549706923456744
549706938322369	549706974260911	549706940076015
549706952298411	549706990804140	549706953991119
549706977734348	549707007396328	549706979412473
549706994969765	549707023997890	549706996174973
549707011991119	549707040504140	549707013695807
549707029486432	549707057079140	549707031861432
549707038552578	549707073691119	549707040304140
549707058502057	549707090229140	549707060258307
549707074814557	549707106814036	549707077233827
549707091635390	549707123378619	549707093304661
549707109139036	549707139944244	549707111057786
549707127505702	549707156520286	549707129352577
549707137203619	549707173106744	549707138902057
549707159369765	549707189682786	549707161081744
549707174369244	549707206244765	549707176179661
549707190716119	549707222808307	549707192499452
549707206244765	549707239405702	549707207992161
549707223624973	549707255964036	549707225360911
549707238958307	549707272552057	549707240741640
549707252186952	549707289124973	549707253893723
549707275544765	549707305684348	549707277526015
549707290728619	549707322290598	549707292555702
549707307040077	549707338832265	549707308921327
549707324043202	549707355401536	549707325791119
549707338732265	549707371978619	549707340547369
549707357087473	549707388537473	549707358941119
549707372952577	549707405127577	549707374783307
549707389289036	549707421714036	549707391237473
549707399616119	549707438622890	549707401594244
549707425455702	549707454869765	549707427076015
549707439130182	549707471423932	549707441462473
549707462007786	549707487987473	549707463958307
549707476676015	549707504538515	549707478199452
549707486417682	549707521140077	549707488293723
549707498303098	549707537707265	549707500208307
549707520518723	549707554835390	549707522232265
549707538481223	549707570848411	549707540655182
549707558088515	549707587422890	549707559907265
549707576804661	549707604006223	549707578565077
549707593624973	549707620585911	549707595591119
549707605883307	549707637157786	549707607766640
549707622587473	549707653701536	549707624682786
549707638957786	549707670367161	549707641053098
549707661237473	549707686868202	549707662766640
549707675617682	549707703438515	549707676925494
549707681422890	549707720026015	549707683482786
549707700321327	549707736611952	549707702210390
549707719852057	549707753186432	549707721892682
549707730787994	549707769746848	549707732685390
549707752825494	549707786306744	549707755049452
549707770302057	549707802893202	549707772203619
549707786672369	549707819476015	549707788590077
549707804672369	549707836025494	549707806644244
549707813867161	549707852601015	549707815775494
549707813867161	549707869178619	549707815775494
549707876259869	549707902315598	549707878007265
549707891409348	549707918890077	549707893432265
549707898959869	549707935455182	549707900363515
549707911278098	549707952026015	549707913461952
549709506555702	549709526510910	549709508445285
549709571338515	549709592811952	549709573277577
549709636880702	549709659134348	549709638844244
549709704849973	549709725412994	549709706841640
549709767560390	549709791696327	549709769137994
549709832303619	549709858016640	549709832880181


16666666
549705541395807	549705582082265	549705542970286
549705558964557	549705598664036	549705560261953
549705573992682	549705615258307	549705575369765
549705591055182	549705631822369	549705592433828
549705611760390	549705648394765	549705613212474
549705626164036	549705664977578	549705627566119
549705643008307	549705681591119	549705644336432
549705657972890	549705698139036	549705658630703
549705678397369	549705714686953	549705679023411
549705693195286	549705731519244	549705693758307
549705724578099	549705747827057	549705726085390
549705738836432	549705764402578	549705740249974
549705741298411	549705780963515	549705742183307
549705758737474	549705797531744	549705760279140
549705791269765	549705814114557	549705792935911
549705795439557	549705830686432	549705797185390
549705807280182	549705847285390	549705808858828
549705849057265	549705880437474	549705851666640
549705851344244	549705896999974	549705852488515
549706049610911	549706079307265	549706051286432
549706053571328	549706095872369	549706055125494
549706133293723	549706162188515	549706135030703
549706145357265	549706178737994	549706147153098
549706164137473	549706195333307	549706165875494
549706175314557	549706211898932	549706176944244
549706195180703	549706228443203	549706196729140
549706208468203	549706245033828	549706210196328
549706246248411	549706261611953	549706247890598
549706249893723	549706278196848	549706251381744
549706300950494	549706327896848	549706302543203
549706308929140	549706344558307	549706310595286
549706354811432	549706377741640	549706356074973
549706362251536	549706394185390	549706363680182
549706406027057	549706427321328	549706407717682
549706411937994	549706443902578	549706413464557
549706449122890	549706477043723	549706450902578
549706454337473	549706493610390	549706456130182
549706486670286	549706510183828	549706488376015
549706490779661	549706526746848	549706492324973
549706520306744	549706543327057	549706521121848
549706544483307	549706559891119	549706546159869
549706560613515	549706576461953	549706562301015
549706567086432	549706593042161	549706568774973
549706598961432	549706626202057	549706600591640
549706608546328	549706642761432	549706609973932
549706632648932	549706659340598	549706634127057
549706636067161	549706675893723	549706637660390
549706665095807	549706692516640	549706666883307
549706667970807	549706709060911	549706669137473
549706692738515	549706725617682	549706694440078
549706701626015	549706742199973	549706703333307
549706727184869	549706758764557	549706729154661
549706742848411	549706775362473	549706744558828
549706751106744	549706791932265	549706752808307
549706778787994	549706808546848	549706780382786
549706786648411	549706825061953	549706788288515
549706818754140	549706841640078	549706820285911
549706849445286	549706874799453	549706850916119
549706874384348	549706891356223	549706876078619
549706895718723	549706924781744	549706897447369
549706904966119	549706941071848	549706906653098
549706921767682	549706957935390	549706923456744
549706938322369	549706974260911	549706940076015
549706952298411	549706990804140	549706953991119
549706977734348	549707007396328	549706979412473
549706994969765	549707023997890	549706996174973
549707011991119	549707040504140	549707013695807
549707029486432	549707057079140	549707031861432
549707038552578	549707073691119	549707040304140
549707058502057	549707090229140	549707060258307
549707074814557	549707106814036	549707077233827
549707091635390	549707123378619	549707093304661
549707109139036	549707139944244	549707111057786
549707127505702	549707156520286	549707129352577
549707137203619	549707173106744	549707138902057
549707159369765	549707189682786	549707161081744
549707174369244	549707206244765	549707176179661
549707190716119	549707222808307	549707192499452
549707206244765	549707239405702	549707207992161
549707223624973	549707255964036	549707225360911
549707238958307	549707272552057	549707240741640
549707252186952	549707289124973	549707253893723
549707275544765	549707305684348	549707277526015
549707290728619	549707322290598	549707292555702
549707307040077	549707338832265	549707308921327
549707324043202	549707355401536	549707325791119
549707338732265	549707371978619	549707340547369
549707357087473	549707388537473	549707358941119
549707372952577	549707405127577	549707374783307
549707389289036	549707421714036	549707391237473
549707399616119	549707438622890	549707401594244
549707425455702	549707454869765	549707427076015
549707439130182	549707471423932	549707441462473
549707462007786	549707487987473	549707463958307
549707476676015	549707504538515	549707478199452
549707486417682	549707521140077	549707488293723
549707498303098	549707537707265	549707500208307
549707520518723	549707554835390	549707522232265
549707538481223	549707570848411	549707540655182
549707558088515	549707587422890	549707559907265
549707576804661	549707604006223	549707578565077
549707593624973	549707620585911	549707595591119
549707605883307	549707637157786	549707607766640
549707622587473	549707653701536	549707624682786
549707638957786	549707670367161	549707641053098
549707661237473	549707686868202	549707662766640
549707675617682	549707703438515	549707676925494
549707681422890	549707720026015	549707683482786
549707700321327	549707736611952	549707702210390
549707719852057	549707753186432	549707721892682
549707730787994	549707769746848	549707732685390
549707752825494	549707786306744	549707755049452
549707770302057	549707802893202	549707772203619
549707786672369	549707819476015	549707788590077
549707804672369	549707836025494	549707806644244
549707813867161	549707852601015	549707815775494
549707813867161	549707869178619	549707815775494
549707876259869	549707902315598	549707878007265
549707891409348	549707918890077	549707893432265
549707898959869	549707935455182	549707900363515
549707911278098	549707952026015	549707913461952
549709506555702	549709526510910	549709508445285
549709571338515	549709592811952	549709573277577
549709636880702	549709659134348	549709638844244
549709704849973	549709725412994	549709706841640
549709767560390	549709791696327	549709769137994
549709832303619	549709858016640	549709832880181


16666666
549705541395807	549705582082265	549705542970286
549705558964557	549705598664036	549705560261953
549705573992682	549705615258307	549705575369765
549705591055182	549705631822369	549705592433828
549705611760390	549705648394765	549705613212474
549705626164036	549705664977578	549705627566119
549705643008307	549705681591119	549705644336432
549705657972890	549705698139036	549705658630703
549705678397369	549705714686953	549705679023411
549705693195286	549705731519244	549705693758307
549705724578099	549705747827057	549705726085390
549705738836432	549705764402578	549705740249974
549705741298411	549705780963515	549705742183307
549705758737474	549705797531744	549705760279140
549705791269765	549705814114557	549705792935911
549705795439557	549705830686432	549705797185390
549705807280182	549705847285390	549705808858828
549705849057265	549705880437474	549705851666640
549705851344244	549705896999974	549705852488515
549706049610911	549706079307265	549706051286432
549706053571328	549706095872369	549706055125494
549706133293723	549706162188515	549706135030703
549706145357265	549706178737994	549706147153098
549706164137473	549706195333307	549706165875494
549706175314557	549706211898932	549706176944244
549706195180703	549706228443203	549706196729140
549706208468203	549706245033828	549706210196328
549706246248411	549706261611953	549706247890598
549706249893723	549706278196848	549706251381744
549706300950494	549706327896848	549706302543203
549706308929140	549706344558307	549706310595286
549706354811432	549706377741640	549706356074973
549706362251536	549706394185390	549706363680182
549706406027057	549706427321328	549706407717682
549706411937994	549706443902578	549706413464557
549706449122890	549706477043723	549706450902578
549706454337473	549706493610390	549706456130182
549706486670286	549706510183828	549706488376015
549706490779661	549706526746848	549706492324973
549706520306744	549706543327057	549706521121848
549706544483307	549706559891119	549706546159869
549706560613515	549706576461953	549706562301015
549706567086432	549706593042161	549706568774973
549706598961432	549706626202057	549706600591640
549706608546328	549706642761432	549706609973932
549706632648932	549706659340598	549706634127057
549706636067161	549706675893723	549706637660390
549706665095807	549706692516640	549706666883307
549706667970807	549706709060911	549706669137473
549706692738515	549706725617682	549706694440078
549706701626015	549706742199973	549706703333307
549706727184869	549706758764557	549706729154661
549706742848411	549706775362473	549706744558828
549706751106744	549706791932265	549706752808307
549706778787994	549706808546848	549706780382786
549706786648411	549706825061953	549706788288515
549706818754140	549706841640078	549706820285911
549706849445286	549706874799453	549706850916119
549706874384348	549706891356223	549706876078619
549706895718723	549706924781744	549706897447369
549706904966119	549706941071848	549706906653098
549706921767682	549706957935390	549706923456744
549706938322369	549706974260911	549706940076015
549706952298411	549706990804140	549706953991119
549706977734348	549707007396328	549706979412473
549706994969765	549707023997890	549706996174973
549707011991119	549707040504140	549707013695807
549707029486432	549707057079140	549707031861432
549707038552578	549707073691119	549707040304140
549707058502057	549707090229140	549707060258307
549707074814557	549707106814036	549707077233827
549707091635390	549707123378619	549707093304661
549707109139036	549707139944244	549707111057786
549707127505702	549707156520286	549707129352577
549707137203619	549707173106744	549707138902057
549707159369765	549707189682786	549707161081744
549707174369244	549707206244765	549707176179661
549707190716119	549707222808307	549707192499452
549707206244765	549707239405702	549707207992161
549707223624973	549707255964036	549707225360911
549707238958307	549707272552057	549707240741640
549707252186952	549707289124973	549707253893723
549707275544765	549707305684348	549707277526015
549707290728619	549707322290598	549707292555702
549707307040077	549707338832265	549707308921327
549707324043202	549707355401536	549707325791119
549707338732265	549707371978619	549707340547369
549707357087473	549707388537473	549707358941119
549707372952577	549707405127577	549707374783307
549707389289036	549707421714036	549707391237473
549707399616119	549707438622890	549707401594244
549707425455702	549707454869765	549707427076015
549707439130182	549707471423932	549707441462473
549707462007786	549707487987473	549707463958307
549707476676015	549707504538515	549707478199452
549707486417682	549707521140077	549707488293723
549707498303098	549707537707265	549707500208307
549707520518723	549707554835390	549707522232265
549707538481223	549707570848411	549707540655182
549707558088515	549707587422890	549707559907265
549707576804661	549707604006223	549707578565077
549707593624973	549707620585911	549707595591119
549707605883307	549707637157786	549707607766640
549707622587473	549707653701536	549707624682786
549707638957786	549707670367161	549707641053098
549707661237473	549707686868202	549707662766640
549707675617682	549707703438515	549707676925494
549707681422890	549707720026015	549707683482786
549707700321327	549707736611952	549707702210390
549707719852057	549707753186432	549707721892682
549707730787994	549707769746848	549707732685390
549707752825494	549707786306744	549707755049452
549707770302057	549707802893202	549707772203619
549707786672369	549707819476015	549707788590077
549707804672369	549707836025494	549707806644244
549707813867161	549707852601015	549707815775494
549707813867161	549707869178619	549707815775494
549707876259869	549707902315598	549707878007265
549707891409348	549707918890077	549707893432265
549707898959869	549707935455182	549707900363515
549707911278098	549707952026015	549707913461952
549709506555702	549709526510910	549709508445285
549709571338515	549709592811952	549709573277577
549709636880702	549709659134348	549709638844244
549709704849973	549709725412994	549709706841640
549709767560390	549709791696327	549709769137994
549709832303619	549709858016640	549709832880181


16666666
549705541395807	549705582082265	549705542970286
549705558964557	549705598664036	549705560261953
549705573992682	549705615258307	549705575369765
549705591055182	549705631822369	549705592433828
549705611760390	549705648394765	549705613212474
549705626164036	549705664977578	549705627566119
549705643008307	549705681591119	549705644336432
549705657972890	549705698139036	549705658630703
549705678397369	549705714686953	549705679023411
549705693195286	549705731519244	549705693758307
549705724578099	549705747827057	549705726085390
549705738836432	549705764402578	549705740249974
549705741298411	549705780963515	549705742183307
549705758737474	549705797531744	549705760279140
549705791269765	549705814114557	549705792935911
549705795439557	549705830686432	549705797185390
549705807280182	549705847285390	549705808858828
549705849057265	549705880437474	549705851666640
549705851344244	549705896999974	549705852488515
549706049610911	549706079307265	549706051286432
549706053571328	549706095872369	549706055125494
549706133293723	549706162188515	549706135030703
549706145357265	549706178737994	549706147153098
549706164137473	549706195333307	549706165875494
549706175314557	549706211898932	549706176944244
549706195180703	549706228443203	549706196729140
549706208468203	549706245033828	549706210196328
549706246248411	549706261611953	549706247890598
549706249893723	549706278196848	549706251381744
549706300950494	549706327896848	549706302543203
549706308929140	549706344558307	549706310595286
549706354811432	549706377741640	549706356074973
549706362251536	549706394185390	549706363680182
549706406027057	549706427321328	549706407717682
549706411937994	549706443902578	549706413464557
549706449122890	549706477043723	549706450902578
549706454337473	549706493610390	549706456130182
549706486670286	549706510183828	549706488376015
549706490779661	549706526746848	549706492324973
549706520306744	549706543327057	549706521121848
549706544483307	549706559891119	549706546159869
549706560613515	549706576461953	549706562301015
549706567086432	549706593042161	549706568774973
549706598961432	549706626202057	549706600591640
549706608546328	549706642761432	549706609973932
549706632648932	549706659340598	549706634127057
549706636067161	549706675893723	549706637660390
549706665095807	549706692516640	549706666883307
549706667970807	549706709060911	549706669137473
549706692738515	549706725617682	549706694440078
549706701626015	549706742199973	549706703333307
549706727184869	549706758764557	549706729154661
549706742848411	549706775362473	549706744558828
549706751106744	549706791932265	549706752808307
549706778787994	549706808546848	549706780382786
549706786648411	549706825061953	549706788288515
549706818754140	549706841640078	549706820285911
549706849445286	549706874799453	549706850916119
549706874384348	549706891356223	549706876078619
549706895718723	549706924781744	549706897447369
549706904966119	549706941071848	549706906653098
549706921767682	549706957935390	549706923456744
549706938322369	549706974260911	549706940076015
549706952298411	549706990804140	549706953991119
549706977734348	549707007396328	549706979412473
549706994969765	549707023997890	549706996174973
549707011991119	549707040504140	549707013695807
549707029486432	549707057079140	549707031861432
549707038552578	549707073691119	549707040304140
549707058502057	549707090229140	549707060258307
549707074814557	549707106814036	549707077233827
549707091635390	549707123378619	549707093304661
549707109139036	549707139944244	549707111057786
549707127505702	549707156520286	549707129352577
549707137203619	549707173106744	549707138902057
549707159369765	549707189682786	549707161081744
549707174369244	549707206244765	549707176179661
549707190716119	549707222808307	549707192499452
549707206244765	549707239405702	549707207992161
549707223624973	549707255964036	549707225360911
549707238958307	549707272552057	549707240741640
549707252186952	549707289124973	549707253893723
549707275544765	549707305684348	549707277526015
549707290728619	549707322290598	549707292555702
549707307040077	549707338832265	549707308921327
549707324043202	549707355401536	549707325791119
549707338732265	549707371978619	549707340547369
549707357087473	549707388537473	549707358941119
549707372952577	549707405127577	549707374783307
549707389289036	549707421714036	549707391237473
549707399616119	549707438622890	549707401594244
549707425455702	549707454869765	549707427076015
549707439130182	549707471423932	549707441462473
549707462007786	549707487987473	549707463958307
549707476676015	549707504538515	549707478199452
549707486417682	549707521140077	549707488293723
549707498303098	549707537707265	549707500208307
549707520518723	549707554835390	549707522232265
549707538481223	549707570848411	549707540655182
549707558088515	549707587422890	549707559907265
549707576804661	549707604006223	549707578565077
549707593624973	549707620585911	549707595591119
549707605883307	549707637157786	549707607766640
549707622587473	549707653701536	549707624682786
549707638957786	549707670367161	549707641053098
549707661237473	549707686868202	549707662766640
549707675617682	549707703438515	549707676925494
549707681422890	549707720026015	549707683482786
549707700321327	549707736611952	549707702210390
549707719852057	549707753186432	549707721892682
549707730787994	549707769746848	549707732685390
549707752825494	549707786306744	549707755049452
549707770302057	549707802893202	549707772203619
549707786672369	549707819476015	549707788590077
549707804672369	549707836025494	549707806644244
549707813867161	549707852601015	549707815775494
549707813867161	549707869178619	549707815775494
549707876259869	549707902315598	549707878007265
549707891409348	549707918890077	549707893432265
549707898959869	549707935455182	549707900363515
549707911278098	549707952026015	549707913461952
549709506555702	549709526510910	549709508445285
549709571338515	549709592811952	549709573277577
549709636880702	549709659134348	549709638844244
549709704849973	549709725412994	549709706841640
549709767560390	549709791696327	549709769137994
549709832303619	549709858016640	549709832880181


16666666
549705541395807	549705582082265	549705542970286
549705558964557	549705598664036	549705560261953
549705573992682	549705615258307	549705575369765
549705591055182	549705631822369	549705592433828
549705611760390	549705648394765	549705613212474
549705626164036	549705664977578	549705627566119
549705643008307	549705681591119	549705644336432
549705657972890	549705698139036	549705658630703
549705678397369	549705714686953	549705679023411
549705693195286	549705731519244	549705693758307
549705724578099	549705747827057	549705726085390
549705738836432	549705764402578	549705740249974
549705741298411	549705780963515	549705742183307
549705758737474	549705797531744	549705760279140
549705791269765	549705814114557	549705792935911
549705795439557	549705830686432	549705797185390
549705807280182	549705847285390	549705808858828
549705849057265	549705880437474	549705851666640
549705851344244	549705896999974	549705852488515
549706049610911	549706079307265	549706051286432
549706053571328	549706095872369	549706055125494
549706133293723	549706162188515	549706135030703
549706145357265	549706178737994	549706147153098
549706164137473	549706195333307	549706165875494
549706175314557	549706211898932	549706176944244
549706195180703	549706228443203	549706196729140
549706208468203	549706245033828	549706210196328
549706246248411	549706261611953	549706247890598
549706249893723	549706278196848	549706251381744
549706300950494	549706327896848	549706302543203
549706308929140	549706344558307	549706310595286
549706354811432	549706377741640	549706356074973
549706362251536	549706394185390	549706363680182
549706406027057	549706427321328	549706407717682
549706411937994	549706443902578	549706413464557
549706449122890	549706477043723	549706450902578
549706454337473	549706493610390	549706456130182
549706486670286	549706510183828	549706488376015
549706490779661	549706526746848	549706492324973
549706520306744	549706543327057	549706521121848
549706544483307	549706559891119	549706546159869
549706560613515	549706576461953	549706562301015
549706567086432	549706593042161	549706568774973
549706598961432	549706626202057	549706600591640
549706608546328	549706642761432	549706609973932
549706632648932	549706659340598	549706634127057
549706636067161	549706675893723	549706637660390
549706665095807	549706692516640	549706666883307
549706667970807	549706709060911	549706669137473
549706692738515	549706725617682	549706694440078
549706701626015	549706742199973	549706703333307
549706727184869	549706758764557	549706729154661
549706742848411	549706775362473	549706744558828
549706751106744	549706791932265	549706752808307
549706778787994	549706808546848	549706780382786
549706786648411	549706825061953	549706788288515
549706818754140	549706841640078	549706820285911
549706849445286	549706874799453	549706850916119
549706874384348	549706891356223	549706876078619
549706895718723	549706924781744	549706897447369
549706904966119	549706941071848	549706906653098
549706921767682	549706957935390	549706923456744
549706938322369	549706974260911	549706940076015
549706952298411	549706990804140	549706953991119
549706977734348	549707007396328	549706979412473
549706994969765	549707023997890	549706996174973
549707011991119	549707040504140	549707013695807
549707029486432	549707057079140	549707031861432
549707038552578	549707073691119	549707040304140
549707058502057	549707090229140	549707060258307
549707074814557	549707106814036	549707077233827
549707091635390	549707123378619	549707093304661
549707109139036	549707139944244	549707111057786
549707127505702	549707156520286	549707129352577
549707137203619	549707173106744	549707138902057
549707159369765	549707189682786	549707161081744
549707174369244	549707206244765	549707176179661
549707190716119	549707222808307	549707192499452
549707206244765	549707239405702	549707207992161
549707223624973	549707255964036	549707225360911
549707238958307	549707272552057	549707240741640
549707252186952	549707289124973	549707253893723
549707275544765	549707305684348	549707277526015
549707290728619	549707322290598	549707292555702
549707307040077	549707338832265	549707308921327
549707324043202	549707355401536	549707325791119
549707338732265	549707371978619	549707340547369
549707357087473	549707388537473	549707358941119
549707372952577	549707405127577	549707374783307
549707389289036	549707421714036	549707391237473
549707399616119	549707438622890	549707401594244
549707425455702	549707454869765	549707427076015
549707439130182	549707471423932	549707441462473
549707462007786	549707487987473	549707463958307
549707476676015	549707504538515	549707478199452
549707486417682	549707521140077	549707488293723
549707498303098	549707537707265	549707500208307
549707520518723	549707554835390	549707522232265
549707538481223	549707570848411	549707540655182
549707558088515	549707587422890	549707559907265
549707576804661	549707604006223	549707578565077
549707593624973	549707620585911	549707595591119
549707605883307	549707637157786	549707607766640
549707622587473	549707653701536	549707624682786
549707638957786	549707670367161	549707641053098
549707661237473	549707686868202	549707662766640
549707675617682	549707703438515	549707676925494
549707681422890	549707720026015	549707683482786
549707700321327	549707736611952	549707702210390
549707719852057	549707753186432	549707721892682
549707730787994	549707769746848	549707732685390
549707752825494	549707786306744	549707755049452
549707770302057	549707802893202	549707772203619
549707786672369	549707819476015	549707788590077
549707804672369	549707836025494	549707806644244
549707813867161	549707852601015	549707815775494
549707813867161	549707869178619	549707815775494
549707876259869	549707902315598	549707878007265
549707891409348	549707918890077	549707893432265
549707898959869	549707935455182	549707900363515
549707911278098	549707952026015	549707913461952
549709506555702	549709526510910	549709508445285
549709571338515	549709592811952	549709573277577
549709636880702	549709659134348	549709638844244
549709704849973	549709725412994	549709706841640
549709767560390	549709791696327	549709769137994
549709832303619	549709858016640	549709832880181


16666666
549705541395807	549705582082265	549705542970286
549705558964557	549705598664036	549705560261953
549705573992682	549705615258307	549705575369765
549705591055182	549705631822369	549705592433828
549705611760390	549705648394765	549705613212474
549705626164036	549705664977578	549705627566119
549705643008307	549705681591119	549705644336432
549705657972890	549705698139036	549705658630703
549705678397369	549705714686953	549705679023411
549705693195286	549705731519244	549705693758307
549705724578099	549705747827057	549705726085390
549705738836432	549705764402578	549705740249974
549705741298411	549705780963515	549705742183307
549705758737474	549705797531744	549705760279140
549705791269765	549705814114557	549705792935911
549705795439557	549705830686432	549705797185390
549705807280182	549705847285390	549705808858828
549705849057265	549705880437474	549705851666640
549705851344244	549705896999974	549705852488515
549706049610911	549706079307265	549706051286432
549706053571328	549706095872369	549706055125494
549706133293723	549706162188515	549706135030703
549706145357265	549706178737994	549706147153098
549706164137473	549706195333307	549706165875494
549706175314557	549706211898932	549706176944244
549706195180703	549706228443203	549706196729140
549706208468203	549706245033828	549706210196328
549706246248411	549706261611953	549706247890598
549706249893723	549706278196848	549706251381744
549706300950494	549706327896848	549706302543203
549706308929140	549706344558307	549706310595286
549706354811432	549706377741640	549706356074973
549706362251536	549706394185390	549706363680182
549706406027057	549706427321328	549706407717682
549706411937994	549706443902578	549706413464557
549706449122890	549706477043723	549706450902578
549706454337473	549706493610390	549706456130182
549706486670286	549706510183828	549706488376015
549706490779661	549706526746848	549706492324973
549706520306744	549706543327057	549706521121848
549706544483307	549706559891119	549706546159869
549706560613515	549706576461953	549706562301015
549706567086432	549706593042161	549706568774973
549706598961432	549706626202057	549706600591640
549706608546328	549706642761432	549706609973932
549706632648932	549706659340598	549706634127057
549706636067161	549706675893723	549706637660390
549706665095807	549706692516640	549706666883307
549706667970807	549706709060911	549706669137473
549706692738515	549706725617682	549706694440078
549706701626015	549706742199973	549706703333307
549706727184869	549706758764557	549706729154661
549706742848411	549706775362473	549706744558828
549706751106744	549706791932265	549706752808307
549706778787994	549706808546848	549706780382786
549706786648411	549706825061953	549706788288515
549706818754140	549706841640078	549706820285911
549706849445286	549706874799453	549706850916119
549706874384348	549706891356223	549706876078619
549706895718723	549706924781744	549706897447369
549706904966119	549706941071848	549706906653098
549706921767682	549706957935390	549706923456744
549706938322369	549706974260911	549706940076015
549706952298411	549706990804140	549706953991119
549706977734348	549707007396328	549706979412473
549706994969765	549707023997890	549706996174973
549707011991119	549707040504140	549707013695807
549707029486432	549707057079140	549707031861432
549707038552578	549707073691119	549707040304140
549707058502057	549707090229140	549707060258307
549707074814557	549707106814036	549707077233827
549707091635390	549707123378619	549707093304661
549707109139036	549707139944244	549707111057786
549707127505702	549707156520286	549707129352577
549707137203619	549707173106744	549707138902057
549707159369765	549707189682786	549707161081744
549707174369244	549707206244765	549707176179661
549707190716119	549707222808307	549707192499452
549707206244765	549707239405702	549707207992161
549707223624973	549707255964036	549707225360911
549707238958307	549707272552057	549707240741640
549707252186952	549707289124973	549707253893723
549707275544765	549707305684348	549707277526015
549707290728619	549707322290598	549707292555702
549707307040077	549707338832265	549707308921327
549707324043202	549707355401536	549707325791119
549707338732265	549707371978619	549707340547369
549707357087473	549707388537473	549707358941119
549707372952577	549707405127577	549707374783307
549707389289036	549707421714036	549707391237473
549707399616119	549707438622890	549707401594244
549707425455702	549707454869765	549707427076015
549707439130182	549707471423932	549707441462473
549707462007786	549707487987473	549707463958307
549707476676015	549707504538515	549707478199452
549707486417682	549707521140077	549707488293723
549707498303098	549707537707265	549707500208307
549707520518723	549707554835390	549707522232265
549707538481223	549707570848411	549707540655182
549707558088515	549707587422890	549707559907265
549707576804661	549707604006223	549707578565077
549707593624973	549707620585911	549707595591119
549707605883307	549707637157786	549707607766640
549707622587473	549707653701536	549707624682786
549707638957786	549707670367161	549707641053098
549707661237473	549707686868202	549707662766640
549707675617682	549707703438515	549707676925494
549707681422890	549707720026015	549707683482786
549707700321327	549707736611952	549707702210390
549707719852057	549707753186432	549707721892682
549707730787994	549707769746848	549707732685390
549707752825494	549707786306744	549707755049452
549707770302057	549707802893202	549707772203619
549707786672369	549707819476015	549707788590077
549707804672369	549707836025494	549707806644244
549707813867161	549707852601015	549707815775494
549707813867161	549707869178619	549707815775494
549707876259869	549707902315598	549707878007265
549707891409348	549707918890077	549707893432265
549707898959869	549707935455182	549707900363515
549707911278098	549707952026015	549707913461952
549709506555702	549709526510910	549709508445285
549709571338515	549709592811952	549709573277577
549709636880702	549709659134348	549709638844244
549709704849973	549709725412994	549709706841640
549709767560390	549709791696327	549709769137994
549709832303619	549709858016640	549709832880181


16666666
549705541395807	549705582082265	549705542970286
549705558964557	549705598664036	549705560261953
549705573992682	549705615258307	549705575369765
549705591055182	549705631822369	549705592433828
549705611760390	549705648394765	549705613212474
549705626164036	549705664977578	549705627566119
549705643008307	549705681591119	549705644336432
549705657972890	549705698139036	549705658630703
549705678397369	549705714686953	549705679023411
549705693195286	549705731519244	549705693758307
549705724578099	549705747827057	549705726085390
549705738836432	549705764402578	549705740249974
549705741298411	549705780963515	549705742183307
549705758737474	549705797531744	549705760279140
549705791269765	549705814114557	549705792935911
549705795439557	549705830686432	549705797185390
549705807280182	549705847285390	549705808858828
549705849057265	549705880437474	549705851666640
549705851344244	549705896999974	549705852488515
549706049610911	549706079307265	549706051286432
549706053571328	549706095872369	549706055125494
549706133293723	549706162188515	549706135030703
549706145357265	549706178737994	549706147153098
549706164137473	549706195333307	549706165875494
549706175314557	549706211898932	549706176944244
549706195180703	549706228443203	549706196729140
549706208468203	549706245033828	549706210196328
549706246248411	549706261611953	549706247890598
549706249893723	549706278196848	549706251381744
549706300950494	549706327896848	549706302543203
549706308929140	549706344558307	549706310595286
549706354811432	549706377741640	549706356074973
549706362251536	549706394185390	549706363680182
549706406027057	549706427321328	549706407717682
549706411937994	549706443902578	549706413464557
549706449122890	549706477043723	549706450902578
549706454337473	549706493610390	549706456130182
549706486670286	549706510183828	549706488376015
549706490779661	549706526746848	549706492324973
549706520306744	549706543327057	549706521121848
549706544483307	549706559891119	549706546159869
549706560613515	549706576461953	549706562301015
549706567086432	549706593042161	549706568774973
549706598961432	549706626202057	549706600591640
549706608546328	549706642761432	549706609973932
549706632648932	549706659340598	549706634127057
549706636067161	549706675893723	549706637660390
549706665095807	549706692516640	549706666883307
549706667970807	549706709060911	549706669137473
549706692738515	549706725617682	549706694440078
549706701626015	549706742199973	549706703333307
549706727184869	549706758764557	549706729154661
549706742848411	549706775362473	549706744558828
549706751106744	549706791932265	549706752808307
549706778787994	549706808546848	549706780382786
549706786648411	549706825061953	549706788288515
549706818754140	549706841640078	549706820285911
549706849445286	549706874799453	549706850916119
549706874384348	549706891356223	549706876078619
549706895718723	549706924781744	549706897447369
549706904966119	549706941071848	549706906653098
549706921767682	549706957935390	549706923456744
549706938322369	549706974260911	549706940076015
549706952298411	549706990804140	549706953991119
549706977734348	549707007396328	549706979412473
549706994969765	549707023997890	549706996174973
549707011991119	549707040504140	549707013695807
549707029486432	549707057079140	549707031861432
549707038552578	549707073691119	549707040304140
549707058502057	549707090229140	549707060258307
549707074814557	549707106814036	549707077233827
549707091635390	549707123378619	549707093304661
549707109139036	549707139944244	549707111057786
549707127505702	549707156520286	549707129352577
549707137203619	549707173106744	549707138902057
549707159369765	549707189682786	549707161081744
549707174369244	549707206244765	549707176179661
549707190716119	549707222808307	549707192499452
549707206244765	549707239405702	549707207992161
549707223624973	549707255964036	549707225360911
549707238958307	549707272552057	549707240741640
549707252186952	549707289124973	549707253893723
549707275544765	549707305684348	549707277526015
549707290728619	549707322290598	549707292555702
549707307040077	549707338832265	549707308921327
549707324043202	549707355401536	549707325791119
549707338732265	549707371978619	549707340547369
549707357087473	549707388537473	549707358941119
549707372952577	549707405127577	549707374783307
549707389289036	549707421714036	549707391237473
549707399616119	549707438622890	549707401594244
549707425455702	549707454869765	549707427076015
549707439130182	549707471423932	549707441462473
549707462007786	549707487987473	549707463958307
549707476676015	549707504538515	549707478199452
549707486417682	549707521140077	549707488293723
549707498303098	549707537707265	549707500208307
549707520518723	549707554835390	549707522232265
549707538481223	549707570848411	549707540655182
549707558088515	549707587422890	549707559907265
549707576804661	549707604006223	549707578565077
549707593624973	549707620585911	549707595591119
549707605883307	549707637157786	549707607766640
549707622587473	549707653701536	549707624682786
549707638957786	549707670367161	549707641053098
549707661237473	549707686868202	549707662766640
549707675617682	549707703438515	549707676925494
549707681422890	549707720026015	549707683482786
549707700321327	549707736611952	549707702210390
549707719852057	549707753186432	549707721892682
549707730787994	549707769746848	549707732685390
549707752825494	549707786306744	549707755049452
549707770302057	549707802893202	549707772203619
549707786672369	549707819476015	549707788590077
549707804672369	549707836025494	549707806644244
549707813867161	549707852601015	549707815775494
549707813867161	549707869178619	549707815775494
549707876259869	549707902315598	549707878007265
549707891409348	549707918890077	549707893432265
549707898959869	549707935455182	549707900363515
549707911278098	549707952026015	549707913461952
549709506555702	549709526510910	549709508445285
549709571338515	549709592811952	549709573277577
549709636880702	549709659134348	549709638844244
549709704849973	549709725412994	549709706841640
549709767560390	549709791696327	549709769137994
549709832303619	549709858016640	549709832880181


16666666
549705541395807	549705582082265	549705542970286
549705558964557	549705598664036	549705560261953
549705573992682	549705615258307	549705575369765
549705591055182	549705631822369	549705592433828
549705611760390	549705648394765	549705613212474
549705626164036	549705664977578	549705627566119
549705643008307	549705681591119	549705644336432
549705657972890	549705698139036	549705658630703
549705678397369	549705714686953	549705679023411
549705693195286	549705731519244	549705693758307
549705724578099	549705747827057	549705726085390
549705738836432	549705764402578	549705740249974
549705741298411	549705780963515	549705742183307
549705758737474	549705797531744	549705760279140
549705791269765	549705814114557	549705792935911
549705795439557	549705830686432	549705797185390
549705807280182	549705847285390	549705808858828
549705849057265	549705880437474	549705851666640
549705851344244	549705896999974	549705852488515
549706049610911	549706079307265	549706051286432
549706053571328	549706095872369	549706055125494
549706133293723	549706162188515	549706135030703
549706145357265	549706178737994	549706147153098
549706164137473	549706195333307	549706165875494
549706175314557	549706211898932	549706176944244
549706195180703	549706228443203	549706196729140
549706208468203	549706245033828	549706210196328
549706246248411	549706261611953	549706247890598
549706249893723	549706278196848	549706251381744
549706300950494	549706327896848	549706302543203
549706308929140	549706344558307	549706310595286
549706354811432	549706377741640	549706356074973
549706362251536	549706394185390	549706363680182
549706406027057	549706427321328	549706407717682
549706411937994	549706443902578	549706413464557
549706449122890	549706477043723	549706450902578
549706454337473	549706493610390	549706456130182
549706486670286	549706510183828	549706488376015
549706490779661	549706526746848	549706492324973
549706520306744	549706543327057	549706521121848
549706544483307	549706559891119	549706546159869
549706560613515	549706576461953	549706562301015
549706567086432	549706593042161	549706568774973
549706598961432	549706626202057	549706600591640
549706608546328	549706642761432	549706609973932
549706632648932	549706659340598	549706634127057
549706636067161	549706675893723	549706637660390
549706665095807	549706692516640	549706666883307
549706667970807	549706709060911	549706669137473
549706692738515	549706725617682	549706694440078
549706701626015	549706742199973	549706703333307
549706727184869	549706758764557	549706729154661
549706742848411	549706775362473	549706744558828
549706751106744	549706791932265	549706752808307
549706778787994	549706808546848	549706780382786
549706786648411	549706825061953	549706788288515
549706818754140	549706841640078	549706820285911
549706849445286	549706874799453	549706850916119
549706874384348	549706891356223	549706876078619
549706895718723	549706924781744	549706897447369
549706904966119	549706941071848	549706906653098
549706921767682	549706957935390	549706923456744
549706938322369	549706974260911	549706940076015
549706952298411	549706990804140	549706953991119
549706977734348	549707007396328	549706979412473
549706994969765	549707023997890	549706996174973
549707011991119	549707040504140	549707013695807
549707029486432	549707057079140	549707031861432
549707038552578	549707073691119	549707040304140
549707058502057	549707090229140	549707060258307
549707074814557	549707106814036	549707077233827
549707091635390	549707123378619	549707093304661
549707109139036	549707139944244	549707111057786
549707127505702	549707156520286	549707129352577
549707137203619	549707173106744	549707138902057
549707159369765	549707189682786	549707161081744
549707174369244	549707206244765	549707176179661
549707190716119	549707222808307	549707192499452
549707206244765	549707239405702	549707207992161
549707223624973	549707255964036	549707225360911
549707238958307	549707272552057	549707240741640
549707252186952	549707289124973	549707253893723
549707275544765	549707305684348	549707277526015
549707290728619	549707322290598	549707292555702
549707307040077	549707338832265	549707308921327
549707324043202	549707355401536	549707325791119
549707338732265	549707371978619	549707340547369
549707357087473	549707388537473	549707358941119
549707372952577	549707405127577	549707374783307
549707389289036	549707421714036	549707391237473
549707399616119	549707438622890	549707401594244
549707425455702	549707454869765	549707427076015
549707439130182	549707471423932	549707441462473
549707462007786	549707487987473	549707463958307
549707476676015	549707504538515	549707478199452
549707486417682	549707521140077	549707488293723
549707498303098	549707537707265	549707500208307
549707520518723	549707554835390	549707522232265
549707538481223	549707570848411	549707540655182
549707558088515	549707587422890	549707559907265
549707576804661	549707604006223	549707578565077
549707593624973	549707620585911	549707595591119
549707605883307	549707637157786	549707607766640
549707622587473	549707653701536	549707624682786
549707638957786	549707670367161	549707641053098
549707661237473	549707686868202	549707662766640
549707675617682	549707703438515	549707676925494
549707681422890	549707720026015	549707683482786
549707700321327	549707736611952	549707702210390
549707719852057	549707753186432	549707721892682
549707730787994	549707769746848	549707732685390
549707752825494	549707786306744	549707755049452
549707770302057	549707802893202	549707772203619
549707786672369	549707819476015	549707788590077
549707804672369	549707836025494	549707806644244
549707813867161	549707852601015	549707815775494
549707813867161	549707869178619	549707815775494
549707876259869	549707902315598	549707878007265
549707891409348	549707918890077	549707893432265
549707898959869	549707935455182	549707900363515
549707911278098	549707952026015	549707913461952
549709506555702	549709526510910	549709508445285
549709571338515	549709592811952	549709573277577
549709636880702	549709659134348	549709638844244
549709704849973	549709725412994	549709706841640
549709767560390	549709791696327	549709769137994
549709832303619	549709858016640	549709832880181


16666666
549705541395807	549705582082265	549705542970286
549705558964557	549705598664036	549705560261953
549705573992682	549705615258307	549705575369765
549705591055182	549705631822369	549705592433828
549705611760390	549705648394765	549705613212474
549705626164036	549705664977578	549705627566119
549705643008307	549705681591119	549705644336432
549705657972890	549705698139036	549705658630703
549705678397369	549705714686953	549705679023411
549705693195286	549705731519244	549705693758307
549705724578099	549705747827057	549705726085390
549705738836432	549705764402578	549705740249974
549705741298411	549705780963515	549705742183307
549705758737474	549705797531744	549705760279140
549705791269765	549705814114557	549705792935911
549705795439557	549705830686432	549705797185390
549705807280182	549705847285390	549705808858828
549705849057265	549705880437474	549705851666640
549705851344244	549705896999974	549705852488515
549706049610911	549706079307265	549706051286432
549706053571328	549706095872369	549706055125494
549706133293723	549706162188515	549706135030703
549706145357265	549706178737994	549706147153098
549706164137473	549706195333307	549706165875494
549706175314557	549706211898932	549706176944244
549706195180703	549706228443203	549706196729140
549706208468203	549706245033828	549706210196328
549706246248411	549706261611953	549706247890598
549706249893723	549706278196848	549706251381744
549706300950494	549706327896848	549706302543203
549706308929140	549706344558307	549706310595286
549706354811432	549706377741640	549706356074973
549706362251536	549706394185390	549706363680182
549706406027057	549706427321328	549706407717682
549706411937994	549706443902578	549706413464557
549706449122890	549706477043723	549706450902578
549706454337473	549706493610390	549706456130182
549706486670286	549706510183828	549706488376015
549706490779661	549706526746848	549706492324973
549706520306744	549706543327057	549706521121848
549706544483307	549706559891119	549706546159869
549706560613515	549706576461953	549706562301015
549706567086432	549706593042161	549706568774973
549706598961432	549706626202057	549706600591640
549706608546328	549706642761432	549706609973932
549706632648932	549706659340598	549706634127057
549706636067161	549706675893723	549706637660390
549706665095807	549706692516640	549706666883307
549706667970807	549706709060911	549706669137473
549706692738515	549706725617682	549706694440078
549706701626015	549706742199973	549706703333307
549706727184869	549706758764557	549706729154661
549706742848411	549706775362473	549706744558828
549706751106744	549706791932265	549706752808307
549706778787994	549706808546848	549706780382786
549706786648411	549706825061953	549706788288515
549706818754140	549706841640078	549706820285911
549706849445286	549706874799453	549706850916119
549706874384348	549706891356223	549706876078619
549706895718723	549706924781744	549706897447369
549706904966119	549706941071848	549706906653098
549706921767682	549706957935390	549706923456744
549706938322369	549706974260911	549706940076015
549706952298411	549706990804140	549706953991119
549706977734348	549707007396328	549706979412473
549706994969765	549707023997890	549706996174973
549707011991119	549707040504140	549707013695807
549707029486432	549707057079140	549707031861432
549707038552578	549707073691119	549707040304140
549707058502057	549707090229140	549707060258307
549707074814557	549707106814036	549707077233827
549707091635390	549707123378619	549707093304661
549707109139036	549707139944244	549707111057786
549707127505702	549707156520286	549707129352577
549707137203619	549707173106744	549707138902057
549707159369765	549707189682786	549707161081744
549707174369244	549707206244765	549707176179661
549707190716119	549707222808307	549707192499452
549707206244765	549707239405702	549707207992161
549707223624973	549707255964036	549707225360911
549707238958307	549707272552057	549707240741640
549707252186952	549707289124973	549707253893723
549707275544765	549707305684348	549707277526015
549707290728619	549707322290598	549707292555702
549707307040077	549707338832265	549707308921327
549707324043202	549707355401536	549707325791119
549707338732265	549707371978619	549707340547369
549707357087473	549707388537473	549707358941119
549707372952577	549707405127577	549707374783307
549707389289036	549707421714036	549707391237473
549707399616119	549707438622890	549707401594244
549707425455702	549707454869765	549707427076015
549707439130182	549707471423932	549707441462473
549707462007786	549707487987473	549707463958307
549707476676015	549707504538515	549707478199452
549707486417682	549707521140077	549707488293723
549707498303098	549707537707265	549707500208307
549707520518723	549707554835390	549707522232265
549707538481223	549707570848411	549707540655182
549707558088515	549707587422890	549707559907265
549707576804661	549707604006223	549707578565077
549707593624973	549707620585911	549707595591119
549707605883307	549707637157786	549707607766640
549707622587473	549707653701536	549707624682786
549707638957786	549707670367161	549707641053098
549707661237473	549707686868202	549707662766640
549707675617682	549707703438515	549707676925494
549707681422890	549707720026015	549707683482786
549707700321327	549707736611952	549707702210390
549707719852057	549707753186432	549707721892682
549707730787994	549707769746848	549707732685390
549707752825494	549707786306744	549707755049452
549707770302057	549707802893202	549707772203619
549707786672369	549707819476015	549707788590077
549707804672369	549707836025494	549707806644244
549707813867161	549707852601015	549707815775494
549707813867161	549707869178619	549707815775494
549707876259869	549707902315598	549707878007265
549707891409348	549707918890077	549707893432265
549707898959869	549707935455182	549707900363515
549707911278098	549707952026015	549707913461952
549709506555702	549709526510910	549709508445285
549709571338515	549709592811952	549709573277577
549709636880702	549709659134348	549709638844244
549709704849973	549709725412994	549709706841640
549709767560390	549709791696327	549709769137994
549709832303619	549709858016640	549709832880181


