--------- beginning of main
09-05 21:24:03.927 I/AnebProbe(25624): ADAPTER_EVT type=content cls=androidx.recyclerview.widget.RecyclerView desc=null txt_len=0 pkg=com.larus.nova t_boot_ns=1193012958467249
09-05 21:24:04.187 I/AnebProbe(25624): ADAPTER_EVT type=content cls=androidx.drawerlayout.widget.DrawerLayout desc=null txt_len=0 pkg=com.larus.nova t_boot_ns=1193013218356832
09-05 21:24:04.288 I/AnebProbe(25624): ADAPTER_EVT type=content cls=androidx.drawerlayout.widget.DrawerLayout desc=null txt_len=0 pkg=com.larus.nova t_boot_ns=1193013319106832
09-05 21:24:14.806 I/AnebProbe(25624): ADAPTER_EVT type=click cls=android.widget.ImageView desc=返回 txt_len=2 pkg=com.larus.nova t_boot_ns=1193023837256831
09-05 21:24:14.807 I/AnebProbe(25624): ADAPTER_OBS pkg=com.larus.nova mode=doubao events=6 rule_matched=3 first_delta_ms=0 cadence_p50_ms=100.8 session_span_ms=868.6 confidence=LOW/INCONCLUSIVE reason=throttle ttft_send_ms=null anchor_source=null ttft_cluster_ms=null ttft_density_ms=null
09-05 21:24:14.908 I/AnebProbe(25624): ADAPTER_EVT type=content cls=androidx.drawerlayout.widget.DrawerLayout desc=null txt_len=0 pkg=com.larus.nova t_boot_ns=1193023939184435
09-05 21:24:15.024 I/AnebProbe(25624): ADAPTER_EVT type=content cls=androidx.drawerlayout.widget.DrawerLayout desc=null txt_len=0 pkg=com.larus.nova t_boot_ns=1193024055273497
09-05 21:24:15.139 I/AnebProbe(25624): ADAPTER_EVT type=content cls=androidx.drawerlayout.widget.DrawerLayout desc=null txt_len=0 pkg=com.larus.nova t_boot_ns=1193024170573497
09-05 21:24:15.240 I/AnebProbe(25624): ADAPTER_EVT type=content cls=androidx.drawerlayout.widget.DrawerLayout desc=null txt_len=0 pkg=com.larus.nova t_boot_ns=1193024271882872
09-05 21:24:15.401 I/AnebProbe(25624): ADAPTER_EVT type=content cls=androidx.recyclerview.widget.RecyclerView desc=null txt_len=0 pkg=com.larus.nova t_boot_ns=1193024432833914
09-05 21:24:15.496 I/AnebProbe(25624): ADAPTER_EVT type=content cls=androidx.recyclerview.widget.RecyclerView desc=null txt_len=0 pkg=com.larus.nova t_boot_ns=1193024527578706
09-05 21:24:16.518 I/AnebProbe(25624): ADAPTER_EVT type=click cls=android.widget.ImageView desc=创建新对话 txt_len=5 pkg=com.larus.nova t_boot_ns=1193025549517247
09-05 21:24:16.531 I/AnebProbe(25624): ADAPTER_EVT type=content cls=android.widget.FrameLayout desc=null txt_len=0 pkg=com.larus.nova t_boot_ns=1193025562404226
09-05 21:24:16.803 I/AnebProbe(25624): ADAPTER_EVT type=content cls=androidx.drawerlayout.widget.DrawerLayout desc=null txt_len=0 pkg=com.larus.nova t_boot_ns=1193025834906830
09-05 21:24:16.978 I/AnebProbe(25624): ADAPTER_EVT type=content cls=androidx.drawerlayout.widget.DrawerLayout desc=null txt_len=0 pkg=com.larus.nova t_boot_ns=1193026009567247
09-05 21:24:16.985 I/AnebProbe(25624): ADAPTER_EVT type=content cls=androidx.drawerlayout.widget.DrawerLayout desc=null txt_len=0 pkg=com.larus.nova t_boot_ns=1193026016353705
09-05 21:24:17.029 I/AnebProbe(25624): ADAPTER_EVT type=content cls=android.view.ViewGroup desc=null txt_len=0 pkg=com.larus.nova t_boot_ns=1193026060636518
09-05 21:24:17.135 I/AnebProbe(25624): ADAPTER_EVT type=content cls=android.view.ViewGroup desc=null txt_len=0 pkg=com.larus.nova t_boot_ns=1193026166232351
09-05 21:24:17.235 I/AnebProbe(25624): ADAPTER_EVT type=content cls=android.view.ViewGroup desc=null txt_len=0 pkg=com.larus.nova t_boot_ns=1193026265914122
09-05 21:24:17.356 I/AnebProbe(25624): ADAPTER_EVT type=content cls=androidx.drawerlayout.widget.DrawerLayout desc=null txt_len=0 pkg=com.larus.nova t_boot_ns=1193026387683914
09-05 21:24:17.525 I/AnebProbe(25624): ADAPTER_EVT type=content cls=androidx.recyclerview.widget.RecyclerView desc=null txt_len=0 pkg=com.larus.nova t_boot_ns=1193026556266726
09-05 21:24:17.620 I/AnebProbe(25624): ADAPTER_EVT type=content cls=android.view.ViewGroup desc=null txt_len=0 pkg=com.larus.nova t_boot_ns=1193026651119851
09-05 21:24:17.722 I/AnebProbe(25624): ADAPTER_EVT type=content cls=android.view.ViewGroup desc=null txt_len=0 pkg=com.larus.nova t_boot_ns=1193026753386518
09-05 21:24:17.824 I/AnebProbe(25624): ADAPTER_EVT type=content cls=android.view.ViewGroup desc=null txt_len=0 pkg=com.larus.nova t_boot_ns=1193026855114643
09-05 21:24:18.059 I/AnebProbe(25624): ADAPTER_EVT type=content cls=android.view.ViewGroup desc=null txt_len=0 pkg=com.larus.nova t_boot_ns=1193027090124018
09-05 21:24:18.162 I/AnebProbe(25624): ADAPTER_EVT type=content cls=android.view.ViewGroup desc=null txt_len=0 pkg=com.larus.nova t_boot_ns=1193027193333393
09-05 21:24:18.262 I/AnebProbe(25624): ADAPTER_EVT type=content cls=android.view.ViewGroup desc=null txt_len=0 pkg=com.larus.nova t_boot_ns=1193027293807351
09-05 21:24:18.387 I/AnebProbe(25624): ADAPTER_EVT type=content cls=androidx.drawerlayout.widget.DrawerLayout desc=null txt_len=0 pkg=com.larus.nova t_boot_ns=1193027418638601
09-05 21:24:18.488 I/AnebProbe(25624): ADAPTER_EVT type=content cls=android.view.ViewGroup desc=null txt_len=0 pkg=com.larus.nova t_boot_ns=1193027519464643
09-05 21:24:18.613 I/AnebProbe(25624): ADAPTER_EVT type=content cls=android.view.ViewGroup desc=null txt_len=0 pkg=com.larus.nova t_boot_ns=1193027643994851
09-05 21:24:18.712 I/AnebProbe(25624): ADAPTER_EVT type=content cls=android.view.ViewGroup desc=null txt_len=0 pkg=com.larus.nova t_boot_ns=1193027743381309
09-05 21:24:18.819 I/AnebProbe(25624): ADAPTER_EVT type=content cls=android.view.ViewGroup desc=null txt_len=0 pkg=com.larus.nova t_boot_ns=1193027850005268
09-05 21:24:18.920 I/AnebProbe(25624): ADAPTER_EVT type=content cls=android.view.ViewGroup desc=null txt_len=0 pkg=com.larus.nova t_boot_ns=1193027951094330
09-05 21:24:19.583 I/AnebProbe(25624): ADAPTER_EVT type=content cls=android.view.ViewGroup desc=新对话，打开设置页 txt_len=0 pkg=com.larus.nova t_boot_ns=1193028614742247
09-05 21:24:19.694 I/AnebProbe(25624): ADAPTER_EVT type=content cls=android.view.ViewGroup desc=null txt_len=0 pkg=com.larus.nova t_boot_ns=1193028725669330
09-05 21:24:19.805 I/AnebProbe(25624): ADAPTER_EVT type=content cls=android.view.ViewGroup desc=null txt_len=0 pkg=com.larus.nova t_boot_ns=1193028836265163
09-05 21:24:19.921 I/AnebProbe(25624): ADAPTER_EVT type=content cls=android.view.ViewGroup desc=null txt_len=0 pkg=com.larus.nova t_boot_ns=1193028952879226
09-05 21:24:19.922 I/AnebProbe(25624): ADAPTER_OBS pkg=com.larus.nova mode=doubao events=37 rule_matched=6 first_delta_ms=0 cadence_p50_ms=106.6 session_span_ms=16502.3 confidence=LOW/INCONCLUSIVE reason=throttle ttft_send_ms=null anchor_source=null ttft_cluster_ms=null ttft_density_ms=null
09-05 21:24:20.022 I/AnebProbe(25624): ADAPTER_EVT type=content cls=android.view.ViewGroup desc=null txt_len=0 pkg=com.larus.nova t_boot_ns=1193029053312038
09-05 21:24:20.132 I/AnebProbe(25624): ADAPTER_EVT type=content cls=android.view.ViewGroup desc=null txt_len=0 pkg=com.larus.nova t_boot_ns=1193029163391205
09-05 21:24:20.235 I/AnebProbe(25624): ADAPTER_EVT type=content cls=android.view.ViewGroup desc=null txt_len=0 pkg=com.larus.nova t_boot_ns=1193029266199017
09-05 21:24:20.350 I/AnebProbe(25624): ADAPTER_EVT type=content cls=android.view.ViewGroup desc=null txt_len=0 pkg=com.larus.nova t_boot_ns=1193029381305267
09-05 21:24:20.451 I/AnebProbe(25624): ADAPTER_EVT type=content cls=android.view.ViewGroup desc=null txt_len=0 pkg=com.larus.nova t_boot_ns=1193029482848497
09-05 21:24:20.552 I/AnebProbe(25624): ADAPTER_EVT type=content cls=android.view.ViewGroup desc=null txt_len=0 pkg=com.larus.nova t_boot_ns=1193029583360997
09-05 21:24:20.666 I/AnebProbe(25624): ADAPTER_EVT type=content cls=android.view.ViewGroup desc=null txt_len=0 pkg=com.larus.nova t_boot_ns=1193029696282871
09-05 21:24:20.764 I/AnebProbe(25624): ADAPTER_EVT type=content cls=android.view.ViewGroup desc=null txt_len=0 pkg=com.larus.nova t_boot_ns=1193029795255267
09-05 21:24:20.880 I/AnebProbe(25624): ADAPTER_EVT type=content cls=android.view.ViewGroup desc=null txt_len=0 pkg=com.larus.nova t_boot_ns=1193029911016726
09-05 21:24:20.952 I/AnebProbe(25624): ADAPTER_EVT type=content cls=android.view.ViewGroup desc=null txt_len=0 pkg=com.larus.nova t_boot_ns=1193029983230788
09-05 21:24:20.952 I/AnebProbe(25624): ADAPTER_EVT type=content cls=android.widget.EditText desc=null txt_len=1 pkg=com.larus.nova t_boot_ns=1193029983715684
09-05 21:24:20.960 I/AnebProbe(25624): ADAPTER_EVT type=content cls=android.view.ViewGroup desc=null txt_len=0 pkg=com.larus.nova t_boot_ns=1193029991222976
09-05 21:24:21.015 I/AnebProbe(25624): ADAPTER_EVT type=content cls=android.view.ViewGroup desc=null txt_len=0 pkg=com.larus.nova t_boot_ns=1193030046193809
09-05 21:24:21.015 I/AnebProbe(25624): ADAPTER_EVT type=content cls=android.widget.EditText desc=null txt_len=2 pkg=com.larus.nova t_boot_ns=1193030046644851
09-05 21:24:21.037 I/AnebProbe(25624): ADAPTER_EVT type=content cls=android.view.ViewGroup desc=null txt_len=0 pkg=com.larus.nova t_boot_ns=1193030068419330
09-05 21:24:21.037 I/AnebProbe(25624): ADAPTER_EVT type=content cls=android.widget.EditText desc=null txt_len=3 pkg=com.larus.nova t_boot_ns=1193030068789121
09-05 21:24:21.060 I/AnebProbe(25624): ADAPTER_EVT type=content cls=android.view.ViewGroup desc=null txt_len=0 pkg=com.larus.nova t_boot_ns=1193030091464642
09-05 21:24:21.060 I/AnebProbe(25624): ADAPTER_EVT type=content cls=android.widget.EditText desc=null txt_len=4 pkg=com.larus.nova t_boot_ns=1193030091769330
09-05 21:24:21.070 I/AnebProbe(25624): ADAPTER_EVT type=content cls=android.widget.EditText desc=null txt_len=5 pkg=com.larus.nova t_boot_ns=1193030100999538
09-05 21:24:21.091 I/AnebProbe(25624): ADAPTER_EVT type=content cls=android.view.ViewGroup desc=null txt_len=0 pkg=com.larus.nova t_boot_ns=1193030122289642
09-05 21:24:21.091 I/AnebProbe(25624): ADAPTER_EVT type=content cls=android.widget.EditText desc=null txt_len=6 pkg=com.larus.nova t_boot_ns=1193030122608913
09-05 21:24:21.110 I/AnebProbe(25624): ADAPTER_EVT type=content cls=android.view.ViewGroup desc=null txt_len=0 pkg=com.larus.nova t_boot_ns=1193030141522976
09-05 21:24:21.110 I/AnebProbe(25624): ADAPTER_EVT type=content cls=android.widget.EditText desc=null txt_len=7 pkg=com.larus.nova t_boot_ns=1193030141926621
09-05 21:24:21.121 I/AnebProbe(25624): ADAPTER_EVT type=content cls=androidx.recyclerview.widget.RecyclerView desc=null txt_len=0 pkg=com.larus.nova t_boot_ns=1193030152496934
09-05 21:24:21.121 I/AnebProbe(25624): ADAPTER_EVT type=content cls=android.widget.EditText desc=null txt_len=8 pkg=com.larus.nova t_boot_ns=1193030152957351
09-05 21:24:21.145 I/AnebProbe(25624): ADAPTER_EVT type=content cls=android.view.ViewGroup desc=null txt_len=0 pkg=com.larus.nova t_boot_ns=1193030176272455
09-05 21:24:21.145 I/AnebProbe(25624): ADAPTER_EVT type=content cls=android.widget.EditText desc=null txt_len=9 pkg=com.larus.nova t_boot_ns=1193030176657871
09-05 21:24:21.165 I/AnebProbe(25624): ADAPTER_EVT type=content cls=android.view.ViewGroup desc=null txt_len=0 pkg=com.larus.nova t_boot_ns=1193030196458913
09-05 21:24:21.166 I/AnebProbe(25624): ADAPTER_EVT type=content cls=android.widget.EditText desc=null txt_len=10 pkg=com.larus.nova t_boot_ns=1193030197265684
09-05 21:24:21.187 I/AnebProbe(25624): ADAPTER_EVT type=content cls=android.view.ViewGroup desc=null txt_len=0 pkg=com.larus.nova t_boot_ns=1193030218627142
09-05 21:24:21.187 I/AnebProbe(25624): ADAPTER_EVT type=content cls=android.widget.EditText desc=null txt_len=11 pkg=com.larus.nova t_boot_ns=1193030218995371
09-05 21:24:21.211 I/AnebProbe(25624): ADAPTER_EVT type=content cls=android.view.ViewGroup desc=null txt_len=0 pkg=com.larus.nova t_boot_ns=1193030242176101
09-05 21:24:21.211 I/AnebProbe(25624): ADAPTER_EVT type=content cls=android.widget.EditText desc=null txt_len=12 pkg=com.larus.nova t_boot_ns=1193030242601621
09-05 21:24:21.221 I/AnebProbe(25624): ADAPTER_EVT type=content cls=android.widget.EditText desc=null txt_len=13 pkg=com.larus.nova t_boot_ns=1193030251906309
09-05 21:24:21.246 I/AnebProbe(25624): ADAPTER_EVT type=content cls=android.view.ViewGroup desc=null txt_len=0 pkg=com.larus.nova t_boot_ns=1193030277231309
09-05 21:24:21.246 I/AnebProbe(25624): ADAPTER_EVT type=content cls=android.widget.EditText desc=null txt_len=14 pkg=com.larus.nova t_boot_ns=1193030277621934
09-05 21:24:21.266 I/AnebProbe(25624): ADAPTER_EVT type=content cls=android.view.ViewGroup desc=null txt_len=0 pkg=com.larus.nova t_boot_ns=1193030297293809
09-05 21:24:21.266 I/AnebProbe(25624): ADAPTER_EVT type=content cls=android.widget.EditText desc=null txt_len=15 pkg=com.larus.nova t_boot_ns=1193030297768288
09-05 21:24:21.286 I/AnebProbe(25624): ADAPTER_EVT type=content cls=android.view.ViewGroup desc=null txt_len=0 pkg=com.larus.nova t_boot_ns=1193030317967246
09-05 21:24:21.287 I/AnebProbe(25624): ADAPTER_EVT type=content cls=android.widget.EditText desc=null txt_len=16 pkg=com.larus.nova t_boot_ns=1193030318297976
09-05 21:24:21.309 I/AnebProbe(25624): ADAPTER_EVT type=content cls=android.view.ViewGroup desc=null txt_len=0 pkg=com.larus.nova t_boot_ns=1193030340427663
09-05 21:24:21.309 I/AnebProbe(25624): ADAPTER_EVT type=content cls=android.widget.EditText desc=null txt_len=17 pkg=com.larus.nova t_boot_ns=1193030340778705
09-05 21:24:21.318 I/AnebProbe(25624): ADAPTER_EVT type=content cls=android.widget.EditText desc=null txt_len=18 pkg=com.larus.nova t_boot_ns=1193030349131309
09-05 21:24:21.336 I/AnebProbe(25624): ADAPTER_EVT type=content cls=android.view.ViewGroup desc=null txt_len=0 pkg=com.larus.nova t_boot_ns=1193030367196934
09-05 21:24:21.336 I/AnebProbe(25624): ADAPTER_EVT type=content cls=android.widget.EditText desc=null txt_len=19 pkg=com.larus.nova t_boot_ns=1193030367543288
09-05 21:24:21.358 I/AnebProbe(25624): ADAPTER_EVT type=content cls=android.view.ViewGroup desc=null txt_len=0 pkg=com.larus.nova t_boot_ns=1193030389757871
09-05 21:24:21.359 I/AnebProbe(25624): ADAPTER_EVT type=content cls=android.widget.EditText desc=null txt_len=20 pkg=com.larus.nova t_boot_ns=1193030390128705
09-05 21:24:21.368 I/AnebProbe(25624): ADAPTER_EVT type=content cls=android.widget.EditText desc=null txt_len=21 pkg=com.larus.nova t_boot_ns=1193030399038080
09-05 21:24:21.394 I/AnebProbe(25624): ADAPTER_EVT type=content cls=android.view.ViewGroup desc=null txt_len=0 pkg=com.larus.nova t_boot_ns=1193030425791205
09-05 21:24:21.395 I/AnebProbe(25624): ADAPTER_EVT type=content cls=android.widget.EditText desc=null txt_len=22 pkg=com.larus.nova t_boot_ns=1193030426145892
09-05 21:24:21.414 I/AnebProbe(25624): ADAPTER_EVT type=content cls=android.view.ViewGroup desc=null txt_len=0 pkg=com.larus.nova t_boot_ns=1193030445384955
09-05 21:24:21.414 I/AnebProbe(25624): ADAPTER_EVT type=content cls=android.widget.EditText desc=null txt_len=23 pkg=com.larus.nova t_boot_ns=1193030445750580
09-05 21:24:21.442 I/AnebProbe(25624): ADAPTER_EVT type=content cls=android.view.ViewGroup desc=null txt_len=0 pkg=com.larus.nova t_boot_ns=1193030473300580
09-05 21:24:21.442 I/AnebProbe(25624): ADAPTER_EVT type=content cls=android.widget.EditText desc=null txt_len=24 pkg=com.larus.nova t_boot_ns=1193030474001101
09-05 21:24:21.474 I/AnebProbe(25624): ADAPTER_EVT type=content cls=android.view.ViewGroup desc=null txt_len=0 pkg=com.larus.nova t_boot_ns=1193030505136517
09-05 21:24:21.474 I/AnebProbe(25624): ADAPTER_EVT type=content cls=android.widget.EditText desc=null txt_len=25 pkg=com.larus.nova t_boot_ns=1193030505578184
09-05 21:24:21.495 I/AnebProbe(25624): ADAPTER_EVT type=content cls=android.view.ViewGroup desc=null txt_len=0 pkg=com.larus.nova t_boot_ns=1193030526760996
09-05 21:24:21.496 I/AnebProbe(25624): ADAPTER_EVT type=content cls=android.widget.EditText desc=null txt_len=26 pkg=com.larus.nova t_boot_ns=1193030527112038
09-05 21:24:21.517 I/AnebProbe(25624): ADAPTER_EVT type=content cls=android.view.ViewGroup desc=null txt_len=0 pkg=com.larus.nova t_boot_ns=1193030548226101
09-05 21:24:21.517 I/AnebProbe(25624): ADAPTER_EVT type=content cls=android.widget.EditText desc=null txt_len=27 pkg=com.larus.nova t_boot_ns=1193030548528705
09-05 21:24:21.541 I/AnebProbe(25624): ADAPTER_EVT type=content cls=android.view.ViewGroup desc=null txt_len=0 pkg=com.larus.nova t_boot_ns=1193030572745892
09-05 21:24:21.541 I/AnebProbe(25624): ADAPTER_EVT type=content cls=android.widget.EditText desc=null txt_len=28 pkg=com.larus.nova t_boot_ns=1193030572947455
09-05 21:24:21.549 I/AnebProbe(25624): ADAPTER_EVT type=content cls=android.widget.EditText desc=null txt_len=29 pkg=com.larus.nova t_boot_ns=1193030580322455
09-05 21:24:21.568 I/AnebProbe(25624): ADAPTER_EVT type=content cls=android.view.ViewGroup desc=null txt_len=0 pkg=com.larus.nova t_boot_ns=1193030599775580
09-05 21:24:21.568 I/AnebProbe(25624): ADAPTER_EVT type=content cls=android.widget.EditText desc=null txt_len=30 pkg=com.larus.nova t_boot_ns=1193030599954226
09-05 21:24:21.590 I/AnebProbe(25624): ADAPTER_EVT type=content cls=android.view.ViewGroup desc=null txt_len=0 pkg=com.larus.nova t_boot_ns=1193030621657871
09-05 21:24:21.590 I/AnebProbe(25624): ADAPTER_EVT type=content cls=android.widget.EditText desc=null txt_len=31 pkg=com.larus.nova t_boot_ns=1193030622091205
09-05 21:24:21.597 I/AnebProbe(25624): ADAPTER_EVT type=content cls=android.widget.EditText desc=null txt_len=32 pkg=com.larus.nova t_boot_ns=1193030628992767
09-05 21:24:21.614 I/AnebProbe(25624): ADAPTER_EVT type=content cls=android.view.ViewGroup desc=null txt_len=0 pkg=com.larus.nova t_boot_ns=1193030645350580
09-05 21:24:21.614 I/AnebProbe(25624): ADAPTER_EVT type=content cls=android.widget.EditText desc=null txt_len=33 pkg=com.larus.nova t_boot_ns=1193030646006830
09-05 21:24:21.631 I/AnebProbe(25624): ADAPTER_EVT type=content cls=android.view.ViewGroup desc=null txt_len=0 pkg=com.larus.nova t_boot_ns=1193030662882871
09-05 21:24:21.631 I/AnebProbe(25624): ADAPTER_EVT type=content cls=android.widget.EditText desc=null txt_len=34 pkg=com.larus.nova t_boot_ns=1193030663026621
09-05 21:24:21.646 I/AnebProbe(25624): ADAPTER_EVT type=content cls=android.view.ViewGroup desc=null txt_len=0 pkg=com.larus.nova t_boot_ns=1193030677912559
09-05 21:24:21.646 I/AnebProbe(25624): ADAPTER_EVT type=content cls=android.widget.EditText desc=null txt_len=35 pkg=com.larus.nova t_boot_ns=1193030678063601
09-05 21:24:21.662 I/AnebProbe(25624): ADAPTER_EVT type=content cls=android.view.ViewGroup desc=null txt_len=0 pkg=com.larus.nova t_boot_ns=1193030693417246
09-05 21:24:21.662 I/AnebProbe(25624): ADAPTER_EVT type=content cls=android.widget.EditText desc=null txt_len=36 pkg=com.larus.nova t_boot_ns=1193030693558392
09-05 21:24:21.678 I/AnebProbe(25624): ADAPTER_EVT type=content cls=android.view.ViewGroup desc=null txt_len=0 pkg=com.larus.nova t_boot_ns=1193030709889121
09-05 21:24:21.678 I/AnebProbe(25624): ADAPTER_EVT type=content cls=android.widget.EditText desc=null txt_len=37 pkg=com.larus.nova t_boot_ns=1193030710044330
09-05 21:24:21.692 I/AnebProbe(25624): ADAPTER_EVT type=content cls=android.view.ViewGroup desc=null txt_len=0 pkg=com.larus.nova t_boot_ns=1193030724001100
09-05 21:24:21.692 I/AnebProbe(25624): ADAPTER_EVT type=content cls=android.widget.EditText desc=null txt_len=38 pkg=com.larus.nova t_boot_ns=1193030724151621
09-05 21:24:21.699 I/AnebProbe(25624): ADAPTER_EVT type=content cls=android.widget.EditText desc=null txt_len=39 pkg=com.larus.nova t_boot_ns=1193030730556309
09-05 21:24:21.713 I/AnebProbe(25624): ADAPTER_EVT type=content cls=android.view.ViewGroup desc=null txt_len=0 pkg=com.larus.nova t_boot_ns=1193030744376100
09-05 21:24:21.713 I/AnebProbe(25624): ADAPTER_EVT type=content cls=android.widget.EditText desc=null txt_len=40 pkg=com.larus.nova t_boot_ns=1193030744550580
09-05 21:24:21.727 I/AnebProbe(25624): ADAPTER_EVT type=content cls=android.view.ViewGroup desc=null txt_len=0 pkg=com.larus.nova t_boot_ns=1193030758743809
09-05 21:24:21.727 I/AnebProbe(25624): ADAPTER_EVT type=content cls=android.widget.EditText desc=null txt_len=41 pkg=com.larus.nova t_boot_ns=1193030758908913
09-05 21:24:21.742 I/AnebProbe(25624): ADAPTER_EVT type=content cls=android.view.ViewGroup desc=null txt_len=0 pkg=com.larus.nova t_boot_ns=1193030773614121
09-05 21:24:21.742 I/AnebProbe(25624): ADAPTER_EVT type=content cls=android.widget.EditText desc=null txt_len=42 pkg=com.larus.nova t_boot_ns=1193030773821934
09-05 21:24:21.750 I/AnebProbe(25624): ADAPTER_EVT type=content cls=android.widget.EditText desc=null txt_len=43 pkg=com.larus.nova t_boot_ns=1193030781208913
09-05 21:24:21.764 I/AnebProbe(25624): ADAPTER_EVT type=content cls=android.view.ViewGroup desc=null txt_len=0 pkg=com.larus.nova t_boot_ns=1193030795637038
09-05 21:24:21.764 I/AnebProbe(25624): ADAPTER_EVT type=content cls=android.widget.EditText desc=null txt_len=44 pkg=com.larus.nova t_boot_ns=1193030796049538
09-05 21:24:21.781 I/AnebProbe(25624): ADAPTER_EVT type=content cls=android.view.ViewGroup desc=null txt_len=0 pkg=com.larus.nova t_boot_ns=1193030812690163
09-05 21:24:21.781 I/AnebProbe(25624): ADAPTER_EVT type=content cls=android.widget.EditText desc=null txt_len=45 pkg=com.larus.nova t_boot_ns=1193030812927663
09-05 21:24:21.810 I/AnebProbe(25624): ADAPTER_EVT type=content cls=android.view.ViewGroup desc=null txt_len=0 pkg=com.larus.nova t_boot_ns=1193030841178705
09-05 21:24:21.810 I/AnebProbe(25624): ADAPTER_EVT type=content cls=android.widget.EditText desc=null txt_len=46 pkg=com.larus.nova t_boot_ns=1193030841345371
09-05 21:24:21.829 I/AnebProbe(25624): ADAPTER_EVT type=content cls=android.view.ViewGroup desc=null txt_len=0 pkg=com.larus.nova t_boot_ns=1193030860636517
09-05 21:24:21.829 I/AnebProbe(25624): ADAPTER_EVT type=content cls=android.widget.EditText desc=null txt_len=47 pkg=com.larus.nova t_boot_ns=1193030860783913
09-05 21:24:21.843 I/AnebProbe(25624): ADAPTER_EVT type=content cls=android.view.ViewGroup desc=null txt_len=0 pkg=com.larus.nova t_boot_ns=1193030874549017
09-05 21:24:21.843 I/AnebProbe(25624): ADAPTER_EVT type=content cls=android.widget.EditText desc=null txt_len=48 pkg=com.larus.nova t_boot_ns=1193030874683913
09-05 21:24:21.849 I/AnebProbe(25624): ADAPTER_EVT type=content cls=android.widget.EditText desc=null txt_len=49 pkg=com.larus.nova t_boot_ns=1193030880670371
09-05 21:24:21.862 I/AnebProbe(25624): ADAPTER_EVT type=content cls=android.view.ViewGroup desc=null txt_len=0 pkg=com.larus.nova t_boot_ns=1193030893918288
09-05 21:24:21.862 I/AnebProbe(25624): ADAPTER_EVT type=content cls=android.widget.EditText desc=null txt_len=50 pkg=com.larus.nova t_boot_ns=1193030894053705
09-05 21:24:21.876 I/AnebProbe(25624): ADAPTER_EVT type=content cls=android.view.ViewGroup desc=null txt_len=0 pkg=com.larus.nova t_boot_ns=1193030907145892
09-05 21:24:21.876 I/AnebProbe(25624): ADAPTER_EVT type=content cls=android.widget.EditText desc=null txt_len=51 pkg=com.larus.nova t_boot_ns=1193030907292246
09-05 21:24:21.882 I/AnebProbe(25624): ADAPTER_EVT type=content cls=android.widget.EditText desc=null txt_len=52 pkg=com.larus.nova t_boot_ns=1193030913318288
09-05 21:24:21.895 I/AnebProbe(25624): ADAPTER_EVT type=content cls=android.view.ViewGroup desc=null txt_len=0 pkg=com.larus.nova t_boot_ns=1193030926546934
09-05 21:24:21.895 I/AnebProbe(25624): ADAPTER_EVT type=content cls=android.widget.EditText desc=null txt_len=53 pkg=com.larus.nova t_boot_ns=1193030926709434
09-05 21:24:21.909 I/AnebProbe(25624): ADAPTER_EVT type=content cls=android.view.ViewGroup desc=null txt_len=0 pkg=com.larus.nova t_boot_ns=1193030940207871
09-05 21:24:21.909 I/AnebProbe(25624): ADAPTER_EVT type=content cls=android.widget.EditText desc=null txt_len=54 pkg=com.larus.nova t_boot_ns=1193030940354746
09-05 21:24:21.915 I/AnebProbe(25624): ADAPTER_EVT type=content cls=android.widget.EditText desc=null txt_len=55 pkg=com.larus.nova t_boot_ns=1193030946380267
09-05 21:24:21.928 I/AnebProbe(25624): ADAPTER_EVT type=content cls=android.view.ViewGroup desc=null txt_len=0 pkg=com.larus.nova t_boot_ns=1193030960024538
09-05 21:24:21.929 I/AnebProbe(25624): ADAPTER_EVT type=content cls=android.widget.EditText desc=null txt_len=56 pkg=com.larus.nova t_boot_ns=1193030960206309
09-05 21:24:22.036 I/AnebProbe(25624): ADAPTER_EVT type=content cls=android.view.ViewGroup desc=null txt_len=0 pkg=com.larus.nova t_boot_ns=1193031067485996
09-05 21:24:22.140 I/AnebProbe(25624): ADAPTER_EVT type=content cls=android.view.ViewGroup desc=null txt_len=0 pkg=com.larus.nova t_boot_ns=1193031171454746
09-05 21:24:22.252 I/AnebProbe(25624): ADAPTER_EVT type=content cls=android.view.ViewGroup desc=null txt_len=0 pkg=com.larus.nova t_boot_ns=1193031283824017
09-05 21:24:22.355 I/AnebProbe(25624): ADAPTER_EVT type=content cls=android.view.ViewGroup desc=null txt_len=0 pkg=com.larus.nova t_boot_ns=1193031386603184
09-05 21:24:22.469 I/AnebProbe(25624): ADAPTER_EVT type=content cls=android.view.ViewGroup desc=null txt_len=0 pkg=com.larus.nova t_boot_ns=1193031500713080
09-05 21:24:22.574 I/AnebProbe(25624): ADAPTER_EVT type=content cls=android.view.ViewGroup desc=null txt_len=0 pkg=com.larus.nova t_boot_ns=1193031605317246
09-05 21:24:22.688 I/AnebProbe(25624): ADAPTER_EVT type=content cls=android.view.ViewGroup desc=null txt_len=0 pkg=com.larus.nova t_boot_ns=1193031719259955
09-05 21:24:22.789 I/AnebProbe(25624): ADAPTER_EVT type=content cls=android.view.ViewGroup desc=null txt_len=0 pkg=com.larus.nova t_boot_ns=1193031820062038
09-05 21:24:22.888 I/AnebProbe(25624): ADAPTER_EVT type=content cls=android.view.ViewGroup desc=null txt_len=0 pkg=com.larus.nova t_boot_ns=1193031919540163
09-05 21:24:22.991 I/AnebProbe(25624): ADAPTER_EVT type=content cls=android.view.ViewGroup desc=null txt_len=0 pkg=com.larus.nova t_boot_ns=1193032022329746
09-05 21:24:23.106 I/AnebProbe(25624): ADAPTER_EVT type=content cls=android.view.ViewGroup desc=null txt_len=0 pkg=com.larus.nova t_boot_ns=1193032136903704
09-05 21:24:23.207 I/AnebProbe(25624): ADAPTER_EVT type=content cls=android.view.ViewGroup desc=null txt_len=0 pkg=com.larus.nova t_boot_ns=1193032238126100
09-05 21:24:23.319 I/AnebProbe(25624): ADAPTER_EVT type=content cls=android.view.ViewGroup desc=null txt_len=0 pkg=com.larus.nova t_boot_ns=1193032349891204
09-05 21:24:23.439 I/AnebProbe(25624): ADAPTER_EVT type=content cls=android.view.ViewGroup desc=null txt_len=0 pkg=com.larus.nova t_boot_ns=1193032470210475
09-05 21:24:23.552 I/AnebProbe(25624): ADAPTER_EVT type=content cls=android.view.ViewGroup desc=null txt_len=0 pkg=com.larus.nova t_boot_ns=1193032583005788
09-05 21:24:23.663 I/AnebProbe(25624): ADAPTER_EVT type=content cls=android.view.ViewGroup desc=null txt_len=0 pkg=com.larus.nova t_boot_ns=1193032694622975
09-05 21:24:23.783 I/AnebProbe(25624): ADAPTER_EVT type=content cls=android.view.ViewGroup desc=null txt_len=0 pkg=com.larus.nova t_boot_ns=1193032814180267
09-05 21:24:23.895 I/AnebProbe(25624): ADAPTER_EVT type=content cls=android.view.ViewGroup desc=null txt_len=0 pkg=com.larus.nova t_boot_ns=1193032926716725
09-05 21:24:24.012 I/AnebProbe(25624): ADAPTER_EVT type=content cls=android.view.ViewGroup desc=null txt_len=0 pkg=com.larus.nova t_boot_ns=1193033042994329
09-05 21:24:24.114 I/AnebProbe(25624): ADAPTER_EVT type=content cls=android.view.ViewGroup desc=null txt_len=0 pkg=com.larus.nova t_boot_ns=1193033145221933
09-05 21:24:24.163 I/AnebE4MARK( 9799): E4MARK kind=turn_start n=1
09-05 21:24:24.214 I/AnebProbe(25624): ADAPTER_EVT type=content cls=android.view.ViewGroup desc=null txt_len=0 pkg=com.larus.nova t_boot_ns=1193033245899538
09-05 21:24:24.328 I/AnebProbe(25624): ADAPTER_EVT type=content cls=android.view.ViewGroup desc=null txt_len=0 pkg=com.larus.nova t_boot_ns=1193033359900058
09-05 21:24:24.359 I/AnebProbe(25624): ADAPTER_EVT type=content cls=android.view.ViewGroup desc=null txt_len=0 pkg=com.larus.nova t_boot_ns=1193033391071933
09-05 21:24:24.484 I/AnebProbe(25624): ADAPTER_EVT type=content cls=android.view.ViewGroup desc=null txt_len=0 pkg=com.larus.nova t_boot_ns=1193033515490683
09-05 21:24:24.800 I/AnebProbe(25624): ADAPTER_EVT type=content cls=androidx.drawerlayout.widget.DrawerLayout desc=null txt_len=0 pkg=com.larus.nova t_boot_ns=1193033831842246
09-05 21:24:24.900 I/AnebProbe(25624): ADAPTER_EVT type=content cls=androidx.drawerlayout.widget.DrawerLayout desc=null txt_len=0 pkg=com.larus.nova t_boot_ns=1193033931286517
09-05 21:24:25.067 I/AnebProbe(25624): ADAPTER_EVT type=content cls=android.widget.ImageView desc=创建新对话 txt_len=0 pkg=com.larus.nova t_boot_ns=1193034098124017
09-05 21:24:25.067 I/AnebProbe(25624): ADAPTER_OBS pkg=com.larus.nova mode=doubao events=175 rule_matched=7 first_delta_ms=0 cadence_p50_ms=21.3 session_span_ms=21647.6 confidence=LOW/INCONCLUSIVE reason=throttle ttft_send_ms=null anchor_source=null ttft_cluster_ms=null ttft_density_ms=null
09-05 21:24:25.178 I/AnebProbe(25624): ADAPTER_EVT type=content cls=androidx.drawerlayout.widget.DrawerLayout desc=null txt_len=0 pkg=com.larus.nova t_boot_ns=1193034209347454
09-05 21:24:25.281 I/AnebProbe(25624): ADAPTER_EVT type=content cls=androidx.recyclerview.widget.RecyclerView desc=null txt_len=0 pkg=com.larus.nova t_boot_ns=1193034312613600
09-05 21:24:25.413 I/AnebProbe(25624): ADAPTER_EVT type=content cls=androidx.drawerlayout.widget.DrawerLayout desc=null txt_len=0 pkg=com.larus.nova t_boot_ns=1193034444421412
09-05 21:24:25.514 I/AnebProbe(25624): ADAPTER_EVT type=content cls=androidx.recyclerview.widget.RecyclerView desc=null txt_len=0 pkg=com.larus.nova t_boot_ns=1193034545407350
09-05 21:24:25.638 I/AnebProbe(25624): ADAPTER_EVT type=content cls=android.widget.TextView desc=null txt_len=0 pkg=com.larus.nova t_boot_ns=1193034669416725
09-05 21:24:26.228 I/AnebProbe(25624): ADAPTER_EVT type=content cls=androidx.drawerlayout.widget.DrawerLayout desc=null txt_len=0 pkg=com.larus.nova t_boot_ns=1193035259818808
09-05 21:24:26.339 I/AnebProbe(25624): ADAPTER_EVT type=content cls=androidx.drawerlayout.widget.DrawerLayout desc=null txt_len=0 pkg=com.larus.nova t_boot_ns=1193035370518808
09-05 21:24:26.443 I/AnebProbe(25624): ADAPTER_EVT type=content cls=android.view.ViewGroup desc=null txt_len=0 pkg=com.larus.nova t_boot_ns=1193035474847454
09-05 21:24:26.508 I/AnebProbe(25624): ADAPTER_EVT type=content cls=androidx.recyclerview.widget.RecyclerView desc=null txt_len=0 pkg=com.larus.nova t_boot_ns=1193035539755787
09-05 21:24:26.628 I/AnebProbe(25624): ADAPTER_EVT type=content cls=androidx.drawerlayout.widget.DrawerLayout desc=null txt_len=0 pkg=com.larus.nova t_boot_ns=1193035659401621
09-05 21:24:26.727 I/AnebProbe(25624): ADAPTER_EVT type=content cls=androidx.drawerlayout.widget.DrawerLayout desc=null txt_len=0 pkg=com.larus.nova t_boot_ns=1193035758080787
09-05 21:24:26.826 I/AnebProbe(25624): ADAPTER_EVT type=content cls=androidx.drawerlayout.widget.DrawerLayout desc=null txt_len=0 pkg=com.larus.nova t_boot_ns=1193035857800058
09-05 21:24:27.185 I/AnebProbe(25624): ADAPTER_EVT type=content cls=androidx.drawerlayout.widget.DrawerLayout desc=null txt_len=0 pkg=com.larus.nova t_boot_ns=1193036216287558
09-05 21:24:27.288 I/AnebProbe(25624): ADAPTER_EVT type=content cls=androidx.drawerlayout.widget.DrawerLayout desc=null txt_len=0 pkg=com.larus.nova t_boot_ns=1193036319067245
09-05 21:24:27.902 I/AnebProbe(25624): ADAPTER_EVT type=content cls=androidx.drawerlayout.widget.DrawerLayout desc=null txt_len=0 pkg=com.larus.nova t_boot_ns=1193036933751100
09-05 21:24:28.001 I/AnebProbe(25624): ADAPTER_EVT type=content cls=androidx.drawerlayout.widget.DrawerLayout desc=null txt_len=0 pkg=com.larus.nova t_boot_ns=1193037032740162
09-05 21:24:28.153 I/AnebProbe(25624): ADAPTER_EVT type=content cls=androidx.drawerlayout.widget.DrawerLayout desc=null txt_len=0 pkg=com.larus.nova t_boot_ns=1193037184601620
09-05 21:24:28.258 I/AnebProbe(25624): ADAPTER_EVT type=content cls=androidx.drawerlayout.widget.DrawerLayout desc=null txt_len=0 pkg=com.larus.nova t_boot_ns=1193037288893287
09-05 21:24:28.367 I/AnebProbe(25624): ADAPTER_EVT type=content cls=androidx.drawerlayout.widget.DrawerLayout desc=null txt_len=0 pkg=com.larus.nova t_boot_ns=1193037398572454
09-05 21:24:28.467 I/AnebProbe(25624): ADAPTER_EVT type=content cls=androidx.drawerlayout.widget.DrawerLayout desc=null txt_len=0 pkg=com.larus.nova t_boot_ns=1193037498235995
09-05 21:24:28.567 I/AnebProbe(25624): ADAPTER_EVT type=content cls=androidx.drawerlayout.widget.DrawerLayout desc=null txt_len=0 pkg=com.larus.nova t_boot_ns=1193037598475058
09-05 21:24:28.668 I/AnebProbe(25624): ADAPTER_EVT type=content cls=androidx.drawerlayout.widget.DrawerLayout desc=null txt_len=0 pkg=com.larus.nova t_boot_ns=1193037699569849
09-05 21:24:28.782 I/AnebProbe(25624): ADAPTER_EVT type=content cls=androidx.drawerlayout.widget.DrawerLayout desc=null txt_len=0 pkg=com.larus.nova t_boot_ns=1193037813235995
09-05 21:24:28.884 I/AnebProbe(25624): ADAPTER_EVT type=content cls=androidx.drawerlayout.widget.DrawerLayout desc=null txt_len=0 pkg=com.larus.nova t_boot_ns=1193037915447454
09-05 21:24:28.997 I/AnebProbe(25624): ADAPTER_EVT type=content cls=androidx.drawerlayout.widget.DrawerLayout desc=null txt_len=0 pkg=com.larus.nova t_boot_ns=1193038028007349
09-05 21:24:29.099 I/AnebProbe(25624): ADAPTER_EVT type=content cls=androidx.drawerlayout.widget.DrawerLayout desc=null txt_len=0 pkg=com.larus.nova t_boot_ns=1193038130363599
09-05 21:24:29.213 I/AnebProbe(25624): ADAPTER_EVT type=content cls=androidx.drawerlayout.widget.DrawerLayout desc=null txt_len=0 pkg=com.larus.nova t_boot_ns=1193038244171412
09-05 21:24:29.312 I/AnebProbe(25624): ADAPTER_EVT type=content cls=androidx.drawerlayout.widget.DrawerLayout desc=null txt_len=0 pkg=com.larus.nova t_boot_ns=1193038342894329
09-05 21:24:29.412 I/AnebProbe(25624): ADAPTER_EVT type=content cls=androidx.drawerlayout.widget.DrawerLayout desc=null txt_len=0 pkg=com.larus.nova t_boot_ns=1193038443606308
09-05 21:24:29.513 I/AnebProbe(25624): ADAPTER_EVT type=content cls=androidx.drawerlayout.widget.DrawerLayout desc=null txt_len=0 pkg=com.larus.nova t_boot_ns=1193038544242766
09-05 21:24:29.615 I/AnebProbe(25624): ADAPTER_EVT type=content cls=androidx.drawerlayout.widget.DrawerLayout desc=null txt_len=0 pkg=com.larus.nova t_boot_ns=1193038645893808
09-05 21:24:29.728 I/AnebProbe(25624): ADAPTER_EVT type=content cls=androidx.drawerlayout.widget.DrawerLayout desc=null txt_len=0 pkg=com.larus.nova t_boot_ns=1193038759524016
09-05 21:24:29.831 I/AnebProbe(25624): ADAPTER_EVT type=content cls=androidx.drawerlayout.widget.DrawerLayout desc=null txt_len=0 pkg=com.larus.nova t_boot_ns=1193038862453183
09-05 21:24:29.944 I/AnebProbe(25624): ADAPTER_EVT type=content cls=androidx.drawerlayout.widget.DrawerLayout desc=null txt_len=0 pkg=com.larus.nova t_boot_ns=1193038975599537
09-05 21:24:30.060 I/AnebProbe(25624): ADAPTER_EVT type=content cls=androidx.drawerlayout.widget.DrawerLayout desc=null txt_len=0 pkg=com.larus.nova t_boot_ns=1193039091449016
09-05 21:24:30.162 I/AnebProbe(25624): ADAPTER_EVT type=content cls=androidx.drawerlayout.widget.DrawerLayout desc=null txt_len=0 pkg=com.larus.nova t_boot_ns=1193039193479224
09-05 21:24:30.167 I/AnebProbe(25624): ADAPTER_OBS pkg=com.larus.nova mode=doubao events=211 rule_matched=11 first_delta_ms=0 cadence_p50_ms=64.9 session_span_ms=26742.9 confidence=LOW/INCONCLUSIVE reason=throttle ttft_send_ms=null anchor_source=null ttft_cluster_ms=4192.3 ttft_density_ms=null
09-05 21:24:30.275 I/AnebProbe(25624): ADAPTER_EVT type=content cls=androidx.drawerlayout.widget.DrawerLayout desc=null txt_len=0 pkg=com.larus.nova t_boot_ns=1193039306182349
09-05 21:24:30.375 I/AnebProbe(25624): ADAPTER_EVT type=content cls=androidx.drawerlayout.widget.DrawerLayout desc=null txt_len=0 pkg=com.larus.nova t_boot_ns=1193039406155266
09-05 21:24:30.476 I/AnebProbe(25624): ADAPTER_EVT type=content cls=androidx.drawerlayout.widget.DrawerLayout desc=null txt_len=0 pkg=com.larus.nova t_boot_ns=1193039507165682
09-05 21:24:30.588 I/AnebProbe(25624): ADAPTER_EVT type=content cls=androidx.drawerlayout.widget.DrawerLayout desc=null txt_len=0 pkg=com.larus.nova t_boot_ns=1193039618885995
09-05 21:24:30.688 I/AnebProbe(25624): ADAPTER_EVT type=content cls=androidx.drawerlayout.widget.DrawerLayout desc=null txt_len=0 pkg=com.larus.nova t_boot_ns=1193039719109432
09-05 21:24:30.803 I/AnebProbe(25624): ADAPTER_EVT type=content cls=androidx.drawerlayout.widget.DrawerLayout desc=null txt_len=0 pkg=com.larus.nova t_boot_ns=1193039833968807
09-05 21:24:30.904 I/AnebProbe(25624): ADAPTER_EVT type=content cls=androidx.drawerlayout.widget.DrawerLayout desc=null txt_len=0 pkg=com.larus.nova t_boot_ns=1193039934734432
09-05 21:24:31.005 I/AnebProbe(25624): ADAPTER_EVT type=content cls=androidx.drawerlayout.widget.DrawerLayout desc=null txt_len=0 pkg=com.larus.nova t_boot_ns=1193040036069849
09-05 21:24:31.106 I/AnebProbe(25624): ADAPTER_EVT type=content cls=androidx.drawerlayout.widget.DrawerLayout desc=null txt_len=0 pkg=com.larus.nova t_boot_ns=1193040137250057
09-05 21:24:31.226 I/AnebProbe(25624): ADAPTER_EVT type=content cls=androidx.drawerlayout.widget.DrawerLayout desc=null txt_len=0 pkg=com.larus.nova t_boot_ns=1193040257410995
09-05 21:24:31.334 I/AnebProbe(25624): ADAPTER_EVT type=content cls=androidx.drawerlayout.widget.DrawerLayout desc=null txt_len=0 pkg=com.larus.nova t_boot_ns=1193040364682349
09-05 21:24:31.438 I/AnebProbe(25624): ADAPTER_EVT type=content cls=androidx.drawerlayout.widget.DrawerLayout desc=null txt_len=0 pkg=com.larus.nova t_boot_ns=1193040469355266
09-05 21:24:31.550 I/AnebProbe(25624): ADAPTER_EVT type=content cls=androidx.drawerlayout.widget.DrawerLayout desc=null txt_len=0 pkg=com.larus.nova t_boot_ns=1193040581432349
09-05 21:24:31.651 I/AnebProbe(25624): ADAPTER_EVT type=content cls=androidx.drawerlayout.widget.DrawerLayout desc=null txt_len=0 pkg=com.larus.nova t_boot_ns=1193040682056307
09-05 21:24:31.750 I/AnebProbe(25624): ADAPTER_EVT type=content cls=androidx.drawerlayout.widget.DrawerLayout desc=null txt_len=0 pkg=com.larus.nova t_boot_ns=1193040781229224
09-05 21:24:31.850 I/AnebProbe(25624): ADAPTER_EVT type=content cls=androidx.drawerlayout.widget.DrawerLayout desc=null txt_len=0 pkg=com.larus.nova t_boot_ns=1193040881329745
09-05 21:24:31.952 I/AnebProbe(25624): ADAPTER_EVT type=content cls=androidx.drawerlayout.widget.DrawerLayout desc=null txt_len=0 pkg=com.larus.nova t_boot_ns=1193040982905786
09-05 21:24:32.051 I/AnebProbe(25624): ADAPTER_EVT type=content cls=androidx.drawerlayout.widget.DrawerLayout desc=null txt_len=0 pkg=com.larus.nova t_boot_ns=1193041081902141
09-05 21:24:32.167 I/AnebProbe(25624): ADAPTER_EVT type=content cls=androidx.drawerlayout.widget.DrawerLayout desc=null txt_len=0 pkg=com.larus.nova t_boot_ns=1193041198281307
09-05 21:24:32.265 I/AnebProbe(25624): ADAPTER_EVT type=content cls=androidx.drawerlayout.widget.DrawerLayout desc=null txt_len=0 pkg=com.larus.nova t_boot_ns=1193041296281828
09-05 21:24:32.387 I/AnebProbe(25624): ADAPTER_EVT type=content cls=androidx.drawerlayout.widget.DrawerLayout desc=null txt_len=0 pkg=com.larus.nova t_boot_ns=1193041416264120
09-05 21:24:32.496 I/AnebProbe(25624): ADAPTER_EVT type=content cls=androidx.drawerlayout.widget.DrawerLayout desc=null txt_len=0 pkg=com.larus.nova t_boot_ns=1193041526915161
09-05 21:24:32.597 I/AnebProbe(25624): ADAPTER_EVT type=content cls=androidx.drawerlayout.widget.DrawerLayout desc=null txt_len=0 pkg=com.larus.nova t_boot_ns=1193041627946411
09-05 21:24:32.710 I/AnebProbe(25624): ADAPTER_EVT type=content cls=androidx.drawerlayout.widget.DrawerLayout desc=null txt_len=0 pkg=com.larus.nova t_boot_ns=1193041741038599
09-05 21:24:32.812 I/AnebProbe(25624): ADAPTER_EVT type=content cls=androidx.drawerlayout.widget.DrawerLayout desc=null txt_len=0 pkg=com.larus.nova t_boot_ns=1193041841015682
09-05 21:24:32.911 I/AnebProbe(25624): ADAPTER_EVT type=content cls=androidx.drawerlayout.widget.DrawerLayout desc=null txt_len=0 pkg=com.larus.nova t_boot_ns=1193041942171411
09-05 21:24:33.011 I/AnebProbe(25624): ADAPTER_EVT type=content cls=androidx.drawerlayout.widget.DrawerLayout desc=null txt_len=0 pkg=com.larus.nova t_boot_ns=1193042042395370
09-05 21:24:33.128 I/AnebProbe(25624): ADAPTER_EVT type=content cls=androidx.drawerlayout.widget.DrawerLayout desc=null txt_len=0 pkg=com.larus.nova t_boot_ns=1193042159103703
09-05 21:24:33.242 I/AnebProbe(25624): ADAPTER_EVT type=content cls=androidx.drawerlayout.widget.DrawerLayout desc=null txt_len=0 pkg=com.larus.nova t_boot_ns=1193042272943286
09-05 21:24:33.345 I/AnebProbe(25624): ADAPTER_EVT type=content cls=androidx.drawerlayout.widget.DrawerLayout desc=null txt_len=0 pkg=com.larus.nova t_boot_ns=1193042375907349
09-05 21:24:33.443 I/AnebProbe(25624): ADAPTER_EVT type=content cls=androidx.drawerlayout.widget.DrawerLayout desc=null txt_len=0 pkg=com.larus.nova t_boot_ns=1193042473877661
09-05 21:24:33.542 I/AnebProbe(25624): ADAPTER_EVT type=content cls=androidx.drawerlayout.widget.DrawerLayout desc=null txt_len=0 pkg=com.larus.nova t_boot_ns=1193042573632349
09-05 21:24:33.657 I/AnebProbe(25624): ADAPTER_EVT type=content cls=androidx.drawerlayout.widget.DrawerLayout desc=null txt_len=0 pkg=com.larus.nova t_boot_ns=1193042687862036
09-05 21:24:33.770 I/AnebProbe(25624): ADAPTER_EVT type=content cls=androidx.drawerlayout.widget.DrawerLayout desc=null txt_len=0 pkg=com.larus.nova t_boot_ns=1193042801274536
09-05 21:24:33.871 I/AnebProbe(25624): ADAPTER_EVT type=content cls=androidx.drawerlayout.widget.DrawerLayout desc=null txt_len=0 pkg=com.larus.nova t_boot_ns=1193042902324015
09-05 21:24:33.972 I/AnebProbe(25624): ADAPTER_EVT type=content cls=androidx.drawerlayout.widget.DrawerLayout desc=null txt_len=0 pkg=com.larus.nova t_boot_ns=1193043002833390
09-05 21:24:34.075 I/AnebProbe(25624): ADAPTER_EVT type=content cls=androidx.drawerlayout.widget.DrawerLayout desc=null txt_len=0 pkg=com.larus.nova t_boot_ns=1193043106175578
09-05 21:24:34.188 I/AnebProbe(25624): ADAPTER_EVT type=content cls=androidx.drawerlayout.widget.DrawerLayout desc=null txt_len=0 pkg=com.larus.nova t_boot_ns=1193043219012036
09-05 21:24:34.288 I/AnebProbe(25624): ADAPTER_EVT type=content cls=androidx.drawerlayout.widget.DrawerLayout desc=null txt_len=0 pkg=com.larus.nova t_boot_ns=1193043319659953
09-05 21:24:34.404 I/AnebProbe(25624): ADAPTER_EVT type=content cls=androidx.drawerlayout.widget.DrawerLayout desc=null txt_len=0 pkg=com.larus.nova t_boot_ns=1193043434764119
09-05 21:24:34.519 I/AnebProbe(25624): ADAPTER_EVT type=content cls=androidx.drawerlayout.widget.DrawerLayout desc=null txt_len=0 pkg=com.larus.nova t_boot_ns=1193043550339119
09-05 21:24:34.619 I/AnebProbe(25624): ADAPTER_EVT type=content cls=androidx.drawerlayout.widget.DrawerLayout desc=null txt_len=0 pkg=com.larus.nova t_boot_ns=1193043650553703
09-05 21:24:34.737 I/AnebProbe(25624): ADAPTER_EVT type=content cls=androidx.drawerlayout.widget.DrawerLayout desc=null txt_len=0 pkg=com.larus.nova t_boot_ns=1193043767996411
09-05 21:24:34.847 I/AnebProbe(25624): ADAPTER_EVT type=content cls=androidx.drawerlayout.widget.DrawerLayout desc=null txt_len=0 pkg=com.larus.nova t_boot_ns=1193043878693286
09-05 21:24:34.953 I/AnebProbe(25624): ADAPTER_EVT type=content cls=androidx.drawerlayout.widget.DrawerLayout desc=null txt_len=0 pkg=com.larus.nova t_boot_ns=1193043984336515
09-05 21:24:35.064 I/AnebProbe(25624): ADAPTER_EVT type=content cls=androidx.drawerlayout.widget.DrawerLayout desc=null txt_len=0 pkg=com.larus.nova t_boot_ns=1193044095081828
09-05 21:24:35.165 I/AnebProbe(25624): ADAPTER_EVT type=content cls=androidx.drawerlayout.widget.DrawerLayout desc=null txt_len=0 pkg=com.larus.nova t_boot_ns=1193044196321932
09-05 21:24:35.170 I/AnebProbe(25624): ADAPTER_OBS pkg=com.larus.nova mode=doubao events=258 rule_matched=11 first_delta_ms=0 cadence_p50_ms=100.2 session_span_ms=31745.8 confidence=LOW/INCONCLUSIVE reason=throttle ttft_send_ms=null anchor_source=null ttft_cluster_ms=4192.3 ttft_density_ms=null
09-05 21:24:35.276 I/AnebProbe(25624): ADAPTER_EVT type=content cls=androidx.drawerlayout.widget.DrawerLayout desc=null txt_len=0 pkg=com.larus.nova t_boot_ns=1193044307662036
09-05 21:24:35.379 I/AnebProbe(25624): ADAPTER_EVT type=content cls=androidx.drawerlayout.widget.DrawerLayout desc=null txt_len=0 pkg=com.larus.nova t_boot_ns=1193044410419328
09-05 21:24:35.507 I/AnebProbe(25624): ADAPTER_EVT type=content cls=androidx.drawerlayout.widget.DrawerLayout desc=null txt_len=0 pkg=com.larus.nova t_boot_ns=1193044537718807
09-05 21:24:35.612 I/AnebProbe(25624): ADAPTER_EVT type=content cls=androidx.drawerlayout.widget.DrawerLayout desc=null txt_len=0 pkg=com.larus.nova t_boot_ns=1193044643300578
09-05 21:24:35.728 I/AnebProbe(25624): ADAPTER_EVT type=content cls=androidx.drawerlayout.widget.DrawerLayout desc=null txt_len=0 pkg=com.larus.nova t_boot_ns=1193044759721932
09-05 21:24:36.162 I/AnebProbe(25624): ADAPTER_EVT type=content cls=androidx.drawerlayout.widget.DrawerLayout desc=null txt_len=0 pkg=com.larus.nova t_boot_ns=1193045193157348
09-05 21:24:36.489 I/AnebProbe(25624): ADAPTER_EVT type=content cls=androidx.drawerlayout.widget.DrawerLayout desc=null txt_len=0 pkg=com.larus.nova t_boot_ns=1193045520051619
09-05 21:24:36.590 I/AnebProbe(25624): ADAPTER_EVT type=content cls=androidx.drawerlayout.widget.DrawerLayout desc=null txt_len=0 pkg=com.larus.nova t_boot_ns=1193045621072452
09-05 21:24:36.801 I/AnebProbe(25624): ADAPTER_EVT type=content cls=androidx.drawerlayout.widget.DrawerLayout desc=null txt_len=0 pkg=com.larus.nova t_boot_ns=1193045832551098
09-05 21:24:36.920 I/AnebProbe(25624): ADAPTER_EVT type=content cls=androidx.drawerlayout.widget.DrawerLayout desc=null txt_len=0 pkg=com.larus.nova t_boot_ns=1193045951182348
09-05 21:24:37.022 I/AnebProbe(25624): ADAPTER_EVT type=content cls=androidx.recyclerview.widget.RecyclerView desc=null txt_len=0 pkg=com.larus.nova t_boot_ns=1193046053789640
09-05 21:24:37.251 I/AnebProbe(25624): ADAPTER_EVT type=content cls=androidx.drawerlayout.widget.DrawerLayout desc=null txt_len=0 pkg=com.larus.nova t_boot_ns=1193046282376098
09-05 21:24:37.351 I/AnebProbe(25624): ADAPTER_EVT type=content cls=androidx.drawerlayout.widget.DrawerLayout desc=null txt_len=0 pkg=com.larus.nova t_boot_ns=1193046382082348
09-05 21:24:37.698 I/AnebProbe(25624): ADAPTER_EVT type=content cls=androidx.drawerlayout.widget.DrawerLayout desc=null txt_len=0 pkg=com.larus.nova t_boot_ns=1193046729671411
09-05 21:24:37.800 I/AnebProbe(25624): ADAPTER_EVT type=content cls=androidx.drawerlayout.widget.DrawerLayout desc=null txt_len=0 pkg=com.larus.nova t_boot_ns=1193046830917244
09-05 21:24:46.859 I/AnebProbe(25624): ADAPTER_EVT type=content cls=androidx.recyclerview.widget.RecyclerView desc=null txt_len=0 pkg=com.larus.nova t_boot_ns=1193055890609430
09-05 21:24:46.865 I/AnebProbe(25624): ADAPTER_OBS pkg=com.larus.nova mode=doubao events=274 rule_matched=13 first_delta_ms=0 cadence_p50_ms=100.2 session_span_ms=43440.1 confidence=LOW/INCONCLUSIVE reason=throttle ttft_send_ms=null anchor_source=null ttft_cluster_ms=4192.3 ttft_density_ms=null
09-05 21:24:46.934 I/AnebProbe(25624): ADAPTER_EVT type=content cls=androidx.recyclerview.widget.RecyclerView desc=null txt_len=0 pkg=com.larus.nova t_boot_ns=1193055965094326
09-05 21:25:39.155 I/AnebE4MARK(10499): E4MARK kind=answer_complete n=1
09-05 21:25:59.623 I/AnebProbe(25624): ADAPTER_EVT type=click cls=android.widget.ImageView desc=返回 txt_len=2 pkg=com.larus.nova t_boot_ns=1193128654363586
09-05 21:25:59.624 I/AnebProbe(25624): ADAPTER_OBS pkg=com.larus.nova mode=doubao events=275 rule_matched=14 first_delta_ms=0 cadence_p50_ms=100.2 session_span_ms=43514.5 confidence=LOW/INCONCLUSIVE reason=throttle ttft_send_ms=null anchor_source=null ttft_cluster_ms=4192.3 ttft_density_ms=null
09-05 21:25:59.733 I/AnebProbe(25624): ADAPTER_EVT type=content cls=androidx.drawerlayout.widget.DrawerLayout desc=null txt_len=0 pkg=com.larus.nova t_boot_ns=1193128764741711
09-05 21:25:59.849 I/AnebProbe(25624): ADAPTER_EVT type=content cls=androidx.drawerlayout.widget.DrawerLayout desc=null txt_len=0 pkg=com.larus.nova t_boot_ns=1193128880135461
09-05 21:25:59.965 I/AnebProbe(25624): ADAPTER_EVT type=content cls=androidx.drawerlayout.widget.DrawerLayout desc=null txt_len=0 pkg=com.larus.nova t_boot_ns=1193128996127648
09-05 21:26:00.058 I/AnebProbe(25624): ADAPTER_EVT type=content cls=androidx.drawerlayout.widget.DrawerLayout desc=null txt_len=0 pkg=com.larus.nova t_boot_ns=1193129089734940
09-05 21:26:01.313 I/AnebProbe(25624): ADAPTER_EVT type=click cls=android.widget.ImageView desc=创建新对话 txt_len=5 pkg=com.larus.nova t_boot_ns=1193130344168273
09-05 21:26:01.323 I/AnebProbe(25624): ADAPTER_EVT type=content cls=android.widget.FrameLayout desc=null txt_len=0 pkg=com.larus.nova t_boot_ns=1193130354729731
09-05 21:26:01.557 I/AnebProbe(25624): ADAPTER_EVT type=content cls=androidx.drawerlayout.widget.DrawerLayout desc=null txt_len=0 pkg=com.larus.nova t_boot_ns=1193130589013585
09-05 21:26:01.720 I/AnebProbe(25624): ADAPTER_EVT type=content cls=androidx.drawerlayout.widget.DrawerLayout desc=null txt_len=0 pkg=com.larus.nova t_boot_ns=1193130751397439
09-05 21:26:01.751 I/AnebProbe(25624): ADAPTER_EVT type=content cls=androidx.drawerlayout.widget.DrawerLayout desc=null txt_len=0 pkg=com.larus.nova t_boot_ns=1193130782664106
09-05 21:26:01.788 I/AnebProbe(25624): ADAPTER_EVT type=content cls=android.view.ViewGroup desc=null txt_len=0 pkg=com.larus.nova t_boot_ns=1193130820032335
09-05 21:26:01.884 I/AnebProbe(25624): ADAPTER_EVT type=content cls=android.view.ViewGroup desc=null txt_len=0 pkg=com.larus.nova t_boot_ns=1193130915847960
09-05 21:26:01.985 I/AnebProbe(25624): ADAPTER_EVT type=content cls=android.view.ViewGroup desc=null txt_len=0 pkg=com.larus.nova t_boot_ns=1193131016742231
09-05 21:26:02.087 I/AnebProbe(25624): ADAPTER_EVT type=content cls=androidx.drawerlayout.widget.DrawerLayout desc=null txt_len=0 pkg=com.larus.nova t_boot_ns=1193131118266710
09-05 21:26:02.208 I/AnebProbe(25624): ADAPTER_EVT type=content cls=android.view.ViewGroup desc=null txt_len=0 pkg=com.larus.nova t_boot_ns=1193131239892231
09-05 21:26:02.482 I/AnebProbe(25624): ADAPTER_EVT type=content cls=androidx.recyclerview.widget.RecyclerView desc=null txt_len=0 pkg=com.larus.nova t_boot_ns=1193131513347960
09-05 21:26:02.578 I/AnebProbe(25624): ADAPTER_EVT type=content cls=android.view.ViewGroup desc=null txt_len=0 pkg=com.larus.nova t_boot_ns=1193131609628689
09-05 21:26:02.680 I/AnebProbe(25624): ADAPTER_EVT type=content cls=android.view.ViewGroup desc=null txt_len=0 pkg=com.larus.nova t_boot_ns=1193131710837023
09-05 21:26:02.787 I/AnebProbe(25624): ADAPTER_EVT type=content cls=android.view.ViewGroup desc=null txt_len=0 pkg=com.larus.nova t_boot_ns=1193131818456293
09-05 21:26:02.887 I/AnebProbe(25624): ADAPTER_EVT type=content cls=android.view.ViewGroup desc=null txt_len=0 pkg=com.larus.nova t_boot_ns=1193131918729731
09-05 21:26:02.987 I/AnebProbe(25624): ADAPTER_EVT type=content cls=android.view.ViewGroup desc=null txt_len=0 pkg=com.larus.nova t_boot_ns=1193132018623481
09-05 21:26:03.091 I/AnebProbe(25624): ADAPTER_EVT type=content cls=android.view.ViewGroup desc=null txt_len=0 pkg=com.larus.nova t_boot_ns=1193132122245356
09-05 21:26:03.208 I/AnebProbe(25624): ADAPTER_EVT type=content cls=android.view.ViewGroup desc=null txt_len=0 pkg=com.larus.nova t_boot_ns=1193132238887023
09-05 21:26:03.327 I/AnebProbe(25624): ADAPTER_EVT type=content cls=androidx.drawerlayout.widget.DrawerLayout desc=null txt_len=0 pkg=com.larus.nova t_boot_ns=1193132358146918
09-05 21:26:03.437 I/AnebProbe(25624): ADAPTER_EVT type=content cls=android.view.ViewGroup desc=null txt_len=0 pkg=com.larus.nova t_boot_ns=1193132468516189
09-05 21:26:03.546 I/AnebProbe(25624): ADAPTER_EVT type=content cls=android.view.ViewGroup desc=null txt_len=0 pkg=com.larus.nova t_boot_ns=1193132577146918
09-05 21:26:03.646 I/AnebProbe(25624): ADAPTER_EVT type=content cls=android.view.ViewGroup desc=null txt_len=0 pkg=com.larus.nova t_boot_ns=1193132677425043
09-05 21:26:04.343 I/AnebProbe(25624): ADAPTER_EVT type=content cls=android.view.ViewGroup desc=新对话，打开设置页 txt_len=0 pkg=com.larus.nova t_boot_ns=1193133374899522
09-05 21:26:04.460 I/AnebProbe(25624): ADAPTER_EVT type=content cls=android.view.ViewGroup desc=null txt_len=0 pkg=com.larus.nova t_boot_ns=1193133491644314
09-05 21:26:04.564 I/AnebProbe(25624): ADAPTER_EVT type=content cls=android.view.ViewGroup desc=null txt_len=0 pkg=com.larus.nova t_boot_ns=1193133595498481
09-05 21:26:04.666 I/AnebProbe(25624): ADAPTER_EVT type=content cls=android.view.ViewGroup desc=null txt_len=0 pkg=com.larus.nova t_boot_ns=1193133697291710
09-05 21:26:04.667 I/AnebProbe(25624): ADAPTER_OBS pkg=com.larus.nova mode=doubao events=304 rule_matched=15 first_delta_ms=0 cadence_p50_ms=100.2 session_span_ms=121246.7 confidence=LOW/INCONCLUSIVE reason=throttle ttft_send_ms=null anchor_source=null ttft_cluster_ms=4192.3 ttft_density_ms=null
09-05 21:26:04.782 I/AnebProbe(25624): ADAPTER_EVT type=content cls=android.view.ViewGroup desc=null txt_len=0 pkg=com.larus.nova t_boot_ns=1193133813513585
09-05 21:26:04.892 I/AnebProbe(25624): ADAPTER_EVT type=content cls=android.view.ViewGroup desc=null txt_len=0 pkg=com.larus.nova t_boot_ns=1193133923165147
09-05 21:26:04.993 I/AnebProbe(25624): ADAPTER_EVT type=content cls=android.view.ViewGroup desc=null txt_len=0 pkg=com.larus.nova t_boot_ns=1193134024489626
09-05 21:26:05.108 I/AnebProbe(25624): ADAPTER_EVT type=content cls=android.view.ViewGroup desc=null txt_len=0 pkg=com.larus.nova t_boot_ns=1193134139636501
09-05 21:26:05.224 I/AnebProbe(25624): ADAPTER_EVT type=content cls=android.view.ViewGroup desc=null txt_len=0 pkg=com.larus.nova t_boot_ns=1193134254994314
09-05 21:26:05.325 I/AnebProbe(25624): ADAPTER_EVT type=content cls=android.view.ViewGroup desc=null txt_len=0 pkg=com.larus.nova t_boot_ns=1193134356692231
09-05 21:26:05.429 I/AnebProbe(25624): ADAPTER_EVT type=content cls=android.view.ViewGroup desc=null txt_len=0 pkg=com.larus.nova t_boot_ns=1193134460480251
09-05 21:26:05.546 I/AnebProbe(25624): ADAPTER_EVT type=content cls=android.view.ViewGroup desc=null txt_len=0 pkg=com.larus.nova t_boot_ns=1193134577672960
09-05 21:26:05.661 I/AnebProbe(25624): ADAPTER_EVT type=content cls=android.view.ViewGroup desc=null txt_len=0 pkg=com.larus.nova t_boot_ns=1193134692231814
09-05 21:26:05.711 I/AnebProbe(25624): ADAPTER_EVT type=content cls=android.view.ViewGroup desc=null txt_len=0 pkg=com.larus.nova t_boot_ns=1193134742491189
09-05 21:26:05.711 I/AnebProbe(25624): ADAPTER_EVT type=content cls=android.widget.EditText desc=null txt_len=1 pkg=com.larus.nova t_boot_ns=1193134742922960
09-05 21:26:05.719 I/AnebProbe(25624): ADAPTER_EVT type=content cls=android.view.ViewGroup desc=null txt_len=0 pkg=com.larus.nova t_boot_ns=1193134750928689
09-05 21:26:05.768 I/AnebProbe(25624): ADAPTER_EVT type=content cls=android.view.ViewGroup desc=null txt_len=0 pkg=com.larus.nova t_boot_ns=1193134799900564
09-05 21:26:05.769 I/AnebProbe(25624): ADAPTER_EVT type=content cls=android.widget.EditText desc=null txt_len=2 pkg=com.larus.nova t_boot_ns=1193134800378689
09-05 21:26:05.792 I/AnebProbe(25624): ADAPTER_EVT type=content cls=android.view.ViewGroup desc=null txt_len=0 pkg=com.larus.nova t_boot_ns=1193134823597439
09-05 21:26:05.793 I/AnebProbe(25624): ADAPTER_EVT type=content cls=android.widget.EditText desc=null txt_len=3 pkg=com.larus.nova t_boot_ns=1193134824047439
09-05 21:26:05.809 I/AnebProbe(25624): ADAPTER_EVT type=content cls=android.view.ViewGroup desc=null txt_len=0 pkg=com.larus.nova t_boot_ns=1193134840556293
09-05 21:26:05.810 I/AnebProbe(25624): ADAPTER_EVT type=content cls=android.widget.EditText desc=null txt_len=4 pkg=com.larus.nova t_boot_ns=1193134840947439
09-05 21:26:05.826 I/AnebProbe(25624): ADAPTER_EVT type=content cls=android.view.ViewGroup desc=null txt_len=0 pkg=com.larus.nova t_boot_ns=1193134857624522
09-05 21:26:05.827 I/AnebProbe(25624): ADAPTER_EVT type=content cls=android.widget.EditText desc=null txt_len=5 pkg=com.larus.nova t_boot_ns=1193134857988064
09-05 21:26:05.844 I/AnebProbe(25624): ADAPTER_EVT type=content cls=android.view.ViewGroup desc=null txt_len=0 pkg=com.larus.nova t_boot_ns=1193134875204210
09-05 21:26:05.844 I/AnebProbe(25624): ADAPTER_EVT type=content cls=android.widget.EditText desc=null txt_len=6 pkg=com.larus.nova t_boot_ns=1193134875609939
09-05 21:26:05.862 I/AnebProbe(25624): ADAPTER_EVT type=content cls=android.view.ViewGroup desc=null txt_len=0 pkg=com.larus.nova t_boot_ns=1193134893147960
09-05 21:26:05.862 I/AnebProbe(25624): ADAPTER_EVT type=content cls=android.widget.EditText desc=null txt_len=7 pkg=com.larus.nova t_boot_ns=1193134893978689
09-05 21:26:05.880 I/AnebProbe(25624): ADAPTER_EVT type=content cls=android.view.ViewGroup desc=null txt_len=0 pkg=com.larus.nova t_boot_ns=1193134911249522
09-05 21:26:05.880 I/AnebProbe(25624): ADAPTER_EVT type=content cls=android.widget.EditText desc=null txt_len=8 pkg=com.larus.nova t_boot_ns=1193134911568272
09-05 21:26:05.904 I/AnebProbe(25624): ADAPTER_EVT type=content cls=android.view.ViewGroup desc=null txt_len=0 pkg=com.larus.nova t_boot_ns=1193134935368793
09-05 21:26:05.904 I/AnebProbe(25624): ADAPTER_EVT type=content cls=android.widget.EditText desc=null txt_len=9 pkg=com.larus.nova t_boot_ns=1193134935927647
09-05 21:26:05.912 I/AnebProbe(25624): ADAPTER_EVT type=content cls=android.widget.EditText desc=null txt_len=10 pkg=com.larus.nova t_boot_ns=1193134943102126
09-05 21:26:05.929 I/AnebProbe(25624): ADAPTER_EVT type=content cls=android.view.ViewGroup desc=null txt_len=0 pkg=com.larus.nova t_boot_ns=1193134959975043
09-05 21:26:05.930 I/AnebProbe(25624): ADAPTER_EVT type=content cls=android.widget.EditText desc=null txt_len=11 pkg=com.larus.nova t_boot_ns=1193134961388064
09-05 21:26:05.947 I/AnebProbe(25624): ADAPTER_EVT type=content cls=android.view.ViewGroup desc=null txt_len=0 pkg=com.larus.nova t_boot_ns=1193134978064105
09-05 21:26:05.947 I/AnebProbe(25624): ADAPTER_EVT type=content cls=android.widget.EditText desc=null txt_len=12 pkg=com.larus.nova t_boot_ns=1193134978438585
09-05 21:26:05.969 I/AnebProbe(25624): ADAPTER_EVT type=content cls=android.view.ViewGroup desc=null txt_len=0 pkg=com.larus.nova t_boot_ns=1193135000152126
09-05 21:26:05.969 I/AnebProbe(25624): ADAPTER_EVT type=content cls=android.widget.EditText desc=null txt_len=13 pkg=com.larus.nova t_boot_ns=1193135000633376
09-05 21:26:05.979 I/AnebProbe(25624): ADAPTER_EVT type=content cls=android.widget.EditText desc=null txt_len=14 pkg=com.larus.nova t_boot_ns=1193135010535460
09-05 21:26:05.996 I/AnebProbe(25624): ADAPTER_EVT type=content cls=android.view.ViewGroup desc=null txt_len=0 pkg=com.larus.nova t_boot_ns=1193135027906293
09-05 21:26:05.997 I/AnebProbe(25624): ADAPTER_EVT type=content cls=android.widget.EditText desc=null txt_len=15 pkg=com.larus.nova t_boot_ns=1193135028333897
09-05 21:26:06.020 I/AnebProbe(25624): ADAPTER_EVT type=content cls=android.view.ViewGroup desc=null txt_len=0 pkg=com.larus.nova t_boot_ns=1193135051670355
09-05 21:26:06.021 I/AnebProbe(25624): ADAPTER_EVT type=content cls=android.widget.EditText desc=null txt_len=16 pkg=com.larus.nova t_boot_ns=1193135052054210
09-05 21:26:06.043 I/AnebProbe(25624): ADAPTER_EVT type=content cls=android.view.ViewGroup desc=null txt_len=0 pkg=com.larus.nova t_boot_ns=1193135074981293
09-05 21:26:06.044 I/AnebProbe(25624): ADAPTER_EVT type=content cls=android.widget.EditText desc=null txt_len=17 pkg=com.larus.nova t_boot_ns=1193135075276605
09-05 21:26:06.061 I/AnebProbe(25624): ADAPTER_EVT type=content cls=android.view.ViewGroup desc=null txt_len=0 pkg=com.larus.nova t_boot_ns=1193135092557855
09-05 21:26:06.061 I/AnebProbe(25624): ADAPTER_EVT type=content cls=android.widget.EditText desc=null txt_len=18 pkg=com.larus.nova t_boot_ns=1193135092964626
09-05 21:26:06.080 I/AnebProbe(25624): ADAPTER_EVT type=content cls=android.view.ViewGroup desc=null txt_len=0 pkg=com.larus.nova t_boot_ns=1193135111928689
09-05 21:26:06.081 I/AnebProbe(25624): ADAPTER_EVT type=content cls=android.widget.EditText desc=null txt_len=19 pkg=com.larus.nova t_boot_ns=1193135112268793
09-05 21:26:06.102 I/AnebProbe(25624): ADAPTER_EVT type=content cls=android.view.ViewGroup desc=null txt_len=0 pkg=com.larus.nova t_boot_ns=1193135133422439
09-05 21:26:06.102 I/AnebProbe(25624): ADAPTER_EVT type=content cls=android.widget.EditText desc=null txt_len=20 pkg=com.larus.nova t_boot_ns=1193135133741189
09-05 21:26:06.111 I/AnebProbe(25624): ADAPTER_EVT type=content cls=android.widget.EditText desc=null txt_len=21 pkg=com.larus.nova t_boot_ns=1193135142391189
09-05 21:26:06.138 I/AnebProbe(25624): ADAPTER_EVT type=content cls=android.view.ViewGroup desc=null txt_len=0 pkg=com.larus.nova t_boot_ns=1193135169670876
09-05 21:26:06.139 I/AnebProbe(25624): ADAPTER_EVT type=content cls=android.widget.EditText desc=null txt_len=22 pkg=com.larus.nova t_boot_ns=1193135170056814
09-05 21:26:06.173 I/AnebProbe(25624): ADAPTER_EVT type=content cls=android.view.ViewGroup desc=null txt_len=0 pkg=com.larus.nova t_boot_ns=1193135204377126
09-05 21:26:06.173 I/AnebProbe(25624): ADAPTER_EVT type=content cls=android.widget.EditText desc=null txt_len=23 pkg=com.larus.nova t_boot_ns=1193135204716189
09-05 21:26:06.190 I/AnebProbe(25624): ADAPTER_EVT type=content cls=android.view.ViewGroup desc=null txt_len=0 pkg=com.larus.nova t_boot_ns=1193135221241710
09-05 21:26:06.190 I/AnebProbe(25624): ADAPTER_EVT type=content cls=android.widget.EditText desc=null txt_len=24 pkg=com.larus.nova t_boot_ns=1193135221523480
09-05 21:26:06.203 I/AnebProbe(25624): ADAPTER_EVT type=content cls=android.view.ViewGroup desc=null txt_len=0 pkg=com.larus.nova t_boot_ns=1193135235012022
09-05 21:26:06.204 I/AnebProbe(25624): ADAPTER_EVT type=content cls=android.widget.EditText desc=null txt_len=25 pkg=com.larus.nova t_boot_ns=1193135235331293
09-05 21:26:06.211 I/AnebProbe(25624): ADAPTER_EVT type=content cls=android.widget.EditText desc=null txt_len=26 pkg=com.larus.nova t_boot_ns=1193135242206814
09-05 21:26:06.225 I/AnebProbe(25624): ADAPTER_EVT type=content cls=android.view.ViewGroup desc=null txt_len=0 pkg=com.larus.nova t_boot_ns=1193135256627647
09-05 21:26:06.225 I/AnebProbe(25624): ADAPTER_EVT type=content cls=android.widget.EditText desc=null txt_len=27 pkg=com.larus.nova t_boot_ns=1193135257007855
09-05 21:26:06.242 I/AnebProbe(25624): ADAPTER_EVT type=content cls=android.view.ViewGroup desc=null txt_len=0 pkg=com.larus.nova t_boot_ns=1193135273174522
09-05 21:26:06.242 I/AnebProbe(25624): ADAPTER_EVT type=content cls=android.widget.EditText desc=null txt_len=28 pkg=com.larus.nova t_boot_ns=1193135273509939
09-05 21:26:06.261 I/AnebProbe(25624): ADAPTER_EVT type=content cls=android.view.ViewGroup desc=null txt_len=0 pkg=com.larus.nova t_boot_ns=1193135292360460
09-05 21:26:06.261 I/AnebProbe(25624): ADAPTER_EVT type=content cls=android.widget.EditText desc=null txt_len=29 pkg=com.larus.nova t_boot_ns=1193135292714105
09-05 21:26:06.278 I/AnebProbe(25624): ADAPTER_EVT type=content cls=android.view.ViewGroup desc=null txt_len=0 pkg=com.larus.nova t_boot_ns=1193135310016189
09-05 21:26:06.279 I/AnebProbe(25624): ADAPTER_EVT type=content cls=android.widget.EditText desc=null txt_len=30 pkg=com.larus.nova t_boot_ns=1193135310418793
09-05 21:26:06.300 I/AnebProbe(25624): ADAPTER_EVT type=content cls=android.view.ViewGroup desc=null txt_len=0 pkg=com.larus.nova t_boot_ns=1193135331141189
09-05 21:26:06.300 I/AnebProbe(25624): ADAPTER_EVT type=content cls=android.widget.EditText desc=null txt_len=31 pkg=com.larus.nova t_boot_ns=1193135331518793
09-05 21:26:06.309 I/AnebProbe(25624): ADAPTER_EVT type=content cls=android.widget.EditText desc=null txt_len=32 pkg=com.larus.nova t_boot_ns=1193135340440147
09-05 21:26:06.326 I/AnebProbe(25624): ADAPTER_EVT type=content cls=android.view.ViewGroup desc=null txt_len=0 pkg=com.larus.nova t_boot_ns=1193135357837022
09-05 21:26:06.326 I/AnebProbe(25624): ADAPTER_EVT type=content cls=android.widget.EditText desc=null txt_len=33 pkg=com.larus.nova t_boot_ns=1193135358004210
09-05 21:26:06.343 I/AnebProbe(25624): ADAPTER_EVT type=content cls=android.view.ViewGroup desc=null txt_len=0 pkg=com.larus.nova t_boot_ns=1193135374279210
09-05 21:26:06.343 I/AnebProbe(25624): ADAPTER_EVT type=content cls=android.widget.EditText desc=null txt_len=34 pkg=com.larus.nova t_boot_ns=1193135374447439
09-05 21:26:06.356 I/AnebProbe(25624): ADAPTER_EVT type=content cls=android.view.ViewGroup desc=null txt_len=0 pkg=com.larus.nova t_boot_ns=1193135388123480
09-05 21:26:06.357 I/AnebProbe(25624): ADAPTER_EVT type=content cls=android.widget.EditText desc=null txt_len=35 pkg=com.larus.nova t_boot_ns=1193135388271397
09-05 21:26:06.372 I/AnebProbe(25624): ADAPTER_EVT type=content cls=android.view.ViewGroup desc=null txt_len=0 pkg=com.larus.nova t_boot_ns=1193135403265668
09-05 21:26:06.372 I/AnebProbe(25624): ADAPTER_EVT type=content cls=android.widget.EditText desc=null txt_len=36 pkg=com.larus.nova t_boot_ns=1193135403439105
09-05 21:26:06.388 I/AnebProbe(25624): ADAPTER_EVT type=content cls=android.view.ViewGroup desc=null txt_len=0 pkg=com.larus.nova t_boot_ns=1193135419298480
09-05 21:26:06.388 I/AnebProbe(25624): ADAPTER_EVT type=content cls=android.widget.EditText desc=null txt_len=37 pkg=com.larus.nova t_boot_ns=1193135419450564
09-05 21:26:06.393 I/AnebProbe(25624): ADAPTER_EVT type=content cls=android.widget.EditText desc=null txt_len=38 pkg=com.larus.nova t_boot_ns=1193135424711501
09-05 21:26:06.406 I/AnebProbe(25624): ADAPTER_EVT type=content cls=android.view.ViewGroup desc=null txt_len=0 pkg=com.larus.nova t_boot_ns=1193135437437543
09-05 21:26:06.406 I/AnebProbe(25624): ADAPTER_EVT type=content cls=android.widget.EditText desc=null txt_len=39 pkg=com.larus.nova t_boot_ns=1193135437620876
09-05 21:26:06.420 I/AnebProbe(25624): ADAPTER_EVT type=content cls=android.view.ViewGroup desc=null txt_len=0 pkg=com.larus.nova t_boot_ns=1193135451578689
09-05 21:26:06.420 I/AnebProbe(25624): ADAPTER_EVT type=content cls=android.widget.EditText desc=null txt_len=40 pkg=com.larus.nova t_boot_ns=1193135451763064
09-05 21:26:06.426 I/AnebProbe(25624): ADAPTER_EVT type=content cls=android.widget.EditText desc=null txt_len=41 pkg=com.larus.nova t_boot_ns=1193135457661501
09-05 21:26:06.442 I/AnebProbe(25624): ADAPTER_EVT type=content cls=android.view.ViewGroup desc=null txt_len=0 pkg=com.larus.nova t_boot_ns=1193135473409939
09-05 21:26:06.442 I/AnebProbe(25624): ADAPTER_EVT type=content cls=android.widget.EditText desc=null txt_len=42 pkg=com.larus.nova t_boot_ns=1193135473659939
09-05 21:26:06.455 I/AnebProbe(25624): ADAPTER_EVT type=content cls=android.view.ViewGroup desc=null txt_len=0 pkg=com.larus.nova t_boot_ns=1193135486261501
09-05 21:26:06.455 I/AnebProbe(25624): ADAPTER_EVT type=content cls=android.widget.EditText desc=null txt_len=43 pkg=com.larus.nova t_boot_ns=1193135486420876
09-05 21:26:06.467 I/AnebProbe(25624): ADAPTER_EVT type=content cls=android.view.ViewGroup desc=null txt_len=0 pkg=com.larus.nova t_boot_ns=1193135498665147
09-05 21:26:06.467 I/AnebProbe(25624): ADAPTER_EVT type=content cls=android.widget.EditText desc=null txt_len=44 pkg=com.larus.nova t_boot_ns=1193135498820876
09-05 21:26:06.473 I/AnebProbe(25624): ADAPTER_EVT type=content cls=android.widget.EditText desc=null txt_len=45 pkg=com.larus.nova t_boot_ns=1193135504337543
09-05 21:26:06.486 I/AnebProbe(25624): ADAPTER_EVT type=content cls=android.view.ViewGroup desc=null txt_len=0 pkg=com.larus.nova t_boot_ns=1193135517779730
09-05 21:26:06.486 I/AnebProbe(25624): ADAPTER_EVT type=content cls=android.widget.EditText desc=null txt_len=46 pkg=com.larus.nova t_boot_ns=1193135517939626
09-05 21:26:06.492 I/AnebProbe(25624): ADAPTER_EVT type=content cls=android.widget.EditText desc=null txt_len=47 pkg=com.larus.nova t_boot_ns=1193135523442751
09-05 21:26:06.505 I/AnebProbe(25624): ADAPTER_EVT type=content cls=android.view.ViewGroup desc=null txt_len=0 pkg=com.larus.nova t_boot_ns=1193135536292230
09-05 21:26:06.505 I/AnebProbe(25624): ADAPTER_EVT type=content cls=android.widget.EditText desc=null txt_len=48 pkg=com.larus.nova t_boot_ns=1193135536451605
09-05 21:26:06.517 I/AnebProbe(25624): ADAPTER_EVT type=content cls=android.view.ViewGroup desc=null txt_len=0 pkg=com.larus.nova t_boot_ns=1193135549065668
09-05 21:26:06.518 I/AnebProbe(25624): ADAPTER_EVT type=content cls=android.widget.EditText desc=null txt_len=49 pkg=com.larus.nova t_boot_ns=1193135549212543
09-05 21:26:06.523 I/AnebProbe(25624): ADAPTER_EVT type=content cls=android.widget.EditText desc=null txt_len=50 pkg=com.larus.nova t_boot_ns=1193135554902647
09-05 21:26:06.537 I/AnebProbe(25624): ADAPTER_EVT type=content cls=android.view.ViewGroup desc=null txt_len=0 pkg=com.larus.nova t_boot_ns=1193135568325043
09-05 21:26:06.537 I/AnebProbe(25624): ADAPTER_EVT type=content cls=android.widget.EditText desc=null txt_len=51 pkg=com.larus.nova t_boot_ns=1193135568479209
09-05 21:26:06.551 I/AnebProbe(25624): ADAPTER_EVT type=content cls=android.view.ViewGroup desc=null txt_len=0 pkg=com.larus.nova t_boot_ns=1193135582387022
09-05 21:26:06.551 I/AnebProbe(25624): ADAPTER_EVT type=content cls=android.widget.EditText desc=null txt_len=52 pkg=com.larus.nova t_boot_ns=1193135582565668
09-05 21:26:06.557 I/AnebProbe(25624): ADAPTER_EVT type=content cls=android.widget.EditText desc=null txt_len=53 pkg=com.larus.nova t_boot_ns=1193135588647439
09-05 21:26:06.570 I/AnebProbe(25624): ADAPTER_EVT type=content cls=android.view.ViewGroup desc=null txt_len=0 pkg=com.larus.nova t_boot_ns=1193135601402126
09-05 21:26:06.570 I/AnebProbe(25624): ADAPTER_EVT type=content cls=android.widget.EditText desc=null txt_len=54 pkg=com.larus.nova t_boot_ns=1193135601587543
09-05 21:26:06.585 I/AnebProbe(25624): ADAPTER_EVT type=content cls=android.view.ViewGroup desc=null txt_len=0 pkg=com.larus.nova t_boot_ns=1193135616147439
09-05 21:26:06.585 I/AnebProbe(25624): ADAPTER_EVT type=content cls=android.widget.EditText desc=null txt_len=55 pkg=com.larus.nova t_boot_ns=1193135616345355
09-05 21:26:06.591 I/AnebProbe(25624): ADAPTER_EVT type=content cls=android.widget.EditText desc=null txt_len=56 pkg=com.larus.nova t_boot_ns=1193135622145355
09-05 21:26:06.696 I/AnebProbe(25624): ADAPTER_EVT type=content cls=android.view.ViewGroup desc=null txt_len=0 pkg=com.larus.nova t_boot_ns=1193135727531814
09-05 21:26:06.800 I/AnebProbe(25624): ADAPTER_EVT type=content cls=android.view.ViewGroup desc=null txt_len=0 pkg=com.larus.nova t_boot_ns=1193135831029730
09-05 21:26:06.914 I/AnebProbe(25624): ADAPTER_EVT type=content cls=android.view.ViewGroup desc=null txt_len=0 pkg=com.larus.nova t_boot_ns=1193135946025043
09-05 21:26:07.014 I/AnebProbe(25624): ADAPTER_EVT type=content cls=android.view.ViewGroup desc=null txt_len=0 pkg=com.larus.nova t_boot_ns=1193136045681293
09-05 21:26:07.115 I/AnebProbe(25624): ADAPTER_EVT type=content cls=android.view.ViewGroup desc=null txt_len=0 pkg=com.larus.nova t_boot_ns=1193136146067751
09-05 21:26:07.228 I/AnebProbe(25624): ADAPTER_EVT type=content cls=android.view.ViewGroup desc=null txt_len=0 pkg=com.larus.nova t_boot_ns=1193136259724522
09-05 21:26:07.328 I/AnebProbe(25624): ADAPTER_EVT type=content cls=android.view.ViewGroup desc=null txt_len=0 pkg=com.larus.nova t_boot_ns=1193136359270355
09-05 21:26:07.428 I/AnebProbe(25624): ADAPTER_EVT type=content cls=android.view.ViewGroup desc=null txt_len=0 pkg=com.larus.nova t_boot_ns=1193136459800564
09-05 21:26:07.535 I/AnebProbe(25624): ADAPTER_EVT type=content cls=android.view.ViewGroup desc=null txt_len=0 pkg=com.larus.nova t_boot_ns=1193136565942751
09-05 21:26:07.647 I/AnebProbe(25624): ADAPTER_EVT type=content cls=android.view.ViewGroup desc=null txt_len=0 pkg=com.larus.nova t_boot_ns=1193136678188584
09-05 21:26:07.765 I/AnebProbe(25624): ADAPTER_EVT type=content cls=android.view.ViewGroup desc=null txt_len=0 pkg=com.larus.nova t_boot_ns=1193136795980772
09-05 21:26:07.868 I/AnebProbe(25624): ADAPTER_EVT type=content cls=android.view.ViewGroup desc=null txt_len=0 pkg=com.larus.nova t_boot_ns=1193136899366709
09-05 21:26:07.982 I/AnebProbe(25624): ADAPTER_EVT type=content cls=android.view.ViewGroup desc=null txt_len=0 pkg=com.larus.nova t_boot_ns=1193137013057334
09-05 21:26:08.082 I/AnebProbe(25624): ADAPTER_EVT type=content cls=android.view.ViewGroup desc=null txt_len=0 pkg=com.larus.nova t_boot_ns=1193137113001084
09-05 21:26:08.196 I/AnebProbe(25624): ADAPTER_EVT type=content cls=android.view.ViewGroup desc=null txt_len=0 pkg=com.larus.nova t_boot_ns=1193137227359418
09-05 21:26:08.312 I/AnebProbe(25624): ADAPTER_EVT type=content cls=android.view.ViewGroup desc=null txt_len=0 pkg=com.larus.nova t_boot_ns=1193137343179730
09-05 21:26:08.425 I/AnebProbe(25624): ADAPTER_EVT type=content cls=android.view.ViewGroup desc=null txt_len=0 pkg=com.larus.nova t_boot_ns=1193137456640668
09-05 21:26:08.539 I/AnebProbe(25624): ADAPTER_EVT type=content cls=android.view.ViewGroup desc=null txt_len=0 pkg=com.larus.nova t_boot_ns=1193137570743793
09-05 21:26:08.655 I/AnebProbe(25624): ADAPTER_EVT type=content cls=android.view.ViewGroup desc=null txt_len=0 pkg=com.larus.nova t_boot_ns=1193137686609938
09-05 21:26:08.731 I/AnebE4MARK(10933): E4MARK kind=turn_start n=2
09-05 21:26:08.758 I/AnebProbe(25624): ADAPTER_EVT type=content cls=android.view.ViewGroup desc=null txt_len=0 pkg=com.larus.nova t_boot_ns=1193137789656813
09-05 21:26:08.857 I/AnebProbe(25624): ADAPTER_EVT type=content cls=android.view.ViewGroup desc=null txt_len=0 pkg=com.larus.nova t_boot_ns=1193137887874001
09-05 21:26:08.892 I/AnebProbe(25624): ADAPTER_EVT type=content cls=android.view.ViewGroup desc=null txt_len=0 pkg=com.larus.nova t_boot_ns=1193137923831292
09-05 21:26:09.005 I/AnebProbe(25624): ADAPTER_EVT type=content cls=android.view.ViewGroup desc=null txt_len=0 pkg=com.larus.nova t_boot_ns=1193138037095876
09-05 21:26:09.263 I/AnebProbe(25624): ADAPTER_EVT type=content cls=androidx.drawerlayout.widget.DrawerLayout desc=null txt_len=0 pkg=com.larus.nova t_boot_ns=1193138294219834
09-05 21:26:09.363 I/AnebProbe(25624): ADAPTER_EVT type=content cls=androidx.drawerlayout.widget.DrawerLayout desc=null txt_len=0 pkg=com.larus.nova t_boot_ns=1193138394441188
09-05 21:26:09.613 I/AnebProbe(25624): ADAPTER_EVT type=content cls=android.widget.ImageView desc=创建新对话 txt_len=0 pkg=com.larus.nova t_boot_ns=1193138644161501
09-05 21:26:09.714 I/AnebProbe(25624): ADAPTER_EVT type=content cls=androidx.drawerlayout.widget.DrawerLayout desc=null txt_len=0 pkg=com.larus.nova t_boot_ns=1193138745252647
09-05 21:26:09.715 I/AnebProbe(25624): ADAPTER_OBS pkg=com.larus.nova mode=doubao events=441 rule_matched=15 first_delta_ms=0 cadence_p50_ms=100.2 session_span_ms=126294.7 confidence=LOW/INCONCLUSIVE reason=throttle ttft_send_ms=null anchor_source=null ttft_cluster_ms=null ttft_density_ms=null
09-05 21:26:09.816 I/AnebProbe(25624): ADAPTER_EVT type=content cls=androidx.recyclerview.widget.RecyclerView desc=null txt_len=0 pkg=com.larus.nova t_boot_ns=1193138847081292
09-05 21:26:09.935 I/AnebProbe(25624): ADAPTER_EVT type=content cls=androidx.drawerlayout.widget.DrawerLayout desc=null txt_len=0 pkg=com.larus.nova t_boot_ns=1193138966172959
09-05 21:26:10.036 I/AnebProbe(25624): ADAPTER_EVT type=content cls=androidx.drawerlayout.widget.DrawerLayout desc=null txt_len=0 pkg=com.larus.nova t_boot_ns=1193139067300563
09-05 21:26:10.138 I/AnebProbe(25624): ADAPTER_EVT type=content cls=android.widget.TextView desc=null txt_len=0 pkg=com.larus.nova t_boot_ns=1193139169554209
09-05 21:26:10.597 I/AnebProbe(25624): ADAPTER_EVT type=content cls=androidx.recyclerview.widget.RecyclerView desc=null txt_len=0 pkg=com.larus.nova t_boot_ns=1193139628387021
09-05 21:26:10.694 I/AnebProbe(25624): ADAPTER_EVT type=content cls=androidx.recyclerview.widget.RecyclerView desc=null txt_len=0 pkg=com.larus.nova t_boot_ns=1193139725252126
09-05 21:26:10.836 I/AnebProbe(25624): ADAPTER_EVT type=content cls=androidx.recyclerview.widget.RecyclerView desc=null txt_len=0 pkg=com.larus.nova t_boot_ns=1193139867610980
09-05 21:26:10.906 I/AnebProbe(25624): ADAPTER_EVT type=content cls=androidx.drawerlayout.widget.DrawerLayout desc=null txt_len=0 pkg=com.larus.nova t_boot_ns=1193139937272438
09-05 21:26:11.037 I/AnebProbe(25624): ADAPTER_EVT type=content cls=androidx.drawerlayout.widget.DrawerLayout desc=null txt_len=0 pkg=com.larus.nova t_boot_ns=1193140068666709
09-05 21:26:11.242 I/AnebProbe(25624): ADAPTER_EVT type=content cls=androidx.drawerlayout.widget.DrawerLayout desc=null txt_len=0 pkg=com.larus.nova t_boot_ns=1193140273066709
09-05 21:26:11.542 I/AnebProbe(25624): ADAPTER_EVT type=content cls=androidx.drawerlayout.widget.DrawerLayout desc=null txt_len=0 pkg=com.larus.nova t_boot_ns=1193140573461500
09-05 21:26:11.875 I/AnebProbe(25624): ADAPTER_EVT type=content cls=androidx.drawerlayout.widget.DrawerLayout desc=null txt_len=0 pkg=com.larus.nova t_boot_ns=1193140905866709
09-05 21:26:12.009 I/AnebProbe(25624): ADAPTER_EVT type=content cls=androidx.drawerlayout.widget.DrawerLayout desc=null txt_len=0 pkg=com.larus.nova t_boot_ns=1193141040675042
09-05 21:26:12.116 I/AnebProbe(25624): ADAPTER_EVT type=content cls=androidx.drawerlayout.widget.DrawerLayout desc=null txt_len=0 pkg=com.larus.nova t_boot_ns=1193141147286500
09-05 21:26:12.349 I/AnebProbe(25624): ADAPTER_EVT type=content cls=androidx.drawerlayout.widget.DrawerLayout desc=null txt_len=0 pkg=com.larus.nova t_boot_ns=1193141380437542
09-05 21:26:12.465 I/AnebProbe(25624): ADAPTER_EVT type=content cls=androidx.drawerlayout.widget.DrawerLayout desc=null txt_len=0 pkg=com.larus.nova t_boot_ns=1193141495909417
09-05 21:26:12.564 I/AnebProbe(25624): ADAPTER_EVT type=content cls=androidx.drawerlayout.widget.DrawerLayout desc=null txt_len=0 pkg=com.larus.nova t_boot_ns=1193141594912542
09-05 21:26:12.665 I/AnebProbe(25624): ADAPTER_EVT type=content cls=androidx.drawerlayout.widget.DrawerLayout desc=null txt_len=0 pkg=com.larus.nova t_boot_ns=1193141696164104
09-05 21:26:12.780 I/AnebProbe(25624): ADAPTER_EVT type=content cls=androidx.drawerlayout.widget.DrawerLayout desc=null txt_len=0 pkg=com.larus.nova t_boot_ns=1193141811502125
09-05 21:26:12.888 I/AnebProbe(25624): ADAPTER_EVT type=content cls=androidx.drawerlayout.widget.DrawerLayout desc=null txt_len=0 pkg=com.larus.nova t_boot_ns=1193141918781292
09-05 21:26:12.996 I/AnebProbe(25624): ADAPTER_EVT type=content cls=androidx.drawerlayout.widget.DrawerLayout desc=null txt_len=0 pkg=com.larus.nova t_boot_ns=1193142027761500
09-05 21:26:13.111 I/AnebProbe(25624): ADAPTER_EVT type=content cls=androidx.drawerlayout.widget.DrawerLayout desc=null txt_len=0 pkg=com.larus.nova t_boot_ns=1193142142710979
09-05 21:26:13.211 I/AnebProbe(25624): ADAPTER_EVT type=content cls=androidx.drawerlayout.widget.DrawerLayout desc=null txt_len=0 pkg=com.larus.nova t_boot_ns=1193142242372438
09-05 21:26:13.311 I/AnebProbe(25624): ADAPTER_EVT type=content cls=androidx.drawerlayout.widget.DrawerLayout desc=null txt_len=0 pkg=com.larus.nova t_boot_ns=1193142342700042
09-05 21:26:13.427 I/AnebProbe(25624): ADAPTER_EVT type=content cls=androidx.drawerlayout.widget.DrawerLayout desc=null txt_len=0 pkg=com.larus.nova t_boot_ns=1193142458387542
09-05 21:26:13.541 I/AnebProbe(25624): ADAPTER_EVT type=content cls=androidx.drawerlayout.widget.DrawerLayout desc=null txt_len=0 pkg=com.larus.nova t_boot_ns=1193142571760458
09-05 21:26:13.641 I/AnebProbe(25624): ADAPTER_EVT type=content cls=androidx.drawerlayout.widget.DrawerLayout desc=null txt_len=0 pkg=com.larus.nova t_boot_ns=1193142672147958
09-05 21:26:13.757 I/AnebProbe(25624): ADAPTER_EVT type=content cls=androidx.drawerlayout.widget.DrawerLayout desc=null txt_len=0 pkg=com.larus.nova t_boot_ns=1193142788791188
09-05 21:26:13.859 I/AnebProbe(25624): ADAPTER_EVT type=content cls=androidx.drawerlayout.widget.DrawerLayout desc=null txt_len=0 pkg=com.larus.nova t_boot_ns=1193142890302646
09-05 21:26:13.974 I/AnebProbe(25624): ADAPTER_EVT type=content cls=androidx.drawerlayout.widget.DrawerLayout desc=null txt_len=0 pkg=com.larus.nova t_boot_ns=1193143005121917
09-05 21:26:14.087 I/AnebProbe(25624): ADAPTER_EVT type=content cls=androidx.drawerlayout.widget.DrawerLayout desc=null txt_len=0 pkg=com.larus.nova t_boot_ns=1193143118363583
09-05 21:26:14.189 I/AnebProbe(25624): ADAPTER_EVT type=content cls=androidx.drawerlayout.widget.DrawerLayout desc=null txt_len=0 pkg=com.larus.nova t_boot_ns=1193143219859417
09-05 21:26:14.288 I/AnebProbe(25624): ADAPTER_EVT type=content cls=androidx.drawerlayout.widget.DrawerLayout desc=null txt_len=0 pkg=com.larus.nova t_boot_ns=1193143319617229
09-05 21:26:14.389 I/AnebProbe(25624): ADAPTER_EVT type=content cls=androidx.drawerlayout.widget.DrawerLayout desc=null txt_len=0 pkg=com.larus.nova t_boot_ns=1193143419850042
09-05 21:26:14.506 I/AnebProbe(25624): ADAPTER_EVT type=content cls=androidx.drawerlayout.widget.DrawerLayout desc=null txt_len=0 pkg=com.larus.nova t_boot_ns=1193143537521396
09-05 21:26:14.620 I/AnebProbe(25624): ADAPTER_EVT type=content cls=androidx.drawerlayout.widget.DrawerLayout desc=null txt_len=0 pkg=com.larus.nova t_boot_ns=1193143651187021
09-05 21:26:14.720 I/AnebProbe(25624): ADAPTER_EVT type=content cls=androidx.drawerlayout.widget.DrawerLayout desc=null txt_len=0 pkg=com.larus.nova t_boot_ns=1193143750802125
09-05 21:26:14.723 I/AnebProbe(25624): ADAPTER_OBS pkg=com.larus.nova mode=doubao events=478 rule_matched=20 first_delta_ms=0 cadence_p50_ms=100.2 session_span_ms=131300.3 confidence=LOW/INCONCLUSIVE reason=throttle ttft_send_ms=null anchor_source=null ttft_cluster_ms=3900.9 ttft_density_ms=null
09-05 21:26:14.835 I/AnebProbe(25624): ADAPTER_EVT type=content cls=androidx.drawerlayout.widget.DrawerLayout desc=null txt_len=0 pkg=com.larus.nova t_boot_ns=1193143866070354
09-05 21:26:14.934 I/AnebProbe(25624): ADAPTER_EVT type=content cls=androidx.drawerlayout.widget.DrawerLayout desc=null txt_len=0 pkg=com.larus.nova t_boot_ns=1193143965326083
09-05 21:26:15.049 I/AnebProbe(25624): ADAPTER_EVT type=content cls=androidx.drawerlayout.widget.DrawerLayout desc=null txt_len=0 pkg=com.larus.nova t_boot_ns=1193144080317229
09-05 21:26:15.149 I/AnebProbe(25624): ADAPTER_EVT type=content cls=androidx.drawerlayout.widget.DrawerLayout desc=null txt_len=0 pkg=com.larus.nova t_boot_ns=1193144180082854
09-05 21:26:15.249 I/AnebProbe(25624): ADAPTER_EVT type=content cls=androidx.drawerlayout.widget.DrawerLayout desc=null txt_len=0 pkg=com.larus.nova t_boot_ns=1193144280611500
09-05 21:26:15.349 I/AnebProbe(25624): ADAPTER_EVT type=content cls=androidx.drawerlayout.widget.DrawerLayout desc=null txt_len=0 pkg=com.larus.nova t_boot_ns=1193144380318791
09-05 21:26:15.449 I/AnebProbe(25624): ADAPTER_EVT type=content cls=androidx.drawerlayout.widget.DrawerLayout desc=null txt_len=0 pkg=com.larus.nova t_boot_ns=1193144480249521
09-05 21:26:15.563 I/AnebProbe(25624): ADAPTER_EVT type=content cls=androidx.drawerlayout.widget.DrawerLayout desc=null txt_len=0 pkg=com.larus.nova t_boot_ns=1193144594721916
09-05 21:26:15.667 I/AnebProbe(25624): ADAPTER_EVT type=content cls=androidx.drawerlayout.widget.DrawerLayout desc=null txt_len=0 pkg=com.larus.nova t_boot_ns=1193144698044312
09-05 21:26:15.780 I/AnebProbe(25624): ADAPTER_EVT type=content cls=androidx.drawerlayout.widget.DrawerLayout desc=null txt_len=0 pkg=com.larus.nova t_boot_ns=1193144810813062
09-05 21:26:15.880 I/AnebProbe(25624): ADAPTER_EVT type=content cls=androidx.drawerlayout.widget.DrawerLayout desc=null txt_len=0 pkg=com.larus.nova t_boot_ns=1193144911450562
09-05 21:26:15.994 I/AnebProbe(25624): ADAPTER_EVT type=content cls=androidx.drawerlayout.widget.DrawerLayout desc=null txt_len=0 pkg=com.larus.nova t_boot_ns=1193145025564104
09-05 21:26:16.096 I/AnebProbe(25624): ADAPTER_EVT type=content cls=androidx.drawerlayout.widget.DrawerLayout desc=null txt_len=0 pkg=com.larus.nova t_boot_ns=1193145127171396
09-05 21:26:16.210 I/AnebProbe(25624): ADAPTER_EVT type=content cls=androidx.drawerlayout.widget.DrawerLayout desc=null txt_len=0 pkg=com.larus.nova t_boot_ns=1193145241771396
09-05 21:26:16.324 I/AnebProbe(25624): ADAPTER_EVT type=content cls=androidx.drawerlayout.widget.DrawerLayout desc=null txt_len=0 pkg=com.larus.nova t_boot_ns=1193145355641708
09-05 21:26:16.428 I/AnebProbe(25624): ADAPTER_EVT type=content cls=androidx.drawerlayout.widget.DrawerLayout desc=null txt_len=0 pkg=com.larus.nova t_boot_ns=1193145459657333
09-05 21:26:16.540 I/AnebProbe(25624): ADAPTER_EVT type=content cls=androidx.drawerlayout.widget.DrawerLayout desc=null txt_len=0 pkg=com.larus.nova t_boot_ns=1193145571453166
09-05 21:26:16.642 I/AnebProbe(25624): ADAPTER_EVT type=content cls=androidx.drawerlayout.widget.DrawerLayout desc=null txt_len=0 pkg=com.larus.nova t_boot_ns=1193145672977125
09-05 21:26:16.741 I/AnebProbe(25624): ADAPTER_EVT type=content cls=androidx.drawerlayout.widget.DrawerLayout desc=null txt_len=0 pkg=com.larus.nova t_boot_ns=1193145771934937
09-05 21:26:16.856 I/AnebProbe(25624): ADAPTER_EVT type=content cls=androidx.drawerlayout.widget.DrawerLayout desc=null txt_len=0 pkg=com.larus.nova t_boot_ns=1193145887328687
09-05 21:26:16.956 I/AnebProbe(25624): ADAPTER_EVT type=content cls=androidx.drawerlayout.widget.DrawerLayout desc=null txt_len=0 pkg=com.larus.nova t_boot_ns=1193145987697958
09-05 21:26:17.057 I/AnebProbe(25624): ADAPTER_EVT type=content cls=androidx.drawerlayout.widget.DrawerLayout desc=null txt_len=0 pkg=com.larus.nova t_boot_ns=1193146088025041
09-05 21:26:17.156 I/AnebProbe(25624): ADAPTER_EVT type=content cls=androidx.drawerlayout.widget.DrawerLayout desc=null txt_len=0 pkg=com.larus.nova t_boot_ns=1193146187678166
09-05 21:26:17.276 I/AnebProbe(25624): ADAPTER_EVT type=content cls=androidx.drawerlayout.widget.DrawerLayout desc=null txt_len=0 pkg=com.larus.nova t_boot_ns=1193146306992229
09-05 21:26:17.373 I/AnebProbe(25624): ADAPTER_EVT type=content cls=androidx.drawerlayout.widget.DrawerLayout desc=null txt_len=0 pkg=com.larus.nova t_boot_ns=1193146404075041
09-05 21:26:17.486 I/AnebProbe(25624): ADAPTER_EVT type=content cls=androidx.drawerlayout.widget.DrawerLayout desc=null txt_len=0 pkg=com.larus.nova t_boot_ns=1193146517645874
09-05 21:26:17.587 I/AnebProbe(25624): ADAPTER_EVT type=content cls=androidx.drawerlayout.widget.DrawerLayout desc=null txt_len=0 pkg=com.larus.nova t_boot_ns=1193146618033374
09-05 21:26:17.688 I/AnebProbe(25624): ADAPTER_EVT type=content cls=androidx.drawerlayout.widget.DrawerLayout desc=null txt_len=0 pkg=com.larus.nova t_boot_ns=1193146718823479
09-05 21:26:17.797 I/AnebProbe(25624): ADAPTER_EVT type=content cls=androidx.drawerlayout.widget.DrawerLayout desc=null txt_len=0 pkg=com.larus.nova t_boot_ns=1193146828714104
09-05 21:26:17.897 I/AnebProbe(25624): ADAPTER_EVT type=content cls=androidx.drawerlayout.widget.DrawerLayout desc=null txt_len=0 pkg=com.larus.nova t_boot_ns=1193146928971395
09-05 21:26:18.000 I/AnebProbe(25624): ADAPTER_EVT type=content cls=androidx.drawerlayout.widget.DrawerLayout desc=null txt_len=0 pkg=com.larus.nova t_boot_ns=1193147031698999
09-05 21:26:18.100 I/AnebProbe(25624): ADAPTER_EVT type=content cls=androidx.drawerlayout.widget.DrawerLayout desc=null txt_len=0 pkg=com.larus.nova t_boot_ns=1193147131580770
09-05 21:26:18.201 I/AnebProbe(25624): ADAPTER_EVT type=content cls=androidx.drawerlayout.widget.DrawerLayout desc=null txt_len=0 pkg=com.larus.nova t_boot_ns=1193147232129208
09-05 21:26:18.320 I/AnebProbe(25624): ADAPTER_EVT type=content cls=androidx.drawerlayout.widget.DrawerLayout desc=null txt_len=0 pkg=com.larus.nova t_boot_ns=1193147350875562
09-05 21:26:18.432 I/AnebProbe(25624): ADAPTER_EVT type=content cls=androidx.drawerlayout.widget.DrawerLayout desc=null txt_len=0 pkg=com.larus.nova t_boot_ns=1193147463597958
09-05 21:26:18.544 I/AnebProbe(25624): ADAPTER_EVT type=content cls=androidx.drawerlayout.widget.DrawerLayout desc=null txt_len=0 pkg=com.larus.nova t_boot_ns=1193147575471395
09-05 21:26:18.650 I/AnebProbe(25624): ADAPTER_EVT type=content cls=androidx.drawerlayout.widget.DrawerLayout desc=null txt_len=0 pkg=com.larus.nova t_boot_ns=1193147681372437
09-05 21:26:18.759 I/AnebProbe(25624): ADAPTER_EVT type=content cls=androidx.drawerlayout.widget.DrawerLayout desc=null txt_len=0 pkg=com.larus.nova t_boot_ns=1193147790780249
09-05 21:26:18.860 I/AnebProbe(25624): ADAPTER_EVT type=content cls=androidx.drawerlayout.widget.DrawerLayout desc=null txt_len=0 pkg=com.larus.nova t_boot_ns=1193147891301603
09-05 21:26:18.962 I/AnebProbe(25624): ADAPTER_EVT type=content cls=androidx.drawerlayout.widget.DrawerLayout desc=null txt_len=0 pkg=com.larus.nova t_boot_ns=1193147993029208
09-05 21:26:19.064 I/AnebProbe(25624): ADAPTER_EVT type=content cls=androidx.drawerlayout.widget.DrawerLayout desc=null txt_len=0 pkg=com.larus.nova t_boot_ns=1193148094886499
09-05 21:26:19.179 I/AnebProbe(25624): ADAPTER_EVT type=content cls=androidx.drawerlayout.widget.DrawerLayout desc=null txt_len=0 pkg=com.larus.nova t_boot_ns=1193148210023478
09-05 21:26:19.292 I/AnebProbe(25624): ADAPTER_EVT type=content cls=androidx.drawerlayout.widget.DrawerLayout desc=null txt_len=0 pkg=com.larus.nova t_boot_ns=1193148323017749
09-05 21:26:19.393 I/AnebProbe(25624): ADAPTER_EVT type=content cls=androidx.drawerlayout.widget.DrawerLayout desc=null txt_len=0 pkg=com.larus.nova t_boot_ns=1193148424000041
09-05 21:26:19.506 I/AnebProbe(25624): ADAPTER_EVT type=content cls=androidx.drawerlayout.widget.DrawerLayout desc=null txt_len=0 pkg=com.larus.nova t_boot_ns=1193148537867749
09-05 21:26:19.609 I/AnebProbe(25624): ADAPTER_EVT type=content cls=androidx.drawerlayout.widget.DrawerLayout desc=null txt_len=0 pkg=com.larus.nova t_boot_ns=1193148640230249
09-05 21:26:19.721 I/AnebProbe(25624): ADAPTER_EVT type=content cls=androidx.drawerlayout.widget.DrawerLayout desc=null txt_len=0 pkg=com.larus.nova t_boot_ns=1193148752671395
09-05 21:26:19.724 I/AnebProbe(25624): ADAPTER_OBS pkg=com.larus.nova mode=doubao events=525 rule_matched=20 first_delta_ms=0 cadence_p50_ms=99.9 session_span_ms=136302.1 confidence=LOW/INCONCLUSIVE reason=throttle ttft_send_ms=null anchor_source=null ttft_cluster_ms=3900.9 ttft_density_ms=null
09-05 21:26:19.823 I/AnebProbe(25624): ADAPTER_EVT type=content cls=androidx.drawerlayout.widget.DrawerLayout desc=null txt_len=0 pkg=com.larus.nova t_boot_ns=1193148853802645
09-05 21:26:19.925 I/AnebProbe(25624): ADAPTER_EVT type=content cls=androidx.drawerlayout.widget.DrawerLayout desc=null txt_len=0 pkg=com.larus.nova t_boot_ns=1193148956070353
09-05 21:26:20.037 I/AnebProbe(25624): ADAPTER_EVT type=content cls=androidx.drawerlayout.widget.DrawerLayout desc=null txt_len=0 pkg=com.larus.nova t_boot_ns=1193149068154728
09-05 21:26:20.143 I/AnebProbe(25624): ADAPTER_EVT type=content cls=androidx.drawerlayout.widget.DrawerLayout desc=null txt_len=0 pkg=com.larus.nova t_boot_ns=1193149174957332
09-05 21:26:20.253 I/AnebProbe(25624): ADAPTER_EVT type=content cls=androidx.drawerlayout.widget.DrawerLayout desc=null txt_len=0 pkg=com.larus.nova t_boot_ns=1193149284485457
09-05 21:26:20.352 I/AnebProbe(25624): ADAPTER_EVT type=content cls=androidx.drawerlayout.widget.DrawerLayout desc=null txt_len=0 pkg=com.larus.nova t_boot_ns=1193149383917749
09-05 21:26:20.590 I/AnebProbe(25624): ADAPTER_EVT type=content cls=androidx.drawerlayout.widget.DrawerLayout desc=null txt_len=0 pkg=com.larus.nova t_boot_ns=1193149621291707
09-05 21:26:20.718 I/AnebProbe(25624): ADAPTER_EVT type=content cls=androidx.drawerlayout.widget.DrawerLayout desc=null txt_len=0 pkg=com.larus.nova t_boot_ns=1193149749709416
09-05 21:26:20.818 I/AnebProbe(25624): ADAPTER_EVT type=content cls=androidx.recyclerview.widget.RecyclerView desc=null txt_len=0 pkg=com.larus.nova t_boot_ns=1193149849289624
09-05 21:26:21.062 I/AnebProbe(25624): ADAPTER_EVT type=content cls=androidx.drawerlayout.widget.DrawerLayout desc=null txt_len=0 pkg=com.larus.nova t_boot_ns=1193150093624520
09-05 21:26:21.162 I/AnebProbe(25624): ADAPTER_EVT type=content cls=androidx.drawerlayout.widget.DrawerLayout desc=null txt_len=0 pkg=com.larus.nova t_boot_ns=1193150193446916
09-05 21:26:21.413 I/AnebProbe(25624): ADAPTER_EVT type=content cls=androidx.drawerlayout.widget.DrawerLayout desc=null txt_len=0 pkg=com.larus.nova t_boot_ns=1193150443977645
09-05 21:26:21.512 I/AnebProbe(25624): ADAPTER_EVT type=content cls=androidx.drawerlayout.widget.DrawerLayout desc=null txt_len=0 pkg=com.larus.nova t_boot_ns=1193150543319832
09-05 21:26:30.680 I/AnebProbe(25624): ADAPTER_EVT type=content cls=androidx.recyclerview.widget.RecyclerView desc=null txt_len=0 pkg=com.larus.nova t_boot_ns=1193159711675560
09-05 21:26:30.683 I/AnebProbe(25624): ADAPTER_OBS pkg=com.larus.nova mode=doubao events=539 rule_matched=22 first_delta_ms=0 cadence_p50_ms=99.9 session_span_ms=147261.1 confidence=LOW/INCONCLUSIVE reason=throttle ttft_send_ms=null anchor_source=null ttft_cluster_ms=3900.9 ttft_density_ms=null
09-05 21:26:30.761 I/AnebProbe(25624): ADAPTER_EVT type=content cls=androidx.recyclerview.widget.RecyclerView desc=null txt_len=0 pkg=com.larus.nova t_boot_ns=1193159792426602
09-05 21:27:23.762 I/AnebE4MARK(11646): E4MARK kind=answer_complete n=2
09-05 21:27:44.224 I/AnebProbe(25624): ADAPTER_EVT type=click cls=android.widget.ImageView desc=返回 txt_len=2 pkg=com.larus.nova t_boot_ns=1193233256004715
09-05 21:27:44.226 I/AnebProbe(25624): ADAPTER_OBS pkg=com.larus.nova mode=doubao events=540 rule_matched=23 first_delta_ms=0 cadence_p50_ms=99.9 session_span_ms=147341.9 confidence=LOW/INCONCLUSIVE reason=throttle ttft_send_ms=null anchor_source=null ttft_cluster_ms=3900.9 ttft_density_ms=null
09-05 21:27:44.348 I/AnebProbe(25624): ADAPTER_EVT type=content cls=androidx.drawerlayout.widget.DrawerLayout desc=null txt_len=0 pkg=com.larus.nova t_boot_ns=1193233379308882
09-05 21:27:44.464 I/AnebProbe(25624): ADAPTER_EVT type=content cls=androidx.drawerlayout.widget.DrawerLayout desc=null txt_len=0 pkg=com.larus.nova t_boot_ns=1193233495717215
09-05 21:27:44.581 I/AnebProbe(25624): ADAPTER_EVT type=content cls=androidx.drawerlayout.widget.DrawerLayout desc=null txt_len=0 pkg=com.larus.nova t_boot_ns=1193233612198986
09-05 21:27:44.654 I/AnebProbe(25624): ADAPTER_EVT type=content cls=androidx.drawerlayout.widget.DrawerLayout desc=null txt_len=0 pkg=com.larus.nova t_boot_ns=1193233685754715
09-05 21:27:45.929 I/AnebProbe(25624): ADAPTER_EVT type=click cls=android.widget.ImageView desc=创建新对话 txt_len=5 pkg=com.larus.nova t_boot_ns=1193234960730757
09-05 21:27:45.931 I/AnebProbe(25624): ADAPTER_EVT type=content cls=android.widget.FrameLayout desc=null txt_len=0 pkg=com.larus.nova t_boot_ns=1193234962506799
09-05 21:27:46.180 I/AnebProbe(25624): ADAPTER_EVT type=content cls=androidx.drawerlayout.widget.DrawerLayout desc=null txt_len=0 pkg=com.larus.nova t_boot_ns=1193235211488569
09-05 21:27:46.354 I/AnebProbe(25624): ADAPTER_EVT type=content cls=androidx.drawerlayout.widget.DrawerLayout desc=null txt_len=0 pkg=com.larus.nova t_boot_ns=1193235385158361
09-05 21:27:46.385 I/AnebProbe(25624): ADAPTER_EVT type=content cls=androidx.drawerlayout.widget.DrawerLayout desc=null txt_len=0 pkg=com.larus.nova t_boot_ns=1193235416587007
09-05 21:27:46.388 I/AnebProbe(25624): ADAPTER_EVT type=content cls=android.view.ViewGroup desc=null txt_len=0 pkg=com.larus.nova t_boot_ns=1193235420060965
09-05 21:27:46.508 I/AnebProbe(25624): ADAPTER_EVT type=content cls=android.view.ViewGroup desc=null txt_len=0 pkg=com.larus.nova t_boot_ns=1193235539034403
09-05 21:27:46.608 I/AnebProbe(25624): ADAPTER_EVT type=content cls=android.view.ViewGroup desc=null txt_len=0 pkg=com.larus.nova t_boot_ns=1193235639003153
09-05 21:27:46.718 I/AnebProbe(25624): ADAPTER_EVT type=content cls=androidx.drawerlayout.widget.DrawerLayout desc=null txt_len=0 pkg=com.larus.nova t_boot_ns=1193235748889090
09-05 21:27:46.818 I/AnebProbe(25624): ADAPTER_EVT type=content cls=android.view.ViewGroup desc=null txt_len=0 pkg=com.larus.nova t_boot_ns=1193235849158361
09-05 21:27:46.947 I/AnebProbe(25624): ADAPTER_EVT type=content cls=androidx.recyclerview.widget.RecyclerView desc=null txt_len=0 pkg=com.larus.nova t_boot_ns=1193235978303673
09-05 21:27:47.042 I/AnebProbe(25624): ADAPTER_EVT type=content cls=android.view.ViewGroup desc=null txt_len=0 pkg=com.larus.nova t_boot_ns=1193236073669298
09-05 21:27:47.154 I/AnebProbe(25624): ADAPTER_EVT type=content cls=android.view.ViewGroup desc=null txt_len=0 pkg=com.larus.nova t_boot_ns=1193236185487007
09-05 21:27:47.454 I/AnebProbe(25624): ADAPTER_EVT type=content cls=android.view.ViewGroup desc=null txt_len=0 pkg=com.larus.nova t_boot_ns=1193236485101069
09-05 21:27:47.553 I/AnebProbe(25624): ADAPTER_EVT type=content cls=android.view.ViewGroup desc=null txt_len=0 pkg=com.larus.nova t_boot_ns=1193236584626069
09-05 21:27:47.653 I/AnebProbe(25624): ADAPTER_EVT type=content cls=android.view.ViewGroup desc=null txt_len=0 pkg=com.larus.nova t_boot_ns=1193236684782840
09-05 21:27:47.754 I/AnebProbe(25624): ADAPTER_EVT type=content cls=android.view.ViewGroup desc=null txt_len=0 pkg=com.larus.nova t_boot_ns=1193236785638048
09-05 21:27:47.854 I/AnebProbe(25624): ADAPTER_EVT type=content cls=android.view.ViewGroup desc=null txt_len=0 pkg=com.larus.nova t_boot_ns=1193236885830236
09-05 21:27:47.961 I/AnebProbe(25624): ADAPTER_EVT type=content cls=android.view.ViewGroup desc=null txt_len=0 pkg=com.larus.nova t_boot_ns=1193236992221382
09-05 21:27:48.061 I/AnebProbe(25624): ADAPTER_EVT type=content cls=androidx.drawerlayout.widget.DrawerLayout desc=null txt_len=0 pkg=com.larus.nova t_boot_ns=1193237092650548
09-05 21:27:48.184 I/AnebProbe(25624): ADAPTER_EVT type=content cls=android.view.ViewGroup desc=null txt_len=0 pkg=com.larus.nova t_boot_ns=1193237214960965
09-05 21:27:48.995 I/AnebProbe(25624): ADAPTER_EVT type=content cls=android.view.ViewGroup desc=新对话，打开设置页 txt_len=0 pkg=com.larus.nova t_boot_ns=1193238026319298
09-05 21:27:49.100 I/AnebProbe(25624): ADAPTER_EVT type=content cls=android.view.ViewGroup desc=null txt_len=0 pkg=com.larus.nova t_boot_ns=1193238131189090
09-05 21:27:49.212 I/AnebProbe(25624): ADAPTER_EVT type=content cls=android.view.ViewGroup desc=null txt_len=0 pkg=com.larus.nova t_boot_ns=1193238243807319
09-05 21:27:49.327 I/AnebProbe(25624): ADAPTER_EVT type=content cls=android.view.ViewGroup desc=null txt_len=0 pkg=com.larus.nova t_boot_ns=1193238358171902
09-05 21:27:49.327 I/AnebProbe(25624): ADAPTER_OBS pkg=com.larus.nova mode=doubao events=568 rule_matched=24 first_delta_ms=0 cadence_p50_ms=99.9 session_span_ms=225907.6 confidence=LOW/INCONCLUSIVE reason=throttle ttft_send_ms=null anchor_source=null ttft_cluster_ms=3900.9 ttft_density_ms=null
09-05 21:27:49.430 I/AnebProbe(25624): ADAPTER_EVT type=content cls=android.view.ViewGroup desc=null txt_len=0 pkg=com.larus.nova t_boot_ns=1193238461286485
09-05 21:27:49.540 I/AnebProbe(25624): ADAPTER_EVT type=content cls=android.view.ViewGroup desc=null txt_len=0 pkg=com.larus.nova t_boot_ns=1193238571506798
09-05 21:27:49.641 I/AnebProbe(25624): ADAPTER_EVT type=content cls=android.view.ViewGroup desc=null txt_len=0 pkg=com.larus.nova t_boot_ns=1193238672707840
09-05 21:27:49.758 I/AnebProbe(25624): ADAPTER_EVT type=content cls=android.view.ViewGroup desc=null txt_len=0 pkg=com.larus.nova t_boot_ns=1193238788966694
09-05 21:27:49.860 I/AnebProbe(25624): ADAPTER_EVT type=content cls=android.view.ViewGroup desc=null txt_len=0 pkg=com.larus.nova t_boot_ns=1193238891102631
09-05 21:27:49.973 I/AnebProbe(25624): ADAPTER_EVT type=content cls=android.view.ViewGroup desc=null txt_len=0 pkg=com.larus.nova t_boot_ns=1193239004884923
09-05 21:27:50.075 I/AnebProbe(25624): ADAPTER_EVT type=content cls=android.view.ViewGroup desc=null txt_len=0 pkg=com.larus.nova t_boot_ns=1193239106007840
09-05 21:27:50.178 I/AnebProbe(25624): ADAPTER_EVT type=content cls=android.view.ViewGroup desc=null txt_len=0 pkg=com.larus.nova t_boot_ns=1193239209090131
09-05 21:27:50.294 I/AnebProbe(25624): ADAPTER_EVT type=content cls=android.view.ViewGroup desc=null txt_len=0 pkg=com.larus.nova t_boot_ns=1193239325297944
09-05 21:27:50.362 I/AnebProbe(25624): ADAPTER_EVT type=content cls=android.view.ViewGroup desc=null txt_len=0 pkg=com.larus.nova t_boot_ns=1193239393375027
09-05 21:27:50.362 I/AnebProbe(25624): ADAPTER_EVT type=content cls=android.widget.EditText desc=null txt_len=1 pkg=com.larus.nova t_boot_ns=1193239393773464
09-05 21:27:50.370 I/AnebProbe(25624): ADAPTER_EVT type=content cls=android.view.ViewGroup desc=null txt_len=0 pkg=com.larus.nova t_boot_ns=1193239401059923
09-05 21:27:50.420 I/AnebProbe(25624): ADAPTER_EVT type=content cls=android.view.ViewGroup desc=null txt_len=0 pkg=com.larus.nova t_boot_ns=1193239451473464
09-05 21:27:50.420 I/AnebProbe(25624): ADAPTER_EVT type=content cls=android.widget.EditText desc=null txt_len=2 pkg=com.larus.nova t_boot_ns=1193239451885444
09-05 21:27:50.429 I/AnebProbe(25624): ADAPTER_EVT type=content cls=android.widget.EditText desc=null txt_len=3 pkg=com.larus.nova t_boot_ns=1193239460596902
09-05 21:27:50.451 I/AnebProbe(25624): ADAPTER_EVT type=content cls=android.view.ViewGroup desc=null txt_len=0 pkg=com.larus.nova t_boot_ns=1193239482869819
09-05 21:27:50.452 I/AnebProbe(25624): ADAPTER_EVT type=content cls=android.widget.EditText desc=null txt_len=4 pkg=com.larus.nova t_boot_ns=1193239483231798
09-05 21:27:50.459 I/AnebProbe(25624): ADAPTER_EVT type=content cls=android.widget.EditText desc=null txt_len=5 pkg=com.larus.nova t_boot_ns=1193239490685964
09-05 21:27:50.476 I/AnebProbe(25624): ADAPTER_EVT type=content cls=android.view.ViewGroup desc=null txt_len=0 pkg=com.larus.nova t_boot_ns=1193239507989610
09-05 21:27:50.477 I/AnebProbe(25624): ADAPTER_EVT type=content cls=android.widget.EditText desc=null txt_len=6 pkg=com.larus.nova t_boot_ns=1193239508291173
09-05 21:27:50.494 I/AnebProbe(25624): ADAPTER_EVT type=content cls=android.view.ViewGroup desc=null txt_len=0 pkg=com.larus.nova t_boot_ns=1193239525992214
09-05 21:27:50.495 I/AnebProbe(25624): ADAPTER_EVT type=content cls=android.widget.EditText desc=null txt_len=7 pkg=com.larus.nova t_boot_ns=1193239526345339
09-05 21:27:50.517 I/AnebProbe(25624): ADAPTER_EVT type=content cls=android.view.ViewGroup desc=null txt_len=0 pkg=com.larus.nova t_boot_ns=1193239548239610
09-05 21:27:50.517 I/AnebProbe(25624): ADAPTER_EVT type=content cls=android.widget.EditText desc=null txt_len=8 pkg=com.larus.nova t_boot_ns=1193239548655756
09-05 21:27:50.526 I/AnebProbe(25624): ADAPTER_EVT type=content cls=android.widget.EditText desc=null txt_len=9 pkg=com.larus.nova t_boot_ns=1193239557269298
09-05 21:27:50.551 I/AnebProbe(25624): ADAPTER_EVT type=content cls=android.view.ViewGroup desc=null txt_len=0 pkg=com.larus.nova t_boot_ns=1193239582218256
09-05 21:27:50.551 I/AnebProbe(25624): ADAPTER_EVT type=content cls=android.widget.EditText desc=null txt_len=10 pkg=com.larus.nova t_boot_ns=1193239582779194
09-05 21:27:50.560 I/AnebProbe(25624): ADAPTER_EVT type=content cls=android.widget.EditText desc=null txt_len=11 pkg=com.larus.nova t_boot_ns=1193239591630756
09-05 21:27:50.584 I/AnebProbe(25624): ADAPTER_EVT type=content cls=android.view.ViewGroup desc=null txt_len=0 pkg=com.larus.nova t_boot_ns=1193239615112527
09-05 21:27:50.584 I/AnebProbe(25624): ADAPTER_EVT type=content cls=android.widget.EditText desc=null txt_len=12 pkg=com.larus.nova t_boot_ns=1193239615543777
09-05 21:27:50.594 I/AnebProbe(25624): ADAPTER_EVT type=content cls=android.widget.EditText desc=null txt_len=13 pkg=com.larus.nova t_boot_ns=1193239625222944
09-05 21:27:50.611 I/AnebProbe(25624): ADAPTER_EVT type=content cls=android.view.ViewGroup desc=null txt_len=0 pkg=com.larus.nova t_boot_ns=1193239642045860
09-05 21:27:50.611 I/AnebProbe(25624): ADAPTER_EVT type=content cls=android.widget.EditText desc=null txt_len=14 pkg=com.larus.nova t_boot_ns=1193239642464089
09-05 21:27:50.634 I/AnebProbe(25624): ADAPTER_EVT type=content cls=android.view.ViewGroup desc=null txt_len=0 pkg=com.larus.nova t_boot_ns=1193239665922944
09-05 21:27:50.635 I/AnebProbe(25624): ADAPTER_EVT type=content cls=android.widget.EditText desc=null txt_len=15 pkg=com.larus.nova t_boot_ns=1193239666370860
09-05 21:27:50.668 I/AnebProbe(25624): ADAPTER_EVT type=content cls=android.view.ViewGroup desc=null txt_len=0 pkg=com.larus.nova t_boot_ns=1193239699097423
09-05 21:27:50.668 I/AnebProbe(25624): ADAPTER_EVT type=content cls=android.widget.EditText desc=null txt_len=16 pkg=com.larus.nova t_boot_ns=1193239699487006
09-05 21:27:50.683 I/AnebProbe(25624): ADAPTER_EVT type=content cls=android.view.ViewGroup desc=null txt_len=0 pkg=com.larus.nova t_boot_ns=1193239714775548
09-05 21:27:50.684 I/AnebProbe(25624): ADAPTER_EVT type=content cls=android.widget.EditText desc=null txt_len=17 pkg=com.larus.nova t_boot_ns=1193239715270860
09-05 21:27:50.691 I/AnebProbe(25624): ADAPTER_EVT type=content cls=android.widget.EditText desc=null txt_len=18 pkg=com.larus.nova t_boot_ns=1193239722297944
09-05 21:27:50.707 I/AnebProbe(25624): ADAPTER_EVT type=content cls=android.view.ViewGroup desc=null txt_len=0 pkg=com.larus.nova t_boot_ns=1193239738296902
09-05 21:27:50.707 I/AnebProbe(25624): ADAPTER_EVT type=content cls=android.widget.EditText desc=null txt_len=19 pkg=com.larus.nova t_boot_ns=1193239738614089
09-05 21:27:50.724 I/AnebProbe(25624): ADAPTER_EVT type=content cls=android.view.ViewGroup desc=null txt_len=0 pkg=com.larus.nova t_boot_ns=1193239755642214
09-05 21:27:50.724 I/AnebProbe(25624): ADAPTER_EVT type=content cls=android.widget.EditText desc=null txt_len=20 pkg=com.larus.nova t_boot_ns=1193239756001069
09-05 21:27:50.742 I/AnebProbe(25624): ADAPTER_EVT type=content cls=android.view.ViewGroup desc=null txt_len=0 pkg=com.larus.nova t_boot_ns=1193239773926589
09-05 21:27:50.743 I/AnebProbe(25624): ADAPTER_EVT type=content cls=android.widget.EditText desc=null txt_len=21 pkg=com.larus.nova t_boot_ns=1193239774239089
09-05 21:27:50.760 I/AnebProbe(25624): ADAPTER_EVT type=content cls=android.view.ViewGroup desc=null txt_len=0 pkg=com.larus.nova t_boot_ns=1193239791445339
09-05 21:27:50.760 I/AnebProbe(25624): ADAPTER_EVT type=content cls=android.widget.EditText desc=null txt_len=22 pkg=com.larus.nova t_boot_ns=1193239791741694
09-05 21:27:50.776 I/AnebProbe(25624): ADAPTER_EVT type=content cls=android.view.ViewGroup desc=null txt_len=0 pkg=com.larus.nova t_boot_ns=1193239807935444
09-05 21:27:50.777 I/AnebProbe(25624): ADAPTER_EVT type=content cls=android.widget.EditText desc=null txt_len=23 pkg=com.larus.nova t_boot_ns=1193239808441173
09-05 21:27:50.794 I/AnebProbe(25624): ADAPTER_EVT type=content cls=android.view.ViewGroup desc=null txt_len=0 pkg=com.larus.nova t_boot_ns=1193239825308360
09-05 21:27:50.794 I/AnebProbe(25624): ADAPTER_EVT type=content cls=android.widget.EditText desc=null txt_len=24 pkg=com.larus.nova t_boot_ns=1193239825593777
09-05 21:27:50.815 I/AnebProbe(25624): ADAPTER_EVT type=content cls=android.view.ViewGroup desc=null txt_len=0 pkg=com.larus.nova t_boot_ns=1193239846426589
09-05 21:27:50.815 I/AnebProbe(25624): ADAPTER_EVT type=content cls=android.widget.EditText desc=null txt_len=25 pkg=com.larus.nova t_boot_ns=1193239846775548
09-05 21:27:50.824 I/AnebProbe(25624): ADAPTER_EVT type=content cls=android.widget.EditText desc=null txt_len=26 pkg=com.larus.nova t_boot_ns=1193239855287006
09-05 21:27:50.841 I/AnebProbe(25624): ADAPTER_EVT type=content cls=android.view.ViewGroup desc=null txt_len=0 pkg=com.larus.nova t_boot_ns=1193239872637527
09-05 21:27:50.841 I/AnebProbe(25624): ADAPTER_EVT type=content cls=android.widget.EditText desc=null txt_len=27 pkg=com.larus.nova t_boot_ns=1193239873012527
09-05 21:27:50.857 I/AnebProbe(25624): ADAPTER_EVT type=content cls=android.view.ViewGroup desc=null txt_len=0 pkg=com.larus.nova t_boot_ns=1193239888902631
09-05 21:27:50.858 I/AnebProbe(25624): ADAPTER_EVT type=content cls=android.widget.EditText desc=null txt_len=28 pkg=com.larus.nova t_boot_ns=1193239889237527
09-05 21:27:50.874 I/AnebProbe(25624): ADAPTER_EVT type=content cls=android.view.ViewGroup desc=null txt_len=0 pkg=com.larus.nova t_boot_ns=1193239905507319
09-05 21:27:50.874 I/AnebProbe(25624): ADAPTER_EVT type=content cls=android.widget.EditText desc=null txt_len=29 pkg=com.larus.nova t_boot_ns=1193239905855756
09-05 21:27:50.892 I/AnebProbe(25624): ADAPTER_EVT type=content cls=android.view.ViewGroup desc=null txt_len=0 pkg=com.larus.nova t_boot_ns=1193239923589089
09-05 21:27:50.892 I/AnebProbe(25624): ADAPTER_EVT type=content cls=android.widget.EditText desc=null txt_len=30 pkg=com.larus.nova t_boot_ns=1193239923975027
09-05 21:27:50.910 I/AnebProbe(25624): ADAPTER_EVT type=content cls=android.view.ViewGroup desc=null txt_len=0 pkg=com.larus.nova t_boot_ns=1193239941505235
09-05 21:27:50.910 I/AnebProbe(25624): ADAPTER_EVT type=content cls=android.widget.EditText desc=null txt_len=31 pkg=com.larus.nova t_boot_ns=1193239941992735
09-05 21:27:50.933 I/AnebProbe(25624): ADAPTER_EVT type=content cls=android.view.ViewGroup desc=null txt_len=0 pkg=com.larus.nova t_boot_ns=1193239964258360
09-05 21:27:50.933 I/AnebProbe(25624): ADAPTER_EVT type=content cls=android.widget.EditText desc=null txt_len=32 pkg=com.larus.nova t_boot_ns=1193239964643777
09-05 21:27:50.943 I/AnebProbe(25624): ADAPTER_EVT type=content cls=android.widget.EditText desc=null txt_len=33 pkg=com.larus.nova t_boot_ns=1193239973994298
09-05 21:27:50.967 I/AnebProbe(25624): ADAPTER_EVT type=content cls=android.view.ViewGroup desc=null txt_len=0 pkg=com.larus.nova t_boot_ns=1193239998164610
09-05 21:27:50.967 I/AnebProbe(25624): ADAPTER_EVT type=content cls=android.widget.EditText desc=null txt_len=34 pkg=com.larus.nova t_boot_ns=1193239998369819
09-05 21:27:50.973 I/AnebProbe(25624): ADAPTER_EVT type=content cls=android.widget.EditText desc=null txt_len=35 pkg=com.larus.nova t_boot_ns=1193240004331798
09-05 21:27:50.990 I/AnebProbe(25624): ADAPTER_EVT type=content cls=android.view.ViewGroup desc=null txt_len=0 pkg=com.larus.nova t_boot_ns=1193240021634923
09-05 21:27:50.992 I/AnebProbe(25624): ADAPTER_EVT type=content cls=android.widget.EditText desc=null txt_len=36 pkg=com.larus.nova t_boot_ns=1193240023481277
09-05 21:27:51.007 I/AnebProbe(25624): ADAPTER_EVT type=content cls=android.view.ViewGroup desc=null txt_len=0 pkg=com.larus.nova t_boot_ns=1193240038467214
09-05 21:27:51.007 I/AnebProbe(25624): ADAPTER_EVT type=content cls=android.widget.EditText desc=null txt_len=37 pkg=com.larus.nova t_boot_ns=1193240038625027
09-05 21:27:51.019 I/AnebProbe(25624): ADAPTER_EVT type=content cls=android.view.ViewGroup desc=null txt_len=0 pkg=com.larus.nova t_boot_ns=1193240051064089
09-05 21:27:51.020 I/AnebProbe(25624): ADAPTER_EVT type=content cls=android.widget.EditText desc=null txt_len=38 pkg=com.larus.nova t_boot_ns=1193240051246902
09-05 21:27:51.033 I/AnebProbe(25624): ADAPTER_EVT type=content cls=android.view.ViewGroup desc=null txt_len=0 pkg=com.larus.nova t_boot_ns=1193240065023985
09-05 21:27:51.034 I/AnebProbe(25624): ADAPTER_EVT type=content cls=android.widget.EditText desc=null txt_len=39 pkg=com.larus.nova t_boot_ns=1193240065208360
09-05 21:27:51.039 I/AnebProbe(25624): ADAPTER_EVT type=content cls=android.widget.EditText desc=null txt_len=40 pkg=com.larus.nova t_boot_ns=1193240070635964
09-05 21:27:51.053 I/AnebProbe(25624): ADAPTER_EVT type=content cls=android.view.ViewGroup desc=null txt_len=0 pkg=com.larus.nova t_boot_ns=1193240084285964
09-05 21:27:51.053 I/AnebProbe(25624): ADAPTER_EVT type=content cls=android.widget.EditText desc=null txt_len=41 pkg=com.larus.nova t_boot_ns=1193240084451069
09-05 21:27:51.066 I/AnebProbe(25624): ADAPTER_EVT type=content cls=android.view.ViewGroup desc=null txt_len=0 pkg=com.larus.nova t_boot_ns=1193240098067214
09-05 21:27:51.067 I/AnebProbe(25624): ADAPTER_EVT type=content cls=android.widget.EditText desc=null txt_len=42 pkg=com.larus.nova t_boot_ns=1193240098261485
09-05 21:27:51.072 I/AnebProbe(25624): ADAPTER_EVT type=content cls=android.widget.EditText desc=null txt_len=43 pkg=com.larus.nova t_boot_ns=1193240103721902
09-05 21:27:51.086 I/AnebProbe(25624): ADAPTER_EVT type=content cls=android.view.ViewGroup desc=null txt_len=0 pkg=com.larus.nova t_boot_ns=1193240117289610
09-05 21:27:51.086 I/AnebProbe(25624): ADAPTER_EVT type=content cls=android.widget.EditText desc=null txt_len=44 pkg=com.larus.nova t_boot_ns=1193240117672944
09-05 21:27:51.099 I/AnebProbe(25624): ADAPTER_EVT type=content cls=android.view.ViewGroup desc=null txt_len=0 pkg=com.larus.nova t_boot_ns=1193240130817214
09-05 21:27:51.099 I/AnebProbe(25624): ADAPTER_EVT type=content cls=android.widget.EditText desc=null txt_len=45 pkg=com.larus.nova t_boot_ns=1193240130974506
09-05 21:27:51.105 I/AnebProbe(25624): ADAPTER_EVT type=content cls=android.widget.EditText desc=null txt_len=46 pkg=com.larus.nova t_boot_ns=1193240136176589
09-05 21:27:51.119 I/AnebProbe(25624): ADAPTER_EVT type=content cls=android.view.ViewGroup desc=null txt_len=0 pkg=com.larus.nova t_boot_ns=1193240150332839
09-05 21:27:51.119 I/AnebProbe(25624): ADAPTER_EVT type=content cls=android.widget.EditText desc=null txt_len=47 pkg=com.larus.nova t_boot_ns=1193240150494298
09-05 21:27:51.125 I/AnebProbe(25624): ADAPTER_EVT type=content cls=android.widget.EditText desc=null txt_len=48 pkg=com.larus.nova t_boot_ns=1193240156337527
09-05 21:27:51.138 I/AnebProbe(25624): ADAPTER_EVT type=content cls=android.view.ViewGroup desc=null txt_len=0 pkg=com.larus.nova t_boot_ns=1193240169294298
09-05 21:27:51.138 I/AnebProbe(25624): ADAPTER_EVT type=content cls=android.widget.EditText desc=null txt_len=49 pkg=com.larus.nova t_boot_ns=1193240169537527
09-05 21:27:51.151 I/AnebProbe(25624): ADAPTER_EVT type=content cls=android.view.ViewGroup desc=null txt_len=0 pkg=com.larus.nova t_boot_ns=1193240182255756
09-05 21:27:51.151 I/AnebProbe(25624): ADAPTER_EVT type=content cls=android.widget.EditText desc=null txt_len=50 pkg=com.larus.nova t_boot_ns=1193240182613569
09-05 21:27:51.156 I/AnebProbe(25624): ADAPTER_EVT type=content cls=android.widget.EditText desc=null txt_len=51 pkg=com.larus.nova t_boot_ns=1193240187579194
09-05 21:27:51.168 I/AnebProbe(25624): ADAPTER_EVT type=content cls=android.view.ViewGroup desc=null txt_len=0 pkg=com.larus.nova t_boot_ns=1193240199362006
09-05 21:27:51.168 I/AnebProbe(25624): ADAPTER_EVT type=content cls=android.widget.EditText desc=null txt_len=52 pkg=com.larus.nova t_boot_ns=1193240199520860
09-05 21:27:51.173 I/AnebProbe(25624): ADAPTER_EVT type=content cls=android.widget.EditText desc=null txt_len=53 pkg=com.larus.nova t_boot_ns=1193240204652110
09-05 21:27:51.186 I/AnebProbe(25624): ADAPTER_EVT type=content cls=android.view.ViewGroup desc=null txt_len=0 pkg=com.larus.nova t_boot_ns=1193240217783360
09-05 21:27:51.186 I/AnebProbe(25624): ADAPTER_EVT type=content cls=android.widget.EditText desc=null txt_len=54 pkg=com.larus.nova t_boot_ns=1193240217966694
09-05 21:27:51.202 I/AnebProbe(25624): ADAPTER_EVT type=content cls=android.view.ViewGroup desc=null txt_len=0 pkg=com.larus.nova t_boot_ns=1193240233506798
09-05 21:27:51.202 I/AnebProbe(25624): ADAPTER_EVT type=content cls=android.widget.EditText desc=null txt_len=55 pkg=com.larus.nova t_boot_ns=1193240233691694
09-05 21:27:51.216 I/AnebProbe(25624): ADAPTER_EVT type=content cls=android.view.ViewGroup desc=null txt_len=0 pkg=com.larus.nova t_boot_ns=1193240247213048
09-05 21:27:51.216 I/AnebProbe(25624): ADAPTER_EVT type=content cls=android.widget.EditText desc=null txt_len=56 pkg=com.larus.nova t_boot_ns=1193240247494819
09-05 21:27:51.328 I/AnebProbe(25624): ADAPTER_EVT type=content cls=android.view.ViewGroup desc=null txt_len=0 pkg=com.larus.nova t_boot_ns=1193240359689089
09-05 21:27:51.430 I/AnebProbe(25624): ADAPTER_EVT type=content cls=android.view.ViewGroup desc=null txt_len=0 pkg=com.larus.nova t_boot_ns=1193240461934402
09-05 21:27:51.546 I/AnebProbe(25624): ADAPTER_EVT type=content cls=android.view.ViewGroup desc=null txt_len=0 pkg=com.larus.nova t_boot_ns=1193240577398985
09-05 21:27:51.646 I/AnebProbe(25624): ADAPTER_EVT type=content cls=android.view.ViewGroup desc=null txt_len=0 pkg=com.larus.nova t_boot_ns=1193240677659402
09-05 21:27:51.747 I/AnebProbe(25624): ADAPTER_EVT type=content cls=android.view.ViewGroup desc=null txt_len=0 pkg=com.larus.nova t_boot_ns=1193240777917735
09-05 21:27:51.848 I/AnebProbe(25624): ADAPTER_EVT type=content cls=android.view.ViewGroup desc=null txt_len=0 pkg=com.larus.nova t_boot_ns=1193240879316173
09-05 21:27:51.962 I/AnebProbe(25624): ADAPTER_EVT type=content cls=android.view.ViewGroup desc=null txt_len=0 pkg=com.larus.nova t_boot_ns=1193240993146381
09-05 21:27:52.070 I/AnebProbe(25624): ADAPTER_EVT type=content cls=android.view.ViewGroup desc=null txt_len=0 pkg=com.larus.nova t_boot_ns=1193241101416693
09-05 21:27:52.179 I/AnebProbe(25624): ADAPTER_EVT type=content cls=android.view.ViewGroup desc=null txt_len=0 pkg=com.larus.nova t_boot_ns=1193241209953152
09-05 21:27:52.292 I/AnebProbe(25624): ADAPTER_EVT type=content cls=android.view.ViewGroup desc=null txt_len=0 pkg=com.larus.nova t_boot_ns=1193241323680756
09-05 21:27:52.395 I/AnebProbe(25624): ADAPTER_EVT type=content cls=android.view.ViewGroup desc=null txt_len=0 pkg=com.larus.nova t_boot_ns=1193241425995860
09-05 21:27:52.498 I/AnebProbe(25624): ADAPTER_EVT type=content cls=android.view.ViewGroup desc=null txt_len=0 pkg=com.larus.nova t_boot_ns=1193241529061485
09-05 21:27:52.607 I/AnebProbe(25624): ADAPTER_EVT type=content cls=android.view.ViewGroup desc=null txt_len=0 pkg=com.larus.nova t_boot_ns=1193241638460443
09-05 21:27:52.712 I/AnebProbe(25624): ADAPTER_EVT type=content cls=android.view.ViewGroup desc=null txt_len=0 pkg=com.larus.nova t_boot_ns=1193241743446902
09-05 21:27:52.824 I/AnebProbe(25624): ADAPTER_EVT type=content cls=android.view.ViewGroup desc=null txt_len=0 pkg=com.larus.nova t_boot_ns=1193241855343777
09-05 21:27:52.946 I/AnebProbe(25624): ADAPTER_EVT type=content cls=android.view.ViewGroup desc=null txt_len=0 pkg=com.larus.nova t_boot_ns=1193241977490131
09-05 21:27:53.062 I/AnebProbe(25624): ADAPTER_EVT type=content cls=android.view.ViewGroup desc=null txt_len=0 pkg=com.larus.nova t_boot_ns=1193242093029193
09-05 21:27:53.177 I/AnebProbe(25624): ADAPTER_EVT type=content cls=android.view.ViewGroup desc=null txt_len=0 pkg=com.larus.nova t_boot_ns=1193242207971381
09-05 21:27:53.287 I/AnebProbe(25624): ADAPTER_EVT type=content cls=android.view.ViewGroup desc=null txt_len=0 pkg=com.larus.nova t_boot_ns=1193242318171902
09-05 21:27:53.362 I/AnebE4MARK(12034): E4MARK kind=turn_start n=3
09-05 21:27:53.389 I/AnebProbe(25624): ADAPTER_EVT type=content cls=android.view.ViewGroup desc=null txt_len=0 pkg=com.larus.nova t_boot_ns=1193242420208881
09-05 21:27:53.497 I/AnebProbe(25624): ADAPTER_EVT type=content cls=android.view.ViewGroup desc=null txt_len=0 pkg=com.larus.nova t_boot_ns=1193242528952631
09-05 21:27:53.531 I/AnebProbe(25624): ADAPTER_EVT type=content cls=android.view.ViewGroup desc=null txt_len=0 pkg=com.larus.nova t_boot_ns=1193242562690652
09-05 21:27:53.643 I/AnebProbe(25624): ADAPTER_EVT type=content cls=android.view.ViewGroup desc=null txt_len=0 pkg=com.larus.nova t_boot_ns=1193242674940131
09-05 21:27:53.914 I/AnebProbe(25624): ADAPTER_EVT type=content cls=androidx.drawerlayout.widget.DrawerLayout desc=null txt_len=0 pkg=com.larus.nova t_boot_ns=1193242945124506
09-05 21:27:54.014 I/AnebProbe(25624): ADAPTER_EVT type=content cls=androidx.drawerlayout.widget.DrawerLayout desc=null txt_len=0 pkg=com.larus.nova t_boot_ns=1193243045335964
09-05 21:27:54.264 I/AnebProbe(25624): ADAPTER_EVT type=content cls=android.widget.ImageView desc=创建新对话 txt_len=0 pkg=com.larus.nova t_boot_ns=1193243294887006
09-05 21:27:54.373 I/AnebProbe(25624): ADAPTER_EVT type=content cls=androidx.drawerlayout.widget.DrawerLayout desc=null txt_len=0 pkg=com.larus.nova t_boot_ns=1193243404583881
09-05 21:27:54.374 I/AnebProbe(25624): ADAPTER_OBS pkg=com.larus.nova mode=doubao events=702 rule_matched=24 first_delta_ms=0 cadence_p50_ms=100.2 session_span_ms=230954.0 confidence=LOW/INCONCLUSIVE reason=throttle ttft_send_ms=null anchor_source=null ttft_cluster_ms=null ttft_density_ms=null
09-05 21:27:54.477 I/AnebProbe(25624): ADAPTER_EVT type=content cls=androidx.recyclerview.widget.RecyclerView desc=null txt_len=0 pkg=com.larus.nova t_boot_ns=1193243508452631
09-05 21:27:54.588 I/AnebProbe(25624): ADAPTER_EVT type=content cls=androidx.drawerlayout.widget.DrawerLayout desc=null txt_len=0 pkg=com.larus.nova t_boot_ns=1193243619223985
09-05 21:27:54.688 I/AnebProbe(25624): ADAPTER_EVT type=content cls=androidx.drawerlayout.widget.DrawerLayout desc=null txt_len=0 pkg=com.larus.nova t_boot_ns=1193243719750026
09-05 21:27:54.789 I/AnebProbe(25624): ADAPTER_EVT type=content cls=android.widget.TextView desc=null txt_len=0 pkg=com.larus.nova t_boot_ns=1193243819991172
09-05 21:27:55.538 I/AnebProbe(25624): ADAPTER_EVT type=content cls=androidx.drawerlayout.widget.DrawerLayout desc=null txt_len=0 pkg=com.larus.nova t_boot_ns=1193244569069818
09-05 21:27:55.657 I/AnebProbe(25624): ADAPTER_EVT type=content cls=androidx.recyclerview.widget.RecyclerView desc=null txt_len=0 pkg=com.larus.nova t_boot_ns=1193244688098985
09-05 21:27:55.793 I/AnebProbe(25624): ADAPTER_EVT type=content cls=androidx.drawerlayout.widget.DrawerLayout desc=null txt_len=0 pkg=com.larus.nova t_boot_ns=1193244824357318
09-05 21:27:55.894 I/AnebProbe(25624): ADAPTER_EVT type=content cls=androidx.drawerlayout.widget.DrawerLayout desc=null txt_len=0 pkg=com.larus.nova t_boot_ns=1193244925501589
09-05 21:27:56.295 I/AnebProbe(25624): ADAPTER_EVT type=content cls=androidx.drawerlayout.widget.DrawerLayout desc=null txt_len=0 pkg=com.larus.nova t_boot_ns=1193245326331276
09-05 21:27:56.634 I/AnebProbe(25624): ADAPTER_EVT type=content cls=androidx.drawerlayout.widget.DrawerLayout desc=null txt_len=0 pkg=com.larus.nova t_boot_ns=1193245664884922
09-05 21:27:56.758 I/AnebProbe(25624): ADAPTER_EVT type=content cls=androidx.drawerlayout.widget.DrawerLayout desc=null txt_len=0 pkg=com.larus.nova t_boot_ns=1193245789605234
09-05 21:27:56.868 I/AnebProbe(25624): ADAPTER_EVT type=content cls=androidx.drawerlayout.widget.DrawerLayout desc=null txt_len=0 pkg=com.larus.nova t_boot_ns=1193245899756276
09-05 21:27:57.004 I/AnebProbe(25624): ADAPTER_EVT type=content cls=androidx.drawerlayout.widget.DrawerLayout desc=null txt_len=0 pkg=com.larus.nova t_boot_ns=1193246035377630
09-05 21:27:57.104 I/AnebProbe(25624): ADAPTER_EVT type=content cls=androidx.drawerlayout.widget.DrawerLayout desc=null txt_len=0 pkg=com.larus.nova t_boot_ns=1193246135308359
09-05 21:27:57.204 I/AnebProbe(25624): ADAPTER_EVT type=content cls=androidx.drawerlayout.widget.DrawerLayout desc=null txt_len=0 pkg=com.larus.nova t_boot_ns=1193246235144818
09-05 21:27:57.305 I/AnebProbe(25624): ADAPTER_EVT type=content cls=androidx.drawerlayout.widget.DrawerLayout desc=null txt_len=0 pkg=com.larus.nova t_boot_ns=1193246336568255
09-05 21:27:57.404 I/AnebProbe(25624): ADAPTER_EVT type=content cls=androidx.drawerlayout.widget.DrawerLayout desc=null txt_len=0 pkg=com.larus.nova t_boot_ns=1193246435345859
09-05 21:27:57.504 I/AnebProbe(25624): ADAPTER_EVT type=content cls=androidx.drawerlayout.widget.DrawerLayout desc=null txt_len=0 pkg=com.larus.nova t_boot_ns=1193246535243255
09-05 21:27:57.604 I/AnebProbe(25624): ADAPTER_EVT type=content cls=androidx.drawerlayout.widget.DrawerLayout desc=null txt_len=0 pkg=com.larus.nova t_boot_ns=1193246634875547
09-05 21:27:57.714 I/AnebProbe(25624): ADAPTER_EVT type=content cls=androidx.drawerlayout.widget.DrawerLayout desc=null txt_len=0 pkg=com.larus.nova t_boot_ns=1193246744976068
09-05 21:27:57.815 I/AnebProbe(25624): ADAPTER_EVT type=content cls=androidx.drawerlayout.widget.DrawerLayout desc=null txt_len=0 pkg=com.larus.nova t_boot_ns=1193246846357838
09-05 21:27:57.916 I/AnebProbe(25624): ADAPTER_EVT type=content cls=androidx.drawerlayout.widget.DrawerLayout desc=null txt_len=0 pkg=com.larus.nova t_boot_ns=1193246947208880
09-05 21:27:58.033 I/AnebProbe(25624): ADAPTER_EVT type=content cls=androidx.drawerlayout.widget.DrawerLayout desc=null txt_len=0 pkg=com.larus.nova t_boot_ns=1193247063978672
09-05 21:27:58.132 I/AnebProbe(25624): ADAPTER_EVT type=content cls=androidx.drawerlayout.widget.DrawerLayout desc=null txt_len=0 pkg=com.larus.nova t_boot_ns=1193247163728672
09-05 21:27:58.232 I/AnebProbe(25624): ADAPTER_EVT type=content cls=androidx.drawerlayout.widget.DrawerLayout desc=null txt_len=0 pkg=com.larus.nova t_boot_ns=1193247263098984
09-05 21:27:58.332 I/AnebProbe(25624): ADAPTER_EVT type=content cls=androidx.drawerlayout.widget.DrawerLayout desc=null txt_len=0 pkg=com.larus.nova t_boot_ns=1193247363517734
09-05 21:27:58.456 I/AnebProbe(25624): ADAPTER_EVT type=content cls=androidx.drawerlayout.widget.DrawerLayout desc=null txt_len=0 pkg=com.larus.nova t_boot_ns=1193247486263047
09-05 21:27:58.560 I/AnebProbe(25624): ADAPTER_EVT type=content cls=androidx.drawerlayout.widget.DrawerLayout desc=null txt_len=0 pkg=com.larus.nova t_boot_ns=1193247590942213
09-05 21:27:58.660 I/AnebProbe(25624): ADAPTER_EVT type=content cls=androidx.drawerlayout.widget.DrawerLayout desc=null txt_len=0 pkg=com.larus.nova t_boot_ns=1193247690845338
09-05 21:27:58.762 I/AnebProbe(25624): ADAPTER_EVT type=content cls=androidx.drawerlayout.widget.DrawerLayout desc=null txt_len=0 pkg=com.larus.nova t_boot_ns=1193247792921380
09-05 21:27:58.877 I/AnebProbe(25624): ADAPTER_EVT type=content cls=androidx.drawerlayout.widget.DrawerLayout desc=null txt_len=0 pkg=com.larus.nova t_boot_ns=1193247908282838
09-05 21:27:58.978 I/AnebProbe(25624): ADAPTER_EVT type=content cls=androidx.drawerlayout.widget.DrawerLayout desc=null txt_len=0 pkg=com.larus.nova t_boot_ns=1193248008870338
09-05 21:27:59.077 I/AnebProbe(25624): ADAPTER_EVT type=content cls=androidx.drawerlayout.widget.DrawerLayout desc=null txt_len=0 pkg=com.larus.nova t_boot_ns=1193248108573984
09-05 21:27:59.180 I/AnebProbe(25624): ADAPTER_EVT type=content cls=androidx.drawerlayout.widget.DrawerLayout desc=null txt_len=0 pkg=com.larus.nova t_boot_ns=1193248209631276
09-05 21:27:59.277 I/AnebProbe(25624): ADAPTER_EVT type=content cls=androidx.drawerlayout.widget.DrawerLayout desc=null txt_len=0 pkg=com.larus.nova t_boot_ns=1193248308705234
09-05 21:27:59.378 I/AnebProbe(25624): ADAPTER_EVT type=content cls=androidx.drawerlayout.widget.DrawerLayout desc=null txt_len=0 pkg=com.larus.nova t_boot_ns=1193248409514609
09-05 21:27:59.382 I/AnebProbe(25624): ADAPTER_OBS pkg=com.larus.nova mode=doubao events=738 rule_matched=27 first_delta_ms=0 cadence_p50_ms=100.2 session_span_ms=235959.0 confidence=LOW/INCONCLUSIVE reason=throttle ttft_send_ms=null anchor_source=null ttft_cluster_ms=4209.4 ttft_density_ms=null
09-05 21:27:59.479 I/AnebProbe(25624): ADAPTER_EVT type=content cls=androidx.drawerlayout.widget.DrawerLayout desc=null txt_len=0 pkg=com.larus.nova t_boot_ns=1193248509840130
09-05 21:27:59.579 I/AnebProbe(25624): ADAPTER_EVT type=content cls=androidx.drawerlayout.widget.DrawerLayout desc=null txt_len=0 pkg=com.larus.nova t_boot_ns=1193248610760963
09-05 21:27:59.684 I/AnebProbe(25624): ADAPTER_EVT type=content cls=androidx.drawerlayout.widget.DrawerLayout desc=null txt_len=0 pkg=com.larus.nova t_boot_ns=1193248715153151
09-05 21:27:59.784 I/AnebProbe(25624): ADAPTER_EVT type=content cls=androidx.drawerlayout.widget.DrawerLayout desc=null txt_len=0 pkg=com.larus.nova t_boot_ns=1193248815437526
09-05 21:27:59.896 I/AnebProbe(25624): ADAPTER_EVT type=content cls=androidx.drawerlayout.widget.DrawerLayout desc=null txt_len=0 pkg=com.larus.nova t_boot_ns=1193248927539088
09-05 21:27:59.997 I/AnebProbe(25624): ADAPTER_EVT type=content cls=androidx.drawerlayout.widget.DrawerLayout desc=null txt_len=0 pkg=com.larus.nova t_boot_ns=1193249028007317
09-05 21:28:00.096 I/AnebProbe(25624): ADAPTER_EVT type=content cls=androidx.drawerlayout.widget.DrawerLayout desc=null txt_len=0 pkg=com.larus.nova t_boot_ns=1193249127319817
09-05 21:28:00.197 I/AnebProbe(25624): ADAPTER_EVT type=content cls=androidx.drawerlayout.widget.DrawerLayout desc=null txt_len=0 pkg=com.larus.nova t_boot_ns=1193249228569296
09-05 21:28:00.297 I/AnebProbe(25624): ADAPTER_EVT type=content cls=androidx.drawerlayout.widget.DrawerLayout desc=null txt_len=0 pkg=com.larus.nova t_boot_ns=1193249328710963
09-05 21:28:00.398 I/AnebProbe(25624): ADAPTER_EVT type=content cls=androidx.drawerlayout.widget.DrawerLayout desc=null txt_len=0 pkg=com.larus.nova t_boot_ns=1193249429100025
09-05 21:28:00.514 I/AnebProbe(25624): ADAPTER_EVT type=content cls=androidx.drawerlayout.widget.DrawerLayout desc=null txt_len=0 pkg=com.larus.nova t_boot_ns=1193249545016692
09-05 21:28:00.629 I/AnebProbe(25624): ADAPTER_EVT type=content cls=androidx.drawerlayout.widget.DrawerLayout desc=null txt_len=0 pkg=com.larus.nova t_boot_ns=1193249659932317
09-05 21:28:00.744 I/AnebProbe(25624): ADAPTER_EVT type=content cls=androidx.drawerlayout.widget.DrawerLayout desc=null txt_len=0 pkg=com.larus.nova t_boot_ns=1193249775118255
09-05 21:28:00.848 I/AnebProbe(25624): ADAPTER_EVT type=content cls=androidx.drawerlayout.widget.DrawerLayout desc=null txt_len=0 pkg=com.larus.nova t_boot_ns=1193249879346900
09-05 21:28:00.960 I/AnebProbe(25624): ADAPTER_EVT type=content cls=androidx.drawerlayout.widget.DrawerLayout desc=null txt_len=0 pkg=com.larus.nova t_boot_ns=1193249991139088
09-05 21:28:01.060 I/AnebProbe(25624): ADAPTER_EVT type=content cls=androidx.drawerlayout.widget.DrawerLayout desc=null txt_len=0 pkg=com.larus.nova t_boot_ns=1193250090866171
09-05 21:28:01.159 I/AnebProbe(25624): ADAPTER_EVT type=content cls=androidx.drawerlayout.widget.DrawerLayout desc=null txt_len=0 pkg=com.larus.nova t_boot_ns=1193250190726067
09-05 21:28:01.259 I/AnebProbe(25624): ADAPTER_EVT type=content cls=androidx.drawerlayout.widget.DrawerLayout desc=null txt_len=0 pkg=com.larus.nova t_boot_ns=1193250290536484
09-05 21:28:01.374 I/AnebProbe(25624): ADAPTER_EVT type=content cls=androidx.drawerlayout.widget.DrawerLayout desc=null txt_len=0 pkg=com.larus.nova t_boot_ns=1193250405253671
09-05 21:28:01.473 I/AnebProbe(25624): ADAPTER_EVT type=content cls=androidx.drawerlayout.widget.DrawerLayout desc=null txt_len=0 pkg=com.larus.nova t_boot_ns=1193250504300025
09-05 21:28:01.572 I/AnebProbe(25624): ADAPTER_EVT type=content cls=androidx.drawerlayout.widget.DrawerLayout desc=null txt_len=0 pkg=com.larus.nova t_boot_ns=1193250603484400
09-05 21:28:01.672 I/AnebProbe(25624): ADAPTER_EVT type=content cls=androidx.drawerlayout.widget.DrawerLayout desc=null txt_len=0 pkg=com.larus.nova t_boot_ns=1193250703573463
09-05 21:28:01.772 I/AnebProbe(25624): ADAPTER_EVT type=content cls=androidx.drawerlayout.widget.DrawerLayout desc=null txt_len=0 pkg=com.larus.nova t_boot_ns=1193250803511484
09-05 21:28:01.873 I/AnebProbe(25624): ADAPTER_EVT type=content cls=androidx.drawerlayout.widget.DrawerLayout desc=null txt_len=0 pkg=com.larus.nova t_boot_ns=1193250903819817
09-05 21:28:01.985 I/AnebProbe(25624): ADAPTER_EVT type=content cls=androidx.drawerlayout.widget.DrawerLayout desc=null txt_len=0 pkg=com.larus.nova t_boot_ns=1193251015940650
09-05 21:28:02.086 I/AnebProbe(25624): ADAPTER_EVT type=content cls=androidx.drawerlayout.widget.DrawerLayout desc=null txt_len=0 pkg=com.larus.nova t_boot_ns=1193251117310963
09-05 21:28:02.186 I/AnebProbe(25624): ADAPTER_EVT type=content cls=androidx.drawerlayout.widget.DrawerLayout desc=null txt_len=0 pkg=com.larus.nova t_boot_ns=1193251216915129
09-05 21:28:02.303 I/AnebProbe(25624): ADAPTER_EVT type=content cls=androidx.drawerlayout.widget.DrawerLayout desc=null txt_len=0 pkg=com.larus.nova t_boot_ns=1193251334253150
09-05 21:28:02.417 I/AnebProbe(25624): ADAPTER_EVT type=content cls=androidx.drawerlayout.widget.DrawerLayout desc=null txt_len=0 pkg=com.larus.nova t_boot_ns=1193251448411483
09-05 21:28:02.517 I/AnebProbe(25624): ADAPTER_EVT type=content cls=androidx.drawerlayout.widget.DrawerLayout desc=null txt_len=0 pkg=com.larus.nova t_boot_ns=1193251548261483
09-05 21:28:02.635 I/AnebProbe(25624): ADAPTER_EVT type=content cls=androidx.drawerlayout.widget.DrawerLayout desc=null txt_len=0 pkg=com.larus.nova t_boot_ns=1193251666396900
09-05 21:28:02.747 I/AnebProbe(25624): ADAPTER_EVT type=content cls=androidx.drawerlayout.widget.DrawerLayout desc=null txt_len=0 pkg=com.larus.nova t_boot_ns=1193251778010442
09-05 21:28:02.849 I/AnebProbe(25624): ADAPTER_EVT type=content cls=androidx.drawerlayout.widget.DrawerLayout desc=null txt_len=0 pkg=com.larus.nova t_boot_ns=1193251880145858
09-05 21:28:02.948 I/AnebProbe(25624): ADAPTER_EVT type=content cls=androidx.drawerlayout.widget.DrawerLayout desc=null txt_len=0 pkg=com.larus.nova t_boot_ns=1193251979754192
09-05 21:28:03.047 I/AnebProbe(25624): ADAPTER_EVT type=content cls=androidx.drawerlayout.widget.DrawerLayout desc=null txt_len=0 pkg=com.larus.nova t_boot_ns=1193252078289088
09-05 21:28:03.163 I/AnebProbe(25624): ADAPTER_EVT type=content cls=androidx.drawerlayout.widget.DrawerLayout desc=null txt_len=0 pkg=com.larus.nova t_boot_ns=1193252194478150
09-05 21:28:03.264 I/AnebProbe(25624): ADAPTER_EVT type=content cls=androidx.drawerlayout.widget.DrawerLayout desc=null txt_len=0 pkg=com.larus.nova t_boot_ns=1193252295141692
09-05 21:28:03.364 I/AnebProbe(25624): ADAPTER_EVT type=content cls=androidx.drawerlayout.widget.DrawerLayout desc=null txt_len=0 pkg=com.larus.nova t_boot_ns=1193252395465650
09-05 21:28:03.477 I/AnebProbe(25624): ADAPTER_EVT type=content cls=androidx.drawerlayout.widget.DrawerLayout desc=null txt_len=0 pkg=com.larus.nova t_boot_ns=1193252507571379
09-05 21:28:03.577 I/AnebProbe(25624): ADAPTER_EVT type=content cls=androidx.drawerlayout.widget.DrawerLayout desc=null txt_len=0 pkg=com.larus.nova t_boot_ns=1193252608001067
09-05 21:28:03.677 I/AnebProbe(25624): ADAPTER_EVT type=content cls=androidx.drawerlayout.widget.DrawerLayout desc=null txt_len=0 pkg=com.larus.nova t_boot_ns=1193252707984400
09-05 21:28:03.787 I/AnebProbe(25624): ADAPTER_EVT type=content cls=androidx.drawerlayout.widget.DrawerLayout desc=null txt_len=0 pkg=com.larus.nova t_boot_ns=1193252817791692
09-05 21:28:03.897 I/AnebProbe(25624): ADAPTER_EVT type=content cls=androidx.drawerlayout.widget.DrawerLayout desc=null txt_len=0 pkg=com.larus.nova t_boot_ns=1193252927851067
09-05 21:28:04.010 I/AnebProbe(25624): ADAPTER_EVT type=content cls=androidx.drawerlayout.widget.DrawerLayout desc=null txt_len=0 pkg=com.larus.nova t_boot_ns=1193253041491171
09-05 21:28:04.122 I/AnebProbe(25624): ADAPTER_EVT type=content cls=androidx.drawerlayout.widget.DrawerLayout desc=null txt_len=0 pkg=com.larus.nova t_boot_ns=1193253153269296
09-05 21:28:04.223 I/AnebProbe(25624): ADAPTER_EVT type=content cls=androidx.drawerlayout.widget.DrawerLayout desc=null txt_len=0 pkg=com.larus.nova t_boot_ns=1193253254767212
09-05 21:28:04.322 I/AnebProbe(25624): ADAPTER_EVT type=content cls=androidx.drawerlayout.widget.DrawerLayout desc=null txt_len=0 pkg=com.larus.nova t_boot_ns=1193253353421379
09-05 21:28:04.444 I/AnebProbe(25624): ADAPTER_EVT type=content cls=androidx.drawerlayout.widget.DrawerLayout desc=null txt_len=0 pkg=com.larus.nova t_boot_ns=1193253475448983
09-05 21:28:04.447 I/AnebProbe(25624): ADAPTER_OBS pkg=com.larus.nova mode=doubao events=786 rule_matched=27 first_delta_ms=0 cadence_p50_ms=99.9 session_span_ms=241024.9 confidence=LOW/INCONCLUSIVE reason=throttle ttft_send_ms=null anchor_source=null ttft_cluster_ms=4209.4 ttft_density_ms=null
09-05 21:28:04.553 I/AnebProbe(25624): ADAPTER_EVT type=content cls=androidx.drawerlayout.widget.DrawerLayout desc=null txt_len=0 pkg=com.larus.nova t_boot_ns=1193253584174504
09-05 21:28:04.656 I/AnebProbe(25624): ADAPTER_EVT type=content cls=androidx.drawerlayout.widget.DrawerLayout desc=null txt_len=0 pkg=com.larus.nova t_boot_ns=1193253686895337
09-05 21:28:04.770 I/AnebProbe(25624): ADAPTER_EVT type=content cls=androidx.drawerlayout.widget.DrawerLayout desc=null txt_len=0 pkg=com.larus.nova t_boot_ns=1193253801638046
09-05 21:28:04.870 I/AnebProbe(25624): ADAPTER_EVT type=content cls=androidx.drawerlayout.widget.DrawerLayout desc=null txt_len=0 pkg=com.larus.nova t_boot_ns=1193253901437525
09-05 21:28:04.970 I/AnebProbe(25624): ADAPTER_EVT type=content cls=androidx.drawerlayout.widget.DrawerLayout desc=null txt_len=0 pkg=com.larus.nova t_boot_ns=1193254001300025
09-05 21:28:05.084 I/AnebProbe(25624): ADAPTER_EVT type=content cls=androidx.drawerlayout.widget.DrawerLayout desc=null txt_len=0 pkg=com.larus.nova t_boot_ns=1193254115454712
09-05 21:28:05.186 I/AnebProbe(25624): ADAPTER_EVT type=content cls=androidx.drawerlayout.widget.DrawerLayout desc=null txt_len=0 pkg=com.larus.nova t_boot_ns=1193254217556275
09-05 21:28:05.303 I/AnebProbe(25624): ADAPTER_EVT type=content cls=androidx.drawerlayout.widget.DrawerLayout desc=null txt_len=0 pkg=com.larus.nova t_boot_ns=1193254334289087
09-05 21:28:05.419 I/AnebProbe(25624): ADAPTER_EVT type=content cls=androidx.drawerlayout.widget.DrawerLayout desc=null txt_len=0 pkg=com.larus.nova t_boot_ns=1193254449466171
09-05 21:28:05.522 I/AnebProbe(25624): ADAPTER_EVT type=content cls=androidx.drawerlayout.widget.DrawerLayout desc=null txt_len=0 pkg=com.larus.nova t_boot_ns=1193254552602629
09-05 21:28:05.640 I/AnebProbe(25624): ADAPTER_EVT type=content cls=androidx.drawerlayout.widget.DrawerLayout desc=null txt_len=0 pkg=com.larus.nova t_boot_ns=1193254670942733
09-05 21:28:05.749 I/AnebProbe(25624): ADAPTER_EVT type=content cls=androidx.drawerlayout.widget.DrawerLayout desc=null txt_len=0 pkg=com.larus.nova t_boot_ns=1193254779936483
09-05 21:28:05.865 I/AnebProbe(25624): ADAPTER_EVT type=content cls=androidx.drawerlayout.widget.DrawerLayout desc=null txt_len=0 pkg=com.larus.nova t_boot_ns=1193254896633358
09-05 21:28:05.966 I/AnebProbe(25624): ADAPTER_EVT type=content cls=androidx.drawerlayout.widget.DrawerLayout desc=null txt_len=0 pkg=com.larus.nova t_boot_ns=1193254997030754
09-05 21:28:06.081 I/AnebProbe(25624): ADAPTER_EVT type=content cls=androidx.drawerlayout.widget.DrawerLayout desc=null txt_len=0 pkg=com.larus.nova t_boot_ns=1193255112227108
09-05 21:28:06.196 I/AnebProbe(25624): ADAPTER_EVT type=content cls=androidx.drawerlayout.widget.DrawerLayout desc=null txt_len=0 pkg=com.larus.nova t_boot_ns=1193255227430754
09-05 21:28:06.312 I/AnebProbe(25624): ADAPTER_EVT type=content cls=androidx.drawerlayout.widget.DrawerLayout desc=null txt_len=0 pkg=com.larus.nova t_boot_ns=1193255342808358
09-05 21:28:06.413 I/AnebProbe(25624): ADAPTER_EVT type=content cls=androidx.drawerlayout.widget.DrawerLayout desc=null txt_len=0 pkg=com.larus.nova t_boot_ns=1193255444110441
09-05 21:28:06.528 I/AnebProbe(25624): ADAPTER_EVT type=content cls=androidx.drawerlayout.widget.DrawerLayout desc=null txt_len=0 pkg=com.larus.nova t_boot_ns=1193255559389087
09-05 21:28:06.630 I/AnebProbe(25624): ADAPTER_EVT type=content cls=androidx.drawerlayout.widget.DrawerLayout desc=null txt_len=0 pkg=com.larus.nova t_boot_ns=1193255661433358
09-05 21:28:06.739 I/AnebProbe(25624): ADAPTER_EVT type=content cls=androidx.drawerlayout.widget.DrawerLayout desc=null txt_len=0 pkg=com.larus.nova t_boot_ns=1193255770711483
09-05 21:28:06.842 I/AnebProbe(25624): ADAPTER_EVT type=content cls=androidx.drawerlayout.widget.DrawerLayout desc=null txt_len=0 pkg=com.larus.nova t_boot_ns=1193255873398462
09-05 21:28:06.962 I/AnebProbe(25624): ADAPTER_EVT type=content cls=androidx.drawerlayout.widget.DrawerLayout desc=null txt_len=0 pkg=com.larus.nova t_boot_ns=1193255993204712
09-05 21:28:07.074 I/AnebProbe(25624): ADAPTER_EVT type=content cls=androidx.drawerlayout.widget.DrawerLayout desc=null txt_len=0 pkg=com.larus.nova t_boot_ns=1193256105574504
09-05 21:28:07.176 I/AnebProbe(25624): ADAPTER_EVT type=content cls=androidx.drawerlayout.widget.DrawerLayout desc=null txt_len=0 pkg=com.larus.nova t_boot_ns=1193256207389608
09-05 21:28:07.291 I/AnebProbe(25624): ADAPTER_EVT type=content cls=androidx.drawerlayout.widget.DrawerLayout desc=null txt_len=0 pkg=com.larus.nova t_boot_ns=1193256322655233
09-05 21:28:07.406 I/AnebProbe(25624): ADAPTER_EVT type=content cls=androidx.drawerlayout.widget.DrawerLayout desc=null txt_len=0 pkg=com.larus.nova t_boot_ns=1193256436860441
09-05 21:28:07.517 I/AnebProbe(25624): ADAPTER_EVT type=content cls=androidx.drawerlayout.widget.DrawerLayout desc=null txt_len=0 pkg=com.larus.nova t_boot_ns=1193256548485441
09-05 21:28:07.619 I/AnebProbe(25624): ADAPTER_EVT type=content cls=androidx.drawerlayout.widget.DrawerLayout desc=null txt_len=0 pkg=com.larus.nova t_boot_ns=1193256650093774
09-05 21:28:07.719 I/AnebProbe(25624): ADAPTER_EVT type=content cls=androidx.drawerlayout.widget.DrawerLayout desc=null txt_len=0 pkg=com.larus.nova t_boot_ns=1193256750163566
09-05 21:28:07.820 I/AnebProbe(25624): ADAPTER_EVT type=content cls=androidx.drawerlayout.widget.DrawerLayout desc=null txt_len=0 pkg=com.larus.nova t_boot_ns=1193256851147941
09-05 21:28:07.936 I/AnebProbe(25624): ADAPTER_EVT type=content cls=androidx.drawerlayout.widget.DrawerLayout desc=null txt_len=0 pkg=com.larus.nova t_boot_ns=1193256966831795
09-05 21:28:08.050 I/AnebProbe(25624): ADAPTER_EVT type=content cls=androidx.drawerlayout.widget.DrawerLayout desc=null txt_len=0 pkg=com.larus.nova t_boot_ns=1193257081065649
09-05 21:28:08.150 I/AnebProbe(25624): ADAPTER_EVT type=content cls=androidx.drawerlayout.widget.DrawerLayout desc=null txt_len=0 pkg=com.larus.nova t_boot_ns=1193257181632316
09-05 21:28:08.501 I/AnebProbe(25624): ADAPTER_EVT type=content cls=androidx.drawerlayout.widget.DrawerLayout desc=null txt_len=0 pkg=com.larus.nova t_boot_ns=1193257532922420
09-05 21:28:08.604 I/AnebProbe(25624): ADAPTER_EVT type=content cls=androidx.recyclerview.widget.RecyclerView desc=null txt_len=0 pkg=com.larus.nova t_boot_ns=1193257635640128
09-05 21:28:08.706 I/AnebProbe(25624): ADAPTER_EVT type=content cls=androidx.recyclerview.widget.RecyclerView desc=null txt_len=0 pkg=com.larus.nova t_boot_ns=1193257737246899
09-05 21:28:08.843 I/AnebProbe(25624): ADAPTER_EVT type=content cls=androidx.drawerlayout.widget.DrawerLayout desc=null txt_len=0 pkg=com.larus.nova t_boot_ns=1193257873998983
09-05 21:28:08.943 I/AnebProbe(25624): ADAPTER_EVT type=content cls=androidx.drawerlayout.widget.DrawerLayout desc=null txt_len=0 pkg=com.larus.nova t_boot_ns=1193257974290128
09-05 21:28:09.241 I/AnebProbe(25624): ADAPTER_EVT type=content cls=androidx.drawerlayout.widget.DrawerLayout desc=null txt_len=0 pkg=com.larus.nova t_boot_ns=1193258272168774
09-05 21:28:09.343 I/AnebProbe(25624): ADAPTER_EVT type=content cls=androidx.drawerlayout.widget.DrawerLayout desc=null txt_len=0 pkg=com.larus.nova t_boot_ns=1193258373703149
09-05 21:28:18.503 I/AnebProbe(25624): ADAPTER_EVT type=content cls=androidx.recyclerview.widget.RecyclerView desc=null txt_len=0 pkg=com.larus.nova t_boot_ns=1193267534809398
09-05 21:28:18.507 I/AnebProbe(25624): ADAPTER_OBS pkg=com.larus.nova mode=doubao events=828 rule_matched=30 first_delta_ms=0 cadence_p50_ms=100.2 session_span_ms=255084.3 confidence=LOW/INCONCLUSIVE reason=throttle ttft_send_ms=null anchor_source=null ttft_cluster_ms=4209.4 ttft_density_ms=null
09-05 21:28:18.587 I/AnebProbe(25624): ADAPTER_EVT type=content cls=androidx.recyclerview.widget.RecyclerView desc=null txt_len=0 pkg=com.larus.nova t_boot_ns=1193267618167731
09-05 21:29:08.431 I/AnebE4MARK(12804): E4MARK kind=answer_complete n=3
09-05 21:29:28.906 I/AnebProbe(25624): ADAPTER_EVT type=click cls=android.widget.ImageView desc=返回 txt_len=2 pkg=com.larus.nova t_boot_ns=1193337937384908
09-05 21:29:28.907 I/AnebProbe(25624): ADAPTER_OBS pkg=com.larus.nova mode=doubao events=829 rule_matched=31 first_delta_ms=0 cadence_p50_ms=100.1 session_span_ms=255167.6 confidence=LOW/INCONCLUSIVE reason=throttle ttft_send_ms=null anchor_source=null ttft_cluster_ms=4209.4 ttft_density_ms=null
09-05 21:29:29.029 I/AnebProbe(25624): ADAPTER_EVT type=content cls=androidx.drawerlayout.widget.DrawerLayout desc=null txt_len=0 pkg=com.larus.nova t_boot_ns=1193338061044283
09-05 21:29:29.143 I/AnebProbe(25624): ADAPTER_EVT type=content cls=androidx.drawerlayout.widget.DrawerLayout desc=null txt_len=0 pkg=com.larus.nova t_boot_ns=1193338174835429
09-05 21:29:29.260 I/AnebProbe(25624): ADAPTER_EVT type=content cls=androidx.drawerlayout.widget.DrawerLayout desc=null txt_len=0 pkg=com.larus.nova t_boot_ns=1193338291159908
09-05 21:29:29.333 I/AnebProbe(25624): ADAPTER_EVT type=content cls=androidx.drawerlayout.widget.DrawerLayout desc=null txt_len=0 pkg=com.larus.nova t_boot_ns=1193338364351574
09-05 21:29:30.607 I/AnebProbe(25624): ADAPTER_EVT type=click cls=android.widget.ImageView desc=创建新对话 txt_len=5 pkg=com.larus.nova t_boot_ns=1193339638816158
09-05 21:29:30.619 I/AnebProbe(25624): ADAPTER_EVT type=content cls=android.widget.FrameLayout desc=null txt_len=0 pkg=com.larus.nova t_boot_ns=1193339650483866
09-05 21:29:30.826 I/AnebProbe(25624): ADAPTER_EVT type=content cls=androidx.drawerlayout.widget.DrawerLayout desc=null txt_len=0 pkg=com.larus.nova t_boot_ns=1193339857674491
09-05 21:29:30.964 I/AnebProbe(25624): ADAPTER_EVT type=content cls=androidx.drawerlayout.widget.DrawerLayout desc=null txt_len=0 pkg=com.larus.nova t_boot_ns=1193339995245324
09-05 21:29:31.034 I/AnebProbe(25624): ADAPTER_EVT type=content cls=androidx.drawerlayout.widget.DrawerLayout desc=null txt_len=0 pkg=com.larus.nova t_boot_ns=1193340065815116
09-05 21:29:31.038 I/AnebProbe(25624): ADAPTER_EVT type=content cls=androidx.drawerlayout.widget.DrawerLayout desc=null txt_len=0 pkg=com.larus.nova t_boot_ns=1193340069516678
09-05 21:29:31.131 I/AnebProbe(25624): ADAPTER_EVT type=content cls=android.view.ViewGroup desc=null txt_len=0 pkg=com.larus.nova t_boot_ns=1193340162106782
09-05 21:29:31.230 I/AnebProbe(25624): ADAPTER_EVT type=content cls=android.view.ViewGroup desc=null txt_len=0 pkg=com.larus.nova t_boot_ns=1193340261185428
09-05 21:29:31.349 I/AnebProbe(25624): ADAPTER_EVT type=content cls=androidx.drawerlayout.widget.DrawerLayout desc=null txt_len=0 pkg=com.larus.nova t_boot_ns=1193340379971887
09-05 21:29:31.449 I/AnebProbe(25624): ADAPTER_EVT type=content cls=androidx.drawerlayout.widget.DrawerLayout desc=null txt_len=0 pkg=com.larus.nova t_boot_ns=1193340480025012
09-05 21:29:31.677 I/AnebProbe(25624): ADAPTER_EVT type=content cls=androidx.recyclerview.widget.RecyclerView desc=null txt_len=0 pkg=com.larus.nova t_boot_ns=1193340708269282
09-05 21:29:31.774 I/AnebProbe(25624): ADAPTER_EVT type=content cls=android.view.ViewGroup desc=null txt_len=0 pkg=com.larus.nova t_boot_ns=1193340805643241
09-05 21:29:31.874 I/AnebProbe(25624): ADAPTER_EVT type=content cls=android.view.ViewGroup desc=null txt_len=0 pkg=com.larus.nova t_boot_ns=1193340905785428
09-05 21:29:31.981 I/AnebProbe(25624): ADAPTER_EVT type=content cls=android.view.ViewGroup desc=null txt_len=0 pkg=com.larus.nova t_boot_ns=1193341012377095
09-05 21:29:32.101 I/AnebProbe(25624): ADAPTER_EVT type=content cls=android.view.ViewGroup desc=null txt_len=0 pkg=com.larus.nova t_boot_ns=1193341132525532
09-05 21:29:32.202 I/AnebProbe(25624): ADAPTER_EVT type=content cls=android.view.ViewGroup desc=null txt_len=0 pkg=com.larus.nova t_boot_ns=1193341233043761
09-05 21:29:32.302 I/AnebProbe(25624): ADAPTER_EVT type=content cls=android.view.ViewGroup desc=null txt_len=0 pkg=com.larus.nova t_boot_ns=1193341333093241
09-05 21:29:32.401 I/AnebProbe(25624): ADAPTER_EVT type=content cls=android.view.ViewGroup desc=null txt_len=0 pkg=com.larus.nova t_boot_ns=1193341432197407
09-05 21:29:32.501 I/AnebProbe(25624): ADAPTER_EVT type=content cls=android.view.ViewGroup desc=null txt_len=0 pkg=com.larus.nova t_boot_ns=1193341532286991
09-05 21:29:32.609 I/AnebProbe(25624): ADAPTER_EVT type=content cls=android.view.ViewGroup desc=null txt_len=0 pkg=com.larus.nova t_boot_ns=1193341640032824
09-05 21:29:32.709 I/AnebProbe(25624): ADAPTER_EVT type=content cls=android.view.ViewGroup desc=null txt_len=0 pkg=com.larus.nova t_boot_ns=1193341740048449
09-05 21:29:32.831 I/AnebProbe(25624): ADAPTER_EVT type=content cls=androidx.drawerlayout.widget.DrawerLayout desc=null txt_len=0 pkg=com.larus.nova t_boot_ns=1193341862371886
09-05 21:29:33.721 I/AnebProbe(25624): ADAPTER_EVT type=content cls=android.view.ViewGroup desc=新对话，打开设置页 txt_len=0 pkg=com.larus.nova t_boot_ns=1193342752206782
09-05 21:29:33.836 I/AnebProbe(25624): ADAPTER_EVT type=content cls=android.view.ViewGroup desc=null txt_len=0 pkg=com.larus.nova t_boot_ns=1193342867855220
09-05 21:29:33.941 I/AnebProbe(25624): ADAPTER_EVT type=content cls=android.view.ViewGroup desc=null txt_len=0 pkg=com.larus.nova t_boot_ns=1193342972451574
09-05 21:29:33.942 I/AnebProbe(25624): ADAPTER_OBS pkg=com.larus.nova mode=doubao events=857 rule_matched=32 first_delta_ms=0 cadence_p50_ms=100.4 session_span_ms=330521.9 confidence=LOW/INCONCLUSIVE reason=throttle ttft_send_ms=null anchor_source=null ttft_cluster_ms=4209.4 ttft_density_ms=null
09-05 21:29:34.042 I/AnebProbe(25624): ADAPTER_EVT type=content cls=android.view.ViewGroup desc=null txt_len=0 pkg=com.larus.nova t_boot_ns=1193343073517720
09-05 21:29:34.143 I/AnebProbe(25624): ADAPTER_EVT type=content cls=android.view.ViewGroup desc=null txt_len=0 pkg=com.larus.nova t_boot_ns=1193343174665115
09-05 21:29:34.254 I/AnebProbe(25624): ADAPTER_EVT type=content cls=android.view.ViewGroup desc=null txt_len=0 pkg=com.larus.nova t_boot_ns=1193343285688032
09-05 21:29:34.368 I/AnebProbe(25624): ADAPTER_EVT type=content cls=android.view.ViewGroup desc=null txt_len=0 pkg=com.larus.nova t_boot_ns=1193343399308865
09-05 21:29:34.470 I/AnebProbe(25624): ADAPTER_EVT type=content cls=android.view.ViewGroup desc=null txt_len=0 pkg=com.larus.nova t_boot_ns=1193343501778657
09-05 21:29:34.585 I/AnebProbe(25624): ADAPTER_EVT type=content cls=android.view.ViewGroup desc=null txt_len=0 pkg=com.larus.nova t_boot_ns=1193343616419803
09-05 21:29:34.688 I/AnebProbe(25624): ADAPTER_EVT type=content cls=android.view.ViewGroup desc=null txt_len=0 pkg=com.larus.nova t_boot_ns=1193343719423969
09-05 21:29:34.790 I/AnebProbe(25624): ADAPTER_EVT type=content cls=android.view.ViewGroup desc=null txt_len=0 pkg=com.larus.nova t_boot_ns=1193343821033344
09-05 21:29:34.890 I/AnebProbe(25624): ADAPTER_EVT type=content cls=android.view.ViewGroup desc=null txt_len=0 pkg=com.larus.nova t_boot_ns=1193343921352615
09-05 21:29:35.008 I/AnebProbe(25624): ADAPTER_EVT type=content cls=android.view.ViewGroup desc=null txt_len=0 pkg=com.larus.nova t_boot_ns=1193344039340636
09-05 21:29:35.109 I/AnebProbe(25624): ADAPTER_EVT type=content cls=android.view.ViewGroup desc=null txt_len=0 pkg=com.larus.nova t_boot_ns=1193344140397407
09-05 21:29:35.138 I/AnebProbe(25624): ADAPTER_EVT type=content cls=android.view.ViewGroup desc=null txt_len=0 pkg=com.larus.nova t_boot_ns=1193344169629178
09-05 21:29:35.139 I/AnebProbe(25624): ADAPTER_EVT type=content cls=android.widget.EditText desc=null txt_len=1 pkg=com.larus.nova t_boot_ns=1193344170056782
09-05 21:29:35.145 I/AnebProbe(25624): ADAPTER_EVT type=content cls=android.view.ViewGroup desc=null txt_len=0 pkg=com.larus.nova t_boot_ns=1193344176529178
09-05 21:29:35.192 I/AnebProbe(25624): ADAPTER_EVT type=content cls=android.view.ViewGroup desc=null txt_len=0 pkg=com.larus.nova t_boot_ns=1193344223470323
09-05 21:29:35.192 I/AnebProbe(25624): ADAPTER_EVT type=content cls=android.widget.EditText desc=null txt_len=2 pkg=com.larus.nova t_boot_ns=1193344223865115
09-05 21:29:35.226 I/AnebProbe(25624): ADAPTER_EVT type=content cls=android.view.ViewGroup desc=null txt_len=0 pkg=com.larus.nova t_boot_ns=1193344255725011
09-05 21:29:35.226 I/AnebProbe(25624): ADAPTER_EVT type=content cls=android.widget.EditText desc=null txt_len=3 pkg=com.larus.nova t_boot_ns=1193344257465636
09-05 21:29:35.265 I/AnebProbe(25624): ADAPTER_EVT type=content cls=android.view.ViewGroup desc=null txt_len=0 pkg=com.larus.nova t_boot_ns=1193344296479698
09-05 21:29:35.266 I/AnebProbe(25624): ADAPTER_EVT type=content cls=android.widget.EditText desc=null txt_len=4 pkg=com.larus.nova t_boot_ns=1193344297078136
09-05 21:29:35.281 I/AnebProbe(25624): ADAPTER_EVT type=content cls=android.view.ViewGroup desc=null txt_len=0 pkg=com.larus.nova t_boot_ns=1193344312157303
09-05 21:29:35.281 I/AnebProbe(25624): ADAPTER_EVT type=content cls=android.widget.EditText desc=null txt_len=5 pkg=com.larus.nova t_boot_ns=1193344312452094
09-05 21:29:35.288 I/AnebProbe(25624): ADAPTER_EVT type=content cls=android.widget.EditText desc=null txt_len=6 pkg=com.larus.nova t_boot_ns=1193344319409386
09-05 21:29:35.303 I/AnebProbe(25624): ADAPTER_EVT type=content cls=android.widget.EditText desc=null txt_len=7 pkg=com.larus.nova t_boot_ns=1193344334286990
09-05 21:29:35.320 I/AnebProbe(25624): ADAPTER_EVT type=content cls=android.view.ViewGroup desc=null txt_len=0 pkg=com.larus.nova t_boot_ns=1193344351451573
09-05 21:29:35.320 I/AnebProbe(25624): ADAPTER_EVT type=content cls=android.widget.EditText desc=null txt_len=8 pkg=com.larus.nova t_boot_ns=1193344351770323
09-05 21:29:35.337 I/AnebProbe(25624): ADAPTER_EVT type=content cls=android.widget.EditText desc=null txt_len=9 pkg=com.larus.nova t_boot_ns=1193344368048969
09-05 21:29:35.353 I/AnebProbe(25624): ADAPTER_EVT type=content cls=android.view.ViewGroup desc=null txt_len=0 pkg=com.larus.nova t_boot_ns=1193344384680740
09-05 21:29:35.354 I/AnebProbe(25624): ADAPTER_EVT type=content cls=android.widget.EditText desc=null txt_len=10 pkg=com.larus.nova t_boot_ns=1193344385151573
09-05 21:29:35.370 I/AnebProbe(25624): ADAPTER_EVT type=content cls=android.widget.EditText desc=null txt_len=11 pkg=com.larus.nova t_boot_ns=1193344401096886
09-05 21:29:35.390 I/AnebProbe(25624): ADAPTER_EVT type=content cls=android.view.ViewGroup desc=null txt_len=0 pkg=com.larus.nova t_boot_ns=1193344421753657
09-05 21:29:35.391 I/AnebProbe(25624): ADAPTER_EVT type=content cls=android.widget.EditText desc=null txt_len=12 pkg=com.larus.nova t_boot_ns=1193344422203657
09-05 21:29:35.405 I/AnebProbe(25624): ADAPTER_EVT type=content cls=android.widget.EditText desc=null txt_len=13 pkg=com.larus.nova t_boot_ns=1193344436161469
09-05 21:29:35.427 I/AnebProbe(25624): ADAPTER_EVT type=content cls=android.view.ViewGroup desc=null txt_len=0 pkg=com.larus.nova t_boot_ns=1193344458350532
09-05 21:29:35.427 I/AnebProbe(25624): ADAPTER_EVT type=content cls=android.widget.EditText desc=null txt_len=14 pkg=com.larus.nova t_boot_ns=1193344458835428
09-05 21:29:35.438 I/AnebProbe(25624): ADAPTER_EVT type=content cls=android.widget.EditText desc=null txt_len=15 pkg=com.larus.nova t_boot_ns=1193344469371886
09-05 21:29:35.460 I/AnebProbe(25624): ADAPTER_EVT type=content cls=android.view.ViewGroup desc=null txt_len=0 pkg=com.larus.nova t_boot_ns=1193344491650532
09-05 21:29:35.461 I/AnebProbe(25624): ADAPTER_EVT type=content cls=android.widget.EditText desc=null txt_len=16 pkg=com.larus.nova t_boot_ns=1193344492105219
09-05 21:29:35.471 I/AnebProbe(25624): ADAPTER_EVT type=content cls=android.widget.EditText desc=null txt_len=17 pkg=com.larus.nova t_boot_ns=1193344502416678
09-05 21:29:35.495 I/AnebProbe(25624): ADAPTER_EVT type=content cls=android.view.ViewGroup desc=null txt_len=0 pkg=com.larus.nova t_boot_ns=1193344526583344
09-05 21:29:35.496 I/AnebProbe(25624): ADAPTER_EVT type=content cls=android.widget.EditText desc=null txt_len=18 pkg=com.larus.nova t_boot_ns=1193344527019282
09-05 21:29:35.505 I/AnebProbe(25624): ADAPTER_EVT type=content cls=android.widget.EditText desc=null txt_len=19 pkg=com.larus.nova t_boot_ns=1193344536450532
09-05 21:29:35.529 I/AnebProbe(25624): ADAPTER_EVT type=content cls=android.view.ViewGroup desc=null txt_len=0 pkg=com.larus.nova t_boot_ns=1193344560052615
09-05 21:29:35.529 I/AnebProbe(25624): ADAPTER_EVT type=content cls=android.widget.EditText desc=null txt_len=20 pkg=com.larus.nova t_boot_ns=1193344560500532
09-05 21:29:35.559 I/AnebProbe(25624): ADAPTER_EVT type=content cls=android.view.ViewGroup desc=null txt_len=0 pkg=com.larus.nova t_boot_ns=1193344590310948
09-05 21:29:35.560 I/AnebProbe(25624): ADAPTER_EVT type=content cls=android.widget.EditText desc=null txt_len=21 pkg=com.larus.nova t_boot_ns=1193344591136469
09-05 21:29:35.577 I/AnebProbe(25624): ADAPTER_EVT type=content cls=android.widget.EditText desc=null txt_len=22 pkg=com.larus.nova t_boot_ns=1193344608962511
09-05 21:29:35.596 I/AnebProbe(25624): ADAPTER_EVT type=content cls=android.view.ViewGroup desc=null txt_len=0 pkg=com.larus.nova t_boot_ns=1193344627376053
09-05 21:29:35.596 I/AnebProbe(25624): ADAPTER_EVT type=content cls=android.widget.EditText desc=null txt_len=23 pkg=com.larus.nova t_boot_ns=1193344627802615
09-05 21:29:35.621 I/AnebProbe(25624): ADAPTER_EVT type=content cls=android.view.ViewGroup desc=null txt_len=0 pkg=com.larus.nova t_boot_ns=1193344652208865
09-05 21:29:35.621 I/AnebProbe(25624): ADAPTER_EVT type=content cls=android.widget.EditText desc=null txt_len=24 pkg=com.larus.nova t_boot_ns=1193344652595323
09-05 21:29:35.637 I/AnebProbe(25624): ADAPTER_EVT type=content cls=android.widget.EditText desc=null txt_len=25 pkg=com.larus.nova t_boot_ns=1193344668553136
09-05 21:29:35.658 I/AnebProbe(25624): ADAPTER_EVT type=content cls=android.view.ViewGroup desc=null txt_len=0 pkg=com.larus.nova t_boot_ns=1193344689174490
09-05 21:29:35.658 I/AnebProbe(25624): ADAPTER_EVT type=content cls=android.widget.EditText desc=null txt_len=26 pkg=com.larus.nova t_boot_ns=1193344689589073
09-05 21:29:35.681 I/AnebProbe(25624): ADAPTER_EVT type=content cls=android.view.ViewGroup desc=null txt_len=0 pkg=com.larus.nova t_boot_ns=1193344712154178
09-05 21:29:35.681 I/AnebProbe(25624): ADAPTER_EVT type=content cls=android.widget.EditText desc=null txt_len=27 pkg=com.larus.nova t_boot_ns=1193344712602615
09-05 21:29:35.702 I/AnebProbe(25624): ADAPTER_EVT type=content cls=android.widget.EditText desc=null txt_len=28 pkg=com.larus.nova t_boot_ns=1193344733118761
09-05 21:29:35.723 I/AnebProbe(25624): ADAPTER_EVT type=content cls=android.view.ViewGroup desc=null txt_len=0 pkg=com.larus.nova t_boot_ns=1193344754110948
09-05 21:29:35.723 I/AnebProbe(25624): ADAPTER_EVT type=content cls=android.widget.EditText desc=null txt_len=29 pkg=com.larus.nova t_boot_ns=1193344754314073
09-05 21:29:35.738 I/AnebProbe(25624): ADAPTER_EVT type=content cls=android.widget.EditText desc=null txt_len=30 pkg=com.larus.nova t_boot_ns=1193344769584907
09-05 21:29:35.759 I/AnebProbe(25624): ADAPTER_EVT type=content cls=android.view.ViewGroup desc=null txt_len=0 pkg=com.larus.nova t_boot_ns=1193344790424490
09-05 21:29:35.759 I/AnebProbe(25624): ADAPTER_EVT type=content cls=android.widget.EditText desc=null txt_len=31 pkg=com.larus.nova t_boot_ns=1193344790620323
09-05 21:29:35.765 I/AnebProbe(25624): ADAPTER_EVT type=content cls=android.widget.EditText desc=null txt_len=32 pkg=com.larus.nova t_boot_ns=1193344796410428
09-05 21:29:35.775 I/AnebProbe(25624): ADAPTER_EVT type=content cls=android.widget.EditText desc=null txt_len=33 pkg=com.larus.nova t_boot_ns=1193344806676053
09-05 21:29:35.794 I/AnebProbe(25624): ADAPTER_EVT type=content cls=android.view.ViewGroup desc=null txt_len=0 pkg=com.larus.nova t_boot_ns=1193344825329178
09-05 21:29:35.794 I/AnebProbe(25624): ADAPTER_EVT type=content cls=android.widget.EditText desc=null txt_len=34 pkg=com.larus.nova t_boot_ns=1193344825545323
09-05 21:29:35.809 I/AnebProbe(25624): ADAPTER_EVT type=content cls=android.widget.EditText desc=null txt_len=35 pkg=com.larus.nova t_boot_ns=1193344839843240
09-05 21:29:35.817 I/AnebProbe(25624): ADAPTER_EVT type=content cls=android.view.ViewGroup desc=null txt_len=0 pkg=com.larus.nova t_boot_ns=1193344848787511
09-05 21:29:35.818 I/AnebProbe(25624): ADAPTER_EVT type=content cls=android.widget.EditText desc=null txt_len=36 pkg=com.larus.nova t_boot_ns=1193344849411990
09-05 21:29:35.830 I/AnebProbe(25624): ADAPTER_EVT type=content cls=android.view.ViewGroup desc=null txt_len=0 pkg=com.larus.nova t_boot_ns=1193344861655740
09-05 21:29:35.830 I/AnebProbe(25624): ADAPTER_EVT type=content cls=android.widget.EditText desc=null txt_len=37 pkg=com.larus.nova t_boot_ns=1193344861802094
09-05 21:29:35.835 I/AnebProbe(25624): ADAPTER_EVT type=content cls=android.widget.EditText desc=null txt_len=38 pkg=com.larus.nova t_boot_ns=1193344866947928
09-05 21:29:35.849 I/AnebProbe(25624): ADAPTER_EVT type=content cls=android.view.ViewGroup desc=null txt_len=0 pkg=com.larus.nova t_boot_ns=1193344880680219
09-05 21:29:35.849 I/AnebProbe(25624): ADAPTER_EVT type=content cls=android.widget.EditText desc=null txt_len=39 pkg=com.larus.nova t_boot_ns=1193344880860948
09-05 21:29:35.854 I/AnebProbe(25624): ADAPTER_EVT type=content cls=android.widget.EditText desc=null txt_len=40 pkg=com.larus.nova t_boot_ns=1193344885794803
09-05 21:29:35.864 I/AnebProbe(25624): ADAPTER_EVT type=content cls=android.widget.EditText desc=null txt_len=41 pkg=com.larus.nova t_boot_ns=1193344895793240
09-05 21:29:35.870 I/AnebProbe(25624): ADAPTER_EVT type=content cls=android.widget.EditText desc=null txt_len=42 pkg=com.larus.nova t_boot_ns=1193344901211469
09-05 21:29:35.883 I/AnebProbe(25624): ADAPTER_EVT type=content cls=android.view.ViewGroup desc=null txt_len=0 pkg=com.larus.nova t_boot_ns=1193344914734907
09-05 21:29:35.883 I/AnebProbe(25624): ADAPTER_EVT type=content cls=android.widget.EditText desc=null txt_len=43 pkg=com.larus.nova t_boot_ns=1193344914875532
09-05 21:29:35.894 I/AnebProbe(25624): ADAPTER_EVT type=content cls=android.widget.EditText desc=null txt_len=44 pkg=com.larus.nova t_boot_ns=1193344925458865
09-05 21:29:35.899 I/AnebProbe(25624): ADAPTER_EVT type=content cls=android.widget.EditText desc=null txt_len=45 pkg=com.larus.nova t_boot_ns=1193344931113553
09-05 21:29:35.904 I/AnebProbe(25624): ADAPTER_EVT type=content cls=android.widget.EditText desc=null txt_len=46 pkg=com.larus.nova t_boot_ns=1193344935854698
09-05 21:29:35.917 I/AnebProbe(25624): ADAPTER_EVT type=content cls=android.view.ViewGroup desc=null txt_len=0 pkg=com.larus.nova t_boot_ns=1193344949118240
09-05 21:29:35.918 I/AnebProbe(25624): ADAPTER_EVT type=content cls=android.widget.EditText desc=null txt_len=47 pkg=com.larus.nova t_boot_ns=1193344949280740
09-05 21:29:35.928 I/AnebProbe(25624): ADAPTER_EVT type=content cls=android.widget.EditText desc=null txt_len=48 pkg=com.larus.nova t_boot_ns=1193344959893761
09-05 21:29:35.934 I/AnebProbe(25624): ADAPTER_EVT type=content cls=android.widget.EditText desc=null txt_len=49 pkg=com.larus.nova t_boot_ns=1193344965130219
09-05 21:29:35.946 I/AnebProbe(25624): ADAPTER_EVT type=content cls=android.view.ViewGroup desc=null txt_len=0 pkg=com.larus.nova t_boot_ns=1193344978108865
09-05 21:29:35.947 I/AnebProbe(25624): ADAPTER_EVT type=content cls=android.widget.EditText desc=null txt_len=50 pkg=com.larus.nova t_boot_ns=1193344978290115
09-05 21:29:35.954 I/AnebProbe(25624): ADAPTER_EVT type=content cls=android.widget.EditText desc=null txt_len=51 pkg=com.larus.nova t_boot_ns=1193344985793240
09-05 21:29:35.965 I/AnebProbe(25624): ADAPTER_EVT type=content cls=android.widget.EditText desc=null txt_len=52 pkg=com.larus.nova t_boot_ns=1193344996377615
09-05 21:29:35.971 I/AnebProbe(25624): ADAPTER_EVT type=content cls=android.widget.EditText desc=null txt_len=53 pkg=com.larus.nova t_boot_ns=1193345002435948
09-05 21:29:35.985 I/AnebProbe(25624): ADAPTER_EVT type=content cls=android.view.ViewGroup desc=null txt_len=0 pkg=com.larus.nova t_boot_ns=1193345016557823
09-05 21:29:35.985 I/AnebProbe(25624): ADAPTER_EVT type=content cls=android.widget.EditText desc=null txt_len=54 pkg=com.larus.nova t_boot_ns=1193345016714594
09-05 21:29:35.997 I/AnebProbe(25624): ADAPTER_EVT type=content cls=android.widget.EditText desc=null txt_len=55 pkg=com.larus.nova t_boot_ns=1193345028338032
09-05 21:29:36.003 I/AnebProbe(25624): ADAPTER_EVT type=content cls=android.widget.EditText desc=null txt_len=56 pkg=com.larus.nova t_boot_ns=1193345034534386
09-05 21:29:36.106 I/AnebProbe(25624): ADAPTER_EVT type=content cls=android.view.ViewGroup desc=null txt_len=0 pkg=com.larus.nova t_boot_ns=1193345137681261
09-05 21:29:36.256 I/AnebProbe(25624): ADAPTER_EVT type=content cls=android.view.ViewGroup desc=新对话，打开设置页 txt_len=0 pkg=com.larus.nova t_boot_ns=1193345287358344
09-05 21:29:36.371 I/AnebProbe(25624): ADAPTER_EVT type=content cls=android.view.ViewGroup desc=null txt_len=0 pkg=com.larus.nova t_boot_ns=1193345402307302
09-05 21:29:36.470 I/AnebProbe(25624): ADAPTER_EVT type=content cls=android.view.ViewGroup desc=null txt_len=0 pkg=com.larus.nova t_boot_ns=1193345502005740
09-05 21:29:36.597 I/AnebProbe(25624): ADAPTER_EVT type=content cls=android.view.ViewGroup desc=null txt_len=0 pkg=com.larus.nova t_boot_ns=1193345628863552
09-05 21:29:37.075 I/AnebProbe(25624): ADAPTER_EVT type=content cls=android.view.ViewGroup desc=新对话，打开设置页 txt_len=0 pkg=com.larus.nova t_boot_ns=1193346106521886
09-05 21:29:37.177 I/AnebProbe(25624): ADAPTER_EVT type=content cls=android.view.ViewGroup desc=null txt_len=0 pkg=com.larus.nova t_boot_ns=1193346208145844
09-05 21:29:37.571 I/AnebProbe(25624): ADAPTER_EVT type=content cls=android.view.ViewGroup desc=新对话，打开设置页 txt_len=0 pkg=com.larus.nova t_boot_ns=1193346602110427
09-05 21:29:37.673 I/AnebProbe(25624): ADAPTER_EVT type=content cls=android.view.ViewGroup desc=null txt_len=0 pkg=com.larus.nova t_boot_ns=1193346704446886
09-05 21:29:38.070 I/AnebProbe(25624): ADAPTER_EVT type=content cls=android.view.ViewGroup desc=新对话，打开设置页 txt_len=0 pkg=com.larus.nova t_boot_ns=1193347101861990
09-05 21:29:38.172 I/AnebProbe(25624): ADAPTER_EVT type=content cls=android.view.ViewGroup desc=null txt_len=0 pkg=com.larus.nova t_boot_ns=1193347202903656
09-05 21:29:38.251 I/AnebE4MARK(13162): E4MARK kind=turn_start n=4
09-05 21:29:38.390 I/AnebProbe(25624): ADAPTER_EVT type=content cls=android.view.ViewGroup desc=新对话，打开设置页 txt_len=0 pkg=com.larus.nova t_boot_ns=1193347418855219
09-05 21:29:38.403 I/AnebProbe(25624): ADAPTER_EVT type=content cls=android.view.ViewGroup desc=null txt_len=0 pkg=com.larus.nova t_boot_ns=1193347434300531
09-05 21:29:38.428 I/AnebProbe(25624): ADAPTER_EVT type=content cls=android.view.ViewGroup desc=null txt_len=0 pkg=com.larus.nova t_boot_ns=1193347459704698
09-05 21:29:38.529 I/AnebProbe(25624): ADAPTER_EVT type=content cls=android.view.ViewGroup desc=null txt_len=0 pkg=com.larus.nova t_boot_ns=1193347560398969
09-05 21:29:38.791 I/AnebProbe(25624): ADAPTER_EVT type=content cls=androidx.drawerlayout.widget.DrawerLayout desc=null txt_len=0 pkg=com.larus.nova t_boot_ns=1193347822328135
09-05 21:29:38.891 I/AnebProbe(25624): ADAPTER_EVT type=content cls=androidx.drawerlayout.widget.DrawerLayout desc=null txt_len=0 pkg=com.larus.nova t_boot_ns=1193347922628135
09-05 21:29:39.080 I/AnebProbe(25624): ADAPTER_EVT type=content cls=android.widget.ImageView desc=创建新对话 txt_len=0 pkg=com.larus.nova t_boot_ns=1193348111593760
09-05 21:29:39.081 I/AnebProbe(25624): ADAPTER_OBS pkg=com.larus.nova mode=doubao events=970 rule_matched=32 first_delta_ms=0 cadence_p50_ms=100.1 session_span_ms=335661.0 confidence=LOW/INCONCLUSIVE reason=throttle ttft_send_ms=null anchor_source=null ttft_cluster_ms=968.8 ttft_density_ms=null
09-05 21:29:39.193 I/AnebProbe(25624): ADAPTER_EVT type=content cls=androidx.drawerlayout.widget.DrawerLayout desc=null txt_len=0 pkg=com.larus.nova t_boot_ns=1193348224748969
09-05 21:29:39.382 I/AnebProbe(25624): ADAPTER_EVT type=content cls=androidx.drawerlayout.widget.DrawerLayout desc=null txt_len=0 pkg=com.larus.nova t_boot_ns=1193348413584385
09-05 21:29:39.479 I/AnebProbe(25624): ADAPTER_EVT type=content cls=androidx.drawerlayout.widget.DrawerLayout desc=null txt_len=0 pkg=com.larus.nova t_boot_ns=1193348509955219
09-05 21:29:39.815 I/AnebProbe(25624): ADAPTER_EVT type=content cls=androidx.recyclerview.widget.RecyclerView desc=null txt_len=0 pkg=com.larus.nova t_boot_ns=1193348845992719
09-05 21:29:39.908 I/AnebProbe(25624): ADAPTER_EVT type=content cls=androidx.recyclerview.widget.RecyclerView desc=null txt_len=0 pkg=com.larus.nova t_boot_ns=1193348939435948
09-05 21:29:40.174 I/AnebProbe(25624): ADAPTER_EVT type=content cls=androidx.drawerlayout.widget.DrawerLayout desc=null txt_len=0 pkg=com.larus.nova t_boot_ns=1193349205623969
09-05 21:29:40.274 I/AnebProbe(25624): ADAPTER_EVT type=content cls=androidx.drawerlayout.widget.DrawerLayout desc=null txt_len=0 pkg=com.larus.nova t_boot_ns=1193349305060427
09-05 21:29:40.448 I/AnebProbe(25624): ADAPTER_EVT type=content cls=androidx.recyclerview.widget.RecyclerView desc=null txt_len=0 pkg=com.larus.nova t_boot_ns=1193349479308344
09-05 21:29:40.502 I/AnebProbe(25624): ADAPTER_EVT type=content cls=androidx.recyclerview.widget.RecyclerView desc=null txt_len=0 pkg=com.larus.nova t_boot_ns=1193349533543760
09-05 21:29:40.550 I/AnebProbe(25624): ADAPTER_EVT type=content cls=androidx.recyclerview.widget.RecyclerView desc=null txt_len=0 pkg=com.larus.nova t_boot_ns=1193349581227094
09-05 21:29:40.685 I/AnebProbe(25624): ADAPTER_EVT type=content cls=androidx.drawerlayout.widget.DrawerLayout desc=null txt_len=0 pkg=com.larus.nova t_boot_ns=1193349716095843
09-05 21:29:40.835 I/AnebProbe(25624): ADAPTER_EVT type=content cls=androidx.drawerlayout.widget.DrawerLayout desc=null txt_len=0 pkg=com.larus.nova t_boot_ns=1193349861669802
09-05 21:29:41.160 I/AnebProbe(25624): ADAPTER_EVT type=content cls=androidx.drawerlayout.widget.DrawerLayout desc=null txt_len=0 pkg=com.larus.nova t_boot_ns=1193350191731781
09-05 21:29:41.260 I/AnebProbe(25624): ADAPTER_EVT type=content cls=androidx.drawerlayout.widget.DrawerLayout desc=null txt_len=0 pkg=com.larus.nova t_boot_ns=1193350291691677
09-05 21:29:44.583 I/AnebProbe(25624): ADAPTER_EVT type=content cls=androidx.drawerlayout.widget.DrawerLayout desc=null txt_len=0 pkg=com.larus.nova t_boot_ns=1193353614281780
09-05 21:29:44.586 I/AnebProbe(25624): ADAPTER_OBS pkg=com.larus.nova mode=doubao events=985 rule_matched=37 first_delta_ms=0 cadence_p50_ms=100.3 session_span_ms=341163.7 confidence=LOW/INCONCLUSIVE reason=throttle ttft_send_ms=null anchor_source=null ttft_cluster_ms=968.8 ttft_density_ms=null
09-05 21:29:44.686 I/AnebProbe(25624): ADAPTER_EVT type=content cls=androidx.drawerlayout.widget.DrawerLayout desc=null txt_len=0 pkg=com.larus.nova t_boot_ns=1193353717123968
09-05 21:29:44.835 I/AnebProbe(25624): ADAPTER_EVT type=content cls=androidx.drawerlayout.widget.DrawerLayout desc=null txt_len=0 pkg=com.larus.nova t_boot_ns=1193353865986989
09-05 21:29:44.962 I/AnebProbe(25624): ADAPTER_EVT type=content cls=androidx.drawerlayout.widget.DrawerLayout desc=null txt_len=0 pkg=com.larus.nova t_boot_ns=1193353992896364
09-05 21:29:45.063 I/AnebProbe(25624): ADAPTER_EVT type=content cls=androidx.drawerlayout.widget.DrawerLayout desc=null txt_len=0 pkg=com.larus.nova t_boot_ns=1193354094265114
09-05 21:29:45.165 I/AnebProbe(25624): ADAPTER_EVT type=content cls=androidx.drawerlayout.widget.DrawerLayout desc=null txt_len=0 pkg=com.larus.nova t_boot_ns=1193354195677614
09-05 21:29:45.264 I/AnebProbe(25624): ADAPTER_EVT type=content cls=androidx.drawerlayout.widget.DrawerLayout desc=null txt_len=0 pkg=com.larus.nova t_boot_ns=1193354295658343
09-05 21:29:45.364 I/AnebProbe(25624): ADAPTER_EVT type=content cls=androidx.drawerlayout.widget.DrawerLayout desc=null txt_len=0 pkg=com.larus.nova t_boot_ns=1193354395303134
09-05 21:29:45.477 I/AnebProbe(25624): ADAPTER_EVT type=content cls=androidx.drawerlayout.widget.DrawerLayout desc=null txt_len=0 pkg=com.larus.nova t_boot_ns=1193354508585426
09-05 21:29:45.580 I/AnebProbe(25624): ADAPTER_EVT type=content cls=androidx.drawerlayout.widget.DrawerLayout desc=null txt_len=0 pkg=com.larus.nova t_boot_ns=1193354610900530
09-05 21:29:45.692 I/AnebProbe(25624): ADAPTER_EVT type=content cls=androidx.drawerlayout.widget.DrawerLayout desc=null txt_len=0 pkg=com.larus.nova t_boot_ns=1193354723106259
09-05 21:29:45.793 I/AnebProbe(25624): ADAPTER_EVT type=content cls=androidx.drawerlayout.widget.DrawerLayout desc=null txt_len=0 pkg=com.larus.nova t_boot_ns=1193354824454176
09-05 21:29:45.893 I/AnebProbe(25624): ADAPTER_EVT type=content cls=androidx.drawerlayout.widget.DrawerLayout desc=null txt_len=0 pkg=com.larus.nova t_boot_ns=1193354924689072
09-05 21:29:46.009 I/AnebProbe(25624): ADAPTER_EVT type=content cls=androidx.drawerlayout.widget.DrawerLayout desc=null txt_len=0 pkg=com.larus.nova t_boot_ns=1193355040021364
09-05 21:29:46.110 I/AnebProbe(25624): ADAPTER_EVT type=content cls=androidx.drawerlayout.widget.DrawerLayout desc=null txt_len=0 pkg=com.larus.nova t_boot_ns=1193355141553134
09-05 21:29:46.225 I/AnebProbe(25624): ADAPTER_EVT type=content cls=androidx.drawerlayout.widget.DrawerLayout desc=null txt_len=0 pkg=com.larus.nova t_boot_ns=1193355256007822
09-05 21:29:46.326 I/AnebProbe(25624): ADAPTER_EVT type=content cls=androidx.drawerlayout.widget.DrawerLayout desc=null txt_len=0 pkg=com.larus.nova t_boot_ns=1193355357904176
09-05 21:29:46.438 I/AnebProbe(25624): ADAPTER_EVT type=content cls=androidx.drawerlayout.widget.DrawerLayout desc=null txt_len=0 pkg=com.larus.nova t_boot_ns=1193355469065634
09-05 21:29:46.539 I/AnebProbe(25624): ADAPTER_EVT type=content cls=androidx.drawerlayout.widget.DrawerLayout desc=null txt_len=0 pkg=com.larus.nova t_boot_ns=1193355570048968
09-05 21:29:46.640 I/AnebProbe(25624): ADAPTER_EVT type=content cls=androidx.drawerlayout.widget.DrawerLayout desc=null txt_len=0 pkg=com.larus.nova t_boot_ns=1193355671394280
09-05 21:29:46.753 I/AnebProbe(25624): ADAPTER_EVT type=content cls=androidx.drawerlayout.widget.DrawerLayout desc=null txt_len=0 pkg=com.larus.nova t_boot_ns=1193355784327093
09-05 21:29:46.854 I/AnebProbe(25624): ADAPTER_EVT type=content cls=androidx.drawerlayout.widget.DrawerLayout desc=null txt_len=0 pkg=com.larus.nova t_boot_ns=1193355885257301
09-05 21:29:46.955 I/AnebProbe(25624): ADAPTER_EVT type=content cls=androidx.drawerlayout.widget.DrawerLayout desc=null txt_len=0 pkg=com.larus.nova t_boot_ns=1193355986059384
09-05 21:29:47.067 I/AnebProbe(25624): ADAPTER_EVT type=content cls=androidx.drawerlayout.widget.DrawerLayout desc=null txt_len=0 pkg=com.larus.nova t_boot_ns=1193356097893759
09-05 21:29:47.167 I/AnebProbe(25624): ADAPTER_EVT type=content cls=androidx.drawerlayout.widget.DrawerLayout desc=null txt_len=0 pkg=com.larus.nova t_boot_ns=1193356198743238
09-05 21:29:47.267 I/AnebProbe(25624): ADAPTER_EVT type=content cls=androidx.drawerlayout.widget.DrawerLayout desc=null txt_len=0 pkg=com.larus.nova t_boot_ns=1193356298038551
09-05 21:29:47.384 I/AnebProbe(25624): ADAPTER_EVT type=content cls=androidx.drawerlayout.widget.DrawerLayout desc=null txt_len=0 pkg=com.larus.nova t_boot_ns=1193356415670842
09-05 21:29:47.484 I/AnebProbe(25624): ADAPTER_EVT type=content cls=androidx.drawerlayout.widget.DrawerLayout desc=null txt_len=0 pkg=com.larus.nova t_boot_ns=1193356514999488
09-05 21:29:47.601 I/AnebProbe(25624): ADAPTER_EVT type=content cls=androidx.drawerlayout.widget.DrawerLayout desc=null txt_len=0 pkg=com.larus.nova t_boot_ns=1193356632078655
09-05 21:29:47.700 I/AnebProbe(25624): ADAPTER_EVT type=content cls=androidx.drawerlayout.widget.DrawerLayout desc=null txt_len=0 pkg=com.larus.nova t_boot_ns=1193356731601572
09-05 21:29:47.802 I/AnebProbe(25624): ADAPTER_EVT type=content cls=androidx.drawerlayout.widget.DrawerLayout desc=null txt_len=0 pkg=com.larus.nova t_boot_ns=1193356833407822
09-05 21:29:47.918 I/AnebProbe(25624): ADAPTER_EVT type=content cls=androidx.drawerlayout.widget.DrawerLayout desc=null txt_len=0 pkg=com.larus.nova t_boot_ns=1193356949046884
09-05 21:29:48.031 I/AnebProbe(25624): ADAPTER_EVT type=content cls=androidx.drawerlayout.widget.DrawerLayout desc=null txt_len=0 pkg=com.larus.nova t_boot_ns=1193357061868759
09-05 21:29:48.148 I/AnebProbe(25624): ADAPTER_EVT type=content cls=androidx.drawerlayout.widget.DrawerLayout desc=null txt_len=0 pkg=com.larus.nova t_boot_ns=1193357178756259
09-05 21:29:48.247 I/AnebProbe(25624): ADAPTER_EVT type=content cls=androidx.drawerlayout.widget.DrawerLayout desc=null txt_len=0 pkg=com.larus.nova t_boot_ns=1193357277890634
09-05 21:29:48.346 I/AnebProbe(25624): ADAPTER_EVT type=content cls=androidx.drawerlayout.widget.DrawerLayout desc=null txt_len=0 pkg=com.larus.nova t_boot_ns=1193357377341676
09-05 21:29:48.445 I/AnebProbe(25624): ADAPTER_EVT type=content cls=androidx.drawerlayout.widget.DrawerLayout desc=null txt_len=0 pkg=com.larus.nova t_boot_ns=1193357476765113
09-05 21:29:48.558 I/AnebProbe(25624): ADAPTER_EVT type=content cls=androidx.drawerlayout.widget.DrawerLayout desc=null txt_len=0 pkg=com.larus.nova t_boot_ns=1193357588680738
09-05 21:29:48.662 I/AnebProbe(25624): ADAPTER_EVT type=content cls=androidx.drawerlayout.widget.DrawerLayout desc=null txt_len=0 pkg=com.larus.nova t_boot_ns=1193357692879176
09-05 21:29:48.777 I/AnebProbe(25624): ADAPTER_EVT type=content cls=androidx.drawerlayout.widget.DrawerLayout desc=null txt_len=0 pkg=com.larus.nova t_boot_ns=1193357808343759
09-05 21:29:48.877 I/AnebProbe(25624): ADAPTER_EVT type=content cls=androidx.drawerlayout.widget.DrawerLayout desc=null txt_len=0 pkg=com.larus.nova t_boot_ns=1193357908163030
09-05 21:29:48.979 I/AnebProbe(25624): ADAPTER_EVT type=content cls=androidx.drawerlayout.widget.DrawerLayout desc=null txt_len=0 pkg=com.larus.nova t_boot_ns=1193358010172405
09-05 21:29:49.091 I/AnebProbe(25624): ADAPTER_EVT type=content cls=androidx.drawerlayout.widget.DrawerLayout desc=null txt_len=0 pkg=com.larus.nova t_boot_ns=1193358122501051
09-05 21:29:49.209 I/AnebProbe(25624): ADAPTER_EVT type=content cls=androidx.drawerlayout.widget.DrawerLayout desc=null txt_len=0 pkg=com.larus.nova t_boot_ns=1193358239843759
09-05 21:29:49.308 I/AnebProbe(25624): ADAPTER_EVT type=content cls=androidx.drawerlayout.widget.DrawerLayout desc=null txt_len=0 pkg=com.larus.nova t_boot_ns=1193358338926571
09-05 21:29:49.421 I/AnebProbe(25624): ADAPTER_EVT type=content cls=androidx.drawerlayout.widget.DrawerLayout desc=null txt_len=0 pkg=com.larus.nova t_boot_ns=1193358452230217
09-05 21:29:49.536 I/AnebProbe(25624): ADAPTER_EVT type=content cls=androidx.drawerlayout.widget.DrawerLayout desc=null txt_len=0 pkg=com.larus.nova t_boot_ns=1193358567670321
09-05 21:29:49.640 I/AnebProbe(25624): ADAPTER_EVT type=content cls=androidx.drawerlayout.widget.DrawerLayout desc=null txt_len=0 pkg=com.larus.nova t_boot_ns=1193358671513030
09-05 21:29:49.646 I/AnebProbe(25624): ADAPTER_OBS pkg=com.larus.nova mode=doubao events=1032 rule_matched=37 first_delta_ms=0 cadence_p50_ms=100.5 session_span_ms=346221.0 confidence=LOW/INCONCLUSIVE reason=throttle ttft_send_ms=null anchor_source=null ttft_cluster_ms=968.8 ttft_density_ms=null
09-05 21:29:49.753 I/AnebProbe(25624): ADAPTER_EVT type=content cls=androidx.drawerlayout.widget.DrawerLayout desc=null txt_len=0 pkg=com.larus.nova t_boot_ns=1193358784531780
09-05 21:29:49.870 I/AnebProbe(25624): ADAPTER_EVT type=content cls=androidx.drawerlayout.widget.DrawerLayout desc=null txt_len=0 pkg=com.larus.nova t_boot_ns=1193358901371363
09-05 21:29:49.970 I/AnebProbe(25624): ADAPTER_EVT type=content cls=androidx.drawerlayout.widget.DrawerLayout desc=null txt_len=0 pkg=com.larus.nova t_boot_ns=1193359001522925
09-05 21:29:50.086 I/AnebProbe(25624): ADAPTER_EVT type=content cls=androidx.drawerlayout.widget.DrawerLayout desc=null txt_len=0 pkg=com.larus.nova t_boot_ns=1193359116706780
09-05 21:29:50.188 I/AnebProbe(25624): ADAPTER_EVT type=content cls=androidx.drawerlayout.widget.DrawerLayout desc=null txt_len=0 pkg=com.larus.nova t_boot_ns=1193359219694280
09-05 21:29:50.302 I/AnebProbe(25624): ADAPTER_EVT type=content cls=androidx.drawerlayout.widget.DrawerLayout desc=null txt_len=0 pkg=com.larus.nova t_boot_ns=1193359332923967
09-05 21:29:50.418 I/AnebProbe(25624): ADAPTER_EVT type=content cls=androidx.drawerlayout.widget.DrawerLayout desc=null txt_len=0 pkg=com.larus.nova t_boot_ns=1193359449042717
09-05 21:29:50.536 I/AnebProbe(25624): ADAPTER_EVT type=content cls=androidx.drawerlayout.widget.DrawerLayout desc=null txt_len=0 pkg=com.larus.nova t_boot_ns=1193359567192196
09-05 21:29:50.657 I/AnebProbe(25624): ADAPTER_EVT type=content cls=androidx.drawerlayout.widget.DrawerLayout desc=null txt_len=0 pkg=com.larus.nova t_boot_ns=1193359687817196
09-05 21:29:50.764 I/AnebProbe(25624): ADAPTER_EVT type=content cls=androidx.drawerlayout.widget.DrawerLayout desc=null txt_len=0 pkg=com.larus.nova t_boot_ns=1193359795609384
09-05 21:29:50.866 I/AnebProbe(25624): ADAPTER_EVT type=content cls=androidx.drawerlayout.widget.DrawerLayout desc=null txt_len=0 pkg=com.larus.nova t_boot_ns=1193359897198446
09-05 21:29:50.966 I/AnebProbe(25624): ADAPTER_EVT type=content cls=androidx.drawerlayout.widget.DrawerLayout desc=null txt_len=0 pkg=com.larus.nova t_boot_ns=1193359996979175
09-05 21:29:51.065 I/AnebProbe(25624): ADAPTER_EVT type=content cls=androidx.drawerlayout.widget.DrawerLayout desc=null txt_len=0 pkg=com.larus.nova t_boot_ns=1193360096451050
09-05 21:29:51.178 I/AnebProbe(25624): ADAPTER_EVT type=content cls=androidx.drawerlayout.widget.DrawerLayout desc=null txt_len=0 pkg=com.larus.nova t_boot_ns=1193360208519279
09-05 21:29:51.278 I/AnebProbe(25624): ADAPTER_EVT type=content cls=androidx.drawerlayout.widget.DrawerLayout desc=null txt_len=0 pkg=com.larus.nova t_boot_ns=1193360309106779
09-05 21:29:51.378 I/AnebProbe(25624): ADAPTER_EVT type=content cls=androidx.drawerlayout.widget.DrawerLayout desc=null txt_len=0 pkg=com.larus.nova t_boot_ns=1193360409781259
09-05 21:29:51.496 I/AnebProbe(25624): ADAPTER_EVT type=content cls=androidx.drawerlayout.widget.DrawerLayout desc=null txt_len=0 pkg=com.larus.nova t_boot_ns=1193360526875009
09-05 21:29:51.596 I/AnebProbe(25624): ADAPTER_EVT type=content cls=androidx.drawerlayout.widget.DrawerLayout desc=null txt_len=0 pkg=com.larus.nova t_boot_ns=1193360627659383
09-05 21:29:51.714 I/AnebProbe(25624): ADAPTER_EVT type=content cls=androidx.drawerlayout.widget.DrawerLayout desc=null txt_len=0 pkg=com.larus.nova t_boot_ns=1193360745556258
09-05 21:29:51.826 I/AnebProbe(25624): ADAPTER_EVT type=content cls=androidx.drawerlayout.widget.DrawerLayout desc=null txt_len=0 pkg=com.larus.nova t_boot_ns=1193360856938029
09-05 21:29:51.926 I/AnebProbe(25624): ADAPTER_EVT type=content cls=androidx.drawerlayout.widget.DrawerLayout desc=null txt_len=0 pkg=com.larus.nova t_boot_ns=1193360957375529
09-05 21:29:52.041 I/AnebProbe(25624): ADAPTER_EVT type=content cls=androidx.drawerlayout.widget.DrawerLayout desc=null txt_len=0 pkg=com.larus.nova t_boot_ns=1193361072572925
09-05 21:29:52.144 I/AnebProbe(25624): ADAPTER_EVT type=content cls=androidx.drawerlayout.widget.DrawerLayout desc=null txt_len=0 pkg=com.larus.nova t_boot_ns=1193361175114592
09-05 21:29:52.259 I/AnebProbe(25624): ADAPTER_EVT type=content cls=androidx.drawerlayout.widget.DrawerLayout desc=null txt_len=0 pkg=com.larus.nova t_boot_ns=1193361289962508
09-05 21:29:52.372 I/AnebProbe(25624): ADAPTER_EVT type=content cls=androidx.drawerlayout.widget.DrawerLayout desc=null txt_len=0 pkg=com.larus.nova t_boot_ns=1193361403317717
09-05 21:29:52.473 I/AnebProbe(25624): ADAPTER_EVT type=content cls=androidx.drawerlayout.widget.DrawerLayout desc=null txt_len=0 pkg=com.larus.nova t_boot_ns=1193361504414071
09-05 21:29:52.573 I/AnebProbe(25624): ADAPTER_EVT type=content cls=androidx.drawerlayout.widget.DrawerLayout desc=null txt_len=0 pkg=com.larus.nova t_boot_ns=1193361604128654
09-05 21:29:52.674 I/AnebProbe(25624): ADAPTER_EVT type=content cls=androidx.drawerlayout.widget.DrawerLayout desc=null txt_len=0 pkg=com.larus.nova t_boot_ns=1193361705595842
09-05 21:29:52.787 I/AnebProbe(25624): ADAPTER_EVT type=content cls=androidx.drawerlayout.widget.DrawerLayout desc=null txt_len=0 pkg=com.larus.nova t_boot_ns=1193361818064592
09-05 21:29:52.886 I/AnebProbe(25624): ADAPTER_EVT type=content cls=androidx.drawerlayout.widget.DrawerLayout desc=null txt_len=0 pkg=com.larus.nova t_boot_ns=1193361917450529
09-05 21:29:52.986 I/AnebProbe(25624): ADAPTER_EVT type=content cls=androidx.drawerlayout.widget.DrawerLayout desc=null txt_len=0 pkg=com.larus.nova t_boot_ns=1193362017933342
09-05 21:29:53.104 I/AnebProbe(25624): ADAPTER_EVT type=content cls=androidx.drawerlayout.widget.DrawerLayout desc=null txt_len=0 pkg=com.larus.nova t_boot_ns=1193362135521362
09-05 21:29:53.219 I/AnebProbe(25624): ADAPTER_EVT type=content cls=androidx.drawerlayout.widget.DrawerLayout desc=null txt_len=0 pkg=com.larus.nova t_boot_ns=1193362249977092
09-05 21:29:53.537 I/AnebProbe(25624): ADAPTER_EVT type=content cls=androidx.drawerlayout.widget.DrawerLayout desc=null txt_len=0 pkg=com.larus.nova t_boot_ns=1193362568595321
09-05 21:29:54.758 I/AnebProbe(25624): ADAPTER_EVT type=content cls=androidx.drawerlayout.widget.DrawerLayout desc=null txt_len=0 pkg=com.larus.nova t_boot_ns=1193363789782821
09-05 21:29:54.762 I/AnebProbe(25624): ADAPTER_OBS pkg=com.larus.nova mode=doubao events=1067 rule_matched=37 first_delta_ms=0 cadence_p50_ms=100.5 session_span_ms=351339.2 confidence=LOW/INCONCLUSIVE reason=throttle ttft_send_ms=null anchor_source=null ttft_cluster_ms=968.8 ttft_density_ms=null
09-05 21:29:54.858 I/AnebProbe(25624): ADAPTER_EVT type=content cls=androidx.drawerlayout.widget.DrawerLayout desc=null txt_len=0 pkg=com.larus.nova t_boot_ns=1193363889818758
09-05 21:29:55.184 I/AnebProbe(25624): ADAPTER_EVT type=content cls=androidx.drawerlayout.widget.DrawerLayout desc=null txt_len=0 pkg=com.larus.nova t_boot_ns=1193364215316154
09-05 21:29:55.317 I/AnebProbe(25624): ADAPTER_EVT type=content cls=androidx.recyclerview.widget.RecyclerView desc=null txt_len=0 pkg=com.larus.nova t_boot_ns=1193364348295841
09-05 21:29:55.417 I/AnebProbe(25624): ADAPTER_EVT type=content cls=androidx.recyclerview.widget.RecyclerView desc=null txt_len=0 pkg=com.larus.nova t_boot_ns=1193364448413029
09-05 21:29:55.536 I/AnebProbe(25624): ADAPTER_EVT type=content cls=androidx.drawerlayout.widget.DrawerLayout desc=null txt_len=0 pkg=com.larus.nova t_boot_ns=1193364567439070
09-05 21:29:55.637 I/AnebProbe(25624): ADAPTER_EVT type=content cls=androidx.drawerlayout.widget.DrawerLayout desc=null txt_len=0 pkg=com.larus.nova t_boot_ns=1193364667853133
09-05 21:29:55.835 I/AnebProbe(25624): ADAPTER_EVT type=content cls=androidx.drawerlayout.widget.DrawerLayout desc=null txt_len=0 pkg=com.larus.nova t_boot_ns=1193364866017716
09-05 21:29:55.936 I/AnebProbe(25624): ADAPTER_EVT type=content cls=androidx.drawerlayout.widget.DrawerLayout desc=null txt_len=0 pkg=com.larus.nova t_boot_ns=1193364967244799
09-05 21:30:05.044 I/AnebProbe(25624): ADAPTER_EVT type=content cls=androidx.recyclerview.widget.RecyclerView desc=null txt_len=0 pkg=com.larus.nova t_boot_ns=1193374074884381
09-05 21:30:05.048 I/AnebProbe(25624): ADAPTER_OBS pkg=com.larus.nova mode=doubao events=1076 rule_matched=40 first_delta_ms=0 cadence_p50_ms=100.4 session_span_ms=361624.3 confidence=LOW/INCONCLUSIVE reason=throttle ttft_send_ms=null anchor_source=null ttft_cluster_ms=968.8 ttft_density_ms=null
09-05 21:30:05.128 I/AnebProbe(25624): ADAPTER_EVT type=content cls=androidx.recyclerview.widget.RecyclerView desc=null txt_len=0 pkg=com.larus.nova t_boot_ns=1193374159215631
09-05 21:30:05.456 I/AnebProbe(25624): ADAPTER_EVT type=content cls=androidx.recyclerview.widget.RecyclerView desc=null txt_len=0 pkg=com.larus.nova t_boot_ns=1193374487828131
09-05 21:30:05.563 I/AnebProbe(25624): ADAPTER_EVT type=content cls=androidx.recyclerview.widget.RecyclerView desc=null txt_len=0 pkg=com.larus.nova t_boot_ns=1193374594226569
09-05 21:30:05.701 I/AnebProbe(25624): ADAPTER_EVT type=content cls=androidx.recyclerview.widget.RecyclerView desc=null txt_len=0 pkg=com.larus.nova t_boot_ns=1193374732271361
09-05 21:30:05.803 I/AnebProbe(25624): ADAPTER_EVT type=content cls=androidx.recyclerview.widget.RecyclerView desc=null txt_len=0 pkg=com.larus.nova t_boot_ns=1193374834405735
09-05 21:30:53.271 I/AnebE4MARK(13909): E4MARK kind=answer_complete n=4
09-05 21:31:13.813 I/AnebProbe(25624): ADAPTER_EVT type=click cls=android.widget.ImageView desc=返回 txt_len=2 pkg=com.larus.nova t_boot_ns=1193442844962496
09-05 21:31:13.814 I/AnebProbe(25624): ADAPTER_OBS pkg=com.larus.nova mode=doubao events=1081 rule_matched=45 first_delta_ms=0 cadence_p50_ms=100.4 session_span_ms=362383.9 confidence=LOW/INCONCLUSIVE reason=throttle ttft_send_ms=null anchor_source=null ttft_cluster_ms=968.8 ttft_density_ms=null
09-05 21:31:13.934 I/AnebProbe(25624): ADAPTER_EVT type=content cls=androidx.drawerlayout.widget.DrawerLayout desc=null txt_len=0 pkg=com.larus.nova t_boot_ns=1193442965513538
09-05 21:31:14.050 I/AnebProbe(25624): ADAPTER_EVT type=content cls=androidx.drawerlayout.widget.DrawerLayout desc=null txt_len=0 pkg=com.larus.nova t_boot_ns=1193443081220308
09-05 21:31:14.166 I/AnebProbe(25624): ADAPTER_EVT type=content cls=androidx.drawerlayout.widget.DrawerLayout desc=null txt_len=0 pkg=com.larus.nova t_boot_ns=1193443197708329
09-05 21:31:14.239 I/AnebProbe(25624): ADAPTER_EVT type=content cls=androidx.drawerlayout.widget.DrawerLayout desc=null txt_len=0 pkg=com.larus.nova t_boot_ns=1193443270957808
09-05 21:31:15.594 I/AnebProbe(25624): ADAPTER_EVT type=click cls=android.widget.ImageView desc=创建新对话 txt_len=5 pkg=com.larus.nova t_boot_ns=1193444626075517
09-05 21:31:15.600 I/AnebProbe(25624): ADAPTER_EVT type=content cls=android.widget.FrameLayout desc=null txt_len=0 pkg=com.larus.nova t_boot_ns=1193444631429162
09-05 21:31:15.833 I/AnebProbe(25624): ADAPTER_EVT type=content cls=androidx.drawerlayout.widget.DrawerLayout desc=null txt_len=0 pkg=com.larus.nova t_boot_ns=1193444864777600
09-05 21:31:15.999 I/AnebProbe(25624): ADAPTER_EVT type=content cls=androidx.drawerlayout.widget.DrawerLayout desc=null txt_len=0 pkg=com.larus.nova t_boot_ns=1193445030793225
09-05 21:31:16.015 I/AnebProbe(25624): ADAPTER_EVT type=content cls=androidx.drawerlayout.widget.DrawerLayout desc=null txt_len=0 pkg=com.larus.nova t_boot_ns=1193445046852600
09-05 21:31:16.064 I/AnebProbe(25624): ADAPTER_EVT type=content cls=android.view.ViewGroup desc=null txt_len=0 pkg=com.larus.nova t_boot_ns=1193445095705725
09-05 21:31:16.157 I/AnebProbe(25624): ADAPTER_EVT type=content cls=android.view.ViewGroup desc=null txt_len=0 pkg=com.larus.nova t_boot_ns=1193445187798954
09-05 21:31:16.256 I/AnebProbe(25624): ADAPTER_EVT type=content cls=android.view.ViewGroup desc=null txt_len=0 pkg=com.larus.nova t_boot_ns=1193445287481766
09-05 21:31:16.361 I/AnebProbe(25624): ADAPTER_EVT type=content cls=androidx.drawerlayout.widget.DrawerLayout desc=null txt_len=0 pkg=com.larus.nova t_boot_ns=1193445392711975
09-05 21:31:16.717 I/AnebProbe(25624): ADAPTER_EVT type=content cls=androidx.recyclerview.widget.RecyclerView desc=null txt_len=0 pkg=com.larus.nova t_boot_ns=1193445748739058
09-05 21:31:16.812 I/AnebProbe(25624): ADAPTER_EVT type=content cls=android.view.ViewGroup desc=null txt_len=0 pkg=com.larus.nova t_boot_ns=1193445843685933
09-05 21:31:16.914 I/AnebProbe(25624): ADAPTER_EVT type=content cls=android.view.ViewGroup desc=null txt_len=0 pkg=com.larus.nova t_boot_ns=1193445944922912
09-05 21:31:17.012 I/AnebProbe(25624): ADAPTER_EVT type=content cls=android.view.ViewGroup desc=null txt_len=0 pkg=com.larus.nova t_boot_ns=1193446043503641
09-05 21:31:17.118 I/AnebProbe(25624): ADAPTER_EVT type=content cls=android.view.ViewGroup desc=null txt_len=0 pkg=com.larus.nova t_boot_ns=1193446149675516
09-05 21:31:17.238 I/AnebProbe(25624): ADAPTER_EVT type=content cls=android.view.ViewGroup desc=null txt_len=0 pkg=com.larus.nova t_boot_ns=1193446269074475
09-05 21:31:17.342 I/AnebProbe(25624): ADAPTER_EVT type=content cls=android.view.ViewGroup desc=null txt_len=0 pkg=com.larus.nova t_boot_ns=1193446373707287
09-05 21:31:17.443 I/AnebProbe(25624): ADAPTER_EVT type=content cls=android.view.ViewGroup desc=null txt_len=0 pkg=com.larus.nova t_boot_ns=1193446473881245
09-05 21:31:17.542 I/AnebProbe(25624): ADAPTER_EVT type=content cls=androidx.drawerlayout.widget.DrawerLayout desc=null txt_len=0 pkg=com.larus.nova t_boot_ns=1193446573846870
09-05 21:31:17.654 I/AnebProbe(25624): ADAPTER_EVT type=content cls=android.view.ViewGroup desc=null txt_len=0 pkg=com.larus.nova t_boot_ns=1193446685294787
09-05 21:31:17.765 I/AnebProbe(25624): ADAPTER_EVT type=content cls=android.view.ViewGroup desc=null txt_len=0 pkg=com.larus.nova t_boot_ns=1193446796639579
09-05 21:31:17.865 I/AnebProbe(25624): ADAPTER_EVT type=content cls=android.view.ViewGroup desc=null txt_len=0 pkg=com.larus.nova t_boot_ns=1193446896415099
09-05 21:31:18.759 I/AnebProbe(25624): ADAPTER_EVT type=content cls=android.view.ViewGroup desc=新对话，打开设置页 txt_len=0 pkg=com.larus.nova t_boot_ns=1193447790679162
09-05 21:31:18.876 I/AnebProbe(25624): ADAPTER_EVT type=content cls=android.view.ViewGroup desc=null txt_len=0 pkg=com.larus.nova t_boot_ns=1193447907972912
09-05 21:31:18.877 I/AnebProbe(25624): ADAPTER_OBS pkg=com.larus.nova mode=doubao events=1107 rule_matched=46 first_delta_ms=0 cadence_p50_ms=100.5 session_span_ms=435457.4 confidence=LOW/INCONCLUSIVE reason=throttle ttft_send_ms=null anchor_source=null ttft_cluster_ms=968.8 ttft_density_ms=null
09-05 21:31:18.946 I/AnebProbe(25624): ADAPTER_EVT type=content cls=android.view.ViewGroup desc=null txt_len=0 pkg=com.larus.nova t_boot_ns=1193447977866141
09-05 21:31:19.049 I/AnebProbe(25624): ADAPTER_EVT type=content cls=android.view.ViewGroup desc=null txt_len=0 pkg=com.larus.nova t_boot_ns=1193448081030724
09-05 21:31:19.166 I/AnebProbe(25624): ADAPTER_EVT type=content cls=android.view.ViewGroup desc=null txt_len=0 pkg=com.larus.nova t_boot_ns=1193448198019266
09-05 21:31:19.277 I/AnebProbe(25624): ADAPTER_EVT type=content cls=android.view.ViewGroup desc=null txt_len=0 pkg=com.larus.nova t_boot_ns=1193448308757808
09-05 21:31:19.378 I/AnebProbe(25624): ADAPTER_EVT type=content cls=android.view.ViewGroup desc=null txt_len=0 pkg=com.larus.nova t_boot_ns=1193448409727078
09-05 21:31:19.478 I/AnebProbe(25624): ADAPTER_EVT type=content cls=android.view.ViewGroup desc=null txt_len=0 pkg=com.larus.nova t_boot_ns=1193448509788016
09-05 21:31:19.592 I/AnebProbe(25624): ADAPTER_EVT type=content cls=android.view.ViewGroup desc=null txt_len=0 pkg=com.larus.nova t_boot_ns=1193448623442703
09-05 21:31:19.694 I/AnebProbe(25624): ADAPTER_EVT type=content cls=android.view.ViewGroup desc=null txt_len=0 pkg=com.larus.nova t_boot_ns=1193448725879162
09-05 21:31:19.797 I/AnebProbe(25624): ADAPTER_EVT type=content cls=android.view.ViewGroup desc=null txt_len=0 pkg=com.larus.nova t_boot_ns=1193448828640620
09-05 21:31:19.911 I/AnebProbe(25624): ADAPTER_EVT type=content cls=android.view.ViewGroup desc=null txt_len=0 pkg=com.larus.nova t_boot_ns=1193448942574995
09-05 21:31:20.030 I/AnebProbe(25624): ADAPTER_EVT type=content cls=android.view.ViewGroup desc=null txt_len=0 pkg=com.larus.nova t_boot_ns=1193449061184891
09-05 21:31:20.141 I/AnebProbe(25624): ADAPTER_EVT type=content cls=android.view.ViewGroup desc=null txt_len=0 pkg=com.larus.nova t_boot_ns=1193449172643224
09-05 21:31:20.146 I/AnebProbe(25624): ADAPTER_EVT type=content cls=android.widget.EditText desc=null txt_len=1 pkg=com.larus.nova t_boot_ns=1193449177148432
09-05 21:31:20.151 I/AnebProbe(25624): ADAPTER_EVT type=content cls=android.view.ViewGroup desc=null txt_len=0 pkg=com.larus.nova t_boot_ns=1193449182719787
09-05 21:31:20.199 I/AnebProbe(25624): ADAPTER_EVT type=content cls=android.view.ViewGroup desc=null txt_len=0 pkg=com.larus.nova t_boot_ns=1193449230123953
09-05 21:31:20.199 I/AnebProbe(25624): ADAPTER_EVT type=content cls=android.widget.EditText desc=null txt_len=2 pkg=com.larus.nova t_boot_ns=1193449230555203
09-05 21:31:20.224 I/AnebProbe(25624): ADAPTER_EVT type=content cls=android.view.ViewGroup desc=null txt_len=0 pkg=com.larus.nova t_boot_ns=1193449255536453
09-05 21:31:20.224 I/AnebProbe(25624): ADAPTER_EVT type=content cls=android.widget.EditText desc=null txt_len=3 pkg=com.larus.nova t_boot_ns=1193449255957807
09-05 21:31:20.244 I/AnebProbe(25624): ADAPTER_EVT type=content cls=android.view.ViewGroup desc=null txt_len=0 pkg=com.larus.nova t_boot_ns=1193449275878120
09-05 21:31:20.245 I/AnebProbe(25624): ADAPTER_EVT type=content cls=android.widget.EditText desc=null txt_len=4 pkg=com.larus.nova t_boot_ns=1193449276353120
09-05 21:31:20.264 I/AnebProbe(25624): ADAPTER_EVT type=content cls=android.view.ViewGroup desc=null txt_len=0 pkg=com.larus.nova t_boot_ns=1193449295655203
09-05 21:31:20.264 I/AnebProbe(25624): ADAPTER_EVT type=content cls=android.widget.EditText desc=null txt_len=5 pkg=com.larus.nova t_boot_ns=1193449296066141
09-05 21:31:20.283 I/AnebProbe(25624): ADAPTER_EVT type=content cls=android.view.ViewGroup desc=null txt_len=0 pkg=com.larus.nova t_boot_ns=1193449313993224
09-05 21:31:20.283 I/AnebProbe(25624): ADAPTER_EVT type=content cls=android.widget.EditText desc=null txt_len=6 pkg=com.larus.nova t_boot_ns=1193449314468745
09-05 21:31:20.306 I/AnebProbe(25624): ADAPTER_EVT type=content cls=android.view.ViewGroup desc=null txt_len=0 pkg=com.larus.nova t_boot_ns=1193449337359370
09-05 21:31:20.306 I/AnebProbe(25624): ADAPTER_EVT type=content cls=android.widget.EditText desc=null txt_len=7 pkg=com.larus.nova t_boot_ns=1193449337776037
09-05 21:31:20.314 I/AnebProbe(25624): ADAPTER_EVT type=content cls=android.widget.EditText desc=null txt_len=8 pkg=com.larus.nova t_boot_ns=1193449345194266
09-05 21:31:20.334 I/AnebProbe(25624): ADAPTER_EVT type=content cls=android.view.ViewGroup desc=null txt_len=0 pkg=com.larus.nova t_boot_ns=1193449365031245
09-05 21:31:20.334 I/AnebProbe(25624): ADAPTER_EVT type=content cls=android.widget.EditText desc=null txt_len=9 pkg=com.larus.nova t_boot_ns=1193449365640620
09-05 21:31:20.356 I/AnebProbe(25624): ADAPTER_EVT type=content cls=android.view.ViewGroup desc=null txt_len=0 pkg=com.larus.nova t_boot_ns=1193449387756766
09-05 21:31:20.357 I/AnebProbe(25624): ADAPTER_EVT type=content cls=android.widget.EditText desc=null txt_len=10 pkg=com.larus.nova t_boot_ns=1193449388259891
09-05 21:31:20.367 I/AnebProbe(25624): ADAPTER_EVT type=content cls=android.widget.EditText desc=null txt_len=11 pkg=com.larus.nova t_boot_ns=1193449397799995
09-05 21:31:20.390 I/AnebProbe(25624): ADAPTER_EVT type=content cls=android.view.ViewGroup desc=null txt_len=0 pkg=com.larus.nova t_boot_ns=1193449421667182
09-05 21:31:20.390 I/AnebProbe(25624): ADAPTER_EVT type=content cls=android.widget.EditText desc=null txt_len=12 pkg=com.larus.nova t_boot_ns=1193449422052599
09-05 21:31:20.409 I/AnebProbe(25624): ADAPTER_EVT type=content cls=android.view.ViewGroup desc=null txt_len=0 pkg=com.larus.nova t_boot_ns=1193449440263537
09-05 21:31:20.409 I/AnebProbe(25624): ADAPTER_EVT type=content cls=android.widget.EditText desc=null txt_len=13 pkg=com.larus.nova t_boot_ns=1193449440571870
09-05 21:31:20.425 I/AnebProbe(25624): ADAPTER_EVT type=content cls=android.view.ViewGroup desc=null txt_len=0 pkg=com.larus.nova t_boot_ns=1193449456846349
09-05 21:31:20.426 I/AnebProbe(25624): ADAPTER_EVT type=content cls=android.widget.EditText desc=null txt_len=14 pkg=com.larus.nova t_boot_ns=1193449457295307
09-05 21:31:20.444 I/AnebProbe(25624): ADAPTER_EVT type=content cls=android.view.ViewGroup desc=null txt_len=0 pkg=com.larus.nova t_boot_ns=1193449474798432
09-05 21:31:20.445 I/AnebProbe(25624): ADAPTER_EVT type=content cls=android.widget.EditText desc=null txt_len=15 pkg=com.larus.nova t_boot_ns=1193449476710932
09-05 21:31:20.462 I/AnebProbe(25624): ADAPTER_EVT type=content cls=android.view.ViewGroup desc=null txt_len=0 pkg=com.larus.nova t_boot_ns=1193449493523953
09-05 21:31:20.462 I/AnebProbe(25624): ADAPTER_EVT type=content cls=android.widget.EditText desc=null txt_len=16 pkg=com.larus.nova t_boot_ns=1193449493887495
09-05 21:31:20.479 I/AnebProbe(25624): ADAPTER_EVT type=content cls=android.view.ViewGroup desc=null txt_len=0 pkg=com.larus.nova t_boot_ns=1193449510557287
09-05 21:31:20.480 I/AnebProbe(25624): ADAPTER_EVT type=content cls=android.widget.EditText desc=null txt_len=17 pkg=com.larus.nova t_boot_ns=1193449511057287
09-05 21:31:20.499 I/AnebProbe(25624): ADAPTER_EVT type=content cls=android.view.ViewGroup desc=null txt_len=0 pkg=com.larus.nova t_boot_ns=1193449530399995
09-05 21:31:20.499 I/AnebProbe(25624): ADAPTER_EVT type=content cls=android.widget.EditText desc=null txt_len=18 pkg=com.larus.nova t_boot_ns=1193449530904682
09-05 21:31:20.520 I/AnebProbe(25624): ADAPTER_EVT type=content cls=android.view.ViewGroup desc=null txt_len=0 pkg=com.larus.nova t_boot_ns=1193449551893224
09-05 21:31:20.521 I/AnebProbe(25624): ADAPTER_EVT type=content cls=android.widget.EditText desc=null txt_len=19 pkg=com.larus.nova t_boot_ns=1193449552348953
09-05 21:31:20.529 I/AnebProbe(25624): ADAPTER_EVT type=content cls=android.widget.EditText desc=null txt_len=20 pkg=com.larus.nova t_boot_ns=1193449560500516
09-05 21:31:20.548 I/AnebProbe(25624): ADAPTER_EVT type=content cls=android.view.ViewGroup desc=null txt_len=0 pkg=com.larus.nova t_boot_ns=1193449579223953
09-05 21:31:20.548 I/AnebProbe(25624): ADAPTER_EVT type=content cls=android.widget.EditText desc=null txt_len=21 pkg=com.larus.nova t_boot_ns=1193449579591141
09-05 21:31:20.570 I/AnebProbe(25624): ADAPTER_EVT type=content cls=android.view.ViewGroup desc=null txt_len=0 pkg=com.larus.nova t_boot_ns=1193449601935932
09-05 21:31:20.571 I/AnebProbe(25624): ADAPTER_EVT type=content cls=android.widget.EditText desc=null txt_len=22 pkg=com.larus.nova t_boot_ns=1193449602478120
09-05 21:31:20.579 I/AnebProbe(25624): ADAPTER_EVT type=content cls=android.widget.EditText desc=null txt_len=23 pkg=com.larus.nova t_boot_ns=1193449610637495
09-05 21:31:20.598 I/AnebProbe(25624): ADAPTER_EVT type=content cls=android.view.ViewGroup desc=null txt_len=0 pkg=com.larus.nova t_boot_ns=1193449629382287
09-05 21:31:20.598 I/AnebProbe(25624): ADAPTER_EVT type=content cls=android.widget.EditText desc=null txt_len=24 pkg=com.larus.nova t_boot_ns=1193449629786453
09-05 21:31:20.621 I/AnebProbe(25624): ADAPTER_EVT type=content cls=android.view.ViewGroup desc=null txt_len=0 pkg=com.larus.nova t_boot_ns=1193449652297391
09-05 21:31:20.621 I/AnebProbe(25624): ADAPTER_EVT type=content cls=android.widget.EditText desc=null txt_len=25 pkg=com.larus.nova t_boot_ns=1193449652724474
09-05 21:31:20.631 I/AnebProbe(25624): ADAPTER_EVT type=content cls=android.widget.EditText desc=null txt_len=26 pkg=com.larus.nova t_boot_ns=1193449662458849
09-05 21:31:20.651 I/AnebProbe(25624): ADAPTER_EVT type=content cls=android.view.ViewGroup desc=null txt_len=0 pkg=com.larus.nova t_boot_ns=1193449682907287
09-05 21:31:20.652 I/AnebProbe(25624): ADAPTER_EVT type=content cls=android.widget.EditText desc=null txt_len=27 pkg=com.larus.nova t_boot_ns=1193449683303641
09-05 21:31:20.660 I/AnebProbe(25624): ADAPTER_EVT type=content cls=android.widget.EditText desc=null txt_len=28 pkg=com.larus.nova t_boot_ns=1193449691506766
09-05 21:31:20.686 I/AnebProbe(25624): ADAPTER_EVT type=content cls=android.view.ViewGroup desc=null txt_len=0 pkg=com.larus.nova t_boot_ns=1193449717644266
09-05 21:31:20.687 I/AnebProbe(25624): ADAPTER_EVT type=content cls=android.widget.EditText desc=null txt_len=29 pkg=com.larus.nova t_boot_ns=1193449718073432
09-05 21:31:20.696 I/AnebProbe(25624): ADAPTER_EVT type=content cls=android.widget.EditText desc=null txt_len=30 pkg=com.larus.nova t_boot_ns=1193449727751557
09-05 21:31:20.725 I/AnebProbe(25624): ADAPTER_EVT type=content cls=android.view.ViewGroup desc=null txt_len=0 pkg=com.larus.nova t_boot_ns=1193449756072391
09-05 21:31:20.725 I/AnebProbe(25624): ADAPTER_EVT type=content cls=android.widget.EditText desc=null txt_len=31 pkg=com.larus.nova t_boot_ns=1193449756464057
09-05 21:31:20.746 I/AnebProbe(25624): ADAPTER_EVT type=content cls=android.view.ViewGroup desc=null txt_len=0 pkg=com.larus.nova t_boot_ns=1193449777568745
09-05 21:31:20.746 I/AnebProbe(25624): ADAPTER_EVT type=content cls=android.widget.EditText desc=null txt_len=32 pkg=com.larus.nova t_boot_ns=1193449777776037
09-05 21:31:20.769 I/AnebProbe(25624): ADAPTER_EVT type=content cls=android.view.ViewGroup desc=null txt_len=0 pkg=com.larus.nova t_boot_ns=1193449800679162
09-05 21:31:20.769 I/AnebProbe(25624): ADAPTER_EVT type=content cls=android.widget.EditText desc=null txt_len=33 pkg=com.larus.nova t_boot_ns=1193449800855203
09-05 21:31:20.775 I/AnebProbe(25624): ADAPTER_EVT type=content cls=android.widget.EditText desc=null txt_len=34 pkg=com.larus.nova t_boot_ns=1193449806568224
09-05 21:31:20.789 I/AnebProbe(25624): ADAPTER_EVT type=content cls=android.view.ViewGroup desc=null txt_len=0 pkg=com.larus.nova t_boot_ns=1193449820266141
09-05 21:31:20.789 I/AnebProbe(25624): ADAPTER_EVT type=content cls=android.widget.EditText desc=null txt_len=35 pkg=com.larus.nova t_boot_ns=1193449820405724
09-05 21:31:20.795 I/AnebProbe(25624): ADAPTER_EVT type=content cls=android.widget.EditText desc=null txt_len=36 pkg=com.larus.nova t_boot_ns=1193449826880203
09-05 21:31:20.812 I/AnebProbe(25624): ADAPTER_EVT type=content cls=android.view.ViewGroup desc=null txt_len=0 pkg=com.larus.nova t_boot_ns=1193449843842182
09-05 21:31:20.812 I/AnebProbe(25624): ADAPTER_EVT type=content cls=android.widget.EditText desc=null txt_len=37 pkg=com.larus.nova t_boot_ns=1193449844118224
09-05 21:31:20.825 I/AnebProbe(25624): ADAPTER_EVT type=content cls=android.view.ViewGroup desc=null txt_len=0 pkg=com.larus.nova t_boot_ns=1193449856314057
09-05 21:31:20.825 I/AnebProbe(25624): ADAPTER_EVT type=content cls=android.widget.EditText desc=null txt_len=38 pkg=com.larus.nova t_boot_ns=1193449856903120
09-05 21:31:20.837 I/AnebProbe(25624): ADAPTER_EVT type=content cls=android.view.ViewGroup desc=null txt_len=0 pkg=com.larus.nova t_boot_ns=1193449868455724
09-05 21:31:20.838 I/AnebProbe(25624): ADAPTER_EVT type=content cls=android.widget.EditText desc=null txt_len=39 pkg=com.larus.nova t_boot_ns=1193449869279162
09-05 21:31:20.842 I/AnebProbe(25624): ADAPTER_EVT type=content cls=android.widget.EditText desc=null txt_len=40 pkg=com.larus.nova t_boot_ns=1193449873845828
09-05 21:31:20.855 I/AnebProbe(25624): ADAPTER_EVT type=content cls=android.view.ViewGroup desc=null txt_len=0 pkg=com.larus.nova t_boot_ns=1193449886738537
09-05 21:31:20.856 I/AnebProbe(25624): ADAPTER_EVT type=content cls=android.widget.EditText desc=null txt_len=41 pkg=com.larus.nova t_boot_ns=1193449887233328
09-05 21:31:20.862 I/AnebProbe(25624): ADAPTER_EVT type=content cls=android.widget.EditText desc=null txt_len=42 pkg=com.larus.nova t_boot_ns=1193449893276037
09-05 21:31:20.874 I/AnebProbe(25624): ADAPTER_EVT type=content cls=android.view.ViewGroup desc=null txt_len=0 pkg=com.larus.nova t_boot_ns=1193449905420307
09-05 21:31:20.874 I/AnebProbe(25624): ADAPTER_EVT type=content cls=android.widget.EditText desc=null txt_len=43 pkg=com.larus.nova t_boot_ns=1193449905719266
09-05 21:31:20.894 I/AnebProbe(25624): ADAPTER_EVT type=content cls=android.view.ViewGroup desc=null txt_len=0 pkg=com.larus.nova t_boot_ns=1193449925725516
09-05 21:31:20.895 I/AnebProbe(25624): ADAPTER_EVT type=content cls=android.widget.EditText desc=null txt_len=44 pkg=com.larus.nova t_boot_ns=1193449926373953
09-05 21:31:20.920 I/AnebProbe(25624): ADAPTER_EVT type=content cls=android.view.ViewGroup desc=null txt_len=0 pkg=com.larus.nova t_boot_ns=1193449951219787
09-05 21:31:20.920 I/AnebProbe(25624): ADAPTER_EVT type=content cls=android.widget.EditText desc=null txt_len=45 pkg=com.larus.nova t_boot_ns=1193449951385932
09-05 21:31:20.926 I/AnebProbe(25624): ADAPTER_EVT type=content cls=android.widget.EditText desc=null txt_len=46 pkg=com.larus.nova t_boot_ns=1193449957672912
09-05 21:31:20.939 I/AnebProbe(25624): ADAPTER_EVT type=content cls=android.view.ViewGroup desc=null txt_len=0 pkg=com.larus.nova t_boot_ns=1193449970633849
09-05 21:31:20.939 I/AnebProbe(25624): ADAPTER_EVT type=content cls=android.widget.EditText desc=null txt_len=47 pkg=com.larus.nova t_boot_ns=1193449970790099
09-05 21:31:20.944 I/AnebProbe(25624): ADAPTER_EVT type=content cls=android.widget.EditText desc=null txt_len=48 pkg=com.larus.nova t_boot_ns=1193449975761974
09-05 21:31:20.956 I/AnebProbe(25624): ADAPTER_EVT type=content cls=android.view.ViewGroup desc=null txt_len=0 pkg=com.larus.nova t_boot_ns=1193449987618224
09-05 21:31:20.956 I/AnebProbe(25624): ADAPTER_EVT type=content cls=android.widget.EditText desc=null txt_len=49 pkg=com.larus.nova t_boot_ns=1193449987786453
09-05 21:31:20.971 I/AnebProbe(25624): ADAPTER_EVT type=content cls=android.view.ViewGroup desc=null txt_len=0 pkg=com.larus.nova t_boot_ns=1193450002280724
09-05 21:31:20.971 I/AnebProbe(25624): ADAPTER_EVT type=content cls=android.widget.EditText desc=null txt_len=50 pkg=com.larus.nova t_boot_ns=1193450002603641
09-05 21:31:20.978 I/AnebProbe(25624): ADAPTER_EVT type=content cls=android.widget.EditText desc=null txt_len=51 pkg=com.larus.nova t_boot_ns=1193450009230724
09-05 21:31:20.993 I/AnebProbe(25624): ADAPTER_EVT type=content cls=android.view.ViewGroup desc=null txt_len=0 pkg=com.larus.nova t_boot_ns=1193450024765099
09-05 21:31:20.994 I/AnebProbe(25624): ADAPTER_EVT type=content cls=android.widget.EditText desc=null txt_len=52 pkg=com.larus.nova t_boot_ns=1193450025111974
09-05 21:31:21.009 I/AnebProbe(25624): ADAPTER_EVT type=content cls=android.view.ViewGroup desc=null txt_len=0 pkg=com.larus.nova t_boot_ns=1193450041005203
09-05 21:31:21.010 I/AnebProbe(25624): ADAPTER_EVT type=content cls=android.widget.EditText desc=null txt_len=53 pkg=com.larus.nova t_boot_ns=1193450041242182
09-05 21:31:21.024 I/AnebProbe(25624): ADAPTER_EVT type=content cls=android.view.ViewGroup desc=null txt_len=0 pkg=com.larus.nova t_boot_ns=1193450055591662
09-05 21:31:21.024 I/AnebProbe(25624): ADAPTER_EVT type=content cls=android.widget.EditText desc=null txt_len=54 pkg=com.larus.nova t_boot_ns=1193450055796349
09-05 21:31:21.038 I/AnebProbe(25624): ADAPTER_EVT type=content cls=android.view.ViewGroup desc=null txt_len=0 pkg=com.larus.nova t_boot_ns=1193450070090099
09-05 21:31:21.039 I/AnebProbe(25624): ADAPTER_EVT type=content cls=android.widget.EditText desc=null txt_len=55 pkg=com.larus.nova t_boot_ns=1193450070243224
09-05 21:31:21.053 I/AnebProbe(25624): ADAPTER_EVT type=content cls=android.view.ViewGroup desc=null txt_len=0 pkg=com.larus.nova t_boot_ns=1193450084764057
09-05 21:31:21.053 I/AnebProbe(25624): ADAPTER_EVT type=content cls=android.widget.EditText desc=null txt_len=56 pkg=com.larus.nova t_boot_ns=1193450084937495
09-05 21:31:21.167 I/AnebProbe(25624): ADAPTER_EVT type=content cls=android.view.ViewGroup desc=null txt_len=0 pkg=com.larus.nova t_boot_ns=1193450199029682
09-05 21:31:21.270 I/AnebProbe(25624): ADAPTER_EVT type=content cls=android.view.ViewGroup desc=null txt_len=0 pkg=com.larus.nova t_boot_ns=1193450301387495
09-05 21:31:21.383 I/AnebProbe(25624): ADAPTER_EVT type=content cls=android.view.ViewGroup desc=null txt_len=0 pkg=com.larus.nova t_boot_ns=1193450414667703
09-05 21:31:21.483 I/AnebProbe(25624): ADAPTER_EVT type=content cls=android.view.ViewGroup desc=null txt_len=0 pkg=com.larus.nova t_boot_ns=1193450514482286
09-05 21:31:21.583 I/AnebProbe(25624): ADAPTER_EVT type=content cls=android.view.ViewGroup desc=null txt_len=0 pkg=com.larus.nova t_boot_ns=1193450614474474
09-05 21:31:21.698 I/AnebProbe(25624): ADAPTER_EVT type=content cls=android.view.ViewGroup desc=null txt_len=0 pkg=com.larus.nova t_boot_ns=1193450729061974
09-05 21:31:21.797 I/AnebProbe(25624): ADAPTER_EVT type=content cls=android.view.ViewGroup desc=null txt_len=0 pkg=com.larus.nova t_boot_ns=1193450828511453
09-05 21:31:21.899 I/AnebProbe(25624): ADAPTER_EVT type=content cls=android.view.ViewGroup desc=null txt_len=0 pkg=com.larus.nova t_boot_ns=1193450930229682
09-05 21:31:22.000 I/AnebProbe(25624): ADAPTER_EVT type=content cls=android.view.ViewGroup desc=null txt_len=0 pkg=com.larus.nova t_boot_ns=1193451030946349
09-05 21:31:22.118 I/AnebProbe(25624): ADAPTER_EVT type=content cls=android.view.ViewGroup desc=null txt_len=0 pkg=com.larus.nova t_boot_ns=1193451149142703
09-05 21:31:22.218 I/AnebProbe(25624): ADAPTER_EVT type=content cls=android.view.ViewGroup desc=null txt_len=0 pkg=com.larus.nova t_boot_ns=1193451249424995
09-05 21:31:22.333 I/AnebProbe(25624): ADAPTER_EVT type=content cls=android.view.ViewGroup desc=null txt_len=0 pkg=com.larus.nova t_boot_ns=1193451364176036
09-05 21:31:22.448 I/AnebProbe(25624): ADAPTER_EVT type=content cls=android.view.ViewGroup desc=null txt_len=0 pkg=com.larus.nova t_boot_ns=1193451478962495
09-05 21:31:22.561 I/AnebProbe(25624): ADAPTER_EVT type=content cls=android.view.ViewGroup desc=null txt_len=0 pkg=com.larus.nova t_boot_ns=1193451592163015
09-05 21:31:22.661 I/AnebProbe(25624): ADAPTER_EVT type=content cls=android.view.ViewGroup desc=null txt_len=0 pkg=com.larus.nova t_boot_ns=1193451691969786
09-05 21:31:22.766 I/AnebProbe(25624): ADAPTER_EVT type=content cls=android.view.ViewGroup desc=null txt_len=0 pkg=com.larus.nova t_boot_ns=1193451797698432
09-05 21:31:22.881 I/AnebProbe(25624): ADAPTER_EVT type=content cls=android.view.ViewGroup desc=null txt_len=0 pkg=com.larus.nova t_boot_ns=1193451912358849
09-05 21:31:22.995 I/AnebProbe(25624): ADAPTER_EVT type=content cls=android.view.ViewGroup desc=null txt_len=0 pkg=com.larus.nova t_boot_ns=1193452026382807
09-05 21:31:23.108 I/AnebProbe(25624): ADAPTER_EVT type=content cls=android.view.ViewGroup desc=null txt_len=0 pkg=com.larus.nova t_boot_ns=1193452139096870
09-05 21:31:23.225 I/AnebE4MARK(14263): E4MARK kind=turn_start n=5
09-05 21:31:23.226 I/AnebProbe(25624): ADAPTER_EVT type=content cls=android.view.ViewGroup desc=null txt_len=0 pkg=com.larus.nova t_boot_ns=1193452257721870
09-05 21:31:23.327 I/AnebProbe(25624): ADAPTER_EVT type=content cls=android.view.ViewGroup desc=null txt_len=0 pkg=com.larus.nova t_boot_ns=1193452358109890
09-05 21:31:23.386 I/AnebProbe(25624): ADAPTER_EVT type=content cls=android.view.ViewGroup desc=null txt_len=0 pkg=com.larus.nova t_boot_ns=1193452417278119
09-05 21:31:23.410 I/AnebProbe(25624): ADAPTER_EVT type=content cls=android.view.ViewGroup desc=null txt_len=0 pkg=com.larus.nova t_boot_ns=1193452441136974
09-05 21:31:23.509 I/AnebProbe(25624): ADAPTER_EVT type=content cls=android.view.ViewGroup desc=null txt_len=0 pkg=com.larus.nova t_boot_ns=1193452540770307
09-05 21:31:23.765 I/AnebProbe(25624): ADAPTER_EVT type=content cls=androidx.drawerlayout.widget.DrawerLayout desc=null txt_len=0 pkg=com.larus.nova t_boot_ns=1193452796727078
09-05 21:31:23.864 I/AnebProbe(25624): ADAPTER_EVT type=content cls=androidx.drawerlayout.widget.DrawerLayout desc=null txt_len=0 pkg=com.larus.nova t_boot_ns=1193452895958328
09-05 21:31:24.068 I/AnebProbe(25624): ADAPTER_EVT type=content cls=androidx.drawerlayout.widget.DrawerLayout desc=null txt_len=0 pkg=com.larus.nova t_boot_ns=1193453099766661
09-05 21:31:24.070 I/AnebProbe(25624): ADAPTER_OBS pkg=com.larus.nova mode=doubao events=1244 rule_matched=46 first_delta_ms=0 cadence_p50_ms=99.8 session_span_ms=440649.2 confidence=LOW/INCONCLUSIVE reason=throttle ttft_send_ms=null anchor_source=null ttft_cluster_ms=null ttft_density_ms=null
09-05 21:31:24.175 I/AnebProbe(25624): ADAPTER_EVT type=content cls=androidx.drawerlayout.widget.DrawerLayout desc=null txt_len=0 pkg=com.larus.nova t_boot_ns=1193453206779161
09-05 21:31:24.277 I/AnebProbe(25624): ADAPTER_EVT type=content cls=androidx.recyclerview.widget.RecyclerView desc=null txt_len=0 pkg=com.larus.nova t_boot_ns=1193453308928640
09-05 21:31:24.386 I/AnebProbe(25624): ADAPTER_EVT type=content cls=androidx.drawerlayout.widget.DrawerLayout desc=null txt_len=0 pkg=com.larus.nova t_boot_ns=1193453417067703
09-05 21:31:24.486 I/AnebProbe(25624): ADAPTER_EVT type=content cls=android.widget.TextView desc=null txt_len=0 pkg=com.larus.nova t_boot_ns=1193453517378640
09-05 21:31:24.851 I/AnebProbe(25624): ADAPTER_EVT type=content cls=androidx.recyclerview.widget.RecyclerView desc=null txt_len=0 pkg=com.larus.nova t_boot_ns=1193453882194786
09-05 21:31:24.948 I/AnebProbe(25624): ADAPTER_EVT type=content cls=androidx.recyclerview.widget.RecyclerView desc=null txt_len=0 pkg=com.larus.nova t_boot_ns=1193453979039578
09-05 21:31:25.150 I/AnebProbe(25624): ADAPTER_EVT type=content cls=androidx.drawerlayout.widget.DrawerLayout desc=null txt_len=0 pkg=com.larus.nova t_boot_ns=1193454181663536
09-05 21:31:25.259 I/AnebProbe(25624): ADAPTER_EVT type=content cls=androidx.drawerlayout.widget.DrawerLayout desc=null txt_len=0 pkg=com.larus.nova t_boot_ns=1193454290758328
09-05 21:31:25.532 I/AnebProbe(25624): ADAPTER_EVT type=content cls=androidx.recyclerview.widget.RecyclerView desc=null txt_len=0 pkg=com.larus.nova t_boot_ns=1193454563346869
09-05 21:31:25.628 I/AnebProbe(25624): ADAPTER_EVT type=content cls=androidx.recyclerview.widget.RecyclerView desc=null txt_len=0 pkg=com.larus.nova t_boot_ns=1193454659176036
09-05 21:31:25.878 I/AnebProbe(25624): ADAPTER_EVT type=content cls=androidx.drawerlayout.widget.DrawerLayout desc=null txt_len=0 pkg=com.larus.nova t_boot_ns=1193454909085932
09-05 21:31:25.979 I/AnebProbe(25624): ADAPTER_EVT type=content cls=androidx.drawerlayout.widget.DrawerLayout desc=null txt_len=0 pkg=com.larus.nova t_boot_ns=1193455010920827
09-05 21:31:26.080 I/AnebProbe(25624): ADAPTER_EVT type=content cls=androidx.drawerlayout.widget.DrawerLayout desc=null txt_len=0 pkg=com.larus.nova t_boot_ns=1193455111383327
09-05 21:31:26.383 I/AnebProbe(25624): ADAPTER_EVT type=content cls=androidx.drawerlayout.widget.DrawerLayout desc=null txt_len=0 pkg=com.larus.nova t_boot_ns=1193455414521869
09-05 21:31:29.231 I/AnebProbe(25624): ADAPTER_EVT type=content cls=androidx.drawerlayout.widget.DrawerLayout desc=null txt_len=0 pkg=com.larus.nova t_boot_ns=1193458262264056
09-05 21:31:29.236 I/AnebProbe(25624): ADAPTER_OBS pkg=com.larus.nova mode=doubao events=1259 rule_matched=52 first_delta_ms=0 cadence_p50_ms=99.8 session_span_ms=445811.7 confidence=LOW/INCONCLUSIVE reason=throttle ttft_send_ms=null anchor_source=null ttft_cluster_ms=8063.2 ttft_density_ms=null
09-05 21:31:29.332 I/AnebProbe(25624): ADAPTER_EVT type=content cls=androidx.drawerlayout.widget.DrawerLayout desc=null txt_len=0 pkg=com.larus.nova t_boot_ns=1193458362983848
09-05 21:31:29.506 I/AnebProbe(25624): ADAPTER_EVT type=content cls=androidx.drawerlayout.widget.DrawerLayout desc=null txt_len=0 pkg=com.larus.nova t_boot_ns=1193458537484369
09-05 21:31:29.608 I/AnebProbe(25624): ADAPTER_EVT type=content cls=androidx.drawerlayout.widget.DrawerLayout desc=null txt_len=0 pkg=com.larus.nova t_boot_ns=1193458639009369
09-05 21:31:29.710 I/AnebProbe(25624): ADAPTER_EVT type=content cls=androidx.drawerlayout.widget.DrawerLayout desc=null txt_len=0 pkg=com.larus.nova t_boot_ns=1193458741446869
09-05 21:31:29.822 I/AnebProbe(25624): ADAPTER_EVT type=content cls=androidx.drawerlayout.widget.DrawerLayout desc=null txt_len=0 pkg=com.larus.nova t_boot_ns=1193458853157285
09-05 21:31:29.922 I/AnebProbe(25624): ADAPTER_EVT type=content cls=androidx.drawerlayout.widget.DrawerLayout desc=null txt_len=0 pkg=com.larus.nova t_boot_ns=1193458953278118
09-05 21:31:30.022 I/AnebProbe(25624): ADAPTER_EVT type=content cls=androidx.drawerlayout.widget.DrawerLayout desc=null txt_len=0 pkg=com.larus.nova t_boot_ns=1193459053536973
09-05 21:31:30.137 I/AnebProbe(25624): ADAPTER_EVT type=content cls=androidx.drawerlayout.widget.DrawerLayout desc=null txt_len=0 pkg=com.larus.nova t_boot_ns=1193459168261452
09-05 21:31:30.239 I/AnebProbe(25624): ADAPTER_EVT type=content cls=androidx.drawerlayout.widget.DrawerLayout desc=null txt_len=0 pkg=com.larus.nova t_boot_ns=1193459270466660
09-05 21:31:30.339 I/AnebProbe(25624): ADAPTER_EVT type=content cls=androidx.drawerlayout.widget.DrawerLayout desc=null txt_len=0 pkg=com.larus.nova t_boot_ns=1193459370845306
09-05 21:31:30.452 I/AnebProbe(25624): ADAPTER_EVT type=content cls=androidx.drawerlayout.widget.DrawerLayout desc=null txt_len=0 pkg=com.larus.nova t_boot_ns=1193459483383327
09-05 21:31:30.568 I/AnebProbe(25624): ADAPTER_EVT type=content cls=androidx.drawerlayout.widget.DrawerLayout desc=null txt_len=0 pkg=com.larus.nova t_boot_ns=1193459599369785
09-05 21:31:30.683 I/AnebProbe(25624): ADAPTER_EVT type=content cls=androidx.drawerlayout.widget.DrawerLayout desc=null txt_len=0 pkg=com.larus.nova t_boot_ns=1193459714585410
09-05 21:31:30.785 I/AnebProbe(25624): ADAPTER_EVT type=content cls=androidx.drawerlayout.widget.DrawerLayout desc=null txt_len=0 pkg=com.larus.nova t_boot_ns=1193459816216139
09-05 21:31:30.884 I/AnebProbe(25624): ADAPTER_EVT type=content cls=androidx.drawerlayout.widget.DrawerLayout desc=null txt_len=0 pkg=com.larus.nova t_boot_ns=1193459915166139
09-05 21:31:30.985 I/AnebProbe(25624): ADAPTER_EVT type=content cls=androidx.drawerlayout.widget.DrawerLayout desc=null txt_len=0 pkg=com.larus.nova t_boot_ns=1193460016010931
09-05 21:31:31.098 I/AnebProbe(25624): ADAPTER_EVT type=content cls=androidx.drawerlayout.widget.DrawerLayout desc=null txt_len=0 pkg=com.larus.nova t_boot_ns=1193460129754160
09-05 21:31:31.199 I/AnebProbe(25624): ADAPTER_EVT type=content cls=androidx.drawerlayout.widget.DrawerLayout desc=null txt_len=0 pkg=com.larus.nova t_boot_ns=1193460229759368
09-05 21:31:31.298 I/AnebProbe(25624): ADAPTER_EVT type=content cls=androidx.drawerlayout.widget.DrawerLayout desc=null txt_len=0 pkg=com.larus.nova t_boot_ns=1193460329307806
09-05 21:31:31.401 I/AnebProbe(25624): ADAPTER_EVT type=content cls=androidx.drawerlayout.widget.DrawerLayout desc=null txt_len=0 pkg=com.larus.nova t_boot_ns=1193460431978639
09-05 21:31:31.509 I/AnebProbe(25624): ADAPTER_EVT type=content cls=androidx.drawerlayout.widget.DrawerLayout desc=null txt_len=0 pkg=com.larus.nova t_boot_ns=1193460540881243
09-05 21:31:31.610 I/AnebProbe(25624): ADAPTER_EVT type=content cls=androidx.drawerlayout.widget.DrawerLayout desc=null txt_len=0 pkg=com.larus.nova t_boot_ns=1193460641603639
09-05 21:31:31.727 I/AnebProbe(25624): ADAPTER_EVT type=content cls=androidx.drawerlayout.widget.DrawerLayout desc=null txt_len=0 pkg=com.larus.nova t_boot_ns=1193460758775514
09-05 21:31:31.828 I/AnebProbe(25624): ADAPTER_EVT type=content cls=androidx.drawerlayout.widget.DrawerLayout desc=null txt_len=0 pkg=com.larus.nova t_boot_ns=1193460858834368
09-05 21:31:31.927 I/AnebProbe(25624): ADAPTER_EVT type=content cls=androidx.drawerlayout.widget.DrawerLayout desc=null txt_len=0 pkg=com.larus.nova t_boot_ns=1193460958619785
09-05 21:31:32.029 I/AnebProbe(25624): ADAPTER_EVT type=content cls=androidx.drawerlayout.widget.DrawerLayout desc=null txt_len=0 pkg=com.larus.nova t_boot_ns=1193461060386452
09-05 21:31:32.144 I/AnebProbe(25624): ADAPTER_EVT type=content cls=androidx.drawerlayout.widget.DrawerLayout desc=null txt_len=0 pkg=com.larus.nova t_boot_ns=1193461175373951
09-05 21:31:32.259 I/AnebProbe(25624): ADAPTER_EVT type=content cls=androidx.drawerlayout.widget.DrawerLayout desc=null txt_len=0 pkg=com.larus.nova t_boot_ns=1193461289879160
09-05 21:31:32.359 I/AnebProbe(25624): ADAPTER_EVT type=content cls=androidx.drawerlayout.widget.DrawerLayout desc=null txt_len=0 pkg=com.larus.nova t_boot_ns=1193461390821868
09-05 21:31:32.458 I/AnebProbe(25624): ADAPTER_EVT type=content cls=androidx.drawerlayout.widget.DrawerLayout desc=null txt_len=0 pkg=com.larus.nova t_boot_ns=1193461489420826
09-05 21:31:32.558 I/AnebProbe(25624): ADAPTER_EVT type=content cls=androidx.drawerlayout.widget.DrawerLayout desc=null txt_len=0 pkg=com.larus.nova t_boot_ns=1193461589359889
09-05 21:31:32.673 I/AnebProbe(25624): ADAPTER_EVT type=content cls=androidx.drawerlayout.widget.DrawerLayout desc=null txt_len=0 pkg=com.larus.nova t_boot_ns=1193461704136451
09-05 21:31:32.774 I/AnebProbe(25624): ADAPTER_EVT type=content cls=androidx.drawerlayout.widget.DrawerLayout desc=null txt_len=0 pkg=com.larus.nova t_boot_ns=1193461805084368
09-05 21:31:32.875 I/AnebProbe(25624): ADAPTER_EVT type=content cls=androidx.drawerlayout.widget.DrawerLayout desc=null txt_len=0 pkg=com.larus.nova t_boot_ns=1193461906674472
09-05 21:31:32.988 I/AnebProbe(25624): ADAPTER_EVT type=content cls=androidx.drawerlayout.widget.DrawerLayout desc=null txt_len=0 pkg=com.larus.nova t_boot_ns=1193462019016660
09-05 21:31:33.090 I/AnebProbe(25624): ADAPTER_EVT type=content cls=androidx.drawerlayout.widget.DrawerLayout desc=null txt_len=0 pkg=com.larus.nova t_boot_ns=1193462121706764
09-05 21:31:33.202 I/AnebProbe(25624): ADAPTER_EVT type=content cls=androidx.drawerlayout.widget.DrawerLayout desc=null txt_len=0 pkg=com.larus.nova t_boot_ns=1193462233837493
09-05 21:31:33.302 I/AnebProbe(25624): ADAPTER_EVT type=content cls=androidx.drawerlayout.widget.DrawerLayout desc=null txt_len=0 pkg=com.larus.nova t_boot_ns=1193462333293222
09-05 21:31:33.404 I/AnebProbe(25624): ADAPTER_EVT type=content cls=androidx.drawerlayout.widget.DrawerLayout desc=null txt_len=0 pkg=com.larus.nova t_boot_ns=1193462435136451
09-05 21:31:33.505 I/AnebProbe(25624): ADAPTER_EVT type=content cls=androidx.drawerlayout.widget.DrawerLayout desc=null txt_len=0 pkg=com.larus.nova t_boot_ns=1193462535935410
09-05 21:31:33.618 I/AnebProbe(25624): ADAPTER_EVT type=content cls=androidx.drawerlayout.widget.DrawerLayout desc=null txt_len=0 pkg=com.larus.nova t_boot_ns=1193462649305201
09-05 21:31:33.720 I/AnebProbe(25624): ADAPTER_EVT type=content cls=androidx.drawerlayout.widget.DrawerLayout desc=null txt_len=0 pkg=com.larus.nova t_boot_ns=1193462751537493
09-05 21:31:33.832 I/AnebProbe(25624): ADAPTER_EVT type=content cls=androidx.drawerlayout.widget.DrawerLayout desc=null txt_len=0 pkg=com.larus.nova t_boot_ns=1193462863430201
09-05 21:31:33.948 I/AnebProbe(25624): ADAPTER_EVT type=content cls=androidx.drawerlayout.widget.DrawerLayout desc=null txt_len=0 pkg=com.larus.nova t_boot_ns=1193462979275514
09-05 21:31:34.049 I/AnebProbe(25624): ADAPTER_EVT type=content cls=androidx.drawerlayout.widget.DrawerLayout desc=null txt_len=0 pkg=com.larus.nova t_boot_ns=1193463080470826
09-05 21:31:34.150 I/AnebProbe(25624): ADAPTER_EVT type=content cls=androidx.drawerlayout.widget.DrawerLayout desc=null txt_len=0 pkg=com.larus.nova t_boot_ns=1193463181779160
09-05 21:31:34.252 I/AnebProbe(25624): ADAPTER_EVT type=content cls=androidx.drawerlayout.widget.DrawerLayout desc=null txt_len=0 pkg=com.larus.nova t_boot_ns=1193463283005722
09-05 21:31:34.256 I/AnebProbe(25624): ADAPTER_OBS pkg=com.larus.nova mode=doubao events=1306 rule_matched=52 first_delta_ms=0 cadence_p50_ms=100.0 session_span_ms=450832.5 confidence=LOW/INCONCLUSIVE reason=throttle ttft_send_ms=null anchor_source=null ttft_cluster_ms=8063.2 ttft_density_ms=null
09-05 21:31:34.362 I/AnebProbe(25624): ADAPTER_EVT type=content cls=androidx.drawerlayout.widget.DrawerLayout desc=null txt_len=0 pkg=com.larus.nova t_boot_ns=1193463393513014
09-05 21:31:34.464 I/AnebProbe(25624): ADAPTER_EVT type=content cls=androidx.drawerlayout.widget.DrawerLayout desc=null txt_len=0 pkg=com.larus.nova t_boot_ns=1193463495286972
09-05 21:31:34.582 I/AnebProbe(25624): ADAPTER_EVT type=content cls=androidx.drawerlayout.widget.DrawerLayout desc=null txt_len=0 pkg=com.larus.nova t_boot_ns=1193463613425514
09-05 21:31:34.694 I/AnebProbe(25624): ADAPTER_EVT type=content cls=androidx.drawerlayout.widget.DrawerLayout desc=null txt_len=0 pkg=com.larus.nova t_boot_ns=1193463725650514
09-05 21:31:34.795 I/AnebProbe(25624): ADAPTER_EVT type=content cls=androidx.drawerlayout.widget.DrawerLayout desc=null txt_len=0 pkg=com.larus.nova t_boot_ns=1193463826497389
09-05 21:31:34.911 I/AnebProbe(25624): ADAPTER_EVT type=content cls=androidx.drawerlayout.widget.DrawerLayout desc=null txt_len=0 pkg=com.larus.nova t_boot_ns=1193463942801034
09-05 21:31:35.010 I/AnebProbe(25624): ADAPTER_EVT type=content cls=androidx.drawerlayout.widget.DrawerLayout desc=null txt_len=0 pkg=com.larus.nova t_boot_ns=1193464041252076
09-05 21:31:35.109 I/AnebProbe(25624): ADAPTER_EVT type=content cls=androidx.drawerlayout.widget.DrawerLayout desc=null txt_len=0 pkg=com.larus.nova t_boot_ns=1193464140771347
09-05 21:31:35.209 I/AnebProbe(25624): ADAPTER_EVT type=content cls=androidx.drawerlayout.widget.DrawerLayout desc=null txt_len=0 pkg=com.larus.nova t_boot_ns=1193464240703118
09-05 21:31:35.310 I/AnebProbe(25624): ADAPTER_EVT type=content cls=androidx.drawerlayout.widget.DrawerLayout desc=null txt_len=0 pkg=com.larus.nova t_boot_ns=1193464341315618
09-05 21:31:35.425 I/AnebProbe(25624): ADAPTER_EVT type=content cls=androidx.drawerlayout.widget.DrawerLayout desc=null txt_len=0 pkg=com.larus.nova t_boot_ns=1193464456423951
09-05 21:31:35.529 I/AnebProbe(25624): ADAPTER_EVT type=content cls=androidx.drawerlayout.widget.DrawerLayout desc=null txt_len=0 pkg=com.larus.nova t_boot_ns=1193464559969784
09-05 21:31:35.641 I/AnebProbe(25624): ADAPTER_EVT type=content cls=androidx.drawerlayout.widget.DrawerLayout desc=null txt_len=0 pkg=com.larus.nova t_boot_ns=1193464672314576
09-05 21:31:35.744 I/AnebProbe(25624): ADAPTER_EVT type=content cls=androidx.drawerlayout.widget.DrawerLayout desc=null txt_len=0 pkg=com.larus.nova t_boot_ns=1193464775022388
09-05 21:31:35.845 I/AnebProbe(25624): ADAPTER_EVT type=content cls=androidx.drawerlayout.widget.DrawerLayout desc=null txt_len=0 pkg=com.larus.nova t_boot_ns=1193464876110930
09-05 21:31:35.954 I/AnebProbe(25624): ADAPTER_EVT type=content cls=androidx.drawerlayout.widget.DrawerLayout desc=null txt_len=0 pkg=com.larus.nova t_boot_ns=1193464984949472
09-05 21:31:36.055 I/AnebProbe(25624): ADAPTER_EVT type=content cls=androidx.drawerlayout.widget.DrawerLayout desc=null txt_len=0 pkg=com.larus.nova t_boot_ns=1193465086099472
09-05 21:31:36.158 I/AnebProbe(25624): ADAPTER_EVT type=content cls=androidx.drawerlayout.widget.DrawerLayout desc=null txt_len=0 pkg=com.larus.nova t_boot_ns=1193465189101034
09-05 21:31:36.267 I/AnebProbe(25624): ADAPTER_EVT type=content cls=androidx.drawerlayout.widget.DrawerLayout desc=null txt_len=0 pkg=com.larus.nova t_boot_ns=1193465298305722
09-05 21:31:36.366 I/AnebProbe(25624): ADAPTER_EVT type=content cls=androidx.drawerlayout.widget.DrawerLayout desc=null txt_len=0 pkg=com.larus.nova t_boot_ns=1193465397404680
09-05 21:31:36.472 I/AnebProbe(25624): ADAPTER_EVT type=content cls=androidx.drawerlayout.widget.DrawerLayout desc=null txt_len=0 pkg=com.larus.nova t_boot_ns=1193465503360409
09-05 21:31:36.572 I/AnebProbe(25624): ADAPTER_EVT type=content cls=androidx.drawerlayout.widget.DrawerLayout desc=null txt_len=0 pkg=com.larus.nova t_boot_ns=1193465602889055
09-05 21:31:36.685 I/AnebProbe(25624): ADAPTER_EVT type=content cls=androidx.drawerlayout.widget.DrawerLayout desc=null txt_len=0 pkg=com.larus.nova t_boot_ns=1193465716719784
09-05 21:31:36.785 I/AnebProbe(25624): ADAPTER_EVT type=content cls=androidx.drawerlayout.widget.DrawerLayout desc=null txt_len=0 pkg=com.larus.nova t_boot_ns=1193465816273430
09-05 21:31:36.902 I/AnebProbe(25624): ADAPTER_EVT type=content cls=androidx.drawerlayout.widget.DrawerLayout desc=null txt_len=0 pkg=com.larus.nova t_boot_ns=1193465933169784
09-05 21:31:37.014 I/AnebProbe(25624): ADAPTER_EVT type=content cls=androidx.drawerlayout.widget.DrawerLayout desc=null txt_len=0 pkg=com.larus.nova t_boot_ns=1193466045572909
09-05 21:31:37.116 I/AnebProbe(25624): ADAPTER_EVT type=content cls=androidx.drawerlayout.widget.DrawerLayout desc=null txt_len=0 pkg=com.larus.nova t_boot_ns=1193466147689576
09-05 21:31:37.217 I/AnebProbe(25624): ADAPTER_EVT type=content cls=androidx.drawerlayout.widget.DrawerLayout desc=null txt_len=0 pkg=com.larus.nova t_boot_ns=1193466247899472
09-05 21:31:37.318 I/AnebProbe(25624): ADAPTER_EVT type=content cls=androidx.drawerlayout.widget.DrawerLayout desc=null txt_len=0 pkg=com.larus.nova t_boot_ns=1193466349130201
09-05 21:31:37.439 I/AnebProbe(25624): ADAPTER_EVT type=content cls=androidx.drawerlayout.widget.DrawerLayout desc=null txt_len=0 pkg=com.larus.nova t_boot_ns=1193466470263013
09-05 21:31:37.549 I/AnebProbe(25624): ADAPTER_EVT type=content cls=androidx.drawerlayout.widget.DrawerLayout desc=null txt_len=0 pkg=com.larus.nova t_boot_ns=1193466580169263
09-05 21:31:37.666 I/AnebProbe(25624): ADAPTER_EVT type=content cls=androidx.drawerlayout.widget.DrawerLayout desc=null txt_len=0 pkg=com.larus.nova t_boot_ns=1193466696778117
09-05 21:31:37.778 I/AnebProbe(25624): ADAPTER_EVT type=content cls=androidx.drawerlayout.widget.DrawerLayout desc=null txt_len=0 pkg=com.larus.nova t_boot_ns=1193466809799471
09-05 21:31:37.883 I/AnebProbe(25624): ADAPTER_EVT type=content cls=androidx.drawerlayout.widget.DrawerLayout desc=null txt_len=0 pkg=com.larus.nova t_boot_ns=1193466913766138
09-05 21:31:37.995 I/AnebProbe(25624): ADAPTER_EVT type=content cls=androidx.drawerlayout.widget.DrawerLayout desc=null txt_len=0 pkg=com.larus.nova t_boot_ns=1193467026089576
09-05 21:31:38.095 I/AnebProbe(25624): ADAPTER_EVT type=content cls=androidx.drawerlayout.widget.DrawerLayout desc=null txt_len=0 pkg=com.larus.nova t_boot_ns=1193467126144784
09-05 21:31:38.209 I/AnebProbe(25624): ADAPTER_EVT type=content cls=androidx.drawerlayout.widget.DrawerLayout desc=null txt_len=0 pkg=com.larus.nova t_boot_ns=1193467240717701
09-05 21:31:38.310 I/AnebProbe(25624): ADAPTER_EVT type=content cls=androidx.drawerlayout.widget.DrawerLayout desc=null txt_len=0 pkg=com.larus.nova t_boot_ns=1193467341630201
09-05 21:31:38.410 I/AnebProbe(25624): ADAPTER_EVT type=content cls=androidx.drawerlayout.widget.DrawerLayout desc=null txt_len=0 pkg=com.larus.nova t_boot_ns=1193467440983326
09-05 21:31:38.510 I/AnebProbe(25624): ADAPTER_EVT type=content cls=androidx.drawerlayout.widget.DrawerLayout desc=null txt_len=0 pkg=com.larus.nova t_boot_ns=1193467541491138
09-05 21:31:38.629 I/AnebProbe(25624): ADAPTER_EVT type=content cls=androidx.drawerlayout.widget.DrawerLayout desc=null txt_len=0 pkg=com.larus.nova t_boot_ns=1193467660362492
09-05 21:31:38.741 I/AnebProbe(25624): ADAPTER_EVT type=content cls=androidx.drawerlayout.widget.DrawerLayout desc=null txt_len=0 pkg=com.larus.nova t_boot_ns=1193467772656763
09-05 21:31:38.859 I/AnebProbe(25624): ADAPTER_EVT type=content cls=androidx.drawerlayout.widget.DrawerLayout desc=null txt_len=0 pkg=com.larus.nova t_boot_ns=1193467890626034
09-05 21:31:38.965 I/AnebProbe(25624): ADAPTER_EVT type=content cls=androidx.drawerlayout.widget.DrawerLayout desc=null txt_len=0 pkg=com.larus.nova t_boot_ns=1193467995599471
09-05 21:31:39.071 I/AnebProbe(25624): ADAPTER_EVT type=content cls=androidx.drawerlayout.widget.DrawerLayout desc=null txt_len=0 pkg=com.larus.nova t_boot_ns=1193468102594263
09-05 21:31:39.171 I/AnebProbe(25624): ADAPTER_EVT type=content cls=androidx.drawerlayout.widget.DrawerLayout desc=null txt_len=0 pkg=com.larus.nova t_boot_ns=1193468202340096
09-05 21:31:39.289 I/AnebProbe(25624): ADAPTER_EVT type=content cls=androidx.drawerlayout.widget.DrawerLayout desc=null txt_len=0 pkg=com.larus.nova t_boot_ns=1193468320639575
09-05 21:31:39.292 I/AnebProbe(25624): ADAPTER_OBS pkg=com.larus.nova mode=doubao events=1353 rule_matched=52 first_delta_ms=0 cadence_p50_ms=100.1 session_span_ms=455870.1 confidence=LOW/INCONCLUSIVE reason=throttle ttft_send_ms=null anchor_source=null ttft_cluster_ms=8063.2 ttft_density_ms=null
09-05 21:31:39.390 I/AnebProbe(25624): ADAPTER_EVT type=content cls=androidx.drawerlayout.widget.DrawerLayout desc=null txt_len=0 pkg=com.larus.nova t_boot_ns=1193468421007284
09-05 21:31:39.504 I/AnebProbe(25624): ADAPTER_EVT type=content cls=androidx.drawerlayout.widget.DrawerLayout desc=null txt_len=0 pkg=com.larus.nova t_boot_ns=1193468535585930
09-05 21:31:39.621 I/AnebProbe(25624): ADAPTER_EVT type=content cls=androidx.drawerlayout.widget.DrawerLayout desc=null txt_len=0 pkg=com.larus.nova t_boot_ns=1193468652327075
09-05 21:31:39.721 I/AnebProbe(25624): ADAPTER_EVT type=content cls=androidx.drawerlayout.widget.DrawerLayout desc=null txt_len=0 pkg=com.larus.nova t_boot_ns=1193468751969784
09-05 21:31:39.824 I/AnebProbe(25624): ADAPTER_EVT type=content cls=androidx.drawerlayout.widget.DrawerLayout desc=null txt_len=0 pkg=com.larus.nova t_boot_ns=1193468854994263
09-05 21:31:39.934 I/AnebProbe(25624): ADAPTER_EVT type=content cls=androidx.drawerlayout.widget.DrawerLayout desc=null txt_len=0 pkg=com.larus.nova t_boot_ns=1193468964909888
09-05 21:31:40.052 I/AnebProbe(25624): ADAPTER_EVT type=content cls=androidx.drawerlayout.widget.DrawerLayout desc=null txt_len=0 pkg=com.larus.nova t_boot_ns=1193469083776554
09-05 21:31:40.152 I/AnebProbe(25624): ADAPTER_EVT type=content cls=androidx.drawerlayout.widget.DrawerLayout desc=null txt_len=0 pkg=com.larus.nova t_boot_ns=1193469183449992
09-05 21:31:40.266 I/AnebProbe(25624): ADAPTER_EVT type=content cls=androidx.drawerlayout.widget.DrawerLayout desc=null txt_len=0 pkg=com.larus.nova t_boot_ns=1193469297266659
09-05 21:31:40.368 I/AnebProbe(25624): ADAPTER_EVT type=content cls=androidx.drawerlayout.widget.DrawerLayout desc=null txt_len=0 pkg=com.larus.nova t_boot_ns=1193469399742179
09-05 21:31:40.465 I/AnebProbe(25624): ADAPTER_EVT type=content cls=androidx.drawerlayout.widget.DrawerLayout desc=null txt_len=0 pkg=com.larus.nova t_boot_ns=1193469496091138
09-05 21:31:40.579 I/AnebProbe(25624): ADAPTER_EVT type=content cls=androidx.drawerlayout.widget.DrawerLayout desc=null txt_len=0 pkg=com.larus.nova t_boot_ns=1193469609494263
09-05 21:31:40.682 I/AnebProbe(25624): ADAPTER_EVT type=content cls=androidx.drawerlayout.widget.DrawerLayout desc=null txt_len=0 pkg=com.larus.nova t_boot_ns=1193469713713013
09-05 21:31:40.794 I/AnebProbe(25624): ADAPTER_EVT type=content cls=androidx.drawerlayout.widget.DrawerLayout desc=null txt_len=0 pkg=com.larus.nova t_boot_ns=1193469825610929
09-05 21:31:40.894 I/AnebProbe(25624): ADAPTER_EVT type=content cls=androidx.drawerlayout.widget.DrawerLayout desc=null txt_len=0 pkg=com.larus.nova t_boot_ns=1193469925336971
09-05 21:31:41.195 I/AnebProbe(25624): ADAPTER_EVT type=content cls=androidx.drawerlayout.widget.DrawerLayout desc=null txt_len=0 pkg=com.larus.nova t_boot_ns=1193470225924471
09-05 21:31:41.416 I/AnebProbe(25624): ADAPTER_EVT type=content cls=androidx.drawerlayout.widget.DrawerLayout desc=null txt_len=0 pkg=com.larus.nova t_boot_ns=1193470447391138
09-05 21:31:41.540 I/AnebProbe(25624): ADAPTER_EVT type=content cls=androidx.drawerlayout.widget.DrawerLayout desc=null txt_len=0 pkg=com.larus.nova t_boot_ns=1193470571447388
09-05 21:31:41.649 I/AnebProbe(25624): ADAPTER_EVT type=content cls=androidx.drawerlayout.widget.DrawerLayout desc=null txt_len=0 pkg=com.larus.nova t_boot_ns=1193470680547388
09-05 21:31:41.759 I/AnebProbe(25624): ADAPTER_EVT type=content cls=androidx.drawerlayout.widget.DrawerLayout desc=null txt_len=0 pkg=com.larus.nova t_boot_ns=1193470790754158
09-05 21:31:41.869 I/AnebProbe(25624): ADAPTER_EVT type=content cls=androidx.drawerlayout.widget.DrawerLayout desc=null txt_len=0 pkg=com.larus.nova t_boot_ns=1193470900342700
09-05 21:31:41.987 I/AnebProbe(25624): ADAPTER_EVT type=content cls=androidx.drawerlayout.widget.DrawerLayout desc=null txt_len=0 pkg=com.larus.nova t_boot_ns=1193471018111971
09-05 21:31:42.092 I/AnebProbe(25624): ADAPTER_EVT type=content cls=androidx.drawerlayout.widget.DrawerLayout desc=null txt_len=0 pkg=com.larus.nova t_boot_ns=1193471123255721
09-05 21:31:42.191 I/AnebProbe(25624): ADAPTER_EVT type=content cls=androidx.recyclerview.widget.RecyclerView desc=null txt_len=0 pkg=com.larus.nova t_boot_ns=1193471222316137
09-05 21:31:42.293 I/AnebProbe(25624): ADAPTER_EVT type=content cls=androidx.recyclerview.widget.RecyclerView desc=null txt_len=0 pkg=com.larus.nova t_boot_ns=1193471323256762
09-05 21:31:42.393 I/AnebProbe(25624): ADAPTER_EVT type=content cls=androidx.recyclerview.widget.RecyclerView desc=null txt_len=0 pkg=com.larus.nova t_boot_ns=1193471424446867
09-05 21:31:42.527 I/AnebProbe(25624): ADAPTER_EVT type=content cls=androidx.drawerlayout.widget.DrawerLayout desc=null txt_len=0 pkg=com.larus.nova t_boot_ns=1193471558503117
09-05 21:31:42.627 I/AnebProbe(25624): ADAPTER_EVT type=content cls=androidx.drawerlayout.widget.DrawerLayout desc=null txt_len=0 pkg=com.larus.nova t_boot_ns=1193471658051554
09-05 21:31:42.730 I/AnebProbe(25624): ADAPTER_EVT type=content cls=androidx.recyclerview.widget.RecyclerView desc=null txt_len=0 pkg=com.larus.nova t_boot_ns=1193471761399471
09-05 21:31:42.841 I/AnebProbe(25624): ADAPTER_EVT type=content cls=androidx.recyclerview.widget.RecyclerView desc=null txt_len=0 pkg=com.larus.nova t_boot_ns=1193471872345825
09-05 21:31:42.941 I/AnebProbe(25624): ADAPTER_EVT type=content cls=androidx.drawerlayout.widget.DrawerLayout desc=null txt_len=0 pkg=com.larus.nova t_boot_ns=1193471972343742
09-05 21:31:52.174 I/AnebProbe(25624): ADAPTER_EVT type=content cls=androidx.recyclerview.widget.RecyclerView desc=null txt_len=0 pkg=com.larus.nova t_boot_ns=1193481204937490
09-05 21:31:52.177 I/AnebProbe(25624): ADAPTER_OBS pkg=com.larus.nova mode=doubao events=1385 rule_matched=58 first_delta_ms=0 cadence_p50_ms=100.4 session_span_ms=468754.4 confidence=LOW/INCONCLUSIVE reason=throttle ttft_send_ms=null anchor_source=null ttft_cluster_ms=8063.2 ttft_density_ms=null
09-05 21:31:52.266 I/AnebProbe(25624): ADAPTER_EVT type=content cls=androidx.recyclerview.widget.RecyclerView desc=null txt_len=0 pkg=com.larus.nova t_boot_ns=1193481297200511
09-05 21:31:52.563 I/AnebProbe(25624): ADAPTER_EVT type=content cls=androidx.recyclerview.widget.RecyclerView desc=null txt_len=0 pkg=com.larus.nova t_boot_ns=1193481594155198
09-05 21:31:52.632 I/AnebProbe(25624): ADAPTER_EVT type=content cls=androidx.recyclerview.widget.RecyclerView desc=null txt_len=0 pkg=com.larus.nova t_boot_ns=1193481663505198
09-05 21:31:52.824 I/AnebProbe(25624): ADAPTER_EVT type=content cls=androidx.recyclerview.widget.RecyclerView desc=null txt_len=0 pkg=com.larus.nova t_boot_ns=1193481855771865
09-05 21:31:52.898 I/AnebProbe(25624): ADAPTER_EVT type=content cls=androidx.recyclerview.widget.RecyclerView desc=null txt_len=0 pkg=com.larus.nova t_boot_ns=1193481929230198
09-05 21:32:38.279 I/AnebE4MARK(14953): E4MARK kind=answer_complete n=5
09-05 21:32:58.711 I/AnebProbe(25624): ADAPTER_EVT type=click cls=android.widget.ImageView desc=返回 txt_len=2 pkg=com.larus.nova t_boot_ns=1193547742190084
09-05 21:32:58.714 I/AnebProbe(25624): ADAPTER_OBS pkg=com.larus.nova mode=doubao events=1390 rule_matched=63 first_delta_ms=0 cadence_p50_ms=100.4 session_span_ms=469478.7 confidence=LOW/INCONCLUSIVE reason=throttle ttft_send_ms=null anchor_source=null ttft_cluster_ms=8063.2 ttft_density_ms=null
09-05 21:32:58.830 I/AnebProbe(25624): ADAPTER_EVT type=content cls=androidx.drawerlayout.widget.DrawerLayout desc=null txt_len=0 pkg=com.larus.nova t_boot_ns=1193547861164563
09-05 21:32:58.943 I/AnebProbe(25624): ADAPTER_EVT type=content cls=androidx.drawerlayout.widget.DrawerLayout desc=null txt_len=0 pkg=com.larus.nova t_boot_ns=1193547974406751
09-05 21:32:59.059 I/AnebProbe(25624): ADAPTER_EVT type=content cls=androidx.drawerlayout.widget.DrawerLayout desc=null txt_len=0 pkg=com.larus.nova t_boot_ns=1193548090696855
09-05 21:32:59.149 I/AnebProbe(25624): ADAPTER_EVT type=content cls=androidx.drawerlayout.widget.DrawerLayout desc=null txt_len=0 pkg=com.larus.nova t_boot_ns=1193548180208834
09-05 21:33:00.461 I/AnebProbe(25624): ADAPTER_EVT type=click cls=android.widget.ImageView desc=创建新对话 txt_len=5 pkg=com.larus.nova t_boot_ns=1193549492330709
09-05 21:33:00.470 I/AnebProbe(25624): ADAPTER_EVT type=content cls=android.widget.FrameLayout desc=null txt_len=0 pkg=com.larus.nova t_boot_ns=1193549501185396
09-05 21:33:00.720 I/AnebProbe(25624): ADAPTER_EVT type=content cls=androidx.drawerlayout.widget.DrawerLayout desc=null txt_len=0 pkg=com.larus.nova t_boot_ns=1193549751819771
09-05 21:33:00.855 I/AnebProbe(25624): ADAPTER_EVT type=content cls=androidx.drawerlayout.widget.DrawerLayout desc=null txt_len=0 pkg=com.larus.nova t_boot_ns=1193549886319250
09-05 21:33:00.876 I/AnebProbe(25624): ADAPTER_EVT type=content cls=androidx.drawerlayout.widget.DrawerLayout desc=null txt_len=0 pkg=com.larus.nova t_boot_ns=1193549907630709
09-05 21:33:00.907 I/AnebProbe(25624): ADAPTER_EVT type=content cls=android.view.ViewGroup desc=null txt_len=0 pkg=com.larus.nova t_boot_ns=1193549938536959
09-05 21:33:00.996 I/AnebProbe(25624): ADAPTER_EVT type=content cls=android.view.ViewGroup desc=null txt_len=0 pkg=com.larus.nova t_boot_ns=1193550027841125
09-05 21:33:01.098 I/AnebProbe(25624): ADAPTER_EVT type=content cls=android.view.ViewGroup desc=null txt_len=0 pkg=com.larus.nova t_boot_ns=1193550129177584
09-05 21:33:01.198 I/AnebProbe(25624): ADAPTER_EVT type=content cls=androidx.drawerlayout.widget.DrawerLayout desc=null txt_len=0 pkg=com.larus.nova t_boot_ns=1193550229566125
09-05 21:33:01.298 I/AnebProbe(25624): ADAPTER_EVT type=content cls=androidx.drawerlayout.widget.DrawerLayout desc=null txt_len=0 pkg=com.larus.nova t_boot_ns=1193550329539563
09-05 21:33:01.666 I/AnebProbe(25624): ADAPTER_EVT type=content cls=androidx.recyclerview.widget.RecyclerView desc=null txt_len=0 pkg=com.larus.nova t_boot_ns=1193550697755709
09-05 21:33:01.764 I/AnebProbe(25624): ADAPTER_EVT type=content cls=android.view.ViewGroup desc=null txt_len=0 pkg=com.larus.nova t_boot_ns=1193550795257792
09-05 21:33:01.873 I/AnebProbe(25624): ADAPTER_EVT type=content cls=android.view.ViewGroup desc=null txt_len=0 pkg=com.larus.nova t_boot_ns=1193550904386438
09-05 21:33:01.972 I/AnebProbe(25624): ADAPTER_EVT type=content cls=android.view.ViewGroup desc=null txt_len=0 pkg=com.larus.nova t_boot_ns=1193551003483313
09-05 21:33:02.072 I/AnebProbe(25624): ADAPTER_EVT type=content cls=android.view.ViewGroup desc=null txt_len=0 pkg=com.larus.nova t_boot_ns=1193551103731750
09-05 21:33:02.172 I/AnebProbe(25624): ADAPTER_EVT type=content cls=android.view.ViewGroup desc=null txt_len=0 pkg=com.larus.nova t_boot_ns=1193551203495813
09-05 21:33:02.273 I/AnebProbe(25624): ADAPTER_EVT type=content cls=android.view.ViewGroup desc=null txt_len=0 pkg=com.larus.nova t_boot_ns=1193551304170292
09-05 21:33:02.382 I/AnebProbe(25624): ADAPTER_EVT type=content cls=android.view.ViewGroup desc=null txt_len=0 pkg=com.larus.nova t_boot_ns=1193551413715084
09-05 21:33:02.493 I/AnebProbe(25624): ADAPTER_EVT type=content cls=androidx.drawerlayout.widget.DrawerLayout desc=null txt_len=0 pkg=com.larus.nova t_boot_ns=1193551524202584
09-05 21:33:02.592 I/AnebProbe(25624): ADAPTER_EVT type=content cls=android.view.ViewGroup desc=null txt_len=0 pkg=com.larus.nova t_boot_ns=1193551623361438
09-05 21:33:02.714 I/AnebProbe(25624): ADAPTER_EVT type=content cls=android.view.ViewGroup desc=null txt_len=0 pkg=com.larus.nova t_boot_ns=1193551745567688
09-05 21:33:03.508 I/AnebProbe(25624): ADAPTER_EVT type=content cls=android.view.ViewGroup desc=新对话，打开设置页 txt_len=0 pkg=com.larus.nova t_boot_ns=1193552539587479
09-05 21:33:03.612 I/AnebProbe(25624): ADAPTER_EVT type=content cls=android.view.ViewGroup desc=null txt_len=0 pkg=com.larus.nova t_boot_ns=1193552643121854
09-05 21:33:03.726 I/AnebProbe(25624): ADAPTER_EVT type=content cls=android.view.ViewGroup desc=null txt_len=0 pkg=com.larus.nova t_boot_ns=1193552757193729
09-05 21:33:03.727 I/AnebProbe(25624): ADAPTER_OBS pkg=com.larus.nova mode=doubao events=1417 rule_matched=64 first_delta_ms=0 cadence_p50_ms=101.2 session_span_ms=540306.6 confidence=LOW/INCONCLUSIVE reason=throttle ttft_send_ms=null anchor_source=null ttft_cluster_ms=8063.2 ttft_density_ms=null
09-05 21:33:03.829 I/AnebProbe(25624): ADAPTER_EVT type=content cls=android.view.ViewGroup desc=null txt_len=0 pkg=com.larus.nova t_boot_ns=1193552860349979
09-05 21:33:03.944 I/AnebProbe(25624): ADAPTER_EVT type=content cls=android.view.ViewGroup desc=null txt_len=0 pkg=com.larus.nova t_boot_ns=1193552975566125
09-05 21:33:04.055 I/AnebProbe(25624): ADAPTER_EVT type=content cls=android.view.ViewGroup desc=null txt_len=0 pkg=com.larus.nova t_boot_ns=1193553086540083
09-05 21:33:04.156 I/AnebProbe(25624): ADAPTER_EVT type=content cls=android.view.ViewGroup desc=null txt_len=0 pkg=com.larus.nova t_boot_ns=1193553187586958
09-05 21:33:04.275 I/AnebProbe(25624): ADAPTER_EVT type=content cls=android.view.ViewGroup desc=null txt_len=0 pkg=com.larus.nova t_boot_ns=1193553306106750
09-05 21:33:04.386 I/AnebProbe(25624): ADAPTER_EVT type=content cls=android.view.ViewGroup desc=null txt_len=0 pkg=com.larus.nova t_boot_ns=1193553417656750
09-05 21:33:04.494 I/AnebProbe(25624): ADAPTER_EVT type=content cls=android.view.ViewGroup desc=null txt_len=0 pkg=com.larus.nova t_boot_ns=1193553524970292
09-05 21:33:04.603 I/AnebProbe(25624): ADAPTER_EVT type=content cls=android.view.ViewGroup desc=null txt_len=0 pkg=com.larus.nova t_boot_ns=1193553634065604
09-05 21:33:04.710 I/AnebProbe(25624): ADAPTER_EVT type=content cls=android.view.ViewGroup desc=null txt_len=0 pkg=com.larus.nova t_boot_ns=1193553741436437
09-05 21:33:04.832 I/AnebProbe(25624): ADAPTER_EVT type=content cls=android.view.ViewGroup desc=null txt_len=0 pkg=com.larus.nova t_boot_ns=1193553863173417
09-05 21:33:04.875 I/AnebProbe(25624): ADAPTER_EVT type=content cls=android.view.ViewGroup desc=null txt_len=0 pkg=com.larus.nova t_boot_ns=1193553906508833
09-05 21:33:04.876 I/AnebProbe(25624): ADAPTER_EVT type=content cls=android.widget.EditText desc=null txt_len=1 pkg=com.larus.nova t_boot_ns=1193553907028104
09-05 21:33:04.880 I/AnebProbe(25624): ADAPTER_EVT type=content cls=android.view.ViewGroup desc=null txt_len=0 pkg=com.larus.nova t_boot_ns=1193553911046854
09-05 21:33:04.912 I/AnebProbe(25624): ADAPTER_EVT type=content cls=android.view.ViewGroup desc=null txt_len=0 pkg=com.larus.nova t_boot_ns=1193553941130187
09-05 21:33:04.912 I/AnebProbe(25624): ADAPTER_EVT type=content cls=android.widget.EditText desc=null txt_len=2 pkg=com.larus.nova t_boot_ns=1193553943756750
09-05 21:33:04.924 I/AnebProbe(25624): ADAPTER_EVT type=content cls=android.view.ViewGroup desc=null txt_len=0 pkg=com.larus.nova t_boot_ns=1193553955889562
09-05 21:33:04.925 I/AnebProbe(25624): ADAPTER_EVT type=content cls=android.widget.EditText desc=null txt_len=3 pkg=com.larus.nova t_boot_ns=1193553956206750
09-05 21:33:04.942 I/AnebProbe(25624): ADAPTER_EVT type=content cls=android.view.ViewGroup desc=null txt_len=0 pkg=com.larus.nova t_boot_ns=1193553973228104
09-05 21:33:04.942 I/AnebProbe(25624): ADAPTER_EVT type=content cls=android.widget.EditText desc=null txt_len=4 pkg=com.larus.nova t_boot_ns=1193553973676021
09-05 21:33:04.959 I/AnebProbe(25624): ADAPTER_EVT type=content cls=android.view.ViewGroup desc=null txt_len=0 pkg=com.larus.nova t_boot_ns=1193553989950500
09-05 21:33:04.959 I/AnebProbe(25624): ADAPTER_EVT type=content cls=android.widget.EditText desc=null txt_len=5 pkg=com.larus.nova t_boot_ns=1193553990472375
09-05 21:33:04.978 I/AnebProbe(25624): ADAPTER_EVT type=content cls=android.view.ViewGroup desc=null txt_len=0 pkg=com.larus.nova t_boot_ns=1193554009156229
09-05 21:33:04.978 I/AnebProbe(25624): ADAPTER_EVT type=content cls=android.widget.EditText desc=null txt_len=6 pkg=com.larus.nova t_boot_ns=1193554009422896
09-05 21:33:04.993 I/AnebProbe(25624): ADAPTER_EVT type=content cls=android.view.ViewGroup desc=null txt_len=0 pkg=com.larus.nova t_boot_ns=1193554024261437
09-05 21:33:04.993 I/AnebProbe(25624): ADAPTER_EVT type=content cls=android.widget.EditText desc=null txt_len=7 pkg=com.larus.nova t_boot_ns=1193554024589041
09-05 21:33:05.009 I/AnebProbe(25624): ADAPTER_EVT type=content cls=android.view.ViewGroup desc=null txt_len=0 pkg=com.larus.nova t_boot_ns=1193554040939562
09-05 21:33:05.014 I/AnebProbe(25624): ADAPTER_EVT type=content cls=android.widget.EditText desc=null txt_len=8 pkg=com.larus.nova t_boot_ns=1193554045223416
09-05 21:33:05.027 I/AnebProbe(25624): ADAPTER_EVT type=content cls=android.view.ViewGroup desc=null txt_len=0 pkg=com.larus.nova t_boot_ns=1193554058662479
09-05 21:33:05.028 I/AnebProbe(25624): ADAPTER_EVT type=content cls=android.widget.EditText desc=null txt_len=9 pkg=com.larus.nova t_boot_ns=1193554059044250
09-05 21:33:05.050 I/AnebProbe(25624): ADAPTER_EVT type=content cls=android.view.ViewGroup desc=null txt_len=0 pkg=com.larus.nova t_boot_ns=1193554081994771
09-05 21:33:05.051 I/AnebProbe(25624): ADAPTER_EVT type=content cls=android.widget.EditText desc=null txt_len=10 pkg=com.larus.nova t_boot_ns=1193554082383312
09-05 21:33:05.064 I/AnebProbe(25624): ADAPTER_EVT type=content cls=android.view.ViewGroup desc=null txt_len=0 pkg=com.larus.nova t_boot_ns=1193554095446854
09-05 21:33:05.064 I/AnebProbe(25624): ADAPTER_EVT type=content cls=android.widget.EditText desc=null txt_len=11 pkg=com.larus.nova t_boot_ns=1193554095855187
09-05 21:33:05.083 I/AnebProbe(25624): ADAPTER_EVT type=content cls=android.view.ViewGroup desc=null txt_len=0 pkg=com.larus.nova t_boot_ns=1193554114729146
09-05 21:33:05.084 I/AnebProbe(25624): ADAPTER_EVT type=content cls=android.widget.EditText desc=null txt_len=12 pkg=com.larus.nova t_boot_ns=1193554115079146
09-05 21:33:05.092 I/AnebProbe(25624): ADAPTER_EVT type=content cls=android.widget.EditText desc=null txt_len=13 pkg=com.larus.nova t_boot_ns=1193554123514562
09-05 21:33:05.118 I/AnebProbe(25624): ADAPTER_EVT type=content cls=android.view.ViewGroup desc=null txt_len=0 pkg=com.larus.nova t_boot_ns=1193554149910396
09-05 21:33:05.119 I/AnebProbe(25624): ADAPTER_EVT type=content cls=android.widget.EditText desc=null txt_len=14 pkg=com.larus.nova t_boot_ns=1193554150334875
09-05 21:33:05.149 I/AnebProbe(25624): ADAPTER_EVT type=content cls=android.view.ViewGroup desc=null txt_len=0 pkg=com.larus.nova t_boot_ns=1193554180037479
09-05 21:33:05.149 I/AnebProbe(25624): ADAPTER_EVT type=content cls=android.widget.EditText desc=null txt_len=15 pkg=com.larus.nova t_boot_ns=1193554180495291
09-05 21:33:05.168 I/AnebProbe(25624): ADAPTER_EVT type=content cls=android.view.ViewGroup desc=null txt_len=0 pkg=com.larus.nova t_boot_ns=1193554199457791
09-05 21:33:05.168 I/AnebProbe(25624): ADAPTER_EVT type=content cls=android.widget.EditText desc=null txt_len=16 pkg=com.larus.nova t_boot_ns=1193554199872896
09-05 21:33:05.189 I/AnebProbe(25624): ADAPTER_EVT type=content cls=android.view.ViewGroup desc=null txt_len=0 pkg=com.larus.nova t_boot_ns=1193554220851541
09-05 21:33:05.190 I/AnebProbe(25624): ADAPTER_EVT type=content cls=android.widget.EditText desc=null txt_len=17 pkg=com.larus.nova t_boot_ns=1193554221320812
09-05 21:33:05.210 I/AnebProbe(25624): ADAPTER_EVT type=content cls=android.view.ViewGroup desc=null txt_len=0 pkg=com.larus.nova t_boot_ns=1193554241467166
09-05 21:33:05.210 I/AnebProbe(25624): ADAPTER_EVT type=content cls=android.widget.EditText desc=null txt_len=18 pkg=com.larus.nova t_boot_ns=1193554241930708
09-05 21:33:05.233 I/AnebProbe(25624): ADAPTER_EVT type=content cls=android.view.ViewGroup desc=null txt_len=0 pkg=com.larus.nova t_boot_ns=1193554263990604
09-05 21:33:05.233 I/AnebProbe(25624): ADAPTER_EVT type=content cls=android.widget.EditText desc=null txt_len=19 pkg=com.larus.nova t_boot_ns=1193554264639041
09-05 21:33:05.243 I/AnebProbe(25624): ADAPTER_EVT type=content cls=android.widget.EditText desc=null txt_len=20 pkg=com.larus.nova t_boot_ns=1193554274735396
09-05 21:33:05.266 I/AnebProbe(25624): ADAPTER_EVT type=content cls=android.view.ViewGroup desc=null txt_len=0 pkg=com.larus.nova t_boot_ns=1193554297715083
09-05 21:33:05.267 I/AnebProbe(25624): ADAPTER_EVT type=content cls=android.widget.EditText desc=null txt_len=21 pkg=com.larus.nova t_boot_ns=1193554298255708
09-05 21:33:05.288 I/AnebProbe(25624): ADAPTER_EVT type=content cls=android.view.ViewGroup desc=null txt_len=0 pkg=com.larus.nova t_boot_ns=1193554319580187
09-05 21:33:05.289 I/AnebProbe(25624): ADAPTER_EVT type=content cls=android.widget.EditText desc=null txt_len=22 pkg=com.larus.nova t_boot_ns=1193554319997375
09-05 21:33:05.309 I/AnebProbe(25624): ADAPTER_EVT type=content cls=android.view.ViewGroup desc=null txt_len=0 pkg=com.larus.nova t_boot_ns=1193554340117687
09-05 21:33:05.309 I/AnebProbe(25624): ADAPTER_EVT type=content cls=android.widget.EditText desc=null txt_len=23 pkg=com.larus.nova t_boot_ns=1193554340520291
09-05 21:33:05.332 I/AnebProbe(25624): ADAPTER_EVT type=content cls=android.view.ViewGroup desc=null txt_len=0 pkg=com.larus.nova t_boot_ns=1193554363395812
09-05 21:33:05.332 I/AnebProbe(25624): ADAPTER_EVT type=content cls=android.widget.EditText desc=null txt_len=24 pkg=com.larus.nova t_boot_ns=1193554363886958
09-05 21:33:05.354 I/AnebProbe(25624): ADAPTER_EVT type=content cls=android.view.ViewGroup desc=null txt_len=0 pkg=com.larus.nova t_boot_ns=1193554385901541
09-05 21:33:05.355 I/AnebProbe(25624): ADAPTER_EVT type=content cls=android.widget.EditText desc=null txt_len=25 pkg=com.larus.nova t_boot_ns=1193554386304666
09-05 21:33:05.376 I/AnebProbe(25624): ADAPTER_EVT type=content cls=android.view.ViewGroup desc=null txt_len=0 pkg=com.larus.nova t_boot_ns=1193554407079666
09-05 21:33:05.376 I/AnebProbe(25624): ADAPTER_EVT type=content cls=android.widget.EditText desc=null txt_len=26 pkg=com.larus.nova t_boot_ns=1193554407583833
09-05 21:33:05.398 I/AnebProbe(25624): ADAPTER_EVT type=content cls=android.view.ViewGroup desc=null txt_len=0 pkg=com.larus.nova t_boot_ns=1193554429533312
09-05 21:33:05.398 I/AnebProbe(25624): ADAPTER_EVT type=content cls=android.widget.EditText desc=null txt_len=27 pkg=com.larus.nova t_boot_ns=1193554429940083
09-05 21:33:05.409 I/AnebProbe(25624): ADAPTER_EVT type=content cls=android.widget.EditText desc=null txt_len=28 pkg=com.larus.nova t_boot_ns=1193554440627062
09-05 21:33:05.431 I/AnebProbe(25624): ADAPTER_EVT type=content cls=android.view.ViewGroup desc=null txt_len=0 pkg=com.larus.nova t_boot_ns=1193554462333833
09-05 21:33:05.431 I/AnebProbe(25624): ADAPTER_EVT type=content cls=android.widget.EditText desc=null txt_len=29 pkg=com.larus.nova t_boot_ns=1193554462744771
09-05 21:33:05.441 I/AnebProbe(25624): ADAPTER_EVT type=content cls=android.widget.EditText desc=null txt_len=30 pkg=com.larus.nova t_boot_ns=1193554472710916
09-05 21:33:05.465 I/AnebProbe(25624): ADAPTER_EVT type=content cls=android.view.ViewGroup desc=null txt_len=0 pkg=com.larus.nova t_boot_ns=1193554496676541
09-05 21:33:05.466 I/AnebProbe(25624): ADAPTER_EVT type=content cls=android.widget.EditText desc=null txt_len=31 pkg=com.larus.nova t_boot_ns=1193554497246854
09-05 21:33:05.474 I/AnebProbe(25624): ADAPTER_EVT type=content cls=android.widget.EditText desc=null txt_len=32 pkg=com.larus.nova t_boot_ns=1193554505767687
09-05 21:33:05.498 I/AnebProbe(25624): ADAPTER_EVT type=content cls=android.view.ViewGroup desc=null txt_len=0 pkg=com.larus.nova t_boot_ns=1193554529267166
09-05 21:33:05.498 I/AnebProbe(25624): ADAPTER_EVT type=content cls=android.widget.EditText desc=null txt_len=33 pkg=com.larus.nova t_boot_ns=1193554529460916
09-05 21:33:05.504 I/AnebProbe(25624): ADAPTER_EVT type=content cls=android.widget.EditText desc=null txt_len=34 pkg=com.larus.nova t_boot_ns=1193554535995812
09-05 21:33:05.521 I/AnebProbe(25624): ADAPTER_EVT type=content cls=android.view.ViewGroup desc=null txt_len=0 pkg=com.larus.nova t_boot_ns=1193554552344250
09-05 21:33:05.521 I/AnebProbe(25624): ADAPTER_EVT type=content cls=android.widget.EditText desc=null txt_len=35 pkg=com.larus.nova t_boot_ns=1193554552965083
09-05 21:33:05.537 I/AnebProbe(25624): ADAPTER_EVT type=content cls=android.view.ViewGroup desc=null txt_len=0 pkg=com.larus.nova t_boot_ns=1193554568548416
09-05 21:33:05.537 I/AnebProbe(25624): ADAPTER_EVT type=content cls=android.widget.EditText desc=null txt_len=36 pkg=com.larus.nova t_boot_ns=1193554568936958
09-05 21:33:05.553 I/AnebProbe(25624): ADAPTER_EVT type=content cls=android.view.ViewGroup desc=null txt_len=0 pkg=com.larus.nova t_boot_ns=1193554584754146
09-05 21:33:05.554 I/AnebProbe(25624): ADAPTER_EVT type=content cls=android.widget.EditText desc=null txt_len=37 pkg=com.larus.nova t_boot_ns=1193554585207791
09-05 21:33:05.566 I/AnebProbe(25624): ADAPTER_EVT type=content cls=android.view.ViewGroup desc=null txt_len=0 pkg=com.larus.nova t_boot_ns=1193554598119771
09-05 21:33:05.567 I/AnebProbe(25624): ADAPTER_EVT type=content cls=android.widget.EditText desc=null txt_len=38 pkg=com.larus.nova t_boot_ns=1193554598343729
09-05 21:33:05.572 I/AnebProbe(25624): ADAPTER_EVT type=content cls=android.widget.EditText desc=null txt_len=39 pkg=com.larus.nova t_boot_ns=1193554603801541
09-05 21:33:05.586 I/AnebProbe(25624): ADAPTER_EVT type=content cls=android.view.ViewGroup desc=null txt_len=0 pkg=com.larus.nova t_boot_ns=1193554617641125
09-05 21:33:05.586 I/AnebProbe(25624): ADAPTER_EVT type=content cls=android.widget.EditText desc=null txt_len=40 pkg=com.larus.nova t_boot_ns=1193554617801021
09-05 21:33:05.600 I/AnebProbe(25624): ADAPTER_EVT type=content cls=android.view.ViewGroup desc=null txt_len=0 pkg=com.larus.nova t_boot_ns=1193554631124458
09-05 21:33:05.600 I/AnebProbe(25624): ADAPTER_EVT type=content cls=android.widget.EditText desc=null txt_len=41 pkg=com.larus.nova t_boot_ns=1193554631320812
09-05 21:33:05.605 I/AnebProbe(25624): ADAPTER_EVT type=content cls=android.widget.EditText desc=null txt_len=42 pkg=com.larus.nova t_boot_ns=1193554636397896
09-05 21:33:05.618 I/AnebProbe(25624): ADAPTER_EVT type=content cls=android.view.ViewGroup desc=null txt_len=0 pkg=com.larus.nova t_boot_ns=1193554649388521
09-05 21:33:05.618 I/AnebProbe(25624): ADAPTER_EVT type=content cls=android.widget.EditText desc=null txt_len=43 pkg=com.larus.nova t_boot_ns=1193554649534354
09-05 21:33:05.623 I/AnebProbe(25624): ADAPTER_EVT type=content cls=android.widget.EditText desc=null txt_len=44 pkg=com.larus.nova t_boot_ns=1193554654770291
09-05 21:33:05.636 I/AnebProbe(25624): ADAPTER_EVT type=content cls=android.view.ViewGroup desc=null txt_len=0 pkg=com.larus.nova t_boot_ns=1193554667893729
09-05 21:33:05.636 I/AnebProbe(25624): ADAPTER_EVT type=content cls=android.widget.EditText desc=null txt_len=45 pkg=com.larus.nova t_boot_ns=1193554668068208
09-05 21:33:05.648 I/AnebProbe(25624): ADAPTER_EVT type=content cls=android.view.ViewGroup desc=null txt_len=0 pkg=com.larus.nova t_boot_ns=1193554679877583
09-05 21:33:05.648 I/AnebProbe(25624): ADAPTER_EVT type=content cls=android.widget.EditText desc=null txt_len=46 pkg=com.larus.nova t_boot_ns=1193554680022896
09-05 21:33:05.653 I/AnebProbe(25624): ADAPTER_EVT type=content cls=android.widget.EditText desc=null txt_len=47 pkg=com.larus.nova t_boot_ns=1193554685055708
09-05 21:33:05.666 I/AnebProbe(25624): ADAPTER_EVT type=content cls=android.view.ViewGroup desc=null txt_len=0 pkg=com.larus.nova t_boot_ns=1193554698020812
09-05 21:33:05.667 I/AnebProbe(25624): ADAPTER_EVT type=content cls=android.widget.EditText desc=null txt_len=48 pkg=com.larus.nova t_boot_ns=1193554698329146
09-05 21:33:05.671 I/AnebProbe(25624): ADAPTER_EVT type=content cls=android.widget.EditText desc=null txt_len=49 pkg=com.larus.nova t_boot_ns=1193554703112479
09-05 21:33:05.684 I/AnebProbe(25624): ADAPTER_EVT type=content cls=android.view.ViewGroup desc=null txt_len=0 pkg=com.larus.nova t_boot_ns=1193554715735396
09-05 21:33:05.684 I/AnebProbe(25624): ADAPTER_EVT type=content cls=android.widget.EditText desc=null txt_len=50 pkg=com.larus.nova t_boot_ns=1193554715884354
09-05 21:33:05.689 I/AnebProbe(25624): ADAPTER_EVT type=content cls=android.widget.EditText desc=null txt_len=51 pkg=com.larus.nova t_boot_ns=1193554721031750
09-05 21:33:05.701 I/AnebProbe(25624): ADAPTER_EVT type=content cls=android.view.ViewGroup desc=null txt_len=0 pkg=com.larus.nova t_boot_ns=1193554732813000
09-05 21:33:05.702 I/AnebProbe(25624): ADAPTER_EVT type=content cls=android.widget.EditText desc=null txt_len=52 pkg=com.larus.nova t_boot_ns=1193554733159354
09-05 21:33:05.706 I/AnebProbe(25624): ADAPTER_EVT type=content cls=android.widget.EditText desc=null txt_len=53 pkg=com.larus.nova t_boot_ns=1193554737909875
09-05 21:33:05.719 I/AnebProbe(25624): ADAPTER_EVT type=content cls=android.view.ViewGroup desc=null txt_len=0 pkg=com.larus.nova t_boot_ns=1193554750196333
09-05 21:33:05.719 I/AnebProbe(25624): ADAPTER_EVT type=content cls=android.widget.EditText desc=null txt_len=54 pkg=com.larus.nova t_boot_ns=1193554750346333
09-05 21:33:05.731 I/AnebProbe(25624): ADAPTER_EVT type=content cls=android.view.ViewGroup desc=null txt_len=0 pkg=com.larus.nova t_boot_ns=1193554762875500
09-05 21:33:05.731 I/AnebProbe(25624): ADAPTER_EVT type=content cls=android.widget.EditText desc=null txt_len=55 pkg=com.larus.nova t_boot_ns=1193554763066646
09-05 21:33:05.737 I/AnebProbe(25624): ADAPTER_EVT type=content cls=android.widget.EditText desc=null txt_len=56 pkg=com.larus.nova t_boot_ns=1193554768157271
09-05 21:33:05.845 I/AnebProbe(25624): ADAPTER_EVT type=content cls=android.view.ViewGroup desc=null txt_len=0 pkg=com.larus.nova t_boot_ns=1193554876157271
09-05 21:33:05.946 I/AnebProbe(25624): ADAPTER_EVT type=content cls=android.view.ViewGroup desc=null txt_len=0 pkg=com.larus.nova t_boot_ns=1193554977326541
09-05 21:33:06.060 I/AnebProbe(25624): ADAPTER_EVT type=content cls=android.view.ViewGroup desc=null txt_len=0 pkg=com.larus.nova t_boot_ns=1193555091344250
09-05 21:33:06.175 I/AnebProbe(25624): ADAPTER_EVT type=content cls=android.view.ViewGroup desc=null txt_len=0 pkg=com.larus.nova t_boot_ns=1193555206432270
09-05 21:33:06.277 I/AnebProbe(25624): ADAPTER_EVT type=content cls=android.view.ViewGroup desc=null txt_len=0 pkg=com.larus.nova t_boot_ns=1193555308597895
09-05 21:33:06.377 I/AnebProbe(25624): ADAPTER_EVT type=content cls=android.view.ViewGroup desc=null txt_len=0 pkg=com.larus.nova t_boot_ns=1193555408534875
09-05 21:33:06.483 I/AnebProbe(25624): ADAPTER_EVT type=content cls=android.view.ViewGroup desc=null txt_len=0 pkg=com.larus.nova t_boot_ns=1193555514780708
09-05 21:33:06.599 I/AnebProbe(25624): ADAPTER_EVT type=content cls=android.view.ViewGroup desc=null txt_len=0 pkg=com.larus.nova t_boot_ns=1193555630868208
09-05 21:33:06.712 I/AnebProbe(25624): ADAPTER_EVT type=content cls=android.view.ViewGroup desc=null txt_len=0 pkg=com.larus.nova t_boot_ns=1193555743945291
09-05 21:33:06.814 I/AnebProbe(25624): ADAPTER_EVT type=content cls=android.view.ViewGroup desc=null txt_len=0 pkg=com.larus.nova t_boot_ns=1193555845522895
09-05 21:33:06.927 I/AnebProbe(25624): ADAPTER_EVT type=content cls=android.view.ViewGroup desc=null txt_len=0 pkg=com.larus.nova t_boot_ns=1193555958532270
09-05 21:33:07.046 I/AnebProbe(25624): ADAPTER_EVT type=content cls=android.view.ViewGroup desc=null txt_len=0 pkg=com.larus.nova t_boot_ns=1193556077313000
09-05 21:33:07.148 I/AnebProbe(25624): ADAPTER_EVT type=content cls=android.view.ViewGroup desc=null txt_len=0 pkg=com.larus.nova t_boot_ns=1193556179390083
09-05 21:33:07.262 I/AnebProbe(25624): ADAPTER_EVT type=content cls=android.view.ViewGroup desc=null txt_len=0 pkg=com.larus.nova t_boot_ns=1193556293233312
09-05 21:33:07.378 I/AnebProbe(25624): ADAPTER_EVT type=content cls=android.view.ViewGroup desc=null txt_len=0 pkg=com.larus.nova t_boot_ns=1193556409161958
09-05 21:33:07.478 I/AnebProbe(25624): ADAPTER_EVT type=content cls=android.view.ViewGroup desc=null txt_len=0 pkg=com.larus.nova t_boot_ns=1193556509197374
09-05 21:33:07.587 I/AnebProbe(25624): ADAPTER_EVT type=content cls=android.view.ViewGroup desc=null txt_len=0 pkg=com.larus.nova t_boot_ns=1193556618494249
09-05 21:33:07.707 I/AnebProbe(25624): ADAPTER_EVT type=content cls=android.view.ViewGroup desc=null txt_len=0 pkg=com.larus.nova t_boot_ns=1193556738094249
09-05 21:33:07.819 I/AnebProbe(25624): ADAPTER_EVT type=content cls=android.view.ViewGroup desc=null txt_len=0 pkg=com.larus.nova t_boot_ns=1193556850614041
09-05 21:33:07.866 I/AnebE4MARK(15309): E4MARK kind=turn_start n=6
09-05 21:33:07.923 I/AnebProbe(25624): ADAPTER_EVT type=content cls=android.view.ViewGroup desc=null txt_len=0 pkg=com.larus.nova t_boot_ns=1193556954181749
09-05 21:33:07.986 I/AnebProbe(25624): ADAPTER_EVT type=content cls=android.view.ViewGroup desc=null txt_len=0 pkg=com.larus.nova t_boot_ns=1193557017742166
09-05 21:33:08.015 I/AnebProbe(25624): ADAPTER_EVT type=content cls=android.view.ViewGroup desc=null txt_len=0 pkg=com.larus.nova t_boot_ns=1193557046261958
09-05 21:33:08.117 I/AnebProbe(25624): ADAPTER_EVT type=content cls=android.view.ViewGroup desc=null txt_len=0 pkg=com.larus.nova t_boot_ns=1193557148382270
09-05 21:33:08.378 I/AnebProbe(25624): ADAPTER_EVT type=content cls=androidx.drawerlayout.widget.DrawerLayout desc=null txt_len=0 pkg=com.larus.nova t_boot_ns=1193557409845291
09-05 21:33:08.477 I/AnebProbe(25624): ADAPTER_EVT type=content cls=androidx.drawerlayout.widget.DrawerLayout desc=null txt_len=0 pkg=com.larus.nova t_boot_ns=1193557508994770
09-05 21:33:08.703 I/AnebProbe(25624): ADAPTER_EVT type=content cls=android.widget.ImageView desc=创建新对话 txt_len=0 pkg=com.larus.nova t_boot_ns=1193557734748416
09-05 21:33:08.801 I/AnebProbe(25624): ADAPTER_EVT type=content cls=androidx.drawerlayout.widget.DrawerLayout desc=null txt_len=0 pkg=com.larus.nova t_boot_ns=1193557832991124
09-05 21:33:08.803 I/AnebProbe(25624): ADAPTER_OBS pkg=com.larus.nova mode=doubao events=1553 rule_matched=64 first_delta_ms=0 cadence_p50_ms=99.9 session_span_ms=545382.4 confidence=LOW/INCONCLUSIVE reason=throttle ttft_send_ms=null anchor_source=null ttft_cluster_ms=null ttft_density_ms=null
09-05 21:33:08.903 I/AnebProbe(25624): ADAPTER_EVT type=content cls=androidx.recyclerview.widget.RecyclerView desc=null txt_len=0 pkg=com.larus.nova t_boot_ns=1193557934386958
09-05 21:33:09.010 I/AnebProbe(25624): ADAPTER_EVT type=content cls=androidx.drawerlayout.widget.DrawerLayout desc=null txt_len=0 pkg=com.larus.nova t_boot_ns=1193558041691124
09-05 21:33:09.110 I/AnebProbe(25624): ADAPTER_EVT type=content cls=androidx.drawerlayout.widget.DrawerLayout desc=null txt_len=0 pkg=com.larus.nova t_boot_ns=1193558141476020
09-05 21:33:09.847 I/AnebProbe(25624): ADAPTER_EVT type=content cls=androidx.recyclerview.widget.RecyclerView desc=null txt_len=0 pkg=com.larus.nova t_boot_ns=1193558878647374
09-05 21:33:09.942 I/AnebProbe(25624): ADAPTER_EVT type=content cls=androidx.drawerlayout.widget.DrawerLayout desc=null txt_len=0 pkg=com.larus.nova t_boot_ns=1193558973414562
09-05 21:33:10.043 I/AnebProbe(25624): ADAPTER_EVT type=content cls=androidx.drawerlayout.widget.DrawerLayout desc=null txt_len=0 pkg=com.larus.nova t_boot_ns=1193559073916124
09-05 21:33:10.147 I/AnebProbe(25624): ADAPTER_EVT type=content cls=androidx.recyclerview.widget.RecyclerView desc=null txt_len=0 pkg=com.larus.nova t_boot_ns=1193559177948937
09-05 21:33:10.540 I/AnebProbe(25624): ADAPTER_EVT type=content cls=android.view.ViewGroup desc=null txt_len=0 pkg=com.larus.nova t_boot_ns=1193559571486436
09-05 21:33:10.630 I/AnebProbe(25624): ADAPTER_EVT type=content cls=android.view.ViewGroup desc=null txt_len=0 pkg=com.larus.nova t_boot_ns=1193559661240603
09-05 21:33:10.769 I/AnebProbe(25624): ADAPTER_EVT type=content cls=androidx.drawerlayout.widget.DrawerLayout desc=null txt_len=0 pkg=com.larus.nova t_boot_ns=1193559800109874
09-05 21:33:10.869 I/AnebProbe(25624): ADAPTER_EVT type=content cls=androidx.drawerlayout.widget.DrawerLayout desc=null txt_len=0 pkg=com.larus.nova t_boot_ns=1193559899984874
09-05 21:33:10.970 I/AnebProbe(25624): ADAPTER_EVT type=content cls=androidx.drawerlayout.widget.DrawerLayout desc=null txt_len=0 pkg=com.larus.nova t_boot_ns=1193560001180186
09-05 21:33:11.905 I/AnebProbe(25624): ADAPTER_EVT type=content cls=androidx.drawerlayout.widget.DrawerLayout desc=null txt_len=0 pkg=com.larus.nova t_boot_ns=1193560936207270
09-05 21:33:12.014 I/AnebProbe(25624): ADAPTER_EVT type=content cls=androidx.drawerlayout.widget.DrawerLayout desc=null txt_len=0 pkg=com.larus.nova t_boot_ns=1193561045434874
09-05 21:33:12.146 I/AnebProbe(25624): ADAPTER_EVT type=content cls=androidx.drawerlayout.widget.DrawerLayout desc=null txt_len=0 pkg=com.larus.nova t_boot_ns=1193561177621332
09-05 21:33:12.247 I/AnebProbe(25624): ADAPTER_EVT type=content cls=androidx.drawerlayout.widget.DrawerLayout desc=null txt_len=0 pkg=com.larus.nova t_boot_ns=1193561278108832
09-05 21:33:12.361 I/AnebProbe(25624): ADAPTER_EVT type=content cls=androidx.drawerlayout.widget.DrawerLayout desc=null txt_len=0 pkg=com.larus.nova t_boot_ns=1193561392755707
09-05 21:33:12.461 I/AnebProbe(25624): ADAPTER_EVT type=content cls=androidx.drawerlayout.widget.DrawerLayout desc=null txt_len=0 pkg=com.larus.nova t_boot_ns=1193561492847374
09-05 21:33:12.560 I/AnebProbe(25624): ADAPTER_EVT type=content cls=androidx.drawerlayout.widget.DrawerLayout desc=null txt_len=0 pkg=com.larus.nova t_boot_ns=1193561591544249
09-05 21:33:12.663 I/AnebProbe(25624): ADAPTER_EVT type=content cls=androidx.drawerlayout.widget.DrawerLayout desc=null txt_len=0 pkg=com.larus.nova t_boot_ns=1193561694739561
09-05 21:33:12.778 I/AnebProbe(25624): ADAPTER_EVT type=content cls=androidx.drawerlayout.widget.DrawerLayout desc=null txt_len=0 pkg=com.larus.nova t_boot_ns=1193561809811436
09-05 21:33:12.893 I/AnebProbe(25624): ADAPTER_EVT type=content cls=androidx.drawerlayout.widget.DrawerLayout desc=null txt_len=0 pkg=com.larus.nova t_boot_ns=1193561923959353
09-05 21:33:12.999 I/AnebProbe(25624): ADAPTER_EVT type=content cls=androidx.drawerlayout.widget.DrawerLayout desc=null txt_len=0 pkg=com.larus.nova t_boot_ns=1193562030135394
09-05 21:33:13.106 I/AnebProbe(25624): ADAPTER_EVT type=content cls=androidx.drawerlayout.widget.DrawerLayout desc=null txt_len=0 pkg=com.larus.nova t_boot_ns=1193562137019769
09-05 21:33:13.209 I/AnebProbe(25624): ADAPTER_EVT type=content cls=androidx.drawerlayout.widget.DrawerLayout desc=null txt_len=0 pkg=com.larus.nova t_boot_ns=1193562240176540
09-05 21:33:13.322 I/AnebProbe(25624): ADAPTER_EVT type=content cls=androidx.drawerlayout.widget.DrawerLayout desc=null txt_len=0 pkg=com.larus.nova t_boot_ns=1193562353776019
09-05 21:33:13.424 I/AnebProbe(25624): ADAPTER_EVT type=content cls=androidx.drawerlayout.widget.DrawerLayout desc=null txt_len=0 pkg=com.larus.nova t_boot_ns=1193562454939561
09-05 21:33:13.525 I/AnebProbe(25624): ADAPTER_EVT type=content cls=androidx.drawerlayout.widget.DrawerLayout desc=null txt_len=0 pkg=com.larus.nova t_boot_ns=1193562555892686
09-05 21:33:13.624 I/AnebProbe(25624): ADAPTER_EVT type=content cls=androidx.drawerlayout.widget.DrawerLayout desc=null txt_len=0 pkg=com.larus.nova t_boot_ns=1193562655017686
09-05 21:33:13.737 I/AnebProbe(25624): ADAPTER_EVT type=content cls=androidx.drawerlayout.widget.DrawerLayout desc=null txt_len=0 pkg=com.larus.nova t_boot_ns=1193562767968207
09-05 21:33:13.837 I/AnebProbe(25624): ADAPTER_EVT type=content cls=androidx.drawerlayout.widget.DrawerLayout desc=null txt_len=0 pkg=com.larus.nova t_boot_ns=1193562868540603
09-05 21:33:13.840 I/AnebProbe(25624): ADAPTER_OBS pkg=com.larus.nova mode=doubao events=1584 rule_matched=67 first_delta_ms=0 cadence_p50_ms=99.8 session_span_ms=550418.0 confidence=LOW/INCONCLUSIVE reason=throttle ttft_send_ms=null anchor_source=null ttft_cluster_ms=4002.5 ttft_density_ms=null
09-05 21:33:13.938 I/AnebProbe(25624): ADAPTER_EVT type=content cls=androidx.drawerlayout.widget.DrawerLayout desc=null txt_len=0 pkg=com.larus.nova t_boot_ns=1193562969163519
09-05 21:33:14.037 I/AnebProbe(25624): ADAPTER_EVT type=content cls=androidx.drawerlayout.widget.DrawerLayout desc=null txt_len=0 pkg=com.larus.nova t_boot_ns=1193563067883832
09-05 21:33:14.139 I/AnebProbe(25624): ADAPTER_EVT type=content cls=androidx.drawerlayout.widget.DrawerLayout desc=null txt_len=0 pkg=com.larus.nova t_boot_ns=1193563169803103
09-05 21:33:14.237 I/AnebProbe(25624): ADAPTER_EVT type=content cls=androidx.drawerlayout.widget.DrawerLayout desc=null txt_len=0 pkg=com.larus.nova t_boot_ns=1193563268721332
09-05 21:33:14.351 I/AnebProbe(25624): ADAPTER_EVT type=content cls=androidx.drawerlayout.widget.DrawerLayout desc=null txt_len=0 pkg=com.larus.nova t_boot_ns=1193563382569769
09-05 21:33:14.451 I/AnebProbe(25624): ADAPTER_EVT type=content cls=androidx.drawerlayout.widget.DrawerLayout desc=null txt_len=0 pkg=com.larus.nova t_boot_ns=1193563482461957
09-05 21:33:14.551 I/AnebProbe(25624): ADAPTER_EVT type=content cls=androidx.drawerlayout.widget.DrawerLayout desc=null txt_len=0 pkg=com.larus.nova t_boot_ns=1193563582752061
09-05 21:33:14.668 I/AnebProbe(25624): ADAPTER_EVT type=content cls=androidx.drawerlayout.widget.DrawerLayout desc=null txt_len=0 pkg=com.larus.nova t_boot_ns=1193563698869248
09-05 21:33:14.769 I/AnebProbe(25624): ADAPTER_EVT type=content cls=androidx.drawerlayout.widget.DrawerLayout desc=null txt_len=0 pkg=com.larus.nova t_boot_ns=1193563800121332
09-05 21:33:14.882 I/AnebProbe(25624): ADAPTER_EVT type=content cls=androidx.drawerlayout.widget.DrawerLayout desc=null txt_len=0 pkg=com.larus.nova t_boot_ns=1193563913612477
09-05 21:33:14.984 I/AnebProbe(25624): ADAPTER_EVT type=content cls=androidx.drawerlayout.widget.DrawerLayout desc=null txt_len=0 pkg=com.larus.nova t_boot_ns=1193564015119248
09-05 21:33:15.084 I/AnebProbe(25624): ADAPTER_EVT type=content cls=androidx.drawerlayout.widget.DrawerLayout desc=null txt_len=0 pkg=com.larus.nova t_boot_ns=1193564115024457
09-05 21:33:15.184 I/AnebProbe(25624): ADAPTER_EVT type=content cls=androidx.drawerlayout.widget.DrawerLayout desc=null txt_len=0 pkg=com.larus.nova t_boot_ns=1193564215681748
09-05 21:33:15.296 I/AnebProbe(25624): ADAPTER_EVT type=content cls=androidx.drawerlayout.widget.DrawerLayout desc=null txt_len=0 pkg=com.larus.nova t_boot_ns=1193564326942165
09-05 21:33:15.396 I/AnebProbe(25624): ADAPTER_EVT type=content cls=androidx.drawerlayout.widget.DrawerLayout desc=null txt_len=0 pkg=com.larus.nova t_boot_ns=1193564427471852
09-05 21:33:15.497 I/AnebProbe(25624): ADAPTER_EVT type=content cls=androidx.drawerlayout.widget.DrawerLayout desc=null txt_len=0 pkg=com.larus.nova t_boot_ns=1193564527862998
09-05 21:33:15.596 I/AnebProbe(25624): ADAPTER_EVT type=content cls=androidx.drawerlayout.widget.DrawerLayout desc=null txt_len=0 pkg=com.larus.nova t_boot_ns=1193564627784352
09-05 21:33:15.697 I/AnebProbe(25624): ADAPTER_EVT type=content cls=androidx.drawerlayout.widget.DrawerLayout desc=null txt_len=0 pkg=com.larus.nova t_boot_ns=1193564727964561
09-05 21:33:15.812 I/AnebProbe(25624): ADAPTER_EVT type=content cls=androidx.drawerlayout.widget.DrawerLayout desc=null txt_len=0 pkg=com.larus.nova t_boot_ns=1193564843365602
09-05 21:33:15.914 I/AnebProbe(25624): ADAPTER_EVT type=content cls=androidx.drawerlayout.widget.DrawerLayout desc=null txt_len=0 pkg=com.larus.nova t_boot_ns=1193564945110915
09-05 21:33:16.029 I/AnebProbe(25624): ADAPTER_EVT type=content cls=androidx.drawerlayout.widget.DrawerLayout desc=null txt_len=0 pkg=com.larus.nova t_boot_ns=1193565060052581
09-05 21:33:16.140 I/AnebProbe(25624): ADAPTER_EVT type=content cls=androidx.drawerlayout.widget.DrawerLayout desc=null txt_len=0 pkg=com.larus.nova t_boot_ns=1193565170897894
09-05 21:33:16.241 I/AnebProbe(25624): ADAPTER_EVT type=content cls=androidx.drawerlayout.widget.DrawerLayout desc=null txt_len=0 pkg=com.larus.nova t_boot_ns=1193565271783831
09-05 21:33:16.343 I/AnebProbe(25624): ADAPTER_EVT type=content cls=androidx.drawerlayout.widget.DrawerLayout desc=null txt_len=0 pkg=com.larus.nova t_boot_ns=1193565374462477
09-05 21:33:16.444 I/AnebProbe(25624): ADAPTER_EVT type=content cls=androidx.drawerlayout.widget.DrawerLayout desc=null txt_len=0 pkg=com.larus.nova t_boot_ns=1193565474889040
09-05 21:33:16.556 I/AnebProbe(25624): ADAPTER_EVT type=content cls=androidx.drawerlayout.widget.DrawerLayout desc=null txt_len=0 pkg=com.larus.nova t_boot_ns=1193565587271852
09-05 21:33:16.661 I/AnebProbe(25624): ADAPTER_EVT type=content cls=androidx.drawerlayout.widget.DrawerLayout desc=null txt_len=0 pkg=com.larus.nova t_boot_ns=1193565692431748
09-05 21:33:16.773 I/AnebProbe(25624): ADAPTER_EVT type=content cls=androidx.drawerlayout.widget.DrawerLayout desc=null txt_len=0 pkg=com.larus.nova t_boot_ns=1193565804712998
09-05 21:33:16.873 I/AnebProbe(25624): ADAPTER_EVT type=content cls=androidx.drawerlayout.widget.DrawerLayout desc=null txt_len=0 pkg=com.larus.nova t_boot_ns=1193565904598936
09-05 21:33:16.974 I/AnebProbe(25624): ADAPTER_EVT type=content cls=androidx.drawerlayout.widget.DrawerLayout desc=null txt_len=0 pkg=com.larus.nova t_boot_ns=1193566005260915
09-05 21:33:17.074 I/AnebProbe(25624): ADAPTER_EVT type=content cls=androidx.drawerlayout.widget.DrawerLayout desc=null txt_len=0 pkg=com.larus.nova t_boot_ns=1193566105597894
09-05 21:33:17.185 I/AnebProbe(25624): ADAPTER_EVT type=content cls=androidx.drawerlayout.widget.DrawerLayout desc=null txt_len=0 pkg=com.larus.nova t_boot_ns=1193566216673415
09-05 21:33:17.287 I/AnebProbe(25624): ADAPTER_EVT type=content cls=androidx.drawerlayout.widget.DrawerLayout desc=null txt_len=0 pkg=com.larus.nova t_boot_ns=1193566317782269
09-05 21:33:17.388 I/AnebProbe(25624): ADAPTER_EVT type=content cls=androidx.drawerlayout.widget.DrawerLayout desc=null txt_len=0 pkg=com.larus.nova t_boot_ns=1193566418855185
09-05 21:33:17.488 I/AnebProbe(25624): ADAPTER_EVT type=content cls=androidx.drawerlayout.widget.DrawerLayout desc=null txt_len=0 pkg=com.larus.nova t_boot_ns=1193566519486435
09-05 21:33:17.604 I/AnebProbe(25624): ADAPTER_EVT type=content cls=androidx.drawerlayout.widget.DrawerLayout desc=null txt_len=0 pkg=com.larus.nova t_boot_ns=1193566635302060
09-05 21:33:17.720 I/AnebProbe(25624): ADAPTER_EVT type=content cls=androidx.drawerlayout.widget.DrawerLayout desc=null txt_len=0 pkg=com.larus.nova t_boot_ns=1193566751511956
09-05 21:33:17.835 I/AnebProbe(25624): ADAPTER_EVT type=content cls=androidx.drawerlayout.widget.DrawerLayout desc=null txt_len=0 pkg=com.larus.nova t_boot_ns=1193566866165081
09-05 21:33:17.935 I/AnebProbe(25624): ADAPTER_EVT type=content cls=androidx.drawerlayout.widget.DrawerLayout desc=null txt_len=0 pkg=com.larus.nova t_boot_ns=1193566965829665
09-05 21:33:18.034 I/AnebProbe(25624): ADAPTER_EVT type=content cls=androidx.drawerlayout.widget.DrawerLayout desc=null txt_len=0 pkg=com.larus.nova t_boot_ns=1193567065279144
09-05 21:33:18.134 I/AnebProbe(25624): ADAPTER_EVT type=content cls=androidx.drawerlayout.widget.DrawerLayout desc=null txt_len=0 pkg=com.larus.nova t_boot_ns=1193567165288519
09-05 21:33:18.249 I/AnebProbe(25624): ADAPTER_EVT type=content cls=androidx.drawerlayout.widget.DrawerLayout desc=null txt_len=0 pkg=com.larus.nova t_boot_ns=1193567280251539
09-05 21:33:18.364 I/AnebProbe(25624): ADAPTER_EVT type=content cls=androidx.drawerlayout.widget.DrawerLayout desc=null txt_len=0 pkg=com.larus.nova t_boot_ns=1193567395329664
09-05 21:33:18.465 I/AnebProbe(25624): ADAPTER_EVT type=content cls=androidx.drawerlayout.widget.DrawerLayout desc=null txt_len=0 pkg=com.larus.nova t_boot_ns=1193567495892164
09-05 21:33:18.564 I/AnebProbe(25624): ADAPTER_EVT type=content cls=androidx.drawerlayout.widget.DrawerLayout desc=null txt_len=0 pkg=com.larus.nova t_boot_ns=1193567595174456
09-05 21:33:18.683 I/AnebProbe(25624): ADAPTER_EVT type=content cls=androidx.drawerlayout.widget.DrawerLayout desc=null txt_len=0 pkg=com.larus.nova t_boot_ns=1193567714567685
09-05 21:33:18.795 I/AnebProbe(25624): ADAPTER_EVT type=content cls=androidx.drawerlayout.widget.DrawerLayout desc=null txt_len=0 pkg=com.larus.nova t_boot_ns=1193567826271852
09-05 21:33:18.897 I/AnebProbe(25624): ADAPTER_EVT type=content cls=androidx.drawerlayout.widget.DrawerLayout desc=null txt_len=0 pkg=com.larus.nova t_boot_ns=1193567927590081
09-05 21:33:18.900 I/AnebProbe(25624): ADAPTER_OBS pkg=com.larus.nova mode=doubao events=1632 rule_matched=67 first_delta_ms=0 cadence_p50_ms=99.9 session_span_ms=555477.0 confidence=LOW/INCONCLUSIVE reason=throttle ttft_send_ms=null anchor_source=null ttft_cluster_ms=4002.5 ttft_density_ms=null
09-05 21:33:19.012 I/AnebProbe(25624): ADAPTER_EVT type=content cls=androidx.drawerlayout.widget.DrawerLayout desc=null txt_len=0 pkg=com.larus.nova t_boot_ns=1193568042939039
09-05 21:33:19.124 I/AnebProbe(25624): ADAPTER_EVT type=content cls=androidx.drawerlayout.widget.DrawerLayout desc=null txt_len=0 pkg=com.larus.nova t_boot_ns=1193568155521852
09-05 21:33:19.228 I/AnebProbe(25624): ADAPTER_EVT type=content cls=androidx.drawerlayout.widget.DrawerLayout desc=null txt_len=0 pkg=com.larus.nova t_boot_ns=1193568259284873
09-05 21:33:19.342 I/AnebProbe(25624): ADAPTER_EVT type=content cls=androidx.drawerlayout.widget.DrawerLayout desc=null txt_len=0 pkg=com.larus.nova t_boot_ns=1193568373453102
09-05 21:33:19.442 I/AnebProbe(25624): ADAPTER_EVT type=content cls=androidx.drawerlayout.widget.DrawerLayout desc=null txt_len=0 pkg=com.larus.nova t_boot_ns=1193568473695289
09-05 21:33:19.543 I/AnebProbe(25624): ADAPTER_EVT type=content cls=androidx.drawerlayout.widget.DrawerLayout desc=null txt_len=0 pkg=com.larus.nova t_boot_ns=1193568574026539
09-05 21:33:19.654 I/AnebProbe(25624): ADAPTER_EVT type=content cls=androidx.drawerlayout.widget.DrawerLayout desc=null txt_len=0 pkg=com.larus.nova t_boot_ns=1193568685691643
09-05 21:33:19.754 I/AnebProbe(25624): ADAPTER_EVT type=content cls=androidx.drawerlayout.widget.DrawerLayout desc=null txt_len=0 pkg=com.larus.nova t_boot_ns=1193568785662477
09-05 21:33:19.878 I/AnebProbe(25624): ADAPTER_EVT type=content cls=androidx.drawerlayout.widget.DrawerLayout desc=null txt_len=0 pkg=com.larus.nova t_boot_ns=1193568909772893
09-05 21:33:19.988 I/AnebProbe(25624): ADAPTER_EVT type=content cls=androidx.drawerlayout.widget.DrawerLayout desc=null txt_len=0 pkg=com.larus.nova t_boot_ns=1193569019123935
09-05 21:33:20.087 I/AnebProbe(25624): ADAPTER_EVT type=content cls=androidx.drawerlayout.widget.DrawerLayout desc=null txt_len=0 pkg=com.larus.nova t_boot_ns=1193569118094768
09-05 21:33:20.188 I/AnebProbe(25624): ADAPTER_EVT type=content cls=androidx.drawerlayout.widget.DrawerLayout desc=null txt_len=0 pkg=com.larus.nova t_boot_ns=1193569218927060
09-05 21:33:20.288 I/AnebProbe(25624): ADAPTER_EVT type=content cls=androidx.drawerlayout.widget.DrawerLayout desc=null txt_len=0 pkg=com.larus.nova t_boot_ns=1193569318781747
09-05 21:33:20.387 I/AnebProbe(25624): ADAPTER_EVT type=content cls=androidx.drawerlayout.widget.DrawerLayout desc=null txt_len=0 pkg=com.larus.nova t_boot_ns=1193569418436956
09-05 21:33:20.604 I/AnebProbe(25624): ADAPTER_EVT type=content cls=androidx.drawerlayout.widget.DrawerLayout desc=null txt_len=0 pkg=com.larus.nova t_boot_ns=1193569635141122
09-05 21:33:21.112 I/AnebProbe(25624): ADAPTER_EVT type=content cls=androidx.drawerlayout.widget.DrawerLayout desc=null txt_len=0 pkg=com.larus.nova t_boot_ns=1193570143641643
09-05 21:33:21.213 I/AnebProbe(25624): ADAPTER_EVT type=content cls=androidx.drawerlayout.widget.DrawerLayout desc=null txt_len=0 pkg=com.larus.nova t_boot_ns=1193570244251018
09-05 21:33:21.535 I/AnebProbe(25624): ADAPTER_EVT type=content cls=androidx.drawerlayout.widget.DrawerLayout desc=null txt_len=0 pkg=com.larus.nova t_boot_ns=1193570566283310
09-05 21:33:21.635 I/AnebProbe(25624): ADAPTER_EVT type=content cls=androidx.recyclerview.widget.RecyclerView desc=null txt_len=0 pkg=com.larus.nova t_boot_ns=1193570666418206
09-05 21:33:21.890 I/AnebProbe(25624): ADAPTER_EVT type=content cls=androidx.drawerlayout.widget.DrawerLayout desc=null txt_len=0 pkg=com.larus.nova t_boot_ns=1193570921857789
09-05 21:33:21.993 I/AnebProbe(25624): ADAPTER_EVT type=content cls=androidx.drawerlayout.widget.DrawerLayout desc=null txt_len=0 pkg=com.larus.nova t_boot_ns=1193571024707268
09-05 21:33:22.342 I/AnebProbe(25624): ADAPTER_EVT type=content cls=androidx.drawerlayout.widget.DrawerLayout desc=null txt_len=0 pkg=com.larus.nova t_boot_ns=1193571373137476
09-05 21:33:22.442 I/AnebProbe(25624): ADAPTER_EVT type=content cls=androidx.drawerlayout.widget.DrawerLayout desc=null txt_len=0 pkg=com.larus.nova t_boot_ns=1193571473773935
09-05 21:33:31.349 I/AnebProbe(25624): ADAPTER_EVT type=content cls=androidx.recyclerview.widget.RecyclerView desc=null txt_len=0 pkg=com.larus.nova t_boot_ns=1193580380090079
09-05 21:33:31.355 I/AnebProbe(25624): ADAPTER_OBS pkg=com.larus.nova mode=doubao events=1656 rule_matched=69 first_delta_ms=0 cadence_p50_ms=100.0 session_span_ms=567929.5 confidence=LOW/INCONCLUSIVE reason=throttle ttft_send_ms=null anchor_source=null ttft_cluster_ms=4002.5 ttft_density_ms=null
09-05 21:33:31.416 I/AnebProbe(25624): ADAPTER_EVT type=content cls=androidx.recyclerview.widget.RecyclerView desc=null txt_len=0 pkg=com.larus.nova t_boot_ns=1193580447615600
09-05 21:34:22.920 I/AnebE4MARK(15997): E4MARK kind=answer_complete n=6
