--------- beginning of main
09-06 01:04:47.744 I/AnebProbe(25624): ADAPTER_EVT type=content cls=android.view.View desc=null txt_len=0 pkg=com.deepseek.chat t_boot_ns=1206256776002207
09-06 01:04:47.745 I/AnebProbe(25624): ADAPTER_OBS pkg=com.deepseek.chat mode=deepseek events=2 rule_matched=0 first_delta_ms=0 cadence_p50_ms=11511.6 session_span_ms=11511.6 confidence=LOW/INCONCLUSIVE reason=throttle ttft_send_ms=null anchor_source=null ttft_cluster_ms=null ttft_density_ms=null
09-06 01:04:47.745 I/AnebProbe(25624): ADAPTER_EVT type=content cls=android.view.View desc=null txt_len=0 pkg=com.deepseek.chat t_boot_ns=1206256776999603
09-06 01:04:47.746 I/AnebProbe(25624): ADAPTER_EVT type=content cls=android.view.View desc=null txt_len=0 pkg=com.deepseek.chat t_boot_ns=1206256777207937
09-06 01:04:47.746 I/AnebProbe(25624): ADAPTER_EVT type=content cls=android.view.View desc=null txt_len=0 pkg=com.deepseek.chat t_boot_ns=1206256777377207
09-06 01:04:47.845 I/AnebProbe(25624): ADAPTER_EVT type=content cls=android.view.View desc=null txt_len=0 pkg=com.deepseek.chat t_boot_ns=1206256877036062
09-06 01:04:47.947 I/AnebProbe(25624): ADAPTER_EVT type=content cls=android.view.View desc=null txt_len=0 pkg=com.deepseek.chat t_boot_ns=1206256979052207
09-06 01:04:47.948 I/AnebProbe(25624): ADAPTER_EVT type=content cls=android.view.View desc=null txt_len=0 pkg=com.deepseek.chat t_boot_ns=1206256979299603
09-06 01:04:49.761 I/AnebProbe(25624): ADAPTER_EVT type=content cls=android.view.View desc=null txt_len=0 pkg=com.deepseek.chat t_boot_ns=1206258792656374
09-06 01:04:49.863 I/AnebProbe(25624): ADAPTER_EVT type=content cls=android.view.View desc=null txt_len=0 pkg=com.deepseek.chat t_boot_ns=1206258894738665
09-06 01:04:49.864 I/AnebProbe(25624): ADAPTER_EVT type=content cls=android.view.View desc=null txt_len=0 pkg=com.deepseek.chat t_boot_ns=1206258895183457
09-06 01:04:52.356 I/AnebProbe(25624): ADAPTER_EVT type=content cls=android.view.ViewGroup desc=null txt_len=0 pkg=com.deepseek.chat t_boot_ns=1206261387713144
09-06 01:04:52.371 I/AnebProbe(25624): ADAPTER_EVT type=content cls=android.view.View desc=null txt_len=0 pkg=com.deepseek.chat t_boot_ns=1206261402865748
09-06 01:04:52.461 I/AnebProbe(25624): ADAPTER_EVT type=content cls=androidx.compose.ui.viewinterop.ViewFactoryHolder desc=null txt_len=0 pkg=com.deepseek.chat t_boot_ns=1206261492994394
09-06 01:04:52.573 I/AnebProbe(25624): ADAPTER_EVT type=content cls=android.view.View desc=null txt_len=0 pkg=com.deepseek.chat t_boot_ns=1206261604367832
09-06 01:04:52.573 I/AnebProbe(25624): ADAPTER_EVT type=content cls=android.view.View desc=null txt_len=0 pkg=com.deepseek.chat t_boot_ns=1206261604888665
09-06 01:04:52.573 I/AnebProbe(25624): ADAPTER_EVT type=content cls=android.view.View desc=null txt_len=0 pkg=com.deepseek.chat t_boot_ns=1206261605010019
09-06 01:04:52.573 I/AnebProbe(25624): ADAPTER_EVT type=content cls=android.view.View desc=null txt_len=0 pkg=com.deepseek.chat t_boot_ns=1206261605092832
09-06 01:04:52.573 I/AnebProbe(25624): ADAPTER_EVT type=content cls=android.view.View desc=null txt_len=0 pkg=com.deepseek.chat t_boot_ns=1206261605162623
09-06 01:04:52.580 I/AnebProbe(25624): ADAPTER_EVT type=content cls=androidx.compose.ui.viewinterop.ViewFactoryHolder desc=null txt_len=0 pkg=com.deepseek.chat t_boot_ns=1206261611628769
09-06 01:04:52.675 I/AnebProbe(25624): ADAPTER_EVT type=content cls=android.view.View desc=null txt_len=0 pkg=com.deepseek.chat t_boot_ns=1206261706303248
09-06 01:04:52.675 I/AnebProbe(25624): ADAPTER_EVT type=content cls=android.view.View desc=null txt_len=0 pkg=com.deepseek.chat t_boot_ns=1206261706492832
09-06 01:04:52.675 I/AnebProbe(25624): ADAPTER_EVT type=content cls=android.view.View desc=null txt_len=0 pkg=com.deepseek.chat t_boot_ns=1206261706557415
09-06 01:04:52.675 I/AnebProbe(25624): ADAPTER_EVT type=content cls=android.view.View desc=null txt_len=0 pkg=com.deepseek.chat t_boot_ns=1206261706833457
09-06 01:04:52.675 I/AnebProbe(25624): ADAPTER_EVT type=content cls=android.view.View desc=null txt_len=0 pkg=com.deepseek.chat t_boot_ns=1206261706931894
09-06 01:04:52.695 I/AnebProbe(25624): ADAPTER_EVT type=content cls=androidx.compose.ui.viewinterop.ViewFactoryHolder desc=null txt_len=0 pkg=com.deepseek.chat t_boot_ns=1206261726925123
09-06 01:04:52.781 I/AnebProbe(25624): ADAPTER_EVT type=content cls=android.view.View desc=null txt_len=0 pkg=com.deepseek.chat t_boot_ns=1206261812219915
09-06 01:04:52.781 I/AnebProbe(25624): ADAPTER_OBS pkg=com.deepseek.chat mode=deepseek events=27 rule_matched=0 first_delta_ms=0 cadence_p50_ms=1.0 session_span_ms=16547.8 confidence=LOW/INCONCLUSIVE reason=throttle ttft_send_ms=null anchor_source=null ttft_cluster_ms=null ttft_density_ms=null
09-06 01:04:52.782 I/AnebProbe(25624): ADAPTER_EVT type=content cls=android.view.View desc=null txt_len=0 pkg=com.deepseek.chat t_boot_ns=1206261813744394
09-06 01:04:52.782 I/AnebProbe(25624): ADAPTER_EVT type=content cls=android.view.View desc=null txt_len=0 pkg=com.deepseek.chat t_boot_ns=1206261814100123
09-06 01:04:52.783 I/AnebProbe(25624): ADAPTER_EVT type=content cls=android.view.View desc=null txt_len=0 pkg=com.deepseek.chat t_boot_ns=1206261814277727
09-06 01:04:52.783 I/AnebProbe(25624): ADAPTER_EVT type=content cls=android.view.View desc=null txt_len=0 pkg=com.deepseek.chat t_boot_ns=1206261814381894
09-06 01:04:52.811 I/AnebProbe(25624): ADAPTER_EVT type=content cls=androidx.compose.ui.viewinterop.ViewFactoryHolder desc=null txt_len=0 pkg=com.deepseek.chat t_boot_ns=1206261842741790
09-06 01:04:52.883 I/AnebProbe(25624): ADAPTER_EVT type=content cls=android.view.View desc=null txt_len=0 pkg=com.deepseek.chat t_boot_ns=1206261914241269
09-06 01:04:52.884 I/AnebProbe(25624): ADAPTER_EVT type=content cls=android.view.View desc=null txt_len=0 pkg=com.deepseek.chat t_boot_ns=1206261915265227
09-06 01:04:52.884 I/AnebProbe(25624): ADAPTER_EVT type=content cls=android.view.View desc=null txt_len=0 pkg=com.deepseek.chat t_boot_ns=1206261915720957
09-06 01:04:52.884 I/AnebProbe(25624): ADAPTER_EVT type=content cls=android.view.View desc=null txt_len=0 pkg=com.deepseek.chat t_boot_ns=1206261915952207
09-06 01:04:52.885 I/AnebProbe(25624): ADAPTER_EVT type=content cls=android.view.View desc=null txt_len=0 pkg=com.deepseek.chat t_boot_ns=1206261917066269
09-06 01:04:52.925 I/AnebProbe(25624): ADAPTER_EVT type=content cls=androidx.compose.ui.viewinterop.ViewFactoryHolder desc=null txt_len=0 pkg=com.deepseek.chat t_boot_ns=1206261956609498
09-06 01:04:52.984 I/AnebProbe(25624): ADAPTER_EVT type=content cls=android.view.View desc=null txt_len=0 pkg=com.deepseek.chat t_boot_ns=1206262015178248
09-06 01:04:52.984 I/AnebProbe(25624): ADAPTER_EVT type=content cls=android.view.View desc=null txt_len=0 pkg=com.deepseek.chat t_boot_ns=1206262015423040
09-06 01:04:52.984 I/AnebProbe(25624): ADAPTER_EVT type=content cls=android.view.View desc=null txt_len=0 pkg=com.deepseek.chat t_boot_ns=1206262015541790
09-06 01:04:52.984 I/AnebProbe(25624): ADAPTER_EVT type=content cls=android.view.View desc=null txt_len=0 pkg=com.deepseek.chat t_boot_ns=1206262015624602
09-06 01:04:52.984 I/AnebProbe(25624): ADAPTER_EVT type=content cls=android.view.View desc=null txt_len=0 pkg=com.deepseek.chat t_boot_ns=1206262015694394
09-06 01:04:53.746 I/AnebProbe(25624): ADAPTER_EVT type=content cls=android.widget.EditText desc=null txt_len=1 pkg=com.deepseek.chat t_boot_ns=1206262776382415
09-06 01:04:53.765 I/AnebProbe(25624): ADAPTER_EVT type=content cls=android.widget.EditText desc=null txt_len=2 pkg=com.deepseek.chat t_boot_ns=1206262795913665
09-06 01:04:53.778 I/AnebProbe(25624): ADAPTER_EVT type=content cls=android.view.View desc=null txt_len=0 pkg=com.deepseek.chat t_boot_ns=1206262809282936
09-06 01:04:53.778 I/AnebProbe(25624): ADAPTER_EVT type=content cls=android.view.View desc=null txt_len=0 pkg=com.deepseek.chat t_boot_ns=1206262809642831
09-06 01:04:53.783 I/AnebProbe(25624): ADAPTER_EVT type=content cls=android.widget.EditText desc=null txt_len=3 pkg=com.deepseek.chat t_boot_ns=1206262814494394
09-06 01:04:53.810 I/AnebProbe(25624): ADAPTER_EVT type=content cls=android.widget.EditText desc=null txt_len=4 pkg=com.deepseek.chat t_boot_ns=1206262841733456
09-06 01:04:53.822 I/AnebProbe(25624): ADAPTER_EVT type=content cls=android.widget.EditText desc=null txt_len=5 pkg=com.deepseek.chat t_boot_ns=1206262853549081
09-06 01:04:53.834 I/AnebProbe(25624): ADAPTER_EVT type=content cls=android.widget.EditText desc=null txt_len=6 pkg=com.deepseek.chat t_boot_ns=1206262865574081
09-06 01:04:53.851 I/AnebProbe(25624): ADAPTER_EVT type=content cls=android.widget.EditText desc=null txt_len=7 pkg=com.deepseek.chat t_boot_ns=1206262882595956
09-06 01:04:53.862 I/AnebProbe(25624): ADAPTER_EVT type=content cls=android.widget.EditText desc=null txt_len=8 pkg=com.deepseek.chat t_boot_ns=1206262892948561
09-06 01:04:53.869 I/AnebProbe(25624): ADAPTER_EVT type=content cls=android.widget.EditText desc=null txt_len=9 pkg=com.deepseek.chat t_boot_ns=1206262899842831
09-06 01:04:53.878 I/AnebProbe(25624): ADAPTER_EVT type=content cls=android.widget.EditText desc=null txt_len=10 pkg=com.deepseek.chat t_boot_ns=1206262909182936
09-06 01:04:53.879 I/AnebProbe(25624): ADAPTER_EVT type=content cls=android.view.View desc=null txt_len=0 pkg=com.deepseek.chat t_boot_ns=1206262910691790
09-06 01:04:53.886 I/AnebProbe(25624): ADAPTER_EVT type=content cls=android.widget.EditText desc=null txt_len=11 pkg=com.deepseek.chat t_boot_ns=1206262916725123
09-06 01:04:53.896 I/AnebProbe(25624): ADAPTER_EVT type=content cls=android.widget.EditText desc=null txt_len=12 pkg=com.deepseek.chat t_boot_ns=1206262927168873
09-06 01:04:53.904 I/AnebProbe(25624): ADAPTER_EVT type=content cls=android.widget.EditText desc=null txt_len=13 pkg=com.deepseek.chat t_boot_ns=1206262935741269
09-06 01:04:53.912 I/AnebProbe(25624): ADAPTER_EVT type=content cls=android.widget.EditText desc=null txt_len=14 pkg=com.deepseek.chat t_boot_ns=1206262943274602
09-06 01:04:53.921 I/AnebProbe(25624): ADAPTER_EVT type=content cls=android.widget.EditText desc=null txt_len=15 pkg=com.deepseek.chat t_boot_ns=1206262952299602
09-06 01:04:53.929 I/AnebProbe(25624): ADAPTER_EVT type=content cls=android.widget.EditText desc=null txt_len=16 pkg=com.deepseek.chat t_boot_ns=1206262960221477
09-06 01:04:53.940 I/AnebProbe(25624): ADAPTER_EVT type=content cls=android.widget.EditText desc=null txt_len=17 pkg=com.deepseek.chat t_boot_ns=1206262971807415
09-06 01:04:53.950 I/AnebProbe(25624): ADAPTER_EVT type=content cls=android.widget.EditText desc=null txt_len=18 pkg=com.deepseek.chat t_boot_ns=1206262981626165
09-06 01:04:53.962 I/AnebProbe(25624): ADAPTER_EVT type=content cls=android.widget.EditText desc=null txt_len=19 pkg=com.deepseek.chat t_boot_ns=1206262993528248
09-06 01:04:53.974 I/AnebProbe(25624): ADAPTER_EVT type=content cls=android.widget.EditText desc=null txt_len=20 pkg=com.deepseek.chat t_boot_ns=1206263005480331
09-06 01:04:53.985 I/AnebProbe(25624): ADAPTER_EVT type=content cls=android.widget.EditText desc=null txt_len=21 pkg=com.deepseek.chat t_boot_ns=1206263013971998
09-06 01:04:53.996 I/AnebProbe(25624): ADAPTER_EVT type=content cls=android.widget.EditText desc=null txt_len=22 pkg=com.deepseek.chat t_boot_ns=1206263027220436
09-06 01:04:54.004 I/AnebProbe(25624): ADAPTER_EVT type=content cls=android.widget.EditText desc=null txt_len=23 pkg=com.deepseek.chat t_boot_ns=1206263035466269
09-06 01:04:54.015 I/AnebProbe(25624): ADAPTER_EVT type=content cls=android.widget.EditText desc=null txt_len=24 pkg=com.deepseek.chat t_boot_ns=1206263046230852
09-06 01:04:54.028 I/AnebProbe(25624): ADAPTER_EVT type=content cls=android.widget.EditText desc=null txt_len=25 pkg=com.deepseek.chat t_boot_ns=1206263059604811
09-06 01:04:54.041 I/AnebProbe(25624): ADAPTER_EVT type=content cls=android.widget.EditText desc=null txt_len=26 pkg=com.deepseek.chat t_boot_ns=1206263071951165
09-06 01:04:54.050 I/AnebProbe(25624): ADAPTER_EVT type=content cls=android.widget.EditText desc=null txt_len=27 pkg=com.deepseek.chat t_boot_ns=1206263081493873
09-06 01:04:54.062 I/AnebProbe(25624): ADAPTER_EVT type=content cls=android.widget.EditText desc=null txt_len=28 pkg=com.deepseek.chat t_boot_ns=1206263092712102
09-06 01:04:54.076 I/AnebProbe(25624): ADAPTER_EVT type=content cls=android.widget.EditText desc=null txt_len=29 pkg=com.deepseek.chat t_boot_ns=1206263107464186
09-06 01:04:54.091 I/AnebProbe(25624): ADAPTER_EVT type=content cls=android.widget.EditText desc=null txt_len=30 pkg=com.deepseek.chat t_boot_ns=1206263122029290
09-06 01:04:54.104 I/AnebProbe(25624): ADAPTER_EVT type=content cls=android.widget.EditText desc=null txt_len=31 pkg=com.deepseek.chat t_boot_ns=1206263135220436
09-06 01:04:54.117 I/AnebProbe(25624): ADAPTER_EVT type=content cls=android.widget.EditText desc=null txt_len=32 pkg=com.deepseek.chat t_boot_ns=1206263148653769
09-06 01:04:54.127 I/AnebProbe(25624): ADAPTER_EVT type=content cls=android.widget.EditText desc=null txt_len=33 pkg=com.deepseek.chat t_boot_ns=1206263158803769
09-06 01:04:54.137 I/AnebProbe(25624): ADAPTER_EVT type=content cls=android.widget.EditText desc=null txt_len=34 pkg=com.deepseek.chat t_boot_ns=1206263168401165
09-06 01:04:54.148 I/AnebProbe(25624): ADAPTER_EVT type=content cls=android.widget.EditText desc=null txt_len=35 pkg=com.deepseek.chat t_boot_ns=1206263179255852
09-06 01:04:54.160 I/AnebProbe(25624): ADAPTER_EVT type=content cls=android.widget.EditText desc=null txt_len=36 pkg=com.deepseek.chat t_boot_ns=1206263191628248
09-06 01:04:54.172 I/AnebProbe(25624): ADAPTER_EVT type=content cls=android.widget.EditText desc=null txt_len=37 pkg=com.deepseek.chat t_boot_ns=1206263202375123
09-06 01:04:54.182 I/AnebProbe(25624): ADAPTER_EVT type=content cls=android.widget.EditText desc=null txt_len=38 pkg=com.deepseek.chat t_boot_ns=1206263213003769
09-06 01:04:54.194 I/AnebProbe(25624): ADAPTER_EVT type=content cls=android.widget.EditText desc=null txt_len=39 pkg=com.deepseek.chat t_boot_ns=1206263225305852
09-06 01:04:54.203 I/AnebProbe(25624): ADAPTER_EVT type=content cls=android.widget.EditText desc=null txt_len=40 pkg=com.deepseek.chat t_boot_ns=1206263234869915
09-06 01:04:54.216 I/AnebProbe(25624): ADAPTER_EVT type=content cls=android.widget.EditText desc=null txt_len=41 pkg=com.deepseek.chat t_boot_ns=1206263247134498
09-06 01:04:54.226 I/AnebProbe(25624): ADAPTER_EVT type=content cls=android.widget.EditText desc=null txt_len=42 pkg=com.deepseek.chat t_boot_ns=1206263257735540
09-06 01:04:54.241 I/AnebProbe(25624): ADAPTER_EVT type=content cls=android.widget.EditText desc=null txt_len=43 pkg=com.deepseek.chat t_boot_ns=1206263272757415
09-06 01:04:54.250 I/AnebProbe(25624): ADAPTER_EVT type=content cls=android.widget.EditText desc=null txt_len=44 pkg=com.deepseek.chat t_boot_ns=1206263281480331
09-06 01:04:54.251 I/AnebProbe(25624): ADAPTER_EVT type=content cls=androidx.compose.ui.viewinterop.ViewFactoryHolder desc=null txt_len=0 pkg=com.deepseek.chat t_boot_ns=1206263283041790
09-06 01:04:54.260 I/AnebProbe(25624): ADAPTER_EVT type=content cls=android.view.View desc=null txt_len=0 pkg=com.deepseek.chat t_boot_ns=1206263291149081
09-06 01:04:54.265 I/AnebProbe(25624): ADAPTER_EVT type=content cls=androidx.compose.ui.viewinterop.ViewFactoryHolder desc=null txt_len=0 pkg=com.deepseek.chat t_boot_ns=1206263296030331
09-06 01:04:54.266 I/AnebProbe(25624): ADAPTER_EVT type=content cls=android.widget.EditText desc=null txt_len=45 pkg=com.deepseek.chat t_boot_ns=1206263297849602
09-06 01:04:54.276 I/AnebProbe(25624): ADAPTER_EVT type=content cls=android.widget.EditText desc=null txt_len=46 pkg=com.deepseek.chat t_boot_ns=1206263307772519
09-06 01:04:54.305 I/AnebProbe(25624): ADAPTER_EVT type=content cls=androidx.compose.ui.viewinterop.ViewFactoryHolder desc=null txt_len=0 pkg=com.deepseek.chat t_boot_ns=1206263336237102
09-06 01:04:54.305 I/AnebProbe(25624): ADAPTER_EVT type=content cls=android.widget.EditText desc=null txt_len=47 pkg=com.deepseek.chat t_boot_ns=1206263336980331
09-06 01:04:54.343 I/AnebProbe(25624): ADAPTER_EVT type=content cls=androidx.compose.ui.viewinterop.ViewFactoryHolder desc=null txt_len=0 pkg=com.deepseek.chat t_boot_ns=1206263374668873
09-06 01:04:54.344 I/AnebProbe(25624): ADAPTER_EVT type=content cls=android.widget.EditText desc=null txt_len=48 pkg=com.deepseek.chat t_boot_ns=1206263375078248
09-06 01:04:54.362 I/AnebProbe(25624): ADAPTER_EVT type=content cls=androidx.compose.ui.viewinterop.ViewFactoryHolder desc=null txt_len=0 pkg=com.deepseek.chat t_boot_ns=1206263393091269
09-06 01:04:54.362 I/AnebProbe(25624): ADAPTER_EVT type=content cls=android.widget.EditText desc=null txt_len=49 pkg=com.deepseek.chat t_boot_ns=1206263393484498
09-06 01:04:54.363 I/AnebProbe(25624): ADAPTER_EVT type=content cls=android.view.View desc=null txt_len=0 pkg=com.deepseek.chat t_boot_ns=1206263394206894
09-06 01:04:54.363 I/AnebProbe(25624): ADAPTER_EVT type=content cls=android.view.View desc=null txt_len=0 pkg=com.deepseek.chat t_boot_ns=1206263394302206
09-06 01:04:54.363 I/AnebProbe(25624): ADAPTER_EVT type=content cls=android.view.View desc=null txt_len=0 pkg=com.deepseek.chat t_boot_ns=1206263394363665
09-06 01:04:54.363 I/AnebProbe(25624): ADAPTER_EVT type=content cls=android.view.View desc=null txt_len=0 pkg=com.deepseek.chat t_boot_ns=1206263394432415
09-06 01:04:54.363 I/AnebProbe(25624): ADAPTER_EVT type=content cls=android.view.View desc=null txt_len=0 pkg=com.deepseek.chat t_boot_ns=1206263394497519
09-06 01:04:54.377 I/AnebProbe(25624): ADAPTER_EVT type=content cls=androidx.compose.ui.viewinterop.ViewFactoryHolder desc=null txt_len=0 pkg=com.deepseek.chat t_boot_ns=1206263408768352
09-06 01:04:54.377 I/AnebProbe(25624): ADAPTER_EVT type=content cls=android.widget.EditText desc=null txt_len=50 pkg=com.deepseek.chat t_boot_ns=1206263408973040
09-06 01:04:54.391 I/AnebProbe(25624): ADAPTER_EVT type=content cls=androidx.compose.ui.viewinterop.ViewFactoryHolder desc=null txt_len=0 pkg=com.deepseek.chat t_boot_ns=1206263423035019
09-06 01:04:54.392 I/AnebProbe(25624): ADAPTER_EVT type=content cls=android.widget.EditText desc=null txt_len=51 pkg=com.deepseek.chat t_boot_ns=1206263423290227
09-06 01:04:54.397 I/AnebProbe(25624): ADAPTER_EVT type=content cls=android.widget.EditText desc=null txt_len=52 pkg=com.deepseek.chat t_boot_ns=1206263428637102
09-06 01:04:54.412 I/AnebProbe(25624): ADAPTER_EVT type=content cls=androidx.compose.ui.viewinterop.ViewFactoryHolder desc=null txt_len=0 pkg=com.deepseek.chat t_boot_ns=1206263443796998
09-06 01:04:54.412 I/AnebProbe(25624): ADAPTER_EVT type=content cls=android.widget.EditText desc=null txt_len=53 pkg=com.deepseek.chat t_boot_ns=1206263444105331
09-06 01:04:54.428 I/AnebProbe(25624): ADAPTER_EVT type=content cls=androidx.compose.ui.viewinterop.ViewFactoryHolder desc=null txt_len=0 pkg=com.deepseek.chat t_boot_ns=1206263459483977
09-06 01:04:54.429 I/AnebProbe(25624): ADAPTER_EVT type=content cls=android.widget.EditText desc=null txt_len=54 pkg=com.deepseek.chat t_boot_ns=1206263460381373
09-06 01:04:54.435 I/AnebProbe(25624): ADAPTER_EVT type=content cls=android.widget.EditText desc=null txt_len=55 pkg=com.deepseek.chat t_boot_ns=1206263466841269
09-06 01:04:54.439 I/AnebProbe(25624): ADAPTER_EVT type=content cls=android.widget.EditText desc=null txt_len=56 pkg=com.deepseek.chat t_boot_ns=1206263470146477
09-06 01:04:54.461 I/AnebProbe(25624): ADAPTER_EVT type=content cls=android.view.View desc=null txt_len=0 pkg=com.deepseek.chat t_boot_ns=1206263492488665
09-06 01:04:54.461 I/AnebProbe(25624): ADAPTER_EVT type=content cls=android.view.View desc=null txt_len=0 pkg=com.deepseek.chat t_boot_ns=1206263492661061
09-06 01:04:54.461 I/AnebProbe(25624): ADAPTER_EVT type=content cls=android.view.View desc=null txt_len=0 pkg=com.deepseek.chat t_boot_ns=1206263492758456
09-06 01:04:54.461 I/AnebProbe(25624): ADAPTER_EVT type=content cls=android.view.View desc=null txt_len=0 pkg=com.deepseek.chat t_boot_ns=1206263492851686
09-06 01:04:54.461 I/AnebProbe(25624): ADAPTER_EVT type=content cls=android.view.View desc=null txt_len=0 pkg=com.deepseek.chat t_boot_ns=1206263492908456
09-06 01:04:54.532 I/AnebProbe(25624): ADAPTER_EVT type=content cls=androidx.compose.ui.viewinterop.ViewFactoryHolder desc=null txt_len=0 pkg=com.deepseek.chat t_boot_ns=1206263563423040
09-06 01:04:54.562 I/AnebProbe(25624): ADAPTER_EVT type=content cls=android.view.View desc=null txt_len=0 pkg=com.deepseek.chat t_boot_ns=1206263593825644
09-06 01:04:56.571 I/AnebE4MARK(19408): E4MARK kind=turn_start n=1
09-06 01:04:56.661 I/AnebProbe(25624): ADAPTER_EVT type=content cls=android.view.ViewGroup desc=null txt_len=0 pkg=com.deepseek.chat t_boot_ns=1206265692979810
09-06 01:04:56.694 I/AnebProbe(25624): ADAPTER_EVT type=content cls=android.view.View desc=null txt_len=0 pkg=com.deepseek.chat t_boot_ns=1206265725742831
09-06 01:04:56.694 I/AnebProbe(25624): ADAPTER_EVT type=content cls=android.view.View desc=null txt_len=0 pkg=com.deepseek.chat t_boot_ns=1206265726198039
09-06 01:04:56.695 I/AnebProbe(25624): ADAPTER_EVT type=content cls=android.view.View desc=null txt_len=0 pkg=com.deepseek.chat t_boot_ns=1206265726266789
09-06 01:04:56.699 I/AnebProbe(25624): ADAPTER_EVT type=content cls=android.view.View desc=null txt_len=0 pkg=com.deepseek.chat t_boot_ns=1206265730837623
09-06 01:04:56.729 I/AnebProbe(25624): ADAPTER_EVT type=content cls=android.view.View desc=null txt_len=0 pkg=com.deepseek.chat t_boot_ns=1206265760848039
09-06 01:04:56.779 I/AnebProbe(25624): ADAPTER_EVT type=content cls=android.view.ViewGroup desc=null txt_len=0 pkg=com.deepseek.chat t_boot_ns=1206265810156373
09-06 01:04:56.795 I/AnebProbe(25624): ADAPTER_EVT type=content cls=android.view.View desc=null txt_len=0 pkg=com.deepseek.chat t_boot_ns=1206265826492831
09-06 01:04:56.795 I/AnebProbe(25624): ADAPTER_EVT type=content cls=android.view.View desc=null txt_len=0 pkg=com.deepseek.chat t_boot_ns=1206265826689706
09-06 01:04:56.795 I/AnebProbe(25624): ADAPTER_EVT type=content cls=android.view.View desc=null txt_len=0 pkg=com.deepseek.chat t_boot_ns=1206265826764706
09-06 01:04:56.796 I/AnebProbe(25624): ADAPTER_EVT type=content cls=android.view.View desc=null txt_len=0 pkg=com.deepseek.chat t_boot_ns=1206265827149602
09-06 01:04:56.796 I/AnebProbe(25624): ADAPTER_EVT type=content cls=android.view.View desc=null txt_len=0 pkg=com.deepseek.chat t_boot_ns=1206265827660539
09-06 01:04:56.796 I/AnebProbe(25624): ADAPTER_EVT type=content cls=android.view.View desc=null txt_len=0 pkg=com.deepseek.chat t_boot_ns=1206265827789185
09-06 01:04:56.796 I/AnebProbe(25624): ADAPTER_EVT type=content cls=android.view.View desc=null txt_len=0 pkg=com.deepseek.chat t_boot_ns=1206265827844393
09-06 01:04:56.796 I/AnebProbe(25624): ADAPTER_EVT type=content cls=android.view.View desc=null txt_len=0 pkg=com.deepseek.chat t_boot_ns=1206265827892310
09-06 01:04:56.796 I/AnebProbe(25624): ADAPTER_EVT type=content cls=android.view.View desc=null txt_len=0 pkg=com.deepseek.chat t_boot_ns=1206265827935018
09-06 01:04:56.796 I/AnebProbe(25624): ADAPTER_EVT type=content cls=android.view.View desc=null txt_len=0 pkg=com.deepseek.chat t_boot_ns=1206265827973560
09-06 01:04:56.797 I/AnebProbe(25624): ADAPTER_EVT type=content cls=android.view.View desc=null txt_len=0 pkg=com.deepseek.chat t_boot_ns=1206265828279810
09-06 01:04:56.797 I/AnebProbe(25624): ADAPTER_EVT type=content cls=android.view.View desc=null txt_len=0 pkg=com.deepseek.chat t_boot_ns=1206265828364706
09-06 01:04:56.797 I/AnebProbe(25624): ADAPTER_EVT type=content cls=android.view.View desc=null txt_len=0 pkg=com.deepseek.chat t_boot_ns=1206265828420435
09-06 01:04:56.797 I/AnebProbe(25624): ADAPTER_EVT type=content cls=android.view.View desc=null txt_len=0 pkg=com.deepseek.chat t_boot_ns=1206265828458456
09-06 01:04:56.797 I/AnebProbe(25624): ADAPTER_EVT type=content cls=android.view.View desc=null txt_len=0 pkg=com.deepseek.chat t_boot_ns=1206265828495956
09-06 01:04:56.797 I/AnebProbe(25624): ADAPTER_EVT type=content cls=android.view.View desc=null txt_len=0 pkg=com.deepseek.chat t_boot_ns=1206265828540227
09-06 01:04:56.797 I/AnebProbe(25624): ADAPTER_EVT type=content cls=android.view.View desc=null txt_len=0 pkg=com.deepseek.chat t_boot_ns=1206265828576164
09-06 01:04:56.797 I/AnebProbe(25624): ADAPTER_EVT type=content cls=android.view.View desc=null txt_len=0 pkg=com.deepseek.chat t_boot_ns=1206265828680852
09-06 01:04:56.797 I/AnebProbe(25624): ADAPTER_EVT type=content cls=android.view.View desc=null txt_len=0 pkg=com.deepseek.chat t_boot_ns=1206265828720956
09-06 01:04:56.797 I/AnebProbe(25624): ADAPTER_EVT type=content cls=android.view.View desc=null txt_len=0 pkg=com.deepseek.chat t_boot_ns=1206265828762623
09-06 01:04:56.797 I/AnebProbe(25624): ADAPTER_EVT type=content cls=android.view.View desc=null txt_len=0 pkg=com.deepseek.chat t_boot_ns=1206265828831373
09-06 01:04:56.797 I/AnebProbe(25624): ADAPTER_EVT type=content cls=android.view.View desc=null txt_len=0 pkg=com.deepseek.chat t_boot_ns=1206265828879810
09-06 01:04:56.797 I/AnebProbe(25624): ADAPTER_EVT type=content cls=android.view.View desc=null txt_len=0 pkg=com.deepseek.chat t_boot_ns=1206265828929289
09-06 01:04:56.797 I/AnebProbe(25624): ADAPTER_EVT type=content cls=androidx.compose.ui.viewinterop.ViewFactoryHolder desc=null txt_len=0 pkg=com.deepseek.chat t_boot_ns=1206265828974081
09-06 01:04:56.797 I/AnebProbe(25624): ADAPTER_EVT type=content cls=android.view.View desc=null txt_len=0 pkg=com.deepseek.chat t_boot_ns=1206265829045956
09-06 01:04:56.797 I/AnebProbe(25624): ADAPTER_EVT type=content cls=android.view.View desc=null txt_len=0 pkg=com.deepseek.chat t_boot_ns=1206265829098560
09-06 01:04:56.797 I/AnebProbe(25624): ADAPTER_EVT type=content cls=android.view.View desc=null txt_len=0 pkg=com.deepseek.chat t_boot_ns=1206265829146998
09-06 01:04:56.797 I/AnebProbe(25624): ADAPTER_EVT type=content cls=android.view.View desc=null txt_len=0 pkg=com.deepseek.chat t_boot_ns=1206265829191268
09-06 01:04:56.798 I/AnebProbe(25624): ADAPTER_EVT type=content cls=android.view.View desc=null txt_len=0 pkg=com.deepseek.chat t_boot_ns=1206265829242831
09-06 01:04:56.798 I/AnebProbe(25624): ADAPTER_EVT type=content cls=android.view.View desc=null txt_len=0 pkg=com.deepseek.chat t_boot_ns=1206265829298039
09-06 01:04:56.798 I/AnebProbe(25624): ADAPTER_EVT type=content cls=android.view.View desc=null txt_len=0 pkg=com.deepseek.chat t_boot_ns=1206265829337623
09-06 01:04:56.798 I/AnebProbe(25624): ADAPTER_EVT type=content cls=android.view.View desc=null txt_len=0 pkg=com.deepseek.chat t_boot_ns=1206265829382935
09-06 01:04:56.798 I/AnebProbe(25624): ADAPTER_EVT type=content cls=android.view.View desc=null txt_len=0 pkg=com.deepseek.chat t_boot_ns=1206265829425123
09-06 01:04:56.798 I/AnebProbe(25624): ADAPTER_EVT type=content cls=android.view.View desc=null txt_len=0 pkg=com.deepseek.chat t_boot_ns=1206265829465227
09-06 01:04:56.798 I/AnebProbe(25624): ADAPTER_EVT type=content cls=android.view.View desc=null txt_len=0 pkg=com.deepseek.chat t_boot_ns=1206265829498560
09-06 01:04:56.798 I/AnebProbe(25624): ADAPTER_EVT type=content cls=android.view.View desc=null txt_len=0 pkg=com.deepseek.chat t_boot_ns=1206265829533977
09-06 01:04:56.798 I/AnebProbe(25624): ADAPTER_EVT type=content cls=android.view.View desc=null txt_len=0 pkg=com.deepseek.chat t_boot_ns=1206265829574081
09-06 01:04:56.798 I/AnebProbe(25624): ADAPTER_EVT type=content cls=android.view.View desc=null txt_len=0 pkg=com.deepseek.chat t_boot_ns=1206265829614706
09-06 01:04:56.897 I/AnebProbe(25624): ADAPTER_EVT type=content cls=android.view.View desc=null txt_len=0 pkg=com.deepseek.chat t_boot_ns=1206265928102727
09-06 01:04:56.897 I/AnebProbe(25624): ADAPTER_EVT type=content cls=android.view.View desc=null txt_len=0 pkg=com.deepseek.chat t_boot_ns=1206265928396477
09-06 01:04:56.897 I/AnebProbe(25624): ADAPTER_EVT type=content cls=android.view.View desc=null txt_len=0 pkg=com.deepseek.chat t_boot_ns=1206265928452727
09-06 01:04:56.897 I/AnebProbe(25624): ADAPTER_EVT type=content cls=android.view.View desc=null txt_len=0 pkg=com.deepseek.chat t_boot_ns=1206265928517831
09-06 01:04:56.897 I/AnebProbe(25624): ADAPTER_EVT type=content cls=android.view.View desc=null txt_len=0 pkg=com.deepseek.chat t_boot_ns=1206265929110018
09-06 01:04:56.898 I/AnebProbe(25624): ADAPTER_EVT type=content cls=android.view.View desc=null txt_len=0 pkg=com.deepseek.chat t_boot_ns=1206265929197518
09-06 01:04:56.898 I/AnebProbe(25624): ADAPTER_EVT type=content cls=android.view.View desc=null txt_len=0 pkg=com.deepseek.chat t_boot_ns=1206265929309498
09-06 01:04:56.898 I/AnebProbe(25624): ADAPTER_EVT type=content cls=android.view.View desc=null txt_len=0 pkg=com.deepseek.chat t_boot_ns=1206265929372518
09-06 01:04:56.898 I/AnebProbe(25624): ADAPTER_EVT type=content cls=android.view.View desc=null txt_len=0 pkg=com.deepseek.chat t_boot_ns=1206265929429810
09-06 01:04:56.898 I/AnebProbe(25624): ADAPTER_EVT type=content cls=android.view.View desc=null txt_len=0 pkg=com.deepseek.chat t_boot_ns=1206265929476685
09-06 01:04:56.898 I/AnebProbe(25624): ADAPTER_EVT type=content cls=android.view.View desc=null txt_len=0 pkg=com.deepseek.chat t_boot_ns=1206265929531373
09-06 01:04:56.898 I/AnebProbe(25624): ADAPTER_EVT type=content cls=android.view.View desc=null txt_len=0 pkg=com.deepseek.chat t_boot_ns=1206265929599602
09-06 01:04:56.898 I/AnebProbe(25624): ADAPTER_EVT type=content cls=androidx.compose.ui.viewinterop.ViewFactoryHolder desc=null txt_len=0 pkg=com.deepseek.chat t_boot_ns=1206265929652727
09-06 01:04:56.898 I/AnebProbe(25624): ADAPTER_EVT type=content cls=android.view.View desc=null txt_len=0 pkg=com.deepseek.chat t_boot_ns=1206265929726164
09-06 01:04:56.898 I/AnebProbe(25624): ADAPTER_EVT type=content cls=android.view.View desc=null txt_len=0 pkg=com.deepseek.chat t_boot_ns=1206265929776685
09-06 01:04:56.898 I/AnebProbe(25624): ADAPTER_EVT type=content cls=android.view.View desc=null txt_len=0 pkg=com.deepseek.chat t_boot_ns=1206265929837623
09-06 01:04:56.898 I/AnebProbe(25624): ADAPTER_EVT type=content cls=android.view.View desc=null txt_len=0 pkg=com.deepseek.chat t_boot_ns=1206265929890748
09-06 01:04:56.899 I/AnebProbe(25624): ADAPTER_EVT type=content cls=android.view.View desc=null txt_len=0 pkg=com.deepseek.chat t_boot_ns=1206265930792310
09-06 01:04:56.899 I/AnebProbe(25624): ADAPTER_EVT type=content cls=android.view.View desc=null txt_len=0 pkg=com.deepseek.chat t_boot_ns=1206265930869914
09-06 01:04:56.899 I/AnebProbe(25624): ADAPTER_EVT type=content cls=android.view.View desc=null txt_len=0 pkg=com.deepseek.chat t_boot_ns=1206265930931373
09-06 01:04:56.899 I/AnebProbe(25624): ADAPTER_EVT type=content cls=android.view.View desc=null txt_len=0 pkg=com.deepseek.chat t_boot_ns=1206265930976164
09-06 01:04:56.899 I/AnebProbe(25624): ADAPTER_EVT type=content cls=android.view.View desc=null txt_len=0 pkg=com.deepseek.chat t_boot_ns=1206265931030331
09-06 01:04:56.899 I/AnebProbe(25624): ADAPTER_EVT type=content cls=android.view.View desc=null txt_len=0 pkg=com.deepseek.chat t_boot_ns=1206265931074602
09-06 01:04:56.899 I/AnebProbe(25624): ADAPTER_EVT type=content cls=android.view.View desc=null txt_len=0 pkg=com.deepseek.chat t_boot_ns=1206265931124081
09-06 01:04:57.000 I/AnebProbe(25624): ADAPTER_EVT type=content cls=android.view.View desc=null txt_len=0 pkg=com.deepseek.chat t_boot_ns=1206266030932414
09-06 01:04:57.000 I/AnebProbe(25624): ADAPTER_EVT type=content cls=android.view.View desc=null txt_len=0 pkg=com.deepseek.chat t_boot_ns=1206266031677727
09-06 01:04:57.000 I/AnebProbe(25624): ADAPTER_EVT type=content cls=android.view.View desc=null txt_len=0 pkg=com.deepseek.chat t_boot_ns=1206266031821477
09-06 01:04:57.000 I/AnebProbe(25624): ADAPTER_EVT type=content cls=android.view.View desc=null txt_len=0 pkg=com.deepseek.chat t_boot_ns=1206266031896477
09-06 01:04:57.000 I/AnebProbe(25624): ADAPTER_EVT type=content cls=android.view.View desc=null txt_len=0 pkg=com.deepseek.chat t_boot_ns=1206266031966268
09-06 01:04:57.000 I/AnebProbe(25624): ADAPTER_EVT type=content cls=android.view.View desc=null txt_len=0 pkg=com.deepseek.chat t_boot_ns=1206266032048560
09-06 01:04:57.000 I/AnebProbe(25624): ADAPTER_EVT type=content cls=android.view.View desc=null txt_len=0 pkg=com.deepseek.chat t_boot_ns=1206266032121477
09-06 01:04:57.001 I/AnebProbe(25624): ADAPTER_EVT type=content cls=android.view.View desc=null txt_len=0 pkg=com.deepseek.chat t_boot_ns=1206266032223560
09-06 01:04:57.001 I/AnebProbe(25624): ADAPTER_EVT type=content cls=android.view.View desc=null txt_len=0 pkg=com.deepseek.chat t_boot_ns=1206266032287623
09-06 01:04:57.001 I/AnebProbe(25624): ADAPTER_EVT type=content cls=android.view.View desc=null txt_len=0 pkg=com.deepseek.chat t_boot_ns=1206266032380852
09-06 01:04:57.001 I/AnebProbe(25624): ADAPTER_EVT type=content cls=android.view.View desc=null txt_len=0 pkg=com.deepseek.chat t_boot_ns=1206266032463143
09-06 01:04:57.002 I/AnebProbe(25624): ADAPTER_EVT type=content cls=android.view.View desc=null txt_len=0 pkg=com.deepseek.chat t_boot_ns=1206266033546477
09-06 01:04:57.002 I/AnebProbe(25624): ADAPTER_EVT type=content cls=android.view.View desc=null txt_len=0 pkg=com.deepseek.chat t_boot_ns=1206266033688664
09-06 01:04:57.002 I/AnebProbe(25624): ADAPTER_EVT type=content cls=android.view.View desc=null txt_len=0 pkg=com.deepseek.chat t_boot_ns=1206266033765227
09-06 01:04:57.002 I/AnebProbe(25624): ADAPTER_EVT type=content cls=androidx.compose.ui.viewinterop.ViewFactoryHolder desc=null txt_len=0 pkg=com.deepseek.chat t_boot_ns=1206266033829289
09-06 01:04:57.002 I/AnebProbe(25624): ADAPTER_EVT type=content cls=android.view.View desc=null txt_len=0 pkg=com.deepseek.chat t_boot_ns=1206266033889706
09-06 01:04:57.002 I/AnebProbe(25624): ADAPTER_EVT type=content cls=android.view.View desc=null txt_len=0 pkg=com.deepseek.chat t_boot_ns=1206266033943352
09-06 01:04:57.002 I/AnebProbe(25624): ADAPTER_EVT type=content cls=android.view.View desc=null txt_len=0 pkg=com.deepseek.chat t_boot_ns=1206266033998560
09-06 01:04:57.002 I/AnebProbe(25624): ADAPTER_EVT type=content cls=android.view.View desc=null txt_len=0 pkg=com.deepseek.chat t_boot_ns=1206266034053248
09-06 01:04:57.002 I/AnebProbe(25624): ADAPTER_EVT type=content cls=android.view.View desc=null txt_len=0 pkg=com.deepseek.chat t_boot_ns=1206266034131893
09-06 01:04:57.003 I/AnebProbe(25624): ADAPTER_EVT type=content cls=android.view.View desc=null txt_len=0 pkg=com.deepseek.chat t_boot_ns=1206266034203768
09-06 01:04:57.003 I/AnebProbe(25624): ADAPTER_EVT type=content cls=android.view.View desc=null txt_len=0 pkg=com.deepseek.chat t_boot_ns=1206266034270435
09-06 01:04:57.003 I/AnebProbe(25624): ADAPTER_EVT type=content cls=android.view.View desc=null txt_len=0 pkg=com.deepseek.chat t_boot_ns=1206266034337102
09-06 01:04:57.003 I/AnebProbe(25624): ADAPTER_EVT type=content cls=android.view.View desc=null txt_len=0 pkg=com.deepseek.chat t_boot_ns=1206266034398039
09-06 01:04:57.003 I/AnebProbe(25624): ADAPTER_EVT type=content cls=android.view.View desc=null txt_len=0 pkg=com.deepseek.chat t_boot_ns=1206266034458977
09-06 01:04:57.003 I/AnebProbe(25624): ADAPTER_EVT type=content cls=android.view.View desc=null txt_len=0 pkg=com.deepseek.chat t_boot_ns=1206266034543352
09-06 01:04:57.003 I/AnebProbe(25624): ADAPTER_EVT type=content cls=android.view.View desc=null txt_len=0 pkg=com.deepseek.chat t_boot_ns=1206266034621477
09-06 01:04:57.106 I/AnebProbe(25624): ADAPTER_EVT type=content cls=android.view.View desc=null txt_len=0 pkg=com.deepseek.chat t_boot_ns=1206266137379289
09-06 01:04:57.106 I/AnebProbe(25624): ADAPTER_EVT type=content cls=android.view.View desc=null txt_len=0 pkg=com.deepseek.chat t_boot_ns=1206266137893352
09-06 01:04:57.106 I/AnebProbe(25624): ADAPTER_EVT type=content cls=android.view.View desc=null txt_len=0 pkg=com.deepseek.chat t_boot_ns=1206266138023039
09-06 01:04:57.106 I/AnebProbe(25624): ADAPTER_EVT type=content cls=android.view.View desc=null txt_len=0 pkg=com.deepseek.chat t_boot_ns=1206266138081373
09-06 01:04:57.106 I/AnebProbe(25624): ADAPTER_EVT type=content cls=android.view.View desc=null txt_len=0 pkg=com.deepseek.chat t_boot_ns=1206266138151685
09-06 01:04:57.107 I/AnebProbe(25624): ADAPTER_EVT type=content cls=android.view.View desc=null txt_len=0 pkg=com.deepseek.chat t_boot_ns=1206266138226164
09-06 01:04:57.107 I/AnebProbe(25624): ADAPTER_EVT type=content cls=android.view.View desc=null txt_len=0 pkg=com.deepseek.chat t_boot_ns=1206266138315227
09-06 01:04:57.107 I/AnebProbe(25624): ADAPTER_EVT type=content cls=androidx.compose.ui.viewinterop.ViewFactoryHolder desc=null txt_len=0 pkg=com.deepseek.chat t_boot_ns=1206266138395956
09-06 01:04:57.107 I/AnebProbe(25624): ADAPTER_EVT type=content cls=android.view.View desc=null txt_len=0 pkg=com.deepseek.chat t_boot_ns=1206266138444393
09-06 01:04:57.107 I/AnebProbe(25624): ADAPTER_EVT type=content cls=android.view.View desc=null txt_len=0 pkg=com.deepseek.chat t_boot_ns=1206266138509498
09-06 01:04:57.107 I/AnebProbe(25624): ADAPTER_EVT type=content cls=android.view.View desc=null txt_len=0 pkg=com.deepseek.chat t_boot_ns=1206266138573039
09-06 01:04:57.206 I/AnebProbe(25624): ADAPTER_EVT type=content cls=android.view.View desc=null txt_len=0 pkg=com.deepseek.chat t_boot_ns=1206266237833977
09-06 01:04:57.307 I/AnebProbe(25624): ADAPTER_EVT type=content cls=android.view.View desc=null txt_len=0 pkg=com.deepseek.chat t_boot_ns=1206266338302727
09-06 01:04:57.410 I/AnebProbe(25624): ADAPTER_EVT type=content cls=android.view.View desc=null txt_len=0 pkg=com.deepseek.chat t_boot_ns=1206266441135018
09-06 01:04:57.410 I/AnebProbe(25624): ADAPTER_EVT type=content cls=android.view.View desc=null txt_len=0 pkg=com.deepseek.chat t_boot_ns=1206266441354289
09-06 01:04:57.410 I/AnebProbe(25624): ADAPTER_EVT type=content cls=android.view.View desc=null txt_len=0 pkg=com.deepseek.chat t_boot_ns=1206266441427727
09-06 01:04:57.410 I/AnebProbe(25624): ADAPTER_EVT type=content cls=android.view.View desc=null txt_len=0 pkg=com.deepseek.chat t_boot_ns=1206266441481373
09-06 01:04:57.410 I/AnebProbe(25624): ADAPTER_EVT type=content cls=android.view.View desc=null txt_len=0 pkg=com.deepseek.chat t_boot_ns=1206266441552727
09-06 01:04:57.410 I/AnebProbe(25624): ADAPTER_EVT type=content cls=android.view.View desc=null txt_len=0 pkg=com.deepseek.chat t_boot_ns=1206266441613664
09-06 01:04:57.410 I/AnebProbe(25624): ADAPTER_EVT type=content cls=android.view.View desc=null txt_len=0 pkg=com.deepseek.chat t_boot_ns=1206266441666268
09-06 01:04:57.410 I/AnebProbe(25624): ADAPTER_EVT type=content cls=android.view.View desc=null txt_len=0 pkg=com.deepseek.chat t_boot_ns=1206266441723039
09-06 01:04:57.410 I/AnebProbe(25624): ADAPTER_EVT type=content cls=android.view.View desc=null txt_len=0 pkg=com.deepseek.chat t_boot_ns=1206266441785539
09-06 01:04:57.410 I/AnebProbe(25624): ADAPTER_EVT type=content cls=android.view.View desc=null txt_len=0 pkg=com.deepseek.chat t_boot_ns=1206266441844393
09-06 01:04:57.410 I/AnebProbe(25624): ADAPTER_EVT type=content cls=android.view.View desc=null txt_len=0 pkg=com.deepseek.chat t_boot_ns=1206266441891789
09-06 01:04:57.512 I/AnebProbe(25624): ADAPTER_EVT type=content cls=android.view.View desc=null txt_len=0 pkg=com.deepseek.chat t_boot_ns=1206266543043873
09-06 01:04:57.512 I/AnebProbe(25624): ADAPTER_EVT type=content cls=android.view.View desc=null txt_len=0 pkg=com.deepseek.chat t_boot_ns=1206266543518352
09-06 01:04:57.514 I/AnebProbe(25624): ADAPTER_EVT type=content cls=android.view.View desc=null txt_len=0 pkg=com.deepseek.chat t_boot_ns=1206266544793352
09-06 01:04:57.514 I/AnebProbe(25624): ADAPTER_EVT type=content cls=android.view.View desc=null txt_len=0 pkg=com.deepseek.chat t_boot_ns=1206266545409498
09-06 01:04:57.514 I/AnebProbe(25624): ADAPTER_EVT type=content cls=android.view.View desc=null txt_len=0 pkg=com.deepseek.chat t_boot_ns=1206266545598039
09-06 01:04:57.514 I/AnebProbe(25624): ADAPTER_EVT type=content cls=android.view.View desc=null txt_len=0 pkg=com.deepseek.chat t_boot_ns=1206266545780852
09-06 01:04:57.612 I/AnebProbe(25624): ADAPTER_EVT type=content cls=android.view.View desc=null txt_len=0 pkg=com.deepseek.chat t_boot_ns=1206266643635539
09-06 01:04:57.613 I/AnebProbe(25624): ADAPTER_EVT type=content cls=android.view.View desc=null txt_len=0 pkg=com.deepseek.chat t_boot_ns=1206266644334498
09-06 01:04:57.721 I/AnebProbe(25624): ADAPTER_EVT type=content cls=android.view.View desc=null txt_len=0 pkg=com.deepseek.chat t_boot_ns=1206266752323560
09-06 01:04:57.724 I/AnebProbe(25624): ADAPTER_EVT type=content cls=android.view.View desc=null txt_len=0 pkg=com.deepseek.chat t_boot_ns=1206266755104810
09-06 01:04:57.724 I/AnebProbe(25624): ADAPTER_EVT type=content cls=android.view.View desc=null txt_len=0 pkg=com.deepseek.chat t_boot_ns=1206266755672518
09-06 01:04:57.728 I/AnebProbe(25624): ADAPTER_EVT type=content cls=android.view.View desc=null txt_len=0 pkg=com.deepseek.chat t_boot_ns=1206266759070435
09-06 01:04:57.728 I/AnebProbe(25624): ADAPTER_EVT type=content cls=android.view.View desc=null txt_len=0 pkg=com.deepseek.chat t_boot_ns=1206266759625123
09-06 01:04:57.728 I/AnebProbe(25624): ADAPTER_EVT type=content cls=android.view.View desc=null txt_len=0 pkg=com.deepseek.chat t_boot_ns=1206266759914706
09-06 01:04:57.729 I/AnebProbe(25624): ADAPTER_EVT type=content cls=android.view.View desc=null txt_len=0 pkg=com.deepseek.chat t_boot_ns=1206266760163664
09-06 01:04:57.823 I/AnebProbe(25624): ADAPTER_EVT type=content cls=android.view.View desc=null txt_len=0 pkg=com.deepseek.chat t_boot_ns=1206266854188664
09-06 01:04:57.826 I/AnebProbe(25624): ADAPTER_OBS pkg=com.deepseek.chat mode=deepseek events=260 rule_matched=0 first_delta_ms=0 cadence_p50_ms=0.3 session_span_ms=21589.8 confidence=LOW/INCONCLUSIVE reason=throttle ttft_send_ms=null anchor_source=null ttft_cluster_ms=2200.5 ttft_density_ms=2100.0
09-06 01:04:57.827 I/AnebProbe(25624): ADAPTER_EVT type=content cls=android.view.View desc=null txt_len=0 pkg=com.deepseek.chat t_boot_ns=1206266858333977
09-06 01:04:57.827 I/AnebProbe(25624): ADAPTER_EVT type=content cls=android.view.View desc=null txt_len=0 pkg=com.deepseek.chat t_boot_ns=1206266858632935
09-06 01:04:57.827 I/AnebProbe(25624): ADAPTER_EVT type=content cls=android.view.View desc=null txt_len=0 pkg=com.deepseek.chat t_boot_ns=1206266858787102
09-06 01:04:57.827 I/AnebProbe(25624): ADAPTER_EVT type=content cls=android.view.View desc=null txt_len=0 pkg=com.deepseek.chat t_boot_ns=1206266858907935
09-06 01:04:57.827 I/AnebProbe(25624): ADAPTER_EVT type=content cls=android.view.View desc=null txt_len=0 pkg=com.deepseek.chat t_boot_ns=1206266859021997
09-06 01:04:57.828 I/AnebProbe(25624): ADAPTER_EVT type=content cls=android.view.View desc=null txt_len=0 pkg=com.deepseek.chat t_boot_ns=1206266859210539
09-06 01:04:57.927 I/AnebProbe(25624): ADAPTER_EVT type=content cls=android.view.View desc=null txt_len=0 pkg=com.deepseek.chat t_boot_ns=1206266958123560
09-06 01:04:57.927 I/AnebProbe(25624): ADAPTER_EVT type=content cls=android.view.View desc=null txt_len=0 pkg=com.deepseek.chat t_boot_ns=1206266958525643
09-06 01:04:57.927 I/AnebProbe(25624): ADAPTER_EVT type=content cls=android.view.View desc=null txt_len=0 pkg=com.deepseek.chat t_boot_ns=1206266958783456
09-06 01:04:57.928 I/AnebProbe(25624): ADAPTER_EVT type=content cls=android.view.View desc=null txt_len=0 pkg=com.deepseek.chat t_boot_ns=1206266959021997
09-06 01:04:57.928 I/AnebProbe(25624): ADAPTER_EVT type=content cls=android.view.View desc=null txt_len=0 pkg=com.deepseek.chat t_boot_ns=1206266959526164
09-06 01:04:57.928 I/AnebProbe(25624): ADAPTER_EVT type=content cls=android.view.View desc=null txt_len=0 pkg=com.deepseek.chat t_boot_ns=1206266959707414
09-06 01:04:58.026 I/AnebProbe(25624): ADAPTER_EVT type=content cls=android.view.View desc=null txt_len=0 pkg=com.deepseek.chat t_boot_ns=1206267057669393
09-06 01:04:58.027 I/AnebProbe(25624): ADAPTER_EVT type=content cls=android.view.View desc=null txt_len=0 pkg=com.deepseek.chat t_boot_ns=1206267058173039
09-06 01:04:58.027 I/AnebProbe(25624): ADAPTER_EVT type=content cls=android.view.View desc=null txt_len=0 pkg=com.deepseek.chat t_boot_ns=1206267058386581
09-06 01:04:58.027 I/AnebProbe(25624): ADAPTER_EVT type=content cls=android.view.View desc=null txt_len=0 pkg=com.deepseek.chat t_boot_ns=1206267058729289
09-06 01:04:58.027 I/AnebProbe(25624): ADAPTER_EVT type=content cls=android.view.View desc=null txt_len=0 pkg=com.deepseek.chat t_boot_ns=1206267058922518
09-06 01:04:58.027 I/AnebProbe(25624): ADAPTER_EVT type=content cls=android.view.View desc=null txt_len=0 pkg=com.deepseek.chat t_boot_ns=1206267059103768
09-06 01:04:58.130 I/AnebProbe(25624): ADAPTER_EVT type=content cls=android.view.View desc=null txt_len=0 pkg=com.deepseek.chat t_boot_ns=1206267161502206
09-06 01:04:58.131 I/AnebProbe(25624): ADAPTER_EVT type=content cls=android.view.View desc=null txt_len=0 pkg=com.deepseek.chat t_boot_ns=1206267162289185
09-06 01:04:58.131 I/AnebProbe(25624): ADAPTER_EVT type=content cls=android.view.View desc=null txt_len=0 pkg=com.deepseek.chat t_boot_ns=1206267162535539
09-06 01:04:58.131 I/AnebProbe(25624): ADAPTER_EVT type=content cls=android.view.View desc=null txt_len=0 pkg=com.deepseek.chat t_boot_ns=1206267162927727
09-06 01:04:58.132 I/AnebProbe(25624): ADAPTER_EVT type=content cls=android.view.View desc=null txt_len=0 pkg=com.deepseek.chat t_boot_ns=1206267163172518
09-06 01:04:58.132 I/AnebProbe(25624): ADAPTER_EVT type=content cls=android.view.View desc=null txt_len=0 pkg=com.deepseek.chat t_boot_ns=1206267163413664
09-06 01:04:58.231 I/AnebProbe(25624): ADAPTER_EVT type=content cls=android.view.View desc=null txt_len=0 pkg=com.deepseek.chat t_boot_ns=1206267262393872
09-06 01:04:58.231 I/AnebProbe(25624): ADAPTER_EVT type=content cls=android.view.View desc=null txt_len=0 pkg=com.deepseek.chat t_boot_ns=1206267262775643
09-06 01:04:58.231 I/AnebProbe(25624): ADAPTER_EVT type=content cls=android.view.View desc=null txt_len=0 pkg=com.deepseek.chat t_boot_ns=1206267262998560
09-06 01:04:58.232 I/AnebProbe(25624): ADAPTER_EVT type=content cls=android.view.View desc=null txt_len=0 pkg=com.deepseek.chat t_boot_ns=1206267263146997
09-06 01:04:58.232 I/AnebProbe(25624): ADAPTER_EVT type=content cls=android.view.View desc=null txt_len=0 pkg=com.deepseek.chat t_boot_ns=1206267263291789
09-06 01:04:58.232 I/AnebProbe(25624): ADAPTER_EVT type=content cls=android.view.View desc=null txt_len=0 pkg=com.deepseek.chat t_boot_ns=1206267263430852
09-06 01:04:58.333 I/AnebProbe(25624): ADAPTER_EVT type=content cls=android.view.View desc=null txt_len=0 pkg=com.deepseek.chat t_boot_ns=1206267364391268
09-06 01:04:58.333 I/AnebProbe(25624): ADAPTER_EVT type=content cls=android.view.View desc=null txt_len=0 pkg=com.deepseek.chat t_boot_ns=1206267364859497
09-06 01:04:58.334 I/AnebProbe(25624): ADAPTER_EVT type=content cls=android.view.View desc=null txt_len=0 pkg=com.deepseek.chat t_boot_ns=1206267365085018
09-06 01:04:58.335 I/AnebProbe(25624): ADAPTER_EVT type=content cls=android.view.View desc=null txt_len=0 pkg=com.deepseek.chat t_boot_ns=1206267366189706
09-06 01:04:58.335 I/AnebProbe(25624): ADAPTER_EVT type=content cls=android.view.View desc=null txt_len=0 pkg=com.deepseek.chat t_boot_ns=1206267366359497
09-06 01:04:58.335 I/AnebProbe(25624): ADAPTER_EVT type=content cls=android.view.View desc=null txt_len=0 pkg=com.deepseek.chat t_boot_ns=1206267366541789
09-06 01:04:58.433 I/AnebProbe(25624): ADAPTER_EVT type=content cls=android.view.View desc=null txt_len=0 pkg=com.deepseek.chat t_boot_ns=1206267464864706
09-06 01:04:58.434 I/AnebProbe(25624): ADAPTER_EVT type=content cls=android.view.View desc=null txt_len=0 pkg=com.deepseek.chat t_boot_ns=1206267465364706
09-06 01:04:58.435 I/AnebProbe(25624): ADAPTER_EVT type=content cls=android.view.View desc=null txt_len=0 pkg=com.deepseek.chat t_boot_ns=1206267466195956
09-06 01:04:58.435 I/AnebProbe(25624): ADAPTER_EVT type=content cls=android.view.View desc=null txt_len=0 pkg=com.deepseek.chat t_boot_ns=1206267466343352
09-06 01:04:58.435 I/AnebProbe(25624): ADAPTER_EVT type=content cls=android.view.View desc=null txt_len=0 pkg=com.deepseek.chat t_boot_ns=1206267466429289
09-06 01:04:58.435 I/AnebProbe(25624): ADAPTER_EVT type=content cls=android.view.View desc=null txt_len=0 pkg=com.deepseek.chat t_boot_ns=1206267466564706
09-06 01:04:58.534 I/AnebProbe(25624): ADAPTER_EVT type=content cls=android.view.View desc=null txt_len=0 pkg=com.deepseek.chat t_boot_ns=1206267565833456
09-06 01:04:58.535 I/AnebProbe(25624): ADAPTER_EVT type=content cls=android.view.View desc=null txt_len=0 pkg=com.deepseek.chat t_boot_ns=1206267566311060
09-06 01:04:58.535 I/AnebProbe(25624): ADAPTER_EVT type=content cls=android.view.View desc=null txt_len=0 pkg=com.deepseek.chat t_boot_ns=1206267566601685
09-06 01:04:58.535 I/AnebProbe(25624): ADAPTER_EVT type=content cls=android.view.View desc=null txt_len=0 pkg=com.deepseek.chat t_boot_ns=1206267566838664
09-06 01:04:58.535 I/AnebProbe(25624): ADAPTER_EVT type=content cls=android.view.View desc=null txt_len=0 pkg=com.deepseek.chat t_boot_ns=1206267567025643
09-06 01:04:58.543 I/AnebProbe(25624): ADAPTER_EVT type=content cls=android.view.View desc=null txt_len=0 pkg=com.deepseek.chat t_boot_ns=1206267569883977
09-06 01:04:58.643 I/AnebProbe(25624): ADAPTER_EVT type=content cls=android.view.View desc=null txt_len=0 pkg=com.deepseek.chat t_boot_ns=1206267674736060
09-06 01:04:58.644 I/AnebProbe(25624): ADAPTER_EVT type=content cls=android.view.View desc=null txt_len=0 pkg=com.deepseek.chat t_boot_ns=1206267675478768
09-06 01:04:58.645 I/AnebProbe(25624): ADAPTER_EVT type=content cls=android.view.View desc=null txt_len=0 pkg=com.deepseek.chat t_boot_ns=1206267676570956
09-06 01:04:58.646 I/AnebProbe(25624): ADAPTER_EVT type=content cls=android.view.View desc=null txt_len=0 pkg=com.deepseek.chat t_boot_ns=1206267677228768
09-06 01:04:58.646 I/AnebProbe(25624): ADAPTER_EVT type=content cls=android.view.View desc=null txt_len=0 pkg=com.deepseek.chat t_boot_ns=1206267677435539
09-06 01:04:58.646 I/AnebProbe(25624): ADAPTER_EVT type=content cls=android.view.View desc=null txt_len=0 pkg=com.deepseek.chat t_boot_ns=1206267677657935
09-06 01:04:58.752 I/AnebProbe(25624): ADAPTER_EVT type=content cls=android.view.View desc=null txt_len=0 pkg=com.deepseek.chat t_boot_ns=1206267783141789
09-06 01:04:58.849 I/AnebProbe(25624): ADAPTER_EVT type=content cls=android.view.View desc=null txt_len=0 pkg=com.deepseek.chat t_boot_ns=1206267880591789
09-06 01:04:58.849 I/AnebProbe(25624): ADAPTER_EVT type=content cls=android.view.View desc=null txt_len=0 pkg=com.deepseek.chat t_boot_ns=1206267881082935
09-06 01:04:58.850 I/AnebProbe(25624): ADAPTER_EVT type=content cls=android.view.View desc=null txt_len=0 pkg=com.deepseek.chat t_boot_ns=1206267881273560
09-06 01:04:58.850 I/AnebProbe(25624): ADAPTER_EVT type=content cls=android.view.View desc=null txt_len=0 pkg=com.deepseek.chat t_boot_ns=1206267881452206
09-06 01:04:58.850 I/AnebProbe(25624): ADAPTER_EVT type=content cls=android.view.View desc=null txt_len=0 pkg=com.deepseek.chat t_boot_ns=1206267881612622
09-06 01:04:58.850 I/AnebProbe(25624): ADAPTER_EVT type=content cls=android.view.View desc=null txt_len=0 pkg=com.deepseek.chat t_boot_ns=1206267881782935
09-06 01:04:58.958 I/AnebProbe(25624): ADAPTER_EVT type=content cls=android.view.View desc=null txt_len=0 pkg=com.deepseek.chat t_boot_ns=1206267988960018
09-06 01:04:58.958 I/AnebProbe(25624): ADAPTER_EVT type=content cls=android.view.View desc=null txt_len=0 pkg=com.deepseek.chat t_boot_ns=1206267989448560
09-06 01:04:58.958 I/AnebProbe(25624): ADAPTER_EVT type=content cls=android.view.View desc=null txt_len=0 pkg=com.deepseek.chat t_boot_ns=1206267989862622
09-06 01:04:58.959 I/AnebProbe(25624): ADAPTER_EVT type=content cls=android.view.View desc=null txt_len=0 pkg=com.deepseek.chat t_boot_ns=1206267990249081
09-06 01:04:58.959 I/AnebProbe(25624): ADAPTER_EVT type=content cls=android.view.View desc=null txt_len=0 pkg=com.deepseek.chat t_boot_ns=1206267990415226
09-06 01:04:58.959 I/AnebProbe(25624): ADAPTER_EVT type=content cls=android.view.View desc=null txt_len=0 pkg=com.deepseek.chat t_boot_ns=1206267990574601
09-06 01:04:58.959 I/AnebProbe(25624): ADAPTER_EVT type=content cls=android.view.View desc=null txt_len=0 pkg=com.deepseek.chat t_boot_ns=1206267990736581
09-06 01:04:58.959 I/AnebProbe(25624): ADAPTER_EVT type=content cls=android.view.View desc=null txt_len=0 pkg=com.deepseek.chat t_boot_ns=1206267990898039
09-06 01:04:59.063 I/AnebProbe(25624): ADAPTER_EVT type=content cls=android.view.View desc=null txt_len=0 pkg=com.deepseek.chat t_boot_ns=1206268094077206
09-06 01:04:59.064 I/AnebProbe(25624): ADAPTER_EVT type=content cls=android.view.View desc=null txt_len=0 pkg=com.deepseek.chat t_boot_ns=1206268095196997
09-06 01:04:59.064 I/AnebProbe(25624): ADAPTER_EVT type=content cls=android.view.View desc=null txt_len=0 pkg=com.deepseek.chat t_boot_ns=1206268095968351
09-06 01:04:59.066 I/AnebProbe(25624): ADAPTER_EVT type=content cls=android.view.View desc=null txt_len=0 pkg=com.deepseek.chat t_boot_ns=1206268096360539
09-06 01:04:59.067 I/AnebProbe(25624): ADAPTER_EVT type=content cls=android.view.View desc=null txt_len=0 pkg=com.deepseek.chat t_boot_ns=1206268097551164
09-06 01:04:59.068 I/AnebProbe(25624): ADAPTER_EVT type=content cls=android.view.View desc=null txt_len=0 pkg=com.deepseek.chat t_boot_ns=1206268099298560
09-06 01:04:59.068 I/AnebProbe(25624): ADAPTER_EVT type=content cls=android.view.View desc=null txt_len=0 pkg=com.deepseek.chat t_boot_ns=1206268099579289
09-06 01:04:59.164 I/AnebProbe(25624): ADAPTER_EVT type=content cls=android.view.View desc=null txt_len=0 pkg=com.deepseek.chat t_boot_ns=1206268195046476
09-06 01:04:59.164 I/AnebProbe(25624): ADAPTER_EVT type=content cls=android.view.View desc=null txt_len=0 pkg=com.deepseek.chat t_boot_ns=1206268195396997
09-06 01:04:59.164 I/AnebProbe(25624): ADAPTER_EVT type=content cls=android.view.View desc=null txt_len=0 pkg=com.deepseek.chat t_boot_ns=1206268195542310
09-06 01:04:59.165 I/AnebProbe(25624): ADAPTER_EVT type=content cls=android.view.View desc=null txt_len=0 pkg=com.deepseek.chat t_boot_ns=1206268196266789
09-06 01:04:59.165 I/AnebProbe(25624): ADAPTER_EVT type=content cls=android.view.View desc=null txt_len=0 pkg=com.deepseek.chat t_boot_ns=1206268196454810
09-06 01:04:59.165 I/AnebProbe(25624): ADAPTER_EVT type=content cls=android.view.View desc=null txt_len=0 pkg=com.deepseek.chat t_boot_ns=1206268196590747
09-06 01:04:59.165 I/AnebProbe(25624): ADAPTER_EVT type=content cls=android.view.View desc=null txt_len=0 pkg=com.deepseek.chat t_boot_ns=1206268196745956
09-06 01:04:59.274 I/AnebProbe(25624): ADAPTER_EVT type=content cls=android.view.View desc=null txt_len=0 pkg=com.deepseek.chat t_boot_ns=1206268305404289
09-06 01:04:59.274 I/AnebProbe(25624): ADAPTER_EVT type=content cls=android.view.View desc=null txt_len=0 pkg=com.deepseek.chat t_boot_ns=1206268305989185
09-06 01:04:59.275 I/AnebProbe(25624): ADAPTER_EVT type=content cls=android.view.View desc=null txt_len=0 pkg=com.deepseek.chat t_boot_ns=1206268306277206
09-06 01:04:59.275 I/AnebProbe(25624): ADAPTER_EVT type=content cls=android.view.View desc=null txt_len=0 pkg=com.deepseek.chat t_boot_ns=1206268306570956
09-06 01:04:59.275 I/AnebProbe(25624): ADAPTER_EVT type=content cls=android.view.View desc=null txt_len=0 pkg=com.deepseek.chat t_boot_ns=1206268306845956
09-06 01:04:59.276 I/AnebProbe(25624): ADAPTER_EVT type=content cls=android.view.View desc=null txt_len=0 pkg=com.deepseek.chat t_boot_ns=1206268307034497
09-06 01:04:59.276 I/AnebProbe(25624): ADAPTER_EVT type=content cls=android.view.View desc=null txt_len=0 pkg=com.deepseek.chat t_boot_ns=1206268307333976
09-06 01:04:59.370 I/AnebProbe(25624): ADAPTER_EVT type=content cls=android.view.View desc=null txt_len=0 pkg=com.deepseek.chat t_boot_ns=1206268400910539
09-06 01:04:59.370 I/AnebProbe(25624): ADAPTER_EVT type=content cls=android.view.View desc=null txt_len=0 pkg=com.deepseek.chat t_boot_ns=1206268401765226
09-06 01:04:59.371 I/AnebProbe(25624): ADAPTER_EVT type=content cls=android.view.View desc=null txt_len=0 pkg=com.deepseek.chat t_boot_ns=1206268402664185
09-06 01:04:59.374 I/AnebProbe(25624): ADAPTER_EVT type=content cls=android.view.View desc=null txt_len=0 pkg=com.deepseek.chat t_boot_ns=1206268405517310
09-06 01:04:59.374 I/AnebProbe(25624): ADAPTER_EVT type=content cls=android.view.View desc=null txt_len=0 pkg=com.deepseek.chat t_boot_ns=1206268405960018
09-06 01:04:59.375 I/AnebProbe(25624): ADAPTER_EVT type=content cls=android.view.View desc=null txt_len=0 pkg=com.deepseek.chat t_boot_ns=1206268406344914
09-06 01:04:59.375 I/AnebProbe(25624): ADAPTER_EVT type=content cls=android.view.View desc=null txt_len=0 pkg=com.deepseek.chat t_boot_ns=1206268406630851
09-06 01:04:59.472 I/AnebProbe(25624): ADAPTER_EVT type=content cls=android.view.View desc=null txt_len=0 pkg=com.deepseek.chat t_boot_ns=1206268503206893
09-06 01:04:59.472 I/AnebProbe(25624): ADAPTER_EVT type=content cls=android.view.View desc=null txt_len=0 pkg=com.deepseek.chat t_boot_ns=1206268503632414
09-06 01:04:59.472 I/AnebProbe(25624): ADAPTER_EVT type=content cls=android.view.View desc=null txt_len=0 pkg=com.deepseek.chat t_boot_ns=1206268503844393
09-06 01:04:59.472 I/AnebProbe(25624): ADAPTER_EVT type=content cls=android.view.View desc=null txt_len=0 pkg=com.deepseek.chat t_boot_ns=1206268504014706
09-06 01:04:59.473 I/AnebProbe(25624): ADAPTER_EVT type=content cls=android.view.View desc=null txt_len=0 pkg=com.deepseek.chat t_boot_ns=1206268504181372
09-06 01:04:59.473 I/AnebProbe(25624): ADAPTER_EVT type=content cls=android.view.View desc=null txt_len=0 pkg=com.deepseek.chat t_boot_ns=1206268504415226
09-06 01:04:59.473 I/AnebProbe(25624): ADAPTER_EVT type=content cls=android.view.View desc=null txt_len=0 pkg=com.deepseek.chat t_boot_ns=1206268504591268
09-06 01:04:59.572 I/AnebProbe(25624): ADAPTER_EVT type=content cls=android.view.View desc=null txt_len=0 pkg=com.deepseek.chat t_boot_ns=1206268603175122
09-06 01:04:59.572 I/AnebProbe(25624): ADAPTER_EVT type=content cls=android.view.View desc=null txt_len=0 pkg=com.deepseek.chat t_boot_ns=1206268604019914
09-06 01:04:59.573 I/AnebProbe(25624): ADAPTER_EVT type=content cls=android.view.View desc=null txt_len=0 pkg=com.deepseek.chat t_boot_ns=1206268604205851
09-06 01:04:59.573 I/AnebProbe(25624): ADAPTER_EVT type=content cls=android.view.View desc=null txt_len=0 pkg=com.deepseek.chat t_boot_ns=1206268604394393
09-06 01:04:59.573 I/AnebProbe(25624): ADAPTER_EVT type=content cls=android.view.View desc=null txt_len=0 pkg=com.deepseek.chat t_boot_ns=1206268604548560
09-06 01:04:59.573 I/AnebProbe(25624): ADAPTER_EVT type=content cls=android.view.View desc=null txt_len=0 pkg=com.deepseek.chat t_boot_ns=1206268604696997
09-06 01:04:59.573 I/AnebProbe(25624): ADAPTER_EVT type=content cls=android.view.View desc=null txt_len=0 pkg=com.deepseek.chat t_boot_ns=1206268604894914
09-06 01:04:59.673 I/AnebProbe(25624): ADAPTER_EVT type=content cls=android.view.View desc=null txt_len=0 pkg=com.deepseek.chat t_boot_ns=1206268704138664
09-06 01:04:59.673 I/AnebProbe(25624): ADAPTER_EVT type=content cls=android.view.View desc=null txt_len=0 pkg=com.deepseek.chat t_boot_ns=1206268704611060
09-06 01:04:59.673 I/AnebProbe(25624): ADAPTER_EVT type=content cls=android.view.View desc=null txt_len=0 pkg=com.deepseek.chat t_boot_ns=1206268704924601
09-06 01:04:59.676 I/AnebProbe(25624): ADAPTER_EVT type=content cls=android.view.View desc=null txt_len=0 pkg=com.deepseek.chat t_boot_ns=1206268708019914
09-06 01:04:59.677 I/AnebProbe(25624): ADAPTER_EVT type=content cls=android.view.View desc=null txt_len=0 pkg=com.deepseek.chat t_boot_ns=1206268708508456
09-06 01:04:59.677 I/AnebProbe(25624): ADAPTER_EVT type=content cls=android.view.View desc=null txt_len=0 pkg=com.deepseek.chat t_boot_ns=1206268708752726
09-06 01:04:59.677 I/AnebProbe(25624): ADAPTER_EVT type=content cls=android.view.View desc=null txt_len=0 pkg=com.deepseek.chat t_boot_ns=1206268708999601
09-06 01:04:59.678 I/AnebProbe(25624): ADAPTER_EVT type=content cls=android.view.View desc=null txt_len=0 pkg=com.deepseek.chat t_boot_ns=1206268709203247
09-06 01:04:59.777 I/AnebProbe(25624): ADAPTER_EVT type=content cls=android.view.View desc=null txt_len=0 pkg=com.deepseek.chat t_boot_ns=1206268808760539
09-06 01:04:59.778 I/AnebProbe(25624): ADAPTER_EVT type=content cls=android.view.View desc=null txt_len=0 pkg=com.deepseek.chat t_boot_ns=1206268809227206
09-06 01:04:59.778 I/AnebProbe(25624): ADAPTER_EVT type=content cls=android.view.View desc=null txt_len=0 pkg=com.deepseek.chat t_boot_ns=1206268809378768
09-06 01:04:59.778 I/AnebProbe(25624): ADAPTER_EVT type=content cls=android.view.View desc=null txt_len=0 pkg=com.deepseek.chat t_boot_ns=1206268809504810
09-06 01:04:59.778 I/AnebProbe(25624): ADAPTER_EVT type=content cls=android.view.View desc=null txt_len=0 pkg=com.deepseek.chat t_boot_ns=1206268809630331
09-06 01:04:59.778 I/AnebProbe(25624): ADAPTER_EVT type=content cls=android.view.View desc=null txt_len=0 pkg=com.deepseek.chat t_boot_ns=1206268809783456
09-06 01:04:59.778 I/AnebProbe(25624): ADAPTER_EVT type=content cls=android.view.View desc=null txt_len=0 pkg=com.deepseek.chat t_boot_ns=1206268809927726
09-06 01:04:59.779 I/AnebProbe(25624): ADAPTER_EVT type=content cls=android.view.View desc=null txt_len=0 pkg=com.deepseek.chat t_boot_ns=1206268810860018
09-06 01:04:59.885 I/AnebProbe(25624): ADAPTER_EVT type=content cls=android.view.View desc=null txt_len=0 pkg=com.deepseek.chat t_boot_ns=1206268916418872
09-06 01:04:59.886 I/AnebProbe(25624): ADAPTER_EVT type=content cls=android.view.View desc=null txt_len=0 pkg=com.deepseek.chat t_boot_ns=1206268917263664
09-06 01:04:59.886 I/AnebProbe(25624): ADAPTER_EVT type=content cls=android.view.View desc=null txt_len=0 pkg=com.deepseek.chat t_boot_ns=1206268917571997
09-06 01:04:59.886 I/AnebProbe(25624): ADAPTER_EVT type=content cls=android.view.View desc=null txt_len=0 pkg=com.deepseek.chat t_boot_ns=1206268917735539
09-06 01:04:59.886 I/AnebProbe(25624): ADAPTER_EVT type=content cls=android.view.View desc=null txt_len=0 pkg=com.deepseek.chat t_boot_ns=1206268917893872
09-06 01:04:59.886 I/AnebProbe(25624): ADAPTER_EVT type=content cls=android.view.View desc=null txt_len=0 pkg=com.deepseek.chat t_boot_ns=1206268918043351
09-06 01:04:59.887 I/AnebProbe(25624): ADAPTER_EVT type=content cls=android.view.View desc=null txt_len=0 pkg=com.deepseek.chat t_boot_ns=1206268918217310
09-06 01:04:59.887 I/AnebProbe(25624): ADAPTER_EVT type=content cls=android.view.View desc=null txt_len=0 pkg=com.deepseek.chat t_boot_ns=1206268918383976
09-06 01:04:59.887 I/AnebProbe(25624): ADAPTER_EVT type=content cls=android.view.View desc=null txt_len=0 pkg=com.deepseek.chat t_boot_ns=1206268918531893
09-06 01:04:59.984 I/AnebProbe(25624): ADAPTER_EVT type=content cls=android.view.View desc=null txt_len=0 pkg=com.deepseek.chat t_boot_ns=1206269014985018
09-06 01:05:00.100 I/AnebProbe(25624): ADAPTER_EVT type=content cls=android.view.View desc=null txt_len=0 pkg=com.deepseek.chat t_boot_ns=1206269131006893
09-06 01:05:00.100 I/AnebProbe(25624): ADAPTER_EVT type=content cls=android.view.View desc=null txt_len=0 pkg=com.deepseek.chat t_boot_ns=1206269131529289
09-06 01:05:00.101 I/AnebProbe(25624): ADAPTER_EVT type=content cls=android.view.View desc=null txt_len=0 pkg=com.deepseek.chat t_boot_ns=1206269132449601
09-06 01:05:00.101 I/AnebProbe(25624): ADAPTER_EVT type=content cls=android.view.View desc=null txt_len=0 pkg=com.deepseek.chat t_boot_ns=1206269132902726
09-06 01:05:00.103 I/AnebProbe(25624): ADAPTER_EVT type=content cls=android.view.View desc=null txt_len=0 pkg=com.deepseek.chat t_boot_ns=1206269133042310
09-06 01:05:00.103 I/AnebProbe(25624): ADAPTER_EVT type=content cls=android.view.View desc=null txt_len=0 pkg=com.deepseek.chat t_boot_ns=1206269134728247
09-06 01:05:00.103 I/AnebProbe(25624): ADAPTER_EVT type=content cls=android.view.View desc=null txt_len=0 pkg=com.deepseek.chat t_boot_ns=1206269134915226
09-06 01:05:00.200 I/AnebProbe(25624): ADAPTER_EVT type=content cls=android.view.View desc=null txt_len=0 pkg=com.deepseek.chat t_boot_ns=1206269231271476
09-06 01:05:00.200 I/AnebProbe(25624): ADAPTER_EVT type=content cls=android.view.View desc=null txt_len=0 pkg=com.deepseek.chat t_boot_ns=1206269231761060
09-06 01:05:00.200 I/AnebProbe(25624): ADAPTER_EVT type=content cls=android.view.View desc=null txt_len=0 pkg=com.deepseek.chat t_boot_ns=1206269231969393
09-06 01:05:00.200 I/AnebProbe(25624): ADAPTER_EVT type=content cls=android.view.View desc=null txt_len=0 pkg=com.deepseek.chat t_boot_ns=1206269232124601
09-06 01:05:00.201 I/AnebProbe(25624): ADAPTER_EVT type=content cls=android.view.View desc=null txt_len=0 pkg=com.deepseek.chat t_boot_ns=1206269232479289
09-06 01:05:00.202 I/AnebProbe(25624): ADAPTER_EVT type=content cls=android.view.View desc=null txt_len=0 pkg=com.deepseek.chat t_boot_ns=1206269233281893
09-06 01:05:00.202 I/AnebProbe(25624): ADAPTER_EVT type=content cls=android.view.View desc=null txt_len=0 pkg=com.deepseek.chat t_boot_ns=1206269233483976
09-06 01:05:00.308 I/AnebProbe(25624): ADAPTER_EVT type=content cls=android.view.View desc=null txt_len=0 pkg=com.deepseek.chat t_boot_ns=1206269339461580
09-06 01:05:00.308 I/AnebProbe(25624): ADAPTER_EVT type=content cls=android.view.View desc=null txt_len=0 pkg=com.deepseek.chat t_boot_ns=1206269339942830
09-06 01:05:00.309 I/AnebProbe(25624): ADAPTER_EVT type=content cls=android.view.View desc=null txt_len=0 pkg=com.deepseek.chat t_boot_ns=1206269340218872
09-06 01:05:00.309 I/AnebProbe(25624): ADAPTER_EVT type=content cls=android.view.View desc=null txt_len=0 pkg=com.deepseek.chat t_boot_ns=1206269340359497
09-06 01:05:00.309 I/AnebProbe(25624): ADAPTER_EVT type=content cls=android.view.View desc=null txt_len=0 pkg=com.deepseek.chat t_boot_ns=1206269340791789
09-06 01:05:00.309 I/AnebProbe(25624): ADAPTER_EVT type=content cls=android.view.View desc=null txt_len=0 pkg=com.deepseek.chat t_boot_ns=1206269341055330
09-06 01:05:00.310 I/AnebProbe(25624): ADAPTER_EVT type=content cls=android.view.View desc=null txt_len=0 pkg=com.deepseek.chat t_boot_ns=1206269341782414
09-06 01:05:00.410 I/AnebProbe(25624): ADAPTER_EVT type=content cls=android.view.View desc=null txt_len=0 pkg=com.deepseek.chat t_boot_ns=1206269441310018
09-06 01:05:00.410 I/AnebProbe(25624): ADAPTER_EVT type=content cls=android.view.View desc=null txt_len=0 pkg=com.deepseek.chat t_boot_ns=1206269441773039
09-06 01:05:00.513 I/AnebProbe(25624): ADAPTER_EVT type=content cls=android.view.View desc=null txt_len=0 pkg=com.deepseek.chat t_boot_ns=1206269544576685
09-06 01:05:00.515 I/AnebProbe(25624): ADAPTER_EVT type=content cls=android.view.View desc=null txt_len=0 pkg=com.deepseek.chat t_boot_ns=1206269546780330
09-06 01:05:00.516 I/AnebProbe(25624): ADAPTER_EVT type=content cls=android.view.View desc=null txt_len=0 pkg=com.deepseek.chat t_boot_ns=1206269547187101
09-06 01:05:00.516 I/AnebProbe(25624): ADAPTER_EVT type=content cls=android.view.View desc=null txt_len=0 pkg=com.deepseek.chat t_boot_ns=1206269547426164
09-06 01:05:00.516 I/AnebProbe(25624): ADAPTER_EVT type=content cls=android.view.View desc=null txt_len=0 pkg=com.deepseek.chat t_boot_ns=1206269547635539
09-06 01:05:00.516 I/AnebProbe(25624): ADAPTER_EVT type=content cls=android.view.View desc=null txt_len=0 pkg=com.deepseek.chat t_boot_ns=1206269547818872
09-06 01:05:00.621 I/AnebProbe(25624): ADAPTER_EVT type=content cls=android.view.View desc=null txt_len=0 pkg=com.deepseek.chat t_boot_ns=1206269652228247
09-06 01:05:00.621 I/AnebProbe(25624): ADAPTER_EVT type=content cls=android.view.View desc=null txt_len=0 pkg=com.deepseek.chat t_boot_ns=1206269653042310
09-06 01:05:00.622 I/AnebProbe(25624): ADAPTER_EVT type=content cls=android.view.View desc=null txt_len=0 pkg=com.deepseek.chat t_boot_ns=1206269653250643
09-06 01:05:00.622 I/AnebProbe(25624): ADAPTER_EVT type=content cls=android.view.View desc=null txt_len=0 pkg=com.deepseek.chat t_boot_ns=1206269653408976
09-06 01:05:00.622 I/AnebProbe(25624): ADAPTER_EVT type=content cls=android.view.View desc=null txt_len=0 pkg=com.deepseek.chat t_boot_ns=1206269653538664
09-06 01:05:00.622 I/AnebProbe(25624): ADAPTER_EVT type=content cls=android.view.View desc=null txt_len=0 pkg=com.deepseek.chat t_boot_ns=1206269653668351
09-06 01:05:00.728 I/AnebProbe(25624): ADAPTER_EVT type=content cls=android.view.View desc=null txt_len=0 pkg=com.deepseek.chat t_boot_ns=1206269759234497
09-06 01:05:00.728 I/AnebProbe(25624): ADAPTER_EVT type=content cls=android.view.View desc=null txt_len=0 pkg=com.deepseek.chat t_boot_ns=1206269759622518
09-06 01:05:00.728 I/AnebProbe(25624): ADAPTER_EVT type=content cls=android.view.View desc=null txt_len=0 pkg=com.deepseek.chat t_boot_ns=1206269759778247
09-06 01:05:00.728 I/AnebProbe(25624): ADAPTER_EVT type=content cls=android.view.View desc=null txt_len=0 pkg=com.deepseek.chat t_boot_ns=1206269759910539
09-06 01:05:00.728 I/AnebProbe(25624): ADAPTER_EVT type=content cls=android.view.View desc=null txt_len=0 pkg=com.deepseek.chat t_boot_ns=1206269760066789
09-06 01:05:00.729 I/AnebProbe(25624): ADAPTER_EVT type=content cls=android.view.View desc=null txt_len=0 pkg=com.deepseek.chat t_boot_ns=1206269760214705
09-06 01:05:00.835 I/AnebProbe(25624): ADAPTER_EVT type=content cls=android.view.View desc=null txt_len=0 pkg=com.deepseek.chat t_boot_ns=1206269866595955
09-06 01:05:00.835 I/AnebProbe(25624): ADAPTER_EVT type=content cls=android.view.View desc=null txt_len=0 pkg=com.deepseek.chat t_boot_ns=1206269867036060
09-06 01:05:00.836 I/AnebProbe(25624): ADAPTER_EVT type=content cls=android.view.View desc=null txt_len=0 pkg=com.deepseek.chat t_boot_ns=1206269867906372
09-06 01:05:00.836 I/AnebProbe(25624): ADAPTER_EVT type=content cls=android.view.View desc=null txt_len=0 pkg=com.deepseek.chat t_boot_ns=1206269868139185
09-06 01:05:00.837 I/AnebProbe(25624): ADAPTER_EVT type=content cls=android.view.View desc=null txt_len=0 pkg=com.deepseek.chat t_boot_ns=1206269868301164
09-06 01:05:00.837 I/AnebProbe(25624): ADAPTER_EVT type=content cls=android.view.View desc=null txt_len=0 pkg=com.deepseek.chat t_boot_ns=1206269868483976
09-06 01:05:00.837 I/AnebProbe(25624): ADAPTER_EVT type=content cls=android.view.View desc=null txt_len=0 pkg=com.deepseek.chat t_boot_ns=1206269868632414
09-06 01:05:00.936 I/AnebProbe(25624): ADAPTER_EVT type=content cls=android.view.View desc=null txt_len=0 pkg=com.deepseek.chat t_boot_ns=1206269967373039
09-06 01:05:00.936 I/AnebProbe(25624): ADAPTER_EVT type=content cls=android.view.View desc=null txt_len=0 pkg=com.deepseek.chat t_boot_ns=1206269967877205
09-06 01:05:00.937 I/AnebProbe(25624): ADAPTER_EVT type=content cls=android.view.View desc=null txt_len=0 pkg=com.deepseek.chat t_boot_ns=1206269968762101
09-06 01:05:00.938 I/AnebProbe(25624): ADAPTER_EVT type=content cls=android.view.View desc=null txt_len=0 pkg=com.deepseek.chat t_boot_ns=1206269969177205
09-06 01:05:00.938 I/AnebProbe(25624): ADAPTER_EVT type=content cls=android.view.View desc=null txt_len=0 pkg=com.deepseek.chat t_boot_ns=1206269969437622
09-06 01:05:00.938 I/AnebProbe(25624): ADAPTER_EVT type=content cls=android.view.View desc=null txt_len=0 pkg=com.deepseek.chat t_boot_ns=1206269969702726
09-06 01:05:01.046 I/AnebProbe(25624): ADAPTER_EVT type=content cls=android.view.View desc=null txt_len=0 pkg=com.deepseek.chat t_boot_ns=1206270077463143
09-06 01:05:01.046 I/AnebProbe(25624): ADAPTER_EVT type=content cls=android.view.View desc=null txt_len=0 pkg=com.deepseek.chat t_boot_ns=1206270077905330
09-06 01:05:01.046 I/AnebProbe(25624): ADAPTER_EVT type=content cls=android.view.View desc=null txt_len=0 pkg=com.deepseek.chat t_boot_ns=1206270078057934
09-06 01:05:01.047 I/AnebProbe(25624): ADAPTER_EVT type=content cls=android.view.View desc=null txt_len=0 pkg=com.deepseek.chat t_boot_ns=1206270078188664
09-06 01:05:01.047 I/AnebProbe(25624): ADAPTER_EVT type=content cls=android.view.View desc=null txt_len=0 pkg=com.deepseek.chat t_boot_ns=1206270078555330
09-06 01:05:01.051 I/AnebProbe(25624): ADAPTER_EVT type=content cls=android.view.View desc=null txt_len=0 pkg=com.deepseek.chat t_boot_ns=1206270082908455
09-06 01:05:01.052 I/AnebProbe(25624): ADAPTER_EVT type=content cls=android.view.View desc=null txt_len=0 pkg=com.deepseek.chat t_boot_ns=1206270083294393
09-06 01:05:01.052 I/AnebProbe(25624): ADAPTER_EVT type=content cls=android.view.View desc=null txt_len=0 pkg=com.deepseek.chat t_boot_ns=1206270083463664
09-06 01:05:01.154 I/AnebProbe(25624): ADAPTER_EVT type=content cls=android.view.View desc=null txt_len=0 pkg=com.deepseek.chat t_boot_ns=1206270184356893
09-06 01:05:01.155 I/AnebProbe(25624): ADAPTER_EVT type=content cls=android.view.View desc=null txt_len=0 pkg=com.deepseek.chat t_boot_ns=1206270186266268
09-06 01:05:01.155 I/AnebProbe(25624): ADAPTER_EVT type=content cls=android.view.View desc=null txt_len=0 pkg=com.deepseek.chat t_boot_ns=1206270186531372
09-06 01:05:01.156 I/AnebProbe(25624): ADAPTER_EVT type=content cls=android.view.View desc=null txt_len=0 pkg=com.deepseek.chat t_boot_ns=1206270187235539
09-06 01:05:01.157 I/AnebProbe(25624): ADAPTER_EVT type=content cls=android.view.View desc=null txt_len=0 pkg=com.deepseek.chat t_boot_ns=1206270188341268
09-06 01:05:01.157 I/AnebProbe(25624): ADAPTER_EVT type=content cls=android.view.View desc=null txt_len=0 pkg=com.deepseek.chat t_boot_ns=1206270188539184
09-06 01:05:01.157 I/AnebProbe(25624): ADAPTER_EVT type=content cls=android.view.View desc=null txt_len=0 pkg=com.deepseek.chat t_boot_ns=1206270188680330
09-06 01:05:01.256 I/AnebProbe(25624): ADAPTER_EVT type=content cls=android.view.View desc=null txt_len=0 pkg=com.deepseek.chat t_boot_ns=1206270286878247
09-06 01:05:01.256 I/AnebProbe(25624): ADAPTER_EVT type=content cls=android.view.View desc=null txt_len=0 pkg=com.deepseek.chat t_boot_ns=1206270287500643
09-06 01:05:01.257 I/AnebProbe(25624): ADAPTER_EVT type=content cls=android.view.View desc=null txt_len=0 pkg=com.deepseek.chat t_boot_ns=1206270288579809
09-06 01:05:01.258 I/AnebProbe(25624): ADAPTER_EVT type=content cls=android.view.View desc=null txt_len=0 pkg=com.deepseek.chat t_boot_ns=1206270289159497
09-06 01:05:01.258 I/AnebProbe(25624): ADAPTER_EVT type=content cls=android.view.View desc=null txt_len=0 pkg=com.deepseek.chat t_boot_ns=1206270289325643
09-06 01:05:01.261 I/AnebProbe(25624): ADAPTER_EVT type=content cls=android.view.View desc=null txt_len=0 pkg=com.deepseek.chat t_boot_ns=1206270291982414
09-06 01:05:01.359 I/AnebProbe(25624): ADAPTER_EVT type=content cls=android.view.View desc=null txt_len=0 pkg=com.deepseek.chat t_boot_ns=1206270390131372
09-06 01:05:01.359 I/AnebProbe(25624): ADAPTER_EVT type=content cls=android.view.View desc=null txt_len=0 pkg=com.deepseek.chat t_boot_ns=1206270390682934
09-06 01:05:01.359 I/AnebProbe(25624): ADAPTER_EVT type=content cls=android.view.View desc=null txt_len=0 pkg=com.deepseek.chat t_boot_ns=1206270390891789
09-06 01:05:01.360 I/AnebProbe(25624): ADAPTER_EVT type=content cls=android.view.View desc=null txt_len=0 pkg=com.deepseek.chat t_boot_ns=1206270391287101
09-06 01:05:01.360 I/AnebProbe(25624): ADAPTER_EVT type=content cls=android.view.View desc=null txt_len=0 pkg=com.deepseek.chat t_boot_ns=1206270391788664
09-06 01:05:01.360 I/AnebProbe(25624): ADAPTER_EVT type=content cls=android.view.View desc=null txt_len=0 pkg=com.deepseek.chat t_boot_ns=1206270391967309
09-06 01:05:01.361 I/AnebProbe(25624): ADAPTER_EVT type=content cls=android.view.View desc=null txt_len=0 pkg=com.deepseek.chat t_boot_ns=1206270392289705
09-06 01:05:01.460 I/AnebProbe(25624): ADAPTER_EVT type=content cls=android.view.View desc=null txt_len=0 pkg=com.deepseek.chat t_boot_ns=1206270491154809
09-06 01:05:01.460 I/AnebProbe(25624): ADAPTER_EVT type=content cls=android.view.View desc=null txt_len=0 pkg=com.deepseek.chat t_boot_ns=1206270491570434
09-06 01:05:01.460 I/AnebProbe(25624): ADAPTER_EVT type=content cls=android.view.View desc=null txt_len=0 pkg=com.deepseek.chat t_boot_ns=1206270491748559
09-06 01:05:01.460 I/AnebProbe(25624): ADAPTER_EVT type=content cls=android.view.View desc=null txt_len=0 pkg=com.deepseek.chat t_boot_ns=1206270491929809
09-06 01:05:01.460 I/AnebProbe(25624): ADAPTER_EVT type=content cls=android.view.View desc=null txt_len=0 pkg=com.deepseek.chat t_boot_ns=1206270492133976
09-06 01:05:01.461 I/AnebProbe(25624): ADAPTER_EVT type=content cls=android.view.View desc=null txt_len=0 pkg=com.deepseek.chat t_boot_ns=1206270492311059
09-06 01:05:01.564 I/AnebProbe(25624): ADAPTER_EVT type=content cls=android.view.View desc=null txt_len=0 pkg=com.deepseek.chat t_boot_ns=1206270595961580
09-06 01:05:01.565 I/AnebProbe(25624): ADAPTER_EVT type=content cls=android.view.View desc=null txt_len=0 pkg=com.deepseek.chat t_boot_ns=1206270596389705
09-06 01:05:01.565 I/AnebProbe(25624): ADAPTER_EVT type=content cls=android.view.View desc=null txt_len=0 pkg=com.deepseek.chat t_boot_ns=1206270596667309
09-06 01:05:01.565 I/AnebProbe(25624): ADAPTER_EVT type=content cls=android.view.View desc=null txt_len=0 pkg=com.deepseek.chat t_boot_ns=1206270596887101
09-06 01:05:01.565 I/AnebProbe(25624): ADAPTER_EVT type=content cls=android.view.View desc=null txt_len=0 pkg=com.deepseek.chat t_boot_ns=1206270597100122
09-06 01:05:01.566 I/AnebProbe(25624): ADAPTER_EVT type=content cls=android.view.View desc=null txt_len=0 pkg=com.deepseek.chat t_boot_ns=1206270597269914
09-06 01:05:01.566 I/AnebProbe(25624): ADAPTER_EVT type=content cls=android.view.View desc=null txt_len=0 pkg=com.deepseek.chat t_boot_ns=1206270597391789
09-06 01:05:01.667 I/AnebProbe(25624): ADAPTER_EVT type=content cls=android.view.View desc=null txt_len=0 pkg=com.deepseek.chat t_boot_ns=1206270698036059
09-06 01:05:01.667 I/AnebProbe(25624): ADAPTER_EVT type=content cls=android.view.View desc=null txt_len=0 pkg=com.deepseek.chat t_boot_ns=1206270698489184
09-06 01:05:01.668 I/AnebProbe(25624): ADAPTER_EVT type=content cls=android.view.View desc=null txt_len=0 pkg=com.deepseek.chat t_boot_ns=1206270699320955
09-06 01:05:01.668 I/AnebProbe(25624): ADAPTER_EVT type=content cls=android.view.View desc=null txt_len=0 pkg=com.deepseek.chat t_boot_ns=1206270700020955
09-06 01:05:01.669 I/AnebProbe(25624): ADAPTER_EVT type=content cls=android.view.View desc=null txt_len=0 pkg=com.deepseek.chat t_boot_ns=1206270700276164
09-06 01:05:01.669 I/AnebProbe(25624): ADAPTER_EVT type=content cls=android.view.View desc=null txt_len=0 pkg=com.deepseek.chat t_boot_ns=1206270700434497
09-06 01:05:01.770 I/AnebProbe(25624): ADAPTER_EVT type=content cls=android.view.View desc=null txt_len=0 pkg=com.deepseek.chat t_boot_ns=1206270801380851
09-06 01:05:01.770 I/AnebProbe(25624): ADAPTER_EVT type=content cls=android.view.View desc=null txt_len=0 pkg=com.deepseek.chat t_boot_ns=1206270802030851
09-06 01:05:01.771 I/AnebProbe(25624): ADAPTER_EVT type=content cls=android.view.View desc=null txt_len=0 pkg=com.deepseek.chat t_boot_ns=1206270802192309
09-06 01:05:01.771 I/AnebProbe(25624): ADAPTER_EVT type=content cls=android.view.View desc=null txt_len=0 pkg=com.deepseek.chat t_boot_ns=1206270802295434
09-06 01:05:01.774 I/AnebProbe(25624): ADAPTER_EVT type=content cls=android.view.View desc=null txt_len=0 pkg=com.deepseek.chat t_boot_ns=1206270805088143
09-06 01:05:01.871 I/AnebProbe(25624): ADAPTER_EVT type=content cls=android.view.View desc=null txt_len=0 pkg=com.deepseek.chat t_boot_ns=1206270902749601
09-06 01:05:01.872 I/AnebProbe(25624): ADAPTER_EVT type=content cls=android.view.View desc=null txt_len=0 pkg=com.deepseek.chat t_boot_ns=1206270903251684
09-06 01:05:01.872 I/AnebProbe(25624): ADAPTER_EVT type=content cls=android.view.View desc=null txt_len=0 pkg=com.deepseek.chat t_boot_ns=1206270903515226
09-06 01:05:01.872 I/AnebProbe(25624): ADAPTER_EVT type=content cls=android.view.View desc=null txt_len=0 pkg=com.deepseek.chat t_boot_ns=1206270903706372
09-06 01:05:01.872 I/AnebProbe(25624): ADAPTER_EVT type=content cls=android.view.View desc=null txt_len=0 pkg=com.deepseek.chat t_boot_ns=1206270903926684
09-06 01:05:01.978 I/AnebProbe(25624): ADAPTER_EVT type=content cls=android.view.View desc=null txt_len=0 pkg=com.deepseek.chat t_boot_ns=1206271008538143
09-06 01:05:01.981 I/AnebProbe(25624): ADAPTER_EVT type=content cls=android.view.View desc=null txt_len=0 pkg=com.deepseek.chat t_boot_ns=1206271012111580
09-06 01:05:01.981 I/AnebProbe(25624): ADAPTER_EVT type=content cls=android.view.View desc=null txt_len=0 pkg=com.deepseek.chat t_boot_ns=1206271012449080
09-06 01:05:01.981 I/AnebProbe(25624): ADAPTER_EVT type=content cls=android.view.View desc=null txt_len=0 pkg=com.deepseek.chat t_boot_ns=1206271012746476
09-06 01:05:01.981 I/AnebProbe(25624): ADAPTER_EVT type=content cls=android.view.View desc=null txt_len=0 pkg=com.deepseek.chat t_boot_ns=1206271013036580
09-06 01:05:02.079 I/AnebProbe(25624): ADAPTER_EVT type=content cls=android.view.View desc=null txt_len=0 pkg=com.deepseek.chat t_boot_ns=1206271110053247
09-06 01:05:02.079 I/AnebProbe(25624): ADAPTER_EVT type=content cls=android.view.View desc=null txt_len=0 pkg=com.deepseek.chat t_boot_ns=1206271110538143
09-06 01:05:02.079 I/AnebProbe(25624): ADAPTER_EVT type=content cls=android.view.View desc=null txt_len=0 pkg=com.deepseek.chat t_boot_ns=1206271110827205
09-06 01:05:02.079 I/AnebProbe(25624): ADAPTER_EVT type=content cls=android.view.View desc=null txt_len=0 pkg=com.deepseek.chat t_boot_ns=1206271111044914
09-06 01:05:02.080 I/AnebProbe(25624): ADAPTER_EVT type=content cls=android.view.View desc=null txt_len=0 pkg=com.deepseek.chat t_boot_ns=1206271111219393
09-06 01:05:02.080 I/AnebProbe(25624): ADAPTER_EVT type=content cls=android.view.View desc=null txt_len=0 pkg=com.deepseek.chat t_boot_ns=1206271111367309
09-06 01:05:02.181 I/AnebProbe(25624): ADAPTER_EVT type=content cls=android.view.View desc=null txt_len=0 pkg=com.deepseek.chat t_boot_ns=1206271212288143
09-06 01:05:02.182 I/AnebProbe(25624): ADAPTER_EVT type=content cls=android.view.View desc=null txt_len=0 pkg=com.deepseek.chat t_boot_ns=1206271213902205
09-06 01:05:02.183 I/AnebProbe(25624): ADAPTER_EVT type=content cls=android.view.View desc=null txt_len=0 pkg=com.deepseek.chat t_boot_ns=1206271214207934
09-06 01:05:02.184 I/AnebProbe(25624): ADAPTER_EVT type=content cls=android.view.View desc=null txt_len=0 pkg=com.deepseek.chat t_boot_ns=1206271215229288
09-06 01:05:02.184 I/AnebProbe(25624): ADAPTER_EVT type=content cls=android.view.View desc=null txt_len=0 pkg=com.deepseek.chat t_boot_ns=1206271215434497
09-06 01:05:02.285 I/AnebProbe(25624): ADAPTER_EVT type=content cls=android.view.View desc=null txt_len=0 pkg=com.deepseek.chat t_boot_ns=1206271316522518
09-06 01:05:02.390 I/AnebProbe(25624): ADAPTER_EVT type=content cls=android.view.View desc=null txt_len=0 pkg=com.deepseek.chat t_boot_ns=1206271420952726
09-06 01:05:02.390 I/AnebProbe(25624): ADAPTER_EVT type=content cls=android.view.View desc=null txt_len=0 pkg=com.deepseek.chat t_boot_ns=1206271421418872
09-06 01:05:02.391 I/AnebProbe(25624): ADAPTER_EVT type=content cls=android.view.View desc=null txt_len=0 pkg=com.deepseek.chat t_boot_ns=1206271421992830
09-06 01:05:02.393 I/AnebProbe(25624): ADAPTER_EVT type=content cls=android.view.View desc=null txt_len=0 pkg=com.deepseek.chat t_boot_ns=1206271424160018
09-06 01:05:02.393 I/AnebProbe(25624): ADAPTER_EVT type=content cls=android.view.View desc=null txt_len=0 pkg=com.deepseek.chat t_boot_ns=1206271424396997
09-06 01:05:02.393 I/AnebProbe(25624): ADAPTER_EVT type=content cls=android.view.View desc=null txt_len=0 pkg=com.deepseek.chat t_boot_ns=1206271424598038
09-06 01:05:02.393 I/AnebProbe(25624): ADAPTER_EVT type=content cls=android.view.View desc=null txt_len=0 pkg=com.deepseek.chat t_boot_ns=1206271424915226
09-06 01:05:02.490 I/AnebProbe(25624): ADAPTER_EVT type=content cls=android.view.View desc=null txt_len=0 pkg=com.deepseek.chat t_boot_ns=1206271521861059
09-06 01:05:02.491 I/AnebProbe(25624): ADAPTER_EVT type=content cls=android.view.View desc=null txt_len=0 pkg=com.deepseek.chat t_boot_ns=1206271522465226
09-06 01:05:02.492 I/AnebProbe(25624): ADAPTER_EVT type=content cls=android.view.View desc=null txt_len=0 pkg=com.deepseek.chat t_boot_ns=1206271523477726
09-06 01:05:02.493 I/AnebProbe(25624): ADAPTER_EVT type=content cls=android.view.View desc=null txt_len=0 pkg=com.deepseek.chat t_boot_ns=1206271524318351
09-06 01:05:02.493 I/AnebProbe(25624): ADAPTER_EVT type=content cls=android.view.View desc=null txt_len=0 pkg=com.deepseek.chat t_boot_ns=1206271524494913
09-06 01:05:02.591 I/AnebProbe(25624): ADAPTER_EVT type=content cls=android.view.View desc=null txt_len=0 pkg=com.deepseek.chat t_boot_ns=1206271622658455
09-06 01:05:02.591 I/AnebProbe(25624): ADAPTER_EVT type=content cls=android.view.View desc=null txt_len=0 pkg=com.deepseek.chat t_boot_ns=1206271623070434
09-06 01:05:02.592 I/AnebProbe(25624): ADAPTER_EVT type=content cls=android.view.View desc=null txt_len=0 pkg=com.deepseek.chat t_boot_ns=1206271623281893
09-06 01:05:02.592 I/AnebProbe(25624): ADAPTER_EVT type=content cls=android.view.View desc=null txt_len=0 pkg=com.deepseek.chat t_boot_ns=1206271623525122
09-06 01:05:02.692 I/AnebProbe(25624): ADAPTER_EVT type=content cls=android.view.View desc=null txt_len=0 pkg=com.deepseek.chat t_boot_ns=1206271723924080
09-06 01:05:02.693 I/AnebProbe(25624): ADAPTER_EVT type=content cls=android.view.View desc=null txt_len=0 pkg=com.deepseek.chat t_boot_ns=1206271724330330
09-06 01:05:02.693 I/AnebProbe(25624): ADAPTER_EVT type=content cls=android.view.View desc=null txt_len=0 pkg=com.deepseek.chat t_boot_ns=1206271724456893
09-06 01:05:02.693 I/AnebProbe(25624): ADAPTER_EVT type=content cls=android.view.View desc=null txt_len=0 pkg=com.deepseek.chat t_boot_ns=1206271724566788
09-06 01:05:02.794 I/AnebProbe(25624): ADAPTER_EVT type=content cls=android.view.View desc=null txt_len=0 pkg=com.deepseek.chat t_boot_ns=1206271825156893
09-06 01:05:02.795 I/AnebProbe(25624): ADAPTER_EVT type=content cls=android.view.View desc=null txt_len=0 pkg=com.deepseek.chat t_boot_ns=1206271826652205
09-06 01:05:02.795 I/AnebProbe(25624): ADAPTER_EVT type=content cls=android.view.View desc=null txt_len=0 pkg=com.deepseek.chat t_boot_ns=1206271826978768
09-06 01:05:02.795 I/AnebProbe(25624): ADAPTER_EVT type=content cls=android.view.View desc=null txt_len=0 pkg=com.deepseek.chat t_boot_ns=1206271827134497
09-06 01:05:02.796 I/AnebProbe(25624): ADAPTER_EVT type=content cls=android.view.View desc=null txt_len=0 pkg=com.deepseek.chat t_boot_ns=1206271827300122
09-06 01:05:02.796 I/AnebProbe(25624): ADAPTER_EVT type=content cls=android.view.View desc=null txt_len=0 pkg=com.deepseek.chat t_boot_ns=1206271827464705
09-06 01:05:02.796 I/AnebProbe(25624): ADAPTER_EVT type=content cls=android.view.View desc=null txt_len=0 pkg=com.deepseek.chat t_boot_ns=1206271827621997
09-06 01:05:02.796 I/AnebProbe(25624): ADAPTER_EVT type=content cls=android.view.View desc=null txt_len=0 pkg=com.deepseek.chat t_boot_ns=1206271827958976
09-06 01:05:02.796 I/AnebProbe(25624): ADAPTER_EVT type=content cls=android.view.View desc=null txt_len=0 pkg=com.deepseek.chat t_boot_ns=1206271828104288
09-06 01:05:02.894 I/AnebProbe(25624): ADAPTER_EVT type=content cls=android.view.View desc=null txt_len=0 pkg=com.deepseek.chat t_boot_ns=1206271925121997
09-06 01:05:02.898 I/AnebProbe(25624): ADAPTER_OBS pkg=com.deepseek.chat mode=deepseek events=555 rule_matched=0 first_delta_ms=0 cadence_p50_ms=0.3 session_span_ms=26660.7 confidence=LOW/INCONCLUSIVE reason=throttle ttft_send_ms=null anchor_source=null ttft_cluster_ms=2200.5 ttft_density_ms=2100.0
09-06 01:05:02.899 I/AnebProbe(25624): ADAPTER_EVT type=content cls=android.view.View desc=null txt_len=0 pkg=com.deepseek.chat t_boot_ns=1206271930698559
09-06 01:05:02.997 I/AnebProbe(25624): ADAPTER_EVT type=content cls=android.view.View desc=null txt_len=0 pkg=com.deepseek.chat t_boot_ns=1206272028356372
09-06 01:05:02.999 I/AnebProbe(25624): ADAPTER_EVT type=content cls=android.view.View desc=null txt_len=0 pkg=com.deepseek.chat t_boot_ns=1206272030394913
09-06 01:05:02.999 I/AnebProbe(25624): ADAPTER_EVT type=content cls=android.view.View desc=null txt_len=0 pkg=com.deepseek.chat t_boot_ns=1206272030702205
09-06 01:05:02.999 I/AnebProbe(25624): ADAPTER_EVT type=content cls=android.view.View desc=null txt_len=0 pkg=com.deepseek.chat t_boot_ns=1206272030875643
09-06 01:05:02.999 I/AnebProbe(25624): ADAPTER_EVT type=content cls=android.view.View desc=null txt_len=0 pkg=com.deepseek.chat t_boot_ns=1206272031060538
09-06 01:05:03.000 I/AnebProbe(25624): ADAPTER_EVT type=content cls=android.view.View desc=null txt_len=0 pkg=com.deepseek.chat t_boot_ns=1206272031245955
09-06 01:05:03.104 I/AnebProbe(25624): ADAPTER_EVT type=content cls=android.view.View desc=null txt_len=0 pkg=com.deepseek.chat t_boot_ns=1206272135587622
09-06 01:05:03.104 I/AnebProbe(25624): ADAPTER_EVT type=content cls=android.view.View desc=null txt_len=0 pkg=com.deepseek.chat t_boot_ns=1206272135993872
09-06 01:05:03.105 I/AnebProbe(25624): ADAPTER_EVT type=content cls=android.view.View desc=null txt_len=0 pkg=com.deepseek.chat t_boot_ns=1206272136185538
09-06 01:05:03.105 I/AnebProbe(25624): ADAPTER_EVT type=content cls=android.view.View desc=null txt_len=0 pkg=com.deepseek.chat t_boot_ns=1206272136333455
09-06 01:05:03.105 I/AnebProbe(25624): ADAPTER_EVT type=content cls=android.view.View desc=null txt_len=0 pkg=com.deepseek.chat t_boot_ns=1206272136495434
09-06 01:05:03.105 I/AnebProbe(25624): ADAPTER_EVT type=content cls=android.view.View desc=null txt_len=0 pkg=com.deepseek.chat t_boot_ns=1206272136653768
09-06 01:05:03.187 I/AnebProbe(25624): ADAPTER_EVT type=content cls=android.view.View desc=null txt_len=0 pkg=com.deepseek.chat t_boot_ns=1206272218798038
09-06 01:05:03.188 I/AnebProbe(25624): ADAPTER_EVT type=content cls=android.view.View desc=null txt_len=0 pkg=com.deepseek.chat t_boot_ns=1206272219214184
09-06 01:05:03.207 I/AnebProbe(25624): ADAPTER_EVT type=content cls=android.view.View desc=null txt_len=0 pkg=com.deepseek.chat t_boot_ns=1206272238177726
09-06 01:05:03.207 I/AnebProbe(25624): ADAPTER_EVT type=content cls=android.view.View desc=null txt_len=0 pkg=com.deepseek.chat t_boot_ns=1206272238843351
09-06 01:05:03.207 I/AnebProbe(25624): ADAPTER_EVT type=content cls=android.view.View desc=null txt_len=0 pkg=com.deepseek.chat t_boot_ns=1206272239041788
09-06 01:05:03.209 I/AnebProbe(25624): ADAPTER_EVT type=content cls=android.view.View desc=null txt_len=0 pkg=com.deepseek.chat t_boot_ns=1206272240119393
09-06 01:05:03.210 I/AnebProbe(25624): ADAPTER_EVT type=content cls=android.view.View desc=null txt_len=0 pkg=com.deepseek.chat t_boot_ns=1206272241204809
09-06 01:05:03.210 I/AnebProbe(25624): ADAPTER_EVT type=content cls=android.view.View desc=null txt_len=0 pkg=com.deepseek.chat t_boot_ns=1206272241767830
09-06 01:05:03.211 I/AnebProbe(25624): ADAPTER_EVT type=content cls=android.view.View desc=null txt_len=0 pkg=com.deepseek.chat t_boot_ns=1206272242210538
09-06 01:05:03.211 I/AnebProbe(25624): ADAPTER_EVT type=content cls=android.view.View desc=null txt_len=0 pkg=com.deepseek.chat t_boot_ns=1206272242611059
09-06 01:05:03.308 I/AnebProbe(25624): ADAPTER_EVT type=content cls=android.view.View desc=null txt_len=0 pkg=com.deepseek.chat t_boot_ns=1206272339727726
09-06 01:05:03.309 I/AnebProbe(25624): ADAPTER_EVT type=content cls=android.view.View desc=null txt_len=0 pkg=com.deepseek.chat t_boot_ns=1206272340212101
09-06 01:05:03.411 I/AnebProbe(25624): ADAPTER_EVT type=content cls=android.view.View desc=null txt_len=0 pkg=com.deepseek.chat t_boot_ns=1206272442465226
09-06 01:05:03.411 I/AnebProbe(25624): ADAPTER_EVT type=content cls=android.view.View desc=null txt_len=0 pkg=com.deepseek.chat t_boot_ns=1206272442852726
09-06 01:05:03.411 I/AnebProbe(25624): ADAPTER_EVT type=content cls=android.view.View desc=null txt_len=0 pkg=com.deepseek.chat t_boot_ns=1206272443000642
09-06 01:05:03.411 I/AnebProbe(25624): ADAPTER_EVT type=content cls=android.view.View desc=null txt_len=0 pkg=com.deepseek.chat t_boot_ns=1206272443148559
09-06 01:05:03.522 I/AnebProbe(25624): ADAPTER_EVT type=content cls=android.view.View desc=null txt_len=0 pkg=com.deepseek.chat t_boot_ns=1206272553052726
09-06 01:05:03.522 I/AnebProbe(25624): ADAPTER_EVT type=content cls=android.view.View desc=null txt_len=0 pkg=com.deepseek.chat t_boot_ns=1206272553654809
09-06 01:05:03.522 I/AnebProbe(25624): ADAPTER_EVT type=content cls=android.view.View desc=null txt_len=0 pkg=com.deepseek.chat t_boot_ns=1206272553872517
09-06 01:05:03.522 I/AnebProbe(25624): ADAPTER_EVT type=content cls=android.view.View desc=null txt_len=0 pkg=com.deepseek.chat t_boot_ns=1206272554062101
09-06 01:05:03.626 I/AnebProbe(25624): ADAPTER_EVT type=content cls=android.view.View desc=null txt_len=0 pkg=com.deepseek.chat t_boot_ns=1206272657862622
09-06 01:05:03.627 I/AnebProbe(25624): ADAPTER_EVT type=content cls=android.view.View desc=null txt_len=0 pkg=com.deepseek.chat t_boot_ns=1206272658299080
09-06 01:05:03.627 I/AnebProbe(25624): ADAPTER_EVT type=content cls=android.view.View desc=null txt_len=0 pkg=com.deepseek.chat t_boot_ns=1206272658490226
09-06 01:05:03.627 I/AnebProbe(25624): ADAPTER_EVT type=content cls=android.view.View desc=null txt_len=0 pkg=com.deepseek.chat t_boot_ns=1206272658667830
09-06 01:05:03.627 I/AnebProbe(25624): ADAPTER_EVT type=content cls=android.view.View desc=null txt_len=0 pkg=com.deepseek.chat t_boot_ns=1206272658851684
09-06 01:05:03.728 I/AnebProbe(25624): ADAPTER_EVT type=content cls=android.view.View desc=null txt_len=0 pkg=com.deepseek.chat t_boot_ns=1206272759651163
09-06 01:05:03.729 I/AnebProbe(25624): ADAPTER_EVT type=content cls=android.view.View desc=null txt_len=0 pkg=com.deepseek.chat t_boot_ns=1206272760155330
09-06 01:05:03.730 I/AnebProbe(25624): ADAPTER_EVT type=content cls=android.view.View desc=null txt_len=0 pkg=com.deepseek.chat t_boot_ns=1206272761305851
09-06 01:05:03.730 I/AnebProbe(25624): ADAPTER_EVT type=content cls=android.view.View desc=null txt_len=0 pkg=com.deepseek.chat t_boot_ns=1206272761616267
09-06 01:05:03.730 I/AnebProbe(25624): ADAPTER_EVT type=content cls=android.view.View desc=null txt_len=0 pkg=com.deepseek.chat t_boot_ns=1206272761835017
09-06 01:05:03.836 I/AnebProbe(25624): ADAPTER_EVT type=content cls=android.view.View desc=null txt_len=0 pkg=com.deepseek.chat t_boot_ns=1206272867850122
09-06 01:05:03.837 I/AnebProbe(25624): ADAPTER_EVT type=content cls=android.view.View desc=null txt_len=0 pkg=com.deepseek.chat t_boot_ns=1206272868323559
09-06 01:05:03.837 I/AnebProbe(25624): ADAPTER_EVT type=content cls=android.view.View desc=null txt_len=0 pkg=com.deepseek.chat t_boot_ns=1206272868485017
09-06 01:05:03.837 I/AnebProbe(25624): ADAPTER_EVT type=content cls=android.view.View desc=null txt_len=0 pkg=com.deepseek.chat t_boot_ns=1206272868673038
09-06 01:05:03.837 I/AnebProbe(25624): ADAPTER_EVT type=content cls=android.view.View desc=null txt_len=0 pkg=com.deepseek.chat t_boot_ns=1206272868893351
09-06 01:05:03.898 I/AnebProbe(25624): ADAPTER_EVT type=content cls=android.view.View desc=null txt_len=0 pkg=com.deepseek.chat t_boot_ns=1206272929446476
09-06 01:05:03.922 I/AnebProbe(25624): ADAPTER_EVT type=content cls=android.view.View desc=null txt_len=0 pkg=com.deepseek.chat t_boot_ns=1206272953332413
09-06 01:05:03.955 I/AnebProbe(25624): ADAPTER_EVT type=content cls=android.view.View desc=null txt_len=0 pkg=com.deepseek.chat t_boot_ns=1206272986480851
09-06 01:05:03.955 I/AnebProbe(25624): ADAPTER_EVT type=content cls=android.view.View desc=null txt_len=0 pkg=com.deepseek.chat t_boot_ns=1206272986916267
09-06 01:05:03.955 I/AnebProbe(25624): ADAPTER_EVT type=content cls=android.view.View desc=null txt_len=0 pkg=com.deepseek.chat t_boot_ns=1206272987137101
09-06 01:05:03.957 I/AnebProbe(25624): ADAPTER_EVT type=content cls=android.view.View desc=null txt_len=0 pkg=com.deepseek.chat t_boot_ns=1206272988188663
09-06 01:05:03.957 I/AnebProbe(25624): ADAPTER_EVT type=content cls=android.view.View desc=null txt_len=0 pkg=com.deepseek.chat t_boot_ns=1206272988568351
09-06 01:05:03.957 I/AnebProbe(25624): ADAPTER_EVT type=content cls=android.view.View desc=null txt_len=0 pkg=com.deepseek.chat t_boot_ns=1206272988784497
09-06 01:05:03.957 I/AnebProbe(25624): ADAPTER_EVT type=content cls=android.view.View desc=null txt_len=0 pkg=com.deepseek.chat t_boot_ns=1206272989003767
09-06 01:05:03.958 I/AnebProbe(25624): ADAPTER_EVT type=content cls=android.view.View desc=null txt_len=0 pkg=com.deepseek.chat t_boot_ns=1206272989191788
09-06 01:05:03.958 I/AnebProbe(25624): ADAPTER_EVT type=content cls=android.view.View desc=null txt_len=0 pkg=com.deepseek.chat t_boot_ns=1206272989374080
09-06 01:05:03.958 I/AnebProbe(25624): ADAPTER_EVT type=content cls=android.view.View desc=null txt_len=0 pkg=com.deepseek.chat t_boot_ns=1206272989543351
09-06 01:05:03.958 I/AnebProbe(25624): ADAPTER_EVT type=content cls=android.view.View desc=null txt_len=0 pkg=com.deepseek.chat t_boot_ns=1206272989896997
09-06 01:05:03.959 I/AnebProbe(25624): ADAPTER_EVT type=content cls=android.view.View desc=null txt_len=0 pkg=com.deepseek.chat t_boot_ns=1206272990367830
09-06 01:05:03.959 I/AnebProbe(25624): ADAPTER_EVT type=content cls=android.view.View desc=null txt_len=0 pkg=com.deepseek.chat t_boot_ns=1206272990537622
09-06 01:05:03.959 I/AnebProbe(25624): ADAPTER_EVT type=content cls=android.view.View desc=null txt_len=0 pkg=com.deepseek.chat t_boot_ns=1206272990716788
09-06 01:05:03.959 I/AnebProbe(25624): ADAPTER_EVT type=content cls=android.view.View desc=null txt_len=0 pkg=com.deepseek.chat t_boot_ns=1206272990862622
09-06 01:05:03.960 I/AnebProbe(25624): ADAPTER_EVT type=content cls=android.view.View desc=null txt_len=0 pkg=com.deepseek.chat t_boot_ns=1206272991004809
09-06 01:05:03.960 I/AnebProbe(25624): ADAPTER_EVT type=content cls=android.view.View desc=null txt_len=0 pkg=com.deepseek.chat t_boot_ns=1206272991337101
09-06 01:05:03.960 I/AnebProbe(25624): ADAPTER_EVT type=content cls=android.view.View desc=null txt_len=0 pkg=com.deepseek.chat t_boot_ns=1206272991495955
09-06 01:05:04.057 I/AnebProbe(25624): ADAPTER_EVT type=content cls=android.view.View desc=null txt_len=0 pkg=com.deepseek.chat t_boot_ns=1206273088501163
09-06 01:05:04.057 I/AnebProbe(25624): ADAPTER_EVT type=content cls=android.view.View desc=null txt_len=0 pkg=com.deepseek.chat t_boot_ns=1206273088930851
09-06 01:05:04.057 I/AnebProbe(25624): ADAPTER_EVT type=content cls=android.view.View desc=null txt_len=0 pkg=com.deepseek.chat t_boot_ns=1206273089088663
09-06 01:06:11.584 I/AnebE4MARK(20152): E4MARK kind=answer_complete n=1
09-06 01:06:32.050 I/AnebProbe(25624): ADAPTER_EVT type=content cls=android.view.View desc=null txt_len=0 pkg=com.deepseek.chat t_boot_ns=1206361081649066
09-06 01:06:32.051 I/AnebProbe(25624): ADAPTER_OBS pkg=com.deepseek.chat mode=deepseek events=627 rule_matched=0 first_delta_ms=0 cadence_p50_ms=0.4 session_span_ms=115817.2 confidence=LOW/INCONCLUSIVE reason=throttle ttft_send_ms=null anchor_source=null ttft_cluster_ms=2200.5 ttft_density_ms=2100.0
09-06 01:06:32.051 I/AnebProbe(25624): ADAPTER_EVT type=content cls=android.view.View desc=null txt_len=0 pkg=com.deepseek.chat t_boot_ns=1206361083024066
09-06 01:06:32.051 I/AnebProbe(25624): ADAPTER_EVT type=content cls=android.view.View desc=null txt_len=0 pkg=com.deepseek.chat t_boot_ns=1206361083163650
09-06 01:06:32.052 I/AnebProbe(25624): ADAPTER_EVT type=content cls=android.view.View desc=null txt_len=0 pkg=com.deepseek.chat t_boot_ns=1206361083232400
09-06 01:06:32.052 I/AnebProbe(25624): ADAPTER_EVT type=content cls=android.view.View desc=null txt_len=0 pkg=com.deepseek.chat t_boot_ns=1206361083286046
09-06 01:06:32.052 I/AnebProbe(25624): ADAPTER_EVT type=content cls=android.view.View desc=null txt_len=0 pkg=com.deepseek.chat t_boot_ns=1206361083333962
09-06 01:06:32.052 I/AnebProbe(25624): ADAPTER_EVT type=content cls=android.view.View desc=null txt_len=0 pkg=com.deepseek.chat t_boot_ns=1206361083379275
09-06 01:06:32.052 I/AnebProbe(25624): ADAPTER_EVT type=content cls=android.view.View desc=null txt_len=0 pkg=com.deepseek.chat t_boot_ns=1206361083454796
09-06 01:06:32.052 I/AnebProbe(25624): ADAPTER_EVT type=content cls=android.view.View desc=null txt_len=0 pkg=com.deepseek.chat t_boot_ns=1206361083507400
09-06 01:06:32.052 I/AnebProbe(25624): ADAPTER_EVT type=content cls=android.view.View desc=null txt_len=0 pkg=com.deepseek.chat t_boot_ns=1206361083556879
09-06 01:06:32.052 I/AnebProbe(25624): ADAPTER_EVT type=content cls=android.view.View desc=null txt_len=0 pkg=com.deepseek.chat t_boot_ns=1206361083593858
09-06 01:06:32.052 I/AnebProbe(25624): ADAPTER_EVT type=content cls=android.view.View desc=null txt_len=0 pkg=com.deepseek.chat t_boot_ns=1206361083629275
09-06 01:06:32.148 I/AnebProbe(25624): ADAPTER_EVT type=content cls=android.view.View desc=null txt_len=0 pkg=com.deepseek.chat t_boot_ns=1206361179284483
09-06 01:06:33.731 I/AnebProbe(25624): ADAPTER_EVT type=content cls=android.view.View desc=null txt_len=0 pkg=com.deepseek.chat t_boot_ns=1206362762919379
09-06 01:06:33.732 I/AnebProbe(25624): ADAPTER_EVT type=content cls=android.view.View desc=null txt_len=0 pkg=com.deepseek.chat t_boot_ns=1206362763378754
09-06 01:06:33.732 I/AnebProbe(25624): ADAPTER_EVT type=content cls=android.view.View desc=null txt_len=0 pkg=com.deepseek.chat t_boot_ns=1206362763543858
09-06 01:06:33.732 I/AnebProbe(25624): ADAPTER_EVT type=content cls=android.view.View desc=null txt_len=0 pkg=com.deepseek.chat t_boot_ns=1206362763681879
09-06 01:06:33.834 I/AnebProbe(25624): ADAPTER_EVT type=content cls=android.view.View desc=null txt_len=0 pkg=com.deepseek.chat t_boot_ns=1206362865311566
09-06 01:06:33.939 I/AnebProbe(25624): ADAPTER_EVT type=content cls=android.view.View desc=null txt_len=0 pkg=com.deepseek.chat t_boot_ns=1206362970218858
09-06 01:06:33.939 I/AnebProbe(25624): ADAPTER_EVT type=content cls=android.view.View desc=null txt_len=0 pkg=com.deepseek.chat t_boot_ns=1206362970728233
09-06 01:06:35.763 I/AnebProbe(25624): ADAPTER_EVT type=content cls=android.view.View desc=null txt_len=0 pkg=com.deepseek.chat t_boot_ns=1206364794283441
09-06 01:06:35.864 I/AnebProbe(25624): ADAPTER_EVT type=content cls=android.view.View desc=null txt_len=0 pkg=com.deepseek.chat t_boot_ns=1206364895510003
09-06 01:06:35.864 I/AnebProbe(25624): ADAPTER_EVT type=content cls=android.view.View desc=null txt_len=0 pkg=com.deepseek.chat t_boot_ns=1206364896026149
09-06 01:06:36.665 I/AnebProbe(25624): ADAPTER_EVT type=content cls=android.view.View desc=null txt_len=0 pkg=com.deepseek.chat t_boot_ns=1206365696148545
09-06 01:06:36.756 I/AnebProbe(25624): ADAPTER_EVT type=content cls=android.view.ViewGroup desc=null txt_len=0 pkg=com.deepseek.chat t_boot_ns=1206365787679795
09-06 01:06:38.061 I/AnebProbe(25624): ADAPTER_EVT type=content cls=android.view.View desc=null txt_len=0 pkg=com.deepseek.chat t_boot_ns=1206367092029795
09-06 01:06:38.071 I/AnebProbe(25624): ADAPTER_OBS pkg=com.deepseek.chat mode=deepseek events=652 rule_matched=0 first_delta_ms=0 cadence_p50_ms=0.4 session_span_ms=121827.6 confidence=LOW/INCONCLUSIVE reason=throttle ttft_send_ms=null anchor_source=null ttft_cluster_ms=2200.5 ttft_density_ms=2100.0
09-06 01:06:38.282 I/AnebProbe(25624): ADAPTER_EVT type=content cls=android.view.View desc=null txt_len=0 pkg=com.deepseek.chat t_boot_ns=1206367313666253
09-06 01:06:38.282 I/AnebProbe(25624): ADAPTER_EVT type=content cls=android.view.ViewGroup desc=null txt_len=0 pkg=com.deepseek.chat t_boot_ns=1206367314073024
09-06 01:06:38.284 I/AnebProbe(25624): ADAPTER_EVT type=content cls=android.view.ViewGroup desc=null txt_len=0 pkg=com.deepseek.chat t_boot_ns=1206367316068857
09-06 01:06:38.299 I/AnebProbe(25624): ADAPTER_EVT type=content cls=androidx.compose.ui.viewinterop.ViewFactoryHolder desc=null txt_len=0 pkg=com.deepseek.chat t_boot_ns=1206367330178753
09-06 01:06:38.341 I/AnebProbe(25624): ADAPTER_EVT type=content cls=android.view.View desc=null txt_len=0 pkg=com.deepseek.chat t_boot_ns=1206367372044899
09-06 01:06:38.341 I/AnebProbe(25624): ADAPTER_EVT type=content cls=android.view.View desc=关闭侧边栏 txt_len=0 pkg=com.deepseek.chat t_boot_ns=1206367372486045
09-06 01:06:38.389 I/AnebProbe(25624): ADAPTER_EVT type=content cls=android.view.View desc=null txt_len=0 pkg=com.deepseek.chat t_boot_ns=1206367420428753
09-06 01:06:38.389 I/AnebProbe(25624): ADAPTER_EVT type=content cls=android.view.View desc=null txt_len=0 pkg=com.deepseek.chat t_boot_ns=1206367420923545
09-06 01:06:38.390 I/AnebProbe(25624): ADAPTER_EVT type=content cls=android.view.View desc=null txt_len=0 pkg=com.deepseek.chat t_boot_ns=1206367421129795
09-06 01:06:38.390 I/AnebProbe(25624): ADAPTER_EVT type=content cls=android.view.View desc=null txt_len=0 pkg=com.deepseek.chat t_boot_ns=1206367421392295
09-06 01:06:38.390 I/AnebProbe(25624): ADAPTER_EVT type=content cls=android.view.View desc=null txt_len=0 pkg=com.deepseek.chat t_boot_ns=1206367421614690
09-06 01:06:38.390 I/AnebProbe(25624): ADAPTER_EVT type=content cls=android.view.View desc=null txt_len=0 pkg=com.deepseek.chat t_boot_ns=1206367421814690
09-06 01:06:38.390 I/AnebProbe(25624): ADAPTER_EVT type=content cls=android.view.View desc=null txt_len=0 pkg=com.deepseek.chat t_boot_ns=1206367422008440
09-06 01:06:38.391 I/AnebProbe(25624): ADAPTER_EVT type=content cls=android.view.View desc=null txt_len=0 pkg=com.deepseek.chat t_boot_ns=1206367422192295
09-06 01:06:38.391 I/AnebProbe(25624): ADAPTER_EVT type=content cls=android.view.View desc=null txt_len=0 pkg=com.deepseek.chat t_boot_ns=1206367422375628
09-06 01:06:38.391 I/AnebProbe(25624): ADAPTER_EVT type=content cls=android.view.View desc=null txt_len=0 pkg=com.deepseek.chat t_boot_ns=1206367422556357
09-06 01:06:38.420 I/AnebProbe(25624): ADAPTER_EVT type=content cls=androidx.compose.ui.viewinterop.ViewFactoryHolder desc=null txt_len=0 pkg=com.deepseek.chat t_boot_ns=1206367450992815
09-06 01:06:38.497 I/AnebProbe(25624): ADAPTER_EVT type=content cls=android.view.View desc=null txt_len=0 pkg=com.deepseek.chat t_boot_ns=1206367528745940
09-06 01:06:38.499 I/AnebProbe(25624): ADAPTER_EVT type=content cls=android.view.View desc=null txt_len=0 pkg=com.deepseek.chat t_boot_ns=1206367530520420
09-06 01:06:38.500 I/AnebProbe(25624): ADAPTER_EVT type=content cls=android.view.View desc=null txt_len=0 pkg=com.deepseek.chat t_boot_ns=1206367531329274
09-06 01:06:38.500 I/AnebProbe(25624): ADAPTER_EVT type=content cls=android.view.View desc=null txt_len=0 pkg=com.deepseek.chat t_boot_ns=1206367531568336
09-06 01:06:38.500 I/AnebProbe(25624): ADAPTER_EVT type=content cls=android.view.View desc=null txt_len=0 pkg=com.deepseek.chat t_boot_ns=1206367531718336
09-06 01:06:38.500 I/AnebProbe(25624): ADAPTER_EVT type=content cls=android.view.View desc=null txt_len=0 pkg=com.deepseek.chat t_boot_ns=1206367531932399
09-06 01:06:38.500 I/AnebProbe(25624): ADAPTER_EVT type=content cls=android.view.View desc=null txt_len=0 pkg=com.deepseek.chat t_boot_ns=1206367532123024
09-06 01:06:38.537 I/AnebProbe(25624): ADAPTER_EVT type=content cls=androidx.compose.ui.viewinterop.ViewFactoryHolder desc=null txt_len=0 pkg=com.deepseek.chat t_boot_ns=1206367568088128
09-06 01:06:38.608 I/AnebProbe(25624): ADAPTER_EVT type=content cls=android.view.View desc=null txt_len=0 pkg=com.deepseek.chat t_boot_ns=1206367639261045
09-06 01:06:38.608 I/AnebProbe(25624): ADAPTER_EVT type=content cls=android.view.View desc=null txt_len=0 pkg=com.deepseek.chat t_boot_ns=1206367639748024
09-06 01:06:38.707 I/AnebProbe(25624): ADAPTER_EVT type=content cls=android.view.View desc=null txt_len=0 pkg=com.deepseek.chat t_boot_ns=1206367737902711
09-06 01:06:38.707 I/AnebProbe(25624): ADAPTER_EVT type=content cls=android.view.View desc=null txt_len=0 pkg=com.deepseek.chat t_boot_ns=1206367738393857
09-06 01:06:40.865 I/AnebE4MARK(20480): E4MARK kind=turn_start n=2
09-06 01:06:40.961 I/AnebProbe(25624): ADAPTER_EVT type=content cls=android.view.ViewGroup desc=null txt_len=0 pkg=com.deepseek.chat t_boot_ns=1206369992416773
09-06 01:06:40.971 I/AnebProbe(25624): ADAPTER_EVT type=content cls=android.view.View desc=null txt_len=0 pkg=com.deepseek.chat t_boot_ns=1206370003023023
09-06 01:06:41.072 I/AnebProbe(25624): ADAPTER_EVT type=content cls=android.view.View desc=null txt_len=0 pkg=com.deepseek.chat t_boot_ns=1206370103350628
09-06 01:06:41.097 I/AnebProbe(25624): ADAPTER_EVT type=content cls=androidx.compose.ui.viewinterop.ViewFactoryHolder desc=null txt_len=0 pkg=com.deepseek.chat t_boot_ns=1206370127980836
09-06 01:06:41.135 I/AnebProbe(25624): ADAPTER_EVT type=content cls=android.view.View desc=null txt_len=0 pkg=com.deepseek.chat t_boot_ns=1206370166649586
09-06 01:06:41.135 I/AnebProbe(25624): ADAPTER_EVT type=content cls=android.view.View desc=打开侧边栏 txt_len=0 pkg=com.deepseek.chat t_boot_ns=1206370166927711
09-06 01:06:41.176 I/AnebProbe(25624): ADAPTER_EVT type=content cls=android.view.View desc=null txt_len=0 pkg=com.deepseek.chat t_boot_ns=1206370207600107
09-06 01:06:41.176 I/AnebProbe(25624): ADAPTER_EVT type=content cls=android.view.View desc=null txt_len=0 pkg=com.deepseek.chat t_boot_ns=1206370207882919
09-06 01:06:41.176 I/AnebProbe(25624): ADAPTER_EVT type=content cls=android.view.View desc=null txt_len=0 pkg=com.deepseek.chat t_boot_ns=1206370207984482
09-06 01:06:41.177 I/AnebProbe(25624): ADAPTER_EVT type=content cls=android.view.View desc=null txt_len=0 pkg=com.deepseek.chat t_boot_ns=1206370208203753
09-06 01:06:41.177 I/AnebProbe(25624): ADAPTER_EVT type=content cls=android.view.View desc=null txt_len=0 pkg=com.deepseek.chat t_boot_ns=1206370208338128
09-06 01:06:41.177 I/AnebProbe(25624): ADAPTER_EVT type=content cls=android.view.View desc=null txt_len=0 pkg=com.deepseek.chat t_boot_ns=1206370208489169
09-06 01:06:41.213 I/AnebProbe(25624): ADAPTER_EVT type=content cls=androidx.compose.ui.viewinterop.ViewFactoryHolder desc=null txt_len=0 pkg=com.deepseek.chat t_boot_ns=1206370244698544
09-06 01:06:41.250 I/AnebProbe(25624): ADAPTER_EVT type=content cls=androidx.compose.ui.viewinterop.ViewFactoryHolder desc=null txt_len=0 pkg=com.deepseek.chat t_boot_ns=1206370281371461
09-06 01:06:41.278 I/AnebProbe(25624): ADAPTER_EVT type=content cls=android.view.View desc=null txt_len=0 pkg=com.deepseek.chat t_boot_ns=1206370309021461
09-06 01:06:41.278 I/AnebProbe(25624): ADAPTER_EVT type=content cls=android.view.View desc=null txt_len=0 pkg=com.deepseek.chat t_boot_ns=1206370309452711
09-06 01:06:41.278 I/AnebProbe(25624): ADAPTER_EVT type=content cls=android.view.View desc=null txt_len=0 pkg=com.deepseek.chat t_boot_ns=1206370309611565
09-06 01:06:41.278 I/AnebProbe(25624): ADAPTER_EVT type=content cls=android.view.View desc=null txt_len=0 pkg=com.deepseek.chat t_boot_ns=1206370309750107
09-06 01:06:41.278 I/AnebProbe(25624): ADAPTER_EVT type=content cls=android.view.View desc=null txt_len=0 pkg=com.deepseek.chat t_boot_ns=1206370309912607
09-06 01:06:41.278 I/AnebProbe(25624): ADAPTER_EVT type=content cls=android.view.View desc=null txt_len=0 pkg=com.deepseek.chat t_boot_ns=1206370310062607
09-06 01:06:41.381 I/AnebProbe(25624): ADAPTER_EVT type=content cls=android.view.View desc=null txt_len=0 pkg=com.deepseek.chat t_boot_ns=1206370412672503
09-06 01:07:55.892 I/AnebE4MARK(21177): E4MARK kind=answer_complete n=2
09-06 01:08:16.361 I/AnebProbe(25624): ADAPTER_EVT type=content cls=android.view.View desc=null txt_len=0 pkg=com.deepseek.chat t_boot_ns=1206465392206342
09-06 01:08:16.362 I/AnebProbe(25624): ADAPTER_OBS pkg=com.deepseek.chat mode=deepseek events=703 rule_matched=0 first_delta_ms=0 cadence_p50_ms=0.4 session_span_ms=220127.8 confidence=LOW/INCONCLUSIVE reason=throttle ttft_send_ms=null anchor_source=null ttft_cluster_ms=2200.5 ttft_density_ms=2100.0
09-06 01:08:16.362 I/AnebProbe(25624): ADAPTER_EVT type=content cls=android.view.View desc=null txt_len=0 pkg=com.deepseek.chat t_boot_ns=1206465393631863
09-06 01:08:16.362 I/AnebProbe(25624): ADAPTER_EVT type=content cls=android.view.View desc=null txt_len=0 pkg=com.deepseek.chat t_boot_ns=1206465393821446
09-06 01:08:16.364 I/AnebProbe(25624): ADAPTER_EVT type=content cls=android.view.View desc=null txt_len=0 pkg=com.deepseek.chat t_boot_ns=1206465393940196
09-06 01:08:16.464 I/AnebProbe(25624): ADAPTER_EVT type=content cls=android.view.View desc=null txt_len=0 pkg=com.deepseek.chat t_boot_ns=1206465495090717
09-06 01:08:16.566 I/AnebProbe(25624): ADAPTER_EVT type=content cls=android.view.View desc=null txt_len=0 pkg=com.deepseek.chat t_boot_ns=1206465597647488
09-06 01:08:16.566 I/AnebProbe(25624): ADAPTER_EVT type=content cls=android.view.View desc=null txt_len=0 pkg=com.deepseek.chat t_boot_ns=1206465597998009
09-06 01:08:18.404 I/AnebProbe(25624): ADAPTER_EVT type=content cls=android.view.View desc=null txt_len=0 pkg=com.deepseek.chat t_boot_ns=1206467435837071
09-06 01:08:18.506 I/AnebProbe(25624): ADAPTER_EVT type=content cls=android.view.View desc=null txt_len=0 pkg=com.deepseek.chat t_boot_ns=1206467537251134
09-06 01:08:18.506 I/AnebProbe(25624): ADAPTER_EVT type=content cls=android.view.View desc=null txt_len=0 pkg=com.deepseek.chat t_boot_ns=1206467537715717
09-06 01:08:21.172 I/AnebProbe(25624): ADAPTER_EVT type=content cls=androidx.compose.ui.viewinterop.ViewFactoryHolder desc=null txt_len=0 pkg=com.deepseek.chat t_boot_ns=1206470203431341
09-06 01:08:21.172 I/AnebProbe(25624): ADAPTER_EVT type=content cls=android.view.View desc=null txt_len=0 pkg=com.deepseek.chat t_boot_ns=1206470203582383
09-06 01:08:21.173 I/AnebProbe(25624): ADAPTER_EVT type=content cls=android.view.View desc=null txt_len=0 pkg=com.deepseek.chat t_boot_ns=1206470203826654
09-06 01:08:21.173 I/AnebProbe(25624): ADAPTER_EVT type=content cls=android.view.View desc=null txt_len=0 pkg=com.deepseek.chat t_boot_ns=1206470204411550
09-06 01:08:21.173 I/AnebProbe(25624): ADAPTER_EVT type=content cls=android.view.View desc=null txt_len=0 pkg=com.deepseek.chat t_boot_ns=1206470204480300
09-06 01:08:21.173 I/AnebProbe(25624): ADAPTER_EVT type=content cls=android.view.View desc=null txt_len=0 pkg=com.deepseek.chat t_boot_ns=1206470204541758
09-06 01:08:21.272 I/AnebProbe(25624): ADAPTER_EVT type=content cls=android.view.View desc=null txt_len=0 pkg=com.deepseek.chat t_boot_ns=1206470303491758
09-06 01:08:21.272 I/AnebProbe(25624): ADAPTER_EVT type=content cls=android.view.View desc=null txt_len=0 pkg=com.deepseek.chat t_boot_ns=1206470303658425
09-06 01:08:21.272 I/AnebProbe(25624): ADAPTER_EVT type=content cls=android.view.View desc=null txt_len=0 pkg=com.deepseek.chat t_boot_ns=1206470303727696
09-06 01:08:21.272 I/AnebProbe(25624): ADAPTER_EVT type=content cls=android.view.View desc=null txt_len=0 pkg=com.deepseek.chat t_boot_ns=1206470303765716
09-06 01:08:21.272 I/AnebProbe(25624): ADAPTER_EVT type=content cls=android.view.View desc=null txt_len=0 pkg=com.deepseek.chat t_boot_ns=1206470303812071
09-06 01:08:21.286 I/AnebProbe(25624): ADAPTER_EVT type=content cls=androidx.compose.ui.viewinterop.ViewFactoryHolder desc=null txt_len=0 pkg=com.deepseek.chat t_boot_ns=1206470317710508
09-06 01:08:21.374 I/AnebProbe(25624): ADAPTER_EVT type=content cls=android.view.View desc=null txt_len=0 pkg=com.deepseek.chat t_boot_ns=1206470405983425
09-06 01:08:21.376 I/AnebProbe(25624): ADAPTER_OBS pkg=com.deepseek.chat mode=deepseek events=725 rule_matched=0 first_delta_ms=0 cadence_p50_ms=0.4 session_span_ms=225141.5 confidence=LOW/INCONCLUSIVE reason=throttle ttft_send_ms=null anchor_source=null ttft_cluster_ms=2200.5 ttft_density_ms=2100.0
09-06 01:08:21.376 I/AnebProbe(25624): ADAPTER_EVT type=content cls=android.view.View desc=null txt_len=0 pkg=com.deepseek.chat t_boot_ns=1206470407340196
09-06 01:08:21.376 I/AnebProbe(25624): ADAPTER_EVT type=content cls=android.view.View desc=null txt_len=0 pkg=com.deepseek.chat t_boot_ns=1206470407516758
09-06 01:08:21.376 I/AnebProbe(25624): ADAPTER_EVT type=content cls=android.view.View desc=null txt_len=0 pkg=com.deepseek.chat t_boot_ns=1206470407629779
09-06 01:08:21.376 I/AnebProbe(25624): ADAPTER_EVT type=content cls=android.view.View desc=null txt_len=0 pkg=com.deepseek.chat t_boot_ns=1206470407723529
09-06 01:08:21.403 I/AnebProbe(25624): ADAPTER_EVT type=content cls=androidx.compose.ui.viewinterop.ViewFactoryHolder desc=null txt_len=0 pkg=com.deepseek.chat t_boot_ns=1206470434175091
09-06 01:08:21.477 I/AnebProbe(25624): ADAPTER_EVT type=content cls=android.view.View desc=null txt_len=0 pkg=com.deepseek.chat t_boot_ns=1206470508231862
09-06 01:08:21.477 I/AnebProbe(25624): ADAPTER_EVT type=content cls=android.view.View desc=null txt_len=0 pkg=com.deepseek.chat t_boot_ns=1206470508470925
09-06 01:08:21.477 I/AnebProbe(25624): ADAPTER_EVT type=content cls=android.view.View desc=null txt_len=0 pkg=com.deepseek.chat t_boot_ns=1206470508574571
09-06 01:08:21.477 I/AnebProbe(25624): ADAPTER_EVT type=content cls=android.view.View desc=null txt_len=0 pkg=com.deepseek.chat t_boot_ns=1206470508662591
09-06 01:08:21.477 I/AnebProbe(25624): ADAPTER_EVT type=content cls=android.view.View desc=null txt_len=0 pkg=com.deepseek.chat t_boot_ns=1206470508748529
09-06 01:08:21.519 I/AnebProbe(25624): ADAPTER_EVT type=content cls=androidx.compose.ui.viewinterop.ViewFactoryHolder desc=null txt_len=0 pkg=com.deepseek.chat t_boot_ns=1206470550132383
09-06 01:08:21.577 I/AnebProbe(25624): ADAPTER_EVT type=content cls=android.view.View desc=null txt_len=0 pkg=com.deepseek.chat t_boot_ns=1206470608855300
09-06 01:08:21.577 I/AnebProbe(25624): ADAPTER_EVT type=content cls=android.view.View desc=null txt_len=0 pkg=com.deepseek.chat t_boot_ns=1206470609149050
09-06 01:08:21.578 I/AnebProbe(25624): ADAPTER_EVT type=content cls=android.view.View desc=null txt_len=0 pkg=com.deepseek.chat t_boot_ns=1206470609292800
09-06 01:08:21.578 I/AnebProbe(25624): ADAPTER_EVT type=content cls=android.view.View desc=null txt_len=0 pkg=com.deepseek.chat t_boot_ns=1206470609419883
09-06 01:08:21.578 I/AnebProbe(25624): ADAPTER_EVT type=content cls=android.view.View desc=null txt_len=0 pkg=com.deepseek.chat t_boot_ns=1206470609520404
09-06 01:08:21.633 I/AnebProbe(25624): ADAPTER_EVT type=content cls=androidx.compose.ui.viewinterop.ViewFactoryHolder desc=null txt_len=0 pkg=com.deepseek.chat t_boot_ns=1206470664134987
09-06 01:08:22.444 I/AnebProbe(25624): ADAPTER_EVT type=content cls=android.widget.EditText desc=null txt_len=1 pkg=com.deepseek.chat t_boot_ns=1206471474932904
09-06 01:08:22.470 I/AnebProbe(25624): ADAPTER_EVT type=content cls=android.widget.EditText desc=null txt_len=2 pkg=com.deepseek.chat t_boot_ns=1206471501009466
09-06 01:08:22.474 I/AnebProbe(25624): ADAPTER_EVT type=content cls=android.view.View desc=null txt_len=0 pkg=com.deepseek.chat t_boot_ns=1206471504834987
09-06 01:08:22.475 I/AnebProbe(25624): ADAPTER_EVT type=content cls=android.view.View desc=null txt_len=0 pkg=com.deepseek.chat t_boot_ns=1206471506125612
09-06 01:08:22.492 I/AnebProbe(25624): ADAPTER_EVT type=content cls=android.widget.EditText desc=null txt_len=3 pkg=com.deepseek.chat t_boot_ns=1206471523820925
09-06 01:08:22.502 I/AnebProbe(25624): ADAPTER_EVT type=content cls=android.widget.EditText desc=null txt_len=4 pkg=com.deepseek.chat t_boot_ns=1206471531422487
09-06 01:08:22.513 I/AnebProbe(25624): ADAPTER_EVT type=content cls=android.widget.EditText desc=null txt_len=5 pkg=com.deepseek.chat t_boot_ns=1206471544617800
09-06 01:08:22.524 I/AnebProbe(25624): ADAPTER_EVT type=content cls=android.widget.EditText desc=null txt_len=6 pkg=com.deepseek.chat t_boot_ns=1206471554977695
09-06 01:08:22.534 I/AnebProbe(25624): ADAPTER_EVT type=content cls=android.widget.EditText desc=null txt_len=7 pkg=com.deepseek.chat t_boot_ns=1206471565863112
09-06 01:08:22.548 I/AnebProbe(25624): ADAPTER_EVT type=content cls=android.widget.EditText desc=null txt_len=8 pkg=com.deepseek.chat t_boot_ns=1206471579853216
09-06 01:08:22.556 I/AnebProbe(25624): ADAPTER_EVT type=content cls=android.widget.EditText desc=null txt_len=9 pkg=com.deepseek.chat t_boot_ns=1206471587811029
09-06 01:08:22.565 I/AnebProbe(25624): ADAPTER_EVT type=content cls=android.widget.EditText desc=null txt_len=10 pkg=com.deepseek.chat t_boot_ns=1206471596351133
09-06 01:08:22.574 I/AnebProbe(25624): ADAPTER_EVT type=content cls=android.widget.EditText desc=null txt_len=11 pkg=com.deepseek.chat t_boot_ns=1206471605343320
09-06 01:08:22.576 I/AnebProbe(25624): ADAPTER_EVT type=content cls=android.view.View desc=null txt_len=0 pkg=com.deepseek.chat t_boot_ns=1206471607631341
09-06 01:08:22.584 I/AnebProbe(25624): ADAPTER_EVT type=content cls=android.widget.EditText desc=null txt_len=12 pkg=com.deepseek.chat t_boot_ns=1206471614496445
09-06 01:08:22.594 I/AnebProbe(25624): ADAPTER_EVT type=content cls=android.widget.EditText desc=null txt_len=13 pkg=com.deepseek.chat t_boot_ns=1206471625510508
09-06 01:08:22.604 I/AnebProbe(25624): ADAPTER_EVT type=content cls=android.widget.EditText desc=null txt_len=14 pkg=com.deepseek.chat t_boot_ns=1206471635274050
09-06 01:08:22.613 I/AnebProbe(25624): ADAPTER_EVT type=content cls=android.widget.EditText desc=null txt_len=15 pkg=com.deepseek.chat t_boot_ns=1206471644871966
09-06 01:08:22.623 I/AnebProbe(25624): ADAPTER_EVT type=content cls=android.widget.EditText desc=null txt_len=16 pkg=com.deepseek.chat t_boot_ns=1206471654920404
09-06 01:08:22.635 I/AnebProbe(25624): ADAPTER_EVT type=content cls=android.widget.EditText desc=null txt_len=17 pkg=com.deepseek.chat t_boot_ns=1206471666792800
09-06 01:08:22.644 I/AnebProbe(25624): ADAPTER_EVT type=content cls=android.widget.EditText desc=null txt_len=18 pkg=com.deepseek.chat t_boot_ns=1206471675127695
09-06 01:08:22.653 I/AnebProbe(25624): ADAPTER_EVT type=content cls=android.widget.EditText desc=null txt_len=19 pkg=com.deepseek.chat t_boot_ns=1206471684568320
09-06 01:08:22.665 I/AnebProbe(25624): ADAPTER_EVT type=content cls=android.widget.EditText desc=null txt_len=20 pkg=com.deepseek.chat t_boot_ns=1206471695990716
09-06 01:08:22.676 I/AnebProbe(25624): ADAPTER_EVT type=content cls=android.widget.EditText desc=null txt_len=21 pkg=com.deepseek.chat t_boot_ns=1206471706976133
09-06 01:08:22.689 I/AnebProbe(25624): ADAPTER_EVT type=content cls=android.widget.EditText desc=null txt_len=22 pkg=com.deepseek.chat t_boot_ns=1206471720562070
09-06 01:08:22.703 I/AnebProbe(25624): ADAPTER_EVT type=content cls=android.widget.EditText desc=null txt_len=23 pkg=com.deepseek.chat t_boot_ns=1206471734671445
09-06 01:08:22.712 I/AnebProbe(25624): ADAPTER_EVT type=content cls=android.widget.EditText desc=null txt_len=24 pkg=com.deepseek.chat t_boot_ns=1206471743103216
09-06 01:08:22.723 I/AnebProbe(25624): ADAPTER_EVT type=content cls=android.widget.EditText desc=null txt_len=25 pkg=com.deepseek.chat t_boot_ns=1206471754235508
09-06 01:08:22.735 I/AnebProbe(25624): ADAPTER_EVT type=content cls=android.widget.EditText desc=null txt_len=26 pkg=com.deepseek.chat t_boot_ns=1206471766610508
09-06 01:08:22.745 I/AnebProbe(25624): ADAPTER_EVT type=content cls=android.widget.EditText desc=null txt_len=27 pkg=com.deepseek.chat t_boot_ns=1206471776562070
09-06 01:08:22.757 I/AnebProbe(25624): ADAPTER_EVT type=content cls=android.widget.EditText desc=null txt_len=28 pkg=com.deepseek.chat t_boot_ns=1206471787736029
09-06 01:08:22.769 I/AnebProbe(25624): ADAPTER_EVT type=content cls=android.widget.EditText desc=null txt_len=29 pkg=com.deepseek.chat t_boot_ns=1206471800044883
09-06 01:08:22.779 I/AnebProbe(25624): ADAPTER_EVT type=content cls=android.widget.EditText desc=null txt_len=30 pkg=com.deepseek.chat t_boot_ns=1206471810132904
09-06 01:08:22.789 I/AnebProbe(25624): ADAPTER_EVT type=content cls=android.widget.EditText desc=null txt_len=31 pkg=com.deepseek.chat t_boot_ns=1206471820537591
09-06 01:08:22.801 I/AnebProbe(25624): ADAPTER_EVT type=content cls=android.widget.EditText desc=null txt_len=32 pkg=com.deepseek.chat t_boot_ns=1206471832340195
09-06 01:08:22.808 I/AnebProbe(25624): ADAPTER_EVT type=content cls=android.widget.EditText desc=null txt_len=33 pkg=com.deepseek.chat t_boot_ns=1206471839671445
09-06 01:08:22.819 I/AnebProbe(25624): ADAPTER_EVT type=content cls=android.widget.EditText desc=null txt_len=34 pkg=com.deepseek.chat t_boot_ns=1206471849754779
09-06 01:08:22.829 I/AnebProbe(25624): ADAPTER_EVT type=content cls=android.widget.EditText desc=null txt_len=35 pkg=com.deepseek.chat t_boot_ns=1206471860217800
09-06 01:08:22.840 I/AnebProbe(25624): ADAPTER_EVT type=content cls=android.widget.EditText desc=null txt_len=36 pkg=com.deepseek.chat t_boot_ns=1206471870903737
09-06 01:08:22.851 I/AnebProbe(25624): ADAPTER_EVT type=content cls=android.widget.EditText desc=null txt_len=37 pkg=com.deepseek.chat t_boot_ns=1206471882169362
09-06 01:08:22.864 I/AnebProbe(25624): ADAPTER_EVT type=content cls=android.widget.EditText desc=null txt_len=38 pkg=com.deepseek.chat t_boot_ns=1206471895180300
09-06 01:08:22.875 I/AnebProbe(25624): ADAPTER_EVT type=content cls=android.widget.EditText desc=null txt_len=39 pkg=com.deepseek.chat t_boot_ns=1206471906032383
09-06 01:08:22.885 I/AnebProbe(25624): ADAPTER_EVT type=content cls=android.widget.EditText desc=null txt_len=40 pkg=com.deepseek.chat t_boot_ns=1206471915700091
09-06 01:08:22.897 I/AnebProbe(25624): ADAPTER_EVT type=content cls=android.widget.EditText desc=null txt_len=41 pkg=com.deepseek.chat t_boot_ns=1206471928538112
09-06 01:08:22.905 I/AnebProbe(25624): ADAPTER_EVT type=content cls=android.widget.EditText desc=null txt_len=42 pkg=com.deepseek.chat t_boot_ns=1206471936143320
09-06 01:08:22.917 I/AnebProbe(25624): ADAPTER_EVT type=content cls=android.widget.EditText desc=null txt_len=43 pkg=com.deepseek.chat t_boot_ns=1206471948473008
09-06 01:08:22.927 I/AnebProbe(25624): ADAPTER_EVT type=content cls=android.widget.EditText desc=null txt_len=44 pkg=com.deepseek.chat t_boot_ns=1206471958226133
09-06 01:08:22.927 I/AnebProbe(25624): ADAPTER_EVT type=content cls=androidx.compose.ui.viewinterop.ViewFactoryHolder desc=null txt_len=0 pkg=com.deepseek.chat t_boot_ns=1206471958690195
09-06 01:08:22.933 I/AnebProbe(25624): ADAPTER_EVT type=content cls=android.view.View desc=null txt_len=0 pkg=com.deepseek.chat t_boot_ns=1206471964033425
09-06 01:08:22.940 I/AnebProbe(25624): ADAPTER_EVT type=content cls=androidx.compose.ui.viewinterop.ViewFactoryHolder desc=null txt_len=0 pkg=com.deepseek.chat t_boot_ns=1206471971441237
09-06 01:08:22.941 I/AnebProbe(25624): ADAPTER_EVT type=content cls=android.widget.EditText desc=null txt_len=45 pkg=com.deepseek.chat t_boot_ns=1206471972294883
09-06 01:08:22.951 I/AnebProbe(25624): ADAPTER_EVT type=content cls=android.widget.EditText desc=null txt_len=46 pkg=com.deepseek.chat t_boot_ns=1206471982108945
09-06 01:08:22.966 I/AnebProbe(25624): ADAPTER_EVT type=content cls=androidx.compose.ui.viewinterop.ViewFactoryHolder desc=null txt_len=0 pkg=com.deepseek.chat t_boot_ns=1206471997104258
09-06 01:08:22.967 I/AnebProbe(25624): ADAPTER_EVT type=content cls=android.widget.EditText desc=null txt_len=47 pkg=com.deepseek.chat t_boot_ns=1206471998056341
09-06 01:08:22.985 I/AnebProbe(25624): ADAPTER_EVT type=content cls=androidx.compose.ui.viewinterop.ViewFactoryHolder desc=null txt_len=0 pkg=com.deepseek.chat t_boot_ns=1206472016429258
09-06 01:08:22.987 I/AnebProbe(25624): ADAPTER_EVT type=content cls=android.widget.EditText desc=null txt_len=48 pkg=com.deepseek.chat t_boot_ns=1206472017962070
09-06 01:08:23.001 I/AnebProbe(25624): ADAPTER_EVT type=content cls=androidx.compose.ui.viewinterop.ViewFactoryHolder desc=null txt_len=0 pkg=com.deepseek.chat t_boot_ns=1206472032937591
09-06 01:08:23.002 I/AnebProbe(25624): ADAPTER_EVT type=content cls=android.widget.EditText desc=null txt_len=49 pkg=com.deepseek.chat t_boot_ns=1206472033467800
09-06 01:08:23.019 I/AnebProbe(25624): ADAPTER_EVT type=content cls=androidx.compose.ui.viewinterop.ViewFactoryHolder desc=null txt_len=0 pkg=com.deepseek.chat t_boot_ns=1206472048989154
09-06 01:08:23.019 I/AnebProbe(25624): ADAPTER_EVT type=content cls=android.widget.EditText desc=null txt_len=50 pkg=com.deepseek.chat t_boot_ns=1206472050603737
09-06 01:08:23.033 I/AnebProbe(25624): ADAPTER_EVT type=content cls=androidx.compose.ui.viewinterop.ViewFactoryHolder desc=null txt_len=0 pkg=com.deepseek.chat t_boot_ns=1206472065000091
09-06 01:08:23.034 I/AnebProbe(25624): ADAPTER_EVT type=content cls=android.widget.EditText desc=null txt_len=51 pkg=com.deepseek.chat t_boot_ns=1206472065595925
09-06 01:08:23.036 I/AnebProbe(25624): ADAPTER_EVT type=content cls=android.view.View desc=null txt_len=0 pkg=com.deepseek.chat t_boot_ns=1206472068096966
09-06 01:08:23.037 I/AnebProbe(25624): ADAPTER_EVT type=content cls=android.view.View desc=null txt_len=0 pkg=com.deepseek.chat t_boot_ns=1206472068271445
09-06 01:08:23.037 I/AnebProbe(25624): ADAPTER_EVT type=content cls=android.view.View desc=null txt_len=0 pkg=com.deepseek.chat t_boot_ns=1206472068383945
09-06 01:08:23.037 I/AnebProbe(25624): ADAPTER_EVT type=content cls=android.view.View desc=null txt_len=0 pkg=com.deepseek.chat t_boot_ns=1206472068480300
09-06 01:08:23.037 I/AnebProbe(25624): ADAPTER_EVT type=content cls=android.view.View desc=null txt_len=0 pkg=com.deepseek.chat t_boot_ns=1206472068569362
09-06 01:08:23.050 I/AnebProbe(25624): ADAPTER_EVT type=content cls=androidx.compose.ui.viewinterop.ViewFactoryHolder desc=null txt_len=0 pkg=com.deepseek.chat t_boot_ns=1206472081606862
09-06 01:08:23.050 I/AnebProbe(25624): ADAPTER_EVT type=content cls=android.widget.EditText desc=null txt_len=52 pkg=com.deepseek.chat t_boot_ns=1206472081866758
09-06 01:08:23.067 I/AnebProbe(25624): ADAPTER_EVT type=content cls=androidx.compose.ui.viewinterop.ViewFactoryHolder desc=null txt_len=0 pkg=com.deepseek.chat t_boot_ns=1206472098418841
09-06 01:08:23.067 I/AnebProbe(25624): ADAPTER_EVT type=content cls=android.widget.EditText desc=null txt_len=53 pkg=com.deepseek.chat t_boot_ns=1206472098609466
09-06 01:08:23.082 I/AnebProbe(25624): ADAPTER_EVT type=content cls=androidx.compose.ui.viewinterop.ViewFactoryHolder desc=null txt_len=0 pkg=com.deepseek.chat t_boot_ns=1206472113274050
09-06 01:08:23.082 I/AnebProbe(25624): ADAPTER_EVT type=content cls=android.widget.EditText desc=null txt_len=54 pkg=com.deepseek.chat t_boot_ns=1206472113656862
09-06 01:08:23.087 I/AnebProbe(25624): ADAPTER_EVT type=content cls=android.widget.EditText desc=null txt_len=55 pkg=com.deepseek.chat t_boot_ns=1206472118289154
09-06 01:08:23.099 I/AnebProbe(25624): ADAPTER_EVT type=content cls=androidx.compose.ui.viewinterop.ViewFactoryHolder desc=null txt_len=0 pkg=com.deepseek.chat t_boot_ns=1206472130855820
09-06 01:08:23.100 I/AnebProbe(25624): ADAPTER_EVT type=content cls=android.widget.EditText desc=null txt_len=56 pkg=com.deepseek.chat t_boot_ns=1206472131668320
09-06 01:08:23.135 I/AnebProbe(25624): ADAPTER_EVT type=content cls=android.view.View desc=null txt_len=0 pkg=com.deepseek.chat t_boot_ns=1206472166609466
09-06 01:08:23.135 I/AnebProbe(25624): ADAPTER_EVT type=content cls=android.view.View desc=null txt_len=0 pkg=com.deepseek.chat t_boot_ns=1206472166902174
09-06 01:08:23.135 I/AnebProbe(25624): ADAPTER_EVT type=content cls=android.view.View desc=null txt_len=0 pkg=com.deepseek.chat t_boot_ns=1206472166997487
09-06 01:08:23.135 I/AnebProbe(25624): ADAPTER_EVT type=content cls=android.view.View desc=null txt_len=0 pkg=com.deepseek.chat t_boot_ns=1206472167067799
09-06 01:08:23.136 I/AnebProbe(25624): ADAPTER_EVT type=content cls=android.view.View desc=null txt_len=0 pkg=com.deepseek.chat t_boot_ns=1206472167266758
09-06 01:08:23.207 I/AnebProbe(25624): ADAPTER_EVT type=content cls=androidx.compose.ui.viewinterop.ViewFactoryHolder desc=null txt_len=0 pkg=com.deepseek.chat t_boot_ns=1206472238417279
09-06 01:08:23.236 I/AnebProbe(25624): ADAPTER_EVT type=content cls=android.view.View desc=null txt_len=0 pkg=com.deepseek.chat t_boot_ns=1206472267788633
09-06 01:08:25.213 I/AnebE4MARK(21577): E4MARK kind=turn_start n=3
09-06 01:08:25.309 I/AnebProbe(25624): ADAPTER_EVT type=content cls=android.widget.EditText desc=null txt_len=0 pkg=com.deepseek.chat t_boot_ns=1206474340127174
09-06 01:08:25.363 I/AnebProbe(25624): ADAPTER_EVT type=content cls=android.view.View desc=null txt_len=0 pkg=com.deepseek.chat t_boot_ns=1206474393779257
09-06 01:08:25.364 I/AnebProbe(25624): ADAPTER_EVT type=content cls=android.view.View desc=null txt_len=0 pkg=com.deepseek.chat t_boot_ns=1206474395202695
09-06 01:08:25.364 I/AnebProbe(25624): ADAPTER_EVT type=content cls=android.view.View desc=null txt_len=0 pkg=com.deepseek.chat t_boot_ns=1206474395371445
09-06 01:08:25.364 I/AnebProbe(25624): ADAPTER_EVT type=content cls=android.view.View desc=null txt_len=0 pkg=com.deepseek.chat t_boot_ns=1206474395556341
09-06 01:08:25.364 I/AnebProbe(25624): ADAPTER_EVT type=content cls=android.view.View desc=null txt_len=0 pkg=com.deepseek.chat t_boot_ns=1206474395634466
09-06 01:08:25.364 I/AnebProbe(25624): ADAPTER_EVT type=content cls=android.view.View desc=null txt_len=0 pkg=com.deepseek.chat t_boot_ns=1206474395704778
09-06 01:08:25.364 I/AnebProbe(25624): ADAPTER_EVT type=content cls=android.view.View desc=null txt_len=0 pkg=com.deepseek.chat t_boot_ns=1206474395903737
09-06 01:08:25.364 I/AnebProbe(25624): ADAPTER_EVT type=content cls=android.view.View desc=null txt_len=0 pkg=com.deepseek.chat t_boot_ns=1206474395961028
09-06 01:08:25.364 I/AnebProbe(25624): ADAPTER_EVT type=content cls=android.view.View desc=null txt_len=0 pkg=com.deepseek.chat t_boot_ns=1206474396065195
09-06 01:08:25.364 I/AnebProbe(25624): ADAPTER_EVT type=content cls=android.view.View desc=null txt_len=0 pkg=com.deepseek.chat t_boot_ns=1206474396144362
09-06 01:08:25.365 I/AnebProbe(25624): ADAPTER_EVT type=content cls=android.view.View desc=null txt_len=0 pkg=com.deepseek.chat t_boot_ns=1206474396204778
09-06 01:08:25.365 I/AnebProbe(25624): ADAPTER_EVT type=content cls=android.view.View desc=null txt_len=0 pkg=com.deepseek.chat t_boot_ns=1206474396723528
09-06 01:08:25.366 I/AnebProbe(25624): ADAPTER_EVT type=content cls=android.view.View desc=null txt_len=0 pkg=com.deepseek.chat t_boot_ns=1206474396941757
09-06 01:08:25.366 I/AnebProbe(25624): ADAPTER_EVT type=content cls=android.view.View desc=null txt_len=0 pkg=com.deepseek.chat t_boot_ns=1206474397675612
09-06 01:08:25.366 I/AnebProbe(25624): ADAPTER_EVT type=content cls=android.view.View desc=null txt_len=0 pkg=com.deepseek.chat t_boot_ns=1206474397731862
09-06 01:08:25.414 I/AnebProbe(25624): ADAPTER_EVT type=content cls=android.view.ViewGroup desc=null txt_len=0 pkg=com.deepseek.chat t_boot_ns=1206474445112070
09-06 01:08:25.467 I/AnebProbe(25624): ADAPTER_EVT type=content cls=android.view.View desc=null txt_len=0 pkg=com.deepseek.chat t_boot_ns=1206474498082903
09-06 01:08:25.467 I/AnebProbe(25624): ADAPTER_EVT type=content cls=android.view.View desc=null txt_len=0 pkg=com.deepseek.chat t_boot_ns=1206474498784466
09-06 01:08:25.467 I/AnebProbe(25624): ADAPTER_EVT type=content cls=android.view.View desc=null txt_len=0 pkg=com.deepseek.chat t_boot_ns=1206474498866757
09-06 01:08:25.467 I/AnebProbe(25624): ADAPTER_EVT type=content cls=android.view.View desc=null txt_len=0 pkg=com.deepseek.chat t_boot_ns=1206474498959466
09-06 01:08:25.467 I/AnebProbe(25624): ADAPTER_EVT type=content cls=android.view.View desc=null txt_len=0 pkg=com.deepseek.chat t_boot_ns=1206474499029257
09-06 01:08:25.467 I/AnebProbe(25624): ADAPTER_EVT type=content cls=android.view.View desc=null txt_len=0 pkg=com.deepseek.chat t_boot_ns=1206474499087070
09-06 01:08:25.467 I/AnebProbe(25624): ADAPTER_EVT type=content cls=android.view.View desc=null txt_len=0 pkg=com.deepseek.chat t_boot_ns=1206474499143841
09-06 01:08:25.468 I/AnebProbe(25624): ADAPTER_EVT type=content cls=android.view.View desc=null txt_len=0 pkg=com.deepseek.chat t_boot_ns=1206474499207382
09-06 01:08:25.468 I/AnebProbe(25624): ADAPTER_EVT type=content cls=android.view.View desc=null txt_len=0 pkg=com.deepseek.chat t_boot_ns=1206474499281862
09-06 01:08:25.468 I/AnebProbe(25624): ADAPTER_EVT type=content cls=android.view.View desc=null txt_len=0 pkg=com.deepseek.chat t_boot_ns=1206474499330299
09-06 01:08:25.468 I/AnebProbe(25624): ADAPTER_EVT type=content cls=android.view.View desc=null txt_len=0 pkg=com.deepseek.chat t_boot_ns=1206474499396445
09-06 01:08:25.468 I/AnebProbe(25624): ADAPTER_EVT type=content cls=android.view.View desc=null txt_len=0 pkg=com.deepseek.chat t_boot_ns=1206474499484987
09-06 01:08:25.468 I/AnebProbe(25624): ADAPTER_EVT type=content cls=android.view.View desc=null txt_len=0 pkg=com.deepseek.chat t_boot_ns=1206474499573528
09-06 01:08:25.468 I/AnebProbe(25624): ADAPTER_EVT type=content cls=android.view.View desc=null txt_len=0 pkg=com.deepseek.chat t_boot_ns=1206474499633945
09-06 01:08:25.468 I/AnebProbe(25624): ADAPTER_EVT type=content cls=androidx.compose.ui.viewinterop.ViewFactoryHolder desc=null txt_len=0 pkg=com.deepseek.chat t_boot_ns=1206474499688112
09-06 01:08:25.468 I/AnebProbe(25624): ADAPTER_EVT type=content cls=android.view.View desc=null txt_len=0 pkg=com.deepseek.chat t_boot_ns=1206474499739674
09-06 01:08:25.468 I/AnebProbe(25624): ADAPTER_EVT type=content cls=android.view.View desc=null txt_len=0 pkg=com.deepseek.chat t_boot_ns=1206474499790716
09-06 01:08:25.468 I/AnebProbe(25624): ADAPTER_EVT type=content cls=android.view.View desc=null txt_len=0 pkg=com.deepseek.chat t_boot_ns=1206474499836028
09-06 01:08:25.468 I/AnebProbe(25624): ADAPTER_EVT type=content cls=android.view.View desc=null txt_len=0 pkg=com.deepseek.chat t_boot_ns=1206474499880299
09-06 01:08:25.468 I/AnebProbe(25624): ADAPTER_EVT type=content cls=android.view.View desc=null txt_len=0 pkg=com.deepseek.chat t_boot_ns=1206474499928737
09-06 01:08:25.468 I/AnebProbe(25624): ADAPTER_EVT type=content cls=android.view.View desc=null txt_len=0 pkg=com.deepseek.chat t_boot_ns=1206474499980820
09-06 01:08:25.468 I/AnebProbe(25624): ADAPTER_EVT type=content cls=android.view.View desc=null txt_len=0 pkg=com.deepseek.chat t_boot_ns=1206474500033424
09-06 01:08:25.468 I/AnebProbe(25624): ADAPTER_EVT type=content cls=android.view.View desc=null txt_len=0 pkg=com.deepseek.chat t_boot_ns=1206474500088112
09-06 01:08:25.468 I/AnebProbe(25624): ADAPTER_EVT type=content cls=android.view.View desc=null txt_len=0 pkg=com.deepseek.chat t_boot_ns=1206474500132903
09-06 01:08:25.468 I/AnebProbe(25624): ADAPTER_EVT type=content cls=android.view.View desc=null txt_len=0 pkg=com.deepseek.chat t_boot_ns=1206474500176653
09-06 01:08:25.469 I/AnebProbe(25624): ADAPTER_EVT type=content cls=android.view.View desc=null txt_len=0 pkg=com.deepseek.chat t_boot_ns=1206474500237070
09-06 01:08:25.469 I/AnebProbe(25624): ADAPTER_EVT type=content cls=android.view.View desc=null txt_len=0 pkg=com.deepseek.chat t_boot_ns=1206474500281341
09-06 01:08:25.567 I/AnebProbe(25624): ADAPTER_EVT type=content cls=android.view.View desc=null txt_len=0 pkg=com.deepseek.chat t_boot_ns=1206474598450091
09-06 01:08:25.567 I/AnebProbe(25624): ADAPTER_EVT type=content cls=android.view.View desc=null txt_len=0 pkg=com.deepseek.chat t_boot_ns=1206474598653216
09-06 01:08:25.567 I/AnebProbe(25624): ADAPTER_EVT type=content cls=android.view.View desc=null txt_len=0 pkg=com.deepseek.chat t_boot_ns=1206474598769362
09-06 01:08:25.567 I/AnebProbe(25624): ADAPTER_EVT type=content cls=android.view.View desc=null txt_len=0 pkg=com.deepseek.chat t_boot_ns=1206474598830299
09-06 01:08:25.567 I/AnebProbe(25624): ADAPTER_EVT type=content cls=android.view.View desc=null txt_len=0 pkg=com.deepseek.chat t_boot_ns=1206474598920403
09-06 01:08:25.567 I/AnebProbe(25624): ADAPTER_EVT type=content cls=android.view.View desc=null txt_len=0 pkg=com.deepseek.chat t_boot_ns=1206474598994362
09-06 01:08:25.567 I/AnebProbe(25624): ADAPTER_EVT type=content cls=android.view.View desc=null txt_len=0 pkg=com.deepseek.chat t_boot_ns=1206474599051132
09-06 01:08:25.567 I/AnebProbe(25624): ADAPTER_EVT type=content cls=android.view.View desc=null txt_len=0 pkg=com.deepseek.chat t_boot_ns=1206474599098528
09-06 01:08:25.569 I/AnebProbe(25624): ADAPTER_EVT type=content cls=android.view.View desc=null txt_len=0 pkg=com.deepseek.chat t_boot_ns=1206474600256862
09-06 01:08:25.569 I/AnebProbe(25624): ADAPTER_EVT type=content cls=android.view.View desc=null txt_len=0 pkg=com.deepseek.chat t_boot_ns=1206474600346445
09-06 01:08:25.569 I/AnebProbe(25624): ADAPTER_EVT type=content cls=android.view.View desc=null txt_len=0 pkg=com.deepseek.chat t_boot_ns=1206474600414153
09-06 01:08:25.569 I/AnebProbe(25624): ADAPTER_EVT type=content cls=android.view.View desc=null txt_len=0 pkg=com.deepseek.chat t_boot_ns=1206474600471966
09-06 01:08:25.569 I/AnebProbe(25624): ADAPTER_EVT type=content cls=android.view.View desc=null txt_len=0 pkg=com.deepseek.chat t_boot_ns=1206474600523007
09-06 01:08:25.569 I/AnebProbe(25624): ADAPTER_EVT type=content cls=androidx.compose.ui.viewinterop.ViewFactoryHolder desc=null txt_len=0 pkg=com.deepseek.chat t_boot_ns=1206474600577174
09-06 01:08:25.569 I/AnebProbe(25624): ADAPTER_EVT type=content cls=android.view.View desc=null txt_len=0 pkg=com.deepseek.chat t_boot_ns=1206474600637591
09-06 01:08:25.569 I/AnebProbe(25624): ADAPTER_EVT type=content cls=android.view.View desc=null txt_len=0 pkg=com.deepseek.chat t_boot_ns=1206474600693841
09-06 01:08:25.569 I/AnebProbe(25624): ADAPTER_EVT type=content cls=android.view.View desc=null txt_len=0 pkg=com.deepseek.chat t_boot_ns=1206474600752174
09-06 01:08:25.569 I/AnebProbe(25624): ADAPTER_EVT type=content cls=android.view.View desc=null txt_len=0 pkg=com.deepseek.chat t_boot_ns=1206474600828737
09-06 01:08:25.569 I/AnebProbe(25624): ADAPTER_EVT type=content cls=android.view.View desc=null txt_len=0 pkg=com.deepseek.chat t_boot_ns=1206474600877695
09-06 01:08:25.569 I/AnebProbe(25624): ADAPTER_EVT type=content cls=android.view.View desc=null txt_len=0 pkg=com.deepseek.chat t_boot_ns=1206474600941237
09-06 01:08:25.569 I/AnebProbe(25624): ADAPTER_EVT type=content cls=android.view.View desc=null txt_len=0 pkg=com.deepseek.chat t_boot_ns=1206474600997487
09-06 01:08:25.569 I/AnebProbe(25624): ADAPTER_EVT type=content cls=android.view.View desc=null txt_len=0 pkg=com.deepseek.chat t_boot_ns=1206474601048528
09-06 01:08:25.569 I/AnebProbe(25624): ADAPTER_EVT type=content cls=android.view.View desc=null txt_len=0 pkg=com.deepseek.chat t_boot_ns=1206474601095924
09-06 01:08:25.569 I/AnebProbe(25624): ADAPTER_EVT type=content cls=android.view.View desc=null txt_len=0 pkg=com.deepseek.chat t_boot_ns=1206474601151132
09-06 01:08:25.569 I/AnebProbe(25624): ADAPTER_EVT type=content cls=android.view.View desc=null txt_len=0 pkg=com.deepseek.chat t_boot_ns=1206474601201653
09-06 01:08:25.675 I/AnebProbe(25624): ADAPTER_EVT type=content cls=android.view.View desc=null txt_len=0 pkg=com.deepseek.chat t_boot_ns=1206474706902174
09-06 01:08:25.675 I/AnebProbe(25624): ADAPTER_EVT type=content cls=android.view.View desc=null txt_len=0 pkg=com.deepseek.chat t_boot_ns=1206474707118841
09-06 01:08:25.675 I/AnebProbe(25624): ADAPTER_EVT type=content cls=android.view.View desc=null txt_len=0 pkg=com.deepseek.chat t_boot_ns=1206474707195403
09-06 01:08:25.676 I/AnebProbe(25624): ADAPTER_EVT type=content cls=android.view.View desc=null txt_len=0 pkg=com.deepseek.chat t_boot_ns=1206474707267799
09-06 01:08:25.676 I/AnebProbe(25624): ADAPTER_EVT type=content cls=android.view.View desc=null txt_len=0 pkg=com.deepseek.chat t_boot_ns=1206474707334466
09-06 01:08:25.676 I/AnebProbe(25624): ADAPTER_EVT type=content cls=android.view.View desc=null txt_len=0 pkg=com.deepseek.chat t_boot_ns=1206474707719882
09-06 01:08:25.676 I/AnebProbe(25624): ADAPTER_EVT type=content cls=android.view.View desc=null txt_len=0 pkg=com.deepseek.chat t_boot_ns=1206474707803737
09-06 01:08:25.676 I/AnebProbe(25624): ADAPTER_EVT type=content cls=android.view.View desc=null txt_len=0 pkg=com.deepseek.chat t_boot_ns=1206474707864153
09-06 01:08:25.676 I/AnebProbe(25624): ADAPTER_EVT type=content cls=android.view.View desc=null txt_len=0 pkg=com.deepseek.chat t_boot_ns=1206474707944362
09-06 01:08:25.676 I/AnebProbe(25624): ADAPTER_EVT type=content cls=android.view.View desc=null txt_len=0 pkg=com.deepseek.chat t_boot_ns=1206474708031341
09-06 01:08:25.676 I/AnebProbe(25624): ADAPTER_EVT type=content cls=android.view.View desc=null txt_len=0 pkg=com.deepseek.chat t_boot_ns=1206474708105299
09-06 01:08:25.677 I/AnebProbe(25624): ADAPTER_EVT type=content cls=androidx.compose.ui.viewinterop.ViewFactoryHolder desc=null txt_len=0 pkg=com.deepseek.chat t_boot_ns=1206474708182903
09-06 01:08:25.677 I/AnebProbe(25624): ADAPTER_EVT type=content cls=android.view.View desc=null txt_len=0 pkg=com.deepseek.chat t_boot_ns=1206474708346445
09-06 01:08:25.677 I/AnebProbe(25624): ADAPTER_EVT type=content cls=android.view.View desc=null txt_len=0 pkg=com.deepseek.chat t_boot_ns=1206474708430299
09-06 01:08:25.677 I/AnebProbe(25624): ADAPTER_EVT type=content cls=android.view.View desc=null txt_len=0 pkg=com.deepseek.chat t_boot_ns=1206474708504257
09-06 01:08:25.677 I/AnebProbe(25624): ADAPTER_EVT type=content cls=android.view.View desc=null txt_len=0 pkg=com.deepseek.chat t_boot_ns=1206474708556341
09-06 01:08:25.677 I/AnebProbe(25624): ADAPTER_EVT type=content cls=android.view.View desc=null txt_len=0 pkg=com.deepseek.chat t_boot_ns=1206474708650091
09-06 01:08:25.677 I/AnebProbe(25624): ADAPTER_EVT type=content cls=android.view.View desc=null txt_len=0 pkg=com.deepseek.chat t_boot_ns=1206474708703216
09-06 01:08:25.677 I/AnebProbe(25624): ADAPTER_EVT type=content cls=android.view.View desc=null txt_len=0 pkg=com.deepseek.chat t_boot_ns=1206474708746966
09-06 01:08:25.677 I/AnebProbe(25624): ADAPTER_EVT type=content cls=android.view.View desc=null txt_len=0 pkg=com.deepseek.chat t_boot_ns=1206474708790716
09-06 01:08:25.678 I/AnebProbe(25624): ADAPTER_EVT type=content cls=android.view.View desc=null txt_len=0 pkg=com.deepseek.chat t_boot_ns=1206474709243841
09-06 01:08:25.678 I/AnebProbe(25624): ADAPTER_EVT type=content cls=android.view.View desc=null txt_len=0 pkg=com.deepseek.chat t_boot_ns=1206474709320924
09-06 01:08:25.775 I/AnebProbe(25624): ADAPTER_EVT type=content cls=android.view.View desc=null txt_len=0 pkg=com.deepseek.chat t_boot_ns=1206474806629778
09-06 01:08:25.775 I/AnebProbe(25624): ADAPTER_EVT type=content cls=android.view.View desc=null txt_len=0 pkg=com.deepseek.chat t_boot_ns=1206474806864674
09-06 01:08:25.775 I/AnebProbe(25624): ADAPTER_EVT type=content cls=android.view.View desc=null txt_len=0 pkg=com.deepseek.chat t_boot_ns=1206474806964674
09-06 01:08:25.775 I/AnebProbe(25624): ADAPTER_EVT type=content cls=android.view.View desc=null txt_len=0 pkg=com.deepseek.chat t_boot_ns=1206474807066237
09-06 01:08:25.775 I/AnebProbe(25624): ADAPTER_EVT type=content cls=android.view.View desc=null txt_len=0 pkg=com.deepseek.chat t_boot_ns=1206474807144362
09-06 01:08:25.776 I/AnebProbe(25624): ADAPTER_EVT type=content cls=android.view.View desc=null txt_len=0 pkg=com.deepseek.chat t_boot_ns=1206474807212591
09-06 01:08:25.776 I/AnebProbe(25624): ADAPTER_EVT type=content cls=android.view.View desc=null txt_len=0 pkg=com.deepseek.chat t_boot_ns=1206474807288632
09-06 01:08:25.776 I/AnebProbe(25624): ADAPTER_EVT type=content cls=android.view.View desc=null txt_len=0 pkg=com.deepseek.chat t_boot_ns=1206474807367278
09-06 01:08:25.776 I/AnebProbe(25624): ADAPTER_EVT type=content cls=android.view.View desc=null txt_len=0 pkg=com.deepseek.chat t_boot_ns=1206474807458424
09-06 01:08:25.776 I/AnebProbe(25624): ADAPTER_EVT type=content cls=android.view.View desc=null txt_len=0 pkg=com.deepseek.chat t_boot_ns=1206474807516237
09-06 01:08:25.776 I/AnebProbe(25624): ADAPTER_EVT type=content cls=androidx.compose.ui.viewinterop.ViewFactoryHolder desc=null txt_len=0 pkg=com.deepseek.chat t_boot_ns=1206474807569882
09-06 01:08:25.776 I/AnebProbe(25624): ADAPTER_EVT type=content cls=android.view.View desc=null txt_len=0 pkg=com.deepseek.chat t_boot_ns=1206474807665716
09-06 01:08:25.877 I/AnebProbe(25624): ADAPTER_EVT type=content cls=android.view.View desc=null txt_len=0 pkg=com.deepseek.chat t_boot_ns=1206474908892278
09-06 01:08:25.877 I/AnebProbe(25624): ADAPTER_EVT type=content cls=android.view.View desc=null txt_len=0 pkg=com.deepseek.chat t_boot_ns=1206474909145924
09-06 01:08:25.878 I/AnebProbe(25624): ADAPTER_EVT type=content cls=android.view.View desc=null txt_len=0 pkg=com.deepseek.chat t_boot_ns=1206474909227174
09-06 01:08:25.878 I/AnebProbe(25624): ADAPTER_EVT type=content cls=android.view.View desc=null txt_len=0 pkg=com.deepseek.chat t_boot_ns=1206474909330820
09-06 01:08:25.977 I/AnebProbe(25624): ADAPTER_EVT type=content cls=android.view.View desc=null txt_len=0 pkg=com.deepseek.chat t_boot_ns=1206475008969882
09-06 01:08:26.078 I/AnebProbe(25624): ADAPTER_EVT type=content cls=android.view.View desc=null txt_len=0 pkg=com.deepseek.chat t_boot_ns=1206475109307903
09-06 01:08:26.194 I/AnebProbe(25624): ADAPTER_EVT type=content cls=android.view.View desc=null txt_len=0 pkg=com.deepseek.chat t_boot_ns=1206475225868320
09-06 01:08:26.196 I/AnebProbe(25624): ADAPTER_EVT type=content cls=android.view.View desc=null txt_len=0 pkg=com.deepseek.chat t_boot_ns=1206475227175091
09-06 01:08:26.196 I/AnebProbe(25624): ADAPTER_EVT type=content cls=android.view.View desc=null txt_len=0 pkg=com.deepseek.chat t_boot_ns=1206475227932382
09-06 01:08:26.197 I/AnebProbe(25624): ADAPTER_EVT type=content cls=android.view.View desc=null txt_len=0 pkg=com.deepseek.chat t_boot_ns=1206475228314153
09-06 01:08:26.197 I/AnebProbe(25624): ADAPTER_EVT type=content cls=android.view.View desc=null txt_len=0 pkg=com.deepseek.chat t_boot_ns=1206475228699570
09-06 01:08:26.197 I/AnebProbe(25624): ADAPTER_EVT type=content cls=android.view.View desc=null txt_len=0 pkg=com.deepseek.chat t_boot_ns=1206475228984987
09-06 01:08:26.197 I/AnebProbe(25624): ADAPTER_EVT type=content cls=android.view.View desc=null txt_len=0 pkg=com.deepseek.chat t_boot_ns=1206475229135507
09-06 01:08:26.198 I/AnebProbe(25624): ADAPTER_EVT type=content cls=android.view.View desc=null txt_len=0 pkg=com.deepseek.chat t_boot_ns=1206475229290716
09-06 01:08:26.198 I/AnebProbe(25624): ADAPTER_EVT type=content cls=android.view.View desc=null txt_len=0 pkg=com.deepseek.chat t_boot_ns=1206475229451653
09-06 01:08:26.198 I/AnebProbe(25624): ADAPTER_EVT type=content cls=android.view.View desc=null txt_len=0 pkg=com.deepseek.chat t_boot_ns=1206475229605299
09-06 01:08:26.198 I/AnebProbe(25624): ADAPTER_EVT type=content cls=android.view.View desc=null txt_len=0 pkg=com.deepseek.chat t_boot_ns=1206475229738112
09-06 01:08:26.295 I/AnebProbe(25624): ADAPTER_EVT type=content cls=android.view.View desc=null txt_len=0 pkg=com.deepseek.chat t_boot_ns=1206475326401653
09-06 01:08:26.295 I/AnebProbe(25624): ADAPTER_EVT type=content cls=android.view.View desc=null txt_len=0 pkg=com.deepseek.chat t_boot_ns=1206475326808424
09-06 01:08:26.295 I/AnebProbe(25624): ADAPTER_EVT type=content cls=android.view.View desc=null txt_len=0 pkg=com.deepseek.chat t_boot_ns=1206475326946445
09-06 01:08:26.295 I/AnebProbe(25624): ADAPTER_EVT type=content cls=android.view.View desc=null txt_len=0 pkg=com.deepseek.chat t_boot_ns=1206475327060507
09-06 01:08:26.296 I/AnebProbe(25624): ADAPTER_EVT type=content cls=android.view.View desc=null txt_len=0 pkg=com.deepseek.chat t_boot_ns=1206475327208945
09-06 01:08:26.296 I/AnebProbe(25624): ADAPTER_EVT type=content cls=android.view.View desc=null txt_len=0 pkg=com.deepseek.chat t_boot_ns=1206475327323007
09-06 01:08:26.396 I/AnebProbe(25624): ADAPTER_EVT type=content cls=android.view.View desc=null txt_len=0 pkg=com.deepseek.chat t_boot_ns=1206475426916236
09-06 01:08:26.400 I/AnebProbe(25624): ADAPTER_OBS pkg=com.deepseek.chat mode=deepseek events=952 rule_matched=0 first_delta_ms=0 cadence_p50_ms=0.2 session_span_ms=230162.5 confidence=LOW/INCONCLUSIVE reason=throttle ttft_send_ms=null anchor_source=null ttft_cluster_ms=2173.5 ttft_density_ms=2100.0
09-06 01:08:26.400 I/AnebProbe(25624): ADAPTER_EVT type=content cls=android.view.View desc=null txt_len=0 pkg=com.deepseek.chat t_boot_ns=1206475431866236
09-06 01:08:26.401 I/AnebProbe(25624): ADAPTER_EVT type=content cls=android.view.View desc=null txt_len=0 pkg=com.deepseek.chat t_boot_ns=1206475432251653
09-06 01:08:26.401 I/AnebProbe(25624): ADAPTER_EVT type=content cls=android.view.View desc=null txt_len=0 pkg=com.deepseek.chat t_boot_ns=1206475432495924
09-06 01:08:26.401 I/AnebProbe(25624): ADAPTER_EVT type=content cls=android.view.View desc=null txt_len=0 pkg=com.deepseek.chat t_boot_ns=1206475432720403
09-06 01:08:26.401 I/AnebProbe(25624): ADAPTER_EVT type=content cls=android.view.View desc=null txt_len=0 pkg=com.deepseek.chat t_boot_ns=1206475433087591
09-06 01:08:26.402 I/AnebProbe(25624): ADAPTER_EVT type=content cls=android.view.View desc=null txt_len=0 pkg=com.deepseek.chat t_boot_ns=1206475433480299
09-06 01:08:26.498 I/AnebProbe(25624): ADAPTER_EVT type=content cls=android.view.View desc=null txt_len=0 pkg=com.deepseek.chat t_boot_ns=1206475529281341
09-06 01:08:26.500 I/AnebProbe(25624): ADAPTER_EVT type=content cls=android.view.View desc=null txt_len=0 pkg=com.deepseek.chat t_boot_ns=1206475531039674
09-06 01:08:26.501 I/AnebProbe(25624): ADAPTER_EVT type=content cls=android.view.View desc=null txt_len=0 pkg=com.deepseek.chat t_boot_ns=1206475532243320
09-06 01:08:26.501 I/AnebProbe(25624): ADAPTER_EVT type=content cls=android.view.View desc=null txt_len=0 pkg=com.deepseek.chat t_boot_ns=1206475532660507
09-06 01:08:26.502 I/AnebProbe(25624): ADAPTER_EVT type=content cls=android.view.View desc=null txt_len=0 pkg=com.deepseek.chat t_boot_ns=1206475533366236
09-06 01:08:26.505 I/AnebProbe(25624): ADAPTER_EVT type=content cls=android.view.View desc=null txt_len=0 pkg=com.deepseek.chat t_boot_ns=1206475536227695
09-06 01:08:26.505 I/AnebProbe(25624): ADAPTER_EVT type=content cls=android.view.View desc=null txt_len=0 pkg=com.deepseek.chat t_boot_ns=1206475536521445
09-06 01:08:26.597 I/AnebProbe(25624): ADAPTER_EVT type=content cls=android.view.View desc=null txt_len=0 pkg=com.deepseek.chat t_boot_ns=1206475628497486
09-06 01:08:26.597 I/AnebProbe(25624): ADAPTER_EVT type=content cls=android.view.View desc=null txt_len=0 pkg=com.deepseek.chat t_boot_ns=1206475628891757
09-06 01:08:26.598 I/AnebProbe(25624): ADAPTER_EVT type=content cls=android.view.View desc=null txt_len=0 pkg=com.deepseek.chat t_boot_ns=1206475629392799
09-06 01:08:26.598 I/AnebProbe(25624): ADAPTER_EVT type=content cls=android.view.View desc=null txt_len=0 pkg=com.deepseek.chat t_boot_ns=1206475629649570
09-06 01:08:26.598 I/AnebProbe(25624): ADAPTER_EVT type=content cls=android.view.View desc=null txt_len=0 pkg=com.deepseek.chat t_boot_ns=1206475629811028
09-06 01:08:26.598 I/AnebProbe(25624): ADAPTER_EVT type=content cls=android.view.View desc=null txt_len=0 pkg=com.deepseek.chat t_boot_ns=1206475629929257
09-06 01:08:26.702 I/AnebProbe(25624): ADAPTER_EVT type=content cls=android.view.View desc=null txt_len=0 pkg=com.deepseek.chat t_boot_ns=1206475733415716
09-06 01:08:26.703 I/AnebProbe(25624): ADAPTER_EVT type=content cls=android.view.View desc=null txt_len=0 pkg=com.deepseek.chat t_boot_ns=1206475734367799
09-06 01:08:26.703 I/AnebProbe(25624): ADAPTER_EVT type=content cls=android.view.View desc=null txt_len=0 pkg=com.deepseek.chat t_boot_ns=1206475734780820
09-06 01:08:26.704 I/AnebProbe(25624): ADAPTER_EVT type=content cls=android.view.View desc=null txt_len=0 pkg=com.deepseek.chat t_boot_ns=1206475735727695
09-06 01:08:26.704 I/AnebProbe(25624): ADAPTER_EVT type=content cls=android.view.View desc=null txt_len=0 pkg=com.deepseek.chat t_boot_ns=1206475735982903
09-06 01:08:26.704 I/AnebProbe(25624): ADAPTER_EVT type=content cls=android.view.View desc=null txt_len=0 pkg=com.deepseek.chat t_boot_ns=1206475736149049
09-06 01:08:26.804 I/AnebProbe(25624): ADAPTER_EVT type=content cls=android.view.View desc=null txt_len=0 pkg=com.deepseek.chat t_boot_ns=1206475835580299
09-06 01:08:26.806 I/AnebProbe(25624): ADAPTER_EVT type=content cls=android.view.View desc=null txt_len=0 pkg=com.deepseek.chat t_boot_ns=1206475837316236
09-06 01:08:26.806 I/AnebProbe(25624): ADAPTER_EVT type=content cls=android.view.View desc=null txt_len=0 pkg=com.deepseek.chat t_boot_ns=1206475837669361
09-06 01:08:26.806 I/AnebProbe(25624): ADAPTER_EVT type=content cls=android.view.View desc=null txt_len=0 pkg=com.deepseek.chat t_boot_ns=1206475837871445
09-06 01:08:26.806 I/AnebProbe(25624): ADAPTER_EVT type=content cls=android.view.View desc=null txt_len=0 pkg=com.deepseek.chat t_boot_ns=1206475838088632
09-06 01:08:26.807 I/AnebProbe(25624): ADAPTER_EVT type=content cls=android.view.View desc=null txt_len=0 pkg=com.deepseek.chat t_boot_ns=1206475838299570
09-06 01:08:26.908 I/AnebProbe(25624): ADAPTER_EVT type=content cls=android.view.View desc=null txt_len=0 pkg=com.deepseek.chat t_boot_ns=1206475939622486
09-06 01:08:26.908 I/AnebProbe(25624): ADAPTER_EVT type=content cls=android.view.View desc=null txt_len=0 pkg=com.deepseek.chat t_boot_ns=1206475940118320
09-06 01:08:26.909 I/AnebProbe(25624): ADAPTER_EVT type=content cls=android.view.View desc=null txt_len=0 pkg=com.deepseek.chat t_boot_ns=1206475940278736
09-06 01:08:26.910 I/AnebProbe(25624): ADAPTER_EVT type=content cls=android.view.View desc=null txt_len=0 pkg=com.deepseek.chat t_boot_ns=1206475941516236
09-06 01:08:26.910 I/AnebProbe(25624): ADAPTER_EVT type=content cls=android.view.View desc=null txt_len=0 pkg=com.deepseek.chat t_boot_ns=1206475941924570
09-06 01:08:26.910 I/AnebProbe(25624): ADAPTER_EVT type=content cls=android.view.View desc=null txt_len=0 pkg=com.deepseek.chat t_boot_ns=1206475942169882
09-06 01:08:27.010 I/AnebProbe(25624): ADAPTER_EVT type=content cls=android.view.View desc=null txt_len=0 pkg=com.deepseek.chat t_boot_ns=1206476040944882
09-06 01:08:27.010 I/AnebProbe(25624): ADAPTER_EVT type=content cls=android.view.View desc=null txt_len=0 pkg=com.deepseek.chat t_boot_ns=1206476041436549
09-06 01:08:27.010 I/AnebProbe(25624): ADAPTER_EVT type=content cls=android.view.View desc=null txt_len=0 pkg=com.deepseek.chat t_boot_ns=1206476041746966
09-06 01:08:27.011 I/AnebProbe(25624): ADAPTER_EVT type=content cls=android.view.View desc=null txt_len=0 pkg=com.deepseek.chat t_boot_ns=1206476042304257
09-06 01:08:27.011 I/AnebProbe(25624): ADAPTER_EVT type=content cls=android.view.View desc=null txt_len=0 pkg=com.deepseek.chat t_boot_ns=1206476042902695
09-06 01:08:27.012 I/AnebProbe(25624): ADAPTER_EVT type=content cls=android.view.View desc=null txt_len=0 pkg=com.deepseek.chat t_boot_ns=1206476043192278
09-06 01:08:27.111 I/AnebProbe(25624): ADAPTER_EVT type=content cls=android.view.View desc=null txt_len=0 pkg=com.deepseek.chat t_boot_ns=1206476142228736
09-06 01:08:27.111 I/AnebProbe(25624): ADAPTER_EVT type=content cls=android.view.View desc=null txt_len=0 pkg=com.deepseek.chat t_boot_ns=1206476142801653
09-06 01:08:27.111 I/AnebProbe(25624): ADAPTER_EVT type=content cls=android.view.View desc=null txt_len=0 pkg=com.deepseek.chat t_boot_ns=1206476143066757
09-06 01:08:27.112 I/AnebProbe(25624): ADAPTER_EVT type=content cls=android.view.View desc=null txt_len=0 pkg=com.deepseek.chat t_boot_ns=1206476143262070
09-06 01:08:27.112 I/AnebProbe(25624): ADAPTER_EVT type=content cls=android.view.View desc=null txt_len=0 pkg=com.deepseek.chat t_boot_ns=1206476143430820
09-06 01:08:27.112 I/AnebProbe(25624): ADAPTER_EVT type=content cls=android.view.View desc=null txt_len=0 pkg=com.deepseek.chat t_boot_ns=1206476143649570
09-06 01:08:27.215 I/AnebProbe(25624): ADAPTER_EVT type=content cls=android.view.View desc=null txt_len=0 pkg=com.deepseek.chat t_boot_ns=1206476245593320
09-06 01:08:27.216 I/AnebProbe(25624): ADAPTER_EVT type=content cls=android.view.View desc=null txt_len=0 pkg=com.deepseek.chat t_boot_ns=1206476246913111
09-06 01:08:27.217 I/AnebProbe(25624): ADAPTER_EVT type=content cls=android.view.View desc=null txt_len=0 pkg=com.deepseek.chat t_boot_ns=1206476247557903
09-06 01:08:27.217 I/AnebProbe(25624): ADAPTER_EVT type=content cls=android.view.View desc=null txt_len=0 pkg=com.deepseek.chat t_boot_ns=1206476248585507
09-06 01:08:27.218 I/AnebProbe(25624): ADAPTER_EVT type=content cls=android.view.View desc=null txt_len=0 pkg=com.deepseek.chat t_boot_ns=1206476249828216
09-06 01:08:27.219 I/AnebProbe(25624): ADAPTER_EVT type=content cls=android.view.View desc=null txt_len=0 pkg=com.deepseek.chat t_boot_ns=1206476250108945
09-06 01:08:27.219 I/AnebProbe(25624): ADAPTER_EVT type=content cls=android.view.View desc=null txt_len=0 pkg=com.deepseek.chat t_boot_ns=1206476250657382
09-06 01:08:27.219 I/AnebProbe(25624): ADAPTER_EVT type=content cls=android.view.View desc=null txt_len=0 pkg=com.deepseek.chat t_boot_ns=1206476250899049
09-06 01:08:27.314 I/AnebProbe(25624): ADAPTER_EVT type=content cls=android.view.View desc=null txt_len=0 pkg=com.deepseek.chat t_boot_ns=1206476344561028
09-06 01:08:27.314 I/AnebProbe(25624): ADAPTER_EVT type=content cls=android.view.View desc=null txt_len=0 pkg=com.deepseek.chat t_boot_ns=1206476345447486
09-06 01:08:27.418 I/AnebProbe(25624): ADAPTER_EVT type=content cls=android.view.View desc=null txt_len=0 pkg=com.deepseek.chat t_boot_ns=1206476449857903
09-06 01:08:27.419 I/AnebProbe(25624): ADAPTER_EVT type=content cls=android.view.View desc=null txt_len=0 pkg=com.deepseek.chat t_boot_ns=1206476450271445
09-06 01:08:27.419 I/AnebProbe(25624): ADAPTER_EVT type=content cls=android.view.View desc=null txt_len=0 pkg=com.deepseek.chat t_boot_ns=1206476450467278
09-06 01:08:27.419 I/AnebProbe(25624): ADAPTER_EVT type=content cls=android.view.View desc=null txt_len=0 pkg=com.deepseek.chat t_boot_ns=1206476451074570
09-06 01:08:27.420 I/AnebProbe(25624): ADAPTER_EVT type=content cls=android.view.View desc=null txt_len=0 pkg=com.deepseek.chat t_boot_ns=1206476451273007
09-06 01:08:27.420 I/AnebProbe(25624): ADAPTER_EVT type=content cls=android.view.View desc=null txt_len=0 pkg=com.deepseek.chat t_boot_ns=1206476451412070
09-06 01:08:27.525 I/AnebProbe(25624): ADAPTER_EVT type=content cls=android.view.View desc=null txt_len=0 pkg=com.deepseek.chat t_boot_ns=1206476555988111
09-06 01:08:27.527 I/AnebProbe(25624): ADAPTER_EVT type=content cls=android.view.View desc=null txt_len=0 pkg=com.deepseek.chat t_boot_ns=1206476558253215
09-06 01:08:27.528 I/AnebProbe(25624): ADAPTER_EVT type=content cls=android.view.View desc=null txt_len=0 pkg=com.deepseek.chat t_boot_ns=1206476559165195
09-06 01:08:27.528 I/AnebProbe(25624): ADAPTER_EVT type=content cls=android.view.View desc=null txt_len=0 pkg=com.deepseek.chat t_boot_ns=1206476559380299
09-06 01:08:27.528 I/AnebProbe(25624): ADAPTER_EVT type=content cls=android.view.View desc=null txt_len=0 pkg=com.deepseek.chat t_boot_ns=1206476559761028
09-06 01:08:27.528 I/AnebProbe(25624): ADAPTER_EVT type=content cls=android.view.View desc=null txt_len=0 pkg=com.deepseek.chat t_boot_ns=1206476559948528
09-06 01:08:27.529 I/AnebProbe(25624): ADAPTER_EVT type=content cls=android.view.View desc=null txt_len=0 pkg=com.deepseek.chat t_boot_ns=1206476560387590
09-06 01:08:27.529 I/AnebProbe(25624): ADAPTER_EVT type=content cls=android.view.View desc=null txt_len=0 pkg=com.deepseek.chat t_boot_ns=1206476560594882
09-06 01:08:27.628 I/AnebProbe(25624): ADAPTER_EVT type=content cls=android.view.View desc=null txt_len=0 pkg=com.deepseek.chat t_boot_ns=1206476659424049
09-06 01:08:27.733 I/AnebProbe(25624): ADAPTER_EVT type=content cls=android.view.View desc=null txt_len=0 pkg=com.deepseek.chat t_boot_ns=1206476764486549
09-06 01:08:27.733 I/AnebProbe(25624): ADAPTER_EVT type=content cls=android.view.View desc=null txt_len=0 pkg=com.deepseek.chat t_boot_ns=1206476765089674
09-06 01:08:27.734 I/AnebProbe(25624): ADAPTER_EVT type=content cls=android.view.View desc=null txt_len=0 pkg=com.deepseek.chat t_boot_ns=1206476765297486
09-06 01:08:27.734 I/AnebProbe(25624): ADAPTER_EVT type=content cls=android.view.View desc=null txt_len=0 pkg=com.deepseek.chat t_boot_ns=1206476765460507
09-06 01:08:27.735 I/AnebProbe(25624): ADAPTER_EVT type=content cls=android.view.View desc=null txt_len=0 pkg=com.deepseek.chat t_boot_ns=1206476766457903
09-06 01:08:27.735 I/AnebProbe(25624): ADAPTER_EVT type=content cls=android.view.View desc=null txt_len=0 pkg=com.deepseek.chat t_boot_ns=1206476766705299
09-06 01:08:27.735 I/AnebProbe(25624): ADAPTER_EVT type=content cls=android.view.View desc=null txt_len=0 pkg=com.deepseek.chat t_boot_ns=1206476766925090
09-06 01:08:27.736 I/AnebProbe(25624): ADAPTER_EVT type=content cls=android.view.View desc=null txt_len=0 pkg=com.deepseek.chat t_boot_ns=1206476767139674
09-06 01:08:27.832 I/AnebProbe(25624): ADAPTER_EVT type=content cls=android.view.View desc=null txt_len=0 pkg=com.deepseek.chat t_boot_ns=1206476863718320
09-06 01:08:27.834 I/AnebProbe(25624): ADAPTER_EVT type=content cls=android.view.View desc=null txt_len=0 pkg=com.deepseek.chat t_boot_ns=1206476865361028
09-06 01:08:27.834 I/AnebProbe(25624): ADAPTER_EVT type=content cls=android.view.View desc=null txt_len=0 pkg=com.deepseek.chat t_boot_ns=1206476865728215
09-06 01:08:27.834 I/AnebProbe(25624): ADAPTER_EVT type=content cls=android.view.View desc=null txt_len=0 pkg=com.deepseek.chat t_boot_ns=1206476865956861
09-06 01:08:27.835 I/AnebProbe(25624): ADAPTER_EVT type=content cls=android.view.View desc=null txt_len=0 pkg=com.deepseek.chat t_boot_ns=1206476866354257
09-06 01:08:27.836 I/AnebProbe(25624): ADAPTER_EVT type=content cls=android.view.View desc=null txt_len=0 pkg=com.deepseek.chat t_boot_ns=1206476867222486
09-06 01:08:27.836 I/AnebProbe(25624): ADAPTER_EVT type=content cls=android.view.View desc=null txt_len=0 pkg=com.deepseek.chat t_boot_ns=1206476867872486
09-06 01:08:27.937 I/AnebProbe(25624): ADAPTER_EVT type=content cls=android.view.View desc=null txt_len=0 pkg=com.deepseek.chat t_boot_ns=1206476968081861
09-06 01:08:27.938 I/AnebProbe(25624): ADAPTER_EVT type=content cls=android.view.View desc=null txt_len=0 pkg=com.deepseek.chat t_boot_ns=1206476969570924
09-06 01:08:27.938 I/AnebProbe(25624): ADAPTER_EVT type=content cls=android.view.View desc=null txt_len=0 pkg=com.deepseek.chat t_boot_ns=1206476969907903
09-06 01:08:27.939 I/AnebProbe(25624): ADAPTER_EVT type=content cls=android.view.View desc=null txt_len=0 pkg=com.deepseek.chat t_boot_ns=1206476970112070
09-06 01:08:27.939 I/AnebProbe(25624): ADAPTER_EVT type=content cls=android.view.View desc=null txt_len=0 pkg=com.deepseek.chat t_boot_ns=1206476970332903
09-06 01:08:27.939 I/AnebProbe(25624): ADAPTER_EVT type=content cls=android.view.View desc=null txt_len=0 pkg=com.deepseek.chat t_boot_ns=1206476970542278
09-06 01:08:27.939 I/AnebProbe(25624): ADAPTER_EVT type=content cls=android.view.View desc=null txt_len=0 pkg=com.deepseek.chat t_boot_ns=1206476970735507
09-06 01:08:28.037 I/AnebProbe(25624): ADAPTER_EVT type=content cls=android.view.View desc=null txt_len=0 pkg=com.deepseek.chat t_boot_ns=1206477068603215
09-06 01:08:28.038 I/AnebProbe(25624): ADAPTER_EVT type=content cls=android.view.View desc=null txt_len=0 pkg=com.deepseek.chat t_boot_ns=1206477069079778
09-06 01:08:28.138 I/AnebProbe(25624): ADAPTER_EVT type=content cls=android.view.View desc=null txt_len=0 pkg=com.deepseek.chat t_boot_ns=1206477169218320
09-06 01:08:28.138 I/AnebProbe(25624): ADAPTER_EVT type=content cls=android.view.View desc=null txt_len=0 pkg=com.deepseek.chat t_boot_ns=1206477169913632
09-06 01:08:28.139 I/AnebProbe(25624): ADAPTER_EVT type=content cls=android.view.View desc=null txt_len=0 pkg=com.deepseek.chat t_boot_ns=1206477170180820
09-06 01:08:28.139 I/AnebProbe(25624): ADAPTER_EVT type=content cls=android.view.View desc=null txt_len=0 pkg=com.deepseek.chat t_boot_ns=1206477170353215
09-06 01:08:28.139 I/AnebProbe(25624): ADAPTER_EVT type=content cls=android.view.View desc=null txt_len=0 pkg=com.deepseek.chat t_boot_ns=1206477170513111
09-06 01:08:28.139 I/AnebProbe(25624): ADAPTER_EVT type=content cls=android.view.View desc=null txt_len=0 pkg=com.deepseek.chat t_boot_ns=1206477170669361
09-06 01:08:28.139 I/AnebProbe(25624): ADAPTER_EVT type=content cls=android.view.View desc=null txt_len=0 pkg=com.deepseek.chat t_boot_ns=1206477170852695
09-06 01:08:28.139 I/AnebProbe(25624): ADAPTER_EVT type=content cls=android.view.View desc=null txt_len=0 pkg=com.deepseek.chat t_boot_ns=1206477171049570
09-06 01:08:28.249 I/AnebProbe(25624): ADAPTER_EVT type=content cls=android.view.View desc=null txt_len=0 pkg=com.deepseek.chat t_boot_ns=1206477280189674
09-06 01:08:28.249 I/AnebProbe(25624): ADAPTER_EVT type=content cls=android.view.View desc=null txt_len=0 pkg=com.deepseek.chat t_boot_ns=1206477280869882
09-06 01:08:28.251 I/AnebProbe(25624): ADAPTER_EVT type=content cls=android.view.View desc=null txt_len=0 pkg=com.deepseek.chat t_boot_ns=1206477282977174
09-06 01:08:28.252 I/AnebProbe(25624): ADAPTER_EVT type=content cls=android.view.View desc=null txt_len=0 pkg=com.deepseek.chat t_boot_ns=1206477283355299
09-06 01:08:28.252 I/AnebProbe(25624): ADAPTER_EVT type=content cls=android.view.View desc=null txt_len=0 pkg=com.deepseek.chat t_boot_ns=1206477283581861
09-06 01:08:28.253 I/AnebProbe(25624): ADAPTER_EVT type=content cls=android.view.View desc=null txt_len=0 pkg=com.deepseek.chat t_boot_ns=1206477283773007
09-06 01:08:28.254 I/AnebProbe(25624): ADAPTER_EVT type=content cls=android.view.View desc=null txt_len=0 pkg=com.deepseek.chat t_boot_ns=1206477285409465
09-06 01:08:28.254 I/AnebProbe(25624): ADAPTER_EVT type=content cls=android.view.View desc=null txt_len=0 pkg=com.deepseek.chat t_boot_ns=1206477285821965
09-06 01:08:28.353 I/AnebProbe(25624): ADAPTER_EVT type=content cls=android.view.View desc=null txt_len=0 pkg=com.deepseek.chat t_boot_ns=1206477383965195
09-06 01:08:28.353 I/AnebProbe(25624): ADAPTER_EVT type=content cls=android.view.View desc=null txt_len=0 pkg=com.deepseek.chat t_boot_ns=1206477384515715
09-06 01:08:28.353 I/AnebProbe(25624): ADAPTER_EVT type=content cls=android.view.View desc=null txt_len=0 pkg=com.deepseek.chat t_boot_ns=1206477384790715
09-06 01:08:28.353 I/AnebProbe(25624): ADAPTER_EVT type=content cls=android.view.View desc=null txt_len=0 pkg=com.deepseek.chat t_boot_ns=1206477385059465
09-06 01:08:28.354 I/AnebProbe(25624): ADAPTER_EVT type=content cls=android.view.View desc=null txt_len=0 pkg=com.deepseek.chat t_boot_ns=1206477385266236
09-06 01:08:28.354 I/AnebProbe(25624): ADAPTER_EVT type=content cls=android.view.View desc=null txt_len=0 pkg=com.deepseek.chat t_boot_ns=1206477385453215
09-06 01:08:28.354 I/AnebProbe(25624): ADAPTER_EVT type=content cls=android.view.View desc=null txt_len=0 pkg=com.deepseek.chat t_boot_ns=1206477385607382
09-06 01:08:28.458 I/AnebProbe(25624): ADAPTER_EVT type=content cls=android.view.View desc=null txt_len=0 pkg=com.deepseek.chat t_boot_ns=1206477487984986
09-06 01:08:28.459 I/AnebProbe(25624): ADAPTER_EVT type=content cls=android.view.View desc=null txt_len=0 pkg=com.deepseek.chat t_boot_ns=1206477490385507
09-06 01:08:28.459 I/AnebProbe(25624): ADAPTER_EVT type=content cls=android.view.View desc=null txt_len=0 pkg=com.deepseek.chat t_boot_ns=1206477490659465
09-06 01:08:28.459 I/AnebProbe(25624): ADAPTER_EVT type=content cls=android.view.View desc=null txt_len=0 pkg=com.deepseek.chat t_boot_ns=1206477490838632
09-06 01:08:28.459 I/AnebProbe(25624): ADAPTER_EVT type=content cls=android.view.View desc=null txt_len=0 pkg=com.deepseek.chat t_boot_ns=1206477491008945
09-06 01:08:28.460 I/AnebProbe(25624): ADAPTER_EVT type=content cls=android.view.View desc=null txt_len=0 pkg=com.deepseek.chat t_boot_ns=1206477491201132
09-06 01:08:28.460 I/AnebProbe(25624): ADAPTER_EVT type=content cls=android.view.View desc=null txt_len=0 pkg=com.deepseek.chat t_boot_ns=1206477491476653
09-06 01:08:28.561 I/AnebProbe(25624): ADAPTER_EVT type=content cls=android.view.View desc=null txt_len=0 pkg=com.deepseek.chat t_boot_ns=1206477592088632
09-06 01:08:28.561 I/AnebProbe(25624): ADAPTER_EVT type=content cls=android.view.View desc=null txt_len=0 pkg=com.deepseek.chat t_boot_ns=1206477592482903
09-06 01:08:28.561 I/AnebProbe(25624): ADAPTER_EVT type=content cls=android.view.View desc=null txt_len=0 pkg=com.deepseek.chat t_boot_ns=1206477592717278
09-06 01:08:28.561 I/AnebProbe(25624): ADAPTER_EVT type=content cls=android.view.View desc=null txt_len=0 pkg=com.deepseek.chat t_boot_ns=1206477592965195
09-06 01:08:28.561 I/AnebProbe(25624): ADAPTER_EVT type=content cls=android.view.View desc=null txt_len=0 pkg=com.deepseek.chat t_boot_ns=1206477593142278
09-06 01:08:28.562 I/AnebProbe(25624): ADAPTER_EVT type=content cls=android.view.View desc=null txt_len=0 pkg=com.deepseek.chat t_boot_ns=1206477593294361
09-06 01:08:28.562 I/AnebProbe(25624): ADAPTER_EVT type=content cls=android.view.View desc=null txt_len=0 pkg=com.deepseek.chat t_boot_ns=1206477593470924
09-06 01:08:28.667 I/AnebProbe(25624): ADAPTER_EVT type=content cls=android.view.View desc=null txt_len=0 pkg=com.deepseek.chat t_boot_ns=1206477697938632
09-06 01:08:28.667 I/AnebProbe(25624): ADAPTER_EVT type=content cls=android.view.View desc=null txt_len=0 pkg=com.deepseek.chat t_boot_ns=1206477698397486
09-06 01:08:28.668 I/AnebProbe(25624): ADAPTER_EVT type=content cls=android.view.View desc=null txt_len=0 pkg=com.deepseek.chat t_boot_ns=1206477699250611
09-06 01:08:28.668 I/AnebProbe(25624): ADAPTER_EVT type=content cls=android.view.View desc=null txt_len=0 pkg=com.deepseek.chat t_boot_ns=1206477700030819
09-06 01:08:28.670 I/AnebProbe(25624): ADAPTER_EVT type=content cls=android.view.View desc=null txt_len=0 pkg=com.deepseek.chat t_boot_ns=1206477701018840
09-06 01:08:28.670 I/AnebProbe(25624): ADAPTER_EVT type=content cls=android.view.View desc=null txt_len=0 pkg=com.deepseek.chat t_boot_ns=1206477701438111
09-06 01:08:28.670 I/AnebProbe(25624): ADAPTER_EVT type=content cls=android.view.View desc=null txt_len=0 pkg=com.deepseek.chat t_boot_ns=1206477701593319
09-06 01:08:28.768 I/AnebProbe(25624): ADAPTER_EVT type=content cls=android.view.View desc=null txt_len=0 pkg=com.deepseek.chat t_boot_ns=1206477798989153
09-06 01:08:28.874 I/AnebProbe(25624): ADAPTER_EVT type=content cls=android.view.View desc=null txt_len=0 pkg=com.deepseek.chat t_boot_ns=1206477905699569
09-06 01:08:28.876 I/AnebProbe(25624): ADAPTER_EVT type=content cls=android.view.View desc=null txt_len=0 pkg=com.deepseek.chat t_boot_ns=1206477907719361
09-06 01:08:28.876 I/AnebProbe(25624): ADAPTER_EVT type=content cls=android.view.View desc=null txt_len=0 pkg=com.deepseek.chat t_boot_ns=1206477907991236
09-06 01:08:28.877 I/AnebProbe(25624): ADAPTER_EVT type=content cls=android.view.View desc=null txt_len=0 pkg=com.deepseek.chat t_boot_ns=1206477908158424
09-06 01:08:28.877 I/AnebProbe(25624): ADAPTER_EVT type=content cls=android.view.View desc=null txt_len=0 pkg=com.deepseek.chat t_boot_ns=1206477908304778
09-06 01:08:28.877 I/AnebProbe(25624): ADAPTER_EVT type=content cls=android.view.View desc=null txt_len=0 pkg=com.deepseek.chat t_boot_ns=1206477908649049
09-06 01:08:28.877 I/AnebProbe(25624): ADAPTER_EVT type=content cls=android.view.View desc=null txt_len=0 pkg=com.deepseek.chat t_boot_ns=1206477908876132
09-06 01:08:28.877 I/AnebProbe(25624): ADAPTER_EVT type=content cls=android.view.View desc=null txt_len=0 pkg=com.deepseek.chat t_boot_ns=1206477909038111
09-06 01:08:28.975 I/AnebProbe(25624): ADAPTER_EVT type=content cls=android.view.View desc=null txt_len=0 pkg=com.deepseek.chat t_boot_ns=1206478006705299
09-06 01:08:28.975 I/AnebProbe(25624): ADAPTER_EVT type=content cls=android.view.View desc=null txt_len=0 pkg=com.deepseek.chat t_boot_ns=1206478007103736
09-06 01:08:28.976 I/AnebProbe(25624): ADAPTER_EVT type=content cls=android.view.View desc=null txt_len=0 pkg=com.deepseek.chat t_boot_ns=1206478007269361
09-06 01:08:28.977 I/AnebProbe(25624): ADAPTER_EVT type=content cls=android.view.View desc=null txt_len=0 pkg=com.deepseek.chat t_boot_ns=1206478009044882
09-06 01:08:28.978 I/AnebProbe(25624): ADAPTER_EVT type=content cls=android.view.View desc=null txt_len=0 pkg=com.deepseek.chat t_boot_ns=1206478009308424
09-06 01:08:28.978 I/AnebProbe(25624): ADAPTER_EVT type=content cls=android.view.View desc=null txt_len=0 pkg=com.deepseek.chat t_boot_ns=1206478009467278
09-06 01:08:29.076 I/AnebProbe(25624): ADAPTER_EVT type=content cls=android.view.View desc=null txt_len=0 pkg=com.deepseek.chat t_boot_ns=1206478107349049
09-06 01:08:29.076 I/AnebProbe(25624): ADAPTER_EVT type=content cls=android.view.View desc=null txt_len=0 pkg=com.deepseek.chat t_boot_ns=1206478107775090
09-06 01:08:29.077 I/AnebProbe(25624): ADAPTER_EVT type=content cls=android.view.View desc=null txt_len=0 pkg=com.deepseek.chat t_boot_ns=1206478107942799
09-06 01:08:29.077 I/AnebProbe(25624): ADAPTER_EVT type=content cls=android.view.View desc=null txt_len=0 pkg=com.deepseek.chat t_boot_ns=1206478108567799
09-06 01:08:29.077 I/AnebProbe(25624): ADAPTER_EVT type=content cls=android.view.View desc=null txt_len=0 pkg=com.deepseek.chat t_boot_ns=1206478108900090
09-06 01:08:29.077 I/AnebProbe(25624): ADAPTER_EVT type=content cls=android.view.View desc=null txt_len=0 pkg=com.deepseek.chat t_boot_ns=1206478109057903
09-06 01:08:29.078 I/AnebProbe(25624): ADAPTER_EVT type=content cls=android.view.View desc=null txt_len=0 pkg=com.deepseek.chat t_boot_ns=1206478109201132
09-06 01:08:29.078 I/AnebProbe(25624): ADAPTER_EVT type=content cls=android.view.View desc=null txt_len=0 pkg=com.deepseek.chat t_boot_ns=1206478109346444
09-06 01:08:29.177 I/AnebProbe(25624): ADAPTER_EVT type=content cls=android.view.View desc=null txt_len=0 pkg=com.deepseek.chat t_boot_ns=1206478208124569
09-06 01:08:29.177 I/AnebProbe(25624): ADAPTER_EVT type=content cls=android.view.View desc=null txt_len=0 pkg=com.deepseek.chat t_boot_ns=1206478208562069
09-06 01:08:29.177 I/AnebProbe(25624): ADAPTER_EVT type=content cls=android.view.View desc=null txt_len=0 pkg=com.deepseek.chat t_boot_ns=1206478208866236
09-06 01:08:29.178 I/AnebProbe(25624): ADAPTER_EVT type=content cls=android.view.View desc=null txt_len=0 pkg=com.deepseek.chat t_boot_ns=1206478209200611
09-06 01:08:29.178 I/AnebProbe(25624): ADAPTER_EVT type=content cls=android.view.View desc=null txt_len=0 pkg=com.deepseek.chat t_boot_ns=1206478209762590
09-06 01:08:29.178 I/AnebProbe(25624): ADAPTER_EVT type=content cls=android.view.View desc=null txt_len=0 pkg=com.deepseek.chat t_boot_ns=1206478209966236
09-06 01:08:29.179 I/AnebProbe(25624): ADAPTER_EVT type=content cls=android.view.View desc=null txt_len=0 pkg=com.deepseek.chat t_boot_ns=1206478210177174
09-06 01:08:29.287 I/AnebProbe(25624): ADAPTER_EVT type=content cls=android.view.View desc=null txt_len=0 pkg=com.deepseek.chat t_boot_ns=1206478318470924
09-06 01:08:29.291 I/AnebProbe(25624): ADAPTER_EVT type=content cls=android.view.View desc=null txt_len=0 pkg=com.deepseek.chat t_boot_ns=1206478321626132
09-06 01:08:29.291 I/AnebProbe(25624): ADAPTER_EVT type=content cls=android.view.View desc=null txt_len=0 pkg=com.deepseek.chat t_boot_ns=1206478322904778
09-06 01:08:29.292 I/AnebProbe(25624): ADAPTER_EVT type=content cls=android.view.View desc=null txt_len=0 pkg=com.deepseek.chat t_boot_ns=1206478323290194
09-06 01:08:29.292 I/AnebProbe(25624): ADAPTER_EVT type=content cls=android.view.View desc=null txt_len=0 pkg=com.deepseek.chat t_boot_ns=1206478323559465
09-06 01:08:29.292 I/AnebProbe(25624): ADAPTER_EVT type=content cls=android.view.View desc=null txt_len=0 pkg=com.deepseek.chat t_boot_ns=1206478323760507
09-06 01:08:29.292 I/AnebProbe(25624): ADAPTER_EVT type=content cls=android.view.View desc=null txt_len=0 pkg=com.deepseek.chat t_boot_ns=1206478323957382
09-06 01:08:29.293 I/AnebProbe(25624): ADAPTER_EVT type=content cls=android.view.View desc=null txt_len=0 pkg=com.deepseek.chat t_boot_ns=1206478324169361
09-06 01:08:29.390 I/AnebProbe(25624): ADAPTER_EVT type=content cls=android.view.View desc=null txt_len=0 pkg=com.deepseek.chat t_boot_ns=1206478420896444
09-06 01:08:29.390 I/AnebProbe(25624): ADAPTER_EVT type=content cls=android.view.View desc=null txt_len=0 pkg=com.deepseek.chat t_boot_ns=1206478421556340
09-06 01:08:29.390 I/AnebProbe(25624): ADAPTER_EVT type=content cls=android.view.View desc=null txt_len=0 pkg=com.deepseek.chat t_boot_ns=1206478421813632
09-06 01:08:29.390 I/AnebProbe(25624): ADAPTER_EVT type=content cls=android.view.View desc=null txt_len=0 pkg=com.deepseek.chat t_boot_ns=1206478422038111
09-06 01:08:29.391 I/AnebProbe(25624): ADAPTER_EVT type=content cls=android.view.View desc=null txt_len=0 pkg=com.deepseek.chat t_boot_ns=1206478422219882
09-06 01:08:29.392 I/AnebProbe(25624): ADAPTER_EVT type=content cls=android.view.View desc=null txt_len=0 pkg=com.deepseek.chat t_boot_ns=1206478423197486
09-06 01:08:29.392 I/AnebProbe(25624): ADAPTER_EVT type=content cls=android.view.View desc=null txt_len=0 pkg=com.deepseek.chat t_boot_ns=1206478423460507
09-06 01:08:29.491 I/AnebProbe(25624): ADAPTER_EVT type=content cls=android.view.View desc=null txt_len=0 pkg=com.deepseek.chat t_boot_ns=1206478522494882
09-06 01:08:29.492 I/AnebProbe(25624): ADAPTER_EVT type=content cls=android.view.View desc=null txt_len=0 pkg=com.deepseek.chat t_boot_ns=1206478523209986
09-06 01:08:29.493 I/AnebProbe(25624): ADAPTER_EVT type=content cls=android.view.View desc=null txt_len=0 pkg=com.deepseek.chat t_boot_ns=1206478524999569
09-06 01:08:29.494 I/AnebProbe(25624): ADAPTER_EVT type=content cls=android.view.View desc=null txt_len=0 pkg=com.deepseek.chat t_boot_ns=1206478525315194
09-06 01:08:29.494 I/AnebProbe(25624): ADAPTER_EVT type=content cls=android.view.View desc=null txt_len=0 pkg=com.deepseek.chat t_boot_ns=1206478525583944
09-06 01:08:29.494 I/AnebProbe(25624): ADAPTER_EVT type=content cls=android.view.View desc=null txt_len=0 pkg=com.deepseek.chat t_boot_ns=1206478525805819
09-06 01:08:29.592 I/AnebProbe(25624): ADAPTER_EVT type=content cls=android.view.View desc=null txt_len=0 pkg=com.deepseek.chat t_boot_ns=1206478623051653
09-06 01:08:29.595 I/AnebProbe(25624): ADAPTER_EVT type=content cls=android.view.View desc=null txt_len=0 pkg=com.deepseek.chat t_boot_ns=1206478625813111
09-06 01:08:29.596 I/AnebProbe(25624): ADAPTER_EVT type=content cls=android.view.View desc=null txt_len=0 pkg=com.deepseek.chat t_boot_ns=1206478627066757
09-06 01:08:29.596 I/AnebProbe(25624): ADAPTER_EVT type=content cls=android.view.View desc=null txt_len=0 pkg=com.deepseek.chat t_boot_ns=1206478627396444
09-06 01:08:29.596 I/AnebProbe(25624): ADAPTER_EVT type=content cls=android.view.View desc=null txt_len=0 pkg=com.deepseek.chat t_boot_ns=1206478627570403
09-06 01:08:29.596 I/AnebProbe(25624): ADAPTER_EVT type=content cls=android.view.View desc=null txt_len=0 pkg=com.deepseek.chat t_boot_ns=1206478627699049
09-06 01:08:29.694 I/AnebProbe(25624): ADAPTER_EVT type=content cls=android.view.View desc=null txt_len=0 pkg=com.deepseek.chat t_boot_ns=1206478725096444
09-06 01:08:29.694 I/AnebProbe(25624): ADAPTER_EVT type=content cls=android.view.View desc=null txt_len=0 pkg=com.deepseek.chat t_boot_ns=1206478725515715
09-06 01:08:29.695 I/AnebProbe(25624): ADAPTER_EVT type=content cls=android.view.View desc=null txt_len=0 pkg=com.deepseek.chat t_boot_ns=1206478726762069
09-06 01:08:29.695 I/AnebProbe(25624): ADAPTER_EVT type=content cls=android.view.View desc=null txt_len=0 pkg=com.deepseek.chat t_boot_ns=1206478727049048
09-06 01:08:29.696 I/AnebProbe(25624): ADAPTER_EVT type=content cls=android.view.View desc=null txt_len=0 pkg=com.deepseek.chat t_boot_ns=1206478727315194
09-06 01:08:29.696 I/AnebProbe(25624): ADAPTER_EVT type=content cls=android.view.View desc=null txt_len=0 pkg=com.deepseek.chat t_boot_ns=1206478727486028
09-06 01:08:29.794 I/AnebProbe(25624): ADAPTER_EVT type=content cls=android.view.View desc=null txt_len=0 pkg=com.deepseek.chat t_boot_ns=1206478825931340
09-06 01:08:29.797 I/AnebProbe(25624): ADAPTER_EVT type=content cls=android.view.View desc=null txt_len=0 pkg=com.deepseek.chat t_boot_ns=1206478827280819
09-06 01:08:29.797 I/AnebProbe(25624): ADAPTER_EVT type=content cls=android.view.View desc=null txt_len=0 pkg=com.deepseek.chat t_boot_ns=1206478828743319
09-06 01:08:29.797 I/AnebProbe(25624): ADAPTER_EVT type=content cls=android.view.View desc=null txt_len=0 pkg=com.deepseek.chat t_boot_ns=1206478829008944
09-06 01:08:29.798 I/AnebProbe(25624): ADAPTER_EVT type=content cls=android.view.View desc=null txt_len=0 pkg=com.deepseek.chat t_boot_ns=1206478829146965
09-06 01:08:29.798 I/AnebProbe(25624): ADAPTER_EVT type=content cls=android.view.View desc=null txt_len=0 pkg=com.deepseek.chat t_boot_ns=1206478829328215
09-06 01:08:29.899 I/AnebProbe(25624): ADAPTER_EVT type=content cls=android.view.View desc=null txt_len=0 pkg=com.deepseek.chat t_boot_ns=1206478930744361
09-06 01:08:29.900 I/AnebProbe(25624): ADAPTER_EVT type=content cls=android.view.View desc=null txt_len=0 pkg=com.deepseek.chat t_boot_ns=1206478931179778
09-06 01:08:29.900 I/AnebProbe(25624): ADAPTER_EVT type=content cls=android.view.View desc=null txt_len=0 pkg=com.deepseek.chat t_boot_ns=1206478931880819
09-06 01:08:29.901 I/AnebProbe(25624): ADAPTER_EVT type=content cls=android.view.View desc=null txt_len=0 pkg=com.deepseek.chat t_boot_ns=1206478932159465
09-06 01:08:29.901 I/AnebProbe(25624): ADAPTER_EVT type=content cls=android.view.View desc=null txt_len=0 pkg=com.deepseek.chat t_boot_ns=1206478932579778
09-06 01:08:29.902 I/AnebProbe(25624): ADAPTER_EVT type=content cls=android.view.View desc=null txt_len=0 pkg=com.deepseek.chat t_boot_ns=1206478933168319
09-06 01:08:29.902 I/AnebProbe(25624): ADAPTER_EVT type=content cls=android.view.View desc=null txt_len=0 pkg=com.deepseek.chat t_boot_ns=1206478933358423
09-06 01:08:30.001 I/AnebProbe(25624): ADAPTER_EVT type=content cls=android.view.View desc=null txt_len=0 pkg=com.deepseek.chat t_boot_ns=1206479032652694
09-06 01:08:30.002 I/AnebProbe(25624): ADAPTER_EVT type=content cls=android.view.View desc=null txt_len=0 pkg=com.deepseek.chat t_boot_ns=1206479033147486
09-06 01:08:30.002 I/AnebProbe(25624): ADAPTER_EVT type=content cls=android.view.View desc=null txt_len=0 pkg=com.deepseek.chat t_boot_ns=1206479033382903
09-06 01:08:30.002 I/AnebProbe(25624): ADAPTER_EVT type=content cls=android.view.View desc=null txt_len=0 pkg=com.deepseek.chat t_boot_ns=1206479033555819
09-06 01:08:30.003 I/AnebProbe(25624): ADAPTER_EVT type=content cls=android.view.View desc=null txt_len=0 pkg=com.deepseek.chat t_boot_ns=1206479034505298
09-06 01:08:30.003 I/AnebProbe(25624): ADAPTER_EVT type=content cls=android.view.View desc=null txt_len=0 pkg=com.deepseek.chat t_boot_ns=1206479034774048
09-06 01:08:30.108 I/AnebProbe(25624): ADAPTER_EVT type=content cls=android.view.View desc=null txt_len=0 pkg=com.deepseek.chat t_boot_ns=1206479139471965
09-06 01:08:30.109 I/AnebProbe(25624): ADAPTER_EVT type=content cls=android.view.View desc=null txt_len=0 pkg=com.deepseek.chat t_boot_ns=1206479140249048
09-06 01:08:30.109 I/AnebProbe(25624): ADAPTER_EVT type=content cls=android.view.View desc=null txt_len=0 pkg=com.deepseek.chat t_boot_ns=1206479140597486
09-06 01:08:30.109 I/AnebProbe(25624): ADAPTER_EVT type=content cls=android.view.View desc=null txt_len=0 pkg=com.deepseek.chat t_boot_ns=1206479140927173
09-06 01:08:30.110 I/AnebProbe(25624): ADAPTER_EVT type=content cls=android.view.View desc=null txt_len=0 pkg=com.deepseek.chat t_boot_ns=1206479141152173
09-06 01:08:30.110 I/AnebProbe(25624): ADAPTER_EVT type=content cls=android.view.View desc=null txt_len=0 pkg=com.deepseek.chat t_boot_ns=1206479141314673
09-06 01:08:30.209 I/AnebProbe(25624): ADAPTER_EVT type=content cls=android.view.View desc=null txt_len=0 pkg=com.deepseek.chat t_boot_ns=1206479240250090
09-06 01:08:30.209 I/AnebProbe(25624): ADAPTER_EVT type=content cls=android.view.View desc=null txt_len=0 pkg=com.deepseek.chat t_boot_ns=1206479240737590
09-06 01:08:30.210 I/AnebProbe(25624): ADAPTER_EVT type=content cls=android.view.View desc=null txt_len=0 pkg=com.deepseek.chat t_boot_ns=1206479241121965
09-06 01:08:30.210 I/AnebProbe(25624): ADAPTER_EVT type=content cls=android.view.View desc=null txt_len=0 pkg=com.deepseek.chat t_boot_ns=1206479241355819
09-06 01:08:30.210 I/AnebProbe(25624): ADAPTER_EVT type=content cls=android.view.View desc=null txt_len=0 pkg=com.deepseek.chat t_boot_ns=1206479241510507
09-06 01:08:30.210 I/AnebProbe(25624): ADAPTER_EVT type=content cls=android.view.View desc=null txt_len=0 pkg=com.deepseek.chat t_boot_ns=1206479241660507
09-06 01:08:30.315 I/AnebProbe(25624): ADAPTER_EVT type=content cls=android.view.View desc=null txt_len=0 pkg=com.deepseek.chat t_boot_ns=1206479346453736
09-06 01:08:30.317 I/AnebProbe(25624): ADAPTER_EVT type=content cls=android.view.View desc=null txt_len=0 pkg=com.deepseek.chat t_boot_ns=1206479348170923
09-06 01:08:30.319 I/AnebProbe(25624): ADAPTER_EVT type=content cls=android.view.View desc=null txt_len=0 pkg=com.deepseek.chat t_boot_ns=1206479349109465
09-06 01:08:30.319 I/AnebProbe(25624): ADAPTER_EVT type=content cls=android.view.View desc=null txt_len=0 pkg=com.deepseek.chat t_boot_ns=1206479350497486
09-06 01:08:30.319 I/AnebProbe(25624): ADAPTER_EVT type=content cls=android.view.View desc=null txt_len=0 pkg=com.deepseek.chat t_boot_ns=1206479350930298
09-06 01:08:30.320 I/AnebProbe(25624): ADAPTER_EVT type=content cls=android.view.View desc=null txt_len=0 pkg=com.deepseek.chat t_boot_ns=1206479351136028
09-06 01:08:30.416 I/AnebProbe(25624): ADAPTER_EVT type=content cls=android.view.View desc=null txt_len=0 pkg=com.deepseek.chat t_boot_ns=1206479447526653
09-06 01:08:30.416 I/AnebProbe(25624): ADAPTER_EVT type=content cls=android.view.View desc=null txt_len=0 pkg=com.deepseek.chat t_boot_ns=1206479447970403
09-06 01:08:30.417 I/AnebProbe(25624): ADAPTER_EVT type=content cls=android.view.View desc=null txt_len=0 pkg=com.deepseek.chat t_boot_ns=1206479448249048
09-06 01:08:30.417 I/AnebProbe(25624): ADAPTER_EVT type=content cls=android.view.View desc=null txt_len=0 pkg=com.deepseek.chat t_boot_ns=1206479448530819
09-06 01:08:30.417 I/AnebProbe(25624): ADAPTER_EVT type=content cls=android.view.View desc=null txt_len=0 pkg=com.deepseek.chat t_boot_ns=1206479448713111
09-06 01:08:30.417 I/AnebProbe(25624): ADAPTER_EVT type=content cls=android.view.View desc=null txt_len=0 pkg=com.deepseek.chat t_boot_ns=1206479448951132
09-06 01:08:30.417 I/AnebProbe(25624): ADAPTER_EVT type=content cls=android.view.View desc=null txt_len=0 pkg=com.deepseek.chat t_boot_ns=1206479449104257
09-06 01:08:30.523 I/AnebProbe(25624): ADAPTER_EVT type=content cls=android.view.View desc=null txt_len=0 pkg=com.deepseek.chat t_boot_ns=1206479554205298
09-06 01:08:30.523 I/AnebProbe(25624): ADAPTER_EVT type=content cls=android.view.View desc=null txt_len=0 pkg=com.deepseek.chat t_boot_ns=1206479554734465
09-06 01:08:30.523 I/AnebProbe(25624): ADAPTER_EVT type=content cls=android.view.View desc=null txt_len=0 pkg=com.deepseek.chat t_boot_ns=1206479554977694
09-06 01:08:30.524 I/AnebProbe(25624): ADAPTER_EVT type=content cls=android.view.View desc=null txt_len=0 pkg=com.deepseek.chat t_boot_ns=1206479555155298
09-06 01:08:30.524 I/AnebProbe(25624): ADAPTER_EVT type=content cls=android.view.View desc=null txt_len=0 pkg=com.deepseek.chat t_boot_ns=1206479555447486
09-06 01:08:30.524 I/AnebProbe(25624): ADAPTER_EVT type=content cls=android.view.View desc=null txt_len=0 pkg=com.deepseek.chat t_boot_ns=1206479555615194
09-06 01:08:30.524 I/AnebProbe(25624): ADAPTER_EVT type=content cls=android.view.View desc=null txt_len=0 pkg=com.deepseek.chat t_boot_ns=1206479555836548
09-06 01:08:30.624 I/AnebProbe(25624): ADAPTER_EVT type=content cls=android.view.View desc=null txt_len=0 pkg=com.deepseek.chat t_boot_ns=1206479655819361
09-06 01:08:30.625 I/AnebProbe(25624): ADAPTER_EVT type=content cls=android.view.View desc=null txt_len=0 pkg=com.deepseek.chat t_boot_ns=1206479656242278
09-06 01:08:30.625 I/AnebProbe(25624): ADAPTER_EVT type=content cls=android.view.View desc=null txt_len=0 pkg=com.deepseek.chat t_boot_ns=1206479656458944
09-06 01:08:30.625 I/AnebProbe(25624): ADAPTER_EVT type=content cls=android.view.View desc=null txt_len=0 pkg=com.deepseek.chat t_boot_ns=1206479656600611
09-06 01:08:30.625 I/AnebProbe(25624): ADAPTER_EVT type=content cls=android.view.View desc=null txt_len=0 pkg=com.deepseek.chat t_boot_ns=1206479656732903
09-06 01:08:30.626 I/AnebProbe(25624): ADAPTER_EVT type=content cls=android.view.View desc=null txt_len=0 pkg=com.deepseek.chat t_boot_ns=1206479657176132
09-06 01:08:30.627 I/AnebProbe(25624): ADAPTER_EVT type=content cls=android.view.View desc=null txt_len=0 pkg=com.deepseek.chat t_boot_ns=1206479658298007
09-06 01:08:30.627 I/AnebProbe(25624): ADAPTER_EVT type=content cls=android.view.View desc=null txt_len=0 pkg=com.deepseek.chat t_boot_ns=1206479658662069
09-06 01:08:30.627 I/AnebProbe(25624): ADAPTER_EVT type=content cls=android.view.View desc=null txt_len=0 pkg=com.deepseek.chat t_boot_ns=1206479658958944
09-06 01:08:30.730 I/AnebProbe(25624): ADAPTER_EVT type=content cls=android.view.View desc=null txt_len=0 pkg=com.deepseek.chat t_boot_ns=1206479760972486
09-06 01:08:30.731 I/AnebProbe(25624): ADAPTER_EVT type=content cls=android.view.View desc=null txt_len=0 pkg=com.deepseek.chat t_boot_ns=1206479762849569
09-06 01:08:30.732 I/AnebProbe(25624): ADAPTER_EVT type=content cls=android.view.View desc=null txt_len=0 pkg=com.deepseek.chat t_boot_ns=1206479763300090
09-06 01:08:30.732 I/AnebProbe(25624): ADAPTER_EVT type=content cls=android.view.View desc=null txt_len=0 pkg=com.deepseek.chat t_boot_ns=1206479763521444
09-06 01:08:30.732 I/AnebProbe(25624): ADAPTER_EVT type=content cls=android.view.View desc=null txt_len=0 pkg=com.deepseek.chat t_boot_ns=1206479763663632
09-06 01:08:30.732 I/AnebProbe(25624): ADAPTER_EVT type=content cls=android.view.View desc=null txt_len=0 pkg=com.deepseek.chat t_boot_ns=1206479763788632
09-06 01:08:30.732 I/AnebProbe(25624): ADAPTER_EVT type=content cls=android.view.View desc=null txt_len=0 pkg=com.deepseek.chat t_boot_ns=1206479763935507
09-06 01:08:30.836 I/AnebProbe(25624): ADAPTER_EVT type=content cls=android.view.View desc=null txt_len=0 pkg=com.deepseek.chat t_boot_ns=1206479866988111
09-06 01:08:30.837 I/AnebProbe(25624): ADAPTER_EVT type=content cls=android.view.View desc=null txt_len=0 pkg=com.deepseek.chat t_boot_ns=1206479868162590
09-06 01:08:30.838 I/AnebProbe(25624): ADAPTER_EVT type=content cls=android.view.View desc=null txt_len=0 pkg=com.deepseek.chat t_boot_ns=1206479869254257
09-06 01:08:30.838 I/AnebProbe(25624): ADAPTER_EVT type=content cls=android.view.View desc=null txt_len=0 pkg=com.deepseek.chat t_boot_ns=1206479869473527
09-06 01:08:30.838 I/AnebProbe(25624): ADAPTER_EVT type=content cls=android.view.View desc=null txt_len=0 pkg=com.deepseek.chat t_boot_ns=1206479869742798
09-06 01:08:30.838 I/AnebProbe(25624): ADAPTER_EVT type=content cls=android.view.View desc=null txt_len=0 pkg=com.deepseek.chat t_boot_ns=1206479869889152
09-06 01:08:30.839 I/AnebProbe(25624): ADAPTER_EVT type=content cls=android.view.View desc=null txt_len=0 pkg=com.deepseek.chat t_boot_ns=1206479870169882
09-06 01:08:30.839 I/AnebProbe(25624): ADAPTER_EVT type=content cls=android.view.View desc=null txt_len=0 pkg=com.deepseek.chat t_boot_ns=1206479870316757
09-06 01:08:30.936 I/AnebProbe(25624): ADAPTER_EVT type=content cls=android.view.View desc=null txt_len=0 pkg=com.deepseek.chat t_boot_ns=1206479967161548
09-06 01:08:30.936 I/AnebProbe(25624): ADAPTER_EVT type=content cls=android.view.View desc=null txt_len=0 pkg=com.deepseek.chat t_boot_ns=1206479967664673
09-06 01:08:30.936 I/AnebProbe(25624): ADAPTER_EVT type=content cls=android.view.View desc=null txt_len=0 pkg=com.deepseek.chat t_boot_ns=1206479967852694
09-06 01:08:30.938 I/AnebProbe(25624): ADAPTER_EVT type=content cls=android.view.View desc=null txt_len=0 pkg=com.deepseek.chat t_boot_ns=1206479969349569
09-06 01:08:30.938 I/AnebProbe(25624): ADAPTER_EVT type=content cls=android.view.View desc=null txt_len=0 pkg=com.deepseek.chat t_boot_ns=1206479969746965
09-06 01:08:31.039 I/AnebProbe(25624): ADAPTER_EVT type=content cls=android.view.View desc=null txt_len=0 pkg=com.deepseek.chat t_boot_ns=1206480070116757
09-06 01:08:31.039 I/AnebProbe(25624): ADAPTER_EVT type=content cls=android.view.View desc=null txt_len=0 pkg=com.deepseek.chat t_boot_ns=1206480071069882
09-06 01:08:31.040 I/AnebProbe(25624): ADAPTER_EVT type=content cls=android.view.View desc=null txt_len=0 pkg=com.deepseek.chat t_boot_ns=1206480071465194
09-06 01:08:31.040 I/AnebProbe(25624): ADAPTER_EVT type=content cls=android.view.View desc=null txt_len=0 pkg=com.deepseek.chat t_boot_ns=1206480071912590
09-06 01:08:31.041 I/AnebProbe(25624): ADAPTER_EVT type=content cls=android.view.View desc=null txt_len=0 pkg=com.deepseek.chat t_boot_ns=1206480072115194
09-06 01:08:31.138 I/AnebProbe(25624): ADAPTER_EVT type=content cls=android.view.View desc=null txt_len=0 pkg=com.deepseek.chat t_boot_ns=1206480169840194
09-06 01:08:31.139 I/AnebProbe(25624): ADAPTER_EVT type=content cls=android.view.View desc=null txt_len=0 pkg=com.deepseek.chat t_boot_ns=1206480170177173
09-06 01:08:31.139 I/AnebProbe(25624): ADAPTER_EVT type=content cls=android.view.View desc=null txt_len=0 pkg=com.deepseek.chat t_boot_ns=1206480170318319
09-06 01:08:31.139 I/AnebProbe(25624): ADAPTER_EVT type=content cls=android.view.View desc=null txt_len=0 pkg=com.deepseek.chat t_boot_ns=1206480170450090
09-06 01:08:31.139 I/AnebProbe(25624): ADAPTER_EVT type=content cls=android.view.View desc=null txt_len=0 pkg=com.deepseek.chat t_boot_ns=1206480170595402
09-06 01:08:31.139 I/AnebProbe(25624): ADAPTER_EVT type=content cls=android.view.View desc=null txt_len=0 pkg=com.deepseek.chat t_boot_ns=1206480170762069
09-06 01:08:31.139 I/AnebProbe(25624): ADAPTER_EVT type=content cls=android.view.View desc=null txt_len=0 pkg=com.deepseek.chat t_boot_ns=1206480170894361
09-06 01:08:31.139 I/AnebProbe(25624): ADAPTER_EVT type=content cls=android.view.View desc=null txt_len=0 pkg=com.deepseek.chat t_boot_ns=1206480171031340
09-06 01:08:31.139 I/AnebProbe(25624): ADAPTER_EVT type=content cls=android.view.View desc=null txt_len=0 pkg=com.deepseek.chat t_boot_ns=1206480171151132
09-06 01:08:31.238 I/AnebProbe(25624): ADAPTER_EVT type=content cls=android.view.View desc=null txt_len=0 pkg=com.deepseek.chat t_boot_ns=1206480269959465
09-06 01:08:31.239 I/AnebProbe(25624): ADAPTER_EVT type=content cls=android.view.View desc=null txt_len=0 pkg=com.deepseek.chat t_boot_ns=1206480270358944
09-06 01:08:31.239 I/AnebProbe(25624): ADAPTER_EVT type=content cls=android.view.View desc=null txt_len=0 pkg=com.deepseek.chat t_boot_ns=1206480270510507
09-06 01:08:31.239 I/AnebProbe(25624): ADAPTER_EVT type=content cls=android.view.View desc=null txt_len=0 pkg=com.deepseek.chat t_boot_ns=1206480270627173
09-06 01:08:31.239 I/AnebProbe(25624): ADAPTER_EVT type=content cls=android.view.View desc=null txt_len=0 pkg=com.deepseek.chat t_boot_ns=1206480270732902
09-06 01:08:31.239 I/AnebProbe(25624): ADAPTER_EVT type=content cls=android.view.View desc=null txt_len=0 pkg=com.deepseek.chat t_boot_ns=1206480270837069
09-06 01:08:31.342 I/AnebProbe(25624): ADAPTER_EVT type=content cls=android.view.View desc=null txt_len=0 pkg=com.deepseek.chat t_boot_ns=1206480373428215
09-06 01:08:31.343 I/AnebProbe(25624): ADAPTER_EVT type=content cls=android.view.View desc=null txt_len=0 pkg=com.deepseek.chat t_boot_ns=1206480374281861
09-06 01:08:31.450 I/AnebProbe(25624): ADAPTER_EVT type=content cls=android.view.View desc=null txt_len=0 pkg=com.deepseek.chat t_boot_ns=1206480481860507
09-06 01:08:31.454 I/AnebProbe(25624): ADAPTER_OBS pkg=com.deepseek.chat mode=deepseek events=1260 rule_matched=0 first_delta_ms=0 cadence_p50_ms=0.3 session_span_ms=235217.4 confidence=LOW/INCONCLUSIVE reason=throttle ttft_send_ms=null anchor_source=null ttft_cluster_ms=2173.5 ttft_density_ms=2100.0
09-06 01:08:31.455 I/AnebProbe(25624): ADAPTER_EVT type=content cls=android.view.View desc=null txt_len=0 pkg=com.deepseek.chat t_boot_ns=1206480486334986
09-06 01:08:31.455 I/AnebProbe(25624): ADAPTER_EVT type=content cls=android.view.View desc=null txt_len=0 pkg=com.deepseek.chat t_boot_ns=1206480486623007
09-06 01:08:31.455 I/AnebProbe(25624): ADAPTER_EVT type=content cls=android.view.View desc=null txt_len=0 pkg=com.deepseek.chat t_boot_ns=1206480486796965
09-06 01:08:31.455 I/AnebProbe(25624): ADAPTER_EVT type=content cls=android.view.View desc=null txt_len=0 pkg=com.deepseek.chat t_boot_ns=1206480486970923
09-06 01:08:31.553 I/AnebProbe(25624): ADAPTER_EVT type=content cls=android.view.View desc=null txt_len=0 pkg=com.deepseek.chat t_boot_ns=1206480584052173
09-06 01:08:31.553 I/AnebProbe(25624): ADAPTER_EVT type=content cls=android.view.View desc=null txt_len=0 pkg=com.deepseek.chat t_boot_ns=1206480584471444
09-06 01:08:31.662 I/AnebProbe(25624): ADAPTER_EVT type=content cls=android.view.View desc=null txt_len=0 pkg=com.deepseek.chat t_boot_ns=1206480690479257
09-06 01:08:31.662 I/AnebProbe(25624): ADAPTER_EVT type=content cls=android.view.View desc=null txt_len=0 pkg=com.deepseek.chat t_boot_ns=1206480693630819
09-06 01:08:31.663 I/AnebProbe(25624): ADAPTER_EVT type=content cls=android.view.View desc=null txt_len=0 pkg=com.deepseek.chat t_boot_ns=1206480694035507
09-06 01:08:31.664 I/AnebProbe(25624): ADAPTER_EVT type=content cls=android.view.View desc=null txt_len=0 pkg=com.deepseek.chat t_boot_ns=1206480695215715
09-06 01:08:31.664 I/AnebProbe(25624): ADAPTER_EVT type=content cls=android.view.View desc=null txt_len=0 pkg=com.deepseek.chat t_boot_ns=1206480695461548
09-06 01:08:31.763 I/AnebProbe(25624): ADAPTER_EVT type=content cls=android.view.View desc=null txt_len=0 pkg=com.deepseek.chat t_boot_ns=1206480794940715
09-06 01:08:31.764 I/AnebProbe(25624): ADAPTER_EVT type=content cls=android.view.View desc=null txt_len=0 pkg=com.deepseek.chat t_boot_ns=1206480795346444
09-06 01:08:31.764 I/AnebProbe(25624): ADAPTER_EVT type=content cls=android.view.View desc=null txt_len=0 pkg=com.deepseek.chat t_boot_ns=1206480795514152
09-06 01:08:31.764 I/AnebProbe(25624): ADAPTER_EVT type=content cls=android.view.View desc=null txt_len=0 pkg=com.deepseek.chat t_boot_ns=1206480795644882
09-06 01:08:31.764 I/AnebProbe(25624): ADAPTER_EVT type=content cls=android.view.View desc=null txt_len=0 pkg=com.deepseek.chat t_boot_ns=1206480795767798
09-06 01:08:31.764 I/AnebProbe(25624): ADAPTER_EVT type=content cls=android.view.View desc=null txt_len=0 pkg=com.deepseek.chat t_boot_ns=1206480795912069
09-06 01:08:31.764 I/AnebProbe(25624): ADAPTER_EVT type=content cls=android.view.View desc=null txt_len=0 pkg=com.deepseek.chat t_boot_ns=1206480796044882
09-06 01:08:31.765 I/AnebProbe(25624): ADAPTER_EVT type=content cls=android.view.View desc=null txt_len=0 pkg=com.deepseek.chat t_boot_ns=1206480796169361
09-06 01:08:31.865 I/AnebProbe(25624): ADAPTER_EVT type=content cls=android.view.View desc=null txt_len=0 pkg=com.deepseek.chat t_boot_ns=1206480896474569
09-06 01:08:31.865 I/AnebProbe(25624): ADAPTER_EVT type=content cls=android.view.View desc=null txt_len=0 pkg=com.deepseek.chat t_boot_ns=1206480896952694
09-06 01:08:31.865 I/AnebProbe(25624): ADAPTER_EVT type=content cls=android.view.View desc=null txt_len=0 pkg=com.deepseek.chat t_boot_ns=1206480897117798
09-06 01:08:31.866 I/AnebProbe(25624): ADAPTER_EVT type=content cls=android.view.View desc=null txt_len=0 pkg=com.deepseek.chat t_boot_ns=1206480897271965
09-06 01:08:31.866 I/AnebProbe(25624): ADAPTER_EVT type=content cls=android.view.View desc=null txt_len=0 pkg=com.deepseek.chat t_boot_ns=1206480897451131
09-06 01:08:31.970 I/AnebProbe(25624): ADAPTER_EVT type=content cls=android.view.View desc=null txt_len=0 pkg=com.deepseek.chat t_boot_ns=1206481001864152
09-06 01:08:31.974 I/AnebProbe(25624): ADAPTER_EVT type=content cls=android.view.View desc=null txt_len=0 pkg=com.deepseek.chat t_boot_ns=1206481005583423
09-06 01:08:31.974 I/AnebProbe(25624): ADAPTER_EVT type=content cls=android.view.View desc=null txt_len=0 pkg=com.deepseek.chat t_boot_ns=1206481005958423
09-06 01:08:31.974 I/AnebProbe(25624): ADAPTER_EVT type=content cls=android.view.View desc=null txt_len=0 pkg=com.deepseek.chat t_boot_ns=1206481006105819
09-06 01:08:31.975 I/AnebProbe(25624): ADAPTER_EVT type=content cls=android.view.View desc=null txt_len=0 pkg=com.deepseek.chat t_boot_ns=1206481006257902
09-06 01:08:32.073 I/AnebProbe(25624): ADAPTER_EVT type=content cls=android.view.View desc=null txt_len=0 pkg=com.deepseek.chat t_boot_ns=1206481104509986
09-06 01:08:32.074 I/AnebProbe(25624): ADAPTER_EVT type=content cls=android.view.View desc=null txt_len=0 pkg=com.deepseek.chat t_boot_ns=1206481105226652
09-06 01:08:32.074 I/AnebProbe(25624): ADAPTER_EVT type=content cls=android.view.View desc=null txt_len=0 pkg=com.deepseek.chat t_boot_ns=1206481105551652
09-06 01:08:32.074 I/AnebProbe(25624): ADAPTER_EVT type=content cls=android.view.View desc=null txt_len=0 pkg=com.deepseek.chat t_boot_ns=1206481105787590
09-06 01:08:32.181 I/AnebProbe(25624): ADAPTER_EVT type=content cls=android.view.View desc=null txt_len=0 pkg=com.deepseek.chat t_boot_ns=1206481212438111
09-06 01:08:32.290 I/AnebProbe(25624): ADAPTER_EVT type=content cls=android.view.View desc=null txt_len=0 pkg=com.deepseek.chat t_boot_ns=1206481321440715
09-06 01:08:32.292 I/AnebProbe(25624): ADAPTER_EVT type=content cls=android.view.View desc=null txt_len=0 pkg=com.deepseek.chat t_boot_ns=1206481322522486
09-06 01:08:32.292 I/AnebProbe(25624): ADAPTER_EVT type=content cls=android.view.View desc=null txt_len=0 pkg=com.deepseek.chat t_boot_ns=1206481323483944
09-06 01:08:32.292 I/AnebProbe(25624): ADAPTER_EVT type=content cls=android.view.View desc=null txt_len=0 pkg=com.deepseek.chat t_boot_ns=1206481323642798
09-06 01:08:32.335 I/AnebProbe(25624): ADAPTER_EVT type=content cls=android.view.View desc=null txt_len=0 pkg=com.deepseek.chat t_boot_ns=1206481366081861
09-06 01:08:32.347 I/AnebProbe(25624): ADAPTER_EVT type=content cls=android.view.View desc=null txt_len=0 pkg=com.deepseek.chat t_boot_ns=1206481378198527
09-06 01:08:32.397 I/AnebProbe(25624): ADAPTER_EVT type=content cls=android.view.View desc=null txt_len=0 pkg=com.deepseek.chat t_boot_ns=1206481427574569
09-06 01:08:32.398 I/AnebProbe(25624): ADAPTER_EVT type=content cls=android.view.View desc=null txt_len=0 pkg=com.deepseek.chat t_boot_ns=1206481429625611
09-06 01:08:32.399 I/AnebProbe(25624): ADAPTER_EVT type=content cls=android.view.View desc=null txt_len=0 pkg=com.deepseek.chat t_boot_ns=1206481430113631
09-06 01:08:32.399 I/AnebProbe(25624): ADAPTER_EVT type=content cls=android.view.View desc=null txt_len=0 pkg=com.deepseek.chat t_boot_ns=1206481430319881
09-06 01:08:32.399 I/AnebProbe(25624): ADAPTER_EVT type=content cls=android.view.View desc=null txt_len=0 pkg=com.deepseek.chat t_boot_ns=1206481430516756
09-06 01:08:32.399 I/AnebProbe(25624): ADAPTER_EVT type=content cls=android.view.View desc=null txt_len=0 pkg=com.deepseek.chat t_boot_ns=1206481430700611
09-06 01:08:32.399 I/AnebProbe(25624): ADAPTER_EVT type=content cls=android.view.View desc=null txt_len=0 pkg=com.deepseek.chat t_boot_ns=1206481430875090
09-06 01:08:32.399 I/AnebProbe(25624): ADAPTER_EVT type=content cls=android.view.View desc=null txt_len=0 pkg=com.deepseek.chat t_boot_ns=1206481431055298
09-06 01:08:32.400 I/AnebProbe(25624): ADAPTER_EVT type=content cls=android.view.View desc=null txt_len=0 pkg=com.deepseek.chat t_boot_ns=1206481431242798
09-06 01:08:32.400 I/AnebProbe(25624): ADAPTER_EVT type=content cls=android.view.View desc=null txt_len=0 pkg=com.deepseek.chat t_boot_ns=1206481431407902
09-06 01:08:32.400 I/AnebProbe(25624): ADAPTER_EVT type=content cls=android.view.View desc=null txt_len=0 pkg=com.deepseek.chat t_boot_ns=1206481431589152
09-06 01:08:32.400 I/AnebProbe(25624): ADAPTER_EVT type=content cls=android.view.View desc=null txt_len=0 pkg=com.deepseek.chat t_boot_ns=1206481431777173
09-06 01:08:32.400 I/AnebProbe(25624): ADAPTER_EVT type=content cls=android.view.View desc=null txt_len=0 pkg=com.deepseek.chat t_boot_ns=1206481432045402
09-06 01:08:32.401 I/AnebProbe(25624): ADAPTER_EVT type=content cls=android.view.View desc=null txt_len=0 pkg=com.deepseek.chat t_boot_ns=1206481432243319
09-06 01:08:32.401 I/AnebProbe(25624): ADAPTER_EVT type=content cls=android.view.View desc=null txt_len=0 pkg=com.deepseek.chat t_boot_ns=1206481432414152
09-06 01:08:32.401 I/AnebProbe(25624): ADAPTER_EVT type=content cls=android.view.View desc=null txt_len=0 pkg=com.deepseek.chat t_boot_ns=1206481432686027
09-06 01:08:32.402 I/AnebProbe(25624): ADAPTER_EVT type=content cls=android.view.View desc=null txt_len=0 pkg=com.deepseek.chat t_boot_ns=1206481433507902
09-06 01:08:32.402 I/AnebProbe(25624): ADAPTER_EVT type=content cls=android.view.View desc=null txt_len=0 pkg=com.deepseek.chat t_boot_ns=1206481433740715
09-06 01:08:32.402 I/AnebProbe(25624): ADAPTER_EVT type=content cls=android.view.View desc=null txt_len=0 pkg=com.deepseek.chat t_boot_ns=1206481433921444
09-06 01:08:32.501 I/AnebProbe(25624): ADAPTER_EVT type=content cls=android.view.View desc=null txt_len=0 pkg=com.deepseek.chat t_boot_ns=1206481532935506
09-06 01:08:32.502 I/AnebProbe(25624): ADAPTER_EVT type=content cls=android.view.View desc=null txt_len=0 pkg=com.deepseek.chat t_boot_ns=1206481533390194
09-06 01:08:32.605 I/AnebProbe(25624): ADAPTER_EVT type=content cls=android.view.View desc=null txt_len=0 pkg=com.deepseek.chat t_boot_ns=1206481635965194
09-06 01:09:40.256 I/AnebE4MARK(22310): E4MARK kind=answer_complete n=3
09-06 01:10:00.744 I/AnebProbe(25624): ADAPTER_EVT type=content cls=android.view.View desc=null txt_len=0 pkg=com.deepseek.chat t_boot_ns=1206569775663097
09-06 01:10:00.745 I/AnebProbe(25624): ADAPTER_OBS pkg=com.deepseek.chat mode=deepseek events=1323 rule_matched=0 first_delta_ms=0 cadence_p50_ms=0.3 session_span_ms=324511.2 confidence=LOW/INCONCLUSIVE reason=throttle ttft_send_ms=null anchor_source=null ttft_cluster_ms=2173.5 ttft_density_ms=2100.0
09-06 01:10:00.745 I/AnebProbe(25624): ADAPTER_EVT type=content cls=android.view.View desc=null txt_len=0 pkg=com.deepseek.chat t_boot_ns=1206569777080285
09-06 01:10:00.745 I/AnebProbe(25624): ADAPTER_EVT type=content cls=android.view.View desc=null txt_len=0 pkg=com.deepseek.chat t_boot_ns=1206569777207889
09-06 01:10:00.746 I/AnebProbe(25624): ADAPTER_EVT type=content cls=android.view.View desc=null txt_len=0 pkg=com.deepseek.chat t_boot_ns=1206569777266743
09-06 01:10:00.746 I/AnebProbe(25624): ADAPTER_EVT type=content cls=android.view.View desc=null txt_len=0 pkg=com.deepseek.chat t_boot_ns=1206569777325597
09-06 01:10:00.746 I/AnebProbe(25624): ADAPTER_EVT type=content cls=android.view.View desc=null txt_len=0 pkg=com.deepseek.chat t_boot_ns=1206569777387576
09-06 01:10:00.746 I/AnebProbe(25624): ADAPTER_EVT type=content cls=android.view.View desc=null txt_len=0 pkg=com.deepseek.chat t_boot_ns=1206569777441222
09-06 01:10:00.746 I/AnebProbe(25624): ADAPTER_EVT type=content cls=android.view.View desc=null txt_len=0 pkg=com.deepseek.chat t_boot_ns=1206569777487576
09-06 01:10:00.746 I/AnebProbe(25624): ADAPTER_EVT type=content cls=android.view.View desc=null txt_len=0 pkg=com.deepseek.chat t_boot_ns=1206569777542785
09-06 01:10:00.746 I/AnebProbe(25624): ADAPTER_EVT type=content cls=android.view.View desc=null txt_len=0 pkg=com.deepseek.chat t_boot_ns=1206569777582889
09-06 01:10:00.746 I/AnebProbe(25624): ADAPTER_EVT type=content cls=android.view.View desc=null txt_len=0 pkg=com.deepseek.chat t_boot_ns=1206569777638618
09-06 01:10:00.746 I/AnebProbe(25624): ADAPTER_EVT type=content cls=android.view.View desc=null txt_len=0 pkg=com.deepseek.chat t_boot_ns=1206569777708410
09-06 01:10:00.843 I/AnebProbe(25624): ADAPTER_EVT type=content cls=android.view.View desc=null txt_len=0 pkg=com.deepseek.chat t_boot_ns=1206569874512576
09-06 01:10:02.404 I/AnebProbe(25624): ADAPTER_EVT type=content cls=android.view.View desc=null txt_len=0 pkg=com.deepseek.chat t_boot_ns=1206571435288097
09-06 01:10:02.404 I/AnebProbe(25624): ADAPTER_EVT type=content cls=android.view.View desc=null txt_len=0 pkg=com.deepseek.chat t_boot_ns=1206571435761014
09-06 01:10:02.404 I/AnebProbe(25624): ADAPTER_EVT type=content cls=android.view.View desc=null txt_len=0 pkg=com.deepseek.chat t_boot_ns=1206571435912055
09-06 01:10:02.404 I/AnebProbe(25624): ADAPTER_EVT type=content cls=android.view.View desc=null txt_len=0 pkg=com.deepseek.chat t_boot_ns=1206571436059451
09-06 01:10:02.508 I/AnebProbe(25624): ADAPTER_EVT type=content cls=android.view.View desc=null txt_len=0 pkg=com.deepseek.chat t_boot_ns=1206571539756847
09-06 01:10:02.612 I/AnebProbe(25624): ADAPTER_EVT type=content cls=android.view.View desc=null txt_len=0 pkg=com.deepseek.chat t_boot_ns=1206571643114659
09-06 01:10:02.612 I/AnebProbe(25624): ADAPTER_EVT type=content cls=android.view.View desc=null txt_len=0 pkg=com.deepseek.chat t_boot_ns=1206571643563097
09-06 01:10:04.437 I/AnebProbe(25624): ADAPTER_EVT type=content cls=android.view.View desc=null txt_len=0 pkg=com.deepseek.chat t_boot_ns=1206573468038097
09-06 01:10:04.538 I/AnebProbe(25624): ADAPTER_EVT type=content cls=android.view.View desc=null txt_len=0 pkg=com.deepseek.chat t_boot_ns=1206573569454763
09-06 01:10:04.538 I/AnebProbe(25624): ADAPTER_EVT type=content cls=android.view.View desc=null txt_len=0 pkg=com.deepseek.chat t_boot_ns=1206573569939659
09-06 01:10:05.379 I/AnebProbe(25624): ADAPTER_EVT type=content cls=android.view.View desc=null txt_len=0 pkg=com.deepseek.chat t_boot_ns=1206574410313617
09-06 01:10:05.379 I/AnebProbe(25624): ADAPTER_EVT type=content cls=android.view.ViewGroup desc=null txt_len=0 pkg=com.deepseek.chat t_boot_ns=1206574410583930
09-06 01:10:05.481 I/AnebProbe(25624): ADAPTER_EVT type=content cls=android.view.View desc=null txt_len=0 pkg=com.deepseek.chat t_boot_ns=1206574512226638
09-06 01:10:05.513 I/AnebProbe(25624): ADAPTER_EVT type=content cls=androidx.compose.ui.viewinterop.ViewFactoryHolder desc=null txt_len=0 pkg=com.deepseek.chat t_boot_ns=1206574544669346
09-06 01:10:05.581 I/AnebProbe(25624): ADAPTER_EVT type=content cls=android.view.View desc=null txt_len=0 pkg=com.deepseek.chat t_boot_ns=1206574612940180
09-06 01:10:05.582 I/AnebProbe(25624): ADAPTER_EVT type=content cls=android.view.View desc=null txt_len=0 pkg=com.deepseek.chat t_boot_ns=1206574613189659
09-06 01:10:05.582 I/AnebProbe(25624): ADAPTER_EVT type=content cls=android.view.View desc=null txt_len=0 pkg=com.deepseek.chat t_boot_ns=1206574613272992
09-06 01:10:05.582 I/AnebProbe(25624): ADAPTER_EVT type=content cls=android.view.View desc=null txt_len=0 pkg=com.deepseek.chat t_boot_ns=1206574613329763
09-06 01:10:05.582 I/AnebProbe(25624): ADAPTER_EVT type=content cls=android.view.View desc=null txt_len=0 pkg=com.deepseek.chat t_boot_ns=1206574613391742
09-06 01:10:05.630 I/AnebProbe(25624): ADAPTER_EVT type=content cls=androidx.compose.ui.viewinterop.ViewFactoryHolder desc=null txt_len=0 pkg=com.deepseek.chat t_boot_ns=1206574661567784
09-06 01:10:05.683 I/AnebProbe(25624): ADAPTER_EVT type=content cls=android.view.View desc=null txt_len=0 pkg=com.deepseek.chat t_boot_ns=1206574714620388
09-06 01:10:05.683 I/AnebProbe(25624): ADAPTER_EVT type=content cls=android.view.View desc=null txt_len=0 pkg=com.deepseek.chat t_boot_ns=1206574714801117
09-06 01:10:05.683 I/AnebProbe(25624): ADAPTER_EVT type=content cls=android.view.View desc=null txt_len=0 pkg=com.deepseek.chat t_boot_ns=1206574714874555
09-06 01:10:05.683 I/AnebProbe(25624): ADAPTER_EVT type=content cls=android.view.View desc=null txt_len=0 pkg=com.deepseek.chat t_boot_ns=1206574714967263
09-06 01:10:05.683 I/AnebProbe(25624): ADAPTER_EVT type=content cls=android.view.View desc=null txt_len=0 pkg=com.deepseek.chat t_boot_ns=1206574715038617
09-06 01:10:05.745 I/AnebProbe(25624): ADAPTER_EVT type=content cls=androidx.compose.ui.viewinterop.ViewFactoryHolder desc=null txt_len=0 pkg=com.deepseek.chat t_boot_ns=1206574776972992
09-06 01:10:05.747 I/AnebProbe(25624): ADAPTER_OBS pkg=com.deepseek.chat mode=deepseek events=1361 rule_matched=0 first_delta_ms=0 cadence_p50_ms=0.3 session_span_ms=329512.5 confidence=LOW/INCONCLUSIVE reason=throttle ttft_send_ms=null anchor_source=null ttft_cluster_ms=2173.5 ttft_density_ms=2100.0
09-06 01:10:05.786 I/AnebProbe(25624): ADAPTER_EVT type=content cls=android.view.View desc=null txt_len=0 pkg=com.deepseek.chat t_boot_ns=1206574817642784
09-06 01:10:05.787 I/AnebProbe(25624): ADAPTER_EVT type=content cls=android.view.View desc=null txt_len=0 pkg=com.deepseek.chat t_boot_ns=1206574818197992
09-06 01:10:05.787 I/AnebProbe(25624): ADAPTER_EVT type=content cls=android.view.View desc=null txt_len=0 pkg=com.deepseek.chat t_boot_ns=1206574818380805
09-06 01:10:05.787 I/AnebProbe(25624): ADAPTER_EVT type=content cls=android.view.View desc=null txt_len=0 pkg=com.deepseek.chat t_boot_ns=1206574818517263
09-06 01:10:05.787 I/AnebProbe(25624): ADAPTER_EVT type=content cls=android.view.View desc=null txt_len=0 pkg=com.deepseek.chat t_boot_ns=1206574818642263
09-06 01:10:05.862 I/AnebProbe(25624): ADAPTER_EVT type=content cls=androidx.compose.ui.viewinterop.ViewFactoryHolder desc=null txt_len=0 pkg=com.deepseek.chat t_boot_ns=1206574893643305
09-06 01:10:05.892 I/AnebProbe(25624): ADAPTER_EVT type=content cls=android.view.View desc=null txt_len=0 pkg=com.deepseek.chat t_boot_ns=1206574924047992
09-06 01:10:05.893 I/AnebProbe(25624): ADAPTER_EVT type=content cls=android.view.View desc=null txt_len=0 pkg=com.deepseek.chat t_boot_ns=1206574924262575
09-06 01:10:05.893 I/AnebProbe(25624): ADAPTER_EVT type=content cls=android.view.View desc=null txt_len=0 pkg=com.deepseek.chat t_boot_ns=1206574925093825
09-06 01:10:05.894 I/AnebProbe(25624): ADAPTER_EVT type=content cls=android.view.View desc=null txt_len=0 pkg=com.deepseek.chat t_boot_ns=1206574925281325
09-06 01:10:05.894 I/AnebProbe(25624): ADAPTER_EVT type=content cls=android.view.View desc=null txt_len=0 pkg=com.deepseek.chat t_boot_ns=1206574925418825
09-06 01:10:05.976 I/AnebProbe(25624): ADAPTER_EVT type=content cls=androidx.compose.ui.viewinterop.ViewFactoryHolder desc=null txt_len=0 pkg=com.deepseek.chat t_boot_ns=1206575007265700
09-06 01:10:05.993 I/AnebProbe(25624): ADAPTER_EVT type=content cls=android.view.View desc=null txt_len=0 pkg=com.deepseek.chat t_boot_ns=1206575024493305
09-06 01:10:05.993 I/AnebProbe(25624): ADAPTER_EVT type=content cls=android.view.View desc=null txt_len=0 pkg=com.deepseek.chat t_boot_ns=1206575024855805
09-06 01:10:05.993 I/AnebProbe(25624): ADAPTER_EVT type=content cls=android.view.View desc=null txt_len=0 pkg=com.deepseek.chat t_boot_ns=1206575025038617
09-06 01:10:05.993 I/AnebProbe(25624): ADAPTER_EVT type=content cls=android.view.View desc=null txt_len=0 pkg=com.deepseek.chat t_boot_ns=1206575025145388
09-06 01:10:05.994 I/AnebProbe(25624): ADAPTER_EVT type=content cls=android.view.View desc=null txt_len=0 pkg=com.deepseek.chat t_boot_ns=1206575025260492
09-06 01:10:06.761 I/AnebProbe(25624): ADAPTER_EVT type=content cls=android.widget.EditText desc=null txt_len=1 pkg=com.deepseek.chat t_boot_ns=1206575792105805
09-06 01:10:06.782 I/AnebProbe(25624): ADAPTER_EVT type=content cls=android.widget.EditText desc=null txt_len=2 pkg=com.deepseek.chat t_boot_ns=1206575813007367
09-06 01:10:06.798 I/AnebProbe(25624): ADAPTER_EVT type=content cls=android.view.View desc=null txt_len=0 pkg=com.deepseek.chat t_boot_ns=1206575829905805
09-06 01:10:06.799 I/AnebProbe(25624): ADAPTER_EVT type=content cls=android.view.View desc=null txt_len=0 pkg=com.deepseek.chat t_boot_ns=1206575830284971
09-06 01:10:06.804 I/AnebProbe(25624): ADAPTER_EVT type=content cls=android.widget.EditText desc=null txt_len=3 pkg=com.deepseek.chat t_boot_ns=1206575835293305
09-06 01:10:06.822 I/AnebProbe(25624): ADAPTER_EVT type=content cls=android.widget.EditText desc=null txt_len=4 pkg=com.deepseek.chat t_boot_ns=1206575853891221
09-06 01:10:06.830 I/AnebProbe(25624): ADAPTER_EVT type=content cls=android.widget.EditText desc=null txt_len=5 pkg=com.deepseek.chat t_boot_ns=1206575861701117
09-06 01:10:06.843 I/AnebProbe(25624): ADAPTER_EVT type=content cls=android.widget.EditText desc=null txt_len=6 pkg=com.deepseek.chat t_boot_ns=1206575874183409
09-06 01:10:06.859 I/AnebProbe(25624): ADAPTER_EVT type=content cls=android.widget.EditText desc=null txt_len=7 pkg=com.deepseek.chat t_boot_ns=1206575890627159
09-06 01:10:06.876 I/AnebProbe(25624): ADAPTER_EVT type=content cls=android.widget.EditText desc=null txt_len=8 pkg=com.deepseek.chat t_boot_ns=1206575907489138
09-06 01:10:06.887 I/AnebProbe(25624): ADAPTER_EVT type=content cls=android.widget.EditText desc=null txt_len=9 pkg=com.deepseek.chat t_boot_ns=1206575918244346
09-06 01:10:06.900 I/AnebProbe(25624): ADAPTER_EVT type=content cls=android.widget.EditText desc=null txt_len=10 pkg=com.deepseek.chat t_boot_ns=1206575931631846
09-06 01:10:06.903 I/AnebProbe(25624): ADAPTER_EVT type=content cls=android.view.View desc=null txt_len=0 pkg=com.deepseek.chat t_boot_ns=1206575934141221
09-06 01:10:06.913 I/AnebProbe(25624): ADAPTER_EVT type=content cls=android.widget.EditText desc=null txt_len=11 pkg=com.deepseek.chat t_boot_ns=1206575944195909
09-06 01:10:06.926 I/AnebProbe(25624): ADAPTER_EVT type=content cls=android.widget.EditText desc=null txt_len=12 pkg=com.deepseek.chat t_boot_ns=1206575956490179
09-06 01:10:06.936 I/AnebProbe(25624): ADAPTER_EVT type=content cls=android.widget.EditText desc=null txt_len=13 pkg=com.deepseek.chat t_boot_ns=1206575966546950
09-06 01:10:06.946 I/AnebProbe(25624): ADAPTER_EVT type=content cls=android.widget.EditText desc=null txt_len=14 pkg=com.deepseek.chat t_boot_ns=1206575977239659
09-06 01:10:06.960 I/AnebProbe(25624): ADAPTER_EVT type=content cls=android.widget.EditText desc=null txt_len=15 pkg=com.deepseek.chat t_boot_ns=1206575990514659
09-06 01:10:06.969 I/AnebProbe(25624): ADAPTER_EVT type=content cls=android.widget.EditText desc=null txt_len=16 pkg=com.deepseek.chat t_boot_ns=1206575999463096
09-06 01:10:06.979 I/AnebProbe(25624): ADAPTER_EVT type=content cls=android.widget.EditText desc=null txt_len=17 pkg=com.deepseek.chat t_boot_ns=1206576010200075
09-06 01:10:06.990 I/AnebProbe(25624): ADAPTER_EVT type=content cls=android.widget.EditText desc=null txt_len=18 pkg=com.deepseek.chat t_boot_ns=1206576020405804
09-06 01:10:07.002 I/AnebProbe(25624): ADAPTER_EVT type=content cls=android.widget.EditText desc=null txt_len=19 pkg=com.deepseek.chat t_boot_ns=1206576033466221
09-06 01:10:07.012 I/AnebProbe(25624): ADAPTER_EVT type=content cls=android.widget.EditText desc=null txt_len=20 pkg=com.deepseek.chat t_boot_ns=1206576043283929
09-06 01:10:07.027 I/AnebProbe(25624): ADAPTER_EVT type=content cls=android.widget.EditText desc=null txt_len=21 pkg=com.deepseek.chat t_boot_ns=1206576057754763
09-06 01:10:07.043 I/AnebProbe(25624): ADAPTER_EVT type=content cls=android.widget.EditText desc=null txt_len=22 pkg=com.deepseek.chat t_boot_ns=1206576073916742
09-06 01:10:07.057 I/AnebProbe(25624): ADAPTER_EVT type=content cls=android.widget.EditText desc=null txt_len=23 pkg=com.deepseek.chat t_boot_ns=1206576087974554
09-06 01:10:07.069 I/AnebProbe(25624): ADAPTER_EVT type=content cls=android.widget.EditText desc=null txt_len=24 pkg=com.deepseek.chat t_boot_ns=1206576099204242
09-06 01:10:07.079 I/AnebProbe(25624): ADAPTER_EVT type=content cls=android.widget.EditText desc=null txt_len=25 pkg=com.deepseek.chat t_boot_ns=1206576110215700
09-06 01:10:07.090 I/AnebProbe(25624): ADAPTER_EVT type=content cls=android.widget.EditText desc=null txt_len=26 pkg=com.deepseek.chat t_boot_ns=1206576121791742
09-06 01:10:07.099 I/AnebProbe(25624): ADAPTER_EVT type=content cls=android.widget.EditText desc=null txt_len=27 pkg=com.deepseek.chat t_boot_ns=1206576130351638
09-06 01:10:07.108 I/AnebProbe(25624): ADAPTER_EVT type=content cls=android.widget.EditText desc=null txt_len=28 pkg=com.deepseek.chat t_boot_ns=1206576139185492
09-06 01:10:07.116 I/AnebProbe(25624): ADAPTER_EVT type=content cls=android.widget.EditText desc=null txt_len=29 pkg=com.deepseek.chat t_boot_ns=1206576147191742
09-06 01:10:07.128 I/AnebProbe(25624): ADAPTER_EVT type=content cls=android.widget.EditText desc=null txt_len=30 pkg=com.deepseek.chat t_boot_ns=1206576158971429
09-06 01:10:07.136 I/AnebProbe(25624): ADAPTER_EVT type=content cls=android.widget.EditText desc=null txt_len=31 pkg=com.deepseek.chat t_boot_ns=1206576166689138
09-06 01:10:07.148 I/AnebProbe(25624): ADAPTER_EVT type=content cls=android.widget.EditText desc=null txt_len=32 pkg=com.deepseek.chat t_boot_ns=1206576179494867
09-06 01:10:07.159 I/AnebProbe(25624): ADAPTER_EVT type=content cls=android.widget.EditText desc=null txt_len=33 pkg=com.deepseek.chat t_boot_ns=1206576190168825
09-06 01:10:07.170 I/AnebProbe(25624): ADAPTER_EVT type=content cls=android.widget.EditText desc=null txt_len=34 pkg=com.deepseek.chat t_boot_ns=1206576201454763
09-06 01:10:07.177 I/AnebProbe(25624): ADAPTER_EVT type=content cls=android.widget.EditText desc=null txt_len=35 pkg=com.deepseek.chat t_boot_ns=1206576208784450
09-06 01:10:07.186 I/AnebProbe(25624): ADAPTER_EVT type=content cls=android.widget.EditText desc=null txt_len=36 pkg=com.deepseek.chat t_boot_ns=1206576217104763
09-06 01:10:07.193 I/AnebProbe(25624): ADAPTER_EVT type=content cls=android.widget.EditText desc=null txt_len=37 pkg=com.deepseek.chat t_boot_ns=1206576224466221
09-06 01:10:07.201 I/AnebProbe(25624): ADAPTER_EVT type=content cls=android.widget.EditText desc=null txt_len=38 pkg=com.deepseek.chat t_boot_ns=1206576232621950
09-06 01:10:07.210 I/AnebProbe(25624): ADAPTER_EVT type=content cls=android.widget.EditText desc=null txt_len=39 pkg=com.deepseek.chat t_boot_ns=1206576241766221
09-06 01:10:07.218 I/AnebProbe(25624): ADAPTER_EVT type=content cls=android.widget.EditText desc=null txt_len=40 pkg=com.deepseek.chat t_boot_ns=1206576248899554
09-06 01:10:07.228 I/AnebProbe(25624): ADAPTER_EVT type=content cls=android.widget.EditText desc=null txt_len=41 pkg=com.deepseek.chat t_boot_ns=1206576258967263
09-06 01:10:07.237 I/AnebProbe(25624): ADAPTER_EVT type=content cls=android.widget.EditText desc=null txt_len=42 pkg=com.deepseek.chat t_boot_ns=1206576267913617
09-06 01:10:07.244 I/AnebProbe(25624): ADAPTER_EVT type=content cls=android.widget.EditText desc=null txt_len=43 pkg=com.deepseek.chat t_boot_ns=1206576275472471
09-06 01:10:07.252 I/AnebProbe(25624): ADAPTER_EVT type=content cls=android.widget.EditText desc=null txt_len=44 pkg=com.deepseek.chat t_boot_ns=1206576282082367
09-06 01:10:07.252 I/AnebProbe(25624): ADAPTER_EVT type=content cls=androidx.compose.ui.viewinterop.ViewFactoryHolder desc=null txt_len=0 pkg=com.deepseek.chat t_boot_ns=1206576283678721
09-06 01:10:07.258 I/AnebProbe(25624): ADAPTER_EVT type=content cls=android.view.View desc=null txt_len=0 pkg=com.deepseek.chat t_boot_ns=1206576289467784
09-06 01:10:07.264 I/AnebProbe(25624): ADAPTER_EVT type=content cls=androidx.compose.ui.viewinterop.ViewFactoryHolder desc=null txt_len=0 pkg=com.deepseek.chat t_boot_ns=1206576295580284
09-06 01:10:07.264 I/AnebProbe(25624): ADAPTER_EVT type=content cls=android.widget.EditText desc=null txt_len=45 pkg=com.deepseek.chat t_boot_ns=1206576295924554
09-06 01:10:07.276 I/AnebProbe(25624): ADAPTER_EVT type=content cls=android.widget.EditText desc=null txt_len=46 pkg=com.deepseek.chat t_boot_ns=1206576307722471
09-06 01:10:07.295 I/AnebProbe(25624): ADAPTER_EVT type=content cls=androidx.compose.ui.viewinterop.ViewFactoryHolder desc=null txt_len=0 pkg=com.deepseek.chat t_boot_ns=1206576325982888
09-06 01:10:07.295 I/AnebProbe(25624): ADAPTER_EVT type=content cls=android.widget.EditText desc=null txt_len=47 pkg=com.deepseek.chat t_boot_ns=1206576326365179
09-06 01:10:07.310 I/AnebProbe(25624): ADAPTER_EVT type=content cls=androidx.compose.ui.viewinterop.ViewFactoryHolder desc=null txt_len=0 pkg=com.deepseek.chat t_boot_ns=1206576340990179
09-06 01:10:07.310 I/AnebProbe(25624): ADAPTER_EVT type=content cls=android.widget.EditText desc=null txt_len=48 pkg=com.deepseek.chat t_boot_ns=1206576341384971
09-06 01:10:07.326 I/AnebProbe(25624): ADAPTER_EVT type=content cls=androidx.compose.ui.viewinterop.ViewFactoryHolder desc=null txt_len=0 pkg=com.deepseek.chat t_boot_ns=1206576357544346
09-06 01:10:07.327 I/AnebProbe(25624): ADAPTER_EVT type=content cls=android.widget.EditText desc=null txt_len=49 pkg=com.deepseek.chat t_boot_ns=1206576358675596
09-06 01:10:07.343 I/AnebProbe(25624): ADAPTER_EVT type=content cls=androidx.compose.ui.viewinterop.ViewFactoryHolder desc=null txt_len=0 pkg=com.deepseek.chat t_boot_ns=1206576374287054
09-06 01:10:07.343 I/AnebProbe(25624): ADAPTER_EVT type=content cls=android.widget.EditText desc=null txt_len=50 pkg=com.deepseek.chat t_boot_ns=1206576374840179
09-06 01:10:07.361 I/AnebProbe(25624): ADAPTER_EVT type=content cls=androidx.compose.ui.viewinterop.ViewFactoryHolder desc=null txt_len=0 pkg=com.deepseek.chat t_boot_ns=1206576392720388
09-06 01:10:07.362 I/AnebProbe(25624): ADAPTER_EVT type=content cls=android.widget.EditText desc=null txt_len=51 pkg=com.deepseek.chat t_boot_ns=1206576393285492
09-06 01:10:07.363 I/AnebProbe(25624): ADAPTER_EVT type=content cls=android.view.View desc=null txt_len=0 pkg=com.deepseek.chat t_boot_ns=1206576393804763
09-06 01:10:07.363 I/AnebProbe(25624): ADAPTER_EVT type=content cls=android.view.View desc=null txt_len=0 pkg=com.deepseek.chat t_boot_ns=1206576394408409
09-06 01:10:07.363 I/AnebProbe(25624): ADAPTER_EVT type=content cls=android.view.View desc=null txt_len=0 pkg=com.deepseek.chat t_boot_ns=1206576394582888
09-06 01:10:07.363 I/AnebProbe(25624): ADAPTER_EVT type=content cls=android.view.View desc=null txt_len=0 pkg=com.deepseek.chat t_boot_ns=1206576394788096
09-06 01:10:07.363 I/AnebProbe(25624): ADAPTER_EVT type=content cls=android.view.View desc=null txt_len=0 pkg=com.deepseek.chat t_boot_ns=1206576394952679
09-06 01:10:07.376 I/AnebProbe(25624): ADAPTER_EVT type=content cls=androidx.compose.ui.viewinterop.ViewFactoryHolder desc=null txt_len=0 pkg=com.deepseek.chat t_boot_ns=1206576407307888
09-06 01:10:07.376 I/AnebProbe(25624): ADAPTER_EVT type=content cls=android.widget.EditText desc=null txt_len=52 pkg=com.deepseek.chat t_boot_ns=1206576407825075
09-06 01:10:07.382 I/AnebProbe(25624): ADAPTER_EVT type=content cls=android.widget.EditText desc=null txt_len=53 pkg=com.deepseek.chat t_boot_ns=1206576413807888
09-06 01:10:07.397 I/AnebProbe(25624): ADAPTER_EVT type=content cls=androidx.compose.ui.viewinterop.ViewFactoryHolder desc=null txt_len=0 pkg=com.deepseek.chat t_boot_ns=1206576428307367
09-06 01:10:07.398 I/AnebProbe(25624): ADAPTER_EVT type=content cls=android.widget.EditText desc=null txt_len=54 pkg=com.deepseek.chat t_boot_ns=1206576429544346
09-06 01:10:07.410 I/AnebProbe(25624): ADAPTER_EVT type=content cls=androidx.compose.ui.viewinterop.ViewFactoryHolder desc=null txt_len=0 pkg=com.deepseek.chat t_boot_ns=1206576441169346
09-06 01:10:07.410 I/AnebProbe(25624): ADAPTER_EVT type=content cls=android.widget.EditText desc=null txt_len=55 pkg=com.deepseek.chat t_boot_ns=1206576441370388
09-06 01:10:07.423 I/AnebProbe(25624): ADAPTER_EVT type=content cls=androidx.compose.ui.viewinterop.ViewFactoryHolder desc=null txt_len=0 pkg=com.deepseek.chat t_boot_ns=1206576454309971
09-06 01:10:07.423 I/AnebProbe(25624): ADAPTER_EVT type=content cls=android.widget.EditText desc=null txt_len=56 pkg=com.deepseek.chat t_boot_ns=1206576454525075
09-06 01:10:07.461 I/AnebProbe(25624): ADAPTER_EVT type=content cls=android.view.View desc=null txt_len=0 pkg=com.deepseek.chat t_boot_ns=1206576492569346
09-06 01:10:07.462 I/AnebProbe(25624): ADAPTER_EVT type=content cls=android.view.View desc=null txt_len=0 pkg=com.deepseek.chat t_boot_ns=1206576493342263
09-06 01:10:07.462 I/AnebProbe(25624): ADAPTER_EVT type=content cls=android.view.View desc=null txt_len=0 pkg=com.deepseek.chat t_boot_ns=1206576494047471
09-06 01:10:07.463 I/AnebProbe(25624): ADAPTER_EVT type=content cls=android.view.View desc=null txt_len=0 pkg=com.deepseek.chat t_boot_ns=1206576494600596
09-06 01:10:07.463 I/AnebProbe(25624): ADAPTER_EVT type=content cls=android.view.View desc=null txt_len=0 pkg=com.deepseek.chat t_boot_ns=1206576494758409
09-06 01:10:07.533 I/AnebProbe(25624): ADAPTER_EVT type=content cls=androidx.compose.ui.viewinterop.ViewFactoryHolder desc=null txt_len=0 pkg=com.deepseek.chat t_boot_ns=1206576564687575
09-06 01:10:07.562 I/AnebProbe(25624): ADAPTER_EVT type=content cls=android.view.View desc=null txt_len=0 pkg=com.deepseek.chat t_boot_ns=1206576593230804
09-06 01:10:09.601 I/AnebE4MARK(22671): E4MARK kind=turn_start n=4
09-06 01:10:09.700 I/AnebProbe(25624): ADAPTER_EVT type=content cls=android.widget.EditText desc=null txt_len=0 pkg=com.deepseek.chat t_boot_ns=1206578731286012
09-06 01:10:09.728 I/AnebProbe(25624): ADAPTER_EVT type=content cls=android.view.View desc=null txt_len=0 pkg=com.deepseek.chat t_boot_ns=1206578759822471
09-06 01:10:09.728 I/AnebProbe(25624): ADAPTER_EVT type=content cls=android.view.View desc=null txt_len=0 pkg=com.deepseek.chat t_boot_ns=1206578760049033
09-06 01:10:09.728 I/AnebProbe(25624): ADAPTER_EVT type=content cls=android.view.View desc=null txt_len=0 pkg=com.deepseek.chat t_boot_ns=1206578760130804
09-06 01:10:09.730 I/AnebProbe(25624): ADAPTER_EVT type=content cls=android.view.View desc=null txt_len=0 pkg=com.deepseek.chat t_boot_ns=1206578761481846
09-06 01:10:09.757 I/AnebProbe(25624): ADAPTER_EVT type=content cls=android.view.View desc=null txt_len=0 pkg=com.deepseek.chat t_boot_ns=1206578788472992
09-06 01:10:09.807 I/AnebProbe(25624): ADAPTER_EVT type=content cls=android.view.ViewGroup desc=null txt_len=0 pkg=com.deepseek.chat t_boot_ns=1206578838812575
09-06 01:10:09.826 I/AnebProbe(25624): ADAPTER_EVT type=content cls=android.view.View desc=null txt_len=0 pkg=com.deepseek.chat t_boot_ns=1206578856988617
09-06 01:10:09.826 I/AnebProbe(25624): ADAPTER_EVT type=content cls=android.view.View desc=null txt_len=0 pkg=com.deepseek.chat t_boot_ns=1206578857460492
09-06 01:10:09.826 I/AnebProbe(25624): ADAPTER_EVT type=content cls=android.view.View desc=null txt_len=0 pkg=com.deepseek.chat t_boot_ns=1206578858146950
09-06 01:10:09.827 I/AnebProbe(25624): ADAPTER_EVT type=content cls=android.view.View desc=null txt_len=0 pkg=com.deepseek.chat t_boot_ns=1206578858253200
09-06 01:10:09.827 I/AnebProbe(25624): ADAPTER_EVT type=content cls=android.view.View desc=null txt_len=0 pkg=com.deepseek.chat t_boot_ns=1206578858296950
09-06 01:10:09.827 I/AnebProbe(25624): ADAPTER_EVT type=content cls=android.view.View desc=null txt_len=0 pkg=com.deepseek.chat t_boot_ns=1206578858334450
09-06 01:10:09.827 I/AnebProbe(25624): ADAPTER_EVT type=content cls=android.view.View desc=null txt_len=0 pkg=com.deepseek.chat t_boot_ns=1206578858384971
09-06 01:10:09.827 I/AnebProbe(25624): ADAPTER_EVT type=content cls=android.view.View desc=null txt_len=0 pkg=com.deepseek.chat t_boot_ns=1206578858425596
09-06 01:10:09.827 I/AnebProbe(25624): ADAPTER_EVT type=content cls=android.view.View desc=null txt_len=0 pkg=com.deepseek.chat t_boot_ns=1206578858481325
09-06 01:10:09.828 I/AnebProbe(25624): ADAPTER_EVT type=content cls=android.view.View desc=null txt_len=0 pkg=com.deepseek.chat t_boot_ns=1206578859375075
09-06 01:10:09.828 I/AnebProbe(25624): ADAPTER_EVT type=content cls=android.view.View desc=null txt_len=0 pkg=com.deepseek.chat t_boot_ns=1206578859450075
09-06 01:10:09.828 I/AnebProbe(25624): ADAPTER_EVT type=content cls=android.view.View desc=null txt_len=0 pkg=com.deepseek.chat t_boot_ns=1206578859689658
09-06 01:10:09.828 I/AnebProbe(25624): ADAPTER_EVT type=content cls=android.view.View desc=null txt_len=0 pkg=com.deepseek.chat t_boot_ns=1206578859812575
09-06 01:10:09.828 I/AnebProbe(25624): ADAPTER_EVT type=content cls=android.view.View desc=null txt_len=0 pkg=com.deepseek.chat t_boot_ns=1206578859945908
09-06 01:10:09.828 I/AnebProbe(25624): ADAPTER_EVT type=content cls=android.view.View desc=null txt_len=0 pkg=com.deepseek.chat t_boot_ns=1206578860077158
09-06 01:10:09.829 I/AnebProbe(25624): ADAPTER_EVT type=content cls=android.view.View desc=null txt_len=0 pkg=com.deepseek.chat t_boot_ns=1206578860228721
09-06 01:10:09.829 I/AnebProbe(25624): ADAPTER_EVT type=content cls=android.view.View desc=null txt_len=0 pkg=com.deepseek.chat t_boot_ns=1206578860362575
09-06 01:10:09.829 I/AnebProbe(25624): ADAPTER_EVT type=content cls=android.view.View desc=null txt_len=0 pkg=com.deepseek.chat t_boot_ns=1206578860476117
09-06 01:10:09.829 I/AnebProbe(25624): ADAPTER_EVT type=content cls=android.view.View desc=null txt_len=0 pkg=com.deepseek.chat t_boot_ns=1206578860606325
09-06 01:10:09.829 I/AnebProbe(25624): ADAPTER_EVT type=content cls=android.view.View desc=null txt_len=0 pkg=com.deepseek.chat t_boot_ns=1206578860716742
09-06 01:10:09.829 I/AnebProbe(25624): ADAPTER_EVT type=content cls=android.view.View desc=null txt_len=0 pkg=com.deepseek.chat t_boot_ns=1206578860935492
09-06 01:10:09.829 I/AnebProbe(25624): ADAPTER_EVT type=content cls=android.view.View desc=null txt_len=0 pkg=com.deepseek.chat t_boot_ns=1206578861005804
09-06 01:10:09.829 I/AnebProbe(25624): ADAPTER_EVT type=content cls=android.view.View desc=null txt_len=0 pkg=com.deepseek.chat t_boot_ns=1206578861058408
09-06 01:10:09.829 I/AnebProbe(25624): ADAPTER_EVT type=content cls=android.view.View desc=null txt_len=0 pkg=com.deepseek.chat t_boot_ns=1206578861106846
09-06 01:10:09.829 I/AnebProbe(25624): ADAPTER_EVT type=content cls=android.view.View desc=null txt_len=0 pkg=com.deepseek.chat t_boot_ns=1206578861154242
09-06 01:10:09.829 I/AnebProbe(25624): ADAPTER_EVT type=content cls=android.view.View desc=null txt_len=0 pkg=com.deepseek.chat t_boot_ns=1206578861205283
09-06 01:10:09.830 I/AnebProbe(25624): ADAPTER_EVT type=content cls=android.view.View desc=null txt_len=0 pkg=com.deepseek.chat t_boot_ns=1206578861251117
09-06 01:10:09.830 I/AnebProbe(25624): ADAPTER_EVT type=content cls=android.view.View desc=null txt_len=0 pkg=com.deepseek.chat t_boot_ns=1206578861294867
09-06 01:10:09.830 I/AnebProbe(25624): ADAPTER_EVT type=content cls=android.view.View desc=null txt_len=0 pkg=com.deepseek.chat t_boot_ns=1206578861347471
09-06 01:10:09.830 I/AnebProbe(25624): ADAPTER_EVT type=content cls=androidx.compose.ui.viewinterop.ViewFactoryHolder desc=null txt_len=0 pkg=com.deepseek.chat t_boot_ns=1206578861395908
09-06 01:10:09.830 I/AnebProbe(25624): ADAPTER_EVT type=content cls=android.view.View desc=null txt_len=0 pkg=com.deepseek.chat t_boot_ns=1206578861453721
09-06 01:10:09.830 I/AnebProbe(25624): ADAPTER_EVT type=content cls=android.view.View desc=null txt_len=0 pkg=com.deepseek.chat t_boot_ns=1206578861500596
09-06 01:10:09.830 I/AnebProbe(25624): ADAPTER_EVT type=content cls=android.view.View desc=null txt_len=0 pkg=com.deepseek.chat t_boot_ns=1206578861546950
09-06 01:10:09.830 I/AnebProbe(25624): ADAPTER_EVT type=content cls=android.view.View desc=null txt_len=0 pkg=com.deepseek.chat t_boot_ns=1206578861606325
09-06 01:10:09.830 I/AnebProbe(25624): ADAPTER_EVT type=content cls=android.view.View desc=null txt_len=0 pkg=com.deepseek.chat t_boot_ns=1206578861657887
09-06 01:10:09.830 I/AnebProbe(25624): ADAPTER_EVT type=content cls=android.view.View desc=null txt_len=0 pkg=com.deepseek.chat t_boot_ns=1206578861703200
09-06 01:10:09.830 I/AnebProbe(25624): ADAPTER_EVT type=content cls=android.view.View desc=null txt_len=0 pkg=com.deepseek.chat t_boot_ns=1206578861747471
09-06 01:10:09.830 I/AnebProbe(25624): ADAPTER_EVT type=content cls=android.view.View desc=null txt_len=0 pkg=com.deepseek.chat t_boot_ns=1206578861800596
09-06 01:10:09.936 I/AnebProbe(25624): ADAPTER_EVT type=content cls=android.view.View desc=null txt_len=0 pkg=com.deepseek.chat t_boot_ns=1206578966906846
09-06 01:10:09.937 I/AnebProbe(25624): ADAPTER_EVT type=content cls=android.view.View desc=null txt_len=0 pkg=com.deepseek.chat t_boot_ns=1206578968341221
09-06 01:10:09.937 I/AnebProbe(25624): ADAPTER_EVT type=content cls=android.view.View desc=null txt_len=0 pkg=com.deepseek.chat t_boot_ns=1206578968611012
09-06 01:10:09.937 I/AnebProbe(25624): ADAPTER_EVT type=content cls=android.view.View desc=null txt_len=0 pkg=com.deepseek.chat t_boot_ns=1206578968901637
09-06 01:10:09.937 I/AnebProbe(25624): ADAPTER_EVT type=content cls=android.view.View desc=null txt_len=0 pkg=com.deepseek.chat t_boot_ns=1206578969022471
09-06 01:10:09.937 I/AnebProbe(25624): ADAPTER_EVT type=content cls=android.view.View desc=null txt_len=0 pkg=com.deepseek.chat t_boot_ns=1206578969111533
09-06 01:10:09.937 I/AnebProbe(25624): ADAPTER_EVT type=content cls=android.view.View desc=null txt_len=0 pkg=com.deepseek.chat t_boot_ns=1206578969179242
09-06 01:10:09.938 I/AnebProbe(25624): ADAPTER_EVT type=content cls=android.view.View desc=null txt_len=0 pkg=com.deepseek.chat t_boot_ns=1206578969239658
09-06 01:10:09.938 I/AnebProbe(25624): ADAPTER_EVT type=content cls=android.view.View desc=null txt_len=0 pkg=com.deepseek.chat t_boot_ns=1206578969518304
09-06 01:10:09.938 I/AnebProbe(25624): ADAPTER_EVT type=content cls=android.view.View desc=null txt_len=0 pkg=com.deepseek.chat t_boot_ns=1206578969716221
09-06 01:10:09.938 I/AnebProbe(25624): ADAPTER_EVT type=content cls=android.view.View desc=null txt_len=0 pkg=com.deepseek.chat t_boot_ns=1206578969850075
09-06 01:10:09.938 I/AnebProbe(25624): ADAPTER_EVT type=content cls=android.view.View desc=null txt_len=0 pkg=com.deepseek.chat t_boot_ns=1206578970020387
09-06 01:10:09.939 I/AnebProbe(25624): ADAPTER_EVT type=content cls=android.view.View desc=null txt_len=0 pkg=com.deepseek.chat t_boot_ns=1206578970184450
09-06 01:10:09.939 I/AnebProbe(25624): ADAPTER_EVT type=content cls=android.view.View desc=null txt_len=0 pkg=com.deepseek.chat t_boot_ns=1206578970331325
09-06 01:10:09.939 I/AnebProbe(25624): ADAPTER_EVT type=content cls=android.view.View desc=null txt_len=0 pkg=com.deepseek.chat t_boot_ns=1206578970458408
09-06 01:10:09.939 I/AnebProbe(25624): ADAPTER_EVT type=content cls=android.view.View desc=null txt_len=0 pkg=com.deepseek.chat t_boot_ns=1206578970579762
09-06 01:10:09.939 I/AnebProbe(25624): ADAPTER_EVT type=content cls=android.view.View desc=null txt_len=0 pkg=com.deepseek.chat t_boot_ns=1206578970744346
09-06 01:10:09.939 I/AnebProbe(25624): ADAPTER_EVT type=content cls=android.view.View desc=null txt_len=0 pkg=com.deepseek.chat t_boot_ns=1206578970868825
09-06 01:10:09.939 I/AnebProbe(25624): ADAPTER_EVT type=content cls=androidx.compose.ui.viewinterop.ViewFactoryHolder desc=null txt_len=0 pkg=com.deepseek.chat t_boot_ns=1206578971008929
09-06 01:10:09.940 I/AnebProbe(25624): ADAPTER_EVT type=content cls=android.view.View desc=null txt_len=0 pkg=com.deepseek.chat t_boot_ns=1206578971167783
09-06 01:10:09.940 I/AnebProbe(25624): ADAPTER_EVT type=content cls=android.view.View desc=null txt_len=0 pkg=com.deepseek.chat t_boot_ns=1206578971314137
09-06 01:10:09.940 I/AnebProbe(25624): ADAPTER_EVT type=content cls=android.view.View desc=null txt_len=0 pkg=com.deepseek.chat t_boot_ns=1206578971457367
09-06 01:10:09.940 I/AnebProbe(25624): ADAPTER_EVT type=content cls=android.view.View desc=null txt_len=0 pkg=com.deepseek.chat t_boot_ns=1206578971621429
09-06 01:10:09.940 I/AnebProbe(25624): ADAPTER_EVT type=content cls=android.view.View desc=null txt_len=0 pkg=com.deepseek.chat t_boot_ns=1206578971759971
09-06 01:10:09.940 I/AnebProbe(25624): ADAPTER_EVT type=content cls=android.view.View desc=null txt_len=0 pkg=com.deepseek.chat t_boot_ns=1206578971924033
09-06 01:10:09.940 I/AnebProbe(25624): ADAPTER_EVT type=content cls=android.view.View desc=null txt_len=0 pkg=com.deepseek.chat t_boot_ns=1206578972087054
09-06 01:10:09.941 I/AnebProbe(25624): ADAPTER_EVT type=content cls=android.view.View desc=null txt_len=0 pkg=com.deepseek.chat t_boot_ns=1206578972211533
09-06 01:10:10.041 I/AnebProbe(25624): ADAPTER_EVT type=content cls=android.view.View desc=null txt_len=0 pkg=com.deepseek.chat t_boot_ns=1206579072392783
09-06 01:10:10.044 I/AnebProbe(25624): ADAPTER_EVT type=content cls=android.view.View desc=null txt_len=0 pkg=com.deepseek.chat t_boot_ns=1206579073722992
09-06 01:10:10.044 I/AnebProbe(25624): ADAPTER_EVT type=content cls=android.view.View desc=null txt_len=0 pkg=com.deepseek.chat t_boot_ns=1206579076067783
09-06 01:10:10.044 I/AnebProbe(25624): ADAPTER_EVT type=content cls=android.view.View desc=null txt_len=0 pkg=com.deepseek.chat t_boot_ns=1206579076166742
09-06 01:10:10.045 I/AnebProbe(25624): ADAPTER_EVT type=content cls=android.view.View desc=null txt_len=0 pkg=com.deepseek.chat t_boot_ns=1206579076236533
09-06 01:10:10.045 I/AnebProbe(25624): ADAPTER_EVT type=content cls=android.view.View desc=null txt_len=0 pkg=com.deepseek.chat t_boot_ns=1206579076301637
09-06 01:10:10.045 I/AnebProbe(25624): ADAPTER_EVT type=content cls=android.view.View desc=null txt_len=0 pkg=com.deepseek.chat t_boot_ns=1206579076368825
09-06 01:10:10.045 I/AnebProbe(25624): ADAPTER_EVT type=content cls=android.view.View desc=null txt_len=0 pkg=com.deepseek.chat t_boot_ns=1206579076461533
09-06 01:10:10.045 I/AnebProbe(25624): ADAPTER_EVT type=content cls=android.view.View desc=null txt_len=0 pkg=com.deepseek.chat t_boot_ns=1206579076529762
09-06 01:10:10.045 I/AnebProbe(25624): ADAPTER_EVT type=content cls=android.view.View desc=null txt_len=0 pkg=com.deepseek.chat t_boot_ns=1206579076604762
09-06 01:10:10.045 I/AnebProbe(25624): ADAPTER_EVT type=content cls=android.view.View desc=null txt_len=0 pkg=com.deepseek.chat t_boot_ns=1206579076681325
09-06 01:10:10.045 I/AnebProbe(25624): ADAPTER_EVT type=content cls=android.view.View desc=null txt_len=0 pkg=com.deepseek.chat t_boot_ns=1206579076758929
09-06 01:10:10.045 I/AnebProbe(25624): ADAPTER_EVT type=content cls=android.view.View desc=null txt_len=0 pkg=com.deepseek.chat t_boot_ns=1206579076877679
09-06 01:10:10.045 I/AnebProbe(25624): ADAPTER_EVT type=content cls=android.view.View desc=null txt_len=0 pkg=com.deepseek.chat t_boot_ns=1206579076938096
09-06 01:10:10.045 I/AnebProbe(25624): ADAPTER_EVT type=content cls=android.view.View desc=null txt_len=0 pkg=com.deepseek.chat t_boot_ns=1206579077026117
09-06 01:10:10.045 I/AnebProbe(25624): ADAPTER_EVT type=content cls=android.view.View desc=null txt_len=0 pkg=com.deepseek.chat t_boot_ns=1206579077086533
09-06 01:10:10.045 I/AnebProbe(25624): ADAPTER_EVT type=content cls=android.view.View desc=null txt_len=0 pkg=com.deepseek.chat t_boot_ns=1206579077164658
09-06 01:10:10.046 I/AnebProbe(25624): ADAPTER_EVT type=content cls=android.view.View desc=null txt_len=0 pkg=com.deepseek.chat t_boot_ns=1206579077222992
09-06 01:10:10.046 I/AnebProbe(25624): ADAPTER_EVT type=content cls=androidx.compose.ui.viewinterop.ViewFactoryHolder desc=null txt_len=0 pkg=com.deepseek.chat t_boot_ns=1206579077302158
09-06 01:10:10.046 I/AnebProbe(25624): ADAPTER_EVT type=content cls=android.view.View desc=null txt_len=0 pkg=com.deepseek.chat t_boot_ns=1206579077384971
09-06 01:10:10.046 I/AnebProbe(25624): ADAPTER_EVT type=content cls=android.view.View desc=null txt_len=0 pkg=com.deepseek.chat t_boot_ns=1206579077489137
09-06 01:10:10.046 I/AnebProbe(25624): ADAPTER_EVT type=content cls=android.view.View desc=null txt_len=0 pkg=com.deepseek.chat t_boot_ns=1206579077590700
09-06 01:10:10.046 I/AnebProbe(25624): ADAPTER_EVT type=content cls=android.view.View desc=null txt_len=0 pkg=com.deepseek.chat t_boot_ns=1206579077644867
09-06 01:10:10.046 I/AnebProbe(25624): ADAPTER_EVT type=content cls=android.view.View desc=null txt_len=0 pkg=com.deepseek.chat t_boot_ns=1206579077701117
09-06 01:10:10.046 I/AnebProbe(25624): ADAPTER_EVT type=content cls=android.view.View desc=null txt_len=0 pkg=com.deepseek.chat t_boot_ns=1206579077774033
09-06 01:10:10.046 I/AnebProbe(25624): ADAPTER_EVT type=content cls=android.view.View desc=null txt_len=0 pkg=com.deepseek.chat t_boot_ns=1206579077832367
09-06 01:10:10.046 I/AnebProbe(25624): ADAPTER_EVT type=content cls=android.view.View desc=null txt_len=0 pkg=com.deepseek.chat t_boot_ns=1206579077896950
09-06 01:10:10.142 I/AnebProbe(25624): ADAPTER_EVT type=content cls=android.view.View desc=null txt_len=0 pkg=com.deepseek.chat t_boot_ns=1206579173254242
09-06 01:10:10.142 I/AnebProbe(25624): ADAPTER_EVT type=content cls=android.view.View desc=null txt_len=0 pkg=com.deepseek.chat t_boot_ns=1206579173471950
09-06 01:10:10.142 I/AnebProbe(25624): ADAPTER_EVT type=content cls=android.view.View desc=null txt_len=0 pkg=com.deepseek.chat t_boot_ns=1206579173604242
09-06 01:10:10.142 I/AnebProbe(25624): ADAPTER_EVT type=content cls=android.view.View desc=null txt_len=0 pkg=com.deepseek.chat t_boot_ns=1206579173668825
09-06 01:10:10.142 I/AnebProbe(25624): ADAPTER_EVT type=content cls=android.view.View desc=null txt_len=0 pkg=com.deepseek.chat t_boot_ns=1206579173722471
09-06 01:10:10.142 I/AnebProbe(25624): ADAPTER_EVT type=content cls=android.view.View desc=null txt_len=0 pkg=com.deepseek.chat t_boot_ns=1206579173786533
09-06 01:10:10.142 I/AnebProbe(25624): ADAPTER_EVT type=content cls=android.view.View desc=null txt_len=0 pkg=com.deepseek.chat t_boot_ns=1206579173853721
09-06 01:10:10.142 I/AnebProbe(25624): ADAPTER_EVT type=content cls=android.view.View desc=null txt_len=0 pkg=com.deepseek.chat t_boot_ns=1206579173901637
09-06 01:10:10.142 I/AnebProbe(25624): ADAPTER_EVT type=content cls=android.view.View desc=null txt_len=0 pkg=com.deepseek.chat t_boot_ns=1206579173951637
09-06 01:10:10.142 I/AnebProbe(25624): ADAPTER_EVT type=content cls=androidx.compose.ui.viewinterop.ViewFactoryHolder desc=null txt_len=0 pkg=com.deepseek.chat t_boot_ns=1206579173997992
09-06 01:10:10.142 I/AnebProbe(25624): ADAPTER_EVT type=content cls=android.view.View desc=null txt_len=0 pkg=com.deepseek.chat t_boot_ns=1206579174055283
09-06 01:10:10.242 I/AnebProbe(25624): ADAPTER_EVT type=content cls=android.view.View desc=null txt_len=0 pkg=com.deepseek.chat t_boot_ns=1206579273904241
09-06 01:10:10.243 I/AnebProbe(25624): ADAPTER_EVT type=content cls=android.view.View desc=null txt_len=0 pkg=com.deepseek.chat t_boot_ns=1206579274351116
09-06 01:10:10.243 I/AnebProbe(25624): ADAPTER_EVT type=content cls=android.view.View desc=null txt_len=0 pkg=com.deepseek.chat t_boot_ns=1206579274659450
09-06 01:10:10.243 I/AnebProbe(25624): ADAPTER_EVT type=content cls=android.view.View desc=null txt_len=0 pkg=com.deepseek.chat t_boot_ns=1206579274796429
09-06 01:10:10.243 I/AnebProbe(25624): ADAPTER_EVT type=content cls=android.view.View desc=null txt_len=0 pkg=com.deepseek.chat t_boot_ns=1206579274990179
09-06 01:10:10.243 I/AnebProbe(25624): ADAPTER_EVT type=content cls=android.view.View desc=null txt_len=0 pkg=com.deepseek.chat t_boot_ns=1206579275124033
09-06 01:10:10.244 I/AnebProbe(25624): ADAPTER_EVT type=content cls=android.view.View desc=null txt_len=0 pkg=com.deepseek.chat t_boot_ns=1206579275294866
09-06 01:10:10.244 I/AnebProbe(25624): ADAPTER_EVT type=content cls=android.view.View desc=null txt_len=0 pkg=com.deepseek.chat t_boot_ns=1206579275414137
09-06 01:10:10.244 I/AnebProbe(25624): ADAPTER_EVT type=content cls=android.view.View desc=null txt_len=0 pkg=com.deepseek.chat t_boot_ns=1206579275552679
09-06 01:10:10.244 I/AnebProbe(25624): ADAPTER_EVT type=content cls=android.view.View desc=null txt_len=0 pkg=com.deepseek.chat t_boot_ns=1206579275684971
09-06 01:10:10.244 I/AnebProbe(25624): ADAPTER_EVT type=content cls=android.view.View desc=null txt_len=0 pkg=com.deepseek.chat t_boot_ns=1206579275795387
09-06 01:10:10.345 I/AnebProbe(25624): ADAPTER_EVT type=content cls=android.view.View desc=null txt_len=0 pkg=com.deepseek.chat t_boot_ns=1206579376320908
09-06 01:10:10.345 I/AnebProbe(25624): ADAPTER_EVT type=content cls=android.view.View desc=null txt_len=0 pkg=com.deepseek.chat t_boot_ns=1206579376747471
09-06 01:10:10.345 I/AnebProbe(25624): ADAPTER_EVT type=content cls=android.view.View desc=null txt_len=0 pkg=com.deepseek.chat t_boot_ns=1206579377000596
09-06 01:10:10.345 I/AnebProbe(25624): ADAPTER_EVT type=content cls=android.view.View desc=null txt_len=0 pkg=com.deepseek.chat t_boot_ns=1206579377066221
09-06 01:10:10.345 I/AnebProbe(25624): ADAPTER_EVT type=content cls=android.view.View desc=null txt_len=0 pkg=com.deepseek.chat t_boot_ns=1206579377157887
09-06 01:10:10.346 I/AnebProbe(25624): ADAPTER_EVT type=content cls=android.view.View desc=null txt_len=0 pkg=com.deepseek.chat t_boot_ns=1206579377227679
09-06 01:10:10.445 I/AnebProbe(25624): ADAPTER_EVT type=content cls=android.view.View desc=null txt_len=0 pkg=com.deepseek.chat t_boot_ns=1206579477004762
09-06 01:10:10.446 I/AnebProbe(25624): ADAPTER_EVT type=content cls=android.view.View desc=null txt_len=0 pkg=com.deepseek.chat t_boot_ns=1206579477256325
09-06 01:10:10.446 I/AnebProbe(25624): ADAPTER_EVT type=content cls=android.view.View desc=null txt_len=0 pkg=com.deepseek.chat t_boot_ns=1206579477355283
09-06 01:10:10.446 I/AnebProbe(25624): ADAPTER_EVT type=content cls=android.view.View desc=null txt_len=0 pkg=com.deepseek.chat t_boot_ns=1206579477494866
09-06 01:10:10.446 I/AnebProbe(25624): ADAPTER_EVT type=content cls=android.view.View desc=null txt_len=0 pkg=com.deepseek.chat t_boot_ns=1206579477711012
09-06 01:10:10.446 I/AnebProbe(25624): ADAPTER_EVT type=content cls=android.view.View desc=null txt_len=0 pkg=com.deepseek.chat t_boot_ns=1206579477831325
09-06 01:10:10.547 I/AnebProbe(25624): ADAPTER_EVT type=content cls=android.view.View desc=null txt_len=0 pkg=com.deepseek.chat t_boot_ns=1206579578088616
09-06 01:10:10.547 I/AnebProbe(25624): ADAPTER_EVT type=content cls=android.view.View desc=null txt_len=0 pkg=com.deepseek.chat t_boot_ns=1206579578551116
09-06 01:10:10.547 I/AnebProbe(25624): ADAPTER_EVT type=content cls=android.view.View desc=null txt_len=0 pkg=com.deepseek.chat t_boot_ns=1206579578818304
09-06 01:10:10.547 I/AnebProbe(25624): ADAPTER_EVT type=content cls=android.view.View desc=null txt_len=0 pkg=com.deepseek.chat t_boot_ns=1206579579099554
09-06 01:10:10.548 I/AnebProbe(25624): ADAPTER_EVT type=content cls=android.view.View desc=null txt_len=0 pkg=com.deepseek.chat t_boot_ns=1206579579291741
09-06 01:10:10.548 I/AnebProbe(25624): ADAPTER_EVT type=content cls=android.view.View desc=null txt_len=0 pkg=com.deepseek.chat t_boot_ns=1206579579468304
09-06 01:10:10.649 I/AnebProbe(25624): ADAPTER_EVT type=content cls=android.view.View desc=null txt_len=0 pkg=com.deepseek.chat t_boot_ns=1206579680493825
09-06 01:10:10.650 I/AnebProbe(25624): ADAPTER_EVT type=content cls=android.view.View desc=null txt_len=0 pkg=com.deepseek.chat t_boot_ns=1206579681670908
09-06 01:10:10.650 I/AnebProbe(25624): ADAPTER_EVT type=content cls=android.view.View desc=null txt_len=0 pkg=com.deepseek.chat t_boot_ns=1206579682046429
09-06 01:10:10.651 I/AnebProbe(25624): ADAPTER_EVT type=content cls=android.view.View desc=null txt_len=0 pkg=com.deepseek.chat t_boot_ns=1206579682179241
09-06 01:10:10.651 I/AnebProbe(25624): ADAPTER_EVT type=content cls=android.view.View desc=null txt_len=0 pkg=com.deepseek.chat t_boot_ns=1206579682342262
09-06 01:10:10.651 I/AnebProbe(25624): ADAPTER_EVT type=content cls=android.view.View desc=null txt_len=0 pkg=com.deepseek.chat t_boot_ns=1206579682471429
09-06 01:10:10.751 I/AnebProbe(25624): ADAPTER_EVT type=content cls=android.view.View desc=null txt_len=0 pkg=com.deepseek.chat t_boot_ns=1206579781646950
09-06 01:10:10.754 I/AnebProbe(25624): ADAPTER_OBS pkg=com.deepseek.chat mode=deepseek events=1607 rule_matched=0 first_delta_ms=0 cadence_p50_ms=0.2 session_span_ms=334517.2 confidence=LOW/INCONCLUSIVE reason=throttle ttft_send_ms=null anchor_source=null ttft_cluster_ms=2238.7 ttft_density_ms=2100.0
09-06 01:10:10.755 I/AnebProbe(25624): ADAPTER_EVT type=content cls=android.view.View desc=null txt_len=0 pkg=com.deepseek.chat t_boot_ns=1206579786241221
09-06 01:10:10.755 I/AnebProbe(25624): ADAPTER_EVT type=content cls=android.view.View desc=null txt_len=0 pkg=com.deepseek.chat t_boot_ns=1206579786489658
09-06 01:10:10.755 I/AnebProbe(25624): ADAPTER_EVT type=content cls=android.view.View desc=null txt_len=0 pkg=com.deepseek.chat t_boot_ns=1206579786643825
09-06 01:10:10.755 I/AnebProbe(25624): ADAPTER_EVT type=content cls=android.view.View desc=null txt_len=0 pkg=com.deepseek.chat t_boot_ns=1206579786795908
09-06 01:10:10.755 I/AnebProbe(25624): ADAPTER_EVT type=content cls=android.view.View desc=null txt_len=0 pkg=com.deepseek.chat t_boot_ns=1206579786978200
09-06 01:10:10.854 I/AnebProbe(25624): ADAPTER_EVT type=content cls=android.view.View desc=null txt_len=0 pkg=com.deepseek.chat t_boot_ns=1206579885161012
09-06 01:10:10.854 I/AnebProbe(25624): ADAPTER_EVT type=content cls=android.view.View desc=null txt_len=0 pkg=com.deepseek.chat t_boot_ns=1206579885761533
09-06 01:10:10.854 I/AnebProbe(25624): ADAPTER_EVT type=content cls=android.view.View desc=null txt_len=0 pkg=com.deepseek.chat t_boot_ns=1206579885934450
09-06 01:10:10.855 I/AnebProbe(25624): ADAPTER_EVT type=content cls=android.view.View desc=null txt_len=0 pkg=com.deepseek.chat t_boot_ns=1206579886644346
09-06 01:10:10.855 I/AnebProbe(25624): ADAPTER_EVT type=content cls=android.view.View desc=null txt_len=0 pkg=com.deepseek.chat t_boot_ns=1206579886843825
09-06 01:10:10.855 I/AnebProbe(25624): ADAPTER_EVT type=content cls=android.view.View desc=null txt_len=0 pkg=com.deepseek.chat t_boot_ns=1206579886987054
09-06 01:10:10.955 I/AnebProbe(25624): ADAPTER_EVT type=content cls=android.view.View desc=null txt_len=0 pkg=com.deepseek.chat t_boot_ns=1206579986633929
09-06 01:10:10.956 I/AnebProbe(25624): ADAPTER_EVT type=content cls=android.view.View desc=null txt_len=0 pkg=com.deepseek.chat t_boot_ns=1206579987332366
09-06 01:10:10.956 I/AnebProbe(25624): ADAPTER_EVT type=content cls=android.view.View desc=null txt_len=0 pkg=com.deepseek.chat t_boot_ns=1206579987532366
09-06 01:10:10.956 I/AnebProbe(25624): ADAPTER_EVT type=content cls=android.view.View desc=null txt_len=0 pkg=com.deepseek.chat t_boot_ns=1206579987736012
09-06 01:10:10.956 I/AnebProbe(25624): ADAPTER_EVT type=content cls=android.view.View desc=null txt_len=0 pkg=com.deepseek.chat t_boot_ns=1206579987897471
09-06 01:10:10.956 I/AnebProbe(25624): ADAPTER_EVT type=content cls=android.view.View desc=null txt_len=0 pkg=com.deepseek.chat t_boot_ns=1206579988053721
09-06 01:10:11.061 I/AnebProbe(25624): ADAPTER_EVT type=content cls=android.view.View desc=null txt_len=0 pkg=com.deepseek.chat t_boot_ns=1206580092506846
09-06 01:10:11.063 I/AnebProbe(25624): ADAPTER_EVT type=content cls=android.view.View desc=null txt_len=0 pkg=com.deepseek.chat t_boot_ns=1206580094565179
09-06 01:10:11.063 I/AnebProbe(25624): ADAPTER_EVT type=content cls=android.view.View desc=null txt_len=0 pkg=com.deepseek.chat t_boot_ns=1206580094949033
09-06 01:10:11.063 I/AnebProbe(25624): ADAPTER_EVT type=content cls=android.view.View desc=null txt_len=0 pkg=com.deepseek.chat t_boot_ns=1206580095103721
09-06 01:10:11.064 I/AnebProbe(25624): ADAPTER_EVT type=content cls=android.view.View desc=null txt_len=0 pkg=com.deepseek.chat t_boot_ns=1206580095261533
09-06 01:10:11.064 I/AnebProbe(25624): ADAPTER_EVT type=content cls=android.view.View desc=null txt_len=0 pkg=com.deepseek.chat t_boot_ns=1206580095455804
09-06 01:10:11.169 I/AnebProbe(25624): ADAPTER_EVT type=content cls=android.view.View desc=null txt_len=0 pkg=com.deepseek.chat t_boot_ns=1206580200381325
09-06 01:10:11.170 I/AnebProbe(25624): ADAPTER_EVT type=content cls=android.view.View desc=null txt_len=0 pkg=com.deepseek.chat t_boot_ns=1206580201218825
09-06 01:10:11.170 I/AnebProbe(25624): ADAPTER_EVT type=content cls=android.view.View desc=null txt_len=0 pkg=com.deepseek.chat t_boot_ns=1206580201448512
09-06 01:10:11.170 I/AnebProbe(25624): ADAPTER_EVT type=content cls=android.view.View desc=null txt_len=0 pkg=com.deepseek.chat t_boot_ns=1206580201618304
09-06 01:10:11.170 I/AnebProbe(25624): ADAPTER_EVT type=content cls=android.view.View desc=null txt_len=0 pkg=com.deepseek.chat t_boot_ns=1206580201812575
09-06 01:10:11.170 I/AnebProbe(25624): ADAPTER_EVT type=content cls=android.view.View desc=null txt_len=0 pkg=com.deepseek.chat t_boot_ns=1206580201997471
09-06 01:10:11.269 I/AnebProbe(25624): ADAPTER_EVT type=content cls=android.view.View desc=null txt_len=0 pkg=com.deepseek.chat t_boot_ns=1206580300433408
09-06 01:10:11.270 I/AnebProbe(25624): ADAPTER_EVT type=content cls=android.view.View desc=null txt_len=0 pkg=com.deepseek.chat t_boot_ns=1206580301031325
09-06 01:10:11.270 I/AnebProbe(25624): ADAPTER_EVT type=content cls=android.view.View desc=null txt_len=0 pkg=com.deepseek.chat t_boot_ns=1206580301435491
09-06 01:10:11.270 I/AnebProbe(25624): ADAPTER_EVT type=content cls=android.view.View desc=null txt_len=0 pkg=com.deepseek.chat t_boot_ns=1206580301662575
09-06 01:10:11.271 I/AnebProbe(25624): ADAPTER_EVT type=content cls=android.view.View desc=null txt_len=0 pkg=com.deepseek.chat t_boot_ns=1206580302213616
09-06 01:10:11.271 I/AnebProbe(25624): ADAPTER_EVT type=content cls=android.view.View desc=null txt_len=0 pkg=com.deepseek.chat t_boot_ns=1206580302491220
09-06 01:10:11.369 I/AnebProbe(25624): ADAPTER_EVT type=content cls=android.view.View desc=null txt_len=0 pkg=com.deepseek.chat t_boot_ns=1206580400178200
09-06 01:10:11.369 I/AnebProbe(25624): ADAPTER_EVT type=content cls=android.view.View desc=null txt_len=0 pkg=com.deepseek.chat t_boot_ns=1206580400742262
09-06 01:10:11.370 I/AnebProbe(25624): ADAPTER_EVT type=content cls=android.view.View desc=null txt_len=0 pkg=com.deepseek.chat t_boot_ns=1206580401373512
09-06 01:10:11.370 I/AnebProbe(25624): ADAPTER_EVT type=content cls=android.view.View desc=null txt_len=0 pkg=com.deepseek.chat t_boot_ns=1206580401696950
09-06 01:10:11.371 I/AnebProbe(25624): ADAPTER_EVT type=content cls=android.view.View desc=null txt_len=0 pkg=com.deepseek.chat t_boot_ns=1206580402237575
09-06 01:10:11.371 I/AnebProbe(25624): ADAPTER_EVT type=content cls=android.view.View desc=null txt_len=0 pkg=com.deepseek.chat t_boot_ns=1206580402530804
09-06 01:10:11.470 I/AnebProbe(25624): ADAPTER_EVT type=content cls=android.view.View desc=null txt_len=0 pkg=com.deepseek.chat t_boot_ns=1206580501139658
09-06 01:10:11.470 I/AnebProbe(25624): ADAPTER_EVT type=content cls=android.view.View desc=null txt_len=0 pkg=com.deepseek.chat t_boot_ns=1206580501643825
09-06 01:10:11.470 I/AnebProbe(25624): ADAPTER_EVT type=content cls=android.view.View desc=null txt_len=0 pkg=com.deepseek.chat t_boot_ns=1206580501929241
09-06 01:10:11.471 I/AnebProbe(25624): ADAPTER_EVT type=content cls=android.view.View desc=null txt_len=0 pkg=com.deepseek.chat t_boot_ns=1206580502486012
09-06 01:10:11.472 I/AnebProbe(25624): ADAPTER_EVT type=content cls=android.view.View desc=null txt_len=0 pkg=com.deepseek.chat t_boot_ns=1206580503657366
09-06 01:10:11.473 I/AnebProbe(25624): ADAPTER_EVT type=content cls=android.view.View desc=null txt_len=0 pkg=com.deepseek.chat t_boot_ns=1206580504501116
09-06 01:10:11.474 I/AnebProbe(25624): ADAPTER_EVT type=content cls=android.view.View desc=null txt_len=0 pkg=com.deepseek.chat t_boot_ns=1206580505117262
09-06 01:10:11.474 I/AnebProbe(25624): ADAPTER_EVT type=content cls=android.view.View desc=null txt_len=0 pkg=com.deepseek.chat t_boot_ns=1206580505532887
09-06 01:10:11.574 I/AnebProbe(25624): ADAPTER_EVT type=content cls=android.view.View desc=null txt_len=0 pkg=com.deepseek.chat t_boot_ns=1206580605145908
09-06 01:10:11.574 I/AnebProbe(25624): ADAPTER_EVT type=content cls=android.view.View desc=null txt_len=0 pkg=com.deepseek.chat t_boot_ns=1206580605740179
09-06 01:10:11.574 I/AnebProbe(25624): ADAPTER_EVT type=content cls=android.view.View desc=null txt_len=0 pkg=com.deepseek.chat t_boot_ns=1206580605994866
09-06 01:10:11.575 I/AnebProbe(25624): ADAPTER_EVT type=content cls=android.view.View desc=null txt_len=0 pkg=com.deepseek.chat t_boot_ns=1206580606232366
09-06 01:10:11.575 I/AnebProbe(25624): ADAPTER_EVT type=content cls=android.view.View desc=null txt_len=0 pkg=com.deepseek.chat t_boot_ns=1206580606448512
09-06 01:10:11.575 I/AnebProbe(25624): ADAPTER_EVT type=content cls=android.view.View desc=null txt_len=0 pkg=com.deepseek.chat t_boot_ns=1206580606674554
09-06 01:10:11.575 I/AnebProbe(25624): ADAPTER_EVT type=content cls=android.view.View desc=null txt_len=0 pkg=com.deepseek.chat t_boot_ns=1206580606933929
09-06 01:10:11.676 I/AnebProbe(25624): ADAPTER_EVT type=content cls=android.view.View desc=null txt_len=0 pkg=com.deepseek.chat t_boot_ns=1206580707045387
09-06 01:10:11.676 I/AnebProbe(25624): ADAPTER_EVT type=content cls=android.view.View desc=null txt_len=0 pkg=com.deepseek.chat t_boot_ns=1206580707446429
09-06 01:10:11.678 I/AnebProbe(25624): ADAPTER_EVT type=content cls=android.view.View desc=null txt_len=0 pkg=com.deepseek.chat t_boot_ns=1206580709185491
09-06 01:10:11.678 I/AnebProbe(25624): ADAPTER_EVT type=content cls=android.view.View desc=null txt_len=0 pkg=com.deepseek.chat t_boot_ns=1206580709770387
09-06 01:10:11.679 I/AnebProbe(25624): ADAPTER_EVT type=content cls=android.view.View desc=null txt_len=0 pkg=com.deepseek.chat t_boot_ns=1206580710121429
09-06 01:10:11.679 I/AnebProbe(25624): ADAPTER_EVT type=content cls=android.view.View desc=null txt_len=0 pkg=com.deepseek.chat t_boot_ns=1206580710565179
09-06 01:10:11.679 I/AnebProbe(25624): ADAPTER_EVT type=content cls=android.view.View desc=null txt_len=0 pkg=com.deepseek.chat t_boot_ns=1206580710761533
09-06 01:10:11.782 I/AnebProbe(25624): ADAPTER_EVT type=content cls=android.view.View desc=null txt_len=0 pkg=com.deepseek.chat t_boot_ns=1206580813566741
09-06 01:10:11.782 I/AnebProbe(25624): ADAPTER_EVT type=content cls=android.view.View desc=null txt_len=0 pkg=com.deepseek.chat t_boot_ns=1206580814041220
09-06 01:10:11.783 I/AnebProbe(25624): ADAPTER_EVT type=content cls=android.view.View desc=null txt_len=0 pkg=com.deepseek.chat t_boot_ns=1206580814229762
09-06 01:10:11.783 I/AnebProbe(25624): ADAPTER_EVT type=content cls=android.view.View desc=null txt_len=0 pkg=com.deepseek.chat t_boot_ns=1206580814966220
09-06 01:10:11.784 I/AnebProbe(25624): ADAPTER_EVT type=content cls=android.view.View desc=null txt_len=0 pkg=com.deepseek.chat t_boot_ns=1206580815194345
09-06 01:10:11.784 I/AnebProbe(25624): ADAPTER_EVT type=content cls=android.view.View desc=null txt_len=0 pkg=com.deepseek.chat t_boot_ns=1206580815410491
09-06 01:10:11.784 I/AnebProbe(25624): ADAPTER_EVT type=content cls=android.view.View desc=null txt_len=0 pkg=com.deepseek.chat t_boot_ns=1206580815612575
09-06 01:10:11.883 I/AnebProbe(25624): ADAPTER_EVT type=content cls=android.view.View desc=null txt_len=0 pkg=com.deepseek.chat t_boot_ns=1206580912931325
09-06 01:10:11.883 I/AnebProbe(25624): ADAPTER_EVT type=content cls=android.view.View desc=null txt_len=0 pkg=com.deepseek.chat t_boot_ns=1206580914620908
09-06 01:10:11.883 I/AnebProbe(25624): ADAPTER_EVT type=content cls=android.view.View desc=null txt_len=0 pkg=com.deepseek.chat t_boot_ns=1206580914810491
09-06 01:10:11.883 I/AnebProbe(25624): ADAPTER_EVT type=content cls=android.view.View desc=null txt_len=0 pkg=com.deepseek.chat t_boot_ns=1206580914980804
09-06 01:10:11.884 I/AnebProbe(25624): ADAPTER_EVT type=content cls=android.view.View desc=null txt_len=0 pkg=com.deepseek.chat t_boot_ns=1206580915155283
09-06 01:10:11.884 I/AnebProbe(25624): ADAPTER_EVT type=content cls=android.view.View desc=null txt_len=0 pkg=com.deepseek.chat t_boot_ns=1206580915331845
09-06 01:10:11.884 I/AnebProbe(25624): ADAPTER_EVT type=content cls=android.view.View desc=null txt_len=0 pkg=com.deepseek.chat t_boot_ns=1206580915478720
09-06 01:10:11.983 I/AnebProbe(25624): ADAPTER_EVT type=content cls=android.view.View desc=null txt_len=0 pkg=com.deepseek.chat t_boot_ns=1206581014360491
09-06 01:10:11.983 I/AnebProbe(25624): ADAPTER_EVT type=content cls=android.view.View desc=null txt_len=0 pkg=com.deepseek.chat t_boot_ns=1206581014808408
09-06 01:10:11.983 I/AnebProbe(25624): ADAPTER_EVT type=content cls=android.view.View desc=null txt_len=0 pkg=com.deepseek.chat t_boot_ns=1206581015016220
09-06 01:10:11.984 I/AnebProbe(25624): ADAPTER_EVT type=content cls=android.view.View desc=null txt_len=0 pkg=com.deepseek.chat t_boot_ns=1206581015172991
09-06 01:10:11.984 I/AnebProbe(25624): ADAPTER_EVT type=content cls=android.view.View desc=null txt_len=0 pkg=com.deepseek.chat t_boot_ns=1206581015351637
09-06 01:10:11.985 I/AnebProbe(25624): ADAPTER_EVT type=content cls=android.view.View desc=null txt_len=0 pkg=com.deepseek.chat t_boot_ns=1206581016181845
09-06 01:10:11.985 I/AnebProbe(25624): ADAPTER_EVT type=content cls=android.view.View desc=null txt_len=0 pkg=com.deepseek.chat t_boot_ns=1206581016418304
09-06 01:10:12.088 I/AnebProbe(25624): ADAPTER_EVT type=content cls=android.view.View desc=null txt_len=0 pkg=com.deepseek.chat t_boot_ns=1206581119728720
09-06 01:10:12.089 I/AnebProbe(25624): ADAPTER_EVT type=content cls=android.view.View desc=null txt_len=0 pkg=com.deepseek.chat t_boot_ns=1206581120143304
09-06 01:10:12.089 I/AnebProbe(25624): ADAPTER_EVT type=content cls=android.view.View desc=null txt_len=0 pkg=com.deepseek.chat t_boot_ns=1206581120379762
09-06 01:10:12.089 I/AnebProbe(25624): ADAPTER_EVT type=content cls=android.view.View desc=null txt_len=0 pkg=com.deepseek.chat t_boot_ns=1206581120524033
09-06 01:10:12.089 I/AnebProbe(25624): ADAPTER_EVT type=content cls=android.view.View desc=null txt_len=0 pkg=com.deepseek.chat t_boot_ns=1206581120666741
09-06 01:10:12.089 I/AnebProbe(25624): ADAPTER_EVT type=content cls=android.view.View desc=null txt_len=0 pkg=com.deepseek.chat t_boot_ns=1206581120792262
09-06 01:10:12.089 I/AnebProbe(25624): ADAPTER_EVT type=content cls=android.view.View desc=null txt_len=0 pkg=com.deepseek.chat t_boot_ns=1206581120975595
09-06 01:10:12.190 I/AnebProbe(25624): ADAPTER_EVT type=content cls=android.view.View desc=null txt_len=0 pkg=com.deepseek.chat t_boot_ns=1206581221533408
09-06 01:10:12.297 I/AnebProbe(25624): ADAPTER_EVT type=content cls=android.view.View desc=null txt_len=0 pkg=com.deepseek.chat t_boot_ns=1206581328435491
09-06 01:10:12.297 I/AnebProbe(25624): ADAPTER_EVT type=content cls=android.view.View desc=null txt_len=0 pkg=com.deepseek.chat t_boot_ns=1206581328978200
09-06 01:10:12.298 I/AnebProbe(25624): ADAPTER_EVT type=content cls=android.view.View desc=null txt_len=0 pkg=com.deepseek.chat t_boot_ns=1206581329205283
09-06 01:10:12.298 I/AnebProbe(25624): ADAPTER_EVT type=content cls=android.view.View desc=null txt_len=0 pkg=com.deepseek.chat t_boot_ns=1206581329906845
09-06 01:10:12.298 I/AnebProbe(25624): ADAPTER_EVT type=content cls=android.view.View desc=null txt_len=0 pkg=com.deepseek.chat t_boot_ns=1206581330122470
09-06 01:10:12.299 I/AnebProbe(25624): ADAPTER_EVT type=content cls=android.view.View desc=null txt_len=0 pkg=com.deepseek.chat t_boot_ns=1206581330293304
09-06 01:10:12.299 I/AnebProbe(25624): ADAPTER_EVT type=content cls=android.view.View desc=null txt_len=0 pkg=com.deepseek.chat t_boot_ns=1206581330437054
09-06 01:10:12.299 I/AnebProbe(25624): ADAPTER_EVT type=content cls=android.view.View desc=null txt_len=0 pkg=com.deepseek.chat t_boot_ns=1206581330568304
09-06 01:10:12.399 I/AnebProbe(25624): ADAPTER_EVT type=content cls=android.view.View desc=null txt_len=0 pkg=com.deepseek.chat t_boot_ns=1206581430145387
09-06 01:10:12.399 I/AnebProbe(25624): ADAPTER_EVT type=content cls=android.view.View desc=null txt_len=0 pkg=com.deepseek.chat t_boot_ns=1206581430708929
09-06 01:10:12.399 I/AnebProbe(25624): ADAPTER_EVT type=content cls=android.view.View desc=null txt_len=0 pkg=com.deepseek.chat t_boot_ns=1206581430911012
09-06 01:10:12.399 I/AnebProbe(25624): ADAPTER_EVT type=content cls=android.view.View desc=null txt_len=0 pkg=com.deepseek.chat t_boot_ns=1206581431049033
09-06 01:10:12.400 I/AnebProbe(25624): ADAPTER_EVT type=content cls=android.view.View desc=null txt_len=0 pkg=com.deepseek.chat t_boot_ns=1206581431176637
09-06 01:10:12.400 I/AnebProbe(25624): ADAPTER_EVT type=content cls=android.view.View desc=null txt_len=0 pkg=com.deepseek.chat t_boot_ns=1206581431697991
09-06 01:10:12.400 I/AnebProbe(25624): ADAPTER_EVT type=content cls=android.view.View desc=null txt_len=0 pkg=com.deepseek.chat t_boot_ns=1206581431852158
09-06 01:10:12.401 I/AnebProbe(25624): ADAPTER_EVT type=content cls=android.view.View desc=null txt_len=0 pkg=com.deepseek.chat t_boot_ns=1206581432206324
09-06 01:10:12.502 I/AnebProbe(25624): ADAPTER_EVT type=content cls=android.view.View desc=null txt_len=0 pkg=com.deepseek.chat t_boot_ns=1206581533245908
09-06 01:10:12.615 I/AnebProbe(25624): ADAPTER_EVT type=content cls=android.view.View desc=null txt_len=0 pkg=com.deepseek.chat t_boot_ns=1206581646145908
09-06 01:10:12.615 I/AnebProbe(25624): ADAPTER_EVT type=content cls=android.view.View desc=null txt_len=0 pkg=com.deepseek.chat t_boot_ns=1206581646650595
09-06 01:10:12.615 I/AnebProbe(25624): ADAPTER_EVT type=content cls=android.view.View desc=null txt_len=0 pkg=com.deepseek.chat t_boot_ns=1206581646849033
09-06 01:10:12.616 I/AnebProbe(25624): ADAPTER_EVT type=content cls=android.view.View desc=null txt_len=0 pkg=com.deepseek.chat t_boot_ns=1206581647478720
09-06 01:10:12.620 I/AnebProbe(25624): ADAPTER_EVT type=content cls=android.view.View desc=null txt_len=0 pkg=com.deepseek.chat t_boot_ns=1206581651711533
09-06 01:10:12.620 I/AnebProbe(25624): ADAPTER_EVT type=content cls=android.view.View desc=null txt_len=0 pkg=com.deepseek.chat t_boot_ns=1206581652092783
09-06 01:10:12.717 I/AnebProbe(25624): ADAPTER_EVT type=content cls=android.view.View desc=null txt_len=0 pkg=com.deepseek.chat t_boot_ns=1206581747067262
09-06 01:10:12.817 I/AnebProbe(25624): ADAPTER_EVT type=content cls=android.view.View desc=null txt_len=0 pkg=com.deepseek.chat t_boot_ns=1206581848544866
09-06 01:10:12.818 I/AnebProbe(25624): ADAPTER_EVT type=content cls=android.view.View desc=null txt_len=0 pkg=com.deepseek.chat t_boot_ns=1206581849144345
09-06 01:10:12.820 I/AnebProbe(25624): ADAPTER_EVT type=content cls=android.view.View desc=null txt_len=0 pkg=com.deepseek.chat t_boot_ns=1206581851422470
09-06 01:10:12.820 I/AnebProbe(25624): ADAPTER_EVT type=content cls=android.view.View desc=null txt_len=0 pkg=com.deepseek.chat t_boot_ns=1206581851776637
09-06 01:10:12.820 I/AnebProbe(25624): ADAPTER_EVT type=content cls=android.view.View desc=null txt_len=0 pkg=com.deepseek.chat t_boot_ns=1206581852001637
09-06 01:10:12.821 I/AnebProbe(25624): ADAPTER_EVT type=content cls=android.view.View desc=null txt_len=0 pkg=com.deepseek.chat t_boot_ns=1206581852209970
09-06 01:10:12.821 I/AnebProbe(25624): ADAPTER_EVT type=content cls=android.view.View desc=null txt_len=0 pkg=com.deepseek.chat t_boot_ns=1206581852407366
09-06 01:10:12.821 I/AnebProbe(25624): ADAPTER_EVT type=content cls=android.view.View desc=null txt_len=0 pkg=com.deepseek.chat t_boot_ns=1206581852671429
09-06 01:10:12.924 I/AnebProbe(25624): ADAPTER_EVT type=content cls=android.view.View desc=null txt_len=0 pkg=com.deepseek.chat t_boot_ns=1206581955843824
09-06 01:10:12.925 I/AnebProbe(25624): ADAPTER_EVT type=content cls=android.view.View desc=null txt_len=0 pkg=com.deepseek.chat t_boot_ns=1206581956277679
09-06 01:10:12.925 I/AnebProbe(25624): ADAPTER_EVT type=content cls=android.view.View desc=null txt_len=0 pkg=com.deepseek.chat t_boot_ns=1206581956426637
09-06 01:10:13.033 I/AnebProbe(25624): ADAPTER_EVT type=content cls=android.view.View desc=null txt_len=0 pkg=com.deepseek.chat t_boot_ns=1206582064077679
09-06 01:10:13.034 I/AnebProbe(25624): ADAPTER_EVT type=content cls=android.view.View desc=null txt_len=0 pkg=com.deepseek.chat t_boot_ns=1206582065706845
09-06 01:10:13.034 I/AnebProbe(25624): ADAPTER_EVT type=content cls=android.view.View desc=null txt_len=0 pkg=com.deepseek.chat t_boot_ns=1206582066104762
09-06 01:10:13.035 I/AnebProbe(25624): ADAPTER_EVT type=content cls=android.view.View desc=null txt_len=0 pkg=com.deepseek.chat t_boot_ns=1206582066282366
09-06 01:10:13.035 I/AnebProbe(25624): ADAPTER_EVT type=content cls=android.view.View desc=null txt_len=0 pkg=com.deepseek.chat t_boot_ns=1206582066440699
09-06 01:10:13.035 I/AnebProbe(25624): ADAPTER_EVT type=content cls=android.view.View desc=null txt_len=0 pkg=com.deepseek.chat t_boot_ns=1206582066654241
09-06 01:10:13.133 I/AnebProbe(25624): ADAPTER_EVT type=content cls=android.view.View desc=null txt_len=0 pkg=com.deepseek.chat t_boot_ns=1206582163883408
09-06 01:10:13.133 I/AnebProbe(25624): ADAPTER_EVT type=content cls=android.view.View desc=null txt_len=0 pkg=com.deepseek.chat t_boot_ns=1206582164585491
09-06 01:10:13.133 I/AnebProbe(25624): ADAPTER_EVT type=content cls=android.view.View desc=null txt_len=0 pkg=com.deepseek.chat t_boot_ns=1206582164970387
09-06 01:10:13.134 I/AnebProbe(25624): ADAPTER_EVT type=content cls=android.view.View desc=null txt_len=0 pkg=com.deepseek.chat t_boot_ns=1206582165203199
09-06 01:10:13.134 I/AnebProbe(25624): ADAPTER_EVT type=content cls=android.view.View desc=null txt_len=0 pkg=com.deepseek.chat t_boot_ns=1206582165372470
09-06 01:10:13.134 I/AnebProbe(25624): ADAPTER_EVT type=content cls=android.view.View desc=null txt_len=0 pkg=com.deepseek.chat t_boot_ns=1206582165549033
09-06 01:10:13.240 I/AnebProbe(25624): ADAPTER_EVT type=content cls=android.view.View desc=null txt_len=0 pkg=com.deepseek.chat t_boot_ns=1206582271049554
09-06 01:10:13.240 I/AnebProbe(25624): ADAPTER_EVT type=content cls=android.view.View desc=null txt_len=0 pkg=com.deepseek.chat t_boot_ns=1206582271818824
09-06 01:10:13.240 I/AnebProbe(25624): ADAPTER_EVT type=content cls=android.view.View desc=null txt_len=0 pkg=com.deepseek.chat t_boot_ns=1206582272059970
09-06 01:10:13.241 I/AnebProbe(25624): ADAPTER_EVT type=content cls=android.view.View desc=null txt_len=0 pkg=com.deepseek.chat t_boot_ns=1206582272215699
09-06 01:10:13.241 I/AnebProbe(25624): ADAPTER_EVT type=content cls=android.view.View desc=null txt_len=0 pkg=com.deepseek.chat t_boot_ns=1206582272356845
09-06 01:10:13.241 I/AnebProbe(25624): ADAPTER_EVT type=content cls=android.view.View desc=null txt_len=0 pkg=com.deepseek.chat t_boot_ns=1206582272490179
09-06 01:10:13.241 I/AnebProbe(25624): ADAPTER_EVT type=content cls=android.view.View desc=null txt_len=0 pkg=com.deepseek.chat t_boot_ns=1206582272639658
09-06 01:10:13.341 I/AnebProbe(25624): ADAPTER_EVT type=content cls=android.view.View desc=null txt_len=0 pkg=com.deepseek.chat t_boot_ns=1206582372862574
09-06 01:10:13.342 I/AnebProbe(25624): ADAPTER_EVT type=content cls=android.view.View desc=null txt_len=0 pkg=com.deepseek.chat t_boot_ns=1206582373324033
09-06 01:10:13.342 I/AnebProbe(25624): ADAPTER_EVT type=content cls=android.view.View desc=null txt_len=0 pkg=com.deepseek.chat t_boot_ns=1206582373518304
09-06 01:10:13.342 I/AnebProbe(25624): ADAPTER_EVT type=content cls=android.view.View desc=null txt_len=0 pkg=com.deepseek.chat t_boot_ns=1206582373698512
09-06 01:10:13.342 I/AnebProbe(25624): ADAPTER_EVT type=content cls=android.view.View desc=null txt_len=0 pkg=com.deepseek.chat t_boot_ns=1206582373992783
09-06 01:10:13.343 I/AnebProbe(25624): ADAPTER_EVT type=content cls=android.view.View desc=null txt_len=0 pkg=com.deepseek.chat t_boot_ns=1206582374231324
09-06 01:10:13.343 I/AnebProbe(25624): ADAPTER_EVT type=content cls=android.view.View desc=null txt_len=0 pkg=com.deepseek.chat t_boot_ns=1206582374393824
09-06 01:10:13.442 I/AnebProbe(25624): ADAPTER_EVT type=content cls=android.view.View desc=null txt_len=0 pkg=com.deepseek.chat t_boot_ns=1206582473838616
09-06 01:10:13.443 I/AnebProbe(25624): ADAPTER_EVT type=content cls=android.view.View desc=null txt_len=0 pkg=com.deepseek.chat t_boot_ns=1206582474253720
09-06 01:10:13.544 I/AnebProbe(25624): ADAPTER_EVT type=content cls=android.view.View desc=null txt_len=0 pkg=com.deepseek.chat t_boot_ns=1206582574976116
09-06 01:10:13.544 I/AnebProbe(25624): ADAPTER_EVT type=content cls=android.view.View desc=null txt_len=0 pkg=com.deepseek.chat t_boot_ns=1206582575401116
09-06 01:10:13.546 I/AnebProbe(25624): ADAPTER_EVT type=content cls=android.view.View desc=null txt_len=0 pkg=com.deepseek.chat t_boot_ns=1206582577041741
09-06 01:10:13.546 I/AnebProbe(25624): ADAPTER_EVT type=content cls=android.view.View desc=null txt_len=0 pkg=com.deepseek.chat t_boot_ns=1206582577557887
09-06 01:10:13.546 I/AnebProbe(25624): ADAPTER_EVT type=content cls=android.view.View desc=null txt_len=0 pkg=com.deepseek.chat t_boot_ns=1206582577772991
09-06 01:10:13.546 I/AnebProbe(25624): ADAPTER_EVT type=content cls=android.view.View desc=null txt_len=0 pkg=com.deepseek.chat t_boot_ns=1206582577982366
09-06 01:10:13.645 I/AnebProbe(25624): ADAPTER_EVT type=content cls=android.view.View desc=null txt_len=0 pkg=com.deepseek.chat t_boot_ns=1206582676455803
09-06 01:10:13.647 I/AnebProbe(25624): ADAPTER_EVT type=content cls=android.view.View desc=null txt_len=0 pkg=com.deepseek.chat t_boot_ns=1206582678066741
09-06 01:10:13.647 I/AnebProbe(25624): ADAPTER_EVT type=content cls=android.view.View desc=null txt_len=0 pkg=com.deepseek.chat t_boot_ns=1206582678425074
09-06 01:10:13.647 I/AnebProbe(25624): ADAPTER_EVT type=content cls=android.view.View desc=null txt_len=0 pkg=com.deepseek.chat t_boot_ns=1206582678608408
09-06 01:10:13.647 I/AnebProbe(25624): ADAPTER_EVT type=content cls=android.view.View desc=null txt_len=0 pkg=com.deepseek.chat t_boot_ns=1206582678855283
09-06 01:10:13.647 I/AnebProbe(25624): ADAPTER_EVT type=content cls=android.view.View desc=null txt_len=0 pkg=com.deepseek.chat t_boot_ns=1206582679029762
09-06 01:10:13.648 I/AnebProbe(25624): ADAPTER_EVT type=content cls=android.view.View desc=null txt_len=0 pkg=com.deepseek.chat t_boot_ns=1206582679194866
09-06 01:10:13.748 I/AnebProbe(25624): ADAPTER_EVT type=content cls=android.view.View desc=null txt_len=0 pkg=com.deepseek.chat t_boot_ns=1206582779313095
09-06 01:10:13.748 I/AnebProbe(25624): ADAPTER_EVT type=content cls=android.view.View desc=null txt_len=0 pkg=com.deepseek.chat t_boot_ns=1206582779719345
09-06 01:10:13.748 I/AnebProbe(25624): ADAPTER_EVT type=content cls=android.view.View desc=null txt_len=0 pkg=com.deepseek.chat t_boot_ns=1206582779868824
09-06 01:10:13.748 I/AnebProbe(25624): ADAPTER_EVT type=content cls=android.view.View desc=null txt_len=0 pkg=com.deepseek.chat t_boot_ns=1206582780040178
09-06 01:10:13.749 I/AnebProbe(25624): ADAPTER_EVT type=content cls=android.view.View desc=null txt_len=0 pkg=com.deepseek.chat t_boot_ns=1206582780169866
09-06 01:10:13.749 I/AnebProbe(25624): ADAPTER_EVT type=content cls=android.view.View desc=null txt_len=0 pkg=com.deepseek.chat t_boot_ns=1206582780297470
09-06 01:10:13.850 I/AnebProbe(25624): ADAPTER_EVT type=content cls=android.view.View desc=null txt_len=0 pkg=com.deepseek.chat t_boot_ns=1206582880961012
09-06 01:10:13.850 I/AnebProbe(25624): ADAPTER_EVT type=content cls=android.view.View desc=null txt_len=0 pkg=com.deepseek.chat t_boot_ns=1206582881426637
09-06 01:10:13.850 I/AnebProbe(25624): ADAPTER_EVT type=content cls=android.view.View desc=null txt_len=0 pkg=com.deepseek.chat t_boot_ns=1206582881600595
09-06 01:10:13.850 I/AnebProbe(25624): ADAPTER_EVT type=content cls=android.view.View desc=null txt_len=0 pkg=com.deepseek.chat t_boot_ns=1206582881728199
09-06 01:10:13.850 I/AnebProbe(25624): ADAPTER_EVT type=content cls=android.view.View desc=null txt_len=0 pkg=com.deepseek.chat t_boot_ns=1206582881848512
09-06 01:10:13.850 I/AnebProbe(25624): ADAPTER_EVT type=content cls=android.view.View desc=null txt_len=0 pkg=com.deepseek.chat t_boot_ns=1206582882042262
09-06 01:10:13.951 I/AnebProbe(25624): ADAPTER_EVT type=content cls=android.view.View desc=null txt_len=0 pkg=com.deepseek.chat t_boot_ns=1206582982279762
09-06 01:10:13.951 I/AnebProbe(25624): ADAPTER_EVT type=content cls=android.view.View desc=null txt_len=0 pkg=com.deepseek.chat t_boot_ns=1206582982731324
09-06 01:10:13.951 I/AnebProbe(25624): ADAPTER_EVT type=content cls=android.view.View desc=null txt_len=0 pkg=com.deepseek.chat t_boot_ns=1206582982931845
09-06 01:10:13.951 I/AnebProbe(25624): ADAPTER_EVT type=content cls=android.view.View desc=null txt_len=0 pkg=com.deepseek.chat t_boot_ns=1206582983066741
09-06 01:10:13.952 I/AnebProbe(25624): ADAPTER_EVT type=content cls=android.view.View desc=null txt_len=0 pkg=com.deepseek.chat t_boot_ns=1206582983209449
09-06 01:10:13.952 I/AnebProbe(25624): ADAPTER_EVT type=content cls=android.view.View desc=null txt_len=0 pkg=com.deepseek.chat t_boot_ns=1206582983394866
09-06 01:10:13.952 I/AnebProbe(25624): ADAPTER_EVT type=content cls=android.view.View desc=null txt_len=0 pkg=com.deepseek.chat t_boot_ns=1206582983524033
09-06 01:10:14.052 I/AnebProbe(25624): ADAPTER_EVT type=content cls=android.view.View desc=null txt_len=0 pkg=com.deepseek.chat t_boot_ns=1206583083304241
09-06 01:10:14.052 I/AnebProbe(25624): ADAPTER_EVT type=content cls=android.view.View desc=null txt_len=0 pkg=com.deepseek.chat t_boot_ns=1206583083684449
09-06 01:10:14.153 I/AnebProbe(25624): ADAPTER_EVT type=content cls=android.view.View desc=null txt_len=0 pkg=com.deepseek.chat t_boot_ns=1206583184573512
09-06 01:10:14.153 I/AnebProbe(25624): ADAPTER_EVT type=content cls=android.view.View desc=null txt_len=0 pkg=com.deepseek.chat t_boot_ns=1206583185013095
09-06 01:10:14.154 I/AnebProbe(25624): ADAPTER_EVT type=content cls=android.view.View desc=null txt_len=0 pkg=com.deepseek.chat t_boot_ns=1206583185187053
09-06 01:10:14.154 I/AnebProbe(25624): ADAPTER_EVT type=content cls=android.view.View desc=null txt_len=0 pkg=com.deepseek.chat t_boot_ns=1206583185387053
09-06 01:10:14.154 I/AnebProbe(25624): ADAPTER_EVT type=content cls=android.view.View desc=null txt_len=0 pkg=com.deepseek.chat t_boot_ns=1206583185554241
09-06 01:10:14.154 I/AnebProbe(25624): ADAPTER_EVT type=content cls=android.view.View desc=null txt_len=0 pkg=com.deepseek.chat t_boot_ns=1206583185694866
09-06 01:10:14.154 I/AnebProbe(25624): ADAPTER_EVT type=content cls=android.view.View desc=null txt_len=0 pkg=com.deepseek.chat t_boot_ns=1206583185833408
09-06 01:10:14.258 I/AnebProbe(25624): ADAPTER_EVT type=content cls=android.view.View desc=null txt_len=0 pkg=com.deepseek.chat t_boot_ns=1206583289248512
09-06 01:10:14.258 I/AnebProbe(25624): ADAPTER_EVT type=content cls=android.view.View desc=null txt_len=0 pkg=com.deepseek.chat t_boot_ns=1206583289704762
09-06 01:10:14.258 I/AnebProbe(25624): ADAPTER_EVT type=content cls=android.view.View desc=null txt_len=0 pkg=com.deepseek.chat t_boot_ns=1206583289942262
09-06 01:10:14.258 I/AnebProbe(25624): ADAPTER_EVT type=content cls=android.view.View desc=null txt_len=0 pkg=com.deepseek.chat t_boot_ns=1206583290116220
09-06 01:10:14.259 I/AnebProbe(25624): ADAPTER_EVT type=content cls=android.view.View desc=null txt_len=0 pkg=com.deepseek.chat t_boot_ns=1206583290277158
09-06 01:10:14.259 I/AnebProbe(25624): ADAPTER_EVT type=content cls=android.view.View desc=null txt_len=0 pkg=com.deepseek.chat t_boot_ns=1206583290454762
09-06 01:10:14.259 I/AnebProbe(25624): ADAPTER_EVT type=content cls=android.view.View desc=null txt_len=0 pkg=com.deepseek.chat t_boot_ns=1206583290641220
09-06 01:10:14.358 I/AnebProbe(25624): ADAPTER_EVT type=content cls=android.view.View desc=null txt_len=0 pkg=com.deepseek.chat t_boot_ns=1206583389777158
09-06 01:10:14.359 I/AnebProbe(25624): ADAPTER_EVT type=content cls=android.view.View desc=null txt_len=0 pkg=com.deepseek.chat t_boot_ns=1206583390275595
09-06 01:10:14.359 I/AnebProbe(25624): ADAPTER_EVT type=content cls=android.view.View desc=null txt_len=0 pkg=com.deepseek.chat t_boot_ns=1206583390443824
09-06 01:10:14.359 I/AnebProbe(25624): ADAPTER_EVT type=content cls=android.view.View desc=null txt_len=0 pkg=com.deepseek.chat t_boot_ns=1206583390616220
09-06 01:10:14.359 I/AnebProbe(25624): ADAPTER_EVT type=content cls=android.view.View desc=null txt_len=0 pkg=com.deepseek.chat t_boot_ns=1206583390761012
09-06 01:10:14.359 I/AnebProbe(25624): ADAPTER_EVT type=content cls=android.view.View desc=null txt_len=0 pkg=com.deepseek.chat t_boot_ns=1206583390902158
09-06 01:10:14.359 I/AnebProbe(25624): ADAPTER_EVT type=content cls=android.view.View desc=null txt_len=0 pkg=com.deepseek.chat t_boot_ns=1206583391040178
09-06 01:10:14.474 I/AnebProbe(25624): ADAPTER_EVT type=content cls=android.view.View desc=null txt_len=0 pkg=com.deepseek.chat t_boot_ns=1206583503149033
09-06 01:10:14.477 I/AnebProbe(25624): ADAPTER_EVT type=content cls=android.view.View desc=null txt_len=0 pkg=com.deepseek.chat t_boot_ns=1206583507540699
09-06 01:10:14.477 I/AnebProbe(25624): ADAPTER_EVT type=content cls=android.view.View desc=null txt_len=0 pkg=com.deepseek.chat t_boot_ns=1206583508659449
09-06 01:10:14.477 I/AnebProbe(25624): ADAPTER_EVT type=content cls=android.view.View desc=null txt_len=0 pkg=com.deepseek.chat t_boot_ns=1206583508897991
09-06 01:10:14.477 I/AnebProbe(25624): ADAPTER_EVT type=content cls=android.view.View desc=null txt_len=0 pkg=com.deepseek.chat t_boot_ns=1206583509089658
09-06 01:10:14.478 I/AnebProbe(25624): ADAPTER_EVT type=content cls=android.view.View desc=null txt_len=0 pkg=com.deepseek.chat t_boot_ns=1206583509274033
09-06 01:10:14.478 I/AnebProbe(25624): ADAPTER_EVT type=content cls=android.view.View desc=null txt_len=0 pkg=com.deepseek.chat t_boot_ns=1206583509425595
09-06 01:10:14.574 I/AnebProbe(25624): ADAPTER_EVT type=content cls=android.view.View desc=null txt_len=0 pkg=com.deepseek.chat t_boot_ns=1206583605479762
09-06 01:10:14.575 I/AnebProbe(25624): ADAPTER_EVT type=content cls=android.view.View desc=null txt_len=0 pkg=com.deepseek.chat t_boot_ns=1206583605903199
09-06 01:10:14.576 I/AnebProbe(25624): ADAPTER_EVT type=content cls=android.view.View desc=null txt_len=0 pkg=com.deepseek.chat t_boot_ns=1206583607085491
09-06 01:10:14.576 I/AnebProbe(25624): ADAPTER_EVT type=content cls=android.view.View desc=null txt_len=0 pkg=com.deepseek.chat t_boot_ns=1206583607456324
09-06 01:10:14.576 I/AnebProbe(25624): ADAPTER_EVT type=content cls=android.view.View desc=null txt_len=0 pkg=com.deepseek.chat t_boot_ns=1206583607700074
09-06 01:10:14.576 I/AnebProbe(25624): ADAPTER_EVT type=content cls=android.view.View desc=null txt_len=0 pkg=com.deepseek.chat t_boot_ns=1206583607896949
09-06 01:10:14.679 I/AnebProbe(25624): ADAPTER_EVT type=content cls=android.view.View desc=null txt_len=0 pkg=com.deepseek.chat t_boot_ns=1206583710372991
09-06 01:10:14.679 I/AnebProbe(25624): ADAPTER_EVT type=content cls=android.view.View desc=null txt_len=0 pkg=com.deepseek.chat t_boot_ns=1206583710831324
09-06 01:10:14.679 I/AnebProbe(25624): ADAPTER_EVT type=content cls=android.view.View desc=null txt_len=0 pkg=com.deepseek.chat t_boot_ns=1206583711087574
09-06 01:10:14.680 I/AnebProbe(25624): ADAPTER_EVT type=content cls=android.view.View desc=null txt_len=0 pkg=com.deepseek.chat t_boot_ns=1206583711291741
09-06 01:10:14.680 I/AnebProbe(25624): ADAPTER_EVT type=content cls=android.view.View desc=null txt_len=0 pkg=com.deepseek.chat t_boot_ns=1206583711454241
09-06 01:10:14.781 I/AnebProbe(25624): ADAPTER_EVT type=content cls=android.view.View desc=null txt_len=0 pkg=com.deepseek.chat t_boot_ns=1206583812328720
09-06 01:10:14.781 I/AnebProbe(25624): ADAPTER_EVT type=content cls=android.view.View desc=null txt_len=0 pkg=com.deepseek.chat t_boot_ns=1206583812694866
09-06 01:10:14.881 I/AnebProbe(25624): ADAPTER_EVT type=content cls=android.view.View desc=null txt_len=0 pkg=com.deepseek.chat t_boot_ns=1206583912193303
09-06 01:10:14.882 I/AnebProbe(25624): ADAPTER_EVT type=content cls=android.view.View desc=null txt_len=0 pkg=com.deepseek.chat t_boot_ns=1206583913093303
09-06 01:10:14.882 I/AnebProbe(25624): ADAPTER_EVT type=content cls=android.view.View desc=null txt_len=0 pkg=com.deepseek.chat t_boot_ns=1206583913453199
09-06 01:10:14.882 I/AnebProbe(25624): ADAPTER_EVT type=content cls=android.view.View desc=null txt_len=0 pkg=com.deepseek.chat t_boot_ns=1206583913637053
09-06 01:10:14.882 I/AnebProbe(25624): ADAPTER_EVT type=content cls=android.view.View desc=null txt_len=0 pkg=com.deepseek.chat t_boot_ns=1206583913763095
09-06 01:10:14.986 I/AnebProbe(25624): ADAPTER_EVT type=content cls=android.view.View desc=null txt_len=0 pkg=com.deepseek.chat t_boot_ns=1206584016850595
09-06 01:10:14.986 I/AnebProbe(25624): ADAPTER_EVT type=content cls=android.view.View desc=null txt_len=0 pkg=com.deepseek.chat t_boot_ns=1206584017839657
09-06 01:10:14.987 I/AnebProbe(25624): ADAPTER_EVT type=content cls=android.view.View desc=null txt_len=0 pkg=com.deepseek.chat t_boot_ns=1206584018153720
09-06 01:10:14.987 I/AnebProbe(25624): ADAPTER_EVT type=content cls=android.view.View desc=null txt_len=0 pkg=com.deepseek.chat t_boot_ns=1206584018349553
09-06 01:10:14.987 I/AnebProbe(25624): ADAPTER_EVT type=content cls=android.view.View desc=null txt_len=0 pkg=com.deepseek.chat t_boot_ns=1206584018627157
09-06 01:10:15.088 I/AnebProbe(25624): ADAPTER_EVT type=content cls=android.view.View desc=null txt_len=0 pkg=com.deepseek.chat t_boot_ns=1206584119087574
09-06 01:10:15.088 I/AnebProbe(25624): ADAPTER_EVT type=content cls=android.view.View desc=null txt_len=0 pkg=com.deepseek.chat t_boot_ns=1206584119500595
09-06 01:10:15.088 I/AnebProbe(25624): ADAPTER_EVT type=content cls=android.view.View desc=null txt_len=0 pkg=com.deepseek.chat t_boot_ns=1206584119657887
09-06 01:10:15.088 I/AnebProbe(25624): ADAPTER_EVT type=content cls=android.view.View desc=null txt_len=0 pkg=com.deepseek.chat t_boot_ns=1206584119814657
09-06 01:10:15.088 I/AnebProbe(25624): ADAPTER_EVT type=content cls=android.view.View desc=null txt_len=0 pkg=com.deepseek.chat t_boot_ns=1206584119948512
09-06 01:10:15.088 I/AnebProbe(25624): ADAPTER_EVT type=content cls=android.view.View desc=null txt_len=0 pkg=com.deepseek.chat t_boot_ns=1206584120095387
09-06 01:10:15.189 I/AnebProbe(25624): ADAPTER_EVT type=content cls=android.view.View desc=null txt_len=0 pkg=com.deepseek.chat t_boot_ns=1206584220490699
09-06 01:10:15.189 I/AnebProbe(25624): ADAPTER_EVT type=content cls=android.view.View desc=null txt_len=0 pkg=com.deepseek.chat t_boot_ns=1206584220936532
09-06 01:10:15.189 I/AnebProbe(25624): ADAPTER_EVT type=content cls=android.view.View desc=null txt_len=0 pkg=com.deepseek.chat t_boot_ns=1206584221100074
09-06 01:10:15.190 I/AnebProbe(25624): ADAPTER_EVT type=content cls=android.view.View desc=null txt_len=0 pkg=com.deepseek.chat t_boot_ns=1206584221212574
09-06 01:10:15.191 I/AnebProbe(25624): ADAPTER_EVT type=content cls=android.view.View desc=null txt_len=0 pkg=com.deepseek.chat t_boot_ns=1206584221783928
09-06 01:10:15.290 I/AnebProbe(25624): ADAPTER_EVT type=content cls=android.view.View desc=null txt_len=0 pkg=com.deepseek.chat t_boot_ns=1206584321037053
09-06 01:10:15.290 I/AnebProbe(25624): ADAPTER_EVT type=content cls=android.view.View desc=null txt_len=0 pkg=com.deepseek.chat t_boot_ns=1206584321514657
09-06 01:10:15.290 I/AnebProbe(25624): ADAPTER_EVT type=content cls=android.view.View desc=null txt_len=0 pkg=com.deepseek.chat t_boot_ns=1206584321939657
09-06 01:10:15.291 I/AnebProbe(25624): ADAPTER_EVT type=content cls=android.view.View desc=null txt_len=0 pkg=com.deepseek.chat t_boot_ns=1206584322197470
09-06 01:10:15.291 I/AnebProbe(25624): ADAPTER_EVT type=content cls=android.view.View desc=null txt_len=0 pkg=com.deepseek.chat t_boot_ns=1206584322390178
09-06 01:10:15.291 I/AnebProbe(25624): ADAPTER_EVT type=content cls=android.view.View desc=null txt_len=0 pkg=com.deepseek.chat t_boot_ns=1206584322579241
09-06 01:10:15.405 I/AnebProbe(25624): ADAPTER_EVT type=content cls=android.view.View desc=null txt_len=0 pkg=com.deepseek.chat t_boot_ns=1206584436750074
09-06 01:10:15.406 I/AnebProbe(25624): ADAPTER_EVT type=content cls=android.view.View desc=null txt_len=0 pkg=com.deepseek.chat t_boot_ns=1206584437266741
09-06 01:10:15.406 I/AnebProbe(25624): ADAPTER_EVT type=content cls=android.view.View desc=null txt_len=0 pkg=com.deepseek.chat t_boot_ns=1206584437504762
09-06 01:10:15.406 I/AnebProbe(25624): ADAPTER_EVT type=content cls=android.view.View desc=null txt_len=0 pkg=com.deepseek.chat t_boot_ns=1206584437681845
09-06 01:10:15.406 I/AnebProbe(25624): ADAPTER_EVT type=content cls=android.view.View desc=null txt_len=0 pkg=com.deepseek.chat t_boot_ns=1206584437803199
09-06 01:10:15.505 I/AnebProbe(25624): ADAPTER_EVT type=content cls=android.view.View desc=null txt_len=0 pkg=com.deepseek.chat t_boot_ns=1206584536428720
09-06 01:10:15.506 I/AnebProbe(25624): ADAPTER_EVT type=content cls=android.view.View desc=null txt_len=0 pkg=com.deepseek.chat t_boot_ns=1206584537116741
09-06 01:10:15.506 I/AnebProbe(25624): ADAPTER_EVT type=content cls=android.view.View desc=null txt_len=0 pkg=com.deepseek.chat t_boot_ns=1206584537333407
09-06 01:10:15.506 I/AnebProbe(25624): ADAPTER_EVT type=content cls=android.view.View desc=null txt_len=0 pkg=com.deepseek.chat t_boot_ns=1206584537567262
09-06 01:10:15.506 I/AnebProbe(25624): ADAPTER_EVT type=content cls=android.view.View desc=null txt_len=0 pkg=com.deepseek.chat t_boot_ns=1206584537782887
09-06 01:10:15.604 I/AnebProbe(25624): ADAPTER_EVT type=content cls=android.view.View desc=null txt_len=0 pkg=com.deepseek.chat t_boot_ns=1206584635658928
09-06 01:10:15.606 I/AnebProbe(25624): ADAPTER_EVT type=content cls=android.view.View desc=null txt_len=0 pkg=com.deepseek.chat t_boot_ns=1206584637714657
09-06 01:10:15.607 I/AnebProbe(25624): ADAPTER_EVT type=content cls=android.view.View desc=null txt_len=0 pkg=com.deepseek.chat t_boot_ns=1206584638170387
09-06 01:10:15.607 I/AnebProbe(25624): ADAPTER_EVT type=content cls=android.view.View desc=null txt_len=0 pkg=com.deepseek.chat t_boot_ns=1206584638375595
09-06 01:10:15.607 I/AnebProbe(25624): ADAPTER_EVT type=content cls=android.view.View desc=null txt_len=0 pkg=com.deepseek.chat t_boot_ns=1206584638564657
09-06 01:10:15.607 I/AnebProbe(25624): ADAPTER_EVT type=content cls=android.view.View desc=null txt_len=0 pkg=com.deepseek.chat t_boot_ns=1206584638773512
09-06 01:10:15.607 I/AnebProbe(25624): ADAPTER_EVT type=content cls=android.view.View desc=null txt_len=0 pkg=com.deepseek.chat t_boot_ns=1206584638959449
09-06 01:10:15.708 I/AnebProbe(25624): ADAPTER_EVT type=content cls=android.view.View desc=null txt_len=0 pkg=com.deepseek.chat t_boot_ns=1206584739661532
09-06 01:10:15.709 I/AnebProbe(25624): ADAPTER_EVT type=content cls=android.view.View desc=null txt_len=0 pkg=com.deepseek.chat t_boot_ns=1206584740119866
09-06 01:10:15.709 I/AnebProbe(25624): ADAPTER_EVT type=content cls=android.view.View desc=null txt_len=0 pkg=com.deepseek.chat t_boot_ns=1206584741049553
09-06 01:10:15.710 I/AnebProbe(25624): ADAPTER_EVT type=content cls=android.view.View desc=null txt_len=0 pkg=com.deepseek.chat t_boot_ns=1206584741407886
09-06 01:10:15.710 I/AnebProbe(25624): ADAPTER_EVT type=content cls=android.view.View desc=null txt_len=0 pkg=com.deepseek.chat t_boot_ns=1206584742058928
09-06 01:10:15.814 I/AnebProbe(25624): ADAPTER_EVT type=content cls=android.view.View desc=null txt_len=0 pkg=com.deepseek.chat t_boot_ns=1206584845290699
09-06 01:10:15.816 I/AnebProbe(25624): ADAPTER_OBS pkg=com.deepseek.chat mode=deepseek events=1887 rule_matched=0 first_delta_ms=0 cadence_p50_ms=0.3 session_span_ms=339580.9 confidence=LOW/INCONCLUSIVE reason=throttle ttft_send_ms=null anchor_source=null ttft_cluster_ms=2238.7 ttft_density_ms=2100.0
09-06 01:10:15.916 I/AnebProbe(25624): ADAPTER_EVT type=content cls=android.view.View desc=null txt_len=0 pkg=com.deepseek.chat t_boot_ns=1206584947029761
09-06 01:10:15.916 I/AnebProbe(25624): ADAPTER_EVT type=content cls=android.view.View desc=null txt_len=0 pkg=com.deepseek.chat t_boot_ns=1206584947774553
09-06 01:10:15.917 I/AnebProbe(25624): ADAPTER_EVT type=content cls=android.view.View desc=null txt_len=0 pkg=com.deepseek.chat t_boot_ns=1206584948140699
09-06 01:10:15.917 I/AnebProbe(25624): ADAPTER_EVT type=content cls=android.view.View desc=null txt_len=0 pkg=com.deepseek.chat t_boot_ns=1206584948360491
09-06 01:10:15.917 I/AnebProbe(25624): ADAPTER_EVT type=content cls=android.view.View desc=null txt_len=0 pkg=com.deepseek.chat t_boot_ns=1206584948589136
09-06 01:10:15.917 I/AnebProbe(25624): ADAPTER_EVT type=content cls=android.view.View desc=null txt_len=0 pkg=com.deepseek.chat t_boot_ns=1206584948742782
09-06 01:10:15.917 I/AnebProbe(25624): ADAPTER_EVT type=content cls=android.view.View desc=null txt_len=0 pkg=com.deepseek.chat t_boot_ns=1206584948944866
09-06 01:10:16.018 I/AnebProbe(25624): ADAPTER_EVT type=content cls=android.view.View desc=null txt_len=0 pkg=com.deepseek.chat t_boot_ns=1206585049266741
09-06 01:10:16.018 I/AnebProbe(25624): ADAPTER_EVT type=content cls=android.view.View desc=null txt_len=0 pkg=com.deepseek.chat t_boot_ns=1206585049859449
09-06 01:10:16.019 I/AnebProbe(25624): ADAPTER_EVT type=content cls=android.view.View desc=null txt_len=0 pkg=com.deepseek.chat t_boot_ns=1206585050425074
09-06 01:10:16.019 I/AnebProbe(25624): ADAPTER_EVT type=content cls=android.view.View desc=null txt_len=0 pkg=com.deepseek.chat t_boot_ns=1206585050751636
09-06 01:10:16.019 I/AnebProbe(25624): ADAPTER_EVT type=content cls=android.view.View desc=null txt_len=0 pkg=com.deepseek.chat t_boot_ns=1206585051053720
09-06 01:10:16.020 I/AnebProbe(25624): ADAPTER_EVT type=content cls=android.view.View desc=null txt_len=0 pkg=com.deepseek.chat t_boot_ns=1206585051233407
09-06 01:10:16.020 I/AnebProbe(25624): ADAPTER_EVT type=content cls=android.view.View desc=null txt_len=0 pkg=com.deepseek.chat t_boot_ns=1206585051389136
09-06 01:10:16.119 I/AnebProbe(25624): ADAPTER_EVT type=content cls=android.view.View desc=null txt_len=0 pkg=com.deepseek.chat t_boot_ns=1206585150112053
09-06 01:10:16.223 I/AnebProbe(25624): ADAPTER_EVT type=content cls=android.view.View desc=null txt_len=0 pkg=com.deepseek.chat t_boot_ns=1206585251282886
09-06 01:10:16.224 I/AnebProbe(25624): ADAPTER_EVT type=content cls=android.view.View desc=null txt_len=0 pkg=com.deepseek.chat t_boot_ns=1206585254941220
09-06 01:10:16.224 I/AnebProbe(25624): ADAPTER_EVT type=content cls=android.view.View desc=null txt_len=0 pkg=com.deepseek.chat t_boot_ns=1206585255508928
09-06 01:10:16.224 I/AnebProbe(25624): ADAPTER_EVT type=content cls=android.view.View desc=null txt_len=0 pkg=com.deepseek.chat t_boot_ns=1206585255917261
09-06 01:10:16.224 I/AnebProbe(25624): ADAPTER_EVT type=content cls=android.view.View desc=null txt_len=0 pkg=com.deepseek.chat t_boot_ns=1206585256122470
09-06 01:10:16.225 I/AnebProbe(25624): ADAPTER_EVT type=content cls=android.view.View desc=null txt_len=0 pkg=com.deepseek.chat t_boot_ns=1206585256324553
09-06 01:10:16.225 I/AnebProbe(25624): ADAPTER_EVT type=content cls=android.view.View desc=null txt_len=0 pkg=com.deepseek.chat t_boot_ns=1206585256483407
09-06 01:10:16.225 I/AnebProbe(25624): ADAPTER_EVT type=content cls=android.view.View desc=null txt_len=0 pkg=com.deepseek.chat t_boot_ns=1206585256630282
09-06 01:10:16.225 I/AnebProbe(25624): ADAPTER_EVT type=content cls=android.view.View desc=null txt_len=0 pkg=com.deepseek.chat t_boot_ns=1206585256778199
09-06 01:10:16.322 I/AnebProbe(25624): ADAPTER_EVT type=content cls=android.view.View desc=null txt_len=0 pkg=com.deepseek.chat t_boot_ns=1206585353296428
09-06 01:10:16.322 I/AnebProbe(25624): ADAPTER_EVT type=content cls=android.view.View desc=null txt_len=0 pkg=com.deepseek.chat t_boot_ns=1206585353709970
09-06 01:10:16.424 I/AnebProbe(25624): ADAPTER_EVT type=content cls=android.view.View desc=null txt_len=0 pkg=com.deepseek.chat t_boot_ns=1206585454991220
09-06 01:10:16.424 I/AnebProbe(25624): ADAPTER_EVT type=content cls=android.view.View desc=null txt_len=0 pkg=com.deepseek.chat t_boot_ns=1206585455488616
09-06 01:10:16.424 I/AnebProbe(25624): ADAPTER_EVT type=content cls=android.view.View desc=null txt_len=0 pkg=com.deepseek.chat t_boot_ns=1206585455671428
09-06 01:10:16.424 I/AnebProbe(25624): ADAPTER_EVT type=content cls=android.view.View desc=null txt_len=0 pkg=com.deepseek.chat t_boot_ns=1206585455861532
09-06 01:10:16.424 I/AnebProbe(25624): ADAPTER_EVT type=content cls=android.view.View desc=null txt_len=0 pkg=com.deepseek.chat t_boot_ns=1206585456043824
09-06 01:10:16.425 I/AnebProbe(25624): ADAPTER_EVT type=content cls=android.view.View desc=null txt_len=0 pkg=com.deepseek.chat t_boot_ns=1206585456230803
09-06 01:10:16.527 I/AnebProbe(25624): ADAPTER_EVT type=content cls=android.view.View desc=null txt_len=0 pkg=com.deepseek.chat t_boot_ns=1206585558864657
09-06 01:10:16.528 I/AnebProbe(25624): ADAPTER_EVT type=content cls=android.view.View desc=null txt_len=0 pkg=com.deepseek.chat t_boot_ns=1206585559666741
09-06 01:10:16.529 I/AnebProbe(25624): ADAPTER_EVT type=content cls=android.view.View desc=null txt_len=0 pkg=com.deepseek.chat t_boot_ns=1206585560409970
09-06 01:10:16.529 I/AnebProbe(25624): ADAPTER_EVT type=content cls=android.view.View desc=null txt_len=0 pkg=com.deepseek.chat t_boot_ns=1206585560591220
09-06 01:10:16.530 I/AnebProbe(25624): ADAPTER_EVT type=content cls=android.view.View desc=null txt_len=0 pkg=com.deepseek.chat t_boot_ns=1206585561366220
09-06 01:10:16.530 I/AnebProbe(25624): ADAPTER_EVT type=content cls=android.view.View desc=null txt_len=0 pkg=com.deepseek.chat t_boot_ns=1206585561561532
09-06 01:10:16.602 I/AnebProbe(25624): ADAPTER_EVT type=content cls=android.view.View desc=null txt_len=0 pkg=com.deepseek.chat t_boot_ns=1206585633049032
09-06 01:10:16.603 I/AnebProbe(25624): ADAPTER_EVT type=content cls=android.view.View desc=null txt_len=0 pkg=com.deepseek.chat t_boot_ns=1206585634668824
09-06 01:10:16.630 I/AnebProbe(25624): ADAPTER_EVT type=content cls=android.view.View desc=null txt_len=0 pkg=com.deepseek.chat t_boot_ns=1206585661380282
09-06 01:10:16.631 I/AnebProbe(25624): ADAPTER_EVT type=content cls=android.view.View desc=null txt_len=0 pkg=com.deepseek.chat t_boot_ns=1206585662130803
09-06 01:10:16.631 I/AnebProbe(25624): ADAPTER_EVT type=content cls=android.view.View desc=null txt_len=0 pkg=com.deepseek.chat t_boot_ns=1206585662678199
09-06 01:10:16.631 I/AnebProbe(25624): ADAPTER_EVT type=content cls=android.view.View desc=null txt_len=0 pkg=com.deepseek.chat t_boot_ns=1206585662852157
09-06 01:10:16.631 I/AnebProbe(25624): ADAPTER_EVT type=content cls=android.view.View desc=null txt_len=0 pkg=com.deepseek.chat t_boot_ns=1206585663047470
09-06 01:10:16.632 I/AnebProbe(25624): ADAPTER_EVT type=content cls=android.view.View desc=null txt_len=0 pkg=com.deepseek.chat t_boot_ns=1206585663401116
09-06 01:10:16.632 I/AnebProbe(25624): ADAPTER_EVT type=content cls=android.view.View desc=null txt_len=0 pkg=com.deepseek.chat t_boot_ns=1206585663616220
09-06 01:10:16.738 I/AnebProbe(25624): ADAPTER_EVT type=content cls=android.view.View desc=null txt_len=0 pkg=com.deepseek.chat t_boot_ns=1206585769354240
09-06 01:10:16.738 I/AnebProbe(25624): ADAPTER_EVT type=content cls=android.view.View desc=null txt_len=0 pkg=com.deepseek.chat t_boot_ns=1206585769935490
09-06 01:10:16.739 I/AnebProbe(25624): ADAPTER_EVT type=content cls=android.view.View desc=null txt_len=0 pkg=com.deepseek.chat t_boot_ns=1206585770134449
09-06 01:10:16.739 I/AnebProbe(25624): ADAPTER_EVT type=content cls=android.view.View desc=null txt_len=0 pkg=com.deepseek.chat t_boot_ns=1206585770299032
09-06 01:10:16.840 I/AnebProbe(25624): ADAPTER_EVT type=content cls=android.view.View desc=null txt_len=0 pkg=com.deepseek.chat t_boot_ns=1206585871650595
09-06 01:10:16.840 I/AnebProbe(25624): ADAPTER_EVT type=content cls=android.view.View desc=null txt_len=0 pkg=com.deepseek.chat t_boot_ns=1206585872073511
09-06 01:10:16.841 I/AnebProbe(25624): ADAPTER_EVT type=content cls=android.view.View desc=null txt_len=0 pkg=com.deepseek.chat t_boot_ns=1206585872227678
09-06 01:10:16.841 I/AnebProbe(25624): ADAPTER_EVT type=content cls=android.view.View desc=null txt_len=0 pkg=com.deepseek.chat t_boot_ns=1206585872789657
09-06 01:10:16.842 I/AnebProbe(25624): ADAPTER_EVT type=content cls=android.view.View desc=null txt_len=0 pkg=com.deepseek.chat t_boot_ns=1206585873679761
09-06 01:10:16.842 I/AnebProbe(25624): ADAPTER_EVT type=content cls=android.view.View desc=null txt_len=0 pkg=com.deepseek.chat t_boot_ns=1206585873857886
09-06 01:10:16.842 I/AnebProbe(25624): ADAPTER_EVT type=content cls=android.view.View desc=null txt_len=0 pkg=com.deepseek.chat t_boot_ns=1206585873994345
09-06 01:10:16.842 I/AnebProbe(25624): ADAPTER_EVT type=content cls=android.view.View desc=null txt_len=0 pkg=com.deepseek.chat t_boot_ns=1206585874120907
09-06 01:10:16.843 I/AnebProbe(25624): ADAPTER_EVT type=content cls=android.view.View desc=null txt_len=0 pkg=com.deepseek.chat t_boot_ns=1206585874287053
09-06 01:10:16.843 I/AnebProbe(25624): ADAPTER_EVT type=content cls=android.view.View desc=null txt_len=0 pkg=com.deepseek.chat t_boot_ns=1206585874416740
09-06 01:10:16.946 I/AnebProbe(25624): ADAPTER_EVT type=content cls=android.view.View desc=null txt_len=0 pkg=com.deepseek.chat t_boot_ns=1206585976406324
09-06 01:10:16.946 I/AnebProbe(25624): ADAPTER_EVT type=content cls=android.view.View desc=null txt_len=0 pkg=com.deepseek.chat t_boot_ns=1206585977406845
09-06 01:10:16.946 I/AnebProbe(25624): ADAPTER_EVT type=content cls=android.view.View desc=null txt_len=0 pkg=com.deepseek.chat t_boot_ns=1206585977588615
09-06 01:10:16.946 I/AnebProbe(25624): ADAPTER_EVT type=content cls=android.view.View desc=null txt_len=0 pkg=com.deepseek.chat t_boot_ns=1206585977737574
09-06 01:10:16.946 I/AnebProbe(25624): ADAPTER_EVT type=content cls=android.view.View desc=null txt_len=0 pkg=com.deepseek.chat t_boot_ns=1206585977866740
09-06 01:10:16.946 I/AnebProbe(25624): ADAPTER_EVT type=content cls=android.view.View desc=null txt_len=0 pkg=com.deepseek.chat t_boot_ns=1206585977992782
09-06 01:10:17.047 I/AnebProbe(25624): ADAPTER_EVT type=content cls=android.view.View desc=null txt_len=0 pkg=com.deepseek.chat t_boot_ns=1206586078947470
09-06 01:10:17.048 I/AnebProbe(25624): ADAPTER_EVT type=content cls=android.view.View desc=null txt_len=0 pkg=com.deepseek.chat t_boot_ns=1206586079374032
09-06 01:10:17.048 I/AnebProbe(25624): ADAPTER_EVT type=content cls=android.view.View desc=null txt_len=0 pkg=com.deepseek.chat t_boot_ns=1206586079933928
09-06 01:10:17.049 I/AnebProbe(25624): ADAPTER_EVT type=content cls=android.view.View desc=null txt_len=0 pkg=com.deepseek.chat t_boot_ns=1206586080169865
09-06 01:10:17.049 I/AnebProbe(25624): ADAPTER_EVT type=content cls=android.view.View desc=null txt_len=0 pkg=com.deepseek.chat t_boot_ns=1206586080312574
09-06 01:10:17.049 I/AnebProbe(25624): ADAPTER_EVT type=content cls=android.view.View desc=null txt_len=0 pkg=com.deepseek.chat t_boot_ns=1206586080467782
09-06 01:10:17.115 I/AnebProbe(25624): ADAPTER_EVT type=content cls=android.view.View desc=null txt_len=0 pkg=com.deepseek.chat t_boot_ns=1206586146493824
09-06 01:10:17.115 I/AnebProbe(25624): ADAPTER_EVT type=content cls=android.view.View desc=null txt_len=0 pkg=com.deepseek.chat t_boot_ns=1206586146895907
09-06 01:10:17.149 I/AnebProbe(25624): ADAPTER_EVT type=content cls=android.view.View desc=null txt_len=0 pkg=com.deepseek.chat t_boot_ns=1206586179850595
09-06 01:10:17.149 I/AnebProbe(25624): ADAPTER_EVT type=content cls=android.view.View desc=null txt_len=0 pkg=com.deepseek.chat t_boot_ns=1206586180582886
09-06 01:10:17.149 I/AnebProbe(25624): ADAPTER_EVT type=content cls=android.view.View desc=null txt_len=0 pkg=com.deepseek.chat t_boot_ns=1206586180723511
09-06 01:10:17.149 I/AnebProbe(25624): ADAPTER_EVT type=content cls=android.view.View desc=null txt_len=0 pkg=com.deepseek.chat t_boot_ns=1206586180880282
09-06 01:10:17.149 I/AnebProbe(25624): ADAPTER_EVT type=content cls=android.view.View desc=null txt_len=0 pkg=com.deepseek.chat t_boot_ns=1206586181003720
09-06 01:10:17.149 I/AnebProbe(25624): ADAPTER_EVT type=content cls=android.view.View desc=null txt_len=0 pkg=com.deepseek.chat t_boot_ns=1206586181104761
09-06 01:10:17.150 I/AnebProbe(25624): ADAPTER_EVT type=content cls=android.view.View desc=null txt_len=0 pkg=com.deepseek.chat t_boot_ns=1206586181215178
09-06 01:10:17.150 I/AnebProbe(25624): ADAPTER_EVT type=content cls=android.view.View desc=null txt_len=0 pkg=com.deepseek.chat t_boot_ns=1206586181334449
09-06 01:10:17.252 I/AnebProbe(25624): ADAPTER_EVT type=content cls=android.view.View desc=null txt_len=0 pkg=com.deepseek.chat t_boot_ns=1206586283289136
09-06 01:10:17.260 I/AnebProbe(25624): ADAPTER_EVT type=content cls=android.view.View desc=null txt_len=0 pkg=com.deepseek.chat t_boot_ns=1206586291318303
09-06 01:10:17.260 I/AnebProbe(25624): ADAPTER_EVT type=content cls=android.view.View desc=null txt_len=0 pkg=com.deepseek.chat t_boot_ns=1206586291888615
09-06 01:10:17.359 I/AnebProbe(25624): ADAPTER_EVT type=content cls=android.view.View desc=null txt_len=0 pkg=com.deepseek.chat t_boot_ns=1206586390094345
09-06 01:10:17.359 I/AnebProbe(25624): ADAPTER_EVT type=content cls=android.view.View desc=null txt_len=0 pkg=com.deepseek.chat t_boot_ns=1206586390505803
09-06 01:10:17.359 I/AnebProbe(25624): ADAPTER_EVT type=content cls=android.view.View desc=null txt_len=0 pkg=com.deepseek.chat t_boot_ns=1206586390690178
09-06 01:10:17.359 I/AnebProbe(25624): ADAPTER_EVT type=content cls=android.view.View desc=null txt_len=0 pkg=com.deepseek.chat t_boot_ns=1206586390823511
09-06 01:10:17.464 I/AnebProbe(25624): ADAPTER_EVT type=content cls=android.view.View desc=null txt_len=0 pkg=com.deepseek.chat t_boot_ns=1206586495922990
09-06 01:10:17.466 I/AnebProbe(25624): ADAPTER_EVT type=content cls=android.view.View desc=null txt_len=0 pkg=com.deepseek.chat t_boot_ns=1206586497912053
09-06 01:10:17.467 I/AnebProbe(25624): ADAPTER_EVT type=content cls=android.view.View desc=null txt_len=0 pkg=com.deepseek.chat t_boot_ns=1206586498336532
09-06 01:10:17.467 I/AnebProbe(25624): ADAPTER_EVT type=content cls=android.view.View desc=null txt_len=0 pkg=com.deepseek.chat t_boot_ns=1206586498570907
09-06 01:10:17.468 I/AnebProbe(25624): ADAPTER_EVT type=content cls=android.view.View desc=null txt_len=0 pkg=com.deepseek.chat t_boot_ns=1206586499618303
09-06 01:10:17.469 I/AnebProbe(25624): ADAPTER_EVT type=content cls=android.view.View desc=null txt_len=0 pkg=com.deepseek.chat t_boot_ns=1206586500279240
09-06 01:10:17.514 I/AnebProbe(25624): ADAPTER_EVT type=content cls=android.view.View desc=null txt_len=0 pkg=com.deepseek.chat t_boot_ns=1206586545103199
09-06 01:10:17.528 I/AnebProbe(25624): ADAPTER_EVT type=content cls=android.view.View desc=null txt_len=0 pkg=com.deepseek.chat t_boot_ns=1206586559443824
09-06 01:10:17.566 I/AnebProbe(25624): ADAPTER_EVT type=content cls=android.view.View desc=null txt_len=0 pkg=com.deepseek.chat t_boot_ns=1206586597433407
09-06 01:10:17.566 I/AnebProbe(25624): ADAPTER_EVT type=content cls=android.view.View desc=null txt_len=0 pkg=com.deepseek.chat t_boot_ns=1206586598054761
09-06 01:10:17.567 I/AnebProbe(25624): ADAPTER_EVT type=content cls=android.view.View desc=null txt_len=0 pkg=com.deepseek.chat t_boot_ns=1206586598286532
09-06 01:10:17.568 I/AnebProbe(25624): ADAPTER_EVT type=content cls=android.view.View desc=null txt_len=0 pkg=com.deepseek.chat t_boot_ns=1206586599298511
09-06 01:10:17.568 I/AnebProbe(25624): ADAPTER_EVT type=content cls=android.view.View desc=null txt_len=0 pkg=com.deepseek.chat t_boot_ns=1206586599970386
09-06 01:10:17.569 I/AnebProbe(25624): ADAPTER_EVT type=content cls=android.view.View desc=null txt_len=0 pkg=com.deepseek.chat t_boot_ns=1206586600560490
09-06 01:10:17.574 I/AnebProbe(25624): ADAPTER_EVT type=content cls=android.view.View desc=null txt_len=0 pkg=com.deepseek.chat t_boot_ns=1206586601420386
09-06 01:10:17.574 I/AnebProbe(25624): ADAPTER_EVT type=content cls=android.view.View desc=null txt_len=0 pkg=com.deepseek.chat t_boot_ns=1206586605650074
09-06 01:10:17.574 I/AnebProbe(25624): ADAPTER_EVT type=content cls=android.view.View desc=null txt_len=0 pkg=com.deepseek.chat t_boot_ns=1206586605916220
09-06 01:10:17.575 I/AnebProbe(25624): ADAPTER_EVT type=content cls=android.view.View desc=null txt_len=0 pkg=com.deepseek.chat t_boot_ns=1206586606114657
09-06 01:10:17.575 I/AnebProbe(25624): ADAPTER_EVT type=content cls=android.view.View desc=null txt_len=0 pkg=com.deepseek.chat t_boot_ns=1206586606661011
09-06 01:10:17.575 I/AnebProbe(25624): ADAPTER_EVT type=content cls=android.view.View desc=null txt_len=0 pkg=com.deepseek.chat t_boot_ns=1206586606861011
09-06 01:10:17.575 I/AnebProbe(25624): ADAPTER_EVT type=content cls=android.view.View desc=null txt_len=0 pkg=com.deepseek.chat t_boot_ns=1206586607079761
09-06 01:10:17.576 I/AnebProbe(25624): ADAPTER_EVT type=content cls=android.view.View desc=null txt_len=0 pkg=com.deepseek.chat t_boot_ns=1206586607302678
09-06 01:10:17.576 I/AnebProbe(25624): ADAPTER_EVT type=content cls=android.view.View desc=null txt_len=0 pkg=com.deepseek.chat t_boot_ns=1206586607528199
09-06 01:10:17.576 I/AnebProbe(25624): ADAPTER_EVT type=content cls=android.view.View desc=null txt_len=0 pkg=com.deepseek.chat t_boot_ns=1206586607740178
09-06 01:10:17.576 I/AnebProbe(25624): ADAPTER_EVT type=content cls=android.view.View desc=null txt_len=0 pkg=com.deepseek.chat t_boot_ns=1206586607950074
09-06 01:10:17.577 I/AnebProbe(25624): ADAPTER_EVT type=content cls=android.view.View desc=null txt_len=0 pkg=com.deepseek.chat t_boot_ns=1206586608157365
09-06 01:10:17.577 I/AnebProbe(25624): ADAPTER_EVT type=content cls=android.view.View desc=null txt_len=0 pkg=com.deepseek.chat t_boot_ns=1206586608387053
09-06 01:10:17.577 I/AnebProbe(25624): ADAPTER_EVT type=content cls=android.view.View desc=null txt_len=0 pkg=com.deepseek.chat t_boot_ns=1206586608579240
09-06 01:10:17.668 I/AnebProbe(25624): ADAPTER_EVT type=content cls=android.view.View desc=null txt_len=0 pkg=com.deepseek.chat t_boot_ns=1206586699433928
09-06 01:10:17.668 I/AnebProbe(25624): ADAPTER_EVT type=content cls=android.view.View desc=null txt_len=0 pkg=com.deepseek.chat t_boot_ns=1206586699875595
09-06 01:10:17.668 I/AnebProbe(25624): ADAPTER_EVT type=content cls=android.view.View desc=null txt_len=0 pkg=com.deepseek.chat t_boot_ns=1206586700052157
09-06 01:11:24.620 I/AnebE4MARK(23399): E4MARK kind=answer_complete n=4
09-06 01:11:45.080 I/AnebProbe(25624): ADAPTER_EVT type=content cls=android.view.View desc=null txt_len=0 pkg=com.deepseek.chat t_boot_ns=1206674111702665
09-06 01:11:45.081 I/AnebProbe(25624): ADAPTER_OBS pkg=com.deepseek.chat mode=deepseek events=2009 rule_matched=0 first_delta_ms=0 cadence_p50_ms=0.3 session_span_ms=428847.3 confidence=LOW/INCONCLUSIVE reason=throttle ttft_send_ms=null anchor_source=null ttft_cluster_ms=2238.7 ttft_density_ms=2100.0
09-06 01:11:45.082 I/AnebProbe(25624): ADAPTER_EVT type=content cls=android.view.View desc=null txt_len=0 pkg=com.deepseek.chat t_boot_ns=1206674113451623
09-06 01:11:45.082 I/AnebProbe(25624): ADAPTER_EVT type=content cls=android.view.View desc=null txt_len=0 pkg=com.deepseek.chat t_boot_ns=1206674113614644
09-06 01:11:45.082 I/AnebProbe(25624): ADAPTER_EVT type=content cls=android.view.View desc=null txt_len=0 pkg=com.deepseek.chat t_boot_ns=1206674113800581
09-06 01:11:45.082 I/AnebProbe(25624): ADAPTER_EVT type=content cls=android.view.View desc=null txt_len=0 pkg=com.deepseek.chat t_boot_ns=1206674113858394
09-06 01:11:45.082 I/AnebProbe(25624): ADAPTER_EVT type=content cls=android.view.View desc=null txt_len=0 pkg=com.deepseek.chat t_boot_ns=1206674113923498
09-06 01:11:45.082 I/AnebProbe(25624): ADAPTER_EVT type=content cls=android.view.View desc=null txt_len=0 pkg=com.deepseek.chat t_boot_ns=1206674114001623
09-06 01:11:45.082 I/AnebProbe(25624): ADAPTER_EVT type=content cls=android.view.View desc=null txt_len=0 pkg=com.deepseek.chat t_boot_ns=1206674114081831
09-06 01:11:45.082 I/AnebProbe(25624): ADAPTER_EVT type=content cls=android.view.View desc=null txt_len=0 pkg=com.deepseek.chat t_boot_ns=1206674114130269
09-06 01:11:45.082 I/AnebProbe(25624): ADAPTER_EVT type=content cls=android.view.View desc=null txt_len=0 pkg=com.deepseek.chat t_boot_ns=1206674114199019
09-06 01:11:45.083 I/AnebProbe(25624): ADAPTER_EVT type=content cls=android.view.View desc=null txt_len=0 pkg=com.deepseek.chat t_boot_ns=1206674114254227
09-06 01:11:45.083 I/AnebProbe(25624): ADAPTER_EVT type=content cls=android.view.View desc=null txt_len=0 pkg=com.deepseek.chat t_boot_ns=1206674114307873
09-06 01:11:45.179 I/AnebProbe(25624): ADAPTER_EVT type=content cls=android.view.View desc=null txt_len=0 pkg=com.deepseek.chat t_boot_ns=1206674210392248
09-06 01:11:46.749 I/AnebProbe(25624): ADAPTER_EVT type=content cls=android.view.View desc=null txt_len=0 pkg=com.deepseek.chat t_boot_ns=1206675780072977
09-06 01:11:46.749 I/AnebProbe(25624): ADAPTER_EVT type=content cls=android.view.View desc=null txt_len=0 pkg=com.deepseek.chat t_boot_ns=1206675780470373
09-06 01:11:46.750 I/AnebProbe(25624): ADAPTER_EVT type=content cls=android.view.View desc=null txt_len=0 pkg=com.deepseek.chat t_boot_ns=1206675781708914
09-06 01:11:46.750 I/AnebProbe(25624): ADAPTER_EVT type=content cls=android.view.View desc=null txt_len=0 pkg=com.deepseek.chat t_boot_ns=1206675781921935
09-06 01:11:46.853 I/AnebProbe(25624): ADAPTER_EVT type=content cls=android.view.View desc=null txt_len=0 pkg=com.deepseek.chat t_boot_ns=1206675884026102
09-06 01:11:46.956 I/AnebProbe(25624): ADAPTER_EVT type=content cls=android.view.View desc=null txt_len=0 pkg=com.deepseek.chat t_boot_ns=1206675987065164
09-06 01:11:46.956 I/AnebProbe(25624): ADAPTER_EVT type=content cls=android.view.View desc=null txt_len=0 pkg=com.deepseek.chat t_boot_ns=1206675987618810
09-06 01:11:48.780 I/AnebProbe(25624): ADAPTER_EVT type=content cls=android.view.View desc=null txt_len=0 pkg=com.deepseek.chat t_boot_ns=1206677811358393
09-06 01:11:48.882 I/AnebProbe(25624): ADAPTER_EVT type=content cls=android.view.View desc=null txt_len=0 pkg=com.deepseek.chat t_boot_ns=1206677913595372
09-06 01:11:48.883 I/AnebProbe(25624): ADAPTER_EVT type=content cls=android.view.View desc=null txt_len=0 pkg=com.deepseek.chat t_boot_ns=1206677914114122
09-06 01:11:49.746 I/AnebProbe(25624): ADAPTER_EVT type=content cls=android.view.ViewGroup desc=null txt_len=0 pkg=com.deepseek.chat t_boot_ns=1206678777791205
09-06 01:11:49.747 I/AnebProbe(25624): ADAPTER_EVT type=content cls=android.view.View desc=null txt_len=0 pkg=com.deepseek.chat t_boot_ns=1206678778359955
09-06 01:11:49.873 I/AnebProbe(25624): ADAPTER_EVT type=content cls=androidx.compose.ui.viewinterop.ViewFactoryHolder desc=null txt_len=0 pkg=com.deepseek.chat t_boot_ns=1206678904452143
09-06 01:11:49.949 I/AnebProbe(25624): ADAPTER_EVT type=content cls=android.view.View desc=null txt_len=0 pkg=com.deepseek.chat t_boot_ns=1206678980055789
09-06 01:11:49.949 I/AnebProbe(25624): ADAPTER_EVT type=content cls=android.view.View desc=null txt_len=0 pkg=com.deepseek.chat t_boot_ns=1206678980484955
09-06 01:11:49.949 I/AnebProbe(25624): ADAPTER_EVT type=content cls=android.view.View desc=null txt_len=0 pkg=com.deepseek.chat t_boot_ns=1206678980648497
09-06 01:11:49.949 I/AnebProbe(25624): ADAPTER_EVT type=content cls=android.view.View desc=null txt_len=0 pkg=com.deepseek.chat t_boot_ns=1206678980774539
09-06 01:11:49.949 I/AnebProbe(25624): ADAPTER_EVT type=content cls=android.view.View desc=null txt_len=0 pkg=com.deepseek.chat t_boot_ns=1206678980967247
09-06 01:11:49.989 I/AnebProbe(25624): ADAPTER_EVT type=content cls=androidx.compose.ui.viewinterop.ViewFactoryHolder desc=null txt_len=0 pkg=com.deepseek.chat t_boot_ns=1206679021029226
09-06 01:11:50.051 I/AnebProbe(25624): ADAPTER_EVT type=content cls=android.view.View desc=null txt_len=0 pkg=com.deepseek.chat t_boot_ns=1206679082633393
09-06 01:11:50.051 I/AnebProbe(25624): ADAPTER_EVT type=content cls=android.view.View desc=null txt_len=0 pkg=com.deepseek.chat t_boot_ns=1206679082885997
09-06 01:11:50.051 I/AnebProbe(25624): ADAPTER_EVT type=content cls=android.view.View desc=null txt_len=0 pkg=com.deepseek.chat t_boot_ns=1206679082993810
09-06 01:11:50.051 I/AnebProbe(25624): ADAPTER_EVT type=content cls=android.view.View desc=null txt_len=0 pkg=com.deepseek.chat t_boot_ns=1206679083083393
09-06 01:11:50.052 I/AnebProbe(25624): ADAPTER_EVT type=content cls=android.view.View desc=null txt_len=0 pkg=com.deepseek.chat t_boot_ns=1206679083169851
09-06 01:11:50.106 I/AnebProbe(25624): ADAPTER_EVT type=content cls=androidx.compose.ui.viewinterop.ViewFactoryHolder desc=null txt_len=0 pkg=com.deepseek.chat t_boot_ns=1206679137984435
09-06 01:11:50.107 I/AnebProbe(25624): ADAPTER_OBS pkg=com.deepseek.chat mode=deepseek events=2046 rule_matched=0 first_delta_ms=0 cadence_p50_ms=0.3 session_span_ms=433873.6 confidence=LOW/INCONCLUSIVE reason=throttle ttft_send_ms=null anchor_source=null ttft_cluster_ms=2238.7 ttft_density_ms=2100.0
09-06 01:11:50.163 I/AnebProbe(25624): ADAPTER_EVT type=content cls=android.view.View desc=null txt_len=0 pkg=com.deepseek.chat t_boot_ns=1206679194133914
09-06 01:11:50.163 I/AnebProbe(25624): ADAPTER_EVT type=content cls=android.view.View desc=null txt_len=0 pkg=com.deepseek.chat t_boot_ns=1206679194567768
09-06 01:11:50.163 I/AnebProbe(25624): ADAPTER_EVT type=content cls=android.view.View desc=null txt_len=0 pkg=com.deepseek.chat t_boot_ns=1206679194913601
09-06 01:11:50.163 I/AnebProbe(25624): ADAPTER_EVT type=content cls=android.view.View desc=null txt_len=0 pkg=com.deepseek.chat t_boot_ns=1206679195052143
09-06 01:11:50.164 I/AnebProbe(25624): ADAPTER_EVT type=content cls=android.view.View desc=null txt_len=0 pkg=com.deepseek.chat t_boot_ns=1206679195218810
09-06 01:11:50.222 I/AnebProbe(25624): ADAPTER_EVT type=content cls=androidx.compose.ui.viewinterop.ViewFactoryHolder desc=null txt_len=0 pkg=com.deepseek.chat t_boot_ns=1206679253561518
09-06 01:11:50.260 I/AnebProbe(25624): ADAPTER_EVT type=content cls=android.view.View desc=null txt_len=0 pkg=com.deepseek.chat t_boot_ns=1206679291280789
09-06 01:11:50.260 I/AnebProbe(25624): ADAPTER_EVT type=content cls=android.view.View desc=null txt_len=0 pkg=com.deepseek.chat t_boot_ns=1206679291707351
09-06 01:11:50.260 I/AnebProbe(25624): ADAPTER_EVT type=content cls=android.view.View desc=null txt_len=0 pkg=com.deepseek.chat t_boot_ns=1206679291871935
09-06 01:11:50.260 I/AnebProbe(25624): ADAPTER_EVT type=content cls=android.view.View desc=null txt_len=0 pkg=com.deepseek.chat t_boot_ns=1206679292064643
09-06 01:11:50.261 I/AnebProbe(25624): ADAPTER_EVT type=content cls=android.view.View desc=null txt_len=0 pkg=com.deepseek.chat t_boot_ns=1206679292212560
09-06 01:11:50.336 I/AnebProbe(25624): ADAPTER_EVT type=content cls=androidx.compose.ui.viewinterop.ViewFactoryHolder desc=null txt_len=0 pkg=com.deepseek.chat t_boot_ns=1206679367874539
09-06 01:11:50.358 I/AnebProbe(25624): ADAPTER_EVT type=content cls=android.view.View desc=null txt_len=0 pkg=com.deepseek.chat t_boot_ns=1206679389055268
09-06 01:11:51.127 I/AnebProbe(25624): ADAPTER_EVT type=content cls=android.widget.EditText desc=null txt_len=1 pkg=com.deepseek.chat t_boot_ns=1206680156516205
09-06 01:11:51.139 I/AnebProbe(25624): ADAPTER_EVT type=content cls=android.widget.EditText desc=null txt_len=2 pkg=com.deepseek.chat t_boot_ns=1206680170958914
09-06 01:11:51.157 I/AnebProbe(25624): ADAPTER_EVT type=content cls=android.view.View desc=null txt_len=0 pkg=com.deepseek.chat t_boot_ns=1206680188006830
09-06 01:11:51.157 I/AnebProbe(25624): ADAPTER_EVT type=content cls=android.view.View desc=null txt_len=0 pkg=com.deepseek.chat t_boot_ns=1206680188380789
09-06 01:11:51.161 I/AnebProbe(25624): ADAPTER_EVT type=content cls=android.widget.EditText desc=null txt_len=3 pkg=com.deepseek.chat t_boot_ns=1206680192438080
09-06 01:11:51.177 I/AnebProbe(25624): ADAPTER_EVT type=content cls=android.widget.EditText desc=null txt_len=4 pkg=com.deepseek.chat t_boot_ns=1206680207976622
09-06 01:11:51.187 I/AnebProbe(25624): ADAPTER_EVT type=content cls=android.widget.EditText desc=null txt_len=5 pkg=com.deepseek.chat t_boot_ns=1206680218329747
09-06 01:11:51.200 I/AnebProbe(25624): ADAPTER_EVT type=content cls=android.widget.EditText desc=null txt_len=6 pkg=com.deepseek.chat t_boot_ns=1206680231525580
09-06 01:11:51.212 I/AnebProbe(25624): ADAPTER_EVT type=content cls=android.widget.EditText desc=null txt_len=7 pkg=com.deepseek.chat t_boot_ns=1206680243144851
09-06 01:11:51.224 I/AnebProbe(25624): ADAPTER_EVT type=content cls=android.widget.EditText desc=null txt_len=8 pkg=com.deepseek.chat t_boot_ns=1206680254930268
09-06 01:11:51.234 I/AnebProbe(25624): ADAPTER_EVT type=content cls=android.widget.EditText desc=null txt_len=9 pkg=com.deepseek.chat t_boot_ns=1206680265039122
09-06 01:11:51.246 I/AnebProbe(25624): ADAPTER_EVT type=content cls=android.widget.EditText desc=null txt_len=10 pkg=com.deepseek.chat t_boot_ns=1206680276054747
09-06 01:11:51.257 I/AnebProbe(25624): ADAPTER_EVT type=content cls=android.widget.EditText desc=null txt_len=11 pkg=com.deepseek.chat t_boot_ns=1206680288070372
09-06 01:11:51.257 I/AnebProbe(25624): ADAPTER_EVT type=content cls=android.view.View desc=null txt_len=0 pkg=com.deepseek.chat t_boot_ns=1206680288477143
09-06 01:11:51.263 I/AnebProbe(25624): ADAPTER_EVT type=content cls=android.widget.EditText desc=null txt_len=12 pkg=com.deepseek.chat t_boot_ns=1206680294392768
09-06 01:11:51.274 I/AnebProbe(25624): ADAPTER_EVT type=content cls=android.widget.EditText desc=null txt_len=13 pkg=com.deepseek.chat t_boot_ns=1206680304931830
09-06 01:11:51.289 I/AnebProbe(25624): ADAPTER_EVT type=content cls=android.widget.EditText desc=null txt_len=14 pkg=com.deepseek.chat t_boot_ns=1206680320407351
09-06 01:11:51.295 I/AnebProbe(25624): ADAPTER_EVT type=content cls=android.widget.EditText desc=null txt_len=15 pkg=com.deepseek.chat t_boot_ns=1206680326259434
09-06 01:11:51.306 I/AnebProbe(25624): ADAPTER_EVT type=content cls=android.widget.EditText desc=null txt_len=16 pkg=com.deepseek.chat t_boot_ns=1206680337676622
09-06 01:11:51.320 I/AnebProbe(25624): ADAPTER_EVT type=content cls=android.widget.EditText desc=null txt_len=17 pkg=com.deepseek.chat t_boot_ns=1206680351403705
09-06 01:11:51.329 I/AnebProbe(25624): ADAPTER_EVT type=content cls=android.widget.EditText desc=null txt_len=18 pkg=com.deepseek.chat t_boot_ns=1206680360012039
09-06 01:11:51.339 I/AnebProbe(25624): ADAPTER_EVT type=content cls=android.widget.EditText desc=null txt_len=19 pkg=com.deepseek.chat t_boot_ns=1206680370643809
09-06 01:11:51.348 I/AnebProbe(25624): ADAPTER_EVT type=content cls=android.widget.EditText desc=null txt_len=20 pkg=com.deepseek.chat t_boot_ns=1206680379724018
09-06 01:11:51.356 I/AnebProbe(25624): ADAPTER_EVT type=content cls=android.widget.EditText desc=null txt_len=21 pkg=com.deepseek.chat t_boot_ns=1206680387664643
09-06 01:11:51.363 I/AnebProbe(25624): ADAPTER_EVT type=content cls=android.widget.EditText desc=null txt_len=22 pkg=com.deepseek.chat t_boot_ns=1206680394097976
09-06 01:11:51.372 I/AnebProbe(25624): ADAPTER_EVT type=content cls=android.widget.EditText desc=null txt_len=23 pkg=com.deepseek.chat t_boot_ns=1206680403636518
09-06 01:11:51.382 I/AnebProbe(25624): ADAPTER_EVT type=content cls=android.widget.EditText desc=null txt_len=24 pkg=com.deepseek.chat t_boot_ns=1206680413726101
09-06 01:11:51.394 I/AnebProbe(25624): ADAPTER_EVT type=content cls=android.widget.EditText desc=null txt_len=25 pkg=com.deepseek.chat t_boot_ns=1206680424949539
09-06 01:11:51.403 I/AnebProbe(25624): ADAPTER_EVT type=content cls=android.widget.EditText desc=null txt_len=26 pkg=com.deepseek.chat t_boot_ns=1206680434316205
09-06 01:11:51.413 I/AnebProbe(25624): ADAPTER_EVT type=content cls=android.widget.EditText desc=null txt_len=27 pkg=com.deepseek.chat t_boot_ns=1206680444572976
09-06 01:11:51.424 I/AnebProbe(25624): ADAPTER_EVT type=content cls=android.widget.EditText desc=null txt_len=28 pkg=com.deepseek.chat t_boot_ns=1206680454978184
09-06 01:11:51.431 I/AnebProbe(25624): ADAPTER_EVT type=content cls=android.widget.EditText desc=null txt_len=29 pkg=com.deepseek.chat t_boot_ns=1206680462781830
09-06 01:11:51.440 I/AnebProbe(25624): ADAPTER_EVT type=content cls=android.widget.EditText desc=null txt_len=30 pkg=com.deepseek.chat t_boot_ns=1206680471155789
09-06 01:11:51.446 I/AnebProbe(25624): ADAPTER_EVT type=content cls=android.widget.EditText desc=null txt_len=31 pkg=com.deepseek.chat t_boot_ns=1206680477676101
09-06 01:11:51.456 I/AnebProbe(25624): ADAPTER_EVT type=content cls=android.widget.EditText desc=null txt_len=32 pkg=com.deepseek.chat t_boot_ns=1206680487212559
09-06 01:11:51.468 I/AnebProbe(25624): ADAPTER_EVT type=content cls=android.widget.EditText desc=null txt_len=33 pkg=com.deepseek.chat t_boot_ns=1206680499279747
09-06 01:11:51.481 I/AnebProbe(25624): ADAPTER_EVT type=content cls=android.widget.EditText desc=null txt_len=34 pkg=com.deepseek.chat t_boot_ns=1206680511950580
09-06 01:11:51.489 I/AnebProbe(25624): ADAPTER_EVT type=content cls=android.widget.EditText desc=null txt_len=35 pkg=com.deepseek.chat t_boot_ns=1206680520687039
09-06 01:11:51.501 I/AnebProbe(25624): ADAPTER_EVT type=content cls=android.widget.EditText desc=null txt_len=36 pkg=com.deepseek.chat t_boot_ns=1206680532338080
09-06 01:11:51.511 I/AnebProbe(25624): ADAPTER_EVT type=content cls=android.widget.EditText desc=null txt_len=37 pkg=com.deepseek.chat t_boot_ns=1206680542277664
09-06 01:11:51.520 I/AnebProbe(25624): ADAPTER_EVT type=content cls=android.widget.EditText desc=null txt_len=38 pkg=com.deepseek.chat t_boot_ns=1206680551554747
09-06 01:11:51.529 I/AnebProbe(25624): ADAPTER_EVT type=content cls=android.widget.EditText desc=null txt_len=39 pkg=com.deepseek.chat t_boot_ns=1206680559788080
09-06 01:11:51.539 I/AnebProbe(25624): ADAPTER_EVT type=content cls=android.widget.EditText desc=null txt_len=40 pkg=com.deepseek.chat t_boot_ns=1206680570331309
09-06 01:11:51.551 I/AnebProbe(25624): ADAPTER_EVT type=content cls=android.widget.EditText desc=null txt_len=41 pkg=com.deepseek.chat t_boot_ns=1206680582213080
09-06 01:11:51.560 I/AnebProbe(25624): ADAPTER_EVT type=content cls=android.widget.EditText desc=null txt_len=42 pkg=com.deepseek.chat t_boot_ns=1206680590465684
09-06 01:11:51.572 I/AnebProbe(25624): ADAPTER_EVT type=content cls=android.widget.EditText desc=null txt_len=43 pkg=com.deepseek.chat t_boot_ns=1206680603171934
09-06 01:11:51.587 I/AnebProbe(25624): ADAPTER_EVT type=content cls=android.widget.EditText desc=null txt_len=44 pkg=com.deepseek.chat t_boot_ns=1206680618648497
09-06 01:11:51.594 I/AnebProbe(25624): ADAPTER_EVT type=content cls=android.widget.EditText desc=null txt_len=45 pkg=com.deepseek.chat t_boot_ns=1206680625525059
09-06 01:11:51.595 I/AnebProbe(25624): ADAPTER_EVT type=content cls=androidx.compose.ui.viewinterop.ViewFactoryHolder desc=null txt_len=0 pkg=com.deepseek.chat t_boot_ns=1206680626971414
09-06 01:11:51.603 I/AnebProbe(25624): ADAPTER_EVT type=content cls=android.view.View desc=null txt_len=0 pkg=com.deepseek.chat t_boot_ns=1206680634463601
09-06 01:11:51.609 I/AnebProbe(25624): ADAPTER_EVT type=content cls=androidx.compose.ui.viewinterop.ViewFactoryHolder desc=null txt_len=0 pkg=com.deepseek.chat t_boot_ns=1206680640642768
09-06 01:11:51.610 I/AnebProbe(25624): ADAPTER_EVT type=content cls=android.widget.EditText desc=null txt_len=46 pkg=com.deepseek.chat t_boot_ns=1206680641418289
09-06 01:11:51.621 I/AnebProbe(25624): ADAPTER_EVT type=content cls=android.widget.EditText desc=null txt_len=47 pkg=com.deepseek.chat t_boot_ns=1206680652462039
09-06 01:11:51.638 I/AnebProbe(25624): ADAPTER_EVT type=content cls=androidx.compose.ui.viewinterop.ViewFactoryHolder desc=null txt_len=0 pkg=com.deepseek.chat t_boot_ns=1206680669817768
09-06 01:11:51.639 I/AnebProbe(25624): ADAPTER_EVT type=content cls=android.widget.EditText desc=null txt_len=48 pkg=com.deepseek.chat t_boot_ns=1206680670156830
09-06 01:11:51.654 I/AnebProbe(25624): ADAPTER_EVT type=content cls=androidx.compose.ui.viewinterop.ViewFactoryHolder desc=null txt_len=0 pkg=com.deepseek.chat t_boot_ns=1206680685880268
09-06 01:11:51.655 I/AnebProbe(25624): ADAPTER_EVT type=content cls=android.widget.EditText desc=null txt_len=49 pkg=com.deepseek.chat t_boot_ns=1206680686241205
09-06 01:11:51.670 I/AnebProbe(25624): ADAPTER_EVT type=content cls=androidx.compose.ui.viewinterop.ViewFactoryHolder desc=null txt_len=0 pkg=com.deepseek.chat t_boot_ns=1206680701676101
09-06 01:11:51.671 I/AnebProbe(25624): ADAPTER_EVT type=content cls=android.widget.EditText desc=null txt_len=50 pkg=com.deepseek.chat t_boot_ns=1206680702100059
09-06 01:11:51.688 I/AnebProbe(25624): ADAPTER_EVT type=content cls=androidx.compose.ui.viewinterop.ViewFactoryHolder desc=null txt_len=0 pkg=com.deepseek.chat t_boot_ns=1206680718997455
09-06 01:11:51.688 I/AnebProbe(25624): ADAPTER_EVT type=content cls=android.widget.EditText desc=null txt_len=51 pkg=com.deepseek.chat t_boot_ns=1206680719892247
09-06 01:11:51.706 I/AnebProbe(25624): ADAPTER_EVT type=content cls=androidx.compose.ui.viewinterop.ViewFactoryHolder desc=null txt_len=0 pkg=com.deepseek.chat t_boot_ns=1206680737040164
09-06 01:11:51.706 I/AnebProbe(25624): ADAPTER_EVT type=content cls=android.widget.EditText desc=null txt_len=52 pkg=com.deepseek.chat t_boot_ns=1206680737480789
09-06 01:11:51.706 I/AnebProbe(25624): ADAPTER_EVT type=content cls=android.view.View desc=null txt_len=0 pkg=com.deepseek.chat t_boot_ns=1206680737808914
09-06 01:11:51.706 I/AnebProbe(25624): ADAPTER_EVT type=content cls=android.view.View desc=null txt_len=0 pkg=com.deepseek.chat t_boot_ns=1206680738002664
09-06 01:11:51.707 I/AnebProbe(25624): ADAPTER_EVT type=content cls=android.view.View desc=null txt_len=0 pkg=com.deepseek.chat t_boot_ns=1206680738176622
09-06 01:11:51.707 I/AnebProbe(25624): ADAPTER_EVT type=content cls=android.view.View desc=null txt_len=0 pkg=com.deepseek.chat t_boot_ns=1206680738371934
09-06 01:11:51.707 I/AnebProbe(25624): ADAPTER_EVT type=content cls=android.view.View desc=null txt_len=0 pkg=com.deepseek.chat t_boot_ns=1206680738543289
09-06 01:11:51.720 I/AnebProbe(25624): ADAPTER_EVT type=content cls=androidx.compose.ui.viewinterop.ViewFactoryHolder desc=null txt_len=0 pkg=com.deepseek.chat t_boot_ns=1206680751482351
09-06 01:11:51.722 I/AnebProbe(25624): ADAPTER_EVT type=content cls=android.widget.EditText desc=null txt_len=53 pkg=com.deepseek.chat t_boot_ns=1206680752153705
09-06 01:11:51.736 I/AnebProbe(25624): ADAPTER_EVT type=content cls=androidx.compose.ui.viewinterop.ViewFactoryHolder desc=null txt_len=0 pkg=com.deepseek.chat t_boot_ns=1206680767118288
09-06 01:11:51.736 I/AnebProbe(25624): ADAPTER_EVT type=content cls=android.widget.EditText desc=null txt_len=54 pkg=com.deepseek.chat t_boot_ns=1206680767340163
09-06 01:11:51.753 I/AnebProbe(25624): ADAPTER_EVT type=content cls=androidx.compose.ui.viewinterop.ViewFactoryHolder desc=null txt_len=0 pkg=com.deepseek.chat t_boot_ns=1206680784689643
09-06 01:11:51.754 I/AnebProbe(25624): ADAPTER_EVT type=content cls=android.widget.EditText desc=null txt_len=55 pkg=com.deepseek.chat t_boot_ns=1206680785201622
09-06 01:11:51.760 I/AnebProbe(25624): ADAPTER_EVT type=content cls=android.widget.EditText desc=null txt_len=56 pkg=com.deepseek.chat t_boot_ns=1206680791230268
09-06 01:11:51.808 I/AnebProbe(25624): ADAPTER_EVT type=content cls=android.view.View desc=null txt_len=0 pkg=com.deepseek.chat t_boot_ns=1206680839066726
09-06 01:11:51.808 I/AnebProbe(25624): ADAPTER_EVT type=content cls=android.view.View desc=null txt_len=0 pkg=com.deepseek.chat t_boot_ns=1206680839314643
09-06 01:11:51.808 I/AnebProbe(25624): ADAPTER_EVT type=content cls=android.view.View desc=null txt_len=0 pkg=com.deepseek.chat t_boot_ns=1206680839430268
09-06 01:11:51.808 I/AnebProbe(25624): ADAPTER_EVT type=content cls=android.view.View desc=null txt_len=0 pkg=com.deepseek.chat t_boot_ns=1206680839528184
09-06 01:11:51.808 I/AnebProbe(25624): ADAPTER_EVT type=content cls=android.view.View desc=null txt_len=0 pkg=com.deepseek.chat t_boot_ns=1206680839741205
09-06 01:11:51.861 I/AnebProbe(25624): ADAPTER_EVT type=content cls=androidx.compose.ui.viewinterop.ViewFactoryHolder desc=null txt_len=0 pkg=com.deepseek.chat t_boot_ns=1206680892129226
09-06 01:11:51.908 I/AnebProbe(25624): ADAPTER_EVT type=content cls=android.view.View desc=null txt_len=0 pkg=com.deepseek.chat t_boot_ns=1206680939896934
09-06 01:11:53.891 I/AnebE4MARK(23750): E4MARK kind=turn_start n=5
09-06 01:11:53.996 I/AnebProbe(25624): ADAPTER_EVT type=content cls=android.widget.EditText desc=null txt_len=0 pkg=com.deepseek.chat t_boot_ns=1206683027879226
09-06 01:11:54.031 I/AnebProbe(25624): ADAPTER_EVT type=content cls=android.view.View desc=null txt_len=0 pkg=com.deepseek.chat t_boot_ns=1206683062143809
09-06 01:11:54.031 I/AnebProbe(25624): ADAPTER_EVT type=content cls=android.view.View desc=null txt_len=0 pkg=com.deepseek.chat t_boot_ns=1206683062316726
09-06 01:11:54.031 I/AnebProbe(25624): ADAPTER_EVT type=content cls=android.view.View desc=null txt_len=0 pkg=com.deepseek.chat t_boot_ns=1206683062408913
09-06 01:11:54.031 I/AnebProbe(25624): ADAPTER_EVT type=content cls=android.view.View desc=null txt_len=0 pkg=com.deepseek.chat t_boot_ns=1206683062479746
09-06 01:11:54.054 I/AnebProbe(25624): ADAPTER_EVT type=content cls=android.view.View desc=null txt_len=0 pkg=com.deepseek.chat t_boot_ns=1206683085181830
09-06 01:11:54.101 I/AnebProbe(25624): ADAPTER_EVT type=content cls=android.view.ViewGroup desc=null txt_len=0 pkg=com.deepseek.chat t_boot_ns=1206683132687038
09-06 01:11:54.120 I/AnebProbe(25624): ADAPTER_EVT type=content cls=android.view.View desc=null txt_len=0 pkg=com.deepseek.chat t_boot_ns=1206683151342246
09-06 01:11:54.120 I/AnebProbe(25624): ADAPTER_EVT type=content cls=android.view.View desc=null txt_len=0 pkg=com.deepseek.chat t_boot_ns=1206683151553705
09-06 01:11:54.120 I/AnebProbe(25624): ADAPTER_EVT type=content cls=android.view.View desc=null txt_len=0 pkg=com.deepseek.chat t_boot_ns=1206683151714121
09-06 01:11:54.120 I/AnebProbe(25624): ADAPTER_EVT type=content cls=android.view.View desc=null txt_len=0 pkg=com.deepseek.chat t_boot_ns=1206683151815163
09-06 01:11:54.120 I/AnebProbe(25624): ADAPTER_EVT type=content cls=android.view.View desc=null txt_len=0 pkg=com.deepseek.chat t_boot_ns=1206683151906830
09-06 01:11:54.120 I/AnebProbe(25624): ADAPTER_EVT type=content cls=android.view.View desc=null txt_len=0 pkg=com.deepseek.chat t_boot_ns=1206683151964642
09-06 01:11:54.120 I/AnebProbe(25624): ADAPTER_EVT type=content cls=android.view.View desc=null txt_len=0 pkg=com.deepseek.chat t_boot_ns=1206683152033392
09-06 01:11:54.120 I/AnebProbe(25624): ADAPTER_EVT type=content cls=android.view.View desc=null txt_len=0 pkg=com.deepseek.chat t_boot_ns=1206683152119330
09-06 01:11:54.120 I/AnebProbe(25624): ADAPTER_EVT type=content cls=android.view.View desc=null txt_len=0 pkg=com.deepseek.chat t_boot_ns=1206683152185996
09-06 01:11:54.121 I/AnebProbe(25624): ADAPTER_EVT type=content cls=android.view.View desc=null txt_len=0 pkg=com.deepseek.chat t_boot_ns=1206683152256830
09-06 01:11:54.121 I/AnebProbe(25624): ADAPTER_EVT type=content cls=android.view.View desc=null txt_len=0 pkg=com.deepseek.chat t_boot_ns=1206683152389642
09-06 01:11:54.121 I/AnebProbe(25624): ADAPTER_EVT type=content cls=android.view.View desc=null txt_len=0 pkg=com.deepseek.chat t_boot_ns=1206683152477142
09-06 01:11:54.121 I/AnebProbe(25624): ADAPTER_EVT type=content cls=android.view.View desc=null txt_len=0 pkg=com.deepseek.chat t_boot_ns=1206683152541205
09-06 01:11:54.121 I/AnebProbe(25624): ADAPTER_EVT type=content cls=android.view.View desc=null txt_len=0 pkg=com.deepseek.chat t_boot_ns=1206683152619851
09-06 01:11:54.121 I/AnebProbe(25624): ADAPTER_EVT type=content cls=android.view.View desc=null txt_len=0 pkg=com.deepseek.chat t_boot_ns=1206683152727142
09-06 01:11:54.121 I/AnebProbe(25624): ADAPTER_EVT type=content cls=android.view.View desc=null txt_len=0 pkg=com.deepseek.chat t_boot_ns=1206683152848496
09-06 01:11:54.121 I/AnebProbe(25624): ADAPTER_EVT type=content cls=android.view.View desc=null txt_len=0 pkg=com.deepseek.chat t_boot_ns=1206683152994330
09-06 01:11:54.122 I/AnebProbe(25624): ADAPTER_EVT type=content cls=android.view.View desc=null txt_len=0 pkg=com.deepseek.chat t_boot_ns=1206683153230788
09-06 01:11:54.122 I/AnebProbe(25624): ADAPTER_EVT type=content cls=android.view.View desc=null txt_len=0 pkg=com.deepseek.chat t_boot_ns=1206683153309434
09-06 01:11:54.122 I/AnebProbe(25624): ADAPTER_EVT type=content cls=androidx.compose.ui.viewinterop.ViewFactoryHolder desc=null txt_len=0 pkg=com.deepseek.chat t_boot_ns=1206683153840163
09-06 01:11:54.122 I/AnebProbe(25624): ADAPTER_EVT type=content cls=android.view.View desc=null txt_len=0 pkg=com.deepseek.chat t_boot_ns=1206683154035476
09-06 01:11:54.123 I/AnebProbe(25624): ADAPTER_EVT type=content cls=android.view.View desc=null txt_len=0 pkg=com.deepseek.chat t_boot_ns=1206683154202142
09-06 01:11:54.123 I/AnebProbe(25624): ADAPTER_EVT type=content cls=android.view.View desc=null txt_len=0 pkg=com.deepseek.chat t_boot_ns=1206683154384434
09-06 01:11:54.123 I/AnebProbe(25624): ADAPTER_EVT type=content cls=android.view.View desc=null txt_len=0 pkg=com.deepseek.chat t_boot_ns=1206683154542246
09-06 01:11:54.123 I/AnebProbe(25624): ADAPTER_EVT type=content cls=android.view.View desc=null txt_len=0 pkg=com.deepseek.chat t_boot_ns=1206683154700059
09-06 01:11:54.123 I/AnebProbe(25624): ADAPTER_EVT type=content cls=android.view.View desc=null txt_len=0 pkg=com.deepseek.chat t_boot_ns=1206683154857351
09-06 01:11:54.123 I/AnebProbe(25624): ADAPTER_EVT type=content cls=android.view.View desc=null txt_len=0 pkg=com.deepseek.chat t_boot_ns=1206683155022455
09-06 01:11:54.123 I/AnebProbe(25624): ADAPTER_EVT type=content cls=android.view.View desc=null txt_len=0 pkg=com.deepseek.chat t_boot_ns=1206683155185476
09-06 01:11:54.124 I/AnebProbe(25624): ADAPTER_EVT type=content cls=android.view.View desc=null txt_len=0 pkg=com.deepseek.chat t_boot_ns=1206683155347976
09-06 01:11:54.124 I/AnebProbe(25624): ADAPTER_EVT type=content cls=android.view.View desc=null txt_len=0 pkg=com.deepseek.chat t_boot_ns=1206683155503184
09-06 01:11:54.124 I/AnebProbe(25624): ADAPTER_EVT type=content cls=android.view.View desc=null txt_len=0 pkg=com.deepseek.chat t_boot_ns=1206683155775580
09-06 01:11:54.124 I/AnebProbe(25624): ADAPTER_EVT type=content cls=android.view.View desc=null txt_len=0 pkg=com.deepseek.chat t_boot_ns=1206683155852663
09-06 01:11:54.124 I/AnebProbe(25624): ADAPTER_EVT type=content cls=android.view.View desc=null txt_len=0 pkg=com.deepseek.chat t_boot_ns=1206683155896413
09-06 01:11:54.124 I/AnebProbe(25624): ADAPTER_EVT type=content cls=android.view.View desc=null txt_len=0 pkg=com.deepseek.chat t_boot_ns=1206683155951621
09-06 01:11:54.124 I/AnebProbe(25624): ADAPTER_EVT type=content cls=android.view.View desc=null txt_len=0 pkg=com.deepseek.chat t_boot_ns=1206683155999538
09-06 01:11:54.124 I/AnebProbe(25624): ADAPTER_EVT type=content cls=android.view.View desc=null txt_len=0 pkg=com.deepseek.chat t_boot_ns=1206683156050580
09-06 01:11:54.124 I/AnebProbe(25624): ADAPTER_EVT type=content cls=android.view.View desc=null txt_len=0 pkg=com.deepseek.chat t_boot_ns=1206683156096934
09-06 01:11:54.124 I/AnebProbe(25624): ADAPTER_EVT type=content cls=android.view.View desc=null txt_len=0 pkg=com.deepseek.chat t_boot_ns=1206683156140163
09-06 01:11:54.222 I/AnebProbe(25624): ADAPTER_EVT type=content cls=android.view.View desc=null txt_len=0 pkg=com.deepseek.chat t_boot_ns=1206683253130788
09-06 01:11:54.222 I/AnebProbe(25624): ADAPTER_EVT type=content cls=android.view.View desc=null txt_len=0 pkg=com.deepseek.chat t_boot_ns=1206683253546413
09-06 01:11:54.222 I/AnebProbe(25624): ADAPTER_EVT type=content cls=android.view.View desc=null txt_len=0 pkg=com.deepseek.chat t_boot_ns=1206683253743288
09-06 01:11:54.222 I/AnebProbe(25624): ADAPTER_EVT type=content cls=android.view.View desc=null txt_len=0 pkg=com.deepseek.chat t_boot_ns=1206683253860476
09-06 01:11:54.222 I/AnebProbe(25624): ADAPTER_EVT type=content cls=android.view.View desc=null txt_len=0 pkg=com.deepseek.chat t_boot_ns=1206683253974017
09-06 01:11:54.222 I/AnebProbe(25624): ADAPTER_EVT type=content cls=android.view.View desc=null txt_len=0 pkg=com.deepseek.chat t_boot_ns=1206683254100059
09-06 01:11:54.223 I/AnebProbe(25624): ADAPTER_EVT type=content cls=android.view.View desc=null txt_len=0 pkg=com.deepseek.chat t_boot_ns=1206683254245371
09-06 01:11:54.223 I/AnebProbe(25624): ADAPTER_EVT type=content cls=android.view.View desc=null txt_len=0 pkg=com.deepseek.chat t_boot_ns=1206683254356830
09-06 01:11:54.223 I/AnebProbe(25624): ADAPTER_EVT type=content cls=android.view.View desc=null txt_len=0 pkg=com.deepseek.chat t_boot_ns=1206683254468288
09-06 01:11:54.223 I/AnebProbe(25624): ADAPTER_EVT type=content cls=android.view.View desc=null txt_len=0 pkg=com.deepseek.chat t_boot_ns=1206683254884955
09-06 01:11:54.223 I/AnebProbe(25624): ADAPTER_EVT type=content cls=android.view.View desc=null txt_len=0 pkg=com.deepseek.chat t_boot_ns=1206683254996934
09-06 01:11:54.223 I/AnebProbe(25624): ADAPTER_EVT type=content cls=androidx.compose.ui.viewinterop.ViewFactoryHolder desc=null txt_len=0 pkg=com.deepseek.chat t_boot_ns=1206683255064121
09-06 01:11:54.223 I/AnebProbe(25624): ADAPTER_EVT type=content cls=android.view.View desc=null txt_len=0 pkg=com.deepseek.chat t_boot_ns=1206683255137038
09-06 01:11:54.223 I/AnebProbe(25624): ADAPTER_EVT type=content cls=android.view.View desc=null txt_len=0 pkg=com.deepseek.chat t_boot_ns=1206683255193288
09-06 01:11:54.224 I/AnebProbe(25624): ADAPTER_EVT type=content cls=android.view.View desc=null txt_len=0 pkg=com.deepseek.chat t_boot_ns=1206683255282351
09-06 01:11:54.224 I/AnebProbe(25624): ADAPTER_EVT type=content cls=android.view.View desc=null txt_len=0 pkg=com.deepseek.chat t_boot_ns=1206683255331830
09-06 01:11:54.224 I/AnebProbe(25624): ADAPTER_EVT type=content cls=android.view.View desc=null txt_len=0 pkg=com.deepseek.chat t_boot_ns=1206683255393809
09-06 01:11:54.224 I/AnebProbe(25624): ADAPTER_EVT type=content cls=android.view.View desc=null txt_len=0 pkg=com.deepseek.chat t_boot_ns=1206683255437559
09-06 01:11:54.224 I/AnebProbe(25624): ADAPTER_EVT type=content cls=android.view.View desc=null txt_len=0 pkg=com.deepseek.chat t_boot_ns=1206683255493288
09-06 01:11:54.224 I/AnebProbe(25624): ADAPTER_EVT type=content cls=android.view.View desc=null txt_len=0 pkg=com.deepseek.chat t_boot_ns=1206683255542246
09-06 01:11:54.224 I/AnebProbe(25624): ADAPTER_EVT type=content cls=android.view.View desc=null txt_len=0 pkg=com.deepseek.chat t_boot_ns=1206683255590163
09-06 01:11:54.224 I/AnebProbe(25624): ADAPTER_EVT type=content cls=android.view.View desc=null txt_len=0 pkg=com.deepseek.chat t_boot_ns=1206683255634434
09-06 01:11:54.224 I/AnebProbe(25624): ADAPTER_EVT type=content cls=android.view.View desc=null txt_len=0 pkg=com.deepseek.chat t_boot_ns=1206683255680267
09-06 01:11:54.224 I/AnebProbe(25624): ADAPTER_EVT type=content cls=android.view.View desc=null txt_len=0 pkg=com.deepseek.chat t_boot_ns=1206683255732871
09-06 01:11:54.224 I/AnebProbe(25624): ADAPTER_EVT type=content cls=android.view.View desc=null txt_len=0 pkg=com.deepseek.chat t_boot_ns=1206683255783392
09-06 01:11:54.324 I/AnebProbe(25624): ADAPTER_EVT type=content cls=android.view.View desc=null txt_len=0 pkg=com.deepseek.chat t_boot_ns=1206683354247976
09-06 01:11:54.324 I/AnebProbe(25624): ADAPTER_EVT type=content cls=android.view.View desc=null txt_len=0 pkg=com.deepseek.chat t_boot_ns=1206683355335476
09-06 01:11:54.324 I/AnebProbe(25624): ADAPTER_EVT type=content cls=android.view.View desc=null txt_len=0 pkg=com.deepseek.chat t_boot_ns=1206683355468809
09-06 01:11:54.324 I/AnebProbe(25624): ADAPTER_EVT type=content cls=android.view.View desc=null txt_len=0 pkg=com.deepseek.chat t_boot_ns=1206683355543288
09-06 01:11:54.324 I/AnebProbe(25624): ADAPTER_EVT type=content cls=android.view.View desc=null txt_len=0 pkg=com.deepseek.chat t_boot_ns=1206683355590163
09-06 01:11:54.324 I/AnebProbe(25624): ADAPTER_EVT type=content cls=android.view.View desc=null txt_len=0 pkg=com.deepseek.chat t_boot_ns=1206683355645892
09-06 01:11:54.324 I/AnebProbe(25624): ADAPTER_EVT type=content cls=android.view.View desc=null txt_len=0 pkg=com.deepseek.chat t_boot_ns=1206683355689642
09-06 01:11:54.324 I/AnebProbe(25624): ADAPTER_EVT type=content cls=android.view.View desc=null txt_len=0 pkg=com.deepseek.chat t_boot_ns=1206683355767767
09-06 01:11:54.324 I/AnebProbe(25624): ADAPTER_EVT type=content cls=android.view.View desc=null txt_len=0 pkg=com.deepseek.chat t_boot_ns=1206683355824538
09-06 01:11:54.324 I/AnebProbe(25624): ADAPTER_EVT type=content cls=android.view.View desc=null txt_len=0 pkg=com.deepseek.chat t_boot_ns=1206683355877142
09-06 01:11:54.324 I/AnebProbe(25624): ADAPTER_EVT type=content cls=android.view.View desc=null txt_len=0 pkg=com.deepseek.chat t_boot_ns=1206683355928184
09-06 01:11:54.324 I/AnebProbe(25624): ADAPTER_EVT type=content cls=android.view.View desc=null txt_len=0 pkg=com.deepseek.chat t_boot_ns=1206683355987559
09-06 01:11:54.324 I/AnebProbe(25624): ADAPTER_EVT type=content cls=androidx.compose.ui.viewinterop.ViewFactoryHolder desc=null txt_len=0 pkg=com.deepseek.chat t_boot_ns=1206683356043288
09-06 01:11:54.324 I/AnebProbe(25624): ADAPTER_EVT type=content cls=android.view.View desc=null txt_len=0 pkg=com.deepseek.chat t_boot_ns=1206683356115684
09-06 01:11:54.324 I/AnebProbe(25624): ADAPTER_EVT type=content cls=android.view.View desc=null txt_len=0 pkg=com.deepseek.chat t_boot_ns=1206683356181830
09-06 01:11:54.325 I/AnebProbe(25624): ADAPTER_EVT type=content cls=android.view.View desc=null txt_len=0 pkg=com.deepseek.chat t_boot_ns=1206683356229746
09-06 01:11:54.325 I/AnebProbe(25624): ADAPTER_EVT type=content cls=android.view.View desc=null txt_len=0 pkg=com.deepseek.chat t_boot_ns=1206683356286517
09-06 01:11:54.325 I/AnebProbe(25624): ADAPTER_EVT type=content cls=android.view.View desc=null txt_len=0 pkg=com.deepseek.chat t_boot_ns=1206683356340684
09-06 01:11:54.325 I/AnebProbe(25624): ADAPTER_EVT type=content cls=android.view.View desc=null txt_len=0 pkg=com.deepseek.chat t_boot_ns=1206683356386517
09-06 01:11:54.325 I/AnebProbe(25624): ADAPTER_EVT type=content cls=android.view.View desc=null txt_len=0 pkg=com.deepseek.chat t_boot_ns=1206683356433913
09-06 01:11:54.325 I/AnebProbe(25624): ADAPTER_EVT type=content cls=android.view.View desc=null txt_len=0 pkg=com.deepseek.chat t_boot_ns=1206683356489121
09-06 01:11:54.325 I/AnebProbe(25624): ADAPTER_EVT type=content cls=android.view.View desc=null txt_len=0 pkg=com.deepseek.chat t_boot_ns=1206683356537559
09-06 01:11:54.325 I/AnebProbe(25624): ADAPTER_EVT type=content cls=android.view.View desc=null txt_len=0 pkg=com.deepseek.chat t_boot_ns=1206683356629746
09-06 01:11:54.325 I/AnebProbe(25624): ADAPTER_EVT type=content cls=android.view.View desc=null txt_len=0 pkg=com.deepseek.chat t_boot_ns=1206683356720371
09-06 01:11:54.325 I/AnebProbe(25624): ADAPTER_EVT type=content cls=android.view.View desc=null txt_len=0 pkg=com.deepseek.chat t_boot_ns=1206683356773496
09-06 01:11:54.325 I/AnebProbe(25624): ADAPTER_EVT type=content cls=android.view.View desc=null txt_len=0 pkg=com.deepseek.chat t_boot_ns=1206683356891726
09-06 01:11:54.325 I/AnebProbe(25624): ADAPTER_EVT type=content cls=android.view.View desc=null txt_len=0 pkg=com.deepseek.chat t_boot_ns=1206683357027142
09-06 01:11:54.325 I/AnebProbe(25624): ADAPTER_EVT type=content cls=android.view.View desc=null txt_len=0 pkg=com.deepseek.chat t_boot_ns=1206683357082351
09-06 01:11:54.425 I/AnebProbe(25624): ADAPTER_EVT type=content cls=android.view.View desc=null txt_len=0 pkg=com.deepseek.chat t_boot_ns=1206683456214121
09-06 01:11:54.425 I/AnebProbe(25624): ADAPTER_EVT type=content cls=android.view.View desc=null txt_len=0 pkg=com.deepseek.chat t_boot_ns=1206683456441205
09-06 01:11:54.427 I/AnebProbe(25624): ADAPTER_EVT type=content cls=android.view.View desc=null txt_len=0 pkg=com.deepseek.chat t_boot_ns=1206683459034434
09-06 01:11:54.427 I/AnebProbe(25624): ADAPTER_EVT type=content cls=android.view.View desc=null txt_len=0 pkg=com.deepseek.chat t_boot_ns=1206683459196934
09-06 01:11:54.428 I/AnebProbe(25624): ADAPTER_EVT type=content cls=android.view.View desc=null txt_len=0 pkg=com.deepseek.chat t_boot_ns=1206683459252142
09-06 01:11:54.428 I/AnebProbe(25624): ADAPTER_EVT type=content cls=android.view.View desc=null txt_len=0 pkg=com.deepseek.chat t_boot_ns=1206683459318809
09-06 01:11:54.428 I/AnebProbe(25624): ADAPTER_EVT type=content cls=androidx.compose.ui.viewinterop.ViewFactoryHolder desc=null txt_len=0 pkg=com.deepseek.chat t_boot_ns=1206683459425059
09-06 01:11:54.428 I/AnebProbe(25624): ADAPTER_EVT type=content cls=android.view.View desc=null txt_len=0 pkg=com.deepseek.chat t_boot_ns=1206683459488080
09-06 01:11:54.428 I/AnebProbe(25624): ADAPTER_EVT type=content cls=android.view.View desc=null txt_len=0 pkg=com.deepseek.chat t_boot_ns=1206683459538080
09-06 01:11:54.428 I/AnebProbe(25624): ADAPTER_EVT type=content cls=android.view.View desc=null txt_len=0 pkg=com.deepseek.chat t_boot_ns=1206683459597455
09-06 01:11:54.428 I/AnebProbe(25624): ADAPTER_EVT type=content cls=android.view.View desc=null txt_len=0 pkg=com.deepseek.chat t_boot_ns=1206683459642246
09-06 01:11:54.526 I/AnebProbe(25624): ADAPTER_EVT type=content cls=android.view.View desc=null txt_len=0 pkg=com.deepseek.chat t_boot_ns=1206683557925580
09-06 01:11:54.527 I/AnebProbe(25624): ADAPTER_EVT type=content cls=android.view.View desc=null txt_len=0 pkg=com.deepseek.chat t_boot_ns=1206683558330267
09-06 01:11:54.529 I/AnebProbe(25624): ADAPTER_EVT type=content cls=android.view.View desc=null txt_len=0 pkg=com.deepseek.chat t_boot_ns=1206683560382351
09-06 01:11:54.529 I/AnebProbe(25624): ADAPTER_EVT type=content cls=android.view.View desc=null txt_len=0 pkg=com.deepseek.chat t_boot_ns=1206683560640163
09-06 01:11:54.529 I/AnebProbe(25624): ADAPTER_EVT type=content cls=android.view.View desc=null txt_len=0 pkg=com.deepseek.chat t_boot_ns=1206683560777142
09-06 01:11:54.529 I/AnebProbe(25624): ADAPTER_EVT type=content cls=android.view.View desc=null txt_len=0 pkg=com.deepseek.chat t_boot_ns=1206683560985996
09-06 01:11:54.529 I/AnebProbe(25624): ADAPTER_EVT type=content cls=androidx.compose.ui.viewinterop.ViewFactoryHolder desc=null txt_len=0 pkg=com.deepseek.chat t_boot_ns=1206683561104746
09-06 01:11:54.530 I/AnebProbe(25624): ADAPTER_EVT type=content cls=android.view.View desc=null txt_len=0 pkg=com.deepseek.chat t_boot_ns=1206683561259955
09-06 01:11:54.530 I/AnebProbe(25624): ADAPTER_EVT type=content cls=android.view.View desc=null txt_len=0 pkg=com.deepseek.chat t_boot_ns=1206683561376101
09-06 01:11:54.530 I/AnebProbe(25624): ADAPTER_EVT type=content cls=android.view.View desc=null txt_len=0 pkg=com.deepseek.chat t_boot_ns=1206683561537038
09-06 01:11:54.530 I/AnebProbe(25624): ADAPTER_EVT type=content cls=android.view.View desc=null txt_len=0 pkg=com.deepseek.chat t_boot_ns=1206683561651101
09-06 01:11:54.631 I/AnebProbe(25624): ADAPTER_EVT type=content cls=android.view.View desc=null txt_len=0 pkg=com.deepseek.chat t_boot_ns=1206683662176101
09-06 01:11:54.730 I/AnebProbe(25624): ADAPTER_EVT type=content cls=android.view.View desc=null txt_len=0 pkg=com.deepseek.chat t_boot_ns=1206683761963080
09-06 01:11:54.836 I/AnebProbe(25624): ADAPTER_EVT type=content cls=android.view.View desc=null txt_len=0 pkg=com.deepseek.chat t_boot_ns=1206683867237559
09-06 01:11:54.836 I/AnebProbe(25624): ADAPTER_EVT type=content cls=android.view.View desc=null txt_len=0 pkg=com.deepseek.chat t_boot_ns=1206683867756309
09-06 01:11:54.836 I/AnebProbe(25624): ADAPTER_EVT type=content cls=android.view.View desc=null txt_len=0 pkg=com.deepseek.chat t_boot_ns=1206683867951101
09-06 01:11:54.836 I/AnebProbe(25624): ADAPTER_EVT type=content cls=android.view.View desc=null txt_len=0 pkg=com.deepseek.chat t_boot_ns=1206683868123496
09-06 01:11:54.837 I/AnebProbe(25624): ADAPTER_EVT type=content cls=android.view.View desc=null txt_len=0 pkg=com.deepseek.chat t_boot_ns=1206683868344851
09-06 01:11:54.837 I/AnebProbe(25624): ADAPTER_EVT type=content cls=android.view.View desc=null txt_len=0 pkg=com.deepseek.chat t_boot_ns=1206683868502663
09-06 01:11:54.837 I/AnebProbe(25624): ADAPTER_EVT type=content cls=android.view.View desc=null txt_len=0 pkg=com.deepseek.chat t_boot_ns=1206683868690684
09-06 01:11:54.837 I/AnebProbe(25624): ADAPTER_EVT type=content cls=android.view.View desc=null txt_len=0 pkg=com.deepseek.chat t_boot_ns=1206683868918288
09-06 01:11:54.838 I/AnebProbe(25624): ADAPTER_EVT type=content cls=android.view.View desc=null txt_len=0 pkg=com.deepseek.chat t_boot_ns=1206683869189642
09-06 01:11:54.838 I/AnebProbe(25624): ADAPTER_EVT type=content cls=android.view.View desc=null txt_len=0 pkg=com.deepseek.chat t_boot_ns=1206683869315684
09-06 01:11:54.838 I/AnebProbe(25624): ADAPTER_EVT type=content cls=android.view.View desc=null txt_len=0 pkg=com.deepseek.chat t_boot_ns=1206683869447455
09-06 01:11:54.938 I/AnebProbe(25624): ADAPTER_EVT type=content cls=android.view.View desc=null txt_len=0 pkg=com.deepseek.chat t_boot_ns=1206683969749017
09-06 01:11:54.938 I/AnebProbe(25624): ADAPTER_EVT type=content cls=android.view.View desc=null txt_len=0 pkg=com.deepseek.chat t_boot_ns=1206683970126621
09-06 01:11:54.939 I/AnebProbe(25624): ADAPTER_EVT type=content cls=android.view.View desc=null txt_len=0 pkg=com.deepseek.chat t_boot_ns=1206683970237038
09-06 01:11:54.939 I/AnebProbe(25624): ADAPTER_EVT type=content cls=android.view.View desc=null txt_len=0 pkg=com.deepseek.chat t_boot_ns=1206683970387559
09-06 01:11:54.939 I/AnebProbe(25624): ADAPTER_EVT type=content cls=android.view.View desc=null txt_len=0 pkg=com.deepseek.chat t_boot_ns=1206683970497976
09-06 01:11:54.939 I/AnebProbe(25624): ADAPTER_EVT type=content cls=android.view.View desc=null txt_len=0 pkg=com.deepseek.chat t_boot_ns=1206683970605788
09-06 01:11:55.039 I/AnebProbe(25624): ADAPTER_EVT type=content cls=android.view.View desc=null txt_len=0 pkg=com.deepseek.chat t_boot_ns=1206684070583392
09-06 01:11:55.039 I/AnebProbe(25624): ADAPTER_EVT type=content cls=android.view.View desc=null txt_len=0 pkg=com.deepseek.chat t_boot_ns=1206684070980788
09-06 01:11:55.040 I/AnebProbe(25624): ADAPTER_EVT type=content cls=android.view.View desc=null txt_len=0 pkg=com.deepseek.chat t_boot_ns=1206684071176100
09-06 01:11:55.040 I/AnebProbe(25624): ADAPTER_EVT type=content cls=android.view.View desc=null txt_len=0 pkg=com.deepseek.chat t_boot_ns=1206684071348496
09-06 01:11:55.040 I/AnebProbe(25624): ADAPTER_EVT type=content cls=android.view.View desc=null txt_len=0 pkg=com.deepseek.chat t_boot_ns=1206684071493809
09-06 01:11:55.040 I/AnebProbe(25624): ADAPTER_EVT type=content cls=android.view.View desc=null txt_len=0 pkg=com.deepseek.chat t_boot_ns=1206684071658392
09-06 01:11:55.145 I/AnebProbe(25624): ADAPTER_EVT type=content cls=android.view.View desc=null txt_len=0 pkg=com.deepseek.chat t_boot_ns=1206684176493288
09-06 01:11:55.149 I/AnebProbe(25624): ADAPTER_OBS pkg=com.deepseek.chat mode=deepseek events=2287 rule_matched=0 first_delta_ms=0 cadence_p50_ms=0.2 session_span_ms=438912.1 confidence=LOW/INCONCLUSIVE reason=throttle ttft_send_ms=null anchor_source=null ttft_cluster_ms=2188.8 ttft_density_ms=2100.0
09-06 01:11:55.150 I/AnebProbe(25624): ADAPTER_EVT type=content cls=android.view.View desc=null txt_len=0 pkg=com.deepseek.chat t_boot_ns=1206684181160996
09-06 01:11:55.150 I/AnebProbe(25624): ADAPTER_EVT type=content cls=android.view.View desc=null txt_len=0 pkg=com.deepseek.chat t_boot_ns=1206684181556309
09-06 01:11:55.150 I/AnebProbe(25624): ADAPTER_EVT type=content cls=android.view.View desc=null txt_len=0 pkg=com.deepseek.chat t_boot_ns=1206684181820371
09-06 01:11:55.150 I/AnebProbe(25624): ADAPTER_EVT type=content cls=android.view.View desc=null txt_len=0 pkg=com.deepseek.chat t_boot_ns=1206684182040684
09-06 01:11:55.247 I/AnebProbe(25624): ADAPTER_EVT type=content cls=android.view.View desc=null txt_len=0 pkg=com.deepseek.chat t_boot_ns=1206684278213080
09-06 01:11:55.248 I/AnebProbe(25624): ADAPTER_EVT type=content cls=android.view.View desc=null txt_len=0 pkg=com.deepseek.chat t_boot_ns=1206684279173496
09-06 01:11:55.249 I/AnebProbe(25624): ADAPTER_EVT type=content cls=android.view.View desc=null txt_len=0 pkg=com.deepseek.chat t_boot_ns=1206684279980267
09-06 01:11:55.249 I/AnebProbe(25624): ADAPTER_EVT type=content cls=android.view.View desc=null txt_len=0 pkg=com.deepseek.chat t_boot_ns=1206684280400059
09-06 01:11:55.249 I/AnebProbe(25624): ADAPTER_EVT type=content cls=android.view.View desc=null txt_len=0 pkg=com.deepseek.chat t_boot_ns=1206684280649538
09-06 01:11:55.249 I/AnebProbe(25624): ADAPTER_EVT type=content cls=android.view.View desc=null txt_len=0 pkg=com.deepseek.chat t_boot_ns=1206684280901621
09-06 01:11:55.250 I/AnebProbe(25624): ADAPTER_EVT type=content cls=android.view.View desc=null txt_len=0 pkg=com.deepseek.chat t_boot_ns=1206684281174017
09-06 01:11:55.347 I/AnebProbe(25624): ADAPTER_EVT type=content cls=android.view.View desc=null txt_len=0 pkg=com.deepseek.chat t_boot_ns=1206684378220892
09-06 01:11:55.348 I/AnebProbe(25624): ADAPTER_EVT type=content cls=android.view.View desc=null txt_len=0 pkg=com.deepseek.chat t_boot_ns=1206684379348496
09-06 01:11:55.348 I/AnebProbe(25624): ADAPTER_EVT type=content cls=android.view.View desc=null txt_len=0 pkg=com.deepseek.chat t_boot_ns=1206684379598496
09-06 01:11:55.348 I/AnebProbe(25624): ADAPTER_EVT type=content cls=android.view.View desc=null txt_len=0 pkg=com.deepseek.chat t_boot_ns=1206684379742246
09-06 01:11:55.348 I/AnebProbe(25624): ADAPTER_EVT type=content cls=android.view.View desc=null txt_len=0 pkg=com.deepseek.chat t_boot_ns=1206684379877663
09-06 01:11:55.348 I/AnebProbe(25624): ADAPTER_EVT type=content cls=android.view.View desc=null txt_len=0 pkg=com.deepseek.chat t_boot_ns=1206684380049538
09-06 01:11:55.448 I/AnebProbe(25624): ADAPTER_EVT type=content cls=android.view.View desc=null txt_len=0 pkg=com.deepseek.chat t_boot_ns=1206684479147975
09-06 01:11:55.448 I/AnebProbe(25624): ADAPTER_EVT type=content cls=android.view.View desc=null txt_len=0 pkg=com.deepseek.chat t_boot_ns=1206684479671413
09-06 01:11:55.449 I/AnebProbe(25624): ADAPTER_EVT type=content cls=android.view.View desc=null txt_len=0 pkg=com.deepseek.chat t_boot_ns=1206684481049017
09-06 01:11:55.450 I/AnebProbe(25624): ADAPTER_EVT type=content cls=android.view.View desc=null txt_len=0 pkg=com.deepseek.chat t_boot_ns=1206684481316725
09-06 01:11:55.450 I/AnebProbe(25624): ADAPTER_EVT type=content cls=android.view.View desc=null txt_len=0 pkg=com.deepseek.chat t_boot_ns=1206684481495892
09-06 01:11:55.450 I/AnebProbe(25624): ADAPTER_EVT type=content cls=android.view.View desc=null txt_len=0 pkg=com.deepseek.chat t_boot_ns=1206684481765684
09-06 01:11:55.451 I/AnebProbe(25624): ADAPTER_EVT type=content cls=android.view.View desc=null txt_len=0 pkg=com.deepseek.chat t_boot_ns=1206684482135475
09-06 01:11:55.553 I/AnebProbe(25624): ADAPTER_EVT type=content cls=android.view.View desc=null txt_len=0 pkg=com.deepseek.chat t_boot_ns=1206684584422975
09-06 01:11:55.553 I/AnebProbe(25624): ADAPTER_EVT type=content cls=android.view.View desc=null txt_len=0 pkg=com.deepseek.chat t_boot_ns=1206684584964642
09-06 01:11:55.661 I/AnebProbe(25624): ADAPTER_EVT type=content cls=android.view.View desc=null txt_len=0 pkg=com.deepseek.chat t_boot_ns=1206684692529225
09-06 01:11:55.661 I/AnebProbe(25624): ADAPTER_EVT type=content cls=android.view.View desc=null txt_len=0 pkg=com.deepseek.chat t_boot_ns=1206684692974017
09-06 01:11:55.662 I/AnebProbe(25624): ADAPTER_EVT type=content cls=android.view.View desc=null txt_len=0 pkg=com.deepseek.chat t_boot_ns=1206684693179746
09-06 01:11:55.662 I/AnebProbe(25624): ADAPTER_EVT type=content cls=android.view.View desc=null txt_len=0 pkg=com.deepseek.chat t_boot_ns=1206684693330267
09-06 01:11:55.662 I/AnebProbe(25624): ADAPTER_EVT type=content cls=android.view.View desc=null txt_len=0 pkg=com.deepseek.chat t_boot_ns=1206684693444850
09-06 01:11:55.662 I/AnebProbe(25624): ADAPTER_EVT type=content cls=android.view.View desc=null txt_len=0 pkg=com.deepseek.chat t_boot_ns=1206684693558392
09-06 01:11:55.762 I/AnebProbe(25624): ADAPTER_EVT type=content cls=android.view.View desc=null txt_len=0 pkg=com.deepseek.chat t_boot_ns=1206684792980788
09-06 01:11:55.764 I/AnebProbe(25624): ADAPTER_EVT type=content cls=android.view.View desc=null txt_len=0 pkg=com.deepseek.chat t_boot_ns=1206684795045892
09-06 01:11:55.764 I/AnebProbe(25624): ADAPTER_EVT type=content cls=android.view.View desc=null txt_len=0 pkg=com.deepseek.chat t_boot_ns=1206684795443288
09-06 01:11:55.764 I/AnebProbe(25624): ADAPTER_EVT type=content cls=android.view.View desc=null txt_len=0 pkg=com.deepseek.chat t_boot_ns=1206684795913080
09-06 01:11:55.765 I/AnebProbe(25624): ADAPTER_EVT type=content cls=android.view.View desc=null txt_len=0 pkg=com.deepseek.chat t_boot_ns=1206684796156830
09-06 01:11:55.765 I/AnebProbe(25624): ADAPTER_EVT type=content cls=android.view.View desc=null txt_len=0 pkg=com.deepseek.chat t_boot_ns=1206684796564121
09-06 01:11:55.871 I/AnebProbe(25624): ADAPTER_EVT type=content cls=android.view.View desc=null txt_len=0 pkg=com.deepseek.chat t_boot_ns=1206684902273496
09-06 01:11:55.871 I/AnebProbe(25624): ADAPTER_EVT type=content cls=android.view.View desc=null txt_len=0 pkg=com.deepseek.chat t_boot_ns=1206684902771934
09-06 01:11:55.871 I/AnebProbe(25624): ADAPTER_EVT type=content cls=android.view.View desc=null txt_len=0 pkg=com.deepseek.chat t_boot_ns=1206684902919330
09-06 01:11:55.871 I/AnebProbe(25624): ADAPTER_EVT type=content cls=android.view.View desc=null txt_len=0 pkg=com.deepseek.chat t_boot_ns=1206684903066725
09-06 01:11:55.872 I/AnebProbe(25624): ADAPTER_EVT type=content cls=android.view.View desc=null txt_len=0 pkg=com.deepseek.chat t_boot_ns=1206684903221413
09-06 01:11:55.872 I/AnebProbe(25624): ADAPTER_EVT type=content cls=android.view.View desc=null txt_len=0 pkg=com.deepseek.chat t_boot_ns=1206684903359434
09-06 01:11:55.979 I/AnebProbe(25624): ADAPTER_EVT type=content cls=android.view.View desc=null txt_len=0 pkg=com.deepseek.chat t_boot_ns=1206685010772455
09-06 01:11:55.980 I/AnebProbe(25624): ADAPTER_EVT type=content cls=android.view.View desc=null txt_len=0 pkg=com.deepseek.chat t_boot_ns=1206685011168288
09-06 01:11:55.980 I/AnebProbe(25624): ADAPTER_EVT type=content cls=android.view.View desc=null txt_len=0 pkg=com.deepseek.chat t_boot_ns=1206685011332871
09-06 01:11:55.980 I/AnebProbe(25624): ADAPTER_EVT type=content cls=android.view.View desc=null txt_len=0 pkg=com.deepseek.chat t_boot_ns=1206685011447975
09-06 01:11:55.980 I/AnebProbe(25624): ADAPTER_EVT type=content cls=android.view.View desc=null txt_len=0 pkg=com.deepseek.chat t_boot_ns=1206685011558913
09-06 01:11:55.980 I/AnebProbe(25624): ADAPTER_EVT type=content cls=android.view.View desc=null txt_len=0 pkg=com.deepseek.chat t_boot_ns=1206685011667767
09-06 01:11:56.081 I/AnebProbe(25624): ADAPTER_EVT type=content cls=android.view.View desc=null txt_len=0 pkg=com.deepseek.chat t_boot_ns=1206685112771413
09-06 01:11:56.082 I/AnebProbe(25624): ADAPTER_EVT type=content cls=android.view.View desc=null txt_len=0 pkg=com.deepseek.chat t_boot_ns=1206685113344330
09-06 01:11:56.082 I/AnebProbe(25624): ADAPTER_EVT type=content cls=android.view.View desc=null txt_len=0 pkg=com.deepseek.chat t_boot_ns=1206685113675059
09-06 01:11:56.082 I/AnebProbe(25624): ADAPTER_EVT type=content cls=android.view.View desc=null txt_len=0 pkg=com.deepseek.chat t_boot_ns=1206685113817246
09-06 01:11:56.082 I/AnebProbe(25624): ADAPTER_EVT type=content cls=android.view.View desc=null txt_len=0 pkg=com.deepseek.chat t_boot_ns=1206685113984434
09-06 01:11:56.082 I/AnebProbe(25624): ADAPTER_EVT type=content cls=android.view.View desc=null txt_len=0 pkg=com.deepseek.chat t_boot_ns=1206685114139642
09-06 01:11:56.183 I/AnebProbe(25624): ADAPTER_EVT type=content cls=android.view.View desc=null txt_len=0 pkg=com.deepseek.chat t_boot_ns=1206685214240163
09-06 01:11:56.183 I/AnebProbe(25624): ADAPTER_EVT type=content cls=android.view.View desc=null txt_len=0 pkg=com.deepseek.chat t_boot_ns=1206685214609434
09-06 01:11:56.183 I/AnebProbe(25624): ADAPTER_EVT type=content cls=android.view.View desc=null txt_len=0 pkg=com.deepseek.chat t_boot_ns=1206685214732350
09-06 01:11:56.183 I/AnebProbe(25624): ADAPTER_EVT type=content cls=android.view.View desc=null txt_len=0 pkg=com.deepseek.chat t_boot_ns=1206685214882871
09-06 01:11:56.183 I/AnebProbe(25624): ADAPTER_EVT type=content cls=android.view.View desc=null txt_len=0 pkg=com.deepseek.chat t_boot_ns=1206685214993288
09-06 01:11:56.183 I/AnebProbe(25624): ADAPTER_EVT type=content cls=android.view.View desc=null txt_len=0 pkg=com.deepseek.chat t_boot_ns=1206685215099017
09-06 01:11:56.184 I/AnebProbe(25624): ADAPTER_EVT type=content cls=android.view.View desc=null txt_len=0 pkg=com.deepseek.chat t_boot_ns=1206685215202663
09-06 01:11:56.184 I/AnebProbe(25624): ADAPTER_EVT type=content cls=android.view.View desc=null txt_len=0 pkg=com.deepseek.chat t_boot_ns=1206685215307871
09-06 01:11:56.184 I/AnebProbe(25624): ADAPTER_EVT type=content cls=android.view.View desc=null txt_len=0 pkg=com.deepseek.chat t_boot_ns=1206685215446934
09-06 01:11:56.293 I/AnebProbe(25624): ADAPTER_EVT type=content cls=android.view.View desc=null txt_len=0 pkg=com.deepseek.chat t_boot_ns=1206685324407350
09-06 01:11:56.293 I/AnebProbe(25624): ADAPTER_EVT type=content cls=android.view.View desc=null txt_len=0 pkg=com.deepseek.chat t_boot_ns=1206685324910475
09-06 01:11:56.293 I/AnebProbe(25624): ADAPTER_EVT type=content cls=android.view.View desc=null txt_len=0 pkg=com.deepseek.chat t_boot_ns=1206685325085475
09-06 01:11:56.294 I/AnebProbe(25624): ADAPTER_EVT type=content cls=android.view.View desc=null txt_len=0 pkg=com.deepseek.chat t_boot_ns=1206685325250579
09-06 01:11:56.294 I/AnebProbe(25624): ADAPTER_EVT type=content cls=android.view.View desc=null txt_len=0 pkg=com.deepseek.chat t_boot_ns=1206685325385475
09-06 01:11:56.294 I/AnebProbe(25624): ADAPTER_EVT type=content cls=android.view.View desc=null txt_len=0 pkg=com.deepseek.chat t_boot_ns=1206685325607871
09-06 01:11:56.294 I/AnebProbe(25624): ADAPTER_EVT type=content cls=android.view.View desc=null txt_len=0 pkg=com.deepseek.chat t_boot_ns=1206685325782350
09-06 01:11:56.395 I/AnebProbe(25624): ADAPTER_EVT type=content cls=android.view.View desc=null txt_len=0 pkg=com.deepseek.chat t_boot_ns=1206685426780788
09-06 01:11:56.396 I/AnebProbe(25624): ADAPTER_EVT type=content cls=android.view.View desc=null txt_len=0 pkg=com.deepseek.chat t_boot_ns=1206685427310996
09-06 01:11:56.396 I/AnebProbe(25624): ADAPTER_EVT type=content cls=android.view.View desc=null txt_len=0 pkg=com.deepseek.chat t_boot_ns=1206685427472454
09-06 01:11:56.396 I/AnebProbe(25624): ADAPTER_EVT type=content cls=android.view.View desc=null txt_len=0 pkg=com.deepseek.chat t_boot_ns=1206685427639121
09-06 01:11:56.396 I/AnebProbe(25624): ADAPTER_EVT type=content cls=android.view.View desc=null txt_len=0 pkg=com.deepseek.chat t_boot_ns=1206685427781309
09-06 01:11:56.396 I/AnebProbe(25624): ADAPTER_EVT type=content cls=android.view.View desc=null txt_len=0 pkg=com.deepseek.chat t_boot_ns=1206685427932350
09-06 01:11:56.397 I/AnebProbe(25624): ADAPTER_EVT type=content cls=android.view.View desc=null txt_len=0 pkg=com.deepseek.chat t_boot_ns=1206685428070371
09-06 01:11:56.498 I/AnebProbe(25624): ADAPTER_EVT type=content cls=android.view.View desc=null txt_len=0 pkg=com.deepseek.chat t_boot_ns=1206685529827142
09-06 01:11:56.499 I/AnebProbe(25624): ADAPTER_EVT type=content cls=android.view.View desc=null txt_len=0 pkg=com.deepseek.chat t_boot_ns=1206685530343809
09-06 01:11:56.499 I/AnebProbe(25624): ADAPTER_EVT type=content cls=android.view.View desc=null txt_len=0 pkg=com.deepseek.chat t_boot_ns=1206685530789642
09-06 01:11:56.499 I/AnebProbe(25624): ADAPTER_EVT type=content cls=android.view.View desc=null txt_len=0 pkg=com.deepseek.chat t_boot_ns=1206685530985996
09-06 01:11:56.500 I/AnebProbe(25624): ADAPTER_EVT type=content cls=android.view.View desc=null txt_len=0 pkg=com.deepseek.chat t_boot_ns=1206685531202663
09-06 01:11:56.500 I/AnebProbe(25624): ADAPTER_EVT type=content cls=android.view.View desc=null txt_len=0 pkg=com.deepseek.chat t_boot_ns=1206685531394329
09-06 01:11:56.500 I/AnebProbe(25624): ADAPTER_EVT type=content cls=android.view.View desc=null txt_len=0 pkg=com.deepseek.chat t_boot_ns=1206685531592767
09-06 01:11:56.607 I/AnebProbe(25624): ADAPTER_EVT type=content cls=android.view.View desc=null txt_len=0 pkg=com.deepseek.chat t_boot_ns=1206685637964121
09-06 01:11:56.609 I/AnebProbe(25624): ADAPTER_EVT type=content cls=android.view.View desc=null txt_len=0 pkg=com.deepseek.chat t_boot_ns=1206685640087559
09-06 01:11:56.609 I/AnebProbe(25624): ADAPTER_EVT type=content cls=android.view.View desc=null txt_len=0 pkg=com.deepseek.chat t_boot_ns=1206685640502142
09-06 01:11:56.609 I/AnebProbe(25624): ADAPTER_EVT type=content cls=android.view.View desc=null txt_len=0 pkg=com.deepseek.chat t_boot_ns=1206685640758392
09-06 01:11:56.609 I/AnebProbe(25624): ADAPTER_EVT type=content cls=android.view.View desc=null txt_len=0 pkg=com.deepseek.chat t_boot_ns=1206685641051100
09-06 01:11:56.610 I/AnebProbe(25624): ADAPTER_EVT type=content cls=android.view.View desc=null txt_len=0 pkg=com.deepseek.chat t_boot_ns=1206685641247454
09-06 01:11:56.611 I/AnebProbe(25624): ADAPTER_EVT type=content cls=android.view.View desc=null txt_len=0 pkg=com.deepseek.chat t_boot_ns=1206685641424538
09-06 01:11:56.715 I/AnebProbe(25624): ADAPTER_EVT type=content cls=android.view.View desc=null txt_len=0 pkg=com.deepseek.chat t_boot_ns=1206685746635996
09-06 01:11:56.715 I/AnebProbe(25624): ADAPTER_EVT type=content cls=android.view.View desc=null txt_len=0 pkg=com.deepseek.chat t_boot_ns=1206685747043288
09-06 01:11:56.716 I/AnebProbe(25624): ADAPTER_EVT type=content cls=android.view.View desc=null txt_len=0 pkg=com.deepseek.chat t_boot_ns=1206685747291204
09-06 01:11:56.716 I/AnebProbe(25624): ADAPTER_EVT type=content cls=android.view.View desc=null txt_len=0 pkg=com.deepseek.chat t_boot_ns=1206685747541204
09-06 01:11:56.716 I/AnebProbe(25624): ADAPTER_EVT type=content cls=android.view.View desc=null txt_len=0 pkg=com.deepseek.chat t_boot_ns=1206685747724538
09-06 01:11:56.716 I/AnebProbe(25624): ADAPTER_EVT type=content cls=android.view.View desc=null txt_len=0 pkg=com.deepseek.chat t_boot_ns=1206685747906309
09-06 01:11:56.716 I/AnebProbe(25624): ADAPTER_EVT type=content cls=android.view.View desc=null txt_len=0 pkg=com.deepseek.chat t_boot_ns=1206685748086517
09-06 01:11:56.717 I/AnebProbe(25624): ADAPTER_EVT type=content cls=android.view.View desc=null txt_len=0 pkg=com.deepseek.chat t_boot_ns=1206685748301100
09-06 01:11:56.813 I/AnebProbe(25624): ADAPTER_EVT type=content cls=android.view.View desc=null txt_len=0 pkg=com.deepseek.chat t_boot_ns=1206685844773496
09-06 01:11:56.814 I/AnebProbe(25624): ADAPTER_EVT type=content cls=android.view.View desc=null txt_len=0 pkg=com.deepseek.chat t_boot_ns=1206685845352663
09-06 01:11:56.816 I/AnebProbe(25624): ADAPTER_EVT type=content cls=android.view.View desc=null txt_len=0 pkg=com.deepseek.chat t_boot_ns=1206685847484954
09-06 01:11:56.816 I/AnebProbe(25624): ADAPTER_EVT type=content cls=android.view.View desc=null txt_len=0 pkg=com.deepseek.chat t_boot_ns=1206685847837038
09-06 01:11:56.816 I/AnebProbe(25624): ADAPTER_EVT type=content cls=android.view.View desc=null txt_len=0 pkg=com.deepseek.chat t_boot_ns=1206685848085996
09-06 01:11:56.817 I/AnebProbe(25624): ADAPTER_EVT type=content cls=android.view.View desc=null txt_len=0 pkg=com.deepseek.chat t_boot_ns=1206685848305788
09-06 01:11:56.817 I/AnebProbe(25624): ADAPTER_EVT type=content cls=android.view.View desc=null txt_len=0 pkg=com.deepseek.chat t_boot_ns=1206685848536517
09-06 01:11:56.817 I/AnebProbe(25624): ADAPTER_EVT type=content cls=android.view.View desc=null txt_len=0 pkg=com.deepseek.chat t_boot_ns=1206685848739642
09-06 01:11:56.817 I/AnebProbe(25624): ADAPTER_EVT type=content cls=android.view.View desc=null txt_len=0 pkg=com.deepseek.chat t_boot_ns=1206685848996934
09-06 01:11:56.915 I/AnebProbe(25624): ADAPTER_EVT type=content cls=android.view.View desc=null txt_len=0 pkg=com.deepseek.chat t_boot_ns=1206685946640163
09-06 01:11:56.915 I/AnebProbe(25624): ADAPTER_EVT type=content cls=android.view.View desc=null txt_len=0 pkg=com.deepseek.chat t_boot_ns=1206685947041204
09-06 01:11:56.916 I/AnebProbe(25624): ADAPTER_EVT type=content cls=android.view.View desc=null txt_len=0 pkg=com.deepseek.chat t_boot_ns=1206685947201100
09-06 01:11:56.916 I/AnebProbe(25624): ADAPTER_EVT type=content cls=android.view.View desc=null txt_len=0 pkg=com.deepseek.chat t_boot_ns=1206685947344850
09-06 01:11:56.916 I/AnebProbe(25624): ADAPTER_EVT type=content cls=android.view.View desc=null txt_len=0 pkg=com.deepseek.chat t_boot_ns=1206685947485475
09-06 01:11:56.916 I/AnebProbe(25624): ADAPTER_EVT type=content cls=android.view.View desc=null txt_len=0 pkg=com.deepseek.chat t_boot_ns=1206685947634434
09-06 01:11:56.916 I/AnebProbe(25624): ADAPTER_EVT type=content cls=android.view.View desc=null txt_len=0 pkg=com.deepseek.chat t_boot_ns=1206685947776100
09-06 01:11:57.023 I/AnebProbe(25624): ADAPTER_EVT type=content cls=android.view.View desc=null txt_len=0 pkg=com.deepseek.chat t_boot_ns=1206686054925059
09-06 01:11:57.024 I/AnebProbe(25624): ADAPTER_EVT type=content cls=android.view.View desc=null txt_len=0 pkg=com.deepseek.chat t_boot_ns=1206686055383913
09-06 01:11:57.024 I/AnebProbe(25624): ADAPTER_EVT type=content cls=android.view.View desc=null txt_len=0 pkg=com.deepseek.chat t_boot_ns=1206686055686517
09-06 01:11:57.024 I/AnebProbe(25624): ADAPTER_EVT type=content cls=android.view.View desc=null txt_len=0 pkg=com.deepseek.chat t_boot_ns=1206686055891204
09-06 01:11:57.024 I/AnebProbe(25624): ADAPTER_EVT type=content cls=android.view.View desc=null txt_len=0 pkg=com.deepseek.chat t_boot_ns=1206686056082350
09-06 01:11:57.025 I/AnebProbe(25624): ADAPTER_EVT type=content cls=android.view.View desc=null txt_len=0 pkg=com.deepseek.chat t_boot_ns=1206686056260996
09-06 01:11:57.122 I/AnebProbe(25624): ADAPTER_EVT type=content cls=android.view.View desc=null txt_len=0 pkg=com.deepseek.chat t_boot_ns=1206686153071413
09-06 01:11:57.123 I/AnebProbe(25624): ADAPTER_EVT type=content cls=android.view.View desc=null txt_len=0 pkg=com.deepseek.chat t_boot_ns=1206686154282871
09-06 01:11:57.124 I/AnebProbe(25624): ADAPTER_EVT type=content cls=android.view.View desc=null txt_len=0 pkg=com.deepseek.chat t_boot_ns=1206686154965163
09-06 01:11:57.127 I/AnebProbe(25624): ADAPTER_EVT type=content cls=android.view.View desc=null txt_len=0 pkg=com.deepseek.chat t_boot_ns=1206686158371934
09-06 01:11:57.128 I/AnebProbe(25624): ADAPTER_EVT type=content cls=android.view.View desc=null txt_len=0 pkg=com.deepseek.chat t_boot_ns=1206686159306309
09-06 01:11:57.128 I/AnebProbe(25624): ADAPTER_EVT type=content cls=android.view.View desc=null txt_len=0 pkg=com.deepseek.chat t_boot_ns=1206686159550579
09-06 01:11:57.128 I/AnebProbe(25624): ADAPTER_EVT type=content cls=android.view.View desc=null txt_len=0 pkg=com.deepseek.chat t_boot_ns=1206686159738079
09-06 01:11:57.128 I/AnebProbe(25624): ADAPTER_EVT type=content cls=android.view.View desc=null txt_len=0 pkg=com.deepseek.chat t_boot_ns=1206686159892246
09-06 01:11:57.128 I/AnebProbe(25624): ADAPTER_EVT type=content cls=android.view.View desc=null txt_len=0 pkg=com.deepseek.chat t_boot_ns=1206686160078704
09-06 01:11:57.227 I/AnebProbe(25624): ADAPTER_EVT type=content cls=android.view.View desc=null txt_len=0 pkg=com.deepseek.chat t_boot_ns=1206686258894850
09-06 01:11:57.228 I/AnebProbe(25624): ADAPTER_EVT type=content cls=android.view.View desc=null txt_len=0 pkg=com.deepseek.chat t_boot_ns=1206686259276621
09-06 01:11:57.337 I/AnebProbe(25624): ADAPTER_EVT type=content cls=android.view.View desc=null txt_len=0 pkg=com.deepseek.chat t_boot_ns=1206686368546413
09-06 01:11:57.338 I/AnebProbe(25624): ADAPTER_EVT type=content cls=android.view.View desc=null txt_len=0 pkg=com.deepseek.chat t_boot_ns=1206686369743288
09-06 01:11:57.338 I/AnebProbe(25624): ADAPTER_EVT type=content cls=android.view.View desc=null txt_len=0 pkg=com.deepseek.chat t_boot_ns=1206686370095892
09-06 01:11:57.339 I/AnebProbe(25624): ADAPTER_EVT type=content cls=android.view.View desc=null txt_len=0 pkg=com.deepseek.chat t_boot_ns=1206686370232350
09-06 01:11:57.340 I/AnebProbe(25624): ADAPTER_EVT type=content cls=android.view.View desc=null txt_len=0 pkg=com.deepseek.chat t_boot_ns=1206686370377663
09-06 01:11:57.340 I/AnebProbe(25624): ADAPTER_EVT type=content cls=android.view.View desc=null txt_len=0 pkg=com.deepseek.chat t_boot_ns=1206686371436517
09-06 01:11:57.340 I/AnebProbe(25624): ADAPTER_EVT type=content cls=android.view.View desc=null txt_len=0 pkg=com.deepseek.chat t_boot_ns=1206686371572975
09-06 01:11:57.340 I/AnebProbe(25624): ADAPTER_EVT type=content cls=android.view.View desc=null txt_len=0 pkg=com.deepseek.chat t_boot_ns=1206686371699538
09-06 01:11:57.341 I/AnebProbe(25624): ADAPTER_EVT type=content cls=android.view.View desc=null txt_len=0 pkg=com.deepseek.chat t_boot_ns=1206686371824538
09-06 01:11:57.443 I/AnebProbe(25624): ADAPTER_EVT type=content cls=android.view.View desc=null txt_len=0 pkg=com.deepseek.chat t_boot_ns=1206686474249017
09-06 01:11:57.445 I/AnebProbe(25624): ADAPTER_EVT type=content cls=android.view.View desc=null txt_len=0 pkg=com.deepseek.chat t_boot_ns=1206686476703183
09-06 01:11:57.446 I/AnebProbe(25624): ADAPTER_EVT type=content cls=android.view.View desc=null txt_len=0 pkg=com.deepseek.chat t_boot_ns=1206686477280788
09-06 01:11:57.446 I/AnebProbe(25624): ADAPTER_EVT type=content cls=android.view.View desc=null txt_len=0 pkg=com.deepseek.chat t_boot_ns=1206686477477142
09-06 01:11:57.446 I/AnebProbe(25624): ADAPTER_EVT type=content cls=android.view.View desc=null txt_len=0 pkg=com.deepseek.chat t_boot_ns=1206686477696933
09-06 01:11:57.446 I/AnebProbe(25624): ADAPTER_EVT type=content cls=android.view.View desc=null txt_len=0 pkg=com.deepseek.chat t_boot_ns=1206686477852663
09-06 01:11:57.553 I/AnebProbe(25624): ADAPTER_EVT type=content cls=android.view.View desc=null txt_len=0 pkg=com.deepseek.chat t_boot_ns=1206686584160996
09-06 01:11:57.554 I/AnebProbe(25624): ADAPTER_EVT type=content cls=android.view.View desc=null txt_len=0 pkg=com.deepseek.chat t_boot_ns=1206686584985475
09-06 01:11:57.554 I/AnebProbe(25624): ADAPTER_EVT type=content cls=android.view.View desc=null txt_len=0 pkg=com.deepseek.chat t_boot_ns=1206686585972975
09-06 01:11:57.555 I/AnebProbe(25624): ADAPTER_EVT type=content cls=android.view.View desc=null txt_len=0 pkg=com.deepseek.chat t_boot_ns=1206686586904746
09-06 01:11:57.555 I/AnebProbe(25624): ADAPTER_EVT type=content cls=android.view.View desc=null txt_len=0 pkg=com.deepseek.chat t_boot_ns=1206686587117767
09-06 01:11:57.556 I/AnebProbe(25624): ADAPTER_EVT type=content cls=android.view.View desc=null txt_len=0 pkg=com.deepseek.chat t_boot_ns=1206686587278704
09-06 01:11:57.556 I/AnebProbe(25624): ADAPTER_EVT type=content cls=android.view.View desc=null txt_len=0 pkg=com.deepseek.chat t_boot_ns=1206686587435475
09-06 01:11:57.556 I/AnebProbe(25624): ADAPTER_EVT type=content cls=android.view.View desc=null txt_len=0 pkg=com.deepseek.chat t_boot_ns=1206686587699538
09-06 01:11:57.556 I/AnebProbe(25624): ADAPTER_EVT type=content cls=android.view.View desc=null txt_len=0 pkg=com.deepseek.chat t_boot_ns=1206686587944850
09-06 01:11:57.658 I/AnebProbe(25624): ADAPTER_EVT type=content cls=android.view.View desc=null txt_len=0 pkg=com.deepseek.chat t_boot_ns=1206686689439642
09-06 01:11:57.659 I/AnebProbe(25624): ADAPTER_EVT type=content cls=android.view.View desc=null txt_len=0 pkg=com.deepseek.chat t_boot_ns=1206686690229225
09-06 01:11:57.659 I/AnebProbe(25624): ADAPTER_EVT type=content cls=android.view.View desc=null txt_len=0 pkg=com.deepseek.chat t_boot_ns=1206686690489121
09-06 01:11:57.766 I/AnebProbe(25624): ADAPTER_EVT type=content cls=android.view.View desc=null txt_len=0 pkg=com.deepseek.chat t_boot_ns=1206686797684954
09-06 01:11:57.766 I/AnebProbe(25624): ADAPTER_EVT type=content cls=android.view.View desc=null txt_len=0 pkg=com.deepseek.chat t_boot_ns=1206686798119329
09-06 01:11:57.767 I/AnebProbe(25624): ADAPTER_EVT type=content cls=android.view.View desc=null txt_len=0 pkg=com.deepseek.chat t_boot_ns=1206686798306829
09-06 01:11:57.768 I/AnebProbe(25624): ADAPTER_EVT type=content cls=android.view.View desc=null txt_len=0 pkg=com.deepseek.chat t_boot_ns=1206686799570892
09-06 01:11:57.768 I/AnebProbe(25624): ADAPTER_EVT type=content cls=android.view.View desc=null txt_len=0 pkg=com.deepseek.chat t_boot_ns=1206686799839642
09-06 01:11:57.768 I/AnebProbe(25624): ADAPTER_EVT type=content cls=android.view.View desc=null txt_len=0 pkg=com.deepseek.chat t_boot_ns=1206686800022454
09-06 01:11:57.769 I/AnebProbe(25624): ADAPTER_EVT type=content cls=android.view.View desc=null txt_len=0 pkg=com.deepseek.chat t_boot_ns=1206686800195892
09-06 01:11:57.769 I/AnebProbe(25624): ADAPTER_EVT type=content cls=android.view.View desc=null txt_len=0 pkg=com.deepseek.chat t_boot_ns=1206686800360475
09-06 01:11:57.867 I/AnebProbe(25624): ADAPTER_EVT type=content cls=android.view.View desc=null txt_len=0 pkg=com.deepseek.chat t_boot_ns=1206686898689121
09-06 01:11:57.868 I/AnebProbe(25624): ADAPTER_EVT type=content cls=android.view.View desc=null txt_len=0 pkg=com.deepseek.chat t_boot_ns=1206686899127142
09-06 01:11:57.868 I/AnebProbe(25624): ADAPTER_EVT type=content cls=android.view.View desc=null txt_len=0 pkg=com.deepseek.chat t_boot_ns=1206686899356829
09-06 01:11:57.868 I/AnebProbe(25624): ADAPTER_EVT type=content cls=android.view.View desc=null txt_len=0 pkg=com.deepseek.chat t_boot_ns=1206686899509433
09-06 01:11:57.868 I/AnebProbe(25624): ADAPTER_EVT type=content cls=android.view.View desc=null txt_len=0 pkg=com.deepseek.chat t_boot_ns=1206686899905788
09-06 01:11:57.868 I/AnebProbe(25624): ADAPTER_EVT type=content cls=android.view.View desc=null txt_len=0 pkg=com.deepseek.chat t_boot_ns=1206686900074017
09-06 01:11:57.974 I/AnebProbe(25624): ADAPTER_EVT type=content cls=android.view.View desc=null txt_len=0 pkg=com.deepseek.chat t_boot_ns=1206687005257871
09-06 01:11:57.974 I/AnebProbe(25624): ADAPTER_EVT type=content cls=android.view.View desc=null txt_len=0 pkg=com.deepseek.chat t_boot_ns=1206687005622975
09-06 01:11:57.975 I/AnebProbe(25624): ADAPTER_EVT type=content cls=android.view.View desc=null txt_len=0 pkg=com.deepseek.chat t_boot_ns=1206687006450058
09-06 01:11:57.975 I/AnebProbe(25624): ADAPTER_EVT type=content cls=android.view.View desc=null txt_len=0 pkg=com.deepseek.chat t_boot_ns=1206687006689121
09-06 01:11:57.975 I/AnebProbe(25624): ADAPTER_EVT type=content cls=android.view.View desc=null txt_len=0 pkg=com.deepseek.chat t_boot_ns=1206687006927142
09-06 01:11:58.080 I/AnebProbe(25624): ADAPTER_EVT type=content cls=android.view.View desc=null txt_len=0 pkg=com.deepseek.chat t_boot_ns=1206687111785475
09-06 01:11:58.082 I/AnebProbe(25624): ADAPTER_EVT type=content cls=android.view.View desc=null txt_len=0 pkg=com.deepseek.chat t_boot_ns=1206687112591204
09-06 01:11:58.082 I/AnebProbe(25624): ADAPTER_EVT type=content cls=android.view.View desc=null txt_len=0 pkg=com.deepseek.chat t_boot_ns=1206687113415163
09-06 01:11:58.082 I/AnebProbe(25624): ADAPTER_EVT type=content cls=android.view.View desc=null txt_len=0 pkg=com.deepseek.chat t_boot_ns=1206687113660996
09-06 01:11:58.082 I/AnebProbe(25624): ADAPTER_EVT type=content cls=android.view.View desc=null txt_len=0 pkg=com.deepseek.chat t_boot_ns=1206687113849538
09-06 01:11:58.182 I/AnebProbe(25624): ADAPTER_EVT type=content cls=android.view.View desc=null txt_len=0 pkg=com.deepseek.chat t_boot_ns=1206687212897454
09-06 01:11:58.190 I/AnebProbe(25624): ADAPTER_EVT type=content cls=android.view.View desc=null txt_len=0 pkg=com.deepseek.chat t_boot_ns=1206687220710996
09-06 01:11:58.190 I/AnebProbe(25624): ADAPTER_EVT type=content cls=android.view.View desc=null txt_len=0 pkg=com.deepseek.chat t_boot_ns=1206687221928704
09-06 01:11:58.191 I/AnebProbe(25624): ADAPTER_EVT type=content cls=android.view.View desc=null txt_len=0 pkg=com.deepseek.chat t_boot_ns=1206687222193808
09-06 01:11:58.191 I/AnebProbe(25624): ADAPTER_EVT type=content cls=android.view.View desc=null txt_len=0 pkg=com.deepseek.chat t_boot_ns=1206687222429746
09-06 01:11:58.292 I/AnebProbe(25624): ADAPTER_EVT type=content cls=android.view.View desc=null txt_len=0 pkg=com.deepseek.chat t_boot_ns=1206687323163079
09-06 01:11:58.292 I/AnebProbe(25624): ADAPTER_EVT type=content cls=android.view.View desc=null txt_len=0 pkg=com.deepseek.chat t_boot_ns=1206687323659954
09-06 01:11:58.292 I/AnebProbe(25624): ADAPTER_EVT type=content cls=android.view.View desc=null txt_len=0 pkg=com.deepseek.chat t_boot_ns=1206687323916204
09-06 01:11:58.293 I/AnebProbe(25624): ADAPTER_EVT type=content cls=android.view.View desc=null txt_len=0 pkg=com.deepseek.chat t_boot_ns=1206687324137558
09-06 01:11:58.293 I/AnebProbe(25624): ADAPTER_EVT type=content cls=android.view.View desc=null txt_len=0 pkg=com.deepseek.chat t_boot_ns=1206687324323496
09-06 01:11:58.391 I/AnebProbe(25624): ADAPTER_EVT type=content cls=android.view.View desc=null txt_len=0 pkg=com.deepseek.chat t_boot_ns=1206687422122454
09-06 01:11:58.391 I/AnebProbe(25624): ADAPTER_EVT type=content cls=android.view.View desc=null txt_len=0 pkg=com.deepseek.chat t_boot_ns=1206687422704225
09-06 01:11:58.391 I/AnebProbe(25624): ADAPTER_EVT type=content cls=android.view.View desc=null txt_len=0 pkg=com.deepseek.chat t_boot_ns=1206687422920371
09-06 01:11:58.392 I/AnebProbe(25624): ADAPTER_EVT type=content cls=android.view.View desc=null txt_len=0 pkg=com.deepseek.chat t_boot_ns=1206687423127662
09-06 01:11:58.392 I/AnebProbe(25624): ADAPTER_EVT type=content cls=android.view.View desc=null txt_len=0 pkg=com.deepseek.chat t_boot_ns=1206687423531829
09-06 01:11:58.393 I/AnebProbe(25624): ADAPTER_EVT type=content cls=android.view.View desc=null txt_len=0 pkg=com.deepseek.chat t_boot_ns=1206687424111517
09-06 01:11:58.393 I/AnebProbe(25624): ADAPTER_EVT type=content cls=android.view.View desc=null txt_len=0 pkg=com.deepseek.chat t_boot_ns=1206687424899017
09-06 01:11:58.503 I/AnebProbe(25624): ADAPTER_EVT type=content cls=android.view.View desc=null txt_len=0 pkg=com.deepseek.chat t_boot_ns=1206687534268808
09-06 01:11:58.503 I/AnebProbe(25624): ADAPTER_EVT type=content cls=android.view.View desc=null txt_len=0 pkg=com.deepseek.chat t_boot_ns=1206687534807350
09-06 01:11:58.503 I/AnebProbe(25624): ADAPTER_EVT type=content cls=android.view.View desc=null txt_len=0 pkg=com.deepseek.chat t_boot_ns=1206687534983392
09-06 01:11:58.503 I/AnebProbe(25624): ADAPTER_EVT type=content cls=android.view.View desc=null txt_len=0 pkg=com.deepseek.chat t_boot_ns=1206687535117246
09-06 01:11:58.504 I/AnebProbe(25624): ADAPTER_EVT type=content cls=android.view.View desc=null txt_len=0 pkg=com.deepseek.chat t_boot_ns=1206687535235996
09-06 01:11:58.504 I/AnebProbe(25624): ADAPTER_EVT type=content cls=android.view.View desc=null txt_len=0 pkg=com.deepseek.chat t_boot_ns=1206687535357871
09-06 01:11:58.611 I/AnebProbe(25624): ADAPTER_EVT type=content cls=android.view.View desc=null txt_len=0 pkg=com.deepseek.chat t_boot_ns=1206687642574537
09-06 01:11:58.611 I/AnebProbe(25624): ADAPTER_EVT type=content cls=android.view.View desc=null txt_len=0 pkg=com.deepseek.chat t_boot_ns=1206687642959954
09-06 01:11:58.611 I/AnebProbe(25624): ADAPTER_EVT type=content cls=android.view.View desc=null txt_len=0 pkg=com.deepseek.chat t_boot_ns=1206687643105787
09-06 01:11:58.612 I/AnebProbe(25624): ADAPTER_EVT type=content cls=android.view.View desc=null txt_len=0 pkg=com.deepseek.chat t_boot_ns=1206687643249537
09-06 01:11:58.612 I/AnebProbe(25624): ADAPTER_EVT type=content cls=android.view.View desc=null txt_len=0 pkg=com.deepseek.chat t_boot_ns=1206687643369329
09-06 01:11:58.711 I/AnebProbe(25624): ADAPTER_EVT type=content cls=android.view.View desc=null txt_len=0 pkg=com.deepseek.chat t_boot_ns=1206687742772975
09-06 01:11:58.712 I/AnebProbe(25624): ADAPTER_EVT type=content cls=android.view.View desc=null txt_len=0 pkg=com.deepseek.chat t_boot_ns=1206687743244850
09-06 01:11:58.712 I/AnebProbe(25624): ADAPTER_EVT type=content cls=android.view.View desc=null txt_len=0 pkg=com.deepseek.chat t_boot_ns=1206687743408912
09-06 01:11:58.712 I/AnebProbe(25624): ADAPTER_EVT type=content cls=android.view.View desc=null txt_len=0 pkg=com.deepseek.chat t_boot_ns=1206687743541204
09-06 01:11:58.713 I/AnebProbe(25624): ADAPTER_EVT type=content cls=android.view.View desc=null txt_len=0 pkg=com.deepseek.chat t_boot_ns=1206687744367767
09-06 01:11:58.818 I/AnebProbe(25624): ADAPTER_EVT type=content cls=android.view.View desc=null txt_len=0 pkg=com.deepseek.chat t_boot_ns=1206687849825058
09-06 01:11:58.920 I/AnebProbe(25624): ADAPTER_EVT type=content cls=android.view.View desc=null txt_len=0 pkg=com.deepseek.chat t_boot_ns=1206687951002142
09-06 01:11:58.920 I/AnebProbe(25624): ADAPTER_EVT type=content cls=android.view.View desc=null txt_len=0 pkg=com.deepseek.chat t_boot_ns=1206687951435996
09-06 01:11:58.920 I/AnebProbe(25624): ADAPTER_EVT type=content cls=android.view.View desc=null txt_len=0 pkg=com.deepseek.chat t_boot_ns=1206687951656308
09-06 01:11:58.921 I/AnebProbe(25624): ADAPTER_EVT type=content cls=android.view.View desc=null txt_len=0 pkg=com.deepseek.chat t_boot_ns=1206687952420371
09-06 01:11:58.921 I/AnebProbe(25624): ADAPTER_EVT type=content cls=android.view.View desc=null txt_len=0 pkg=com.deepseek.chat t_boot_ns=1206687952640162
09-06 01:11:58.921 I/AnebProbe(25624): ADAPTER_EVT type=content cls=android.view.View desc=null txt_len=0 pkg=com.deepseek.chat t_boot_ns=1206687952869329
09-06 01:11:59.021 I/AnebProbe(25624): ADAPTER_EVT type=content cls=android.view.View desc=null txt_len=0 pkg=com.deepseek.chat t_boot_ns=1206688052264642
09-06 01:11:59.021 I/AnebProbe(25624): ADAPTER_EVT type=content cls=android.view.View desc=null txt_len=0 pkg=com.deepseek.chat t_boot_ns=1206688052783392
09-06 01:11:59.022 I/AnebProbe(25624): ADAPTER_EVT type=content cls=android.view.View desc=null txt_len=0 pkg=com.deepseek.chat t_boot_ns=1206688053106308
09-06 01:11:59.022 I/AnebProbe(25624): ADAPTER_EVT type=content cls=android.view.View desc=null txt_len=0 pkg=com.deepseek.chat t_boot_ns=1206688053326621
09-06 01:11:59.022 I/AnebProbe(25624): ADAPTER_EVT type=content cls=android.view.View desc=null txt_len=0 pkg=com.deepseek.chat t_boot_ns=1206688053495371
09-06 01:11:59.022 I/AnebProbe(25624): ADAPTER_EVT type=content cls=android.view.View desc=null txt_len=0 pkg=com.deepseek.chat t_boot_ns=1206688053670892
09-06 01:11:59.122 I/AnebProbe(25624): ADAPTER_EVT type=content cls=android.view.View desc=null txt_len=0 pkg=com.deepseek.chat t_boot_ns=1206688153717246
09-06 01:11:59.122 I/AnebProbe(25624): ADAPTER_EVT type=content cls=android.view.View desc=null txt_len=0 pkg=com.deepseek.chat t_boot_ns=1206688154078183
09-06 01:11:59.123 I/AnebProbe(25624): ADAPTER_EVT type=content cls=android.view.View desc=null txt_len=0 pkg=com.deepseek.chat t_boot_ns=1206688154212558
09-06 01:11:59.123 I/AnebProbe(25624): ADAPTER_EVT type=content cls=android.view.View desc=null txt_len=0 pkg=com.deepseek.chat t_boot_ns=1206688154333392
09-06 01:11:59.123 I/AnebProbe(25624): ADAPTER_EVT type=content cls=android.view.View desc=null txt_len=0 pkg=com.deepseek.chat t_boot_ns=1206688154634954
09-06 01:11:59.123 I/AnebProbe(25624): ADAPTER_EVT type=content cls=android.view.View desc=null txt_len=0 pkg=com.deepseek.chat t_boot_ns=1206688154758912
09-06 01:11:59.223 I/AnebProbe(25624): ADAPTER_EVT type=content cls=android.view.View desc=null txt_len=0 pkg=com.deepseek.chat t_boot_ns=1206688254174017
09-06 01:11:59.223 I/AnebProbe(25624): ADAPTER_EVT type=content cls=android.view.View desc=null txt_len=0 pkg=com.deepseek.chat t_boot_ns=1206688254610996
09-06 01:11:59.226 I/AnebProbe(25624): ADAPTER_EVT type=content cls=android.view.View desc=null txt_len=0 pkg=com.deepseek.chat t_boot_ns=1206688256842246
09-06 01:11:59.226 I/AnebProbe(25624): ADAPTER_EVT type=content cls=android.view.View desc=null txt_len=0 pkg=com.deepseek.chat t_boot_ns=1206688257505787
09-06 01:11:59.226 I/AnebProbe(25624): ADAPTER_EVT type=content cls=android.view.View desc=null txt_len=0 pkg=com.deepseek.chat t_boot_ns=1206688257675058
09-06 01:11:59.226 I/AnebProbe(25624): ADAPTER_EVT type=content cls=android.view.View desc=null txt_len=0 pkg=com.deepseek.chat t_boot_ns=1206688257820892
09-06 01:11:59.226 I/AnebProbe(25624): ADAPTER_EVT type=content cls=android.view.View desc=null txt_len=0 pkg=com.deepseek.chat t_boot_ns=1206688258016725
09-06 01:11:59.325 I/AnebProbe(25624): ADAPTER_EVT type=content cls=android.view.View desc=null txt_len=0 pkg=com.deepseek.chat t_boot_ns=1206688356660996
09-06 01:11:59.326 I/AnebProbe(25624): ADAPTER_EVT type=content cls=android.view.View desc=null txt_len=0 pkg=com.deepseek.chat t_boot_ns=1206688357398496
09-06 01:11:59.327 I/AnebProbe(25624): ADAPTER_EVT type=content cls=android.view.View desc=null txt_len=0 pkg=com.deepseek.chat t_boot_ns=1206688358060475
09-06 01:11:59.327 I/AnebProbe(25624): ADAPTER_EVT type=content cls=android.view.View desc=null txt_len=0 pkg=com.deepseek.chat t_boot_ns=1206688358453183
09-06 01:11:59.327 I/AnebProbe(25624): ADAPTER_EVT type=content cls=android.view.View desc=null txt_len=0 pkg=com.deepseek.chat t_boot_ns=1206688358716725
09-06 01:11:59.327 I/AnebProbe(25624): ADAPTER_EVT type=content cls=android.view.View desc=null txt_len=0 pkg=com.deepseek.chat t_boot_ns=1206688358979746
09-06 01:11:59.327 I/AnebProbe(25624): ADAPTER_EVT type=content cls=android.view.View desc=null txt_len=0 pkg=com.deepseek.chat t_boot_ns=1206688359142246
09-06 01:11:59.424 I/AnebProbe(25624): ADAPTER_EVT type=content cls=android.view.View desc=null txt_len=0 pkg=com.deepseek.chat t_boot_ns=1206688455860475
09-06 01:11:59.529 I/AnebProbe(25624): ADAPTER_EVT type=content cls=android.view.View desc=null txt_len=0 pkg=com.deepseek.chat t_boot_ns=1206688560787558
09-06 01:11:59.530 I/AnebProbe(25624): ADAPTER_EVT type=content cls=android.view.View desc=null txt_len=0 pkg=com.deepseek.chat t_boot_ns=1206688561334954
09-06 01:11:59.530 I/AnebProbe(25624): ADAPTER_EVT type=content cls=android.view.View desc=null txt_len=0 pkg=com.deepseek.chat t_boot_ns=1206688561568808
09-06 01:11:59.530 I/AnebProbe(25624): ADAPTER_EVT type=content cls=android.view.View desc=null txt_len=0 pkg=com.deepseek.chat t_boot_ns=1206688561794850
09-06 01:11:59.530 I/AnebProbe(25624): ADAPTER_EVT type=content cls=android.view.View desc=null txt_len=0 pkg=com.deepseek.chat t_boot_ns=1206688562014121
09-06 01:11:59.530 I/AnebProbe(25624): ADAPTER_EVT type=content cls=android.view.View desc=null txt_len=0 pkg=com.deepseek.chat t_boot_ns=1206688562158391
09-06 01:11:59.637 I/AnebProbe(25624): ADAPTER_EVT type=content cls=android.view.View desc=null txt_len=0 pkg=com.deepseek.chat t_boot_ns=1206688668902662
09-06 01:11:59.638 I/AnebProbe(25624): ADAPTER_EVT type=content cls=android.view.View desc=null txt_len=0 pkg=com.deepseek.chat t_boot_ns=1206688669297454
09-06 01:11:59.638 I/AnebProbe(25624): ADAPTER_EVT type=content cls=android.view.View desc=null txt_len=0 pkg=com.deepseek.chat t_boot_ns=1206688669449016
09-06 01:11:59.638 I/AnebProbe(25624): ADAPTER_EVT type=content cls=android.view.View desc=null txt_len=0 pkg=com.deepseek.chat t_boot_ns=1206688669583912
09-06 01:11:59.638 I/AnebProbe(25624): ADAPTER_EVT type=content cls=android.view.View desc=null txt_len=0 pkg=com.deepseek.chat t_boot_ns=1206688669703183
09-06 01:11:59.638 I/AnebProbe(25624): ADAPTER_EVT type=content cls=android.view.View desc=null txt_len=0 pkg=com.deepseek.chat t_boot_ns=1206688669824537
09-06 01:11:59.638 I/AnebProbe(25624): ADAPTER_EVT type=content cls=android.view.View desc=null txt_len=0 pkg=com.deepseek.chat t_boot_ns=1206688669941725
09-06 01:11:59.638 I/AnebProbe(25624): ADAPTER_EVT type=content cls=android.view.View desc=null txt_len=0 pkg=com.deepseek.chat t_boot_ns=1206688670087558
09-06 01:11:59.639 I/AnebProbe(25624): ADAPTER_EVT type=content cls=android.view.View desc=null txt_len=0 pkg=com.deepseek.chat t_boot_ns=1206688670205787
09-06 01:11:59.737 I/AnebProbe(25624): ADAPTER_EVT type=content cls=android.view.View desc=null txt_len=0 pkg=com.deepseek.chat t_boot_ns=1206688768371933
09-06 01:11:59.737 I/AnebProbe(25624): ADAPTER_EVT type=content cls=android.view.View desc=null txt_len=0 pkg=com.deepseek.chat t_boot_ns=1206688768928183
09-06 01:11:59.737 I/AnebProbe(25624): ADAPTER_EVT type=content cls=android.view.View desc=null txt_len=0 pkg=com.deepseek.chat t_boot_ns=1206688769114121
09-06 01:11:59.739 I/AnebProbe(25624): ADAPTER_EVT type=content cls=android.view.View desc=null txt_len=0 pkg=com.deepseek.chat t_boot_ns=1206688770392246
09-06 01:11:59.739 I/AnebProbe(25624): ADAPTER_EVT type=content cls=android.view.View desc=null txt_len=0 pkg=com.deepseek.chat t_boot_ns=1206688770619329
09-06 01:11:59.739 I/AnebProbe(25624): ADAPTER_EVT type=content cls=android.view.View desc=null txt_len=0 pkg=com.deepseek.chat t_boot_ns=1206688770841204
09-06 01:11:59.836 I/AnebProbe(25624): ADAPTER_EVT type=content cls=android.view.View desc=null txt_len=0 pkg=com.deepseek.chat t_boot_ns=1206688867829225
09-06 01:11:59.837 I/AnebProbe(25624): ADAPTER_EVT type=content cls=android.view.View desc=null txt_len=0 pkg=com.deepseek.chat t_boot_ns=1206688868252662
09-06 01:11:59.838 I/AnebProbe(25624): ADAPTER_EVT type=content cls=android.view.View desc=null txt_len=0 pkg=com.deepseek.chat t_boot_ns=1206688869241725
09-06 01:11:59.839 I/AnebProbe(25624): ADAPTER_EVT type=content cls=android.view.View desc=null txt_len=0 pkg=com.deepseek.chat t_boot_ns=1206688870148496
09-06 01:11:59.839 I/AnebProbe(25624): ADAPTER_EVT type=content cls=android.view.View desc=null txt_len=0 pkg=com.deepseek.chat t_boot_ns=1206688870671412
09-06 01:11:59.938 I/AnebProbe(25624): ADAPTER_EVT type=content cls=android.view.View desc=null txt_len=0 pkg=com.deepseek.chat t_boot_ns=1206688968760996
09-06 01:11:59.938 I/AnebProbe(25624): ADAPTER_EVT type=content cls=android.view.View desc=null txt_len=0 pkg=com.deepseek.chat t_boot_ns=1206688969389121
09-06 01:11:59.938 I/AnebProbe(25624): ADAPTER_EVT type=content cls=android.view.View desc=null txt_len=0 pkg=com.deepseek.chat t_boot_ns=1206688969525579
09-06 01:11:59.938 I/AnebProbe(25624): ADAPTER_EVT type=content cls=android.view.View desc=null txt_len=0 pkg=com.deepseek.chat t_boot_ns=1206688969633912
09-06 01:11:59.938 I/AnebProbe(25624): ADAPTER_EVT type=content cls=android.view.View desc=null txt_len=0 pkg=com.deepseek.chat t_boot_ns=1206688969735996
09-06 01:11:59.938 I/AnebProbe(25624): ADAPTER_EVT type=content cls=android.view.View desc=null txt_len=0 pkg=com.deepseek.chat t_boot_ns=1206688969865683
09-06 01:11:59.952 I/AnebProbe(25624): ADAPTER_EVT type=content cls=android.view.View desc=null txt_len=0 pkg=com.deepseek.chat t_boot_ns=1206688983258912
09-06 01:11:59.952 I/AnebProbe(25624): ADAPTER_EVT type=content cls=android.view.View desc=null txt_len=0 pkg=com.deepseek.chat t_boot_ns=1206688983734954
09-06 01:12:00.040 I/AnebProbe(25624): ADAPTER_EVT type=content cls=android.view.View desc=null txt_len=0 pkg=com.deepseek.chat t_boot_ns=1206689071419850
09-06 01:12:00.041 I/AnebProbe(25624): ADAPTER_EVT type=content cls=android.view.View desc=null txt_len=0 pkg=com.deepseek.chat t_boot_ns=1206689072045891
09-06 01:12:00.041 I/AnebProbe(25624): ADAPTER_EVT type=content cls=android.view.View desc=null txt_len=0 pkg=com.deepseek.chat t_boot_ns=1206689072882350
09-06 01:12:00.042 I/AnebProbe(25624): ADAPTER_EVT type=content cls=android.view.View desc=null txt_len=0 pkg=com.deepseek.chat t_boot_ns=1206689073104225
09-06 01:12:00.042 I/AnebProbe(25624): ADAPTER_EVT type=content cls=android.view.View desc=null txt_len=0 pkg=com.deepseek.chat t_boot_ns=1206689073339121
09-06 01:12:00.042 I/AnebProbe(25624): ADAPTER_EVT type=content cls=android.view.View desc=null txt_len=0 pkg=com.deepseek.chat t_boot_ns=1206689073487037
09-06 01:12:00.042 I/AnebProbe(25624): ADAPTER_EVT type=content cls=android.view.View desc=null txt_len=0 pkg=com.deepseek.chat t_boot_ns=1206689073873496
09-06 01:12:00.141 I/AnebProbe(25624): ADAPTER_EVT type=content cls=android.view.View desc=null txt_len=0 pkg=com.deepseek.chat t_boot_ns=1206689172586516
09-06 01:12:00.141 I/AnebProbe(25624): ADAPTER_EVT type=content cls=android.view.View desc=null txt_len=0 pkg=com.deepseek.chat t_boot_ns=1206689173039641
09-06 01:12:00.142 I/AnebProbe(25624): ADAPTER_EVT type=content cls=android.view.View desc=null txt_len=0 pkg=com.deepseek.chat t_boot_ns=1206689173198496
09-06 01:12:00.142 I/AnebProbe(25624): ADAPTER_EVT type=content cls=android.view.View desc=null txt_len=0 pkg=com.deepseek.chat t_boot_ns=1206689173782871
09-06 01:12:00.248 I/AnebProbe(25624): ADAPTER_EVT type=content cls=android.view.View desc=null txt_len=0 pkg=com.deepseek.chat t_boot_ns=1206689279620371
09-06 01:12:00.251 I/AnebProbe(25624): ADAPTER_OBS pkg=com.deepseek.chat mode=deepseek events=2585 rule_matched=0 first_delta_ms=0 cadence_p50_ms=0.3 session_span_ms=444015.2 confidence=LOW/INCONCLUSIVE reason=throttle ttft_send_ms=null anchor_source=null ttft_cluster_ms=2188.8 ttft_density_ms=2100.0
09-06 01:12:00.357 I/AnebProbe(25624): ADAPTER_EVT type=content cls=android.view.View desc=null txt_len=0 pkg=com.deepseek.chat t_boot_ns=1206689388009433
09-06 01:12:00.357 I/AnebProbe(25624): ADAPTER_EVT type=content cls=android.view.View desc=null txt_len=0 pkg=com.deepseek.chat t_boot_ns=1206689388563600
09-06 01:12:00.359 I/AnebProbe(25624): ADAPTER_EVT type=content cls=android.view.View desc=null txt_len=0 pkg=com.deepseek.chat t_boot_ns=1206689390146412
09-06 01:12:00.359 I/AnebProbe(25624): ADAPTER_EVT type=content cls=android.view.View desc=null txt_len=0 pkg=com.deepseek.chat t_boot_ns=1206689390571933
09-06 01:12:00.359 I/AnebProbe(25624): ADAPTER_EVT type=content cls=android.view.View desc=null txt_len=0 pkg=com.deepseek.chat t_boot_ns=1206689390814121
09-06 01:12:00.359 I/AnebProbe(25624): ADAPTER_EVT type=content cls=android.view.View desc=null txt_len=0 pkg=com.deepseek.chat t_boot_ns=1206689391027141
09-06 01:12:00.360 I/AnebProbe(25624): ADAPTER_EVT type=content cls=android.view.View desc=null txt_len=0 pkg=com.deepseek.chat t_boot_ns=1206689391228183
09-06 01:12:00.360 I/AnebProbe(25624): ADAPTER_EVT type=content cls=android.view.View desc=null txt_len=0 pkg=com.deepseek.chat t_boot_ns=1206689391428183
09-06 01:12:00.360 I/AnebProbe(25624): ADAPTER_EVT type=content cls=android.view.View desc=null txt_len=0 pkg=com.deepseek.chat t_boot_ns=1206689391641204
09-06 01:12:00.360 I/AnebProbe(25624): ADAPTER_EVT type=content cls=android.view.View desc=null txt_len=0 pkg=com.deepseek.chat t_boot_ns=1206689391864641
09-06 01:12:00.360 I/AnebProbe(25624): ADAPTER_EVT type=content cls=android.view.View desc=null txt_len=0 pkg=com.deepseek.chat t_boot_ns=1206689392074537
09-06 01:12:00.361 I/AnebProbe(25624): ADAPTER_EVT type=content cls=android.view.View desc=null txt_len=0 pkg=com.deepseek.chat t_boot_ns=1206689392275058
09-06 01:12:00.361 I/AnebProbe(25624): ADAPTER_EVT type=content cls=android.view.View desc=null txt_len=0 pkg=com.deepseek.chat t_boot_ns=1206689392499016
09-06 01:12:00.361 I/AnebProbe(25624): ADAPTER_EVT type=content cls=android.view.View desc=null txt_len=0 pkg=com.deepseek.chat t_boot_ns=1206689392731829
09-06 01:12:00.361 I/AnebProbe(25624): ADAPTER_EVT type=content cls=android.view.View desc=null txt_len=0 pkg=com.deepseek.chat t_boot_ns=1206689392998496
09-06 01:12:00.362 I/AnebProbe(25624): ADAPTER_EVT type=content cls=android.view.View desc=null txt_len=0 pkg=com.deepseek.chat t_boot_ns=1206689393203704
09-06 01:12:00.362 I/AnebProbe(25624): ADAPTER_EVT type=content cls=android.view.View desc=null txt_len=0 pkg=com.deepseek.chat t_boot_ns=1206689393400058
09-06 01:12:00.362 I/AnebProbe(25624): ADAPTER_EVT type=content cls=android.view.View desc=null txt_len=0 pkg=com.deepseek.chat t_boot_ns=1206689393625579
09-06 01:12:00.373 I/AnebProbe(25624): ADAPTER_EVT type=content cls=android.view.View desc=null txt_len=0 pkg=com.deepseek.chat t_boot_ns=1206689403939641
09-06 01:12:00.460 I/AnebProbe(25624): ADAPTER_EVT type=content cls=android.view.View desc=null txt_len=0 pkg=com.deepseek.chat t_boot_ns=1206689491068808
09-06 01:12:00.460 I/AnebProbe(25624): ADAPTER_EVT type=content cls=android.view.View desc=null txt_len=0 pkg=com.deepseek.chat t_boot_ns=1206689491609433
09-06 01:12:00.460 I/AnebProbe(25624): ADAPTER_EVT type=content cls=android.view.View desc=null txt_len=0 pkg=com.deepseek.chat t_boot_ns=1206689491838600
09-06 01:12:00.460 I/AnebProbe(25624): ADAPTER_EVT type=content cls=android.view.View desc=null txt_len=0 pkg=com.deepseek.chat t_boot_ns=1206689492038600
09-06 01:12:00.572 I/AnebProbe(25624): ADAPTER_EVT type=content cls=android.view.View desc=null txt_len=0 pkg=com.deepseek.chat t_boot_ns=1206689603137037
09-06 01:12:00.572 I/AnebProbe(25624): ADAPTER_EVT type=content cls=android.view.View desc=null txt_len=0 pkg=com.deepseek.chat t_boot_ns=1206689603554745
09-06 01:12:00.572 I/AnebProbe(25624): ADAPTER_EVT type=content cls=android.view.View desc=null txt_len=0 pkg=com.deepseek.chat t_boot_ns=1206689603777141
09-06 01:13:08.919 I/AnebE4MARK(24510): E4MARK kind=answer_complete n=5
09-06 01:13:29.377 I/AnebProbe(25624): ADAPTER_EVT type=content cls=android.view.View desc=null txt_len=0 pkg=com.deepseek.chat t_boot_ns=1206778408517232
09-06 01:13:29.379 I/AnebProbe(25624): ADAPTER_OBS pkg=com.deepseek.chat mode=deepseek events=2612 rule_matched=0 first_delta_ms=0 cadence_p50_ms=0.3 session_span_ms=533144.1 confidence=LOW/INCONCLUSIVE reason=throttle ttft_send_ms=null anchor_source=null ttft_cluster_ms=2188.8 ttft_density_ms=2100.0
09-06 01:13:29.380 I/AnebProbe(25624): ADAPTER_EVT type=content cls=android.view.View desc=null txt_len=0 pkg=com.deepseek.chat t_boot_ns=1206778411249524
09-06 01:13:29.380 I/AnebProbe(25624): ADAPTER_EVT type=content cls=android.view.View desc=null txt_len=0 pkg=com.deepseek.chat t_boot_ns=1206778411369836
09-06 01:13:29.380 I/AnebProbe(25624): ADAPTER_EVT type=content cls=android.view.View desc=null txt_len=0 pkg=com.deepseek.chat t_boot_ns=1206778411427649
09-06 01:13:29.380 I/AnebProbe(25624): ADAPTER_EVT type=content cls=android.view.View desc=null txt_len=0 pkg=com.deepseek.chat t_boot_ns=1206778411472961
09-06 01:13:29.380 I/AnebProbe(25624): ADAPTER_EVT type=content cls=android.view.View desc=null txt_len=0 pkg=com.deepseek.chat t_boot_ns=1206778411518794
09-06 01:13:29.380 I/AnebProbe(25624): ADAPTER_EVT type=content cls=android.view.View desc=null txt_len=0 pkg=com.deepseek.chat t_boot_ns=1206778411569836
09-06 01:13:29.380 I/AnebProbe(25624): ADAPTER_EVT type=content cls=android.view.View desc=null txt_len=0 pkg=com.deepseek.chat t_boot_ns=1206778411628690
09-06 01:13:29.380 I/AnebProbe(25624): ADAPTER_EVT type=content cls=android.view.View desc=null txt_len=0 pkg=com.deepseek.chat t_boot_ns=1206778411671919
09-06 01:13:29.380 I/AnebProbe(25624): ADAPTER_EVT type=content cls=android.view.View desc=null txt_len=0 pkg=com.deepseek.chat t_boot_ns=1206778411728690
09-06 01:13:29.380 I/AnebProbe(25624): ADAPTER_EVT type=content cls=android.view.View desc=null txt_len=0 pkg=com.deepseek.chat t_boot_ns=1206778411766190
09-06 01:13:29.380 I/AnebProbe(25624): ADAPTER_EVT type=content cls=android.view.View desc=null txt_len=0 pkg=com.deepseek.chat t_boot_ns=1206778411817753
09-06 01:13:31.057 I/AnebProbe(25624): ADAPTER_EVT type=content cls=android.view.View desc=null txt_len=0 pkg=com.deepseek.chat t_boot_ns=1206780088333378
09-06 01:13:31.057 I/AnebProbe(25624): ADAPTER_EVT type=content cls=android.view.View desc=null txt_len=0 pkg=com.deepseek.chat t_boot_ns=1206780088937544
09-06 01:13:31.058 I/AnebProbe(25624): ADAPTER_EVT type=content cls=android.view.View desc=null txt_len=0 pkg=com.deepseek.chat t_boot_ns=1206780089121919
09-06 01:13:31.058 I/AnebProbe(25624): ADAPTER_EVT type=content cls=android.view.View desc=null txt_len=0 pkg=com.deepseek.chat t_boot_ns=1206780089433898
09-06 01:13:31.160 I/AnebProbe(25624): ADAPTER_EVT type=content cls=android.view.View desc=null txt_len=0 pkg=com.deepseek.chat t_boot_ns=1206780190840148
09-06 01:13:31.265 I/AnebProbe(25624): ADAPTER_EVT type=content cls=android.view.View desc=null txt_len=0 pkg=com.deepseek.chat t_boot_ns=1206780296172440
09-06 01:13:31.265 I/AnebProbe(25624): ADAPTER_EVT type=content cls=android.view.View desc=null txt_len=0 pkg=com.deepseek.chat t_boot_ns=1206780296613065
09-06 01:13:33.081 I/AnebProbe(25624): ADAPTER_EVT type=content cls=android.view.View desc=null txt_len=0 pkg=com.deepseek.chat t_boot_ns=1206782112700565
09-06 01:13:33.183 I/AnebProbe(25624): ADAPTER_EVT type=content cls=android.view.View desc=null txt_len=0 pkg=com.deepseek.chat t_boot_ns=1206782214085461
09-06 01:13:33.183 I/AnebProbe(25624): ADAPTER_EVT type=content cls=android.view.View desc=null txt_len=0 pkg=com.deepseek.chat t_boot_ns=1206782214510981
09-06 01:13:33.999 I/AnebProbe(25624): ADAPTER_EVT type=content cls=android.view.ViewGroup desc=null txt_len=0 pkg=com.deepseek.chat t_boot_ns=1206783030580773
09-06 01:13:34.017 I/AnebProbe(25624): ADAPTER_EVT type=content cls=android.view.View desc=null txt_len=0 pkg=com.deepseek.chat t_boot_ns=1206783048994315
09-06 01:13:34.113 I/AnebProbe(25624): ADAPTER_EVT type=content cls=androidx.compose.ui.viewinterop.ViewFactoryHolder desc=null txt_len=0 pkg=com.deepseek.chat t_boot_ns=1206783144403169
09-06 01:13:34.216 I/AnebProbe(25624): ADAPTER_EVT type=content cls=android.view.View desc=null txt_len=0 pkg=com.deepseek.chat t_boot_ns=1206783247886502
09-06 01:13:34.216 I/AnebProbe(25624): ADAPTER_EVT type=content cls=android.view.View desc=null txt_len=0 pkg=com.deepseek.chat t_boot_ns=1206783248157856
09-06 01:13:34.217 I/AnebProbe(25624): ADAPTER_EVT type=content cls=android.view.View desc=null txt_len=0 pkg=com.deepseek.chat t_boot_ns=1206783248239627
09-06 01:13:34.217 I/AnebProbe(25624): ADAPTER_EVT type=content cls=android.view.View desc=null txt_len=0 pkg=com.deepseek.chat t_boot_ns=1206783248315148
09-06 01:13:34.217 I/AnebProbe(25624): ADAPTER_EVT type=content cls=android.view.View desc=null txt_len=0 pkg=com.deepseek.chat t_boot_ns=1206783248371919
09-06 01:13:34.229 I/AnebProbe(25624): ADAPTER_EVT type=content cls=androidx.compose.ui.viewinterop.ViewFactoryHolder desc=null txt_len=0 pkg=com.deepseek.chat t_boot_ns=1206783260379731
09-06 01:13:34.318 I/AnebProbe(25624): ADAPTER_EVT type=content cls=android.view.View desc=null txt_len=0 pkg=com.deepseek.chat t_boot_ns=1206783349758898
09-06 01:13:34.320 I/AnebProbe(25624): ADAPTER_EVT type=content cls=android.view.View desc=null txt_len=0 pkg=com.deepseek.chat t_boot_ns=1206783351124523
09-06 01:13:34.320 I/AnebProbe(25624): ADAPTER_EVT type=content cls=android.view.View desc=null txt_len=0 pkg=com.deepseek.chat t_boot_ns=1206783351587544
09-06 01:13:34.320 I/AnebProbe(25624): ADAPTER_EVT type=content cls=android.view.View desc=null txt_len=0 pkg=com.deepseek.chat t_boot_ns=1206783351763065
09-06 01:13:34.320 I/AnebProbe(25624): ADAPTER_EVT type=content cls=android.view.View desc=null txt_len=0 pkg=com.deepseek.chat t_boot_ns=1206783351862544
09-06 01:13:34.346 I/AnebProbe(25624): ADAPTER_EVT type=content cls=androidx.compose.ui.viewinterop.ViewFactoryHolder desc=null txt_len=0 pkg=com.deepseek.chat t_boot_ns=1206783376918794
09-06 01:13:34.421 I/AnebProbe(25624): ADAPTER_EVT type=content cls=android.view.View desc=null txt_len=0 pkg=com.deepseek.chat t_boot_ns=1206783452875044
09-06 01:13:34.422 I/AnebProbe(25624): ADAPTER_OBS pkg=com.deepseek.chat mode=deepseek events=2649 rule_matched=0 first_delta_ms=0 cadence_p50_ms=0.3 session_span_ms=538188.4 confidence=LOW/INCONCLUSIVE reason=throttle ttft_send_ms=null anchor_source=null ttft_cluster_ms=2188.8 ttft_density_ms=2100.0
09-06 01:13:34.423 I/AnebProbe(25624): ADAPTER_EVT type=content cls=android.view.View desc=null txt_len=0 pkg=com.deepseek.chat t_boot_ns=1206783454077127
09-06 01:13:34.423 I/AnebProbe(25624): ADAPTER_EVT type=content cls=android.view.View desc=null txt_len=0 pkg=com.deepseek.chat t_boot_ns=1206783454379731
09-06 01:13:34.423 I/AnebProbe(25624): ADAPTER_EVT type=content cls=android.view.View desc=null txt_len=0 pkg=com.deepseek.chat t_boot_ns=1206783454483898
09-06 01:13:34.423 I/AnebProbe(25624): ADAPTER_EVT type=content cls=android.view.View desc=null txt_len=0 pkg=com.deepseek.chat t_boot_ns=1206783454552648
09-06 01:13:34.461 I/AnebProbe(25624): ADAPTER_EVT type=content cls=androidx.compose.ui.viewinterop.ViewFactoryHolder desc=null txt_len=0 pkg=com.deepseek.chat t_boot_ns=1206783492103169
09-06 01:13:34.525 I/AnebProbe(25624): ADAPTER_EVT type=content cls=android.view.View desc=null txt_len=0 pkg=com.deepseek.chat t_boot_ns=1206783556174523
09-06 01:13:34.525 I/AnebProbe(25624): ADAPTER_EVT type=content cls=android.view.View desc=null txt_len=0 pkg=com.deepseek.chat t_boot_ns=1206783556390148
09-06 01:13:34.525 I/AnebProbe(25624): ADAPTER_EVT type=content cls=android.view.View desc=null txt_len=0 pkg=com.deepseek.chat t_boot_ns=1206783556491710
09-06 01:13:34.525 I/AnebProbe(25624): ADAPTER_EVT type=content cls=android.view.View desc=null txt_len=0 pkg=com.deepseek.chat t_boot_ns=1206783556581294
09-06 01:13:34.525 I/AnebProbe(25624): ADAPTER_EVT type=content cls=android.view.View desc=null txt_len=0 pkg=com.deepseek.chat t_boot_ns=1206783556704731
09-06 01:13:34.574 I/AnebProbe(25624): ADAPTER_EVT type=content cls=androidx.compose.ui.viewinterop.ViewFactoryHolder desc=null txt_len=0 pkg=com.deepseek.chat t_boot_ns=1206783605929731
09-06 01:13:34.624 I/AnebProbe(25624): ADAPTER_EVT type=content cls=android.view.View desc=null txt_len=0 pkg=com.deepseek.chat t_boot_ns=1206783656017752
09-06 01:13:34.625 I/AnebProbe(25624): ADAPTER_EVT type=content cls=android.view.View desc=null txt_len=0 pkg=com.deepseek.chat t_boot_ns=1206783656308898
09-06 01:13:34.625 I/AnebProbe(25624): ADAPTER_EVT type=content cls=android.view.View desc=null txt_len=0 pkg=com.deepseek.chat t_boot_ns=1206783656433898
09-06 01:13:34.625 I/AnebProbe(25624): ADAPTER_EVT type=content cls=android.view.View desc=null txt_len=0 pkg=com.deepseek.chat t_boot_ns=1206783656549002
09-06 01:13:34.625 I/AnebProbe(25624): ADAPTER_EVT type=content cls=android.view.View desc=null txt_len=0 pkg=com.deepseek.chat t_boot_ns=1206783656626606
09-06 01:13:35.386 I/AnebProbe(25624): ADAPTER_EVT type=content cls=android.widget.EditText desc=null txt_len=1 pkg=com.deepseek.chat t_boot_ns=1206784417563064
09-06 01:13:35.413 I/AnebProbe(25624): ADAPTER_EVT type=content cls=android.widget.EditText desc=null txt_len=2 pkg=com.deepseek.chat t_boot_ns=1206784443541189
09-06 01:13:35.428 I/AnebProbe(25624): ADAPTER_EVT type=content cls=android.widget.EditText desc=null txt_len=3 pkg=com.deepseek.chat t_boot_ns=1206784459254210
09-06 01:13:35.443 I/AnebProbe(25624): ADAPTER_EVT type=content cls=android.widget.EditText desc=null txt_len=4 pkg=com.deepseek.chat t_boot_ns=1206784474041189
09-06 01:13:35.457 I/AnebProbe(25624): ADAPTER_EVT type=content cls=android.widget.EditText desc=null txt_len=5 pkg=com.deepseek.chat t_boot_ns=1206784488113064
09-06 01:13:35.465 I/AnebProbe(25624): ADAPTER_EVT type=content cls=android.widget.EditText desc=null txt_len=6 pkg=com.deepseek.chat t_boot_ns=1206784497043794
09-06 01:13:35.477 I/AnebProbe(25624): ADAPTER_EVT type=content cls=android.widget.EditText desc=null txt_len=7 pkg=com.deepseek.chat t_boot_ns=1206784508340669
09-06 01:13:35.484 I/AnebProbe(25624): ADAPTER_EVT type=content cls=android.widget.EditText desc=null txt_len=8 pkg=com.deepseek.chat t_boot_ns=1206784515483898
09-06 01:13:35.497 I/AnebProbe(25624): ADAPTER_EVT type=content cls=android.widget.EditText desc=null txt_len=9 pkg=com.deepseek.chat t_boot_ns=1206784528153169
09-06 01:13:35.506 I/AnebProbe(25624): ADAPTER_EVT type=content cls=android.view.View desc=null txt_len=0 pkg=com.deepseek.chat t_boot_ns=1206784537423481
09-06 01:13:35.506 I/AnebProbe(25624): ADAPTER_EVT type=content cls=android.view.View desc=null txt_len=0 pkg=com.deepseek.chat t_boot_ns=1206784537771918
09-06 01:13:35.506 I/AnebProbe(25624): ADAPTER_EVT type=content cls=android.view.View desc=null txt_len=0 pkg=com.deepseek.chat t_boot_ns=1206784537995877
09-06 01:13:35.514 I/AnebProbe(25624): ADAPTER_EVT type=content cls=android.widget.EditText desc=null txt_len=10 pkg=com.deepseek.chat t_boot_ns=1206784545567231
09-06 01:13:35.527 I/AnebProbe(25624): ADAPTER_EVT type=content cls=android.widget.EditText desc=null txt_len=11 pkg=com.deepseek.chat t_boot_ns=1206784557116189
09-06 01:13:35.534 I/AnebProbe(25624): ADAPTER_EVT type=content cls=android.widget.EditText desc=null txt_len=12 pkg=com.deepseek.chat t_boot_ns=1206784565218793
09-06 01:13:35.544 I/AnebProbe(25624): ADAPTER_EVT type=content cls=android.widget.EditText desc=null txt_len=13 pkg=com.deepseek.chat t_boot_ns=1206784575659418
09-06 01:13:35.551 I/AnebProbe(25624): ADAPTER_EVT type=content cls=android.widget.EditText desc=null txt_len=14 pkg=com.deepseek.chat t_boot_ns=1206784581766189
09-06 01:13:35.560 I/AnebProbe(25624): ADAPTER_EVT type=content cls=android.widget.EditText desc=null txt_len=15 pkg=com.deepseek.chat t_boot_ns=1206784591606814
09-06 01:13:35.567 I/AnebProbe(25624): ADAPTER_EVT type=content cls=android.widget.EditText desc=null txt_len=16 pkg=com.deepseek.chat t_boot_ns=1206784598078168
09-06 01:13:35.576 I/AnebProbe(25624): ADAPTER_EVT type=content cls=android.widget.EditText desc=null txt_len=17 pkg=com.deepseek.chat t_boot_ns=1206784606998481
09-06 01:13:35.584 I/AnebProbe(25624): ADAPTER_EVT type=content cls=android.widget.EditText desc=null txt_len=18 pkg=com.deepseek.chat t_boot_ns=1206784615690668
09-06 01:13:35.593 I/AnebProbe(25624): ADAPTER_EVT type=content cls=android.widget.EditText desc=null txt_len=19 pkg=com.deepseek.chat t_boot_ns=1206784624328168
09-06 01:13:35.600 I/AnebProbe(25624): ADAPTER_EVT type=content cls=android.widget.EditText desc=null txt_len=20 pkg=com.deepseek.chat t_boot_ns=1206784630914627
09-06 01:13:35.611 I/AnebProbe(25624): ADAPTER_EVT type=content cls=android.widget.EditText desc=null txt_len=21 pkg=com.deepseek.chat t_boot_ns=1206784642057856
09-06 01:13:35.623 I/AnebProbe(25624): ADAPTER_EVT type=content cls=android.widget.EditText desc=null txt_len=22 pkg=com.deepseek.chat t_boot_ns=1206784654275564
09-06 01:13:35.632 I/AnebProbe(25624): ADAPTER_EVT type=content cls=android.widget.EditText desc=null txt_len=23 pkg=com.deepseek.chat t_boot_ns=1206784663453168
09-06 01:13:35.643 I/AnebProbe(25624): ADAPTER_EVT type=content cls=android.widget.EditText desc=null txt_len=24 pkg=com.deepseek.chat t_boot_ns=1206784674376606
09-06 01:13:35.651 I/AnebProbe(25624): ADAPTER_EVT type=content cls=android.widget.EditText desc=null txt_len=25 pkg=com.deepseek.chat t_boot_ns=1206784682048481
09-06 01:13:35.660 I/AnebProbe(25624): ADAPTER_EVT type=content cls=android.widget.EditText desc=null txt_len=26 pkg=com.deepseek.chat t_boot_ns=1206784691049523
09-06 01:13:35.670 I/AnebProbe(25624): ADAPTER_EVT type=content cls=android.widget.EditText desc=null txt_len=27 pkg=com.deepseek.chat t_boot_ns=1206784701331293
09-06 01:13:35.678 I/AnebProbe(25624): ADAPTER_EVT type=content cls=android.widget.EditText desc=null txt_len=28 pkg=com.deepseek.chat t_boot_ns=1206784709275564
09-06 01:13:35.684 I/AnebProbe(25624): ADAPTER_EVT type=content cls=android.widget.EditText desc=null txt_len=29 pkg=com.deepseek.chat t_boot_ns=1206784715805252
09-06 01:13:35.692 I/AnebProbe(25624): ADAPTER_EVT type=content cls=android.widget.EditText desc=null txt_len=30 pkg=com.deepseek.chat t_boot_ns=1206784723054731
09-06 01:13:35.700 I/AnebProbe(25624): ADAPTER_EVT type=content cls=android.widget.EditText desc=null txt_len=31 pkg=com.deepseek.chat t_boot_ns=1206784730865148
09-06 01:13:35.708 I/AnebProbe(25624): ADAPTER_EVT type=content cls=android.widget.EditText desc=null txt_len=32 pkg=com.deepseek.chat t_boot_ns=1206784739692231
09-06 01:13:35.716 I/AnebProbe(25624): ADAPTER_EVT type=content cls=android.widget.EditText desc=null txt_len=33 pkg=com.deepseek.chat t_boot_ns=1206784747515668
09-06 01:13:35.726 I/AnebProbe(25624): ADAPTER_EVT type=content cls=android.widget.EditText desc=null txt_len=34 pkg=com.deepseek.chat t_boot_ns=1206784755945877
09-06 01:13:35.733 I/AnebProbe(25624): ADAPTER_EVT type=content cls=android.widget.EditText desc=null txt_len=35 pkg=com.deepseek.chat t_boot_ns=1206784764247439
09-06 01:13:35.742 I/AnebProbe(25624): ADAPTER_EVT type=content cls=android.widget.EditText desc=null txt_len=36 pkg=com.deepseek.chat t_boot_ns=1206784773865668
09-06 01:13:35.749 I/AnebProbe(25624): ADAPTER_EVT type=content cls=android.widget.EditText desc=null txt_len=37 pkg=com.deepseek.chat t_boot_ns=1206784780546918
09-06 01:13:35.759 I/AnebProbe(25624): ADAPTER_EVT type=content cls=android.widget.EditText desc=null txt_len=38 pkg=com.deepseek.chat t_boot_ns=1206784790560981
09-06 01:13:35.766 I/AnebProbe(25624): ADAPTER_EVT type=content cls=android.widget.EditText desc=null txt_len=39 pkg=com.deepseek.chat t_boot_ns=1206784796382856
09-06 01:13:35.775 I/AnebProbe(25624): ADAPTER_EVT type=content cls=android.widget.EditText desc=null txt_len=40 pkg=com.deepseek.chat t_boot_ns=1206784806328689
09-06 01:13:35.783 I/AnebProbe(25624): ADAPTER_EVT type=content cls=android.widget.EditText desc=null txt_len=41 pkg=com.deepseek.chat t_boot_ns=1206784814585981
09-06 01:13:35.796 I/AnebProbe(25624): ADAPTER_EVT type=content cls=android.widget.EditText desc=null txt_len=42 pkg=com.deepseek.chat t_boot_ns=1206784827530773
09-06 01:13:35.810 I/AnebProbe(25624): ADAPTER_EVT type=content cls=android.widget.EditText desc=null txt_len=43 pkg=com.deepseek.chat t_boot_ns=1206784841028168
09-06 01:13:35.819 I/AnebProbe(25624): ADAPTER_EVT type=content cls=android.widget.EditText desc=null txt_len=44 pkg=com.deepseek.chat t_boot_ns=1206784850065668
09-06 01:13:35.820 I/AnebProbe(25624): ADAPTER_EVT type=content cls=androidx.compose.ui.viewinterop.ViewFactoryHolder desc=null txt_len=0 pkg=com.deepseek.chat t_boot_ns=1206784851807856
09-06 01:13:35.826 I/AnebProbe(25624): ADAPTER_EVT type=content cls=android.view.View desc=null txt_len=0 pkg=com.deepseek.chat t_boot_ns=1206784856996398
09-06 01:13:35.830 I/AnebProbe(25624): ADAPTER_EVT type=content cls=androidx.compose.ui.viewinterop.ViewFactoryHolder desc=null txt_len=0 pkg=com.deepseek.chat t_boot_ns=1206784861626606
09-06 01:13:35.832 I/AnebProbe(25624): ADAPTER_EVT type=content cls=android.widget.EditText desc=null txt_len=45 pkg=com.deepseek.chat t_boot_ns=1206784863751606
09-06 01:13:35.842 I/AnebProbe(25624): ADAPTER_EVT type=content cls=android.widget.EditText desc=null txt_len=46 pkg=com.deepseek.chat t_boot_ns=1206784873084418
09-06 01:13:35.863 I/AnebProbe(25624): ADAPTER_EVT type=content cls=androidx.compose.ui.viewinterop.ViewFactoryHolder desc=null txt_len=0 pkg=com.deepseek.chat t_boot_ns=1206784894156293
09-06 01:13:35.863 I/AnebProbe(25624): ADAPTER_EVT type=content cls=android.widget.EditText desc=null txt_len=47 pkg=com.deepseek.chat t_boot_ns=1206784894596398
09-06 01:13:35.877 I/AnebProbe(25624): ADAPTER_EVT type=content cls=androidx.compose.ui.viewinterop.ViewFactoryHolder desc=null txt_len=0 pkg=com.deepseek.chat t_boot_ns=1206784908779731
09-06 01:13:35.878 I/AnebProbe(25624): ADAPTER_EVT type=content cls=android.widget.EditText desc=null txt_len=48 pkg=com.deepseek.chat t_boot_ns=1206784909284418
09-06 01:13:35.893 I/AnebProbe(25624): ADAPTER_EVT type=content cls=androidx.compose.ui.viewinterop.ViewFactoryHolder desc=null txt_len=0 pkg=com.deepseek.chat t_boot_ns=1206784924708377
09-06 01:13:35.894 I/AnebProbe(25624): ADAPTER_EVT type=content cls=android.widget.EditText desc=null txt_len=49 pkg=com.deepseek.chat t_boot_ns=1206784925252127
09-06 01:13:35.909 I/AnebProbe(25624): ADAPTER_EVT type=content cls=androidx.compose.ui.viewinterop.ViewFactoryHolder desc=null txt_len=0 pkg=com.deepseek.chat t_boot_ns=1206784940164106
09-06 01:13:35.909 I/AnebProbe(25624): ADAPTER_EVT type=content cls=android.widget.EditText desc=null txt_len=50 pkg=com.deepseek.chat t_boot_ns=1206784940555773
09-06 01:13:35.926 I/AnebProbe(25624): ADAPTER_EVT type=content cls=androidx.compose.ui.viewinterop.ViewFactoryHolder desc=null txt_len=0 pkg=com.deepseek.chat t_boot_ns=1206784957296398
09-06 01:13:35.926 I/AnebProbe(25624): ADAPTER_EVT type=content cls=android.widget.EditText desc=null txt_len=51 pkg=com.deepseek.chat t_boot_ns=1206784957753689
09-06 01:13:35.926 I/AnebProbe(25624): ADAPTER_EVT type=content cls=android.view.View desc=null txt_len=0 pkg=com.deepseek.chat t_boot_ns=1206784958075564
09-06 01:13:35.927 I/AnebProbe(25624): ADAPTER_EVT type=content cls=android.view.View desc=null txt_len=0 pkg=com.deepseek.chat t_boot_ns=1206784958210981
09-06 01:13:35.928 I/AnebProbe(25624): ADAPTER_EVT type=content cls=android.view.View desc=null txt_len=0 pkg=com.deepseek.chat t_boot_ns=1206784959276085
09-06 01:13:35.928 I/AnebProbe(25624): ADAPTER_EVT type=content cls=android.view.View desc=null txt_len=0 pkg=com.deepseek.chat t_boot_ns=1206784959459418
09-06 01:13:35.928 I/AnebProbe(25624): ADAPTER_EVT type=content cls=android.view.View desc=null txt_len=0 pkg=com.deepseek.chat t_boot_ns=1206784959619314
09-06 01:13:35.941 I/AnebProbe(25624): ADAPTER_EVT type=content cls=androidx.compose.ui.viewinterop.ViewFactoryHolder desc=null txt_len=0 pkg=com.deepseek.chat t_boot_ns=1206784972409939
09-06 01:13:35.941 I/AnebProbe(25624): ADAPTER_EVT type=content cls=android.widget.EditText desc=null txt_len=52 pkg=com.deepseek.chat t_boot_ns=1206784972862543
09-06 01:13:35.958 I/AnebProbe(25624): ADAPTER_EVT type=content cls=androidx.compose.ui.viewinterop.ViewFactoryHolder desc=null txt_len=0 pkg=com.deepseek.chat t_boot_ns=1206784989096398
09-06 01:13:35.959 I/AnebProbe(25624): ADAPTER_EVT type=content cls=android.widget.EditText desc=null txt_len=53 pkg=com.deepseek.chat t_boot_ns=1206784990519314
09-06 01:13:35.975 I/AnebProbe(25624): ADAPTER_EVT type=content cls=androidx.compose.ui.viewinterop.ViewFactoryHolder desc=null txt_len=0 pkg=com.deepseek.chat t_boot_ns=1206785006627127
09-06 01:13:35.975 I/AnebProbe(25624): ADAPTER_EVT type=content cls=android.widget.EditText desc=null txt_len=54 pkg=com.deepseek.chat t_boot_ns=1206785007011502
09-06 01:13:35.991 I/AnebProbe(25624): ADAPTER_EVT type=content cls=androidx.compose.ui.viewinterop.ViewFactoryHolder desc=null txt_len=0 pkg=com.deepseek.chat t_boot_ns=1206785022251085
09-06 01:13:35.991 I/AnebProbe(25624): ADAPTER_EVT type=content cls=android.widget.EditText desc=null txt_len=55 pkg=com.deepseek.chat t_boot_ns=1206785022616710
09-06 01:13:36.004 I/AnebProbe(25624): ADAPTER_EVT type=content cls=android.widget.EditText desc=null txt_len=56 pkg=com.deepseek.chat t_boot_ns=1206785035345356
09-06 01:13:36.027 I/AnebProbe(25624): ADAPTER_EVT type=content cls=android.view.View desc=null txt_len=0 pkg=com.deepseek.chat t_boot_ns=1206785059018273
09-06 01:13:36.028 I/AnebProbe(25624): ADAPTER_EVT type=content cls=android.view.View desc=null txt_len=0 pkg=com.deepseek.chat t_boot_ns=1206785059282856
09-06 01:13:36.028 I/AnebProbe(25624): ADAPTER_EVT type=content cls=android.view.View desc=null txt_len=0 pkg=com.deepseek.chat t_boot_ns=1206785059397960
09-06 01:13:36.028 I/AnebProbe(25624): ADAPTER_EVT type=content cls=android.view.View desc=null txt_len=0 pkg=com.deepseek.chat t_boot_ns=1206785059468793
09-06 01:13:36.028 I/AnebProbe(25624): ADAPTER_EVT type=content cls=android.view.View desc=null txt_len=0 pkg=com.deepseek.chat t_boot_ns=1206785059555773
09-06 01:13:36.098 I/AnebProbe(25624): ADAPTER_EVT type=content cls=androidx.compose.ui.viewinterop.ViewFactoryHolder desc=null txt_len=0 pkg=com.deepseek.chat t_boot_ns=1206785130018793
09-06 01:13:36.128 I/AnebProbe(25624): ADAPTER_EVT type=content cls=android.view.View desc=null txt_len=0 pkg=com.deepseek.chat t_boot_ns=1206785159303689
09-06 01:13:38.151 I/AnebE4MARK(24859): E4MARK kind=turn_start n=6
09-06 01:13:38.248 I/AnebProbe(25624): ADAPTER_EVT type=content cls=android.widget.EditText desc=null txt_len=0 pkg=com.deepseek.chat t_boot_ns=1206787279489626
09-06 01:13:38.281 I/AnebProbe(25624): ADAPTER_EVT type=content cls=android.view.View desc=null txt_len=0 pkg=com.deepseek.chat t_boot_ns=1206787312734939
09-06 01:13:38.282 I/AnebProbe(25624): ADAPTER_EVT type=content cls=android.view.View desc=null txt_len=0 pkg=com.deepseek.chat t_boot_ns=1206787314045356
09-06 01:13:38.283 I/AnebProbe(25624): ADAPTER_EVT type=content cls=android.view.View desc=null txt_len=0 pkg=com.deepseek.chat t_boot_ns=1206787314372439
09-06 01:13:38.305 I/AnebProbe(25624): ADAPTER_EVT type=content cls=android.view.View desc=null txt_len=0 pkg=com.deepseek.chat t_boot_ns=1206787336067231
09-06 01:13:38.305 I/AnebProbe(25624): ADAPTER_EVT type=content cls=android.view.View desc=null txt_len=0 pkg=com.deepseek.chat t_boot_ns=1206787336461501
09-06 01:13:38.356 I/AnebProbe(25624): ADAPTER_EVT type=content cls=android.view.ViewGroup desc=null txt_len=0 pkg=com.deepseek.chat t_boot_ns=1206787387300043
09-06 01:13:38.381 I/AnebProbe(25624): ADAPTER_EVT type=content cls=android.view.View desc=null txt_len=0 pkg=com.deepseek.chat t_boot_ns=1206787412442231
09-06 01:13:38.382 I/AnebProbe(25624): ADAPTER_EVT type=content cls=android.view.View desc=null txt_len=0 pkg=com.deepseek.chat t_boot_ns=1206787413733376
09-06 01:13:38.383 I/AnebProbe(25624): ADAPTER_EVT type=content cls=android.view.View desc=null txt_len=0 pkg=com.deepseek.chat t_boot_ns=1206787414234418
09-06 01:13:38.383 I/AnebProbe(25624): ADAPTER_EVT type=content cls=android.view.View desc=null txt_len=0 pkg=com.deepseek.chat t_boot_ns=1206787414501085
09-06 01:13:38.383 I/AnebProbe(25624): ADAPTER_EVT type=content cls=android.view.View desc=null txt_len=0 pkg=com.deepseek.chat t_boot_ns=1206787414813585
09-06 01:13:38.383 I/AnebProbe(25624): ADAPTER_EVT type=content cls=android.view.View desc=null txt_len=0 pkg=com.deepseek.chat t_boot_ns=1206787415035460
09-06 01:13:38.384 I/AnebProbe(25624): ADAPTER_EVT type=content cls=android.view.View desc=null txt_len=0 pkg=com.deepseek.chat t_boot_ns=1206787415212543
09-06 01:13:38.384 I/AnebProbe(25624): ADAPTER_EVT type=content cls=android.view.View desc=null txt_len=0 pkg=com.deepseek.chat t_boot_ns=1206787415386501
09-06 01:13:38.384 I/AnebProbe(25624): ADAPTER_EVT type=content cls=android.view.View desc=null txt_len=0 pkg=com.deepseek.chat t_boot_ns=1206787415546918
09-06 01:13:38.384 I/AnebProbe(25624): ADAPTER_EVT type=content cls=androidx.compose.ui.viewinterop.ViewFactoryHolder desc=null txt_len=0 pkg=com.deepseek.chat t_boot_ns=1206787415721918
09-06 01:13:38.384 I/AnebProbe(25624): ADAPTER_EVT type=content cls=android.view.View desc=null txt_len=0 pkg=com.deepseek.chat t_boot_ns=1206787415891189
09-06 01:13:38.384 I/AnebProbe(25624): ADAPTER_EVT type=content cls=android.view.View desc=null txt_len=0 pkg=com.deepseek.chat t_boot_ns=1206787416056814
09-06 01:13:38.385 I/AnebProbe(25624): ADAPTER_EVT type=content cls=android.view.View desc=null txt_len=0 pkg=com.deepseek.chat t_boot_ns=1206787416249001
09-06 01:13:38.385 I/AnebProbe(25624): ADAPTER_EVT type=content cls=android.view.View desc=null txt_len=0 pkg=com.deepseek.chat t_boot_ns=1206787416418272
09-06 01:13:38.385 I/AnebProbe(25624): ADAPTER_EVT type=content cls=android.view.View desc=null txt_len=0 pkg=com.deepseek.chat t_boot_ns=1206787416939626
09-06 01:13:38.385 I/AnebProbe(25624): ADAPTER_EVT type=content cls=android.view.View desc=null txt_len=0 pkg=com.deepseek.chat t_boot_ns=1206787417101606
09-06 01:13:38.386 I/AnebProbe(25624): ADAPTER_EVT type=content cls=android.view.View desc=null txt_len=0 pkg=com.deepseek.chat t_boot_ns=1206787417263585
09-06 01:13:38.386 I/AnebProbe(25624): ADAPTER_EVT type=content cls=android.view.View desc=null txt_len=0 pkg=com.deepseek.chat t_boot_ns=1206787417793793
09-06 01:13:38.387 I/AnebProbe(25624): ADAPTER_EVT type=content cls=android.view.View desc=null txt_len=0 pkg=com.deepseek.chat t_boot_ns=1206787418219835
09-06 01:13:38.387 I/AnebProbe(25624): ADAPTER_EVT type=content cls=android.view.View desc=null txt_len=0 pkg=com.deepseek.chat t_boot_ns=1206787418438064
09-06 01:13:38.387 I/AnebProbe(25624): ADAPTER_EVT type=content cls=android.view.View desc=null txt_len=0 pkg=com.deepseek.chat t_boot_ns=1206787418510981
09-06 01:13:38.387 I/AnebProbe(25624): ADAPTER_EVT type=content cls=android.view.View desc=null txt_len=0 pkg=com.deepseek.chat t_boot_ns=1206787418563064
09-06 01:13:38.387 I/AnebProbe(25624): ADAPTER_EVT type=content cls=android.view.View desc=null txt_len=0 pkg=com.deepseek.chat t_boot_ns=1206787418615668
09-06 01:13:38.387 I/AnebProbe(25624): ADAPTER_EVT type=content cls=android.view.View desc=null txt_len=0 pkg=com.deepseek.chat t_boot_ns=1206787418849001
09-06 01:13:38.388 I/AnebProbe(25624): ADAPTER_EVT type=content cls=android.view.View desc=null txt_len=0 pkg=com.deepseek.chat t_boot_ns=1206787419019835
09-06 01:13:38.388 I/AnebProbe(25624): ADAPTER_EVT type=content cls=android.view.View desc=null txt_len=0 pkg=com.deepseek.chat t_boot_ns=1206787419945876
09-06 01:13:38.388 I/AnebProbe(25624): ADAPTER_EVT type=content cls=android.view.View desc=null txt_len=0 pkg=com.deepseek.chat t_boot_ns=1206787420099522
09-06 01:13:38.389 I/AnebProbe(25624): ADAPTER_EVT type=content cls=android.view.View desc=null txt_len=0 pkg=com.deepseek.chat t_boot_ns=1206787420232335
09-06 01:13:38.389 I/AnebProbe(25624): ADAPTER_EVT type=content cls=android.view.View desc=null txt_len=0 pkg=com.deepseek.chat t_boot_ns=1206787420344835
09-06 01:13:38.389 I/AnebProbe(25624): ADAPTER_EVT type=content cls=android.view.View desc=null txt_len=0 pkg=com.deepseek.chat t_boot_ns=1206787420468272
09-06 01:13:38.389 I/AnebProbe(25624): ADAPTER_EVT type=content cls=android.view.View desc=null txt_len=0 pkg=com.deepseek.chat t_boot_ns=1206787420594835
09-06 01:13:38.389 I/AnebProbe(25624): ADAPTER_EVT type=content cls=android.view.View desc=null txt_len=0 pkg=com.deepseek.chat t_boot_ns=1206787420743272
09-06 01:13:38.389 I/AnebProbe(25624): ADAPTER_EVT type=content cls=android.view.View desc=null txt_len=0 pkg=com.deepseek.chat t_boot_ns=1206787420969314
09-06 01:13:38.389 I/AnebProbe(25624): ADAPTER_EVT type=content cls=android.view.View desc=null txt_len=0 pkg=com.deepseek.chat t_boot_ns=1206787421030251
09-06 01:13:38.389 I/AnebProbe(25624): ADAPTER_EVT type=content cls=android.view.View desc=null txt_len=0 pkg=com.deepseek.chat t_boot_ns=1206787421079731
09-06 01:13:38.389 I/AnebProbe(25624): ADAPTER_EVT type=content cls=android.view.View desc=null txt_len=0 pkg=com.deepseek.chat t_boot_ns=1206787421116710
09-06 01:13:38.389 I/AnebProbe(25624): ADAPTER_EVT type=content cls=android.view.View desc=null txt_len=0 pkg=com.deepseek.chat t_boot_ns=1206787421160981
09-06 01:13:38.389 I/AnebProbe(25624): ADAPTER_EVT type=content cls=android.view.View desc=null txt_len=0 pkg=com.deepseek.chat t_boot_ns=1206787421197960
09-06 01:13:38.483 I/AnebProbe(25624): ADAPTER_EVT type=content cls=android.view.View desc=null txt_len=0 pkg=com.deepseek.chat t_boot_ns=1206787514208897
09-06 01:13:38.483 I/AnebProbe(25624): ADAPTER_EVT type=content cls=android.view.View desc=null txt_len=0 pkg=com.deepseek.chat t_boot_ns=1206787514580772
09-06 01:13:38.484 I/AnebProbe(25624): ADAPTER_EVT type=content cls=androidx.compose.ui.viewinterop.ViewFactoryHolder desc=null txt_len=0 pkg=com.deepseek.chat t_boot_ns=1206787515103168
09-06 01:13:38.484 I/AnebProbe(25624): ADAPTER_EVT type=content cls=android.view.View desc=null txt_len=0 pkg=com.deepseek.chat t_boot_ns=1206787515284939
09-06 01:13:38.484 I/AnebProbe(25624): ADAPTER_EVT type=content cls=android.view.View desc=null txt_len=0 pkg=com.deepseek.chat t_boot_ns=1206787515588064
09-06 01:13:38.485 I/AnebProbe(25624): ADAPTER_EVT type=content cls=android.view.View desc=null txt_len=0 pkg=com.deepseek.chat t_boot_ns=1206787516079731
09-06 01:13:38.485 I/AnebProbe(25624): ADAPTER_EVT type=content cls=android.view.View desc=null txt_len=0 pkg=com.deepseek.chat t_boot_ns=1206787516509418
09-06 01:13:38.485 I/AnebProbe(25624): ADAPTER_EVT type=content cls=android.view.View desc=null txt_len=0 pkg=com.deepseek.chat t_boot_ns=1206787516592231
09-06 01:13:38.485 I/AnebProbe(25624): ADAPTER_EVT type=content cls=android.view.View desc=null txt_len=0 pkg=com.deepseek.chat t_boot_ns=1206787516649001
09-06 01:13:38.485 I/AnebProbe(25624): ADAPTER_EVT type=content cls=android.view.View desc=null txt_len=0 pkg=com.deepseek.chat t_boot_ns=1206787516700564
09-06 01:13:38.485 I/AnebProbe(25624): ADAPTER_EVT type=content cls=android.view.View desc=null txt_len=0 pkg=com.deepseek.chat t_boot_ns=1206787516743272
09-06 01:13:38.485 I/AnebProbe(25624): ADAPTER_EVT type=content cls=android.view.View desc=null txt_len=0 pkg=com.deepseek.chat t_boot_ns=1206787516848481
09-06 01:13:38.485 I/AnebProbe(25624): ADAPTER_EVT type=content cls=android.view.View desc=null txt_len=0 pkg=com.deepseek.chat t_boot_ns=1206787516896397
09-06 01:13:38.486 I/AnebProbe(25624): ADAPTER_EVT type=content cls=android.view.View desc=null txt_len=0 pkg=com.deepseek.chat t_boot_ns=1206787518069835
09-06 01:13:38.487 I/AnebProbe(25624): ADAPTER_EVT type=content cls=android.view.View desc=null txt_len=0 pkg=com.deepseek.chat t_boot_ns=1206787518260981
09-06 01:13:38.487 I/AnebProbe(25624): ADAPTER_EVT type=content cls=android.view.View desc=null txt_len=0 pkg=com.deepseek.chat t_boot_ns=1206787518422960
09-06 01:13:38.487 I/AnebProbe(25624): ADAPTER_EVT type=content cls=android.view.View desc=null txt_len=0 pkg=com.deepseek.chat t_boot_ns=1206787518542751
09-06 01:13:38.487 I/AnebProbe(25624): ADAPTER_EVT type=content cls=android.view.View desc=null txt_len=0 pkg=com.deepseek.chat t_boot_ns=1206787518684939
09-06 01:13:38.487 I/AnebProbe(25624): ADAPTER_EVT type=content cls=android.view.View desc=null txt_len=0 pkg=com.deepseek.chat t_boot_ns=1206787518832335
09-06 01:13:38.487 I/AnebProbe(25624): ADAPTER_EVT type=content cls=android.view.View desc=null txt_len=0 pkg=com.deepseek.chat t_boot_ns=1206787518984939
09-06 01:13:38.487 I/AnebProbe(25624): ADAPTER_EVT type=content cls=android.view.View desc=null txt_len=0 pkg=com.deepseek.chat t_boot_ns=1206787519120876
09-06 01:13:38.488 I/AnebProbe(25624): ADAPTER_EVT type=content cls=android.view.View desc=null txt_len=0 pkg=com.deepseek.chat t_boot_ns=1206787519236501
09-06 01:13:38.488 I/AnebProbe(25624): ADAPTER_EVT type=content cls=android.view.View desc=null txt_len=0 pkg=com.deepseek.chat t_boot_ns=1206787519349522
09-06 01:13:38.488 I/AnebProbe(25624): ADAPTER_EVT type=content cls=android.view.View desc=null txt_len=0 pkg=com.deepseek.chat t_boot_ns=1206787519481814
09-06 01:13:38.488 I/AnebProbe(25624): ADAPTER_EVT type=content cls=android.view.View desc=null txt_len=0 pkg=com.deepseek.chat t_boot_ns=1206787519641189
09-06 01:13:38.488 I/AnebProbe(25624): ADAPTER_EVT type=content cls=android.view.View desc=null txt_len=0 pkg=com.deepseek.chat t_boot_ns=1206787519792231
09-06 01:13:38.488 I/AnebProbe(25624): ADAPTER_EVT type=content cls=android.view.View desc=null txt_len=0 pkg=com.deepseek.chat t_boot_ns=1206787519931814
09-06 01:13:38.588 I/AnebProbe(25624): ADAPTER_EVT type=content cls=androidx.compose.ui.viewinterop.ViewFactoryHolder desc=null txt_len=0 pkg=com.deepseek.chat t_boot_ns=1206787619814106
09-06 01:13:38.590 I/AnebProbe(25624): ADAPTER_EVT type=content cls=android.view.View desc=null txt_len=0 pkg=com.deepseek.chat t_boot_ns=1206787621690668
09-06 01:13:38.590 I/AnebProbe(25624): ADAPTER_EVT type=content cls=android.view.View desc=null txt_len=0 pkg=com.deepseek.chat t_boot_ns=1206787621889106
09-06 01:13:38.590 I/AnebProbe(25624): ADAPTER_EVT type=content cls=android.view.View desc=null txt_len=0 pkg=com.deepseek.chat t_boot_ns=1206787621997960
09-06 01:13:38.591 I/AnebProbe(25624): ADAPTER_EVT type=content cls=android.view.View desc=null txt_len=0 pkg=com.deepseek.chat t_boot_ns=1206787622231293
09-06 01:13:38.591 I/AnebProbe(25624): ADAPTER_EVT type=content cls=android.view.View desc=null txt_len=0 pkg=com.deepseek.chat t_boot_ns=1206787622334939
09-06 01:13:38.591 I/AnebProbe(25624): ADAPTER_EVT type=content cls=android.view.View desc=null txt_len=0 pkg=com.deepseek.chat t_boot_ns=1206787622409939
09-06 01:13:38.591 I/AnebProbe(25624): ADAPTER_EVT type=content cls=android.view.View desc=null txt_len=0 pkg=com.deepseek.chat t_boot_ns=1206787622463585
09-06 01:13:38.591 I/AnebProbe(25624): ADAPTER_EVT type=content cls=android.view.View desc=null txt_len=0 pkg=com.deepseek.chat t_boot_ns=1206787622844314
09-06 01:13:38.591 I/AnebProbe(25624): ADAPTER_EVT type=content cls=android.view.View desc=null txt_len=0 pkg=com.deepseek.chat t_boot_ns=1206787622960981
09-06 01:13:38.592 I/AnebProbe(25624): ADAPTER_EVT type=content cls=android.view.View desc=null txt_len=0 pkg=com.deepseek.chat t_boot_ns=1206787623333897
09-06 01:13:38.592 I/AnebProbe(25624): ADAPTER_EVT type=content cls=android.view.View desc=null txt_len=0 pkg=com.deepseek.chat t_boot_ns=1206787623727647
09-06 01:13:38.593 I/AnebProbe(25624): ADAPTER_EVT type=content cls=android.view.View desc=null txt_len=0 pkg=com.deepseek.chat t_boot_ns=1206787624374522
09-06 01:13:38.593 I/AnebProbe(25624): ADAPTER_EVT type=content cls=android.view.View desc=null txt_len=0 pkg=com.deepseek.chat t_boot_ns=1206787624451085
09-06 01:13:38.593 I/AnebProbe(25624): ADAPTER_EVT type=content cls=android.view.View desc=null txt_len=0 pkg=com.deepseek.chat t_boot_ns=1206787624736501
09-06 01:13:38.593 I/AnebProbe(25624): ADAPTER_EVT type=content cls=android.view.View desc=null txt_len=0 pkg=com.deepseek.chat t_boot_ns=1206787624825564
09-06 01:13:38.593 I/AnebProbe(25624): ADAPTER_EVT type=content cls=android.view.View desc=null txt_len=0 pkg=com.deepseek.chat t_boot_ns=1206787624910460
09-06 01:13:38.594 I/AnebProbe(25624): ADAPTER_EVT type=content cls=android.view.View desc=null txt_len=0 pkg=com.deepseek.chat t_boot_ns=1206787624962022
09-06 01:13:38.594 I/AnebProbe(25624): ADAPTER_EVT type=content cls=android.view.View desc=null txt_len=0 pkg=com.deepseek.chat t_boot_ns=1206787625758376
09-06 01:13:38.594 I/AnebProbe(25624): ADAPTER_EVT type=content cls=android.view.View desc=null txt_len=0 pkg=com.deepseek.chat t_boot_ns=1206787625937022
09-06 01:13:38.594 I/AnebProbe(25624): ADAPTER_EVT type=content cls=android.view.View desc=null txt_len=0 pkg=com.deepseek.chat t_boot_ns=1206787626058376
09-06 01:13:38.595 I/AnebProbe(25624): ADAPTER_EVT type=content cls=android.view.View desc=null txt_len=0 pkg=com.deepseek.chat t_boot_ns=1206787626173481
09-06 01:13:38.595 I/AnebProbe(25624): ADAPTER_EVT type=content cls=android.view.View desc=null txt_len=0 pkg=com.deepseek.chat t_boot_ns=1206787626291710
09-06 01:13:38.595 I/AnebProbe(25624): ADAPTER_EVT type=content cls=android.view.View desc=null txt_len=0 pkg=com.deepseek.chat t_boot_ns=1206787626456293
09-06 01:13:38.595 I/AnebProbe(25624): ADAPTER_EVT type=content cls=android.view.View desc=null txt_len=0 pkg=com.deepseek.chat t_boot_ns=1206787626567751
09-06 01:13:38.595 I/AnebProbe(25624): ADAPTER_EVT type=content cls=android.view.View desc=null txt_len=0 pkg=com.deepseek.chat t_boot_ns=1206787626676606
09-06 01:13:38.692 I/AnebProbe(25624): ADAPTER_EVT type=content cls=android.view.View desc=null txt_len=0 pkg=com.deepseek.chat t_boot_ns=1206787723804210
09-06 01:13:38.692 I/AnebProbe(25624): ADAPTER_EVT type=content cls=android.view.View desc=null txt_len=0 pkg=com.deepseek.chat t_boot_ns=1206787723993272
09-06 01:13:38.692 I/AnebProbe(25624): ADAPTER_EVT type=content cls=androidx.compose.ui.viewinterop.ViewFactoryHolder desc=null txt_len=0 pkg=com.deepseek.chat t_boot_ns=1206787724071918
09-06 01:13:38.692 I/AnebProbe(25624): ADAPTER_EVT type=content cls=android.view.View desc=null txt_len=0 pkg=com.deepseek.chat t_boot_ns=1206787724148481
09-06 01:13:38.693 I/AnebProbe(25624): ADAPTER_EVT type=content cls=android.view.View desc=null txt_len=0 pkg=com.deepseek.chat t_boot_ns=1206787724208897
09-06 01:13:38.693 I/AnebProbe(25624): ADAPTER_EVT type=content cls=android.view.View desc=null txt_len=0 pkg=com.deepseek.chat t_boot_ns=1206787724274522
09-06 01:13:38.693 I/AnebProbe(25624): ADAPTER_EVT type=content cls=android.view.View desc=null txt_len=0 pkg=com.deepseek.chat t_boot_ns=1206787724327647
09-06 01:13:38.693 I/AnebProbe(25624): ADAPTER_EVT type=content cls=android.view.View desc=null txt_len=0 pkg=com.deepseek.chat t_boot_ns=1206787724391189
09-06 01:13:38.693 I/AnebProbe(25624): ADAPTER_EVT type=content cls=android.view.View desc=null txt_len=0 pkg=com.deepseek.chat t_boot_ns=1206787724441710
09-06 01:13:38.693 I/AnebProbe(25624): ADAPTER_EVT type=content cls=android.view.View desc=null txt_len=0 pkg=com.deepseek.chat t_boot_ns=1206787724496918
09-06 01:13:38.693 I/AnebProbe(25624): ADAPTER_EVT type=content cls=android.view.View desc=null txt_len=0 pkg=com.deepseek.chat t_boot_ns=1206787724554210
09-06 01:13:38.794 I/AnebProbe(25624): ADAPTER_EVT type=content cls=android.view.View desc=null txt_len=0 pkg=com.deepseek.chat t_boot_ns=1206787825504210
09-06 01:13:38.895 I/AnebProbe(25624): ADAPTER_EVT type=content cls=android.view.View desc=null txt_len=0 pkg=com.deepseek.chat t_boot_ns=1206787926994314
09-06 01:13:39.000 I/AnebProbe(25624): ADAPTER_EVT type=content cls=android.view.View desc=null txt_len=0 pkg=com.deepseek.chat t_boot_ns=1206788031644835
09-06 01:13:39.101 I/AnebProbe(25624): ADAPTER_EVT type=content cls=android.view.View desc=null txt_len=0 pkg=com.deepseek.chat t_boot_ns=1206788132871397
09-06 01:13:39.202 I/AnebProbe(25624): ADAPTER_EVT type=content cls=android.view.View desc=null txt_len=0 pkg=com.deepseek.chat t_boot_ns=1206788234067230
09-06 01:13:39.203 I/AnebProbe(25624): ADAPTER_EVT type=content cls=android.view.View desc=null txt_len=0 pkg=com.deepseek.chat t_boot_ns=1206788234295876
09-06 01:13:39.203 I/AnebProbe(25624): ADAPTER_EVT type=content cls=android.view.View desc=null txt_len=0 pkg=com.deepseek.chat t_boot_ns=1206788234374001
09-06 01:13:39.203 I/AnebProbe(25624): ADAPTER_EVT type=content cls=android.view.View desc=null txt_len=0 pkg=com.deepseek.chat t_boot_ns=1206788234461501
09-06 01:13:39.203 I/AnebProbe(25624): ADAPTER_EVT type=content cls=android.view.View desc=null txt_len=0 pkg=com.deepseek.chat t_boot_ns=1206788234555772
09-06 01:13:39.203 I/AnebProbe(25624): ADAPTER_EVT type=content cls=android.view.View desc=null txt_len=0 pkg=com.deepseek.chat t_boot_ns=1206788234621397
09-06 01:13:39.203 I/AnebProbe(25624): ADAPTER_EVT type=content cls=android.view.View desc=null txt_len=0 pkg=com.deepseek.chat t_boot_ns=1206788234685460
09-06 01:13:39.203 I/AnebProbe(25624): ADAPTER_EVT type=content cls=android.view.View desc=null txt_len=0 pkg=com.deepseek.chat t_boot_ns=1206788234750043
09-06 01:13:39.203 I/AnebProbe(25624): ADAPTER_EVT type=content cls=android.view.View desc=null txt_len=0 pkg=com.deepseek.chat t_boot_ns=1206788234825043
09-06 01:13:39.203 I/AnebProbe(25624): ADAPTER_EVT type=content cls=android.view.View desc=null txt_len=0 pkg=com.deepseek.chat t_boot_ns=1206788234881293
09-06 01:13:39.203 I/AnebProbe(25624): ADAPTER_EVT type=content cls=android.view.View desc=null txt_len=0 pkg=com.deepseek.chat t_boot_ns=1206788234946918
09-06 01:13:39.304 I/AnebProbe(25624): ADAPTER_EVT type=content cls=android.view.View desc=null txt_len=0 pkg=com.deepseek.chat t_boot_ns=1206788335001605
09-06 01:13:39.304 I/AnebProbe(25624): ADAPTER_EVT type=content cls=android.view.View desc=null txt_len=0 pkg=com.deepseek.chat t_boot_ns=1206788335513064
09-06 01:13:39.304 I/AnebProbe(25624): ADAPTER_EVT type=content cls=android.view.View desc=null txt_len=0 pkg=com.deepseek.chat t_boot_ns=1206788335878689
09-06 01:13:39.304 I/AnebProbe(25624): ADAPTER_EVT type=content cls=android.view.View desc=null txt_len=0 pkg=com.deepseek.chat t_boot_ns=1206788336045876
09-06 01:13:39.305 I/AnebProbe(25624): ADAPTER_EVT type=content cls=android.view.View desc=null txt_len=0 pkg=com.deepseek.chat t_boot_ns=1206788336182855
09-06 01:13:39.305 I/AnebProbe(25624): ADAPTER_EVT type=content cls=android.view.View desc=null txt_len=0 pkg=com.deepseek.chat t_boot_ns=1206788336327126
09-06 01:13:39.404 I/AnebProbe(25624): ADAPTER_EVT type=content cls=android.view.View desc=null txt_len=0 pkg=com.deepseek.chat t_boot_ns=1206788435320355
09-06 01:13:39.404 I/AnebProbe(25624): ADAPTER_EVT type=content cls=android.view.View desc=null txt_len=0 pkg=com.deepseek.chat t_boot_ns=1206788435844314
09-06 01:13:39.404 I/AnebProbe(25624): ADAPTER_EVT type=content cls=android.view.View desc=null txt_len=0 pkg=com.deepseek.chat t_boot_ns=1206788436043272
09-06 01:13:39.405 I/AnebProbe(25624): ADAPTER_EVT type=content cls=android.view.View desc=null txt_len=0 pkg=com.deepseek.chat t_boot_ns=1206788436216189
09-06 01:13:39.405 I/AnebProbe(25624): ADAPTER_EVT type=content cls=android.view.View desc=null txt_len=0 pkg=com.deepseek.chat t_boot_ns=1206788436440147
09-06 01:13:39.405 I/AnebProbe(25624): ADAPTER_EVT type=content cls=android.view.View desc=null txt_len=0 pkg=com.deepseek.chat t_boot_ns=1206788436609418
09-06 01:13:39.405 I/AnebProbe(25624): ADAPTER_EVT type=content cls=android.view.View desc=null txt_len=0 pkg=com.deepseek.chat t_boot_ns=1206788436774522
09-06 01:13:39.507 I/AnebProbe(25624): ADAPTER_EVT type=content cls=android.view.View desc=null txt_len=0 pkg=com.deepseek.chat t_boot_ns=1206788538537543
09-06 01:13:39.514 I/AnebProbe(25624): ADAPTER_OBS pkg=com.deepseek.chat mode=deepseek events=2886 rule_matched=0 first_delta_ms=0 cadence_p50_ms=0.4 session_span_ms=543274.1 confidence=LOW/INCONCLUSIVE reason=throttle ttft_send_ms=null anchor_source=null ttft_cluster_ms=2220.5 ttft_density_ms=2100.0
09-06 01:13:39.514 I/AnebProbe(25624): ADAPTER_EVT type=content cls=android.view.View desc=null txt_len=0 pkg=com.deepseek.chat t_boot_ns=1206788545603168
09-06 01:13:39.514 I/AnebProbe(25624): ADAPTER_EVT type=content cls=android.view.View desc=null txt_len=0 pkg=com.deepseek.chat t_boot_ns=1206788546001085
09-06 01:13:39.515 I/AnebProbe(25624): ADAPTER_EVT type=content cls=android.view.View desc=null txt_len=0 pkg=com.deepseek.chat t_boot_ns=1206788546215147
09-06 01:13:39.515 I/AnebProbe(25624): ADAPTER_EVT type=content cls=android.view.View desc=null txt_len=0 pkg=com.deepseek.chat t_boot_ns=1206788546428168
09-06 01:13:39.515 I/AnebProbe(25624): ADAPTER_EVT type=content cls=android.view.View desc=null txt_len=0 pkg=com.deepseek.chat t_boot_ns=1206788546638064
09-06 01:13:39.608 I/AnebProbe(25624): ADAPTER_EVT type=content cls=android.view.View desc=null txt_len=0 pkg=com.deepseek.chat t_boot_ns=1206788639666710
09-06 01:13:39.609 I/AnebProbe(25624): ADAPTER_EVT type=content cls=android.view.View desc=null txt_len=0 pkg=com.deepseek.chat t_boot_ns=1206788640113585
09-06 01:13:39.609 I/AnebProbe(25624): ADAPTER_EVT type=content cls=android.view.View desc=null txt_len=0 pkg=com.deepseek.chat t_boot_ns=1206788640615668
09-06 01:13:39.609 I/AnebProbe(25624): ADAPTER_EVT type=content cls=android.view.View desc=null txt_len=0 pkg=com.deepseek.chat t_boot_ns=1206788640951085
09-06 01:13:39.610 I/AnebProbe(25624): ADAPTER_EVT type=content cls=android.view.View desc=null txt_len=0 pkg=com.deepseek.chat t_boot_ns=1206788641159418
09-06 01:13:39.610 I/AnebProbe(25624): ADAPTER_EVT type=content cls=android.view.View desc=null txt_len=0 pkg=com.deepseek.chat t_boot_ns=1206788641346918
09-06 01:13:39.710 I/AnebProbe(25624): ADAPTER_EVT type=content cls=android.view.View desc=null txt_len=0 pkg=com.deepseek.chat t_boot_ns=1206788741602647
09-06 01:13:39.711 I/AnebProbe(25624): ADAPTER_EVT type=content cls=android.view.View desc=null txt_len=0 pkg=com.deepseek.chat t_boot_ns=1206788742172439
09-06 01:13:39.711 I/AnebProbe(25624): ADAPTER_EVT type=content cls=android.view.View desc=null txt_len=0 pkg=com.deepseek.chat t_boot_ns=1206788742834418
09-06 01:13:39.712 I/AnebProbe(25624): ADAPTER_EVT type=content cls=android.view.View desc=null txt_len=0 pkg=com.deepseek.chat t_boot_ns=1206788743800043
09-06 01:13:39.712 I/AnebProbe(25624): ADAPTER_EVT type=content cls=android.view.View desc=null txt_len=0 pkg=com.deepseek.chat t_boot_ns=1206788744021397
09-06 01:13:39.713 I/AnebProbe(25624): ADAPTER_EVT type=content cls=android.view.View desc=null txt_len=0 pkg=com.deepseek.chat t_boot_ns=1206788744199001
09-06 01:13:39.811 I/AnebProbe(25624): ADAPTER_EVT type=content cls=android.view.View desc=null txt_len=0 pkg=com.deepseek.chat t_boot_ns=1206788842164626
09-06 01:13:39.812 I/AnebProbe(25624): ADAPTER_EVT type=content cls=android.view.View desc=null txt_len=0 pkg=com.deepseek.chat t_boot_ns=1206788843747960
09-06 01:13:39.813 I/AnebProbe(25624): ADAPTER_EVT type=content cls=android.view.View desc=null txt_len=0 pkg=com.deepseek.chat t_boot_ns=1206788844168793
09-06 01:13:39.813 I/AnebProbe(25624): ADAPTER_EVT type=content cls=android.view.View desc=null txt_len=0 pkg=com.deepseek.chat t_boot_ns=1206788844477126
09-06 01:13:39.813 I/AnebProbe(25624): ADAPTER_EVT type=content cls=android.view.View desc=null txt_len=0 pkg=com.deepseek.chat t_boot_ns=1206788844744835
09-06 01:13:39.813 I/AnebProbe(25624): ADAPTER_EVT type=content cls=android.view.View desc=null txt_len=0 pkg=com.deepseek.chat t_boot_ns=1206788845038585
09-06 01:13:39.912 I/AnebProbe(25624): ADAPTER_EVT type=content cls=android.view.View desc=null txt_len=0 pkg=com.deepseek.chat t_boot_ns=1206788943866709
09-06 01:13:39.914 I/AnebProbe(25624): ADAPTER_EVT type=content cls=android.view.View desc=null txt_len=0 pkg=com.deepseek.chat t_boot_ns=1206788945127126
09-06 01:13:39.915 I/AnebProbe(25624): ADAPTER_EVT type=content cls=android.view.View desc=null txt_len=0 pkg=com.deepseek.chat t_boot_ns=1206788946598480
09-06 01:13:39.916 I/AnebProbe(25624): ADAPTER_EVT type=content cls=android.view.View desc=null txt_len=0 pkg=com.deepseek.chat t_boot_ns=1206788947277647
09-06 01:13:39.917 I/AnebProbe(25624): ADAPTER_EVT type=content cls=android.view.View desc=null txt_len=0 pkg=com.deepseek.chat t_boot_ns=1206788948434939
09-06 01:13:39.917 I/AnebProbe(25624): ADAPTER_EVT type=content cls=android.view.View desc=null txt_len=0 pkg=com.deepseek.chat t_boot_ns=1206788948744314
09-06 01:13:39.918 I/AnebProbe(25624): ADAPTER_EVT type=content cls=android.view.View desc=null txt_len=0 pkg=com.deepseek.chat t_boot_ns=1206788950017230
09-06 01:13:40.014 I/AnebProbe(25624): ADAPTER_EVT type=content cls=android.view.View desc=null txt_len=0 pkg=com.deepseek.chat t_boot_ns=1206789045350043
09-06 01:13:40.015 I/AnebProbe(25624): ADAPTER_EVT type=content cls=android.view.View desc=null txt_len=0 pkg=com.deepseek.chat t_boot_ns=1206789046187543
09-06 01:13:40.015 I/AnebProbe(25624): ADAPTER_EVT type=content cls=android.view.View desc=null txt_len=0 pkg=com.deepseek.chat t_boot_ns=1206789046545876
09-06 01:13:40.015 I/AnebProbe(25624): ADAPTER_EVT type=content cls=android.view.View desc=null txt_len=0 pkg=com.deepseek.chat t_boot_ns=1206789047047959
09-06 01:13:40.016 I/AnebProbe(25624): ADAPTER_EVT type=content cls=android.view.View desc=null txt_len=0 pkg=com.deepseek.chat t_boot_ns=1206789047853168
09-06 01:13:40.017 I/AnebProbe(25624): ADAPTER_EVT type=content cls=android.view.View desc=null txt_len=0 pkg=com.deepseek.chat t_boot_ns=1206789048634939
09-06 01:13:40.017 I/AnebProbe(25624): ADAPTER_EVT type=content cls=android.view.View desc=null txt_len=0 pkg=com.deepseek.chat t_boot_ns=1206789049048480
09-06 01:13:40.118 I/AnebProbe(25624): ADAPTER_EVT type=content cls=android.view.View desc=null txt_len=0 pkg=com.deepseek.chat t_boot_ns=1206789149056814
09-06 01:13:40.118 I/AnebProbe(25624): ADAPTER_EVT type=content cls=android.view.View desc=null txt_len=0 pkg=com.deepseek.chat t_boot_ns=1206789149755772
09-06 01:13:40.120 I/AnebProbe(25624): ADAPTER_EVT type=content cls=android.view.View desc=null txt_len=0 pkg=com.deepseek.chat t_boot_ns=1206789151276605
09-06 01:13:40.122 I/AnebProbe(25624): ADAPTER_EVT type=content cls=android.view.View desc=null txt_len=0 pkg=com.deepseek.chat t_boot_ns=1206789153143272
09-06 01:13:40.123 I/AnebProbe(25624): ADAPTER_EVT type=content cls=android.view.View desc=null txt_len=0 pkg=com.deepseek.chat t_boot_ns=1206789154257855
09-06 01:13:40.123 I/AnebProbe(25624): ADAPTER_EVT type=content cls=android.view.View desc=null txt_len=0 pkg=com.deepseek.chat t_boot_ns=1206789154776605
09-06 01:13:40.219 I/AnebProbe(25624): ADAPTER_EVT type=content cls=android.view.View desc=null txt_len=0 pkg=com.deepseek.chat t_boot_ns=1206789250119314
09-06 01:13:40.322 I/AnebProbe(25624): ADAPTER_EVT type=content cls=android.view.View desc=null txt_len=0 pkg=com.deepseek.chat t_boot_ns=1206789352776605
09-06 01:13:40.325 I/AnebProbe(25624): ADAPTER_EVT type=content cls=android.view.View desc=null txt_len=0 pkg=com.deepseek.chat t_boot_ns=1206789356470876
09-06 01:13:40.326 I/AnebProbe(25624): ADAPTER_EVT type=content cls=android.view.View desc=null txt_len=0 pkg=com.deepseek.chat t_boot_ns=1206789357364626
09-06 01:13:40.326 I/AnebProbe(25624): ADAPTER_EVT type=content cls=android.view.View desc=null txt_len=0 pkg=com.deepseek.chat t_boot_ns=1206789357732855
09-06 01:13:40.326 I/AnebProbe(25624): ADAPTER_EVT type=content cls=android.view.View desc=null txt_len=0 pkg=com.deepseek.chat t_boot_ns=1206789357967230
09-06 01:13:40.326 I/AnebProbe(25624): ADAPTER_EVT type=content cls=android.view.View desc=null txt_len=0 pkg=com.deepseek.chat t_boot_ns=1206789358149001
09-06 01:13:40.429 I/AnebProbe(25624): ADAPTER_EVT type=content cls=android.view.View desc=null txt_len=0 pkg=com.deepseek.chat t_boot_ns=1206789460538584
09-06 01:13:40.430 I/AnebProbe(25624): ADAPTER_EVT type=content cls=android.view.View desc=null txt_len=0 pkg=com.deepseek.chat t_boot_ns=1206789461069314
09-06 01:13:40.430 I/AnebProbe(25624): ADAPTER_EVT type=content cls=android.view.View desc=null txt_len=0 pkg=com.deepseek.chat t_boot_ns=1206789461928689
09-06 01:13:40.431 I/AnebProbe(25624): ADAPTER_EVT type=content cls=android.view.View desc=null txt_len=0 pkg=com.deepseek.chat t_boot_ns=1206789462187543
09-06 01:13:40.433 I/AnebProbe(25624): ADAPTER_EVT type=content cls=android.view.View desc=null txt_len=0 pkg=com.deepseek.chat t_boot_ns=1206789463874522
09-06 01:13:40.434 I/AnebProbe(25624): ADAPTER_EVT type=content cls=android.view.View desc=null txt_len=0 pkg=com.deepseek.chat t_boot_ns=1206789465731293
09-06 01:13:40.434 I/AnebProbe(25624): ADAPTER_EVT type=content cls=android.view.View desc=null txt_len=0 pkg=com.deepseek.chat t_boot_ns=1206789466017751
09-06 01:13:40.434 I/AnebProbe(25624): ADAPTER_EVT type=content cls=android.view.View desc=null txt_len=0 pkg=com.deepseek.chat t_boot_ns=1206789466146397
09-06 01:13:40.532 I/AnebProbe(25624): ADAPTER_EVT type=content cls=android.view.View desc=null txt_len=0 pkg=com.deepseek.chat t_boot_ns=1206789563727647
09-06 01:13:40.533 I/AnebProbe(25624): ADAPTER_EVT type=content cls=android.view.View desc=null txt_len=0 pkg=com.deepseek.chat t_boot_ns=1206789564156814
09-06 01:13:40.533 I/AnebProbe(25624): ADAPTER_EVT type=content cls=android.view.View desc=null txt_len=0 pkg=com.deepseek.chat t_boot_ns=1206789564343793
09-06 01:13:40.533 I/AnebProbe(25624): ADAPTER_EVT type=content cls=android.view.View desc=null txt_len=0 pkg=com.deepseek.chat t_boot_ns=1206789564480772
09-06 01:13:40.533 I/AnebProbe(25624): ADAPTER_EVT type=content cls=android.view.View desc=null txt_len=0 pkg=com.deepseek.chat t_boot_ns=1206789564613064
09-06 01:13:40.533 I/AnebProbe(25624): ADAPTER_EVT type=content cls=android.view.View desc=null txt_len=0 pkg=com.deepseek.chat t_boot_ns=1206789564770876
09-06 01:13:40.533 I/AnebProbe(25624): ADAPTER_EVT type=content cls=android.view.View desc=null txt_len=0 pkg=com.deepseek.chat t_boot_ns=1206789564971397
09-06 01:13:40.634 I/AnebProbe(25624): ADAPTER_EVT type=content cls=android.view.View desc=null txt_len=0 pkg=com.deepseek.chat t_boot_ns=1206789665313064
09-06 01:13:40.738 I/AnebProbe(25624): ADAPTER_EVT type=content cls=android.view.View desc=null txt_len=0 pkg=com.deepseek.chat t_boot_ns=1206789768732855
09-06 01:13:40.738 I/AnebProbe(25624): ADAPTER_EVT type=content cls=android.view.View desc=null txt_len=0 pkg=com.deepseek.chat t_boot_ns=1206789769784939
09-06 01:13:40.738 I/AnebProbe(25624): ADAPTER_EVT type=content cls=android.view.View desc=null txt_len=0 pkg=com.deepseek.chat t_boot_ns=1206789770007855
09-06 01:13:40.739 I/AnebProbe(25624): ADAPTER_EVT type=content cls=android.view.View desc=null txt_len=0 pkg=com.deepseek.chat t_boot_ns=1206789770162543
09-06 01:13:40.739 I/AnebProbe(25624): ADAPTER_EVT type=content cls=android.view.View desc=null txt_len=0 pkg=com.deepseek.chat t_boot_ns=1206789770311501
09-06 01:13:40.739 I/AnebProbe(25624): ADAPTER_EVT type=content cls=android.view.View desc=null txt_len=0 pkg=com.deepseek.chat t_boot_ns=1206789770481293
09-06 01:13:40.739 I/AnebProbe(25624): ADAPTER_EVT type=content cls=android.view.View desc=null txt_len=0 pkg=com.deepseek.chat t_boot_ns=1206789770629209
09-06 01:13:40.739 I/AnebProbe(25624): ADAPTER_EVT type=content cls=android.view.View desc=null txt_len=0 pkg=com.deepseek.chat t_boot_ns=1206789770821397
09-06 01:13:40.842 I/AnebProbe(25624): ADAPTER_EVT type=content cls=android.view.View desc=null txt_len=0 pkg=com.deepseek.chat t_boot_ns=1206789872927126
09-06 01:13:40.842 I/AnebProbe(25624): ADAPTER_EVT type=content cls=android.view.View desc=null txt_len=0 pkg=com.deepseek.chat t_boot_ns=1206789873464626
09-06 01:13:40.842 I/AnebProbe(25624): ADAPTER_EVT type=content cls=android.view.View desc=null txt_len=0 pkg=com.deepseek.chat t_boot_ns=1206789873879209
09-06 01:13:40.843 I/AnebProbe(25624): ADAPTER_EVT type=content cls=android.view.View desc=null txt_len=0 pkg=com.deepseek.chat t_boot_ns=1206789874230772
09-06 01:13:40.843 I/AnebProbe(25624): ADAPTER_EVT type=content cls=android.view.View desc=null txt_len=0 pkg=com.deepseek.chat t_boot_ns=1206789874522439
09-06 01:13:40.844 I/AnebProbe(25624): ADAPTER_EVT type=content cls=android.view.View desc=null txt_len=0 pkg=com.deepseek.chat t_boot_ns=1206789875183897
09-06 01:13:40.844 I/AnebProbe(25624): ADAPTER_EVT type=content cls=android.view.View desc=null txt_len=0 pkg=com.deepseek.chat t_boot_ns=1206789875616189
09-06 01:13:40.943 I/AnebProbe(25624): ADAPTER_EVT type=content cls=android.view.View desc=null txt_len=0 pkg=com.deepseek.chat t_boot_ns=1206789974654730
09-06 01:13:40.945 I/AnebProbe(25624): ADAPTER_EVT type=content cls=android.view.View desc=null txt_len=0 pkg=com.deepseek.chat t_boot_ns=1206789975910459
09-06 01:13:40.947 I/AnebProbe(25624): ADAPTER_EVT type=content cls=android.view.View desc=null txt_len=0 pkg=com.deepseek.chat t_boot_ns=1206789976716189
09-06 01:13:40.948 I/AnebProbe(25624): ADAPTER_EVT type=content cls=android.view.View desc=null txt_len=0 pkg=com.deepseek.chat t_boot_ns=1206789979298480
09-06 01:13:40.948 I/AnebProbe(25624): ADAPTER_EVT type=content cls=android.view.View desc=null txt_len=0 pkg=com.deepseek.chat t_boot_ns=1206789980041709
09-06 01:13:40.949 I/AnebProbe(25624): ADAPTER_EVT type=content cls=android.view.View desc=null txt_len=0 pkg=com.deepseek.chat t_boot_ns=1206789980227647
09-06 01:13:40.949 I/AnebProbe(25624): ADAPTER_EVT type=content cls=android.view.View desc=null txt_len=0 pkg=com.deepseek.chat t_boot_ns=1206789980943793
09-06 01:13:41.044 I/AnebProbe(25624): ADAPTER_EVT type=content cls=android.view.View desc=null txt_len=0 pkg=com.deepseek.chat t_boot_ns=1206790075130251
09-06 01:13:41.044 I/AnebProbe(25624): ADAPTER_EVT type=content cls=android.view.View desc=null txt_len=0 pkg=com.deepseek.chat t_boot_ns=1206790075542751
09-06 01:13:41.044 I/AnebProbe(25624): ADAPTER_EVT type=content cls=android.view.View desc=null txt_len=0 pkg=com.deepseek.chat t_boot_ns=1206790075972438
09-06 01:13:41.045 I/AnebProbe(25624): ADAPTER_EVT type=content cls=android.view.View desc=null txt_len=0 pkg=com.deepseek.chat t_boot_ns=1206790076249001
09-06 01:13:41.045 I/AnebProbe(25624): ADAPTER_EVT type=content cls=android.view.View desc=null txt_len=0 pkg=com.deepseek.chat t_boot_ns=1206790076445355
09-06 01:13:41.045 I/AnebProbe(25624): ADAPTER_EVT type=content cls=android.view.View desc=null txt_len=0 pkg=com.deepseek.chat t_boot_ns=1206790076590147
09-06 01:13:41.046 I/AnebProbe(25624): ADAPTER_EVT type=content cls=android.view.View desc=null txt_len=0 pkg=com.deepseek.chat t_boot_ns=1206790077194313
09-06 01:13:41.046 I/AnebProbe(25624): ADAPTER_EVT type=content cls=android.view.View desc=null txt_len=0 pkg=com.deepseek.chat t_boot_ns=1206790077652126
09-06 01:13:41.046 I/AnebProbe(25624): ADAPTER_EVT type=content cls=android.view.View desc=null txt_len=0 pkg=com.deepseek.chat t_boot_ns=1206790077892230
09-06 01:13:41.152 I/AnebProbe(25624): ADAPTER_EVT type=content cls=android.view.View desc=null txt_len=0 pkg=com.deepseek.chat t_boot_ns=1206790183893793
09-06 01:13:41.153 I/AnebProbe(25624): ADAPTER_EVT type=content cls=android.view.View desc=null txt_len=0 pkg=com.deepseek.chat t_boot_ns=1206790184330251
09-06 01:13:41.153 I/AnebProbe(25624): ADAPTER_EVT type=content cls=android.view.View desc=null txt_len=0 pkg=com.deepseek.chat t_boot_ns=1206790184537543
09-06 01:13:41.153 I/AnebProbe(25624): ADAPTER_EVT type=content cls=android.view.View desc=null txt_len=0 pkg=com.deepseek.chat t_boot_ns=1206790184707855
09-06 01:13:41.153 I/AnebProbe(25624): ADAPTER_EVT type=content cls=android.view.View desc=null txt_len=0 pkg=com.deepseek.chat t_boot_ns=1206790184971918
09-06 01:13:41.154 I/AnebProbe(25624): ADAPTER_EVT type=content cls=android.view.View desc=null txt_len=0 pkg=com.deepseek.chat t_boot_ns=1206790185127647
09-06 01:13:41.154 I/AnebProbe(25624): ADAPTER_EVT type=content cls=android.view.View desc=null txt_len=0 pkg=com.deepseek.chat t_boot_ns=1206790185327126
09-06 01:13:41.252 I/AnebProbe(25624): ADAPTER_EVT type=content cls=android.view.View desc=null txt_len=0 pkg=com.deepseek.chat t_boot_ns=1206790283339626
09-06 01:13:41.252 I/AnebProbe(25624): ADAPTER_EVT type=content cls=android.view.View desc=null txt_len=0 pkg=com.deepseek.chat t_boot_ns=1206790283802647
09-06 01:13:41.253 I/AnebProbe(25624): ADAPTER_EVT type=content cls=android.view.View desc=null txt_len=0 pkg=com.deepseek.chat t_boot_ns=1206790284288063
09-06 01:13:41.253 I/AnebProbe(25624): ADAPTER_EVT type=content cls=android.view.View desc=null txt_len=0 pkg=com.deepseek.chat t_boot_ns=1206790284577126
09-06 01:13:41.254 I/AnebProbe(25624): ADAPTER_EVT type=content cls=android.view.View desc=null txt_len=0 pkg=com.deepseek.chat t_boot_ns=1206790285339105
09-06 01:13:41.254 I/AnebProbe(25624): ADAPTER_EVT type=content cls=android.view.View desc=null txt_len=0 pkg=com.deepseek.chat t_boot_ns=1206790285584418
09-06 01:13:41.355 I/AnebProbe(25624): ADAPTER_EVT type=content cls=android.view.View desc=null txt_len=0 pkg=com.deepseek.chat t_boot_ns=1206790386020876
09-06 01:13:41.355 I/AnebProbe(25624): ADAPTER_EVT type=content cls=android.view.View desc=null txt_len=0 pkg=com.deepseek.chat t_boot_ns=1206790386481293
09-06 01:13:41.355 I/AnebProbe(25624): ADAPTER_EVT type=content cls=android.view.View desc=null txt_len=0 pkg=com.deepseek.chat t_boot_ns=1206790386717230
09-06 01:13:41.355 I/AnebProbe(25624): ADAPTER_EVT type=content cls=android.view.View desc=null txt_len=0 pkg=com.deepseek.chat t_boot_ns=1206790386925563
09-06 01:13:41.355 I/AnebProbe(25624): ADAPTER_EVT type=content cls=android.view.View desc=null txt_len=0 pkg=com.deepseek.chat t_boot_ns=1206790387102126
09-06 01:13:41.356 I/AnebProbe(25624): ADAPTER_EVT type=content cls=android.view.View desc=null txt_len=0 pkg=com.deepseek.chat t_boot_ns=1206790387272959
09-06 01:13:41.455 I/AnebProbe(25624): ADAPTER_EVT type=content cls=android.view.View desc=null txt_len=0 pkg=com.deepseek.chat t_boot_ns=1206790485885459
09-06 01:13:41.455 I/AnebProbe(25624): ADAPTER_EVT type=content cls=android.view.View desc=null txt_len=0 pkg=com.deepseek.chat t_boot_ns=1206790486538584
09-06 01:13:41.455 I/AnebProbe(25624): ADAPTER_EVT type=content cls=android.view.View desc=null txt_len=0 pkg=com.deepseek.chat t_boot_ns=1206790486781293
09-06 01:13:41.456 I/AnebProbe(25624): ADAPTER_EVT type=content cls=android.view.View desc=null txt_len=0 pkg=com.deepseek.chat t_boot_ns=1206790486937543
09-06 01:13:41.456 I/AnebProbe(25624): ADAPTER_EVT type=content cls=android.view.View desc=null txt_len=0 pkg=com.deepseek.chat t_boot_ns=1206790487524522
09-06 01:13:41.456 I/AnebProbe(25624): ADAPTER_EVT type=content cls=android.view.View desc=null txt_len=0 pkg=com.deepseek.chat t_boot_ns=1206790487696397
09-06 01:13:41.555 I/AnebProbe(25624): ADAPTER_EVT type=content cls=android.view.View desc=null txt_len=0 pkg=com.deepseek.chat t_boot_ns=1206790586662022
09-06 01:13:41.556 I/AnebProbe(25624): ADAPTER_EVT type=content cls=android.view.View desc=null txt_len=0 pkg=com.deepseek.chat t_boot_ns=1206790587107855
09-06 01:13:41.559 I/AnebProbe(25624): ADAPTER_EVT type=content cls=android.view.View desc=null txt_len=0 pkg=com.deepseek.chat t_boot_ns=1206790590052126
09-06 01:13:41.559 I/AnebProbe(25624): ADAPTER_EVT type=content cls=android.view.View desc=null txt_len=0 pkg=com.deepseek.chat t_boot_ns=1206790590475563
09-06 01:13:41.559 I/AnebProbe(25624): ADAPTER_EVT type=content cls=android.view.View desc=null txt_len=0 pkg=com.deepseek.chat t_boot_ns=1206790590762543
09-06 01:13:41.559 I/AnebProbe(25624): ADAPTER_EVT type=content cls=android.view.View desc=null txt_len=0 pkg=com.deepseek.chat t_boot_ns=1206790591016188
09-06 01:13:41.560 I/AnebProbe(25624): ADAPTER_EVT type=content cls=android.view.View desc=null txt_len=0 pkg=com.deepseek.chat t_boot_ns=1206790591261501
09-06 01:13:41.560 I/AnebProbe(25624): ADAPTER_EVT type=content cls=android.view.View desc=null txt_len=0 pkg=com.deepseek.chat t_boot_ns=1206790591521397
09-06 01:13:41.657 I/AnebProbe(25624): ADAPTER_EVT type=content cls=android.view.View desc=null txt_len=0 pkg=com.deepseek.chat t_boot_ns=1206790688606293
09-06 01:13:41.658 I/AnebProbe(25624): ADAPTER_EVT type=content cls=android.view.View desc=null txt_len=0 pkg=com.deepseek.chat t_boot_ns=1206790689131813
09-06 01:13:41.658 I/AnebProbe(25624): ADAPTER_EVT type=content cls=android.view.View desc=null txt_len=0 pkg=com.deepseek.chat t_boot_ns=1206790689438584
09-06 01:13:41.658 I/AnebProbe(25624): ADAPTER_EVT type=content cls=android.view.View desc=null txt_len=0 pkg=com.deepseek.chat t_boot_ns=1206790689667751
09-06 01:13:41.658 I/AnebProbe(25624): ADAPTER_EVT type=content cls=android.view.View desc=null txt_len=0 pkg=com.deepseek.chat t_boot_ns=1206790689857855
09-06 01:13:41.658 I/AnebProbe(25624): ADAPTER_EVT type=content cls=android.view.View desc=null txt_len=0 pkg=com.deepseek.chat t_boot_ns=1206790690020876
09-06 01:13:41.659 I/AnebProbe(25624): ADAPTER_EVT type=content cls=android.view.View desc=null txt_len=0 pkg=com.deepseek.chat t_boot_ns=1206790690246397
09-06 01:13:41.757 I/AnebProbe(25624): ADAPTER_EVT type=content cls=android.view.View desc=null txt_len=0 pkg=com.deepseek.chat t_boot_ns=1206790788355772
09-06 01:13:41.757 I/AnebProbe(25624): ADAPTER_EVT type=content cls=android.view.View desc=null txt_len=0 pkg=com.deepseek.chat t_boot_ns=1206790788959938
09-06 01:13:41.758 I/AnebProbe(25624): ADAPTER_EVT type=content cls=android.view.View desc=null txt_len=0 pkg=com.deepseek.chat t_boot_ns=1206790789323480
09-06 01:13:41.758 I/AnebProbe(25624): ADAPTER_EVT type=content cls=android.view.View desc=null txt_len=0 pkg=com.deepseek.chat t_boot_ns=1206790789465147
09-06 01:13:41.760 I/AnebProbe(25624): ADAPTER_EVT type=content cls=android.view.View desc=null txt_len=0 pkg=com.deepseek.chat t_boot_ns=1206790791235459
09-06 01:13:41.760 I/AnebProbe(25624): ADAPTER_EVT type=content cls=android.view.View desc=null txt_len=0 pkg=com.deepseek.chat t_boot_ns=1206790791474522
09-06 01:13:41.760 I/AnebProbe(25624): ADAPTER_EVT type=content cls=android.view.View desc=null txt_len=0 pkg=com.deepseek.chat t_boot_ns=1206790791649001
09-06 01:13:41.864 I/AnebProbe(25624): ADAPTER_EVT type=content cls=android.view.View desc=null txt_len=0 pkg=com.deepseek.chat t_boot_ns=1206790895338063
09-06 01:13:41.864 I/AnebProbe(25624): ADAPTER_EVT type=content cls=android.view.View desc=null txt_len=0 pkg=com.deepseek.chat t_boot_ns=1206790895899001
09-06 01:13:41.864 I/AnebProbe(25624): ADAPTER_EVT type=content cls=android.view.View desc=null txt_len=0 pkg=com.deepseek.chat t_boot_ns=1206790896085459
09-06 01:13:41.866 I/AnebProbe(25624): ADAPTER_EVT type=content cls=android.view.View desc=null txt_len=0 pkg=com.deepseek.chat t_boot_ns=1206790897537543
09-06 01:13:41.866 I/AnebProbe(25624): ADAPTER_EVT type=content cls=android.view.View desc=null txt_len=0 pkg=com.deepseek.chat t_boot_ns=1206790897788584
09-06 01:13:41.866 I/AnebProbe(25624): ADAPTER_EVT type=content cls=android.view.View desc=null txt_len=0 pkg=com.deepseek.chat t_boot_ns=1206790898003168
09-06 01:13:41.867 I/AnebProbe(25624): ADAPTER_EVT type=content cls=android.view.View desc=null txt_len=0 pkg=com.deepseek.chat t_boot_ns=1206790898174522
09-06 01:13:41.867 I/AnebProbe(25624): ADAPTER_EVT type=content cls=android.view.View desc=null txt_len=0 pkg=com.deepseek.chat t_boot_ns=1206790898364105
09-06 01:13:41.970 I/AnebProbe(25624): ADAPTER_EVT type=content cls=android.view.View desc=null txt_len=0 pkg=com.deepseek.chat t_boot_ns=1206791001422959
09-06 01:13:41.970 I/AnebProbe(25624): ADAPTER_EVT type=content cls=android.view.View desc=null txt_len=0 pkg=com.deepseek.chat t_boot_ns=1206791001828168
09-06 01:13:42.071 I/AnebProbe(25624): ADAPTER_EVT type=content cls=android.view.View desc=null txt_len=0 pkg=com.deepseek.chat t_boot_ns=1206791102074001
09-06 01:13:42.071 I/AnebProbe(25624): ADAPTER_EVT type=content cls=android.view.View desc=null txt_len=0 pkg=com.deepseek.chat t_boot_ns=1206791102728167
09-06 01:13:42.071 I/AnebProbe(25624): ADAPTER_EVT type=content cls=android.view.View desc=null txt_len=0 pkg=com.deepseek.chat t_boot_ns=1206791103073480
09-06 01:13:42.072 I/AnebProbe(25624): ADAPTER_EVT type=content cls=android.view.View desc=null txt_len=0 pkg=com.deepseek.chat t_boot_ns=1206791103291188
09-06 01:13:42.072 I/AnebProbe(25624): ADAPTER_EVT type=content cls=android.view.View desc=null txt_len=0 pkg=com.deepseek.chat t_boot_ns=1206791103451084
09-06 01:13:42.072 I/AnebProbe(25624): ADAPTER_EVT type=content cls=android.view.View desc=null txt_len=0 pkg=com.deepseek.chat t_boot_ns=1206791103623480
09-06 01:13:42.072 I/AnebProbe(25624): ADAPTER_EVT type=content cls=android.view.View desc=null txt_len=0 pkg=com.deepseek.chat t_boot_ns=1206791103805772
09-06 01:13:42.178 I/AnebProbe(25624): ADAPTER_EVT type=content cls=android.view.View desc=null txt_len=0 pkg=com.deepseek.chat t_boot_ns=1206791209203688
09-06 01:13:42.178 I/AnebProbe(25624): ADAPTER_EVT type=content cls=android.view.View desc=null txt_len=0 pkg=com.deepseek.chat t_boot_ns=1206791209692751
09-06 01:13:42.180 I/AnebProbe(25624): ADAPTER_EVT type=content cls=android.view.View desc=null txt_len=0 pkg=com.deepseek.chat t_boot_ns=1206791210697438
09-06 01:13:42.180 I/AnebProbe(25624): ADAPTER_EVT type=content cls=android.view.View desc=null txt_len=0 pkg=com.deepseek.chat t_boot_ns=1206791211429730
09-06 01:13:42.180 I/AnebProbe(25624): ADAPTER_EVT type=content cls=android.view.View desc=null txt_len=0 pkg=com.deepseek.chat t_boot_ns=1206791211824001
09-06 01:13:42.180 I/AnebProbe(25624): ADAPTER_EVT type=content cls=android.view.View desc=null txt_len=0 pkg=com.deepseek.chat t_boot_ns=1206791212069834
09-06 01:13:42.181 I/AnebProbe(25624): ADAPTER_EVT type=content cls=android.view.View desc=null txt_len=0 pkg=com.deepseek.chat t_boot_ns=1206791212302126
09-06 01:13:42.181 I/AnebProbe(25624): ADAPTER_EVT type=content cls=android.view.View desc=null txt_len=0 pkg=com.deepseek.chat t_boot_ns=1206791212512022
09-06 01:13:42.279 I/AnebProbe(25624): ADAPTER_EVT type=content cls=android.view.View desc=null txt_len=0 pkg=com.deepseek.chat t_boot_ns=1206791310329730
09-06 01:13:42.279 I/AnebProbe(25624): ADAPTER_EVT type=content cls=android.view.View desc=null txt_len=0 pkg=com.deepseek.chat t_boot_ns=1206791310733376
09-06 01:13:42.280 I/AnebProbe(25624): ADAPTER_EVT type=content cls=android.view.View desc=null txt_len=0 pkg=com.deepseek.chat t_boot_ns=1206791311989626
09-06 01:13:42.281 I/AnebProbe(25624): ADAPTER_EVT type=content cls=android.view.View desc=null txt_len=0 pkg=com.deepseek.chat t_boot_ns=1206791312313063
09-06 01:13:42.281 I/AnebProbe(25624): ADAPTER_EVT type=content cls=android.view.View desc=null txt_len=0 pkg=com.deepseek.chat t_boot_ns=1206791312593792
09-06 01:13:42.281 I/AnebProbe(25624): ADAPTER_EVT type=content cls=android.view.View desc=null txt_len=0 pkg=com.deepseek.chat t_boot_ns=1206791312838584
09-06 01:13:42.281 I/AnebProbe(25624): ADAPTER_EVT type=content cls=android.view.View desc=null txt_len=0 pkg=com.deepseek.chat t_boot_ns=1206791312999522
09-06 01:13:42.384 I/AnebProbe(25624): ADAPTER_EVT type=content cls=android.view.View desc=null txt_len=0 pkg=com.deepseek.chat t_boot_ns=1206791415160980
09-06 01:13:42.384 I/AnebProbe(25624): ADAPTER_EVT type=content cls=android.view.View desc=null txt_len=0 pkg=com.deepseek.chat t_boot_ns=1206791415781813
09-06 01:13:42.386 I/AnebProbe(25624): ADAPTER_EVT type=content cls=android.view.View desc=null txt_len=0 pkg=com.deepseek.chat t_boot_ns=1206791417140667
09-06 01:13:42.386 I/AnebProbe(25624): ADAPTER_EVT type=content cls=android.view.View desc=null txt_len=0 pkg=com.deepseek.chat t_boot_ns=1206791417876605
09-06 01:13:42.387 I/AnebProbe(25624): ADAPTER_EVT type=content cls=android.view.View desc=null txt_len=0 pkg=com.deepseek.chat t_boot_ns=1206791418149522
09-06 01:13:42.387 I/AnebProbe(25624): ADAPTER_EVT type=content cls=android.view.View desc=null txt_len=0 pkg=com.deepseek.chat t_boot_ns=1206791418504209
09-06 01:13:42.387 I/AnebProbe(25624): ADAPTER_EVT type=content cls=android.view.View desc=null txt_len=0 pkg=com.deepseek.chat t_boot_ns=1206791418922959
09-06 01:13:42.387 I/AnebProbe(25624): ADAPTER_EVT type=content cls=android.view.View desc=null txt_len=0 pkg=com.deepseek.chat t_boot_ns=1206791419119834
09-06 01:13:42.486 I/AnebProbe(25624): ADAPTER_EVT type=content cls=android.view.View desc=null txt_len=0 pkg=com.deepseek.chat t_boot_ns=1206791517212022
09-06 01:13:42.486 I/AnebProbe(25624): ADAPTER_EVT type=content cls=android.view.View desc=null txt_len=0 pkg=com.deepseek.chat t_boot_ns=1206791517628688
09-06 01:13:42.487 I/AnebProbe(25624): ADAPTER_EVT type=content cls=android.view.View desc=null txt_len=0 pkg=com.deepseek.chat t_boot_ns=1206791518449001
09-06 01:13:42.487 I/AnebProbe(25624): ADAPTER_EVT type=content cls=android.view.View desc=null txt_len=0 pkg=com.deepseek.chat t_boot_ns=1206791518666709
09-06 01:13:42.487 I/AnebProbe(25624): ADAPTER_EVT type=content cls=android.view.View desc=null txt_len=0 pkg=com.deepseek.chat t_boot_ns=1206791518864105
09-06 01:13:42.488 I/AnebProbe(25624): ADAPTER_EVT type=content cls=android.view.View desc=null txt_len=0 pkg=com.deepseek.chat t_boot_ns=1206791519218792
09-06 01:13:42.488 I/AnebProbe(25624): ADAPTER_EVT type=content cls=android.view.View desc=null txt_len=0 pkg=com.deepseek.chat t_boot_ns=1206791519368272
09-06 01:13:42.588 I/AnebProbe(25624): ADAPTER_EVT type=content cls=android.view.View desc=null txt_len=0 pkg=com.deepseek.chat t_boot_ns=1206791619554730
09-06 01:13:42.589 I/AnebProbe(25624): ADAPTER_EVT type=content cls=android.view.View desc=null txt_len=0 pkg=com.deepseek.chat t_boot_ns=1206791620335459
09-06 01:13:42.589 I/AnebProbe(25624): ADAPTER_EVT type=content cls=android.view.View desc=null txt_len=0 pkg=com.deepseek.chat t_boot_ns=1206791620508376
09-06 01:13:42.589 I/AnebProbe(25624): ADAPTER_EVT type=content cls=android.view.View desc=null txt_len=0 pkg=com.deepseek.chat t_boot_ns=1206791620637022
09-06 01:13:42.590 I/AnebProbe(25624): ADAPTER_EVT type=content cls=android.view.View desc=null txt_len=0 pkg=com.deepseek.chat t_boot_ns=1206791621338063
09-06 01:13:42.590 I/AnebProbe(25624): ADAPTER_EVT type=content cls=android.view.View desc=null txt_len=0 pkg=com.deepseek.chat t_boot_ns=1206791621538063
09-06 01:13:42.590 I/AnebProbe(25624): ADAPTER_EVT type=content cls=android.view.View desc=null txt_len=0 pkg=com.deepseek.chat t_boot_ns=1206791621719834
09-06 01:13:42.590 I/AnebProbe(25624): ADAPTER_EVT type=content cls=android.view.View desc=null txt_len=0 pkg=com.deepseek.chat t_boot_ns=1206791621910459
09-06 01:13:42.693 I/AnebProbe(25624): ADAPTER_EVT type=content cls=android.view.View desc=null txt_len=0 pkg=com.deepseek.chat t_boot_ns=1206791724600563
09-06 01:13:42.693 I/AnebProbe(25624): ADAPTER_EVT type=content cls=android.view.View desc=null txt_len=0 pkg=com.deepseek.chat t_boot_ns=1206791725068272
09-06 01:13:42.694 I/AnebProbe(25624): ADAPTER_EVT type=content cls=android.view.View desc=null txt_len=0 pkg=com.deepseek.chat t_boot_ns=1206791725296917
09-06 01:13:42.694 I/AnebProbe(25624): ADAPTER_EVT type=content cls=android.view.View desc=null txt_len=0 pkg=com.deepseek.chat t_boot_ns=1206791725456813
09-06 01:13:42.694 I/AnebProbe(25624): ADAPTER_EVT type=content cls=android.view.View desc=null txt_len=0 pkg=com.deepseek.chat t_boot_ns=1206791725632334
09-06 01:13:42.694 I/AnebProbe(25624): ADAPTER_EVT type=content cls=android.view.View desc=null txt_len=0 pkg=com.deepseek.chat t_boot_ns=1206791725805772
09-06 01:13:42.694 I/AnebProbe(25624): ADAPTER_EVT type=content cls=android.view.View desc=null txt_len=0 pkg=com.deepseek.chat t_boot_ns=1206791725949522
09-06 01:13:42.694 I/AnebProbe(25624): ADAPTER_EVT type=content cls=android.view.View desc=null txt_len=0 pkg=com.deepseek.chat t_boot_ns=1206791726114626
09-06 01:13:42.695 I/AnebProbe(25624): ADAPTER_EVT type=content cls=android.view.View desc=null txt_len=0 pkg=com.deepseek.chat t_boot_ns=1206791726256292
09-06 01:13:42.793 I/AnebProbe(25624): ADAPTER_EVT type=content cls=android.view.View desc=null txt_len=0 pkg=com.deepseek.chat t_boot_ns=1206791824128688
09-06 01:13:42.793 I/AnebProbe(25624): ADAPTER_EVT type=content cls=android.view.View desc=null txt_len=0 pkg=com.deepseek.chat t_boot_ns=1206791824546917
09-06 01:13:42.893 I/AnebProbe(25624): ADAPTER_EVT type=content cls=android.view.View desc=null txt_len=0 pkg=com.deepseek.chat t_boot_ns=1206791924678688
09-06 01:13:42.894 I/AnebProbe(25624): ADAPTER_EVT type=content cls=android.view.View desc=null txt_len=0 pkg=com.deepseek.chat t_boot_ns=1206791925430772
09-06 01:13:42.894 I/AnebProbe(25624): ADAPTER_EVT type=content cls=android.view.View desc=null txt_len=0 pkg=com.deepseek.chat t_boot_ns=1206791925909938
09-06 01:13:42.895 I/AnebProbe(25624): ADAPTER_EVT type=content cls=android.view.View desc=null txt_len=0 pkg=com.deepseek.chat t_boot_ns=1206791926196397
09-06 01:13:42.895 I/AnebProbe(25624): ADAPTER_EVT type=content cls=android.view.View desc=null txt_len=0 pkg=com.deepseek.chat t_boot_ns=1206791926373480
09-06 01:13:42.895 I/AnebProbe(25624): ADAPTER_EVT type=content cls=android.view.View desc=null txt_len=0 pkg=com.deepseek.chat t_boot_ns=1206791926521917
09-06 01:13:42.895 I/AnebProbe(25624): ADAPTER_EVT type=content cls=android.view.View desc=null txt_len=0 pkg=com.deepseek.chat t_boot_ns=1206791926860459
09-06 01:13:42.895 I/AnebProbe(25624): ADAPTER_EVT type=content cls=android.view.View desc=null txt_len=0 pkg=com.deepseek.chat t_boot_ns=1206791927063584
09-06 01:13:42.896 I/AnebProbe(25624): ADAPTER_EVT type=content cls=android.view.View desc=null txt_len=0 pkg=com.deepseek.chat t_boot_ns=1206791927236501
09-06 01:13:42.997 I/AnebProbe(25624): ADAPTER_EVT type=content cls=android.view.View desc=null txt_len=0 pkg=com.deepseek.chat t_boot_ns=1206792028020876
09-06 01:13:42.997 I/AnebProbe(25624): ADAPTER_EVT type=content cls=android.view.View desc=null txt_len=0 pkg=com.deepseek.chat t_boot_ns=1206792028538584
09-06 01:13:42.997 I/AnebProbe(25624): ADAPTER_EVT type=content cls=android.view.View desc=null txt_len=0 pkg=com.deepseek.chat t_boot_ns=1206792028875042
09-06 01:13:42.997 I/AnebProbe(25624): ADAPTER_EVT type=content cls=android.view.View desc=null txt_len=0 pkg=com.deepseek.chat t_boot_ns=1206792029104730
09-06 01:13:42.998 I/AnebProbe(25624): ADAPTER_EVT type=content cls=android.view.View desc=null txt_len=0 pkg=com.deepseek.chat t_boot_ns=1206792029281292
09-06 01:13:42.998 I/AnebProbe(25624): ADAPTER_EVT type=content cls=android.view.View desc=null txt_len=0 pkg=com.deepseek.chat t_boot_ns=1206792029439105
09-06 01:13:42.998 I/AnebProbe(25624): ADAPTER_EVT type=content cls=android.view.View desc=null txt_len=0 pkg=com.deepseek.chat t_boot_ns=1206792029831813
09-06 01:13:42.999 I/AnebProbe(25624): ADAPTER_EVT type=content cls=android.view.View desc=null txt_len=0 pkg=com.deepseek.chat t_boot_ns=1206792030190667
09-06 01:13:43.096 I/AnebProbe(25624): ADAPTER_EVT type=content cls=android.view.View desc=null txt_len=0 pkg=com.deepseek.chat t_boot_ns=1206792127869834
09-06 01:13:43.097 I/AnebProbe(25624): ADAPTER_EVT type=content cls=android.view.View desc=null txt_len=0 pkg=com.deepseek.chat t_boot_ns=1206792128250563
09-06 01:13:43.097 I/AnebProbe(25624): ADAPTER_EVT type=content cls=android.view.View desc=null txt_len=0 pkg=com.deepseek.chat t_boot_ns=1206792128483376
09-06 01:13:43.098 I/AnebProbe(25624): ADAPTER_EVT type=content cls=android.view.View desc=null txt_len=0 pkg=com.deepseek.chat t_boot_ns=1206792130070355
09-06 01:13:43.099 I/AnebProbe(25624): ADAPTER_EVT type=content cls=android.view.View desc=null txt_len=0 pkg=com.deepseek.chat t_boot_ns=1206792130270876
09-06 01:13:43.099 I/AnebProbe(25624): ADAPTER_EVT type=content cls=android.view.View desc=null txt_len=0 pkg=com.deepseek.chat t_boot_ns=1206792130395876
09-06 01:13:43.100 I/AnebProbe(25624): ADAPTER_EVT type=content cls=android.view.View desc=null txt_len=0 pkg=com.deepseek.chat t_boot_ns=1206792131130772
09-06 01:13:43.196 I/AnebProbe(25624): ADAPTER_EVT type=content cls=android.view.View desc=null txt_len=0 pkg=com.deepseek.chat t_boot_ns=1206792227674521
09-06 01:13:43.196 I/AnebProbe(25624): ADAPTER_EVT type=content cls=android.view.View desc=null txt_len=0 pkg=com.deepseek.chat t_boot_ns=1206792228034938
09-06 01:13:43.197 I/AnebProbe(25624): ADAPTER_EVT type=content cls=android.view.View desc=null txt_len=0 pkg=com.deepseek.chat t_boot_ns=1206792228254730
09-06 01:13:43.197 I/AnebProbe(25624): ADAPTER_EVT type=content cls=android.view.View desc=null txt_len=0 pkg=com.deepseek.chat t_boot_ns=1206792228705251
09-06 01:13:43.197 I/AnebProbe(25624): ADAPTER_EVT type=content cls=android.view.View desc=null txt_len=0 pkg=com.deepseek.chat t_boot_ns=1206792228935980
09-06 01:13:43.197 I/AnebProbe(25624): ADAPTER_EVT type=content cls=android.view.View desc=null txt_len=0 pkg=com.deepseek.chat t_boot_ns=1206792229065667
09-06 01:13:43.198 I/AnebProbe(25624): ADAPTER_EVT type=content cls=android.view.View desc=null txt_len=0 pkg=com.deepseek.chat t_boot_ns=1206792229577646
09-06 01:13:43.198 I/AnebProbe(25624): ADAPTER_EVT type=content cls=android.view.View desc=null txt_len=0 pkg=com.deepseek.chat t_boot_ns=1206792229734938
09-06 01:13:43.297 I/AnebProbe(25624): ADAPTER_EVT type=content cls=android.view.View desc=null txt_len=0 pkg=com.deepseek.chat t_boot_ns=1206792328894834
09-06 01:13:43.297 I/AnebProbe(25624): ADAPTER_EVT type=content cls=android.view.View desc=null txt_len=0 pkg=com.deepseek.chat t_boot_ns=1206792329102126
09-06 01:13:43.298 I/AnebProbe(25624): ADAPTER_EVT type=content cls=android.view.View desc=null txt_len=0 pkg=com.deepseek.chat t_boot_ns=1206792329440667
09-06 01:13:43.298 I/AnebProbe(25624): ADAPTER_EVT type=content cls=android.view.View desc=null txt_len=0 pkg=com.deepseek.chat t_boot_ns=1206792329563063
09-06 01:13:43.298 I/AnebProbe(25624): ADAPTER_EVT type=content cls=android.view.View desc=null txt_len=0 pkg=com.deepseek.chat t_boot_ns=1206792329864105
09-06 01:13:43.299 I/AnebProbe(25624): ADAPTER_EVT type=content cls=android.view.View desc=null txt_len=0 pkg=com.deepseek.chat t_boot_ns=1206792330142230
09-06 01:13:43.402 I/AnebProbe(25624): ADAPTER_EVT type=content cls=android.view.View desc=null txt_len=0 pkg=com.deepseek.chat t_boot_ns=1206792433785980
09-06 01:13:43.402 I/AnebProbe(25624): ADAPTER_EVT type=content cls=android.view.View desc=null txt_len=0 pkg=com.deepseek.chat t_boot_ns=1206792434099001
09-06 01:13:43.402 I/AnebProbe(25624): ADAPTER_EVT type=content cls=android.view.View desc=null txt_len=0 pkg=com.deepseek.chat t_boot_ns=1206792434172959
09-06 01:13:43.403 I/AnebProbe(25624): ADAPTER_EVT type=content cls=android.view.View desc=null txt_len=0 pkg=com.deepseek.chat t_boot_ns=1206792434229730
09-06 01:13:43.403 I/AnebProbe(25624): ADAPTER_EVT type=content cls=android.view.View desc=null txt_len=0 pkg=com.deepseek.chat t_boot_ns=1206792434321396
09-06 01:13:43.514 I/AnebProbe(25624): ADAPTER_EVT type=content cls=android.view.View desc=null txt_len=0 pkg=com.deepseek.chat t_boot_ns=1206792545724001
09-06 01:13:43.515 I/AnebProbe(25624): ADAPTER_EVT type=content cls=android.view.View desc=null txt_len=0 pkg=com.deepseek.chat t_boot_ns=1206792546185459
09-06 01:13:43.516 I/AnebProbe(25624): ADAPTER_EVT type=content cls=android.view.View desc=null txt_len=0 pkg=com.deepseek.chat t_boot_ns=1206792547257855
09-06 01:13:43.516 I/AnebProbe(25624): ADAPTER_EVT type=content cls=android.view.View desc=null txt_len=0 pkg=com.deepseek.chat t_boot_ns=1206792547569313
09-06 01:13:43.516 I/AnebProbe(25624): ADAPTER_EVT type=content cls=android.view.View desc=null txt_len=0 pkg=com.deepseek.chat t_boot_ns=1206792547750042
09-06 01:13:43.517 I/AnebProbe(25624): ADAPTER_EVT type=content cls=android.view.View desc=null txt_len=0 pkg=com.deepseek.chat t_boot_ns=1206792548212021
09-06 01:13:43.517 I/AnebProbe(25624): ADAPTER_EVT type=content cls=android.view.View desc=null txt_len=0 pkg=com.deepseek.chat t_boot_ns=1206792548445355
09-06 01:13:43.618 I/AnebProbe(25624): ADAPTER_EVT type=content cls=android.view.View desc=null txt_len=0 pkg=com.deepseek.chat t_boot_ns=1206792649897438
09-06 01:13:43.620 I/AnebProbe(25624): ADAPTER_EVT type=content cls=android.view.View desc=null txt_len=0 pkg=com.deepseek.chat t_boot_ns=1206792651228688
09-06 01:13:43.620 I/AnebProbe(25624): ADAPTER_EVT type=content cls=android.view.View desc=null txt_len=0 pkg=com.deepseek.chat t_boot_ns=1206792651680771
09-06 01:13:43.620 I/AnebProbe(25624): ADAPTER_EVT type=content cls=android.view.View desc=null txt_len=0 pkg=com.deepseek.chat t_boot_ns=1206792651975042
09-06 01:13:43.621 I/AnebProbe(25624): ADAPTER_EVT type=content cls=android.view.View desc=null txt_len=0 pkg=com.deepseek.chat t_boot_ns=1206792652208896
09-06 01:13:43.621 I/AnebProbe(25624): ADAPTER_EVT type=content cls=android.view.View desc=null txt_len=0 pkg=com.deepseek.chat t_boot_ns=1206792652418271
09-06 01:13:43.723 I/AnebProbe(25624): ADAPTER_EVT type=content cls=android.view.View desc=null txt_len=0 pkg=com.deepseek.chat t_boot_ns=1206792754260980
09-06 01:13:43.723 I/AnebProbe(25624): ADAPTER_EVT type=content cls=android.view.View desc=null txt_len=0 pkg=com.deepseek.chat t_boot_ns=1206792754964626
09-06 01:13:43.723 I/AnebProbe(25624): ADAPTER_EVT type=content cls=android.view.View desc=null txt_len=0 pkg=com.deepseek.chat t_boot_ns=1206792755138063
09-06 01:13:43.724 I/AnebProbe(25624): ADAPTER_EVT type=content cls=android.view.View desc=null txt_len=0 pkg=com.deepseek.chat t_boot_ns=1206792755625563
09-06 01:13:43.724 I/AnebProbe(25624): ADAPTER_EVT type=content cls=android.view.View desc=null txt_len=0 pkg=com.deepseek.chat t_boot_ns=1206792755835459
09-06 01:13:43.829 I/AnebProbe(25624): ADAPTER_EVT type=content cls=android.view.View desc=null txt_len=0 pkg=com.deepseek.chat t_boot_ns=1206792860466709
09-06 01:13:43.829 I/AnebProbe(25624): ADAPTER_EVT type=content cls=android.view.View desc=null txt_len=0 pkg=com.deepseek.chat t_boot_ns=1206792860978688
09-06 01:13:43.830 I/AnebProbe(25624): ADAPTER_EVT type=content cls=android.view.View desc=null txt_len=0 pkg=com.deepseek.chat t_boot_ns=1206792861191709
09-06 01:13:43.830 I/AnebProbe(25624): ADAPTER_EVT type=content cls=android.view.View desc=null txt_len=0 pkg=com.deepseek.chat t_boot_ns=1206792861364105
09-06 01:13:43.830 I/AnebProbe(25624): ADAPTER_EVT type=content cls=android.view.View desc=null txt_len=0 pkg=com.deepseek.chat t_boot_ns=1206792861513063
09-06 01:13:43.930 I/AnebProbe(25624): ADAPTER_EVT type=content cls=android.view.View desc=null txt_len=0 pkg=com.deepseek.chat t_boot_ns=1206792961623480
09-06 01:13:43.931 I/AnebProbe(25624): ADAPTER_EVT type=content cls=android.view.View desc=null txt_len=0 pkg=com.deepseek.chat t_boot_ns=1206792962868271
09-06 01:13:43.931 I/AnebProbe(25624): ADAPTER_EVT type=content cls=android.view.View desc=null txt_len=0 pkg=com.deepseek.chat t_boot_ns=1206792963144834
09-06 01:13:43.932 I/AnebProbe(25624): ADAPTER_EVT type=content cls=android.view.View desc=null txt_len=0 pkg=com.deepseek.chat t_boot_ns=1206792963278167
09-06 01:13:43.932 I/AnebProbe(25624): ADAPTER_EVT type=content cls=android.view.View desc=null txt_len=0 pkg=com.deepseek.chat t_boot_ns=1206792963402126
09-06 01:13:44.034 I/AnebProbe(25624): ADAPTER_EVT type=content cls=android.view.View desc=null txt_len=0 pkg=com.deepseek.chat t_boot_ns=1206793065359417
09-06 01:13:44.034 I/AnebProbe(25624): ADAPTER_EVT type=content cls=android.view.View desc=null txt_len=0 pkg=com.deepseek.chat t_boot_ns=1206793065805771
09-06 01:13:44.034 I/AnebProbe(25624): ADAPTER_EVT type=content cls=android.view.View desc=null txt_len=0 pkg=com.deepseek.chat t_boot_ns=1206793066035980
09-06 01:13:44.035 I/AnebProbe(25624): ADAPTER_EVT type=content cls=android.view.View desc=null txt_len=0 pkg=com.deepseek.chat t_boot_ns=1206793066219834
09-06 01:13:44.035 I/AnebProbe(25624): ADAPTER_EVT type=content cls=android.view.View desc=null txt_len=0 pkg=com.deepseek.chat t_boot_ns=1206793066371917
09-06 01:13:44.035 I/AnebProbe(25624): ADAPTER_EVT type=content cls=android.view.View desc=null txt_len=0 pkg=com.deepseek.chat t_boot_ns=1206793066506813
09-06 01:13:44.151 I/AnebProbe(25624): ADAPTER_EVT type=content cls=android.view.View desc=null txt_len=0 pkg=com.deepseek.chat t_boot_ns=1206793182822959
09-06 01:13:44.152 I/AnebProbe(25624): ADAPTER_EVT type=content cls=android.view.View desc=null txt_len=0 pkg=com.deepseek.chat t_boot_ns=1206793183228167
09-06 01:13:44.152 I/AnebProbe(25624): ADAPTER_EVT type=content cls=android.view.View desc=null txt_len=0 pkg=com.deepseek.chat t_boot_ns=1206793183551084
09-06 01:13:44.152 I/AnebProbe(25624): ADAPTER_EVT type=content cls=android.view.View desc=null txt_len=0 pkg=com.deepseek.chat t_boot_ns=1206793183716188
09-06 01:13:44.153 I/AnebProbe(25624): ADAPTER_EVT type=content cls=android.view.View desc=null txt_len=0 pkg=com.deepseek.chat t_boot_ns=1206793184440146
09-06 01:13:44.253 I/AnebProbe(25624): ADAPTER_EVT type=content cls=android.view.View desc=null txt_len=0 pkg=com.deepseek.chat t_boot_ns=1206793284143271
09-06 01:13:44.364 I/AnebProbe(25624): ADAPTER_EVT type=content cls=android.view.View desc=null txt_len=0 pkg=com.deepseek.chat t_boot_ns=1206793395102646
09-06 01:13:44.364 I/AnebProbe(25624): ADAPTER_EVT type=content cls=android.view.View desc=null txt_len=0 pkg=com.deepseek.chat t_boot_ns=1206793395582334
09-06 01:13:44.364 I/AnebProbe(25624): ADAPTER_EVT type=content cls=android.view.View desc=null txt_len=0 pkg=com.deepseek.chat t_boot_ns=1206793395857855
09-06 01:13:44.364 I/AnebProbe(25624): ADAPTER_EVT type=content cls=android.view.View desc=null txt_len=0 pkg=com.deepseek.chat t_boot_ns=1206793396077646
09-06 01:13:44.365 I/AnebProbe(25624): ADAPTER_EVT type=content cls=android.view.View desc=null txt_len=0 pkg=com.deepseek.chat t_boot_ns=1206793396249000
09-06 01:13:44.365 I/AnebProbe(25624): ADAPTER_EVT type=content cls=android.view.View desc=null txt_len=0 pkg=com.deepseek.chat t_boot_ns=1206793396418792
09-06 01:13:44.366 I/AnebProbe(25624): ADAPTER_EVT type=content cls=android.view.View desc=null txt_len=0 pkg=com.deepseek.chat t_boot_ns=1206793396585980
09-06 01:13:44.366 I/AnebProbe(25624): ADAPTER_EVT type=content cls=android.view.View desc=null txt_len=0 pkg=com.deepseek.chat t_boot_ns=1206793397456292
09-06 01:13:44.466 I/AnebProbe(25624): ADAPTER_EVT type=content cls=android.view.View desc=null txt_len=0 pkg=com.deepseek.chat t_boot_ns=1206793497142750
09-06 01:13:44.466 I/AnebProbe(25624): ADAPTER_EVT type=content cls=android.view.View desc=null txt_len=0 pkg=com.deepseek.chat t_boot_ns=1206793497522959
09-06 01:13:44.466 I/AnebProbe(25624): ADAPTER_EVT type=content cls=android.view.View desc=null txt_len=0 pkg=com.deepseek.chat t_boot_ns=1206793497659417
09-06 01:13:44.466 I/AnebProbe(25624): ADAPTER_EVT type=content cls=android.view.View desc=null txt_len=0 pkg=com.deepseek.chat t_boot_ns=1206793497791188
09-06 01:13:44.466 I/AnebProbe(25624): ADAPTER_EVT type=content cls=android.view.View desc=null txt_len=0 pkg=com.deepseek.chat t_boot_ns=1206793497927646
09-06 01:13:44.466 I/AnebProbe(25624): ADAPTER_EVT type=content cls=android.view.View desc=null txt_len=0 pkg=com.deepseek.chat t_boot_ns=1206793498040146
09-06 01:13:44.467 I/AnebProbe(25624): ADAPTER_EVT type=content cls=android.view.View desc=null txt_len=0 pkg=com.deepseek.chat t_boot_ns=1206793498150563
09-06 01:13:44.566 I/AnebProbe(25624): ADAPTER_EVT type=content cls=android.view.View desc=null txt_len=0 pkg=com.deepseek.chat t_boot_ns=1206793597742750
09-06 01:13:44.571 I/AnebProbe(25624): ADAPTER_OBS pkg=com.deepseek.chat mode=deepseek events=3195 rule_matched=0 first_delta_ms=0 cadence_p50_ms=0.3 session_span_ms=548333.3 confidence=LOW/INCONCLUSIVE reason=throttle ttft_send_ms=null anchor_source=null ttft_cluster_ms=2220.5 ttft_density_ms=2100.0
09-06 01:13:44.572 I/AnebProbe(25624): ADAPTER_EVT type=content cls=android.view.View desc=null txt_len=0 pkg=com.deepseek.chat t_boot_ns=1206793603212542
09-06 01:13:44.572 I/AnebProbe(25624): ADAPTER_EVT type=content cls=android.view.View desc=null txt_len=0 pkg=com.deepseek.chat t_boot_ns=1206793603591709
09-06 01:13:44.572 I/AnebProbe(25624): ADAPTER_EVT type=content cls=android.view.View desc=null txt_len=0 pkg=com.deepseek.chat t_boot_ns=1206793603910459
09-06 01:13:44.572 I/AnebProbe(25624): ADAPTER_EVT type=content cls=android.view.View desc=null txt_len=0 pkg=com.deepseek.chat t_boot_ns=1206793604110459
09-06 01:13:44.573 I/AnebProbe(25624): ADAPTER_EVT type=content cls=android.view.View desc=null txt_len=0 pkg=com.deepseek.chat t_boot_ns=1206793604321917
09-06 01:13:44.573 I/AnebProbe(25624): ADAPTER_EVT type=content cls=android.view.View desc=null txt_len=0 pkg=com.deepseek.chat t_boot_ns=1206793604495875
09-06 01:13:44.668 I/AnebProbe(25624): ADAPTER_EVT type=content cls=android.view.View desc=null txt_len=0 pkg=com.deepseek.chat t_boot_ns=1206793699449521
09-06 01:13:44.769 I/AnebProbe(25624): ADAPTER_EVT type=content cls=android.view.View desc=null txt_len=0 pkg=com.deepseek.chat t_boot_ns=1206793800754730
09-06 01:13:44.770 I/AnebProbe(25624): ADAPTER_EVT type=content cls=android.view.View desc=null txt_len=0 pkg=com.deepseek.chat t_boot_ns=1206793801175042
09-06 01:13:44.770 I/AnebProbe(25624): ADAPTER_EVT type=content cls=android.view.View desc=null txt_len=0 pkg=com.deepseek.chat t_boot_ns=1206793801354209
09-06 01:13:44.770 I/AnebProbe(25624): ADAPTER_EVT type=content cls=android.view.View desc=null txt_len=0 pkg=com.deepseek.chat t_boot_ns=1206793801492750
09-06 01:13:44.770 I/AnebProbe(25624): ADAPTER_EVT type=content cls=android.view.View desc=null txt_len=0 pkg=com.deepseek.chat t_boot_ns=1206793801651084
09-06 01:13:44.770 I/AnebProbe(25624): ADAPTER_EVT type=content cls=android.view.View desc=null txt_len=0 pkg=com.deepseek.chat t_boot_ns=1206793801820355
09-06 01:13:44.770 I/AnebProbe(25624): ADAPTER_EVT type=content cls=android.view.View desc=null txt_len=0 pkg=com.deepseek.chat t_boot_ns=1206793801969313
09-06 01:13:44.869 I/AnebProbe(25624): ADAPTER_EVT type=content cls=android.view.View desc=null txt_len=0 pkg=com.deepseek.chat t_boot_ns=1206793900324000
09-06 01:13:44.869 I/AnebProbe(25624): ADAPTER_EVT type=content cls=android.view.View desc=null txt_len=0 pkg=com.deepseek.chat t_boot_ns=1206793900705771
09-06 01:13:44.869 I/AnebProbe(25624): ADAPTER_EVT type=content cls=android.view.View desc=null txt_len=0 pkg=com.deepseek.chat t_boot_ns=1206793900912542
09-06 01:13:44.869 I/AnebProbe(25624): ADAPTER_EVT type=content cls=android.view.View desc=null txt_len=0 pkg=com.deepseek.chat t_boot_ns=1206793901020355
09-06 01:13:44.869 I/AnebProbe(25624): ADAPTER_EVT type=content cls=android.view.View desc=null txt_len=0 pkg=com.deepseek.chat t_boot_ns=1206793901141188
09-06 01:13:44.870 I/AnebProbe(25624): ADAPTER_EVT type=content cls=android.view.View desc=null txt_len=0 pkg=com.deepseek.chat t_boot_ns=1206793901258896
09-06 01:13:44.870 I/AnebProbe(25624): ADAPTER_EVT type=content cls=android.view.View desc=null txt_len=0 pkg=com.deepseek.chat t_boot_ns=1206793901358896
09-06 01:13:44.970 I/AnebProbe(25624): ADAPTER_EVT type=content cls=android.view.View desc=null txt_len=0 pkg=com.deepseek.chat t_boot_ns=1206794001618792
09-06 01:13:44.970 I/AnebProbe(25624): ADAPTER_EVT type=content cls=android.view.View desc=null txt_len=0 pkg=com.deepseek.chat t_boot_ns=1206794002033896
09-06 01:13:44.971 I/AnebProbe(25624): ADAPTER_EVT type=content cls=android.view.View desc=null txt_len=0 pkg=com.deepseek.chat t_boot_ns=1206794002186500
09-06 01:13:44.971 I/AnebProbe(25624): ADAPTER_EVT type=content cls=android.view.View desc=null txt_len=0 pkg=com.deepseek.chat t_boot_ns=1206794002353688
09-06 01:13:44.971 I/AnebProbe(25624): ADAPTER_EVT type=content cls=android.view.View desc=null txt_len=0 pkg=com.deepseek.chat t_boot_ns=1206794002501605
09-06 01:13:44.971 I/AnebProbe(25624): ADAPTER_EVT type=content cls=android.view.View desc=null txt_len=0 pkg=com.deepseek.chat t_boot_ns=1206794002658375
09-06 01:13:44.971 I/AnebProbe(25624): ADAPTER_EVT type=content cls=android.view.View desc=null txt_len=0 pkg=com.deepseek.chat t_boot_ns=1206794002789625
09-06 01:13:45.078 I/AnebProbe(25624): ADAPTER_EVT type=content cls=android.view.View desc=null txt_len=0 pkg=com.deepseek.chat t_boot_ns=1206794109178167
09-06 01:13:45.079 I/AnebProbe(25624): ADAPTER_EVT type=content cls=android.view.View desc=null txt_len=0 pkg=com.deepseek.chat t_boot_ns=1206794110908896
09-06 01:13:45.080 I/AnebProbe(25624): ADAPTER_EVT type=content cls=android.view.View desc=null txt_len=0 pkg=com.deepseek.chat t_boot_ns=1206794111237542
09-06 01:13:45.081 I/AnebProbe(25624): ADAPTER_EVT type=content cls=android.view.View desc=null txt_len=0 pkg=com.deepseek.chat t_boot_ns=1206794112244313
09-06 01:13:45.081 I/AnebProbe(25624): ADAPTER_EVT type=content cls=android.view.View desc=null txt_len=0 pkg=com.deepseek.chat t_boot_ns=1206794112512021
09-06 01:13:45.081 I/AnebProbe(25624): ADAPTER_EVT type=content cls=android.view.View desc=null txt_len=0 pkg=com.deepseek.chat t_boot_ns=1206794112682334
09-06 01:13:45.183 I/AnebProbe(25624): ADAPTER_EVT type=content cls=android.view.View desc=null txt_len=0 pkg=com.deepseek.chat t_boot_ns=1206794214499521
09-06 01:13:45.184 I/AnebProbe(25624): ADAPTER_EVT type=content cls=android.view.View desc=null txt_len=0 pkg=com.deepseek.chat t_boot_ns=1206794215098480
09-06 01:13:45.187 I/AnebProbe(25624): ADAPTER_EVT type=content cls=android.view.View desc=null txt_len=0 pkg=com.deepseek.chat t_boot_ns=1206794216480771
09-06 01:13:45.187 I/AnebProbe(25624): ADAPTER_EVT type=content cls=android.view.View desc=null txt_len=0 pkg=com.deepseek.chat t_boot_ns=1206794218766709
09-06 01:13:45.187 I/AnebProbe(25624): ADAPTER_EVT type=content cls=android.view.View desc=null txt_len=0 pkg=com.deepseek.chat t_boot_ns=1206794219034417
09-06 01:13:45.188 I/AnebProbe(25624): ADAPTER_EVT type=content cls=android.view.View desc=null txt_len=0 pkg=com.deepseek.chat t_boot_ns=1206794219243271
09-06 01:13:45.286 I/AnebProbe(25624): ADAPTER_EVT type=content cls=android.view.View desc=null txt_len=0 pkg=com.deepseek.chat t_boot_ns=1206794317468271
09-06 01:13:45.286 I/AnebProbe(25624): ADAPTER_EVT type=content cls=android.view.View desc=null txt_len=0 pkg=com.deepseek.chat t_boot_ns=1206794317938063
09-06 01:13:45.287 I/AnebProbe(25624): ADAPTER_EVT type=content cls=android.view.View desc=null txt_len=0 pkg=com.deepseek.chat t_boot_ns=1206794318476084
09-06 01:13:45.287 I/AnebProbe(25624): ADAPTER_EVT type=content cls=android.view.View desc=null txt_len=0 pkg=com.deepseek.chat t_boot_ns=1206794318827646
09-06 01:13:45.287 I/AnebProbe(25624): ADAPTER_EVT type=content cls=android.view.View desc=null txt_len=0 pkg=com.deepseek.chat t_boot_ns=1206794318981292
09-06 01:13:45.392 I/AnebProbe(25624): ADAPTER_EVT type=content cls=android.view.View desc=null txt_len=0 pkg=com.deepseek.chat t_boot_ns=1206794423653688
09-06 01:13:45.392 I/AnebProbe(25624): ADAPTER_EVT type=content cls=android.view.View desc=null txt_len=0 pkg=com.deepseek.chat t_boot_ns=1206794424078688
09-06 01:13:45.393 I/AnebProbe(25624): ADAPTER_EVT type=content cls=android.view.View desc=null txt_len=0 pkg=com.deepseek.chat t_boot_ns=1206794424257854
09-06 01:13:45.393 I/AnebProbe(25624): ADAPTER_EVT type=content cls=android.view.View desc=null txt_len=0 pkg=com.deepseek.chat t_boot_ns=1206794424384417
09-06 01:13:45.393 I/AnebProbe(25624): ADAPTER_EVT type=content cls=android.view.View desc=null txt_len=0 pkg=com.deepseek.chat t_boot_ns=1206794424530250
09-06 01:13:45.493 I/AnebProbe(25624): ADAPTER_EVT type=content cls=android.view.View desc=null txt_len=0 pkg=com.deepseek.chat t_boot_ns=1206794524201084
09-06 01:13:45.493 I/AnebProbe(25624): ADAPTER_EVT type=content cls=android.view.View desc=null txt_len=0 pkg=com.deepseek.chat t_boot_ns=1206794524582854
09-06 01:13:45.493 I/AnebProbe(25624): ADAPTER_EVT type=content cls=android.view.View desc=null txt_len=0 pkg=com.deepseek.chat t_boot_ns=1206794524720875
09-06 01:13:45.494 I/AnebProbe(25624): ADAPTER_EVT type=content cls=android.view.View desc=null txt_len=0 pkg=com.deepseek.chat t_boot_ns=1206794525179729
09-06 01:13:45.494 I/AnebProbe(25624): ADAPTER_EVT type=content cls=android.view.View desc=null txt_len=0 pkg=com.deepseek.chat t_boot_ns=1206794525355250
09-06 01:13:45.494 I/AnebProbe(25624): ADAPTER_EVT type=content cls=android.view.View desc=null txt_len=0 pkg=com.deepseek.chat t_boot_ns=1206794525467750
09-06 01:13:45.598 I/AnebProbe(25624): ADAPTER_EVT type=content cls=android.view.View desc=null txt_len=0 pkg=com.deepseek.chat t_boot_ns=1206794629121396
09-06 01:13:45.598 I/AnebProbe(25624): ADAPTER_EVT type=content cls=android.view.View desc=null txt_len=0 pkg=com.deepseek.chat t_boot_ns=1206794629799000
09-06 01:13:45.598 I/AnebProbe(25624): ADAPTER_EVT type=content cls=android.view.View desc=null txt_len=0 pkg=com.deepseek.chat t_boot_ns=1206794629957334
09-06 01:13:45.598 I/AnebProbe(25624): ADAPTER_EVT type=content cls=android.view.View desc=null txt_len=0 pkg=com.deepseek.chat t_boot_ns=1206794630102125
09-06 01:13:45.599 I/AnebProbe(25624): ADAPTER_EVT type=content cls=android.view.View desc=null txt_len=0 pkg=com.deepseek.chat t_boot_ns=1206794630244313
09-06 01:13:45.599 I/AnebProbe(25624): ADAPTER_EVT type=content cls=android.view.View desc=null txt_len=0 pkg=com.deepseek.chat t_boot_ns=1206794630363063
09-06 01:13:45.697 I/AnebProbe(25624): ADAPTER_EVT type=content cls=android.view.View desc=null txt_len=0 pkg=com.deepseek.chat t_boot_ns=1206794728122959
09-06 01:13:45.697 I/AnebProbe(25624): ADAPTER_EVT type=content cls=android.view.View desc=null txt_len=0 pkg=com.deepseek.chat t_boot_ns=1206794728781813
09-06 01:13:45.697 I/AnebProbe(25624): ADAPTER_EVT type=content cls=android.view.View desc=null txt_len=0 pkg=com.deepseek.chat t_boot_ns=1206794729032334
09-06 01:13:45.698 I/AnebProbe(25624): ADAPTER_EVT type=content cls=android.view.View desc=null txt_len=0 pkg=com.deepseek.chat t_boot_ns=1206794729202125
09-06 01:13:45.698 I/AnebProbe(25624): ADAPTER_EVT type=content cls=android.view.View desc=null txt_len=0 pkg=com.deepseek.chat t_boot_ns=1206794729329729
09-06 01:13:45.698 I/AnebProbe(25624): ADAPTER_EVT type=content cls=android.view.View desc=null txt_len=0 pkg=com.deepseek.chat t_boot_ns=1206794729467229
09-06 01:13:45.799 I/AnebProbe(25624): ADAPTER_EVT type=content cls=android.view.View desc=null txt_len=0 pkg=com.deepseek.chat t_boot_ns=1206794830727125
09-06 01:13:45.800 I/AnebProbe(25624): ADAPTER_EVT type=content cls=android.view.View desc=null txt_len=0 pkg=com.deepseek.chat t_boot_ns=1206794831301604
09-06 01:13:45.800 I/AnebProbe(25624): ADAPTER_EVT type=content cls=android.view.View desc=null txt_len=0 pkg=com.deepseek.chat t_boot_ns=1206794831483896
09-06 01:13:45.800 I/AnebProbe(25624): ADAPTER_EVT type=content cls=android.view.View desc=null txt_len=0 pkg=com.deepseek.chat t_boot_ns=1206794831697438
09-06 01:13:45.800 I/AnebProbe(25624): ADAPTER_EVT type=content cls=android.view.View desc=null txt_len=0 pkg=com.deepseek.chat t_boot_ns=1206794831969834
09-06 01:13:45.801 I/AnebProbe(25624): ADAPTER_EVT type=content cls=android.view.View desc=null txt_len=0 pkg=com.deepseek.chat t_boot_ns=1206794832149521
09-06 01:13:45.903 I/AnebProbe(25624): ADAPTER_EVT type=content cls=android.view.View desc=null txt_len=0 pkg=com.deepseek.chat t_boot_ns=1206794934792750
09-06 01:13:45.904 I/AnebProbe(25624): ADAPTER_EVT type=content cls=android.view.View desc=null txt_len=0 pkg=com.deepseek.chat t_boot_ns=1206794935346396
09-06 01:13:45.904 I/AnebProbe(25624): ADAPTER_EVT type=content cls=android.view.View desc=null txt_len=0 pkg=com.deepseek.chat t_boot_ns=1206794935577646
09-06 01:13:45.904 I/AnebProbe(25624): ADAPTER_EVT type=content cls=android.view.View desc=null txt_len=0 pkg=com.deepseek.chat t_boot_ns=1206794935717229
09-06 01:13:45.904 I/AnebProbe(25624): ADAPTER_EVT type=content cls=android.view.View desc=null txt_len=0 pkg=com.deepseek.chat t_boot_ns=1206794935844834
09-06 01:13:46.012 I/AnebProbe(25624): ADAPTER_EVT type=content cls=android.view.View desc=null txt_len=0 pkg=com.deepseek.chat t_boot_ns=1206795043102125
09-06 01:13:46.012 I/AnebProbe(25624): ADAPTER_EVT type=content cls=android.view.View desc=null txt_len=0 pkg=com.deepseek.chat t_boot_ns=1206795043543792
09-06 01:13:46.012 I/AnebProbe(25624): ADAPTER_EVT type=content cls=android.view.View desc=null txt_len=0 pkg=com.deepseek.chat t_boot_ns=1206795043746396
09-06 01:13:46.012 I/AnebProbe(25624): ADAPTER_EVT type=content cls=android.view.View desc=null txt_len=0 pkg=com.deepseek.chat t_boot_ns=1206795043924000
09-06 01:13:46.124 I/AnebProbe(25624): ADAPTER_EVT type=content cls=android.view.View desc=null txt_len=0 pkg=com.deepseek.chat t_boot_ns=1206795155044313
09-06 01:13:46.124 I/AnebProbe(25624): ADAPTER_EVT type=content cls=android.view.View desc=null txt_len=0 pkg=com.deepseek.chat t_boot_ns=1206795155630250
09-06 01:13:46.124 I/AnebProbe(25624): ADAPTER_EVT type=content cls=android.view.View desc=null txt_len=0 pkg=com.deepseek.chat t_boot_ns=1206795155909938
09-06 01:13:46.124 I/AnebProbe(25624): ADAPTER_EVT type=content cls=android.view.View desc=null txt_len=0 pkg=com.deepseek.chat t_boot_ns=1206795156118271
09-06 01:13:46.126 I/AnebProbe(25624): ADAPTER_EVT type=content cls=android.view.View desc=null txt_len=0 pkg=com.deepseek.chat t_boot_ns=1206795157632854
09-06 01:13:46.126 I/AnebProbe(25624): ADAPTER_EVT type=content cls=android.view.View desc=null txt_len=0 pkg=com.deepseek.chat t_boot_ns=1206795158017229
09-06 01:13:46.127 I/AnebProbe(25624): ADAPTER_EVT type=content cls=android.view.View desc=null txt_len=0 pkg=com.deepseek.chat t_boot_ns=1206795158246917
09-06 01:13:46.127 I/AnebProbe(25624): ADAPTER_EVT type=content cls=android.view.View desc=null txt_len=0 pkg=com.deepseek.chat t_boot_ns=1206795158419313
09-06 01:13:46.127 I/AnebProbe(25624): ADAPTER_EVT type=content cls=android.view.View desc=null txt_len=0 pkg=com.deepseek.chat t_boot_ns=1206795158585979
09-06 01:13:46.127 I/AnebProbe(25624): ADAPTER_EVT type=content cls=android.view.View desc=null txt_len=0 pkg=com.deepseek.chat t_boot_ns=1206795158772438
09-06 01:13:46.224 I/AnebProbe(25624): ADAPTER_EVT type=content cls=android.view.View desc=null txt_len=0 pkg=com.deepseek.chat t_boot_ns=1206795255560979
09-06 01:13:46.224 I/AnebProbe(25624): ADAPTER_EVT type=content cls=android.view.View desc=null txt_len=0 pkg=com.deepseek.chat t_boot_ns=1206795256078167
09-06 01:13:46.226 I/AnebProbe(25624): ADAPTER_EVT type=content cls=android.view.View desc=null txt_len=0 pkg=com.deepseek.chat t_boot_ns=1206795256694313
09-06 01:13:46.326 I/AnebProbe(25624): ADAPTER_EVT type=content cls=android.view.View desc=null txt_len=0 pkg=com.deepseek.chat t_boot_ns=1206795357808896
09-06 01:13:46.327 I/AnebProbe(25624): ADAPTER_EVT type=content cls=android.view.View desc=null txt_len=0 pkg=com.deepseek.chat t_boot_ns=1206795358202646
09-06 01:13:46.327 I/AnebProbe(25624): ADAPTER_EVT type=content cls=android.view.View desc=null txt_len=0 pkg=com.deepseek.chat t_boot_ns=1206795358720875
09-06 01:13:46.327 I/AnebProbe(25624): ADAPTER_EVT type=content cls=android.view.View desc=null txt_len=0 pkg=com.deepseek.chat t_boot_ns=1206795358917750
09-06 01:13:46.327 I/AnebProbe(25624): ADAPTER_EVT type=content cls=android.view.View desc=null txt_len=0 pkg=com.deepseek.chat t_boot_ns=1206795359054729
09-06 01:13:46.328 I/AnebProbe(25624): ADAPTER_EVT type=content cls=android.view.View desc=null txt_len=0 pkg=com.deepseek.chat t_boot_ns=1206795359204209
09-06 01:13:46.429 I/AnebProbe(25624): ADAPTER_EVT type=content cls=android.view.View desc=null txt_len=0 pkg=com.deepseek.chat t_boot_ns=1206795460529729
09-06 01:13:46.429 I/AnebProbe(25624): ADAPTER_EVT type=content cls=android.view.View desc=null txt_len=0 pkg=com.deepseek.chat t_boot_ns=1206795461019313
09-06 01:13:46.430 I/AnebProbe(25624): ADAPTER_EVT type=content cls=android.view.View desc=null txt_len=0 pkg=com.deepseek.chat t_boot_ns=1206795461191188
09-06 01:13:46.430 I/AnebProbe(25624): ADAPTER_EVT type=content cls=android.view.View desc=null txt_len=0 pkg=com.deepseek.chat t_boot_ns=1206795461473479
09-06 01:13:46.430 I/AnebProbe(25624): ADAPTER_EVT type=content cls=android.view.View desc=null txt_len=0 pkg=com.deepseek.chat t_boot_ns=1206795461609938
09-06 01:13:46.474 I/AnebProbe(25624): ADAPTER_EVT type=content cls=android.view.View desc=null txt_len=0 pkg=com.deepseek.chat t_boot_ns=1206795505429729
09-06 01:13:46.474 I/AnebProbe(25624): ADAPTER_EVT type=content cls=android.view.View desc=null txt_len=0 pkg=com.deepseek.chat t_boot_ns=1206795505831813
09-06 01:13:46.531 I/AnebProbe(25624): ADAPTER_EVT type=content cls=android.view.View desc=null txt_len=0 pkg=com.deepseek.chat t_boot_ns=1206795561968792
09-06 01:13:46.531 I/AnebProbe(25624): ADAPTER_EVT type=content cls=android.view.View desc=null txt_len=0 pkg=com.deepseek.chat t_boot_ns=1206795562576604
09-06 01:13:46.531 I/AnebProbe(25624): ADAPTER_EVT type=content cls=android.view.View desc=null txt_len=0 pkg=com.deepseek.chat t_boot_ns=1206795562764625
09-06 01:13:46.531 I/AnebProbe(25624): ADAPTER_EVT type=content cls=android.view.View desc=null txt_len=0 pkg=com.deepseek.chat t_boot_ns=1206795562900563
09-06 01:13:46.531 I/AnebProbe(25624): ADAPTER_EVT type=content cls=android.view.View desc=null txt_len=0 pkg=com.deepseek.chat t_boot_ns=1206795563030250
09-06 01:13:46.532 I/AnebProbe(25624): ADAPTER_EVT type=content cls=android.view.View desc=null txt_len=0 pkg=com.deepseek.chat t_boot_ns=1206795563180250
09-06 01:13:46.532 I/AnebProbe(25624): ADAPTER_EVT type=content cls=android.view.View desc=null txt_len=0 pkg=com.deepseek.chat t_boot_ns=1206795563324000
09-06 01:13:46.532 I/AnebProbe(25624): ADAPTER_EVT type=content cls=android.view.View desc=null txt_len=0 pkg=com.deepseek.chat t_boot_ns=1206795563468271
09-06 01:13:46.630 I/AnebProbe(25624): ADAPTER_EVT type=content cls=android.view.View desc=null txt_len=0 pkg=com.deepseek.chat t_boot_ns=1206795661220354
09-06 01:13:46.630 I/AnebProbe(25624): ADAPTER_EVT type=content cls=android.view.View desc=null txt_len=0 pkg=com.deepseek.chat t_boot_ns=1206795661781813
09-06 01:13:46.630 I/AnebProbe(25624): ADAPTER_EVT type=content cls=android.view.View desc=null txt_len=0 pkg=com.deepseek.chat t_boot_ns=1206795661989104
09-06 01:13:46.631 I/AnebProbe(25624): ADAPTER_EVT type=content cls=android.view.View desc=null txt_len=0 pkg=com.deepseek.chat t_boot_ns=1206795662212021
09-06 01:13:46.631 I/AnebProbe(25624): ADAPTER_EVT type=content cls=android.view.View desc=null txt_len=0 pkg=com.deepseek.chat t_boot_ns=1206795662357854
09-06 01:13:46.734 I/AnebProbe(25624): ADAPTER_EVT type=content cls=android.view.View desc=null txt_len=0 pkg=com.deepseek.chat t_boot_ns=1206795765113063
09-06 01:13:46.734 I/AnebProbe(25624): ADAPTER_EVT type=content cls=android.view.View desc=null txt_len=0 pkg=com.deepseek.chat t_boot_ns=1206795765513063
09-06 01:13:46.734 I/AnebProbe(25624): ADAPTER_EVT type=content cls=android.view.View desc=null txt_len=0 pkg=com.deepseek.chat t_boot_ns=1206795765700042
09-06 01:13:46.734 I/AnebProbe(25624): ADAPTER_EVT type=content cls=android.view.View desc=null txt_len=0 pkg=com.deepseek.chat t_boot_ns=1206795765829729
09-06 01:13:46.840 I/AnebProbe(25624): ADAPTER_EVT type=content cls=android.view.View desc=null txt_len=0 pkg=com.deepseek.chat t_boot_ns=1206795870001083
09-06 01:13:46.840 I/AnebProbe(25624): ADAPTER_EVT type=content cls=android.view.View desc=null txt_len=0 pkg=com.deepseek.chat t_boot_ns=1206795871568792
09-06 01:13:46.840 I/AnebProbe(25624): ADAPTER_EVT type=content cls=android.view.View desc=null txt_len=0 pkg=com.deepseek.chat t_boot_ns=1206795871754208
09-06 01:13:46.840 I/AnebProbe(25624): ADAPTER_EVT type=content cls=android.view.View desc=null txt_len=0 pkg=com.deepseek.chat t_boot_ns=1206795871906813
09-06 01:13:46.840 I/AnebProbe(25624): ADAPTER_EVT type=content cls=android.view.View desc=null txt_len=0 pkg=com.deepseek.chat t_boot_ns=1206795872045875
09-06 01:13:46.841 I/AnebProbe(25624): ADAPTER_EVT type=content cls=android.view.View desc=null txt_len=0 pkg=com.deepseek.chat t_boot_ns=1206795872209938
09-06 01:13:46.841 I/AnebProbe(25624): ADAPTER_EVT type=content cls=android.view.View desc=null txt_len=0 pkg=com.deepseek.chat t_boot_ns=1206795872337021
09-06 01:13:46.841 I/AnebProbe(25624): ADAPTER_EVT type=content cls=android.view.View desc=null txt_len=0 pkg=com.deepseek.chat t_boot_ns=1206795872523479
09-06 01:13:46.841 I/AnebProbe(25624): ADAPTER_EVT type=content cls=android.view.View desc=null txt_len=0 pkg=com.deepseek.chat t_boot_ns=1206795872653167
09-06 01:13:46.841 I/AnebProbe(25624): ADAPTER_EVT type=content cls=android.view.View desc=null txt_len=0 pkg=com.deepseek.chat t_boot_ns=1206795872836500
09-06 01:13:46.841 I/AnebProbe(25624): ADAPTER_EVT type=content cls=android.view.View desc=null txt_len=0 pkg=com.deepseek.chat t_boot_ns=1206795872971396
09-06 01:13:46.941 I/AnebProbe(25624): ADAPTER_EVT type=content cls=android.view.View desc=null txt_len=0 pkg=com.deepseek.chat t_boot_ns=1206795972109938
09-06 01:13:46.941 I/AnebProbe(25624): ADAPTER_EVT type=content cls=android.view.View desc=null txt_len=0 pkg=com.deepseek.chat t_boot_ns=1206795972617229
09-06 01:13:46.941 I/AnebProbe(25624): ADAPTER_EVT type=content cls=android.view.View desc=null txt_len=0 pkg=com.deepseek.chat t_boot_ns=1206795972875042
09-06 01:13:46.941 I/AnebProbe(25624): ADAPTER_EVT type=content cls=android.view.View desc=null txt_len=0 pkg=com.deepseek.chat t_boot_ns=1206795973103167
09-06 01:13:47.040 I/AnebProbe(25624): ADAPTER_EVT type=content cls=android.view.View desc=null txt_len=0 pkg=com.deepseek.chat t_boot_ns=1206796071792750
09-06 01:13:47.041 I/AnebProbe(25624): ADAPTER_EVT type=content cls=android.view.View desc=null txt_len=0 pkg=com.deepseek.chat t_boot_ns=1206796072425042
09-06 01:13:47.041 I/AnebProbe(25624): ADAPTER_EVT type=content cls=android.view.View desc=null txt_len=0 pkg=com.deepseek.chat t_boot_ns=1206796072643271
09-06 01:13:47.041 I/AnebProbe(25624): ADAPTER_EVT type=content cls=android.view.View desc=null txt_len=0 pkg=com.deepseek.chat t_boot_ns=1206796072883375
09-06 01:13:47.070 I/AnebProbe(25624): ADAPTER_EVT type=content cls=android.view.View desc=null txt_len=0 pkg=com.deepseek.chat t_boot_ns=1206796100997438
09-06 01:13:47.071 I/AnebProbe(25624): ADAPTER_EVT type=content cls=android.view.View desc=null txt_len=0 pkg=com.deepseek.chat t_boot_ns=1206796102790146
09-06 01:13:47.147 I/AnebProbe(25624): ADAPTER_EVT type=content cls=android.view.View desc=null txt_len=0 pkg=com.deepseek.chat t_boot_ns=1206796178052646
09-06 01:13:47.147 I/AnebProbe(25624): ADAPTER_EVT type=content cls=android.view.View desc=null txt_len=0 pkg=com.deepseek.chat t_boot_ns=1206796178821396
09-06 01:13:47.147 I/AnebProbe(25624): ADAPTER_EVT type=content cls=android.view.View desc=null txt_len=0 pkg=com.deepseek.chat t_boot_ns=1206796179030250
09-06 01:13:47.148 I/AnebProbe(25624): ADAPTER_EVT type=content cls=android.view.View desc=null txt_len=0 pkg=com.deepseek.chat t_boot_ns=1206796179168792
09-06 01:13:47.148 I/AnebProbe(25624): ADAPTER_EVT type=content cls=android.view.View desc=null txt_len=0 pkg=com.deepseek.chat t_boot_ns=1206796179324521
09-06 01:13:47.148 I/AnebProbe(25624): ADAPTER_EVT type=content cls=android.view.View desc=null txt_len=0 pkg=com.deepseek.chat t_boot_ns=1206796179454729
09-06 01:13:47.149 I/AnebProbe(25624): ADAPTER_EVT type=content cls=android.view.View desc=null txt_len=0 pkg=com.deepseek.chat t_boot_ns=1206796180598479
09-06 01:13:47.149 I/AnebProbe(25624): ADAPTER_EVT type=content cls=android.view.View desc=null txt_len=0 pkg=com.deepseek.chat t_boot_ns=1206796180918271
09-06 01:13:47.250 I/AnebProbe(25624): ADAPTER_EVT type=content cls=android.view.View desc=null txt_len=0 pkg=com.deepseek.chat t_boot_ns=1206796281735458
09-06 01:13:47.251 I/AnebProbe(25624): ADAPTER_EVT type=content cls=android.view.View desc=null txt_len=0 pkg=com.deepseek.chat t_boot_ns=1206796282164625
09-06 01:13:47.251 I/AnebProbe(25624): ADAPTER_EVT type=content cls=android.view.View desc=null txt_len=0 pkg=com.deepseek.chat t_boot_ns=1206796282299521
09-06 01:13:47.351 I/AnebProbe(25624): ADAPTER_EVT type=content cls=android.view.View desc=null txt_len=0 pkg=com.deepseek.chat t_boot_ns=1206796382740667
09-06 01:13:47.454 I/AnebProbe(25624): ADAPTER_EVT type=content cls=android.view.View desc=null txt_len=0 pkg=com.deepseek.chat t_boot_ns=1206796484714104
09-06 01:13:47.454 I/AnebProbe(25624): ADAPTER_EVT type=content cls=android.view.View desc=null txt_len=0 pkg=com.deepseek.chat t_boot_ns=1206796485524521
09-06 01:13:47.511 I/AnebProbe(25624): ADAPTER_EVT type=content cls=android.view.View desc=null txt_len=0 pkg=com.deepseek.chat t_boot_ns=1206796542392229
09-06 01:13:47.533 I/AnebProbe(25624): ADAPTER_EVT type=content cls=android.view.View desc=null txt_len=0 pkg=com.deepseek.chat t_boot_ns=1206796564283375
09-06 01:13:47.568 I/AnebProbe(25624): ADAPTER_EVT type=content cls=android.view.View desc=null txt_len=0 pkg=com.deepseek.chat t_boot_ns=1206796598995354
09-06 01:13:47.568 I/AnebProbe(25624): ADAPTER_EVT type=content cls=android.view.View desc=null txt_len=0 pkg=com.deepseek.chat t_boot_ns=1206796599592750
09-06 01:13:47.568 I/AnebProbe(25624): ADAPTER_EVT type=content cls=android.view.View desc=null txt_len=0 pkg=com.deepseek.chat t_boot_ns=1206796599889625
09-06 01:13:47.568 I/AnebProbe(25624): ADAPTER_EVT type=content cls=android.view.View desc=null txt_len=0 pkg=com.deepseek.chat t_boot_ns=1206796600065146
09-06 01:13:47.569 I/AnebProbe(25624): ADAPTER_EVT type=content cls=android.view.View desc=null txt_len=0 pkg=com.deepseek.chat t_boot_ns=1206796600296917
09-06 01:13:47.569 I/AnebProbe(25624): ADAPTER_EVT type=content cls=android.view.View desc=null txt_len=0 pkg=com.deepseek.chat t_boot_ns=1206796600471917
09-06 01:13:47.570 I/AnebProbe(25624): ADAPTER_EVT type=content cls=android.view.View desc=null txt_len=0 pkg=com.deepseek.chat t_boot_ns=1206796601571396
09-06 01:13:47.570 I/AnebProbe(25624): ADAPTER_EVT type=content cls=android.view.View desc=null txt_len=0 pkg=com.deepseek.chat t_boot_ns=1206796601824000
09-06 01:13:47.570 I/AnebProbe(25624): ADAPTER_EVT type=content cls=android.view.View desc=null txt_len=0 pkg=com.deepseek.chat t_boot_ns=1206796602024000
09-06 01:13:47.572 I/AnebProbe(25624): ADAPTER_EVT type=content cls=android.view.View desc=null txt_len=0 pkg=com.deepseek.chat t_boot_ns=1206796603395875
09-06 01:13:47.572 I/AnebProbe(25624): ADAPTER_EVT type=content cls=android.view.View desc=null txt_len=0 pkg=com.deepseek.chat t_boot_ns=1206796603672958
09-06 01:13:47.572 I/AnebProbe(25624): ADAPTER_EVT type=content cls=android.view.View desc=null txt_len=0 pkg=com.deepseek.chat t_boot_ns=1206796603869312
09-06 01:13:47.573 I/AnebProbe(25624): ADAPTER_EVT type=content cls=android.view.View desc=null txt_len=0 pkg=com.deepseek.chat t_boot_ns=1206796604428687
09-06 01:13:47.574 I/AnebProbe(25624): ADAPTER_EVT type=content cls=android.view.View desc=null txt_len=0 pkg=com.deepseek.chat t_boot_ns=1206796605902646
09-06 01:13:47.575 I/AnebProbe(25624): ADAPTER_EVT type=content cls=android.view.View desc=null txt_len=0 pkg=com.deepseek.chat t_boot_ns=1206796606216187
09-06 01:13:47.575 I/AnebProbe(25624): ADAPTER_EVT type=content cls=android.view.View desc=null txt_len=0 pkg=com.deepseek.chat t_boot_ns=1206796606981812
09-06 01:13:47.577 I/AnebProbe(25624): ADAPTER_EVT type=content cls=android.view.View desc=null txt_len=0 pkg=com.deepseek.chat t_boot_ns=1206796608483375
09-06 01:13:47.673 I/AnebProbe(25624): ADAPTER_EVT type=content cls=android.view.View desc=null txt_len=0 pkg=com.deepseek.chat t_boot_ns=1206796704705250
09-06 01:13:47.674 I/AnebProbe(25624): ADAPTER_EVT type=content cls=android.view.View desc=null txt_len=0 pkg=com.deepseek.chat t_boot_ns=1206796705248479
09-06 01:13:47.674 I/AnebProbe(25624): ADAPTER_EVT type=content cls=android.view.View desc=null txt_len=0 pkg=com.deepseek.chat t_boot_ns=1206796705395354
09-06 01:14:53.186 I/AnebE4MARK(25628): E4MARK kind=answer_complete n=6
