16666666
0	0	0
0	0	0
0	0	0
0	0	0
0	0	0
0	0	0
0	0	0
0	0	0
0	0	0
0	0	0
0	0	0
0	0	0
0	0	0
0	0	0
0	0	0
0	0	0
0	0	0
0	0	0
0	0	0
0	0	0
0	0	0
0	0	0
0	0	0
0	0	0
0	0	0
0	0	0
0	0	0
0	0	0
0	0	0
0	0	0
0	0	0
0	0	0
0	0	0
0	0	0
0	0	0
0	0	0
0	0	0
0	0	0
0	0	0
0	0	0
0	0	0
0	0	0
0	0	0
0	0	0
0	0	0
0	0	0
0	0	0
0	0	0
0	0	0
0	0	0
0	0	0
0	0	0
0	0	0
0	0	0
0	0	0
0	0	0
0	0	0
0	0	0
0	0	0
0	0	0
0	0	0
0	0	0
0	0	0
0	0	0
0	0	0
0	0	0
0	0	0
0	0	0
0	0	0
0	0	0
0	0	0
0	0	0
0	0	0
0	0	0
0	0	0
0	0	0
0	0	0
0	0	0
0	0	0
0	0	0
0	0	0
0	0	0
0	0	0
0	0	0
0	0	0
0	0	0
0	0	0
0	0	0
0	0	0
0	0	0
0	0	0
569296556037088	569296581100630	569296556691255
569296556037088	569296597637088	569296556691255
569296587219380	569296614209484	569296588396463
569296594005318	569296630788651	569296595292818
569296609892818	569296647366255	569296611130838
569296629188130	569296663982401	569296629863651
569296639783443	569296680499588	569296641412609
569296654827713	569296697081359	569296655530838
569296671220422	569296713651672	569296671935526
569296687010526	569296730254276	569296687758443
569296703338130	569296746814172	569296704550630
569296720110526	569296763393338	569296720767818
569296737535005	569296779950630	569296738218859
569296753890734	569296796541776	569296754565213
569296769756880	569296813102713	569296770501151
569296786573547	569296829683963	569296787518338
569296803133963	569296846257922	569296803838651
569296819656359	569296863131880	569296820403234
569296837179797	569296879701151	569296837863651
569296852963651	569296895984484	569296853689172
569296870778234	569296912555317	569296871495422
569296886218859	569296929137088	569296886951151
569296908352192	569296945715734	569296911391776
569296924408963	569296962287088	569296926595942
569296941876151	569296978885005	569296944604797
569296961200630	569296995465734	569296964084484
569296977316255	569297012040213	569296980161567
569296993304276	569297028619901	569296996133442
569297009384484	569297045180838	569297012207922
569297029966255	569297061750109	569297032707401
569297045855838	569297078323547	569297048620422
569297058660526	569297094913130	569297061373026
569297073784484	569297111480838	569297075987088
569297091451151	569297128119380	569297094616776
569297111917817	569297144631880	569297114694380
569297137254797	569297161212088	569297139988130


16666666
0	0	0
0	0	0
0	0	0
0	0	0
0	0	0
0	0	0
0	0	0
0	0	0
0	0	0
0	0	0
0	0	0
0	0	0
0	0	0
0	0	0
0	0	0
0	0	0
0	0	0
0	0	0
0	0	0
0	0	0
0	0	0
0	0	0
0	0	0
0	0	0
0	0	0
0	0	0
0	0	0
0	0	0
0	0	0
0	0	0
0	0	0
0	0	0
0	0	0
0	0	0
0	0	0
0	0	0
0	0	0
0	0	0
0	0	0
0	0	0
0	0	0
0	0	0
0	0	0
0	0	0
0	0	0
0	0	0
0	0	0
0	0	0
0	0	0
0	0	0
0	0	0
0	0	0
0	0	0
0	0	0
0	0	0
0	0	0
0	0	0
0	0	0
0	0	0
0	0	0
0	0	0
0	0	0
0	0	0
0	0	0
0	0	0
0	0	0
0	0	0
0	0	0
0	0	0
0	0	0
0	0	0
0	0	0
0	0	0
0	0	0
0	0	0
0	0	0
0	0	0
0	0	0
0	0	0
569296556037088	569296581100630	569296556691255
569296556037088	569296597637088	569296556691255
569296587219380	569296614209484	569296588396463
569296594005318	569296630788651	569296595292818
569296609892818	569296647366255	569296611130838
569296629188130	569296663982401	569296629863651
569296639783443	569296680499588	569296641412609
569296654827713	569296697081359	569296655530838
569296671220422	569296713651672	569296671935526
569296687010526	569296730254276	569296687758443
569296703338130	569296746814172	569296704550630
569296720110526	569296763393338	569296720767818
569296737535005	569296779950630	569296738218859
569296753890734	569296796541776	569296754565213
569296769756880	569296813102713	569296770501151
569296786573547	569296829683963	569296787518338
569296803133963	569296846257922	569296803838651
569296819656359	569296863131880	569296820403234
569296837179797	569296879701151	569296837863651
569296852963651	569296895984484	569296853689172
569296870778234	569296912555317	569296871495422
569296886218859	569296929137088	569296886951151
569296908352192	569296945715734	569296911391776
569296924408963	569296962287088	569296926595942
569296941876151	569296978885005	569296944604797
569296961200630	569296995465734	569296964084484
569296977316255	569297012040213	569296980161567
569296993304276	569297028619901	569296996133442
569297009384484	569297045180838	569297012207922
569297029966255	569297061750109	569297032707401
569297045855838	569297078323547	569297048620422
569297058660526	569297094913130	569297061373026
569297073784484	569297111480838	569297075987088
569297091451151	569297128119380	569297094616776
569297111917817	569297144631880	569297114694380
569297137254797	569297161212088	569297139988130
569298117658442	569298139269901	569298120493338
569298186524067	569298205573546	569298188867296
569298253116255	569298271886046	569298254858963
569298264958963	569298288446463	569298267658442
569298317646463	569298338204276	569298320412088
569298333249067	569298355119901	569298335955838
569298383328234	569298404517296	569298386206359
569298400091255	569298421091255	569298402772505
569298450957401	569298470857921	569298454070942
569298464968338	569298487415213	569298466244380
569298531936567	569298553723026	569298533218338
569298599366255	569298620066776	569298600616776


16666666
569335470434478	569335500225624	569335471927707
569335477060520	569335516810520	569335478508437
569335494469374	569335533376145	569335495897499
569335512893853	569335549956874	569335514333957
569335531676145	569335566529791	569335532985520
569335545744895	569335583130312	569335547052707
569335562255312	569335599700624	569335563579270
569335580919895	569335616261562	569335582382916
569335599043332	569335632849062	569335600475103
569335614674062	569335649445416	569335616224062
569335633100103	569335666026145	569335634489687
569335689967812	569335715743332	569335690713124
569335715385520	569335732673541	569335716514687
569335740232916	569335765467291	569335741635520
569335743234478	569335782033957	569335744320937
569335743234478	569335798611041	569335744320937
569335787633437	569335815187603	569335788716249
569335789044374	569335831765207	569335789524062
569335804726666	569335848345937	569335805782916
569335821420416	569335864930312	569335822474062
569335838275624	569335881514687	569335839355832
569335855410520	569335898365728	569335856496457
569335872486041	569335914669895	569335873565728
569335889309478	569335931246978	569335891076145
569335906877187	569335947820416	569335908081353
569335925346457	569335964404791	569335926415728
569335939955312	569335980984478	569335941021978
569335956951666	569335997560520	569335958332395
569335974337082	569336014143332	569335975065728
569335990709999	569336030719374	569335991813645
569336006256874	569336047284478	569336007693853
569336023743332	569336063874062	569336024864687
569336040570416	569336080436562	569336042032395
569336069908957	569336097007395	569336071116249
569336073083957	569336113584478	569336074151145
569336088843332	569336130157916	569336089957916
569336104861041	569336146740728	569336105977187
569336120551666	569336163334999	569336121678228
569336137078228	569336179907395	569336137807395
569336157050103	569336196477707	569336157722499
569336173771457	569336213055311	569336174551666
569336187348541	569336229627707	569336188113645
569336204732916	569336246224061	569336205268332
569336268403749	569336295931874	569336269770416
569336270767811	569336312501666	569336271239166
569336286475103	569336329083436	569336287737603
569336301358436	569336345731874	569336303245936
569336318426666	569336362236041	569336319520936
569336339087082	569336378815207	569336340172499
569336351483436	569336395591249	569336352767811
569336368649061	569336411981353	569336369739166
569336386084478	569336428599061	569336387138124
569336404164686	569336445136041	569336404957395
569336418420936	569336461712603	569336419092291
569336437113645	569336478278749	569336437831874
569336453081353	569336494859999	569336453755311
569336470886041	569336511435520	569336471528749
569336486942291	569336528026145	569336487587082
569336503583957	569336544594374	569336504256874
569336538353228	569336561396457	569336539853749
569336550193853	569336577750103	569336551667811
569336552234478	569336594333957	569336553309999
569336571540207	569336610911561	569336573132395
569336589318853	569336627485520	569336590489686
569336603497499	569336644071457	569336604177186
569336621908957	569336660652707	569336622511041
569336644576145	569336677238124	569336646348541
569336652568332	569336693815728	569336654327186
569336671431353	569336710390728	569336673047499
569336688259999	569336726972499	569336689866770
569336703001666	569336743655832	569336704239686
569336718840728	569336760151145	569336719850624
569336735294374	569336776727186	569336735992291
569336753329270	569336793315207	569336753868332
569336770370936	569336809907916	569336771137082
569336786640207	569336826453228	569336787244374
569336829987603	569336859621978	569336830454270
569336854575624	569336876189166	569336855961561
569336869081353	569336892750624	569336870540207
569336870791770	569336909328749	569336872026145
569336886091770	569336926045416	569336887716770
569336900132395	569336942502186	569336901785520
569336917411041	569336959088124	569336918613645
569336935365728	569336975659478	569336936648020
569336965127707	569336992237082	569336966619895
569336979050103	569337008936041	569336980891770
569336990481353	569337025388124	569336992338645
569337000867811	569337041977707	569337002372499
569337019102186	569337058555832	569337020869895
569337035741770	569337075158957	569337037276145
569337050871978	569337091706353	569337051567291
569337067450624	569337108295416	569337068246978
569337084762603	569337124914166	569337085451666
569337100412082	569337141468332	569337101078749
569337120108436	569337158044895	569337120667291
569337137418853	569337174616770	569337138044895
569337150286041	569337191230832	569337150880311
569337167407916	569337207795416	569337168080832
569337184230311	569337224360520	569337184688124
569337200659999	569337240947499	569337201265728
569337217000103	569337257531874	569337217625103
569337234692811	569337274105832	569337235322499
569337254049061	569337290688645	569337254038124
569337268703228	569337307269374	569337269274582
569337285105311	569337323848020	569337285668332
569337302254270	569337340426665	569337302882915
569337318940207	569337356994374	569337319651145
569337334088124	569337373749582	569337334742290
569337351190728	569337390153228	569337351810520
569337367505832	569337406742811	569337368304270
569337385207395	569337423311040	569337385618853
569337399950624	569337439923540	569337400552186
569337418667811	569337456455832	569337419273020
569337439798540	569337473021978	569337440451145
569337448117290	569337489604270	569337448693332
569337497623020	569337522746978	569337500155311
569337499948540	569337539333957	569337501588124
569337514455832	569337555923020	569337516092290
569337529710520	569337572506874	569337531433436
569337547305311	569337589093853	569337548541249
569337564283436	569337605663124	569337565114165
569337580843853	569337622294895	569337581588645
569337598233436	569337638803228	569337598998020
569337619465728	569337655383436	569337620545415
569337630723020	569337671975103	569337631580832
569337646664686	569337688564165	569337647437603
569337664799061	569337705137603	569337665240207


16666666
569346418957393	569346459193331	569346420120935
569346435599060	569346475776664	569346437105831
569346451870414	569346492363643	569346453196456
569346467721977	569346508927185	569346469035518
569346485423539	569346525519893	569346486695414
569346502490727	569346542102706	569346503661560
569346518317289	569346558668852	569346519677185
569346535407914	569346575256352	569346536664164
569346551981872	569346591832914	569346553295414
569346568191768	569346608421456	569346569428747
569346588899060	569346624991768	569346590752706
569346601839685	569346641575622	569346603147497
569346618684997	569346658149060	569346620102706
569346635088643	569346674708435	569346636681872
569346652658956	569346691289685	569346654085518
569346668351664	569346707858956	569346669688122
569346683558435	569346724479789	569346684947497
569346699568331	569346741055831	569346701267289
569346715483435	569346757621977	569346717282393
569346735061039	569346774358435	569346736948539
569346750397497	569346790788122	569346752134997
569346768834477	569346807335518	569346770050102
569346784733956	569346823999060	569346785981352
569346801217810	569346840703227	569346802963122
569346818508956	569346857100102	569346820325622
569346837474581	569346873645935	569346839313122
569346854552706	569346890215727	569346856646977
569346866012081	569346906797497	569346867609997
569346882192289	569346923365206	569346883922497
569346897846456	569346939962081	569346899668852
569346915588122	569346956584477	569346917261039
569346933543331	569346973114685	569346934834477
569346951809997	569346989695935	569346953997497
569346967317810	569347006273018	569346968641768
569346982956352	569347023003747	569346984489164
569346998734477	569347039443331	569346999993852
569347017857393	569347056037602	569347019190206
569347031643852	569347072601143	569347033088643
569347048315727	569347089183435	569347050026143
569347064861039	569347105777185	569347066180310
569347085581872	569347122356351	569347087483956
569347098877185	569347138934997	569347100177185
569347114558435	569347155531872	569347115931872
569347131595935	569347172103226	569347133999581
569347149794893	569347188670414	569347151007914
569347165987081	569347205250101	569347167987601
569347181977706	569347221834997	569347182514685
569347199001664	569347238396456	569347200582914
569347212659997	569347255000622	569347214041768
569347230805831	569347271581872	569347232711039
569347247026143	569347288153226	569347248173539
569347265442289	569347304768851	569347267345414
569347282138122	569347321511560	569347283271456
569347297272497	569347337914685	569347298264685
569347314000101	569347354474060	569347315939685
569347329182393	569347371062601	569347331136560
569347345904268	569347387641768	569347347865726
569347367312081	569347404218331	569347369800622
569347379370935	569347420783435	569347381256872
569347398694372	569347437367289	569347401166247
569347412548539	569347453938643	569347414641768
569347429078747	569347470530310	569347430795414
569347445096976	569347487103747	569347446716768
569347461713643	569347503682393	569347463279789
569347477773018	569347520242810	569347478859476
569347497990726	569347536830831	569347499592810
569347522796456	569347553433956	569347525282914
569347530305310	569347569981872	569347532796456
569347548351143	569347586550101	569347550682393
569347564981872	569347603131351	569347567528226
569347578342289	569347619729268	569347580643851
569347595296976	569347636307393	569347596936560
569347612958956	569347652857393	569347614094893
569347631145414	569347669447497	569347632868331
569347645198018	569347686001664	569347646892289
569347660521456	569347702579268	569347662053226
569347676934997	569347719185518	569347678568331
569347721048539	569347752321456	569347722257914
569347725174060	569347768903747	569347726942289
569347743153226	569347785473018	569347744335518
569347761320414	569347802046456	569347763017289
569347775803747	569347818619372	569347776953226
569347791600622	569347835224060	569347792768331
569347807871976	569347851796456	569347810154268
569347829337601	569347868383435	569347830948018
569347844483956	569347884942289	569347845715206
569347862339164	569347901525622	569347863940206
569347879106351	569347918106351	569347880774060
569347893447497	569347934663122	569347894964164
569347911751143	569347951231872	569347913454789
569347926211039	569347967816768	569347927782393
569347942636560	569347984400622	569347944264164
569347959644372	569348000973539	569347961357393
569347974864164	569348017550622	569347975969893
569347991692289	569348034136039	569347992795414
569348008351143	569348050713122	569348009355831
569348027487601	569348067289164	569348029215206
569348041840206	569348083863643	569348042951143
569348058315206	569348100457393	569348059229268
569348075158956	569348117046976	569348076716768
569348092352706	569348133622497	569348094068331
569348145471456	569348166777706	569348147984997
569348151090206	569348183348018	569348153936039
569348169807393	569348199931872	569348172403226
569348189988122	569348216543851	569348193523018
569348192397497	569348233097497	569348195209997
569348211550101	569348249688122	569348214343851
569348227778747	569348266246976	569348230729789
569348325828747	569348349169372	569348328516768
569348331579268	569348365732393	569348334210518
569348364504268	569348382320414	569348367124580
569348373313122	569348398886560	569348376067289
569348373313122	569348813334476	569348376067289
569348818544893	569348846482393	569348821052705
569348828828226	569348863055310	569348830802705
569348841013643	569348879725622	569348843280830
569348855526664	569348896223018	569348858394372
569348874286560	569348912788122	569348877069372
569348893109476	569348929368851	569348895251664
569348906258435	569348945947497	569348908512601
569348923173539	569348962529789	569348926043851
569350512668330	569350537441768	569350515419893
569350568168851	569350587167288	569350570719893
569350631271976	569350653488643	569350634065205
569350699484476	569350719801663	569350702131351
569350760450622	569350786153226	569350762756351
569350826469893	569350852454268	569350827108955


16666666
569346588899060	569346624991768	569346590752706
569346601839685	569346641575622	569346603147497
569346618684997	569346658149060	569346620102706
569346635088643	569346674708435	569346636681872
569346652658956	569346691289685	569346654085518
569346668351664	569346707858956	569346669688122
569346683558435	569346724479789	569346684947497
569346699568331	569346741055831	569346701267289
569346715483435	569346757621977	569346717282393
569346735061039	569346774358435	569346736948539
569346750397497	569346790788122	569346752134997
569346768834477	569346807335518	569346770050102
569346784733956	569346823999060	569346785981352
569346801217810	569346840703227	569346802963122
569346818508956	569346857100102	569346820325622
569346837474581	569346873645935	569346839313122
569346854552706	569346890215727	569346856646977
569346866012081	569346906797497	569346867609997
569346882192289	569346923365206	569346883922497
569346897846456	569346939962081	569346899668852
569346915588122	569346956584477	569346917261039
569346933543331	569346973114685	569346934834477
569346951809997	569346989695935	569346953997497
569346967317810	569347006273018	569346968641768
569346982956352	569347023003747	569346984489164
569346998734477	569347039443331	569346999993852
569347017857393	569347056037602	569347019190206
569347031643852	569347072601143	569347033088643
569347048315727	569347089183435	569347050026143
569347064861039	569347105777185	569347066180310
569347085581872	569347122356351	569347087483956
569347098877185	569347138934997	569347100177185
569347114558435	569347155531872	569347115931872
569347131595935	569347172103226	569347133999581
569347149794893	569347188670414	569347151007914
569347165987081	569347205250101	569347167987601
569347181977706	569347221834997	569347182514685
569347199001664	569347238396456	569347200582914
569347212659997	569347255000622	569347214041768
569347230805831	569347271581872	569347232711039
569347247026143	569347288153226	569347248173539
569347265442289	569347304768851	569347267345414
569347282138122	569347321511560	569347283271456
569347297272497	569347337914685	569347298264685
569347314000101	569347354474060	569347315939685
569347329182393	569347371062601	569347331136560
569347345904268	569347387641768	569347347865726
569347367312081	569347404218331	569347369800622
569347379370935	569347420783435	569347381256872
569347398694372	569347437367289	569347401166247
569347412548539	569347453938643	569347414641768
569347429078747	569347470530310	569347430795414
569347445096976	569347487103747	569347446716768
569347461713643	569347503682393	569347463279789
569347477773018	569347520242810	569347478859476
569347497990726	569347536830831	569347499592810
569347522796456	569347553433956	569347525282914
569347530305310	569347569981872	569347532796456
569347548351143	569347586550101	569347550682393
569347564981872	569347603131351	569347567528226
569347578342289	569347619729268	569347580643851
569347595296976	569347636307393	569347596936560
569347612958956	569347652857393	569347614094893
569347631145414	569347669447497	569347632868331
569347645198018	569347686001664	569347646892289
569347660521456	569347702579268	569347662053226
569347676934997	569347719185518	569347678568331
569347721048539	569347752321456	569347722257914
569347725174060	569347768903747	569347726942289
569347743153226	569347785473018	569347744335518
569347761320414	569347802046456	569347763017289
569347775803747	569347818619372	569347776953226
569347791600622	569347835224060	569347792768331
569347807871976	569347851796456	569347810154268
569347829337601	569347868383435	569347830948018
569347844483956	569347884942289	569347845715206
569347862339164	569347901525622	569347863940206
569347879106351	569347918106351	569347880774060
569347893447497	569347934663122	569347894964164
569347911751143	569347951231872	569347913454789
569347926211039	569347967816768	569347927782393
569347942636560	569347984400622	569347944264164
569347959644372	569348000973539	569347961357393
569347974864164	569348017550622	569347975969893
569347991692289	569348034136039	569347992795414
569348008351143	569348050713122	569348009355831
569348027487601	569348067289164	569348029215206
569348041840206	569348083863643	569348042951143
569348058315206	569348100457393	569348059229268
569348075158956	569348117046976	569348076716768
569348092352706	569348133622497	569348094068331
569348145471456	569348166777706	569348147984997
569348151090206	569348183348018	569348153936039
569348169807393	569348199931872	569348172403226
569348189988122	569348216543851	569348193523018
569348192397497	569348233097497	569348195209997
569348211550101	569348249688122	569348214343851
569348227778747	569348266246976	569348230729789
569348325828747	569348349169372	569348328516768
569348331579268	569348365732393	569348334210518
569348364504268	569348382320414	569348367124580
569348373313122	569348398886560	569348376067289
569348373313122	569348813334476	569348376067289
569348818544893	569348846482393	569348821052705
569348828828226	569348863055310	569348830802705
569348841013643	569348879725622	569348843280830
569348855526664	569348896223018	569348858394372
569348874286560	569348912788122	569348877069372
569348893109476	569348929368851	569348895251664
569348906258435	569348945947497	569348908512601
569348923173539	569348962529789	569348926043851
569350512668330	569350537441768	569350515419893
569350568168851	569350587167288	569350570719893
569350631271976	569350653488643	569350634065205
569350699484476	569350719801663	569350702131351
569350760450622	569350786153226	569350762756351
569350826469893	569350852454268	569350827108955
569358787901662	569358809749579	569358790839162
569358795574058	569358826368850	569358798294371
569358807976141	569358842917808	569358810575621
569358822809996	569358859506871	569358825376662
569360397214162	569360417840724	569360399994891
569360465379787	569360484158954	569360468136037
569360528265204	569360550437079	569360530181349
569360596258954	569360616743849	569360598338641
569360661379787	569360683053745	569360663621974
569360725457912	569360749344891	569360726000620


16666666
569346588899060	569346624991768	569346590752706
569346601839685	569346641575622	569346603147497
569346618684997	569346658149060	569346620102706
569346635088643	569346674708435	569346636681872
569346652658956	569346691289685	569346654085518
569346668351664	569346707858956	569346669688122
569346683558435	569346724479789	569346684947497
569346699568331	569346741055831	569346701267289
569346715483435	569346757621977	569346717282393
569346735061039	569346774358435	569346736948539
569346750397497	569346790788122	569346752134997
569346768834477	569346807335518	569346770050102
569346784733956	569346823999060	569346785981352
569346801217810	569346840703227	569346802963122
569346818508956	569346857100102	569346820325622
569346837474581	569346873645935	569346839313122
569346854552706	569346890215727	569346856646977
569346866012081	569346906797497	569346867609997
569346882192289	569346923365206	569346883922497
569346897846456	569346939962081	569346899668852
569346915588122	569346956584477	569346917261039
569346933543331	569346973114685	569346934834477
569346951809997	569346989695935	569346953997497
569346967317810	569347006273018	569346968641768
569346982956352	569347023003747	569346984489164
569346998734477	569347039443331	569346999993852
569347017857393	569347056037602	569347019190206
569347031643852	569347072601143	569347033088643
569347048315727	569347089183435	569347050026143
569347064861039	569347105777185	569347066180310
569347085581872	569347122356351	569347087483956
569347098877185	569347138934997	569347100177185
569347114558435	569347155531872	569347115931872
569347131595935	569347172103226	569347133999581
569347149794893	569347188670414	569347151007914
569347165987081	569347205250101	569347167987601
569347181977706	569347221834997	569347182514685
569347199001664	569347238396456	569347200582914
569347212659997	569347255000622	569347214041768
569347230805831	569347271581872	569347232711039
569347247026143	569347288153226	569347248173539
569347265442289	569347304768851	569347267345414
569347282138122	569347321511560	569347283271456
569347297272497	569347337914685	569347298264685
569347314000101	569347354474060	569347315939685
569347329182393	569347371062601	569347331136560
569347345904268	569347387641768	569347347865726
569347367312081	569347404218331	569347369800622
569347379370935	569347420783435	569347381256872
569347398694372	569347437367289	569347401166247
569347412548539	569347453938643	569347414641768
569347429078747	569347470530310	569347430795414
569347445096976	569347487103747	569347446716768
569347461713643	569347503682393	569347463279789
569347477773018	569347520242810	569347478859476
569347497990726	569347536830831	569347499592810
569347522796456	569347553433956	569347525282914
569347530305310	569347569981872	569347532796456
569347548351143	569347586550101	569347550682393
569347564981872	569347603131351	569347567528226
569347578342289	569347619729268	569347580643851
569347595296976	569347636307393	569347596936560
569347612958956	569347652857393	569347614094893
569347631145414	569347669447497	569347632868331
569347645198018	569347686001664	569347646892289
569347660521456	569347702579268	569347662053226
569347676934997	569347719185518	569347678568331
569347721048539	569347752321456	569347722257914
569347725174060	569347768903747	569347726942289
569347743153226	569347785473018	569347744335518
569347761320414	569347802046456	569347763017289
569347775803747	569347818619372	569347776953226
569347791600622	569347835224060	569347792768331
569347807871976	569347851796456	569347810154268
569347829337601	569347868383435	569347830948018
569347844483956	569347884942289	569347845715206
569347862339164	569347901525622	569347863940206
569347879106351	569347918106351	569347880774060
569347893447497	569347934663122	569347894964164
569347911751143	569347951231872	569347913454789
569347926211039	569347967816768	569347927782393
569347942636560	569347984400622	569347944264164
569347959644372	569348000973539	569347961357393
569347974864164	569348017550622	569347975969893
569347991692289	569348034136039	569347992795414
569348008351143	569348050713122	569348009355831
569348027487601	569348067289164	569348029215206
569348041840206	569348083863643	569348042951143
569348058315206	569348100457393	569348059229268
569348075158956	569348117046976	569348076716768
569348092352706	569348133622497	569348094068331
569348145471456	569348166777706	569348147984997
569348151090206	569348183348018	569348153936039
569348169807393	569348199931872	569348172403226
569348189988122	569348216543851	569348193523018
569348192397497	569348233097497	569348195209997
569348211550101	569348249688122	569348214343851
569348227778747	569348266246976	569348230729789
569348325828747	569348349169372	569348328516768
569348331579268	569348365732393	569348334210518
569348364504268	569348382320414	569348367124580
569348373313122	569348398886560	569348376067289
569348373313122	569348813334476	569348376067289
569348818544893	569348846482393	569348821052705
569348828828226	569348863055310	569348830802705
569348841013643	569348879725622	569348843280830
569348855526664	569348896223018	569348858394372
569348874286560	569348912788122	569348877069372
569348893109476	569348929368851	569348895251664
569348906258435	569348945947497	569348908512601
569348923173539	569348962529789	569348926043851
569350512668330	569350537441768	569350515419893
569350568168851	569350587167288	569350570719893
569350631271976	569350653488643	569350634065205
569350699484476	569350719801663	569350702131351
569350760450622	569350786153226	569350762756351
569350826469893	569350852454268	569350827108955
569358787901662	569358809749579	569358790839162
569358795574058	569358826368850	569358798294371
569358807976141	569358842917808	569358810575621
569358822809996	569358859506871	569358825376662
569360397214162	569360417840724	569360399994891
569360465379787	569360484158954	569360468136037
569360528265204	569360550437079	569360530181349
569360596258954	569360616743849	569360598338641
569360661379787	569360683053745	569360663621974
569360725457912	569360749344891	569360726000620


16666666
569346588899060	569346624991768	569346590752706
569346601839685	569346641575622	569346603147497
569346618684997	569346658149060	569346620102706
569346635088643	569346674708435	569346636681872
569346652658956	569346691289685	569346654085518
569346668351664	569346707858956	569346669688122
569346683558435	569346724479789	569346684947497
569346699568331	569346741055831	569346701267289
569346715483435	569346757621977	569346717282393
569346735061039	569346774358435	569346736948539
569346750397497	569346790788122	569346752134997
569346768834477	569346807335518	569346770050102
569346784733956	569346823999060	569346785981352
569346801217810	569346840703227	569346802963122
569346818508956	569346857100102	569346820325622
569346837474581	569346873645935	569346839313122
569346854552706	569346890215727	569346856646977
569346866012081	569346906797497	569346867609997
569346882192289	569346923365206	569346883922497
569346897846456	569346939962081	569346899668852
569346915588122	569346956584477	569346917261039
569346933543331	569346973114685	569346934834477
569346951809997	569346989695935	569346953997497
569346967317810	569347006273018	569346968641768
569346982956352	569347023003747	569346984489164
569346998734477	569347039443331	569346999993852
569347017857393	569347056037602	569347019190206
569347031643852	569347072601143	569347033088643
569347048315727	569347089183435	569347050026143
569347064861039	569347105777185	569347066180310
569347085581872	569347122356351	569347087483956
569347098877185	569347138934997	569347100177185
569347114558435	569347155531872	569347115931872
569347131595935	569347172103226	569347133999581
569347149794893	569347188670414	569347151007914
569347165987081	569347205250101	569347167987601
569347181977706	569347221834997	569347182514685
569347199001664	569347238396456	569347200582914
569347212659997	569347255000622	569347214041768
569347230805831	569347271581872	569347232711039
569347247026143	569347288153226	569347248173539
569347265442289	569347304768851	569347267345414
569347282138122	569347321511560	569347283271456
569347297272497	569347337914685	569347298264685
569347314000101	569347354474060	569347315939685
569347329182393	569347371062601	569347331136560
569347345904268	569347387641768	569347347865726
569347367312081	569347404218331	569347369800622
569347379370935	569347420783435	569347381256872
569347398694372	569347437367289	569347401166247
569347412548539	569347453938643	569347414641768
569347429078747	569347470530310	569347430795414
569347445096976	569347487103747	569347446716768
569347461713643	569347503682393	569347463279789
569347477773018	569347520242810	569347478859476
569347497990726	569347536830831	569347499592810
569347522796456	569347553433956	569347525282914
569347530305310	569347569981872	569347532796456
569347548351143	569347586550101	569347550682393
569347564981872	569347603131351	569347567528226
569347578342289	569347619729268	569347580643851
569347595296976	569347636307393	569347596936560
569347612958956	569347652857393	569347614094893
569347631145414	569347669447497	569347632868331
569347645198018	569347686001664	569347646892289
569347660521456	569347702579268	569347662053226
569347676934997	569347719185518	569347678568331
569347721048539	569347752321456	569347722257914
569347725174060	569347768903747	569347726942289
569347743153226	569347785473018	569347744335518
569347761320414	569347802046456	569347763017289
569347775803747	569347818619372	569347776953226
569347791600622	569347835224060	569347792768331
569347807871976	569347851796456	569347810154268
569347829337601	569347868383435	569347830948018
569347844483956	569347884942289	569347845715206
569347862339164	569347901525622	569347863940206
569347879106351	569347918106351	569347880774060
569347893447497	569347934663122	569347894964164
569347911751143	569347951231872	569347913454789
569347926211039	569347967816768	569347927782393
569347942636560	569347984400622	569347944264164
569347959644372	569348000973539	569347961357393
569347974864164	569348017550622	569347975969893
569347991692289	569348034136039	569347992795414
569348008351143	569348050713122	569348009355831
569348027487601	569348067289164	569348029215206
569348041840206	569348083863643	569348042951143
569348058315206	569348100457393	569348059229268
569348075158956	569348117046976	569348076716768
569348092352706	569348133622497	569348094068331
569348145471456	569348166777706	569348147984997
569348151090206	569348183348018	569348153936039
569348169807393	569348199931872	569348172403226
569348189988122	569348216543851	569348193523018
569348192397497	569348233097497	569348195209997
569348211550101	569348249688122	569348214343851
569348227778747	569348266246976	569348230729789
569348325828747	569348349169372	569348328516768
569348331579268	569348365732393	569348334210518
569348364504268	569348382320414	569348367124580
569348373313122	569348398886560	569348376067289
569348373313122	569348813334476	569348376067289
569348818544893	569348846482393	569348821052705
569348828828226	569348863055310	569348830802705
569348841013643	569348879725622	569348843280830
569348855526664	569348896223018	569348858394372
569348874286560	569348912788122	569348877069372
569348893109476	569348929368851	569348895251664
569348906258435	569348945947497	569348908512601
569348923173539	569348962529789	569348926043851
569350512668330	569350537441768	569350515419893
569350568168851	569350587167288	569350570719893
569350631271976	569350653488643	569350634065205
569350699484476	569350719801663	569350702131351
569350760450622	569350786153226	569350762756351
569350826469893	569350852454268	569350827108955
569358787901662	569358809749579	569358790839162
569358795574058	569358826368850	569358798294371
569358807976141	569358842917808	569358810575621
569358822809996	569358859506871	569358825376662
569360397214162	569360417840724	569360399994891
569360465379787	569360484158954	569360468136037
569360528265204	569360550437079	569360530181349
569360596258954	569360616743849	569360598338641
569360661379787	569360683053745	569360663621974
569360725457912	569360749344891	569360726000620


16666666
569436673141754	569436705842275	569436674740192
569436686242796	569436722142796	569436687846442
569436706514671	569436738664671	569436708197484
569436722034463	569436755223525	569436723855296
569436738020400	569436771807900	569436739151650
569436752155817	569436788392275	569436753599046
569436785346442	569436804954254	569436786899567
569436800076129	569436821530296	569436801828213
569436811090713	569436838151129	569436812621963
569436815053213	569436854705817	569436815967275
569436838449567	569436871267275	569436839979775
569436855241754	569436887843317	569436856842275
569436865561025	569436904429254	569436867078734
569436891931338	569436921019879	569436893204775
569436897725609	569436937583421	569436899227692
569436922307900	569436954173525	569436923799046
569436941080817	569436970742275	569436942521963
569436948348004	569436987333421	569436949787588
569436972361025	569437003914150	569436973781859
569436980167796	569437020494879	569436981416234
569437008898004	569437037066234	569437010065713
569437012774567	569437053657900	569437014238109
569437040068317	569437070232900	569437041590192
569437047096442	569437086806338	569437048507900
569437071434984	569437103396442	569437072845921
569437087512588	569437119978734	569437088937588
569437096680817	569437136538109	569437098155296
569437122829775	569437153136025	569437124266754
569437129949567	569437169715192	569437131527692
569437153569879	569437186281338	569437155073525
569437170789671	569437202865713	569437172207900
569437179959463	569437219453734	569437181286546
569437206570400	569437236028213	569437208083942
569437213371442	569437252628213	569437214924046
569437240021963	569437269183421	569437241564150
569437270180817	569437285763629	569437271587067
569437288651650	569437318931859	569437290079254
569437295062067	569437335500609	569437296473004
569437335173525	569437352071963	569437336600088
569437359706338	569437385243838	569437360954775
569437381617275	569437401823525	569437382538629
569437401544359	569437418392275	569437402553213
569437415028734	569437434969879	569437415968317
569437431256338	569437451545921	569437432291234
569437450248004	569437468124567	569437451172484
569437463586025	569437484682900	569437464492275
569437481627692	569437501279254	569437482539671
569437496380817	569437517845921	569437497283421
569437513590192	569437534421442	569437514502171
569437532225609	569437550995921	569437533140713
569437546258942	569437567577692	569437547773525
569437563451129	569437584161025	569437564377692
569437581938109	569437600730296	569437582852692
569437595593838	569437617291234	569437596533421
569437614007900	569437633866754	569437614932900
569437629598525	569437650444879	569437630498525
569437646477171	569437667014671	569437647391234
569437659198525	569437683593838	569437660364671
569437674985504	569437700170400	569437675808421
569437691918317	569437716744879	569437692818838
569437709024567	569437733326129	569437709924046
569437727005817	569437749895400	569437727954775
569437742644879	569437766476650	569437743576129
569437759721442	569437783054254	569437760620921
569437778234983	569437799634983	569437779161546
569437794260504	569437816211546	569437795148525
569437811527171	569437832796963	569437812464150
569437828577171	569437849458421	569437829550088
569437845243317	569437865954254	569437846344358
569437864089671	569437882524567	569437865259463
569437878380817	569437899098525	569437879555296
569437894964150	569437915677692	569437895991233
569437910896963	569437932274567	569437912119879
569437928287588	569437948838108	569437929219358
569437944231338	569437965415192	569437945159983
569437961336546	569437981983942	569437962302171
569437977077692	569437998558942	569437978016233
569437993450088	569438015142275	569437994387067
569438010032900	569438031713629	569438010982900
569438026790192	569438048296963	569438028911025
569438043453733	569438064883942	569438044438629
569438061214671	569438081473004	569438062840192
569438080299567	569438098039671	569438081327692
569438094060504	569438114605296	569438094963108
569438109823004	569438131182900	569438110734983
569438126647483	569438147759463	569438127600608
569438143471442	569438164348525	569438144970921
569438160379254	569438180931858	569438161834983
569438176475608	569438197500088	569438178146963
569438193594879	569438214053733	569438195065192
569438211579775	569438230650608	569438213072483
569438228729775	569438247416233	569438229699567
569438244501650	569438263783421	569438245967796
569438262603733	569438280358942	569438263619879
569438284306338	569438313500088	569438285751129
569438290567796	569438330070921	569438291973525
569438309458942	569438346642796	569438310723004
569438323197483	569438363226129	569438324644358
569438339889671	569438379793317	569438341322483
569438356423004	569438396387067	569438357856858
569438372827692	569438412959983	569438376035504
569438389504775	569438429511546	569438391033942
569438409433942	569438446112067	569438410811546
569438428594879	569438462695400	569438429976650
569438445042796	569438479268317	569438446234463
569438462042275	569438495850608	569438463533942
569438480824046	569438512445921	569438482142275
569438493789150	569438528975088	569438495213629
569438512742796	569438545586025	569438514278733
569438526198525	569438562160504	569438527675088
569438544251129	569438578754775	569438545506858
569438564327692	569438595296963	569438565730296
569438588388108	569438611870400	569438589901129
569438614105296	569438645009983	569438615609983
569438629624567	569438661600608	569438631198525
569438642352171	569438678163629	569438643856338
569438657061025	569438694732900	569438658548004
569438671619358	569438711308421	569438673087067
569438688803733	569438727901129	569438690173525
569438706039671	569438744456338	569438707318317
569438723946963	569438761059983	569438725316754
569438740634463	569438777628213	569438742004254
569438762019879	569438794224046	569438764079254
569438775179254	569438810792275	569438776572483
569438795056858	569438827366754	569438796575608
569438808461546	569438843961025	569438809929254
569438825909983	569438860520921	569438827359463


16666666
569449262576648	569449303277690	569449263882898
569449278648003	569449319850607	569449280989148
569449298988107	569449336404253	569449301063628
569449317486544	569449352997482	569449319016753
569449327400607	569449369576128	569449328841753
569449344440190	569449386157378	569449346323523
569449362220919	569449402736023	569449363548523
569449379374565	569449419312065	569449381046961
569449395106857	569449435885503	569449396482898
569449414678732	569449452472482	569449416568836
569449430026648	569449469027169	569449431936023
569449450623003	569449485607898	569449452646440
569449463450607	569449502170398	569449464907898
569449478634461	569449518753211	569449479964669
569449494249044	569449535330294	569449495653211
569449513428211	569449551903211	569449515116753
569449528209982	569449568482898	569449530239669
569449543979773	569449585053732	569449545333419
569449560586544	569449601642273	569449561945919
569449579324044	569449618216753	569449580576128
569449593561023	569449634791753	569449594944878
569449610373003	569449651376648	569449612190711
569449628496961	569449667935503	569449630145919
569449649373003	569449684516232	569449651314669
569449661093315	569449701089669	569449662471440
569449675561023	569449717662586	569449676979253
569449694439148	569449734244878	569449695817794
569449711959461	569449750822482	569449713090711
569449726176128	569449767395398	569449727556857
569449740865711	569449783995919	569449742296440
569449758432898	569449800564669	569449759818836
569449778951648	569449817129773	569449780639669
569449791488627	569449834013107	569449792748523
569449807577690	569449850302169	569449809448002
569449825107377	569449866883940	569449826677169
569449843315711	569449883457377	569449845173523
569449860895919	569449900036023	569449862512065
569449875437586	569449916609461	569449876670919
569449891818836	569449933330294	569449893205815
569449909451127	569449949766752	569449911060502
569449928880294	569449966341232	569449930821961
569449944339148	569449982921440	569449946561544
569449959661544	569449999501648	569449961466752
569449978174565	569450016077690	569449980178211
569449995280294	569450032649044	569449996974565
569450009687586	569450049225607	569450011356857
569450025783940	569450065820398	569450027458940
569450044171440	569450082388107	569450045508940
569450062390711	569450098961544	569450063459461
569450075693315	569450115524044	569450077500607
569450091682898	569450132135502	569450093667273
569450111480294	569450148709461	569450113728732
569450150026648	569450165284982	569450151852690
569450165138627	569450181853211	569450167147482
569450171188627	569450198429773	569450173299044
569450179600086	569450215006857	569450181566232
569450190714148	569450231578732	569450192692273
569450206773002	569450248158940	569450208105294
569450223478732	569450264750607	569450224846440
569450239915190	569450281326648	569450242270919
569450260790711	569450297899044	569450261914669
569450273523523	569450314491752	569450274979773
569450303298002	569450331056857	569450305540190
569450311857898	569450347626648	569450314311023
569450324548523	569450364207377	569450327076648
569450342504252	569450380823523	569450344922482
569450355683940	569450397369357	569450358142273
569450373242794	569450413950086	569450375366232
569450389179773	569450430511023	569450390780294
569450405609982	569450447170398	569450408840190
569450421162065	569450463674044	569450422265190
569450439676648	569450480266752	569450442317794
569450471003732	569450496816752	569450472937065
569450474402690	569450513396440	569450476233419
569450490380294	569450530365711	569450492759461
569450507488627	569450546559982	569450509930294
569450522128732	569450563133940	569450524373002
569450538801648	569450579719357	569450540591232
569450554812586	569450596300086	569450555898002
569450570574044	569450612890190	569450571632898
569450588512065	569450629467273	569450589932898
569450609315711	569450646045398	569450610993836
569450621144877	569450662609982	569450622438627
569450638816232	569450679199565	569450640583419
569450658704252	569450695767273	569450660369877
569450671403732	569450712357898	569450673033940
569450687372482	569450728933940	569450689609461
569450706910502	569450745493836	569450708670919
569450721165711	569450762088107	569450722542794
569450741648523	569450778668836	569450743388107
569450754158940	569450795277690	569450755876127
569450771630294	569450811824044	569450773367273
569450789584461	569450828395398	569450790786544
569450806954252	569450844962586	569450809075607
569450820716232	569450861532377	569450822481336
569450837953211	569450878162586	569450839551648
569450852873523	569450894694356	569450854059461
569450871521440	569450911302690	569450873255294
569450890188627	569450927869356	569450891282377
569450902057377	569450944411544	569450903101127
569450924217273	569450960986023	569450925743836
569450937506336	569450977602169	569450938254773
569450954462586	569450994157898	569450956321961
569450983321961	569451010730294	569450986866231
569450985581336	569451027306856	569450988512586
569451118926648	569451143344356	569451121634461
569451126668836	569451159934461	569451129454773
569451146821440	569451176566752	569451149789669
569451152434461	569451193072481	569451155212065
569451201049565	569451226238627	569451203692273
569451207106336	569451242837065	569451209901127
569452071921960	569452088285502	569452074027169
569452088908940	569452104844877	569452091236544
569452088908940	569452137996440	569452091236544
569452136927169	569452154556335	569452139759981
569452147489669	569452171131856	569452149574565
569452154544877	569452187715710	569452156711023
569452163901127	569452204308940	569452166780815
569452197426648	569452220855294	569452200158419
569452203301127	569452237430294	569452206106335
569452213977690	569452254032898	569452216713627
569453809528210	569453828882898	569453812338106
569453873590710	569453895193314	569453876362585
569453939568835	569453961452169	569453942365710
569454007306856	569454027781856	569454010100085
569454070951127	569454094092794	569454073223523
569454136201127	569454160387585	569454136631335


16666666
569449430026648	569449469027169	569449431936023
569449450623003	569449485607898	569449452646440
569449463450607	569449502170398	569449464907898
569449478634461	569449518753211	569449479964669
569449494249044	569449535330294	569449495653211
569449513428211	569449551903211	569449515116753
569449528209982	569449568482898	569449530239669
569449543979773	569449585053732	569449545333419
569449560586544	569449601642273	569449561945919
569449579324044	569449618216753	569449580576128
569449593561023	569449634791753	569449594944878
569449610373003	569449651376648	569449612190711
569449628496961	569449667935503	569449630145919
569449649373003	569449684516232	569449651314669
569449661093315	569449701089669	569449662471440
569449675561023	569449717662586	569449676979253
569449694439148	569449734244878	569449695817794
569449711959461	569449750822482	569449713090711
569449726176128	569449767395398	569449727556857
569449740865711	569449783995919	569449742296440
569449758432898	569449800564669	569449759818836
569449778951648	569449817129773	569449780639669
569449791488627	569449834013107	569449792748523
569449807577690	569449850302169	569449809448002
569449825107377	569449866883940	569449826677169
569449843315711	569449883457377	569449845173523
569449860895919	569449900036023	569449862512065
569449875437586	569449916609461	569449876670919
569449891818836	569449933330294	569449893205815
569449909451127	569449949766752	569449911060502
569449928880294	569449966341232	569449930821961
569449944339148	569449982921440	569449946561544
569449959661544	569449999501648	569449961466752
569449978174565	569450016077690	569449980178211
569449995280294	569450032649044	569449996974565
569450009687586	569450049225607	569450011356857
569450025783940	569450065820398	569450027458940
569450044171440	569450082388107	569450045508940
569450062390711	569450098961544	569450063459461
569450075693315	569450115524044	569450077500607
569450091682898	569450132135502	569450093667273
569450111480294	569450148709461	569450113728732
569450150026648	569450165284982	569450151852690
569450165138627	569450181853211	569450167147482
569450171188627	569450198429773	569450173299044
569450179600086	569450215006857	569450181566232
569450190714148	569450231578732	569450192692273
569450206773002	569450248158940	569450208105294
569450223478732	569450264750607	569450224846440
569450239915190	569450281326648	569450242270919
569450260790711	569450297899044	569450261914669
569450273523523	569450314491752	569450274979773
569450303298002	569450331056857	569450305540190
569450311857898	569450347626648	569450314311023
569450324548523	569450364207377	569450327076648
569450342504252	569450380823523	569450344922482
569450355683940	569450397369357	569450358142273
569450373242794	569450413950086	569450375366232
569450389179773	569450430511023	569450390780294
569450405609982	569450447170398	569450408840190
569450421162065	569450463674044	569450422265190
569450439676648	569450480266752	569450442317794
569450471003732	569450496816752	569450472937065
569450474402690	569450513396440	569450476233419
569450490380294	569450530365711	569450492759461
569450507488627	569450546559982	569450509930294
569450522128732	569450563133940	569450524373002
569450538801648	569450579719357	569450540591232
569450554812586	569450596300086	569450555898002
569450570574044	569450612890190	569450571632898
569450588512065	569450629467273	569450589932898
569450609315711	569450646045398	569450610993836
569450621144877	569450662609982	569450622438627
569450638816232	569450679199565	569450640583419
569450658704252	569450695767273	569450660369877
569450671403732	569450712357898	569450673033940
569450687372482	569450728933940	569450689609461
569450706910502	569450745493836	569450708670919
569450721165711	569450762088107	569450722542794
569450741648523	569450778668836	569450743388107
569450754158940	569450795277690	569450755876127
569450771630294	569450811824044	569450773367273
569450789584461	569450828395398	569450790786544
569450806954252	569450844962586	569450809075607
569450820716232	569450861532377	569450822481336
569450837953211	569450878162586	569450839551648
569450852873523	569450894694356	569450854059461
569450871521440	569450911302690	569450873255294
569450890188627	569450927869356	569450891282377
569450902057377	569450944411544	569450903101127
569450924217273	569450960986023	569450925743836
569450937506336	569450977602169	569450938254773
569450954462586	569450994157898	569450956321961
569450983321961	569451010730294	569450986866231
569450985581336	569451027306856	569450988512586
569451118926648	569451143344356	569451121634461
569451126668836	569451159934461	569451129454773
569451146821440	569451176566752	569451149789669
569451152434461	569451193072481	569451155212065
569451201049565	569451226238627	569451203692273
569451207106336	569451242837065	569451209901127
569452071921960	569452088285502	569452074027169
569452088908940	569452104844877	569452091236544
569452088908940	569452137996440	569452091236544
569452136927169	569452154556335	569452139759981
569452147489669	569452171131856	569452149574565
569452154544877	569452187715710	569452156711023
569452163901127	569452204308940	569452166780815
569452197426648	569452220855294	569452200158419
569452203301127	569452237430294	569452206106335
569452213977690	569452254032898	569452216713627
569453809528210	569453828882898	569453812338106
569453873590710	569453895193314	569453876362585
569453939568835	569453961452169	569453942365710
569454007306856	569454027781856	569454010100085
569454070951127	569454094092794	569454073223523
569454136201127	569454160387585	569454136631335
569461422212063	569461437404251	569461424789667
569461429634459	569461453991751	569461432503730
569461444907897	569461470540188	569461447190709
569461452129772	569461487111022	569461454624042
569463049419875	569463078417792	569463052191750
569463104647480	569463128124042	569463107511021
569463171204771	569463194455813	569463173604250
569463237124563	569463260754771	569463239424042
569463305662063	569463327082896	569463307805813
569463368131855	569463393415188	569463369142792


16666666
569449430026648	569449469027169	569449431936023
569449450623003	569449485607898	569449452646440
569449463450607	569449502170398	569449464907898
569449478634461	569449518753211	569449479964669
569449494249044	569449535330294	569449495653211
569449513428211	569449551903211	569449515116753
569449528209982	569449568482898	569449530239669
569449543979773	569449585053732	569449545333419
569449560586544	569449601642273	569449561945919
569449579324044	569449618216753	569449580576128
569449593561023	569449634791753	569449594944878
569449610373003	569449651376648	569449612190711
569449628496961	569449667935503	569449630145919
569449649373003	569449684516232	569449651314669
569449661093315	569449701089669	569449662471440
569449675561023	569449717662586	569449676979253
569449694439148	569449734244878	569449695817794
569449711959461	569449750822482	569449713090711
569449726176128	569449767395398	569449727556857
569449740865711	569449783995919	569449742296440
569449758432898	569449800564669	569449759818836
569449778951648	569449817129773	569449780639669
569449791488627	569449834013107	569449792748523
569449807577690	569449850302169	569449809448002
569449825107377	569449866883940	569449826677169
569449843315711	569449883457377	569449845173523
569449860895919	569449900036023	569449862512065
569449875437586	569449916609461	569449876670919
569449891818836	569449933330294	569449893205815
569449909451127	569449949766752	569449911060502
569449928880294	569449966341232	569449930821961
569449944339148	569449982921440	569449946561544
569449959661544	569449999501648	569449961466752
569449978174565	569450016077690	569449980178211
569449995280294	569450032649044	569449996974565
569450009687586	569450049225607	569450011356857
569450025783940	569450065820398	569450027458940
569450044171440	569450082388107	569450045508940
569450062390711	569450098961544	569450063459461
569450075693315	569450115524044	569450077500607
569450091682898	569450132135502	569450093667273
569450111480294	569450148709461	569450113728732
569450150026648	569450165284982	569450151852690
569450165138627	569450181853211	569450167147482
569450171188627	569450198429773	569450173299044
569450179600086	569450215006857	569450181566232
569450190714148	569450231578732	569450192692273
569450206773002	569450248158940	569450208105294
569450223478732	569450264750607	569450224846440
569450239915190	569450281326648	569450242270919
569450260790711	569450297899044	569450261914669
569450273523523	569450314491752	569450274979773
569450303298002	569450331056857	569450305540190
569450311857898	569450347626648	569450314311023
569450324548523	569450364207377	569450327076648
569450342504252	569450380823523	569450344922482
569450355683940	569450397369357	569450358142273
569450373242794	569450413950086	569450375366232
569450389179773	569450430511023	569450390780294
569450405609982	569450447170398	569450408840190
569450421162065	569450463674044	569450422265190
569450439676648	569450480266752	569450442317794
569450471003732	569450496816752	569450472937065
569450474402690	569450513396440	569450476233419
569450490380294	569450530365711	569450492759461
569450507488627	569450546559982	569450509930294
569450522128732	569450563133940	569450524373002
569450538801648	569450579719357	569450540591232
569450554812586	569450596300086	569450555898002
569450570574044	569450612890190	569450571632898
569450588512065	569450629467273	569450589932898
569450609315711	569450646045398	569450610993836
569450621144877	569450662609982	569450622438627
569450638816232	569450679199565	569450640583419
569450658704252	569450695767273	569450660369877
569450671403732	569450712357898	569450673033940
569450687372482	569450728933940	569450689609461
569450706910502	569450745493836	569450708670919
569450721165711	569450762088107	569450722542794
569450741648523	569450778668836	569450743388107
569450754158940	569450795277690	569450755876127
569450771630294	569450811824044	569450773367273
569450789584461	569450828395398	569450790786544
569450806954252	569450844962586	569450809075607
569450820716232	569450861532377	569450822481336
569450837953211	569450878162586	569450839551648
569450852873523	569450894694356	569450854059461
569450871521440	569450911302690	569450873255294
569450890188627	569450927869356	569450891282377
569450902057377	569450944411544	569450903101127
569450924217273	569450960986023	569450925743836
569450937506336	569450977602169	569450938254773
569450954462586	569450994157898	569450956321961
569450983321961	569451010730294	569450986866231
569450985581336	569451027306856	569450988512586
569451118926648	569451143344356	569451121634461
569451126668836	569451159934461	569451129454773
569451146821440	569451176566752	569451149789669
569451152434461	569451193072481	569451155212065
569451201049565	569451226238627	569451203692273
569451207106336	569451242837065	569451209901127
569452071921960	569452088285502	569452074027169
569452088908940	569452104844877	569452091236544
569452088908940	569452137996440	569452091236544
569452136927169	569452154556335	569452139759981
569452147489669	569452171131856	569452149574565
569452154544877	569452187715710	569452156711023
569452163901127	569452204308940	569452166780815
569452197426648	569452220855294	569452200158419
569452203301127	569452237430294	569452206106335
569452213977690	569452254032898	569452216713627
569453809528210	569453828882898	569453812338106
569453873590710	569453895193314	569453876362585
569453939568835	569453961452169	569453942365710
569454007306856	569454027781856	569454010100085
569454070951127	569454094092794	569454073223523
569454136201127	569454160387585	569454136631335
569461422212063	569461437404251	569461424789667
569461429634459	569461453991751	569461432503730
569461444907897	569461470540188	569461447190709
569461452129772	569461487111022	569461454624042
569463049419875	569463078417792	569463052191750
569463104647480	569463128124042	569463107511021
569463171204771	569463194455813	569463173604250
569463237124563	569463260754771	569463239424042
569463305662063	569463327082896	569463307805813
569463368131855	569463393415188	569463369142792


16666666
569449430026648	569449469027169	569449431936023
569449450623003	569449485607898	569449452646440
569449463450607	569449502170398	569449464907898
569449478634461	569449518753211	569449479964669
569449494249044	569449535330294	569449495653211
569449513428211	569449551903211	569449515116753
569449528209982	569449568482898	569449530239669
569449543979773	569449585053732	569449545333419
569449560586544	569449601642273	569449561945919
569449579324044	569449618216753	569449580576128
569449593561023	569449634791753	569449594944878
569449610373003	569449651376648	569449612190711
569449628496961	569449667935503	569449630145919
569449649373003	569449684516232	569449651314669
569449661093315	569449701089669	569449662471440
569449675561023	569449717662586	569449676979253
569449694439148	569449734244878	569449695817794
569449711959461	569449750822482	569449713090711
569449726176128	569449767395398	569449727556857
569449740865711	569449783995919	569449742296440
569449758432898	569449800564669	569449759818836
569449778951648	569449817129773	569449780639669
569449791488627	569449834013107	569449792748523
569449807577690	569449850302169	569449809448002
569449825107377	569449866883940	569449826677169
569449843315711	569449883457377	569449845173523
569449860895919	569449900036023	569449862512065
569449875437586	569449916609461	569449876670919
569449891818836	569449933330294	569449893205815
569449909451127	569449949766752	569449911060502
569449928880294	569449966341232	569449930821961
569449944339148	569449982921440	569449946561544
569449959661544	569449999501648	569449961466752
569449978174565	569450016077690	569449980178211
569449995280294	569450032649044	569449996974565
569450009687586	569450049225607	569450011356857
569450025783940	569450065820398	569450027458940
569450044171440	569450082388107	569450045508940
569450062390711	569450098961544	569450063459461
569450075693315	569450115524044	569450077500607
569450091682898	569450132135502	569450093667273
569450111480294	569450148709461	569450113728732
569450150026648	569450165284982	569450151852690
569450165138627	569450181853211	569450167147482
569450171188627	569450198429773	569450173299044
569450179600086	569450215006857	569450181566232
569450190714148	569450231578732	569450192692273
569450206773002	569450248158940	569450208105294
569450223478732	569450264750607	569450224846440
569450239915190	569450281326648	569450242270919
569450260790711	569450297899044	569450261914669
569450273523523	569450314491752	569450274979773
569450303298002	569450331056857	569450305540190
569450311857898	569450347626648	569450314311023
569450324548523	569450364207377	569450327076648
569450342504252	569450380823523	569450344922482
569450355683940	569450397369357	569450358142273
569450373242794	569450413950086	569450375366232
569450389179773	569450430511023	569450390780294
569450405609982	569450447170398	569450408840190
569450421162065	569450463674044	569450422265190
569450439676648	569450480266752	569450442317794
569450471003732	569450496816752	569450472937065
569450474402690	569450513396440	569450476233419
569450490380294	569450530365711	569450492759461
569450507488627	569450546559982	569450509930294
569450522128732	569450563133940	569450524373002
569450538801648	569450579719357	569450540591232
569450554812586	569450596300086	569450555898002
569450570574044	569450612890190	569450571632898
569450588512065	569450629467273	569450589932898
569450609315711	569450646045398	569450610993836
569450621144877	569450662609982	569450622438627
569450638816232	569450679199565	569450640583419
569450658704252	569450695767273	569450660369877
569450671403732	569450712357898	569450673033940
569450687372482	569450728933940	569450689609461
569450706910502	569450745493836	569450708670919
569450721165711	569450762088107	569450722542794
569450741648523	569450778668836	569450743388107
569450754158940	569450795277690	569450755876127
569450771630294	569450811824044	569450773367273
569450789584461	569450828395398	569450790786544
569450806954252	569450844962586	569450809075607
569450820716232	569450861532377	569450822481336
569450837953211	569450878162586	569450839551648
569450852873523	569450894694356	569450854059461
569450871521440	569450911302690	569450873255294
569450890188627	569450927869356	569450891282377
569450902057377	569450944411544	569450903101127
569450924217273	569450960986023	569450925743836
569450937506336	569450977602169	569450938254773
569450954462586	569450994157898	569450956321961
569450983321961	569451010730294	569450986866231
569450985581336	569451027306856	569450988512586
569451118926648	569451143344356	569451121634461
569451126668836	569451159934461	569451129454773
569451146821440	569451176566752	569451149789669
569451152434461	569451193072481	569451155212065
569451201049565	569451226238627	569451203692273
569451207106336	569451242837065	569451209901127
569452071921960	569452088285502	569452074027169
569452088908940	569452104844877	569452091236544
569452088908940	569452137996440	569452091236544
569452136927169	569452154556335	569452139759981
569452147489669	569452171131856	569452149574565
569452154544877	569452187715710	569452156711023
569452163901127	569452204308940	569452166780815
569452197426648	569452220855294	569452200158419
569452203301127	569452237430294	569452206106335
569452213977690	569452254032898	569452216713627
569453809528210	569453828882898	569453812338106
569453873590710	569453895193314	569453876362585
569453939568835	569453961452169	569453942365710
569454007306856	569454027781856	569454010100085
569454070951127	569454094092794	569454073223523
569454136201127	569454160387585	569454136631335
569461422212063	569461437404251	569461424789667
569461429634459	569461453991751	569461432503730
569461444907897	569461470540188	569461447190709
569461452129772	569461487111022	569461454624042
569463049419875	569463078417792	569463052191750
569463104647480	569463128124042	569463107511021
569463171204771	569463194455813	569463173604250
569463237124563	569463260754771	569463239424042
569463305662063	569463327082896	569463307805813
569463368131855	569463393415188	569463369142792


16666666
569463049419875	569463078417792	569463052191750
569463104647480	569463128124042	569463107511021
569463171204771	569463194455813	569463173604250
569463237124563	569463260754771	569463239424042
569463305662063	569463327082896	569463307805813
569463368131855	569463393415188	569463369142792
569534974328198	569534998030802	569534975375594
569534987788614	569535014616219	569534989105802
569535003538094	569535031191219	569535005214135
569535022168302	569535047764656	569535023889656
569535038235489	569535064332885	569535039972469
569535054681323	569535080918823	569535056379239
569535071560489	569535097500594	569535073413614
569535087643823	569535114086531	569535089287052
569535104220906	569535130678719	569535106025594
569535121056844	569535147271427	569535122792781
569535138028719	569535163846948	569535139962052
569535154526114	569535180416219	569535156326635
569535171207364	569535196999552	569535172966219
569535187547469	569535213563094	569535189309969
569535204523510	569535230154239	569535206318302
569535220529760	569535246753719	569535222436010
569535237151114	569535263367260	569535239021948
569535254628719	569535279897469	569535256444864
569535270151114	569535296499031	569535271975073
569535286761010	569535313056844	569535288750073
569535304471948	569535329635489	569535306380281
569535320228719	569535346213614	569535322090698
569535336279760	569535362813094	569535338363094
569535353356844	569535379387573	569535355539135
569535370493823	569535395953719	569535372415177
569535385996948	569535412833406	569535387897469
569536671374552	569536688969343	569536673316739
569536687118302	569536705544864	569536688792781
569536697929239	569536722127156	569536699580281
569536876710489	569536904451635	569536877855281
569536924581843	569536954190698	569536925683927
569536942433406	569536970789656	569536943534968
569536960228198	569536987334968	569536961356323
569537025654239	569537053624552	569537027675073
569537034745906	569537070195906	569537035765177
569537072436010	569537103344864	569537073623510
569537084783927	569537119918302	569537085764135
569537096633927	569537136490177	569537097601114
569537123793302	569537153065177	569537124884448
569537127369343	569537169643302	569537128574031
569537145274031	569537186254760	569537147130281
569537159592781	569537202797468	569537160754239
569537180813614	569537219415177	569537183687572
569537216852677	569537235967260	569537218431843
569537249123510	569537269118822	569537251067781
569537280103197	569537302279760	569537282068822
569537446149031	569537468028718	569537448486010
569537598650593	569537617213093	569537600516739
569537616199552	569537633770385	569537618225072
569537626005802	569537650358406	569537627874031
569537646259968	569537666938614	569537648195385
569537659779239	569537683507364	569537661613093
569537677760489	569537700137572	569537679764656
569537693924031	569537716683406	569537696068822
569537711730802	569537733232364	569537713743302
569537843724552	569537865818822	569537844899031
569537862240177	569537882378197	569537863892260
569538077188614	569538097848510	569538078240177
569538094184447	569538114430281	569538096355281
569538107947468	569538130982364	569538110387052
569538127357364	569538147575593	569538129546947
569538140631322	569538164151635	569538142502156
569538165164656	569538180714656	569538166961010
569538173991739	569538197304760	569538175919343
569538194857885	569538213890177	569538196999031
569538206626635	569538230450593	569538208613093
569538226391739	569538247025072	569538228499031
569538239745385	569538263599551	569538241553718
569538261795906	569538280173510	569538263913093
569538270854760	569538296803718	569538272945385
569538294304239	569538313333406	569538296043822
569538307633406	569538329918301	569538309628197
569538307633406	569538363063614	569538309628197
569538350862051	569538379625072	569538352874551
569538353137051	569538396200593	569538354550593
569538370929760	569538412794864	569538372965176
569538386227676	569538429365697	569538388271426
569538405477676	569538445942781	569538407322468
569538423956322	569538462516739	569538425966739
569538457164135	569538479432885	569538459199031
569538494374031	569538512293822	569538496468301
569538591200593	569538611731322	569538592889656
569538608683406	569538628302676	569538610832364
569538639433406	569538661472989	569538641465697
569538653965176	569538678108926	569538655781843
569538674666739	569538694602156	569538676752156
569538723559968	569538744328718	569538726132885
569538742570385	569538761228718	569538744365176
569538790523510	569538810642781	569538791914135
569538809370906	569538827212572	569538811434968
569538853151635	569538876981843	569538855422468
569538876917260	569538893512051	569538878656843
569538918227156	569538943255801	569538920080281
569538941286010	569538959802676	569538943373510
569539526595905	569539556512051	569539527312572
569539551797468	569539573109447	569539553015697
569539604437051	569539622803197	569539605462051
569539627821426	569539655975593	569539628865176
569539647734447	569539672521426	569539648851114
569539659557885	569539689094864	569539660615697
569539668231322	569539705674030	569539669268301
569539683658405	569539722253718	569539684696426
569539699867260	569539738827155	569539700947468
569539717565697	569539755401635	569539718639655
569539734267780	569539771985489	569539735342780
569539750738093	569539788560489	569539751788614
569539770129760	569539805137572	569539771201635
569539786942260	569539821704239	569539787957364
569539803123510	569539838297989	569539804443301
569539819582364	569539854867780	569539820836010
569539837013093	569539871450072	569539838026635
569539853168822	569539888022989	569539854178718
569539870016218	569539904593301	569539871012572
569539887361010	569539921171426	569539888392780
569539903353718	569539937960489	569539904416739
569539919343822	569539954323510	569539920369343
569539935596947	569539970915697	569539936673510
569539952639135	569539987485489	569539953655280
569539969851114	569540004082364	569539970947989
569539986607364	569540020647468	569539987620385
569540002719343	9223372036854775807	569540003742260


16666666
569558115911528	569558155394340	569558117353715
569558136412048	569558171939132	569558137604236
569558154367778	569558188522465	569558155995903
569558167011007	569558205117257	569558168155278
569558181993819	569558221702153	569558183226632
569558202699548	569558238265173	569558204465694
569558217560486	569558254841215	569558218704757
569558234356840	569558271427153	569558236124028
569558248972465	569558287986528	569558250352153
569558267344861	569558304571944	569558269066736
569558286096944	569558321160486	569558287852153
569558298312048	569558337739132	569558299467778
569558316849028	569558354319340	569558318422986
569558336750069	569558370886007	569558338925069
569558349591215	569558387467778	569558350854757
569558364436528	569558404372986	569558366056840
569558378296423	569558420634965	569558379452673
569558397296423	569558437203715	569558398696423
569558413511528	569558454009444	569558415343298
569558434154757	569558470354236	569558435865173
569558445618819	569558486918298	569558446817257
569558463657882	569558503514653	569558465066215
569558481102673	569558520094340	569558482600590
569558499489653	569558536660486	569558500995382
569558513008923	569558553234965	569558514660486
569558529800590	569558569812048	569558531626111
569558548859965	569558586394340	569558550142257
569558562925590	569558602983923	569558564214653
569558580192257	569558619539132	569558581363090
569558595411007	569558636116736	569558596682882
569558612745903	569558652698507	569558613991215
569558628544861	569558669271423	569558629817257
569558645695903	569558685845903	569558647373507
569558665921944	569558702432361	569558667705798
569558679045903	569558719030798	569558680191215
569558697021423	569558735615173	569558698034444
569558713931319	569558752201111	569558715272986
569558730782361	569558768774548	569558732436007
569558746113611	569558785370903	569558747437569
569558762219861	569558801936007	569558764806319
569558777880278	569558818518298	569558778968298
569558795309444	569558835084965	569558796801632
569558818198507	569558851664132	569558820192257
569558828339132	569558868243298	569558829315694
569558843411007	569558884865173	569558844624028
569558861466736	569558901403194	569558863063090
569558877286528	569558917976111	569558878532882
569558895571944	569558934565173	569558897086528
569558911731319	569558951126111	569558913406319
569558929596944	569558967719861	569558930746423
569558944752153	569558984297986	569558945998507
569558963854757	569559000853715	569558965475590
569558977592257	569559017457882	569558978895382
569558992645382	569559034031319	569558993730278
569559015529757	569559050624548	569559016947986
569559029081840	569559067158402	569559030255798
569559044552673	569559083740173	569559045764132
569559060508402	569559100335486	569559061822465
569559080648507	569559116913090	569559082341215
569559094274548	569559133517257	569559095662569
569559110120902	569559150069861	569559111759444
569559129512569	569559166693298	569559131057882
569559147371423	569559183219340	569559149099027
569559163561007	569559199812569	569559165278194
569559179896944	569559216362569	569559181774548
569559192763611	569559232943819	569559193992257
569559213947986	569559249517257	569559215928194
569559226563090	569559266098507	569559227854757
569559241021944	569559282683923	569559242369861
569559259579757	569559299288611	569559262547986
569559277838090	569559315824548	569559279841215
569559300340173	569559332413090	569559302214132
569559309026111	569559348976111	569559310845382
569559324961007	569559365547986	569559326290694
569559341321944	569559382142777	569559342909965
569559358940694	569559398714132	569559360303715
569559374238090	569559415305277	569559376079236
569559392238090	569559431872986	569559393464652
569559409792257	569559448585486	569559411623507
569559427776632	569559465024548	569559429087048
569559440463090	569559481602673	569559441701111
569559458521423	569559498180798	569559459673507
569559475260486	569559514746423	569559477042777
569559491161007	569559531342257	569559492427673
569559505720902	569559547918819	569559506916215
569559523950069	569559564499027	569559525643819
569559540926111	569559581087569	569559542390694
569559559241215	569559597666215	569559560869340
569559573675069	569559614240694	569559574705277
569559594050590	569559630827673	569559595797465
569559608200069	569559647408402	569559609267257
569559628342777	569559663990173	569559630030798
569559643870902	569559680567257	569559645024548
569559660129236	569559697157882	569559662005798
569559674134965	569559713726632	569559675180798
569559698059965	569559730292777	569559699099027
569559707429236	569559746880277	569559709119861
569559731388611	569559763461527	569559733774027
569559744215694	569559780016215	569559746745382
569559762948507	569559796628194	569559765354236
569559776708402	569559813181319	569559779306840
569559792091215	569559829744861	569559794546423
569559807194340	569559846615173	569559809841215
569559823285486	569559862894861	569559825368819
569559836980277	569559879479236	569559838107361
569559853689132	569559896132361	569559854540173
569559871442257	569559912662569	569559872917257
569559895150590	569559929197465	569559896554236
569559923920382	569559945856840	569559925544861
569559931813090	569559962346944	569559933601632
569559939496423	569559978992777	569559941704757
569559952979757	569559995509444	569559954797465
569559970151111	569560012100069	569559971621944
569559990745902	569560028667257	569559992244861
569560009362048	569560045244861	569560010938090
569560021096423	569560061848507	569560022649548
569560037645382	569560078383923	569560039067777
569560056957882	569560095004757	569560057834444
569560069670902	569560111573506	569560070647986
569560088253194	569560128154756	569560089858402
569560102139652	569560144699027	569560103326631
569560120370381	569560161296423	569560121452152
569560137663090	569560177849548	569560138597465
569560152749027	569560194432361	569560153784444
569560169583402	569560211012048	569560171148506
569560186555277	569560227584965	569560187487048
569560201832361	9223372036854775807	569560202813090


16666666
569559147371423	569559183219340	569559149099027
569559163561007	569559199812569	569559165278194
569559179896944	569559216362569	569559181774548
569559192763611	569559232943819	569559193992257
569559213947986	569559249517257	569559215928194
569559226563090	569559266098507	569559227854757
569559241021944	569559282683923	569559242369861
569559259579757	569559299288611	569559262547986
569559277838090	569559315824548	569559279841215
569559300340173	569559332413090	569559302214132
569559309026111	569559348976111	569559310845382
569559324961007	569559365547986	569559326290694
569559341321944	569559382142777	569559342909965
569559358940694	569559398714132	569559360303715
569559374238090	569559415305277	569559376079236
569559392238090	569559431872986	569559393464652
569559409792257	569559448585486	569559411623507
569559427776632	569559465024548	569559429087048
569559440463090	569559481602673	569559441701111
569559458521423	569559498180798	569559459673507
569559475260486	569559514746423	569559477042777
569559491161007	569559531342257	569559492427673
569559505720902	569559547918819	569559506916215
569559523950069	569559564499027	569559525643819
569559540926111	569559581087569	569559542390694
569559559241215	569559597666215	569559560869340
569559573675069	569559614240694	569559574705277
569559594050590	569559630827673	569559595797465
569559608200069	569559647408402	569559609267257
569559628342777	569559663990173	569559630030798
569559643870902	569559680567257	569559645024548
569559660129236	569559697157882	569559662005798
569559674134965	569559713726632	569559675180798
569559698059965	569559730292777	569559699099027
569559707429236	569559746880277	569559709119861
569559731388611	569559763461527	569559733774027
569559744215694	569559780016215	569559746745382
569559762948507	569559796628194	569559765354236
569559776708402	569559813181319	569559779306840
569559792091215	569559829744861	569559794546423
569559807194340	569559846615173	569559809841215
569559823285486	569559862894861	569559825368819
569559836980277	569559879479236	569559838107361
569559853689132	569559896132361	569559854540173
569559871442257	569559912662569	569559872917257
569559895150590	569559929197465	569559896554236
569559923920382	569559945856840	569559925544861
569559931813090	569559962346944	569559933601632
569559939496423	569559978992777	569559941704757
569559952979757	569559995509444	569559954797465
569559970151111	569560012100069	569559971621944
569559990745902	569560028667257	569559992244861
569560009362048	569560045244861	569560010938090
569560021096423	569560061848507	569560022649548
569560037645382	569560078383923	569560039067777
569560056957882	569560095004757	569560057834444
569560069670902	569560111573506	569560070647986
569560088253194	569560128154756	569560089858402
569560102139652	569560144699027	569560103326631
569560120370381	569560161296423	569560121452152
569560137663090	569560177849548	569560138597465
569560152749027	569560194432361	569560153784444
569560169583402	569560211012048	569560171148506
569560186555277	569560227584965	569560187487048
569560201832361	569560244144340	569560202813090
569560221466736	569560260730277	569560222894861
569560236622465	569560277318298	569560237763090
569560258909965	569560293901631	569560260465173
569560267516736	569560310489652	569560268531840
569560310126111	569560327058402	569560311975590
569560314659444	569560343635486	569560317224548
569560322394861	569560360219340	569560324892777
569560333244861	569560376800590	569560335158402
569560349406840	569560393382881	569560351026111
569560370147986	569560409949027	569560371581840
569560385659965	569560426763611	569560386928194
569560401213090	569560443155277	569560401983923
569560417214131	569560459695381	569560418128194
569560435430277	569560476290173	569560436636006
569560452418298	569560492839131	569560453936527
569560470622986	569560509429236	569560471565694
569560484496423	569560526024027	569560486087569
569560521644340	569560542616736	569560524059965
569560534533402	569560559159965	569560538052152
569560538634965	569560575732881	569560540551631
569560554745902	569560592314131	569560557349548
569560568718298	569560608901111	569560571612048
569560606403194	569560625470381	569560608612048
569560616114652	569560642056840	569560618627673
569560698386527	569560725205277	569560700864652
569560702351111	569560741531319	569560704981319
569560749358923	569560774686006	569560751844340
569560752968819	569560791257881	569560755880277
569561089711006	569561106271944	569561092300069
569561089711006	569561139413090	569561092300069
569561152297986	569561172558923	569561154833402
569561163424548	569561189139131	569561165993819
569561169162048	569561205715173	569561171769861
569561193575069	569561222292777	569561196455277
569561199645902	569561238870381	569561202267256
569561215817256	569561255620902	569561218478194
569562814282881	569562830462048	569562817189131
569562874961527	569562896751631	569562877215173
569562945742777	569562963014131	569562948097464
569563010545381	569563029323506	569563013105798
569563072392256	569563095651110	569563074636527
569563136589131	569563161962048	569563137288610
569571043914130	569571069899026	569571046429755
569571051544859	569571086483401	569571054138088
569571068367255	569571103074546	569571070407359
569571081821942	569571119631317	569571084525067
569571224345901	569571252263609	569571226582880
569571231864130	569571268830276	569571234237046
569571247438088	569571285414130	569571250000067
569571264417255	569571301980796	569571266937567
569571280996942	569571318564130	569571283369338
569571294649026	569571335177151	569571297094338
569571310369338	569571351727151	569571313029755
569571531300588	569571550720380	569571533539651
569571542005796	569571567285484	569571544284963
569571545308401	569571583883921	569571547433401
569573148652671	569573175430275	569573150505796
569573202233921	569573225151109	569573204719859
569573267312567	569573291539650	569573269371942
569573334129234	569573357797984	569573336350588
569573404505796	569573424110484	569573406224025
569573466900067	569573490402671	569573467406838


16666666
569559147371423	569559183219340	569559149099027
569559163561007	569559199812569	569559165278194
569559179896944	569559216362569	569559181774548
569559192763611	569559232943819	569559193992257
569559213947986	569559249517257	569559215928194
569559226563090	569559266098507	569559227854757
569559241021944	569559282683923	569559242369861
569559259579757	569559299288611	569559262547986
569559277838090	569559315824548	569559279841215
569559300340173	569559332413090	569559302214132
569559309026111	569559348976111	569559310845382
569559324961007	569559365547986	569559326290694
569559341321944	569559382142777	569559342909965
569559358940694	569559398714132	569559360303715
569559374238090	569559415305277	569559376079236
569559392238090	569559431872986	569559393464652
569559409792257	569559448585486	569559411623507
569559427776632	569559465024548	569559429087048
569559440463090	569559481602673	569559441701111
569559458521423	569559498180798	569559459673507
569559475260486	569559514746423	569559477042777
569559491161007	569559531342257	569559492427673
569559505720902	569559547918819	569559506916215
569559523950069	569559564499027	569559525643819
569559540926111	569559581087569	569559542390694
569559559241215	569559597666215	569559560869340
569559573675069	569559614240694	569559574705277
569559594050590	569559630827673	569559595797465
569559608200069	569559647408402	569559609267257
569559628342777	569559663990173	569559630030798
569559643870902	569559680567257	569559645024548
569559660129236	569559697157882	569559662005798
569559674134965	569559713726632	569559675180798
569559698059965	569559730292777	569559699099027
569559707429236	569559746880277	569559709119861
569559731388611	569559763461527	569559733774027
569559744215694	569559780016215	569559746745382
569559762948507	569559796628194	569559765354236
569559776708402	569559813181319	569559779306840
569559792091215	569559829744861	569559794546423
569559807194340	569559846615173	569559809841215
569559823285486	569559862894861	569559825368819
569559836980277	569559879479236	569559838107361
569559853689132	569559896132361	569559854540173
569559871442257	569559912662569	569559872917257
569559895150590	569559929197465	569559896554236
569559923920382	569559945856840	569559925544861
569559931813090	569559962346944	569559933601632
569559939496423	569559978992777	569559941704757
569559952979757	569559995509444	569559954797465
569559970151111	569560012100069	569559971621944
569559990745902	569560028667257	569559992244861
569560009362048	569560045244861	569560010938090
569560021096423	569560061848507	569560022649548
569560037645382	569560078383923	569560039067777
569560056957882	569560095004757	569560057834444
569560069670902	569560111573506	569560070647986
569560088253194	569560128154756	569560089858402
569560102139652	569560144699027	569560103326631
569560120370381	569560161296423	569560121452152
569560137663090	569560177849548	569560138597465
569560152749027	569560194432361	569560153784444
569560169583402	569560211012048	569560171148506
569560186555277	569560227584965	569560187487048
569560201832361	569560244144340	569560202813090
569560221466736	569560260730277	569560222894861
569560236622465	569560277318298	569560237763090
569560258909965	569560293901631	569560260465173
569560267516736	569560310489652	569560268531840
569560310126111	569560327058402	569560311975590
569560314659444	569560343635486	569560317224548
569560322394861	569560360219340	569560324892777
569560333244861	569560376800590	569560335158402
569560349406840	569560393382881	569560351026111
569560370147986	569560409949027	569560371581840
569560385659965	569560426763611	569560386928194
569560401213090	569560443155277	569560401983923
569560417214131	569560459695381	569560418128194
569560435430277	569560476290173	569560436636006
569560452418298	569560492839131	569560453936527
569560470622986	569560509429236	569560471565694
569560484496423	569560526024027	569560486087569
569560521644340	569560542616736	569560524059965
569560534533402	569560559159965	569560538052152
569560538634965	569560575732881	569560540551631
569560554745902	569560592314131	569560557349548
569560568718298	569560608901111	569560571612048
569560606403194	569560625470381	569560608612048
569560616114652	569560642056840	569560618627673
569560698386527	569560725205277	569560700864652
569560702351111	569560741531319	569560704981319
569560749358923	569560774686006	569560751844340
569560752968819	569560791257881	569560755880277
569561089711006	569561106271944	569561092300069
569561089711006	569561139413090	569561092300069
569561152297986	569561172558923	569561154833402
569561163424548	569561189139131	569561165993819
569561169162048	569561205715173	569561171769861
569561193575069	569561222292777	569561196455277
569561199645902	569561238870381	569561202267256
569561215817256	569561255620902	569561218478194
569562814282881	569562830462048	569562817189131
569562874961527	569562896751631	569562877215173
569562945742777	569562963014131	569562948097464
569563010545381	569563029323506	569563013105798
569563072392256	569563095651110	569563074636527
569563136589131	569563161962048	569563137288610
569571043914130	569571069899026	569571046429755
569571051544859	569571086483401	569571054138088
569571068367255	569571103074546	569571070407359
569571081821942	569571119631317	569571084525067
569571224345901	569571252263609	569571226582880
569571231864130	569571268830276	569571234237046
569571247438088	569571285414130	569571250000067
569571264417255	569571301980796	569571266937567
569571280996942	569571318564130	569571283369338
569571294649026	569571335177151	569571297094338
569571310369338	569571351727151	569571313029755
569571531300588	569571550720380	569571533539651
569571542005796	569571567285484	569571544284963
569571545308401	569571583883921	569571547433401
569573148652671	569573175430275	569573150505796
569573202233921	569573225151109	569573204719859
569573267312567	569573291539650	569573269371942
569573334129234	569573357797984	569573336350588
569573404505796	569573424110484	569573406224025
569573466900067	569573490402671	569573467406838


16666666
569559147371423	569559183219340	569559149099027
569559163561007	569559199812569	569559165278194
569559179896944	569559216362569	569559181774548
569559192763611	569559232943819	569559193992257
569559213947986	569559249517257	569559215928194
569559226563090	569559266098507	569559227854757
569559241021944	569559282683923	569559242369861
569559259579757	569559299288611	569559262547986
569559277838090	569559315824548	569559279841215
569559300340173	569559332413090	569559302214132
569559309026111	569559348976111	569559310845382
569559324961007	569559365547986	569559326290694
569559341321944	569559382142777	569559342909965
569559358940694	569559398714132	569559360303715
569559374238090	569559415305277	569559376079236
569559392238090	569559431872986	569559393464652
569559409792257	569559448585486	569559411623507
569559427776632	569559465024548	569559429087048
569559440463090	569559481602673	569559441701111
569559458521423	569559498180798	569559459673507
569559475260486	569559514746423	569559477042777
569559491161007	569559531342257	569559492427673
569559505720902	569559547918819	569559506916215
569559523950069	569559564499027	569559525643819
569559540926111	569559581087569	569559542390694
569559559241215	569559597666215	569559560869340
569559573675069	569559614240694	569559574705277
569559594050590	569559630827673	569559595797465
569559608200069	569559647408402	569559609267257
569559628342777	569559663990173	569559630030798
569559643870902	569559680567257	569559645024548
569559660129236	569559697157882	569559662005798
569559674134965	569559713726632	569559675180798
569559698059965	569559730292777	569559699099027
569559707429236	569559746880277	569559709119861
569559731388611	569559763461527	569559733774027
569559744215694	569559780016215	569559746745382
569559762948507	569559796628194	569559765354236
569559776708402	569559813181319	569559779306840
569559792091215	569559829744861	569559794546423
569559807194340	569559846615173	569559809841215
569559823285486	569559862894861	569559825368819
569559836980277	569559879479236	569559838107361
569559853689132	569559896132361	569559854540173
569559871442257	569559912662569	569559872917257
569559895150590	569559929197465	569559896554236
569559923920382	569559945856840	569559925544861
569559931813090	569559962346944	569559933601632
569559939496423	569559978992777	569559941704757
569559952979757	569559995509444	569559954797465
569559970151111	569560012100069	569559971621944
569559990745902	569560028667257	569559992244861
569560009362048	569560045244861	569560010938090
569560021096423	569560061848507	569560022649548
569560037645382	569560078383923	569560039067777
569560056957882	569560095004757	569560057834444
569560069670902	569560111573506	569560070647986
569560088253194	569560128154756	569560089858402
569560102139652	569560144699027	569560103326631
569560120370381	569560161296423	569560121452152
569560137663090	569560177849548	569560138597465
569560152749027	569560194432361	569560153784444
569560169583402	569560211012048	569560171148506
569560186555277	569560227584965	569560187487048
569560201832361	569560244144340	569560202813090
569560221466736	569560260730277	569560222894861
569560236622465	569560277318298	569560237763090
569560258909965	569560293901631	569560260465173
569560267516736	569560310489652	569560268531840
569560310126111	569560327058402	569560311975590
569560314659444	569560343635486	569560317224548
569560322394861	569560360219340	569560324892777
569560333244861	569560376800590	569560335158402
569560349406840	569560393382881	569560351026111
569560370147986	569560409949027	569560371581840
569560385659965	569560426763611	569560386928194
569560401213090	569560443155277	569560401983923
569560417214131	569560459695381	569560418128194
569560435430277	569560476290173	569560436636006
569560452418298	569560492839131	569560453936527
569560470622986	569560509429236	569560471565694
569560484496423	569560526024027	569560486087569
569560521644340	569560542616736	569560524059965
569560534533402	569560559159965	569560538052152
569560538634965	569560575732881	569560540551631
569560554745902	569560592314131	569560557349548
569560568718298	569560608901111	569560571612048
569560606403194	569560625470381	569560608612048
569560616114652	569560642056840	569560618627673
569560698386527	569560725205277	569560700864652
569560702351111	569560741531319	569560704981319
569560749358923	569560774686006	569560751844340
569560752968819	569560791257881	569560755880277
569561089711006	569561106271944	569561092300069
569561089711006	569561139413090	569561092300069
569561152297986	569561172558923	569561154833402
569561163424548	569561189139131	569561165993819
569561169162048	569561205715173	569561171769861
569561193575069	569561222292777	569561196455277
569561199645902	569561238870381	569561202267256
569561215817256	569561255620902	569561218478194
569562814282881	569562830462048	569562817189131
569562874961527	569562896751631	569562877215173
569562945742777	569562963014131	569562948097464
569563010545381	569563029323506	569563013105798
569563072392256	569563095651110	569563074636527
569563136589131	569563161962048	569563137288610
569571043914130	569571069899026	569571046429755
569571051544859	569571086483401	569571054138088
569571068367255	569571103074546	569571070407359
569571081821942	569571119631317	569571084525067
569571224345901	569571252263609	569571226582880
569571231864130	569571268830276	569571234237046
569571247438088	569571285414130	569571250000067
569571264417255	569571301980796	569571266937567
569571280996942	569571318564130	569571283369338
569571294649026	569571335177151	569571297094338
569571310369338	569571351727151	569571313029755
569571531300588	569571550720380	569571533539651
569571542005796	569571567285484	569571544284963
569571545308401	569571583883921	569571547433401
569573148652671	569573175430275	569573150505796
569573202233921	569573225151109	569573204719859
569573267312567	569573291539650	569573269371942
569573334129234	569573357797984	569573336350588
569573404505796	569573424110484	569573406224025
569573466900067	569573490402671	569573467406838


16666666
569559762948507	569559796628194	569559765354236
569559776708402	569559813181319	569559779306840
569559792091215	569559829744861	569559794546423
569559807194340	569559846615173	569559809841215
569559823285486	569559862894861	569559825368819
569559836980277	569559879479236	569559838107361
569559853689132	569559896132361	569559854540173
569559871442257	569559912662569	569559872917257
569559895150590	569559929197465	569559896554236
569559923920382	569559945856840	569559925544861
569559931813090	569559962346944	569559933601632
569559939496423	569559978992777	569559941704757
569559952979757	569559995509444	569559954797465
569559970151111	569560012100069	569559971621944
569559990745902	569560028667257	569559992244861
569560009362048	569560045244861	569560010938090
569560021096423	569560061848507	569560022649548
569560037645382	569560078383923	569560039067777
569560056957882	569560095004757	569560057834444
569560069670902	569560111573506	569560070647986
569560088253194	569560128154756	569560089858402
569560102139652	569560144699027	569560103326631
569560120370381	569560161296423	569560121452152
569560137663090	569560177849548	569560138597465
569560152749027	569560194432361	569560153784444
569560169583402	569560211012048	569560171148506
569560186555277	569560227584965	569560187487048
569560201832361	569560244144340	569560202813090
569560221466736	569560260730277	569560222894861
569560236622465	569560277318298	569560237763090
569560258909965	569560293901631	569560260465173
569560267516736	569560310489652	569560268531840
569560310126111	569560327058402	569560311975590
569560314659444	569560343635486	569560317224548
569560322394861	569560360219340	569560324892777
569560333244861	569560376800590	569560335158402
569560349406840	569560393382881	569560351026111
569560370147986	569560409949027	569560371581840
569560385659965	569560426763611	569560386928194
569560401213090	569560443155277	569560401983923
569560417214131	569560459695381	569560418128194
569560435430277	569560476290173	569560436636006
569560452418298	569560492839131	569560453936527
569560470622986	569560509429236	569560471565694
569560484496423	569560526024027	569560486087569
569560521644340	569560542616736	569560524059965
569560534533402	569560559159965	569560538052152
569560538634965	569560575732881	569560540551631
569560554745902	569560592314131	569560557349548
569560568718298	569560608901111	569560571612048
569560606403194	569560625470381	569560608612048
569560616114652	569560642056840	569560618627673
569560698386527	569560725205277	569560700864652
569560702351111	569560741531319	569560704981319
569560749358923	569560774686006	569560751844340
569560752968819	569560791257881	569560755880277
569561089711006	569561106271944	569561092300069
569561089711006	569561139413090	569561092300069
569561152297986	569561172558923	569561154833402
569561163424548	569561189139131	569561165993819
569561169162048	569561205715173	569561171769861
569561193575069	569561222292777	569561196455277
569561199645902	569561238870381	569561202267256
569561215817256	569561255620902	569561218478194
569562814282881	569562830462048	569562817189131
569562874961527	569562896751631	569562877215173
569562945742777	569562963014131	569562948097464
569563010545381	569563029323506	569563013105798
569563072392256	569563095651110	569563074636527
569563136589131	569563161962048	569563137288610
569571043914130	569571069899026	569571046429755
569571051544859	569571086483401	569571054138088
569571068367255	569571103074546	569571070407359
569571081821942	569571119631317	569571084525067
569571224345901	569571252263609	569571226582880
569571231864130	569571268830276	569571234237046
569571247438088	569571285414130	569571250000067
569571264417255	569571301980796	569571266937567
569571280996942	569571318564130	569571283369338
569571294649026	569571335177151	569571297094338
569571310369338	569571351727151	569571313029755
569571531300588	569571550720380	569571533539651
569571542005796	569571567285484	569571544284963
569571545308401	569571583883921	569571547433401
569573148652671	569573175430275	569573150505796
569573202233921	569573225151109	569573204719859
569573267312567	569573291539650	569573269371942
569573334129234	569573357797984	569573336350588
569573404505796	569573424110484	569573406224025
569573466900067	569573490402671	569573467406838
569639082921411	569639093471411	569639084160994
569639092388599	569639110050057	569639094258911
569639111061515	569639143218286	569639112189119
569639116235994	569639159799015	569639118079224
569639137023494	569639176341724	569639138716724
569639153504224	569639192920890	569639155146411
569639168784432	569639209499015	569639170419328
569639184954744	569639226089640	569639186593807
569639201866724	569639242675578	569639204088078
569639218318286	569639259253703	569639219883911
569639235371932	569639275831307	569639237089640
569639252126099	569639292378703	569639253889640
569639268776619	569639308992765	569639270648494
569639285537557	569639325565161	569639287279744
569639302557869	569639342147453	569639304039640
569639319496932	569639358727140	569639322834432
569639336288078	569639375305265	569639338183390
569639352475578	569639391883390	569639354221411
569639368872974	569639408462557	569639370447974
569639385347974	569639425046411	569639387208911
569639402076619	569639441623494	569639403629224
569639418156307	569639458202140	569639420137036
569639434824015	569639474786515	569639436837557
569639451379744	569639491361515	569639453412557
569639468267244	569639507930786	569639470132349
569639484998494	569639524493286	569639486867244
569639504878182	569639541065682	569639506844328
569639516535474	569639557645890	569639518456307
569640794039640	569640817446932	569640795714640
569640807989119	569640834010994	569640809637036
569640824766203	569640850614640	569640826340161
569641006219327	569641032932869	569641007306827
569641029835473	569641049515161	569641030918286
569641038194327	569641066098494	569641039295369
569641101650057	569641132404223	569641102897452
569641121071932	569641148979223	569641122286515
569641157791202	569641182123494	569641158792244


16666666
569658895163075	569658935035991	569658896784950
569658914817762	569658951596929	569658916400575
569658930546408	569658968179741	569658932535991
569658947306304	569658984770887	569658949252658
569658962240158	569659001329741	569658964242241
569658982749012	569659017904741	569658984101096
569658995324012	569659034489637	569658996977658
569659010365158	569659051061512	569659011866721
569659027437033	569659067615679	569659028438075
569659049450054	569659084197450	569659050536512
569659060835991	569659100782866	569659062232866
569659075193283	569659117363596	569659076581304
569659091330783	569659133930262	569659092599012
569659113215158	569659150497450	569659115055262
569659130480783	569659167409950	569659131820366
569659145751616	569659183659950	569659147520366
569659157656825	569659200209950	569659159020366
569659176412033	569659216833387	569659178218283
569659192399533	569659233406304	569659193649533
569659213308908	569659249975054	569659214932346
569659227132346	569659266545887	569659228332346
569659246446408	569659283128179	569659248280783
569659260494325	569659299700575	569659262055262
569659277677137	569659316293804	569659279144325
569659296960991	569659332875054	569659299089637
569659309775054	569659349414637	569659311049012
569659326964637	569659366000575	569659328524533
569659342666721	569659382581304	569659344324533
569659361082866	569659399174533	569659363303700
569659376653179	569659415748491	569659378019846
569659390480783	569659432328179	569659391627658
569659408612033	569659448905783	569659410464637
569659424594325	569659465479741	569659425641200
569659443183908	569659482109950	569659445276616
569659457470366	569659498642241	569659458913075
569659478807866	569659515210991	569659480729741
569659491758908	569659531803179	569659493090158
569659507209950	569659548424012	569659508461512
569659525347970	569659564946929	569659527349012
569659545017762	569659581525575	569659546779220
569659558477137	569659598101095	569659559812033
569659574039116	569659614726616	569659575401616
569659590689116	569659631255262	569659591960991
569659608146929	569659647839637	569659609083387
569659624463595	569659664412033	569659625619325
569659642213595	569659680998491	569659643855262
569659659151095	569659697558908	569659661197450
569659676622970	569659714148491	569659678306304
569659692083908	569659730720366	569659693858908
569659707917241	569659747284950	569659709735470
569659722981825	569659763860470	569659724264116
569659740677137	569659780437033	569659742542762
569659754766720	569659797034429	569659756190158
569659770685991	569659813618283	569659771771929
569659791754220	569659830193283	569659793742762
569659807569325	569659846768283	569659809408908
569659822787554	569659863338595	569659824080262
569659839493804	569659879926095	569659840933387
569659855051616	569659896495366	569659856511512
569659875884950	569659913066200	569659877102658
569659888927658	569659929645366	569659890080262
569659906227137	569659946213075	569659907882345
569659922439637	569659962799533	569659923860991
569659939384950	569659979372450	569659941135470
569659954945887	569659995935470	569659956199533
569659974861512	569660012522450	569659976833908
569659990310991	569660029101616	569659992331825
569660005987033	569660045680262	569660007884950
569660023240679	569660062257866	569660025029220
569660038530783	569660078833908	569660039870366
569660056330262	569660095410991	569660058490158
569660072474012	569660111980262	569660073612033
569660088074012	569660128559429	569660089330783
569660105224012	569660145164637	569660106606825
569660123226095	569660161706304	569660124670366
569660138249533	569660178280262	569660139353700
569660154884429	569660194854741	569660156502137
569660174150054	569660211434950	569660176056304
569660186627137	569660228020366	569660187967241
569660203654220	569660244595887	569660204808908
569660220174533	569660261166200	569660221557866
569660249801095	569660277752137	569660252140679
569660263522450	569660294321408	569660265530783
569660272984950	569660310895366	569660275542241
569660285441200	569660327472970	569660287953179
569660305057866	569660344079220	569660307390679
569660319410470	569660360645366	569660321588075
569660334457866	569660377215158	569660336124533
569660351771929	569660393800575	569660353424012
569660368662033	569660410378179	569660369823491
569660384707866	569660426957866	569660385768283
569660402595366	569660443542241	569660403688595
569660418917762	569660460130783	569660420588595
569660435952137	569660476718283	569660437713595
569660478816720	569660509842762	569660481462554
569660484264116	569660526413595	569660486162033
569660505289116	569660543001616	569660507695887
569660518440679	569660559585470	569660520535470
569660533288075	569660576141200	569660534890158
569660554019325	569660592753179	569660555668804
569660569275575	569660609333908	569660570944845
569660584707866	569660625925574	569660586400575
569660601103179	569660642502658	569660602817762
569660617610470	569660659066199	569660619196929
569660637022449	569660675646929	569660639818283
569660652821929	569660692224533	569660654537554
569660666737033	569660708817762	569660667779741
569660684756304	569660725389637	569660686016720
569660704070887	569660741970366	569660705680262
569660719428699	569660758552137	569660721464637
569660735676095	569660775151616	569660737287033
569660751697970	569660791680262	569660753306824
569660772856824	569660808300054	569660774675054
569660786259949	569660824856304	569660787409949
569660798242762	569660841442762	569660799499012
569660824162554	569660857990158	569660825967762
569660862937554	569660891152658	569660865527137
569660869674012	569660907721929	569660872285470
569660892127137	569660924307345	569660894785470
569660900788074	569660940869324	569660903290158
569660919459949	569660957462033	569660921979741
569660940401616	569660974024533	569660942458908
569660950572970	569660990593804	569660953197970
569660965884429	569661007182866	569660968181824
569660981775054	569661023756824	569660984312033
569661013766199	569661040337033	569661017481304
569661018007345	569661056905783	569661020102658


16666666
569659277677137	569659316293804	569659279144325
569659296960991	569659332875054	569659299089637
569659309775054	569659349414637	569659311049012
569659326964637	569659366000575	569659328524533
569659342666721	569659382581304	569659344324533
569659361082866	569659399174533	569659363303700
569659376653179	569659415748491	569659378019846
569659390480783	569659432328179	569659391627658
569659408612033	569659448905783	569659410464637
569659424594325	569659465479741	569659425641200
569659443183908	569659482109950	569659445276616
569659457470366	569659498642241	569659458913075
569659478807866	569659515210991	569659480729741
569659491758908	569659531803179	569659493090158
569659507209950	569659548424012	569659508461512
569659525347970	569659564946929	569659527349012
569659545017762	569659581525575	569659546779220
569659558477137	569659598101095	569659559812033
569659574039116	569659614726616	569659575401616
569659590689116	569659631255262	569659591960991
569659608146929	569659647839637	569659609083387
569659624463595	569659664412033	569659625619325
569659642213595	569659680998491	569659643855262
569659659151095	569659697558908	569659661197450
569659676622970	569659714148491	569659678306304
569659692083908	569659730720366	569659693858908
569659707917241	569659747284950	569659709735470
569659722981825	569659763860470	569659724264116
569659740677137	569659780437033	569659742542762
569659754766720	569659797034429	569659756190158
569659770685991	569659813618283	569659771771929
569659791754220	569659830193283	569659793742762
569659807569325	569659846768283	569659809408908
569659822787554	569659863338595	569659824080262
569659839493804	569659879926095	569659840933387
569659855051616	569659896495366	569659856511512
569659875884950	569659913066200	569659877102658
569659888927658	569659929645366	569659890080262
569659906227137	569659946213075	569659907882345
569659922439637	569659962799533	569659923860991
569659939384950	569659979372450	569659941135470
569659954945887	569659995935470	569659956199533
569659974861512	569660012522450	569659976833908
569659990310991	569660029101616	569659992331825
569660005987033	569660045680262	569660007884950
569660023240679	569660062257866	569660025029220
569660038530783	569660078833908	569660039870366
569660056330262	569660095410991	569660058490158
569660072474012	569660111980262	569660073612033
569660088074012	569660128559429	569660089330783
569660105224012	569660145164637	569660106606825
569660123226095	569660161706304	569660124670366
569660138249533	569660178280262	569660139353700
569660154884429	569660194854741	569660156502137
569660174150054	569660211434950	569660176056304
569660186627137	569660228020366	569660187967241
569660203654220	569660244595887	569660204808908
569660220174533	569660261166200	569660221557866
569660249801095	569660277752137	569660252140679
569660263522450	569660294321408	569660265530783
569660272984950	569660310895366	569660275542241
569660285441200	569660327472970	569660287953179
569660305057866	569660344079220	569660307390679
569660319410470	569660360645366	569660321588075
569660334457866	569660377215158	569660336124533
569660351771929	569660393800575	569660353424012
569660368662033	569660410378179	569660369823491
569660384707866	569660426957866	569660385768283
569660402595366	569660443542241	569660403688595
569660418917762	569660460130783	569660420588595
569660435952137	569660476718283	569660437713595
569660478816720	569660509842762	569660481462554
569660484264116	569660526413595	569660486162033
569660505289116	569660543001616	569660507695887
569660518440679	569660559585470	569660520535470
569660533288075	569660576141200	569660534890158
569660554019325	569660592753179	569660555668804
569660569275575	569660609333908	569660570944845
569660584707866	569660625925574	569660586400575
569660601103179	569660642502658	569660602817762
569660617610470	569660659066199	569660619196929
569660637022449	569660675646929	569660639818283
569660652821929	569660692224533	569660654537554
569660666737033	569660708817762	569660667779741
569660684756304	569660725389637	569660686016720
569660704070887	569660741970366	569660705680262
569660719428699	569660758552137	569660721464637
569660735676095	569660775151616	569660737287033
569660751697970	569660791680262	569660753306824
569660772856824	569660808300054	569660774675054
569660786259949	569660824856304	569660787409949
569660798242762	569660841442762	569660799499012
569660824162554	569660857990158	569660825967762
569660862937554	569660891152658	569660865527137
569660869674012	569660907721929	569660872285470
569660892127137	569660924307345	569660894785470
569660900788074	569660940869324	569660903290158
569660919459949	569660957462033	569660921979741
569660940401616	569660974024533	569660942458908
569660950572970	569660990593804	569660953197970
569660965884429	569661007182866	569660968181824
569660981775054	569661023756824	569660984312033
569661013766199	569661040337033	569661017481304
569661018007345	569661056905783	569661020102658
569661443362033	569661471333908	569661445983387
569661471396929	569661487882345	569661474036512
569661471396929	569661537614637	569661474036512
569661531547970	569661554189116	569661534245887
569661546612033	569661570763074	569661549299533
569661556073491	569661587338595	569661558901616
569661565307345	569661603912033	569661567532345
569661580601095	569661620498491	569661583367762
569663187893282	569663211707345	569663190508907
569663240154220	569663261401095	569663242841199
569663305359428	569663327727657	569663308109428
569663375199532	569663394022449	569663378193803
569663437939637	569663460288595	569663440152657
569663502209949	569663526639116	569663503103178
569671398196927	569671416389635	569671400746927
569671411654740	569671432968281	569671414403177
569671420577135	569671449517760	569671423187031
569672997880781	569673007672968	569673000297968
569673050812552	569673074195885	569673053613073
569673121203177	569673140281823	569673123507343
569673185783385	569673206574531	569673187971927
569673250190677	569673272835468	569673252497448
569673314088593	569673339161510	569673314719843


16666666
569659277677137	569659316293804	569659279144325
569659296960991	569659332875054	569659299089637
569659309775054	569659349414637	569659311049012
569659326964637	569659366000575	569659328524533
569659342666721	569659382581304	569659344324533
569659361082866	569659399174533	569659363303700
569659376653179	569659415748491	569659378019846
569659390480783	569659432328179	569659391627658
569659408612033	569659448905783	569659410464637
569659424594325	569659465479741	569659425641200
569659443183908	569659482109950	569659445276616
569659457470366	569659498642241	569659458913075
569659478807866	569659515210991	569659480729741
569659491758908	569659531803179	569659493090158
569659507209950	569659548424012	569659508461512
569659525347970	569659564946929	569659527349012
569659545017762	569659581525575	569659546779220
569659558477137	569659598101095	569659559812033
569659574039116	569659614726616	569659575401616
569659590689116	569659631255262	569659591960991
569659608146929	569659647839637	569659609083387
569659624463595	569659664412033	569659625619325
569659642213595	569659680998491	569659643855262
569659659151095	569659697558908	569659661197450
569659676622970	569659714148491	569659678306304
569659692083908	569659730720366	569659693858908
569659707917241	569659747284950	569659709735470
569659722981825	569659763860470	569659724264116
569659740677137	569659780437033	569659742542762
569659754766720	569659797034429	569659756190158
569659770685991	569659813618283	569659771771929
569659791754220	569659830193283	569659793742762
569659807569325	569659846768283	569659809408908
569659822787554	569659863338595	569659824080262
569659839493804	569659879926095	569659840933387
569659855051616	569659896495366	569659856511512
569659875884950	569659913066200	569659877102658
569659888927658	569659929645366	569659890080262
569659906227137	569659946213075	569659907882345
569659922439637	569659962799533	569659923860991
569659939384950	569659979372450	569659941135470
569659954945887	569659995935470	569659956199533
569659974861512	569660012522450	569659976833908
569659990310991	569660029101616	569659992331825
569660005987033	569660045680262	569660007884950
569660023240679	569660062257866	569660025029220
569660038530783	569660078833908	569660039870366
569660056330262	569660095410991	569660058490158
569660072474012	569660111980262	569660073612033
569660088074012	569660128559429	569660089330783
569660105224012	569660145164637	569660106606825
569660123226095	569660161706304	569660124670366
569660138249533	569660178280262	569660139353700
569660154884429	569660194854741	569660156502137
569660174150054	569660211434950	569660176056304
569660186627137	569660228020366	569660187967241
569660203654220	569660244595887	569660204808908
569660220174533	569660261166200	569660221557866
569660249801095	569660277752137	569660252140679
569660263522450	569660294321408	569660265530783
569660272984950	569660310895366	569660275542241
569660285441200	569660327472970	569660287953179
569660305057866	569660344079220	569660307390679
569660319410470	569660360645366	569660321588075
569660334457866	569660377215158	569660336124533
569660351771929	569660393800575	569660353424012
569660368662033	569660410378179	569660369823491
569660384707866	569660426957866	569660385768283
569660402595366	569660443542241	569660403688595
569660418917762	569660460130783	569660420588595
569660435952137	569660476718283	569660437713595
569660478816720	569660509842762	569660481462554
569660484264116	569660526413595	569660486162033
569660505289116	569660543001616	569660507695887
569660518440679	569660559585470	569660520535470
569660533288075	569660576141200	569660534890158
569660554019325	569660592753179	569660555668804
569660569275575	569660609333908	569660570944845
569660584707866	569660625925574	569660586400575
569660601103179	569660642502658	569660602817762
569660617610470	569660659066199	569660619196929
569660637022449	569660675646929	569660639818283
569660652821929	569660692224533	569660654537554
569660666737033	569660708817762	569660667779741
569660684756304	569660725389637	569660686016720
569660704070887	569660741970366	569660705680262
569660719428699	569660758552137	569660721464637
569660735676095	569660775151616	569660737287033
569660751697970	569660791680262	569660753306824
569660772856824	569660808300054	569660774675054
569660786259949	569660824856304	569660787409949
569660798242762	569660841442762	569660799499012
569660824162554	569660857990158	569660825967762
569660862937554	569660891152658	569660865527137
569660869674012	569660907721929	569660872285470
569660892127137	569660924307345	569660894785470
569660900788074	569660940869324	569660903290158
569660919459949	569660957462033	569660921979741
569660940401616	569660974024533	569660942458908
569660950572970	569660990593804	569660953197970
569660965884429	569661007182866	569660968181824
569660981775054	569661023756824	569660984312033
569661013766199	569661040337033	569661017481304
569661018007345	569661056905783	569661020102658
569661443362033	569661471333908	569661445983387
569661471396929	569661487882345	569661474036512
569661471396929	569661537614637	569661474036512
569661531547970	569661554189116	569661534245887
569661546612033	569661570763074	569661549299533
569661556073491	569661587338595	569661558901616
569661565307345	569661603912033	569661567532345
569661580601095	569661620498491	569661583367762
569663187893282	569663211707345	569663190508907
569663240154220	569663261401095	569663242841199
569663305359428	569663327727657	569663308109428
569663375199532	569663394022449	569663378193803
569663437939637	569663460288595	569663440152657
569663502209949	569663526639116	569663503103178
569671398196927	569671416389635	569671400746927
569671411654740	569671432968281	569671414403177
569671420577135	569671449517760	569671423187031
569672997880781	569673007672968	569673000297968
569673050812552	569673074195885	569673053613073
569673121203177	569673140281823	569673123507343
569673185783385	569673206574531	569673187971927
569673250190677	569673272835468	569673252497448
569673314088593	569673339161510	569673314719843


16666666
569659277677137	569659316293804	569659279144325
569659296960991	569659332875054	569659299089637
569659309775054	569659349414637	569659311049012
569659326964637	569659366000575	569659328524533
569659342666721	569659382581304	569659344324533
569659361082866	569659399174533	569659363303700
569659376653179	569659415748491	569659378019846
569659390480783	569659432328179	569659391627658
569659408612033	569659448905783	569659410464637
569659424594325	569659465479741	569659425641200
569659443183908	569659482109950	569659445276616
569659457470366	569659498642241	569659458913075
569659478807866	569659515210991	569659480729741
569659491758908	569659531803179	569659493090158
569659507209950	569659548424012	569659508461512
569659525347970	569659564946929	569659527349012
569659545017762	569659581525575	569659546779220
569659558477137	569659598101095	569659559812033
569659574039116	569659614726616	569659575401616
569659590689116	569659631255262	569659591960991
569659608146929	569659647839637	569659609083387
569659624463595	569659664412033	569659625619325
569659642213595	569659680998491	569659643855262
569659659151095	569659697558908	569659661197450
569659676622970	569659714148491	569659678306304
569659692083908	569659730720366	569659693858908
569659707917241	569659747284950	569659709735470
569659722981825	569659763860470	569659724264116
569659740677137	569659780437033	569659742542762
569659754766720	569659797034429	569659756190158
569659770685991	569659813618283	569659771771929
569659791754220	569659830193283	569659793742762
569659807569325	569659846768283	569659809408908
569659822787554	569659863338595	569659824080262
569659839493804	569659879926095	569659840933387
569659855051616	569659896495366	569659856511512
569659875884950	569659913066200	569659877102658
569659888927658	569659929645366	569659890080262
569659906227137	569659946213075	569659907882345
569659922439637	569659962799533	569659923860991
569659939384950	569659979372450	569659941135470
569659954945887	569659995935470	569659956199533
569659974861512	569660012522450	569659976833908
569659990310991	569660029101616	569659992331825
569660005987033	569660045680262	569660007884950
569660023240679	569660062257866	569660025029220
569660038530783	569660078833908	569660039870366
569660056330262	569660095410991	569660058490158
569660072474012	569660111980262	569660073612033
569660088074012	569660128559429	569660089330783
569660105224012	569660145164637	569660106606825
569660123226095	569660161706304	569660124670366
569660138249533	569660178280262	569660139353700
569660154884429	569660194854741	569660156502137
569660174150054	569660211434950	569660176056304
569660186627137	569660228020366	569660187967241
569660203654220	569660244595887	569660204808908
569660220174533	569660261166200	569660221557866
569660249801095	569660277752137	569660252140679
569660263522450	569660294321408	569660265530783
569660272984950	569660310895366	569660275542241
569660285441200	569660327472970	569660287953179
569660305057866	569660344079220	569660307390679
569660319410470	569660360645366	569660321588075
569660334457866	569660377215158	569660336124533
569660351771929	569660393800575	569660353424012
569660368662033	569660410378179	569660369823491
569660384707866	569660426957866	569660385768283
569660402595366	569660443542241	569660403688595
569660418917762	569660460130783	569660420588595
569660435952137	569660476718283	569660437713595
569660478816720	569660509842762	569660481462554
569660484264116	569660526413595	569660486162033
569660505289116	569660543001616	569660507695887
569660518440679	569660559585470	569660520535470
569660533288075	569660576141200	569660534890158
569660554019325	569660592753179	569660555668804
569660569275575	569660609333908	569660570944845
569660584707866	569660625925574	569660586400575
569660601103179	569660642502658	569660602817762
569660617610470	569660659066199	569660619196929
569660637022449	569660675646929	569660639818283
569660652821929	569660692224533	569660654537554
569660666737033	569660708817762	569660667779741
569660684756304	569660725389637	569660686016720
569660704070887	569660741970366	569660705680262
569660719428699	569660758552137	569660721464637
569660735676095	569660775151616	569660737287033
569660751697970	569660791680262	569660753306824
569660772856824	569660808300054	569660774675054
569660786259949	569660824856304	569660787409949
569660798242762	569660841442762	569660799499012
569660824162554	569660857990158	569660825967762
569660862937554	569660891152658	569660865527137
569660869674012	569660907721929	569660872285470
569660892127137	569660924307345	569660894785470
569660900788074	569660940869324	569660903290158
569660919459949	569660957462033	569660921979741
569660940401616	569660974024533	569660942458908
569660950572970	569660990593804	569660953197970
569660965884429	569661007182866	569660968181824
569660981775054	569661023756824	569660984312033
569661013766199	569661040337033	569661017481304
569661018007345	569661056905783	569661020102658
569661443362033	569661471333908	569661445983387
569661471396929	569661487882345	569661474036512
569661471396929	569661537614637	569661474036512
569661531547970	569661554189116	569661534245887
569661546612033	569661570763074	569661549299533
569661556073491	569661587338595	569661558901616
569661565307345	569661603912033	569661567532345
569661580601095	569661620498491	569661583367762
569663187893282	569663211707345	569663190508907
569663240154220	569663261401095	569663242841199
569663305359428	569663327727657	569663308109428
569663375199532	569663394022449	569663378193803
569663437939637	569663460288595	569663440152657
569663502209949	569663526639116	569663503103178
569671398196927	569671416389635	569671400746927
569671411654740	569671432968281	569671414403177
569671420577135	569671449517760	569671423187031
569672997880781	569673007672968	569673000297968
569673050812552	569673074195885	569673053613073
569673121203177	569673140281823	569673123507343
569673185783385	569673206574531	569673187971927
569673250190677	569673272835468	569673252497448
569673314088593	569673339161510	569673314719843


16666666
569659277677137	569659316293804	569659279144325
569659296960991	569659332875054	569659299089637
569659309775054	569659349414637	569659311049012
569659326964637	569659366000575	569659328524533
569659342666721	569659382581304	569659344324533
569659361082866	569659399174533	569659363303700
569659376653179	569659415748491	569659378019846
569659390480783	569659432328179	569659391627658
569659408612033	569659448905783	569659410464637
569659424594325	569659465479741	569659425641200
569659443183908	569659482109950	569659445276616
569659457470366	569659498642241	569659458913075
569659478807866	569659515210991	569659480729741
569659491758908	569659531803179	569659493090158
569659507209950	569659548424012	569659508461512
569659525347970	569659564946929	569659527349012
569659545017762	569659581525575	569659546779220
569659558477137	569659598101095	569659559812033
569659574039116	569659614726616	569659575401616
569659590689116	569659631255262	569659591960991
569659608146929	569659647839637	569659609083387
569659624463595	569659664412033	569659625619325
569659642213595	569659680998491	569659643855262
569659659151095	569659697558908	569659661197450
569659676622970	569659714148491	569659678306304
569659692083908	569659730720366	569659693858908
569659707917241	569659747284950	569659709735470
569659722981825	569659763860470	569659724264116
569659740677137	569659780437033	569659742542762
569659754766720	569659797034429	569659756190158
569659770685991	569659813618283	569659771771929
569659791754220	569659830193283	569659793742762
569659807569325	569659846768283	569659809408908
569659822787554	569659863338595	569659824080262
569659839493804	569659879926095	569659840933387
569659855051616	569659896495366	569659856511512
569659875884950	569659913066200	569659877102658
569659888927658	569659929645366	569659890080262
569659906227137	569659946213075	569659907882345
569659922439637	569659962799533	569659923860991
569659939384950	569659979372450	569659941135470
569659954945887	569659995935470	569659956199533
569659974861512	569660012522450	569659976833908
569659990310991	569660029101616	569659992331825
569660005987033	569660045680262	569660007884950
569660023240679	569660062257866	569660025029220
569660038530783	569660078833908	569660039870366
569660056330262	569660095410991	569660058490158
569660072474012	569660111980262	569660073612033
569660088074012	569660128559429	569660089330783
569660105224012	569660145164637	569660106606825
569660123226095	569660161706304	569660124670366
569660138249533	569660178280262	569660139353700
569660154884429	569660194854741	569660156502137
569660174150054	569660211434950	569660176056304
569660186627137	569660228020366	569660187967241
569660203654220	569660244595887	569660204808908
569660220174533	569660261166200	569660221557866
569660249801095	569660277752137	569660252140679
569660263522450	569660294321408	569660265530783
569660272984950	569660310895366	569660275542241
569660285441200	569660327472970	569660287953179
569660305057866	569660344079220	569660307390679
569660319410470	569660360645366	569660321588075
569660334457866	569660377215158	569660336124533
569660351771929	569660393800575	569660353424012
569660368662033	569660410378179	569660369823491
569660384707866	569660426957866	569660385768283
569660402595366	569660443542241	569660403688595
569660418917762	569660460130783	569660420588595
569660435952137	569660476718283	569660437713595
569660478816720	569660509842762	569660481462554
569660484264116	569660526413595	569660486162033
569660505289116	569660543001616	569660507695887
569660518440679	569660559585470	569660520535470
569660533288075	569660576141200	569660534890158
569660554019325	569660592753179	569660555668804
569660569275575	569660609333908	569660570944845
569660584707866	569660625925574	569660586400575
569660601103179	569660642502658	569660602817762
569660617610470	569660659066199	569660619196929
569660637022449	569660675646929	569660639818283
569660652821929	569660692224533	569660654537554
569660666737033	569660708817762	569660667779741
569660684756304	569660725389637	569660686016720
569660704070887	569660741970366	569660705680262
569660719428699	569660758552137	569660721464637
569660735676095	569660775151616	569660737287033
569660751697970	569660791680262	569660753306824
569660772856824	569660808300054	569660774675054
569660786259949	569660824856304	569660787409949
569660798242762	569660841442762	569660799499012
569660824162554	569660857990158	569660825967762
569660862937554	569660891152658	569660865527137
569660869674012	569660907721929	569660872285470
569660892127137	569660924307345	569660894785470
569660900788074	569660940869324	569660903290158
569660919459949	569660957462033	569660921979741
569660940401616	569660974024533	569660942458908
569660950572970	569660990593804	569660953197970
569660965884429	569661007182866	569660968181824
569660981775054	569661023756824	569660984312033
569661013766199	569661040337033	569661017481304
569661018007345	569661056905783	569661020102658
569661443362033	569661471333908	569661445983387
569661471396929	569661487882345	569661474036512
569661471396929	569661537614637	569661474036512
569661531547970	569661554189116	569661534245887
569661546612033	569661570763074	569661549299533
569661556073491	569661587338595	569661558901616
569661565307345	569661603912033	569661567532345
569661580601095	569661620498491	569661583367762
569663187893282	569663211707345	569663190508907
569663240154220	569663261401095	569663242841199
569663305359428	569663327727657	569663308109428
569663375199532	569663394022449	569663378193803
569663437939637	569663460288595	569663440152657
569663502209949	569663526639116	569663503103178
569671398196927	569671416389635	569671400746927
569671411654740	569671432968281	569671414403177
569671420577135	569671449517760	569671423187031
569672997880781	569673007672968	569673000297968
569673050812552	569673074195885	569673053613073
569673121203177	569673140281823	569673123507343
569673185783385	569673206574531	569673187971927
569673250190677	569673272835468	569673252497448
569673314088593	569673339161510	569673314719843


16666666
569754323106289	569754361641706	569754323845873
569754336318269	569754378227123	569754337033894
569754352982331	569754394805769	569754353696394
569754369562539	569754411378164	569754370267748
569754387904727	569754427960977	569754388434935
569754402718789	569754444553685	569754403489102
569754419344310	569754461133894	569754420133373
569754464856289	569754494276602	569754466509414
569754471348998	569754510864102	569754472954206
569754488823998	569754527439623	569754490482852
569754506083373	569754544014623	569754507738581
569754520542748	569754560603164	569754521486498
569754536984414	569754577220873	569754537449518
569754552928685	569754593760456	569754553650560
569754569902643	569754610330768	569754570747435
569754586965664	569754626907331	569754587703164
569754603394831	569754643494310	569754604155248
569754619756289	569754660115664	569754620425560
569754638339623	569754676666706	569754638996393
569754654463060	569754693269831	569754655103685
569754670439102	569754709813060	569754671127643
569754689288060	569754726379206	569754689435456
569754705172956	569754743352123	569754706085977
569754719932852	569754759910456	569754720610977
569754736618789	569754776118268	569754737405768
569754752967748	569754792676081	569754753616706
569754768635456	569754809251602	569754769355248
569754785337539	569754825826081	569754786019831
569754801810456	569754842404206	569754802498477
569754816613060	569754858995352	569754817316185
569754833298477	569754875569831	569754834002643
569754850006810	569754892150039	569754850725039
569754866877123	569754908729727	569754867594831
569754883842748	569754925315664	569754884571914
569754900651081	569754942250039	569754901344310
569754916887018	569754958468789	569754917560456
569754934359414	569754975068268	569754935030768
569754951407852	569754991651602	569754952375560
569754969145873	569755009058373	569754969732331
569754986271914	569755024788581	569754986940664
569755002675039	569755041367227	569755003291185
569755019366185	569755057969310	569755019935977
569755036496914	569755074601602	569755037014623
569755053608893	569755091119831	569755054204206
569755068165664	569755107661498	569755068856289
569755085810456	569755124225560	569755086453685
569755105288581	569755140860977	569755105907331
569755143375039	569755173965664	569755144816706
569755150981810	569755190529727	569755152589102
569755168678685	569755207116706	569755170478685
569755221812539	569755240290664	569755222785456
569755233755248	569755256835456	569755235254727
569755241902123	569755273412018	569755243327643
569755252819310	569755289998477	569755254405248
569755267367748	569755306571914	569755269135977
569755289022956	569755323223998	569755290665664
569755303703685	569755339709414	569755304696914
569755320279727	569755356294831	569755323292748
569755331587539	569755372863060	569755333209414
569755376912539	569755406016185	569755379081289
569755382953164	569755422593268	569755384982331
569755410888581	569755439181810	569755412699518
569755415228164	569755455745352	569755416835977
569755483410456	569755505485456	569755485102123
569755511660456	569755538625560	569755513399518
569755518378685	569755555204727	569755520153164
569755541484414	569755571804206	569755542735456
569755550638581	569755588342748	569755552275039
569755574838060	569755604961498	569755577010977
569755587167748	569755621539102	569755588842227
569755608844310	569755638110456	569755610592227
569755614598998	569755654675039	569755617165143
569755678160977	569755704409935	569755679896914
569755693080768	569755720962018	569755694636497
569755701316185	569755737565143	569755702585977
569755725050039	569755754133893	569755726790664
569755732919310	569755770710977	569755734571393
569755759678685	569755787278164	569755761371393
569755766679727	569755803868789	569755768390664
569755807420352	569755837011497	569755809114622
569755814218789	569755853592227	569755815946393
569755842496393	569755870192227	569755844251081
569755847475560	569755886731289	569755849204206
569755873518268	569755903316185	569755874795872
569755877588581	569755919892227	569755879367227
569755934641185	569755953032852	569755936433893
569755939309414	569755969612018	569755941143268
569755965741706	569755986202643	569755967558372
569755971538581	569756002776602	569755973204206
569755987693268	569756019358372	569755989577643
569755996791185	569756035928685	569755998549518
569756056385456	569756085679727	569756058172956
569756074283372	569756102243268	569756075695872
569756083265143	569756118846393	569756085056810
569756126238581	569756152028164	569756127995872
569756133093268	569756168583372	569756134876081
569756158592227	569756185161497	569756160390664
569756166113581	569756201731289	569756167990664
569756212892747	569756234900039	569756214740664
569756222689622	569756251470872	569756224775039
569756266293789	569756284617227	569756268431810
569756275169310	569756301226602	569756276966185
569756311832852	569756334383372	569756313511497
569756322228685	569756350918268	569756324112018
569756379040143	569756400665664	569756380822435
569756385480247	569756417235456	569756387365664
569756431732331	569756450376602	569756433426602
569756439711497	569756467428685	569756441593268
569756480471393	569756500107331	569756482268268
569756484666185	569756516675560	569756486584414
569756529377643	569756549827643	569756531033372
569756538283893	569756566433372	569756540350560
569756576784414	569756599934414	569756578575039
569756583690143	569756616114102	569756585511497
569756630903164	569756649355247	569756632631289
569756639723477	569756665895872	569756641420352
569756639723477	569756715606289	569756641420352
569756737577122	569756765340143	569756739315664
569756744182331	569756781909414	569756745942747
569756761957851	569756798514101	569756764155247
569756775391185	569756815083893	569756777189101
569758373410976	569758389980768	569758375215143
569758435442747	569758456292226	569758437299518
569758497025560	569758522587018	569758498536497
569758565635976	569758588912018	569758566984414
569758631705247	569758655192226	569758633178685
569758698038060	569758721505768	569758698680768


16666666
569754323106289	569754361641706	569754323845873
569754336318269	569754378227123	569754337033894
569754352982331	569754394805769	569754353696394
569754369562539	569754411378164	569754370267748
569754387904727	569754427960977	569754388434935
569754402718789	569754444553685	569754403489102
569754419344310	569754461133894	569754420133373
569754464856289	569754494276602	569754466509414
569754471348998	569754510864102	569754472954206
569754488823998	569754527439623	569754490482852
569754506083373	569754544014623	569754507738581
569754520542748	569754560603164	569754521486498
569754536984414	569754577220873	569754537449518
569754552928685	569754593760456	569754553650560
569754569902643	569754610330768	569754570747435
569754586965664	569754626907331	569754587703164
569754603394831	569754643494310	569754604155248
569754619756289	569754660115664	569754620425560
569754638339623	569754676666706	569754638996393
569754654463060	569754693269831	569754655103685
569754670439102	569754709813060	569754671127643
569754689288060	569754726379206	569754689435456
569754705172956	569754743352123	569754706085977
569754719932852	569754759910456	569754720610977
569754736618789	569754776118268	569754737405768
569754752967748	569754792676081	569754753616706
569754768635456	569754809251602	569754769355248
569754785337539	569754825826081	569754786019831
569754801810456	569754842404206	569754802498477
569754816613060	569754858995352	569754817316185
569754833298477	569754875569831	569754834002643
569754850006810	569754892150039	569754850725039
569754866877123	569754908729727	569754867594831
569754883842748	569754925315664	569754884571914
569754900651081	569754942250039	569754901344310
569754916887018	569754958468789	569754917560456
569754934359414	569754975068268	569754935030768
569754951407852	569754991651602	569754952375560
569754969145873	569755009058373	569754969732331
569754986271914	569755024788581	569754986940664
569755002675039	569755041367227	569755003291185
569755019366185	569755057969310	569755019935977
569755036496914	569755074601602	569755037014623
569755053608893	569755091119831	569755054204206
569755068165664	569755107661498	569755068856289
569755085810456	569755124225560	569755086453685
569755105288581	569755140860977	569755105907331
569755143375039	569755173965664	569755144816706
569755150981810	569755190529727	569755152589102
569755168678685	569755207116706	569755170478685
569755221812539	569755240290664	569755222785456
569755233755248	569755256835456	569755235254727
569755241902123	569755273412018	569755243327643
569755252819310	569755289998477	569755254405248
569755267367748	569755306571914	569755269135977
569755289022956	569755323223998	569755290665664
569755303703685	569755339709414	569755304696914
569755320279727	569755356294831	569755323292748
569755331587539	569755372863060	569755333209414
569755376912539	569755406016185	569755379081289
569755382953164	569755422593268	569755384982331
569755410888581	569755439181810	569755412699518
569755415228164	569755455745352	569755416835977
569755483410456	569755505485456	569755485102123
569755511660456	569755538625560	569755513399518
569755518378685	569755555204727	569755520153164
569755541484414	569755571804206	569755542735456
569755550638581	569755588342748	569755552275039
569755574838060	569755604961498	569755577010977
569755587167748	569755621539102	569755588842227
569755608844310	569755638110456	569755610592227
569755614598998	569755654675039	569755617165143
569755678160977	569755704409935	569755679896914
569755693080768	569755720962018	569755694636497
569755701316185	569755737565143	569755702585977
569755725050039	569755754133893	569755726790664
569755732919310	569755770710977	569755734571393
569755759678685	569755787278164	569755761371393
569755766679727	569755803868789	569755768390664
569755807420352	569755837011497	569755809114622
569755814218789	569755853592227	569755815946393
569755842496393	569755870192227	569755844251081
569755847475560	569755886731289	569755849204206
569755873518268	569755903316185	569755874795872
569755877588581	569755919892227	569755879367227
569755934641185	569755953032852	569755936433893
569755939309414	569755969612018	569755941143268
569755965741706	569755986202643	569755967558372
569755971538581	569756002776602	569755973204206
569755987693268	569756019358372	569755989577643
569755996791185	569756035928685	569755998549518
569756056385456	569756085679727	569756058172956
569756074283372	569756102243268	569756075695872
569756083265143	569756118846393	569756085056810
569756126238581	569756152028164	569756127995872
569756133093268	569756168583372	569756134876081
569756158592227	569756185161497	569756160390664
569756166113581	569756201731289	569756167990664
569756212892747	569756234900039	569756214740664
569756222689622	569756251470872	569756224775039
569756266293789	569756284617227	569756268431810
569756275169310	569756301226602	569756276966185
569756311832852	569756334383372	569756313511497
569756322228685	569756350918268	569756324112018
569756379040143	569756400665664	569756380822435
569756385480247	569756417235456	569756387365664
569756431732331	569756450376602	569756433426602
569756439711497	569756467428685	569756441593268
569756480471393	569756500107331	569756482268268
569756484666185	569756516675560	569756486584414
569756529377643	569756549827643	569756531033372
569756538283893	569756566433372	569756540350560
569756576784414	569756599934414	569756578575039
569756583690143	569756616114102	569756585511497
569756630903164	569756649355247	569756632631289
569756639723477	569756665895872	569756641420352
569756639723477	569756715606289	569756641420352
569756737577122	569756765340143	569756739315664
569756744182331	569756781909414	569756745942747
569756761957851	569756798514101	569756764155247
569756775391185	569756815083893	569756777189101
569758373410976	569758389980768	569758375215143
569758435442747	569758456292226	569758437299518
569758497025560	569758522587018	569758498536497
569758565635976	569758588912018	569758566984414
569758631705247	569758655192226	569758633178685
569758698038060	569758721505768	569758698680768


16666666
569754323106289	569754361641706	569754323845873
569754336318269	569754378227123	569754337033894
569754352982331	569754394805769	569754353696394
569754369562539	569754411378164	569754370267748
569754387904727	569754427960977	569754388434935
569754402718789	569754444553685	569754403489102
569754419344310	569754461133894	569754420133373
569754464856289	569754494276602	569754466509414
569754471348998	569754510864102	569754472954206
569754488823998	569754527439623	569754490482852
569754506083373	569754544014623	569754507738581
569754520542748	569754560603164	569754521486498
569754536984414	569754577220873	569754537449518
569754552928685	569754593760456	569754553650560
569754569902643	569754610330768	569754570747435
569754586965664	569754626907331	569754587703164
569754603394831	569754643494310	569754604155248
569754619756289	569754660115664	569754620425560
569754638339623	569754676666706	569754638996393
569754654463060	569754693269831	569754655103685
569754670439102	569754709813060	569754671127643
569754689288060	569754726379206	569754689435456
569754705172956	569754743352123	569754706085977
569754719932852	569754759910456	569754720610977
569754736618789	569754776118268	569754737405768
569754752967748	569754792676081	569754753616706
569754768635456	569754809251602	569754769355248
569754785337539	569754825826081	569754786019831
569754801810456	569754842404206	569754802498477
569754816613060	569754858995352	569754817316185
569754833298477	569754875569831	569754834002643
569754850006810	569754892150039	569754850725039
569754866877123	569754908729727	569754867594831
569754883842748	569754925315664	569754884571914
569754900651081	569754942250039	569754901344310
569754916887018	569754958468789	569754917560456
569754934359414	569754975068268	569754935030768
569754951407852	569754991651602	569754952375560
569754969145873	569755009058373	569754969732331
569754986271914	569755024788581	569754986940664
569755002675039	569755041367227	569755003291185
569755019366185	569755057969310	569755019935977
569755036496914	569755074601602	569755037014623
569755053608893	569755091119831	569755054204206
569755068165664	569755107661498	569755068856289
569755085810456	569755124225560	569755086453685
569755105288581	569755140860977	569755105907331
569755143375039	569755173965664	569755144816706
569755150981810	569755190529727	569755152589102
569755168678685	569755207116706	569755170478685
569755221812539	569755240290664	569755222785456
569755233755248	569755256835456	569755235254727
569755241902123	569755273412018	569755243327643
569755252819310	569755289998477	569755254405248
569755267367748	569755306571914	569755269135977
569755289022956	569755323223998	569755290665664
569755303703685	569755339709414	569755304696914
569755320279727	569755356294831	569755323292748
569755331587539	569755372863060	569755333209414
569755376912539	569755406016185	569755379081289
569755382953164	569755422593268	569755384982331
569755410888581	569755439181810	569755412699518
569755415228164	569755455745352	569755416835977
569755483410456	569755505485456	569755485102123
569755511660456	569755538625560	569755513399518
569755518378685	569755555204727	569755520153164
569755541484414	569755571804206	569755542735456
569755550638581	569755588342748	569755552275039
569755574838060	569755604961498	569755577010977
569755587167748	569755621539102	569755588842227
569755608844310	569755638110456	569755610592227
569755614598998	569755654675039	569755617165143
569755678160977	569755704409935	569755679896914
569755693080768	569755720962018	569755694636497
569755701316185	569755737565143	569755702585977
569755725050039	569755754133893	569755726790664
569755732919310	569755770710977	569755734571393
569755759678685	569755787278164	569755761371393
569755766679727	569755803868789	569755768390664
569755807420352	569755837011497	569755809114622
569755814218789	569755853592227	569755815946393
569755842496393	569755870192227	569755844251081
569755847475560	569755886731289	569755849204206
569755873518268	569755903316185	569755874795872
569755877588581	569755919892227	569755879367227
569755934641185	569755953032852	569755936433893
569755939309414	569755969612018	569755941143268
569755965741706	569755986202643	569755967558372
569755971538581	569756002776602	569755973204206
569755987693268	569756019358372	569755989577643
569755996791185	569756035928685	569755998549518
569756056385456	569756085679727	569756058172956
569756074283372	569756102243268	569756075695872
569756083265143	569756118846393	569756085056810
569756126238581	569756152028164	569756127995872
569756133093268	569756168583372	569756134876081
569756158592227	569756185161497	569756160390664
569756166113581	569756201731289	569756167990664
569756212892747	569756234900039	569756214740664
569756222689622	569756251470872	569756224775039
569756266293789	569756284617227	569756268431810
569756275169310	569756301226602	569756276966185
569756311832852	569756334383372	569756313511497
569756322228685	569756350918268	569756324112018
569756379040143	569756400665664	569756380822435
569756385480247	569756417235456	569756387365664
569756431732331	569756450376602	569756433426602
569756439711497	569756467428685	569756441593268
569756480471393	569756500107331	569756482268268
569756484666185	569756516675560	569756486584414
569756529377643	569756549827643	569756531033372
569756538283893	569756566433372	569756540350560
569756576784414	569756599934414	569756578575039
569756583690143	569756616114102	569756585511497
569756630903164	569756649355247	569756632631289
569756639723477	569756665895872	569756641420352
569756639723477	569756715606289	569756641420352
569756737577122	569756765340143	569756739315664
569756744182331	569756781909414	569756745942747
569756761957851	569756798514101	569756764155247
569756775391185	569756815083893	569756777189101
569758373410976	569758389980768	569758375215143
569758435442747	569758456292226	569758437299518
569758497025560	569758522587018	569758498536497
569758565635976	569758588912018	569758566984414
569758631705247	569758655192226	569758633178685
569758698038060	569758721505768	569758698680768


16666666
569754323106289	569754361641706	569754323845873
569754336318269	569754378227123	569754337033894
569754352982331	569754394805769	569754353696394
569754369562539	569754411378164	569754370267748
569754387904727	569754427960977	569754388434935
569754402718789	569754444553685	569754403489102
569754419344310	569754461133894	569754420133373
569754464856289	569754494276602	569754466509414
569754471348998	569754510864102	569754472954206
569754488823998	569754527439623	569754490482852
569754506083373	569754544014623	569754507738581
569754520542748	569754560603164	569754521486498
569754536984414	569754577220873	569754537449518
569754552928685	569754593760456	569754553650560
569754569902643	569754610330768	569754570747435
569754586965664	569754626907331	569754587703164
569754603394831	569754643494310	569754604155248
569754619756289	569754660115664	569754620425560
569754638339623	569754676666706	569754638996393
569754654463060	569754693269831	569754655103685
569754670439102	569754709813060	569754671127643
569754689288060	569754726379206	569754689435456
569754705172956	569754743352123	569754706085977
569754719932852	569754759910456	569754720610977
569754736618789	569754776118268	569754737405768
569754752967748	569754792676081	569754753616706
569754768635456	569754809251602	569754769355248
569754785337539	569754825826081	569754786019831
569754801810456	569754842404206	569754802498477
569754816613060	569754858995352	569754817316185
569754833298477	569754875569831	569754834002643
569754850006810	569754892150039	569754850725039
569754866877123	569754908729727	569754867594831
569754883842748	569754925315664	569754884571914
569754900651081	569754942250039	569754901344310
569754916887018	569754958468789	569754917560456
569754934359414	569754975068268	569754935030768
569754951407852	569754991651602	569754952375560
569754969145873	569755009058373	569754969732331
569754986271914	569755024788581	569754986940664
569755002675039	569755041367227	569755003291185
569755019366185	569755057969310	569755019935977
569755036496914	569755074601602	569755037014623
569755053608893	569755091119831	569755054204206
569755068165664	569755107661498	569755068856289
569755085810456	569755124225560	569755086453685
569755105288581	569755140860977	569755105907331
569755143375039	569755173965664	569755144816706
569755150981810	569755190529727	569755152589102
569755168678685	569755207116706	569755170478685
569755221812539	569755240290664	569755222785456
569755233755248	569755256835456	569755235254727
569755241902123	569755273412018	569755243327643
569755252819310	569755289998477	569755254405248
569755267367748	569755306571914	569755269135977
569755289022956	569755323223998	569755290665664
569755303703685	569755339709414	569755304696914
569755320279727	569755356294831	569755323292748
569755331587539	569755372863060	569755333209414
569755376912539	569755406016185	569755379081289
569755382953164	569755422593268	569755384982331
569755410888581	569755439181810	569755412699518
569755415228164	569755455745352	569755416835977
569755483410456	569755505485456	569755485102123
569755511660456	569755538625560	569755513399518
569755518378685	569755555204727	569755520153164
569755541484414	569755571804206	569755542735456
569755550638581	569755588342748	569755552275039
569755574838060	569755604961498	569755577010977
569755587167748	569755621539102	569755588842227
569755608844310	569755638110456	569755610592227
569755614598998	569755654675039	569755617165143
569755678160977	569755704409935	569755679896914
569755693080768	569755720962018	569755694636497
569755701316185	569755737565143	569755702585977
569755725050039	569755754133893	569755726790664
569755732919310	569755770710977	569755734571393
569755759678685	569755787278164	569755761371393
569755766679727	569755803868789	569755768390664
569755807420352	569755837011497	569755809114622
569755814218789	569755853592227	569755815946393
569755842496393	569755870192227	569755844251081
569755847475560	569755886731289	569755849204206
569755873518268	569755903316185	569755874795872
569755877588581	569755919892227	569755879367227
569755934641185	569755953032852	569755936433893
569755939309414	569755969612018	569755941143268
569755965741706	569755986202643	569755967558372
569755971538581	569756002776602	569755973204206
569755987693268	569756019358372	569755989577643
569755996791185	569756035928685	569755998549518
569756056385456	569756085679727	569756058172956
569756074283372	569756102243268	569756075695872
569756083265143	569756118846393	569756085056810
569756126238581	569756152028164	569756127995872
569756133093268	569756168583372	569756134876081
569756158592227	569756185161497	569756160390664
569756166113581	569756201731289	569756167990664
569756212892747	569756234900039	569756214740664
569756222689622	569756251470872	569756224775039
569756266293789	569756284617227	569756268431810
569756275169310	569756301226602	569756276966185
569756311832852	569756334383372	569756313511497
569756322228685	569756350918268	569756324112018
569756379040143	569756400665664	569756380822435
569756385480247	569756417235456	569756387365664
569756431732331	569756450376602	569756433426602
569756439711497	569756467428685	569756441593268
569756480471393	569756500107331	569756482268268
569756484666185	569756516675560	569756486584414
569756529377643	569756549827643	569756531033372
569756538283893	569756566433372	569756540350560
569756576784414	569756599934414	569756578575039
569756583690143	569756616114102	569756585511497
569756630903164	569756649355247	569756632631289
569756639723477	569756665895872	569756641420352
569756639723477	569756715606289	569756641420352
569756737577122	569756765340143	569756739315664
569756744182331	569756781909414	569756745942747
569756761957851	569756798514101	569756764155247
569756775391185	569756815083893	569756777189101
569758373410976	569758389980768	569758375215143
569758435442747	569758456292226	569758437299518
569758497025560	569758522587018	569758498536497
569758565635976	569758588912018	569758566984414
569758631705247	569758655192226	569758633178685
569758698038060	569758721505768	569758698680768


16666666
569754323106289	569754361641706	569754323845873
569754336318269	569754378227123	569754337033894
569754352982331	569754394805769	569754353696394
569754369562539	569754411378164	569754370267748
569754387904727	569754427960977	569754388434935
569754402718789	569754444553685	569754403489102
569754419344310	569754461133894	569754420133373
569754464856289	569754494276602	569754466509414
569754471348998	569754510864102	569754472954206
569754488823998	569754527439623	569754490482852
569754506083373	569754544014623	569754507738581
569754520542748	569754560603164	569754521486498
569754536984414	569754577220873	569754537449518
569754552928685	569754593760456	569754553650560
569754569902643	569754610330768	569754570747435
569754586965664	569754626907331	569754587703164
569754603394831	569754643494310	569754604155248
569754619756289	569754660115664	569754620425560
569754638339623	569754676666706	569754638996393
569754654463060	569754693269831	569754655103685
569754670439102	569754709813060	569754671127643
569754689288060	569754726379206	569754689435456
569754705172956	569754743352123	569754706085977
569754719932852	569754759910456	569754720610977
569754736618789	569754776118268	569754737405768
569754752967748	569754792676081	569754753616706
569754768635456	569754809251602	569754769355248
569754785337539	569754825826081	569754786019831
569754801810456	569754842404206	569754802498477
569754816613060	569754858995352	569754817316185
569754833298477	569754875569831	569754834002643
569754850006810	569754892150039	569754850725039
569754866877123	569754908729727	569754867594831
569754883842748	569754925315664	569754884571914
569754900651081	569754942250039	569754901344310
569754916887018	569754958468789	569754917560456
569754934359414	569754975068268	569754935030768
569754951407852	569754991651602	569754952375560
569754969145873	569755009058373	569754969732331
569754986271914	569755024788581	569754986940664
569755002675039	569755041367227	569755003291185
569755019366185	569755057969310	569755019935977
569755036496914	569755074601602	569755037014623
569755053608893	569755091119831	569755054204206
569755068165664	569755107661498	569755068856289
569755085810456	569755124225560	569755086453685
569755105288581	569755140860977	569755105907331
569755143375039	569755173965664	569755144816706
569755150981810	569755190529727	569755152589102
569755168678685	569755207116706	569755170478685
569755221812539	569755240290664	569755222785456
569755233755248	569755256835456	569755235254727
569755241902123	569755273412018	569755243327643
569755252819310	569755289998477	569755254405248
569755267367748	569755306571914	569755269135977
569755289022956	569755323223998	569755290665664
569755303703685	569755339709414	569755304696914
569755320279727	569755356294831	569755323292748
569755331587539	569755372863060	569755333209414
569755376912539	569755406016185	569755379081289
569755382953164	569755422593268	569755384982331
569755410888581	569755439181810	569755412699518
569755415228164	569755455745352	569755416835977
569755483410456	569755505485456	569755485102123
569755511660456	569755538625560	569755513399518
569755518378685	569755555204727	569755520153164
569755541484414	569755571804206	569755542735456
569755550638581	569755588342748	569755552275039
569755574838060	569755604961498	569755577010977
569755587167748	569755621539102	569755588842227
569755608844310	569755638110456	569755610592227
569755614598998	569755654675039	569755617165143
569755678160977	569755704409935	569755679896914
569755693080768	569755720962018	569755694636497
569755701316185	569755737565143	569755702585977
569755725050039	569755754133893	569755726790664
569755732919310	569755770710977	569755734571393
569755759678685	569755787278164	569755761371393
569755766679727	569755803868789	569755768390664
569755807420352	569755837011497	569755809114622
569755814218789	569755853592227	569755815946393
569755842496393	569755870192227	569755844251081
569755847475560	569755886731289	569755849204206
569755873518268	569755903316185	569755874795872
569755877588581	569755919892227	569755879367227
569755934641185	569755953032852	569755936433893
569755939309414	569755969612018	569755941143268
569755965741706	569755986202643	569755967558372
569755971538581	569756002776602	569755973204206
569755987693268	569756019358372	569755989577643
569755996791185	569756035928685	569755998549518
569756056385456	569756085679727	569756058172956
569756074283372	569756102243268	569756075695872
569756083265143	569756118846393	569756085056810
569756126238581	569756152028164	569756127995872
569756133093268	569756168583372	569756134876081
569756158592227	569756185161497	569756160390664
569756166113581	569756201731289	569756167990664
569756212892747	569756234900039	569756214740664
569756222689622	569756251470872	569756224775039
569756266293789	569756284617227	569756268431810
569756275169310	569756301226602	569756276966185
569756311832852	569756334383372	569756313511497
569756322228685	569756350918268	569756324112018
569756379040143	569756400665664	569756380822435
569756385480247	569756417235456	569756387365664
569756431732331	569756450376602	569756433426602
569756439711497	569756467428685	569756441593268
569756480471393	569756500107331	569756482268268
569756484666185	569756516675560	569756486584414
569756529377643	569756549827643	569756531033372
569756538283893	569756566433372	569756540350560
569756576784414	569756599934414	569756578575039
569756583690143	569756616114102	569756585511497
569756630903164	569756649355247	569756632631289
569756639723477	569756665895872	569756641420352
569756639723477	569756715606289	569756641420352
569756737577122	569756765340143	569756739315664
569756744182331	569756781909414	569756745942747
569756761957851	569756798514101	569756764155247
569756775391185	569756815083893	569756777189101
569758373410976	569758389980768	569758375215143
569758435442747	569758456292226	569758437299518
569758497025560	569758522587018	569758498536497
569758565635976	569758588912018	569758566984414
569758631705247	569758655192226	569758633178685
569758698038060	569758721505768	569758698680768


16666666
569861548138565	569861590372419	569861548905752
569861565060960	569861606952627	569861565847940
569861582950544	569861623533356	569861583655752
569861598146377	569861640095335	569861598940648
569861614531273	569861656693773	569861615334398
569861631892731	569861673262523	569861632769294
569861648839085	569861689846898	569861649622940
569861664994294	569861706433356	569861665788044
569861680102106	569861723023460	569861680905752
569861697552106	569861739594815	569861698506273
569861714680231	569861756183877	569861715526065
569861731928148	569861772750023	569861732641690
569861749984919	569861789348981	569861750638565
569861769321898	569861805923460	569861769897940
569861782638044	569861822505231	569861783431794
569861800569294	569861839071377	569861800785960
569861818030752	569861855651585	569861818659398
569861831458877	569861872294294	569861832290127
569861848767210	569861888779710	569861849516690
569861869346377	569861905389606	569861869458356
569861887360960	569861921930231	569861887978148
569861906531794	569861938530752	569861907065648
569861913669815	569861955112523	569861914423981
569861974930752	569862004885960	569861976544815
569861982654190	569862021445856	569861984281794
569862042271377	569862071135960	569862043897940
569862047614606	569862087718252	569862049094815
569862064145856	569862104299502	569862066566690
569862078706273	569862120884919	569862080703669
569862094781273	569862137468252	569862096327106
569862114001585	569862154034919	569862115335960
569862129451065	569862170604710	569862130500023
569862148891169	569862187194294	569862150542731
569862162765127	569862203779190	569862164457835
569862179464085	569862220339085	569862181114606
569862195659398	569862236933356	569862197429710
569862213936481	569862253549502	569862215133877
569862228787523	569862270084398	569862230662002
569862248584919	569862286652106	569862249697419
569862262919294	569862303225544	569862263844815
569862279035440	569862319829710	569862280240127
569862295560960	569862336414085	569862296720856
569862312229710	569862352970856	569862313484398
569862327594815	569862369552627	569862328815648
569862347409919	569862386140127	569862349178148
569862362415127	569862402727106	569862363568773
569862378992731	569862419302106	569862380262523
569862395181273	569862435869815	569862396760960
569862414770856	569862452431273	569862416226065
569862427893252	569862469043773	569862428927627
569862444839085	569862485603669	569862446042731
569862465315127	569862502189606	569862466405231
569862479026585	569862518771377	569862480169294
569862494109398	569862535349502	569862495326065
569862510257315	569862551954190	569862511438565
569862530013044	569862568484398	569862531955231
569862544367731	569862585062523	569862545455231
569862558603148	569862601642731	569862559922940
569862576098460	569862618208356	569862577250544
569862593501065	569862634808877	569862594673981
569862608161481	569862651372419	569862609316169
569862626521898	569862667952627	569862628333356
569862644073460	569862684534398	569862645167731
569862663672939	569862701115127	569862664815648
569862676855231	569862717684919	569862678087523
569862691503669	569862734269814	569862692739085
569862708434398	569862750856273	569862709635960
569862725694294	569862767434919	569862726898981
569862742464606	569862784000023	569862743446377
569862763942731	569862800587523	569862765588044
569862776293252	569862817181273	569862777434398
569862792450023	569862833741689	569862793640127
569862809697939	569862850321898	569862810937523
569862828287523	569862866883877	569862829450544
569862842677106	569862883464606	569862844475544
569862860185439	569862900030752	569862862052106
569862875510439	569862916598460	569862876761481
569862894318252	569862933177627	569862895770856
569862908553669	569862949756794	569862909695856
569862925563564	569862966337002	569862927182835
569862942804710	569862983511481	569862944589085
569862961504710	569862999486481	569862962501064
569862975469294	569863016066689	569862976602627
569862991695856	569863032643252	569862993479710
569863010332314	569863049243773	569863011454710
569863025158356	569863065808356	569863026332314
569863042350544	569863082384919	569863043476585
569863060840648	569863098950023	569863061627627
569863075025023	569863115517731	569863076267731
569863091199502	569863132100544	569863092657835
569863107880231	569863148678148	569863109050023
569863122900544	569863165270335	569863124106794
569863142056273	569863181841169	569863143672419
569863157582314	569863198418252	569863158765127
569863174783877	569863214982314	569863176445856
569863189709919	569863231577627	569863190836481
569863206280231	569863248158356	569863207440127
569863225931794	569863264724502	569863227020856
569863242131273	569863281316689	569863243254710
569863258760960	569863297913564	569863259850544
569863275702106	569863314473981	569863276812523
569863290069814	569863331044814	569863291140648
569863307886481	569863347620335	569863309026064
569863323935439	569863364220856	569863325085960
569863340538044	569863380853669	569863341492210
569863359751585	569863397379189	569863361657835
569863377638044	569863413914606	569863379144814
569863391658877	569863430513044	569863396663044
569863407663564	569863447114085	569863409088564
569863423567731	569863463668773	569863424771898
569863439447939	569863480231794	569863440785439
569863455907314	569863496816689	569863457266169
569863476938044	569863513396898	569863478690648
569863487858877	569863529969814	569863489019294
569863505614085	569863546554710	569863506513564
569863523832835	569863563127106	569863525197939
569863539618773	569863579705231	569863541062523
569863555512002	569863596276585	569863556691169
569863572471377	569863612860439	569863573659919
569863588689606	569863629441169	569863589721377
569863604837523	569863646048981	569863606157835
569863621736481	569863662578148	569863623260439
569863638164606	569863679158356	569863639510439
569863656419294	569863695734398	569863657695856
569863670642210	569863712315127	569863672081273
569863687183877	569863728885439	569863688603669
569863704234398	9223372036854775807	569863706322419


16666666
569870238050022	569870278242730	569870239271376
569870253555751	569870294798459	569870254680230
569870270667209	569870311372417	569870271941168
569870289303668	569870327955751	569870290462001
569870305235959	569870344537001	569870306361480
569870318290126	569870361106272	569870319459917
569870335626584	569870377692209	569870336763042
569870352858876	569870394280230	569870354032834
569870369429188	569870410870334	569870370603667
569870386422938	569870427430751	569870388092209
569870407960959	569870444016688	569870409130751
569870419764605	569870460600022	569870421561480
569870436813042	569870477186480	569870437999501
569870454160959	569870493771376	569870455440647
569870470508355	569870510335959	569870471621376
569870489971376	569870526930751	569870491089605
569870503902105	569870543499501	569870505151063
569870521903667	569870560128147	569870523884397
569870536247938	569870576657834	569870537257313
569870554628147	569870593247417	569870555851584
569870571846897	569870609804709	569870574207313
569870588787522	569870626378147	569870591621897
569870603082834	569870642976063	569870605391688
569870617197417	569870659549501	569870619489605
569870637913042	569870676135959	569870640277626
569870656974501	569870692722417	569870659239084
569870674348980	569870709300542	569870676341167
569870684717209	569870725904709	569870686440126
569870701891167	569870742469292	569870702755230
569870734409397	569870759032834	569870736898980
569870740459917	569870775610438	569870742705751
569870752879188	569870792192730	569870754624501
569870770191688	569870808775542	569870772610438
569870782765647	569870825366167	569870784215647
569870805684917	569870841930230	569870807087522
569870818371897	569870858508355	569870819490647
569870831869813	569870875110959	569870832814605
569870851643772	569870891668772	569870853474501
569870865687001	569870908244813	569870866830230
569870885833355	569870924832834	569870886801584
569870901690647	569870941401063	569870903684917
569870915032834	569870957979709	569870916162001
569870933420855	569870974589605	569870934840126
569870952434397	569870991149501	569870953801063
569870965881272	569871007708876	569870967569292
569870982913042	569871024287001	569870983914084
569870997987001	569871040872417	569870999320855
569871015084397	569871057444813	569871016617209
569871033313563	569871074022417	569871035027626
569871047796897	569871090592730	569871048518251
569871080423980	569871107174501	569871083078147
569871085201584	569871123753147	569871087626063
569871097460959	569871140327626	569871099295334
569871128487001	569871156914605	569871130856792
569871132082313	569871173490647	569871133927626
569871153775542	569871190080230	569871156179709
569871188394813	569871206646376	569871191269813
569871190422938	569871223219292	569871192810959
569871202680751	569871239831272	569871205077105
569871228502105	569871256397417	569871230366167
569871233605751	569871272964084	569871236731272
569871247944292	569871289546376	569871250326584
569871272721376	569871306752626	569871275149501
569871281496376	569871322693251	569871283954709
569871298047938	569871339266688	569871300323980
569871326753667	569871355851584	569871329278667
569871337761480	569871372439084	569871341403667
569871354694292	569871389027105	569871357204709
569871363971376	569871405594292	569871366486480
569871389945334	569871422193251	569871392437001
569871399009396	569871438766167	569871401528667
569871452780230	569871471922938	569871455341167
569871458424501	569871488497417	569871461069292
569871503498980	569871522043771	569871506029709
569871512500542	569871538231271	569871514894813
569871561145855	569871587959917	569871563770855
569871565540126	569871604544292	569871567994292
569871615654709	569871637701584	569871618193771
569871619672417	569871654288042	569871622172938
569871662638563	569871687448459	569871665268251
569871666846896	569871704066167	569871669315646
569871717351584	569871737545334	569871719638563
569871722600542	569871753769292	569871722647938
569871757161480	569871786952105	569871759692730
569871761863042	569871803501584	569871764439605
569871820895334	569871836680230	569871823486480
569871825847938	569871853552626	569871828046896
569871893716688	569871919604188	569871896147938
569871905032834	569871936135438	569871907460438
569871936699501	569871952723459	569871939297417
569871942968771	569871969329188	569871945307313
569871975965646	569872002485438	569871978541167
569871981045334	569872019033355	569871983623980
569872033679188	569872052210438	569872035996376
569872038565646	569872068779709	569872041119813
569872084913042	569872101938563	569872087501584
569872093737001	569872118506271	569872095579188
569872128380751	569872151988042	569872130919292
569872133676063	569872168234396	569872137990646
569872133676063	569872383740126	569872137990646
569872380400021	569872400540646	569872383151584
569872395978146	569872416900542	569872398433876
569872402158355	569872433469292	569872404790646
569872420298459	569872450047417	569872423124501
569872426139084	569872466627626	569872428258876
569872443301584	569872483215646	569872446017730
569874046656792	569874074975021	569874049338042
569874104345854	569874124738563	569874106954188
569874171181271	569874191001584	569874173894813
569874236098459	569874257307834	569874238717729
569874300709396	569874323610959	569874302902104
569874365093250	569874389932313	569874365577104
569882011291166	569882033193249	569882013851062
569882021629187	569882049766687	569882024153666
569882030234395	569882066319812	569882032546895
569882043558874	569882082896374	569882046472937
569882095081791	569882116056270	569882097539603
569882102769291	569882132638562	569882105231270
569882111188041	569882149205228	569882113885437
569882426036478	569882447609395	569882428645332
569882430764082	569882464168249	569882433454707
569882451678666	569882480792728	569882453721374
569882458669811	569882497359395	569882461350541
569882543649499	569882563666166	569882546225020
569882551172416	569882580273978	569882553947416
569882568544811	569882596814082	569882570709395
569882575281791	569882613398978	569882577996895


16666666
569870335626584	569870377692209	569870336763042
569870352858876	569870394280230	569870354032834
569870369429188	569870410870334	569870370603667
569870386422938	569870427430751	569870388092209
569870407960959	569870444016688	569870409130751
569870419764605	569870460600022	569870421561480
569870436813042	569870477186480	569870437999501
569870454160959	569870493771376	569870455440647
569870470508355	569870510335959	569870471621376
569870489971376	569870526930751	569870491089605
569870503902105	569870543499501	569870505151063
569870521903667	569870560128147	569870523884397
569870536247938	569870576657834	569870537257313
569870554628147	569870593247417	569870555851584
569870571846897	569870609804709	569870574207313
569870588787522	569870626378147	569870591621897
569870603082834	569870642976063	569870605391688
569870617197417	569870659549501	569870619489605
569870637913042	569870676135959	569870640277626
569870656974501	569870692722417	569870659239084
569870674348980	569870709300542	569870676341167
569870684717209	569870725904709	569870686440126
569870701891167	569870742469292	569870702755230
569870734409397	569870759032834	569870736898980
569870740459917	569870775610438	569870742705751
569870752879188	569870792192730	569870754624501
569870770191688	569870808775542	569870772610438
569870782765647	569870825366167	569870784215647
569870805684917	569870841930230	569870807087522
569870818371897	569870858508355	569870819490647
569870831869813	569870875110959	569870832814605
569870851643772	569870891668772	569870853474501
569870865687001	569870908244813	569870866830230
569870885833355	569870924832834	569870886801584
569870901690647	569870941401063	569870903684917
569870915032834	569870957979709	569870916162001
569870933420855	569870974589605	569870934840126
569870952434397	569870991149501	569870953801063
569870965881272	569871007708876	569870967569292
569870982913042	569871024287001	569870983914084
569870997987001	569871040872417	569870999320855
569871015084397	569871057444813	569871016617209
569871033313563	569871074022417	569871035027626
569871047796897	569871090592730	569871048518251
569871080423980	569871107174501	569871083078147
569871085201584	569871123753147	569871087626063
569871097460959	569871140327626	569871099295334
569871128487001	569871156914605	569871130856792
569871132082313	569871173490647	569871133927626
569871153775542	569871190080230	569871156179709
569871188394813	569871206646376	569871191269813
569871190422938	569871223219292	569871192810959
569871202680751	569871239831272	569871205077105
569871228502105	569871256397417	569871230366167
569871233605751	569871272964084	569871236731272
569871247944292	569871289546376	569871250326584
569871272721376	569871306752626	569871275149501
569871281496376	569871322693251	569871283954709
569871298047938	569871339266688	569871300323980
569871326753667	569871355851584	569871329278667
569871337761480	569871372439084	569871341403667
569871354694292	569871389027105	569871357204709
569871363971376	569871405594292	569871366486480
569871389945334	569871422193251	569871392437001
569871399009396	569871438766167	569871401528667
569871452780230	569871471922938	569871455341167
569871458424501	569871488497417	569871461069292
569871503498980	569871522043771	569871506029709
569871512500542	569871538231271	569871514894813
569871561145855	569871587959917	569871563770855
569871565540126	569871604544292	569871567994292
569871615654709	569871637701584	569871618193771
569871619672417	569871654288042	569871622172938
569871662638563	569871687448459	569871665268251
569871666846896	569871704066167	569871669315646
569871717351584	569871737545334	569871719638563
569871722600542	569871753769292	569871722647938
569871757161480	569871786952105	569871759692730
569871761863042	569871803501584	569871764439605
569871820895334	569871836680230	569871823486480
569871825847938	569871853552626	569871828046896
569871893716688	569871919604188	569871896147938
569871905032834	569871936135438	569871907460438
569871936699501	569871952723459	569871939297417
569871942968771	569871969329188	569871945307313
569871975965646	569872002485438	569871978541167
569871981045334	569872019033355	569871983623980
569872033679188	569872052210438	569872035996376
569872038565646	569872068779709	569872041119813
569872084913042	569872101938563	569872087501584
569872093737001	569872118506271	569872095579188
569872128380751	569872151988042	569872130919292
569872133676063	569872168234396	569872137990646
569872133676063	569872383740126	569872137990646
569872380400021	569872400540646	569872383151584
569872395978146	569872416900542	569872398433876
569872402158355	569872433469292	569872404790646
569872420298459	569872450047417	569872423124501
569872426139084	569872466627626	569872428258876
569872443301584	569872483215646	569872446017730
569874046656792	569874074975021	569874049338042
569874104345854	569874124738563	569874106954188
569874171181271	569874191001584	569874173894813
569874236098459	569874257307834	569874238717729
569874300709396	569874323610959	569874302902104
569874365093250	569874389932313	569874365577104
569882011291166	569882033193249	569882013851062
569882021629187	569882049766687	569882024153666
569882030234395	569882066319812	569882032546895
569882043558874	569882082896374	569882046472937
569882095081791	569882116056270	569882097539603
569882102769291	569882132638562	569882105231270
569882111188041	569882149205228	569882113885437
569882426036478	569882447609395	569882428645332
569882430764082	569882464168249	569882433454707
569882451678666	569882480792728	569882453721374
569882458669811	569882497359395	569882461350541
569882543649499	569882563666166	569882546225020
569882551172416	569882580273978	569882553947416
569882568544811	569882596814082	569882570709395
569882575281791	569882613398978	569882577996895
569884166949499	569884188293770	569884169581270
569884232533874	569884254615645	569884235168249
569884299536478	569884320914603	569884301712520
569884362739082	569884387192207	569884364902624
569884430557311	569884453458353	569884432744811
569884495807311	569884519778144	569884496366165


16666666
569870335626584	569870377692209	569870336763042
569870352858876	569870394280230	569870354032834
569870369429188	569870410870334	569870370603667
569870386422938	569870427430751	569870388092209
569870407960959	569870444016688	569870409130751
569870419764605	569870460600022	569870421561480
569870436813042	569870477186480	569870437999501
569870454160959	569870493771376	569870455440647
569870470508355	569870510335959	569870471621376
569870489971376	569870526930751	569870491089605
569870503902105	569870543499501	569870505151063
569870521903667	569870560128147	569870523884397
569870536247938	569870576657834	569870537257313
569870554628147	569870593247417	569870555851584
569870571846897	569870609804709	569870574207313
569870588787522	569870626378147	569870591621897
569870603082834	569870642976063	569870605391688
569870617197417	569870659549501	569870619489605
569870637913042	569870676135959	569870640277626
569870656974501	569870692722417	569870659239084
569870674348980	569870709300542	569870676341167
569870684717209	569870725904709	569870686440126
569870701891167	569870742469292	569870702755230
569870734409397	569870759032834	569870736898980
569870740459917	569870775610438	569870742705751
569870752879188	569870792192730	569870754624501
569870770191688	569870808775542	569870772610438
569870782765647	569870825366167	569870784215647
569870805684917	569870841930230	569870807087522
569870818371897	569870858508355	569870819490647
569870831869813	569870875110959	569870832814605
569870851643772	569870891668772	569870853474501
569870865687001	569870908244813	569870866830230
569870885833355	569870924832834	569870886801584
569870901690647	569870941401063	569870903684917
569870915032834	569870957979709	569870916162001
569870933420855	569870974589605	569870934840126
569870952434397	569870991149501	569870953801063
569870965881272	569871007708876	569870967569292
569870982913042	569871024287001	569870983914084
569870997987001	569871040872417	569870999320855
569871015084397	569871057444813	569871016617209
569871033313563	569871074022417	569871035027626
569871047796897	569871090592730	569871048518251
569871080423980	569871107174501	569871083078147
569871085201584	569871123753147	569871087626063
569871097460959	569871140327626	569871099295334
569871128487001	569871156914605	569871130856792
569871132082313	569871173490647	569871133927626
569871153775542	569871190080230	569871156179709
569871188394813	569871206646376	569871191269813
569871190422938	569871223219292	569871192810959
569871202680751	569871239831272	569871205077105
569871228502105	569871256397417	569871230366167
569871233605751	569871272964084	569871236731272
569871247944292	569871289546376	569871250326584
569871272721376	569871306752626	569871275149501
569871281496376	569871322693251	569871283954709
569871298047938	569871339266688	569871300323980
569871326753667	569871355851584	569871329278667
569871337761480	569871372439084	569871341403667
569871354694292	569871389027105	569871357204709
569871363971376	569871405594292	569871366486480
569871389945334	569871422193251	569871392437001
569871399009396	569871438766167	569871401528667
569871452780230	569871471922938	569871455341167
569871458424501	569871488497417	569871461069292
569871503498980	569871522043771	569871506029709
569871512500542	569871538231271	569871514894813
569871561145855	569871587959917	569871563770855
569871565540126	569871604544292	569871567994292
569871615654709	569871637701584	569871618193771
569871619672417	569871654288042	569871622172938
569871662638563	569871687448459	569871665268251
569871666846896	569871704066167	569871669315646
569871717351584	569871737545334	569871719638563
569871722600542	569871753769292	569871722647938
569871757161480	569871786952105	569871759692730
569871761863042	569871803501584	569871764439605
569871820895334	569871836680230	569871823486480
569871825847938	569871853552626	569871828046896
569871893716688	569871919604188	569871896147938
569871905032834	569871936135438	569871907460438
569871936699501	569871952723459	569871939297417
569871942968771	569871969329188	569871945307313
569871975965646	569872002485438	569871978541167
569871981045334	569872019033355	569871983623980
569872033679188	569872052210438	569872035996376
569872038565646	569872068779709	569872041119813
569872084913042	569872101938563	569872087501584
569872093737001	569872118506271	569872095579188
569872128380751	569872151988042	569872130919292
569872133676063	569872168234396	569872137990646
569872133676063	569872383740126	569872137990646
569872380400021	569872400540646	569872383151584
569872395978146	569872416900542	569872398433876
569872402158355	569872433469292	569872404790646
569872420298459	569872450047417	569872423124501
569872426139084	569872466627626	569872428258876
569872443301584	569872483215646	569872446017730
569874046656792	569874074975021	569874049338042
569874104345854	569874124738563	569874106954188
569874171181271	569874191001584	569874173894813
569874236098459	569874257307834	569874238717729
569874300709396	569874323610959	569874302902104
569874365093250	569874389932313	569874365577104
569882011291166	569882033193249	569882013851062
569882021629187	569882049766687	569882024153666
569882030234395	569882066319812	569882032546895
569882043558874	569882082896374	569882046472937
569882095081791	569882116056270	569882097539603
569882102769291	569882132638562	569882105231270
569882111188041	569882149205228	569882113885437
569882426036478	569882447609395	569882428645332
569882430764082	569882464168249	569882433454707
569882451678666	569882480792728	569882453721374
569882458669811	569882497359395	569882461350541
569882543649499	569882563666166	569882546225020
569882551172416	569882580273978	569882553947416
569882568544811	569882596814082	569882570709395
569882575281791	569882613398978	569882577996895
569884166949499	569884188293770	569884169581270
569884232533874	569884254615645	569884235168249
569884299536478	569884320914603	569884301712520
569884362739082	569884387192207	569884364902624
569884430557311	569884453458353	569884432744811
569884495807311	569884519778144	569884496366165


16666666
569870335626584	569870377692209	569870336763042
569870352858876	569870394280230	569870354032834
569870369429188	569870410870334	569870370603667
569870386422938	569870427430751	569870388092209
569870407960959	569870444016688	569870409130751
569870419764605	569870460600022	569870421561480
569870436813042	569870477186480	569870437999501
569870454160959	569870493771376	569870455440647
569870470508355	569870510335959	569870471621376
569870489971376	569870526930751	569870491089605
569870503902105	569870543499501	569870505151063
569870521903667	569870560128147	569870523884397
569870536247938	569870576657834	569870537257313
569870554628147	569870593247417	569870555851584
569870571846897	569870609804709	569870574207313
569870588787522	569870626378147	569870591621897
569870603082834	569870642976063	569870605391688
569870617197417	569870659549501	569870619489605
569870637913042	569870676135959	569870640277626
569870656974501	569870692722417	569870659239084
569870674348980	569870709300542	569870676341167
569870684717209	569870725904709	569870686440126
569870701891167	569870742469292	569870702755230
569870734409397	569870759032834	569870736898980
569870740459917	569870775610438	569870742705751
569870752879188	569870792192730	569870754624501
569870770191688	569870808775542	569870772610438
569870782765647	569870825366167	569870784215647
569870805684917	569870841930230	569870807087522
569870818371897	569870858508355	569870819490647
569870831869813	569870875110959	569870832814605
569870851643772	569870891668772	569870853474501
569870865687001	569870908244813	569870866830230
569870885833355	569870924832834	569870886801584
569870901690647	569870941401063	569870903684917
569870915032834	569870957979709	569870916162001
569870933420855	569870974589605	569870934840126
569870952434397	569870991149501	569870953801063
569870965881272	569871007708876	569870967569292
569870982913042	569871024287001	569870983914084
569870997987001	569871040872417	569870999320855
569871015084397	569871057444813	569871016617209
569871033313563	569871074022417	569871035027626
569871047796897	569871090592730	569871048518251
569871080423980	569871107174501	569871083078147
569871085201584	569871123753147	569871087626063
569871097460959	569871140327626	569871099295334
569871128487001	569871156914605	569871130856792
569871132082313	569871173490647	569871133927626
569871153775542	569871190080230	569871156179709
569871188394813	569871206646376	569871191269813
569871190422938	569871223219292	569871192810959
569871202680751	569871239831272	569871205077105
569871228502105	569871256397417	569871230366167
569871233605751	569871272964084	569871236731272
569871247944292	569871289546376	569871250326584
569871272721376	569871306752626	569871275149501
569871281496376	569871322693251	569871283954709
569871298047938	569871339266688	569871300323980
569871326753667	569871355851584	569871329278667
569871337761480	569871372439084	569871341403667
569871354694292	569871389027105	569871357204709
569871363971376	569871405594292	569871366486480
569871389945334	569871422193251	569871392437001
569871399009396	569871438766167	569871401528667
569871452780230	569871471922938	569871455341167
569871458424501	569871488497417	569871461069292
569871503498980	569871522043771	569871506029709
569871512500542	569871538231271	569871514894813
569871561145855	569871587959917	569871563770855
569871565540126	569871604544292	569871567994292
569871615654709	569871637701584	569871618193771
569871619672417	569871654288042	569871622172938
569871662638563	569871687448459	569871665268251
569871666846896	569871704066167	569871669315646
569871717351584	569871737545334	569871719638563
569871722600542	569871753769292	569871722647938
569871757161480	569871786952105	569871759692730
569871761863042	569871803501584	569871764439605
569871820895334	569871836680230	569871823486480
569871825847938	569871853552626	569871828046896
569871893716688	569871919604188	569871896147938
569871905032834	569871936135438	569871907460438
569871936699501	569871952723459	569871939297417
569871942968771	569871969329188	569871945307313
569871975965646	569872002485438	569871978541167
569871981045334	569872019033355	569871983623980
569872033679188	569872052210438	569872035996376
569872038565646	569872068779709	569872041119813
569872084913042	569872101938563	569872087501584
569872093737001	569872118506271	569872095579188
569872128380751	569872151988042	569872130919292
569872133676063	569872168234396	569872137990646
569872133676063	569872383740126	569872137990646
569872380400021	569872400540646	569872383151584
569872395978146	569872416900542	569872398433876
569872402158355	569872433469292	569872404790646
569872420298459	569872450047417	569872423124501
569872426139084	569872466627626	569872428258876
569872443301584	569872483215646	569872446017730
569874046656792	569874074975021	569874049338042
569874104345854	569874124738563	569874106954188
569874171181271	569874191001584	569874173894813
569874236098459	569874257307834	569874238717729
569874300709396	569874323610959	569874302902104
569874365093250	569874389932313	569874365577104
569882011291166	569882033193249	569882013851062
569882021629187	569882049766687	569882024153666
569882030234395	569882066319812	569882032546895
569882043558874	569882082896374	569882046472937
569882095081791	569882116056270	569882097539603
569882102769291	569882132638562	569882105231270
569882111188041	569882149205228	569882113885437
569882426036478	569882447609395	569882428645332
569882430764082	569882464168249	569882433454707
569882451678666	569882480792728	569882453721374
569882458669811	569882497359395	569882461350541
569882543649499	569882563666166	569882546225020
569882551172416	569882580273978	569882553947416
569882568544811	569882596814082	569882570709395
569882575281791	569882613398978	569882577996895
569884166949499	569884188293770	569884169581270
569884232533874	569884254615645	569884235168249
569884299536478	569884320914603	569884301712520
569884362739082	569884387192207	569884364902624
569884430557311	569884453458353	569884432744811
569884495807311	569884519778144	569884496366165


16666666
569870335626584	569870377692209	569870336763042
569870352858876	569870394280230	569870354032834
569870369429188	569870410870334	569870370603667
569870386422938	569870427430751	569870388092209
569870407960959	569870444016688	569870409130751
569870419764605	569870460600022	569870421561480
569870436813042	569870477186480	569870437999501
569870454160959	569870493771376	569870455440647
569870470508355	569870510335959	569870471621376
569870489971376	569870526930751	569870491089605
569870503902105	569870543499501	569870505151063
569870521903667	569870560128147	569870523884397
569870536247938	569870576657834	569870537257313
569870554628147	569870593247417	569870555851584
569870571846897	569870609804709	569870574207313
569870588787522	569870626378147	569870591621897
569870603082834	569870642976063	569870605391688
569870617197417	569870659549501	569870619489605
569870637913042	569870676135959	569870640277626
569870656974501	569870692722417	569870659239084
569870674348980	569870709300542	569870676341167
569870684717209	569870725904709	569870686440126
569870701891167	569870742469292	569870702755230
569870734409397	569870759032834	569870736898980
569870740459917	569870775610438	569870742705751
569870752879188	569870792192730	569870754624501
569870770191688	569870808775542	569870772610438
569870782765647	569870825366167	569870784215647
569870805684917	569870841930230	569870807087522
569870818371897	569870858508355	569870819490647
569870831869813	569870875110959	569870832814605
569870851643772	569870891668772	569870853474501
569870865687001	569870908244813	569870866830230
569870885833355	569870924832834	569870886801584
569870901690647	569870941401063	569870903684917
569870915032834	569870957979709	569870916162001
569870933420855	569870974589605	569870934840126
569870952434397	569870991149501	569870953801063
569870965881272	569871007708876	569870967569292
569870982913042	569871024287001	569870983914084
569870997987001	569871040872417	569870999320855
569871015084397	569871057444813	569871016617209
569871033313563	569871074022417	569871035027626
569871047796897	569871090592730	569871048518251
569871080423980	569871107174501	569871083078147
569871085201584	569871123753147	569871087626063
569871097460959	569871140327626	569871099295334
569871128487001	569871156914605	569871130856792
569871132082313	569871173490647	569871133927626
569871153775542	569871190080230	569871156179709
569871188394813	569871206646376	569871191269813
569871190422938	569871223219292	569871192810959
569871202680751	569871239831272	569871205077105
569871228502105	569871256397417	569871230366167
569871233605751	569871272964084	569871236731272
569871247944292	569871289546376	569871250326584
569871272721376	569871306752626	569871275149501
569871281496376	569871322693251	569871283954709
569871298047938	569871339266688	569871300323980
569871326753667	569871355851584	569871329278667
569871337761480	569871372439084	569871341403667
569871354694292	569871389027105	569871357204709
569871363971376	569871405594292	569871366486480
569871389945334	569871422193251	569871392437001
569871399009396	569871438766167	569871401528667
569871452780230	569871471922938	569871455341167
569871458424501	569871488497417	569871461069292
569871503498980	569871522043771	569871506029709
569871512500542	569871538231271	569871514894813
569871561145855	569871587959917	569871563770855
569871565540126	569871604544292	569871567994292
569871615654709	569871637701584	569871618193771
569871619672417	569871654288042	569871622172938
569871662638563	569871687448459	569871665268251
569871666846896	569871704066167	569871669315646
569871717351584	569871737545334	569871719638563
569871722600542	569871753769292	569871722647938
569871757161480	569871786952105	569871759692730
569871761863042	569871803501584	569871764439605
569871820895334	569871836680230	569871823486480
569871825847938	569871853552626	569871828046896
569871893716688	569871919604188	569871896147938
569871905032834	569871936135438	569871907460438
569871936699501	569871952723459	569871939297417
569871942968771	569871969329188	569871945307313
569871975965646	569872002485438	569871978541167
569871981045334	569872019033355	569871983623980
569872033679188	569872052210438	569872035996376
569872038565646	569872068779709	569872041119813
569872084913042	569872101938563	569872087501584
569872093737001	569872118506271	569872095579188
569872128380751	569872151988042	569872130919292
569872133676063	569872168234396	569872137990646
569872133676063	569872383740126	569872137990646
569872380400021	569872400540646	569872383151584
569872395978146	569872416900542	569872398433876
569872402158355	569872433469292	569872404790646
569872420298459	569872450047417	569872423124501
569872426139084	569872466627626	569872428258876
569872443301584	569872483215646	569872446017730
569874046656792	569874074975021	569874049338042
569874104345854	569874124738563	569874106954188
569874171181271	569874191001584	569874173894813
569874236098459	569874257307834	569874238717729
569874300709396	569874323610959	569874302902104
569874365093250	569874389932313	569874365577104
569882011291166	569882033193249	569882013851062
569882021629187	569882049766687	569882024153666
569882030234395	569882066319812	569882032546895
569882043558874	569882082896374	569882046472937
569882095081791	569882116056270	569882097539603
569882102769291	569882132638562	569882105231270
569882111188041	569882149205228	569882113885437
569882426036478	569882447609395	569882428645332
569882430764082	569882464168249	569882433454707
569882451678666	569882480792728	569882453721374
569882458669811	569882497359395	569882461350541
569882543649499	569882563666166	569882546225020
569882551172416	569882580273978	569882553947416
569882568544811	569882596814082	569882570709395
569882575281791	569882613398978	569882577996895
569884166949499	569884188293770	569884169581270
569884232533874	569884254615645	569884235168249
569884299536478	569884320914603	569884301712520
569884362739082	569884387192207	569884364902624
569884430557311	569884453458353	569884432744811
569884495807311	569884519778144	569884496366165


16666666
569870335626584	569870377692209	569870336763042
569870352858876	569870394280230	569870354032834
569870369429188	569870410870334	569870370603667
569870386422938	569870427430751	569870388092209
569870407960959	569870444016688	569870409130751
569870419764605	569870460600022	569870421561480
569870436813042	569870477186480	569870437999501
569870454160959	569870493771376	569870455440647
569870470508355	569870510335959	569870471621376
569870489971376	569870526930751	569870491089605
569870503902105	569870543499501	569870505151063
569870521903667	569870560128147	569870523884397
569870536247938	569870576657834	569870537257313
569870554628147	569870593247417	569870555851584
569870571846897	569870609804709	569870574207313
569870588787522	569870626378147	569870591621897
569870603082834	569870642976063	569870605391688
569870617197417	569870659549501	569870619489605
569870637913042	569870676135959	569870640277626
569870656974501	569870692722417	569870659239084
569870674348980	569870709300542	569870676341167
569870684717209	569870725904709	569870686440126
569870701891167	569870742469292	569870702755230
569870734409397	569870759032834	569870736898980
569870740459917	569870775610438	569870742705751
569870752879188	569870792192730	569870754624501
569870770191688	569870808775542	569870772610438
569870782765647	569870825366167	569870784215647
569870805684917	569870841930230	569870807087522
569870818371897	569870858508355	569870819490647
569870831869813	569870875110959	569870832814605
569870851643772	569870891668772	569870853474501
569870865687001	569870908244813	569870866830230
569870885833355	569870924832834	569870886801584
569870901690647	569870941401063	569870903684917
569870915032834	569870957979709	569870916162001
569870933420855	569870974589605	569870934840126
569870952434397	569870991149501	569870953801063
569870965881272	569871007708876	569870967569292
569870982913042	569871024287001	569870983914084
569870997987001	569871040872417	569870999320855
569871015084397	569871057444813	569871016617209
569871033313563	569871074022417	569871035027626
569871047796897	569871090592730	569871048518251
569871080423980	569871107174501	569871083078147
569871085201584	569871123753147	569871087626063
569871097460959	569871140327626	569871099295334
569871128487001	569871156914605	569871130856792
569871132082313	569871173490647	569871133927626
569871153775542	569871190080230	569871156179709
569871188394813	569871206646376	569871191269813
569871190422938	569871223219292	569871192810959
569871202680751	569871239831272	569871205077105
569871228502105	569871256397417	569871230366167
569871233605751	569871272964084	569871236731272
569871247944292	569871289546376	569871250326584
569871272721376	569871306752626	569871275149501
569871281496376	569871322693251	569871283954709
569871298047938	569871339266688	569871300323980
569871326753667	569871355851584	569871329278667
569871337761480	569871372439084	569871341403667
569871354694292	569871389027105	569871357204709
569871363971376	569871405594292	569871366486480
569871389945334	569871422193251	569871392437001
569871399009396	569871438766167	569871401528667
569871452780230	569871471922938	569871455341167
569871458424501	569871488497417	569871461069292
569871503498980	569871522043771	569871506029709
569871512500542	569871538231271	569871514894813
569871561145855	569871587959917	569871563770855
569871565540126	569871604544292	569871567994292
569871615654709	569871637701584	569871618193771
569871619672417	569871654288042	569871622172938
569871662638563	569871687448459	569871665268251
569871666846896	569871704066167	569871669315646
569871717351584	569871737545334	569871719638563
569871722600542	569871753769292	569871722647938
569871757161480	569871786952105	569871759692730
569871761863042	569871803501584	569871764439605
569871820895334	569871836680230	569871823486480
569871825847938	569871853552626	569871828046896
569871893716688	569871919604188	569871896147938
569871905032834	569871936135438	569871907460438
569871936699501	569871952723459	569871939297417
569871942968771	569871969329188	569871945307313
569871975965646	569872002485438	569871978541167
569871981045334	569872019033355	569871983623980
569872033679188	569872052210438	569872035996376
569872038565646	569872068779709	569872041119813
569872084913042	569872101938563	569872087501584
569872093737001	569872118506271	569872095579188
569872128380751	569872151988042	569872130919292
569872133676063	569872168234396	569872137990646
569872133676063	569872383740126	569872137990646
569872380400021	569872400540646	569872383151584
569872395978146	569872416900542	569872398433876
569872402158355	569872433469292	569872404790646
569872420298459	569872450047417	569872423124501
569872426139084	569872466627626	569872428258876
569872443301584	569872483215646	569872446017730
569874046656792	569874074975021	569874049338042
569874104345854	569874124738563	569874106954188
569874171181271	569874191001584	569874173894813
569874236098459	569874257307834	569874238717729
569874300709396	569874323610959	569874302902104
569874365093250	569874389932313	569874365577104
569882011291166	569882033193249	569882013851062
569882021629187	569882049766687	569882024153666
569882030234395	569882066319812	569882032546895
569882043558874	569882082896374	569882046472937
569882095081791	569882116056270	569882097539603
569882102769291	569882132638562	569882105231270
569882111188041	569882149205228	569882113885437
569882426036478	569882447609395	569882428645332
569882430764082	569882464168249	569882433454707
569882451678666	569882480792728	569882453721374
569882458669811	569882497359395	569882461350541
569882543649499	569882563666166	569882546225020
569882551172416	569882580273978	569882553947416
569882568544811	569882596814082	569882570709395
569882575281791	569882613398978	569882577996895
569884166949499	569884188293770	569884169581270
569884232533874	569884254615645	569884235168249
569884299536478	569884320914603	569884301712520
569884362739082	569884387192207	569884364902624
569884430557311	569884453458353	569884432744811
569884495807311	569884519778144	569884496366165


