--------- beginning of main
08-31 22:23:02.161 I/AnebProbe(14372): ADAPTER_OBS pkg=com.larus.nova mode=doubao events=1 rule_matched=0 first_delta_ms=0 cadence_p50_ms=null session_span_ms=0.0 confidence=LOW/INCONCLUSIVE reason=throttle ttft_send_ms=null anchor_source=null ttft_cluster_ms=null ttft_density_ms=null
08-31 22:23:03.961 I/AnebProbe(14372): ADAPTER_EVT type=click cls=android.widget.FrameLayout desc=null txt_len=3 pkg=com.larus.nova t_boot_ns=764552992761204
08-31 22:23:04.805 I/AnebProbe(14372): ADAPTER_EVT type=content cls=android.widget.FrameLayout desc=null txt_len=0 pkg=com.larus.nova t_boot_ns=764553836436204
08-31 22:23:04.997 I/AnebProbe(14372): ADAPTER_EVT type=content cls=android.widget.FrameLayout desc=null txt_len=0 pkg=com.larus.nova t_boot_ns=764554028592454
08-31 22:23:05.097 I/AnebProbe(14372): ADAPTER_EVT type=content cls=android.widget.FrameLayout desc=null txt_len=0 pkg=com.larus.nova t_boot_ns=764554129080996
08-31 22:23:05.297 I/AnebProbe(14372): ADAPTER_EVT type=content cls=android.widget.TextView desc=null txt_len=0 pkg=com.larus.nova t_boot_ns=764554328317975
08-31 22:23:05.409 I/AnebProbe(14372): ADAPTER_EVT type=content cls=android.widget.FrameLayout desc=null txt_len=0 pkg=com.larus.nova t_boot_ns=764554440177871
08-31 22:23:05.994 I/AnebProbe(14372): ADAPTER_EVT type=content cls=android.widget.FrameLayout desc=null txt_len=0 pkg=com.larus.nova t_boot_ns=764555025546621
08-31 22:23:06.107 I/AnebProbe(14372): ADAPTER_EVT type=content cls=android.widget.ImageView desc=闪光灯已关闭 txt_len=0 pkg=com.larus.nova t_boot_ns=764555137970058
08-31 22:23:10.941 I/AnebE4MARK(14982): E4MARK kind=turn_start n=1
08-31 22:24:25.953 I/AnebE4MARK(15715): E4MARK kind=answer_complete n=1
08-31 22:24:33.796 I/AnebProbe(14372): ADAPTER_EVT type=content cls=android.widget.TextView desc=null txt_len=0 pkg=com.larus.nova t_boot_ns=764642827336191
08-31 22:24:33.798 I/AnebProbe(14372): ADAPTER_OBS pkg=com.larus.nova mode=doubao events=9 rule_matched=2 first_delta_ms=0 cadence_p50_ms=192.2 session_span_ms=149582.3 confidence=LOW/INCONCLUSIVE reason=throttle ttft_send_ms=null anchor_source=null ttft_cluster_ms=null ttft_density_ms=null
08-31 22:24:33.901 I/AnebProbe(14372): ADAPTER_EVT type=content cls=android.widget.TextView desc=null txt_len=0 pkg=com.larus.nova t_boot_ns=764642932764836
08-31 22:24:38.811 I/AnebProbe(14372): ADAPTER_EVT type=content cls=android.widget.TextView desc=null txt_len=0 pkg=com.larus.nova t_boot_ns=764647842589836
08-31 22:24:38.814 I/AnebProbe(14372): ADAPTER_OBS pkg=com.larus.nova mode=doubao events=11 rule_matched=4 first_delta_ms=0 cadence_p50_ms=192.2 session_span_ms=154597.5 confidence=LOW/INCONCLUSIVE reason=throttle ttft_send_ms=null anchor_source=null ttft_cluster_ms=null ttft_density_ms=null
08-31 22:24:38.911 I/AnebProbe(14372): ADAPTER_EVT type=content cls=android.widget.TextView desc=null txt_len=0 pkg=com.larus.nova t_boot_ns=764647942569523
08-31 22:24:46.250 I/AnebProbe(14372): ADAPTER_EVT type=click cls=android.widget.ImageView desc=更多菜单 txt_len=4 pkg=com.larus.nova t_boot_ns=764655281126293
08-31 22:24:46.253 I/AnebProbe(14372): ADAPTER_OBS pkg=com.larus.nova mode=doubao events=12 rule_matched=5 first_delta_ms=0 cadence_p50_ms=192.2 session_span_ms=154697.5 confidence=LOW/INCONCLUSIVE reason=throttle ttft_send_ms=null anchor_source=null ttft_cluster_ms=null ttft_density_ms=null
08-31 22:24:46.384 I/AnebProbe(14372): ADAPTER_EVT type=content cls=android.widget.FrameLayout desc=null txt_len=0 pkg=com.larus.nova t_boot_ns=764655415587751
08-31 22:24:54.902 I/AnebE4MARK(16025): E4MARK kind=turn_start n=2
08-31 22:25:10.013 I/AnebProbe(14372): ADAPTER_EVT type=content cls=android.widget.TextView desc=null txt_len=0 pkg=com.larus.nova t_boot_ns=764679044647123
08-31 22:25:10.014 I/AnebProbe(14372): ADAPTER_OBS pkg=com.larus.nova mode=doubao events=14 rule_matched=6 first_delta_ms=0 cadence_p50_ms=199.2 session_span_ms=185799.6 confidence=LOW/INCONCLUSIVE reason=throttle ttft_send_ms=null anchor_source=null ttft_cluster_ms=null ttft_density_ms=null
08-31 22:25:10.123 I/AnebProbe(14372): ADAPTER_EVT type=content cls=android.widget.FrameLayout desc=null txt_len=0 pkg=com.larus.nova t_boot_ns=764679154502852
08-31 22:25:10.223 I/AnebProbe(14372): ADAPTER_EVT type=content cls=android.widget.FrameLayout desc=null txt_len=0 pkg=com.larus.nova t_boot_ns=764679254252331
08-31 22:25:10.323 I/AnebProbe(14372): ADAPTER_EVT type=content cls=android.widget.FrameLayout desc=null txt_len=0 pkg=com.larus.nova t_boot_ns=764679354249727
08-31 22:25:10.423 I/AnebProbe(14372): ADAPTER_EVT type=content cls=android.widget.FrameLayout desc=null txt_len=0 pkg=com.larus.nova t_boot_ns=764679454396602
08-31 22:25:10.524 I/AnebProbe(14372): ADAPTER_EVT type=content cls=android.widget.FrameLayout desc=null txt_len=0 pkg=com.larus.nova t_boot_ns=764679555047643
08-31 22:25:10.623 I/AnebProbe(14372): ADAPTER_EVT type=content cls=android.widget.FrameLayout desc=null txt_len=0 pkg=com.larus.nova t_boot_ns=764679654082018
08-31 22:25:10.737 I/AnebProbe(14372): ADAPTER_EVT type=content cls=android.widget.FrameLayout desc=null txt_len=0 pkg=com.larus.nova t_boot_ns=764679768848685
08-31 22:25:10.838 I/AnebProbe(14372): ADAPTER_EVT type=content cls=android.widget.FrameLayout desc=null txt_len=0 pkg=com.larus.nova t_boot_ns=764679870010143
08-31 22:25:10.937 I/AnebProbe(14372): ADAPTER_EVT type=content cls=android.widget.FrameLayout desc=null txt_len=0 pkg=com.larus.nova t_boot_ns=764679968088789
08-31 22:25:11.038 I/AnebProbe(14372): ADAPTER_EVT type=content cls=android.widget.FrameLayout desc=null txt_len=0 pkg=com.larus.nova t_boot_ns=764680068937747
08-31 22:25:11.141 I/AnebProbe(14372): ADAPTER_EVT type=content cls=android.widget.FrameLayout desc=null txt_len=0 pkg=com.larus.nova t_boot_ns=764680171892956
08-31 22:25:11.238 I/AnebProbe(14372): ADAPTER_EVT type=content cls=android.widget.FrameLayout desc=null txt_len=0 pkg=com.larus.nova t_boot_ns=764680269505456
08-31 22:25:11.338 I/AnebProbe(14372): ADAPTER_EVT type=content cls=android.widget.FrameLayout desc=null txt_len=0 pkg=com.larus.nova t_boot_ns=764680369263268
08-31 22:25:11.438 I/AnebProbe(14372): ADAPTER_EVT type=content cls=android.widget.FrameLayout desc=null txt_len=0 pkg=com.larus.nova t_boot_ns=764680469639831
08-31 22:25:11.538 I/AnebProbe(14372): ADAPTER_EVT type=content cls=android.widget.FrameLayout desc=null txt_len=0 pkg=com.larus.nova t_boot_ns=764680569601810
08-31 22:25:11.648 I/AnebProbe(14372): ADAPTER_EVT type=content cls=android.widget.FrameLayout desc=null txt_len=0 pkg=com.larus.nova t_boot_ns=764680679804935
08-31 22:25:11.749 I/AnebProbe(14372): ADAPTER_EVT type=content cls=android.widget.FrameLayout desc=null txt_len=0 pkg=com.larus.nova t_boot_ns=764680780134622
08-31 22:25:11.850 I/AnebProbe(14372): ADAPTER_EVT type=content cls=android.widget.FrameLayout desc=null txt_len=0 pkg=com.larus.nova t_boot_ns=764680879574726
08-31 22:25:11.949 I/AnebProbe(14372): ADAPTER_EVT type=content cls=android.widget.FrameLayout desc=null txt_len=0 pkg=com.larus.nova t_boot_ns=764680980649726
08-31 22:25:12.049 I/AnebProbe(14372): ADAPTER_EVT type=content cls=android.widget.FrameLayout desc=null txt_len=0 pkg=com.larus.nova t_boot_ns=764681080629935
08-31 22:25:12.148 I/AnebProbe(14372): ADAPTER_EVT type=content cls=android.widget.FrameLayout desc=null txt_len=0 pkg=com.larus.nova t_boot_ns=764681179718476
08-31 22:25:12.249 I/AnebProbe(14372): ADAPTER_EVT type=content cls=android.widget.FrameLayout desc=null txt_len=0 pkg=com.larus.nova t_boot_ns=764681280622122
08-31 22:25:12.349 I/AnebProbe(14372): ADAPTER_EVT type=content cls=android.widget.FrameLayout desc=null txt_len=0 pkg=com.larus.nova t_boot_ns=764681380430455
08-31 22:25:12.449 I/AnebProbe(14372): ADAPTER_EVT type=content cls=android.widget.FrameLayout desc=null txt_len=0 pkg=com.larus.nova t_boot_ns=764681480230455
08-31 22:25:12.549 I/AnebProbe(14372): ADAPTER_EVT type=content cls=android.widget.FrameLayout desc=null txt_len=0 pkg=com.larus.nova t_boot_ns=764681580725768
08-31 22:25:12.661 I/AnebProbe(14372): ADAPTER_EVT type=content cls=android.widget.FrameLayout desc=null txt_len=0 pkg=com.larus.nova t_boot_ns=764681692321601
08-31 22:25:12.759 I/AnebProbe(14372): ADAPTER_EVT type=content cls=android.widget.FrameLayout desc=null txt_len=0 pkg=com.larus.nova t_boot_ns=764681790216914
08-31 22:25:12.859 I/AnebProbe(14372): ADAPTER_EVT type=content cls=android.widget.FrameLayout desc=null txt_len=0 pkg=com.larus.nova t_boot_ns=764681891009622
08-31 22:25:12.962 I/AnebProbe(14372): ADAPTER_EVT type=content cls=android.widget.FrameLayout desc=null txt_len=0 pkg=com.larus.nova t_boot_ns=764681994063789
08-31 22:25:13.061 I/AnebProbe(14372): ADAPTER_EVT type=content cls=android.widget.FrameLayout desc=null txt_len=0 pkg=com.larus.nova t_boot_ns=764682092582539
08-31 22:25:13.159 I/AnebProbe(14372): ADAPTER_EVT type=content cls=android.widget.FrameLayout desc=null txt_len=0 pkg=com.larus.nova t_boot_ns=764682190650768
08-31 22:25:13.261 I/AnebProbe(14372): ADAPTER_EVT type=content cls=android.widget.FrameLayout desc=null txt_len=0 pkg=com.larus.nova t_boot_ns=764682292263789
08-31 22:25:13.359 I/AnebProbe(14372): ADAPTER_EVT type=content cls=android.widget.FrameLayout desc=null txt_len=0 pkg=com.larus.nova t_boot_ns=764682390845559
08-31 22:25:13.470 I/AnebProbe(14372): ADAPTER_EVT type=content cls=android.widget.FrameLayout desc=null txt_len=0 pkg=com.larus.nova t_boot_ns=764682501639309
08-31 22:25:13.578 I/AnebProbe(14372): ADAPTER_EVT type=content cls=android.widget.FrameLayout desc=null txt_len=0 pkg=com.larus.nova t_boot_ns=764682609409101
08-31 22:25:13.678 I/AnebProbe(14372): ADAPTER_EVT type=content cls=android.widget.FrameLayout desc=null txt_len=0 pkg=com.larus.nova t_boot_ns=764682709558580
08-31 22:25:13.778 I/AnebProbe(14372): ADAPTER_EVT type=content cls=android.widget.FrameLayout desc=null txt_len=0 pkg=com.larus.nova t_boot_ns=764682809557018
08-31 22:25:13.878 I/AnebProbe(14372): ADAPTER_EVT type=content cls=android.widget.FrameLayout desc=null txt_len=0 pkg=com.larus.nova t_boot_ns=764682909404934
08-31 22:25:13.978 I/AnebProbe(14372): ADAPTER_EVT type=content cls=android.widget.FrameLayout desc=null txt_len=0 pkg=com.larus.nova t_boot_ns=764683009351289
08-31 22:25:14.078 I/AnebProbe(14372): ADAPTER_EVT type=content cls=android.widget.FrameLayout desc=null txt_len=0 pkg=com.larus.nova t_boot_ns=764683109612226
08-31 22:25:14.184 I/AnebProbe(14372): ADAPTER_EVT type=content cls=android.widget.FrameLayout desc=null txt_len=0 pkg=com.larus.nova t_boot_ns=764683215750247
08-31 22:25:14.277 I/AnebProbe(14372): ADAPTER_EVT type=content cls=android.widget.FrameLayout desc=null txt_len=0 pkg=com.larus.nova t_boot_ns=764683308777851
08-31 22:25:14.381 I/AnebProbe(14372): ADAPTER_EVT type=content cls=android.widget.FrameLayout desc=null txt_len=0 pkg=com.larus.nova t_boot_ns=764683412592434
08-31 22:25:14.483 I/AnebProbe(14372): ADAPTER_EVT type=content cls=android.widget.FrameLayout desc=null txt_len=0 pkg=com.larus.nova t_boot_ns=764683513106497
08-31 22:25:14.581 I/AnebProbe(14372): ADAPTER_EVT type=content cls=android.widget.FrameLayout desc=null txt_len=0 pkg=com.larus.nova t_boot_ns=764683611445559
08-31 22:25:14.683 I/AnebProbe(14372): ADAPTER_EVT type=content cls=android.widget.FrameLayout desc=null txt_len=0 pkg=com.larus.nova t_boot_ns=764683714486184
08-31 22:25:14.782 I/AnebProbe(14372): ADAPTER_EVT type=content cls=android.widget.FrameLayout desc=null txt_len=0 pkg=com.larus.nova t_boot_ns=764683813972643
08-31 22:25:14.882 I/AnebProbe(14372): ADAPTER_EVT type=content cls=android.widget.FrameLayout desc=null txt_len=0 pkg=com.larus.nova t_boot_ns=764683913355455
08-31 22:25:14.982 I/AnebProbe(14372): ADAPTER_EVT type=content cls=android.widget.FrameLayout desc=null txt_len=0 pkg=com.larus.nova t_boot_ns=764684013094518
08-31 22:25:15.083 I/AnebProbe(14372): ADAPTER_EVT type=content cls=android.widget.FrameLayout desc=null txt_len=0 pkg=com.larus.nova t_boot_ns=764684114552851
08-31 22:25:15.087 I/AnebProbe(14372): ADAPTER_OBS pkg=com.larus.nova mode=doubao events=64 rule_matched=6 first_delta_ms=0 cadence_p50_ms=100.5 session_span_ms=190869.5 confidence=LOW/INCONCLUSIVE reason=throttle ttft_send_ms=null anchor_source=null ttft_cluster_ms=null ttft_density_ms=null
08-31 22:25:15.182 I/AnebProbe(14372): ADAPTER_EVT type=content cls=android.widget.FrameLayout desc=null txt_len=0 pkg=com.larus.nova t_boot_ns=764684212910143
08-31 22:25:15.295 I/AnebProbe(14372): ADAPTER_EVT type=content cls=android.widget.FrameLayout desc=null txt_len=0 pkg=com.larus.nova t_boot_ns=764684326366913
08-31 22:25:15.398 I/AnebProbe(14372): ADAPTER_EVT type=content cls=android.widget.FrameLayout desc=null txt_len=0 pkg=com.larus.nova t_boot_ns=764684429074205
08-31 22:25:15.495 I/AnebProbe(14372): ADAPTER_EVT type=content cls=android.widget.FrameLayout desc=null txt_len=0 pkg=com.larus.nova t_boot_ns=764684526985663
08-31 22:25:15.595 I/AnebProbe(14372): ADAPTER_EVT type=content cls=android.widget.FrameLayout desc=null txt_len=0 pkg=com.larus.nova t_boot_ns=764684626372642
08-31 22:25:15.700 I/AnebProbe(14372): ADAPTER_EVT type=content cls=android.widget.FrameLayout desc=null txt_len=0 pkg=com.larus.nova t_boot_ns=764684731555455
08-31 22:25:15.796 I/AnebProbe(14372): ADAPTER_EVT type=content cls=android.widget.FrameLayout desc=null txt_len=0 pkg=com.larus.nova t_boot_ns=764684827083059
08-31 22:25:15.908 I/AnebProbe(14372): ADAPTER_EVT type=content cls=android.widget.FrameLayout desc=null txt_len=0 pkg=com.larus.nova t_boot_ns=764684939257017
08-31 22:25:16.023 I/AnebProbe(14372): ADAPTER_EVT type=content cls=android.widget.FrameLayout desc=null txt_len=0 pkg=com.larus.nova t_boot_ns=764685054942434
08-31 22:25:16.127 I/AnebProbe(14372): ADAPTER_EVT type=content cls=android.widget.FrameLayout desc=null txt_len=0 pkg=com.larus.nova t_boot_ns=764685156391392
08-31 22:25:16.223 I/AnebProbe(14372): ADAPTER_EVT type=content cls=android.widget.FrameLayout desc=null txt_len=0 pkg=com.larus.nova t_boot_ns=764685254393997
08-31 22:25:16.322 I/AnebProbe(14372): ADAPTER_EVT type=content cls=android.widget.FrameLayout desc=null txt_len=0 pkg=com.larus.nova t_boot_ns=764685353910142
08-31 22:25:16.424 I/AnebProbe(14372): ADAPTER_EVT type=content cls=android.widget.FrameLayout desc=null txt_len=0 pkg=com.larus.nova t_boot_ns=764685455357538
08-31 22:25:16.537 I/AnebProbe(14372): ADAPTER_EVT type=content cls=android.widget.FrameLayout desc=null txt_len=0 pkg=com.larus.nova t_boot_ns=764685568651809
08-31 22:25:16.639 I/AnebProbe(14372): ADAPTER_EVT type=content cls=android.widget.FrameLayout desc=null txt_len=0 pkg=com.larus.nova t_boot_ns=764685670467434
08-31 22:25:16.745 I/AnebProbe(14372): ADAPTER_EVT type=content cls=android.widget.FrameLayout desc=null txt_len=0 pkg=com.larus.nova t_boot_ns=764685776590351
08-31 22:25:16.843 I/AnebProbe(14372): ADAPTER_EVT type=content cls=android.widget.FrameLayout desc=null txt_len=0 pkg=com.larus.nova t_boot_ns=764685873559101
08-31 22:25:16.944 I/AnebProbe(14372): ADAPTER_EVT type=content cls=android.widget.FrameLayout desc=null txt_len=0 pkg=com.larus.nova t_boot_ns=764685974561184
08-31 22:25:17.043 I/AnebProbe(14372): ADAPTER_EVT type=content cls=android.widget.FrameLayout desc=null txt_len=0 pkg=com.larus.nova t_boot_ns=764686074537746
08-31 22:25:17.142 I/AnebProbe(14372): ADAPTER_EVT type=content cls=android.widget.FrameLayout desc=null txt_len=0 pkg=com.larus.nova t_boot_ns=764686173998163
08-31 22:25:17.245 I/AnebProbe(14372): ADAPTER_EVT type=content cls=android.widget.FrameLayout desc=null txt_len=0 pkg=com.larus.nova t_boot_ns=764686276967434
08-31 22:25:17.349 I/AnebProbe(14372): ADAPTER_EVT type=content cls=android.widget.FrameLayout desc=null txt_len=0 pkg=com.larus.nova t_boot_ns=764686379889309
08-31 22:25:17.452 I/AnebProbe(14372): ADAPTER_EVT type=content cls=android.widget.FrameLayout desc=null txt_len=0 pkg=com.larus.nova t_boot_ns=764686483472121
08-31 22:25:17.549 I/AnebProbe(14372): ADAPTER_EVT type=content cls=android.widget.FrameLayout desc=null txt_len=0 pkg=com.larus.nova t_boot_ns=764686580605455
08-31 22:25:17.650 I/AnebProbe(14372): ADAPTER_EVT type=content cls=android.widget.FrameLayout desc=null txt_len=0 pkg=com.larus.nova t_boot_ns=764686681805976
08-31 22:25:17.749 I/AnebProbe(14372): ADAPTER_EVT type=content cls=android.widget.FrameLayout desc=null txt_len=0 pkg=com.larus.nova t_boot_ns=764686780296080
08-31 22:25:17.849 I/AnebProbe(14372): ADAPTER_EVT type=content cls=android.widget.FrameLayout desc=null txt_len=0 pkg=com.larus.nova t_boot_ns=764686880465871
08-31 22:25:17.949 I/AnebProbe(14372): ADAPTER_EVT type=content cls=android.widget.FrameLayout desc=null txt_len=0 pkg=com.larus.nova t_boot_ns=764686980808580
08-31 22:25:18.064 I/AnebProbe(14372): ADAPTER_EVT type=content cls=android.widget.FrameLayout desc=null txt_len=0 pkg=com.larus.nova t_boot_ns=764687095647121
08-31 22:25:45.878 I/AnebProbe(14372): ADAPTER_EVT type=content cls=android.widget.TextView desc=null txt_len=0 pkg=com.larus.nova t_boot_ns=764714907255450
08-31 22:25:45.885 I/AnebProbe(14372): ADAPTER_OBS pkg=com.larus.nova mode=doubao events=94 rule_matched=7 first_delta_ms=0 cadence_p50_ms=100.7 session_span_ms=221662.2 confidence=LOW/INCONCLUSIVE reason=throttle ttft_send_ms=null anchor_source=null ttft_cluster_ms=null ttft_density_ms=null
08-31 22:25:50.889 I/AnebProbe(14372): ADAPTER_EVT type=content cls=android.widget.TextView desc=null txt_len=0 pkg=com.larus.nova t_boot_ns=764719919587741
08-31 22:25:50.898 I/AnebProbe(14372): ADAPTER_OBS pkg=com.larus.nova mode=doubao events=95 rule_matched=8 first_delta_ms=0 cadence_p50_ms=100.7 session_span_ms=226674.5 confidence=LOW/INCONCLUSIVE reason=throttle ttft_send_ms=null anchor_source=null ttft_cluster_ms=null ttft_density_ms=null
08-31 22:25:50.988 I/AnebProbe(14372): ADAPTER_EVT type=content cls=android.widget.TextView desc=null txt_len=0 pkg=com.larus.nova t_boot_ns=764720018976283
08-31 22:26:09.871 I/AnebE4MARK(16780): E4MARK kind=answer_complete n=2
08-31 22:26:20.376 I/AnebProbe(14372): ADAPTER_EVT type=content cls=android.widget.TextView desc=null txt_len=0 pkg=com.larus.nova t_boot_ns=764749407359612
08-31 22:26:20.378 I/AnebProbe(14372): ADAPTER_OBS pkg=com.larus.nova mode=doubao events=97 rule_matched=10 first_delta_ms=0 cadence_p50_ms=100.7 session_span_ms=256162.3 confidence=LOW/INCONCLUSIVE reason=throttle ttft_send_ms=null anchor_source=null ttft_cluster_ms=null ttft_density_ms=null
08-31 22:26:20.484 I/AnebProbe(14372): ADAPTER_EVT type=content cls=android.widget.FrameLayout desc=null txt_len=0 pkg=com.larus.nova t_boot_ns=764749514776278
08-31 22:26:20.585 I/AnebProbe(14372): ADAPTER_EVT type=content cls=android.widget.FrameLayout desc=null txt_len=0 pkg=com.larus.nova t_boot_ns=764749616542424
08-31 22:26:20.685 I/AnebProbe(14372): ADAPTER_EVT type=content cls=android.widget.FrameLayout desc=null txt_len=0 pkg=com.larus.nova t_boot_ns=764749716625758
08-31 22:26:20.791 I/AnebProbe(14372): ADAPTER_EVT type=content cls=android.widget.FrameLayout desc=null txt_len=0 pkg=com.larus.nova t_boot_ns=764749821811174
08-31 22:26:20.888 I/AnebProbe(14372): ADAPTER_EVT type=content cls=android.widget.FrameLayout desc=null txt_len=0 pkg=com.larus.nova t_boot_ns=764749919528362
08-31 22:26:20.996 I/AnebProbe(14372): ADAPTER_EVT type=content cls=android.widget.FrameLayout desc=null txt_len=0 pkg=com.larus.nova t_boot_ns=764750027585653
08-31 22:26:21.100 I/AnebProbe(14372): ADAPTER_EVT type=content cls=android.widget.FrameLayout desc=null txt_len=0 pkg=com.larus.nova t_boot_ns=764750131397112
08-31 22:26:21.199 I/AnebProbe(14372): ADAPTER_EVT type=content cls=android.widget.FrameLayout desc=null txt_len=0 pkg=com.larus.nova t_boot_ns=764750230435132
08-31 22:26:21.313 I/AnebProbe(14372): ADAPTER_EVT type=content cls=android.widget.FrameLayout desc=null txt_len=0 pkg=com.larus.nova t_boot_ns=764750344630966
08-31 22:26:21.412 I/AnebProbe(14372): ADAPTER_EVT type=content cls=android.widget.FrameLayout desc=null txt_len=0 pkg=com.larus.nova t_boot_ns=764750443646070
08-31 22:26:21.517 I/AnebProbe(14372): ADAPTER_EVT type=content cls=android.widget.FrameLayout desc=null txt_len=0 pkg=com.larus.nova t_boot_ns=764750548128882
08-31 22:26:21.628 I/AnebProbe(14372): ADAPTER_EVT type=content cls=android.widget.FrameLayout desc=null txt_len=0 pkg=com.larus.nova t_boot_ns=764750659663257
08-31 22:26:21.731 I/AnebProbe(14372): ADAPTER_EVT type=content cls=android.widget.FrameLayout desc=null txt_len=0 pkg=com.larus.nova t_boot_ns=764750762601799
08-31 22:26:21.842 I/AnebProbe(14372): ADAPTER_EVT type=content cls=android.widget.FrameLayout desc=null txt_len=0 pkg=com.larus.nova t_boot_ns=764750873967424
08-31 22:26:21.942 I/AnebProbe(14372): ADAPTER_EVT type=content cls=android.widget.FrameLayout desc=null txt_len=0 pkg=com.larus.nova t_boot_ns=764750973209091
08-31 22:26:22.042 I/AnebProbe(14372): ADAPTER_EVT type=content cls=android.widget.FrameLayout desc=null txt_len=0 pkg=com.larus.nova t_boot_ns=764751073138257
08-31 22:26:22.142 I/AnebProbe(14372): ADAPTER_EVT type=content cls=android.widget.FrameLayout desc=null txt_len=0 pkg=com.larus.nova t_boot_ns=764751173650757
08-31 22:26:22.244 I/AnebProbe(14372): ADAPTER_EVT type=content cls=android.widget.FrameLayout desc=null txt_len=0 pkg=com.larus.nova t_boot_ns=764751274736695
08-31 22:26:22.342 I/AnebProbe(14372): ADAPTER_EVT type=content cls=android.widget.FrameLayout desc=null txt_len=0 pkg=com.larus.nova t_boot_ns=764751373080966
08-31 22:26:22.442 I/AnebProbe(14372): ADAPTER_EVT type=content cls=android.widget.FrameLayout desc=null txt_len=0 pkg=com.larus.nova t_boot_ns=764751473791382
08-31 22:26:22.555 I/AnebProbe(14372): ADAPTER_EVT type=content cls=android.widget.FrameLayout desc=null txt_len=0 pkg=com.larus.nova t_boot_ns=764751586608570
08-31 22:26:22.655 I/AnebProbe(14372): ADAPTER_EVT type=content cls=android.widget.FrameLayout desc=null txt_len=0 pkg=com.larus.nova t_boot_ns=764751686437216
08-31 22:26:22.755 I/AnebProbe(14372): ADAPTER_EVT type=content cls=android.widget.FrameLayout desc=null txt_len=0 pkg=com.larus.nova t_boot_ns=764751786107007
08-31 22:26:22.855 I/AnebProbe(14372): ADAPTER_EVT type=content cls=android.widget.FrameLayout desc=null txt_len=0 pkg=com.larus.nova t_boot_ns=764751886870028
08-31 22:26:22.956 I/AnebProbe(14372): ADAPTER_EVT type=content cls=android.widget.FrameLayout desc=null txt_len=0 pkg=com.larus.nova t_boot_ns=764751987468466
08-31 22:26:23.057 I/AnebProbe(14372): ADAPTER_EVT type=content cls=android.widget.FrameLayout desc=null txt_len=0 pkg=com.larus.nova t_boot_ns=764752088017424
08-31 22:26:23.161 I/AnebProbe(14372): ADAPTER_EVT type=content cls=android.widget.FrameLayout desc=null txt_len=0 pkg=com.larus.nova t_boot_ns=764752192159091
08-31 22:26:23.274 I/AnebProbe(14372): ADAPTER_EVT type=content cls=android.widget.FrameLayout desc=null txt_len=0 pkg=com.larus.nova t_boot_ns=764752305215340
08-31 22:26:23.368 I/AnebProbe(14372): ADAPTER_EVT type=content cls=android.widget.FrameLayout desc=null txt_len=0 pkg=com.larus.nova t_boot_ns=764752398987736
08-31 22:26:23.472 I/AnebProbe(14372): ADAPTER_EVT type=content cls=android.widget.FrameLayout desc=null txt_len=0 pkg=com.larus.nova t_boot_ns=764752502930965
08-31 22:26:23.569 I/AnebProbe(14372): ADAPTER_EVT type=content cls=android.widget.FrameLayout desc=null txt_len=0 pkg=com.larus.nova t_boot_ns=764752599874715
08-31 22:26:23.669 I/AnebProbe(14372): ADAPTER_EVT type=content cls=android.widget.FrameLayout desc=null txt_len=0 pkg=com.larus.nova t_boot_ns=764752700836174
08-31 22:26:23.768 I/AnebProbe(14372): ADAPTER_EVT type=content cls=android.widget.FrameLayout desc=null txt_len=0 pkg=com.larus.nova t_boot_ns=764752799428882
08-31 22:26:23.869 I/AnebProbe(14372): ADAPTER_EVT type=content cls=android.widget.FrameLayout desc=null txt_len=0 pkg=com.larus.nova t_boot_ns=764752900503361
08-31 22:26:23.969 I/AnebProbe(14372): ADAPTER_EVT type=content cls=android.widget.FrameLayout desc=null txt_len=0 pkg=com.larus.nova t_boot_ns=764752999861174
08-31 22:26:24.069 I/AnebProbe(14372): ADAPTER_EVT type=content cls=android.widget.FrameLayout desc=null txt_len=0 pkg=com.larus.nova t_boot_ns=764753100371070
08-31 22:26:24.169 I/AnebProbe(14372): ADAPTER_EVT type=content cls=android.widget.FrameLayout desc=null txt_len=0 pkg=com.larus.nova t_boot_ns=764753200465340
08-31 22:26:24.279 I/AnebProbe(14372): ADAPTER_EVT type=content cls=android.widget.FrameLayout desc=null txt_len=0 pkg=com.larus.nova t_boot_ns=764753310745549
08-31 22:26:24.380 I/AnebProbe(14372): ADAPTER_EVT type=content cls=android.widget.FrameLayout desc=null txt_len=0 pkg=com.larus.nova t_boot_ns=764753411490861
08-31 22:26:24.480 I/AnebProbe(14372): ADAPTER_EVT type=content cls=android.widget.FrameLayout desc=null txt_len=0 pkg=com.larus.nova t_boot_ns=764753511261174
08-31 22:26:24.595 I/AnebProbe(14372): ADAPTER_EVT type=content cls=android.widget.FrameLayout desc=null txt_len=0 pkg=com.larus.nova t_boot_ns=764753626454403
08-31 22:26:24.694 I/AnebProbe(14372): ADAPTER_EVT type=content cls=android.widget.FrameLayout desc=null txt_len=0 pkg=com.larus.nova t_boot_ns=764753724905965
08-31 22:26:24.800 I/AnebProbe(14372): ADAPTER_EVT type=content cls=android.widget.FrameLayout desc=null txt_len=0 pkg=com.larus.nova t_boot_ns=764753830933569
08-31 22:26:24.896 I/AnebProbe(14372): ADAPTER_EVT type=content cls=android.widget.FrameLayout desc=null txt_len=0 pkg=com.larus.nova t_boot_ns=764753927118986
08-31 22:26:25.007 I/AnebProbe(14372): ADAPTER_EVT type=content cls=android.widget.FrameLayout desc=null txt_len=0 pkg=com.larus.nova t_boot_ns=764754038807007
08-31 22:26:25.113 I/AnebProbe(14372): ADAPTER_EVT type=content cls=android.widget.FrameLayout desc=null txt_len=0 pkg=com.larus.nova t_boot_ns=764754144099194
08-31 22:26:25.212 I/AnebProbe(14372): ADAPTER_EVT type=content cls=android.widget.FrameLayout desc=null txt_len=0 pkg=com.larus.nova t_boot_ns=764754243146590
08-31 22:26:25.311 I/AnebProbe(14372): ADAPTER_EVT type=content cls=android.widget.FrameLayout desc=null txt_len=0 pkg=com.larus.nova t_boot_ns=764754343049715
08-31 22:26:25.416 I/AnebProbe(14372): ADAPTER_EVT type=content cls=android.widget.FrameLayout desc=null txt_len=0 pkg=com.larus.nova t_boot_ns=764754447226798
08-31 22:26:25.420 I/AnebProbe(14372): ADAPTER_OBS pkg=com.larus.nova mode=doubao events=146 rule_matched=10 first_delta_ms=0 cadence_p50_ms=100.7 session_span_ms=261202.2 confidence=LOW/INCONCLUSIVE reason=throttle ttft_send_ms=null anchor_source=null ttft_cluster_ms=null ttft_density_ms=null
08-31 22:26:25.512 I/AnebProbe(14372): ADAPTER_EVT type=content cls=android.widget.FrameLayout desc=null txt_len=0 pkg=com.larus.nova t_boot_ns=764754543588257
08-31 22:26:25.613 I/AnebProbe(14372): ADAPTER_EVT type=content cls=android.widget.FrameLayout desc=null txt_len=0 pkg=com.larus.nova t_boot_ns=764754644410132
08-31 22:26:25.713 I/AnebProbe(14372): ADAPTER_EVT type=content cls=android.widget.FrameLayout desc=null txt_len=0 pkg=com.larus.nova t_boot_ns=764754744736173
08-31 22:26:25.813 I/AnebProbe(14372): ADAPTER_EVT type=content cls=android.widget.FrameLayout desc=null txt_len=0 pkg=com.larus.nova t_boot_ns=764754844647632
08-31 22:26:25.921 I/AnebProbe(14372): ADAPTER_EVT type=content cls=android.widget.FrameLayout desc=null txt_len=0 pkg=com.larus.nova t_boot_ns=764754952237215
08-31 22:26:26.020 I/AnebProbe(14372): ADAPTER_EVT type=content cls=android.widget.FrameLayout desc=null txt_len=0 pkg=com.larus.nova t_boot_ns=764755051394507
08-31 22:26:26.120 I/AnebProbe(14372): ADAPTER_EVT type=content cls=android.widget.FrameLayout desc=null txt_len=0 pkg=com.larus.nova t_boot_ns=764755151216382
08-31 22:26:26.234 I/AnebProbe(14372): ADAPTER_EVT type=content cls=android.widget.FrameLayout desc=null txt_len=0 pkg=com.larus.nova t_boot_ns=764755265674194
08-31 22:26:26.351 I/AnebProbe(14372): ADAPTER_EVT type=content cls=android.widget.FrameLayout desc=null txt_len=0 pkg=com.larus.nova t_boot_ns=764755382085132
08-31 22:26:26.459 I/AnebProbe(14372): ADAPTER_EVT type=content cls=android.widget.FrameLayout desc=null txt_len=0 pkg=com.larus.nova t_boot_ns=764755490553361
08-31 22:26:26.558 I/AnebProbe(14372): ADAPTER_EVT type=content cls=android.widget.FrameLayout desc=null txt_len=0 pkg=com.larus.nova t_boot_ns=764755589271590
08-31 22:26:26.665 I/AnebProbe(14372): ADAPTER_EVT type=content cls=android.widget.FrameLayout desc=null txt_len=0 pkg=com.larus.nova t_boot_ns=764755696529402
08-31 22:26:26.766 I/AnebProbe(14372): ADAPTER_EVT type=content cls=android.widget.FrameLayout desc=null txt_len=0 pkg=com.larus.nova t_boot_ns=764755797713777
08-31 22:26:26.869 I/AnebProbe(14372): ADAPTER_EVT type=content cls=android.widget.FrameLayout desc=null txt_len=0 pkg=com.larus.nova t_boot_ns=764755899651798
08-31 22:26:26.967 I/AnebProbe(14372): ADAPTER_EVT type=content cls=android.widget.FrameLayout desc=null txt_len=0 pkg=com.larus.nova t_boot_ns=764755998455965
08-31 22:26:27.067 I/AnebProbe(14372): ADAPTER_EVT type=content cls=android.widget.FrameLayout desc=null txt_len=0 pkg=com.larus.nova t_boot_ns=764756098351277
08-31 22:26:27.169 I/AnebProbe(14372): ADAPTER_EVT type=content cls=android.widget.FrameLayout desc=null txt_len=0 pkg=com.larus.nova t_boot_ns=764756200257007
08-31 22:26:27.268 I/AnebProbe(14372): ADAPTER_EVT type=content cls=android.widget.FrameLayout desc=null txt_len=0 pkg=com.larus.nova t_boot_ns=764756299483048
08-31 22:26:27.369 I/AnebProbe(14372): ADAPTER_EVT type=content cls=android.widget.FrameLayout desc=null txt_len=0 pkg=com.larus.nova t_boot_ns=764756400276798
08-31 22:26:27.467 I/AnebProbe(14372): ADAPTER_EVT type=content cls=android.widget.FrameLayout desc=null txt_len=0 pkg=com.larus.nova t_boot_ns=764756498758048
08-31 22:26:27.569 I/AnebProbe(14372): ADAPTER_EVT type=content cls=android.widget.FrameLayout desc=null txt_len=0 pkg=com.larus.nova t_boot_ns=764756600404402
08-31 22:26:27.677 I/AnebProbe(14372): ADAPTER_EVT type=content cls=android.widget.FrameLayout desc=null txt_len=0 pkg=com.larus.nova t_boot_ns=764756708485652
08-31 22:26:27.781 I/AnebProbe(14372): ADAPTER_EVT type=content cls=android.widget.FrameLayout desc=null txt_len=0 pkg=com.larus.nova t_boot_ns=764756812415861
08-31 22:26:27.885 I/AnebProbe(14372): ADAPTER_EVT type=content cls=android.widget.FrameLayout desc=null txt_len=0 pkg=com.larus.nova t_boot_ns=764756916014819
08-31 22:26:27.994 I/AnebProbe(14372): ADAPTER_EVT type=content cls=android.widget.FrameLayout desc=null txt_len=0 pkg=com.larus.nova t_boot_ns=764757025247111
08-31 22:26:28.099 I/AnebProbe(14372): ADAPTER_EVT type=content cls=android.widget.FrameLayout desc=null txt_len=0 pkg=com.larus.nova t_boot_ns=764757128607006
08-31 22:26:28.191 I/AnebProbe(14372): ADAPTER_EVT type=content cls=android.widget.FrameLayout desc=null txt_len=0 pkg=com.larus.nova t_boot_ns=764757222514298
08-31 22:26:28.291 I/AnebProbe(14372): ADAPTER_EVT type=content cls=android.widget.FrameLayout desc=null txt_len=0 pkg=com.larus.nova t_boot_ns=764757322500756
08-31 22:26:28.393 I/AnebProbe(14372): ADAPTER_EVT type=content cls=android.widget.FrameLayout desc=null txt_len=0 pkg=com.larus.nova t_boot_ns=764757424277319
08-31 22:26:28.491 I/AnebProbe(14372): ADAPTER_EVT type=content cls=android.widget.FrameLayout desc=null txt_len=0 pkg=com.larus.nova t_boot_ns=764757522395548
08-31 22:26:30.226 I/AnebProbe(14372): ADAPTER_EVT type=click cls=android.widget.ImageView desc=更多菜单 txt_len=4 pkg=com.larus.nova t_boot_ns=764759257979402
08-31 22:26:30.358 I/AnebProbe(14372): ADAPTER_EVT type=content cls=android.widget.FrameLayout desc=null txt_len=0 pkg=com.larus.nova t_boot_ns=764759390110652
08-31 22:26:32.018 I/AnebProbe(14372): ADAPTER_OBS pkg=com.larus.nova mode=doubao events=177 rule_matched=10 first_delta_ms=0 cadence_p50_ms=100.8 session_span_ms=266145.1 confidence=LOW/INCONCLUSIVE reason=throttle ttft_send_ms=null anchor_source=null ttft_cluster_ms=null ttft_density_ms=null
08-31 22:26:39.036 I/AnebE4MARK(17135): E4MARK kind=turn_start n=3
08-31 22:27:54.057 I/AnebE4MARK(17877): E4MARK kind=answer_complete n=3
08-31 22:28:11.172 I/AnebProbe(14372): ADAPTER_EVT type=content cls=android.widget.TextView desc=null txt_len=0 pkg=com.larus.nova t_boot_ns=764860203090845
08-31 22:28:11.176 I/AnebProbe(14372): ADAPTER_OBS pkg=com.larus.nova mode=doubao events=178 rule_matched=11 first_delta_ms=0 cadence_p50_ms=100.8 session_span_ms=366958.0 confidence=LOW/INCONCLUSIVE reason=throttle ttft_send_ms=null anchor_source=null ttft_cluster_ms=null ttft_density_ms=null
08-31 22:28:11.270 I/AnebProbe(14372): ADAPTER_EVT type=content cls=android.view.ViewGroup desc=null txt_len=0 pkg=com.larus.nova t_boot_ns=764860301619491
08-31 22:28:13.559 I/AnebProbe(14372): ADAPTER_EVT type=content cls=android.widget.TextView desc=null txt_len=0 pkg=com.larus.nova t_boot_ns=764862590013240
08-31 22:28:13.659 I/AnebProbe(14372): ADAPTER_EVT type=content cls=android.view.ViewGroup desc=null txt_len=0 pkg=com.larus.nova t_boot_ns=764862690685636
08-31 22:28:14.381 I/AnebProbe(14372): ADAPTER_EVT type=click cls=android.widget.ImageView desc=更多菜单 txt_len=4 pkg=com.larus.nova t_boot_ns=764863412276261
08-31 22:28:14.515 I/AnebProbe(14372): ADAPTER_EVT type=content cls=android.widget.FrameLayout desc=null txt_len=0 pkg=com.larus.nova t_boot_ns=764863546704907
08-31 22:28:17.135 I/AnebProbe(14372): ADAPTER_EVT type=content cls=android.widget.TextView desc=null txt_len=0 pkg=com.larus.nova t_boot_ns=764866165916886
08-31 22:28:17.137 I/AnebProbe(14372): ADAPTER_OBS pkg=com.larus.nova mode=doubao events=183 rule_matched=13 first_delta_ms=0 cadence_p50_ms=100.8 session_span_ms=372920.9 confidence=LOW/INCONCLUSIVE reason=throttle ttft_send_ms=null anchor_source=null ttft_cluster_ms=null ttft_density_ms=null
08-31 22:28:22.150 I/AnebProbe(14372): ADAPTER_EVT type=content cls=android.widget.TextView desc=null txt_len=0 pkg=com.larus.nova t_boot_ns=764871181848656
08-31 22:28:22.153 I/AnebProbe(14372): ADAPTER_OBS pkg=com.larus.nova mode=doubao events=184 rule_matched=14 first_delta_ms=0 cadence_p50_ms=100.8 session_span_ms=377936.8 confidence=LOW/INCONCLUSIVE reason=throttle ttft_send_ms=null anchor_source=null ttft_cluster_ms=null ttft_density_ms=null
08-31 22:28:22.259 I/AnebProbe(14372): ADAPTER_EVT type=content cls=android.widget.TextView desc=null txt_len=0 pkg=com.larus.nova t_boot_ns=764871290284072
08-31 22:28:23.068 I/AnebE4MARK(18230): E4MARK kind=turn_start n=4
08-31 22:29:23.446 I/AnebProbe(14372): ADAPTER_EVT type=content cls=android.widget.TextView desc=null txt_len=0 pkg=com.larus.nova t_boot_ns=764932477243959
08-31 22:29:23.448 I/AnebProbe(14372): ADAPTER_OBS pkg=com.larus.nova mode=doubao events=186 rule_matched=16 first_delta_ms=0 cadence_p50_ms=100.8 session_span_ms=439232.2 confidence=LOW/INCONCLUSIVE reason=throttle ttft_send_ms=null anchor_source=null ttft_cluster_ms=null ttft_density_ms=null
08-31 22:29:23.558 I/AnebProbe(14372): ADAPTER_EVT type=content cls=android.widget.FrameLayout desc=null txt_len=0 pkg=com.larus.nova t_boot_ns=764932588847084
08-31 22:29:23.661 I/AnebProbe(14372): ADAPTER_EVT type=content cls=android.widget.FrameLayout desc=null txt_len=0 pkg=com.larus.nova t_boot_ns=764932692629896
08-31 22:29:23.757 I/AnebProbe(14372): ADAPTER_EVT type=content cls=android.widget.FrameLayout desc=null txt_len=0 pkg=com.larus.nova t_boot_ns=764932788646563
08-31 22:29:23.857 I/AnebProbe(14372): ADAPTER_EVT type=content cls=android.widget.FrameLayout desc=null txt_len=0 pkg=com.larus.nova t_boot_ns=764932888715834
08-31 22:29:23.960 I/AnebProbe(14372): ADAPTER_EVT type=content cls=android.widget.FrameLayout desc=null txt_len=0 pkg=com.larus.nova t_boot_ns=764932991146042
08-31 22:29:24.059 I/AnebProbe(14372): ADAPTER_EVT type=content cls=android.widget.FrameLayout desc=null txt_len=0 pkg=com.larus.nova t_boot_ns=764933090679896
08-31 22:29:24.160 I/AnebProbe(14372): ADAPTER_EVT type=content cls=android.widget.FrameLayout desc=null txt_len=0 pkg=com.larus.nova t_boot_ns=764933191389271
08-31 22:29:24.262 I/AnebProbe(14372): ADAPTER_EVT type=content cls=android.widget.FrameLayout desc=null txt_len=0 pkg=com.larus.nova t_boot_ns=764933292371042
08-31 22:29:24.361 I/AnebProbe(14372): ADAPTER_EVT type=content cls=android.widget.FrameLayout desc=null txt_len=0 pkg=com.larus.nova t_boot_ns=764933392579896
08-31 22:29:24.464 I/AnebProbe(14372): ADAPTER_EVT type=content cls=android.widget.FrameLayout desc=null txt_len=0 pkg=com.larus.nova t_boot_ns=764933495409063
08-31 22:29:24.568 I/AnebProbe(14372): ADAPTER_EVT type=content cls=android.widget.FrameLayout desc=null txt_len=0 pkg=com.larus.nova t_boot_ns=764933599824167
08-31 22:29:24.660 I/AnebProbe(14372): ADAPTER_EVT type=content cls=android.widget.FrameLayout desc=null txt_len=0 pkg=com.larus.nova t_boot_ns=764933691429896
08-31 22:29:24.766 I/AnebProbe(14372): ADAPTER_EVT type=content cls=android.widget.FrameLayout desc=null txt_len=0 pkg=com.larus.nova t_boot_ns=764933794924688
08-31 22:29:24.869 I/AnebProbe(14372): ADAPTER_EVT type=content cls=android.widget.FrameLayout desc=null txt_len=0 pkg=com.larus.nova t_boot_ns=764933900438229
08-31 22:29:24.967 I/AnebProbe(14372): ADAPTER_EVT type=content cls=android.widget.FrameLayout desc=null txt_len=0 pkg=com.larus.nova t_boot_ns=764933998110104
08-31 22:29:25.070 I/AnebProbe(14372): ADAPTER_EVT type=content cls=android.widget.FrameLayout desc=null txt_len=0 pkg=com.larus.nova t_boot_ns=764934101903854
08-31 22:29:25.184 I/AnebProbe(14372): ADAPTER_EVT type=content cls=android.widget.FrameLayout desc=null txt_len=0 pkg=com.larus.nova t_boot_ns=764934215779375
08-31 22:29:25.283 I/AnebProbe(14372): ADAPTER_EVT type=content cls=android.widget.FrameLayout desc=null txt_len=0 pkg=com.larus.nova t_boot_ns=764934313964792
08-31 22:29:25.384 I/AnebProbe(14372): ADAPTER_EVT type=content cls=android.widget.FrameLayout desc=null txt_len=0 pkg=com.larus.nova t_boot_ns=764934415473646
08-31 22:29:25.484 I/AnebProbe(14372): ADAPTER_EVT type=content cls=android.widget.FrameLayout desc=null txt_len=0 pkg=com.larus.nova t_boot_ns=764934515118959
08-31 22:29:25.584 I/AnebProbe(14372): ADAPTER_EVT type=content cls=android.widget.FrameLayout desc=null txt_len=0 pkg=com.larus.nova t_boot_ns=764934615656979
08-31 22:29:25.684 I/AnebProbe(14372): ADAPTER_EVT type=content cls=android.widget.FrameLayout desc=null txt_len=0 pkg=com.larus.nova t_boot_ns=764934715077292
08-31 22:29:25.784 I/AnebProbe(14372): ADAPTER_EVT type=content cls=android.widget.FrameLayout desc=null txt_len=0 pkg=com.larus.nova t_boot_ns=764934815171042
08-31 22:29:25.883 I/AnebProbe(14372): ADAPTER_EVT type=content cls=android.widget.FrameLayout desc=null txt_len=0 pkg=com.larus.nova t_boot_ns=764934914592917
08-31 22:29:25.985 I/AnebProbe(14372): ADAPTER_EVT type=content cls=android.widget.FrameLayout desc=null txt_len=0 pkg=com.larus.nova t_boot_ns=764935016037188
08-31 22:29:26.084 I/AnebProbe(14372): ADAPTER_EVT type=content cls=android.widget.FrameLayout desc=null txt_len=0 pkg=com.larus.nova t_boot_ns=764935115204375
08-31 22:29:26.185 I/AnebProbe(14372): ADAPTER_EVT type=content cls=android.widget.FrameLayout desc=null txt_len=0 pkg=com.larus.nova t_boot_ns=764935216230938
08-31 22:29:26.284 I/AnebProbe(14372): ADAPTER_EVT type=content cls=android.widget.FrameLayout desc=null txt_len=0 pkg=com.larus.nova t_boot_ns=764935315448125
08-31 22:29:26.384 I/AnebProbe(14372): ADAPTER_EVT type=content cls=android.widget.FrameLayout desc=null txt_len=0 pkg=com.larus.nova t_boot_ns=764935415502813
08-31 22:29:26.492 I/AnebProbe(14372): ADAPTER_EVT type=content cls=android.widget.FrameLayout desc=null txt_len=0 pkg=com.larus.nova t_boot_ns=764935523783542
08-31 22:29:26.596 I/AnebProbe(14372): ADAPTER_EVT type=content cls=android.widget.FrameLayout desc=null txt_len=0 pkg=com.larus.nova t_boot_ns=764935627044479
08-31 22:29:26.694 I/AnebProbe(14372): ADAPTER_EVT type=content cls=android.widget.FrameLayout desc=null txt_len=0 pkg=com.larus.nova t_boot_ns=764935725441354
08-31 22:29:26.796 I/AnebProbe(14372): ADAPTER_EVT type=content cls=android.widget.FrameLayout desc=null txt_len=0 pkg=com.larus.nova t_boot_ns=764935827274687
08-31 22:29:26.897 I/AnebProbe(14372): ADAPTER_EVT type=content cls=android.widget.FrameLayout desc=null txt_len=0 pkg=com.larus.nova t_boot_ns=764935928471042
08-31 22:29:26.996 I/AnebProbe(14372): ADAPTER_EVT type=content cls=android.widget.FrameLayout desc=null txt_len=0 pkg=com.larus.nova t_boot_ns=764936027635625
08-31 22:29:27.105 I/AnebProbe(14372): ADAPTER_EVT type=content cls=android.widget.FrameLayout desc=null txt_len=0 pkg=com.larus.nova t_boot_ns=764936135953854
08-31 22:29:27.204 I/AnebProbe(14372): ADAPTER_EVT type=content cls=android.widget.FrameLayout desc=null txt_len=0 pkg=com.larus.nova t_boot_ns=764936235886667
08-31 22:29:27.305 I/AnebProbe(14372): ADAPTER_EVT type=content cls=android.widget.FrameLayout desc=null txt_len=0 pkg=com.larus.nova t_boot_ns=764936336428333
08-31 22:29:27.405 I/AnebProbe(14372): ADAPTER_EVT type=content cls=android.widget.FrameLayout desc=null txt_len=0 pkg=com.larus.nova t_boot_ns=764936436413229
08-31 22:29:27.506 I/AnebProbe(14372): ADAPTER_EVT type=content cls=android.widget.FrameLayout desc=null txt_len=0 pkg=com.larus.nova t_boot_ns=764936537206979
08-31 22:29:27.606 I/AnebProbe(14372): ADAPTER_EVT type=content cls=android.widget.FrameLayout desc=null txt_len=0 pkg=com.larus.nova t_boot_ns=764936637993437
08-31 22:29:27.707 I/AnebProbe(14372): ADAPTER_EVT type=content cls=android.widget.FrameLayout desc=null txt_len=0 pkg=com.larus.nova t_boot_ns=764936737467396
08-31 22:29:27.815 I/AnebProbe(14372): ADAPTER_EVT type=content cls=android.widget.FrameLayout desc=null txt_len=0 pkg=com.larus.nova t_boot_ns=764936846062187
08-31 22:29:27.905 I/AnebProbe(14372): ADAPTER_EVT type=content cls=android.widget.FrameLayout desc=null txt_len=0 pkg=com.larus.nova t_boot_ns=764936936561666
08-31 22:29:28.006 I/AnebProbe(14372): ADAPTER_EVT type=content cls=android.widget.FrameLayout desc=null txt_len=0 pkg=com.larus.nova t_boot_ns=764937037738750
08-31 22:29:28.110 I/AnebProbe(14372): ADAPTER_EVT type=content cls=android.widget.FrameLayout desc=null txt_len=0 pkg=com.larus.nova t_boot_ns=764937139525208
08-31 22:29:28.206 I/AnebProbe(14372): ADAPTER_EVT type=content cls=android.widget.FrameLayout desc=null txt_len=0 pkg=com.larus.nova t_boot_ns=764937237203854
08-31 22:29:28.315 I/AnebProbe(14372): ADAPTER_EVT type=content cls=android.widget.FrameLayout desc=null txt_len=0 pkg=com.larus.nova t_boot_ns=764937346328854
08-31 22:29:28.425 I/AnebProbe(14372): ADAPTER_EVT type=content cls=android.widget.FrameLayout desc=null txt_len=0 pkg=com.larus.nova t_boot_ns=764937456430416
08-31 22:29:28.520 I/AnebProbe(14372): ADAPTER_EVT type=content cls=android.widget.FrameLayout desc=null txt_len=0 pkg=com.larus.nova t_boot_ns=764937551641354
08-31 22:29:28.522 I/AnebProbe(14372): ADAPTER_OBS pkg=com.larus.nova mode=doubao events=236 rule_matched=16 first_delta_ms=0 cadence_p50_ms=100.8 session_span_ms=444306.6 confidence=LOW/INCONCLUSIVE reason=throttle ttft_send_ms=null anchor_source=null ttft_cluster_ms=null ttft_density_ms=null
08-31 22:29:28.620 I/AnebProbe(14372): ADAPTER_EVT type=content cls=android.widget.FrameLayout desc=null txt_len=0 pkg=com.larus.nova t_boot_ns=764937651902291
08-31 22:29:28.732 I/AnebProbe(14372): ADAPTER_EVT type=content cls=android.widget.FrameLayout desc=null txt_len=0 pkg=com.larus.nova t_boot_ns=764937763162187
08-31 22:29:28.830 I/AnebProbe(14372): ADAPTER_EVT type=content cls=android.widget.FrameLayout desc=null txt_len=0 pkg=com.larus.nova t_boot_ns=764937861223646
08-31 22:29:28.931 I/AnebProbe(14372): ADAPTER_EVT type=content cls=android.widget.FrameLayout desc=null txt_len=0 pkg=com.larus.nova t_boot_ns=764937962620000
08-31 22:29:29.030 I/AnebProbe(14372): ADAPTER_EVT type=content cls=android.widget.FrameLayout desc=null txt_len=0 pkg=com.larus.nova t_boot_ns=764938061386145
08-31 22:29:29.130 I/AnebProbe(14372): ADAPTER_EVT type=content cls=android.widget.FrameLayout desc=null txt_len=0 pkg=com.larus.nova t_boot_ns=764938161525208
08-31 22:29:29.230 I/AnebProbe(14372): ADAPTER_EVT type=content cls=android.widget.FrameLayout desc=null txt_len=0 pkg=com.larus.nova t_boot_ns=764938261465833
08-31 22:29:29.333 I/AnebProbe(14372): ADAPTER_EVT type=content cls=android.widget.FrameLayout desc=null txt_len=0 pkg=com.larus.nova t_boot_ns=764938364851250
08-31 22:29:29.430 I/AnebProbe(14372): ADAPTER_EVT type=content cls=android.widget.FrameLayout desc=null txt_len=0 pkg=com.larus.nova t_boot_ns=764938461223125
08-31 22:29:29.530 I/AnebProbe(14372): ADAPTER_EVT type=content cls=android.widget.FrameLayout desc=null txt_len=0 pkg=com.larus.nova t_boot_ns=764938561444479
08-31 22:29:29.631 I/AnebProbe(14372): ADAPTER_EVT type=content cls=android.widget.FrameLayout desc=null txt_len=0 pkg=com.larus.nova t_boot_ns=764938662071562
08-31 22:29:29.731 I/AnebProbe(14372): ADAPTER_EVT type=content cls=android.widget.FrameLayout desc=null txt_len=0 pkg=com.larus.nova t_boot_ns=764938762928333
08-31 22:29:29.831 I/AnebProbe(14372): ADAPTER_EVT type=content cls=android.widget.FrameLayout desc=null txt_len=0 pkg=com.larus.nova t_boot_ns=764938862580937
08-31 22:29:29.939 I/AnebProbe(14372): ADAPTER_EVT type=content cls=android.widget.FrameLayout desc=null txt_len=0 pkg=com.larus.nova t_boot_ns=764938971088229
08-31 22:29:30.042 I/AnebProbe(14372): ADAPTER_EVT type=content cls=android.widget.FrameLayout desc=null txt_len=0 pkg=com.larus.nova t_boot_ns=764939073503333
08-31 22:29:30.140 I/AnebProbe(14372): ADAPTER_EVT type=content cls=android.widget.FrameLayout desc=null txt_len=0 pkg=com.larus.nova t_boot_ns=764939170888229
08-31 22:29:30.259 I/AnebProbe(14372): ADAPTER_EVT type=content cls=android.widget.FrameLayout desc=null txt_len=0 pkg=com.larus.nova t_boot_ns=764939290317916
08-31 22:29:30.339 I/AnebProbe(14372): ADAPTER_EVT type=content cls=android.widget.FrameLayout desc=null txt_len=0 pkg=com.larus.nova t_boot_ns=764939370967916
08-31 22:29:30.441 I/AnebProbe(14372): ADAPTER_EVT type=content cls=android.widget.FrameLayout desc=null txt_len=0 pkg=com.larus.nova t_boot_ns=764939472003333
08-31 22:29:30.539 I/AnebProbe(14372): ADAPTER_EVT type=content cls=android.widget.FrameLayout desc=null txt_len=0 pkg=com.larus.nova t_boot_ns=764939570509062
08-31 22:29:30.638 I/AnebProbe(14372): ADAPTER_EVT type=content cls=android.widget.FrameLayout desc=null txt_len=0 pkg=com.larus.nova t_boot_ns=764939669861666
08-31 22:29:30.740 I/AnebProbe(14372): ADAPTER_EVT type=content cls=android.widget.FrameLayout desc=null txt_len=0 pkg=com.larus.nova t_boot_ns=764939771776249
08-31 22:29:30.839 I/AnebProbe(14372): ADAPTER_EVT type=content cls=android.widget.FrameLayout desc=null txt_len=0 pkg=com.larus.nova t_boot_ns=764939870679374
08-31 22:29:30.939 I/AnebProbe(14372): ADAPTER_EVT type=content cls=android.widget.FrameLayout desc=null txt_len=0 pkg=com.larus.nova t_boot_ns=764939970047604
08-31 22:29:31.041 I/AnebProbe(14372): ADAPTER_EVT type=content cls=android.widget.FrameLayout desc=null txt_len=0 pkg=com.larus.nova t_boot_ns=764940072262187
08-31 22:29:31.139 I/AnebProbe(14372): ADAPTER_EVT type=content cls=android.widget.FrameLayout desc=null txt_len=0 pkg=com.larus.nova t_boot_ns=764940170647083
08-31 22:29:31.250 I/AnebProbe(14372): ADAPTER_EVT type=content cls=android.widget.FrameLayout desc=null txt_len=0 pkg=com.larus.nova t_boot_ns=764940281580937
08-31 22:29:31.349 I/AnebProbe(14372): ADAPTER_EVT type=content cls=android.widget.FrameLayout desc=null txt_len=0 pkg=com.larus.nova t_boot_ns=764940380159583
08-31 22:29:31.450 I/AnebProbe(14372): ADAPTER_EVT type=content cls=android.widget.FrameLayout desc=null txt_len=0 pkg=com.larus.nova t_boot_ns=764940481274166
08-31 22:29:31.549 I/AnebProbe(14372): ADAPTER_EVT type=content cls=android.widget.FrameLayout desc=null txt_len=0 pkg=com.larus.nova t_boot_ns=764940580692916
08-31 22:29:31.650 I/AnebProbe(14372): ADAPTER_EVT type=content cls=android.widget.FrameLayout desc=null txt_len=0 pkg=com.larus.nova t_boot_ns=764940681694999
08-31 22:29:31.751 I/AnebProbe(14372): ADAPTER_EVT type=content cls=android.widget.FrameLayout desc=null txt_len=0 pkg=com.larus.nova t_boot_ns=764940781952291
08-31 22:29:31.856 I/AnebProbe(14372): ADAPTER_EVT type=content cls=android.widget.FrameLayout desc=null txt_len=0 pkg=com.larus.nova t_boot_ns=764940887417916
08-31 22:29:31.954 I/AnebProbe(14372): ADAPTER_EVT type=content cls=android.widget.FrameLayout desc=null txt_len=0 pkg=com.larus.nova t_boot_ns=764940984318437
08-31 22:29:32.051 I/AnebProbe(14372): ADAPTER_EVT type=content cls=android.widget.FrameLayout desc=null txt_len=0 pkg=com.larus.nova t_boot_ns=764941082402812
08-31 22:29:32.154 I/AnebProbe(14372): ADAPTER_EVT type=content cls=android.widget.FrameLayout desc=null txt_len=0 pkg=com.larus.nova t_boot_ns=764941184977812
08-31 22:29:38.064 I/AnebE4MARK(18959): E4MARK kind=answer_complete n=4
08-31 22:29:51.745 I/AnebProbe(14372): ADAPTER_EVT type=content cls=android.widget.TextView desc=null txt_len=0 pkg=com.larus.nova t_boot_ns=764960776753330
08-31 22:29:51.748 I/AnebProbe(14372): ADAPTER_OBS pkg=com.larus.nova mode=doubao events=273 rule_matched=17 first_delta_ms=0 cadence_p50_ms=100.7 session_span_ms=467531.7 confidence=LOW/INCONCLUSIVE reason=throttle ttft_send_ms=null anchor_source=null ttft_cluster_ms=null ttft_density_ms=null
08-31 22:29:53.113 I/AnebProbe(14372): ADAPTER_EVT type=content cls=android.widget.TextView desc=null txt_len=0 pkg=com.larus.nova t_boot_ns=764962144511142
08-31 22:29:53.214 I/AnebProbe(14372): ADAPTER_EVT type=content cls=android.widget.FrameLayout desc=null txt_len=0 pkg=com.larus.nova t_boot_ns=764962245496038
08-31 22:29:53.313 I/AnebProbe(14372): ADAPTER_EVT type=content cls=android.widget.FrameLayout desc=null txt_len=0 pkg=com.larus.nova t_boot_ns=764962344428329
08-31 22:29:53.426 I/AnebProbe(14372): ADAPTER_EVT type=content cls=android.widget.FrameLayout desc=null txt_len=0 pkg=com.larus.nova t_boot_ns=764962457550725
08-31 22:29:53.527 I/AnebProbe(14372): ADAPTER_EVT type=content cls=android.widget.FrameLayout desc=null txt_len=0 pkg=com.larus.nova t_boot_ns=764962558109058
08-31 22:29:53.628 I/AnebProbe(14372): ADAPTER_EVT type=content cls=android.widget.FrameLayout desc=null txt_len=0 pkg=com.larus.nova t_boot_ns=764962659282496
08-31 22:29:53.728 I/AnebProbe(14372): ADAPTER_EVT type=content cls=android.widget.FrameLayout desc=null txt_len=0 pkg=com.larus.nova t_boot_ns=764962758840829
08-31 22:29:53.841 I/AnebProbe(14372): ADAPTER_EVT type=content cls=android.widget.FrameLayout desc=null txt_len=0 pkg=com.larus.nova t_boot_ns=764962872584058
08-31 22:29:53.944 I/AnebProbe(14372): ADAPTER_EVT type=content cls=android.widget.FrameLayout desc=null txt_len=0 pkg=com.larus.nova t_boot_ns=764962975403850
08-31 22:29:54.056 I/AnebProbe(14372): ADAPTER_EVT type=content cls=android.widget.FrameLayout desc=null txt_len=0 pkg=com.larus.nova t_boot_ns=764963087868433
08-31 22:29:54.157 I/AnebProbe(14372): ADAPTER_EVT type=content cls=android.widget.FrameLayout desc=null txt_len=0 pkg=com.larus.nova t_boot_ns=764963188491350
08-31 22:29:54.276 I/AnebProbe(14372): ADAPTER_EVT type=content cls=android.widget.FrameLayout desc=null txt_len=0 pkg=com.larus.nova t_boot_ns=764963306597600
08-31 22:29:54.389 I/AnebProbe(14372): ADAPTER_EVT type=content cls=android.widget.FrameLayout desc=null txt_len=0 pkg=com.larus.nova t_boot_ns=764963420772079
08-31 22:29:54.489 I/AnebProbe(14372): ADAPTER_EVT type=content cls=android.widget.FrameLayout desc=null txt_len=0 pkg=com.larus.nova t_boot_ns=764963520345517
08-31 22:29:54.589 I/AnebProbe(14372): ADAPTER_EVT type=content cls=android.widget.FrameLayout desc=null txt_len=0 pkg=com.larus.nova t_boot_ns=764963620123121
08-31 22:29:54.690 I/AnebProbe(14372): ADAPTER_EVT type=content cls=android.widget.FrameLayout desc=null txt_len=0 pkg=com.larus.nova t_boot_ns=764963721321558
08-31 22:29:54.789 I/AnebProbe(14372): ADAPTER_EVT type=content cls=android.widget.FrameLayout desc=null txt_len=0 pkg=com.larus.nova t_boot_ns=764963820582496
08-31 22:29:54.889 I/AnebProbe(14372): ADAPTER_EVT type=content cls=android.widget.FrameLayout desc=null txt_len=0 pkg=com.larus.nova t_boot_ns=764963920315829
08-31 22:29:54.989 I/AnebProbe(14372): ADAPTER_EVT type=content cls=android.widget.FrameLayout desc=null txt_len=0 pkg=com.larus.nova t_boot_ns=764964020643954
08-31 22:29:55.107 I/AnebProbe(14372): ADAPTER_EVT type=content cls=android.widget.FrameLayout desc=null txt_len=0 pkg=com.larus.nova t_boot_ns=764964138756975
08-31 22:29:55.206 I/AnebProbe(14372): ADAPTER_EVT type=content cls=android.widget.FrameLayout desc=null txt_len=0 pkg=com.larus.nova t_boot_ns=764964237539266
08-31 22:29:55.304 I/AnebProbe(14372): ADAPTER_EVT type=content cls=android.widget.FrameLayout desc=null txt_len=0 pkg=com.larus.nova t_boot_ns=764964335156454
08-31 22:29:55.404 I/AnebProbe(14372): ADAPTER_EVT type=content cls=android.widget.FrameLayout desc=null txt_len=0 pkg=com.larus.nova t_boot_ns=764964435045516
08-31 22:29:55.505 I/AnebProbe(14372): ADAPTER_EVT type=content cls=android.widget.FrameLayout desc=null txt_len=0 pkg=com.larus.nova t_boot_ns=764964535969475
08-31 22:29:55.606 I/AnebProbe(14372): ADAPTER_EVT type=content cls=android.widget.FrameLayout desc=null txt_len=0 pkg=com.larus.nova t_boot_ns=764964637080412
08-31 22:29:55.705 I/AnebProbe(14372): ADAPTER_EVT type=content cls=android.widget.FrameLayout desc=null txt_len=0 pkg=com.larus.nova t_boot_ns=764964736062704
08-31 22:29:55.811 I/AnebProbe(14372): ADAPTER_EVT type=content cls=android.widget.FrameLayout desc=null txt_len=0 pkg=com.larus.nova t_boot_ns=764964842163746
08-31 22:29:55.915 I/AnebProbe(14372): ADAPTER_EVT type=content cls=android.widget.FrameLayout desc=null txt_len=0 pkg=com.larus.nova t_boot_ns=764964946080412
08-31 22:29:56.015 I/AnebProbe(14372): ADAPTER_EVT type=content cls=android.widget.FrameLayout desc=null txt_len=0 pkg=com.larus.nova t_boot_ns=764965046140308
08-31 22:29:56.113 I/AnebProbe(14372): ADAPTER_EVT type=content cls=android.widget.FrameLayout desc=null txt_len=0 pkg=com.larus.nova t_boot_ns=764965144818433
08-31 22:29:56.214 I/AnebProbe(14372): ADAPTER_EVT type=content cls=android.widget.FrameLayout desc=null txt_len=0 pkg=com.larus.nova t_boot_ns=764965245715308
08-31 22:29:56.329 I/AnebProbe(14372): ADAPTER_EVT type=content cls=android.widget.FrameLayout desc=null txt_len=0 pkg=com.larus.nova t_boot_ns=764965360025725
08-31 22:29:56.428 I/AnebProbe(14372): ADAPTER_EVT type=content cls=android.widget.FrameLayout desc=null txt_len=0 pkg=com.larus.nova t_boot_ns=764965459981975
08-31 22:29:56.529 I/AnebProbe(14372): ADAPTER_EVT type=content cls=android.widget.FrameLayout desc=null txt_len=0 pkg=com.larus.nova t_boot_ns=764965560523120
08-31 22:29:56.628 I/AnebProbe(14372): ADAPTER_EVT type=content cls=android.widget.FrameLayout desc=null txt_len=0 pkg=com.larus.nova t_boot_ns=764965659625725
08-31 22:29:56.729 I/AnebProbe(14372): ADAPTER_EVT type=content cls=android.widget.FrameLayout desc=null txt_len=0 pkg=com.larus.nova t_boot_ns=764965760166350
08-31 22:29:56.830 I/AnebProbe(14372): ADAPTER_EVT type=content cls=android.widget.FrameLayout desc=null txt_len=0 pkg=com.larus.nova t_boot_ns=764965861247600
08-31 22:29:56.833 I/AnebProbe(14372): ADAPTER_OBS pkg=com.larus.nova mode=doubao events=310 rule_matched=18 first_delta_ms=0 cadence_p50_ms=100.8 session_span_ms=472616.2 confidence=LOW/INCONCLUSIVE reason=throttle ttft_send_ms=null anchor_source=null ttft_cluster_ms=null ttft_density_ms=null
08-31 22:29:56.928 I/AnebProbe(14372): ADAPTER_EVT type=content cls=android.widget.FrameLayout desc=null txt_len=0 pkg=com.larus.nova t_boot_ns=764965960007495
08-31 22:29:57.029 I/AnebProbe(14372): ADAPTER_EVT type=content cls=android.widget.FrameLayout desc=null txt_len=0 pkg=com.larus.nova t_boot_ns=764966060669995
08-31 22:29:57.140 I/AnebProbe(14372): ADAPTER_EVT type=content cls=android.widget.FrameLayout desc=null txt_len=0 pkg=com.larus.nova t_boot_ns=764966171669995
08-31 22:29:57.256 I/AnebProbe(14372): ADAPTER_EVT type=content cls=android.widget.FrameLayout desc=null txt_len=0 pkg=com.larus.nova t_boot_ns=764966287864787
08-31 22:29:57.357 I/AnebProbe(14372): ADAPTER_EVT type=content cls=android.widget.FrameLayout desc=null txt_len=0 pkg=com.larus.nova t_boot_ns=764966388254370
08-31 22:29:57.456 I/AnebProbe(14372): ADAPTER_EVT type=content cls=android.widget.FrameLayout desc=null txt_len=0 pkg=com.larus.nova t_boot_ns=764966487896558
08-31 22:29:57.558 I/AnebProbe(14372): ADAPTER_EVT type=content cls=android.widget.FrameLayout desc=null txt_len=0 pkg=com.larus.nova t_boot_ns=764966589349683
08-31 22:29:57.657 I/AnebProbe(14372): ADAPTER_EVT type=content cls=android.widget.FrameLayout desc=null txt_len=0 pkg=com.larus.nova t_boot_ns=764966687818954
08-31 22:29:57.757 I/AnebProbe(14372): ADAPTER_EVT type=content cls=android.widget.FrameLayout desc=null txt_len=0 pkg=com.larus.nova t_boot_ns=764966788712183
08-31 22:29:57.859 I/AnebProbe(14372): ADAPTER_EVT type=content cls=android.widget.FrameLayout desc=null txt_len=0 pkg=com.larus.nova t_boot_ns=764966890550204
08-31 22:29:57.956 I/AnebProbe(14372): ADAPTER_EVT type=content cls=android.widget.FrameLayout desc=null txt_len=0 pkg=com.larus.nova t_boot_ns=764966987473641
08-31 22:29:58.057 I/AnebProbe(14372): ADAPTER_EVT type=content cls=android.widget.FrameLayout desc=null txt_len=0 pkg=com.larus.nova t_boot_ns=764967088062704
08-31 22:29:58.158 I/AnebProbe(14372): ADAPTER_EVT type=content cls=android.widget.FrameLayout desc=null txt_len=0 pkg=com.larus.nova t_boot_ns=764967189671037
08-31 22:29:58.257 I/AnebProbe(14372): ADAPTER_EVT type=content cls=android.widget.FrameLayout desc=null txt_len=0 pkg=com.larus.nova t_boot_ns=764967288557495
08-31 22:29:58.358 I/AnebProbe(14372): ADAPTER_EVT type=content cls=android.widget.FrameLayout desc=null txt_len=0 pkg=com.larus.nova t_boot_ns=764967389433537
08-31 22:29:58.411 I/AnebProbe(14372): ADAPTER_EVT type=content cls=android.widget.FrameLayout desc=null txt_len=0 pkg=com.larus.nova t_boot_ns=764967442900724
08-31 22:29:58.411 I/AnebProbe(14372): ADAPTER_EVT type=click cls=android.widget.ImageView desc=更多菜单 txt_len=4 pkg=com.larus.nova t_boot_ns=764967443126245
08-31 22:29:58.530 I/AnebProbe(14372): ADAPTER_EVT type=content cls=android.widget.FrameLayout desc=null txt_len=0 pkg=com.larus.nova t_boot_ns=764967562047599
08-31 22:30:00.242 I/AnebProbe(14372): ADAPTER_EVT type=content cls=android.widget.FrameLayout desc=null txt_len=0 pkg=com.larus.nova t_boot_ns=764969273203849
08-31 22:30:00.254 I/AnebProbe(14372): ADAPTER_EVT type=content cls=android.widget.FrameLayout desc=null txt_len=0 pkg=com.larus.nova t_boot_ns=764969286000203
08-31 22:30:00.354 I/AnebProbe(14372): ADAPTER_EVT type=content cls=android.widget.FrameLayout desc=null txt_len=0 pkg=com.larus.nova t_boot_ns=764969385372078
08-31 22:30:00.455 I/AnebProbe(14372): ADAPTER_EVT type=content cls=android.widget.FrameLayout desc=null txt_len=0 pkg=com.larus.nova t_boot_ns=764969486176245
08-31 22:30:00.554 I/AnebProbe(14372): ADAPTER_EVT type=content cls=android.widget.FrameLayout desc=null txt_len=0 pkg=com.larus.nova t_boot_ns=764969585292912
08-31 22:30:00.654 I/AnebProbe(14372): ADAPTER_EVT type=content cls=android.widget.FrameLayout desc=null txt_len=0 pkg=com.larus.nova t_boot_ns=764969685392391
08-31 22:30:00.755 I/AnebProbe(14372): ADAPTER_EVT type=content cls=android.widget.FrameLayout desc=null txt_len=0 pkg=com.larus.nova t_boot_ns=764969786478328
08-31 22:30:00.855 I/AnebProbe(14372): ADAPTER_EVT type=content cls=android.widget.FrameLayout desc=null txt_len=0 pkg=com.larus.nova t_boot_ns=764969886630411
08-31 22:30:00.954 I/AnebProbe(14372): ADAPTER_EVT type=content cls=android.widget.FrameLayout desc=null txt_len=0 pkg=com.larus.nova t_boot_ns=764969986012703
08-31 22:30:01.054 I/AnebProbe(14372): ADAPTER_EVT type=content cls=android.widget.FrameLayout desc=null txt_len=0 pkg=com.larus.nova t_boot_ns=764970085685099
08-31 22:30:01.157 I/AnebProbe(14372): ADAPTER_EVT type=content cls=android.widget.FrameLayout desc=null txt_len=0 pkg=com.larus.nova t_boot_ns=764970189025724
08-31 22:30:01.253 I/AnebProbe(14372): ADAPTER_EVT type=content cls=android.widget.FrameLayout desc=null txt_len=0 pkg=com.larus.nova t_boot_ns=764970285019474
08-31 22:30:01.354 I/AnebProbe(14372): ADAPTER_EVT type=content cls=android.widget.FrameLayout desc=null txt_len=0 pkg=com.larus.nova t_boot_ns=764970385524161
08-31 22:30:01.454 I/AnebProbe(14372): ADAPTER_EVT type=content cls=android.widget.FrameLayout desc=null txt_len=0 pkg=com.larus.nova t_boot_ns=764970485528328
08-31 22:30:01.554 I/AnebProbe(14372): ADAPTER_EVT type=content cls=android.widget.FrameLayout desc=null txt_len=0 pkg=com.larus.nova t_boot_ns=764970585427286
08-31 22:30:01.654 I/AnebProbe(14372): ADAPTER_EVT type=content cls=android.widget.FrameLayout desc=null txt_len=0 pkg=com.larus.nova t_boot_ns=764970686094474
08-31 22:30:01.756 I/AnebProbe(14372): ADAPTER_EVT type=content cls=android.widget.FrameLayout desc=null txt_len=0 pkg=com.larus.nova t_boot_ns=764970787821557
08-31 22:30:01.856 I/AnebProbe(14372): ADAPTER_EVT type=content cls=android.widget.FrameLayout desc=null txt_len=0 pkg=com.larus.nova t_boot_ns=764970887378849
08-31 22:30:01.857 I/AnebProbe(14372): ADAPTER_OBS pkg=com.larus.nova mode=doubao events=345 rule_matched=18 first_delta_ms=0 cadence_p50_ms=100.7 session_span_ms=477642.3 confidence=LOW/INCONCLUSIVE reason=throttle ttft_send_ms=null anchor_source=null ttft_cluster_ms=null ttft_density_ms=null
08-31 22:30:01.955 I/AnebProbe(14372): ADAPTER_EVT type=content cls=android.widget.FrameLayout desc=null txt_len=0 pkg=com.larus.nova t_boot_ns=764970986816349
08-31 22:30:02.061 I/AnebProbe(14372): ADAPTER_EVT type=content cls=android.widget.FrameLayout desc=null txt_len=0 pkg=com.larus.nova t_boot_ns=764971092636140
08-31 22:30:02.161 I/AnebProbe(14372): ADAPTER_EVT type=content cls=android.widget.FrameLayout desc=null txt_len=0 pkg=com.larus.nova t_boot_ns=764971192906453
08-31 22:30:02.262 I/AnebProbe(14372): ADAPTER_EVT type=content cls=android.widget.FrameLayout desc=null txt_len=0 pkg=com.larus.nova t_boot_ns=764971293913224
08-31 22:30:02.362 I/AnebProbe(14372): ADAPTER_EVT type=content cls=android.widget.FrameLayout desc=null txt_len=0 pkg=com.larus.nova t_boot_ns=764971394013224
08-31 22:30:02.463 I/AnebProbe(14372): ADAPTER_EVT type=content cls=android.widget.FrameLayout desc=null txt_len=0 pkg=com.larus.nova t_boot_ns=764971494236661
08-31 22:30:02.562 I/AnebProbe(14372): ADAPTER_EVT type=content cls=android.widget.FrameLayout desc=null txt_len=0 pkg=com.larus.nova t_boot_ns=764971593724161
08-31 22:30:02.662 I/AnebProbe(14372): ADAPTER_EVT type=content cls=android.widget.FrameLayout desc=null txt_len=0 pkg=com.larus.nova t_boot_ns=764971693622078
08-31 22:30:02.762 I/AnebProbe(14372): ADAPTER_EVT type=content cls=android.widget.FrameLayout desc=null txt_len=0 pkg=com.larus.nova t_boot_ns=764971793413744
08-31 22:30:02.874 I/AnebProbe(14372): ADAPTER_EVT type=content cls=android.widget.FrameLayout desc=null txt_len=0 pkg=com.larus.nova t_boot_ns=764971905536140
08-31 22:30:02.976 I/AnebProbe(14372): ADAPTER_EVT type=content cls=android.widget.FrameLayout desc=null txt_len=0 pkg=com.larus.nova t_boot_ns=764972005926765
08-31 22:30:03.075 I/AnebProbe(14372): ADAPTER_EVT type=content cls=android.widget.FrameLayout desc=null txt_len=0 pkg=com.larus.nova t_boot_ns=764972106458536
08-31 22:30:03.173 I/AnebProbe(14372): ADAPTER_EVT type=content cls=android.widget.FrameLayout desc=null txt_len=0 pkg=com.larus.nova t_boot_ns=764972204739786
08-31 22:30:03.273 I/AnebProbe(14372): ADAPTER_EVT type=content cls=android.widget.FrameLayout desc=null txt_len=0 pkg=com.larus.nova t_boot_ns=764972304793432
08-31 22:30:03.387 I/AnebProbe(14372): ADAPTER_EVT type=content cls=android.widget.FrameLayout desc=null txt_len=0 pkg=com.larus.nova t_boot_ns=764972418291869
08-31 22:30:03.487 I/AnebProbe(14372): ADAPTER_EVT type=content cls=android.widget.FrameLayout desc=null txt_len=0 pkg=com.larus.nova t_boot_ns=764972518388224
08-31 22:30:03.601 I/AnebProbe(14372): ADAPTER_EVT type=content cls=android.widget.FrameLayout desc=null txt_len=0 pkg=com.larus.nova t_boot_ns=764972632865828
08-31 22:30:07.379 I/AnebE4MARK(19333): E4MARK kind=turn_start n=5
08-31 22:30:15.807 I/AnebProbe(14372): ADAPTER_EVT type=content cls=android.widget.TextView desc=null txt_len=0 pkg=com.larus.nova t_boot_ns=764984838497597
08-31 22:30:15.810 I/AnebProbe(14372): ADAPTER_OBS pkg=com.larus.nova mode=doubao events=363 rule_matched=19 first_delta_ms=0 cadence_p50_ms=100.6 session_span_ms=491593.5 confidence=LOW/INCONCLUSIVE reason=throttle ttft_send_ms=null anchor_source=null ttft_cluster_ms=null ttft_density_ms=null
08-31 22:30:19.635 I/AnebProbe(14372): ADAPTER_EVT type=content cls=android.widget.TextView desc=null txt_len=0 pkg=com.larus.nova t_boot_ns=764988666213221
08-31 22:30:19.734 I/AnebProbe(14372): ADAPTER_EVT type=content cls=android.widget.FrameLayout desc=null txt_len=0 pkg=com.larus.nova t_boot_ns=764988765922075
08-31 22:30:19.997 I/AnebProbe(14372): ADAPTER_EVT type=content cls=android.widget.TextView desc=null txt_len=0 pkg=com.larus.nova t_boot_ns=764989028567909
08-31 22:30:20.096 I/AnebProbe(14372): ADAPTER_EVT type=content cls=android.widget.FrameLayout desc=null txt_len=0 pkg=com.larus.nova t_boot_ns=764989127334575
08-31 22:30:20.196 I/AnebProbe(14372): ADAPTER_EVT type=content cls=android.widget.FrameLayout desc=null txt_len=0 pkg=com.larus.nova t_boot_ns=764989227631450
08-31 22:30:20.296 I/AnebProbe(14372): ADAPTER_EVT type=content cls=android.widget.FrameLayout desc=null txt_len=0 pkg=com.larus.nova t_boot_ns=764989327831971
08-31 22:30:20.399 I/AnebProbe(14372): ADAPTER_EVT type=content cls=android.widget.FrameLayout desc=null txt_len=0 pkg=com.larus.nova t_boot_ns=764989428974158
08-31 22:30:20.514 I/AnebProbe(14372): ADAPTER_EVT type=content cls=android.widget.FrameLayout desc=null txt_len=0 pkg=com.larus.nova t_boot_ns=764989545218950
08-31 22:30:20.614 I/AnebProbe(14372): ADAPTER_EVT type=content cls=android.widget.FrameLayout desc=null txt_len=0 pkg=com.larus.nova t_boot_ns=764989644906971
08-31 22:30:20.730 I/AnebProbe(14372): ADAPTER_EVT type=content cls=android.widget.FrameLayout desc=null txt_len=0 pkg=com.larus.nova t_boot_ns=764989761591867
08-31 22:30:20.845 I/AnebProbe(14372): ADAPTER_EVT type=content cls=android.widget.FrameLayout desc=null txt_len=0 pkg=com.larus.nova t_boot_ns=764989876914263
08-31 22:30:20.847 I/AnebProbe(14372): ADAPTER_OBS pkg=com.larus.nova mode=doubao events=374 rule_matched=21 first_delta_ms=0 cadence_p50_ms=100.6 session_span_ms=496631.9 confidence=LOW/INCONCLUSIVE reason=throttle ttft_send_ms=null anchor_source=null ttft_cluster_ms=null ttft_density_ms=null
08-31 22:30:20.959 I/AnebProbe(14372): ADAPTER_EVT type=content cls=android.widget.FrameLayout desc=null txt_len=0 pkg=com.larus.nova t_boot_ns=764989990633013
08-31 22:30:21.059 I/AnebProbe(14372): ADAPTER_EVT type=content cls=android.widget.FrameLayout desc=null txt_len=0 pkg=com.larus.nova t_boot_ns=764990089736658
08-31 22:30:21.160 I/AnebProbe(14372): ADAPTER_EVT type=content cls=android.widget.FrameLayout desc=null txt_len=0 pkg=com.larus.nova t_boot_ns=764990191302283
08-31 22:30:21.262 I/AnebProbe(14372): ADAPTER_EVT type=content cls=android.widget.FrameLayout desc=null txt_len=0 pkg=com.larus.nova t_boot_ns=764990293067908
08-31 22:30:21.377 I/AnebProbe(14372): ADAPTER_EVT type=content cls=android.widget.FrameLayout desc=null txt_len=0 pkg=com.larus.nova t_boot_ns=764990408055408
08-31 22:30:21.491 I/AnebProbe(14372): ADAPTER_EVT type=content cls=android.widget.FrameLayout desc=null txt_len=0 pkg=com.larus.nova t_boot_ns=764990522490304
08-31 22:30:21.591 I/AnebProbe(14372): ADAPTER_EVT type=content cls=android.widget.FrameLayout desc=null txt_len=0 pkg=com.larus.nova t_boot_ns=764990621915825
08-31 22:30:21.694 I/AnebProbe(14372): ADAPTER_EVT type=content cls=android.widget.FrameLayout desc=null txt_len=0 pkg=com.larus.nova t_boot_ns=764990725480408
08-31 22:30:21.804 I/AnebProbe(14372): ADAPTER_EVT type=content cls=android.widget.FrameLayout desc=null txt_len=0 pkg=com.larus.nova t_boot_ns=764990835132492
08-31 22:30:21.904 I/AnebProbe(14372): ADAPTER_EVT type=content cls=android.widget.FrameLayout desc=null txt_len=0 pkg=com.larus.nova t_boot_ns=764990935180929
08-31 22:30:22.005 I/AnebProbe(14372): ADAPTER_EVT type=content cls=android.widget.FrameLayout desc=null txt_len=0 pkg=com.larus.nova t_boot_ns=764991036825721
08-31 22:30:22.103 I/AnebProbe(14372): ADAPTER_EVT type=content cls=android.widget.FrameLayout desc=null txt_len=0 pkg=com.larus.nova t_boot_ns=764991134636658
08-31 22:30:22.204 I/AnebProbe(14372): ADAPTER_EVT type=content cls=android.widget.FrameLayout desc=null txt_len=0 pkg=com.larus.nova t_boot_ns=764991235335096
08-31 22:30:22.305 I/AnebProbe(14372): ADAPTER_EVT type=content cls=android.widget.FrameLayout desc=null txt_len=0 pkg=com.larus.nova t_boot_ns=764991336434054
08-31 22:30:22.404 I/AnebProbe(14372): ADAPTER_EVT type=content cls=android.widget.FrameLayout desc=null txt_len=0 pkg=com.larus.nova t_boot_ns=764991435594991
08-31 22:30:22.505 I/AnebProbe(14372): ADAPTER_EVT type=content cls=android.widget.FrameLayout desc=null txt_len=0 pkg=com.larus.nova t_boot_ns=764991536057491
08-31 22:30:22.606 I/AnebProbe(14372): ADAPTER_EVT type=content cls=android.widget.FrameLayout desc=null txt_len=0 pkg=com.larus.nova t_boot_ns=764991637006450
08-31 22:30:22.704 I/AnebProbe(14372): ADAPTER_EVT type=content cls=android.widget.FrameLayout desc=null txt_len=0 pkg=com.larus.nova t_boot_ns=764991735418950
08-31 22:30:22.804 I/AnebProbe(14372): ADAPTER_EVT type=content cls=android.widget.FrameLayout desc=null txt_len=0 pkg=com.larus.nova t_boot_ns=764991835552804
08-31 22:30:22.904 I/AnebProbe(14372): ADAPTER_EVT type=content cls=android.widget.FrameLayout desc=null txt_len=0 pkg=com.larus.nova t_boot_ns=764991935168429
08-31 22:30:23.004 I/AnebProbe(14372): ADAPTER_EVT type=content cls=android.widget.FrameLayout desc=null txt_len=0 pkg=com.larus.nova t_boot_ns=764992035764262
08-31 22:30:23.103 I/AnebProbe(14372): ADAPTER_EVT type=content cls=android.widget.FrameLayout desc=null txt_len=0 pkg=com.larus.nova t_boot_ns=764992134773637
08-31 22:30:23.204 I/AnebProbe(14372): ADAPTER_EVT type=content cls=android.widget.FrameLayout desc=null txt_len=0 pkg=com.larus.nova t_boot_ns=764992235416346
08-31 22:30:23.319 I/AnebProbe(14372): ADAPTER_EVT type=content cls=android.widget.FrameLayout desc=null txt_len=0 pkg=com.larus.nova t_boot_ns=764992349480929
08-31 22:30:23.425 I/AnebProbe(14372): ADAPTER_EVT type=content cls=android.widget.FrameLayout desc=null txt_len=0 pkg=com.larus.nova t_boot_ns=764992456743429
08-31 22:30:23.518 I/AnebProbe(14372): ADAPTER_EVT type=content cls=android.widget.FrameLayout desc=null txt_len=0 pkg=com.larus.nova t_boot_ns=764992549437179
08-31 22:30:23.631 I/AnebProbe(14372): ADAPTER_EVT type=content cls=android.widget.FrameLayout desc=null txt_len=0 pkg=com.larus.nova t_boot_ns=764992662817387
08-31 22:30:23.746 I/AnebProbe(14372): ADAPTER_EVT type=content cls=android.widget.FrameLayout desc=null txt_len=0 pkg=com.larus.nova t_boot_ns=764992776080408
08-31 22:30:23.843 I/AnebProbe(14372): ADAPTER_EVT type=content cls=android.widget.FrameLayout desc=null txt_len=0 pkg=com.larus.nova t_boot_ns=764992874830408
08-31 22:30:23.943 I/AnebProbe(14372): ADAPTER_EVT type=content cls=android.widget.FrameLayout desc=null txt_len=0 pkg=com.larus.nova t_boot_ns=764992974959575
08-31 22:30:24.043 I/AnebProbe(14372): ADAPTER_EVT type=content cls=android.widget.FrameLayout desc=null txt_len=0 pkg=com.larus.nova t_boot_ns=764993074829366
08-31 22:30:24.144 I/AnebProbe(14372): ADAPTER_EVT type=content cls=android.widget.FrameLayout desc=null txt_len=0 pkg=com.larus.nova t_boot_ns=764993175753845
08-31 22:30:24.245 I/AnebProbe(14372): ADAPTER_EVT type=content cls=android.widget.FrameLayout desc=null txt_len=0 pkg=com.larus.nova t_boot_ns=764993276343429
08-31 22:30:24.342 I/AnebProbe(14372): ADAPTER_EVT type=content cls=android.widget.FrameLayout desc=null txt_len=0 pkg=com.larus.nova t_boot_ns=764993373905408
08-31 22:30:24.446 I/AnebProbe(14372): ADAPTER_EVT type=content cls=android.widget.FrameLayout desc=null txt_len=0 pkg=com.larus.nova t_boot_ns=764993477318429
08-31 22:30:24.543 I/AnebProbe(14372): ADAPTER_EVT type=content cls=android.widget.FrameLayout desc=null txt_len=0 pkg=com.larus.nova t_boot_ns=764993574909575
08-31 22:30:24.643 I/AnebProbe(14372): ADAPTER_EVT type=content cls=android.widget.FrameLayout desc=null txt_len=0 pkg=com.larus.nova t_boot_ns=764993674635095
08-31 22:30:24.744 I/AnebProbe(14372): ADAPTER_EVT type=content cls=android.widget.FrameLayout desc=null txt_len=0 pkg=com.larus.nova t_boot_ns=764993775061658
08-31 22:30:24.843 I/AnebProbe(14372): ADAPTER_EVT type=content cls=android.widget.FrameLayout desc=null txt_len=0 pkg=com.larus.nova t_boot_ns=764993873818429
08-31 22:30:24.944 I/AnebProbe(14372): ADAPTER_EVT type=content cls=android.widget.FrameLayout desc=null txt_len=0 pkg=com.larus.nova t_boot_ns=764993975457491
08-31 22:30:25.042 I/AnebProbe(14372): ADAPTER_EVT type=content cls=android.widget.FrameLayout desc=null txt_len=0 pkg=com.larus.nova t_boot_ns=764994073803845
08-31 22:30:25.143 I/AnebProbe(14372): ADAPTER_EVT type=content cls=android.widget.FrameLayout desc=null txt_len=0 pkg=com.larus.nova t_boot_ns=764994174553324
08-31 22:30:25.245 I/AnebProbe(14372): ADAPTER_EVT type=content cls=android.widget.FrameLayout desc=null txt_len=0 pkg=com.larus.nova t_boot_ns=764994276819470
08-31 22:30:25.344 I/AnebProbe(14372): ADAPTER_EVT type=content cls=android.widget.FrameLayout desc=null txt_len=0 pkg=com.larus.nova t_boot_ns=764994375112699
08-31 22:30:25.444 I/AnebProbe(14372): ADAPTER_EVT type=content cls=android.widget.FrameLayout desc=null txt_len=0 pkg=com.larus.nova t_boot_ns=764994475344470
08-31 22:30:25.553 I/AnebProbe(14372): ADAPTER_EVT type=content cls=android.widget.FrameLayout desc=null txt_len=0 pkg=com.larus.nova t_boot_ns=764994584023637
08-31 22:30:25.654 I/AnebProbe(14372): ADAPTER_EVT type=content cls=android.widget.FrameLayout desc=null txt_len=0 pkg=com.larus.nova t_boot_ns=764994683587179
08-31 22:30:25.766 I/AnebProbe(14372): ADAPTER_EVT type=content cls=android.widget.FrameLayout desc=null txt_len=0 pkg=com.larus.nova t_boot_ns=764994797072074
08-31 22:30:25.866 I/AnebProbe(14372): ADAPTER_EVT type=content cls=android.widget.FrameLayout desc=null txt_len=0 pkg=com.larus.nova t_boot_ns=764994897730928
08-31 22:30:25.869 I/AnebProbe(14372): ADAPTER_OBS pkg=com.larus.nova mode=doubao events=423 rule_matched=21 first_delta_ms=0 cadence_p50_ms=100.6 session_span_ms=501652.7 confidence=LOW/INCONCLUSIVE reason=throttle ttft_send_ms=null anchor_source=null ttft_cluster_ms=null ttft_density_ms=null
08-31 22:30:25.968 I/AnebProbe(14372): ADAPTER_EVT type=content cls=android.widget.FrameLayout desc=null txt_len=0 pkg=com.larus.nova t_boot_ns=764994999132491
08-31 22:30:26.067 I/AnebProbe(14372): ADAPTER_EVT type=content cls=android.widget.FrameLayout desc=null txt_len=0 pkg=com.larus.nova t_boot_ns=764995098136137
08-31 22:30:26.166 I/AnebProbe(14372): ADAPTER_EVT type=content cls=android.widget.FrameLayout desc=null txt_len=0 pkg=com.larus.nova t_boot_ns=764995197930928
08-31 22:30:26.267 I/AnebProbe(14372): ADAPTER_EVT type=content cls=android.widget.FrameLayout desc=null txt_len=0 pkg=com.larus.nova t_boot_ns=764995298393949
08-31 22:30:26.367 I/AnebProbe(14372): ADAPTER_EVT type=content cls=android.widget.FrameLayout desc=null txt_len=0 pkg=com.larus.nova t_boot_ns=764995398485616
08-31 22:30:26.485 I/AnebProbe(14372): ADAPTER_EVT type=content cls=android.widget.FrameLayout desc=null txt_len=0 pkg=com.larus.nova t_boot_ns=764995513349678
08-31 22:30:26.582 I/AnebProbe(14372): ADAPTER_EVT type=content cls=android.widget.FrameLayout desc=null txt_len=0 pkg=com.larus.nova t_boot_ns=764995612143949
08-31 22:30:26.682 I/AnebProbe(14372): ADAPTER_EVT type=content cls=android.widget.FrameLayout desc=null txt_len=0 pkg=com.larus.nova t_boot_ns=764995713585616
08-31 22:30:26.782 I/AnebProbe(14372): ADAPTER_EVT type=content cls=android.widget.FrameLayout desc=null txt_len=0 pkg=com.larus.nova t_boot_ns=764995813009053
08-31 22:30:26.882 I/AnebProbe(14372): ADAPTER_EVT type=content cls=android.widget.FrameLayout desc=null txt_len=0 pkg=com.larus.nova t_boot_ns=764995913029366
08-31 22:30:26.984 I/AnebProbe(14372): ADAPTER_EVT type=content cls=android.widget.FrameLayout desc=null txt_len=0 pkg=com.larus.nova t_boot_ns=764996015314262
08-31 22:30:27.081 I/AnebProbe(14372): ADAPTER_EVT type=content cls=android.widget.FrameLayout desc=null txt_len=0 pkg=com.larus.nova t_boot_ns=764996112271032
08-31 22:30:27.183 I/AnebProbe(14372): ADAPTER_EVT type=content cls=android.widget.FrameLayout desc=null txt_len=0 pkg=com.larus.nova t_boot_ns=764996214285616
08-31 22:30:27.282 I/AnebProbe(14372): ADAPTER_EVT type=content cls=android.widget.FrameLayout desc=null txt_len=0 pkg=com.larus.nova t_boot_ns=764996313270512
08-31 22:30:27.382 I/AnebProbe(14372): ADAPTER_EVT type=content cls=android.widget.FrameLayout desc=null txt_len=0 pkg=com.larus.nova t_boot_ns=764996413308532
08-31 22:30:27.483 I/AnebProbe(14372): ADAPTER_EVT type=content cls=android.widget.FrameLayout desc=null txt_len=0 pkg=com.larus.nova t_boot_ns=764996514135095
08-31 22:30:27.586 I/AnebProbe(14372): ADAPTER_EVT type=content cls=android.widget.FrameLayout desc=null txt_len=0 pkg=com.larus.nova t_boot_ns=764996617922595
08-31 22:30:27.686 I/AnebProbe(14372): ADAPTER_EVT type=content cls=android.widget.FrameLayout desc=null txt_len=0 pkg=com.larus.nova t_boot_ns=764996716916866
08-31 22:30:27.785 I/AnebProbe(14372): ADAPTER_EVT type=content cls=android.widget.FrameLayout desc=null txt_len=0 pkg=com.larus.nova t_boot_ns=764996817015303
08-31 22:30:27.892 I/AnebProbe(14372): ADAPTER_EVT type=content cls=android.widget.FrameLayout desc=null txt_len=0 pkg=com.larus.nova t_boot_ns=764996923955407
08-31 22:30:28.004 I/AnebProbe(14372): ADAPTER_EVT type=content cls=android.widget.FrameLayout desc=null txt_len=0 pkg=com.larus.nova t_boot_ns=764997035440303
08-31 22:30:28.104 I/AnebProbe(14372): ADAPTER_EVT type=content cls=android.widget.FrameLayout desc=null txt_len=0 pkg=com.larus.nova t_boot_ns=764997135841345
08-31 22:30:28.203 I/AnebProbe(14372): ADAPTER_EVT type=content cls=android.widget.FrameLayout desc=null txt_len=0 pkg=com.larus.nova t_boot_ns=764997234938220
08-31 22:30:28.304 I/AnebProbe(14372): ADAPTER_EVT type=content cls=android.widget.FrameLayout desc=null txt_len=0 pkg=com.larus.nova t_boot_ns=764997335223116
08-31 22:30:28.405 I/AnebProbe(14372): ADAPTER_EVT type=content cls=android.widget.FrameLayout desc=null txt_len=0 pkg=com.larus.nova t_boot_ns=764997436075199
08-31 22:30:28.505 I/AnebProbe(14372): ADAPTER_EVT type=content cls=android.widget.FrameLayout desc=null txt_len=0 pkg=com.larus.nova t_boot_ns=764997536118949
08-31 22:30:28.605 I/AnebProbe(14372): ADAPTER_EVT type=content cls=android.widget.FrameLayout desc=null txt_len=0 pkg=com.larus.nova t_boot_ns=764997636694991
08-31 22:30:28.704 I/AnebProbe(14372): ADAPTER_EVT type=content cls=android.widget.FrameLayout desc=null txt_len=0 pkg=com.larus.nova t_boot_ns=764997735806970
08-31 22:30:28.806 I/AnebProbe(14372): ADAPTER_EVT type=content cls=android.widget.FrameLayout desc=null txt_len=0 pkg=com.larus.nova t_boot_ns=764997837854366
08-31 22:30:28.905 I/AnebProbe(14372): ADAPTER_EVT type=content cls=android.widget.FrameLayout desc=null txt_len=0 pkg=com.larus.nova t_boot_ns=764997936679366
08-31 22:30:29.014 I/AnebProbe(14372): ADAPTER_EVT type=content cls=android.widget.FrameLayout desc=null txt_len=0 pkg=com.larus.nova t_boot_ns=764998045445511
08-31 22:30:29.116 I/AnebProbe(14372): ADAPTER_EVT type=content cls=android.widget.FrameLayout desc=null txt_len=0 pkg=com.larus.nova t_boot_ns=764998146896553
08-31 22:30:29.219 I/AnebProbe(14372): ADAPTER_EVT type=content cls=android.widget.FrameLayout desc=null txt_len=0 pkg=com.larus.nova t_boot_ns=764998250063220
08-31 22:30:29.316 I/AnebProbe(14372): ADAPTER_EVT type=content cls=android.widget.FrameLayout desc=null txt_len=0 pkg=com.larus.nova t_boot_ns=764998347774678
08-31 22:30:29.418 I/AnebProbe(14372): ADAPTER_EVT type=content cls=android.widget.FrameLayout desc=null txt_len=0 pkg=com.larus.nova t_boot_ns=764998449429886
08-31 22:30:29.522 I/AnebProbe(14372): ADAPTER_EVT type=content cls=android.widget.FrameLayout desc=null txt_len=0 pkg=com.larus.nova t_boot_ns=764998550375720
08-31 22:30:29.617 I/AnebProbe(14372): ADAPTER_EVT type=content cls=android.widget.FrameLayout desc=null txt_len=0 pkg=com.larus.nova t_boot_ns=764998648422074
08-31 22:30:29.729 I/AnebProbe(14372): ADAPTER_EVT type=content cls=android.widget.FrameLayout desc=null txt_len=0 pkg=com.larus.nova t_boot_ns=764998760113740
08-31 22:30:29.836 I/AnebProbe(14372): ADAPTER_EVT type=content cls=android.widget.FrameLayout desc=null txt_len=0 pkg=com.larus.nova t_boot_ns=764998867543428
08-31 22:30:31.870 I/AnebProbe(14372): ADAPTER_EVT type=content cls=android.widget.TextView desc=null txt_len=0 pkg=com.larus.nova t_boot_ns=765000899628323
08-31 22:30:31.873 I/AnebProbe(14372): ADAPTER_OBS pkg=com.larus.nova mode=doubao events=463 rule_matched=22 first_delta_ms=0 cadence_p50_ms=100.5 session_span_ms=507654.6 confidence=LOW/INCONCLUSIVE reason=throttle ttft_send_ms=null anchor_source=null ttft_cluster_ms=null ttft_density_ms=null
08-31 22:30:36.893 I/AnebProbe(14372): ADAPTER_EVT type=content cls=android.widget.TextView desc=null txt_len=0 pkg=com.larus.nova t_boot_ns=765005924584052
08-31 22:30:36.898 I/AnebProbe(14372): ADAPTER_OBS pkg=com.larus.nova mode=doubao events=464 rule_matched=23 first_delta_ms=0 cadence_p50_ms=100.5 session_span_ms=512679.5 confidence=LOW/INCONCLUSIVE reason=throttle ttft_send_ms=null anchor_source=null ttft_cluster_ms=null ttft_density_ms=null
08-31 22:30:36.988 I/AnebProbe(14372): ADAPTER_EVT type=content cls=android.widget.TextView desc=null txt_len=0 pkg=com.larus.nova t_boot_ns=765006019228323
08-31 22:30:47.543 I/AnebProbe(14372): ADAPTER_EVT type=content cls=android.widget.TextView desc=null txt_len=0 pkg=com.larus.nova t_boot_ns=765016574536654
08-31 22:30:47.545 I/AnebProbe(14372): ADAPTER_OBS pkg=com.larus.nova mode=doubao events=466 rule_matched=25 first_delta_ms=0 cadence_p50_ms=100.5 session_span_ms=523329.5 confidence=LOW/INCONCLUSIVE reason=throttle ttft_send_ms=null anchor_source=null ttft_cluster_ms=null ttft_density_ms=null
08-31 22:30:47.677 I/AnebProbe(14372): ADAPTER_EVT type=content cls=android.widget.FrameLayout desc=null txt_len=0 pkg=com.larus.nova t_boot_ns=765016708053842
08-31 22:30:47.780 I/AnebProbe(14372): ADAPTER_EVT type=content cls=android.widget.FrameLayout desc=null txt_len=0 pkg=com.larus.nova t_boot_ns=765016811159571
08-31 22:30:47.880 I/AnebProbe(14372): ADAPTER_EVT type=content cls=android.widget.FrameLayout desc=null txt_len=0 pkg=com.larus.nova t_boot_ns=765016911844467
08-31 22:30:47.980 I/AnebProbe(14372): ADAPTER_EVT type=content cls=android.widget.FrameLayout desc=null txt_len=0 pkg=com.larus.nova t_boot_ns=765017011219467
08-31 22:30:48.096 I/AnebProbe(14372): ADAPTER_EVT type=content cls=android.widget.FrameLayout desc=null txt_len=0 pkg=com.larus.nova t_boot_ns=765017126940821
08-31 22:30:48.197 I/AnebProbe(14372): ADAPTER_EVT type=content cls=android.widget.FrameLayout desc=null txt_len=0 pkg=com.larus.nova t_boot_ns=765017228743946
08-31 22:30:48.315 I/AnebProbe(14372): ADAPTER_EVT type=content cls=android.widget.FrameLayout desc=null txt_len=0 pkg=com.larus.nova t_boot_ns=765017344963217
08-31 22:30:48.426 I/AnebProbe(14372): ADAPTER_EVT type=content cls=android.widget.FrameLayout desc=null txt_len=0 pkg=com.larus.nova t_boot_ns=765017457871029
08-31 22:30:48.532 I/AnebProbe(14372): ADAPTER_EVT type=content cls=android.widget.FrameLayout desc=null txt_len=0 pkg=com.larus.nova t_boot_ns=765017563128321
08-31 22:30:48.630 I/AnebProbe(14372): ADAPTER_EVT type=content cls=android.widget.FrameLayout desc=null txt_len=0 pkg=com.larus.nova t_boot_ns=765017661100717
08-31 22:30:48.743 I/AnebProbe(14372): ADAPTER_EVT type=content cls=android.widget.FrameLayout desc=null txt_len=0 pkg=com.larus.nova t_boot_ns=765017774927800
08-31 22:30:48.844 I/AnebProbe(14372): ADAPTER_EVT type=content cls=android.widget.FrameLayout desc=null txt_len=0 pkg=com.larus.nova t_boot_ns=765017875451758
08-31 22:30:48.945 I/AnebProbe(14372): ADAPTER_EVT type=content cls=android.widget.FrameLayout desc=null txt_len=0 pkg=com.larus.nova t_boot_ns=765017976089258
08-31 22:30:49.044 I/AnebProbe(14372): ADAPTER_EVT type=content cls=android.widget.FrameLayout desc=null txt_len=0 pkg=com.larus.nova t_boot_ns=765018075403321
08-31 22:30:49.147 I/AnebProbe(14372): ADAPTER_EVT type=content cls=android.widget.FrameLayout desc=null txt_len=0 pkg=com.larus.nova t_boot_ns=765018178883529
08-31 22:30:49.261 I/AnebProbe(14372): ADAPTER_EVT type=content cls=android.widget.FrameLayout desc=null txt_len=0 pkg=com.larus.nova t_boot_ns=765018292108008
08-31 22:30:49.355 I/AnebProbe(14372): ADAPTER_EVT type=content cls=android.widget.FrameLayout desc=null txt_len=0 pkg=com.larus.nova t_boot_ns=765018386073112
08-31 22:30:49.459 I/AnebProbe(14372): ADAPTER_EVT type=content cls=android.widget.FrameLayout desc=null txt_len=0 pkg=com.larus.nova t_boot_ns=765018490864258
08-31 22:30:49.557 I/AnebProbe(14372): ADAPTER_EVT type=content cls=android.widget.FrameLayout desc=null txt_len=0 pkg=com.larus.nova t_boot_ns=765018588145508
08-31 22:30:49.658 I/AnebProbe(14372): ADAPTER_EVT type=content cls=android.widget.FrameLayout desc=null txt_len=0 pkg=com.larus.nova t_boot_ns=765018689258008
08-31 22:30:49.755 I/AnebProbe(14372): ADAPTER_EVT type=content cls=android.widget.FrameLayout desc=null txt_len=0 pkg=com.larus.nova t_boot_ns=765018786421550
08-31 22:30:49.856 I/AnebProbe(14372): ADAPTER_EVT type=content cls=android.widget.FrameLayout desc=null txt_len=0 pkg=com.larus.nova t_boot_ns=765018887204883
08-31 22:30:49.958 I/AnebProbe(14372): ADAPTER_EVT type=content cls=android.widget.FrameLayout desc=null txt_len=0 pkg=com.larus.nova t_boot_ns=765018989789258
08-31 22:30:50.060 I/AnebProbe(14372): ADAPTER_EVT type=content cls=android.widget.FrameLayout desc=null txt_len=0 pkg=com.larus.nova t_boot_ns=765019090895508
08-31 22:30:50.158 I/AnebProbe(14372): ADAPTER_EVT type=content cls=android.widget.FrameLayout desc=null txt_len=0 pkg=com.larus.nova t_boot_ns=765019189275196
08-31 22:30:50.259 I/AnebProbe(14372): ADAPTER_EVT type=content cls=android.widget.FrameLayout desc=null txt_len=0 pkg=com.larus.nova t_boot_ns=765019289949675
08-31 22:30:50.366 I/AnebProbe(14372): ADAPTER_EVT type=content cls=android.widget.FrameLayout desc=null txt_len=0 pkg=com.larus.nova t_boot_ns=765019397758529
08-31 22:30:50.459 I/AnebProbe(14372): ADAPTER_EVT type=content cls=android.widget.FrameLayout desc=null txt_len=0 pkg=com.larus.nova t_boot_ns=765019490651237
08-31 22:30:50.566 I/AnebProbe(14372): ADAPTER_EVT type=content cls=android.widget.FrameLayout desc=null txt_len=0 pkg=com.larus.nova t_boot_ns=765019597877800
08-31 22:30:50.666 I/AnebProbe(14372): ADAPTER_EVT type=content cls=android.widget.FrameLayout desc=null txt_len=0 pkg=com.larus.nova t_boot_ns=765019697093425
08-31 22:30:50.768 I/AnebProbe(14372): ADAPTER_EVT type=content cls=android.widget.FrameLayout desc=null txt_len=0 pkg=com.larus.nova t_boot_ns=765019798987696
08-31 22:30:50.867 I/AnebProbe(14372): ADAPTER_EVT type=content cls=android.widget.FrameLayout desc=null txt_len=0 pkg=com.larus.nova t_boot_ns=765019898913737
08-31 22:30:50.966 I/AnebProbe(14372): ADAPTER_EVT type=content cls=android.widget.FrameLayout desc=null txt_len=0 pkg=com.larus.nova t_boot_ns=765019997688737
08-31 22:30:51.079 I/AnebProbe(14372): ADAPTER_EVT type=content cls=android.widget.FrameLayout desc=null txt_len=0 pkg=com.larus.nova t_boot_ns=765020110976758
08-31 22:30:51.180 I/AnebProbe(14372): ADAPTER_EVT type=content cls=android.widget.FrameLayout desc=null txt_len=0 pkg=com.larus.nova t_boot_ns=765020211521550
08-31 22:30:51.303 I/AnebProbe(14372): ADAPTER_EVT type=content cls=android.widget.FrameLayout desc=null txt_len=0 pkg=com.larus.nova t_boot_ns=765020334758529
08-31 22:30:51.411 I/AnebProbe(14372): ADAPTER_EVT type=content cls=android.widget.FrameLayout desc=null txt_len=0 pkg=com.larus.nova t_boot_ns=765020442569466
08-31 22:30:51.511 I/AnebProbe(14372): ADAPTER_EVT type=content cls=android.widget.FrameLayout desc=null txt_len=0 pkg=com.larus.nova t_boot_ns=765020542284570
08-31 22:30:51.611 I/AnebProbe(14372): ADAPTER_EVT type=content cls=android.widget.FrameLayout desc=null txt_len=0 pkg=com.larus.nova t_boot_ns=765020642842904
08-31 22:30:51.712 I/AnebProbe(14372): ADAPTER_EVT type=content cls=android.widget.FrameLayout desc=null txt_len=0 pkg=com.larus.nova t_boot_ns=765020743487175
08-31 22:30:51.811 I/AnebProbe(14372): ADAPTER_EVT type=content cls=android.widget.FrameLayout desc=null txt_len=0 pkg=com.larus.nova t_boot_ns=765020841865820
08-31 22:30:51.912 I/AnebProbe(14372): ADAPTER_EVT type=content cls=android.widget.FrameLayout desc=null txt_len=0 pkg=com.larus.nova t_boot_ns=765020943483529
08-31 22:30:52.013 I/AnebProbe(14372): ADAPTER_EVT type=content cls=android.widget.FrameLayout desc=null txt_len=0 pkg=com.larus.nova t_boot_ns=765021044714258
08-31 22:30:52.115 I/AnebProbe(14372): ADAPTER_EVT type=content cls=android.widget.FrameLayout desc=null txt_len=0 pkg=com.larus.nova t_boot_ns=765021143738737
08-31 22:30:52.243 I/AnebProbe(14372): ADAPTER_EVT type=content cls=android.widget.FrameLayout desc=null txt_len=0 pkg=com.larus.nova t_boot_ns=765021274181966
08-31 22:30:52.327 I/AnebProbe(14372): ADAPTER_EVT type=content cls=android.widget.FrameLayout desc=null txt_len=0 pkg=com.larus.nova t_boot_ns=765021358816862
08-31 22:30:52.425 I/AnebProbe(14372): ADAPTER_EVT type=content cls=android.widget.FrameLayout desc=null txt_len=0 pkg=com.larus.nova t_boot_ns=765021456365299
08-31 22:30:52.523 I/AnebProbe(14372): ADAPTER_EVT type=content cls=android.widget.FrameLayout desc=null txt_len=0 pkg=com.larus.nova t_boot_ns=765021554244466
08-31 22:30:52.626 I/AnebProbe(14372): ADAPTER_EVT type=content cls=android.widget.FrameLayout desc=null txt_len=0 pkg=com.larus.nova t_boot_ns=765021657215820
08-31 22:30:52.627 I/AnebProbe(14372): ADAPTER_OBS pkg=com.larus.nova mode=doubao events=515 rule_matched=25 first_delta_ms=0 cadence_p50_ms=100.6 session_span_ms=528412.2 confidence=LOW/INCONCLUSIVE reason=throttle ttft_send_ms=null anchor_source=null ttft_cluster_ms=null ttft_density_ms=null
08-31 22:30:52.726 I/AnebProbe(14372): ADAPTER_EVT type=content cls=android.widget.FrameLayout desc=null txt_len=0 pkg=com.larus.nova t_boot_ns=765021757655924
08-31 22:30:52.824 I/AnebProbe(14372): ADAPTER_EVT type=content cls=android.widget.FrameLayout desc=null txt_len=0 pkg=com.larus.nova t_boot_ns=765021855538216
08-31 22:30:52.926 I/AnebProbe(14372): ADAPTER_EVT type=content cls=android.widget.FrameLayout desc=null txt_len=0 pkg=com.larus.nova t_boot_ns=765021956910091
08-31 22:30:53.027 I/AnebProbe(14372): ADAPTER_EVT type=content cls=android.widget.FrameLayout desc=null txt_len=0 pkg=com.larus.nova t_boot_ns=765022057725716
08-31 22:30:53.138 I/AnebProbe(14372): ADAPTER_EVT type=content cls=android.widget.FrameLayout desc=null txt_len=0 pkg=com.larus.nova t_boot_ns=765022169276237
08-31 22:30:53.252 I/AnebProbe(14372): ADAPTER_EVT type=content cls=android.widget.FrameLayout desc=null txt_len=0 pkg=com.larus.nova t_boot_ns=765022283319466
08-31 22:30:53.352 I/AnebProbe(14372): ADAPTER_EVT type=content cls=android.widget.FrameLayout desc=null txt_len=0 pkg=com.larus.nova t_boot_ns=765022383397070
08-31 22:30:53.451 I/AnebProbe(14372): ADAPTER_EVT type=content cls=android.widget.FrameLayout desc=null txt_len=0 pkg=com.larus.nova t_boot_ns=765022482586653
08-31 22:30:53.550 I/AnebProbe(14372): ADAPTER_EVT type=content cls=android.widget.FrameLayout desc=null txt_len=0 pkg=com.larus.nova t_boot_ns=765022581356966
08-31 22:30:53.651 I/AnebProbe(14372): ADAPTER_EVT type=content cls=android.widget.FrameLayout desc=null txt_len=0 pkg=com.larus.nova t_boot_ns=765022682588737
08-31 22:30:53.769 I/AnebProbe(14372): ADAPTER_EVT type=content cls=android.widget.FrameLayout desc=null txt_len=0 pkg=com.larus.nova t_boot_ns=765022800142383
08-31 22:30:53.864 I/AnebProbe(14372): ADAPTER_EVT type=content cls=android.widget.FrameLayout desc=null txt_len=0 pkg=com.larus.nova t_boot_ns=765022895768945
08-31 22:30:53.967 I/AnebProbe(14372): ADAPTER_EVT type=content cls=android.widget.FrameLayout desc=null txt_len=0 pkg=com.larus.nova t_boot_ns=765022998258528
08-31 22:30:54.080 I/AnebProbe(14372): ADAPTER_EVT type=content cls=android.widget.FrameLayout desc=null txt_len=0 pkg=com.larus.nova t_boot_ns=765023111373112
08-31 22:30:54.181 I/AnebProbe(14372): ADAPTER_EVT type=content cls=android.widget.FrameLayout desc=null txt_len=0 pkg=com.larus.nova t_boot_ns=765023212826237
08-31 22:30:54.281 I/AnebProbe(14372): ADAPTER_EVT type=content cls=android.widget.FrameLayout desc=null txt_len=0 pkg=com.larus.nova t_boot_ns=765023312525716
08-31 22:30:54.381 I/AnebProbe(14372): ADAPTER_EVT type=content cls=android.widget.FrameLayout desc=null txt_len=0 pkg=com.larus.nova t_boot_ns=765023412765299
08-31 22:30:54.493 I/AnebProbe(14372): ADAPTER_EVT type=content cls=android.widget.FrameLayout desc=null txt_len=0 pkg=com.larus.nova t_boot_ns=765023524963216
08-31 22:30:54.602 I/AnebProbe(14372): ADAPTER_EVT type=content cls=android.widget.FrameLayout desc=null txt_len=0 pkg=com.larus.nova t_boot_ns=765023633771028
08-31 22:30:54.698 I/AnebProbe(14372): ADAPTER_EVT type=content cls=android.widget.FrameLayout desc=null txt_len=0 pkg=com.larus.nova t_boot_ns=765023728992903
08-31 22:30:54.795 I/AnebProbe(14372): ADAPTER_EVT type=content cls=android.widget.FrameLayout desc=null txt_len=0 pkg=com.larus.nova t_boot_ns=765023826822070
08-31 22:30:54.898 I/AnebProbe(14372): ADAPTER_EVT type=content cls=android.widget.FrameLayout desc=null txt_len=0 pkg=com.larus.nova t_boot_ns=765023927715820
08-31 22:30:54.997 I/AnebProbe(14372): ADAPTER_EVT type=content cls=android.widget.FrameLayout desc=null txt_len=0 pkg=com.larus.nova t_boot_ns=765024028847591
08-31 22:30:55.096 I/AnebProbe(14372): ADAPTER_EVT type=content cls=android.widget.FrameLayout desc=null txt_len=0 pkg=com.larus.nova t_boot_ns=765024127232487
08-31 22:30:55.197 I/AnebProbe(14372): ADAPTER_EVT type=content cls=android.widget.FrameLayout desc=null txt_len=0 pkg=com.larus.nova t_boot_ns=765024228519986
08-31 22:30:55.297 I/AnebProbe(14372): ADAPTER_EVT type=content cls=android.widget.FrameLayout desc=null txt_len=0 pkg=com.larus.nova t_boot_ns=765024327887174
08-31 22:30:55.399 I/AnebProbe(14372): ADAPTER_EVT type=content cls=android.widget.FrameLayout desc=null txt_len=0 pkg=com.larus.nova t_boot_ns=765024430066861
08-31 22:30:55.497 I/AnebProbe(14372): ADAPTER_EVT type=content cls=android.widget.FrameLayout desc=null txt_len=0 pkg=com.larus.nova t_boot_ns=765024528107486
08-31 22:30:55.599 I/AnebProbe(14372): ADAPTER_EVT type=content cls=android.widget.FrameLayout desc=null txt_len=0 pkg=com.larus.nova t_boot_ns=765024630661132
08-31 22:30:55.695 I/AnebProbe(14372): ADAPTER_EVT type=content cls=android.widget.FrameLayout desc=null txt_len=0 pkg=com.larus.nova t_boot_ns=765024726373632
08-31 22:30:55.797 I/AnebProbe(14372): ADAPTER_EVT type=content cls=android.widget.FrameLayout desc=null txt_len=0 pkg=com.larus.nova t_boot_ns=765024828363736
08-31 22:30:55.899 I/AnebProbe(14372): ADAPTER_EVT type=content cls=android.widget.FrameLayout desc=null txt_len=0 pkg=com.larus.nova t_boot_ns=765024930592382
08-31 22:30:55.997 I/AnebProbe(14372): ADAPTER_EVT type=content cls=android.widget.FrameLayout desc=null txt_len=0 pkg=com.larus.nova t_boot_ns=765025028514257
08-31 22:30:56.098 I/AnebProbe(14372): ADAPTER_EVT type=content cls=android.widget.FrameLayout desc=null txt_len=0 pkg=com.larus.nova t_boot_ns=765025129760611
08-31 22:30:56.197 I/AnebProbe(14372): ADAPTER_EVT type=content cls=android.widget.FrameLayout desc=null txt_len=0 pkg=com.larus.nova t_boot_ns=765025228330403
08-31 22:30:56.300 I/AnebProbe(14372): ADAPTER_EVT type=content cls=android.widget.FrameLayout desc=null txt_len=0 pkg=com.larus.nova t_boot_ns=765025328832486
08-31 22:30:56.401 I/AnebProbe(14372): ADAPTER_EVT type=content cls=android.widget.FrameLayout desc=null txt_len=0 pkg=com.larus.nova t_boot_ns=765025432707486
08-31 22:30:56.498 I/AnebProbe(14372): ADAPTER_EVT type=content cls=android.widget.FrameLayout desc=null txt_len=0 pkg=com.larus.nova t_boot_ns=765025529115820
08-31 22:30:56.605 I/AnebProbe(14372): ADAPTER_EVT type=content cls=android.widget.FrameLayout desc=null txt_len=0 pkg=com.larus.nova t_boot_ns=765025635980924
08-31 22:30:56.700 I/AnebProbe(14372): ADAPTER_EVT type=content cls=android.widget.FrameLayout desc=null txt_len=0 pkg=com.larus.nova t_boot_ns=765025731473111
08-31 22:30:56.799 I/AnebProbe(14372): ADAPTER_EVT type=content cls=android.widget.FrameLayout desc=null txt_len=0 pkg=com.larus.nova t_boot_ns=765025829617903
08-31 22:30:56.901 I/AnebProbe(14372): ADAPTER_EVT type=content cls=android.widget.FrameLayout desc=null txt_len=0 pkg=com.larus.nova t_boot_ns=765025932154882
08-31 22:30:57.000 I/AnebProbe(14372): ADAPTER_EVT type=content cls=android.widget.FrameLayout desc=null txt_len=0 pkg=com.larus.nova t_boot_ns=765026031634570
08-31 22:30:57.098 I/AnebProbe(14372): ADAPTER_EVT type=content cls=android.widget.FrameLayout desc=null txt_len=0 pkg=com.larus.nova t_boot_ns=765026129491340
08-31 22:30:57.203 I/AnebProbe(14372): ADAPTER_EVT type=content cls=android.widget.FrameLayout desc=null txt_len=0 pkg=com.larus.nova t_boot_ns=765026234115299
08-31 22:30:57.299 I/AnebProbe(14372): ADAPTER_EVT type=content cls=android.widget.FrameLayout desc=null txt_len=0 pkg=com.larus.nova t_boot_ns=765026330725715
08-31 22:30:57.401 I/AnebProbe(14372): ADAPTER_EVT type=content cls=android.widget.FrameLayout desc=null txt_len=0 pkg=com.larus.nova t_boot_ns=765026431502278
08-31 22:30:57.502 I/AnebProbe(14372): ADAPTER_EVT type=content cls=android.widget.FrameLayout desc=null txt_len=0 pkg=com.larus.nova t_boot_ns=765026532884569
08-31 22:30:57.602 I/AnebProbe(14372): ADAPTER_EVT type=content cls=android.widget.FrameLayout desc=null txt_len=0 pkg=com.larus.nova t_boot_ns=765026633342903
08-31 22:30:57.701 I/AnebProbe(14372): ADAPTER_EVT type=content cls=android.widget.FrameLayout desc=null txt_len=0 pkg=com.larus.nova t_boot_ns=765026732089257
08-31 22:30:57.701 I/AnebProbe(14372): ADAPTER_OBS pkg=com.larus.nova mode=doubao events=565 rule_matched=25 first_delta_ms=0 cadence_p50_ms=100.6 session_span_ms=533487.0 confidence=LOW/INCONCLUSIVE reason=throttle ttft_send_ms=null anchor_source=null ttft_cluster_ms=null ttft_density_ms=null
08-31 22:30:57.801 I/AnebProbe(14372): ADAPTER_EVT type=content cls=android.widget.FrameLayout desc=null txt_len=0 pkg=com.larus.nova t_boot_ns=765026832485090
08-31 22:30:57.900 I/AnebProbe(14372): ADAPTER_EVT type=content cls=android.widget.FrameLayout desc=null txt_len=0 pkg=com.larus.nova t_boot_ns=765026931337694
08-31 22:30:57.999 I/AnebProbe(14372): ADAPTER_EVT type=content cls=android.widget.FrameLayout desc=null txt_len=0 pkg=com.larus.nova t_boot_ns=765027030793424
08-31 22:30:58.103 I/AnebProbe(14372): ADAPTER_EVT type=content cls=android.widget.FrameLayout desc=null txt_len=0 pkg=com.larus.nova t_boot_ns=765027133909569
08-31 22:30:58.201 I/AnebProbe(14372): ADAPTER_EVT type=content cls=android.widget.FrameLayout desc=null txt_len=0 pkg=com.larus.nova t_boot_ns=765027232439778
08-31 22:30:58.301 I/AnebProbe(14372): ADAPTER_EVT type=content cls=android.widget.FrameLayout desc=null txt_len=0 pkg=com.larus.nova t_boot_ns=765027332341861
08-31 22:30:58.410 I/AnebProbe(14372): ADAPTER_EVT type=content cls=android.widget.FrameLayout desc=null txt_len=0 pkg=com.larus.nova t_boot_ns=765027440359569
08-31 22:30:58.513 I/AnebProbe(14372): ADAPTER_EVT type=content cls=android.widget.FrameLayout desc=null txt_len=0 pkg=com.larus.nova t_boot_ns=765027544346028
08-31 22:30:58.612 I/AnebProbe(14372): ADAPTER_EVT type=content cls=android.widget.FrameLayout desc=null txt_len=0 pkg=com.larus.nova t_boot_ns=765027643611132
08-31 22:30:58.712 I/AnebProbe(14372): ADAPTER_EVT type=content cls=android.widget.FrameLayout desc=null txt_len=0 pkg=com.larus.nova t_boot_ns=765027743387173
08-31 22:30:58.811 I/AnebProbe(14372): ADAPTER_EVT type=content cls=android.widget.FrameLayout desc=null txt_len=0 pkg=com.larus.nova t_boot_ns=765027842745507
08-31 22:30:58.912 I/AnebProbe(14372): ADAPTER_EVT type=content cls=android.widget.FrameLayout desc=null txt_len=0 pkg=com.larus.nova t_boot_ns=765027943554882
08-31 22:30:59.023 I/AnebProbe(14372): ADAPTER_EVT type=content cls=android.widget.FrameLayout desc=null txt_len=0 pkg=com.larus.nova t_boot_ns=765028053992382
08-31 22:30:59.123 I/AnebProbe(14372): ADAPTER_EVT type=content cls=android.widget.FrameLayout desc=null txt_len=0 pkg=com.larus.nova t_boot_ns=765028154003319
08-31 22:30:59.224 I/AnebProbe(14372): ADAPTER_EVT type=content cls=android.widget.FrameLayout desc=null txt_len=0 pkg=com.larus.nova t_boot_ns=765028255932486
08-31 22:30:59.326 I/AnebProbe(14372): ADAPTER_EVT type=content cls=android.widget.FrameLayout desc=null txt_len=0 pkg=com.larus.nova t_boot_ns=765028356463215
08-31 22:30:59.425 I/AnebProbe(14372): ADAPTER_EVT type=content cls=android.widget.FrameLayout desc=null txt_len=0 pkg=com.larus.nova t_boot_ns=765028456659569
08-31 22:30:59.541 I/AnebProbe(14372): ADAPTER_EVT type=content cls=android.widget.FrameLayout desc=null txt_len=0 pkg=com.larus.nova t_boot_ns=765028572961132
08-31 22:30:59.644 I/AnebProbe(14372): ADAPTER_EVT type=content cls=android.widget.FrameLayout desc=null txt_len=0 pkg=com.larus.nova t_boot_ns=765028673630923
08-31 22:31:22.357 I/AnebE4MARK(20093): E4MARK kind=answer_complete n=5
08-31 22:31:36.948 I/AnebProbe(14372): ADAPTER_EVT type=content cls=android.widget.TextView desc=null txt_len=0 pkg=com.larus.nova t_boot_ns=765065978947584
08-31 22:31:36.949 I/AnebProbe(14372): ADAPTER_OBS pkg=com.larus.nova mode=doubao events=585 rule_matched=26 first_delta_ms=0 cadence_p50_ms=100.6 session_span_ms=572733.9 confidence=LOW/INCONCLUSIVE reason=throttle ttft_send_ms=null anchor_source=null ttft_cluster_ms=null ttft_density_ms=null
08-31 22:31:41.954 I/AnebProbe(14372): ADAPTER_EVT type=content cls=android.widget.TextView desc=null txt_len=0 pkg=com.larus.nova t_boot_ns=765070985130396
08-31 22:31:41.955 I/AnebProbe(14372): ADAPTER_OBS pkg=com.larus.nova mode=doubao events=586 rule_matched=27 first_delta_ms=0 cadence_p50_ms=100.6 session_span_ms=577740.1 confidence=LOW/INCONCLUSIVE reason=throttle ttft_send_ms=null anchor_source=null ttft_cluster_ms=null ttft_density_ms=null
08-31 22:31:42.055 I/AnebProbe(14372): ADAPTER_EVT type=content cls=android.widget.TextView desc=null txt_len=0 pkg=com.larus.nova t_boot_ns=765071086406959
08-31 22:31:42.587 I/AnebProbe(14372): ADAPTER_EVT type=click cls=android.widget.ImageView desc=更多菜单 txt_len=4 pkg=com.larus.nova t_boot_ns=765071618131958
08-31 22:31:42.716 I/AnebProbe(14372): ADAPTER_EVT type=content cls=android.widget.FrameLayout desc=null txt_len=0 pkg=com.larus.nova t_boot_ns=765071747353833
08-31 22:31:51.670 I/AnebE4MARK(20407): E4MARK kind=turn_start n=6
08-31 22:31:55.130 I/AnebProbe(14372): ADAPTER_EVT type=click cls=android.view.View desc=挂断通话 txt_len=0 pkg=com.larus.nova t_boot_ns=765084162007998
08-31 22:31:55.134 I/AnebProbe(14372): ADAPTER_OBS pkg=com.larus.nova mode=doubao events=588 rule_matched=28 first_delta_ms=0 cadence_p50_ms=100.6 session_span_ms=578502.3 confidence=LOW/INCONCLUSIVE reason=throttle ttft_send_ms=null anchor_source=null ttft_cluster_ms=null ttft_density_ms=null
08-31 22:31:56.072 I/AnebProbe(14372): ADAPTER_EVT type=content cls=androidx.drawerlayout.widget.DrawerLayout desc=null txt_len=0 pkg=com.larus.nova t_boot_ns=765085102963206
08-31 22:31:56.092 I/AnebProbe(14372): ADAPTER_EVT type=content cls=androidx.recyclerview.widget.RecyclerView desc=null txt_len=0 pkg=com.larus.nova t_boot_ns=765085123492373
08-31 22:31:56.191 I/AnebProbe(14372): ADAPTER_EVT type=content cls=androidx.recyclerview.widget.RecyclerView desc=null txt_len=0 pkg=com.larus.nova t_boot_ns=765085222935081
08-31 22:31:56.400 I/AnebProbe(14372): ADAPTER_EVT type=content cls=androidx.drawerlayout.widget.DrawerLayout desc=null txt_len=0 pkg=com.larus.nova t_boot_ns=765085431636123
08-31 22:31:56.499 I/AnebProbe(14372): ADAPTER_EVT type=content cls=androidx.drawerlayout.widget.DrawerLayout desc=null txt_len=0 pkg=com.larus.nova t_boot_ns=765085530464248
08-31 22:31:56.613 I/AnebProbe(14372): ADAPTER_EVT type=content cls=androidx.recyclerview.widget.RecyclerView desc=null txt_len=0 pkg=com.larus.nova t_boot_ns=765085644041852
08-31 22:31:56.816 I/AnebProbe(14372): ADAPTER_EVT type=content cls=androidx.drawerlayout.widget.DrawerLayout desc=null txt_len=0 pkg=com.larus.nova t_boot_ns=765085846918935
08-31 22:31:56.929 I/AnebProbe(14372): ADAPTER_EVT type=content cls=androidx.drawerlayout.widget.DrawerLayout desc=null txt_len=0 pkg=com.larus.nova t_boot_ns=765085960782477
08-31 22:31:57.215 I/AnebProbe(14372): ADAPTER_EVT type=content cls=androidx.drawerlayout.widget.DrawerLayout desc=null txt_len=0 pkg=com.larus.nova t_boot_ns=765086245642894
08-31 22:31:57.313 I/AnebProbe(14372): ADAPTER_EVT type=content cls=androidx.drawerlayout.widget.DrawerLayout desc=null txt_len=0 pkg=com.larus.nova t_boot_ns=765086344712165
08-31 22:33:06.675 I/AnebE4MARK(21151): E4MARK kind=answer_complete n=6
