ts_local	getprop	ril_rat	is_nr_available	nr_freq_range	pci	screen
2026-08-02T02:17:25	LTE,Unknown	LTE	false	0	420	OFF
2026-08-02T02:17:59	LTE,Unknown	LTE	false	0	420	OFF
2026-08-02T02:18:30	LTE,Unknown	LTE	false	0	420	OFF
2026-08-02T02:19:01	LTE,Unknown	LTE	false	0	420	OFF
2026-08-02T02:19:33	LTE,Unknown	LTE	false	0	420	OFF
2026-08-02T02:20:05	LTE,Unknown	LTE	false	0	420	OFF
2026-08-02T02:20:36	LTE,Unknown	LTE	false	0	420	OFF
2026-08-02T02:21:08	LTE,Unknown	LTE	false	0	420	OFF
2026-08-02T02:21:39	LTE,Unknown	LTE	false	0	420	OFF
2026-08-02T02:22:12	LTE,Unknown	LTE	false	0	420	OFF
2026-08-02T02:22:43	LTE,Unknown	LTE	false	0	420	OFF
2026-08-02T02:23:17	LTE,Unknown	LTE	false	0	420	OFF
2026-08-02T02:23:48	LTE,Unknown	LTE	false	0	420	OFF
2026-08-02T02:24:19	LTE,Unknown	LTE	false	0	420	OFF
2026-08-02T02:24:50	LTE,Unknown	LTE	false	0	420	OFF
2026-08-02T02:25:22	LTE,Unknown	LTE	false	0	420	OFF
2026-08-02T02:25:55	LTE,Unknown	LTE	false	0	420	OFF
2026-08-02T02:26:26	LTE,Unknown	LTE	false	0	420	OFF
2026-08-02T02:26:58	LTE,Unknown	LTE	false	0	420	OFF
2026-08-02T02:27:29	LTE,Unknown	LTE	false	0	420	OFF
2026-08-02T02:28:00	LTE,Unknown	LTE	false	0	420	OFF
2026-08-02T02:28:33	LTE,Unknown	LTE	false	0	420	OFF
2026-08-02T02:29:04	LTE,Unknown	LTE	false	0	420	OFF
2026-08-02T02:29:35	LTE,Unknown	LTE	false	0	420	OFF
2026-08-02T02:30:05	LTE,Unknown	LTE	false	0	420	OFF
2026-08-02T02:30:37	LTE,Unknown	LTE	false	0	420	OFF
2026-08-02T02:31:08	LTE,Unknown	LTE	false	0	420	OFF
2026-08-02T02:31:39	LTE,Unknown	LTE	false	0	420	OFF
2026-08-02T02:32:10	LTE,Unknown	LTE	false	0	420	OFF
2026-08-02T02:32:41	LTE,Unknown	LTE	false	0	420	OFF
2026-08-02T02:33:12	LTE,Unknown	LTE	false	0	420	OFF
2026-08-02T02:33:43	LTE,Unknown	LTE	false	0	420	OFF
2026-08-02T02:34:14	LTE,Unknown	LTE	false	0	420	OFF
2026-08-02T02:34:45	LTE,Unknown	LTE	false	0	420	OFF
2026-08-02T02:35:16	LTE,Unknown	LTE	false	0	420	OFF
2026-08-02T02:35:47	LTE,Unknown	LTE	false	0	420	OFF
2026-08-02T02:36:18	LTE,Unknown	LTE	false	0	420	OFF
2026-08-02T02:36:49	LTE,Unknown	LTE	false	0	420	OFF
2026-08-02T02:37:20	LTE,Unknown	LTE	false	0	420	OFF
2026-08-02T02:37:51	LTE,Unknown	LTE	false	0	420	OFF
2026-08-02T02:38:23	LTE,Unknown	LTE	false	0	420	OFF
2026-08-02T02:38:54	LTE,Unknown	LTE	false	0	420	OFF
2026-08-02T02:39:25	LTE,Unknown	LTE	false	0	420	OFF
2026-08-02T02:39:55	LTE,Unknown	LTE	false	0	420	OFF
2026-08-02T02:40:26	LTE,Unknown	LTE	false	0	420	OFF
2026-08-02T02:40:57	LTE,Unknown	LTE	false	0	420	OFF
2026-08-02T02:41:28	LTE,Unknown	LTE	false	0	420	OFF
2026-08-02T02:41:59	LTE,Unknown	LTE	false	0	420	OFF
2026-08-02T02:42:30	LTE,Unknown	LTE	false	0	420	OFF
2026-08-02T02:43:03	LTE,Unknown	LTE	false	0	420	OFF
2026-08-02T02:43:35	LTE,Unknown	LTE	false	0	420	OFF
2026-08-02T02:44:06	LTE,Unknown	LTE	false	0	420	OFF
2026-08-02T02:44:37	LTE,Unknown	LTE	false	0	420	OFF
2026-08-02T02:45:09	LTE,Unknown	LTE	false	0	420	OFF
2026-08-02T02:45:40	LTE,Unknown	LTE	false	0	420	OFF
2026-08-02T02:46:11	LTE,Unknown	LTE	false	0	420	OFF
2026-08-02T02:46:42	LTE,Unknown	LTE	false	0	420	OFF
2026-08-02T02:47:13	LTE,Unknown	LTE	false	0	420	OFF
2026-08-02T02:47:44	LTE,Unknown	LTE	false	0	420	OFF
2026-08-02T02:48:15	LTE,Unknown	LTE	false	0	420	OFF
2026-08-02T02:48:47	LTE,Unknown	LTE	false	0	420	OFF
2026-08-02T02:49:20	LTE,Unknown	LTE	false	0	420	OFF
2026-08-02T02:49:51	LTE,Unknown	LTE	false	0	420	OFF
2026-08-02T02:50:23	LTE,Unknown	LTE	false	0	420	OFF
2026-08-02T02:50:54	LTE,Unknown	LTE	false	0	420	OFF
2026-08-02T02:51:26	LTE,Unknown	LTE	false	0	420	OFF
2026-08-02T02:51:58	LTE,Unknown	LTE	false	0	420	OFF
2026-08-02T02:52:29	LTE,Unknown	LTE	false	0	420	OFF
2026-08-02T02:53:00	LTE,Unknown	LTE	false	0	420	OFF
2026-08-02T02:53:31	LTE,Unknown	LTE	false	0	420	OFF
2026-08-02T02:54:02	LTE,Unknown	LTE	false	0	420	OFF
2026-08-02T02:54:33	LTE,Unknown	LTE	false	0	420	OFF
2026-08-02T02:55:04	LTE,Unknown	LTE	false	0	420	OFF
2026-08-02T02:55:35	LTE,Unknown	LTE	false	0	420	OFF
2026-08-02T02:56:06	LTE,Unknown	LTE	false	0	420	OFF
2026-08-02T02:56:37	LTE,Unknown	LTE	false	0	420	OFF
2026-08-02T02:57:08	LTE,Unknown	LTE	false	0	420	OFF
2026-08-02T02:57:39	LTE,Unknown	LTE	false	0	420	OFF
2026-08-02T02:58:10	LTE,Unknown	LTE	false	0	420	OFF
2026-08-02T02:58:41	LTE,Unknown	LTE	false	0	420	OFF
2026-08-02T02:59:12	LTE,Unknown	LTE	false	0	420	OFF
2026-08-02T02:59:43	LTE,Unknown	LTE	false	0	420	OFF
2026-08-02T03:00:13	LTE,Unknown	LTE	false	0	420	OFF
2026-08-02T03:00:44	LTE,Unknown	LTE	false	0	420	OFF
2026-08-02T03:01:15	LTE,Unknown	LTE	false	0	420	OFF
2026-08-02T03:01:46	LTE,Unknown	LTE	false	0	420	OFF
2026-08-02T03:02:17	LTE,Unknown	LTE	false	0	420	OFF
2026-08-02T03:02:47	LTE,Unknown	LTE	false	0	420	OFF
2026-08-02T03:03:18	LTE,Unknown	LTE	false	0	420	OFF
2026-08-02T03:03:49	LTE,Unknown	LTE	false	0	420	OFF
2026-08-02T03:04:20	LTE,Unknown	LTE	false	0	420	OFF
2026-08-02T03:04:51	LTE,Unknown	LTE	false	0	420	OFF
2026-08-02T03:05:22	LTE,Unknown	LTE	false	0	420	OFF
2026-08-02T03:05:53	LTE,Unknown	LTE	false	0	420	OFF
2026-08-02T03:06:23	LTE,Unknown	LTE	false	0	420	OFF
2026-08-02T03:06:54	LTE,Unknown	LTE	false	0	420	OFF
2026-08-02T03:07:25	LTE,Unknown	LTE	false	0	420	OFF
2026-08-02T03:07:56	LTE,Unknown	LTE	false	0	420	OFF
2026-08-02T03:08:27	LTE,Unknown	LTE	false	0	420	OFF
2026-08-02T03:08:58	LTE,Unknown	LTE	false	0	420	OFF
2026-08-02T03:09:29	LTE,Unknown	LTE	false	0	420	OFF
2026-08-02T03:10:01	LTE,Unknown	LTE	false	0	420	OFF
2026-08-02T03:10:32	LTE,Unknown	LTE	false	0	420	OFF
2026-08-02T03:11:03	LTE,Unknown	LTE	false	0	420	OFF
2026-08-02T03:11:34	LTE,Unknown	LTE	false	0	420	OFF
2026-08-02T03:12:05	LTE,Unknown	LTE	false	0	420	OFF
2026-08-02T03:12:36	LTE,Unknown	LTE	false	0	420	OFF
2026-08-02T03:13:07	LTE,Unknown	LTE	false	0	420	OFF
2026-08-02T03:13:39	LTE,Unknown	LTE	false	0	420	OFF
2026-08-02T03:14:09	LTE,Unknown	LTE	false	0	420	OFF
2026-08-02T03:14:40	LTE,Unknown	LTE	false	0	420	OFF
2026-08-02T03:15:12	LTE,Unknown	LTE	false	0	420	OFF
2026-08-02T03:15:43	LTE,Unknown	LTE	false	0	420	OFF
2026-08-02T03:16:14	LTE,Unknown	LTE	false	0	420	OFF
2026-08-02T03:16:45	LTE,Unknown	LTE	false	0	420	OFF
2026-08-02T03:17:16	LTE,Unknown	LTE	false	0	420	OFF
2026-08-02T03:17:47	LTE,Unknown	LTE	false	0	420	OFF
2026-08-02T03:18:19	LTE,Unknown	LTE	false	0	420	OFF
2026-08-02T03:18:52	LTE,Unknown	LTE	false	0	420	OFF
2026-08-02T03:19:37	LTE,Unknown	LTE	false	0	420	OFF
2026-08-02T03:20:10	LTE,Unknown	LTE	false	0	420	OFF
2026-08-02T03:20:41	LTE,Unknown	LTE	false	0	420	OFF
2026-08-02T03:21:11	LTE,Unknown	LTE	false	0	420	OFF
2026-08-02T03:21:42	LTE,Unknown	LTE	false	0	420	OFF
2026-08-02T03:22:13	LTE,Unknown	LTE	false	0	420	OFF
2026-08-02T03:22:44	LTE,Unknown	LTE	false	0	420	OFF
2026-08-02T03:23:15	LTE,Unknown	LTE	false	0	420	OFF
2026-08-02T03:23:46	LTE,Unknown	LTE	false	0	420	OFF
2026-08-02T03:24:17	LTE,Unknown	LTE	false	0	420	OFF
2026-08-02T03:24:48	LTE,Unknown	LTE	false	0	420	OFF
2026-08-02T03:25:19	LTE,Unknown	LTE	false	0	420	OFF
2026-08-02T03:25:50	LTE,Unknown	LTE	false	0	420	OFF
2026-08-02T03:26:21	LTE,Unknown	LTE	false	0	420	OFF
2026-08-02T03:26:52	LTE,Unknown	LTE	false	0	420	OFF
2026-08-02T03:27:24	LTE,Unknown	LTE	false	0	420	OFF
2026-08-02T03:27:55	LTE,Unknown	LTE	false	0	420	OFF
2026-08-02T03:28:27	LTE,Unknown	LTE	false	0	420	OFF
2026-08-02T03:28:58	LTE,Unknown	LTE	false	0	420	OFF
2026-08-02T03:29:30	LTE,Unknown	LTE	false	0	420	OFF
2026-08-02T03:30:01	LTE,Unknown	LTE	false	0	420	OFF
2026-08-02T03:30:32	LTE,Unknown	LTE	false	0	420	OFF
2026-08-02T03:31:03	LTE,Unknown	LTE	false	0	420	OFF
2026-08-02T03:31:33	LTE,Unknown	LTE	false	0	420	OFF
2026-08-02T03:32:04	LTE,Unknown	LTE	false	0	420	OFF
2026-08-02T03:32:35	LTE,Unknown	LTE	false	0	420	OFF
2026-08-02T03:33:06	LTE,Unknown	LTE	false	0	420	OFF
2026-08-02T03:33:37	LTE,Unknown	LTE	false	0	420	OFF
2026-08-02T03:34:08	LTE,Unknown	LTE	false	0	420	OFF
2026-08-02T03:34:39	LTE,Unknown	LTE	false	0	420	OFF
2026-08-02T03:35:10	LTE,Unknown	LTE	false	0	420	OFF
2026-08-02T03:35:43	LTE,Unknown	LTE	false	0	420	OFF
2026-08-02T03:36:13	LTE,Unknown	LTE	false	0	420	OFF
2026-08-02T03:36:45	LTE,Unknown	LTE	false	0	420	OFF
2026-08-02T03:37:16	LTE,Unknown	LTE	false	0	420	OFF
2026-08-02T03:37:49	LTE,Unknown	LTE	false	0	420	OFF
2026-08-02T03:38:19	LTE,Unknown	LTE	false	0	420	OFF
2026-08-02T03:38:50	LTE,Unknown	LTE	false	0	420	OFF
2026-08-02T03:39:21	LTE,Unknown	LTE	false	0	420	OFF
2026-08-02T03:39:53	LTE,Unknown	LTE	false	0	420	OFF
2026-08-02T03:40:23	LTE,Unknown	LTE	false	0	420	OFF
2026-08-02T03:40:54	LTE,Unknown	LTE	false	0	420	OFF
2026-08-02T03:41:25	LTE,Unknown	LTE	false	0	420	OFF
2026-08-02T03:41:56	LTE,Unknown	LTE	false	0	420	OFF
2026-08-02T03:42:29	LTE,Unknown	LTE	false	0	420	OFF
2026-08-02T03:43:01	LTE,Unknown	LTE	false	0	420	OFF
2026-08-02T03:43:33	LTE,Unknown	LTE	false	0	420	OFF
2026-08-02T03:44:04	LTE,Unknown	LTE	false	0	420	OFF
2026-08-02T03:44:35	LTE,Unknown	LTE	false	0	420	OFF
2026-08-02T03:45:07	LTE,Unknown	LTE	false	0	420	OFF
2026-08-02T03:45:39	LTE,Unknown	LTE	false	0	420	OFF
2026-08-02T03:46:10	LTE,Unknown	LTE	false	0	420	OFF
2026-08-02T03:46:41	LTE,Unknown	LTE	false	0	420	OFF
2026-08-02T03:47:12	LTE,Unknown	LTE	false	0	420	OFF
2026-08-02T03:47:43	LTE,Unknown	LTE	false	0	420	OFF
2026-08-02T03:48:13	LTE,Unknown	LTE	false	0	420	OFF
2026-08-02T03:48:44	LTE,Unknown	LTE	false	0	420	OFF
2026-08-02T03:49:15	LTE,Unknown	LTE	false	0	420	OFF
2026-08-02T03:49:46	LTE,Unknown	LTE	false	0	420	OFF
2026-08-02T03:50:18	LTE,Unknown	LTE	false	0	420	OFF
2026-08-02T03:50:48	LTE,Unknown	LTE	false	0	420	OFF
2026-08-02T03:51:19	LTE,Unknown	LTE	false	0	420	OFF
2026-08-02T03:51:50	LTE,Unknown	LTE	false	0	420	OFF
2026-08-02T03:52:21	LTE,Unknown	LTE	false	0	420	OFF
2026-08-02T03:52:52	LTE,Unknown	LTE	false	0	420	OFF
2026-08-02T03:53:22	LTE,Unknown	LTE	false	0	420	OFF
2026-08-02T03:53:53	LTE,Unknown	LTE	false	0	420	OFF
2026-08-02T03:54:24	LTE,Unknown	LTE	false	0	420	OFF
2026-08-02T03:54:55	LTE,Unknown	LTE	false	0	420	OFF
2026-08-02T03:55:25	LTE,Unknown	LTE	false	0	420	OFF
2026-08-02T03:55:56	LTE,Unknown	LTE	false	0	420	OFF
2026-08-02T03:56:27	LTE,Unknown	LTE	false	0	420	OFF
2026-08-02T03:56:58	LTE,Unknown	LTE	false	0	420	OFF
2026-08-02T03:57:28	LTE,Unknown	LTE	false	0	420	OFF
2026-08-02T03:57:59	LTE,Unknown	LTE	false	0	420	OFF
2026-08-02T03:58:30	LTE,Unknown	LTE	false	0	420	OFF
2026-08-02T03:59:01	LTE,Unknown	LTE	false	0	420	OFF
2026-08-02T03:59:31	LTE,Unknown	LTE	false	0	420	OFF
2026-08-02T04:00:02	LTE,Unknown	LTE	false	0	420	OFF
2026-08-02T04:00:33	LTE,Unknown	LTE	false	0	420	OFF
2026-08-02T04:01:04	LTE,Unknown	LTE	false	0	420	OFF
2026-08-02T04:01:34	LTE,Unknown	LTE	false	0	420	OFF
2026-08-02T04:02:05	LTE,Unknown	LTE	false	0	420	OFF
2026-08-02T04:02:38	LTE,Unknown	LTE	false	0	420	OFF
2026-08-02T04:03:09	LTE,Unknown	LTE	false	0	420	OFF
2026-08-02T04:03:39	LTE,Unknown	LTE	false	0	420	OFF
2026-08-02T04:04:10	LTE,Unknown	LTE	false	0	420	OFF
2026-08-02T04:04:41	LTE,Unknown	LTE	false	0	420	OFF
2026-08-02T04:05:12	LTE,Unknown	LTE	false	0	420	OFF
2026-08-02T04:05:43	LTE,Unknown	LTE	false	0	420	OFF
2026-08-02T04:06:15	LTE,Unknown	LTE	false	0	420	OFF
2026-08-02T04:06:46	LTE,Unknown	LTE	false	0	420	OFF
2026-08-02T04:07:17	LTE,Unknown	LTE	false	0	420	OFF
2026-08-02T04:07:47	LTE,Unknown	LTE	false	0	420	ON
2026-08-02T04:08:19	LTE,Unknown	LTE	false	0	420	OFF
2026-08-02T04:08:49	LTE,Unknown	LTE	false	0	420	OFF
2026-08-02T04:09:20	LTE,Unknown	LTE	false	0	420	OFF
2026-08-02T04:09:51	LTE,Unknown	LTE	false	0	420	OFF
2026-08-02T04:10:22	LTE,Unknown	LTE	false	0	420	OFF
2026-08-02T04:10:53	LTE,Unknown	LTE	false	0	420	OFF
2026-08-02T04:11:24	LTE,Unknown	LTE	false	0	420	OFF
2026-08-02T04:11:56	LTE,Unknown	LTE	false	0	420	OFF
2026-08-02T04:12:27	LTE,Unknown	LTE	false	0	420	OFF
2026-08-02T04:12:58	LTE,Unknown	LTE	false	0	420	OFF
2026-08-02T04:13:29	LTE,Unknown	LTE	false	0	420	OFF
2026-08-02T04:14:00	LTE,Unknown	LTE	false	0	420	OFF
2026-08-02T04:14:31	LTE,Unknown	LTE	false	0	420	OFF
2026-08-02T04:15:02	LTE,Unknown	LTE	false	0	420	OFF
2026-08-02T04:15:33	LTE,Unknown	LTE	false	0	420	OFF
2026-08-02T04:16:04	LTE,Unknown	LTE	false	0	420	OFF
2026-08-02T04:16:35	LTE,Unknown	LTE	false	0	420	OFF
2026-08-02T04:17:06	LTE,Unknown	LTE	false	0	420	OFF
2026-08-02T04:17:37	LTE,Unknown	LTE	false	0	420	OFF
2026-08-02T04:18:08	LTE,Unknown	LTE	false	0	420	OFF
2026-08-02T04:18:40	LTE,Unknown	LTE	false	0	420	OFF
2026-08-02T04:19:11	LTE,Unknown	LTE	false	0	420	OFF
2026-08-02T04:19:43	LTE,Unknown	LTE	false	0	420	OFF
2026-08-02T04:20:14	LTE,Unknown	LTE	false	0	420	OFF
2026-08-02T04:20:45	LTE,Unknown	LTE	false	0	420	OFF
2026-08-02T04:21:16	LTE,Unknown	LTE	false	0	420	OFF
2026-08-02T04:21:46	LTE,Unknown	LTE	false	0	420	OFF
2026-08-02T04:22:17	LTE,Unknown	LTE	false	0	420	OFF
2026-08-02T04:22:48	LTE,Unknown	LTE	false	0	420	OFF
2026-08-02T04:23:19	LTE,Unknown	LTE	false	0	420	OFF
2026-08-02T04:23:50	LTE,Unknown	LTE	false	0	420	OFF
2026-08-02T04:24:21	LTE,Unknown	LTE	false	0	420	OFF
2026-08-02T04:24:52	LTE,Unknown	LTE	false	0	420	OFF
2026-08-02T04:25:23	LTE,Unknown	LTE	false	0	420	OFF
2026-08-02T04:25:54	LTE,Unknown	LTE	false	0	420	OFF
2026-08-02T04:26:25	LTE,Unknown	LTE	false	0	420	OFF
2026-08-02T04:26:56	LTE,Unknown	LTE	false	0	420	OFF
2026-08-02T04:27:26	LTE,Unknown	LTE	false	0	420	OFF
2026-08-02T04:27:57	LTE,Unknown	LTE	false	0	420	OFF
2026-08-02T04:28:28	LTE,Unknown	LTE	false	0	420	OFF
2026-08-02T04:28:58	LTE,Unknown	LTE	false	0	420	OFF
2026-08-02T04:29:29	LTE,Unknown	LTE	false	0	420	OFF
2026-08-02T04:30:00	LTE,Unknown	LTE	false	0	420	OFF
2026-08-02T04:30:31	LTE,Unknown	LTE	false	0	420	OFF
2026-08-02T04:31:02	LTE,Unknown	LTE	false	0	420	OFF
2026-08-02T04:31:33	LTE,Unknown	LTE	false	0	420	OFF
2026-08-02T04:32:04	LTE,Unknown	LTE	false	0	420	OFF
2026-08-02T04:32:35	LTE,Unknown	LTE	false	0	420	OFF
2026-08-02T04:33:06	LTE,Unknown	LTE	false	0	420	OFF
2026-08-02T04:33:37	LTE,Unknown	LTE	false	0	420	OFF
2026-08-02T04:34:08	LTE,Unknown	LTE	false	0	420	OFF
2026-08-02T04:34:38	LTE,Unknown	LTE	false	0	420	OFF
2026-08-02T04:35:09	LTE,Unknown	LTE	false	0	420	OFF
2026-08-02T04:35:40	LTE,Unknown	LTE	false	0	420	OFF
2026-08-02T04:36:11	LTE,Unknown	LTE	false	0	420	OFF
2026-08-02T04:36:42	LTE,Unknown	LTE	false	0	420	OFF
2026-08-02T04:37:13	LTE,Unknown	LTE	false	0	420	OFF
2026-08-02T04:37:43	LTE,Unknown	LTE	false	0	420	OFF
2026-08-02T04:38:14	LTE,Unknown	LTE	false	0	420	OFF
2026-08-02T04:38:45	LTE,Unknown	LTE	false	0	420	OFF
2026-08-02T04:39:15	LTE,Unknown	LTE	false	0	420	OFF
2026-08-02T04:39:46	LTE,Unknown	LTE	false	0	420	OFF
2026-08-02T04:40:17	LTE,Unknown	LTE	false	0	420	OFF
2026-08-02T04:40:47	LTE,Unknown	LTE	false	0	420	OFF
2026-08-02T04:41:18	LTE,Unknown	LTE	false	0	420	OFF
2026-08-02T04:41:49	LTE,Unknown	LTE	false	0	420	OFF
2026-08-02T04:42:20	LTE,Unknown	LTE	false	0	420	OFF
2026-08-02T04:42:50	LTE,Unknown	LTE	false	0	420	OFF
2026-08-02T04:43:21	LTE,Unknown	LTE	false	0	420	OFF
2026-08-02T04:43:52	LTE,Unknown	LTE	false	0	420	OFF
2026-08-02T04:44:23	LTE,Unknown	LTE	false	0	420	OFF
2026-08-02T04:44:54	LTE,Unknown	LTE	false	0	420	OFF
2026-08-02T04:45:25	LTE,Unknown	LTE	false	0	420	OFF
2026-08-02T04:45:56	LTE,Unknown	LTE	false	0	420	OFF
2026-08-02T04:46:27	LTE,Unknown	LTE	false	0	420	OFF
2026-08-02T04:46:58	LTE,Unknown	LTE	false	0	420	OFF
2026-08-02T04:47:29	LTE,Unknown	LTE	false	0	420	OFF
2026-08-02T04:48:01	LTE,Unknown	LTE	false	0	420	OFF
2026-08-02T04:48:32	LTE,Unknown	LTE	false	0	420	OFF
2026-08-02T04:49:03	LTE,Unknown	LTE	false	0	420	OFF
2026-08-02T04:49:35	LTE,Unknown	LTE	false	0	420	OFF
2026-08-02T04:50:07	LTE,Unknown	LTE	false	0	420	OFF
2026-08-02T04:50:37	LTE,Unknown	LTE	false	0	420	OFF
2026-08-02T04:51:08	LTE,Unknown	LTE	false	0	420	OFF
2026-08-02T04:51:40	LTE,Unknown	LTE	false	0	420	OFF
2026-08-02T04:52:11	LTE,Unknown	LTE	false	0	420	OFF
2026-08-02T04:52:42	LTE,Unknown	LTE	false	0	420	OFF
2026-08-02T04:53:13	LTE,Unknown	LTE	false	0	420	OFF
2026-08-02T04:53:44	LTE,Unknown	LTE	false	0	420	OFF
2026-08-02T04:54:16	LTE,Unknown	LTE	false	0	420	OFF
2026-08-02T04:54:46	LTE,Unknown	LTE	false	0	420	OFF
2026-08-02T04:55:17	LTE,Unknown	LTE	false	0	420	OFF
2026-08-02T04:55:48	LTE,Unknown	LTE	false	0	420	OFF
2026-08-02T04:56:20	LTE,Unknown	LTE	false	0	420	OFF
2026-08-02T04:56:51	LTE,Unknown	LTE	false	0	420	OFF
2026-08-02T04:57:22	LTE,Unknown	LTE	false	0	420	OFF
2026-08-02T04:57:52	LTE,Unknown	LTE	false	0	420	OFF
2026-08-02T04:58:23	LTE,Unknown	LTE	false	0	420	OFF
2026-08-02T04:58:54	LTE,Unknown	LTE	false	0	420	OFF
2026-08-02T04:59:24	LTE,Unknown	LTE	false	0	420	OFF
2026-08-02T04:59:55	LTE,Unknown	LTE	false	0	420	OFF
2026-08-02T05:00:25	LTE,Unknown	LTE	false	0	420	OFF
2026-08-02T05:00:56	LTE,Unknown	LTE	false	0	420	OFF
2026-08-02T05:01:27	LTE,Unknown	LTE	false	0	420	OFF
2026-08-02T05:01:57	LTE,Unknown	LTE	false	0	420	OFF
2026-08-02T05:02:28	LTE,Unknown	LTE	false	0	420	OFF
2026-08-02T05:02:58	LTE,Unknown	LTE	false	0	420	OFF
2026-08-02T05:03:29	LTE,Unknown	LTE	false	0	420	OFF
2026-08-02T05:04:00	LTE,Unknown	LTE	false	0	420	OFF
2026-08-02T05:04:30	LTE,Unknown	LTE	false	0	420	OFF
2026-08-02T05:05:01	LTE,Unknown	LTE	false	0	420	OFF
2026-08-02T05:05:31	LTE,Unknown	LTE	false	0	420	OFF
2026-08-02T05:06:02	LTE,Unknown	LTE	false	0	420	OFF
2026-08-02T05:06:33	LTE,Unknown	LTE	false	0	420	OFF
2026-08-02T05:07:03	LTE,Unknown	LTE	false	0	420	OFF
2026-08-02T05:07:34	LTE,Unknown	LTE	false	0	420	OFF
2026-08-02T05:08:04	LTE,Unknown	LTE	false	0	420	OFF
2026-08-02T05:08:35	LTE,Unknown	LTE	false	0	420	OFF
2026-08-02T05:09:05	LTE,Unknown	LTE	false	0	420	OFF
2026-08-02T05:09:36	LTE,Unknown	LTE	false	0	420	OFF
2026-08-02T05:10:07	LTE,Unknown	LTE	false	0	420	OFF
2026-08-02T05:10:38	LTE,Unknown	LTE	false	0	420	OFF
2026-08-02T05:11:08	LTE,Unknown	LTE	false	0	420	OFF
2026-08-02T05:11:39	LTE,Unknown	LTE	false	0	420	OFF
2026-08-02T05:12:10	LTE,Unknown	LTE	false	0	420	OFF
2026-08-02T05:12:42	LTE,Unknown	LTE	false	0	420	OFF
2026-08-02T05:13:13	LTE,Unknown	LTE	false	0	420	OFF
2026-08-02T05:13:44	LTE,Unknown	LTE	false	0	420	OFF
2026-08-02T05:14:15	LTE,Unknown	LTE	false	0	420	OFF
2026-08-02T05:14:46	LTE,Unknown	LTE	false	0	420	OFF
2026-08-02T05:15:18	LTE,Unknown	LTE	false	0	420	OFF
2026-08-02T05:15:48	LTE,Unknown	LTE	false	0	420	OFF
2026-08-02T05:16:19	LTE,Unknown	LTE	false	0	420	OFF
2026-08-02T05:16:51	LTE,Unknown	LTE	false	0	420	OFF
2026-08-02T05:17:23	LTE,Unknown	LTE	false	0	420	OFF
2026-08-02T05:17:57	LTE,Unknown	LTE	false	0	420	OFF
2026-08-02T05:18:28	LTE,Unknown	LTE	false	0	420	OFF
2026-08-02T05:18:59	LTE,Unknown	LTE	false	0	420	OFF
2026-08-02T05:19:31	LTE,Unknown	LTE	false	0	420	OFF
2026-08-02T05:20:02	LTE,Unknown	LTE	false	0	420	OFF
2026-08-02T05:20:33	LTE,Unknown	LTE	false	0	420	OFF
2026-08-02T05:21:04	LTE,Unknown	LTE	false	0	420	OFF
2026-08-02T05:21:35	LTE,Unknown	LTE	false	0	420	OFF
2026-08-02T05:22:06	LTE,Unknown	LTE	false	0	420	OFF
2026-08-02T05:22:37	LTE,Unknown	LTE	false	0	420	OFF
2026-08-02T05:23:07	LTE,Unknown	LTE	false	0	420	OFF
2026-08-02T05:23:38	LTE,Unknown	LTE	false	0	420	OFF
2026-08-02T05:24:09	LTE,Unknown	LTE	false	0	420	OFF
2026-08-02T05:24:40	LTE,Unknown	LTE	false	0	420	OFF
2026-08-02T05:25:11	LTE,Unknown	LTE	false	0	420	OFF
2026-08-02T05:25:41	LTE,Unknown	LTE	false	0	420	OFF
2026-08-02T05:26:12	LTE,Unknown	LTE	false	0	420	OFF
2026-08-02T05:26:43	LTE,Unknown	LTE	false	0	420	OFF
2026-08-02T05:27:14	LTE,Unknown	LTE	false	0	420	OFF
2026-08-02T05:27:45	LTE,Unknown	LTE	false	0	420	OFF
2026-08-02T05:28:15	LTE,Unknown	LTE	false	0	420	OFF
2026-08-02T05:28:46	LTE,Unknown	LTE	false	0	420	OFF
2026-08-02T05:29:17	LTE,Unknown	LTE	false	0	420	OFF
2026-08-02T05:29:48	LTE,Unknown	LTE	false	0	420	OFF
2026-08-02T05:30:19	LTE,Unknown	LTE	false	0	420	OFF
2026-08-02T05:30:50	LTE,Unknown	LTE	false	0	420	OFF
2026-08-02T05:31:21	LTE,Unknown	LTE	false	0	420	OFF
2026-08-02T05:31:52	LTE,Unknown	LTE	false	0	420	OFF
2026-08-02T05:32:22	LTE,Unknown	LTE	false	0	420	OFF
2026-08-02T05:32:53	LTE,Unknown	LTE	false	0	420	OFF
2026-08-02T05:33:24	LTE,Unknown	LTE	false	0	420	OFF
2026-08-02T05:33:54	LTE,Unknown	LTE	false	0	420	OFF
2026-08-02T05:34:25	LTE,Unknown	LTE	false	0	420	OFF
2026-08-02T05:34:56	LTE,Unknown	LTE	false	0	420	OFF
2026-08-02T05:35:27	LTE,Unknown	LTE	false	0	420	OFF
2026-08-02T05:35:58	LTE,Unknown	LTE	false	0	420	OFF
2026-08-02T05:36:29	LTE,Unknown	LTE	false	0	420	OFF
2026-08-02T05:37:01	LTE,Unknown	LTE	false	0	420	OFF
2026-08-02T05:37:32	LTE,Unknown	LTE	false	0	420	OFF
2026-08-02T05:38:02	LTE,Unknown	LTE	false	0	420	OFF
2026-08-02T05:38:33	LTE,Unknown	LTE	false	0	420	OFF
2026-08-02T05:39:04	LTE,Unknown	LTE	false	0	420	OFF
2026-08-02T05:39:35	LTE,Unknown	LTE	false	0	420	OFF
2026-08-02T05:40:06	LTE,Unknown	LTE	false	0	420	OFF
2026-08-02T05:40:37	LTE,Unknown	LTE	false	0	420	OFF
2026-08-02T05:41:08	LTE,Unknown	LTE	false	0	420	OFF
2026-08-02T05:41:38	LTE,Unknown	LTE	false	0	420	OFF
2026-08-02T05:42:09	LTE,Unknown	LTE	false	0	420	OFF
2026-08-02T05:42:39	LTE,Unknown	LTE	false	0	420	OFF
2026-08-02T05:43:10	LTE,Unknown	LTE	false	0	420	OFF
2026-08-02T05:43:43	LTE,Unknown	LTE	false	0	420	OFF
2026-08-02T05:44:16	LTE,Unknown	LTE	false	0	420	OFF
2026-08-02T05:44:47	LTE,Unknown	LTE	false	0	420	OFF
2026-08-02T05:45:19	LTE,Unknown	LTE	false	0	420	OFF
2026-08-02T05:45:49	LTE,Unknown	LTE	false	0	420	OFF
2026-08-02T05:46:20	LTE,Unknown	LTE	false	0	420	OFF
2026-08-02T05:46:51	LTE,Unknown	LTE	false	0	420	OFF
2026-08-02T05:47:23	LTE,Unknown	LTE	false	0	420	OFF
2026-08-02T05:47:54	LTE,Unknown	LTE	false	0	420	OFF
2026-08-02T05:48:25	LTE,Unknown	LTE	false	0	420	OFF
2026-08-02T05:48:55	LTE,Unknown	LTE	false	0	420	OFF
2026-08-02T05:49:27	LTE,Unknown	LTE	false	0	420	OFF
2026-08-02T05:49:58	LTE,Unknown	LTE	false	0	420	OFF
2026-08-02T05:50:29	LTE,Unknown	LTE	false	0	420	OFF
2026-08-02T05:51:00	LTE,Unknown	LTE	false	0	420	OFF
2026-08-02T05:51:31	LTE,Unknown	LTE	false	0	420	OFF
2026-08-02T05:52:03	LTE,Unknown	LTE	false	0	420	OFF
2026-08-02T05:52:33	LTE,Unknown	LTE	false	0	420	OFF
2026-08-02T05:53:05	LTE,Unknown	LTE	false	0	420	OFF
2026-08-02T05:53:37	LTE,Unknown	LTE	false	0	420	OFF
2026-08-02T05:54:08	LTE,Unknown	LTE	false	0	420	OFF
2026-08-02T05:54:42	LTE,Unknown	LTE	false	0	420	OFF
2026-08-02T05:55:16	LTE,Unknown	LTE	false	0	420	OFF
2026-08-02T05:55:49	LTE,Unknown	LTE	false	0	420	OFF
2026-08-02T05:56:20	LTE,Unknown	LTE	false	0	420	OFF
2026-08-02T05:56:51	LTE,Unknown	LTE	false	0	420	OFF
2026-08-02T05:57:22	LTE,Unknown	LTE	false	0	420	OFF
2026-08-02T05:57:53	LTE,Unknown	LTE	false	0	420	OFF
2026-08-02T05:58:24	LTE,Unknown	LTE	false	0	420	OFF
2026-08-02T05:58:55	LTE,Unknown	LTE	false	0	420	OFF
2026-08-02T05:59:26	LTE,Unknown	LTE	false	0	420	OFF
2026-08-02T05:59:57	LTE,Unknown	LTE	false	0	420	OFF
2026-08-02T06:00:28	LTE,Unknown	LTE	false	0	420	OFF
2026-08-02T06:00:59	LTE,Unknown	LTE	false	0	420	OFF
2026-08-02T06:01:30	LTE,Unknown	LTE	false	0	420	OFF
2026-08-02T06:02:02	LTE,Unknown	LTE	false	0	420	OFF
2026-08-02T06:02:33	LTE,Unknown	LTE	false	0	420	OFF
2026-08-02T06:03:04	LTE,Unknown	LTE	false	0	420	OFF
2026-08-02T06:03:35	LTE,Unknown	LTE	false	0	420	OFF
2026-08-02T06:04:06	LTE,Unknown	LTE	false	0	420	OFF
2026-08-02T06:04:38	LTE,Unknown	LTE	false	0	420	OFF
2026-08-02T06:05:09	LTE,Unknown	LTE	false	0	420	OFF
2026-08-02T06:05:39	LTE,Unknown	LTE	false	0	420	OFF
2026-08-02T06:06:14	LTE,Unknown	LTE	false	0	420	OFF
2026-08-02T06:06:48	LTE,Unknown	LTE	false	0	420	OFF
2026-08-02T06:07:19	LTE,Unknown	LTE	false	0	420	OFF
2026-08-02T06:07:51	LTE,Unknown	LTE	false	0	420	OFF
2026-08-02T06:08:23	LTE,Unknown	LTE	false	0	420	OFF
2026-08-02T06:08:56	LTE,Unknown	LTE	false	0	420	OFF
2026-08-02T06:09:27	LTE,Unknown	LTE	false	0	420	OFF
2026-08-02T06:09:58	LTE,Unknown	LTE	false	0	420	OFF
2026-08-02T06:10:31	LTE,Unknown	LTE	false	0	420	OFF
2026-08-02T06:11:10	LTE,Unknown	LTE	false	0	420	OFF
2026-08-02T06:11:43	LTE,Unknown	LTE	false	0	420	OFF
2026-08-02T06:12:15	LTE,Unknown	LTE	false	0	420	OFF
2026-08-02T06:12:46	LTE,Unknown	LTE	false	0	420	OFF
2026-08-02T06:13:20	LTE,Unknown	LTE	false	0	420	OFF
2026-08-02T06:13:52	LTE,Unknown	LTE	false	0	420	OFF
2026-08-02T06:14:24	LTE,Unknown	LTE	false	0	420	OFF
2026-08-02T06:14:55	LTE,Unknown	LTE	false	0	420	OFF
2026-08-02T06:15:29	LTE,Unknown	LTE	false	0	420	OFF
2026-08-02T06:16:00	LTE,Unknown	LTE	false	0	420	OFF
2026-08-02T06:16:31	LTE,Unknown	LTE	false	0	420	OFF
2026-08-02T06:17:04	LTE,Unknown	LTE	false	0	420	OFF
2026-08-02T06:17:35	LTE,Unknown	LTE	false	0	420	OFF
2026-08-02T06:18:06	LTE,Unknown	LTE	false	0	420	OFF
2026-08-02T06:18:37	LTE,Unknown	LTE	false	0	420	OFF
2026-08-02T06:19:09	LTE,Unknown	LTE	false	0	420	OFF
2026-08-02T06:19:40	LTE,Unknown	LTE	false	0	420	OFF
2026-08-02T06:20:14	LTE,Unknown	LTE	false	0	420	OFF
2026-08-02T06:20:48	LTE,Unknown	LTE	false	0	420	OFF
2026-08-02T06:21:21	LTE,Unknown	LTE	false	0	420	OFF
2026-08-02T06:21:53	LTE,Unknown	LTE	false	0	420	OFF
2026-08-02T06:22:24	LTE,Unknown	LTE	false	0	420	OFF
2026-08-02T06:22:55	LTE,Unknown	LTE	false	0	420	OFF
2026-08-02T06:23:26	LTE,Unknown	LTE	false	0	420	OFF
2026-08-02T06:23:57	LTE,Unknown	LTE	false	0	420	OFF
2026-08-02T06:24:30	LTE,Unknown	LTE	false	0	420	OFF
2026-08-02T06:25:01	LTE,Unknown	LTE	false	0	420	OFF
2026-08-02T06:25:31	LTE,Unknown	LTE	false	0	420	OFF
2026-08-02T06:26:02	LTE,Unknown	LTE	false	0	420	OFF
2026-08-02T06:26:34	LTE,Unknown	LTE	false	0	420	OFF
2026-08-02T06:27:05	LTE,Unknown	LTE	false	0	420	OFF
2026-08-02T06:27:36	LTE,Unknown	LTE	false	0	420	OFF
2026-08-02T06:28:07	LTE,Unknown	LTE	false	0	420	OFF
2026-08-02T06:28:37	LTE,Unknown	LTE	false	0	420	OFF
2026-08-02T06:29:08	LTE,Unknown	LTE	false	0	420	OFF
2026-08-02T06:29:39	LTE,Unknown	LTE	false	0	420	OFF
2026-08-02T06:30:10	LTE,Unknown	LTE	false	0	420	OFF
2026-08-02T06:30:40	LTE,Unknown	LTE	false	0	420	OFF
2026-08-02T06:31:11	LTE,Unknown	LTE	false	0	420	OFF
2026-08-02T06:31:43	LTE,Unknown	LTE	false	0	420	OFF
2026-08-02T06:32:14	LTE,Unknown	LTE	false	0	420	OFF
2026-08-02T06:32:45	LTE,Unknown	LTE	false	0	420	OFF
2026-08-02T06:33:16	LTE,Unknown	LTE	false	0	420	OFF
2026-08-02T06:33:47	LTE,Unknown	LTE	false	0	420	OFF
2026-08-02T06:34:19	LTE,Unknown	LTE	false	0	420	OFF
2026-08-02T06:34:50	LTE,Unknown	LTE	false	0	420	OFF
2026-08-02T06:35:20	LTE,Unknown	LTE	false	0	420	OFF
2026-08-02T06:35:52	LTE,Unknown	LTE	false	0	420	OFF
2026-08-02T06:36:23	LTE,Unknown	LTE	false	0	420	OFF
2026-08-02T06:36:54	LTE,Unknown	LTE	false	0	420	OFF
2026-08-02T06:37:25	LTE,Unknown	LTE	false	0	420	OFF
2026-08-02T06:37:57	LTE,Unknown	LTE	false	0	420	OFF
2026-08-02T06:38:28	LTE,Unknown	LTE	false	0	420	OFF
2026-08-02T06:38:59	LTE,Unknown	LTE	false	0	420	OFF
2026-08-02T06:39:31	LTE,Unknown	LTE	false	0	420	OFF
2026-08-02T06:40:03	LTE,Unknown	LTE	false	0	420	OFF
2026-08-02T06:40:34	LTE,Unknown	LTE	false	0	420	OFF
2026-08-02T06:41:05	LTE,Unknown	LTE	false	0	420	OFF
2026-08-02T06:41:36	LTE,Unknown	LTE	false	0	420	OFF
2026-08-02T06:42:07	LTE,Unknown	LTE	false	0	420	OFF
2026-08-02T06:42:38	LTE,Unknown	LTE	false	0	420	OFF
2026-08-02T06:43:08	LTE,Unknown	LTE	false	0	420	OFF
2026-08-02T06:43:39	LTE,Unknown	LTE	false	0	420	OFF
2026-08-02T06:44:10	LTE,Unknown	LTE	false	0	420	OFF
2026-08-02T06:44:41	LTE,Unknown	LTE	false	0	420	OFF
2026-08-02T06:45:12	LTE,Unknown	LTE	false	0	420	OFF
2026-08-02T06:45:44	LTE,Unknown	LTE	false	0	420	OFF
2026-08-02T06:46:17	LTE,Unknown	LTE	false	0	420	OFF
2026-08-02T06:46:48	LTE,Unknown	LTE	false	0	420	OFF
2026-08-02T06:47:19	LTE,Unknown	LTE	false	0	420	OFF
2026-08-02T06:47:50	LTE,Unknown	LTE	false	0	420	OFF
2026-08-02T06:48:21	LTE,Unknown	LTE	false	0	420	OFF
2026-08-02T06:48:52	LTE,Unknown	LTE	false	0	420	OFF
2026-08-02T06:49:22	LTE,Unknown	LTE	false	0	420	OFF
2026-08-02T06:49:53	LTE,Unknown	LTE	false	0	420	OFF
2026-08-02T06:50:24	LTE,Unknown	LTE	false	0	420	OFF
2026-08-02T06:50:55	LTE,Unknown	LTE	false	0	420	OFF
2026-08-02T06:51:26	LTE,Unknown	LTE	false	0	420	OFF
2026-08-02T06:51:57	LTE,Unknown	LTE	false	0	420	OFF
2026-08-02T06:52:29	LTE,Unknown	LTE	false	0	420	OFF
2026-08-02T06:53:00	LTE,Unknown	LTE	false	0	420	OFF
2026-08-02T06:53:31	LTE,Unknown	LTE	false	0	420	OFF
2026-08-02T06:54:02	LTE,Unknown	LTE	false	0	420	OFF
2026-08-02T06:54:33	LTE,Unknown	LTE	false	0	420	OFF
2026-08-02T06:55:04	LTE,Unknown	LTE	false	0	420	OFF
2026-08-02T06:55:35	LTE,Unknown	LTE	false	0	420	OFF
2026-08-02T06:56:06	LTE,Unknown	LTE	false	0	420	OFF
2026-08-02T06:56:37	LTE,Unknown	LTE	false	0	420	OFF
2026-08-02T06:57:09	LTE,Unknown	LTE	false	0	420	OFF
2026-08-02T06:57:39	LTE,Unknown	LTE	false	0	420	OFF
2026-08-02T06:58:10	LTE,Unknown	LTE	false	0	420	OFF
2026-08-02T06:58:41	LTE,Unknown	LTE	false	0	420	OFF
2026-08-02T06:59:12	LTE,Unknown	LTE	false	0	420	OFF
2026-08-02T06:59:43	LTE,Unknown	LTE	false	0	420	OFF
2026-08-02T07:00:14	LTE,Unknown	LTE	false	0	420	OFF
2026-08-02T07:00:45	LTE,Unknown	LTE	false	0	420	OFF
2026-08-02T07:01:16	LTE,Unknown	LTE	false	0	420	OFF
2026-08-02T07:01:47	LTE,Unknown	LTE	false	0	420	OFF
2026-08-02T07:02:21	LTE,Unknown	LTE	false	0	420	OFF
2026-08-02T07:02:52	LTE,Unknown	LTE	false	0	420	OFF
2026-08-02T07:03:23	LTE,Unknown	LTE	false	0	420	OFF
2026-08-02T07:03:54	LTE,Unknown	LTE	false	0	420	OFF
2026-08-02T07:04:25	LTE,Unknown	LTE	false	0	420	OFF
2026-08-02T07:04:55	LTE,Unknown	LTE	false	0	420	OFF
2026-08-02T07:05:26	LTE,Unknown	LTE	false	0	420	OFF
2026-08-02T07:05:57	LTE,Unknown	LTE	false	0	420	OFF
2026-08-02T07:06:28	LTE,Unknown	LTE	false	0	420	OFF
2026-08-02T07:06:58	LTE,Unknown	LTE	false	0	420	OFF
2026-08-02T07:07:29	LTE,Unknown	LTE	false	0	420	OFF
2026-08-02T07:08:00	LTE,Unknown	LTE	false	0	420	OFF
2026-08-02T07:08:31	LTE,Unknown	LTE	false	0	420	OFF
2026-08-02T07:09:02	LTE,Unknown	LTE	false	0	420	OFF
2026-08-02T07:09:32	LTE,Unknown	LTE	false	0	420	OFF
2026-08-02T07:10:03	LTE,Unknown	LTE	false	0	420	OFF
2026-08-02T07:10:34	LTE,Unknown	LTE	false	0	420	OFF
2026-08-02T07:11:05	LTE,Unknown	LTE	false	0	420	OFF
2026-08-02T07:11:36	LTE,Unknown	LTE	false	0	420	OFF
2026-08-02T07:12:07	LTE,Unknown	LTE	false	0	420	OFF
2026-08-02T07:12:37	LTE,Unknown	LTE	false	0	420	OFF
2026-08-02T07:13:08	LTE,Unknown	LTE	false	0	420	OFF
2026-08-02T07:13:39	LTE,Unknown	LTE	false	0	420	OFF
2026-08-02T07:14:09	LTE,Unknown	LTE	false	0	420	OFF
2026-08-02T07:14:40	LTE,Unknown	LTE	false	0	420	OFF
2026-08-02T07:15:11	LTE,Unknown	LTE	false	0	420	OFF
2026-08-02T07:15:41	LTE,Unknown	LTE	false	0	420	OFF
2026-08-02T07:16:12	LTE,Unknown	LTE	false	0	420	OFF
2026-08-02T07:16:43	LTE,Unknown	LTE	false	0	420	OFF
2026-08-02T07:17:14	LTE,Unknown	LTE	false	0	420	OFF
2026-08-02T07:17:45	LTE,Unknown	LTE	false	0	420	OFF
2026-08-02T07:18:16	LTE,Unknown	LTE	false	0	420	OFF
2026-08-02T07:18:47	LTE,Unknown	LTE	false	0	420	OFF
2026-08-02T07:19:18	LTE,Unknown	LTE	false	0	420	OFF
2026-08-02T07:19:48	LTE,Unknown	LTE	false	0	420	OFF
2026-08-02T07:20:19	LTE,Unknown	LTE	false	0	420	ON
2026-08-02T07:20:50	LTE,Unknown	LTE	false	0	420	ON
2026-08-02T07:21:21	LTE,Unknown	LTE	false	0	420	ON
2026-08-02T07:21:52	LTE,Unknown	LTE	false	0	420	ON
2026-08-02T07:22:23	LTE,Unknown	LTE	false	0	420	ON
2026-08-02T07:22:54	LTE,Unknown	LTE	false	0	420	ON
2026-08-02T07:23:25	LTE,Unknown	LTE	false	0	420	ON
2026-08-02T07:23:56	LTE,Unknown	LTE	false	0	420	ON
2026-08-02T07:24:27	LTE,Unknown	LTE	false	0	420	ON
2026-08-02T07:24:58	LTE,Unknown	LTE	false	0	420	ON
2026-08-02T07:25:29	LTE,Unknown	LTE	false	0	420	ON
2026-08-02T07:26:00	LTE,Unknown	LTE	false	0	420	ON
2026-08-02T07:26:31	LTE,Unknown	LTE	false	0	420	ON
2026-08-02T07:27:02	LTE,Unknown	LTE	false	0	420	ON
2026-08-02T07:27:33	LTE,Unknown	LTE	false	0	420	ON
2026-08-02T07:28:04	LTE,Unknown	LTE	false	0	420	ON
2026-08-02T07:28:35	LTE,Unknown	LTE	false	0	420	ON
2026-08-02T07:29:06	LTE,Unknown	LTE	false	0	420	ON
2026-08-02T07:29:37	LTE,Unknown	LTE	false	0	420	ON
2026-08-02T07:30:08	LTE,Unknown	LTE	false	0	420	ON
2026-08-02T07:30:39	LTE,Unknown	LTE	false	0	420	OFF
2026-08-02T07:31:10	LTE,Unknown	LTE	false	0	420	OFF
2026-08-02T07:31:41	LTE,Unknown	LTE	false	0	420	OFF
2026-08-02T07:32:12	LTE,Unknown	LTE	false	0	420	OFF
2026-08-02T07:32:43	LTE,Unknown	LTE	false	0	420	OFF
2026-08-02T07:33:14	LTE,Unknown	LTE	false	0	420	OFF
2026-08-02T07:33:47	LTE,Unknown	LTE	false	0	420	OFF
2026-08-02T07:34:18	LTE,Unknown	LTE	false	0	420	OFF
2026-08-02T07:34:49	LTE,Unknown	LTE	false	0	420	OFF
2026-08-02T07:35:19	LTE,Unknown	LTE	false	0	420	OFF
2026-08-02T07:35:51	LTE,Unknown	LTE	false	0	420	OFF
2026-08-02T07:36:21	LTE,Unknown	LTE	false	0	420	OFF
2026-08-02T07:36:52	LTE,Unknown	LTE	false	0	420	OFF
2026-08-02T07:37:23	LTE,Unknown	LTE	false	0	420	OFF
2026-08-02T07:37:55	LTE,Unknown	LTE	false	0	420	OFF
2026-08-02T07:38:25	LTE,Unknown	LTE	false	0	420	OFF
2026-08-02T07:38:56	LTE,Unknown	LTE	false	0	420	OFF
2026-08-02T07:39:27	LTE,Unknown	LTE	false	0	420	OFF
2026-08-02T07:39:58	LTE,Unknown	LTE	false	0	420	OFF
2026-08-02T07:40:29	LTE,Unknown	LTE	false	0	420	OFF
2026-08-02T07:41:01	LTE,Unknown	LTE	false	0	420	OFF
2026-08-02T07:41:32	LTE,Unknown	LTE	false	0	420	OFF
2026-08-02T07:42:04	LTE,Unknown	LTE	false	0	420	OFF
2026-08-02T07:42:35	LTE,Unknown	LTE	false	0	420	OFF
2026-08-02T07:43:06	LTE,Unknown	LTE	false	0	420	OFF
2026-08-02T07:43:37	LTE,Unknown	LTE	false	0	420	OFF
2026-08-02T07:44:07	LTE,Unknown	LTE	false	0	420	OFF
2026-08-02T07:44:38	LTE,Unknown	LTE	false	0	420	OFF
2026-08-02T07:45:09	LTE,Unknown	LTE	false	0	420	OFF
2026-08-02T07:45:40	LTE,Unknown	LTE	false	0	420	OFF
2026-08-02T07:46:14	LTE,Unknown	LTE	false	0	420	OFF
2026-08-02T07:46:49	LTE,Unknown	LTE	false	0	420	OFF
2026-08-02T07:47:21	LTE,Unknown	LTE	false	0	420	OFF
2026-08-02T07:47:52	LTE,Unknown	LTE	false	0	420	OFF
2026-08-02T07:48:23	LTE,Unknown	LTE	false	0	420	OFF
2026-08-02T07:48:54	LTE,Unknown	LTE	false	0	420	OFF
2026-08-02T07:49:25	LTE,Unknown	LTE	false	0	420	OFF
2026-08-02T07:49:56	LTE,Unknown	LTE	false	0	420	OFF
2026-08-02T07:50:27	LTE,Unknown	LTE	false	0	420	OFF
2026-08-02T07:50:58	LTE,Unknown	LTE	false	0	420	OFF
2026-08-02T07:51:29	LTE,Unknown	LTE	false	0	420	OFF
2026-08-02T07:52:00	LTE,Unknown	LTE	false	0	420	OFF
2026-08-02T07:52:31	LTE,Unknown	LTE	false	0	420	OFF
2026-08-02T07:53:01	LTE,Unknown	LTE	false	0	420	OFF
2026-08-02T07:53:32	LTE,Unknown	LTE	false	0	420	OFF
2026-08-02T07:54:03	LTE,Unknown	LTE	false	0	420	OFF
2026-08-02T07:54:34	LTE,Unknown	LTE	false	0	420	OFF
2026-08-02T07:55:05	LTE,Unknown	LTE	false	0	420	OFF
2026-08-02T07:55:36	LTE,Unknown	LTE	false	0	420	OFF
2026-08-02T07:56:07	LTE,Unknown	LTE	false	0	420	OFF
2026-08-02T07:56:39	LTE,Unknown	LTE	false	0	420	OFF
2026-08-02T07:57:09	LTE,Unknown	LTE	false	0	420	OFF
2026-08-02T07:57:41	LTE,Unknown	LTE	false	0	420	OFF
2026-08-02T07:58:15	LTE,Unknown	LTE	false	0	420	OFF
2026-08-02T07:58:46	LTE,Unknown	LTE	false	0	420	OFF
2026-08-02T07:59:19	LTE,Unknown	LTE	false	0	420	OFF
2026-08-02T07:59:50	LTE,Unknown	LTE	false	0	420	OFF
2026-08-02T08:00:22	LTE,Unknown	LTE	false	0	420	OFF
2026-08-02T08:00:55	LTE,Unknown	LTE	false	0	420	OFF
2026-08-02T08:01:28	LTE,Unknown	LTE	false	0	420	OFF
2026-08-02T08:01:59	LTE,Unknown	LTE	false	0	420	OFF
2026-08-02T08:02:30	LTE,Unknown	LTE	false	0	420	OFF
2026-08-02T08:03:01	LTE,Unknown	LTE	false	0	420	ON
2026-08-02T08:03:33	LTE,Unknown	LTE	false	0	420	ON
2026-08-02T08:04:04	LTE,Unknown	LTE	false	0	420	ON
2026-08-02T08:04:35	LTE,Unknown	LTE	false	0	420	ON
2026-08-02T08:05:06	LTE,Unknown	LTE	false	0	420	ON
2026-08-02T08:05:38	LTE,Unknown	LTE	false	0	420	ON
2026-08-02T08:06:10	LTE,Unknown	LTE	false	0	420	ON
2026-08-02T08:06:41	LTE,Unknown	LTE	false	0	420	ON
2026-08-02T08:07:13	LTE,Unknown	LTE	false	0	420	ON
2026-08-02T08:07:44	LTE,Unknown	LTE	false	0	420	ON
2026-08-02T08:08:15	LTE,Unknown	LTE	false	0	420	ON
2026-08-02T08:08:46	LTE,Unknown	LTE	false	0	420	ON
2026-08-02T08:09:17	LTE,Unknown	LTE	false	0	420	ON
2026-08-02T08:09:48	LTE,Unknown	LTE	false	0	420	ON
2026-08-02T08:10:19	LTE,Unknown	LTE	false	0	420	ON
2026-08-02T08:10:50	LTE,Unknown	LTE	false	0	420	ON
2026-08-02T08:11:21	LTE,Unknown	LTE	false	0	420	ON
2026-08-02T08:11:52	LTE,Unknown	LTE	false	0	420	ON
2026-08-02T08:12:23	LTE,Unknown	LTE	false	0	420	ON
2026-08-02T08:12:55	LTE,Unknown	LTE	false	0	420	ON
2026-08-02T08:13:27	LTE,Unknown	LTE	false	0	420	ON
2026-08-02T08:13:58	LTE,Unknown	LTE	false	0	420	ON
2026-08-02T08:14:30	LTE,Unknown	LTE	false	0	420	ON
2026-08-02T08:15:01	LTE,Unknown	LTE	false	0	420	ON
2026-08-02T08:15:32	LTE,Unknown	LTE	false	0	420	ON
2026-08-02T08:16:03	LTE,Unknown	LTE	false	0	420	ON
2026-08-02T08:16:33	LTE,Unknown	LTE	false	0	420	ON
2026-08-02T08:17:04	NR_SA,Unknown	NR_SA	false	0	420463	ON
2026-08-02T08:17:35	NR_SA,Unknown	NR_SA	false	0	420463	ON
2026-08-02T08:18:06	NR_SA,Unknown	NR_SA	false	0	420463	OFF
2026-08-02T08:18:37	NR_SA,Unknown	NR_SA	false	0	420463	OFF
2026-08-02T08:19:08	NR_SA,Unknown	NR_SA	false	0	420463	OFF
2026-08-02T08:19:39	NR_SA,Unknown	NR_SA	false	0	420463	OFF
2026-08-02T08:20:10	NR_SA,Unknown	NR_SA	false	0	0	OFF
2026-08-02T08:20:41	NR_SA,Unknown	NR_SA	false	0	0	OFF
2026-08-02T08:21:12	NR_SA,Unknown	NR_SA	false	0	0	OFF
2026-08-02T08:21:42	NR_SA,Unknown	NR_SA	false	0	0	OFF
2026-08-02T08:22:13	NR_SA,Unknown	NR_SA	false	0	0	OFF
2026-08-02T08:22:45	NR_SA,Unknown	NR_SA	false	0	0	OFF
2026-08-02T08:23:16	NR_SA,Unknown	NR_SA	false	0	0	OFF
2026-08-02T08:23:47	NR_SA,Unknown	NR_SA	false	0	420	OFF
2026-08-02T08:24:18	NR_SA,Unknown	NR_SA	false	0	420	OFF
2026-08-02T08:24:51	NR_SA,Unknown	NR_SA	false	0	420	OFF
2026-08-02T08:25:24	NR_SA,Unknown	NR_SA	false	0	420	OFF
2026-08-02T08:25:54	NR_SA,Unknown	NR_SA	false	0	420	OFF
2026-08-02T08:26:25	NR_SA,Unknown	NR_SA	false	0	420	OFF
2026-08-02T08:26:57	NR_SA,Unknown	NR_SA	false	0	420	OFF
2026-08-02T08:27:28	NR_SA,Unknown	NR_SA	false	0	420	OFF
2026-08-02T08:27:59	NR_SA,Unknown	NR_SA	false	0	420	OFF
2026-08-02T08:28:30	NR_SA,Unknown	NR_SA	false	0	420	OFF
2026-08-02T08:29:01	NR_SA,Unknown	NR_SA	false	0	420	OFF
2026-08-02T08:29:32	NR_SA,Unknown	NR_SA	false	0	420	OFF
2026-08-02T08:30:06	NR_SA,Unknown	NR_SA	false	0	420	OFF
2026-08-02T08:30:37	LTE,Unknown	LTE	false	0	420	ON
2026-08-02T08:31:07	LTE,Unknown	LTE	false	0	420	ON
2026-08-02T08:31:38	LTE,Unknown	LTE	false	0	420	ON
2026-08-02T08:32:09	LTE,Unknown	LTE	false	0	420	ON
2026-08-02T08:32:40	LTE,Unknown	LTE	false	0	420	ON
2026-08-02T08:33:11	LTE,Unknown	LTE	false	0	420	ON
2026-08-02T08:33:42	LTE,Unknown	LTE	false	0	420	ON
2026-08-02T08:34:13	LTE,Unknown	LTE	false	0	420	ON
2026-08-02T08:34:44	LTE,Unknown	LTE	false	0	420	ON
2026-08-02T08:35:15	LTE,Unknown	LTE	false	0	420	ON
2026-08-02T08:35:47	LTE,Unknown	LTE	false	0	420	ON
2026-08-02T08:36:18	LTE,Unknown	LTE	false	0	420	ON
2026-08-02T08:36:49	LTE,Unknown	LTE	false	0	420	ON
2026-08-02T08:37:20	LTE,Unknown	LTE	false	0	420	ON
2026-08-02T08:37:51	LTE,Unknown	LTE	false	0	420	ON
2026-08-02T08:38:22	LTE,Unknown	LTE	false	0	420	ON
2026-08-02T08:38:53	LTE,Unknown	LTE	false	0	420	ON
2026-08-02T08:39:24	LTE,Unknown	LTE	false	0	420	ON
2026-08-02T08:39:55	LTE,Unknown	LTE	false	0	420	ON
2026-08-02T08:40:26	LTE,Unknown	LTE	false	0	420	ON
2026-08-02T08:40:57	LTE,Unknown	LTE	false	0	420	ON
2026-08-02T08:41:32	LTE,Unknown	LTE	false	0	420	ON
2026-08-02T08:42:03	LTE,Unknown	LTE	false	0	420	ON
2026-08-02T08:42:34	LTE,Unknown	LTE	false	0	420	ON
2026-08-02T08:43:05	LTE,Unknown	LTE	false	0	420	ON
2026-08-02T08:43:37	LTE,Unknown	LTE	false	0	420	ON
2026-08-02T08:44:08	LTE,Unknown	LTE	false	0	420	ON
2026-08-02T08:44:38	LTE,Unknown	LTE	false	0	420	ON
2026-08-02T08:45:09	LTE,Unknown	LTE	false	0	420	ON
2026-08-02T08:45:40	LTE,Unknown	LTE	false	0	420	ON
2026-08-02T08:46:11	LTE,Unknown	LTE	false	0	420	ON
2026-08-02T08:46:42	LTE,Unknown	LTE	false	0	420	ON
2026-08-02T08:47:13	LTE,Unknown	LTE	false	0	420	ON
2026-08-02T08:47:45	LTE,Unknown	LTE	false	0	420	ON
2026-08-02T08:48:17	LTE,Unknown	LTE	false	0	420	ON
2026-08-02T08:48:47	LTE,Unknown	LTE	false	0	420	ON
2026-08-02T08:49:18	LTE,Unknown	LTE	false	0	420	ON
2026-08-02T08:49:50	LTE,Unknown	LTE	false	0	420	ON
2026-08-02T08:50:21	LTE,Unknown	LTE	false	0	420	ON
2026-08-02T08:50:52	NR_SA,Unknown	NR_SA	false	0	420	ON
2026-08-02T08:51:24	LTE,Unknown	LTE	false	0	420	ON
2026-08-02T08:51:55	LTE,Unknown	LTE	false	0	420	OFF
2026-08-02T08:52:26	LTE,Unknown	LTE	false	0	420	OFF
2026-08-02T08:52:57	LTE,Unknown	LTE	false	0	420	OFF
2026-08-02T08:53:29	LTE,Unknown	LTE	false	0	420	OFF
2026-08-02T08:54:00	LTE,Unknown	LTE	false	0	420	OFF
2026-08-02T08:54:32	LTE,Unknown	LTE	false	0	420	OFF
2026-08-02T08:55:03	LTE,Unknown	LTE	false	0	420	OFF
2026-08-02T08:55:34	LTE,Unknown	LTE	false	0	420	OFF
2026-08-02T08:56:05	LTE,Unknown	LTE	false	0	420	OFF
2026-08-02T08:56:36	LTE,Unknown	LTE	false	0	420	OFF
2026-08-02T08:57:07	LTE,Unknown	LTE	false	0	420	OFF
2026-08-02T08:57:38	LTE,Unknown	LTE	false	0	420	OFF
2026-08-02T08:58:09	LTE,Unknown	LTE	false	0	420	OFF
2026-08-02T08:58:40	LTE,Unknown	LTE	false	0	420	OFF
2026-08-02T08:59:12	LTE,Unknown	LTE	false	0	420	OFF
2026-08-02T08:59:43	LTE,Unknown	LTE	false	0	420	OFF
2026-08-02T09:00:14	LTE,Unknown	LTE	false	0	420	OFF
2026-08-02T09:00:45	LTE,Unknown	LTE	false	0	420	OFF
2026-08-02T09:01:16	LTE,Unknown	LTE	false	0	420	OFF
2026-08-02T09:01:47	LTE,Unknown	LTE	false	0	420	OFF
2026-08-02T09:02:19	LTE,Unknown	LTE	false	0	420	OFF
2026-08-02T09:02:51	LTE,Unknown	LTE	false	0	420	OFF
2026-08-02T09:03:22	LTE,Unknown	LTE	false	0	420	OFF
2026-08-02T09:03:54	LTE,Unknown	LTE	false	0	420	OFF
2026-08-02T09:04:25	LTE,Unknown	LTE	false	0	420	OFF
2026-08-02T09:04:56	LTE,Unknown	LTE	false	0	420	OFF
2026-08-02T09:05:27	LTE,Unknown	LTE	false	0	420	OFF
2026-08-02T09:05:58	LTE,Unknown	LTE	false	0	420	OFF
2026-08-02T09:06:29	LTE,Unknown	LTE	false	0	420	OFF
2026-08-02T09:06:59	LTE,Unknown	LTE	false	0	420	OFF
2026-08-02T09:07:30	LTE,Unknown	LTE	false	0	420	OFF
2026-08-02T09:08:02	LTE,Unknown	LTE	false	0	420	OFF
2026-08-02T09:08:34	LTE,Unknown	LTE	false	0	420	OFF
2026-08-02T09:09:07	LTE,Unknown	LTE	false	0	420	OFF
2026-08-02T09:09:41	LTE,Unknown	LTE	false	0	420	OFF
2026-08-02T09:10:12	LTE,Unknown	LTE	false	0	420	OFF
2026-08-02T09:10:43	LTE,Unknown	LTE	false	0	420	OFF
2026-08-02T09:11:14	LTE,Unknown	LTE	false	0	420	OFF
2026-08-02T09:11:45	LTE,Unknown	LTE	false	0	420	OFF
2026-08-02T09:12:16	LTE,Unknown	LTE	false	0	420	OFF
2026-08-02T09:12:48	LTE,Unknown	LTE	false	0	420	OFF
2026-08-02T09:13:19	LTE,Unknown	LTE	false	0	420	OFF
2026-08-02T09:13:50	LTE,Unknown	LTE	false	0	420	OFF
2026-08-02T09:14:20	LTE,Unknown	LTE	false	0	420	OFF
2026-08-02T09:14:52	LTE,Unknown	LTE	false	0	420	OFF
2026-08-02T09:15:23	LTE,Unknown	LTE	false	0	420	OFF
2026-08-02T09:15:54	LTE,Unknown	LTE	false	0	420	OFF
2026-08-02T09:16:25	LTE,Unknown	LTE	false	0	420	OFF
2026-08-02T09:16:56	LTE,Unknown	LTE	false	0	420	OFF
2026-08-02T09:17:27	LTE,Unknown	LTE	false	0	420	OFF
2026-08-02T09:17:57	LTE,Unknown	LTE	false	0	420	OFF
2026-08-02T09:18:28	LTE,Unknown	LTE	false	0	420	OFF
2026-08-02T09:18:59	LTE,Unknown	LTE	false	0	420	OFF
2026-08-02T09:19:30	LTE,Unknown	LTE	false	0	420	OFF
2026-08-02T09:20:03	LTE,Unknown	LTE	false	0	420	OFF
2026-08-02T09:20:35	LTE,Unknown	LTE	false	0	420	OFF
2026-08-02T09:21:06	LTE,Unknown	LTE	false	0	420	OFF
2026-08-02T09:21:37	LTE,Unknown	LTE	false	0	420	OFF
2026-08-02T09:22:09	LTE,Unknown	LTE	false	0	420	OFF
2026-08-02T09:22:40	LTE,Unknown	LTE	false	0	420	OFF
2026-08-02T09:23:12	LTE,Unknown	LTE	false	0	420	OFF
2026-08-02T09:23:45	LTE,Unknown	LTE	false	0	420	OFF
2026-08-02T09:24:18	LTE,Unknown	LTE	false	0	420	OFF
2026-08-02T09:24:51	LTE,Unknown	LTE	false	0	420	OFF
2026-08-02T09:25:24	LTE,Unknown	LTE	false	0	420	OFF
2026-08-02T09:25:55	LTE,Unknown	LTE	false	0	420	OFF
2026-08-02T09:26:27	LTE,Unknown	LTE	false	0	420	OFF
2026-08-02T09:26:58	LTE,Unknown	LTE	false	0	420	OFF
2026-08-02T09:27:31	LTE,Unknown	LTE	false	0	420	OFF
2026-08-02T09:28:06	LTE,Unknown	LTE	false	0	420	OFF
2026-08-02T09:28:43	LTE,Unknown	LTE	false	0	420	OFF
2026-08-02T09:29:16	LTE,Unknown	LTE	false	0	420	OFF
2026-08-02T09:29:49	LTE,Unknown	LTE	false	0	420	OFF
2026-08-02T09:30:25	LTE,Unknown	LTE	false	0	420	OFF
2026-08-02T09:31:00	LTE,Unknown	LTE	false	0	420	OFF
2026-08-02T09:31:34	LTE,Unknown	LTE	false	0	420	OFF
2026-08-02T09:32:06	LTE,Unknown	LTE	false	0	420	OFF
2026-08-02T09:32:41	LTE,Unknown	LTE	false	0	420	OFF
2026-08-02T09:33:14	LTE,Unknown	LTE	false	0	420	OFF
2026-08-02T09:33:46	LTE,Unknown	LTE	false	0	420	OFF
2026-08-02T09:34:19	LTE,Unknown	LTE	false	0	420	OFF
2026-08-02T09:34:51	LTE,Unknown	LTE	false	0	420	OFF
2026-08-02T09:35:26	LTE,Unknown	LTE	false	0	420	OFF
2026-08-02T09:36:00	LTE,Unknown	LTE	false	0	420	OFF
2026-08-02T09:36:36	LTE,Unknown	LTE	false	0	420	OFF
2026-08-02T09:37:16	LTE,Unknown	LTE	false	0	420	OFF
2026-08-02T09:37:51	LTE,Unknown	LTE	false	0	420	OFF
2026-08-02T09:38:27	LTE,Unknown	LTE	false	0	420	OFF
2026-08-02T09:39:00	LTE,Unknown	LTE	false	0	420	OFF
2026-08-02T09:39:34	LTE,Unknown	LTE	false	0	420	OFF
2026-08-02T09:40:06	LTE,Unknown	LTE	false	0	420	OFF
2026-08-02T09:40:37	LTE,Unknown	LTE	false	0	420	OFF
2026-08-02T09:41:11	LTE,Unknown	LTE	false	0	420	OFF
2026-08-02T09:41:44	LTE,Unknown	LTE	false	0	420	OFF
2026-08-02T09:42:18	LTE,Unknown	LTE	false	0	420	OFF
2026-08-02T09:42:51	LTE,Unknown	LTE	false	0	420	OFF
2026-08-02T09:43:23	LTE,Unknown	LTE	false	0	420	OFF
2026-08-02T09:43:56	LTE,Unknown	LTE	false	0	420	OFF
2026-08-02T09:44:34	LTE,Unknown	LTE	false	0	420	OFF
2026-08-02T09:45:07	LTE,Unknown	LTE	false	0	420	OFF
2026-08-02T09:45:38	LTE,Unknown	LTE	false	0	420	OFF
2026-08-02T09:46:12	LTE,Unknown	LTE	false	0	420	OFF
2026-08-02T09:46:45	LTE,Unknown	LTE	false	0	420	OFF
2026-08-02T09:47:17	LTE,Unknown	LTE	false	0	420	OFF
2026-08-02T09:47:49	LTE,Unknown	LTE	false	0	420	OFF
2026-08-02T09:48:21	LTE,Unknown	LTE	false	0	420	OFF
2026-08-02T09:48:52	LTE,Unknown	LTE	false	0	420	OFF
2026-08-02T09:49:23	LTE,Unknown	LTE	false	0	420	OFF
2026-08-02T09:49:54	LTE,Unknown	LTE	false	0	420	OFF
2026-08-02T09:50:26	LTE,Unknown	LTE	false	0	420	OFF
2026-08-02T09:51:08	LTE,Unknown	LTE	false	0	420	OFF
2026-08-02T09:51:44	LTE,Unknown	LTE	false	0	420	OFF
2026-08-02T09:52:18	LTE,Unknown	LTE	false	0	420	OFF
2026-08-02T09:52:50	LTE,Unknown	LTE	false	0	420	OFF
2026-08-02T09:53:23	LTE,Unknown	LTE	false	0	420	OFF
2026-08-02T09:53:54	LTE,Unknown	LTE	false	0	420	OFF
2026-08-02T09:54:29	LTE,Unknown	LTE	false	0	420	OFF
2026-08-02T09:55:08	LTE,Unknown	LTE	false	0	420	OFF
2026-08-02T09:55:42	LTE,Unknown	LTE	false	0	420	OFF
2026-08-02T09:56:14	LTE,Unknown	LTE	false	0	420	OFF
2026-08-02T09:56:49	LTE,Unknown	LTE	false	0	420	OFF
2026-08-02T09:57:24	LTE,Unknown	LTE	false	0	420	OFF
2026-08-02T09:57:55	LTE,Unknown	LTE	false	0	420	OFF
2026-08-02T09:58:30	LTE,Unknown	LTE	false	0	420	OFF
2026-08-02T09:59:08	LTE,Unknown	LTE	false	0	420	OFF
2026-08-02T09:59:49	LTE,Unknown	LTE	false	0	420	OFF
2026-08-02T10:00:21	LTE,Unknown	LTE	false	0	420	OFF
2026-08-02T10:00:55	LTE,Unknown	LTE	false	0	420	OFF
2026-08-02T10:01:27	LTE,Unknown	LTE	false	0	420	OFF
2026-08-02T10:02:00	LTE,Unknown	LTE	false	0	420	OFF
2026-08-02T10:02:32	LTE,Unknown	LTE	false	0	420	OFF
2026-08-02T10:03:05	LTE,Unknown	LTE	false	0	420	OFF
2026-08-02T10:03:44	LTE,Unknown	LTE	false	0	420	OFF
2026-08-02T10:04:21	LTE,Unknown	LTE	false	0	420	OFF
2026-08-02T10:04:56	LTE,Unknown	LTE	false	0	420	OFF
2026-08-02T10:05:29	LTE,Unknown	LTE	false	0	420	OFF
2026-08-02T10:06:06	LTE,Unknown	LTE	false	0	420	OFF
2026-08-02T10:06:45	LTE,Unknown	LTE	false	0	420	OFF
2026-08-02T10:07:16	LTE,Unknown	LTE	false	0	420	OFF
2026-08-02T10:07:49	LTE,Unknown	LTE	false	0	420	OFF
2026-08-02T10:08:22	LTE,Unknown	LTE	false	0	420	OFF
2026-08-02T10:08:59	LTE,Unknown	LTE	false	0	420	OFF
2026-08-02T10:09:31	LTE,Unknown	LTE	false	0	420	OFF
2026-08-02T10:10:04	LTE,Unknown	LTE	false	0	420	OFF
2026-08-02T10:10:37	LTE,Unknown	LTE	false	0	420	OFF
2026-08-02T10:11:08	LTE,Unknown	LTE	false	0	420	OFF
2026-08-02T10:11:41	LTE,Unknown	LTE	false	0	420	OFF
2026-08-02T10:12:13	LTE,Unknown	LTE	false	0	420	OFF
2026-08-02T10:12:48	LTE,Unknown	LTE	false	0	420	OFF
2026-08-02T10:13:22	LTE,Unknown	LTE	false	0	420	OFF
2026-08-02T10:13:53	LTE,Unknown	LTE	false	0	420	OFF
2026-08-02T10:14:25	LTE,Unknown	LTE	false	0	420	OFF
2026-08-02T10:14:57	LTE,Unknown	LTE	false	0	420	OFF
2026-08-02T10:15:30	LTE,Unknown	LTE	false	0	420	OFF
2026-08-02T10:16:02	LTE,Unknown	LTE	false	0	420	OFF
2026-08-02T10:16:33	LTE,Unknown	LTE	false	0	420	OFF
2026-08-02T10:17:04	LTE,Unknown	LTE	false	0	420	OFF
2026-08-02T10:17:35	LTE,Unknown	LTE	false	0	420	OFF
2026-08-02T10:18:08	LTE,Unknown	LTE	false	0	420	OFF
2026-08-02T10:18:45	LTE,Unknown	LTE	false	0	420	OFF
2026-08-02T10:19:17	LTE,Unknown	LTE	false	0	420	OFF
2026-08-02T10:19:51	LTE,Unknown	LTE	false	0	420	OFF
2026-08-02T10:20:25	LTE,Unknown	LTE	false	0	420	OFF
2026-08-02T10:20:57	LTE,Unknown	LTE	false	0	420	OFF
2026-08-02T10:21:28	LTE,Unknown	LTE	false	0	420	OFF
2026-08-02T10:22:00	LTE,Unknown	LTE	false	0	420	OFF
2026-08-02T10:22:33	LTE,Unknown	LTE	false	0	420	OFF
2026-08-02T10:23:06	LTE,Unknown	LTE	false	0	420	OFF
2026-08-02T10:23:39	LTE,Unknown	LTE	false	0	420	OFF
2026-08-02T10:24:47	LTE,Unknown	LTE	false	0	420	OFF
2026-08-02T10:25:22	LTE,Unknown	LTE	false	0	420	OFF
2026-08-02T10:25:54	LTE,Unknown	LTE	false	0	420	OFF
2026-08-02T10:26:30	LTE,Unknown	LTE	false	0	420	OFF
2026-08-02T10:27:04	LTE,Unknown	LTE	false	0	420	OFF
2026-08-02T10:27:36	LTE,Unknown	LTE	false	0	420	OFF
2026-08-02T10:28:08	LTE,Unknown	LTE	false	0	420	OFF
2026-08-02T10:28:40	LTE,Unknown	LTE	false	0	420	OFF
2026-08-02T10:29:12	LTE,Unknown	LTE	false	0	420	OFF
2026-08-02T10:29:43	LTE,Unknown	LTE	false	0	420	OFF
2026-08-02T10:30:15	LTE,Unknown	LTE	false	0	420	OFF
2026-08-02T10:30:47	LTE,Unknown	LTE	false	0	420	OFF
2026-08-02T10:31:19	LTE,Unknown	LTE	false	0	420	OFF
2026-08-02T10:31:50	LTE,Unknown	LTE	false	0	420	OFF
2026-08-02T10:32:22	LTE,Unknown	LTE	false	0	420	OFF
2026-08-02T10:32:54	LTE,Unknown	LTE	false	0	420	OFF
2026-08-02T10:33:25	LTE,Unknown	LTE	false	0	420	OFF
2026-08-02T10:33:56	LTE,Unknown	LTE	false	0	420	OFF
2026-08-02T10:34:31	LTE,Unknown	LTE	false	0	420	OFF
2026-08-02T10:35:03	LTE,Unknown	LTE	false	0	420	OFF
2026-08-02T10:35:36	LTE,Unknown	LTE	false	0	420	OFF
2026-08-02T10:36:07	LTE,Unknown	LTE	false	0	420	OFF
2026-08-02T10:36:39	LTE,Unknown	LTE	false	0	420	OFF
2026-08-02T10:37:11	LTE,Unknown	LTE	false	0	420	OFF
2026-08-02T10:37:42	LTE,Unknown	LTE	false	0	420	OFF
2026-08-02T10:38:13	LTE,Unknown	LTE	false	0	420	OFF
2026-08-02T10:38:45	LTE,Unknown	LTE	false	0	420	OFF
2026-08-02T10:39:17	LTE,Unknown	LTE	false	0	420	OFF
2026-08-02T10:39:48	LTE,Unknown	LTE	false	0	420	OFF
2026-08-02T10:40:19	LTE,Unknown	LTE	false	0	420	OFF
2026-08-02T10:40:50	LTE,Unknown	LTE	false	0	420	OFF
2026-08-02T10:41:21	LTE,Unknown	LTE	false	0	420	OFF
2026-08-02T10:41:52	LTE,Unknown	LTE	false	0	420	OFF
2026-08-02T10:42:23	LTE,Unknown	LTE	false	0	420	OFF
2026-08-02T10:42:55	LTE,Unknown	LTE	false	0	420	OFF
2026-08-02T10:43:28	LTE,Unknown	LTE	false	0	420	OFF
2026-08-02T10:43:59	LTE,Unknown	LTE	false	0	420	OFF
2026-08-02T10:44:30	LTE,Unknown	LTE	false	0	420	OFF
2026-08-02T10:45:01	LTE,Unknown	LTE	false	0	420	OFF
2026-08-02T10:45:33	LTE,Unknown	LTE	false	0	420	OFF
2026-08-02T10:46:04	LTE,Unknown	LTE	false	0	420	OFF
2026-08-02T10:46:36	LTE,Unknown	LTE	false	0	420	OFF
2026-08-02T10:47:13	LTE,Unknown	LTE	false	0	420	OFF
2026-08-02T10:47:47	LTE,Unknown	LTE	false	0	420	OFF
2026-08-02T10:48:20	LTE,Unknown	LTE	false	0	420	OFF
2026-08-02T10:48:52	LTE,Unknown	LTE	false	0	420	OFF
2026-08-02T10:49:26	LTE,Unknown	LTE	false	0	420	OFF
2026-08-02T10:50:12	LTE,Unknown	LTE	false	0	420	OFF
2026-08-02T10:50:54	LTE,Unknown	LTE	false	0	420	OFF
2026-08-02T10:51:31	LTE,Unknown	LTE	false	0	420	OFF
2026-08-02T10:52:06	LTE,Unknown	LTE	false	0	420	OFF
2026-08-02T10:52:41	LTE,Unknown	LTE	false	0	420	OFF
2026-08-02T10:53:14	LTE,Unknown	LTE	false	0	420	OFF
2026-08-02T10:53:53	LTE,Unknown	LTE	false	0	420	OFF
2026-08-02T10:54:27	LTE,Unknown	LTE	false	0	420	OFF
2026-08-02T10:55:05	LTE,Unknown	LTE	false	0	420	OFF
2026-08-02T10:55:48	LTE,Unknown	LTE	false	0	420	OFF
2026-08-02T10:56:26	LTE,Unknown	LTE	false	0	420	OFF
2026-08-02T10:57:00	LTE,Unknown	LTE	false	0	420	OFF
2026-08-02T10:57:37	LTE,Unknown	LTE	false	0	420	OFF
2026-08-02T10:58:14	LTE,Unknown	LTE	false	0	420	OFF
2026-08-02T10:58:59	LTE,Unknown	LTE	false	0	420	OFF
2026-08-02T10:59:33	LTE,Unknown	LTE	false	0	420	OFF
2026-08-02T11:00:07	LTE,Unknown	LTE	false	0	420	OFF
2026-08-02T11:00:38	LTE,Unknown	LTE	false	0	420	OFF
2026-08-02T11:01:10	LTE,Unknown	LTE	false	0	420	OFF
2026-08-02T11:01:41	LTE,Unknown	LTE	false	0	420	OFF
2026-08-02T11:02:12	LTE,Unknown	LTE	false	0	420	OFF
2026-08-02T11:02:44	LTE,Unknown	LTE	false	0	420	OFF
2026-08-02T11:03:17	LTE,Unknown	LTE	false	0	420	OFF
2026-08-02T11:03:49	LTE,Unknown	LTE	false	0	420	OFF
2026-08-02T11:04:20	LTE,Unknown	LTE	false	0	420	OFF
2026-08-02T11:04:53	LTE,Unknown	LTE	false	0	420	OFF
2026-08-02T11:05:25	LTE,Unknown	LTE	false	0	420	OFF
2026-08-02T11:06:08	LTE,Unknown	LTE	false	0	420	OFF
2026-08-02T11:06:52	LTE,Unknown	LTE	false	0	420	OFF
2026-08-02T11:07:27	LTE,Unknown	LTE	false	0	420	OFF
2026-08-02T11:08:00	LTE,Unknown	LTE	false	0	420	OFF
2026-08-02T11:08:51	LTE,Unknown	LTE	false	0	420	OFF
2026-08-02T11:09:24	LTE,Unknown	LTE	false	0	420	OFF
2026-08-02T11:09:56	LTE,Unknown	LTE	false	0	420	OFF
2026-08-02T11:10:29	LTE,Unknown	LTE	false	0	420	OFF
2026-08-02T11:11:07	LTE,Unknown	LTE	false	0	420	OFF
2026-08-02T11:11:41	LTE,Unknown	LTE	false	0	420	OFF
2026-08-02T11:12:14	LTE,Unknown	LTE	false	0	420	OFF
2026-08-02T11:12:50	LTE,Unknown	LTE	false	0	420	OFF
2026-08-02T11:13:22	LTE,Unknown	LTE	false	0	420	OFF
2026-08-02T11:13:54	LTE,Unknown	LTE	false	0	420	OFF
2026-08-02T11:14:26	LTE,Unknown	LTE	false	0	420	OFF
2026-08-02T11:14:58	LTE,Unknown	LTE	false	0	420	OFF
2026-08-02T11:15:31	LTE,Unknown	LTE	false	0	420	OFF
2026-08-02T11:16:03	LTE,Unknown	LTE	false	0	420	OFF
2026-08-02T11:16:34	LTE,Unknown	LTE	false	0	420	OFF
2026-08-02T11:17:06	LTE,Unknown	LTE	false	0	420	OFF
2026-08-02T11:17:37	LTE,Unknown	LTE	false	0	420	OFF
2026-08-02T11:18:11	LTE,Unknown	LTE	false	0	420	OFF
2026-08-02T11:18:44	LTE,Unknown	LTE	false	0	420	OFF
2026-08-02T11:19:17	LTE,Unknown	LTE	false	0	420	OFF
2026-08-02T11:19:49	LTE,Unknown	LTE	false	0	420	OFF
2026-08-02T11:20:22	LTE,Unknown	LTE	false	0	420	OFF
2026-08-02T11:20:57	LTE,Unknown	LTE	false	0	420	OFF
2026-08-02T11:21:29	LTE,Unknown	LTE	false	0	420	OFF
2026-08-02T11:22:03	LTE,Unknown	LTE	false	0	420	OFF
2026-08-02T11:22:37	LTE,Unknown	LTE	false	0	420	OFF
2026-08-02T11:23:10	LTE,Unknown	LTE	false	0	420	OFF
2026-08-02T11:23:42	LTE,Unknown	LTE	false	0	420	OFF
2026-08-02T11:24:13	LTE,Unknown	LTE	false	0	420	OFF
2026-08-02T11:24:45	LTE,Unknown	LTE	false	0	420	OFF
2026-08-02T11:25:16	LTE,Unknown	LTE	false	0	420	OFF
2026-08-02T11:25:48	LTE,Unknown	LTE	false	0	420	OFF
2026-08-02T11:26:24	LTE,Unknown	LTE	false	0	420	OFF
2026-08-02T11:26:56	LTE,Unknown	LTE	false	0	420	OFF
2026-08-02T11:27:27	LTE,Unknown	LTE	false	0	420	OFF
2026-08-02T11:27:58	LTE,Unknown	LTE	false	0	420	OFF
2026-08-02T11:28:29	LTE,Unknown	LTE	false	0	420	OFF
2026-08-02T11:29:01	LTE,Unknown	LTE	false	0	420	OFF
2026-08-02T11:29:31	LTE,Unknown	LTE	false	0	420	OFF
2026-08-02T11:30:03	LTE,Unknown	LTE	false	0	420	OFF
2026-08-02T11:30:33	LTE,Unknown	LTE	false	0	420	OFF
2026-08-02T11:31:04	LTE,Unknown	LTE	false	0	420	OFF
2026-08-02T11:31:35	LTE,Unknown	LTE	false	0	420	OFF
2026-08-02T11:32:07	LTE,Unknown	LTE	false	0	420	OFF
2026-08-02T11:32:40	LTE,Unknown	LTE	false	0	420	OFF
2026-08-02T11:33:11	LTE,Unknown	LTE	false	0	420	OFF
2026-08-02T11:33:42	LTE,Unknown	LTE	false	0	420	OFF
2026-08-02T12:36:06	LTE,Unknown	LTE	false	0	420	OFF
2026-08-02T12:36:37	LTE,Unknown	LTE	false	0	420	OFF
2026-08-02T12:37:08	LTE,Unknown	LTE	false	0	420	OFF
2026-08-02T12:37:39	LTE,Unknown	LTE	false	0	420	OFF
2026-08-02T12:38:10	LTE,Unknown	LTE	false	0	420	OFF
2026-08-02T12:38:40	LTE,Unknown	LTE	false	0	420	OFF
2026-08-02T12:39:11	LTE,Unknown	LTE	false	0	420	OFF
2026-08-02T12:39:42	LTE,Unknown	LTE	false	0	420	OFF
2026-08-02T12:40:12	LTE,Unknown	LTE	false	0	420	OFF
2026-08-02T12:40:43	LTE,Unknown	LTE	false	0	420	OFF
2026-08-02T12:41:14	LTE,Unknown	LTE	false	0	420	OFF
2026-08-02T12:41:45	LTE,Unknown	LTE	false	0	420	OFF
2026-08-02T12:42:16	LTE,Unknown	LTE	false	0	420	OFF
2026-08-02T12:42:46	LTE,Unknown	LTE	false	0	420	OFF
2026-08-02T12:43:17	LTE,Unknown	LTE	false	0	420	OFF
2026-08-02T12:43:48	LTE,Unknown	LTE	false	0	420	OFF
2026-08-02T12:44:20	LTE,Unknown	LTE	false	0	420	OFF
2026-08-02T12:44:54	LTE,Unknown	LTE	false	0	420	OFF
2026-08-02T12:45:24	LTE,Unknown	LTE	false	0	420	OFF
2026-08-02T12:45:55	LTE,Unknown	LTE	false	0	420	OFF
2026-08-02T12:46:27	LTE,Unknown	LTE	false	0	420	OFF
2026-08-02T12:46:58	LTE,Unknown	LTE	false	0	420	OFF
2026-08-02T12:47:29	LTE,Unknown	LTE	false	0	420	OFF
2026-08-02T12:47:59	LTE,Unknown	LTE	false	0	420	OFF
2026-08-02T12:48:30	LTE,Unknown	LTE	false	0	420	OFF
2026-08-02T12:49:00	LTE,Unknown	LTE	false	0	420	OFF
2026-08-02T12:49:31	LTE,Unknown	LTE	false	0	420	OFF
2026-08-02T12:50:01	LTE,Unknown	LTE	false	0	420	OFF
2026-08-02T12:50:32	LTE,Unknown	LTE	false	0	420	OFF
2026-08-02T12:51:02	LTE,Unknown	LTE	false	0	420	OFF
2026-08-02T12:51:33	LTE,Unknown	LTE	false	0	420	OFF
2026-08-02T12:52:03	LTE,Unknown	LTE	false	0	420	OFF
2026-08-02T12:52:34	LTE,Unknown	LTE	false	0	420	OFF
2026-08-02T12:53:04	LTE,Unknown	LTE	false	0	420	OFF
2026-08-02T12:53:35	LTE,Unknown	LTE	false	0	420	OFF
2026-08-02T12:54:05	LTE,Unknown	LTE	false	0	420	OFF
2026-08-02T12:54:36	LTE,Unknown	LTE	false	0	420	OFF
2026-08-02T12:55:06	LTE,Unknown	LTE	false	0	420	OFF
2026-08-02T12:55:37	LTE,Unknown	LTE	false	0	420	OFF
2026-08-02T12:56:07	LTE,Unknown	LTE	false	0	420	OFF
2026-08-02T12:56:38	LTE,Unknown	LTE	false	0	420	OFF
2026-08-02T12:57:08	LTE,Unknown	LTE	false	0	420	OFF
2026-08-02T12:57:39	LTE,Unknown	LTE	false	0	420	OFF
2026-08-02T12:58:09	LTE,Unknown	LTE	false	0	420	OFF
2026-08-02T12:58:40	LTE,Unknown	LTE	false	0	420	OFF
2026-08-02T12:59:13	LTE,Unknown	LTE	false	0	420	OFF
2026-08-02T12:59:45	LTE,Unknown	LTE	false	0	420	OFF
2026-08-02T13:00:17	LTE,Unknown	LTE	false	0	420	OFF
2026-08-02T13:00:47	LTE,Unknown	LTE	false	0	420	OFF
2026-08-02T13:01:18	LTE,Unknown	LTE	false	0	420	OFF
2026-08-02T13:01:49	LTE,Unknown	LTE	false	0	420	OFF
2026-08-02T13:02:19	LTE,Unknown	LTE	false	0	420	OFF
2026-08-02T13:02:50	LTE,Unknown	LTE	false	0	420	OFF
2026-08-02T13:03:20	LTE,Unknown	LTE	false	0	420	OFF
2026-08-02T13:03:51	LTE,Unknown	LTE	false	0	420	OFF
2026-08-02T13:04:21	LTE,Unknown	LTE	false	0	420	OFF
2026-08-02T13:04:51	LTE,Unknown	LTE	false	0	420	OFF
2026-08-02T13:05:22	LTE,Unknown	LTE	false	0	420	OFF
2026-08-02T13:05:52	LTE,Unknown	LTE	false	0	420	OFF
2026-08-02T13:06:23	LTE,Unknown	LTE	false	0	420	OFF
2026-08-02T13:06:55	LTE,Unknown	LTE	false	0	420	OFF
2026-08-02T13:07:26	LTE,Unknown	LTE	false	0	420	OFF
2026-08-02T13:07:58	LTE,Unknown	LTE	false	0	420	OFF
2026-08-02T13:08:29	LTE,Unknown	LTE	false	0	420	OFF
2026-08-02T13:09:01	LTE,Unknown	LTE	false	0	420	OFF
2026-08-02T13:09:32	LTE,Unknown	LTE	false	0	420	OFF
2026-08-02T13:10:02	LTE,Unknown	LTE	false	0	420	OFF
2026-08-02T13:10:33	LTE,Unknown	LTE	false	0	420	OFF
2026-08-02T13:11:04	LTE,Unknown	LTE	false	0	420	OFF
2026-08-02T13:11:34	LTE,Unknown	LTE	false	0	420	OFF
2026-08-02T13:12:05	LTE,Unknown	LTE	false	0	420	OFF
2026-08-02T13:12:36	LTE,Unknown	LTE	false	0	420	OFF
2026-08-02T13:13:09	LTE,Unknown	LTE	false	0	420	OFF
2026-08-02T13:13:46	LTE,Unknown	LTE	false	0	420	OFF
2026-08-02T13:14:17	LTE,Unknown	LTE	false	0	420	OFF
2026-08-02T13:14:49	LTE,Unknown	LTE	false	0	420	OFF
2026-08-02T13:15:19	LTE,Unknown	LTE	false	0	420	OFF
2026-08-02T13:15:50	LTE,Unknown	LTE	false	0	420	OFF
2026-08-02T13:16:21	LTE,Unknown	LTE	false	0	420	OFF
2026-08-02T13:16:53	LTE,Unknown	LTE	false	0	420	OFF
2026-08-02T13:17:24	LTE,Unknown	LTE	false	0	420	OFF
2026-08-02T13:17:56	LTE,Unknown	LTE	false	0	420	OFF
2026-08-02T13:18:27	LTE,Unknown	LTE	false	0	420	OFF
2026-08-02T13:19:02	LTE,Unknown	LTE	false	0	420	OFF
2026-08-02T13:19:38	LTE,Unknown	LTE	false	0	420	OFF
2026-08-02T13:20:09	LTE,Unknown	LTE	false	0	420	OFF
2026-08-02T13:20:41	LTE,Unknown	LTE	false	0	420	OFF
2026-08-02T13:21:12	LTE,Unknown	LTE	false	0	420	OFF
2026-08-02T13:21:44	LTE,Unknown	LTE	false	0	420	OFF
2026-08-02T13:22:15	LTE,Unknown	LTE	false	0	420	OFF
2026-08-02T13:22:46	LTE,Unknown	LTE	false	0	420	OFF
2026-08-02T13:23:17	LTE,Unknown	LTE	false	0	420	OFF
2026-08-02T13:23:50	LTE,Unknown	LTE	false	0	420	OFF
2026-08-02T13:24:21	LTE,Unknown	LTE	false	0	420	OFF
2026-08-02T13:24:52	LTE,Unknown	LTE	false	0	420	OFF
2026-08-02T13:25:23	LTE,Unknown	LTE	false	0	420	OFF
2026-08-02T13:25:54	LTE,Unknown	LTE	false	0	420	OFF
2026-08-02T13:26:25	LTE,Unknown	LTE	false	0	420	OFF
2026-08-02T13:26:57	LTE,Unknown	LTE	false	0	420	OFF
2026-08-02T13:27:28	LTE,Unknown	LTE	false	0	420	OFF
2026-08-02T13:27:59	LTE,Unknown	LTE	false	0	420	OFF
2026-08-02T13:28:30	LTE,Unknown	LTE	false	0	420	OFF
2026-08-02T13:29:00	LTE,Unknown	LTE	false	0	420	OFF
2026-08-02T13:29:31	LTE,Unknown	LTE	false	0	420	OFF
2026-08-02T13:30:03	LTE,Unknown	LTE	false	0	420	OFF
2026-08-02T13:30:33	LTE,Unknown	LTE	false	0	420	OFF
2026-08-02T13:31:04	LTE,Unknown	LTE	false	0	420	OFF
2026-08-02T13:31:35	LTE,Unknown	LTE	false	0	420	OFF
2026-08-02T13:32:05	LTE,Unknown	LTE	false	0	420	OFF
2026-08-02T13:32:36	LTE,Unknown	LTE	false	0	420	OFF
2026-08-02T13:33:06	LTE,Unknown	LTE	false	0	420	OFF
2026-08-02T13:33:37	LTE,Unknown	LTE	false	0	420	OFF
2026-08-02T13:34:07	LTE,Unknown	LTE	false	0	420	OFF
2026-08-02T13:34:38	LTE,Unknown	LTE	false	0	420	OFF
2026-08-02T13:35:09	LTE,Unknown	LTE	false	0	420	OFF
2026-08-02T13:35:39	LTE,Unknown	LTE	false	0	420	OFF
2026-08-02T13:36:10	LTE,Unknown	LTE	false	0	420	OFF
2026-08-02T13:36:41	LTE,Unknown	LTE	false	0	420	OFF
2026-08-02T13:37:11	LTE,Unknown	LTE	false	0	420	OFF
2026-08-02T13:37:43	LTE,Unknown	LTE	false	0	420	OFF
2026-08-02T13:38:14	LTE,Unknown	LTE	false	0	420	OFF
2026-08-02T13:38:46	LTE,Unknown	LTE	false	0	420	OFF
2026-08-02T13:39:17	LTE,Unknown	LTE	false	0	420	OFF
2026-08-02T13:39:48	LTE,Unknown	LTE	false	0	420	OFF
2026-08-02T13:40:19	LTE,Unknown	LTE	false	0	420	OFF
2026-08-02T13:40:51	LTE,Unknown	LTE	false	0	420	OFF
2026-08-02T13:41:21	LTE,Unknown	LTE	false	0	420	OFF
2026-08-02T13:41:52	LTE,Unknown	LTE	false	0	420	OFF
2026-08-02T13:42:24	LTE,Unknown	LTE	false	0	420	OFF
2026-08-02T13:42:55	LTE,Unknown	LTE	false	0	420	OFF
2026-08-02T13:43:27	LTE,Unknown	LTE	false	0	420	OFF
2026-08-02T13:43:58	LTE,Unknown	LTE	false	0	420	OFF
2026-08-02T13:44:30	LTE,Unknown	LTE	false	0	420	OFF
2026-08-02T13:45:02	LTE,Unknown	LTE	false	0	420	OFF
2026-08-02T13:45:32	LTE,Unknown	LTE	false	0	420	OFF
2026-08-02T13:46:03	LTE,Unknown	LTE	false	0	420	OFF
2026-08-02T13:46:34	LTE,Unknown	LTE	false	0	420	OFF
2026-08-02T13:47:05	LTE,Unknown	LTE	false	0	420	OFF
2026-08-02T13:47:36	LTE,Unknown	LTE	false	0	420	OFF
2026-08-02T13:48:08	LTE,Unknown	LTE	false	0	420	OFF
2026-08-02T13:48:39	LTE,Unknown	LTE	false	0	420	OFF
2026-08-02T13:49:11	LTE,Unknown	LTE	false	0	420	OFF
2026-08-02T13:49:43	LTE,Unknown	LTE	false	0	420	OFF
2026-08-02T13:50:14	LTE,Unknown	LTE	false	0	420	OFF
2026-08-02T13:50:45	LTE,Unknown	LTE	false	0	420	OFF
2026-08-02T13:51:17	LTE,Unknown	LTE	false	0	420	OFF
2026-08-02T13:51:48	LTE,Unknown	LTE	false	0	420	OFF
2026-08-02T13:52:21	LTE,Unknown	LTE	false	0	420	OFF
2026-08-02T13:52:54	LTE,Unknown	LTE	false	0	420	OFF
2026-08-02T13:53:26	LTE,Unknown	LTE	false	0	420	OFF
2026-08-02T13:53:56	LTE,Unknown	LTE	false	0	420	OFF
2026-08-02T13:54:28	LTE,Unknown	LTE	false	0	420	OFF
2026-08-02T13:54:59	LTE,Unknown	LTE	false	0	420	OFF
2026-08-02T13:55:31	LTE,Unknown	LTE	false	0	420	OFF
2026-08-02T13:56:02	LTE,Unknown	LTE	false	0	420	OFF
2026-08-02T13:56:33	LTE,Unknown	LTE	false	0	420	OFF
2026-08-02T13:57:04	LTE,Unknown	LTE	false	0	420	OFF
2026-08-02T13:57:34	LTE,Unknown	LTE	false	0	420	OFF
2026-08-02T13:58:05	LTE,Unknown	LTE	false	0	420	OFF
2026-08-02T13:58:36	LTE,Unknown	LTE	false	0	420	OFF
2026-08-02T13:59:08		?	false	0	?	OFF
2026-08-02T14:15:49		?	false	0	?	OFF
2026-08-02T14:16:20		?	false	0	?	OFF
2026-08-02T14:16:52		?	false	0	?	OFF
2026-08-02T14:17:23		?	false	0	?	OFF
2026-08-02T14:17:54		?	false	0	?	OFF
2026-08-02T14:18:26		?	false	0	?	OFF
2026-08-02T14:18:58		?	false	0	?	OFF
2026-08-02T14:19:29		?	false	0	?	OFF
2026-08-02T14:20:00		?	false	0	?	OFF
2026-08-02T14:20:31		?	false	0	?	OFF
2026-08-02T14:21:02		?	false	0	?	OFF
2026-08-02T14:21:33		?	false	0	?	OFF
2026-08-02T14:22:05		?	false	0	?	OFF
2026-08-02T14:22:37		?	false	0	?	OFF
2026-08-02T14:23:08		?	false	0	?	OFF
2026-08-02T14:23:41		?	false	0	?	OFF
2026-08-02T14:24:15		?	false	0	?	OFF
2026-08-02T14:24:48		?	false	0	?	OFF
2026-08-02T14:25:24		?	false	0	?	OFF
2026-08-02T14:26:00		?	false	0	?	OFF
2026-08-02T14:26:34	LTE,Unknown	LTE	false	0	420	OFF
2026-08-02T14:27:06	LTE,Unknown	LTE	false	0	420	OFF
2026-08-02T14:27:41	LTE,Unknown	LTE	false	0	420	OFF
2026-08-02T14:28:16	LTE,Unknown	LTE	false	0	420	OFF
2026-08-02T14:28:50	LTE,Unknown	LTE	false	0	420	OFF
2026-08-02T14:29:22	LTE,Unknown	LTE	false	0	420	OFF
2026-08-02T14:29:55	LTE,Unknown	LTE	false	0	420	OFF
2026-08-02T14:30:32	LTE,Unknown	LTE	false	0	420	OFF
2026-08-02T14:31:04	LTE,Unknown	LTE	false	0	420	OFF
2026-08-02T14:31:38	LTE,Unknown	LTE	false	0	420	OFF
2026-08-02T14:32:13	LTE,Unknown	LTE	false	0	420	OFF
2026-08-02T14:32:49	LTE,Unknown	LTE	false	0	420	OFF
2026-08-02T14:33:22	LTE,Unknown	LTE	false	0	420	OFF
2026-08-02T14:34:04	LTE,Unknown	LTE	false	0	420	OFF
2026-08-02T14:34:38	LTE,Unknown	LTE	false	0	420	OFF
2026-08-02T14:35:10	LTE,Unknown	LTE	false	0	420	OFF
2026-08-02T14:35:42	LTE,Unknown	LTE	false	0	420	OFF
2026-08-02T14:36:14	LTE,Unknown	LTE	false	0	420	OFF
2026-08-02T14:36:46	LTE,Unknown	LTE	false	0	420	OFF
2026-08-02T14:37:17	LTE,Unknown	LTE	false	0	420	OFF
2026-08-02T14:37:49	LTE,Unknown	LTE	false	0	420	OFF
2026-08-02T14:38:25	LTE,Unknown	LTE	false	0	420	OFF
2026-08-02T14:38:57	LTE,Unknown	LTE	false	0	420	OFF
2026-08-02T14:39:36	LTE,Unknown	LTE	false	0	420	OFF
2026-08-02T14:40:08	LTE,Unknown	LTE	false	0	420	OFF
2026-08-02T14:40:42	LTE,Unknown	LTE	false	0	420	OFF
2026-08-02T14:41:14	LTE,Unknown	LTE	false	0	420	OFF
2026-08-02T14:41:47	LTE,Unknown	LTE	false	0	420	OFF
2026-08-02T14:42:18	LTE,Unknown	LTE	false	0	420	OFF
2026-08-02T14:42:52	LTE,Unknown	LTE	false	0	420	OFF
2026-08-02T14:43:25	LTE,Unknown	LTE	false	0	420	OFF
2026-08-02T14:43:59	LTE,Unknown	LTE	false	0	420	OFF
2026-08-02T14:44:31	LTE,Unknown	LTE	false	0	420	OFF
2026-08-02T14:45:03	LTE,Unknown	LTE	false	0	420	OFF
2026-08-02T14:45:38	LTE,Unknown	LTE	false	0	420	OFF
2026-08-02T14:46:11	LTE,Unknown	LTE	false	0	420	OFF
2026-08-02T14:46:45	LTE,Unknown	LTE	false	0	420	OFF
2026-08-02T14:47:18	LTE,Unknown	LTE	false	0	420	OFF
2026-08-02T14:47:50	LTE,Unknown	LTE	false	0	420	OFF
2026-08-02T14:48:24	LTE,Unknown	LTE	false	0	420	OFF
2026-08-02T14:48:56	LTE,Unknown	LTE	false	0	420	OFF
2026-08-02T14:49:28	LTE,Unknown	LTE	false	0	420	OFF
2026-08-02T14:49:59	LTE,Unknown	LTE	false	0	420	OFF
2026-08-02T14:50:31	LTE,Unknown	LTE	false	0	420	OFF
2026-08-02T14:51:02	LTE,Unknown	LTE	false	0	420	OFF
2026-08-02T14:51:35	LTE,Unknown	LTE	false	0	420	OFF
2026-08-02T14:52:06	LTE,Unknown	LTE	false	0	420	OFF
2026-08-02T14:52:38	LTE,Unknown	LTE	false	0	420	OFF
2026-08-02T14:53:10	LTE,Unknown	LTE	false	0	420	OFF
2026-08-02T14:53:42	LTE,Unknown	LTE	false	0	420	OFF
2026-08-02T14:54:12	LTE,Unknown	LTE	false	0	420	OFF
2026-08-02T14:54:46	LTE,Unknown	LTE	false	0	420	OFF
2026-08-02T14:55:18	LTE,Unknown	LTE	false	0	420	OFF
2026-08-02T14:55:52	LTE,Unknown	LTE	false	0	420	OFF
2026-08-02T14:56:24	LTE,Unknown	LTE	false	0	420	OFF
2026-08-02T14:56:57	LTE,Unknown	LTE	false	0	420	OFF
2026-08-02T14:57:29	LTE,Unknown	LTE	false	0	420	OFF
2026-08-02T14:58:04	LTE,Unknown	LTE	false	0	420	OFF
2026-08-02T14:58:36	LTE,Unknown	LTE	false	0	420	OFF
2026-08-02T14:59:08	LTE,Unknown	LTE	false	0	420	OFF
2026-08-02T14:59:43	LTE,Unknown	LTE	false	0	420	OFF
2026-08-02T15:00:15	LTE,Unknown	LTE	false	0	420	OFF
2026-08-02T15:00:46	LTE,Unknown	LTE	false	0	420	OFF
2026-08-02T15:01:17	LTE,Unknown	LTE	false	0	420	OFF
2026-08-02T15:01:50	LTE,Unknown	LTE	false	0	420	OFF
2026-08-02T15:02:23	LTE,Unknown	LTE	false	0	420	OFF
2026-08-02T15:02:58	LTE,Unknown	LTE	false	0	420	OFF
2026-08-02T15:03:30	LTE,Unknown	LTE	false	0	420	OFF
2026-08-02T15:04:02	LTE,Unknown	LTE	false	0	420	OFF
2026-08-02T15:04:33	LTE,Unknown	LTE	false	0	420	OFF
2026-08-02T15:05:04	LTE,Unknown	LTE	false	0	420	OFF
2026-08-02T15:05:36	LTE,Unknown	LTE	false	0	420	OFF
2026-08-02T15:06:08	LTE,Unknown	LTE	false	0	420	OFF
2026-08-02T15:06:40	LTE,Unknown	LTE	false	0	420	OFF
2026-08-02T15:07:12	LTE,Unknown	LTE	false	0	420	OFF
2026-08-02T15:07:45	LTE,Unknown	LTE	false	0	420	OFF
2026-08-02T15:08:17	LTE,Unknown	LTE	false	0	420	OFF
2026-08-02T15:08:48	LTE,Unknown	LTE	false	0	420	OFF
2026-08-02T15:09:20	LTE,Unknown	LTE	false	0	420	OFF
2026-08-02T15:09:51	LTE,Unknown	LTE	false	0	420	OFF
2026-08-02T15:10:23	LTE,Unknown	LTE	false	0	420	OFF
2026-08-02T15:10:55	LTE,Unknown	LTE	false	0	420	OFF
2026-08-02T15:11:27	LTE,Unknown	LTE	false	0	420	OFF
2026-08-02T15:11:58	LTE,Unknown	LTE	false	0	420	OFF
2026-08-02T15:12:31	LTE,Unknown	LTE	false	0	420	OFF
2026-08-02T15:13:06	LTE,Unknown	LTE	false	0	420	OFF
2026-08-02T15:13:39	LTE,Unknown	LTE	false	0	420	OFF
2026-08-02T15:14:12	LTE,Unknown	LTE	false	0	420	OFF
2026-08-02T15:14:48	LTE,Unknown	LTE	false	0	420	OFF
2026-08-02T15:15:22	LTE,Unknown	LTE	false	0	420	OFF
2026-08-02T15:15:55	LTE,Unknown	LTE	false	0	420	OFF
2026-08-02T15:16:26	LTE,Unknown	LTE	false	0	420	OFF
2026-08-02T15:16:59	LTE,Unknown	LTE	false	0	420	OFF
2026-08-02T15:17:31	LTE,Unknown	LTE	false	0	420	OFF
2026-08-02T15:18:03	LTE,Unknown	LTE	false	0	420	OFF
2026-08-02T15:18:35	LTE,Unknown	LTE	false	0	420	OFF
2026-08-02T15:19:08	LTE,Unknown	LTE	false	0	420	OFF
2026-08-02T15:19:39	LTE,Unknown	LTE	false	0	420	OFF
2026-08-02T15:20:11	LTE,Unknown	LTE	false	0	420	OFF
2026-08-02T15:20:42	LTE,Unknown	LTE	false	0	420	OFF
2026-08-02T15:21:14	LTE,Unknown	LTE	false	0	420	OFF
2026-08-02T15:21:47	LTE,Unknown	LTE	false	0	420	OFF
2026-08-02T15:22:20	LTE,Unknown	LTE	false	0	420	OFF
2026-08-02T15:22:52	LTE,Unknown	LTE	false	0	420	OFF
2026-08-02T15:23:24	LTE,Unknown	LTE	false	0	420	OFF
2026-08-02T15:23:57	LTE,Unknown	LTE	false	0	420	OFF
2026-08-02T15:24:32	LTE,Unknown	LTE	false	0	420	OFF
2026-08-02T15:25:07	LTE,Unknown	LTE	false	0	420	OFF
2026-08-02T15:25:40	LTE,Unknown	LTE	false	0	420	OFF
2026-08-02T15:26:11	LTE,Unknown	LTE	false	0	420	OFF
2026-08-02T15:26:42	LTE,Unknown	LTE	false	0	420	OFF
2026-08-02T15:27:13	LTE,Unknown	LTE	false	0	420	OFF
2026-08-02T15:27:45	LTE,Unknown	LTE	false	0	420	OFF
2026-08-02T15:28:19	LTE,Unknown	LTE	false	0	420	OFF
2026-08-02T15:28:52	LTE,Unknown	LTE	false	0	420	OFF
2026-08-02T15:29:25	LTE,Unknown	LTE	false	0	420	OFF
2026-08-02T15:29:58	LTE,Unknown	LTE	false	0	420	OFF
2026-08-02T15:30:32	LTE,Unknown	LTE	false	0	420	OFF
2026-08-02T15:31:03	LTE,Unknown	LTE	false	0	420	OFF
2026-08-02T15:31:35	LTE,Unknown	LTE	false	0	420	OFF
2026-08-02T15:32:06	LTE,Unknown	LTE	false	0	420	OFF
2026-08-02T15:32:38	LTE,Unknown	LTE	false	0	420	OFF
2026-08-02T15:33:10	LTE,Unknown	LTE	false	0	420	OFF
2026-08-02T15:33:41	LTE,Unknown	LTE	false	0	420	OFF
2026-08-02T15:34:12	LTE,Unknown	LTE	false	0	420	OFF
2026-08-02T15:34:43	LTE,Unknown	LTE	false	0	420	OFF
2026-08-02T15:35:15	LTE,Unknown	LTE	false	0	420	OFF
2026-08-02T15:35:48	LTE,Unknown	LTE	false	0	420	OFF
2026-08-02T15:36:19	LTE,Unknown	LTE	false	0	420	OFF
2026-08-02T15:36:51	LTE,Unknown	LTE	false	0	420	OFF
2026-08-02T15:37:21	LTE,Unknown	LTE	false	0	420	OFF
2026-08-02T15:37:52	LTE,Unknown	LTE	false	0	420	OFF
2026-08-02T15:38:24	LTE,Unknown	LTE	false	0	420	OFF
2026-08-02T15:38:54	LTE,Unknown	LTE	false	0	420	OFF
2026-08-02T15:39:26	LTE,Unknown	LTE	false	0	420	OFF
2026-08-02T15:39:57	LTE,Unknown	LTE	false	0	420	OFF
2026-08-02T15:40:29	LTE,Unknown	LTE	false	0	420	OFF
2026-08-02T15:41:00	LTE,Unknown	LTE	false	0	420	OFF
2026-08-02T15:41:31	LTE,Unknown	LTE	false	0	420	OFF
2026-08-02T15:42:04	LTE,Unknown	LTE	false	0	420	OFF
2026-08-02T15:42:36	LTE,Unknown	LTE	false	0	420	OFF
2026-08-02T15:43:07	LTE,Unknown	LTE	false	0	420	OFF
2026-08-02T15:43:40	LTE,Unknown	LTE	false	0	420	OFF
2026-08-02T15:44:13	LTE,Unknown	LTE	false	0	420	OFF
2026-08-02T15:44:45	LTE,Unknown	LTE	false	0	420	OFF
2026-08-02T15:45:18	LTE,Unknown	LTE	false	0	420	OFF
2026-08-02T15:45:48	LTE,Unknown	LTE	false	0	420	OFF
2026-08-02T15:46:20	LTE,Unknown	LTE	false	0	420	OFF
2026-08-02T15:46:52	LTE,Unknown	LTE	false	0	420	OFF
2026-08-02T15:47:25	LTE,Unknown	LTE	false	0	420	OFF
2026-08-02T15:47:58	LTE,Unknown	LTE	false	0	420	OFF
2026-08-02T15:48:30	LTE,Unknown	LTE	false	0	420	OFF
2026-08-02T15:49:05	LTE,Unknown	LTE	false	0	420	OFF
2026-08-02T15:49:38	LTE,Unknown	LTE	false	0	420	OFF
2026-08-02T15:50:11	LTE,Unknown	LTE	false	0	420	OFF
2026-08-02T15:50:42	LTE,Unknown	LTE	false	0	420	OFF
2026-08-02T15:51:14	LTE,Unknown	LTE	false	0	420	OFF
2026-08-02T15:51:45	LTE,Unknown	LTE	false	0	420	OFF
2026-08-02T15:52:16	LTE,Unknown	LTE	false	0	420	OFF
2026-08-02T15:52:47	LTE,Unknown	LTE	false	0	420	OFF
2026-08-02T15:53:19	LTE,Unknown	LTE	false	0	420	OFF
2026-08-02T15:53:51	LTE,Unknown	LTE	false	0	420	OFF
2026-08-02T15:54:22	LTE,Unknown	LTE	false	0	420	OFF
2026-08-02T15:54:54	LTE,Unknown	LTE	false	0	420	OFF
2026-08-02T15:55:26	LTE,Unknown	LTE	false	0	420	OFF
2026-08-02T15:55:57	LTE,Unknown	LTE	false	0	420	OFF
2026-08-02T15:56:28	LTE,Unknown	LTE	false	0	420	OFF
2026-08-02T15:56:59	LTE,Unknown	LTE	false	0	420	OFF
2026-08-02T15:57:31	LTE,Unknown	LTE	false	0	420	OFF
2026-08-02T15:58:03	LTE,Unknown	LTE	false	0	420	OFF
2026-08-02T15:58:35	LTE,Unknown	LTE	false	0	420	OFF
2026-08-02T15:59:07	LTE,Unknown	LTE	false	0	420	OFF
2026-08-02T15:59:41	LTE,Unknown	LTE	false	0	420	OFF
2026-08-02T16:00:12	LTE,Unknown	LTE	false	0	420	OFF
2026-08-02T16:00:45	LTE,Unknown	LTE	false	0	420	OFF
2026-08-02T16:01:21	LTE,Unknown	LTE	false	0	420	OFF
2026-08-02T16:01:52	LTE,Unknown	LTE	false	0	420	OFF
2026-08-02T16:02:26	LTE,Unknown	LTE	false	0	420	OFF
2026-08-02T16:02:59	LTE,Unknown	LTE	false	0	420	OFF
2026-08-02T16:03:32	LTE,Unknown	LTE	false	0	420	OFF
2026-08-02T16:04:06	LTE,Unknown	LTE	false	0	420	OFF
2026-08-02T16:04:44	LTE,Unknown	LTE	false	0	420	OFF
2026-08-02T16:05:16	LTE,Unknown	LTE	false	0	420	OFF
2026-08-02T16:05:47	LTE,Unknown	LTE	false	0	420	OFF
2026-08-02T16:06:20	LTE,Unknown	LTE	false	0	420	OFF
2026-08-02T16:06:52	LTE,Unknown	LTE	false	0	420	OFF
2026-08-02T16:07:26	LTE,Unknown	LTE	false	0	420	OFF
2026-08-02T16:08:00	LTE,Unknown	LTE	false	0	420	OFF
2026-08-02T16:08:34	LTE,Unknown	LTE	false	0	420	OFF
2026-08-02T16:09:08	LTE,Unknown	LTE	false	0	420	OFF
2026-08-02T16:09:40	LTE,Unknown	LTE	false	0	420	OFF
2026-08-02T16:10:13	LTE,Unknown	LTE	false	0	420	OFF
2026-08-02T16:10:46	LTE,Unknown	LTE	false	0	420	OFF
2026-08-02T16:11:18	LTE,Unknown	LTE	false	0	420	OFF
2026-08-02T16:11:51	LTE,Unknown	LTE	false	0	420	OFF
2026-08-02T16:12:23	LTE,Unknown	LTE	false	0	420	ON
2026-08-02T16:12:55	LTE,Unknown	LTE	false	0	420	ON
2026-08-02T16:13:26	LTE,Unknown	LTE	false	0	420	ON
2026-08-02T16:13:57	LTE,Unknown	LTE	false	0	420	ON
2026-08-02T16:14:28	NR_SA,Unknown	NR_SA	false	0	2147483647	ON
2026-08-02T16:14:59	NR_SA,Unknown	NR_SA	false	0	2147483647	ON
2026-08-02T16:15:30	NR_SA,Unknown	NR_SA	false	0	2147483647	ON
2026-08-02T16:16:02	NR_SA,Unknown	NR_SA	false	0	2147483647	ON
2026-08-02T16:16:35	LTE,Unknown	LTE	false	0	420	ON
2026-08-02T16:17:07	LTE,Unknown	LTE	false	0	420	ON
2026-08-02T16:17:39	LTE,Unknown	LTE	false	0	420	ON
2026-08-02T16:18:12	LTE,Unknown	LTE	false	0	420	ON
2026-08-02T16:18:43	LTE,Unknown	LTE	false	0	420	ON
2026-08-02T16:19:14	LTE,Unknown	LTE	false	0	420	OFF
2026-08-02T16:19:47	LTE,Unknown	LTE	false	0	420	OFF
2026-08-02T16:20:18	LTE,Unknown	LTE	false	0	420	OFF
2026-08-02T16:20:51	LTE,Unknown	LTE	false	0	420	OFF
2026-08-02T16:21:23	LTE,Unknown	LTE	false	0	420	OFF
2026-08-02T16:21:58	LTE,Unknown	LTE	false	0	420	OFF
2026-08-02T16:22:32	LTE,Unknown	LTE	false	0	420	OFF
2026-08-02T16:23:03	LTE,Unknown	LTE	false	0	420	OFF
2026-08-02T16:23:37	LTE,Unknown	LTE	false	0	420	OFF
2026-08-02T16:24:09	LTE,Unknown	LTE	false	0	420	OFF
2026-08-02T16:24:40	LTE,Unknown	LTE	false	0	420	OFF
2026-08-02T16:25:11	LTE,Unknown	LTE	false	0	420	OFF
2026-08-02T16:25:44	LTE,Unknown	LTE	false	0	420	OFF
2026-08-02T16:26:15	LTE,Unknown	LTE	false	0	420	OFF
2026-08-02T16:26:46	LTE,Unknown	LTE	false	0	420	OFF
2026-08-02T16:27:17	LTE,Unknown	LTE	false	0	420	OFF
2026-08-02T16:27:48	LTE,Unknown	LTE	false	0	420	OFF
2026-08-02T16:28:19	LTE,Unknown	LTE	false	0	420	OFF
2026-08-02T16:28:50	LTE,Unknown	LTE	false	0	420	OFF
2026-08-02T16:29:21	LTE,Unknown	LTE	false	0	420	OFF
2026-08-02T16:29:52	LTE,Unknown	LTE	false	0	420	OFF
2026-08-02T16:30:22	LTE,Unknown	LTE	false	0	420	OFF
2026-08-02T16:30:53	LTE,Unknown	LTE	false	0	420	OFF
2026-08-02T16:31:24	LTE,Unknown	LTE	false	0	420	OFF
2026-08-02T16:31:55	LTE,Unknown	LTE	false	0	420	OFF
2026-08-02T16:32:25	LTE,Unknown	LTE	false	0	420	OFF
2026-08-02T16:32:57	LTE,Unknown	LTE	false	0	420	OFF
2026-08-02T16:33:29	LTE,Unknown	LTE	false	0	420	OFF
2026-08-02T16:33:59	LTE,Unknown	LTE	false	0	420	OFF
2026-08-02T16:34:30	LTE,Unknown	LTE	false	0	420	OFF
2026-08-02T16:35:01	LTE,Unknown	LTE	false	0	420	OFF
2026-08-02T16:35:32	LTE,Unknown	LTE	false	0	420	OFF
2026-08-02T16:36:03	LTE,Unknown	LTE	false	0	420	OFF
2026-08-02T16:36:35	LTE,Unknown	LTE	false	0	420	OFF
2026-08-02T16:37:06	LTE,Unknown	LTE	false	0	420	OFF
2026-08-02T16:37:38	LTE,Unknown	LTE	false	0	420	ON
2026-08-02T16:38:09	LTE,Unknown	LTE	false	0	420	ON
2026-08-02T16:38:40	LTE,Unknown	LTE	false	0	420	ON
2026-08-02T16:39:11	LTE,Unknown	LTE	false	0	420	ON
2026-08-02T16:39:41	LTE,Unknown	LTE	false	0	420	ON
2026-08-02T16:40:14	LTE,Unknown	LTE	false	0	420	ON
2026-08-02T16:40:46	LTE,Unknown	LTE	false	0	420	ON
2026-08-02T16:41:17	LTE,Unknown	LTE	false	0	420	ON
2026-08-02T16:41:48	LTE,Unknown	LTE	false	0	420	ON
2026-08-02T16:42:19	LTE,Unknown	LTE	false	0	420	ON
2026-08-02T16:42:52	LTE,Unknown	LTE	false	0	420	ON
2026-08-02T16:43:23	LTE,Unknown	LTE	false	0	420	ON
2026-08-02T16:43:55	LTE,Unknown	LTE	false	0	420	ON
2026-08-02T16:44:26	LTE,Unknown	LTE	false	0	420	ON
2026-08-02T16:44:58	NR_SA,Unknown	NR_SA	false	0	2147483647	ON
2026-08-02T16:45:29	NR_SA,Unknown	NR_SA	false	0	2147483647	ON
2026-08-02T16:46:00	NR_SA,Unknown	NR_SA	false	0	2147483647	ON
2026-08-02T16:46:33	NR_SA,Unknown	NR_SA	false	0	2147483647	ON
2026-08-02T16:47:05	NR_SA,Unknown	NR_SA	false	0	2147483647	OFF
2026-08-02T16:47:35	NR_SA,Unknown	NR_SA	false	0	2147483647	OFF
2026-08-02T16:48:08	NR_SA,Unknown	NR_SA	false	0	2147483647	OFF
2026-08-02T16:48:41	NR_SA,Unknown	NR_SA	false	0	2147483647	OFF
2026-08-02T16:49:13	NR_SA,Unknown	NR_SA	false	0	2147483647	OFF
2026-08-02T16:49:45	NR_SA,Unknown	NR_SA	false	0	2147483647	OFF
2026-08-02T16:50:15	NR_SA,Unknown	NR_SA	false	0	2147483647	OFF
2026-08-02T16:50:46	NR_SA,Unknown	NR_SA	false	0	2147483647	OFF
2026-08-02T16:51:17	NR_SA,Unknown	NR_SA	false	0	2147483647	OFF
2026-08-02T16:51:49	NR_SA,Unknown	NR_SA	false	0	2147483647	OFF
2026-08-02T16:52:20	NR_SA,Unknown	NR_SA	false	0	2147483647	OFF
2026-08-02T16:52:51	NR_SA,Unknown	NR_SA	false	0	2147483647	OFF
2026-08-02T16:53:23	NR_SA,Unknown	NR_SA	false	0	2147483647	OFF
2026-08-02T16:53:54	NR_SA,Unknown	NR_SA	false	0	2147483647	OFF
2026-08-02T16:54:26	NR_SA,Unknown	NR_SA	false	0	2147483647	OFF
2026-08-02T16:54:58	NR_SA,Unknown	NR_SA	false	0	2147483647	OFF
2026-08-02T16:55:29	NR_SA,Unknown	NR_SA	false	0	2147483647	OFF
2026-08-02T16:56:00	NR_SA,Unknown	NR_SA	false	0	2147483647	OFF
2026-08-02T16:56:31	NR_SA,Unknown	NR_SA	false	0	2147483647	OFF
2026-08-02T16:57:02	NR_SA,Unknown	NR_SA	false	0	2147483647	OFF
2026-08-02T16:57:34	NR_SA,Unknown	NR_SA	false	0	2147483647	OFF
2026-08-02T16:58:04	NR_SA,Unknown	NR_SA	false	0	2147483647	OFF
2026-08-02T16:58:35	NR_SA,Unknown	NR_SA	false	0	2147483647	OFF
2026-08-02T16:59:06	NR_SA,Unknown	NR_SA	false	0	2147483647	OFF
2026-08-02T16:59:37	NR_SA,Unknown	NR_SA	false	0	2147483647	OFF
2026-08-02T17:00:07	NR_SA,Unknown	NR_SA	false	0	2147483647	OFF
2026-08-02T17:00:38	NR_SA,Unknown	NR_SA	false	0	2147483647	OFF
2026-08-02T17:01:09	NR_SA,Unknown	NR_SA	false	0	2147483647	OFF
2026-08-02T17:01:40	NR_SA,Unknown	NR_SA	false	0	2147483647	OFF
2026-08-02T17:02:11	NR_SA,Unknown	NR_SA	false	0	2147483647	OFF
2026-08-02T17:02:43	NR_SA,Unknown	NR_SA	false	0	2147483647	OFF
2026-08-02T17:03:15	NR_SA,Unknown	NR_SA	false	0	2147483647	OFF
2026-08-02T17:03:45	NR_SA,Unknown	NR_SA	false	0	2147483647	OFF
2026-08-02T17:04:16	NR_SA,Unknown	NR_SA	false	0	2147483647	OFF
2026-08-02T17:04:48	NR_SA,Unknown	NR_SA	false	0	2147483647	OFF
2026-08-02T17:05:20	NR_SA,Unknown	NR_SA	false	0	2147483647	OFF
2026-08-02T17:05:50	NR_SA,Unknown	NR_SA	false	0	2147483647	OFF
2026-08-02T17:06:22	NR_SA,Unknown	NR_SA	false	0	2147483647	OFF
2026-08-02T17:06:53	NR_SA,Unknown	NR_SA	false	0	2147483647	OFF
2026-08-02T17:07:24	NR_SA,Unknown	NR_SA	false	0	2147483647	OFF
2026-08-02T17:07:56	NR_SA,Unknown	NR_SA	false	0	2147483647	OFF
2026-08-02T17:08:27	NR_SA,Unknown	NR_SA	false	0	2147483647	OFF
2026-08-02T17:08:58	NR_SA,Unknown	NR_SA	false	0	2147483647	OFF
2026-08-02T17:09:29	NR_SA,Unknown	NR_SA	false	0	2147483647	OFF
2026-08-02T17:10:00	NR_SA,Unknown	NR_SA	false	0	2147483647	OFF
2026-08-02T17:10:32	NR_SA,Unknown	NR_SA	false	0	2147483647	OFF
2026-08-02T17:11:03	NR_SA,Unknown	NR_SA	false	0	2147483647	OFF
2026-08-02T17:11:34	NR_SA,Unknown	NR_SA	false	0	2147483647	ON
2026-08-02T17:12:05	NR_SA,Unknown	NR_SA	false	0	2147483647	ON
2026-08-02T17:12:38	NR_SA,Unknown	NR_SA	false	0	2147483647	ON
2026-08-02T17:13:10	NR_SA,Unknown	NR_SA	false	0	2147483647	ON
2026-08-02T17:13:41	NR_SA,Unknown	NR_SA	false	0	2147483647	ON
2026-08-02T17:14:12	NR_SA,Unknown	NR_SA	false	0	2147483647	OFF
2026-08-02T17:14:43	NR_SA,Unknown	NR_SA	false	0	2147483647	OFF
2026-08-02T17:15:14	NR_SA,Unknown	NR_SA	false	0	2147483647	OFF
2026-08-02T17:15:45	NR_SA,Unknown	NR_SA	false	0	2147483647	OFF
2026-08-02T17:16:16	NR_SA,Unknown	NR_SA	false	0	2147483647	OFF
2026-08-02T17:16:47	NR_SA,Unknown	NR_SA	false	0	2147483647	OFF
2026-08-02T17:17:17	NR_SA,Unknown	NR_SA	false	0	2147483647	OFF
2026-08-02T17:17:48	NR_SA,Unknown	NR_SA	false	0	2147483647	OFF
2026-08-02T17:18:19	NR_SA,Unknown	NR_SA	false	0	2147483647	OFF
2026-08-02T17:18:50	NR_SA,Unknown	NR_SA	false	0	2147483647	OFF
2026-08-02T17:19:20	NR_SA,Unknown	NR_SA	false	0	2147483647	OFF
2026-08-02T17:19:53	NR_SA,Unknown	NR_SA	false	0	2147483647	OFF
2026-08-02T17:20:24	NR_SA,Unknown	NR_SA	false	0	2147483647	OFF
2026-08-02T17:20:55	NR_SA,Unknown	NR_SA	false	0	2147483647	OFF
2026-08-02T17:21:26	NR_SA,Unknown	NR_SA	false	0	2147483647	OFF
2026-08-02T17:21:59	NR_SA,Unknown	NR_SA	false	0	2147483647	OFF
2026-08-02T17:22:30	NR_SA,Unknown	NR_SA	false	0	2147483647	OFF
2026-08-02T17:23:03	NR_SA,Unknown	NR_SA	false	0	2147483647	OFF
2026-08-02T17:23:34	NR_SA,Unknown	NR_SA	false	0	2147483647	OFF
2026-08-02T17:24:06	NR_SA,Unknown	NR_SA	false	0	2147483647	OFF
2026-08-02T17:24:40	NR_SA,Unknown	NR_SA	false	0	2147483647	OFF
2026-08-02T17:25:12	NR_SA,Unknown	NR_SA	false	0	2147483647	OFF
2026-08-02T17:25:44	NR_SA,Unknown	NR_SA	false	0	2147483647	ON
2026-08-02T17:26:18	NR_SA,Unknown	NR_SA	false	0	2147483647	ON
2026-08-02T17:26:50	NR_SA,Unknown	NR_SA	false	0	2147483647	ON
2026-08-02T17:27:21	NR_SA,Unknown	NR_SA	false	0	2147483647	ON
2026-08-02T17:27:52	NR_SA,Unknown	NR_SA	false	0	2147483647	ON
2026-08-02T17:28:24	NR_SA,Unknown	NR_SA	false	0	2147483647	ON
2026-08-02T17:28:54	NR_SA,Unknown	NR_SA	false	0	2147483647	ON
2026-08-02T17:29:25	NR_SA,Unknown	NR_SA	false	0	2147483647	ON
2026-08-02T17:29:56	NR_SA,Unknown	NR_SA	false	0	2147483647	ON
2026-08-02T17:30:26	NR_SA,Unknown	NR_SA	false	0	2147483647	ON
2026-08-02T17:30:57	NR_SA,Unknown	NR_SA	false	0	2147483647	ON
2026-08-02T17:31:28	NR_SA,Unknown	NR_SA	false	0	2147483647	ON
2026-08-02T17:31:59	NR_SA,Unknown	NR_SA	false	0	2147483647	ON
2026-08-02T17:32:30	NR_SA,Unknown	NR_SA	false	0	2147483647	ON
2026-08-02T17:33:01	NR_SA,Unknown	NR_SA	false	0	2147483647	ON
2026-08-02T17:33:31	NR_SA,Unknown	NR_SA	false	0	2147483647	ON
2026-08-02T17:34:02	NR_SA,Unknown	NR_SA	false	0	2147483647	ON
2026-08-02T17:34:33	NR_SA,Unknown	NR_SA	false	0	2147483647	ON
2026-08-02T17:35:03	NR_SA,Unknown	NR_SA	false	0	2147483647	ON
2026-08-02T17:35:34	NR_SA,Unknown	NR_SA	false	0	2147483647	ON
2026-08-02T17:36:04	NR_SA,Unknown	NR_SA	false	0	2147483647	ON
2026-08-02T17:36:35	NR_SA,Unknown	NR_SA	false	0	2147483647	ON
2026-08-02T17:37:06	NR_SA,Unknown	NR_SA	false	0	2147483647	ON
2026-08-02T17:37:37	NR_SA,Unknown	NR_SA	false	0	2147483647	ON
2026-08-02T17:38:08	NR_SA,Unknown	NR_SA	false	0	2147483647	ON
2026-08-02T17:38:38	NR_SA,Unknown	NR_SA	false	0	2147483647	ON
2026-08-02T17:39:09	NR_SA,Unknown	NR_SA	false	0	2147483647	ON
2026-08-02T17:39:40	NR_SA,Unknown	NR_SA	false	0	2147483647	ON
2026-08-02T17:40:11	NR_SA,Unknown	NR_SA	false	0	2147483647	ON
2026-08-02T17:40:41	NR_SA,Unknown	NR_SA	false	0	2147483647	ON
2026-08-02T17:41:13	NR_SA,Unknown	NR_SA	false	0	2147483647	ON
2026-08-02T17:41:44	NR_SA,Unknown	NR_SA	false	0	2147483647	ON
2026-08-02T17:42:15	NR_SA,Unknown	NR_SA	false	0	2147483647	ON
2026-08-02T17:42:45	NR_SA,Unknown	NR_SA	false	0	2147483647	ON
2026-08-02T17:43:16	NR_SA,Unknown	NR_SA	false	0	2147483647	ON
2026-08-02T17:43:47	NR_SA,Unknown	NR_SA	false	0	2147483647	ON
2026-08-02T17:44:18	NR_SA,Unknown	NR_SA	false	0	2147483647	ON
2026-08-02T17:44:48	NR_SA,Unknown	NR_SA	false	0	2147483647	ON
2026-08-02T17:45:19	NR_SA,Unknown	NR_SA	false	0	2147483647	ON
2026-08-02T17:45:50	NR_SA,Unknown	NR_SA	false	0	2147483647	ON
2026-08-02T17:46:21	NR_SA,Unknown	NR_SA	false	0	2147483647	ON
2026-08-02T17:46:52	NR_SA,Unknown	NR_SA	false	0	2147483647	ON
2026-08-02T17:47:22	NR_SA,Unknown	NR_SA	false	0	2147483647	ON
2026-08-02T17:47:53	NR_SA,Unknown	NR_SA	false	0	2147483647	ON
2026-08-02T17:48:26	NR_SA,Unknown	NR_SA	false	0	2147483647	ON
2026-08-02T17:48:57	NR_SA,Unknown	NR_SA	false	0	2147483647	ON
2026-08-02T17:49:29	NR_SA,Unknown	NR_SA	false	0	2147483647	ON
2026-08-02T17:49:59	NR_SA,Unknown	NR_SA	false	0	2147483647	ON
2026-08-02T17:50:30	NR_SA,Unknown	NR_SA	false	0	2147483647	ON
2026-08-02T17:51:01	NR_SA,Unknown	NR_SA	false	0	2147483647	ON
2026-08-02T17:51:32	NR_SA,Unknown	NR_SA	false	0	2147483647	ON
2026-08-02T17:52:03	NR_SA,Unknown	NR_SA	false	0	2147483647	ON
2026-08-02T17:52:34	NR_SA,Unknown	NR_SA	false	0	2147483647	OFF
2026-08-02T17:53:05	NR_SA,Unknown	NR_SA	false	0	2147483647	OFF
2026-08-02T17:53:36	NR_SA,Unknown	NR_SA	false	0	2147483647	OFF
2026-08-02T17:54:07	NR_SA,Unknown	NR_SA	false	0	2147483647	OFF
2026-08-02T17:54:37	NR_SA,Unknown	NR_SA	false	0	2147483647	OFF
2026-08-02T17:55:08	NR_SA,Unknown	NR_SA	false	0	2147483647	OFF
2026-08-02T17:55:39	NR_SA,Unknown	NR_SA	false	0	2147483647	OFF
2026-08-02T17:56:09	NR_SA,Unknown	NR_SA	false	0	2147483647	OFF
2026-08-02T17:56:40	NR_SA,Unknown	NR_SA	false	0	2147483647	OFF
2026-08-02T17:57:10	NR_SA,Unknown	NR_SA	false	0	2147483647	OFF
2026-08-02T17:57:41	NR_SA,Unknown	NR_SA	false	0	2147483647	OFF
2026-08-02T17:58:11	NR_SA,Unknown	NR_SA	false	0	2147483647	OFF
2026-08-02T17:58:41	NR_SA,Unknown	NR_SA	false	0	2147483647	OFF
2026-08-02T17:59:12	NR_SA,Unknown	NR_SA	false	0	2147483647	OFF
2026-08-02T17:59:43	NR_SA,Unknown	NR_SA	false	0	2147483647	OFF
2026-08-02T18:00:13	NR_SA,Unknown	NR_SA	false	0	2147483647	OFF
2026-08-02T18:00:44	NR_SA,Unknown	NR_SA	false	0	2147483647	OFF
2026-08-02T18:01:15	NR_SA,Unknown	NR_SA	false	0	2147483647	OFF
2026-08-02T18:01:45	NR_SA,Unknown	NR_SA	false	0	2147483647	OFF
2026-08-02T18:02:16	NR_SA,Unknown	NR_SA	false	0	2147483647	OFF
2026-08-02T18:02:47	NR_SA,Unknown	NR_SA	false	0	2147483647	OFF
2026-08-02T18:03:17	NR_SA,Unknown	NR_SA	false	0	2147483647	OFF
2026-08-02T18:03:48	NR_SA,Unknown	NR_SA	false	0	2147483647	OFF
2026-08-02T18:04:19	NR_SA,Unknown	NR_SA	false	0	2147483647	OFF
2026-08-02T18:04:49	NR_SA,Unknown	NR_SA	false	0	2147483647	OFF
2026-08-02T18:05:20	NR_SA,Unknown	NR_SA	false	0	2147483647	OFF
2026-08-02T18:05:50	NR_SA,Unknown	NR_SA	false	0	2147483647	OFF
2026-08-02T18:06:21	NR_SA,Unknown	NR_SA	false	0	2147483647	OFF
2026-08-02T18:06:53	NR_SA,Unknown	NR_SA	false	0	2147483647	OFF
2026-08-02T18:07:24	NR_SA,Unknown	NR_SA	false	0	2147483647	OFF
2026-08-02T18:07:55	NR_SA,Unknown	NR_SA	false	0	2147483647	OFF
2026-08-02T18:08:25	NR_SA,Unknown	NR_SA	false	0	2147483647	OFF
2026-08-02T18:08:56	NR_SA,Unknown	NR_SA	false	0	2147483647	OFF
2026-08-02T18:09:31	NR_SA,Unknown	NR_SA	false	0	2147483647	OFF
2026-08-02T18:10:05	NR_SA,Unknown	NR_SA	false	0	2147483647	OFF
2026-08-02T18:10:41	NR_SA,Unknown	NR_SA	false	0	2147483647	OFF
2026-08-02T18:11:15	NR_SA,Unknown	NR_SA	false	0	2147483647	OFF
2026-08-02T18:11:49	NR_SA,Unknown	NR_SA	false	0	2147483647	OFF
2026-08-02T18:12:24	NR_SA,Unknown	NR_SA	false	0	2147483647	OFF
2026-08-02T18:13:01	NR_SA,Unknown	NR_SA	false	0	2147483647	OFF
2026-08-02T18:13:35	NR_SA,Unknown	NR_SA	false	0	2147483647	OFF
2026-08-02T18:14:09	NR_SA,Unknown	NR_SA	false	0	2147483647	OFF
2026-08-02T18:14:41	NR_SA,Unknown	NR_SA	false	0	2147483647	OFF
2026-08-02T18:15:13	NR_SA,Unknown	NR_SA	false	0	2147483647	OFF
2026-08-02T18:15:45	NR_SA,Unknown	NR_SA	false	0	2147483647	OFF
2026-08-02T18:16:16	NR_SA,Unknown	NR_SA	false	0	2147483647	OFF
2026-08-02T18:16:47	NR_SA,Unknown	NR_SA	false	0	2147483647	OFF
2026-08-02T18:17:18	NR_SA,Unknown	NR_SA	false	0	2147483647	OFF
2026-08-02T18:17:48	NR_SA,Unknown	NR_SA	false	0	2147483647	OFF
2026-08-02T18:18:19	NR_SA,Unknown	NR_SA	false	0	2147483647	OFF
2026-08-02T18:18:50	NR_SA,Unknown	NR_SA	false	0	2147483647	OFF
2026-08-02T18:19:21	NR_SA,Unknown	NR_SA	false	0	2147483647	OFF
2026-08-02T18:19:52	NR_SA,Unknown	NR_SA	false	0	2147483647	OFF
2026-08-02T18:20:24	NR_SA,Unknown	NR_SA	false	0	2147483647	OFF
2026-08-02T18:20:56	NR_SA,Unknown	NR_SA	false	0	2147483647	OFF
2026-08-02T18:21:27	NR_SA,Unknown	NR_SA	false	0	2147483647	OFF
2026-08-02T18:22:00	NR_SA,Unknown	NR_SA	false	0	2147483647	OFF
2026-08-02T18:22:31	NR_SA,Unknown	NR_SA	false	0	2147483647	OFF
2026-08-02T18:23:05	NR_SA,Unknown	NR_SA	false	0	2147483647	OFF
2026-08-02T18:23:37	NR_SA,Unknown	NR_SA	false	0	2147483647	OFF
2026-08-02T18:24:11	NR_SA,Unknown	NR_SA	false	0	2147483647	OFF
2026-08-02T18:24:43	NR_SA,Unknown	NR_SA	false	0	2147483647	OFF
2026-08-02T18:25:15	NR_SA,Unknown	NR_SA	false	0	2147483647	OFF
2026-08-02T18:25:47	NR_SA,Unknown	NR_SA	false	0	2147483647	OFF
2026-08-02T18:26:21	NR_SA,Unknown	NR_SA	false	0	2147483647	OFF
2026-08-02T18:26:53	NR_SA,Unknown	NR_SA	false	0	2147483647	OFF
2026-08-02T18:27:26	NR_SA,Unknown	NR_SA	false	0	2147483647	OFF
2026-08-02T18:27:59	NR_SA,Unknown	NR_SA	false	0	2147483647	OFF
2026-08-02T18:28:30	NR_SA,Unknown	NR_SA	false	0	2147483647	OFF
2026-08-02T18:29:03	NR_SA,Unknown	NR_SA	false	0	2147483647	OFF
2026-08-02T18:29:35	NR_SA,Unknown	NR_SA	false	0	2147483647	OFF
2026-08-02T18:30:06	NR_SA,Unknown	NR_SA	false	0	2147483647	OFF
2026-08-02T18:30:38	NR_SA,Unknown	NR_SA	false	0	2147483647	OFF
2026-08-02T18:31:09	NR_SA,Unknown	NR_SA	false	0	2147483647	OFF
2026-08-02T18:31:42	NR_SA,Unknown	NR_SA	false	0	2147483647	OFF
2026-08-02T18:32:16	NR_SA,Unknown	NR_SA	false	0	2147483647	OFF
2026-08-02T18:32:54	NR_SA,Unknown	NR_SA	false	0	2147483647	OFF
2026-08-02T18:33:27	NR_SA,Unknown	NR_SA	false	0	2147483647	OFF
2026-08-02T18:34:04	NR_SA,Unknown	NR_SA	false	0	2147483647	OFF
2026-08-02T18:34:36	NR_SA,Unknown	NR_SA	false	0	2147483647	OFF
2026-08-02T18:35:08	NR_SA,Unknown	NR_SA	false	0	2147483647	OFF
2026-08-02T18:35:42	NR_SA,Unknown	NR_SA	false	0	2147483647	OFF
2026-08-02T18:36:13	NR_SA,Unknown	NR_SA	false	0	2147483647	OFF
2026-08-02T18:36:45	NR_SA,Unknown	NR_SA	false	0	2147483647	OFF
2026-08-02T18:37:17	NR_SA,Unknown	NR_SA	false	0	2147483647	OFF
2026-08-02T18:37:49	NR_SA,Unknown	NR_SA	false	0	2147483647	OFF
2026-08-02T18:38:22	NR_SA,Unknown	NR_SA	false	0	2147483647	OFF
2026-08-02T18:38:55	NR_SA,Unknown	NR_SA	false	0	2147483647	OFF
2026-08-02T18:39:27	NR_SA,Unknown	NR_SA	false	0	2147483647	OFF
2026-08-02T18:39:59	NR_SA,Unknown	NR_SA	false	0	2147483647	OFF
2026-08-02T18:40:33	NR_SA,Unknown	NR_SA	false	0	2147483647	OFF
2026-08-02T18:41:08	NR_SA,Unknown	NR_SA	false	0	2147483647	OFF
2026-08-02T18:41:39	NR_SA,Unknown	NR_SA	false	0	2147483647	OFF
2026-08-02T18:42:12	NR_SA,Unknown	NR_SA	false	0	2147483647	OFF
2026-08-02T18:42:44	NR_SA,Unknown	NR_SA	false	0	2147483647	OFF
2026-08-02T18:43:17	NR_SA,Unknown	NR_SA	false	0	2147483647	OFF
2026-08-02T18:43:48	NR_SA,Unknown	NR_SA	false	0	2147483647	OFF
2026-08-02T18:44:20	NR_SA,Unknown	NR_SA	false	0	2147483647	OFF
2026-08-02T18:44:53	NR_SA,Unknown	NR_SA	false	0	2147483647	OFF
2026-08-02T18:45:25	NR_SA,Unknown	NR_SA	false	0	2147483647	OFF
2026-08-02T18:45:56	NR_SA,Unknown	NR_SA	false	0	2147483647	OFF
2026-08-02T18:46:27	NR_SA,Unknown	NR_SA	false	0	2147483647	OFF
2026-08-02T18:46:57	NR_SA,Unknown	NR_SA	false	0	2147483647	OFF
2026-08-02T18:47:29	NR_SA,Unknown	NR_SA	false	0	2147483647	OFF
2026-08-02T18:48:01	NR_SA,Unknown	NR_SA	false	0	2147483647	OFF
2026-08-02T18:48:34	NR_SA,Unknown	NR_SA	false	0	2147483647	OFF
2026-08-02T18:49:07	NR_SA,Unknown	NR_SA	false	0	2147483647	OFF
2026-08-02T18:49:39	NR_SA,Unknown	NR_SA	false	0	2147483647	OFF
2026-08-02T18:50:12	NR_SA,Unknown	NR_SA	false	0	2147483647	OFF
2026-08-02T18:50:44	NR_SA,Unknown	NR_SA	false	0	2147483647	OFF
2026-08-02T18:51:17	NR_SA,Unknown	NR_SA	false	0	2147483647	OFF
2026-08-02T18:51:47	NR_SA,Unknown	NR_SA	false	0	2147483647	OFF
2026-08-02T18:52:18	NR_SA,Unknown	NR_SA	false	0	2147483647	OFF
2026-08-02T18:52:50	NR_SA,Unknown	NR_SA	false	0	2147483647	OFF
2026-08-02T18:53:22	NR_SA,Unknown	NR_SA	false	0	2147483647	OFF
2026-08-02T18:53:53	NR_SA,Unknown	NR_SA	false	0	2147483647	OFF
2026-08-02T18:54:26	NR_SA,Unknown	NR_SA	false	0	2147483647	OFF
2026-08-02T18:54:59	NR_SA,Unknown	NR_SA	false	0	2147483647	OFF
2026-08-02T18:55:34	NR_SA,Unknown	NR_SA	false	0	2147483647	OFF
2026-08-02T18:56:09	NR_SA,Unknown	NR_SA	false	0	2147483647	OFF
2026-08-02T18:56:41	NR_SA,Unknown	NR_SA	false	0	2147483647	OFF
2026-08-02T18:57:16	NR_SA,Unknown	NR_SA	false	0	2147483647	OFF
2026-08-02T18:57:48	NR_SA,Unknown	NR_SA	false	0	2147483647	OFF
2026-08-02T18:58:21	NR_SA,Unknown	NR_SA	false	0	2147483647	OFF
2026-08-02T18:58:54	NR_SA,Unknown	NR_SA	false	0	2147483647	OFF
2026-08-02T18:59:26	NR_SA,Unknown	NR_SA	false	0	2147483647	OFF
2026-08-02T18:59:58	NR_SA,Unknown	NR_SA	false	0	2147483647	OFF
2026-08-02T19:00:29	NR_SA,Unknown	NR_SA	false	0	2147483647	OFF
2026-08-02T19:01:01	NR_SA,Unknown	NR_SA	false	0	2147483647	OFF
2026-08-02T19:01:33	NR_SA,Unknown	NR_SA	false	0	2147483647	OFF
2026-08-02T19:02:04	NR_SA,Unknown	NR_SA	false	0	2147483647	OFF
2026-08-02T19:02:37	NR_SA,Unknown	NR_SA	false	0	2147483647	OFF
2026-08-02T19:03:09	NR_SA,Unknown	NR_SA	false	0	2147483647	OFF
2026-08-02T19:03:41	NR_SA,Unknown	NR_SA	false	0	2147483647	OFF
2026-08-02T19:04:13	NR_SA,Unknown	NR_SA	false	0	2147483647	OFF
2026-08-02T19:04:45	NR_SA,Unknown	NR_SA	false	0	2147483647	OFF
2026-08-02T19:05:23	NR_SA,Unknown	NR_SA	false	0	2147483647	OFF
2026-08-02T19:05:55	NR_SA,Unknown	NR_SA	false	0	2147483647	OFF
2026-08-02T19:06:28	NR_SA,Unknown	NR_SA	false	0	2147483647	OFF
2026-08-02T19:06:59	NR_SA,Unknown	NR_SA	false	0	2147483647	OFF
2026-08-02T19:07:30	NR_SA,Unknown	NR_SA	false	0	2147483647	OFF
2026-08-02T19:08:03	NR_SA,Unknown	NR_SA	false	0	2147483647	OFF
2026-08-02T19:08:34	NR_SA,Unknown	NR_SA	false	0	2147483647	OFF
2026-08-02T19:09:06	NR_SA,Unknown	NR_SA	false	0	2147483647	OFF
2026-08-02T19:09:37	NR_SA,Unknown	NR_SA	false	0	2147483647	OFF
2026-08-02T19:10:09	NR_SA,Unknown	NR_SA	false	0	2147483647	OFF
2026-08-02T19:10:41	NR_SA,Unknown	NR_SA	false	0	2147483647	OFF
2026-08-02T19:11:12	NR_SA,Unknown	NR_SA	false	0	2147483647	OFF
2026-08-02T19:11:43	NR_SA,Unknown	NR_SA	false	0	2147483647	OFF
2026-08-02T19:12:13	NR_SA,Unknown	NR_SA	false	0	2147483647	OFF
2026-08-02T19:12:44	NR_SA,Unknown	NR_SA	false	0	2147483647	OFF
2026-08-02T19:13:15	NR_SA,Unknown	NR_SA	false	0	2147483647	OFF
2026-08-02T19:13:46	NR_SA,Unknown	NR_SA	false	0	2147483647	OFF
2026-08-02T19:14:17	NR_SA,Unknown	NR_SA	false	0	2147483647	OFF
2026-08-02T19:14:47	NR_SA,Unknown	NR_SA	false	0	2147483647	OFF
2026-08-02T19:15:19	NR_SA,Unknown	NR_SA	false	0	2147483647	OFF
2026-08-02T19:15:50	NR_SA,Unknown	NR_SA	false	0	2147483647	OFF
2026-08-02T19:16:21	NR_SA,Unknown	NR_SA	false	0	2147483647	OFF
2026-08-02T19:16:51	NR_SA,Unknown	NR_SA	false	0	2147483647	OFF
2026-08-02T19:17:22	NR_SA,Unknown	NR_SA	false	0	2147483647	OFF
2026-08-02T19:17:53	NR_SA,Unknown	NR_SA	false	0	2147483647	OFF
2026-08-02T19:18:24	NR_SA,Unknown	NR_SA	false	0	2147483647	OFF
2026-08-02T19:18:55	NR_SA,Unknown	NR_SA	false	0	2147483647	OFF
2026-08-02T19:19:26	NR_SA,Unknown	NR_SA	false	0	2147483647	OFF
2026-08-02T19:19:57	NR_SA,Unknown	NR_SA	false	0	2147483647	OFF
2026-08-02T19:20:27	NR_SA,Unknown	NR_SA	false	0	2147483647	OFF
2026-08-02T19:20:58	NR_SA,Unknown	NR_SA	false	0	2147483647	OFF
2026-08-02T19:21:29	NR_SA,Unknown	NR_SA	false	0	2147483647	OFF
2026-08-02T19:22:00	NR_SA,Unknown	NR_SA	false	0	2147483647	OFF
2026-08-02T19:22:31	NR_SA,Unknown	NR_SA	false	0	2147483647	OFF
2026-08-02T19:23:02	NR_SA,Unknown	NR_SA	false	0	2147483647	OFF
2026-08-02T19:23:33	NR_SA,Unknown	NR_SA	false	0	2147483647	OFF
2026-08-02T19:24:03	NR_SA,Unknown	NR_SA	false	0	2147483647	OFF
2026-08-02T19:24:35	NR_SA,Unknown	NR_SA	false	0	2147483647	OFF
2026-08-02T19:25:06	NR_SA,Unknown	NR_SA	false	0	2147483647	OFF
2026-08-02T19:25:38	NR_SA,Unknown	NR_SA	false	0	2147483647	OFF
2026-08-02T19:26:09	NR_SA,Unknown	NR_SA	false	0	2147483647	OFF
2026-08-02T19:26:40	NR_SA,Unknown	NR_SA	false	0	2147483647	OFF
2026-08-02T19:27:10	NR_SA,Unknown	NR_SA	false	0	2147483647	OFF
2026-08-02T19:27:41	NR_SA,Unknown	NR_SA	false	0	2147483647	OFF
2026-08-02T19:28:13	NR_SA,Unknown	NR_SA	false	0	2147483647	OFF
2026-08-02T19:28:44	NR_SA,Unknown	NR_SA	false	0	2147483647	OFF
2026-08-02T19:29:16	NR_SA,Unknown	NR_SA	false	0	2147483647	OFF
2026-08-02T19:29:47	NR_SA,Unknown	NR_SA	false	0	2147483647	OFF
2026-08-02T19:30:18	NR_SA,Unknown	NR_SA	false	0	2147483647	OFF
2026-08-02T19:30:48	NR_SA,Unknown	NR_SA	false	0	2147483647	OFF
2026-08-02T19:31:19	NR_SA,Unknown	NR_SA	false	0	2147483647	OFF
2026-08-02T19:31:49	NR_SA,Unknown	NR_SA	false	0	2147483647	OFF
2026-08-02T19:32:20	NR_SA,Unknown	NR_SA	false	0	2147483647	OFF
2026-08-02T19:32:52	LTE,Unknown	LTE	false	0	420	ON
2026-08-02T19:33:24	LTE,Unknown	LTE	false	0	420	ON
2026-08-02T19:33:55	LTE,Unknown	LTE	false	0	420	ON
2026-08-02T19:34:27	LTE,Unknown	LTE	false	0	420	ON
2026-08-02T19:34:57	LTE,Unknown	LTE	false	0	420	ON
2026-08-02T19:35:28	LTE,Unknown	LTE	false	0	420	ON
2026-08-02T19:36:00	LTE,Unknown	LTE	false	0	420	ON
2026-08-02T19:36:31	LTE,Unknown	LTE	false	0	420	ON
2026-08-02T19:37:02	LTE,Unknown	LTE	false	0	420	ON
2026-08-02T19:37:34	LTE,Unknown	LTE	false	0	420	ON
2026-08-02T19:38:05	LTE,Unknown	LTE	false	0	420	ON
2026-08-02T19:38:37	LTE,Unknown	LTE	false	0	420	ON
2026-08-02T19:39:08	LTE,Unknown	LTE	false	0	420	ON
2026-08-02T19:39:39	LTE,Unknown	LTE	false	0	420	ON
2026-08-02T19:40:10	LTE,Unknown	LTE	false	0	420	ON
2026-08-02T19:40:41	LTE,Unknown	LTE	false	0	420	ON
2026-08-02T19:41:13	LTE,Unknown	LTE	false	0	420	ON
2026-08-02T19:41:45	LTE,Unknown	LTE	false	0	420	ON
2026-08-02T19:42:16	LTE,Unknown	LTE	false	0	420	ON
2026-08-02T19:42:47	LTE,Unknown	LTE	false	0	420	ON
2026-08-02T19:43:17	LTE,Unknown	LTE	false	0	420	OFF
2026-08-02T19:43:49	LTE,Unknown	LTE	false	0	420	OFF
2026-08-02T19:44:21	LTE,Unknown	LTE	false	0	420	OFF
2026-08-02T19:44:52	LTE,Unknown	LTE	false	0	420	OFF
2026-08-02T19:45:23	LTE,Unknown	LTE	false	0	420	OFF
2026-08-02T19:45:55	LTE,Unknown	LTE	false	0	420	OFF
2026-08-02T19:46:25	LTE,Unknown	LTE	false	0	420	OFF
2026-08-02T19:46:56	LTE,Unknown	LTE	false	0	420	OFF
2026-08-02T19:47:26	LTE,Unknown	LTE	false	0	420	OFF
2026-08-02T19:47:57	LTE,Unknown	LTE	false	0	420	OFF
2026-08-02T19:48:28	LTE,Unknown	LTE	false	0	420	OFF
2026-08-02T19:48:59	LTE,Unknown	LTE	false	0	420	OFF
2026-08-02T19:49:30	LTE,Unknown	LTE	false	0	420	OFF
2026-08-02T19:50:01	LTE,Unknown	LTE	false	0	420	OFF
2026-08-02T19:50:32	LTE,Unknown	LTE	false	0	420	OFF
2026-08-02T19:51:03	LTE,Unknown	LTE	false	0	420	OFF
2026-08-02T19:51:34	LTE,Unknown	LTE	false	0	420	OFF
2026-08-02T19:52:04	LTE,Unknown	LTE	false	0	420	OFF
2026-08-02T19:52:36	LTE,Unknown	LTE	false	0	420	OFF
2026-08-02T19:53:09	LTE,Unknown	LTE	false	0	420	OFF
2026-08-02T19:53:42	LTE,Unknown	LTE	false	0	420	OFF
2026-08-02T19:54:13	LTE,Unknown	LTE	false	0	420	OFF
2026-08-02T19:54:45	LTE,Unknown	LTE	false	0	420	OFF
2026-08-02T19:55:15	LTE,Unknown	LTE	false	0	420	OFF
2026-08-02T19:55:50	LTE,Unknown	LTE	false	0	420	OFF
2026-08-02T19:56:21	LTE,Unknown	LTE	false	0	420	OFF
2026-08-02T19:56:52	LTE,Unknown	LTE	false	0	420	OFF
2026-08-02T19:57:23	LTE,Unknown	LTE	false	0	420	OFF
2026-08-02T19:57:54	LTE,Unknown	LTE	false	0	420	OFF
2026-08-02T19:58:26	LTE,Unknown	LTE	false	0	420	OFF
2026-08-02T19:58:58	LTE,Unknown	LTE	false	0	420	OFF
2026-08-02T19:59:28	LTE,Unknown	LTE	false	0	420	OFF
2026-08-02T20:00:00	LTE,Unknown	LTE	false	0	420	OFF
2026-08-02T20:00:31	LTE,Unknown	LTE	false	0	420	OFF
2026-08-02T20:01:02	LTE,Unknown	LTE	false	0	420	OFF
2026-08-02T20:01:33	LTE,Unknown	LTE	false	0	420	OFF
2026-08-02T20:02:03	LTE,Unknown	LTE	false	0	420	OFF
2026-08-02T20:02:34	LTE,Unknown	LTE	false	0	420	OFF
2026-08-02T20:03:04	LTE,Unknown	LTE	false	0	420	OFF
2026-08-02T20:03:37	LTE,Unknown	LTE	false	0	420	OFF
2026-08-02T20:04:09	LTE,Unknown	LTE	false	0	420	OFF
2026-08-02T20:04:40	LTE,Unknown	LTE	false	0	420	OFF
2026-08-02T20:05:11	LTE,Unknown	LTE	false	0	420	OFF
2026-08-02T20:05:42	LTE,Unknown	LTE	false	0	420	OFF
2026-08-02T20:06:13	LTE,Unknown	LTE	false	0	420	OFF
2026-08-02T20:06:45	LTE,Unknown	LTE	false	0	420	OFF
2026-08-02T20:07:16	LTE,Unknown	LTE	false	0	420	OFF
2026-08-02T20:07:47	LTE,Unknown	LTE	false	0	420	OFF
2026-08-02T20:08:18	LTE,Unknown	LTE	false	0	420	OFF
2026-08-02T20:08:49	LTE,Unknown	LTE	false	0	420	OFF
2026-08-02T20:09:19	LTE,Unknown	LTE	false	0	420	OFF
2026-08-02T20:09:50	LTE,Unknown	LTE	false	0	420	OFF
2026-08-02T20:10:23	LTE,Unknown	LTE	false	0	420	OFF
2026-08-02T20:10:54	LTE,Unknown	LTE	false	0	420	OFF
2026-08-02T20:11:24	LTE,Unknown	LTE	false	0	420	OFF
2026-08-02T20:11:56	LTE,Unknown	LTE	false	0	420	OFF
2026-08-02T20:12:27	LTE,Unknown	LTE	false	0	420	OFF
2026-08-02T20:12:58	LTE,Unknown	LTE	false	0	420	OFF
2026-08-02T20:13:29	LTE,Unknown	LTE	false	0	420	OFF
2026-08-02T20:14:00	LTE,Unknown	LTE	false	0	420	OFF
2026-08-02T20:14:31	LTE,Unknown	LTE	false	0	420	OFF
2026-08-02T20:15:01	LTE,Unknown	LTE	false	0	420	OFF
2026-08-02T20:15:32	LTE,Unknown	LTE	false	0	420	OFF
2026-08-02T20:16:03	LTE,Unknown	LTE	false	0	420	OFF
2026-08-02T20:16:35	LTE,Unknown	LTE	false	0	420	OFF
2026-08-02T20:17:06	LTE,Unknown	LTE	false	0	420	OFF
2026-08-02T20:17:37	LTE,Unknown	LTE	false	0	420	OFF
2026-08-02T20:18:09	LTE,Unknown	LTE	false	0	420	OFF
2026-08-02T20:18:40	LTE,Unknown	LTE	false	0	420	OFF
2026-08-02T20:19:11	LTE,Unknown	LTE	false	0	420	OFF
2026-08-02T20:19:44	LTE,Unknown	LTE	false	0	420	OFF
2026-08-02T20:20:15	LTE,Unknown	LTE	false	0	420	OFF
2026-08-02T20:20:48	LTE,Unknown	LTE	false	0	420	OFF
2026-08-02T20:21:21	LTE,Unknown	LTE	false	0	420	OFF
2026-08-02T20:21:53	LTE,Unknown	LTE	false	0	420	OFF
2026-08-02T20:22:24	LTE,Unknown	LTE	false	0	420	OFF
2026-08-02T20:22:56	LTE,Unknown	LTE	false	0	420	OFF
2026-08-02T20:23:27	LTE,Unknown	LTE	false	0	420	OFF
2026-08-02T20:23:59	LTE,Unknown	LTE	false	0	420	OFF
2026-08-02T20:24:29	LTE,Unknown	LTE	false	0	420	OFF
2026-08-02T20:25:01	LTE,Unknown	LTE	false	0	420	OFF
2026-08-02T20:25:32	LTE,Unknown	LTE	false	0	420	OFF
2026-08-02T20:26:03	LTE,Unknown	LTE	false	0	420	OFF
2026-08-02T20:26:36	LTE,Unknown	LTE	false	0	420	OFF
2026-08-02T20:27:08	LTE,Unknown	LTE	false	0	420	OFF
2026-08-02T20:27:39	LTE,Unknown	LTE	false	0	420	OFF
2026-08-02T20:28:10	LTE,Unknown	LTE	false	0	420	OFF
2026-08-02T20:28:42	LTE,Unknown	LTE	false	0	420	OFF
2026-08-02T20:29:14	LTE,Unknown	LTE	false	0	420	OFF
2026-08-02T20:29:45	LTE,Unknown	LTE	false	0	420	OFF
2026-08-02T20:30:17	LTE,Unknown	LTE	false	0	420	OFF
2026-08-02T20:30:47	LTE,Unknown	LTE	false	0	420	OFF
2026-08-02T20:31:18	LTE,Unknown	LTE	false	0	420	OFF
2026-08-02T20:31:48	LTE,Unknown	LTE	false	0	420	OFF
2026-08-02T20:32:19	LTE,Unknown	LTE	false	0	420	OFF
2026-08-02T20:32:50	LTE,Unknown	LTE	false	0	420	OFF
2026-08-02T20:33:20		LTE	false	0	420	OFF
2026-08-02T21:29:37	LTE,Unknown	LTE	false	0	420	OFF
2026-08-02T22:00:15		?	false	0	?	OFF
2026-08-02T22:00:45		?	false	0	?	OFF
2026-08-02T22:01:16	LTE,Unknown	LTE	false	0	420	OFF
2026-08-02T22:01:48	LTE,Unknown	LTE	false	0	420	OFF
2026-08-02T22:02:20	LTE,Unknown	LTE	false	0	420	OFF
2026-08-02T22:02:51	LTE,Unknown	LTE	false	0	420	OFF
2026-08-02T22:03:22	LTE,Unknown	LTE	false	0	420	OFF
2026-08-02T22:03:53	LTE,Unknown	LTE	false	0	420	OFF
2026-08-02T22:04:26	LTE,Unknown	LTE	false	0	420	OFF
2026-08-02T22:04:58	LTE,Unknown	LTE	false	0	420	OFF
2026-08-02T22:05:31	LTE,Unknown	LTE	false	0	420	OFF
2026-08-02T22:06:03	LTE,Unknown	LTE	false	0	420	OFF
2026-08-02T22:06:36	LTE,Unknown	LTE	false	0	420	OFF
2026-08-02T22:07:11	LTE,Unknown	LTE	false	0	420	OFF
2026-08-02T22:07:43	LTE,Unknown	LTE	false	0	420	OFF
2026-08-02T22:08:14	LTE,Unknown	LTE	false	0	420	OFF
2026-08-02T22:08:45	LTE,Unknown	LTE	false	0	420	OFF
2026-08-02T22:09:16	LTE,Unknown	LTE	false	0	420	OFF
2026-08-02T22:09:46	LTE,Unknown	LTE	false	0	420	OFF
2026-08-02T22:10:17	LTE,Unknown	LTE	false	0	420	OFF
2026-08-02T22:10:48	LTE,Unknown	LTE	false	0	420	OFF
2026-08-02T22:11:19	LTE,Unknown	LTE	false	0	420	OFF
2026-08-02T22:11:50	LTE,Unknown	LTE	false	0	420	OFF
2026-08-02T22:12:20	LTE,Unknown	LTE	false	0	420	OFF
2026-08-02T22:12:51	LTE,Unknown	LTE	false	0	420	OFF
2026-08-02T22:13:22	LTE,Unknown	LTE	false	0	420	OFF
2026-08-02T22:13:52	LTE,Unknown	LTE	false	0	420	OFF
2026-08-02T22:14:23	LTE,Unknown	LTE	false	0	420	OFF
2026-08-02T22:14:54	LTE,Unknown	LTE	false	0	420	OFF
2026-08-02T22:15:24	LTE,Unknown	LTE	false	0	420	OFF
2026-08-02T22:15:55	LTE,Unknown	LTE	false	0	420	OFF
2026-08-02T22:16:26	LTE,Unknown	LTE	false	0	420	OFF
2026-08-02T22:16:57	LTE,Unknown	LTE	false	0	420	OFF
2026-08-02T22:17:29	LTE,Unknown	LTE	false	0	420	OFF
2026-08-02T22:18:00	LTE,Unknown	LTE	false	0	420	OFF
2026-08-02T22:18:31	LTE,Unknown	LTE	false	0	420	OFF
2026-08-02T22:19:03	LTE,Unknown	LTE	false	0	420	OFF
2026-08-02T22:19:34	LTE,Unknown	LTE	false	0	420	OFF
2026-08-02T22:20:05	LTE,Unknown	LTE	false	0	420	OFF
2026-08-02T22:20:37	LTE,Unknown	LTE	false	0	420	OFF
2026-08-02T22:21:08	LTE,Unknown	LTE	false	0	420	OFF
2026-08-02T22:21:42	LTE,Unknown	LTE	false	0	420	OFF
2026-08-02T22:22:13	LTE,Unknown	LTE	false	0	420	OFF
2026-08-02T22:22:44	LTE,Unknown	LTE	false	0	420	OFF
2026-08-02T22:23:15	LTE,Unknown	LTE	false	0	420	OFF
2026-08-02T22:23:45	LTE,Unknown	LTE	false	0	420	OFF
2026-08-02T22:24:22	LTE,Unknown	LTE	false	0	420	OFF
2026-08-02T22:24:53	LTE,Unknown	LTE	false	0	420	OFF
2026-08-02T22:25:24	LTE,Unknown	LTE	false	0	420	OFF
2026-08-02T22:25:56	LTE,Unknown	LTE	false	0	420	OFF
2026-08-02T22:26:27	LTE,Unknown	LTE	false	0	420	OFF
2026-08-02T22:26:58	LTE,Unknown	LTE	false	0	420	OFF
2026-08-02T22:27:29	LTE,Unknown	LTE	false	0	420	OFF
2026-08-02T22:27:59	LTE,Unknown	LTE	false	0	420	OFF
2026-08-02T22:28:30	LTE,Unknown	LTE	false	0	420	OFF
2026-08-02T22:29:01	LTE,Unknown	LTE	false	0	420	OFF
2026-08-02T22:29:33	LTE,Unknown	LTE	false	0	420	OFF
2026-08-02T22:30:03	LTE,Unknown	LTE	false	0	420	OFF
2026-08-02T22:30:34	LTE,Unknown	LTE	false	0	420	OFF
2026-08-02T22:31:04	LTE,Unknown	LTE	false	0	420	OFF
2026-08-02T22:31:35	LTE,Unknown	LTE	false	0	420	OFF
2026-08-02T22:32:05	LTE,Unknown	LTE	false	0	420	OFF
2026-08-02T22:32:36	LTE,Unknown	LTE	false	0	420	OFF
2026-08-02T22:33:07	LTE,Unknown	LTE	false	0	420	OFF
2026-08-02T22:33:37	LTE,Unknown	LTE	false	0	420	OFF
2026-08-02T22:34:08	LTE,Unknown	LTE	false	0	420	OFF
2026-08-02T22:34:39	LTE,Unknown	LTE	false	0	420	OFF
2026-08-02T22:35:10	LTE,Unknown	LTE	false	0	420	OFF
2026-08-02T22:35:41	LTE,Unknown	LTE	false	0	420	OFF
2026-08-02T22:36:11	LTE,Unknown	LTE	false	0	420	OFF
2026-08-02T22:36:42	LTE,Unknown	LTE	false	0	420	OFF
2026-08-02T22:37:12	LTE,Unknown	LTE	false	0	420	OFF
2026-08-02T22:37:43	LTE,Unknown	LTE	false	0	420	OFF
2026-08-02T22:38:13	LTE,Unknown	LTE	false	0	420	OFF
2026-08-02T22:38:44	LTE,Unknown	LTE	false	0	420	OFF
2026-08-02T22:39:14	LTE,Unknown	LTE	false	0	420	OFF
2026-08-02T22:39:45	LTE,Unknown	LTE	false	0	420	OFF
2026-08-02T22:40:15	LTE,Unknown	LTE	false	0	420	OFF
2026-08-02T22:40:46	LTE,Unknown	LTE	false	0	420	OFF
2026-08-02T22:41:16	LTE,Unknown	LTE	false	0	420	OFF
2026-08-02T22:41:46	LTE,Unknown	LTE	false	0	420	OFF
2026-08-02T22:42:17	LTE,Unknown	LTE	false	0	420	OFF
2026-08-02T22:42:47	LTE,Unknown	LTE	false	0	420	OFF
2026-08-02T22:43:18	LTE,Unknown	LTE	false	0	420	OFF
2026-08-02T22:43:48	LTE,Unknown	LTE	false	0	420	OFF
2026-08-02T22:44:19	LTE,Unknown	LTE	false	0	420	OFF
2026-08-02T22:44:49	LTE,Unknown	LTE	false	0	420	OFF
2026-08-02T22:45:20	LTE,Unknown	LTE	false	0	420	OFF
2026-08-02T22:45:51	LTE,Unknown	LTE	false	0	420	OFF
2026-08-02T22:46:21	LTE,Unknown	LTE	false	0	420	OFF
2026-08-02T22:46:52	LTE,Unknown	LTE	false	0	420	OFF
2026-08-02T22:47:22	LTE,Unknown	LTE	false	0	420	OFF
2026-08-02T22:47:53	LTE,Unknown	LTE	false	0	420	OFF
2026-08-02T22:48:24	LTE,Unknown	LTE	false	0	420	OFF
2026-08-02T22:48:56	LTE,Unknown	LTE	false	0	420	OFF
2026-08-02T22:49:26	LTE,Unknown	LTE	false	0	420	OFF
2026-08-02T22:49:57	LTE,Unknown	LTE	false	0	420	OFF
2026-08-02T22:50:28	LTE,Unknown	LTE	false	0	420	OFF
2026-08-02T22:50:59	LTE,Unknown	LTE	false	0	420	OFF
2026-08-02T22:51:30	LTE,Unknown	LTE	false	0	420	OFF
2026-08-02T22:52:00	LTE,Unknown	LTE	false	0	420	OFF
2026-08-02T22:52:31	LTE,Unknown	LTE	false	0	420	OFF
2026-08-02T22:53:01	LTE,Unknown	LTE	false	0	420	OFF
2026-08-02T22:53:32	LTE,Unknown	LTE	false	0	420	OFF
2026-08-02T22:54:03	LTE,Unknown	LTE	false	0	420	OFF
2026-08-02T22:54:34	LTE,Unknown	LTE	false	0	420	OFF
2026-08-02T22:55:06	LTE,Unknown	LTE	false	0	420	OFF
2026-08-02T22:55:36	LTE,Unknown	LTE	false	0	420	OFF
2026-08-02T22:56:07	LTE,Unknown	LTE	false	0	420	OFF
2026-08-02T22:56:38	LTE,Unknown	LTE	false	0	420	OFF
2026-08-02T22:57:09	LTE,Unknown	LTE	false	0	420	OFF
2026-08-02T22:57:40	LTE,Unknown	LTE	false	0	420	OFF
2026-08-02T22:58:11	LTE,Unknown	LTE	false	0	420	OFF
2026-08-02T22:58:43	LTE,Unknown	LTE	false	0	420	OFF
2026-08-02T22:59:14	LTE,Unknown	LTE	false	0	420	OFF
2026-08-02T22:59:44	LTE,Unknown	LTE	false	0	420	OFF
2026-08-02T23:00:16	LTE,Unknown	LTE	false	0	420	OFF
2026-08-02T23:00:47	LTE,Unknown	LTE	false	0	420	OFF
2026-08-02T23:01:18	LTE,Unknown	LTE	false	0	420	OFF
2026-08-02T23:01:49	LTE,Unknown	LTE	false	0	420	OFF
2026-08-02T23:02:19	LTE,Unknown	LTE	false	0	420	OFF
2026-08-02T23:02:50	LTE,Unknown	LTE	false	0	420	OFF
2026-08-02T23:03:21	LTE,Unknown	LTE	false	0	420	OFF
2026-08-02T23:03:52	LTE,Unknown	LTE	false	0	420	OFF
2026-08-02T23:04:23	LTE,Unknown	LTE	false	0	420	OFF
2026-08-02T23:04:53	LTE,Unknown	LTE	false	0	420	OFF
2026-08-02T23:05:24	LTE,Unknown	LTE	false	0	420	OFF
2026-08-02T23:05:55	LTE,Unknown	LTE	false	0	420	OFF
2026-08-02T23:06:27	LTE,Unknown	LTE	false	0	420	OFF
2026-08-02T23:06:58	LTE,Unknown	LTE	false	0	420	OFF
2026-08-02T23:07:28	LTE,Unknown	LTE	false	0	420	OFF
2026-08-02T23:07:59	LTE,Unknown	LTE	false	0	420	OFF
2026-08-02T23:08:30	LTE,Unknown	LTE	false	0	420	OFF
2026-08-02T23:09:02	LTE,Unknown	LTE	false	0	420	OFF
2026-08-02T23:09:32	LTE,Unknown	LTE	false	0	420	OFF
2026-08-02T23:10:02	LTE,Unknown	LTE	false	0	420	OFF
2026-08-02T23:10:33	LTE,Unknown	LTE	false	0	420	OFF
2026-08-02T23:11:03	LTE,Unknown	LTE	false	0	420	OFF
2026-08-02T23:11:34	LTE,Unknown	LTE	false	0	420	OFF
2026-08-02T23:12:04	LTE,Unknown	LTE	false	0	420	OFF
2026-08-02T23:12:35	LTE,Unknown	LTE	false	0	420	OFF
2026-08-02T23:13:05	LTE,Unknown	LTE	false	0	420	OFF
2026-08-02T23:13:36	LTE,Unknown	LTE	false	0	420	OFF
2026-08-02T23:14:06	LTE,Unknown	LTE	false	0	420	OFF
2026-08-02T23:14:37	LTE,Unknown	LTE	false	0	420	OFF
2026-08-02T23:15:07	LTE,Unknown	LTE	false	0	420	OFF
2026-08-02T23:15:38	LTE,Unknown	LTE	false	0	420	OFF
2026-08-02T23:16:08	LTE,Unknown	LTE	false	0	420	OFF
2026-08-02T23:16:38	LTE,Unknown	LTE	false	0	420	OFF
2026-08-02T23:17:09	LTE,Unknown	LTE	false	0	420	OFF
2026-08-02T23:17:39	LTE,Unknown	LTE	false	0	420	OFF
2026-08-02T23:18:10	LTE,Unknown	LTE	false	0	420	OFF
2026-08-02T23:18:40	LTE,Unknown	LTE	false	0	420	OFF
2026-08-02T23:19:11	LTE,Unknown	LTE	false	0	420	OFF
2026-08-02T23:19:41	LTE,Unknown	LTE	false	0	420	OFF
2026-08-02T23:20:12	LTE,Unknown	LTE	false	0	420	OFF
2026-08-02T23:20:42	LTE,Unknown	LTE	false	0	420	OFF
2026-08-02T23:21:13	LTE,Unknown	LTE	false	0	420	OFF
2026-08-02T23:21:44	LTE,Unknown	LTE	false	0	420	OFF
2026-08-02T23:22:15	LTE,Unknown	LTE	false	0	420	OFF
2026-08-02T23:22:46	LTE,Unknown	LTE	false	0	420	OFF
2026-08-02T23:23:17	LTE,Unknown	LTE	false	0	420	OFF
2026-08-02T23:23:47	LTE,Unknown	LTE	false	0	420	OFF
2026-08-02T23:24:17	LTE,Unknown	LTE	false	0	420	OFF
2026-08-02T23:24:48	LTE,Unknown	LTE	false	0	420	OFF
2026-08-02T23:25:18	LTE,Unknown	LTE	false	0	420	OFF
2026-08-02T23:25:49	LTE,Unknown	LTE	false	0	420	OFF
2026-08-02T23:26:19	LTE,Unknown	LTE	false	0	420	OFF
2026-08-02T23:26:50	LTE,Unknown	LTE	false	0	420	OFF
2026-08-02T23:27:20	LTE,Unknown	LTE	false	0	420	OFF
2026-08-02T23:27:51	LTE,Unknown	LTE	false	0	420	OFF
2026-08-02T23:28:21	LTE,Unknown	LTE	false	0	420	OFF
2026-08-02T23:28:52	LTE,Unknown	LTE	false	0	420	OFF
2026-08-02T23:29:22	LTE,Unknown	LTE	false	0	420	OFF
2026-08-02T23:29:53	LTE,Unknown	LTE	false	0	420	OFF
2026-08-02T23:30:23	LTE,Unknown	LTE	false	0	420	OFF
2026-08-02T23:30:54	LTE,Unknown	LTE	false	0	420	OFF
2026-08-02T23:31:24	LTE,Unknown	LTE	false	0	420	OFF
2026-08-02T23:31:55	LTE,Unknown	LTE	false	0	420	OFF
2026-08-02T23:32:26	LTE,Unknown	LTE	false	0	420	OFF
2026-08-02T23:32:57	LTE,Unknown	LTE	false	0	420	OFF
2026-08-02T23:33:28	LTE,Unknown	LTE	false	0	420	OFF
2026-08-02T23:33:59	LTE,Unknown	LTE	false	0	420	OFF
2026-08-02T23:34:30	LTE,Unknown	LTE	false	0	420	OFF
2026-08-02T23:35:00	LTE,Unknown	LTE	false	0	420	OFF
2026-08-02T23:35:31	LTE,Unknown	LTE	false	0	420	OFF
2026-08-02T23:36:02	LTE,Unknown	LTE	false	0	420	OFF
2026-08-02T23:36:32	LTE,Unknown	LTE	false	0	420	OFF
2026-08-02T23:37:03	LTE,Unknown	LTE	false	0	420	OFF
2026-08-02T23:37:33	LTE,Unknown	LTE	false	0	420	OFF
2026-08-02T23:38:04	LTE,Unknown	LTE	false	0	420	OFF
2026-08-02T23:38:34	LTE,Unknown	LTE	false	0	420	OFF
2026-08-02T23:39:05	LTE,Unknown	LTE	false	0	420	OFF
2026-08-02T23:39:38	LTE,Unknown	LTE	false	0	420	OFF
2026-08-02T23:40:09	LTE,Unknown	LTE	false	0	420	OFF
2026-08-02T23:40:39	LTE,Unknown	LTE	false	0	420	OFF
2026-08-02T23:41:10	LTE,Unknown	LTE	false	0	420	OFF
2026-08-02T23:41:41	LTE,Unknown	LTE	false	0	420	OFF
2026-08-02T23:42:12	LTE,Unknown	LTE	false	0	420	OFF
2026-08-02T23:42:43	LTE,Unknown	LTE	false	0	420	OFF
2026-08-02T23:43:13	LTE,Unknown	LTE	false	0	420	OFF
2026-08-02T23:43:44	LTE,Unknown	LTE	false	0	420	OFF
2026-08-02T23:44:15	LTE,Unknown	LTE	false	0	420	OFF
2026-08-02T23:44:47	LTE,Unknown	LTE	false	0	420	OFF
2026-08-02T23:45:17	LTE,Unknown	LTE	false	0	420	OFF
2026-08-02T23:45:48	LTE,Unknown	LTE	false	0	420	OFF
2026-08-02T23:46:18	LTE,Unknown	LTE	false	0	420	OFF
2026-08-02T23:46:49	LTE,Unknown	LTE	false	0	420	OFF
2026-08-02T23:47:19	LTE,Unknown	LTE	false	0	420	OFF
2026-08-02T23:47:50	LTE,Unknown	LTE	false	0	420	OFF
2026-08-02T23:48:20	LTE,Unknown	LTE	false	0	420	OFF
2026-08-02T23:48:51	LTE,Unknown	LTE	false	0	420	OFF
2026-08-02T23:49:21	LTE,Unknown	LTE	false	0	420	OFF
2026-08-02T23:49:52	LTE,Unknown	LTE	false	0	420	OFF
2026-08-02T23:50:22	LTE,Unknown	LTE	false	0	420	OFF
2026-08-02T23:50:52	LTE,Unknown	LTE	false	0	420	OFF
2026-08-02T23:51:23	LTE,Unknown	LTE	false	0	420	OFF
2026-08-02T23:51:54	LTE,Unknown	LTE	false	0	420	OFF
2026-08-02T23:52:24	LTE,Unknown	LTE	false	0	420	OFF
2026-08-02T23:52:55	LTE,Unknown	LTE	false	0	420	OFF
2026-08-02T23:53:25	LTE,Unknown	LTE	false	0	420	OFF
2026-08-02T23:53:56	LTE,Unknown	LTE	false	0	420	OFF
2026-08-02T23:54:26	LTE,Unknown	LTE	false	0	420	OFF
2026-08-02T23:54:57	LTE,Unknown	LTE	false	0	420	OFF
2026-08-02T23:55:28	LTE,Unknown	LTE	false	0	420	OFF
2026-08-02T23:55:59	LTE,Unknown	LTE	false	0	420	OFF
2026-08-02T23:56:30	LTE,Unknown	LTE	false	0	420	OFF
2026-08-02T23:57:01	LTE,Unknown	LTE	false	0	420	OFF
2026-08-02T23:57:32	LTE,Unknown	LTE	false	0	420	OFF
2026-08-02T23:58:03	LTE,Unknown	LTE	false	0	420	OFF
2026-08-02T23:58:34	LTE,Unknown	LTE	false	0	420	OFF
2026-08-02T23:59:05	LTE,Unknown	LTE	false	0	420	OFF
2026-08-02T23:59:36	LTE,Unknown	LTE	false	0	420	OFF
2026-08-03T00:00:06	LTE,Unknown	LTE	false	0	420	OFF
2026-08-03T00:00:39	LTE,Unknown	LTE	false	0	420	OFF
2026-08-03T00:01:09	LTE,Unknown	LTE	false	0	420	OFF
2026-08-03T00:01:40	LTE,Unknown	LTE	false	0	420	OFF
2026-08-03T00:02:11	LTE,Unknown	LTE	false	0	420	OFF
2026-08-03T00:02:41	LTE,Unknown	LTE	false	0	420	OFF
2026-08-03T00:03:12	LTE,Unknown	LTE	false	0	420	OFF
2026-08-03T00:03:42	LTE,Unknown	LTE	false	0	420	OFF
2026-08-03T00:04:13	LTE,Unknown	LTE	false	0	420	OFF
2026-08-03T00:04:44	LTE,Unknown	LTE	false	0	420	OFF
2026-08-03T00:05:15	LTE,Unknown	LTE	false	0	420	OFF
2026-08-03T00:05:45	LTE,Unknown	LTE	false	0	420	OFF
2026-08-03T00:06:16	LTE,Unknown	LTE	false	0	420	OFF
2026-08-03T00:06:46	LTE,Unknown	LTE	false	0	420	OFF
2026-08-03T00:07:17	LTE,Unknown	LTE	false	0	420	OFF
2026-08-03T00:07:47	LTE,Unknown	LTE	false	0	420	OFF
2026-08-03T00:08:18	LTE,Unknown	LTE	false	0	420	OFF
2026-08-03T00:08:48	LTE,Unknown	LTE	false	0	420	OFF
2026-08-03T00:09:19	LTE,Unknown	LTE	false	0	420	OFF
2026-08-03T00:09:49	LTE,Unknown	LTE	false	0	420	OFF
2026-08-03T00:10:20	LTE,Unknown	LTE	false	0	420	OFF
2026-08-03T00:10:50	LTE,Unknown	LTE	false	0	420	OFF
2026-08-03T00:11:21	LTE,Unknown	LTE	false	0	420	OFF
2026-08-03T00:11:51	LTE,Unknown	LTE	false	0	420	OFF
2026-08-03T00:12:22	LTE,Unknown	LTE	false	0	420	OFF
2026-08-03T00:12:53	LTE,Unknown	LTE	false	0	420	OFF
2026-08-03T00:13:23	LTE,Unknown	LTE	false	0	420	OFF
2026-08-03T00:13:54	LTE,Unknown	LTE	false	0	420	OFF
2026-08-03T00:14:24	LTE,Unknown	LTE	false	0	420	OFF
2026-08-03T00:14:55	LTE,Unknown	LTE	false	0	420	OFF
2026-08-03T00:15:25	LTE,Unknown	LTE	false	0	420	OFF
2026-08-03T00:15:56	LTE,Unknown	LTE	false	0	420	OFF
2026-08-03T00:16:26	LTE,Unknown	LTE	false	0	420	OFF
2026-08-03T00:16:56	LTE,Unknown	LTE	false	0	420	OFF
2026-08-03T00:17:27	LTE,Unknown	LTE	false	0	420	OFF
2026-08-03T00:17:57	LTE,Unknown	LTE	false	0	420	OFF
2026-08-03T00:18:28	LTE,Unknown	LTE	false	0	420	OFF
2026-08-03T00:18:58	LTE,Unknown	LTE	false	0	420	OFF
2026-08-03T00:19:28	LTE,Unknown	LTE	false	0	420	OFF
2026-08-03T00:19:59	LTE,Unknown	LTE	false	0	420	OFF
2026-08-03T00:20:29	LTE,Unknown	LTE	false	0	420	OFF
2026-08-03T00:21:00	LTE,Unknown	LTE	false	0	420	OFF
2026-08-03T00:21:30	LTE,Unknown	LTE	false	0	420	OFF
2026-08-03T00:22:01	LTE,Unknown	LTE	false	0	420	OFF
2026-08-03T00:22:31	LTE,Unknown	LTE	false	0	420	OFF
2026-08-03T00:23:02	LTE,Unknown	LTE	false	0	420	OFF
2026-08-03T00:23:33	LTE,Unknown	LTE	false	0	420	OFF
2026-08-03T00:24:03	LTE,Unknown	LTE	false	0	420	OFF
2026-08-03T00:24:34	LTE,Unknown	LTE	false	0	420	OFF
2026-08-03T00:25:04	LTE,Unknown	LTE	false	0	420	OFF
2026-08-03T00:25:35	LTE,Unknown	LTE	false	0	420	OFF
2026-08-03T00:26:05	LTE,Unknown	LTE	false	0	420	OFF
2026-08-03T00:26:36	LTE,Unknown	LTE	false	0	420	OFF
2026-08-03T00:27:06	LTE,Unknown	LTE	false	0	420	OFF
2026-08-03T00:27:37	LTE,Unknown	LTE	false	0	420	OFF
2026-08-03T00:28:07	LTE,Unknown	LTE	false	0	420	OFF
2026-08-03T00:28:38	LTE,Unknown	LTE	false	0	420	OFF
2026-08-03T00:29:09	LTE,Unknown	LTE	false	0	420	OFF
2026-08-03T00:29:39	LTE,Unknown	LTE	false	0	420	OFF
2026-08-03T00:30:10	LTE,Unknown	LTE	false	0	420	OFF
2026-08-03T00:30:40	LTE,Unknown	LTE	false	0	420	OFF
2026-08-03T00:31:11	LTE,Unknown	LTE	false	0	420	OFF
2026-08-03T00:31:41	LTE,Unknown	LTE	false	0	420	OFF
2026-08-03T00:32:12	LTE,Unknown	LTE	false	0	420	OFF
2026-08-03T00:32:42	LTE,Unknown	LTE	false	0	420	OFF
2026-08-03T00:33:13	LTE,Unknown	LTE	false	0	420	OFF
2026-08-03T00:33:44	LTE,Unknown	LTE	false	0	420	OFF
2026-08-03T00:34:14	LTE,Unknown	LTE	false	0	420	OFF
2026-08-03T00:34:44	LTE,Unknown	LTE	false	0	420	OFF
2026-08-03T00:35:15	LTE,Unknown	LTE	false	0	420	OFF
2026-08-03T00:35:46	LTE,Unknown	LTE	false	0	420	OFF
2026-08-03T00:36:16	LTE,Unknown	LTE	false	0	420	OFF
2026-08-03T00:36:47	LTE,Unknown	LTE	false	0	420	OFF
2026-08-03T00:37:17	LTE,Unknown	LTE	false	0	420	OFF
2026-08-03T00:37:48	LTE,Unknown	LTE	false	0	420	OFF
2026-08-03T00:38:18	LTE,Unknown	LTE	false	0	420	OFF
2026-08-03T00:38:49	LTE,Unknown	LTE	false	0	420	OFF
2026-08-03T00:39:19	LTE,Unknown	LTE	false	0	420	OFF
2026-08-03T00:39:50	LTE,Unknown	LTE	false	0	420	OFF
2026-08-03T00:40:20	LTE,Unknown	LTE	false	0	420	OFF
2026-08-03T00:40:51	LTE,Unknown	LTE	false	0	420	OFF
2026-08-03T00:41:22	LTE,Unknown	LTE	false	0	420	OFF
2026-08-03T00:41:52	LTE,Unknown	LTE	false	0	420	OFF
2026-08-03T00:42:23	LTE,Unknown	LTE	false	0	420	OFF
2026-08-03T00:42:54	LTE,Unknown	LTE	false	0	420	OFF
2026-08-03T00:43:24	LTE,Unknown	LTE	false	0	420	OFF
2026-08-03T00:43:55	LTE,Unknown	LTE	false	0	420	OFF
2026-08-03T00:44:26	LTE,Unknown	LTE	false	0	420	OFF
2026-08-03T00:44:57	LTE,Unknown	LTE	false	0	420	OFF
2026-08-03T00:45:27	LTE,Unknown	LTE	false	0	420	OFF
2026-08-03T00:45:58	LTE,Unknown	LTE	false	0	420	OFF
2026-08-03T00:46:28	LTE,Unknown	LTE	false	0	420	OFF
2026-08-03T00:46:59	LTE,Unknown	LTE	false	0	420	OFF
2026-08-03T00:47:29	LTE,Unknown	LTE	false	0	420	OFF
2026-08-03T00:48:01	LTE,Unknown	LTE	false	0	420	OFF
2026-08-03T00:48:32	LTE,Unknown	LTE	false	0	420	OFF
2026-08-03T00:49:03	LTE,Unknown	LTE	false	0	420	OFF
2026-08-03T00:49:33	LTE,Unknown	LTE	false	0	420	OFF
2026-08-03T00:50:04	LTE,Unknown	LTE	false	0	420	OFF
2026-08-03T00:50:35	LTE,Unknown	LTE	false	0	420	OFF
2026-08-03T00:51:05	LTE,Unknown	LTE	false	0	420	OFF
2026-08-03T00:51:36	LTE,Unknown	LTE	false	0	420	OFF
2026-08-03T00:52:06	LTE,Unknown	LTE	false	0	420	OFF
2026-08-03T00:52:37	LTE,Unknown	LTE	false	0	420	OFF
2026-08-03T00:53:08	LTE,Unknown	LTE	false	0	420	OFF
2026-08-03T00:53:38	LTE,Unknown	LTE	false	0	420	OFF
2026-08-03T00:54:09	LTE,Unknown	LTE	false	0	420	OFF
2026-08-03T00:54:40	LTE,Unknown	LTE	false	0	420	OFF
2026-08-03T00:55:11	LTE,Unknown	LTE	false	0	420	OFF
2026-08-03T00:55:42	LTE,Unknown	LTE	false	0	420	OFF
2026-08-03T00:56:13	LTE,Unknown	LTE	false	0	420	OFF
2026-08-03T00:56:44	LTE,Unknown	LTE	false	0	420	OFF
2026-08-03T00:57:15	LTE,Unknown	LTE	false	0	420	OFF
2026-08-03T00:57:46	LTE,Unknown	LTE	false	0	420	OFF
2026-08-03T00:58:16	LTE,Unknown	LTE	false	0	420	OFF
2026-08-03T00:58:47	LTE,Unknown	LTE	false	0	420	OFF
2026-08-03T00:59:17	LTE,Unknown	LTE	false	0	420	OFF
2026-08-03T00:59:48	LTE,Unknown	LTE	false	0	420	OFF
2026-08-03T01:00:20	LTE,Unknown	LTE	false	0	420	OFF
2026-08-03T01:00:51	LTE,Unknown	LTE	false	0	420	OFF
2026-08-03T01:01:23	LTE,Unknown	LTE	false	0	420	OFF
2026-08-03T01:01:54	LTE,Unknown	LTE	false	0	420	OFF
2026-08-03T01:02:24	LTE,Unknown	LTE	false	0	420	OFF
2026-08-03T01:02:56	LTE,Unknown	LTE	false	0	420	OFF
2026-08-03T01:03:26	LTE,Unknown	LTE	false	0	420	OFF
2026-08-03T01:03:57	LTE,Unknown	LTE	false	0	420	OFF
2026-08-03T01:04:27	LTE,Unknown	LTE	false	0	420	OFF
2026-08-03T01:04:58	LTE,Unknown	LTE	false	0	420	OFF
2026-08-03T01:05:28	LTE,Unknown	LTE	false	0	420	OFF
2026-08-03T01:05:58	LTE,Unknown	LTE	false	0	420	OFF
2026-08-03T01:06:29	LTE,Unknown	LTE	false	0	420	OFF
2026-08-03T01:06:59	LTE,Unknown	LTE	false	0	420	OFF
2026-08-03T01:07:30	LTE,Unknown	LTE	false	0	420	OFF
2026-08-03T01:08:00	LTE,Unknown	LTE	false	0	420	OFF
2026-08-03T01:08:31	LTE,Unknown	LTE	false	0	420	OFF
2026-08-03T01:09:02	LTE,Unknown	LTE	false	0	420	OFF
2026-08-03T01:09:32	LTE,Unknown	LTE	false	0	420	OFF
2026-08-03T01:10:04	LTE,Unknown	LTE	false	0	420	OFF
2026-08-03T01:10:35	LTE,Unknown	LTE	false	0	420	OFF
2026-08-03T01:11:06	LTE,Unknown	LTE	false	0	420	OFF
2026-08-03T01:11:36	LTE,Unknown	LTE	false	0	420	OFF
2026-08-03T01:12:07	LTE,Unknown	LTE	false	0	420	OFF
2026-08-03T01:12:37	LTE,Unknown	LTE	false	0	420	OFF
2026-08-03T01:13:08	LTE,Unknown	LTE	false	0	420	OFF
2026-08-03T01:13:38	LTE,Unknown	LTE	false	0	420	OFF
2026-08-03T01:14:09	LTE,Unknown	LTE	false	0	420	OFF
2026-08-03T01:14:39	LTE,Unknown	LTE	false	0	420	OFF
2026-08-03T01:15:10	LTE,Unknown	LTE	false	0	420	OFF
2026-08-03T01:15:40	LTE,Unknown	LTE	false	0	420	OFF
2026-08-03T01:16:11	LTE,Unknown	LTE	false	0	420	OFF
2026-08-03T01:16:42	LTE,Unknown	LTE	false	0	420	OFF
2026-08-03T01:17:14	LTE,Unknown	LTE	false	0	420	OFF
2026-08-03T01:17:45	LTE,Unknown	LTE	false	0	420	OFF
2026-08-03T01:18:16	LTE,Unknown	LTE	false	0	420	OFF
2026-08-03T01:18:47	LTE,Unknown	LTE	false	0	420	OFF
2026-08-03T01:19:18	LTE,Unknown	LTE	false	0	420	OFF
2026-08-03T01:19:48	LTE,Unknown	LTE	false	0	420	OFF
2026-08-03T01:20:19	LTE,Unknown	LTE	false	0	420	OFF
2026-08-03T01:20:49	LTE,Unknown	LTE	false	0	420	OFF
2026-08-03T01:21:20	LTE,Unknown	LTE	false	0	420	OFF
2026-08-03T01:21:50	LTE,Unknown	LTE	false	0	420	OFF
2026-08-03T01:22:20	LTE,Unknown	LTE	false	0	420	OFF
2026-08-03T01:22:51	LTE,Unknown	LTE	false	0	420	OFF
2026-08-03T01:23:21	LTE,Unknown	LTE	false	0	420	OFF
2026-08-03T01:23:51	LTE,Unknown	LTE	false	0	420	OFF
2026-08-03T01:24:22	LTE,Unknown	LTE	false	0	420	OFF
2026-08-03T01:24:52	LTE,Unknown	LTE	false	0	420	OFF
2026-08-03T01:25:23	LTE,Unknown	LTE	false	0	420	OFF
2026-08-03T01:25:54	LTE,Unknown	LTE	false	0	420	OFF
2026-08-03T01:26:24	LTE,Unknown	LTE	false	0	420	OFF
2026-08-03T01:26:55	LTE,Unknown	LTE	false	0	420	OFF
2026-08-03T01:27:26	LTE,Unknown	LTE	false	0	420	OFF
2026-08-03T01:27:56	LTE,Unknown	LTE	false	0	420	OFF
2026-08-03T01:28:27	LTE,Unknown	LTE	false	0	420	OFF
2026-08-03T01:28:57	LTE,Unknown	LTE	false	0	420	OFF
2026-08-03T01:29:28	LTE,Unknown	LTE	false	0	420	OFF
2026-08-03T01:29:59	LTE,Unknown	LTE	false	0	420	OFF
2026-08-03T01:30:29	LTE,Unknown	LTE	false	0	420	OFF
2026-08-03T01:31:00	LTE,Unknown	LTE	false	0	420	OFF
2026-08-03T01:31:31	LTE,Unknown	LTE	false	0	420	OFF
2026-08-03T01:32:02	LTE,Unknown	LTE	false	0	420	OFF
2026-08-03T01:32:32	LTE,Unknown	LTE	false	0	420	OFF
2026-08-03T01:33:03	LTE,Unknown	LTE	false	0	420	OFF
2026-08-03T01:33:33	LTE,Unknown	LTE	false	0	420	OFF
2026-08-03T01:34:04	LTE,Unknown	LTE	false	0	420	OFF
2026-08-03T01:34:34	LTE,Unknown	LTE	false	0	420	OFF
2026-08-03T01:35:05	LTE,Unknown	LTE	false	0	420	OFF
2026-08-03T01:35:35	LTE,Unknown	LTE	false	0	420	OFF
2026-08-03T01:36:06	LTE,Unknown	LTE	false	0	420	OFF
2026-08-03T01:36:37	LTE,Unknown	LTE	false	0	420	OFF
2026-08-03T01:37:08	LTE,Unknown	LTE	false	0	420	OFF
2026-08-03T01:37:39	LTE,Unknown	LTE	false	0	420	OFF
2026-08-03T01:38:09	LTE,Unknown	LTE	false	0	420	OFF
2026-08-03T01:38:40	LTE,Unknown	LTE	false	0	420	OFF
2026-08-03T01:39:11	LTE,Unknown	LTE	false	0	420	OFF
2026-08-03T01:39:41	LTE,Unknown	LTE	false	0	420	OFF
2026-08-03T01:40:12	LTE,Unknown	LTE	false	0	420	OFF
2026-08-03T01:40:42	LTE,Unknown	LTE	false	0	420	OFF
2026-08-03T01:41:12	LTE,Unknown	LTE	false	0	420	OFF
2026-08-03T01:41:43	LTE,Unknown	LTE	false	0	420	OFF
2026-08-03T01:42:13	LTE,Unknown	LTE	false	0	420	OFF
2026-08-03T01:42:44	LTE,Unknown	LTE	false	0	420	OFF
2026-08-03T01:43:15	LTE,Unknown	LTE	false	0	420	OFF
2026-08-03T01:43:45	LTE,Unknown	LTE	false	0	420	OFF
2026-08-03T01:44:16	LTE,Unknown	LTE	false	0	420	OFF
2026-08-03T01:44:47	LTE,Unknown	LTE	false	0	420	OFF
2026-08-03T01:45:18	LTE,Unknown	LTE	false	0	420	OFF
2026-08-03T01:45:48	LTE,Unknown	LTE	false	0	420	OFF
2026-08-03T01:46:19	LTE,Unknown	LTE	false	0	420	OFF
2026-08-03T01:46:49	LTE,Unknown	LTE	false	0	420	OFF
2026-08-03T01:47:20	LTE,Unknown	LTE	false	0	420	OFF
2026-08-03T01:47:51	LTE,Unknown	LTE	false	0	420	OFF
2026-08-03T01:48:21	LTE,Unknown	LTE	false	0	420	OFF
2026-08-03T01:48:52	LTE,Unknown	LTE	false	0	420	OFF
2026-08-03T01:49:23	LTE,Unknown	LTE	false	0	420	OFF
2026-08-03T01:49:53	LTE,Unknown	LTE	false	0	420	OFF
2026-08-03T01:50:24	LTE,Unknown	LTE	false	0	420	OFF
2026-08-03T01:50:55	LTE,Unknown	LTE	false	0	420	OFF
2026-08-03T01:51:25	LTE,Unknown	LTE	false	0	420	OFF
2026-08-03T01:51:56	LTE,Unknown	LTE	false	0	420	OFF
2026-08-03T01:52:26	LTE,Unknown	LTE	false	0	420	OFF
2026-08-03T01:52:57	LTE,Unknown	LTE	false	0	420	OFF
2026-08-03T01:53:27	LTE,Unknown	LTE	false	0	420	OFF
2026-08-03T01:53:57	LTE,Unknown	LTE	false	0	420	OFF
2026-08-03T01:54:28	LTE,Unknown	LTE	false	0	420	OFF
2026-08-03T01:54:58	LTE,Unknown	LTE	false	0	420	OFF
2026-08-03T01:55:29	LTE,Unknown	LTE	false	0	420	OFF
2026-08-03T01:56:00	LTE,Unknown	LTE	false	0	420	OFF
2026-08-03T01:56:31	LTE,Unknown	LTE	false	0	420	OFF
2026-08-03T01:57:02	LTE,Unknown	LTE	false	0	420	OFF
2026-08-03T01:57:32	LTE,Unknown	LTE	false	0	420	OFF
2026-08-03T01:58:03	LTE,Unknown	LTE	false	0	420	OFF
2026-08-03T01:58:34	LTE,Unknown	LTE	false	0	420	OFF
2026-08-03T01:59:04	LTE,Unknown	LTE	false	0	420	OFF
2026-08-03T01:59:35	LTE,Unknown	LTE	false	0	420	OFF
2026-08-03T02:00:06	LTE,Unknown	LTE	false	0	420	OFF
2026-08-03T02:00:37	LTE,Unknown	LTE	false	0	420	OFF
2026-08-03T02:01:07	LTE,Unknown	LTE	false	0	420	OFF
2026-08-03T02:01:38	LTE,Unknown	LTE	false	0	420	OFF
2026-08-03T02:02:08	LTE,Unknown	LTE	false	0	420	OFF
2026-08-03T02:02:39	LTE,Unknown	LTE	false	0	420	OFF
2026-08-03T02:03:09	LTE,Unknown	LTE	false	0	420	OFF
2026-08-03T02:03:40	LTE,Unknown	LTE	false	0	420	OFF
2026-08-03T02:04:10	LTE,Unknown	LTE	false	0	420	OFF
2026-08-03T02:04:41	LTE,Unknown	LTE	false	0	420	OFF
2026-08-03T02:05:11	LTE,Unknown	LTE	false	0	420	OFF
2026-08-03T02:05:42	LTE,Unknown	LTE	false	0	420	OFF
2026-08-03T02:06:13	LTE,Unknown	LTE	false	0	420	OFF
2026-08-03T02:06:44	LTE,Unknown	LTE	false	0	420	OFF
2026-08-03T02:07:14	LTE,Unknown	LTE	false	0	420	OFF
2026-08-03T02:07:45	LTE,Unknown	LTE	false	0	420	OFF
2026-08-03T02:08:15	LTE,Unknown	LTE	false	0	420	OFF
2026-08-03T02:08:46	LTE,Unknown	LTE	false	0	420	OFF
2026-08-03T02:09:17	LTE,Unknown	LTE	false	0	420	OFF
2026-08-03T02:09:47	LTE,Unknown	LTE	false	0	420	OFF
2026-08-03T02:10:18	LTE,Unknown	LTE	false	0	420	OFF
2026-08-03T02:10:48	LTE,Unknown	LTE	false	0	420	OFF
2026-08-03T02:11:19	LTE,Unknown	LTE	false	0	420	OFF
2026-08-03T02:11:50	LTE,Unknown	LTE	false	0	420	OFF
2026-08-03T02:12:21	LTE,Unknown	LTE	false	0	420	OFF
2026-08-03T02:12:51	LTE,Unknown	LTE	false	0	420	OFF
2026-08-03T02:13:22	LTE,Unknown	LTE	false	0	420	OFF
2026-08-03T02:13:53	LTE,Unknown	LTE	false	0	420	OFF
2026-08-03T02:14:23	LTE,Unknown	LTE	false	0	420	OFF
2026-08-03T02:14:54	LTE,Unknown	LTE	false	0	420	OFF
2026-08-03T02:15:24	LTE,Unknown	LTE	false	0	420	OFF
2026-08-03T02:15:55	LTE,Unknown	LTE	false	0	420	OFF
2026-08-03T02:16:26	LTE,Unknown	LTE	false	0	420	OFF
2026-08-03T02:16:56	LTE,Unknown	LTE	false	0	420	OFF
2026-08-03T02:17:27	LTE,Unknown	LTE	false	0	420	OFF
2026-08-03T02:17:58	LTE,Unknown	LTE	false	0	420	OFF
2026-08-03T02:18:28	LTE,Unknown	LTE	false	0	420	OFF
2026-08-03T02:18:59	LTE,Unknown	LTE	false	0	420	OFF
2026-08-03T02:19:29	LTE,Unknown	LTE	false	0	420	OFF
2026-08-03T02:19:59	LTE,Unknown	LTE	false	0	420	OFF
2026-08-03T02:20:30	LTE,Unknown	LTE	false	0	420	OFF
2026-08-03T02:21:00	LTE,Unknown	LTE	false	0	420	OFF
2026-08-03T02:21:31	LTE,Unknown	LTE	false	0	420	OFF
2026-08-03T02:22:02	LTE,Unknown	LTE	false	0	420	OFF
2026-08-03T02:22:32	LTE,Unknown	LTE	false	0	420	OFF
2026-08-03T02:23:03	LTE,Unknown	LTE	false	0	420	OFF
2026-08-03T02:23:34	LTE,Unknown	LTE	false	0	420	OFF
2026-08-03T02:24:04	LTE,Unknown	LTE	false	0	420	OFF
2026-08-03T02:24:35	LTE,Unknown	LTE	false	0	420	OFF
2026-08-03T02:25:05	LTE,Unknown	LTE	false	0	420	OFF
2026-08-03T02:25:35	LTE,Unknown	LTE	false	0	420	OFF
2026-08-03T02:26:05	LTE,Unknown	LTE	false	0	420	OFF
2026-08-03T02:26:36	LTE,Unknown	LTE	false	0	420	OFF
2026-08-03T02:27:06	LTE,Unknown	LTE	false	0	420	OFF
2026-08-03T02:27:36	LTE,Unknown	LTE	false	0	420	OFF
2026-08-03T02:28:07	LTE,Unknown	LTE	false	0	420	OFF
2026-08-03T02:28:37	LTE,Unknown	LTE	false	0	420	OFF
2026-08-03T02:29:07	LTE,Unknown	LTE	false	0	420	OFF
2026-08-03T02:29:37	LTE,Unknown	LTE	false	0	420	OFF
2026-08-03T02:30:08	LTE,Unknown	LTE	false	0	420	OFF
2026-08-03T02:30:38	LTE,Unknown	LTE	false	0	420	OFF
2026-08-03T02:31:08	LTE,Unknown	LTE	false	0	420	OFF
2026-08-03T02:31:39	LTE,Unknown	LTE	false	0	420	OFF
2026-08-03T02:32:09	LTE,Unknown	LTE	false	0	420	OFF
2026-08-03T02:32:39	LTE,Unknown	LTE	false	0	420	OFF
2026-08-03T02:33:10	LTE,Unknown	LTE	false	0	420	OFF
2026-08-03T02:33:40	LTE,Unknown	LTE	false	0	420	OFF
2026-08-03T02:34:10	LTE,Unknown	LTE	false	0	420	OFF
2026-08-03T02:34:41	LTE,Unknown	LTE	false	0	420	OFF
2026-08-03T02:35:11	LTE,Unknown	LTE	false	0	420	OFF
2026-08-03T02:35:41	LTE,Unknown	LTE	false	0	420	OFF
2026-08-03T02:36:12	LTE,Unknown	LTE	false	0	420	OFF
2026-08-03T02:36:42	LTE,Unknown	LTE	false	0	420	OFF
2026-08-03T02:37:12	LTE,Unknown	LTE	false	0	420	OFF
2026-08-03T02:37:43	LTE,Unknown	LTE	false	0	420	OFF
2026-08-03T02:38:13	LTE,Unknown	LTE	false	0	420	OFF
2026-08-03T02:38:43	LTE,Unknown	LTE	false	0	420	OFF
2026-08-03T02:39:14	LTE,Unknown	LTE	false	0	420	OFF
2026-08-03T02:39:44	LTE,Unknown	LTE	false	0	420	OFF
2026-08-03T02:40:14	LTE,Unknown	LTE	false	0	420	OFF
2026-08-03T02:40:45	LTE,Unknown	LTE	false	0	420	OFF
2026-08-03T02:41:15	LTE,Unknown	LTE	false	0	420	OFF
2026-08-03T02:41:45	LTE,Unknown	LTE	false	0	420	OFF
2026-08-03T02:42:16	LTE,Unknown	LTE	false	0	420	OFF
2026-08-03T02:42:46	LTE,Unknown	LTE	false	0	420	OFF
2026-08-03T02:43:16	LTE,Unknown	LTE	false	0	420	OFF
2026-08-03T02:43:46	LTE,Unknown	LTE	false	0	420	OFF
2026-08-03T02:44:17	LTE,Unknown	LTE	false	0	420	OFF
2026-08-03T02:44:47	LTE,Unknown	LTE	false	0	420	OFF
2026-08-03T02:45:17	LTE,Unknown	LTE	false	0	420	OFF
2026-08-03T02:45:48	LTE,Unknown	LTE	false	0	420	OFF
2026-08-03T02:46:18	LTE,Unknown	LTE	false	0	420	OFF
2026-08-03T02:46:48	LTE,Unknown	LTE	false	0	420	OFF
2026-08-03T02:47:19	LTE,Unknown	LTE	false	0	420	OFF
2026-08-03T02:47:49	LTE,Unknown	LTE	false	0	420	OFF
2026-08-03T02:48:19	LTE,Unknown	LTE	false	0	420	OFF
2026-08-03T02:48:49	LTE,Unknown	LTE	false	0	420	OFF
2026-08-03T02:49:20	LTE,Unknown	LTE	false	0	420	OFF
2026-08-03T02:49:50	LTE,Unknown	LTE	false	0	420	OFF
2026-08-03T02:50:20	LTE,Unknown	LTE	false	0	420	OFF
2026-08-03T02:50:51	LTE,Unknown	LTE	false	0	420	OFF
2026-08-03T02:51:21	LTE,Unknown	LTE	false	0	420	OFF
2026-08-03T02:51:51	LTE,Unknown	LTE	false	0	420	OFF
2026-08-03T02:52:21	LTE,Unknown	LTE	false	0	420	OFF
2026-08-03T02:52:52	LTE,Unknown	LTE	false	0	420	OFF
2026-08-03T02:53:22	LTE,Unknown	LTE	false	0	420	OFF
2026-08-03T02:53:52	LTE,Unknown	LTE	false	0	420	OFF
2026-08-03T02:54:23	LTE,Unknown	LTE	false	0	420	OFF
2026-08-03T02:54:53	LTE,Unknown	LTE	false	0	420	OFF
2026-08-03T02:55:23	LTE,Unknown	LTE	false	0	420	OFF
2026-08-03T02:55:54	LTE,Unknown	LTE	false	0	420	OFF
2026-08-03T02:56:24	LTE,Unknown	LTE	false	0	420	OFF
2026-08-03T02:56:54	LTE,Unknown	LTE	false	0	420	OFF
2026-08-03T02:57:24	LTE,Unknown	LTE	false	0	420	OFF
2026-08-03T02:57:55	LTE,Unknown	LTE	false	0	420	OFF
2026-08-03T02:58:25	LTE,Unknown	LTE	false	0	420	OFF
2026-08-03T02:58:55	LTE,Unknown	LTE	false	0	420	OFF
2026-08-03T02:59:26	LTE,Unknown	LTE	false	0	420	OFF
2026-08-03T02:59:56	LTE,Unknown	LTE	false	0	420	OFF
2026-08-03T03:00:26	LTE,Unknown	LTE	false	0	420	OFF
2026-08-03T03:00:57	LTE,Unknown	LTE	false	0	420	OFF
2026-08-03T03:01:27	LTE,Unknown	LTE	false	0	420	OFF
2026-08-03T03:01:57	LTE,Unknown	LTE	false	0	420	OFF
2026-08-03T03:02:27	LTE,Unknown	LTE	false	0	420	OFF
2026-08-03T03:02:58	LTE,Unknown	LTE	false	0	420	OFF
2026-08-03T03:03:28	LTE,Unknown	LTE	false	0	420	OFF
2026-08-03T03:03:58	LTE,Unknown	LTE	false	0	420	OFF
2026-08-03T03:04:29	LTE,Unknown	LTE	false	0	420	OFF
2026-08-03T03:04:59	LTE,Unknown	LTE	false	0	420	OFF
2026-08-03T03:05:29	LTE,Unknown	LTE	false	0	420	OFF
2026-08-03T03:06:00	LTE,Unknown	LTE	false	0	420	OFF
2026-08-03T03:06:30	LTE,Unknown	LTE	false	0	420	OFF
2026-08-03T03:07:00	LTE,Unknown	LTE	false	0	420	OFF
2026-08-03T03:07:30	LTE,Unknown	LTE	false	0	420	OFF
2026-08-03T03:08:01	LTE,Unknown	LTE	false	0	420	OFF
2026-08-03T03:08:31	LTE,Unknown	LTE	false	0	420	OFF
2026-08-03T03:09:01	LTE,Unknown	LTE	false	0	420	OFF
2026-08-03T03:09:32	LTE,Unknown	LTE	false	0	420	OFF
2026-08-03T03:10:02	LTE,Unknown	LTE	false	0	420	OFF
2026-08-03T03:10:32	LTE,Unknown	LTE	false	0	420	OFF
2026-08-03T03:11:02	LTE,Unknown	LTE	false	0	420	OFF
2026-08-03T03:11:33	LTE,Unknown	LTE	false	0	420	OFF
2026-08-03T03:12:03	LTE,Unknown	LTE	false	0	420	OFF
2026-08-03T03:12:33	LTE,Unknown	LTE	false	0	420	OFF
2026-08-03T03:13:04	LTE,Unknown	LTE	false	0	420	OFF
2026-08-03T03:13:34	LTE,Unknown	LTE	false	0	420	OFF
2026-08-03T03:14:04	LTE,Unknown	LTE	false	0	420	OFF
2026-08-03T03:14:35	LTE,Unknown	LTE	false	0	420	OFF
2026-08-03T03:15:05	LTE,Unknown	LTE	false	0	420	OFF
2026-08-03T03:15:35	LTE,Unknown	LTE	false	0	420	OFF
2026-08-03T03:16:05	LTE,Unknown	LTE	false	0	420	OFF
2026-08-03T03:16:36	LTE,Unknown	LTE	false	0	420	OFF
2026-08-03T03:17:06	LTE,Unknown	LTE	false	0	420	OFF
2026-08-03T03:17:36	LTE,Unknown	LTE	false	0	420	OFF
2026-08-03T03:18:07	LTE,Unknown	LTE	false	0	420	OFF
2026-08-03T03:18:37	LTE,Unknown	LTE	false	0	420	OFF
2026-08-03T03:19:07	LTE,Unknown	LTE	false	0	420	OFF
2026-08-03T03:19:37	LTE,Unknown	LTE	false	0	420	OFF
2026-08-03T03:20:08	LTE,Unknown	LTE	false	0	420	OFF
2026-08-03T03:20:38	LTE,Unknown	LTE	false	0	420	OFF
2026-08-03T03:21:08	LTE,Unknown	LTE	false	0	420	OFF
2026-08-03T03:21:39	LTE,Unknown	LTE	false	0	420	OFF
2026-08-03T03:22:09	LTE,Unknown	LTE	false	0	420	OFF
2026-08-03T03:22:39	LTE,Unknown	LTE	false	0	420	OFF
2026-08-03T03:23:10	LTE,Unknown	LTE	false	0	420	OFF
2026-08-03T03:23:40	LTE,Unknown	LTE	false	0	420	OFF
2026-08-03T03:24:10	LTE,Unknown	LTE	false	0	420	OFF
2026-08-03T03:24:41	LTE,Unknown	LTE	false	0	420	OFF
2026-08-03T03:25:11	LTE,Unknown	LTE	false	0	420	OFF
2026-08-03T03:25:41	LTE,Unknown	LTE	false	0	420	OFF
2026-08-03T03:26:12	LTE,Unknown	LTE	false	0	420	OFF
2026-08-03T03:26:42	LTE,Unknown	LTE	false	0	420	OFF
2026-08-03T03:27:12	LTE,Unknown	LTE	false	0	420	OFF
2026-08-03T03:27:43	LTE,Unknown	LTE	false	0	420	OFF
2026-08-03T03:28:13	LTE,Unknown	LTE	false	0	420	OFF
2026-08-03T03:28:43	LTE,Unknown	LTE	false	0	420	OFF
2026-08-03T03:29:14	LTE,Unknown	LTE	false	0	420	OFF
2026-08-03T03:29:44	LTE,Unknown	LTE	false	0	420	OFF
2026-08-03T03:30:14	LTE,Unknown	LTE	false	0	420	OFF
2026-08-03T03:30:45	LTE,Unknown	LTE	false	0	420	OFF
2026-08-03T03:31:15	LTE,Unknown	LTE	false	0	420	OFF
2026-08-03T03:31:45	LTE,Unknown	LTE	false	0	420	OFF
2026-08-03T03:32:16	LTE,Unknown	LTE	false	0	420	OFF
2026-08-03T03:32:46	LTE,Unknown	LTE	false	0	420	OFF
2026-08-03T03:33:16	LTE,Unknown	LTE	false	0	420	OFF
2026-08-03T03:33:46	LTE,Unknown	LTE	false	0	420	OFF
2026-08-03T03:34:17	LTE,Unknown	LTE	false	0	420	OFF
2026-08-03T03:34:47	LTE,Unknown	LTE	false	0	420	OFF
2026-08-03T03:35:17	LTE,Unknown	LTE	false	0	420	OFF
2026-08-03T03:35:48	LTE,Unknown	LTE	false	0	420	OFF
2026-08-03T03:36:18	LTE,Unknown	LTE	false	0	420	OFF
2026-08-03T03:36:48	LTE,Unknown	LTE	false	0	420	OFF
2026-08-03T03:37:19	LTE,Unknown	LTE	false	0	420	OFF
2026-08-03T03:37:49	LTE,Unknown	LTE	false	0	420	OFF
2026-08-03T03:38:19	LTE,Unknown	LTE	false	0	420	OFF
2026-08-03T03:38:50	LTE,Unknown	LTE	false	0	420	OFF
2026-08-03T03:39:20	LTE,Unknown	LTE	false	0	420	OFF
2026-08-03T03:39:50	LTE,Unknown	LTE	false	0	420	OFF
2026-08-03T03:40:20	LTE,Unknown	LTE	false	0	420	OFF
2026-08-03T03:40:51	LTE,Unknown	LTE	false	0	420	OFF
2026-08-03T03:41:21	LTE,Unknown	LTE	false	0	420	OFF
2026-08-03T03:41:51	LTE,Unknown	LTE	false	0	420	OFF
2026-08-03T03:42:22	LTE,Unknown	LTE	false	0	420	OFF
2026-08-03T03:42:52	LTE,Unknown	LTE	false	0	420	OFF
2026-08-03T03:43:22	LTE,Unknown	LTE	false	0	420	OFF
2026-08-03T03:43:53	LTE,Unknown	LTE	false	0	420	OFF
2026-08-03T03:44:23	LTE,Unknown	LTE	false	0	420	OFF
2026-08-03T03:44:53	LTE,Unknown	LTE	false	0	420	OFF
2026-08-03T03:45:23	LTE,Unknown	LTE	false	0	420	OFF
2026-08-03T03:45:54	LTE,Unknown	LTE	false	0	420	OFF
2026-08-03T03:46:24	LTE,Unknown	LTE	false	0	420	OFF
2026-08-03T03:46:54	LTE,Unknown	LTE	false	0	420	OFF
2026-08-03T03:47:25	LTE,Unknown	LTE	false	0	420	OFF
2026-08-03T03:47:55	LTE,Unknown	LTE	false	0	420	OFF
2026-08-03T03:48:25	LTE,Unknown	LTE	false	0	420	OFF
2026-08-03T03:48:56	LTE,Unknown	LTE	false	0	420	OFF
2026-08-03T03:49:26	LTE,Unknown	LTE	false	0	420	OFF
2026-08-03T03:49:56	LTE,Unknown	LTE	false	0	420	OFF
2026-08-03T03:50:26	LTE,Unknown	LTE	false	0	420	OFF
2026-08-03T03:50:57	LTE,Unknown	LTE	false	0	420	OFF
2026-08-03T03:51:27	LTE,Unknown	LTE	false	0	420	OFF
2026-08-03T03:51:57	LTE,Unknown	LTE	false	0	420	OFF
2026-08-03T03:52:28	LTE,Unknown	LTE	false	0	420	OFF
2026-08-03T03:52:58	LTE,Unknown	LTE	false	0	420	OFF
2026-08-03T03:53:28	LTE,Unknown	LTE	false	0	420	OFF
2026-08-03T03:53:58	LTE,Unknown	LTE	false	0	420	OFF
2026-08-03T03:54:29	LTE,Unknown	LTE	false	0	420	OFF
2026-08-03T03:54:59	LTE,Unknown	LTE	false	0	420	OFF
2026-08-03T03:55:29	LTE,Unknown	LTE	false	0	420	OFF
2026-08-03T03:56:00	LTE,Unknown	LTE	false	0	420	OFF
2026-08-03T03:56:30	LTE,Unknown	LTE	false	0	420	OFF
2026-08-03T03:57:00	LTE,Unknown	LTE	false	0	420	OFF
2026-08-03T03:57:31	LTE,Unknown	LTE	false	0	420	OFF
2026-08-03T03:58:01	LTE,Unknown	LTE	false	0	420	OFF
2026-08-03T03:58:31	LTE,Unknown	LTE	false	0	420	OFF
2026-08-03T03:59:01	LTE,Unknown	LTE	false	0	420	OFF
2026-08-03T03:59:32	LTE,Unknown	LTE	false	0	420	OFF
2026-08-03T04:00:02	LTE,Unknown	LTE	false	0	420	OFF
2026-08-03T04:00:32	LTE,Unknown	LTE	false	0	420	OFF
2026-08-03T04:01:03	LTE,Unknown	LTE	false	0	420	OFF
2026-08-03T04:01:33	LTE,Unknown	LTE	false	0	420	OFF
2026-08-03T04:02:03	LTE,Unknown	LTE	false	0	420	OFF
2026-08-03T04:02:34	LTE,Unknown	LTE	false	0	420	OFF
2026-08-03T04:03:04	LTE,Unknown	LTE	false	0	420	OFF
2026-08-03T04:03:34	LTE,Unknown	LTE	false	0	420	OFF
2026-08-03T04:04:05	LTE,Unknown	LTE	false	0	420	OFF
2026-08-03T04:04:35	LTE,Unknown	LTE	false	0	420	OFF
2026-08-03T04:05:05	LTE,Unknown	LTE	false	0	420	OFF
2026-08-03T04:05:36	LTE,Unknown	LTE	false	0	420	OFF
2026-08-03T04:06:06	LTE,Unknown	LTE	false	0	420	OFF
2026-08-03T04:06:36	LTE,Unknown	LTE	false	0	420	OFF
2026-08-03T04:07:06	LTE,Unknown	LTE	false	0	420	OFF
2026-08-03T04:07:37	LTE,Unknown	LTE	false	0	420	OFF
2026-08-03T04:08:07	LTE,Unknown	LTE	false	0	420	OFF
2026-08-03T04:08:37	LTE,Unknown	LTE	false	0	420	OFF
2026-08-03T04:09:08	LTE,Unknown	LTE	false	0	420	OFF
2026-08-03T04:09:38	LTE,Unknown	LTE	false	0	420	OFF
2026-08-03T04:10:08	LTE,Unknown	LTE	false	0	420	OFF
2026-08-03T04:10:39	LTE,Unknown	LTE	false	0	420	OFF
2026-08-03T04:11:09	LTE,Unknown	LTE	false	0	420	OFF
2026-08-03T04:11:39	LTE,Unknown	LTE	false	0	420	OFF
2026-08-03T04:12:09	LTE,Unknown	LTE	false	0	420	OFF
2026-08-03T04:12:40	LTE,Unknown	LTE	false	0	420	OFF
2026-08-03T04:13:10	LTE,Unknown	LTE	false	0	420	OFF
2026-08-03T04:13:40	LTE,Unknown	LTE	false	0	420	OFF
2026-08-03T04:14:11	LTE,Unknown	LTE	false	0	420	OFF
2026-08-03T04:14:41	LTE,Unknown	LTE	false	0	420	OFF
2026-08-03T04:15:11	LTE,Unknown	LTE	false	0	420	OFF
2026-08-03T04:15:42	LTE,Unknown	LTE	false	0	420	OFF
2026-08-03T04:16:12	LTE,Unknown	LTE	false	0	420	OFF
2026-08-03T04:16:42	LTE,Unknown	LTE	false	0	420	OFF
2026-08-03T04:17:13	LTE,Unknown	LTE	false	0	420	OFF
2026-08-03T04:17:43	LTE,Unknown	LTE	false	0	420	OFF
2026-08-03T04:18:13	LTE,Unknown	LTE	false	0	420	OFF
2026-08-03T04:18:44	LTE,Unknown	LTE	false	0	420	OFF
2026-08-03T04:19:14	LTE,Unknown	LTE	false	0	420	OFF
2026-08-03T04:19:44	LTE,Unknown	LTE	false	0	420	OFF
2026-08-03T04:20:15	LTE,Unknown	LTE	false	0	420	OFF
2026-08-03T04:20:45	LTE,Unknown	LTE	false	0	420	OFF
2026-08-03T04:21:15	LTE,Unknown	LTE	false	0	420	OFF
2026-08-03T04:21:46	LTE,Unknown	LTE	false	0	420	OFF
2026-08-03T04:22:16	LTE,Unknown	LTE	false	0	420	OFF
2026-08-03T04:22:46	LTE,Unknown	LTE	false	0	420	OFF
2026-08-03T04:23:17	LTE,Unknown	LTE	false	0	420	OFF
2026-08-03T04:23:47	LTE,Unknown	LTE	false	0	420	OFF
2026-08-03T04:24:17	LTE,Unknown	LTE	false	0	420	OFF
2026-08-03T04:24:48	LTE,Unknown	LTE	false	0	420	OFF
2026-08-03T04:25:18	LTE,Unknown	LTE	false	0	420	OFF
2026-08-03T04:25:48	LTE,Unknown	LTE	false	0	420	OFF
2026-08-03T04:26:18	LTE,Unknown	LTE	false	0	420	OFF
2026-08-03T04:26:49	LTE,Unknown	LTE	false	0	420	OFF
2026-08-03T04:27:19	LTE,Unknown	LTE	false	0	420	OFF
2026-08-03T04:27:49	LTE,Unknown	LTE	false	0	420	OFF
2026-08-03T04:28:20	LTE,Unknown	LTE	false	0	420	OFF
2026-08-03T04:28:50	LTE,Unknown	LTE	false	0	420	OFF
2026-08-03T04:29:20	LTE,Unknown	LTE	false	0	420	OFF
2026-08-03T04:29:51	LTE,Unknown	LTE	false	0	420	OFF
2026-08-03T04:30:21	LTE,Unknown	LTE	false	0	420	OFF
2026-08-03T04:30:51	LTE,Unknown	LTE	false	0	420	OFF
2026-08-03T04:31:21	LTE,Unknown	LTE	false	0	420	OFF
2026-08-03T04:31:52	LTE,Unknown	LTE	false	0	420	OFF
2026-08-03T04:32:22	LTE,Unknown	LTE	false	0	420	OFF
2026-08-03T04:32:52	LTE,Unknown	LTE	false	0	420	OFF
2026-08-03T04:33:23	LTE,Unknown	LTE	false	0	420	OFF
2026-08-03T04:33:53	LTE,Unknown	LTE	false	0	420	OFF
2026-08-03T04:34:23	LTE,Unknown	LTE	false	0	420	OFF
2026-08-03T04:34:54	LTE,Unknown	LTE	false	0	420	OFF
2026-08-03T04:35:24	LTE,Unknown	LTE	false	0	420	OFF
2026-08-03T04:35:54	LTE,Unknown	LTE	false	0	420	OFF
2026-08-03T04:36:24	LTE,Unknown	LTE	false	0	420	OFF
2026-08-03T04:36:55	LTE,Unknown	LTE	false	0	420	OFF
2026-08-03T04:37:25	LTE,Unknown	LTE	false	0	420	OFF
2026-08-03T04:37:55	LTE,Unknown	LTE	false	0	420	OFF
2026-08-03T04:38:26	LTE,Unknown	LTE	false	0	420	OFF
2026-08-03T04:38:56	LTE,Unknown	LTE	false	0	420	OFF
2026-08-03T04:39:26	LTE,Unknown	LTE	false	0	420	OFF
2026-08-03T04:39:57	LTE,Unknown	LTE	false	0	420	OFF
2026-08-03T04:40:27	LTE,Unknown	LTE	false	0	420	OFF
2026-08-03T04:40:57	LTE,Unknown	LTE	false	0	420	OFF
2026-08-03T04:41:28	LTE,Unknown	LTE	false	0	420	OFF
2026-08-03T04:41:58	LTE,Unknown	LTE	false	0	420	OFF
2026-08-03T04:42:28	LTE,Unknown	LTE	false	0	420	OFF
2026-08-03T04:42:58	LTE,Unknown	LTE	false	0	420	OFF
2026-08-03T04:43:29	LTE,Unknown	LTE	false	0	420	OFF
2026-08-03T04:43:59	LTE,Unknown	LTE	false	0	420	OFF
2026-08-03T04:44:29	LTE,Unknown	LTE	false	0	420	OFF
2026-08-03T04:45:00	LTE,Unknown	LTE	false	0	420	OFF
2026-08-03T04:45:30	LTE,Unknown	LTE	false	0	420	OFF
2026-08-03T04:46:00	LTE,Unknown	LTE	false	0	420	OFF
2026-08-03T04:46:31	LTE,Unknown	LTE	false	0	420	OFF
2026-08-03T04:47:01	LTE,Unknown	LTE	false	0	420	OFF
2026-08-03T04:47:31	LTE,Unknown	LTE	false	0	420	OFF
2026-08-03T04:48:01	LTE,Unknown	LTE	false	0	420	OFF
2026-08-03T04:48:32	LTE,Unknown	LTE	false	0	420	OFF
2026-08-03T04:49:02	LTE,Unknown	LTE	false	0	420	OFF
2026-08-03T04:49:32	LTE,Unknown	LTE	false	0	420	OFF
2026-08-03T04:50:03	LTE,Unknown	LTE	false	0	420	OFF
2026-08-03T04:50:33	LTE,Unknown	LTE	false	0	420	OFF
2026-08-03T04:51:03	LTE,Unknown	LTE	false	0	420	OFF
2026-08-03T04:51:34	LTE,Unknown	LTE	false	0	420	OFF
2026-08-03T04:52:04	LTE,Unknown	LTE	false	0	420	OFF
2026-08-03T04:52:34	LTE,Unknown	LTE	false	0	420	OFF
2026-08-03T04:53:04	LTE,Unknown	LTE	false	0	420	OFF
2026-08-03T04:53:35	LTE,Unknown	LTE	false	0	420	OFF
2026-08-03T04:54:05	LTE,Unknown	LTE	false	0	420	OFF
2026-08-03T04:54:35	LTE,Unknown	LTE	false	0	420	OFF
2026-08-03T04:55:06	LTE,Unknown	LTE	false	0	420	OFF
2026-08-03T04:55:36	LTE,Unknown	LTE	false	0	420	OFF
2026-08-03T04:56:06	LTE,Unknown	LTE	false	0	420	OFF
2026-08-03T04:56:37	LTE,Unknown	LTE	false	0	420	OFF
2026-08-03T04:57:07	LTE,Unknown	LTE	false	0	420	OFF
2026-08-03T04:57:37	LTE,Unknown	LTE	false	0	420	OFF
2026-08-03T04:58:07	LTE,Unknown	LTE	false	0	420	OFF
2026-08-03T04:58:38	LTE,Unknown	LTE	false	0	420	OFF
2026-08-03T04:59:08	LTE,Unknown	LTE	false	0	420	OFF
2026-08-03T04:59:38	LTE,Unknown	LTE	false	0	420	OFF
2026-08-03T05:00:09	LTE,Unknown	LTE	false	0	420	OFF
2026-08-03T05:00:39	LTE,Unknown	LTE	false	0	420	OFF
2026-08-03T05:01:09	LTE,Unknown	LTE	false	0	420	OFF
2026-08-03T05:01:40	LTE,Unknown	LTE	false	0	420	OFF
2026-08-03T05:02:10	LTE,Unknown	LTE	false	0	420	OFF
2026-08-03T05:02:40	LTE,Unknown	LTE	false	0	420	OFF
2026-08-03T05:03:11	LTE,Unknown	LTE	false	0	420	OFF
2026-08-03T05:03:41	LTE,Unknown	LTE	false	0	420	OFF
2026-08-03T05:04:11	LTE,Unknown	LTE	false	0	420	OFF
2026-08-03T05:04:42	LTE,Unknown	LTE	false	0	420	OFF
2026-08-03T05:05:12	LTE,Unknown	LTE	false	0	420	OFF
2026-08-03T05:05:42	LTE,Unknown	LTE	false	0	420	OFF
2026-08-03T05:06:13	LTE,Unknown	LTE	false	0	420	OFF
2026-08-03T05:06:43	LTE,Unknown	LTE	false	0	420	OFF
2026-08-03T05:07:13	LTE,Unknown	LTE	false	0	420	OFF
2026-08-03T05:07:44	LTE,Unknown	LTE	false	0	420	OFF
2026-08-03T05:08:14	LTE,Unknown	LTE	false	0	420	OFF
2026-08-03T05:08:44	LTE,Unknown	LTE	false	0	420	OFF
2026-08-03T05:09:15	LTE,Unknown	LTE	false	0	420	OFF
2026-08-03T05:09:45	LTE,Unknown	LTE	false	0	420	OFF
2026-08-03T05:10:15	LTE,Unknown	LTE	false	0	420	OFF
2026-08-03T05:10:45	LTE,Unknown	LTE	false	0	420	OFF
2026-08-03T05:11:16	LTE,Unknown	LTE	false	0	420	OFF
2026-08-03T05:11:46	LTE,Unknown	LTE	false	0	420	OFF
2026-08-03T05:12:16	LTE,Unknown	LTE	false	0	420	OFF
2026-08-03T05:12:47	LTE,Unknown	LTE	false	0	420	OFF
2026-08-03T05:13:17	LTE,Unknown	LTE	false	0	420	OFF
2026-08-03T05:13:47	LTE,Unknown	LTE	false	0	420	OFF
2026-08-03T05:14:18	LTE,Unknown	LTE	false	0	420	OFF
2026-08-03T05:14:48	LTE,Unknown	LTE	false	0	420	OFF
2026-08-03T05:15:18	LTE,Unknown	LTE	false	0	420	OFF
2026-08-03T05:15:49	LTE,Unknown	LTE	false	0	420	OFF
2026-08-03T05:16:19	LTE,Unknown	LTE	false	0	420	OFF
2026-08-03T05:16:49	LTE,Unknown	LTE	false	0	420	OFF
2026-08-03T05:17:19	LTE,Unknown	LTE	false	0	420	OFF
2026-08-03T05:17:50	LTE,Unknown	LTE	false	0	420	OFF
2026-08-03T05:18:20	LTE,Unknown	LTE	false	0	420	OFF
2026-08-03T05:18:50	LTE,Unknown	LTE	false	0	420	OFF
2026-08-03T05:19:21	LTE,Unknown	LTE	false	0	420	OFF
2026-08-03T05:19:51	LTE,Unknown	LTE	false	0	420	OFF
2026-08-03T05:20:21	LTE,Unknown	LTE	false	0	420	OFF
2026-08-03T05:20:52	LTE,Unknown	LTE	false	0	420	OFF
2026-08-03T05:21:22	LTE,Unknown	LTE	false	0	420	OFF
2026-08-03T05:21:52	LTE,Unknown	LTE	false	0	420	OFF
2026-08-03T05:22:22	LTE,Unknown	LTE	false	0	420	OFF
2026-08-03T05:22:53	LTE,Unknown	LTE	false	0	420	OFF
2026-08-03T05:23:23	LTE,Unknown	LTE	false	0	420	OFF
2026-08-03T05:23:53	LTE,Unknown	LTE	false	0	420	OFF
2026-08-03T05:24:24	LTE,Unknown	LTE	false	0	420	OFF
2026-08-03T05:24:54	LTE,Unknown	LTE	false	0	420	OFF
2026-08-03T05:25:24	LTE,Unknown	LTE	false	0	420	OFF
2026-08-03T05:25:54	LTE,Unknown	LTE	false	0	420	OFF
2026-08-03T05:26:25	LTE,Unknown	LTE	false	0	420	OFF
2026-08-03T05:26:55	LTE,Unknown	LTE	false	0	420	OFF
2026-08-03T05:27:25	LTE,Unknown	LTE	false	0	420	OFF
2026-08-03T05:27:56	LTE,Unknown	LTE	false	0	420	OFF
2026-08-03T05:28:26	LTE,Unknown	LTE	false	0	420	OFF
2026-08-03T05:28:56	LTE,Unknown	LTE	false	0	420	OFF
2026-08-03T05:29:27	LTE,Unknown	LTE	false	0	420	OFF
2026-08-03T05:29:57	LTE,Unknown	LTE	false	0	420	OFF
2026-08-03T05:30:27	LTE,Unknown	LTE	false	0	420	OFF
2026-08-03T05:30:57	LTE,Unknown	LTE	false	0	420	OFF
2026-08-03T05:31:28	LTE,Unknown	LTE	false	0	420	OFF
2026-08-03T05:31:58	LTE,Unknown	LTE	false	0	420	OFF
2026-08-03T05:32:28	LTE,Unknown	LTE	false	0	420	OFF
2026-08-03T05:32:59	LTE,Unknown	LTE	false	0	420	OFF
2026-08-03T05:33:29	LTE,Unknown	LTE	false	0	420	OFF
2026-08-03T05:33:59	LTE,Unknown	LTE	false	0	420	OFF
2026-08-03T05:34:29	LTE,Unknown	LTE	false	0	420	OFF
2026-08-03T05:35:00	LTE,Unknown	LTE	false	0	420	OFF
2026-08-03T05:35:30	LTE,Unknown	LTE	false	0	420	OFF
2026-08-03T05:36:00	LTE,Unknown	LTE	false	0	420	OFF
2026-08-03T05:36:31	LTE,Unknown	LTE	false	0	420	OFF
2026-08-03T05:37:01	LTE,Unknown	LTE	false	0	420	OFF
2026-08-03T05:37:31	LTE,Unknown	LTE	false	0	420	OFF
2026-08-03T05:38:02	LTE,Unknown	LTE	false	0	420	OFF
2026-08-03T05:38:32	LTE,Unknown	LTE	false	0	420	OFF
2026-08-03T05:39:02	LTE,Unknown	LTE	false	0	420	OFF
2026-08-03T05:39:32	LTE,Unknown	LTE	false	0	420	OFF
2026-08-03T05:40:03	LTE,Unknown	LTE	false	0	420	OFF
2026-08-03T05:40:33	LTE,Unknown	LTE	false	0	420	OFF
2026-08-03T05:41:03	LTE,Unknown	LTE	false	0	420	OFF
2026-08-03T05:41:34	LTE,Unknown	LTE	false	0	420	OFF
2026-08-03T05:42:04	LTE,Unknown	LTE	false	0	420	OFF
2026-08-03T05:42:34	LTE,Unknown	LTE	false	0	420	OFF
2026-08-03T05:43:04	LTE,Unknown	LTE	false	0	420	OFF
2026-08-03T05:43:35	LTE,Unknown	LTE	false	0	420	OFF
2026-08-03T05:44:05	LTE,Unknown	LTE	false	0	420	OFF
2026-08-03T05:44:35	LTE,Unknown	LTE	false	0	420	OFF
2026-08-03T05:45:06	LTE,Unknown	LTE	false	0	420	OFF
2026-08-03T05:45:36	LTE,Unknown	LTE	false	0	420	OFF
2026-08-03T05:46:06	LTE,Unknown	LTE	false	0	420	OFF
2026-08-03T05:46:36	LTE,Unknown	LTE	false	0	420	OFF
2026-08-03T05:47:07	LTE,Unknown	LTE	false	0	420	OFF
2026-08-03T05:47:37	LTE,Unknown	LTE	false	0	420	OFF
2026-08-03T05:48:07	LTE,Unknown	LTE	false	0	420	OFF
2026-08-03T05:48:38	LTE,Unknown	LTE	false	0	420	OFF
2026-08-03T05:49:08	LTE,Unknown	LTE	false	0	420	OFF
2026-08-03T05:49:38	LTE,Unknown	LTE	false	0	420	OFF
2026-08-03T05:50:09	LTE,Unknown	LTE	false	0	420	OFF
2026-08-03T05:50:39	LTE,Unknown	LTE	false	0	420	OFF
2026-08-03T05:51:09	LTE,Unknown	LTE	false	0	420	OFF
2026-08-03T05:51:39	LTE,Unknown	LTE	false	0	420	OFF
2026-08-03T05:52:10	LTE,Unknown	LTE	false	0	420	OFF
2026-08-03T05:52:40	LTE,Unknown	LTE	false	0	420	OFF
2026-08-03T05:53:10	LTE,Unknown	LTE	false	0	420	OFF
2026-08-03T05:53:41	LTE,Unknown	LTE	false	0	420	OFF
2026-08-03T05:54:11	LTE,Unknown	LTE	false	0	420	OFF
2026-08-03T05:54:41	LTE,Unknown	LTE	false	0	420	OFF
2026-08-03T05:55:12	LTE,Unknown	LTE	false	0	420	OFF
2026-08-03T05:55:42	LTE,Unknown	LTE	false	0	420	OFF
2026-08-03T05:56:12	LTE,Unknown	LTE	false	0	420	OFF
2026-08-03T05:56:43	LTE,Unknown	LTE	false	0	420	OFF
2026-08-03T05:57:13	LTE,Unknown	LTE	false	0	420	OFF
2026-08-03T05:57:43	LTE,Unknown	LTE	false	0	420	OFF
2026-08-03T05:58:14	LTE,Unknown	LTE	false	0	420	OFF
2026-08-03T05:58:44	LTE,Unknown	LTE	false	0	420	OFF
2026-08-03T05:59:14	LTE,Unknown	LTE	false	0	420	OFF
2026-08-03T05:59:45	LTE,Unknown	LTE	false	0	420	OFF
2026-08-03T06:00:15	LTE,Unknown	LTE	false	0	420	OFF
2026-08-03T06:00:45	LTE,Unknown	LTE	false	0	420	OFF
2026-08-03T06:01:16	LTE,Unknown	LTE	false	0	420	OFF
2026-08-03T06:01:46	LTE,Unknown	LTE	false	0	420	OFF
2026-08-03T06:02:16	LTE,Unknown	LTE	false	0	420	OFF
2026-08-03T06:02:47	LTE,Unknown	LTE	false	0	420	OFF
2026-08-03T06:03:17	LTE,Unknown	LTE	false	0	420	OFF
2026-08-03T06:03:47	LTE,Unknown	LTE	false	0	420	OFF
2026-08-03T06:04:18	LTE,Unknown	LTE	false	0	420	OFF
2026-08-03T06:04:48	LTE,Unknown	LTE	false	0	420	OFF
2026-08-03T06:05:18	LTE,Unknown	LTE	false	0	420	OFF
2026-08-03T06:05:48	LTE,Unknown	LTE	false	0	420	OFF
2026-08-03T06:06:19	LTE,Unknown	LTE	false	0	420	OFF
2026-08-03T06:06:49	LTE,Unknown	LTE	false	0	420	OFF
2026-08-03T06:07:19	LTE,Unknown	LTE	false	0	420	OFF
2026-08-03T06:07:50	LTE,Unknown	LTE	false	0	420	OFF
2026-08-03T06:08:20	LTE,Unknown	LTE	false	0	420	OFF
2026-08-03T06:08:50	LTE,Unknown	LTE	false	0	420	OFF
2026-08-03T06:09:21	LTE,Unknown	LTE	false	0	420	OFF
2026-08-03T06:09:51	LTE,Unknown	LTE	false	0	420	OFF
2026-08-03T06:10:21	LTE,Unknown	LTE	false	0	420	OFF
2026-08-03T06:10:51	LTE,Unknown	LTE	false	0	420	OFF
2026-08-03T06:11:22	LTE,Unknown	LTE	false	0	420	OFF
2026-08-03T06:11:52	LTE,Unknown	LTE	false	0	420	OFF
2026-08-03T06:12:22	LTE,Unknown	LTE	false	0	420	OFF
2026-08-03T06:12:53	LTE,Unknown	LTE	false	0	420	OFF
2026-08-03T06:13:23	LTE,Unknown	LTE	false	0	420	OFF
2026-08-03T06:13:53	LTE,Unknown	LTE	false	0	420	OFF
2026-08-03T06:14:23	LTE,Unknown	LTE	false	0	420	OFF
2026-08-03T06:14:54	LTE,Unknown	LTE	false	0	420	OFF
2026-08-03T06:15:24	LTE,Unknown	LTE	false	0	420	OFF
2026-08-03T06:15:54	LTE,Unknown	LTE	false	0	420	OFF
2026-08-03T06:16:25	LTE,Unknown	LTE	false	0	420	OFF
2026-08-03T06:16:55	LTE,Unknown	LTE	false	0	420	OFF
2026-08-03T06:17:25	LTE,Unknown	LTE	false	0	420	OFF
2026-08-03T06:17:56	LTE,Unknown	LTE	false	0	420	OFF
2026-08-03T06:18:26	LTE,Unknown	LTE	false	0	420	OFF
2026-08-03T06:18:56	LTE,Unknown	LTE	false	0	420	OFF
2026-08-03T06:19:26	LTE,Unknown	LTE	false	0	420	OFF
2026-08-03T06:19:57	LTE,Unknown	LTE	false	0	420	OFF
2026-08-03T06:20:27	LTE,Unknown	LTE	false	0	420	OFF
2026-08-03T06:20:57	LTE,Unknown	LTE	false	0	420	OFF
2026-08-03T06:21:28	LTE,Unknown	LTE	false	0	420	OFF
2026-08-03T06:21:58	LTE,Unknown	LTE	false	0	420	OFF
2026-08-03T06:22:28	LTE,Unknown	LTE	false	0	420	OFF
2026-08-03T06:22:58	LTE,Unknown	LTE	false	0	420	OFF
2026-08-03T06:23:29	LTE,Unknown	LTE	false	0	420	OFF
2026-08-03T06:23:59	LTE,Unknown	LTE	false	0	420	OFF
2026-08-03T06:24:29	LTE,Unknown	LTE	false	0	420	OFF
2026-08-03T06:25:00	LTE,Unknown	LTE	false	0	420	OFF
2026-08-03T06:25:30	LTE,Unknown	LTE	false	0	420	OFF
2026-08-03T06:26:00	LTE,Unknown	LTE	false	0	420	OFF
2026-08-03T06:26:31	LTE,Unknown	LTE	false	0	420	OFF
2026-08-03T06:27:01	LTE,Unknown	LTE	false	0	420	OFF
2026-08-03T06:27:31	LTE,Unknown	LTE	false	0	420	OFF
2026-08-03T06:28:01	LTE,Unknown	LTE	false	0	420	OFF
2026-08-03T06:28:32	LTE,Unknown	LTE	false	0	420	OFF
2026-08-03T06:29:02	LTE,Unknown	LTE	false	0	420	OFF
2026-08-03T06:29:32	LTE,Unknown	LTE	false	0	420	OFF
2026-08-03T06:30:03	LTE,Unknown	LTE	false	0	420	OFF
2026-08-03T06:30:33	LTE,Unknown	LTE	false	0	420	OFF
2026-08-03T06:31:03	LTE,Unknown	LTE	false	0	420	OFF
2026-08-03T06:31:33	LTE,Unknown	LTE	false	0	420	OFF
2026-08-03T06:32:04	LTE,Unknown	LTE	false	0	420	OFF
2026-08-03T06:32:34	LTE,Unknown	LTE	false	0	420	OFF
2026-08-03T06:33:04	LTE,Unknown	LTE	false	0	420	OFF
2026-08-03T06:33:35	LTE,Unknown	LTE	false	0	420	OFF
2026-08-03T06:34:05	LTE,Unknown	LTE	false	0	420	OFF
2026-08-03T06:34:35	LTE,Unknown	LTE	false	0	420	OFF
2026-08-03T06:35:06	LTE,Unknown	LTE	false	0	420	OFF
2026-08-03T06:35:36	LTE,Unknown	LTE	false	0	420	OFF
2026-08-03T07:21:19	LTE,Unknown	LTE	false	0	420	OFF
2026-08-03T07:21:50	LTE,Unknown	LTE	false	0	420	OFF
2026-08-03T07:22:20	LTE,Unknown	LTE	false	0	420	OFF
2026-08-03T07:22:51	LTE,Unknown	LTE	false	0	420	OFF
2026-08-03T07:23:21	LTE,Unknown	LTE	false	0	420	OFF
2026-08-03T07:23:51	LTE,Unknown	LTE	false	0	420	OFF
2026-08-03T07:24:22	LTE,Unknown	LTE	false	0	420	OFF
2026-08-03T07:24:52	LTE,Unknown	LTE	false	0	420	OFF
2026-08-03T07:25:22	LTE,Unknown	LTE	false	0	420	OFF
2026-08-03T07:25:52	LTE,Unknown	LTE	false	0	420	OFF
2026-08-03T07:26:23	LTE,Unknown	LTE	false	0	420	OFF
2026-08-03T07:26:53	LTE,Unknown	LTE	false	0	420	OFF
2026-08-03T07:27:23	LTE,Unknown	LTE	false	0	420	OFF
2026-08-03T07:27:54	LTE,Unknown	LTE	false	0	420	OFF
2026-08-03T07:28:24	LTE,Unknown	LTE	false	0	420	OFF
2026-08-03T07:28:54	LTE,Unknown	LTE	false	0	420	OFF
2026-08-03T07:29:24	LTE,Unknown	LTE	false	0	420	OFF
2026-08-03T07:29:55	LTE,Unknown	LTE	false	0	420	OFF
2026-08-03T07:30:25	LTE,Unknown	LTE	false	0	420	OFF
2026-08-03T07:30:55	LTE,Unknown	LTE	false	0	420	OFF
2026-08-03T07:31:26	LTE,Unknown	LTE	false	0	420	OFF
2026-08-03T07:31:56	LTE,Unknown	LTE	false	0	420	OFF
2026-08-03T07:32:26	LTE,Unknown	LTE	false	0	420	OFF
2026-08-03T07:32:57	LTE,Unknown	LTE	false	0	420	OFF
2026-08-03T07:33:27	LTE,Unknown	LTE	false	0	420	OFF
2026-08-03T07:33:57	LTE,Unknown	LTE	false	0	420	OFF
2026-08-03T07:34:27	LTE,Unknown	LTE	false	0	420	OFF
2026-08-03T07:34:58	LTE,Unknown	LTE	false	0	420	OFF
2026-08-03T07:35:28	LTE,Unknown	LTE	false	0	420	OFF
2026-08-03T07:35:58	LTE,Unknown	LTE	false	0	420	OFF
2026-08-03T07:36:29	LTE,Unknown	LTE	false	0	420	OFF
2026-08-03T07:36:59	LTE,Unknown	LTE	false	0	420	OFF
2026-08-03T07:37:29	LTE,Unknown	LTE	false	0	420	OFF
2026-08-03T07:38:00	LTE,Unknown	LTE	false	0	420	OFF
2026-08-03T07:38:30	LTE,Unknown	LTE	false	0	420	OFF
2026-08-03T07:39:00	LTE,Unknown	LTE	false	0	420	OFF
2026-08-03T07:39:30	LTE,Unknown	LTE	false	0	420	OFF
2026-08-03T07:40:01	LTE,Unknown	LTE	false	0	420	OFF
2026-08-03T07:40:31	LTE,Unknown	LTE	false	0	420	OFF
2026-08-03T07:41:01	LTE,Unknown	LTE	false	0	420	OFF
2026-08-03T07:41:32	LTE,Unknown	LTE	false	0	420	OFF
2026-08-03T07:42:02	LTE,Unknown	LTE	false	0	420	OFF
2026-08-03T07:42:32	LTE,Unknown	LTE	false	0	420	OFF
2026-08-03T07:43:03	LTE,Unknown	LTE	false	0	420	OFF
2026-08-03T07:43:33	LTE,Unknown	LTE	false	0	420	OFF
2026-08-03T07:44:03	LTE,Unknown	LTE	false	0	420	OFF
2026-08-03T07:44:33	LTE,Unknown	LTE	false	0	420	OFF
2026-08-03T07:45:04	LTE,Unknown	LTE	false	0	420	OFF
2026-08-03T07:45:34	LTE,Unknown	LTE	false	0	420	OFF
2026-08-03T07:46:04	LTE,Unknown	LTE	false	0	420	OFF
2026-08-03T07:46:35	LTE,Unknown	LTE	false	0	420	OFF
2026-08-03T07:47:05	LTE,Unknown	LTE	false	0	420	OFF
2026-08-03T07:47:35	LTE,Unknown	LTE	false	0	420	OFF
2026-08-03T07:48:06	LTE,Unknown	LTE	false	0	420	OFF
2026-08-03T07:48:36	LTE,Unknown	LTE	false	0	420	OFF
2026-08-03T07:49:06	LTE,Unknown	LTE	false	0	420	OFF
2026-08-03T07:49:36	LTE,Unknown	LTE	false	0	420	OFF
2026-08-03T07:50:07	LTE,Unknown	LTE	false	0	420	OFF
2026-08-03T07:50:37	LTE,Unknown	LTE	false	0	420	OFF
2026-08-03T07:51:07	LTE,Unknown	LTE	false	0	420	OFF
2026-08-03T07:51:38	LTE,Unknown	LTE	false	0	420	OFF
2026-08-03T07:52:08	LTE,Unknown	LTE	false	0	420	OFF
2026-08-03T07:52:38	LTE,Unknown	LTE	false	0	420	OFF
2026-08-03T07:53:08	LTE,Unknown	LTE	false	0	420	OFF
2026-08-03T07:53:39	LTE,Unknown	LTE	false	0	420	OFF
2026-08-03T07:54:09	LTE,Unknown	LTE	false	0	420	OFF
2026-08-03T07:54:39	LTE,Unknown	LTE	false	0	420	OFF
2026-08-03T07:55:10	LTE,Unknown	LTE	false	0	420	OFF
2026-08-03T07:55:40	LTE,Unknown	LTE	false	0	420	OFF
2026-08-03T07:56:10	LTE,Unknown	LTE	false	0	420	OFF
2026-08-03T07:56:41	LTE,Unknown	LTE	false	0	420	OFF
2026-08-03T07:57:11	LTE,Unknown	LTE	false	0	420	OFF
2026-08-03T07:57:41	LTE,Unknown	LTE	false	0	420	OFF
2026-08-03T07:58:11	LTE,Unknown	LTE	false	0	420	OFF
2026-08-03T07:58:42	LTE,Unknown	LTE	false	0	420	OFF
2026-08-03T07:59:12	LTE,Unknown	LTE	false	0	420	OFF
2026-08-03T07:59:42	LTE,Unknown	LTE	false	0	420	OFF
2026-08-03T08:00:13	LTE,Unknown	LTE	false	0	420	OFF
2026-08-03T08:00:43	LTE,Unknown	LTE	false	0	420	OFF
2026-08-03T08:01:13	LTE,Unknown	LTE	false	0	420	OFF
2026-08-03T08:01:44	LTE,Unknown	LTE	false	0	420	OFF
2026-08-03T08:02:14	LTE,Unknown	LTE	false	0	420	OFF
2026-08-03T08:02:44	LTE,Unknown	LTE	false	0	420	OFF
2026-08-03T08:03:15	LTE,Unknown	LTE	false	0	420	OFF
2026-08-03T08:03:45	LTE,Unknown	LTE	false	0	420	OFF
2026-08-03T08:04:15	LTE,Unknown	LTE	false	0	420	OFF
2026-08-03T08:04:46	LTE,Unknown	LTE	false	0	420	OFF
2026-08-03T08:05:16	LTE,Unknown	LTE	false	0	420	OFF
2026-08-03T08:05:47	LTE,Unknown	LTE	false	0	420	OFF
2026-08-03T08:06:17	LTE,Unknown	LTE	false	0	420	OFF
2026-08-03T08:06:47	LTE,Unknown	LTE	false	0	420	OFF
2026-08-03T08:07:18	LTE,Unknown	LTE	false	0	420	OFF
2026-08-03T08:07:48	LTE,Unknown	LTE	false	0	420	OFF
2026-08-03T08:08:18	LTE,Unknown	LTE	false	0	420	OFF
2026-08-03T08:08:49	LTE,Unknown	LTE	false	0	420	OFF
2026-08-03T08:09:19	LTE,Unknown	LTE	false	0	420	OFF
2026-08-03T08:09:49	LTE,Unknown	LTE	false	0	420	OFF
2026-08-03T08:10:20	LTE,Unknown	LTE	false	0	420	OFF
2026-08-03T08:10:50	LTE,Unknown	LTE	false	0	420	OFF
2026-08-03T08:11:20	LTE,Unknown	LTE	false	0	420	OFF
2026-08-03T08:11:51	LTE,Unknown	LTE	false	0	420	OFF
2026-08-03T08:12:21	LTE,Unknown	LTE	false	0	420	OFF
2026-08-03T08:12:51	LTE,Unknown	LTE	false	0	420	OFF
2026-08-03T08:13:22	LTE,Unknown	LTE	false	0	420	OFF
2026-08-03T08:13:52	LTE,Unknown	LTE	false	0	420	OFF
2026-08-03T08:14:22	LTE,Unknown	LTE	false	0	420	OFF
2026-08-03T08:14:53	LTE,Unknown	LTE	false	0	420	OFF
2026-08-03T08:15:23	LTE,Unknown	LTE	false	0	420	OFF
2026-08-03T08:15:53	LTE,Unknown	LTE	false	0	420	OFF
2026-08-03T08:16:23	LTE,Unknown	LTE	false	0	420	OFF
2026-08-03T08:16:54	LTE,Unknown	LTE	false	0	420	OFF
2026-08-03T08:17:24	LTE,Unknown	LTE	false	0	420	OFF
2026-08-03T08:17:54	LTE,Unknown	LTE	false	0	420	OFF
2026-08-03T08:18:25	LTE,Unknown	LTE	false	0	420	OFF
2026-08-03T08:18:55	LTE,Unknown	LTE	false	0	420	OFF
2026-08-03T08:19:25	LTE,Unknown	LTE	false	0	420	OFF
2026-08-03T08:19:55	LTE,Unknown	LTE	false	0	420	OFF
2026-08-03T08:20:26		?	false	0	?	OFF
2026-08-03T08:57:41	NR_SA,Unknown	NR_SA	false	0	2147483647	ON
2026-08-03T08:58:12	NR_SA,Unknown	NR_SA	false	0	2147483647	ON
2026-08-03T08:58:42	NR_SA,Unknown	NR_SA	false	0	2147483647	ON
2026-08-03T08:59:12	NR_SA,Unknown	NR_SA	false	0	2147483647	ON
2026-08-03T08:59:43	NR_SA,Unknown	NR_SA	false	0	2147483647	ON
2026-08-03T09:00:13	NR_SA,Unknown	NR_SA	false	0	2147483647	ON
2026-08-03T09:00:44	NR_SA,Unknown	NR_SA	false	0	2147483647	ON
2026-08-03T09:01:14	NR_SA,Unknown	NR_SA	false	0	2147483647	ON
2026-08-03T09:01:45	NR_SA,Unknown	NR_SA	false	0	2147483647	ON
2026-08-03T09:02:15	NR_SA,Unknown	NR_SA	false	0	2147483647	ON
2026-08-03T09:02:46	NR_SA,Unknown	NR_SA	false	0	2147483647	ON
2026-08-03T09:03:16	NR_SA,Unknown	NR_SA	false	0	2147483647	ON
2026-08-03T09:03:47	NR_SA,Unknown	NR_SA	false	0	2147483647	ON
2026-08-03T09:04:17	NR_SA,Unknown	NR_SA	false	0	2147483647	ON
2026-08-03T09:04:48	NR_SA,Unknown	NR_SA	false	0	2147483647	ON
2026-08-03T09:05:19	NR_SA,Unknown	NR_SA	false	0	2147483647	ON
2026-08-03T09:05:49	NR_SA,Unknown	NR_SA	false	0	2147483647	ON
2026-08-03T09:06:20	NR_SA,Unknown	NR_SA	false	0	2147483647	ON
2026-08-03T09:06:50	NR_SA,Unknown	NR_SA	false	0	2147483647	ON
2026-08-03T09:07:21	NR_SA,Unknown	NR_SA	false	0	2147483647	ON
2026-08-03T09:07:52	NR_SA,Unknown	NR_SA	false	0	2147483647	ON
2026-08-03T09:08:22	NR_SA,Unknown	NR_SA	false	0	2147483647	ON
2026-08-03T09:08:53	NR_SA,Unknown	NR_SA	false	0	2147483647	ON
2026-08-03T09:09:24	NR_SA,Unknown	NR_SA	false	0	2147483647	ON
2026-08-03T09:09:54	NR_SA,Unknown	NR_SA	false	0	2147483647	ON
2026-08-03T09:10:25	NR_SA,Unknown	NR_SA	false	0	2147483647	ON
2026-08-03T09:10:55	NR_SA,Unknown	NR_SA	false	0	2147483647	ON
2026-08-03T09:11:26	NR_SA,Unknown	NR_SA	false	0	2147483647	ON
2026-08-03T09:11:56	NR_SA,Unknown	NR_SA	false	0	2147483647	ON
2026-08-03T09:12:27	NR_SA,Unknown	NR_SA	false	0	2147483647	ON
2026-08-03T09:12:57	NR_SA,Unknown	NR_SA	false	0	2147483647	ON
2026-08-03T09:13:28	NR_SA,Unknown	NR_SA	false	0	2147483647	ON
2026-08-03T09:13:59	NR_SA,Unknown	NR_SA	false	0	2147483647	ON
2026-08-03T09:14:30	NR_SA,Unknown	NR_SA	false	0	2147483647	ON
2026-08-03T09:15:01	NR_SA,Unknown	NR_SA	false	0	2147483647	ON
2026-08-03T09:15:31	NR_SA,Unknown	NR_SA	false	0	2147483647	ON
2026-08-03T09:16:02	NR_SA,Unknown	NR_SA	false	0	2147483647	ON
2026-08-03T09:16:33	NR_SA,Unknown	NR_SA	false	0	2147483647	ON
2026-08-03T09:17:04	NR_SA,Unknown	NR_SA	false	0	2147483647	ON
2026-08-03T09:17:34	NR_SA,Unknown	NR_SA	false	0	2147483647	ON
2026-08-03T09:18:05	NR_SA,Unknown	NR_SA	false	0	2147483647	ON
2026-08-03T09:18:35	NR_SA,Unknown	NR_SA	false	0	2147483647	ON
2026-08-03T09:19:06	NR_SA,Unknown	NR_SA	false	0	2147483647	ON
2026-08-03T09:19:37	NR_SA,Unknown	NR_SA	false	0	2147483647	ON
2026-08-03T09:20:07	NR_SA,Unknown	NR_SA	false	0	2147483647	ON
2026-08-03T09:20:38	NR_SA,Unknown	NR_SA	false	0	2147483647	ON
2026-08-03T09:21:08	NR_SA,Unknown	NR_SA	false	0	2147483647	ON
2026-08-03T09:21:39	NR_SA,Unknown	NR_SA	false	0	2147483647	ON
2026-08-03T09:22:09	NR_SA,Unknown	NR_SA	false	0	2147483647	ON
2026-08-03T09:22:40	NR_SA,Unknown	NR_SA	false	0	2147483647	ON
2026-08-03T09:23:10	NR_SA,Unknown	NR_SA	false	0	2147483647	ON
2026-08-03T09:23:40	NR_SA,Unknown	NR_SA	false	0	2147483647	ON
2026-08-03T09:24:11	NR_SA,Unknown	NR_SA	false	0	2147483647	ON
2026-08-03T09:24:42	NR_SA,Unknown	NR_SA	false	0	2147483647	ON
2026-08-03T09:25:13	NR_SA,Unknown	NR_SA	false	0	2147483647	ON
2026-08-03T09:25:44	NR_SA,Unknown	NR_SA	false	0	2147483647	ON
2026-08-03T09:26:15	NR_SA,Unknown	NR_SA	false	0	2147483647	ON
2026-08-03T09:26:46	NR_SA,Unknown	NR_SA	false	0	2147483647	ON
2026-08-03T09:27:16	NR_SA,Unknown	NR_SA	false	0	2147483647	ON
2026-08-03T09:27:47	NR_SA,Unknown	NR_SA	false	0	2147483647	ON
2026-08-03T09:28:18	NR_SA,Unknown	NR_SA	false	0	2147483647	ON
2026-08-03T09:28:48	NR_SA,Unknown	NR_SA	false	0	2147483647	ON
2026-08-03T09:29:19	NR_SA,Unknown	NR_SA	false	0	2147483647	ON
2026-08-03T09:29:50	NR_SA,Unknown	NR_SA	false	0	2147483647	ON
2026-08-03T09:30:20	NR_SA,Unknown	NR_SA	false	0	2147483647	ON
2026-08-03T09:30:51	NR_SA,Unknown	NR_SA	false	0	2147483647	ON
2026-08-03T09:31:21	NR_SA,Unknown	NR_SA	false	0	2147483647	ON
2026-08-03T09:31:52	NR_SA,Unknown	NR_SA	false	0	2147483647	ON
2026-08-03T09:32:22	NR_SA,Unknown	NR_SA	false	0	2147483647	ON
2026-08-03T09:32:53	NR_SA,Unknown	NR_SA	false	0	2147483647	ON
2026-08-03T09:33:23	NR_SA,Unknown	NR_SA	false	0	2147483647	ON
2026-08-03T09:33:54	NR_SA,Unknown	NR_SA	false	0	2147483647	ON
2026-08-03T09:34:25	NR_SA,Unknown	NR_SA	false	0	2147483647	ON
2026-08-03T09:34:55	NR_SA,Unknown	NR_SA	false	0	2147483647	ON
2026-08-03T09:35:27	NR_SA,Unknown	NR_SA	false	0	2147483647	ON
2026-08-03T09:35:57	NR_SA,Unknown	NR_SA	false	0	2147483647	ON
2026-08-03T09:36:28	NR_SA,Unknown	NR_SA	false	0	2147483647	ON
2026-08-03T09:36:59	NR_SA,Unknown	NR_SA	false	0	2147483647	ON
2026-08-03T09:37:30	NR_SA,Unknown	NR_SA	false	0	2147483647	ON
2026-08-03T09:38:00	NR_SA,Unknown	NR_SA	false	0	2147483647	ON
2026-08-03T09:38:31	NR_SA,Unknown	NR_SA	false	0	2147483647	ON
2026-08-03T09:39:02	NR_SA,Unknown	NR_SA	false	0	2147483647	ON
2026-08-03T09:39:32	NR_SA,Unknown	NR_SA	false	0	2147483647	ON
2026-08-03T09:40:03	NR_SA,Unknown	NR_SA	false	0	2147483647	ON
2026-08-03T09:40:34	NR_SA,Unknown	NR_SA	false	0	2147483647	ON
2026-08-03T09:41:05	NR_SA,Unknown	NR_SA	false	0	2147483647	ON
2026-08-03T09:41:35	NR_SA,Unknown	NR_SA	false	0	2147483647	ON
2026-08-03T09:42:06	NR_SA,Unknown	NR_SA	false	0	2147483647	ON
2026-08-03T09:42:36	NR_SA,Unknown	NR_SA	false	0	2147483647	ON
2026-08-03T09:43:07	NR_SA,Unknown	NR_SA	false	0	2147483647	ON
2026-08-03T09:43:37	NR_SA,Unknown	NR_SA	false	0	2147483647	ON
2026-08-03T09:44:07	NR_SA,Unknown	NR_SA	false	0	2147483647	ON
2026-08-03T09:44:38	NR_SA,Unknown	NR_SA	false	0	2147483647	ON
2026-08-03T09:45:08	NR_SA,Unknown	NR_SA	false	0	2147483647	ON
2026-08-03T09:45:39	NR_SA,Unknown	NR_SA	false	0	2147483647	ON
2026-08-03T09:46:09	NR_SA,Unknown	NR_SA	false	0	2147483647	ON
2026-08-03T09:46:40	NR_SA,Unknown	NR_SA	false	0	2147483647	ON
2026-08-03T09:47:10	NR_SA,Unknown	NR_SA	false	0	2147483647	ON
2026-08-03T09:47:41	NR_SA,Unknown	NR_SA	false	0	2147483647	ON
2026-08-03T09:48:11	NR_SA,Unknown	NR_SA	false	0	2147483647	ON
2026-08-03T09:48:42	NR_SA,Unknown	NR_SA	false	0	2147483647	ON
2026-08-03T09:49:12	NR_SA,Unknown	NR_SA	false	0	2147483647	ON
2026-08-03T09:49:42	NR_SA,Unknown	NR_SA	false	0	2147483647	ON
2026-08-03T09:50:13	NR_SA,Unknown	NR_SA	false	0	2147483647	ON
2026-08-03T09:50:43	NR_SA,Unknown	NR_SA	false	0	2147483647	ON
2026-08-03T09:51:14	NR_SA,Unknown	NR_SA	false	0	2147483647	ON
2026-08-03T09:51:44	NR_SA,Unknown	NR_SA	false	0	2147483647	ON
2026-08-03T09:52:15	NR_SA,Unknown	NR_SA	false	0	2147483647	ON
2026-08-03T09:52:45	NR_SA,Unknown	NR_SA	false	0	2147483647	ON
2026-08-03T09:53:16	NR_SA,Unknown	NR_SA	false	0	2147483647	ON
2026-08-03T09:53:46	NR_SA,Unknown	NR_SA	false	0	2147483647	ON
2026-08-03T09:54:16	NR_SA,Unknown	NR_SA	false	0	2147483647	ON
2026-08-03T09:54:47	NR_SA,Unknown	NR_SA	false	0	2147483647	ON
2026-08-03T09:55:17	NR_SA,Unknown	NR_SA	false	0	2147483647	ON
2026-08-03T09:55:48	NR_SA,Unknown	NR_SA	false	0	2147483647	ON
2026-08-03T09:56:18	NR_SA,Unknown	NR_SA	false	0	2147483647	ON
2026-08-03T09:56:48	NR_SA,Unknown	NR_SA	false	0	2147483647	ON
2026-08-03T09:57:19	NR_SA,Unknown	NR_SA	false	0	2147483647	ON
2026-08-03T09:57:49	NR_SA,Unknown	NR_SA	false	0	2147483647	ON
2026-08-03T09:58:20	NR_SA,Unknown	NR_SA	false	0	2147483647	ON
2026-08-03T09:58:50	NR_SA,Unknown	NR_SA	false	0	2147483647	ON
2026-08-03T09:59:21	NR_SA,Unknown	NR_SA	false	0	2147483647	ON
2026-08-03T09:59:52	NR_SA,Unknown	NR_SA	false	0	2147483647	ON
2026-08-03T10:00:24	NR_SA,Unknown	NR_SA	false	0	2147483647	ON
2026-08-03T10:00:56		NR_SA	false	0	2147483647	ON
2026-08-03T10:57:03	NR_SA,Unknown	NR_SA	false	0	2147483647	ON
2026-08-03T10:57:33	NR_SA,Unknown	NR_SA	false	0	2147483647	ON
2026-08-03T10:58:03	NR_SA,Unknown	NR_SA	false	0	2147483647	ON
2026-08-03T10:58:34	NR_SA,Unknown	NR_SA	false	0	2147483647	ON
2026-08-03T10:59:04	NR_SA,Unknown	NR_SA	false	0	2147483647	ON
2026-08-03T10:59:34	NR_SA,Unknown	NR_SA	false	0	2147483647	ON
2026-08-03T11:00:05	NR_SA,Unknown	NR_SA	false	0	2147483647	ON
2026-08-03T11:00:35	NR_SA,Unknown	NR_SA	false	0	2147483647	ON
2026-08-03T11:01:06	NR_SA,Unknown	NR_SA	false	0	2147483647	ON
2026-08-03T11:01:36	NR_SA,Unknown	NR_SA	false	0	2147483647	ON
2026-08-03T11:02:06	NR_SA,Unknown	NR_SA	false	0	2147483647	ON
2026-08-03T11:02:37	NR_SA,Unknown	NR_SA	false	0	2147483647	ON
2026-08-03T11:03:07	NR_SA,Unknown	NR_SA	false	0	2147483647	ON
2026-08-03T11:03:37	NR_SA,Unknown	NR_SA	false	0	2147483647	ON
2026-08-03T11:04:08	NR_SA,Unknown	NR_SA	false	0	2147483647	ON
2026-08-03T11:04:38	NR_SA,Unknown	NR_SA	false	0	2147483647	ON
2026-08-03T11:05:09	NR_SA,Unknown	NR_SA	false	0	2147483647	ON
2026-08-03T11:05:40	NR_SA,Unknown	NR_SA	false	0	2147483647	ON
2026-08-03T11:06:10	NR_SA,Unknown	NR_SA	false	0	2147483647	ON
2026-08-03T11:06:41	NR_SA,Unknown	NR_SA	false	0	2147483647	ON
2026-08-03T11:07:11	NR_SA,Unknown	NR_SA	false	0	2147483647	ON
2026-08-03T11:07:41	NR_SA,Unknown	NR_SA	false	0	2147483647	ON
2026-08-03T11:08:12	NR_SA,Unknown	NR_SA	false	0	2147483647	ON
2026-08-03T11:08:42	NR_SA,Unknown	NR_SA	false	0	2147483647	ON
2026-08-03T11:09:12	NR_SA,Unknown	NR_SA	false	0	2147483647	ON
2026-08-03T11:09:43	NR_SA,Unknown	NR_SA	false	0	2147483647	ON
2026-08-03T11:10:13	NR_SA,Unknown	NR_SA	false	0	2147483647	ON
2026-08-03T11:10:44	NR_SA,Unknown	NR_SA	false	0	2147483647	ON
2026-08-03T11:11:15	NR_SA,Unknown	NR_SA	false	0	2147483647	ON
2026-08-03T11:11:46	NR_SA,Unknown	NR_SA	false	0	2147483647	ON
2026-08-03T11:12:17	NR_SA,Unknown	NR_SA	false	0	2147483647	ON
2026-08-03T11:12:47	NR_SA,Unknown	NR_SA	false	0	2147483647	ON
2026-08-03T11:13:18	NR_SA,Unknown	NR_SA	false	0	2147483647	ON
2026-08-03T11:13:49	NR_SA,Unknown	NR_SA	false	0	2147483647	ON
2026-08-03T11:14:20	NR_SA,Unknown	NR_SA	false	0	2147483647	ON
2026-08-03T11:14:50	NR_SA,Unknown	NR_SA	false	0	2147483647	ON
2026-08-03T11:15:21	NR_SA,Unknown	NR_SA	false	0	2147483647	ON
2026-08-03T11:15:51	NR_SA,Unknown	NR_SA	false	0	2147483647	ON
2026-08-03T11:16:21	NR_SA,Unknown	NR_SA	false	0	2147483647	ON
2026-08-03T11:16:52	NR_SA,Unknown	NR_SA	false	0	2147483647	ON
2026-08-03T11:17:23	NR_SA,Unknown	NR_SA	false	0	2147483647	ON
2026-08-03T11:17:53	NR_SA,Unknown	NR_SA	false	0	2147483647	ON
2026-08-03T11:18:24	NR_SA,Unknown	NR_SA	false	0	2147483647	ON
2026-08-03T11:18:54	NR_SA,Unknown	NR_SA	false	0	2147483647	ON
2026-08-03T11:19:25	NR_SA,Unknown	NR_SA	false	0	2147483647	ON
2026-08-03T11:19:56	NR_SA,Unknown	NR_SA	false	0	2147483647	ON
2026-08-03T11:20:26	NR_SA,Unknown	NR_SA	false	0	2147483647	ON
2026-08-03T11:20:57	NR_SA,Unknown	NR_SA	false	0	2147483647	ON
2026-08-03T11:21:27	NR_SA,Unknown	NR_SA	false	0	2147483647	ON
2026-08-03T11:21:58	NR_SA,Unknown	NR_SA	false	0	2147483647	ON
2026-08-03T11:22:28	NR_SA,Unknown	NR_SA	false	0	2147483647	ON
2026-08-03T11:22:59	NR_SA,Unknown	NR_SA	false	0	2147483647	ON
2026-08-03T11:23:29	NR_SA,Unknown	NR_SA	false	0	2147483647	ON
2026-08-03T11:23:59	NR_SA,Unknown	NR_SA	false	0	2147483647	ON
2026-08-03T11:24:30	NR_SA,Unknown	NR_SA	false	0	2147483647	ON
2026-08-03T11:25:00	NR_SA,Unknown	NR_SA	false	0	2147483647	ON
2026-08-03T11:25:31	NR_SA,Unknown	NR_SA	false	0	2147483647	ON
2026-08-03T11:26:01	NR_SA,Unknown	NR_SA	false	0	2147483647	ON
2026-08-03T11:26:32	NR_SA,Unknown	NR_SA	false	0	2147483647	ON
2026-08-03T11:27:02	NR_SA,Unknown	NR_SA	false	0	2147483647	ON
2026-08-03T11:27:33	NR_SA,Unknown	NR_SA	false	0	2147483647	ON
2026-08-03T11:28:03	NR_SA,Unknown	NR_SA	false	0	2147483647	ON
2026-08-03T11:28:34	NR_SA,Unknown	NR_SA	false	0	2147483647	ON
2026-08-03T11:29:04	NR_SA,Unknown	NR_SA	false	0	2147483647	ON
2026-08-03T11:29:34	NR_SA,Unknown	NR_SA	false	0	2147483647	ON
2026-08-03T11:30:05	NR_SA,Unknown	NR_SA	false	0	2147483647	ON
2026-08-03T11:30:36	NR_SA,Unknown	NR_SA	false	0	2147483647	ON
2026-08-03T11:31:06	NR_SA,Unknown	NR_SA	false	0	2147483647	ON
2026-08-03T11:31:37	NR_SA,Unknown	NR_SA	false	0	2147483647	ON
2026-08-03T11:32:08	NR_SA,Unknown	NR_SA	false	0	2147483647	ON
2026-08-03T11:32:38	NR_SA,Unknown	NR_SA	false	0	2147483647	ON
2026-08-03T11:33:09	NR_SA,Unknown	NR_SA	false	0	2147483647	ON
2026-08-03T11:33:39	NR_SA,Unknown	NR_SA	false	0	2147483647	ON
2026-08-03T11:34:10	NR_SA,Unknown	NR_SA	false	0	2147483647	ON
2026-08-03T11:34:40	NR_SA,Unknown	NR_SA	false	0	2147483647	ON
2026-08-03T11:35:11	NR_SA,Unknown	NR_SA	false	0	2147483647	ON
2026-08-03T11:35:41	NR_SA,Unknown	NR_SA	false	0	2147483647	ON
2026-08-03T11:36:12	NR_SA,Unknown	NR_SA	false	0	2147483647	ON
2026-08-03T11:36:42	NR_SA,Unknown	NR_SA	false	0	2147483647	ON
2026-08-03T11:37:13	NR_SA,Unknown	NR_SA	false	0	2147483647	ON
2026-08-03T11:37:43	NR_SA,Unknown	NR_SA	false	0	2147483647	ON
2026-08-03T11:38:14	NR_SA,Unknown	NR_SA	false	0	2147483647	ON
2026-08-03T11:38:44	NR_SA,Unknown	NR_SA	false	0	2147483647	ON
2026-08-03T11:39:15	NR_SA,Unknown	NR_SA	false	0	2147483647	ON
2026-08-03T11:39:45	NR_SA,Unknown	NR_SA	false	0	2147483647	ON
2026-08-03T11:40:16	NR_SA,Unknown	NR_SA	false	0	2147483647	ON
2026-08-03T11:40:47	NR_SA,Unknown	NR_SA	false	0	2147483647	ON
2026-08-03T11:41:17	NR_SA,Unknown	NR_SA	false	0	2147483647	ON
2026-08-03T11:41:48	NR_SA,Unknown	NR_SA	false	0	2147483647	ON
2026-08-03T11:42:18	NR_SA,Unknown	NR_SA	false	0	2147483647	ON
2026-08-03T11:42:49	NR_SA,Unknown	NR_SA	false	0	2147483647	ON
2026-08-03T11:43:19	NR_SA,Unknown	NR_SA	false	0	2147483647	ON
2026-08-03T11:43:50	NR_SA,Unknown	NR_SA	false	0	2147483647	ON
2026-08-03T11:44:21	NR_SA,Unknown	NR_SA	false	0	2147483647	ON
2026-08-03T11:44:51	NR_SA,Unknown	NR_SA	false	0	2147483647	ON
2026-08-03T11:45:22	NR_SA,Unknown	NR_SA	false	0	2147483647	ON
2026-08-03T11:45:52	NR_SA,Unknown	NR_SA	false	0	2147483647	ON
2026-08-03T11:46:23	NR_SA,Unknown	NR_SA	false	0	2147483647	ON
2026-08-03T11:46:54	NR_SA,Unknown	NR_SA	false	0	2147483647	ON
2026-08-03T11:47:24	NR_SA,Unknown	NR_SA	false	0	2147483647	ON
2026-08-03T11:47:55	NR_SA,Unknown	NR_SA	false	0	2147483647	ON
2026-08-03T11:48:25	NR_SA,Unknown	NR_SA	false	0	2147483647	ON
2026-08-03T11:48:55	NR_SA,Unknown	NR_SA	false	0	2147483647	ON
2026-08-03T11:49:26	NR_SA,Unknown	NR_SA	false	0	2147483647	ON
2026-08-03T11:49:56	NR_SA,Unknown	NR_SA	false	0	2147483647	ON
2026-08-03T11:50:27	NR_SA,Unknown	NR_SA	false	0	2147483647	ON
2026-08-03T11:50:57	NR_SA,Unknown	NR_SA	false	0	2147483647	ON
2026-08-03T11:51:27	NR_SA,Unknown	NR_SA	false	0	2147483647	ON
2026-08-03T11:51:58	NR_SA,Unknown	NR_SA	false	0	2147483647	ON
2026-08-03T11:52:28	NR_SA,Unknown	NR_SA	false	0	2147483647	ON
2026-08-03T11:52:59	NR_SA,Unknown	NR_SA	false	0	2147483647	ON
2026-08-03T11:53:29	NR_SA,Unknown	NR_SA	false	0	2147483647	ON
2026-08-03T11:53:59	NR_SA,Unknown	NR_SA	false	0	2147483647	ON
2026-08-03T11:54:30	NR_SA,Unknown	NR_SA	false	0	2147483647	OFF
2026-08-03T11:55:00	NR_SA,Unknown	NR_SA	false	0	2147483647	OFF
2026-08-03T11:55:31	NR_SA,Unknown	NR_SA	false	0	2147483647	OFF
2026-08-03T11:56:01	NR_SA,Unknown	NR_SA	false	0	2147483647	OFF
2026-08-03T11:56:32	NR_SA,Unknown	NR_SA	false	0	2147483647	OFF
2026-08-03T11:57:02	NR_SA,Unknown	NR_SA	false	0	2147483647	OFF
2026-08-03T11:57:32	NR_SA,Unknown	NR_SA	false	0	2147483647	OFF
2026-08-03T11:58:03	NR_SA,Unknown	NR_SA	false	0	2147483647	OFF
2026-08-03T11:58:34	NR_SA,Unknown	NR_SA	false	0	2147483647	OFF
2026-08-03T11:59:04	NR_SA,Unknown	NR_SA	false	0	2147483647	OFF
2026-08-03T11:59:35	NR_SA,Unknown	NR_SA	false	0	2147483647	OFF
2026-08-03T12:00:05	NR_SA,Unknown	NR_SA	false	0	2147483647	OFF
2026-08-03T12:00:35	NR_SA,Unknown	NR_SA	false	0	2147483647	OFF
2026-08-03T12:01:06	NR_SA,Unknown	NR_SA	false	0	2147483647	OFF
2026-08-03T12:01:37	NR_SA,Unknown	NR_SA	false	0	2147483647	OFF
2026-08-03T12:02:07	NR_SA,Unknown	NR_SA	false	0	2147483647	OFF
2026-08-03T12:02:37	NR_SA,Unknown	NR_SA	false	0	2147483647	OFF
2026-08-03T12:03:08	NR_SA,Unknown	NR_SA	false	0	2147483647	OFF
2026-08-03T12:03:39	NR_SA,Unknown	NR_SA	false	0	2147483647	OFF
2026-08-03T12:04:09	NR_SA,Unknown	NR_SA	false	0	2147483647	OFF
2026-08-03T12:04:40	NR_SA,Unknown	NR_SA	false	0	2147483647	OFF
2026-08-03T12:05:11	NR_SA,Unknown	NR_SA	false	0	2147483647	OFF
2026-08-03T12:05:41	NR_SA,Unknown	NR_SA	false	0	2147483647	OFF
2026-08-03T12:06:12	NR_SA,Unknown	NR_SA	false	0	2147483647	OFF
2026-08-03T12:06:43	NR_SA,Unknown	NR_SA	false	0	2147483647	OFF
2026-08-03T12:07:13	NR_SA,Unknown	NR_SA	false	0	2147483647	OFF
2026-08-03T12:07:44	NR_SA,Unknown	NR_SA	false	0	2147483647	OFF
2026-08-03T12:08:14	NR_SA,Unknown	NR_SA	false	0	2147483647	OFF
2026-08-03T12:08:45	NR_SA,Unknown	NR_SA	false	0	2147483647	OFF
2026-08-03T12:09:15	NR_SA,Unknown	NR_SA	false	0	2147483647	OFF
2026-08-03T12:09:46	NR_SA,Unknown	NR_SA	false	0	2147483647	OFF
2026-08-03T12:10:16	NR_SA,Unknown	NR_SA	false	0	2147483647	OFF
2026-08-03T12:10:47	NR_SA,Unknown	NR_SA	false	0	2147483647	OFF
2026-08-03T12:11:17	NR_SA,Unknown	NR_SA	false	0	2147483647	OFF
2026-08-03T12:11:48	NR_SA,Unknown	NR_SA	false	0	2147483647	OFF
2026-08-03T12:12:18	NR_SA,Unknown	NR_SA	false	0	2147483647	OFF
2026-08-03T12:12:49	NR_SA,Unknown	NR_SA	false	0	2147483647	OFF
2026-08-03T12:13:20	NR_SA,Unknown	NR_SA	false	0	2147483647	OFF
2026-08-03T12:13:50	NR_SA,Unknown	NR_SA	false	0	2147483647	OFF
2026-08-03T12:14:20	NR_SA,Unknown	NR_SA	false	0	2147483647	OFF
2026-08-03T12:14:51	NR_SA,Unknown	NR_SA	false	0	2147483647	OFF
2026-08-03T12:15:21	NR_SA,Unknown	NR_SA	false	0	2147483647	OFF
2026-08-03T12:15:52	NR_SA,Unknown	NR_SA	false	0	2147483647	OFF
2026-08-03T12:16:22	NR_SA,Unknown	NR_SA	false	0	2147483647	OFF
2026-08-03T12:16:52	NR_SA,Unknown	NR_SA	false	0	2147483647	OFF
2026-08-03T12:17:23	NR_SA,Unknown	NR_SA	false	0	2147483647	OFF
2026-08-03T12:17:53	NR_SA,Unknown	NR_SA	false	0	2147483647	OFF
2026-08-03T12:18:23	NR_SA,Unknown	NR_SA	false	0	2147483647	OFF
2026-08-03T12:18:54	NR_SA,Unknown	NR_SA	false	0	2147483647	OFF
2026-08-03T12:19:24	NR_SA,Unknown	NR_SA	false	0	2147483647	OFF
2026-08-03T12:19:55	NR_SA,Unknown	NR_SA	false	0	2147483647	OFF
2026-08-03T12:20:25	NR_SA,Unknown	NR_SA	false	0	2147483647	OFF
2026-08-03T12:20:55	NR_SA,Unknown	NR_SA	false	0	2147483647	OFF
2026-08-03T12:21:26	NR_SA,Unknown	NR_SA	false	0	2147483647	OFF
2026-08-03T12:21:56	NR_SA,Unknown	NR_SA	false	0	2147483647	OFF
2026-08-03T12:22:27	NR_SA,Unknown	NR_SA	false	0	2147483647	OFF
2026-08-03T12:22:57	NR_SA,Unknown	NR_SA	false	0	2147483647	OFF
2026-08-03T12:23:27	NR_SA,Unknown	NR_SA	false	0	2147483647	OFF
2026-08-03T12:23:58	NR_SA,Unknown	NR_SA	false	0	2147483647	OFF
2026-08-03T12:24:28	NR_SA,Unknown	NR_SA	false	0	2147483647	OFF
2026-08-03T12:24:59	NR_SA,Unknown	NR_SA	false	0	2147483647	OFF
2026-08-03T12:25:29	NR_SA,Unknown	NR_SA	false	0	2147483647	OFF
2026-08-03T12:26:00	NR_SA,Unknown	NR_SA	false	0	2147483647	OFF
2026-08-03T12:26:30	NR_SA,Unknown	NR_SA	false	0	2147483647	OFF
2026-08-03T12:27:00	NR_SA,Unknown	NR_SA	false	0	2147483647	OFF
2026-08-03T12:27:31	NR_SA,Unknown	NR_SA	false	0	2147483647	OFF
2026-08-03T12:28:01	NR_SA,Unknown	NR_SA	false	0	2147483647	OFF
2026-08-03T12:28:31	NR_SA,Unknown	NR_SA	false	0	2147483647	OFF
2026-08-03T12:29:02	NR_SA,Unknown	NR_SA	false	0	2147483647	OFF
2026-08-03T12:29:32	NR_SA,Unknown	NR_SA	false	0	2147483647	OFF
2026-08-03T12:30:02	NR_SA,Unknown	NR_SA	false	0	2147483647	OFF
2026-08-03T12:30:33	NR_SA,Unknown	NR_SA	false	0	2147483647	OFF
2026-08-03T12:31:03	NR_SA,Unknown	NR_SA	false	0	2147483647	OFF
2026-08-03T12:31:34	NR_SA,Unknown	NR_SA	false	0	2147483647	OFF
2026-08-03T12:32:05	NR_SA,Unknown	NR_SA	false	0	2147483647	OFF
2026-08-03T12:32:36	NR_SA,Unknown	NR_SA	false	0	2147483647	OFF
2026-08-03T12:33:06	NR_SA,Unknown	NR_SA	false	0	2147483647	OFF
2026-08-03T12:33:36	NR_SA,Unknown	NR_SA	false	0	2147483647	OFF
2026-08-03T12:34:07	NR_SA,Unknown	NR_SA	false	0	2147483647	OFF
2026-08-03T12:34:38	NR_SA,Unknown	NR_SA	false	0	2147483647	OFF
2026-08-03T12:35:08	NR_SA,Unknown	NR_SA	false	0	2147483647	OFF
2026-08-03T12:35:39	NR_SA,Unknown	NR_SA	false	0	2147483647	OFF
2026-08-03T12:36:10	NR_SA,Unknown	NR_SA	false	0	2147483647	OFF
2026-08-03T12:36:40	NR_SA,Unknown	NR_SA	false	0	2147483647	OFF
2026-08-03T12:37:10	NR_SA,Unknown	NR_SA	false	0	2147483647	OFF
2026-08-03T12:37:41	NR_SA,Unknown	NR_SA	false	0	2147483647	OFF
2026-08-03T12:38:12	NR_SA,Unknown	NR_SA	false	0	2147483647	OFF
2026-08-03T12:38:42	NR_SA,Unknown	NR_SA	false	0	2147483647	OFF
2026-08-03T12:39:13	NR_SA,Unknown	NR_SA	false	0	2147483647	OFF
2026-08-03T12:39:43	NR_SA,Unknown	NR_SA	false	0	2147483647	OFF
2026-08-03T12:40:14	NR_SA,Unknown	NR_SA	false	0	2147483647	OFF
2026-08-03T12:40:45	NR_SA,Unknown	NR_SA	false	0	2147483647	OFF
2026-08-03T12:41:20	NR_SA,Unknown	NR_SA	false	0	2147483647	OFF
2026-08-03T12:41:50	NR_SA,Unknown	NR_SA	false	0	2147483647	OFF
2026-08-03T12:42:22	NR_SA,Unknown	NR_SA	false	0	2147483647	OFF
2026-08-03T12:42:52	NR_SA,Unknown	NR_SA	false	0	2147483647	OFF
2026-08-03T12:43:23	NR_SA,Unknown	NR_SA	false	0	2147483647	OFF
2026-08-03T12:43:54	NR_SA,Unknown	NR_SA	false	0	2147483647	OFF
2026-08-03T12:44:24	NR_SA,Unknown	NR_SA	false	0	2147483647	OFF
2026-08-03T12:44:55	NR_SA,Unknown	NR_SA	false	0	2147483647	OFF
2026-08-03T12:45:25	NR_SA,Unknown	NR_SA	false	0	2147483647	OFF
2026-08-03T12:45:56	NR_SA,Unknown	NR_SA	false	0	2147483647	OFF
2026-08-03T12:46:26	NR_SA,Unknown	NR_SA	false	0	2147483647	OFF
2026-08-03T12:46:56	NR_SA,Unknown	NR_SA	false	0	2147483647	OFF
2026-08-03T12:47:27	NR_SA,Unknown	NR_SA	false	0	2147483647	OFF
2026-08-03T12:47:58	NR_SA,Unknown	NR_SA	false	0	2147483647	OFF
2026-08-03T12:48:29	NR_SA,Unknown	NR_SA	false	0	2147483647	OFF
2026-08-03T12:48:59	NR_SA,Unknown	NR_SA	false	0	2147483647	OFF
2026-08-03T12:49:30	NR_SA,Unknown	NR_SA	false	0	2147483647	OFF
2026-08-03T12:50:01	NR_SA,Unknown	NR_SA	false	0	2147483647	OFF
2026-08-03T12:50:32	NR_SA,Unknown	NR_SA	false	0	2147483647	OFF
2026-08-03T12:51:02	NR_SA,Unknown	NR_SA	false	0	2147483647	OFF
2026-08-03T12:51:33	NR_SA,Unknown	NR_SA	false	0	2147483647	OFF
2026-08-03T12:52:03	NR_SA,Unknown	NR_SA	false	0	2147483647	OFF
2026-08-03T12:52:34	NR_SA,Unknown	NR_SA	false	0	2147483647	OFF
2026-08-03T12:53:04	NR_SA,Unknown	NR_SA	false	0	2147483647	OFF
2026-08-03T12:53:35	NR_SA,Unknown	NR_SA	false	0	2147483647	OFF
2026-08-03T12:54:06	NR_SA,Unknown	NR_SA	false	0	2147483647	OFF
2026-08-03T12:54:37	NR_SA,Unknown	NR_SA	false	0	2147483647	OFF
2026-08-03T12:55:07	NR_SA,Unknown	NR_SA	false	0	2147483647	OFF
2026-08-03T12:55:38	NR_SA,Unknown	NR_SA	false	0	2147483647	OFF
2026-08-03T12:56:09	NR_SA,Unknown	NR_SA	false	0	2147483647	OFF
2026-08-03T12:56:40	NR_SA,Unknown	NR_SA	false	0	2147483647	OFF
2026-08-03T12:57:10	NR_SA,Unknown	NR_SA	false	0	2147483647	OFF
2026-08-03T12:57:41	NR_SA,Unknown	NR_SA	false	0	2147483647	OFF
2026-08-03T12:58:12	NR_SA,Unknown	NR_SA	false	0	2147483647	OFF
2026-08-03T12:58:43	NR_SA,Unknown	NR_SA	false	0	2147483647	OFF
2026-08-03T12:59:13	NR_SA,Unknown	NR_SA	false	0	2147483647	OFF
2026-08-03T12:59:44	NR_SA,Unknown	NR_SA	false	0	2147483647	OFF
2026-08-03T13:00:14	NR_SA,Unknown	NR_SA	false	0	2147483647	OFF
2026-08-03T13:00:45	NR_SA,Unknown	NR_SA	false	0	2147483647	OFF
2026-08-03T13:01:16	NR_SA,Unknown	NR_SA	false	0	2147483647	OFF
2026-08-03T13:01:46	NR_SA,Unknown	NR_SA	false	0	2147483647	OFF
2026-08-03T13:02:16	NR_SA,Unknown	NR_SA	false	0	2147483647	OFF
2026-08-03T13:02:47	NR_SA,Unknown	NR_SA	false	0	2147483647	OFF
2026-08-03T13:03:17	NR_SA,Unknown	NR_SA	false	0	2147483647	OFF
2026-08-03T13:03:48	NR_SA,Unknown	NR_SA	false	0	2147483647	OFF
2026-08-03T13:04:18	NR_SA,Unknown	NR_SA	false	0	2147483647	OFF
2026-08-03T13:04:49	NR_SA,Unknown	NR_SA	false	0	2147483647	OFF
2026-08-03T13:05:19	NR_SA,Unknown	NR_SA	false	0	2147483647	OFF
2026-08-03T13:05:49	NR_SA,Unknown	NR_SA	false	0	2147483647	OFF
2026-08-03T13:06:20	NR_SA,Unknown	NR_SA	false	0	2147483647	OFF
2026-08-03T13:06:51	NR_SA,Unknown	NR_SA	false	0	2147483647	OFF
2026-08-03T13:07:22	NR_SA,Unknown	NR_SA	false	0	2147483647	OFF
2026-08-03T13:07:53	NR_SA,Unknown	NR_SA	false	0	2147483647	OFF
2026-08-03T13:08:24	NR_SA,Unknown	NR_SA	false	0	2147483647	OFF
2026-08-03T13:08:55	NR_SA,Unknown	NR_SA	false	0	2147483647	OFF
2026-08-03T13:09:25	NR_SA,Unknown	NR_SA	false	0	2147483647	OFF
2026-08-03T13:09:56	NR_SA,Unknown	NR_SA	false	0	2147483647	OFF
2026-08-03T13:10:27	NR_SA,Unknown	NR_SA	false	0	2147483647	OFF
2026-08-03T13:10:58	NR_SA,Unknown	NR_SA	false	0	2147483647	OFF
2026-08-03T13:11:29	NR_SA,Unknown	NR_SA	false	0	2147483647	OFF
2026-08-03T13:11:59	NR_SA,Unknown	NR_SA	false	0	2147483647	OFF
2026-08-03T13:12:30	NR_SA,Unknown	NR_SA	false	0	2147483647	OFF
2026-08-03T13:13:00	NR_SA,Unknown	NR_SA	false	0	2147483647	OFF
2026-08-03T13:13:31	NR_SA,Unknown	NR_SA	false	0	2147483647	OFF
2026-08-03T13:14:01	NR_SA,Unknown	NR_SA	false	0	2147483647	OFF
2026-08-03T13:14:32	NR_SA,Unknown	NR_SA	false	0	2147483647	OFF
2026-08-03T13:15:02	NR_SA,Unknown	NR_SA	false	0	2147483647	OFF
2026-08-03T13:15:33	NR_SA,Unknown	NR_SA	false	0	2147483647	OFF
2026-08-03T13:16:03	NR_SA,Unknown	NR_SA	false	0	2147483647	OFF
2026-08-03T13:16:34	NR_SA,Unknown	NR_SA	false	0	2147483647	OFF
2026-08-03T13:17:04	NR_SA,Unknown	NR_SA	false	0	2147483647	OFF
2026-08-03T13:17:35	NR_SA,Unknown	NR_SA	false	0	2147483647	OFF
2026-08-03T13:18:06	NR_SA,Unknown	NR_SA	false	0	2147483647	OFF
2026-08-03T13:18:36	NR_SA,Unknown	NR_SA	false	0	2147483647	OFF
2026-08-03T13:19:06	NR_SA,Unknown	NR_SA	false	0	2147483647	OFF
2026-08-03T13:19:37	NR_SA,Unknown	NR_SA	false	0	2147483647	OFF
2026-08-03T13:20:08	NR_SA,Unknown	NR_SA	false	0	2147483647	OFF
2026-08-03T13:20:39	NR_SA,Unknown	NR_SA	false	0	2147483647	OFF
2026-08-03T13:21:11	NR_SA,Unknown	NR_SA	false	0	2147483647	OFF
2026-08-03T13:21:42	NR_SA,Unknown	NR_SA	false	0	2147483647	OFF
2026-08-03T13:22:13	NR_SA,Unknown	NR_SA	false	0	2147483647	OFF
2026-08-03T13:22:43	NR_SA,Unknown	NR_SA	false	0	2147483647	OFF
2026-08-03T13:23:13	NR_SA,Unknown	NR_SA	false	0	2147483647	OFF
2026-08-03T13:23:44	NR_SA,Unknown	NR_SA	false	0	2147483647	OFF
2026-08-03T13:24:15	NR_SA,Unknown	NR_SA	false	0	2147483647	OFF
2026-08-03T13:24:45	NR_SA,Unknown	NR_SA	false	0	2147483647	OFF
2026-08-03T13:25:16	NR_SA,Unknown	NR_SA	false	0	2147483647	OFF
2026-08-03T13:25:46	NR_SA,Unknown	NR_SA	false	0	2147483647	OFF
2026-08-03T13:26:17	NR_SA,Unknown	NR_SA	false	0	2147483647	OFF
2026-08-03T13:26:47	NR_SA,Unknown	NR_SA	false	0	2147483647	OFF
2026-08-03T13:27:18	NR_SA,Unknown	NR_SA	false	0	2147483647	OFF
2026-08-03T13:27:48	NR_SA,Unknown	NR_SA	false	0	2147483647	OFF
2026-08-03T13:28:19	NR_SA,Unknown	NR_SA	false	0	2147483647	OFF
2026-08-03T13:28:49	NR_SA,Unknown	NR_SA	false	0	2147483647	OFF
2026-08-03T13:29:20	NR_SA,Unknown	NR_SA	false	0	2147483647	OFF
2026-08-03T13:29:50	NR_SA,Unknown	NR_SA	false	0	2147483647	OFF
2026-08-03T13:30:21	NR_SA,Unknown	NR_SA	false	0	2147483647	OFF
2026-08-03T13:30:51	NR_SA,Unknown	NR_SA	false	0	2147483647	OFF
2026-08-03T13:31:22	NR_SA,Unknown	NR_SA	false	0	2147483647	OFF
2026-08-03T13:31:52	NR_SA,Unknown	NR_SA	false	0	2147483647	ON
2026-08-03T13:32:23	NR_SA,Unknown	NR_SA	false	0	2147483647	ON
2026-08-03T13:32:53	NR_SA,Unknown	NR_SA	false	0	2147483647	ON
2026-08-03T13:33:23	NR_SA,Unknown	NR_SA	false	0	2147483647	ON
2026-08-03T13:33:54	NR_SA,Unknown	NR_SA	false	0	2147483647	ON
2026-08-03T13:34:24	NR_SA,Unknown	NR_SA	false	0	2147483647	ON
2026-08-03T13:34:55	NR_SA,Unknown	NR_SA	false	0	2147483647	ON
2026-08-03T13:35:25	NR_SA,Unknown	NR_SA	false	0	2147483647	ON
2026-08-03T13:35:55	NR_SA,Unknown	NR_SA	false	0	2147483647	ON
2026-08-03T13:36:25	NR_SA,Unknown	NR_SA	false	0	2147483647	ON
2026-08-03T13:36:56	NR_SA,Unknown	NR_SA	false	0	2147483647	ON
2026-08-03T13:37:26	NR_SA,Unknown	NR_SA	false	0	2147483647	ON
2026-08-03T13:37:56	NR_SA,Unknown	NR_SA	false	0	2147483647	ON
2026-08-03T13:38:27	NR_SA,Unknown	NR_SA	false	0	2147483647	ON
2026-08-03T13:38:57	NR_SA,Unknown	NR_SA	false	0	2147483647	ON
2026-08-03T13:39:27	NR_SA,Unknown	NR_SA	false	0	2147483647	ON
2026-08-03T13:39:58	NR_SA,Unknown	NR_SA	false	0	2147483647	ON
2026-08-03T13:40:28	NR_SA,Unknown	NR_SA	false	0	2147483647	ON
2026-08-03T13:40:59	NR_SA,Unknown	NR_SA	false	0	2147483647	ON
2026-08-03T13:41:29	NR_SA,Unknown	NR_SA	false	0	2147483647	ON
2026-08-03T13:41:59	NR_SA,Unknown	NR_SA	false	0	2147483647	ON
2026-08-03T13:42:30	NR_SA,Unknown	NR_SA	false	0	2147483647	ON
2026-08-03T13:43:00	NR_SA,Unknown	NR_SA	false	0	2147483647	ON
2026-08-03T13:43:31	NR_SA,Unknown	NR_SA	false	0	2147483647	ON
2026-08-03T13:44:01	NR_SA,Unknown	NR_SA	false	0	2147483647	ON
2026-08-03T13:44:32	NR_SA,Unknown	NR_SA	false	0	2147483647	ON
2026-08-03T13:45:02	NR_SA,Unknown	NR_SA	false	0	2147483647	ON
2026-08-03T13:45:33	NR_SA,Unknown	NR_SA	false	0	2147483647	ON
2026-08-03T13:46:04	NR_SA,Unknown	NR_SA	false	0	2147483647	ON
2026-08-03T13:46:34	NR_SA,Unknown	NR_SA	false	0	2147483647	ON
2026-08-03T13:47:04	NR_SA,Unknown	NR_SA	false	0	2147483647	ON
2026-08-03T13:47:35	NR_SA,Unknown	NR_SA	false	0	2147483647	ON
2026-08-03T13:48:05	NR_SA,Unknown	NR_SA	false	0	2147483647	ON
2026-08-03T13:48:36	NR_SA,Unknown	NR_SA	false	0	2147483647	ON
2026-08-03T13:49:06	NR_SA,Unknown	NR_SA	false	0	2147483647	ON
2026-08-03T13:49:36	NR_SA,Unknown	NR_SA	false	0	2147483647	ON
2026-08-03T13:50:07	NR_SA,Unknown	NR_SA	false	0	2147483647	ON
2026-08-03T13:50:37	NR_SA,Unknown	NR_SA	false	0	2147483647	ON
2026-08-03T13:51:08	NR_SA,Unknown	NR_SA	false	0	2147483647	ON
2026-08-03T13:51:38	NR_SA,Unknown	NR_SA	false	0	2147483647	ON
2026-08-03T13:52:09	NR_SA,Unknown	NR_SA	false	0	2147483647	ON
2026-08-03T13:52:39	NR_SA,Unknown	NR_SA	false	0	2147483647	ON
2026-08-03T13:53:09	NR_SA,Unknown	NR_SA	false	0	2147483647	ON
2026-08-03T13:53:40	NR_SA,Unknown	NR_SA	false	0	2147483647	ON
2026-08-03T13:54:10	NR_SA,Unknown	NR_SA	false	0	2147483647	ON
2026-08-03T13:54:40	NR_SA,Unknown	NR_SA	false	0	2147483647	ON
2026-08-03T13:55:11	NR_SA,Unknown	NR_SA	false	0	2147483647	ON
2026-08-03T13:55:41	NR_SA,Unknown	NR_SA	false	0	2147483647	ON
2026-08-03T13:56:11	NR_SA,Unknown	NR_SA	false	0	2147483647	ON
2026-08-03T13:56:42	NR_SA,Unknown	NR_SA	false	0	2147483647	ON
2026-08-03T13:57:12	NR_SA,Unknown	NR_SA	false	0	2147483647	ON
2026-08-03T13:57:43	NR_SA,Unknown	NR_SA	false	0	2147483647	ON
2026-08-03T13:58:14	NR_SA,Unknown	NR_SA	false	0	2147483647	ON
2026-08-03T13:58:45	NR_SA,Unknown	NR_SA	false	0	2147483647	OFF
2026-08-03T13:59:15	NR_SA,Unknown	NR_SA	false	0	2147483647	OFF
2026-08-03T13:59:46	NR_SA,Unknown	NR_SA	false	0	2147483647	OFF
2026-08-03T14:00:16	NR_SA,Unknown	NR_SA	false	0	2147483647	OFF
2026-08-03T14:00:47	NR_SA,Unknown	NR_SA	false	0	2147483647	OFF
2026-08-03T14:01:17	NR_SA,Unknown	NR_SA	false	0	2147483647	OFF
2026-08-03T14:01:49	NR_SA,Unknown	NR_SA	false	0	2147483647	OFF
2026-08-03T14:02:19	NR_SA,Unknown	NR_SA	false	0	2147483647	OFF
2026-08-03T14:02:49	NR_SA,Unknown	NR_SA	false	0	2147483647	OFF
2026-08-03T14:03:20	NR_SA,Unknown	NR_SA	false	0	2147483647	OFF
2026-08-03T14:03:50	NR_SA,Unknown	NR_SA	false	0	2147483647	OFF
2026-08-03T14:04:20	NR_SA,Unknown	NR_SA	false	0	2147483647	OFF
2026-08-03T14:04:51	NR_SA,Unknown	NR_SA	false	0	2147483647	OFF
2026-08-03T14:05:21	NR_SA,Unknown	NR_SA	false	0	2147483647	OFF
2026-08-03T14:05:51	NR_SA,Unknown	NR_SA	false	0	2147483647	OFF
2026-08-03T14:06:22	NR_SA,Unknown	NR_SA	false	0	2147483647	OFF
2026-08-03T14:06:52	NR_SA,Unknown	NR_SA	false	0	2147483647	OFF
2026-08-03T14:07:22	NR_SA,Unknown	NR_SA	false	0	2147483647	OFF
2026-08-03T14:07:53	NR_SA,Unknown	NR_SA	false	0	2147483647	OFF
2026-08-03T14:08:24	NR_SA,Unknown	NR_SA	false	0	2147483647	OFF
2026-08-03T14:08:55	NR_SA,Unknown	NR_SA	false	0	2147483647	OFF
2026-08-03T14:09:25	NR_SA,Unknown	NR_SA	false	0	2147483647	OFF
2026-08-03T14:09:56	NR_SA,Unknown	NR_SA	false	0	2147483647	OFF
2026-08-03T14:10:26	NR_SA,Unknown	NR_SA	false	0	2147483647	OFF
2026-08-03T14:10:56	NR_SA,Unknown	NR_SA	false	0	2147483647	OFF
2026-08-03T14:11:27	NR_SA,Unknown	NR_SA	false	0	2147483647	OFF
2026-08-03T14:11:57	NR_SA,Unknown	NR_SA	false	0	2147483647	OFF
2026-08-03T14:12:27	NR_SA,Unknown	NR_SA	false	0	2147483647	OFF
2026-08-03T14:12:57	NR_SA,Unknown	NR_SA	false	0	2147483647	OFF
2026-08-03T14:13:28	NR_SA,Unknown	NR_SA	false	0	2147483647	OFF
2026-08-03T14:13:58	NR_SA,Unknown	NR_SA	false	0	2147483647	OFF
2026-08-03T14:14:28	NR_SA,Unknown	NR_SA	false	0	2147483647	OFF
2026-08-03T14:14:59	NR_SA,Unknown	NR_SA	false	0	2147483647	OFF
2026-08-03T14:15:29	NR_SA,Unknown	NR_SA	false	0	2147483647	OFF
2026-08-03T14:15:59	NR_SA,Unknown	NR_SA	false	0	2147483647	OFF
2026-08-03T14:16:30	NR_SA,Unknown	NR_SA	false	0	2147483647	OFF
2026-08-03T14:17:00	NR_SA,Unknown	NR_SA	false	0	2147483647	OFF
2026-08-03T14:17:30	NR_SA,Unknown	NR_SA	false	0	2147483647	OFF
2026-08-03T14:18:01	NR_SA,Unknown	NR_SA	false	0	2147483647	OFF
2026-08-03T14:18:32	NR_SA,Unknown	NR_SA	false	0	2147483647	OFF
2026-08-03T14:19:02	NR_SA,Unknown	NR_SA	false	0	2147483647	OFF
2026-08-03T14:19:32	NR_SA,Unknown	NR_SA	false	0	2147483647	OFF
2026-08-03T14:20:03	NR_SA,Unknown	NR_SA	false	0	2147483647	OFF
2026-08-03T14:20:33	NR_SA,Unknown	NR_SA	false	0	2147483647	OFF
2026-08-03T14:21:03	NR_SA,Unknown	NR_SA	false	0	2147483647	OFF
2026-08-03T14:21:34	NR_SA,Unknown	NR_SA	false	0	2147483647	OFF
2026-08-03T14:22:04	NR_SA,Unknown	NR_SA	false	0	2147483647	OFF
2026-08-03T14:22:34	NR_SA,Unknown	NR_SA	false	0	2147483647	OFF
2026-08-03T14:23:04	NR_SA,Unknown	NR_SA	false	0	2147483647	OFF
2026-08-03T14:23:35	NR_SA,Unknown	NR_SA	false	0	2147483647	OFF
2026-08-03T14:24:05	NR_SA,Unknown	NR_SA	false	0	2147483647	OFF
2026-08-03T14:24:35	NR_SA,Unknown	NR_SA	false	0	2147483647	OFF
2026-08-03T14:25:05	NR_SA,Unknown	NR_SA	false	0	2147483647	OFF
2026-08-03T14:25:36	NR_SA,Unknown	NR_SA	false	0	2147483647	OFF
2026-08-03T14:26:06	NR_SA,Unknown	NR_SA	false	0	2147483647	OFF
2026-08-03T14:26:36	NR_SA,Unknown	NR_SA	false	0	2147483647	OFF
2026-08-03T14:27:07	NR_SA,Unknown	NR_SA	false	0	2147483647	OFF
2026-08-03T14:27:37	NR_SA,Unknown	NR_SA	false	0	2147483647	OFF
2026-08-03T14:28:07	NR_SA,Unknown	NR_SA	false	0	2147483647	OFF
2026-08-03T14:28:37	NR_SA,Unknown	NR_SA	false	0	2147483647	OFF
2026-08-03T14:29:08	NR_SA,Unknown	NR_SA	false	0	2147483647	OFF
2026-08-03T14:29:38	NR_SA,Unknown	NR_SA	false	0	2147483647	OFF
2026-08-03T14:30:08	NR_SA,Unknown	NR_SA	false	0	2147483647	OFF
2026-08-03T14:30:39	NR_SA,Unknown	NR_SA	false	0	2147483647	OFF
2026-08-03T14:31:09	NR_SA,Unknown	NR_SA	false	0	2147483647	OFF
2026-08-03T14:31:39	NR_SA,Unknown	NR_SA	false	0	2147483647	OFF
2026-08-03T14:32:09	NR_SA,Unknown	NR_SA	false	0	2147483647	OFF
2026-08-03T14:32:40	NR_SA,Unknown	NR_SA	false	0	2147483647	OFF
2026-08-03T14:33:10	NR_SA,Unknown	NR_SA	false	0	2147483647	OFF
2026-08-03T14:33:40	NR_SA,Unknown	NR_SA	false	0	2147483647	OFF
2026-08-03T14:34:11	NR_SA,Unknown	NR_SA	false	0	2147483647	OFF
2026-08-03T14:34:41	NR_SA,Unknown	NR_SA	false	0	2147483647	OFF
2026-08-03T14:35:11	NR_SA,Unknown	NR_SA	false	0	2147483647	OFF
2026-08-03T14:35:41	NR_SA,Unknown	NR_SA	false	0	2147483647	OFF
2026-08-03T14:36:12	NR_SA,Unknown	NR_SA	false	0	2147483647	OFF
2026-08-03T14:36:42	NR_SA,Unknown	NR_SA	false	0	2147483647	OFF
2026-08-03T14:37:12	NR_SA,Unknown	NR_SA	false	0	2147483647	OFF
2026-08-03T14:37:43	NR_SA,Unknown	NR_SA	false	0	2147483647	OFF
2026-08-03T14:38:13	NR_SA,Unknown	NR_SA	false	0	2147483647	OFF
2026-08-03T14:38:43	NR_SA,Unknown	NR_SA	false	0	2147483647	OFF
2026-08-03T14:39:13	NR_SA,Unknown	NR_SA	false	0	2147483647	OFF
2026-08-03T14:39:44	NR_SA,Unknown	NR_SA	false	0	2147483647	OFF
2026-08-03T14:40:14	NR_SA,Unknown	NR_SA	false	0	2147483647	OFF
2026-08-03T14:40:44	NR_SA,Unknown	NR_SA	false	0	2147483647	OFF
2026-08-03T14:41:15	NR_SA,Unknown	NR_SA	false	0	2147483647	OFF
2026-08-03T14:41:45	NR_SA,Unknown	NR_SA	false	0	2147483647	OFF
2026-08-03T14:42:15	NR_SA,Unknown	NR_SA	false	0	2147483647	OFF
2026-08-03T14:42:46	NR_SA,Unknown	NR_SA	false	0	2147483647	OFF
2026-08-03T14:43:16	NR_SA,Unknown	NR_SA	false	0	2147483647	OFF
2026-08-03T14:43:46	NR_SA,Unknown	NR_SA	false	0	2147483647	OFF
2026-08-03T14:44:17	NR_SA,Unknown	NR_SA	false	0	2147483647	OFF
2026-08-03T14:44:47	NR_SA,Unknown	NR_SA	false	0	2147483647	OFF
2026-08-03T14:45:17	NR_SA,Unknown	NR_SA	false	0	2147483647	OFF
2026-08-03T14:45:47	NR_SA,Unknown	NR_SA	false	0	2147483647	OFF
2026-08-03T14:46:18	NR_SA,Unknown	NR_SA	false	0	2147483647	OFF
2026-08-03T14:46:48	NR_SA,Unknown	NR_SA	false	0	2147483647	OFF
2026-08-03T14:47:18	NR_SA,Unknown	NR_SA	false	0	2147483647	OFF
2026-08-03T14:47:49	NR_SA,Unknown	NR_SA	false	0	2147483647	OFF
2026-08-03T14:48:19	NR_SA,Unknown	NR_SA	false	0	2147483647	OFF
2026-08-03T14:48:49	NR_SA,Unknown	NR_SA	false	0	2147483647	OFF
2026-08-03T14:49:19	NR_SA,Unknown	NR_SA	false	0	2147483647	OFF
2026-08-03T14:49:50	NR_SA,Unknown	NR_SA	false	0	2147483647	OFF
2026-08-03T14:50:20	NR_SA,Unknown	NR_SA	false	0	2147483647	OFF
2026-08-03T14:50:50	NR_SA,Unknown	NR_SA	false	0	2147483647	OFF
2026-08-03T14:51:21	NR_SA,Unknown	NR_SA	false	0	2147483647	OFF
2026-08-03T14:51:51	NR_SA,Unknown	NR_SA	false	0	2147483647	OFF
2026-08-03T14:52:21	NR_SA,Unknown	NR_SA	false	0	2147483647	OFF
2026-08-03T14:52:51	NR_SA,Unknown	NR_SA	false	0	2147483647	OFF
2026-08-03T14:53:22	NR_SA,Unknown	NR_SA	false	0	2147483647	OFF
2026-08-03T14:53:52	NR_SA,Unknown	NR_SA	false	0	2147483647	OFF
2026-08-03T14:54:22	NR_SA,Unknown	NR_SA	false	0	2147483647	OFF
2026-08-03T14:54:53	NR_SA,Unknown	NR_SA	false	0	2147483647	OFF
2026-08-03T14:55:23	NR_SA,Unknown	NR_SA	false	0	2147483647	OFF
2026-08-03T14:55:53	NR_SA,Unknown	NR_SA	false	0	2147483647	OFF
2026-08-03T14:56:23	NR_SA,Unknown	NR_SA	false	0	2147483647	OFF
2026-08-03T14:56:54	NR_SA,Unknown	NR_SA	false	0	2147483647	OFF
2026-08-03T14:57:24	NR_SA,Unknown	NR_SA	false	0	2147483647	OFF
2026-08-03T14:57:54	NR_SA,Unknown	NR_SA	false	0	2147483647	OFF
2026-08-03T14:58:25	NR_SA,Unknown	NR_SA	false	0	2147483647	OFF
2026-08-03T14:58:55	NR_SA,Unknown	NR_SA	false	0	2147483647	OFF
2026-08-03T14:59:25	NR_SA,Unknown	NR_SA	false	0	2147483647	OFF
2026-08-03T14:59:55	NR_SA,Unknown	NR_SA	false	0	2147483647	OFF
2026-08-03T15:00:26	NR_SA,Unknown	NR_SA	false	0	2147483647	OFF
2026-08-03T15:00:56	NR_SA,Unknown	NR_SA	false	0	2147483647	OFF
2026-08-03T15:01:26	NR_SA,Unknown	NR_SA	false	0	2147483647	OFF
2026-08-03T15:01:57	NR_SA,Unknown	NR_SA	false	0	2147483647	OFF
2026-08-03T15:02:27	NR_SA,Unknown	NR_SA	false	0	2147483647	OFF
2026-08-03T15:02:57	NR_SA,Unknown	NR_SA	false	0	2147483647	OFF
2026-08-03T15:03:27	NR_SA,Unknown	NR_SA	false	0	2147483647	OFF
2026-08-03T15:03:58	NR_SA,Unknown	NR_SA	false	0	2147483647	OFF
2026-08-03T15:04:28	NR_SA,Unknown	NR_SA	false	0	2147483647	OFF
2026-08-03T15:04:58	NR_SA,Unknown	NR_SA	false	0	2147483647	OFF
2026-08-03T15:05:28	NR_SA,Unknown	NR_SA	false	0	2147483647	OFF
2026-08-03T15:05:59	NR_SA,Unknown	NR_SA	false	0	2147483647	OFF
2026-08-03T15:06:29	NR_SA,Unknown	NR_SA	false	0	2147483647	OFF
2026-08-03T15:06:59	NR_SA,Unknown	NR_SA	false	0	2147483647	OFF
2026-08-03T15:07:30	NR_SA,Unknown	NR_SA	false	0	2147483647	OFF
2026-08-03T15:08:00	NR_SA,Unknown	NR_SA	false	0	2147483647	OFF
2026-08-03T15:08:30	NR_SA,Unknown	NR_SA	false	0	2147483647	OFF
2026-08-03T15:09:00	NR_SA,Unknown	NR_SA	false	0	2147483647	OFF
2026-08-03T15:09:31	NR_SA,Unknown	NR_SA	false	0	2147483647	OFF
2026-08-03T15:10:01	NR_SA,Unknown	NR_SA	false	0	2147483647	OFF
2026-08-03T15:10:31	NR_SA,Unknown	NR_SA	false	0	2147483647	OFF
2026-08-03T15:11:02	NR_SA,Unknown	NR_SA	false	0	2147483647	OFF
2026-08-03T15:11:32	NR_SA,Unknown	NR_SA	false	0	2147483647	OFF
2026-08-03T15:12:02	NR_SA,Unknown	NR_SA	false	0	2147483647	OFF
2026-08-03T15:12:33	NR_SA,Unknown	NR_SA	false	0	2147483647	OFF
2026-08-03T15:13:03	NR_SA,Unknown	NR_SA	false	0	2147483647	OFF
2026-08-03T15:13:33	NR_SA,Unknown	NR_SA	false	0	2147483647	OFF
2026-08-03T15:14:03	NR_SA,Unknown	NR_SA	false	0	2147483647	OFF
2026-08-03T15:14:34	NR_SA,Unknown	NR_SA	false	0	2147483647	OFF
2026-08-03T15:15:04	NR_SA,Unknown	NR_SA	false	0	2147483647	OFF
2026-08-03T15:15:34	NR_SA,Unknown	NR_SA	false	0	2147483647	OFF
2026-08-03T15:16:05	NR_SA,Unknown	NR_SA	false	0	2147483647	OFF
2026-08-03T15:16:35	NR_SA,Unknown	NR_SA	false	0	2147483647	OFF
2026-08-03T15:17:05	NR_SA,Unknown	NR_SA	false	0	2147483647	OFF
2026-08-03T15:17:36	NR_SA,Unknown	NR_SA	false	0	2147483647	OFF
2026-08-03T15:18:06	NR_SA,Unknown	NR_SA	false	0	2147483647	OFF
2026-08-03T15:18:36	NR_SA,Unknown	NR_SA	false	0	2147483647	OFF
2026-08-03T15:19:06	NR_SA,Unknown	NR_SA	false	0	2147483647	OFF
2026-08-03T15:19:37	NR_SA,Unknown	NR_SA	false	0	2147483647	OFF
2026-08-03T15:20:07	NR_SA,Unknown	NR_SA	false	0	2147483647	OFF
2026-08-03T15:20:37	NR_SA,Unknown	NR_SA	false	0	2147483647	OFF
2026-08-03T15:21:07	NR_SA,Unknown	NR_SA	false	0	2147483647	OFF
2026-08-03T15:21:38	NR_SA,Unknown	NR_SA	false	0	2147483647	OFF
2026-08-03T15:22:08	NR_SA,Unknown	NR_SA	false	0	2147483647	OFF
2026-08-03T15:22:38	NR_SA,Unknown	NR_SA	false	0	2147483647	OFF
2026-08-03T15:23:09	NR_SA,Unknown	NR_SA	false	0	2147483647	OFF
2026-08-03T15:23:39	NR_SA,Unknown	NR_SA	false	0	2147483647	OFF
2026-08-03T15:24:09	NR_SA,Unknown	NR_SA	false	0	2147483647	OFF
2026-08-03T15:24:40	NR_SA,Unknown	NR_SA	false	0	2147483647	OFF
2026-08-03T15:25:10	NR_SA,Unknown	NR_SA	false	0	2147483647	OFF
2026-08-03T15:25:40	NR_SA,Unknown	NR_SA	false	0	2147483647	OFF
2026-08-03T15:26:10	NR_SA,Unknown	NR_SA	false	0	2147483647	OFF
2026-08-03T15:26:41	NR_SA,Unknown	NR_SA	false	0	2147483647	OFF
2026-08-03T15:27:11	NR_SA,Unknown	NR_SA	false	0	2147483647	OFF
2026-08-03T15:27:41	NR_SA,Unknown	NR_SA	false	0	2147483647	OFF
2026-08-03T15:28:12	NR_SA,Unknown	NR_SA	false	0	2147483647	OFF
2026-08-03T15:28:42	NR_SA,Unknown	NR_SA	false	0	2147483647	OFF
2026-08-03T15:29:12	NR_SA,Unknown	NR_SA	false	0	2147483647	OFF
2026-08-03T15:29:43	NR_SA,Unknown	NR_SA	false	0	2147483647	OFF
2026-08-03T15:30:13	NR_SA,Unknown	NR_SA	false	0	2147483647	OFF
2026-08-03T15:30:43	NR_SA,Unknown	NR_SA	false	0	2147483647	OFF
2026-08-03T15:31:14	NR_SA,Unknown	NR_SA	false	0	2147483647	OFF
2026-08-03T15:31:44	NR_SA,Unknown	NR_SA	false	0	2147483647	OFF
2026-08-03T15:32:14	NR_SA,Unknown	NR_SA	false	0	2147483647	OFF
2026-08-03T15:32:45	NR_SA,Unknown	NR_SA	false	0	2147483647	OFF
2026-08-03T15:33:15	NR_SA,Unknown	NR_SA	false	0	2147483647	OFF
2026-08-03T15:33:46	NR_SA,Unknown	NR_SA	false	0	2147483647	OFF
2026-08-03T15:34:16	NR_SA,Unknown	NR_SA	false	0	2147483647	OFF
2026-08-03T15:34:47	NR_SA,Unknown	NR_SA	false	0	2147483647	OFF
2026-08-03T15:35:17	NR_SA,Unknown	NR_SA	false	0	2147483647	OFF
2026-08-03T15:35:47	NR_SA,Unknown	NR_SA	false	0	2147483647	OFF
2026-08-03T15:36:17	NR_SA,Unknown	NR_SA	false	0	2147483647	OFF
2026-08-03T15:36:48	NR_SA,Unknown	NR_SA	false	0	2147483647	OFF
2026-08-03T15:37:18	NR_SA,Unknown	NR_SA	false	0	2147483647	OFF
2026-08-03T15:37:48	NR_SA,Unknown	NR_SA	false	0	2147483647	OFF
2026-08-03T15:38:19	NR_SA,Unknown	NR_SA	false	0	2147483647	OFF
2026-08-03T15:38:49	NR_SA,Unknown	NR_SA	false	0	2147483647	OFF
2026-08-03T15:39:19	NR_SA,Unknown	NR_SA	false	0	2147483647	OFF
2026-08-03T15:39:50	NR_SA,Unknown	NR_SA	false	0	2147483647	OFF
2026-08-03T15:40:20	NR_SA,Unknown	NR_SA	false	0	2147483647	OFF
2026-08-03T15:40:50	NR_SA,Unknown	NR_SA	false	0	2147483647	OFF
2026-08-03T15:41:21	NR_SA,Unknown	NR_SA	false	0	2147483647	OFF
2026-08-03T15:41:51	NR_SA,Unknown	NR_SA	false	0	2147483647	OFF
2026-08-03T15:42:21	NR_SA,Unknown	NR_SA	false	0	2147483647	ON
2026-08-03T15:42:52	NR_SA,Unknown	NR_SA	false	0	2147483647	ON
2026-08-03T15:43:22	NR_SA,Unknown	NR_SA	false	0	2147483647	ON
2026-08-03T15:43:52	NR_SA,Unknown	NR_SA	false	0	2147483647	ON
2026-08-03T15:44:23	NR_SA,Unknown	NR_SA	false	0	2147483647	ON
2026-08-03T15:44:53	NR_SA,Unknown	NR_SA	false	0	2147483647	ON
2026-08-03T15:45:24	NR_SA,Unknown	NR_SA	false	0	2147483647	ON
2026-08-03T15:45:54	NR_SA,Unknown	NR_SA	false	0	2147483647	ON
2026-08-03T15:46:24	NR_SA,Unknown	NR_SA	false	0	2147483647	ON
2026-08-03T15:46:55	NR_SA,Unknown	NR_SA	false	0	2147483647	ON
2026-08-03T15:47:25	NR_SA,Unknown	NR_SA	false	0	2147483647	ON
2026-08-03T15:47:56	NR_SA,Unknown	NR_SA	false	0	2147483647	ON
2026-08-03T15:48:26	NR_SA,Unknown	NR_SA	false	0	2147483647	ON
2026-08-03T15:48:57	NR_SA,Unknown	NR_SA	false	0	2147483647	ON
2026-08-03T15:49:28	NR_SA,Unknown	NR_SA	false	0	2147483647	ON
2026-08-03T15:49:58	NR_SA,Unknown	NR_SA	false	0	2147483647	ON
2026-08-03T15:50:29	NR_SA,Unknown	NR_SA	false	0	2147483647	ON
2026-08-03T15:50:59	NR_SA,Unknown	NR_SA	false	0	2147483647	ON
2026-08-03T15:51:30	NR_SA,Unknown	NR_SA	false	0	2147483647	ON
2026-08-03T15:52:00	NR_SA,Unknown	NR_SA	false	0	2147483647	ON
2026-08-03T15:52:30	NR_SA,Unknown	NR_SA	false	0	2147483647	ON
2026-08-03T15:53:01	NR_SA,Unknown	NR_SA	false	0	2147483647	ON
2026-08-03T15:53:32	NR_SA,Unknown	NR_SA	false	0	2147483647	ON
2026-08-03T15:54:02	NR_SA,Unknown	NR_SA	false	0	2147483647	ON
2026-08-03T15:54:33	NR_SA,Unknown	NR_SA	false	0	2147483647	ON
2026-08-03T15:55:03	NR_SA,Unknown	NR_SA	false	0	2147483647	ON
2026-08-03T15:55:34	NR_SA,Unknown	NR_SA	false	0	2147483647	ON
2026-08-03T15:56:05	NR_SA,Unknown	NR_SA	false	0	2147483647	ON
2026-08-03T15:56:35	NR_SA,Unknown	NR_SA	false	0	2147483647	ON
2026-08-03T15:57:06	NR_SA,Unknown	NR_SA	false	0	2147483647	ON
2026-08-03T15:57:36	NR_SA,Unknown	NR_SA	false	0	2147483647	ON
2026-08-03T15:58:07	NR_SA,Unknown	NR_SA	false	0	2147483647	ON
2026-08-03T15:58:37	NR_SA,Unknown	NR_SA	false	0	2147483647	ON
2026-08-03T15:59:08	NR_SA,Unknown	NR_SA	false	0	2147483647	ON
2026-08-03T15:59:38	NR_SA,Unknown	NR_SA	false	0	2147483647	ON
2026-08-03T16:00:09	NR_SA,Unknown	NR_SA	false	0	2147483647	ON
2026-08-03T16:00:39	NR_SA,Unknown	NR_SA	false	0	2147483647	ON
2026-08-03T16:01:10	NR_SA,Unknown	NR_SA	false	0	2147483647	ON
2026-08-03T16:01:40	NR_SA,Unknown	NR_SA	false	0	2147483647	ON
2026-08-03T16:02:11	NR_SA,Unknown	NR_SA	false	0	2147483647	ON
2026-08-03T16:02:41	NR_SA,Unknown	NR_SA	false	0	2147483647	ON
2026-08-03T16:03:12	NR_SA,Unknown	NR_SA	false	0	2147483647	ON
2026-08-03T16:03:42	NR_SA,Unknown	NR_SA	false	0	2147483647	ON
2026-08-03T16:04:13	NR_SA,Unknown	NR_SA	false	0	2147483647	ON
2026-08-03T16:04:44	NR_SA,Unknown	NR_SA	false	0	2147483647	OFF
2026-08-03T16:05:14	NR_SA,Unknown	NR_SA	false	0	2147483647	OFF
2026-08-03T16:05:44	NR_SA,Unknown	NR_SA	false	0	2147483647	OFF
2026-08-03T16:06:15	NR_SA,Unknown	NR_SA	false	0	2147483647	OFF
2026-08-03T16:06:45	NR_SA,Unknown	NR_SA	false	0	2147483647	OFF
2026-08-03T16:07:16	NR_SA,Unknown	NR_SA	false	0	2147483647	OFF
2026-08-03T16:07:46	NR_SA,Unknown	NR_SA	false	0	2147483647	OFF
2026-08-03T16:08:17	NR_SA,Unknown	NR_SA	false	0	2147483647	OFF
2026-08-03T16:08:47	NR_SA,Unknown	NR_SA	false	0	2147483647	OFF
2026-08-03T16:09:18	NR_SA,Unknown	NR_SA	false	0	2147483647	OFF
2026-08-03T16:09:48	NR_SA,Unknown	NR_SA	false	0	2147483647	OFF
2026-08-03T16:10:19	NR_SA,Unknown	NR_SA	false	0	2147483647	OFF
2026-08-03T16:10:49	NR_SA,Unknown	NR_SA	false	0	2147483647	OFF
2026-08-03T16:11:20	NR_SA,Unknown	NR_SA	false	0	2147483647	OFF
2026-08-03T16:11:50	NR_SA,Unknown	NR_SA	false	0	2147483647	OFF
2026-08-03T16:12:21	NR_SA,Unknown	NR_SA	false	0	2147483647	OFF
2026-08-03T16:12:51	NR_SA,Unknown	NR_SA	false	0	2147483647	OFF
2026-08-03T16:13:22	NR_SA,Unknown	NR_SA	false	0	2147483647	OFF
2026-08-03T16:13:52	NR_SA,Unknown	NR_SA	false	0	2147483647	OFF
2026-08-03T16:14:23	NR_SA,Unknown	NR_SA	false	0	2147483647	OFF
2026-08-03T16:14:55	NR_SA,Unknown	NR_SA	false	0	2147483647	OFF
2026-08-03T16:15:26	NR_SA,Unknown	NR_SA	false	0	2147483647	OFF
2026-08-03T16:15:56	NR_SA,Unknown	NR_SA	false	0	2147483647	OFF
2026-08-03T16:16:27	NR_SA,Unknown	NR_SA	false	0	2147483647	OFF
2026-08-03T16:16:57	NR_SA,Unknown	NR_SA	false	0	2147483647	OFF
2026-08-03T16:17:28	NR_SA,Unknown	NR_SA	false	0	2147483647	OFF
2026-08-03T16:17:58	NR_SA,Unknown	NR_SA	false	0	2147483647	OFF
2026-08-03T16:18:28	NR_SA,Unknown	NR_SA	false	0	2147483647	OFF
2026-08-03T16:18:59	NR_SA,Unknown	NR_SA	false	0	2147483647	OFF
2026-08-03T16:19:29	NR_SA,Unknown	NR_SA	false	0	2147483647	OFF
2026-08-03T16:20:00	NR_SA,Unknown	NR_SA	false	0	2147483647	OFF
2026-08-03T16:20:30	NR_SA,Unknown	NR_SA	false	0	2147483647	OFF
2026-08-03T16:21:01	NR_SA,Unknown	NR_SA	false	0	2147483647	OFF
2026-08-03T16:21:32	NR_SA,Unknown	NR_SA	false	0	2147483647	OFF
2026-08-03T16:22:02	NR_SA,Unknown	NR_SA	false	0	2147483647	OFF
2026-08-03T16:22:33	NR_SA,Unknown	NR_SA	false	0	2147483647	OFF
2026-08-03T16:23:04	NR_SA,Unknown	NR_SA	false	0	2147483647	OFF
2026-08-03T16:23:34	NR_SA,Unknown	NR_SA	false	0	2147483647	OFF
2026-08-03T16:24:05	NR_SA,Unknown	NR_SA	false	0	2147483647	OFF
2026-08-03T16:24:35	NR_SA,Unknown	NR_SA	false	0	2147483647	OFF
2026-08-03T16:25:05	NR_SA,Unknown	NR_SA	false	0	2147483647	OFF
2026-08-03T16:25:36	NR_SA,Unknown	NR_SA	false	0	2147483647	OFF
2026-08-03T16:26:06	NR_SA,Unknown	NR_SA	false	0	2147483647	OFF
2026-08-03T16:26:37	NR_SA,Unknown	NR_SA	false	0	2147483647	OFF
2026-08-03T16:27:07	NR_SA,Unknown	NR_SA	false	0	2147483647	OFF
2026-08-03T16:27:38	NR_SA,Unknown	NR_SA	false	0	2147483647	OFF
2026-08-03T16:28:08	NR_SA,Unknown	NR_SA	false	0	2147483647	OFF
2026-08-03T16:28:39	NR_SA,Unknown	NR_SA	false	0	2147483647	OFF
2026-08-03T16:29:10	NR_SA,Unknown	NR_SA	false	0	2147483647	OFF
2026-08-03T16:29:41	NR_SA,Unknown	NR_SA	false	0	2147483647	OFF
2026-08-03T16:30:11	NR_SA,Unknown	NR_SA	false	0	2147483647	OFF
2026-08-03T16:30:42	NR_SA,Unknown	NR_SA	false	0	2147483647	OFF
2026-08-03T16:31:12	NR_SA,Unknown	NR_SA	false	0	2147483647	OFF
2026-08-03T16:31:42	NR_SA,Unknown	NR_SA	false	0	2147483647	OFF
2026-08-03T16:32:13	NR_SA,Unknown	NR_SA	false	0	2147483647	OFF
2026-08-03T16:32:43	NR_SA,Unknown	NR_SA	false	0	2147483647	OFF
2026-08-03T16:33:14	NR_SA,Unknown	NR_SA	false	0	2147483647	OFF
2026-08-03T16:33:44	NR_SA,Unknown	NR_SA	false	0	2147483647	OFF
2026-08-03T16:34:14	NR_SA,Unknown	NR_SA	false	0	2147483647	OFF
2026-08-03T16:34:45	NR_SA,Unknown	NR_SA	false	0	2147483647	OFF
2026-08-03T16:35:15	NR_SA,Unknown	NR_SA	false	0	2147483647	OFF
2026-08-03T16:35:46	NR_SA,Unknown	NR_SA	false	0	2147483647	OFF
2026-08-03T16:36:16	NR_SA,Unknown	NR_SA	false	0	2147483647	OFF
2026-08-03T16:36:47	NR_SA,Unknown	NR_SA	false	0	2147483647	OFF
2026-08-03T16:37:17	NR_SA,Unknown	NR_SA	false	0	2147483647	OFF
2026-08-03T16:37:47	NR_SA,Unknown	NR_SA	false	0	2147483647	OFF
2026-08-03T16:38:18	NR_SA,Unknown	NR_SA	false	0	2147483647	OFF
2026-08-03T16:38:48	NR_SA,Unknown	NR_SA	false	0	2147483647	OFF
2026-08-03T16:39:19	NR_SA,Unknown	NR_SA	false	0	2147483647	OFF
2026-08-03T16:39:49	NR_SA,Unknown	NR_SA	false	0	2147483647	OFF
2026-08-03T16:40:19	NR_SA,Unknown	NR_SA	false	0	2147483647	OFF
2026-08-03T16:40:50	NR_SA,Unknown	NR_SA	false	0	2147483647	OFF
2026-08-03T16:41:20	NR_SA,Unknown	NR_SA	false	0	2147483647	OFF
2026-08-03T16:41:51	NR_SA,Unknown	NR_SA	false	0	2147483647	OFF
2026-08-03T16:42:21	NR_SA,Unknown	NR_SA	false	0	2147483647	OFF
2026-08-03T16:42:51	NR_SA,Unknown	NR_SA	false	0	2147483647	OFF
2026-08-03T16:43:22	NR_SA,Unknown	NR_SA	false	0	2147483647	OFF
2026-08-03T16:43:52	NR_SA,Unknown	NR_SA	false	0	2147483647	OFF
2026-08-03T16:44:22	NR_SA,Unknown	NR_SA	false	0	2147483647	OFF
2026-08-03T16:44:53	NR_SA,Unknown	NR_SA	false	0	2147483647	OFF
2026-08-03T16:45:23	NR_SA,Unknown	NR_SA	false	0	2147483647	OFF
2026-08-03T16:45:53	NR_SA,Unknown	NR_SA	false	0	2147483647	OFF
2026-08-03T16:46:24	NR_SA,Unknown	NR_SA	false	0	2147483647	OFF
2026-08-03T16:46:54	NR_SA,Unknown	NR_SA	false	0	2147483647	OFF
2026-08-03T16:47:24	NR_SA,Unknown	NR_SA	false	0	2147483647	OFF
2026-08-03T16:47:55	NR_SA,Unknown	NR_SA	false	0	2147483647	OFF
2026-08-03T16:48:25	NR_SA,Unknown	NR_SA	false	0	2147483647	OFF
2026-08-03T16:48:55	NR_SA,Unknown	NR_SA	false	0	2147483647	OFF
2026-08-03T16:49:26	NR_SA,Unknown	NR_SA	false	0	2147483647	OFF
2026-08-03T16:49:56	NR_SA,Unknown	NR_SA	false	0	2147483647	OFF
2026-08-03T16:50:26	NR_SA,Unknown	NR_SA	false	0	2147483647	OFF
2026-08-03T16:50:57	NR_SA,Unknown	NR_SA	false	0	2147483647	OFF
2026-08-03T16:51:27	NR_SA,Unknown	NR_SA	false	0	2147483647	OFF
2026-08-03T16:51:57	NR_SA,Unknown	NR_SA	false	0	2147483647	OFF
2026-08-03T16:52:28	NR_SA,Unknown	NR_SA	false	0	2147483647	OFF
2026-08-03T16:52:58	NR_SA,Unknown	NR_SA	false	0	2147483647	OFF
2026-08-03T16:53:28	NR_SA,Unknown	NR_SA	false	0	2147483647	OFF
2026-08-03T16:53:58	NR_SA,Unknown	NR_SA	false	0	2147483647	OFF
2026-08-03T16:54:29	NR_SA,Unknown	NR_SA	false	0	2147483647	OFF
2026-08-03T16:54:59	NR_SA,Unknown	NR_SA	false	0	2147483647	OFF
2026-08-03T16:55:30	NR_SA,Unknown	NR_SA	false	0	2147483647	OFF
2026-08-03T16:56:00	NR_SA,Unknown	NR_SA	false	0	2147483647	OFF
2026-08-03T16:56:30	NR_SA,Unknown	NR_SA	false	0	2147483647	OFF
2026-08-03T16:57:01	NR_SA,Unknown	NR_SA	false	0	2147483647	OFF
2026-08-03T16:57:31	NR_SA,Unknown	NR_SA	false	0	2147483647	OFF
2026-08-03T16:58:01	NR_SA,Unknown	NR_SA	false	0	2147483647	OFF
2026-08-03T16:58:32	NR_SA,Unknown	NR_SA	false	0	2147483647	OFF
2026-08-03T16:59:02	NR_SA,Unknown	NR_SA	false	0	2147483647	OFF
2026-08-03T16:59:32	NR_SA,Unknown	NR_SA	false	0	2147483647	OFF
2026-08-03T17:00:03	NR_SA,Unknown	NR_SA	false	0	2147483647	OFF
2026-08-03T17:00:33	NR_SA,Unknown	NR_SA	false	0	2147483647	OFF
2026-08-03T17:01:03	NR_SA,Unknown	NR_SA	false	0	2147483647	OFF
2026-08-03T17:01:34	NR_SA,Unknown	NR_SA	false	0	2147483647	OFF
2026-08-03T17:02:04	NR_SA,Unknown	NR_SA	false	0	2147483647	OFF
2026-08-03T17:02:34	NR_SA,Unknown	NR_SA	false	0	2147483647	OFF
2026-08-03T17:03:05	NR_SA,Unknown	NR_SA	false	0	2147483647	OFF
2026-08-03T17:03:35	NR_SA,Unknown	NR_SA	false	0	2147483647	OFF
2026-08-03T17:04:05	NR_SA,Unknown	NR_SA	false	0	2147483647	OFF
2026-08-03T17:04:36	NR_SA,Unknown	NR_SA	false	0	2147483647	OFF
2026-08-03T17:05:06	NR_SA,Unknown	NR_SA	false	0	2147483647	OFF
2026-08-03T17:05:36	NR_SA,Unknown	NR_SA	false	0	2147483647	OFF
2026-08-03T17:06:07	NR_SA,Unknown	NR_SA	false	0	2147483647	OFF
2026-08-03T17:06:37	NR_SA,Unknown	NR_SA	false	0	2147483647	OFF
2026-08-03T17:07:07	NR_SA,Unknown	NR_SA	false	0	2147483647	OFF
2026-08-03T17:07:38	NR_SA,Unknown	NR_SA	false	0	2147483647	OFF
2026-08-03T17:08:08	NR_SA,Unknown	NR_SA	false	0	2147483647	OFF
2026-08-03T17:08:38	NR_SA,Unknown	NR_SA	false	0	2147483647	OFF
2026-08-03T17:09:09	NR_SA,Unknown	NR_SA	false	0	2147483647	OFF
2026-08-03T17:09:39	NR_SA,Unknown	NR_SA	false	0	2147483647	OFF
2026-08-03T17:10:09	NR_SA,Unknown	NR_SA	false	0	2147483647	OFF
2026-08-03T17:10:40	NR_SA,Unknown	NR_SA	false	0	2147483647	OFF
2026-08-03T17:11:10	NR_SA,Unknown	NR_SA	false	0	2147483647	OFF
2026-08-03T17:11:41	NR_SA,Unknown	NR_SA	false	0	2147483647	OFF
2026-08-03T17:12:11	NR_SA,Unknown	NR_SA	false	0	2147483647	OFF
2026-08-03T17:12:41	NR_SA,Unknown	NR_SA	false	0	2147483647	OFF
2026-08-03T17:13:12	NR_SA,Unknown	NR_SA	false	0	2147483647	OFF
2026-08-03T17:13:42	NR_SA,Unknown	NR_SA	false	0	2147483647	OFF
2026-08-03T17:14:12	NR_SA,Unknown	NR_SA	false	0	2147483647	OFF
2026-08-03T17:14:43	NR_SA,Unknown	NR_SA	false	0	2147483647	OFF
2026-08-03T17:15:13	NR_SA,Unknown	NR_SA	false	0	2147483647	OFF
2026-08-03T17:15:44	NR_SA,Unknown	NR_SA	false	0	2147483647	OFF
2026-08-03T17:16:14	NR_SA,Unknown	NR_SA	false	0	2147483647	OFF
2026-08-03T17:16:44	NR_SA,Unknown	NR_SA	false	0	2147483647	OFF
2026-08-03T17:17:15	NR_SA,Unknown	NR_SA	false	0	2147483647	OFF
2026-08-03T17:17:45	NR_SA,Unknown	NR_SA	false	0	2147483647	OFF
2026-08-03T17:18:15	NR_SA,Unknown	NR_SA	false	0	2147483647	OFF
2026-08-03T17:18:46	NR_SA,Unknown	NR_SA	false	0	2147483647	OFF
2026-08-03T17:19:16	NR_SA,Unknown	NR_SA	false	0	2147483647	OFF
2026-08-03T17:19:46	NR_SA,Unknown	NR_SA	false	0	2147483647	OFF
2026-08-03T17:20:17	NR_SA,Unknown	NR_SA	false	0	2147483647	OFF
2026-08-03T17:20:48	NR_SA,Unknown	NR_SA	false	0	2147483647	OFF
2026-08-03T17:21:18	NR_SA,Unknown	NR_SA	false	0	2147483647	OFF
2026-08-03T17:21:48	NR_SA,Unknown	NR_SA	false	0	2147483647	OFF
2026-08-03T17:22:19	NR_SA,Unknown	NR_SA	false	0	2147483647	OFF
2026-08-03T17:22:49	NR_SA,Unknown	NR_SA	false	0	2147483647	OFF
2026-08-03T17:23:19	NR_SA,Unknown	NR_SA	false	0	2147483647	OFF
2026-08-03T17:23:50	NR_SA,Unknown	NR_SA	false	0	2147483647	OFF
2026-08-03T17:24:20	NR_SA,Unknown	NR_SA	false	0	2147483647	OFF
2026-08-03T17:24:51	NR_SA,Unknown	NR_SA	false	0	2147483647	OFF
2026-08-03T17:25:21	NR_SA,Unknown	NR_SA	false	0	2147483647	OFF
2026-08-03T17:25:51	NR_SA,Unknown	NR_SA	false	0	2147483647	OFF
2026-08-03T17:26:22	NR_SA,Unknown	NR_SA	false	0	2147483647	OFF
2026-08-03T17:26:52	NR_SA,Unknown	NR_SA	false	0	2147483647	OFF
2026-08-03T17:27:22	NR_SA,Unknown	NR_SA	false	0	2147483647	OFF
2026-08-03T17:27:53	NR_SA,Unknown	NR_SA	false	0	2147483647	OFF
2026-08-03T17:28:23	NR_SA,Unknown	NR_SA	false	0	2147483647	OFF
2026-08-03T17:28:53	NR_SA,Unknown	NR_SA	false	0	2147483647	OFF
2026-08-03T17:29:24	NR_SA,Unknown	NR_SA	false	0	2147483647	OFF
2026-08-03T17:29:54	NR_SA,Unknown	NR_SA	false	0	2147483647	OFF
2026-08-03T17:30:24	NR_SA,Unknown	NR_SA	false	0	2147483647	OFF
2026-08-03T17:30:55	NR_SA,Unknown	NR_SA	false	0	2147483647	OFF
2026-08-03T17:31:25	NR_SA,Unknown	NR_SA	false	0	2147483647	OFF
2026-08-03T17:31:56	NR_SA,Unknown	NR_SA	false	0	2147483647	OFF
2026-08-03T17:32:26	NR_SA,Unknown	NR_SA	false	0	2147483647	OFF
2026-08-03T17:32:56	NR_SA,Unknown	NR_SA	false	0	2147483647	OFF
2026-08-03T17:33:27	NR_SA,Unknown	NR_SA	false	0	2147483647	OFF
2026-08-03T17:33:57	NR_SA,Unknown	NR_SA	false	0	2147483647	OFF
2026-08-03T17:34:28	NR_SA,Unknown	NR_SA	false	0	2147483647	OFF
2026-08-03T17:34:58	NR_SA,Unknown	NR_SA	false	0	2147483647	OFF
2026-08-03T17:35:29	NR_SA,Unknown	NR_SA	false	0	2147483647	OFF
2026-08-03T17:35:59	NR_SA,Unknown	NR_SA	false	0	2147483647	OFF
2026-08-03T17:36:29	NR_SA,Unknown	NR_SA	false	0	2147483647	OFF
2026-08-03T17:37:00	NR_SA,Unknown	NR_SA	false	0	2147483647	OFF
2026-08-03T17:37:30	NR_SA,Unknown	NR_SA	false	0	2147483647	OFF
2026-08-03T17:38:01	NR_SA,Unknown	NR_SA	false	0	2147483647	OFF
2026-08-03T17:38:31	NR_SA,Unknown	NR_SA	false	0	2147483647	OFF
2026-08-03T17:39:02	NR_SA,Unknown	NR_SA	false	0	2147483647	OFF
2026-08-03T17:39:32	NR_SA,Unknown	NR_SA	false	0	2147483647	OFF
2026-08-03T17:40:02	NR_SA,Unknown	NR_SA	false	0	2147483647	OFF
2026-08-03T17:40:33	NR_SA,Unknown	NR_SA	false	0	2147483647	OFF
2026-08-03T17:41:03	NR_SA,Unknown	NR_SA	false	0	2147483647	OFF
2026-08-03T17:41:33	NR_SA,Unknown	NR_SA	false	0	2147483647	OFF
2026-08-03T17:42:04	NR_SA,Unknown	NR_SA	false	0	2147483647	OFF
2026-08-03T17:42:34	NR_SA,Unknown	NR_SA	false	0	2147483647	OFF
2026-08-03T17:43:04	NR_SA,Unknown	NR_SA	false	0	2147483647	OFF
2026-08-03T17:43:35	NR_SA,Unknown	NR_SA	false	0	2147483647	OFF
2026-08-03T17:44:05	NR_SA,Unknown	NR_SA	false	0	2147483647	OFF
2026-08-03T17:44:36	NR_SA,Unknown	NR_SA	false	0	2147483647	OFF
2026-08-03T17:45:06	NR_SA,Unknown	NR_SA	false	0	2147483647	OFF
2026-08-03T17:45:37	NR_SA,Unknown	NR_SA	false	0	2147483647	OFF
2026-08-03T17:46:07	NR_SA,Unknown	NR_SA	false	0	2147483647	OFF
2026-08-03T17:46:37	NR_SA,Unknown	NR_SA	false	0	2147483647	OFF
2026-08-03T17:47:08	NR_SA,Unknown	NR_SA	false	0	2147483647	OFF
2026-08-03T17:47:38	NR_SA,Unknown	NR_SA	false	0	2147483647	OFF
2026-08-03T17:48:09	NR_SA,Unknown	NR_SA	false	0	2147483647	OFF
2026-08-03T17:48:39	NR_SA,Unknown	NR_SA	false	0	2147483647	OFF
2026-08-03T17:49:09	NR_SA,Unknown	NR_SA	false	0	2147483647	OFF
2026-08-03T17:49:40	NR_SA,Unknown	NR_SA	false	0	2147483647	OFF
2026-08-03T17:50:10	NR_SA,Unknown	NR_SA	false	0	2147483647	OFF
2026-08-03T17:50:40	NR_SA,Unknown	NR_SA	false	0	2147483647	OFF
2026-08-03T17:51:11	NR_SA,Unknown	NR_SA	false	0	2147483647	OFF
2026-08-03T17:51:41	NR_SA,Unknown	NR_SA	false	0	2147483647	OFF
2026-08-03T17:52:11	NR_SA,Unknown	NR_SA	false	0	2147483647	OFF
2026-08-03T17:52:42	NR_SA,Unknown	NR_SA	false	0	2147483647	OFF
2026-08-03T17:53:12	NR_SA,Unknown	NR_SA	false	0	2147483647	OFF
2026-08-03T17:53:42	NR_SA,Unknown	NR_SA	false	0	2147483647	OFF
2026-08-03T17:54:13	NR_SA,Unknown	NR_SA	false	0	2147483647	OFF
2026-08-03T17:54:43	NR_SA,Unknown	NR_SA	false	0	2147483647	OFF
2026-08-03T17:55:13	NR_SA,Unknown	NR_SA	false	0	2147483647	OFF
2026-08-03T17:55:44	NR_SA,Unknown	NR_SA	false	0	2147483647	OFF
2026-08-03T17:56:14	NR_SA,Unknown	NR_SA	false	0	2147483647	OFF
2026-08-03T17:56:44	NR_SA,Unknown	NR_SA	false	0	2147483647	OFF
2026-08-03T17:57:15	NR_SA,Unknown	NR_SA	false	0	2147483647	OFF
2026-08-03T17:57:45	NR_SA,Unknown	NR_SA	false	0	2147483647	OFF
2026-08-03T17:58:15	NR_SA,Unknown	NR_SA	false	0	2147483647	OFF
2026-08-03T17:58:46	NR_SA,Unknown	NR_SA	false	0	2147483647	OFF
2026-08-03T17:59:16	NR_SA,Unknown	NR_SA	false	0	2147483647	OFF
2026-08-03T17:59:47	NR_SA,Unknown	NR_SA	false	0	2147483647	OFF
2026-08-03T18:00:17	NR_SA,Unknown	NR_SA	false	0	2147483647	OFF
2026-08-03T18:00:47	NR_SA,Unknown	NR_SA	false	0	2147483647	OFF
2026-08-03T18:01:18	NR_SA,Unknown	NR_SA	false	0	2147483647	OFF
2026-08-03T18:01:48	NR_SA,Unknown	NR_SA	false	0	2147483647	OFF
2026-08-03T18:02:19	NR_SA,Unknown	NR_SA	false	0	2147483647	OFF
2026-08-03T18:02:49	NR_SA,Unknown	NR_SA	false	0	2147483647	OFF
2026-08-03T18:03:19	NR_SA,Unknown	NR_SA	false	0	2147483647	OFF
2026-08-03T18:03:50	NR_SA,Unknown	NR_SA	false	0	2147483647	OFF
2026-08-03T18:04:20	NR_SA,Unknown	NR_SA	false	0	2147483647	OFF
2026-08-03T18:04:50	NR_SA,Unknown	NR_SA	false	0	2147483647	OFF
2026-08-03T18:05:21	NR_SA,Unknown	NR_SA	false	0	2147483647	OFF
2026-08-03T18:05:51	NR_SA,Unknown	NR_SA	false	0	2147483647	OFF
2026-08-03T18:06:21	NR_SA,Unknown	NR_SA	false	0	2147483647	OFF
2026-08-03T18:06:52	NR_SA,Unknown	NR_SA	false	0	2147483647	OFF
2026-08-03T18:07:22	NR_SA,Unknown	NR_SA	false	0	2147483647	OFF
2026-08-03T18:07:52	NR_SA,Unknown	NR_SA	false	0	2147483647	OFF
2026-08-03T18:08:23	NR_SA,Unknown	NR_SA	false	0	2147483647	OFF
2026-08-03T18:08:53	NR_SA,Unknown	NR_SA	false	0	2147483647	OFF
2026-08-03T18:09:24	NR_SA,Unknown	NR_SA	false	0	2147483647	OFF
2026-08-03T18:09:54	NR_SA,Unknown	NR_SA	false	0	2147483647	OFF
2026-08-03T18:10:24	NR_SA,Unknown	NR_SA	false	0	2147483647	OFF
2026-08-03T18:10:55	NR_SA,Unknown	NR_SA	false	0	2147483647	OFF
2026-08-03T18:11:25	NR_SA,Unknown	NR_SA	false	0	2147483647	OFF
2026-08-03T18:11:55	NR_SA,Unknown	NR_SA	false	0	2147483647	OFF
2026-08-03T18:12:26	NR_SA,Unknown	NR_SA	false	0	2147483647	OFF
2026-08-03T18:12:56	NR_SA,Unknown	NR_SA	false	0	2147483647	OFF
2026-08-03T18:13:27	NR_SA,Unknown	NR_SA	false	0	2147483647	OFF
2026-08-03T18:13:57	NR_SA,Unknown	NR_SA	false	0	2147483647	OFF
2026-08-03T18:14:27	NR_SA,Unknown	NR_SA	false	0	2147483647	OFF
2026-08-03T18:14:58	NR_SA,Unknown	NR_SA	false	0	2147483647	OFF
2026-08-03T18:15:28	NR_SA,Unknown	NR_SA	false	0	2147483647	OFF
2026-08-03T18:15:58	NR_SA,Unknown	NR_SA	false	0	2147483647	OFF
2026-08-03T18:16:29	NR_SA,Unknown	NR_SA	false	0	2147483647	OFF
2026-08-03T18:16:59	NR_SA,Unknown	NR_SA	false	0	2147483647	OFF
2026-08-03T18:17:30	NR_SA,Unknown	NR_SA	false	0	2147483647	OFF
2026-08-03T18:18:00	NR_SA,Unknown	NR_SA	false	0	2147483647	OFF
2026-08-03T18:18:30	NR_SA,Unknown	NR_SA	false	0	2147483647	OFF
2026-08-03T18:19:01	NR_SA,Unknown	NR_SA	false	0	2147483647	OFF
2026-08-03T18:19:31	NR_SA,Unknown	NR_SA	false	0	2147483647	OFF
2026-08-03T18:20:01	NR_SA,Unknown	NR_SA	false	0	2147483647	OFF
2026-08-03T18:20:32	NR_SA,Unknown	NR_SA	false	0	2147483647	OFF
2026-08-03T18:21:02	NR_SA,Unknown	NR_SA	false	0	2147483647	OFF
2026-08-03T18:21:32	NR_SA,Unknown	NR_SA	false	0	2147483647	OFF
2026-08-03T18:22:03	NR_SA,Unknown	NR_SA	false	0	2147483647	OFF
2026-08-03T18:22:33	NR_SA,Unknown	NR_SA	false	0	2147483647	OFF
2026-08-03T18:23:03	NR_SA,Unknown	NR_SA	false	0	2147483647	OFF
2026-08-03T18:23:34	NR_SA,Unknown	NR_SA	false	0	2147483647	OFF
2026-08-03T18:24:04	NR_SA,Unknown	NR_SA	false	0	2147483647	OFF
2026-08-03T18:24:34	NR_SA,Unknown	NR_SA	false	0	2147483647	OFF
2026-08-03T18:25:05	NR_SA,Unknown	NR_SA	false	0	2147483647	OFF
2026-08-03T18:25:35	NR_SA,Unknown	NR_SA	false	0	2147483647	OFF
2026-08-03T18:26:06	NR_SA,Unknown	NR_SA	false	0	2147483647	OFF
2026-08-03T18:26:36	NR_SA,Unknown	NR_SA	false	0	2147483647	OFF
2026-08-03T18:27:06	NR_SA,Unknown	NR_SA	false	0	2147483647	OFF
2026-08-03T18:27:37	NR_SA,Unknown	NR_SA	false	0	2147483647	OFF
2026-08-03T18:28:07	NR_SA,Unknown	NR_SA	false	0	2147483647	OFF
2026-08-03T18:28:37	NR_SA,Unknown	NR_SA	false	0	2147483647	OFF
2026-08-03T18:29:07	NR_SA,Unknown	NR_SA	false	0	2147483647	OFF
2026-08-03T18:29:38	NR_SA,Unknown	NR_SA	false	0	2147483647	OFF
2026-08-03T18:30:08	NR_SA,Unknown	NR_SA	false	0	2147483647	OFF
2026-08-03T18:30:38	NR_SA,Unknown	NR_SA	false	0	2147483647	OFF
2026-08-03T18:31:09	NR_SA,Unknown	NR_SA	false	0	2147483647	OFF
2026-08-03T18:31:39	NR_SA,Unknown	NR_SA	false	0	2147483647	OFF
2026-08-03T18:32:09	NR_SA,Unknown	NR_SA	false	0	2147483647	OFF
2026-08-03T18:32:40	NR_SA,Unknown	NR_SA	false	0	2147483647	OFF
2026-08-03T18:33:10	NR_SA,Unknown	NR_SA	false	0	2147483647	OFF
2026-08-03T18:33:40	NR_SA,Unknown	NR_SA	false	0	2147483647	OFF
2026-08-03T18:34:11	NR_SA,Unknown	NR_SA	false	0	2147483647	OFF
2026-08-03T18:34:41	NR_SA,Unknown	NR_SA	false	0	2147483647	OFF
2026-08-03T18:35:12	NR_SA,Unknown	NR_SA	false	0	2147483647	OFF
2026-08-03T18:35:43	NR_SA,Unknown	NR_SA	false	0	2147483647	OFF
2026-08-03T18:36:13	NR_SA,Unknown	NR_SA	false	0	2147483647	OFF
2026-08-03T18:36:43	NR_SA,Unknown	NR_SA	false	0	2147483647	OFF
2026-08-03T18:37:14	NR_SA,Unknown	NR_SA	false	0	2147483647	OFF
2026-08-03T18:37:44	NR_SA,Unknown	NR_SA	false	0	2147483647	OFF
2026-08-03T18:38:14	NR_SA,Unknown	NR_SA	false	0	2147483647	OFF
2026-08-03T18:38:45	NR_SA,Unknown	NR_SA	false	0	2147483647	OFF
2026-08-03T18:39:15	NR_SA,Unknown	NR_SA	false	0	2147483647	OFF
2026-08-03T18:39:45	NR_SA,Unknown	NR_SA	false	0	2147483647	OFF
2026-08-03T18:40:16	NR_SA,Unknown	NR_SA	false	0	2147483647	OFF
2026-08-03T18:40:46	NR_SA,Unknown	NR_SA	false	0	2147483647	OFF
2026-08-03T18:41:17	NR_SA,Unknown	NR_SA	false	0	2147483647	OFF
2026-08-03T18:41:47	NR_SA,Unknown	NR_SA	false	0	2147483647	OFF
2026-08-03T18:42:18	NR_SA,Unknown	NR_SA	false	0	2147483647	OFF
2026-08-03T18:42:48	NR_SA,Unknown	NR_SA	false	0	2147483647	OFF
2026-08-03T18:43:18	NR_SA,Unknown	NR_SA	false	0	2147483647	OFF
2026-08-03T18:43:49	NR_SA,Unknown	NR_SA	false	0	2147483647	OFF
2026-08-03T18:44:19	NR_SA,Unknown	NR_SA	false	0	2147483647	OFF
2026-08-03T18:44:49	NR_SA,Unknown	NR_SA	false	0	2147483647	OFF
2026-08-03T18:45:20	NR_SA,Unknown	NR_SA	false	0	2147483647	OFF
2026-08-03T18:45:50	NR_SA,Unknown	NR_SA	false	0	2147483647	OFF
2026-08-03T18:46:20	NR_SA,Unknown	NR_SA	false	0	2147483647	OFF
2026-08-03T18:46:51	NR_SA,Unknown	NR_SA	false	0	2147483647	OFF
2026-08-03T18:47:21	NR_SA,Unknown	NR_SA	false	0	2147483647	OFF
2026-08-03T18:47:51	NR_SA,Unknown	NR_SA	false	0	2147483647	OFF
2026-08-03T18:48:22	NR_SA,Unknown	NR_SA	false	0	2147483647	OFF
2026-08-03T18:48:52	NR_SA,Unknown	NR_SA	false	0	2147483647	OFF
2026-08-03T18:49:22	NR_SA,Unknown	NR_SA	false	0	2147483647	OFF
2026-08-03T18:49:53	NR_SA,Unknown	NR_SA	false	0	2147483647	OFF
2026-08-03T18:50:23	NR_SA,Unknown	NR_SA	false	0	2147483647	OFF
2026-08-03T18:50:53	NR_SA,Unknown	NR_SA	false	0	2147483647	OFF
2026-08-03T18:51:24	NR_SA,Unknown	NR_SA	false	0	2147483647	OFF
2026-08-03T18:51:54	NR_SA,Unknown	NR_SA	false	0	2147483647	OFF
2026-08-03T18:52:24	NR_SA,Unknown	NR_SA	false	0	2147483647	OFF
2026-08-03T18:52:55	NR_SA,Unknown	NR_SA	false	0	2147483647	OFF
2026-08-03T18:53:25	NR_SA,Unknown	NR_SA	false	0	2147483647	OFF
2026-08-03T18:53:56	NR_SA,Unknown	NR_SA	false	0	2147483647	OFF
2026-08-03T18:54:26	NR_SA,Unknown	NR_SA	false	0	2147483647	OFF
2026-08-03T18:54:57	NR_SA,Unknown	NR_SA	false	0	2147483647	OFF
2026-08-03T18:55:27	NR_SA,Unknown	NR_SA	false	0	2147483647	OFF
2026-08-03T18:55:57	NR_SA,Unknown	NR_SA	false	0	2147483647	OFF
2026-08-03T18:56:28	NR_SA,Unknown	NR_SA	false	0	2147483647	OFF
2026-08-03T18:56:58	NR_SA,Unknown	NR_SA	false	0	2147483647	OFF
2026-08-03T18:57:28	NR_SA,Unknown	NR_SA	false	0	2147483647	OFF
2026-08-03T18:57:59	NR_SA,Unknown	NR_SA	false	0	2147483647	OFF
2026-08-03T18:58:29	NR_SA,Unknown	NR_SA	false	0	2147483647	OFF
2026-08-03T18:59:00	NR_SA,Unknown	NR_SA	false	0	2147483647	OFF
2026-08-03T18:59:30	NR_SA,Unknown	NR_SA	false	0	2147483647	OFF
2026-08-03T19:00:00	NR_SA,Unknown	NR_SA	false	0	2147483647	OFF
2026-08-03T19:00:31	NR_SA,Unknown	NR_SA	false	0	2147483647	OFF
2026-08-03T19:01:01	NR_SA,Unknown	NR_SA	false	0	2147483647	OFF
2026-08-03T19:01:31	NR_SA,Unknown	NR_SA	false	0	2147483647	OFF
2026-08-03T19:02:02	NR_SA,Unknown	NR_SA	false	0	2147483647	OFF
2026-08-03T19:02:32	NR_SA,Unknown	NR_SA	false	0	2147483647	OFF
2026-08-03T19:03:02	NR_SA,Unknown	NR_SA	false	0	2147483647	OFF
2026-08-03T19:03:33	NR_SA,Unknown	NR_SA	false	0	2147483647	OFF
2026-08-03T19:04:03	NR_SA,Unknown	NR_SA	false	0	2147483647	OFF
2026-08-03T19:04:34	NR_SA,Unknown	NR_SA	false	0	2147483647	OFF
2026-08-03T19:05:04	NR_SA,Unknown	NR_SA	false	0	2147483647	OFF
2026-08-03T19:05:34	NR_SA,Unknown	NR_SA	false	0	2147483647	OFF
2026-08-03T19:06:05	NR_SA,Unknown	NR_SA	false	0	2147483647	OFF
2026-08-03T19:06:35	NR_SA,Unknown	NR_SA	false	0	2147483647	OFF
2026-08-03T19:07:05	NR_SA,Unknown	NR_SA	false	0	2147483647	OFF
2026-08-03T19:07:35	NR_SA,Unknown	NR_SA	false	0	2147483647	OFF
2026-08-03T19:08:06	NR_SA,Unknown	NR_SA	false	0	2147483647	OFF
2026-08-03T19:08:36	NR_SA,Unknown	NR_SA	false	0	2147483647	OFF
2026-08-03T19:09:06	NR_SA,Unknown	NR_SA	false	0	2147483647	OFF
2026-08-03T19:09:36	NR_SA,Unknown	NR_SA	false	0	2147483647	OFF
2026-08-03T19:10:07	NR_SA,Unknown	NR_SA	false	0	2147483647	OFF
2026-08-03T19:10:37	NR_SA,Unknown	NR_SA	false	0	2147483647	OFF
2026-08-03T19:11:07	NR_SA,Unknown	NR_SA	false	0	2147483647	OFF
2026-08-03T19:11:38	NR_SA,Unknown	NR_SA	false	0	2147483647	OFF
2026-08-03T19:12:08	NR_SA,Unknown	NR_SA	false	0	2147483647	OFF
2026-08-03T19:12:38	NR_SA,Unknown	NR_SA	false	0	2147483647	OFF
2026-08-03T19:13:08	NR_SA,Unknown	NR_SA	false	0	2147483647	OFF
2026-08-03T19:13:39	NR_SA,Unknown	NR_SA	false	0	2147483647	OFF
2026-08-03T19:14:09	NR_SA,Unknown	NR_SA	false	0	2147483647	OFF
2026-08-03T19:14:39	NR_SA,Unknown	NR_SA	false	0	2147483647	OFF
2026-08-03T19:15:09	NR_SA,Unknown	NR_SA	false	0	2147483647	OFF
2026-08-03T19:15:40	NR_SA,Unknown	NR_SA	false	0	2147483647	OFF
2026-08-03T19:16:10	NR_SA,Unknown	NR_SA	false	0	2147483647	OFF
2026-08-03T19:16:40	NR_SA,Unknown	NR_SA	false	0	2147483647	OFF
2026-08-03T19:17:11	NR_SA,Unknown	NR_SA	false	0	2147483647	OFF
2026-08-03T19:17:41	NR_SA,Unknown	NR_SA	false	0	2147483647	OFF
2026-08-03T19:18:11	NR_SA,Unknown	NR_SA	false	0	2147483647	OFF
2026-08-03T19:18:41	NR_SA,Unknown	NR_SA	false	0	2147483647	OFF
2026-08-03T19:19:12	NR_SA,Unknown	NR_SA	false	0	2147483647	OFF
2026-08-03T19:19:42	NR_SA,Unknown	NR_SA	false	0	2147483647	OFF
2026-08-03T19:20:12	NR_SA,Unknown	NR_SA	false	0	2147483647	OFF
2026-08-03T19:20:43	NR_SA,Unknown	NR_SA	false	0	2147483647	OFF
2026-08-03T19:21:13	NR_SA,Unknown	NR_SA	false	0	2147483647	OFF
2026-08-03T19:21:43	NR_SA,Unknown	NR_SA	false	0	2147483647	OFF
2026-08-03T19:22:13	NR_SA,Unknown	NR_SA	false	0	2147483647	OFF
2026-08-03T19:22:44	NR_SA,Unknown	NR_SA	false	0	2147483647	OFF
2026-08-03T19:23:14	NR_SA,Unknown	NR_SA	false	0	2147483647	OFF
2026-08-03T19:23:44	NR_SA,Unknown	NR_SA	false	0	2147483647	OFF
2026-08-03T19:24:15	NR_SA,Unknown	NR_SA	false	0	2147483647	OFF
2026-08-03T19:24:45	NR_SA,Unknown	NR_SA	false	0	2147483647	OFF
2026-08-03T19:25:15	NR_SA,Unknown	NR_SA	false	0	2147483647	OFF
2026-08-03T19:25:45	NR_SA,Unknown	NR_SA	false	0	2147483647	OFF
2026-08-03T19:26:16	NR_SA,Unknown	NR_SA	false	0	2147483647	OFF
2026-08-03T19:26:46	NR_SA,Unknown	NR_SA	false	0	2147483647	OFF
2026-08-03T19:27:16	NR_SA,Unknown	NR_SA	false	0	2147483647	OFF
2026-08-03T19:27:46	NR_SA,Unknown	NR_SA	false	0	2147483647	OFF
2026-08-03T19:28:17	NR_SA,Unknown	NR_SA	false	0	2147483647	OFF
2026-08-03T19:28:47	NR_SA,Unknown	NR_SA	false	0	2147483647	OFF
2026-08-03T19:29:17	NR_SA,Unknown	NR_SA	false	0	2147483647	OFF
2026-08-03T19:29:48	NR_SA,Unknown	NR_SA	false	0	2147483647	OFF
2026-08-03T19:30:18	NR_SA,Unknown	NR_SA	false	0	2147483647	OFF
2026-08-03T19:30:48	NR_SA,Unknown	NR_SA	false	0	2147483647	OFF
2026-08-03T19:31:18	NR_SA,Unknown	NR_SA	false	0	2147483647	OFF
2026-08-03T19:31:49	NR_SA,Unknown	NR_SA	false	0	2147483647	OFF
2026-08-03T19:32:19	NR_SA,Unknown	NR_SA	false	0	2147483647	OFF
2026-08-03T19:32:49	NR_SA,Unknown	NR_SA	false	0	2147483647	OFF
2026-08-03T19:33:20	NR_SA,Unknown	NR_SA	false	0	2147483647	OFF
2026-08-03T19:33:50	NR_SA,Unknown	NR_SA	false	0	2147483647	OFF
2026-08-03T19:34:20	NR_SA,Unknown	NR_SA	false	0	2147483647	OFF
2026-08-03T19:34:51	NR_SA,Unknown	NR_SA	false	0	2147483647	OFF
2026-08-03T19:35:21	NR_SA,Unknown	NR_SA	false	0	2147483647	OFF
2026-08-03T19:35:51	NR_SA,Unknown	NR_SA	false	0	2147483647	OFF
2026-08-03T19:36:21	NR_SA,Unknown	NR_SA	false	0	2147483647	OFF
2026-08-03T19:36:52	NR_SA,Unknown	NR_SA	false	0	2147483647	OFF
2026-08-03T19:37:22	NR_SA,Unknown	NR_SA	false	0	2147483647	OFF
2026-08-03T19:37:52	NR_SA,Unknown	NR_SA	false	0	2147483647	OFF
2026-08-03T19:38:23	NR_SA,Unknown	NR_SA	false	0	2147483647	OFF
2026-08-03T19:38:53	NR_SA,Unknown	NR_SA	false	0	2147483647	OFF
2026-08-03T19:39:23	NR_SA,Unknown	NR_SA	false	0	2147483647	OFF
2026-08-03T19:39:53	NR_SA,Unknown	NR_SA	false	0	2147483647	OFF
2026-08-03T19:40:24	NR_SA,Unknown	NR_SA	false	0	2147483647	OFF
2026-08-03T19:40:54	NR_SA,Unknown	NR_SA	false	0	2147483647	OFF
2026-08-03T19:41:24	NR_SA,Unknown	NR_SA	false	0	2147483647	OFF
2026-08-03T19:41:55	NR_SA,Unknown	NR_SA	false	0	2147483647	OFF
2026-08-03T19:42:25	NR_SA,Unknown	NR_SA	false	0	2147483647	OFF
2026-08-03T19:42:55	NR_SA,Unknown	NR_SA	false	0	2147483647	OFF
2026-08-03T19:43:25	NR_SA,Unknown	NR_SA	false	0	2147483647	OFF
2026-08-03T19:43:56	NR_SA,Unknown	NR_SA	false	0	2147483647	OFF
2026-08-03T19:44:26	NR_SA,Unknown	NR_SA	false	0	2147483647	OFF
2026-08-03T19:44:56	NR_SA,Unknown	NR_SA	false	0	2147483647	OFF
2026-08-03T19:45:27	NR_SA,Unknown	NR_SA	false	0	2147483647	OFF
2026-08-03T19:45:57	NR_SA,Unknown	NR_SA	false	0	2147483647	OFF
2026-08-03T19:46:27	NR_SA,Unknown	NR_SA	false	0	2147483647	OFF
2026-08-03T19:46:58	NR_SA,Unknown	NR_SA	false	0	2147483647	OFF
2026-08-03T19:47:28	NR_SA,Unknown	NR_SA	false	0	2147483647	OFF
2026-08-03T19:47:58	NR_SA,Unknown	NR_SA	false	0	2147483647	OFF
2026-08-03T19:48:29	NR_SA,Unknown	NR_SA	false	0	2147483647	OFF
2026-08-03T19:48:59	NR_SA,Unknown	NR_SA	false	0	2147483647	OFF
2026-08-03T19:49:29	NR_SA,Unknown	NR_SA	false	0	2147483647	OFF
2026-08-03T19:49:59	NR_SA,Unknown	NR_SA	false	0	2147483647	OFF
2026-08-03T19:50:30	NR_SA,Unknown	NR_SA	false	0	2147483647	OFF
2026-08-03T19:51:00	NR_SA,Unknown	NR_SA	false	0	2147483647	OFF
2026-08-03T19:51:30	NR_SA,Unknown	NR_SA	false	0	2147483647	OFF
2026-08-03T19:52:01	NR_SA,Unknown	NR_SA	false	0	2147483647	OFF
2026-08-03T19:52:31	NR_SA,Unknown	NR_SA	false	0	2147483647	OFF
2026-08-03T19:53:01	NR_SA,Unknown	NR_SA	false	0	2147483647	OFF
2026-08-03T19:53:31	NR_SA,Unknown	NR_SA	false	0	2147483647	OFF
2026-08-03T19:54:02	NR_SA,Unknown	NR_SA	false	0	2147483647	OFF
2026-08-03T19:54:32	NR_SA,Unknown	NR_SA	false	0	2147483647	OFF
2026-08-03T19:55:02	NR_SA,Unknown	NR_SA	false	0	2147483647	OFF
2026-08-03T19:55:33	NR_SA,Unknown	NR_SA	false	0	2147483647	OFF
2026-08-03T19:56:03	NR_SA,Unknown	NR_SA	false	0	2147483647	OFF
2026-08-03T19:56:33	NR_SA,Unknown	NR_SA	false	0	2147483647	OFF
2026-08-03T19:57:03	NR_SA,Unknown	NR_SA	false	0	2147483647	OFF
2026-08-03T19:57:34	NR_SA,Unknown	NR_SA	false	0	2147483647	OFF
2026-08-03T19:58:04	NR_SA,Unknown	NR_SA	false	0	2147483647	OFF
2026-08-03T19:58:34	NR_SA,Unknown	NR_SA	false	0	2147483647	OFF
2026-08-03T19:59:05	NR_SA,Unknown	NR_SA	false	0	2147483647	OFF
2026-08-03T19:59:35	NR_SA,Unknown	NR_SA	false	0	2147483647	OFF
2026-08-03T20:00:05	NR_SA,Unknown	NR_SA	false	0	2147483647	OFF
2026-08-03T20:00:35	NR_SA,Unknown	NR_SA	false	0	2147483647	OFF
2026-08-03T20:01:06	NR_SA,Unknown	NR_SA	false	0	2147483647	OFF
2026-08-03T20:01:36	NR_SA,Unknown	NR_SA	false	0	2147483647	OFF
2026-08-03T20:02:06	NR_SA,Unknown	NR_SA	false	0	2147483647	OFF
2026-08-03T20:02:37	NR_SA,Unknown	NR_SA	false	0	2147483647	OFF
2026-08-03T20:03:07	NR_SA,Unknown	NR_SA	false	0	2147483647	OFF
2026-08-03T20:03:37	NR_SA,Unknown	NR_SA	false	0	2147483647	OFF
2026-08-03T20:04:08	NR_SA,Unknown	NR_SA	false	0	2147483647	OFF
2026-08-03T20:04:38	NR_SA,Unknown	NR_SA	false	0	2147483647	OFF
2026-08-03T20:05:08	NR_SA,Unknown	NR_SA	false	0	2147483647	OFF
2026-08-03T20:05:39	NR_SA,Unknown	NR_SA	false	0	2147483647	OFF
2026-08-03T20:06:09	NR_SA,Unknown	NR_SA	false	0	2147483647	OFF
2026-08-03T20:06:39	NR_SA,Unknown	NR_SA	false	0	2147483647	OFF
2026-08-03T20:07:10	NR_SA,Unknown	NR_SA	false	0	2147483647	OFF
2026-08-03T20:07:40	NR_SA,Unknown	NR_SA	false	0	2147483647	OFF
2026-08-03T20:08:10	NR_SA,Unknown	NR_SA	false	0	2147483647	OFF
2026-08-03T20:08:40	NR_SA,Unknown	NR_SA	false	0	2147483647	OFF
2026-08-03T20:09:11	NR_SA,Unknown	NR_SA	false	0	2147483647	OFF
2026-08-03T20:09:41	NR_SA,Unknown	NR_SA	false	0	2147483647	OFF
2026-08-03T20:10:11	NR_SA,Unknown	NR_SA	false	0	2147483647	OFF
2026-08-03T20:10:42	NR_SA,Unknown	NR_SA	false	0	2147483647	OFF
2026-08-03T20:11:12	NR_SA,Unknown	NR_SA	false	0	2147483647	OFF
2026-08-03T20:11:42	NR_SA,Unknown	NR_SA	false	0	2147483647	OFF
2026-08-03T20:12:13	NR_SA,Unknown	NR_SA	false	0	2147483647	OFF
2026-08-03T20:12:43	NR_SA,Unknown	NR_SA	false	0	2147483647	OFF
2026-08-03T20:13:13	NR_SA,Unknown	NR_SA	false	0	2147483647	OFF
2026-08-03T20:13:44	NR_SA,Unknown	NR_SA	false	0	2147483647	OFF
2026-08-03T20:14:14	NR_SA,Unknown	NR_SA	false	0	2147483647	OFF
2026-08-03T20:14:44	NR_SA,Unknown	NR_SA	false	0	2147483647	OFF
2026-08-03T20:15:14	NR_SA,Unknown	NR_SA	false	0	2147483647	OFF
2026-08-03T20:15:45	NR_SA,Unknown	NR_SA	false	0	2147483647	OFF
2026-08-03T20:16:15	NR_SA,Unknown	NR_SA	false	0	2147483647	OFF
2026-08-03T20:16:45	NR_SA,Unknown	NR_SA	false	0	2147483647	OFF
2026-08-03T20:17:16	NR_SA,Unknown	NR_SA	false	0	2147483647	OFF
2026-08-03T20:17:46	NR_SA,Unknown	NR_SA	false	0	2147483647	OFF
2026-08-03T20:18:16	NR_SA,Unknown	NR_SA	false	0	2147483647	OFF
2026-08-03T20:18:46	NR_SA,Unknown	NR_SA	false	0	2147483647	OFF
2026-08-03T20:19:17	NR_SA,Unknown	NR_SA	false	0	2147483647	OFF
2026-08-03T20:19:47	NR_SA,Unknown	NR_SA	false	0	2147483647	OFF
2026-08-03T20:20:17	NR_SA,Unknown	NR_SA	false	0	2147483647	OFF
2026-08-03T20:20:48	NR_SA,Unknown	NR_SA	false	0	2147483647	OFF
2026-08-03T20:21:18	NR_SA,Unknown	NR_SA	false	0	2147483647	OFF
2026-08-03T20:21:48	NR_SA,Unknown	NR_SA	false	0	2147483647	OFF
2026-08-03T20:22:18	NR_SA,Unknown	NR_SA	false	0	2147483647	OFF
2026-08-03T20:22:49	NR_SA,Unknown	NR_SA	false	0	2147483647	OFF
2026-08-03T20:23:19	NR_SA,Unknown	NR_SA	false	0	2147483647	OFF
2026-08-03T20:23:49	NR_SA,Unknown	NR_SA	false	0	2147483647	OFF
2026-08-03T20:24:20	NR_SA,Unknown	NR_SA	false	0	2147483647	OFF
2026-08-03T20:24:50	NR_SA,Unknown	NR_SA	false	0	2147483647	OFF
2026-08-03T20:25:20	NR_SA,Unknown	NR_SA	false	0	2147483647	OFF
2026-08-03T20:25:51	NR_SA,Unknown	NR_SA	false	0	2147483647	OFF
2026-08-03T20:26:21	NR_SA,Unknown	NR_SA	false	0	2147483647	OFF
2026-08-03T20:26:51	NR_SA,Unknown	NR_SA	false	0	2147483647	OFF
2026-08-03T20:27:22	NR_SA,Unknown	NR_SA	false	0	2147483647	OFF
2026-08-03T20:27:52	NR_SA,Unknown	NR_SA	false	0	2147483647	OFF
2026-08-03T20:28:22	NR_SA,Unknown	NR_SA	false	0	2147483647	OFF
2026-08-03T20:28:52	NR_SA,Unknown	NR_SA	false	0	2147483647	OFF
2026-08-03T20:29:23	NR_SA,Unknown	NR_SA	false	0	2147483647	OFF
2026-08-03T20:29:53	NR_SA,Unknown	NR_SA	false	0	2147483647	OFF
2026-08-03T20:30:23	NR_SA,Unknown	NR_SA	false	0	2147483647	OFF
2026-08-03T20:30:54	NR_SA,Unknown	NR_SA	false	0	2147483647	OFF
2026-08-03T20:31:24	NR_SA,Unknown	NR_SA	false	0	2147483647	OFF
2026-08-03T20:31:54	NR_SA,Unknown	NR_SA	false	0	2147483647	OFF
2026-08-03T20:32:25	NR_SA,Unknown	NR_SA	false	0	2147483647	OFF
2026-08-03T20:32:55	NR_SA,Unknown	NR_SA	false	0	2147483647	OFF
2026-08-03T20:33:25	NR_SA,Unknown	NR_SA	false	0	2147483647	OFF
2026-08-03T20:33:56	NR_SA,Unknown	NR_SA	false	0	2147483647	OFF
2026-08-03T20:34:26	NR_SA,Unknown	NR_SA	false	0	2147483647	OFF
2026-08-03T20:34:56	NR_SA,Unknown	NR_SA	false	0	2147483647	OFF
2026-08-03T20:35:26	NR_SA,Unknown	NR_SA	false	0	2147483647	OFF
2026-08-03T20:35:57	NR_SA,Unknown	NR_SA	false	0	2147483647	OFF
2026-08-03T20:36:27	NR_SA,Unknown	NR_SA	false	0	2147483647	OFF
2026-08-03T20:36:57	NR_SA,Unknown	NR_SA	false	0	2147483647	OFF
2026-08-03T20:37:28	NR_SA,Unknown	NR_SA	false	0	2147483647	OFF
2026-08-03T20:37:58	NR_SA,Unknown	NR_SA	false	0	2147483647	OFF
2026-08-03T20:38:28	NR_SA,Unknown	NR_SA	false	0	2147483647	OFF
2026-08-03T20:38:58	NR_SA,Unknown	NR_SA	false	0	2147483647	OFF
2026-08-03T20:39:29	NR_SA,Unknown	NR_SA	false	0	2147483647	OFF
2026-08-03T20:39:59	NR_SA,Unknown	NR_SA	false	0	2147483647	OFF
2026-08-03T20:40:29	NR_SA,Unknown	NR_SA	false	0	2147483647	OFF
2026-08-03T20:41:00	NR_SA,Unknown	NR_SA	false	0	2147483647	OFF
2026-08-03T20:41:30	NR_SA,Unknown	NR_SA	false	0	2147483647	OFF
2026-08-03T20:42:00	NR_SA,Unknown	NR_SA	false	0	2147483647	OFF
2026-08-03T20:42:30	NR_SA,Unknown	NR_SA	false	0	2147483647	OFF
2026-08-03T20:43:01	NR_SA,Unknown	NR_SA	false	0	2147483647	OFF
2026-08-03T20:43:31	NR_SA,Unknown	NR_SA	false	0	2147483647	OFF
2026-08-03T20:44:01	NR_SA,Unknown	NR_SA	false	0	2147483647	OFF
2026-08-03T20:44:32	NR_SA,Unknown	NR_SA	false	0	2147483647	OFF
2026-08-03T20:45:02	NR_SA,Unknown	NR_SA	false	0	2147483647	OFF
2026-08-03T20:45:32	NR_SA,Unknown	NR_SA	false	0	2147483647	OFF
2026-08-03T20:46:02	NR_SA,Unknown	NR_SA	false	0	2147483647	OFF
2026-08-03T20:46:33	NR_SA,Unknown	NR_SA	false	0	2147483647	OFF
2026-08-03T20:47:03	NR_SA,Unknown	NR_SA	false	0	2147483647	OFF
2026-08-03T20:47:33	NR_SA,Unknown	NR_SA	false	0	2147483647	OFF
2026-08-03T20:48:04	NR_SA,Unknown	NR_SA	false	0	2147483647	OFF
2026-08-03T20:48:34	NR_SA,Unknown	NR_SA	false	0	2147483647	OFF
2026-08-03T20:49:04	NR_SA,Unknown	NR_SA	false	0	2147483647	OFF
2026-08-03T20:49:34	NR_SA,Unknown	NR_SA	false	0	2147483647	OFF
2026-08-03T20:50:05	NR_SA,Unknown	NR_SA	false	0	2147483647	OFF
2026-08-03T20:50:35	NR_SA,Unknown	NR_SA	false	0	2147483647	OFF
2026-08-03T20:51:05	NR_SA,Unknown	NR_SA	false	0	2147483647	OFF
2026-08-03T20:51:35	NR_SA,Unknown	NR_SA	false	0	2147483647	OFF
2026-08-03T20:52:06	NR_SA,Unknown	NR_SA	false	0	2147483647	OFF
2026-08-03T20:52:36	NR_SA,Unknown	NR_SA	false	0	2147483647	OFF
2026-08-03T20:53:06	NR_SA,Unknown	NR_SA	false	0	2147483647	OFF
2026-08-03T20:53:37	NR_SA,Unknown	NR_SA	false	0	2147483647	OFF
2026-08-03T20:54:07	NR_SA,Unknown	NR_SA	false	0	2147483647	OFF
2026-08-03T20:54:37	NR_SA,Unknown	NR_SA	false	0	2147483647	OFF
2026-08-03T20:55:08	NR_SA,Unknown	NR_SA	false	0	2147483647	OFF
2026-08-03T20:55:38	NR_SA,Unknown	NR_SA	false	0	2147483647	OFF
2026-08-03T20:56:08	NR_SA,Unknown	NR_SA	false	0	2147483647	OFF
2026-08-03T20:56:38	NR_SA,Unknown	NR_SA	false	0	2147483647	OFF
2026-08-03T20:57:09	NR_SA,Unknown	NR_SA	false	0	2147483647	OFF
2026-08-03T20:57:39	NR_SA,Unknown	NR_SA	false	0	2147483647	OFF
2026-08-03T20:58:09	NR_SA,Unknown	NR_SA	false	0	2147483647	OFF
2026-08-03T20:58:40	NR_SA,Unknown	NR_SA	false	0	2147483647	OFF
2026-08-03T20:59:10	NR_SA,Unknown	NR_SA	false	0	2147483647	OFF
2026-08-03T20:59:40	NR_SA,Unknown	NR_SA	false	0	2147483647	OFF
2026-08-03T21:00:10	NR_SA,Unknown	NR_SA	false	0	2147483647	OFF
2026-08-03T21:00:41	NR_SA,Unknown	NR_SA	false	0	2147483647	OFF
2026-08-03T21:01:11	NR_SA,Unknown	NR_SA	false	0	2147483647	OFF
2026-08-03T21:01:41	NR_SA,Unknown	NR_SA	false	0	2147483647	OFF
2026-08-03T21:02:12	NR_SA,Unknown	NR_SA	false	0	2147483647	OFF
2026-08-03T21:02:42	NR_SA,Unknown	NR_SA	false	0	2147483647	OFF
2026-08-03T21:03:12	NR_SA,Unknown	NR_SA	false	0	2147483647	OFF
2026-08-03T21:03:42	NR_SA,Unknown	NR_SA	false	0	2147483647	OFF
2026-08-03T21:04:13	NR_SA,Unknown	NR_SA	false	0	2147483647	OFF
2026-08-03T21:04:43	NR_SA,Unknown	NR_SA	false	0	2147483647	OFF
2026-08-03T21:05:13	NR_SA,Unknown	NR_SA	false	0	2147483647	OFF
2026-08-03T21:05:44	NR_SA,Unknown	NR_SA	false	0	2147483647	OFF
2026-08-03T21:06:14	NR_SA,Unknown	NR_SA	false	0	2147483647	OFF
2026-08-03T21:06:44	NR_SA,Unknown	NR_SA	false	0	2147483647	OFF
2026-08-03T21:07:14	NR_SA,Unknown	NR_SA	false	0	2147483647	OFF
2026-08-03T21:07:45	NR_SA,Unknown	NR_SA	false	0	2147483647	OFF
2026-08-03T21:08:15	NR_SA,Unknown	NR_SA	false	0	2147483647	OFF
2026-08-03T21:08:45	NR_SA,Unknown	NR_SA	false	0	2147483647	OFF
2026-08-03T21:09:16	NR_SA,Unknown	NR_SA	false	0	2147483647	OFF
2026-08-03T21:09:46	NR_SA,Unknown	NR_SA	false	0	2147483647	OFF
2026-08-03T21:10:16	NR_SA,Unknown	NR_SA	false	0	2147483647	OFF
2026-08-03T21:10:46	NR_SA,Unknown	NR_SA	false	0	2147483647	OFF
2026-08-03T21:11:17	NR_SA,Unknown	NR_SA	false	0	2147483647	OFF
2026-08-03T21:11:47	NR_SA,Unknown	NR_SA	false	0	2147483647	OFF
2026-08-03T21:12:17	NR_SA,Unknown	NR_SA	false	0	2147483647	OFF
2026-08-03T21:12:48	NR_SA,Unknown	NR_SA	false	0	2147483647	OFF
2026-08-03T21:13:18	NR_SA,Unknown	NR_SA	false	0	2147483647	OFF
2026-08-03T21:13:48	NR_SA,Unknown	NR_SA	false	0	2147483647	OFF
2026-08-03T21:14:19	NR_SA,Unknown	NR_SA	false	0	2147483647	OFF
2026-08-03T21:14:49	NR_SA,Unknown	NR_SA	false	0	2147483647	OFF
2026-08-03T21:15:19	NR_SA,Unknown	NR_SA	false	0	2147483647	OFF
2026-08-03T21:15:49	NR_SA,Unknown	NR_SA	false	0	2147483647	OFF
2026-08-03T21:16:20	NR_SA,Unknown	NR_SA	false	0	2147483647	OFF
2026-08-03T21:16:50	NR_SA,Unknown	NR_SA	false	0	2147483647	OFF
2026-08-03T21:17:20	NR_SA,Unknown	NR_SA	false	0	2147483647	OFF
2026-08-03T21:17:51	NR_SA,Unknown	NR_SA	false	0	2147483647	OFF
2026-08-03T21:18:21	NR_SA,Unknown	NR_SA	false	0	2147483647	OFF
2026-08-03T21:18:51	NR_SA,Unknown	NR_SA	false	0	2147483647	OFF
2026-08-03T21:19:21	NR_SA,Unknown	NR_SA	false	0	2147483647	OFF
2026-08-03T21:19:52	NR_SA,Unknown	NR_SA	false	0	2147483647	OFF
2026-08-03T21:20:22	NR_SA,Unknown	NR_SA	false	0	2147483647	OFF
2026-08-03T21:20:52	NR_SA,Unknown	NR_SA	false	0	2147483647	OFF
2026-08-03T21:21:23	NR_SA,Unknown	NR_SA	false	0	2147483647	OFF
2026-08-03T21:21:53	NR_SA,Unknown	NR_SA	false	0	2147483647	OFF
2026-08-03T21:22:23	NR_SA,Unknown	NR_SA	false	0	2147483647	OFF
2026-08-03T21:22:54	NR_SA,Unknown	NR_SA	false	0	2147483647	OFF
2026-08-03T21:23:24	NR_SA,Unknown	NR_SA	false	0	2147483647	OFF
2026-08-03T21:23:54	NR_SA,Unknown	NR_SA	false	0	2147483647	OFF
2026-08-03T21:24:25	NR_SA,Unknown	NR_SA	false	0	2147483647	OFF
2026-08-03T21:24:55	NR_SA,Unknown	NR_SA	false	0	2147483647	OFF
2026-08-03T21:25:25	NR_SA,Unknown	NR_SA	false	0	2147483647	OFF
2026-08-03T21:25:55	NR_SA,Unknown	NR_SA	false	0	2147483647	OFF
2026-08-03T21:26:26	NR_SA,Unknown	NR_SA	false	0	2147483647	OFF
2026-08-03T21:26:56	NR_SA,Unknown	NR_SA	false	0	2147483647	OFF
2026-08-03T21:27:26	NR_SA,Unknown	NR_SA	false	0	2147483647	OFF
2026-08-03T21:27:57	NR_SA,Unknown	NR_SA	false	0	2147483647	OFF
2026-08-03T21:28:27	NR_SA,Unknown	NR_SA	false	0	2147483647	OFF
2026-08-03T21:28:57	NR_SA,Unknown	NR_SA	false	0	2147483647	OFF
2026-08-03T21:29:28	NR_SA,Unknown	NR_SA	false	0	2147483647	OFF
2026-08-03T21:29:58	NR_SA,Unknown	NR_SA	false	0	2147483647	OFF
2026-08-03T21:30:28	NR_SA,Unknown	NR_SA	false	0	2147483647	OFF
2026-08-03T21:30:58	NR_SA,Unknown	NR_SA	false	0	2147483647	OFF
2026-08-03T21:31:29	NR_SA,Unknown	NR_SA	false	0	2147483647	OFF
2026-08-03T21:31:59	NR_SA,Unknown	NR_SA	false	0	2147483647	OFF
2026-08-03T21:32:29	NR_SA,Unknown	NR_SA	false	0	2147483647	OFF
2026-08-03T21:33:00	NR_SA,Unknown	NR_SA	false	0	2147483647	OFF
2026-08-03T21:33:30	NR_SA,Unknown	NR_SA	false	0	2147483647	OFF
2026-08-03T21:34:00	NR_SA,Unknown	NR_SA	false	0	2147483647	OFF
2026-08-03T21:34:31	NR_SA,Unknown	NR_SA	false	0	2147483647	OFF
2026-08-03T21:35:01	NR_SA,Unknown	NR_SA	false	0	2147483647	OFF
2026-08-03T21:35:31	NR_SA,Unknown	NR_SA	false	0	2147483647	OFF
2026-08-03T21:36:01	NR_SA,Unknown	NR_SA	false	0	2147483647	OFF
2026-08-03T21:36:32	NR_SA,Unknown	NR_SA	false	0	2147483647	OFF
2026-08-03T21:37:02	NR_SA,Unknown	NR_SA	false	0	2147483647	OFF
2026-08-03T21:37:32	NR_SA,Unknown	NR_SA	false	0	2147483647	OFF
2026-08-03T21:38:03	NR_SA,Unknown	NR_SA	false	0	2147483647	OFF
2026-08-03T21:38:33	NR_SA,Unknown	NR_SA	false	0	2147483647	OFF
2026-08-03T21:39:03	NR_SA,Unknown	NR_SA	false	0	2147483647	OFF
2026-08-03T21:39:33	NR_SA,Unknown	NR_SA	false	0	2147483647	OFF
2026-08-03T21:40:04	NR_SA,Unknown	NR_SA	false	0	2147483647	OFF
2026-08-03T21:40:34	NR_SA,Unknown	NR_SA	false	0	2147483647	OFF
2026-08-03T21:41:04	NR_SA,Unknown	NR_SA	false	0	2147483647	OFF
2026-08-03T21:41:34	NR_SA,Unknown	NR_SA	false	0	2147483647	OFF
2026-08-03T21:42:05	NR_SA,Unknown	NR_SA	false	0	2147483647	OFF
2026-08-03T21:42:35	NR_SA,Unknown	NR_SA	false	0	2147483647	OFF
2026-08-03T21:43:05	NR_SA,Unknown	NR_SA	false	0	2147483647	OFF
2026-08-03T21:43:36	NR_SA,Unknown	NR_SA	false	0	2147483647	OFF
2026-08-03T21:44:06	NR_SA,Unknown	NR_SA	false	0	2147483647	OFF
2026-08-03T21:44:36	NR_SA,Unknown	NR_SA	false	0	2147483647	OFF
2026-08-03T21:45:06	NR_SA,Unknown	NR_SA	false	0	2147483647	OFF
2026-08-03T21:45:37	NR_SA,Unknown	NR_SA	false	0	2147483647	OFF
2026-08-03T21:46:07	NR_SA,Unknown	NR_SA	false	0	2147483647	OFF
2026-08-03T21:46:37	NR_SA,Unknown	NR_SA	false	0	2147483647	OFF
2026-08-03T21:47:08	NR_SA,Unknown	NR_SA	false	0	2147483647	OFF
2026-08-03T21:47:38	NR_SA,Unknown	NR_SA	false	0	2147483647	OFF
2026-08-03T21:48:08	NR_SA,Unknown	NR_SA	false	0	2147483647	OFF
2026-08-03T21:48:39	NR_SA,Unknown	NR_SA	false	0	2147483647	OFF
2026-08-03T21:49:09	NR_SA,Unknown	NR_SA	false	0	2147483647	OFF
2026-08-03T21:49:39	NR_SA,Unknown	NR_SA	false	0	2147483647	OFF
2026-08-03T21:50:09	NR_SA,Unknown	NR_SA	false	0	2147483647	OFF
2026-08-03T21:50:40	NR_SA,Unknown	NR_SA	false	0	2147483647	OFF
2026-08-03T21:51:10	NR_SA,Unknown	NR_SA	false	0	2147483647	OFF
2026-08-03T21:51:40	NR_SA,Unknown	NR_SA	false	0	2147483647	OFF
2026-08-03T21:52:11	NR_SA,Unknown	NR_SA	false	0	2147483647	OFF
2026-08-03T21:52:41	NR_SA,Unknown	NR_SA	false	0	2147483647	OFF
2026-08-03T21:53:11	NR_SA,Unknown	NR_SA	false	0	2147483647	OFF
2026-08-03T21:53:41	NR_SA,Unknown	NR_SA	false	0	2147483647	OFF
2026-08-03T21:54:12	NR_SA,Unknown	NR_SA	false	0	2147483647	OFF
2026-08-03T21:54:42	NR_SA,Unknown	NR_SA	false	0	2147483647	OFF
2026-08-03T21:55:12	NR_SA,Unknown	NR_SA	false	0	2147483647	OFF
2026-08-03T21:55:43	NR_SA,Unknown	NR_SA	false	0	2147483647	OFF
2026-08-03T21:56:13	NR_SA,Unknown	NR_SA	false	0	2147483647	OFF
2026-08-03T21:56:43	NR_SA,Unknown	NR_SA	false	0	2147483647	OFF
2026-08-03T21:57:13	NR_SA,Unknown	NR_SA	false	0	2147483647	OFF
2026-08-03T21:57:44	NR_SA,Unknown	NR_SA	false	0	2147483647	OFF
2026-08-03T21:58:14	NR_SA,Unknown	NR_SA	false	0	2147483647	OFF
2026-08-03T21:58:44	NR_SA,Unknown	NR_SA	false	0	2147483647	OFF
2026-08-03T21:59:15	NR_SA,Unknown	NR_SA	false	0	2147483647	OFF
2026-08-03T21:59:45	NR_SA,Unknown	NR_SA	false	0	2147483647	OFF
2026-08-03T22:00:15	NR_SA,Unknown	NR_SA	false	0	2147483647	OFF
2026-08-03T22:00:45	NR_SA,Unknown	NR_SA	false	0	2147483647	OFF
2026-08-03T22:01:16	NR_SA,Unknown	NR_SA	false	0	2147483647	OFF
2026-08-03T22:01:46	NR_SA,Unknown	NR_SA	false	0	2147483647	OFF
2026-08-03T22:02:16	NR_SA,Unknown	NR_SA	false	0	2147483647	OFF
2026-08-03T22:02:47	NR_SA,Unknown	NR_SA	false	0	2147483647	OFF
2026-08-03T22:03:17	NR_SA,Unknown	NR_SA	false	0	2147483647	OFF
2026-08-03T22:03:47	NR_SA,Unknown	NR_SA	false	0	2147483647	OFF
2026-08-03T22:04:17	NR_SA,Unknown	NR_SA	false	0	2147483647	OFF
2026-08-03T22:04:48	NR_SA,Unknown	NR_SA	false	0	2147483647	OFF
2026-08-03T22:05:18	NR_SA,Unknown	NR_SA	false	0	2147483647	OFF
2026-08-03T22:05:48	NR_SA,Unknown	NR_SA	false	0	2147483647	OFF
2026-08-03T22:06:19	NR_SA,Unknown	NR_SA	false	0	2147483647	OFF
2026-08-03T22:06:49	NR_SA,Unknown	NR_SA	false	0	2147483647	OFF
2026-08-03T22:07:19	NR_SA,Unknown	NR_SA	false	0	2147483647	OFF
2026-08-03T22:07:49	NR_SA,Unknown	NR_SA	false	0	2147483647	OFF
2026-08-03T22:08:20	NR_SA,Unknown	NR_SA	false	0	2147483647	OFF
2026-08-03T22:08:50	NR_SA,Unknown	NR_SA	false	0	2147483647	OFF
2026-08-03T22:09:20	NR_SA,Unknown	NR_SA	false	0	2147483647	OFF
2026-08-03T22:09:51	NR_SA,Unknown	NR_SA	false	0	2147483647	OFF
2026-08-03T22:10:21	NR_SA,Unknown	NR_SA	false	0	2147483647	OFF
2026-08-03T22:10:51	NR_SA,Unknown	NR_SA	false	0	2147483647	OFF
2026-08-03T22:11:21	NR_SA,Unknown	NR_SA	false	0	2147483647	OFF
2026-08-03T22:11:52		?	false	0	?	OFF
2026-08-03T23:19:19		?	false	0	?	OFF
2026-08-03T23:19:49	LTE,Unknown	LTE	false	0	420	ON
2026-08-03T23:20:20	LTE,Unknown	LTE	false	0	420	ON
2026-08-03T23:20:50	LTE,Unknown	LTE	false	0	420	ON
2026-08-03T23:21:20	LTE,Unknown	LTE	false	0	420	ON
2026-08-03T23:21:51	LTE,Unknown	LTE	false	0	420	ON
2026-08-03T23:22:21	LTE,Unknown	LTE	false	0	420	ON
2026-08-03T23:22:51	LTE,Unknown	LTE	false	0	420	ON
2026-08-03T23:23:21	LTE,Unknown	LTE	false	0	420	ON
2026-08-03T23:23:52	LTE,Unknown	LTE	false	0	420	ON
2026-08-03T23:24:22	LTE,Unknown	LTE	false	0	420	ON
2026-08-03T23:24:52	LTE,Unknown	LTE	false	0	420	ON
2026-08-03T23:25:23	LTE,Unknown	LTE	false	0	420	ON
2026-08-03T23:25:53	LTE,Unknown	LTE	false	0	420	ON
2026-08-03T23:26:23	NR_SA,Unknown	NR_SA	false	0	2147483647	ON
2026-08-03T23:26:54	NR_SA,Unknown	NR_SA	false	0	2147483647	ON
2026-08-03T23:27:24	NR_SA,Unknown	NR_SA	false	0	2147483647	ON
2026-08-03T23:27:54	NR_SA,Unknown	NR_SA	false	0	2147483647	ON
2026-08-03T23:28:25	NR_SA,Unknown	NR_SA	false	0	2147483647	ON
2026-08-03T23:28:55	NR_SA,Unknown	NR_SA	false	0	2147483647	ON
2026-08-03T23:29:25	NR_SA,Unknown	NR_SA	false	0	2147483647	ON
2026-08-03T23:29:55	NR_SA,Unknown	NR_SA	false	0	2147483647	ON
2026-08-03T23:30:26	NR_SA,Unknown	NR_SA	false	0	2147483647	ON
2026-08-03T23:30:56	NR_SA,Unknown	NR_SA	false	0	2147483647	ON
2026-08-03T23:31:26	NR_SA,Unknown	NR_SA	false	0	2147483647	ON
2026-08-03T23:31:57	NR_SA,Unknown	NR_SA	false	0	2147483647	ON
2026-08-03T23:32:27	NR_SA,Unknown	NR_SA	false	0	2147483647	ON
2026-08-03T23:32:57	NR_SA,Unknown	NR_SA	false	0	2147483647	ON
2026-08-03T23:33:28	NR_SA,Unknown	NR_SA	false	0	2147483647	ON
2026-08-03T23:33:58	NR_SA,Unknown	NR_SA	false	0	2147483647	ON
2026-08-03T23:34:28	NR_SA,Unknown	NR_SA	false	0	2147483647	ON
2026-08-03T23:34:58	NR_SA,Unknown	NR_SA	false	0	2147483647	ON
2026-08-03T23:35:29	NR_SA,Unknown	NR_SA	false	0	2147483647	ON
2026-08-03T23:35:59	NR_SA,Unknown	NR_SA	false	0	2147483647	ON
2026-08-03T23:36:29	NR_SA,Unknown	NR_SA	false	0	2147483647	ON
2026-08-03T23:37:00	NR_SA,Unknown	NR_SA	false	0	2147483647	ON
2026-08-03T23:37:30	NR_SA,Unknown	NR_SA	false	0	2147483647	ON
2026-08-03T23:38:00	NR_SA,Unknown	NR_SA	false	0	2147483647	ON
2026-08-03T23:38:31	NR_SA,Unknown	NR_SA	false	0	2147483647	ON
2026-08-03T23:39:01	NR_SA,Unknown	NR_SA	false	0	2147483647	ON
2026-08-03T23:39:31	NR_SA,Unknown	NR_SA	false	0	2147483647	ON
2026-08-03T23:40:01	NR_SA,Unknown	NR_SA	false	0	2147483647	ON
2026-08-03T23:40:32	NR_SA,Unknown	NR_SA	false	0	2147483647	ON
2026-08-03T23:41:02	NR_SA,Unknown	NR_SA	false	0	2147483647	ON
2026-08-03T23:41:32	NR_SA,Unknown	NR_SA	false	0	2147483647	ON
2026-08-03T23:42:03	NR_SA,Unknown	NR_SA	false	0	2147483647	ON
2026-08-03T23:42:33	NR_SA,Unknown	NR_SA	false	0	2147483647	ON
2026-08-03T23:43:03	NR_SA,Unknown	NR_SA	false	0	2147483647	ON
2026-08-03T23:43:34	NR_SA,Unknown	NR_SA	false	0	2147483647	ON
2026-08-03T23:44:04	NR_SA,Unknown	NR_SA	false	0	2147483647	ON
2026-08-03T23:44:34	NR_SA,Unknown	NR_SA	false	0	2147483647	OFF
2026-08-03T23:45:04	NR_SA,Unknown	NR_SA	false	0	2147483647	OFF
2026-08-03T23:45:35	NR_SA,Unknown	NR_SA	false	0	2147483647	OFF
2026-08-03T23:46:05	NR_SA,Unknown	NR_SA	false	0	2147483647	OFF
2026-08-03T23:46:35	NR_SA,Unknown	NR_SA	false	0	2147483647	OFF
2026-08-03T23:47:06	NR_SA,Unknown	NR_SA	false	0	2147483647	OFF
2026-08-03T23:47:36	NR_SA,Unknown	NR_SA	false	0	2147483647	OFF
2026-08-03T23:48:07	NR_SA,Unknown	NR_SA	false	0	2147483647	OFF
2026-08-03T23:48:37	NR_SA,Unknown	NR_SA	false	0	2147483647	OFF
2026-08-03T23:49:07	NR_SA,Unknown	NR_SA	false	0	2147483647	OFF
2026-08-03T23:49:38	NR_SA,Unknown	NR_SA	false	0	2147483647	OFF
2026-08-03T23:50:08	NR_SA,Unknown	NR_SA	false	0	2147483647	OFF
2026-08-03T23:50:38	NR_SA,Unknown	NR_SA	false	0	2147483647	OFF
2026-08-03T23:51:09	NR_SA,Unknown	NR_SA	false	0	2147483647	OFF
2026-08-03T23:51:40	NR_SA,Unknown	NR_SA	false	0	2147483647	OFF
2026-08-03T23:52:10	NR_SA,Unknown	NR_SA	false	0	2147483647	OFF
2026-08-03T23:52:41	NR_SA,Unknown	NR_SA	false	0	2147483647	OFF
2026-08-03T23:53:11	NR_SA,Unknown	NR_SA	false	0	2147483647	OFF
2026-08-03T23:53:42	NR_SA,Unknown	NR_SA	false	0	2147483647	OFF
2026-08-03T23:54:13	NR_SA,Unknown	NR_SA	false	0	2147483647	OFF
2026-08-03T23:54:44	NR_SA,Unknown	NR_SA	false	0	2147483647	OFF
2026-08-03T23:55:14	NR_SA,Unknown	NR_SA	false	0	2147483647	OFF
2026-08-03T23:55:45	NR_SA,Unknown	NR_SA	false	0	2147483647	OFF
2026-08-03T23:56:15	NR_SA,Unknown	NR_SA	false	0	2147483647	OFF
2026-08-03T23:56:48	NR_SA,Unknown	NR_SA	false	0	2147483647	OFF
2026-08-03T23:57:19	NR_SA,Unknown	NR_SA	false	0	2147483647	OFF
2026-08-03T23:57:50	NR_SA,Unknown	NR_SA	false	0	2147483647	OFF
2026-08-03T23:58:21	NR_SA,Unknown	NR_SA	false	0	2147483647	OFF
2026-08-03T23:58:52	NR_SA,Unknown	NR_SA	false	0	2147483647	OFF
2026-08-03T23:59:22	NR_SA,Unknown	NR_SA	false	0	2147483647	OFF
2026-08-03T23:59:53	NR_SA,Unknown	NR_SA	false	0	2147483647	OFF
2026-08-04T00:00:23	NR_SA,Unknown	NR_SA	false	0	2147483647	OFF
2026-08-04T00:00:54	NR_SA,Unknown	NR_SA	false	0	2147483647	OFF
2026-08-04T00:01:24	NR_SA,Unknown	NR_SA	false	0	2147483647	OFF
2026-08-04T00:01:55	NR_SA,Unknown	NR_SA	false	0	2147483647	OFF
2026-08-04T00:02:26	NR_SA,Unknown	NR_SA	false	0	2147483647	OFF
2026-08-04T00:02:56	NR_SA,Unknown	NR_SA	false	0	2147483647	OFF
2026-08-04T00:03:27	NR_SA,Unknown	NR_SA	false	0	2147483647	OFF
2026-08-04T00:03:57	NR_SA,Unknown	NR_SA	false	0	2147483647	OFF
2026-08-04T00:04:28	NR_SA,Unknown	NR_SA	false	0	2147483647	OFF
2026-08-04T00:04:59	NR_SA,Unknown	NR_SA	false	0	2147483647	OFF
2026-08-04T00:05:29	NR_SA,Unknown	NR_SA	false	0	2147483647	OFF
2026-08-04T00:06:00	NR_SA,Unknown	NR_SA	false	0	2147483647	OFF
2026-08-04T00:06:30	NR_SA,Unknown	NR_SA	false	0	2147483647	OFF
2026-08-04T00:07:03	NR_SA,Unknown	NR_SA	false	0	2147483647	OFF
2026-08-04T00:07:33	NR_SA,Unknown	NR_SA	false	0	2147483647	OFF
2026-08-04T00:08:03	NR_SA,Unknown	NR_SA	false	0	2147483647	OFF
2026-08-04T00:08:34	NR_SA,Unknown	NR_SA	false	0	2147483647	OFF
2026-08-04T00:09:04	NR_SA,Unknown	NR_SA	false	0	2147483647	OFF
2026-08-04T00:09:35	NR_SA,Unknown	NR_SA	false	0	2147483647	OFF
2026-08-04T00:10:05	NR_SA,Unknown	NR_SA	false	0	2147483647	OFF
2026-08-04T00:10:36	NR_SA,Unknown	NR_SA	false	0	2147483647	OFF
2026-08-04T00:11:06	NR_SA,Unknown	NR_SA	false	0	2147483647	OFF
2026-08-04T00:11:36	NR_SA,Unknown	NR_SA	false	0	2147483647	ON
2026-08-04T00:12:07	NR_SA,Unknown	NR_SA	false	0	2147483647	ON
2026-08-04T00:12:37	NR_SA,Unknown	NR_SA	false	0	2147483647	ON
2026-08-04T00:13:07	NR_SA,Unknown	NR_SA	false	0	2147483647	ON
2026-08-04T00:13:38	NR_SA,Unknown	NR_SA	false	0	2147483647	ON
2026-08-04T00:14:08	NR_SA,Unknown	NR_SA	false	0	2147483647	ON
2026-08-04T00:14:39	NR_SA,Unknown	NR_SA	false	0	2147483647	ON
2026-08-04T00:15:09	NR_SA,Unknown	NR_SA	false	0	2147483647	ON
2026-08-04T00:15:40	NR_SA,Unknown	NR_SA	false	0	2147483647	ON
2026-08-04T00:16:10	NR_SA,Unknown	NR_SA	false	0	2147483647	ON
2026-08-04T00:16:40	NR_SA,Unknown	NR_SA	false	0	2147483647	ON
2026-08-04T00:17:11	NR_SA,Unknown	NR_SA	false	0	2147483647	ON
2026-08-04T00:17:41	NR_SA,Unknown	NR_SA	false	0	2147483647	ON
2026-08-04T00:18:11	NR_SA,Unknown	NR_SA	false	0	2147483647	ON
2026-08-04T00:18:42	NR_SA,Unknown	NR_SA	false	0	2147483647	ON
2026-08-04T00:19:12	NR_SA,Unknown	NR_SA	false	0	2147483647	ON
2026-08-04T00:19:42	NR_SA,Unknown	NR_SA	false	0	2147483647	ON
2026-08-04T00:20:13	NR_SA,Unknown	NR_SA	false	0	2147483647	ON
2026-08-04T00:20:43	NR_SA,Unknown	NR_SA	false	0	2147483647	ON
2026-08-04T00:21:14	NR_SA,Unknown	NR_SA	false	0	2147483647	ON
2026-08-04T00:21:44	NR_SA,Unknown	NR_SA	false	0	2147483647	ON
2026-08-04T00:22:14	NR_SA,Unknown	NR_SA	false	0	2147483647	ON
2026-08-04T00:22:45	NR_SA,Unknown	NR_SA	false	0	2147483647	ON
2026-08-04T00:23:15	NR_SA,Unknown	NR_SA	false	0	2147483647	ON
2026-08-04T00:23:46	NR_SA,Unknown	NR_SA	false	0	2147483647	ON
2026-08-04T00:24:16	NR_SA,Unknown	NR_SA	false	0	2147483647	ON
2026-08-04T00:24:46	NR_SA,Unknown	NR_SA	false	0	2147483647	ON
2026-08-04T00:25:17	NR_SA,Unknown	NR_SA	false	0	2147483647	ON
2026-08-04T00:25:47	NR_SA,Unknown	NR_SA	false	0	2147483647	ON
2026-08-04T00:26:17	NR_SA,Unknown	NR_SA	false	0	2147483647	ON
2026-08-04T00:26:48		NR_SA	false	0	2147483647	ON
2026-08-04T01:07:50	NR_SA,Unknown	NR_SA	false	0	2147483647	ON
2026-08-04T01:08:21	NR_SA,Unknown	NR_SA	false	0	2147483647	ON
2026-08-04T01:08:51	NR_SA,Unknown	NR_SA	false	0	2147483647	ON
2026-08-04T01:09:22	NR_SA,Unknown	NR_SA	false	0	2147483647	ON
2026-08-04T01:09:52	NR_SA,Unknown	NR_SA	false	0	2147483647	ON
2026-08-04T01:10:22	NR_SA,Unknown	NR_SA	false	0	2147483647	ON
2026-08-04T01:10:53	NR_SA,Unknown	NR_SA	false	0	2147483647	ON
2026-08-04T01:11:23	NR_SA,Unknown	NR_SA	false	0	2147483647	ON
2026-08-04T01:11:53	NR_SA,Unknown	NR_SA	false	0	2147483647	ON
2026-08-04T01:12:24	NR_SA,Unknown	NR_SA	false	0	2147483647	ON
2026-08-04T01:12:54	NR_SA,Unknown	NR_SA	false	0	2147483647	ON
2026-08-04T01:13:25	NR_SA,Unknown	NR_SA	false	0	2147483647	ON
2026-08-04T01:13:55	NR_SA,Unknown	NR_SA	false	0	2147483647	ON
2026-08-04T01:14:26	NR_SA,Unknown	NR_SA	false	0	2147483647	ON
2026-08-04T01:14:56	NR_SA,Unknown	NR_SA	false	0	2147483647	ON
2026-08-04T01:15:26	NR_SA,Unknown	NR_SA	false	0	2147483647	ON
2026-08-04T01:15:57	NR_SA,Unknown	NR_SA	false	0	2147483647	ON
2026-08-04T01:16:27	NR_SA,Unknown	NR_SA	false	0	2147483647	ON
2026-08-04T01:16:57	NR_SA,Unknown	NR_SA	false	0	2147483647	ON
2026-08-04T01:17:28	NR_SA,Unknown	NR_SA	false	0	2147483647	ON
2026-08-04T01:17:58	NR_SA,Unknown	NR_SA	false	0	2147483647	ON
2026-08-04T01:18:28	NR_SA,Unknown	NR_SA	false	0	2147483647	ON
2026-08-04T01:18:58	NR_SA,Unknown	NR_SA	false	0	2147483647	ON
2026-08-04T01:19:29	NR_SA,Unknown	NR_SA	false	0	2147483647	ON
2026-08-04T01:19:59	NR_SA,Unknown	NR_SA	false	0	2147483647	ON
2026-08-04T01:20:29	NR_SA,Unknown	NR_SA	false	0	2147483647	ON
2026-08-04T01:21:00	NR_SA,Unknown	NR_SA	false	0	2147483647	ON
2026-08-04T01:48:46	NR_SA,Unknown	NR_SA	false	0	2147483647	ON
2026-08-04T01:49:16	NR_SA,Unknown	NR_SA	false	0	2147483647	ON
2026-08-04T01:49:47	NR_SA,Unknown	NR_SA	false	0	2147483647	ON
2026-08-04T01:50:17	NR_SA,Unknown	NR_SA	false	0	2147483647	ON
2026-08-04T01:50:48	NR_SA,Unknown	NR_SA	false	0	2147483647	ON
2026-08-04T01:51:18	NR_SA,Unknown	NR_SA	false	0	2147483647	ON
2026-08-04T01:51:48	NR_SA,Unknown	NR_SA	false	0	2147483647	ON
2026-08-04T01:52:18	NR_SA,Unknown	NR_SA	false	0	2147483647	ON
2026-08-04T01:52:49	NR_SA,Unknown	NR_SA	false	0	2147483647	ON
2026-08-04T01:53:19	NR_SA,Unknown	NR_SA	false	0	2147483647	ON
2026-08-04T01:53:49	NR_SA,Unknown	NR_SA	false	0	2147483647	ON
2026-08-04T01:54:20	NR_SA,Unknown	NR_SA	false	0	2147483647	ON
2026-08-04T01:54:50	NR_SA,Unknown	NR_SA	false	0	2147483647	ON
2026-08-04T01:55:20	NR_SA,Unknown	NR_SA	false	0	2147483647	ON
2026-08-04T01:55:51	NR_SA,Unknown	NR_SA	false	0	2147483647	ON
2026-08-04T01:56:21	NR_SA,Unknown	NR_SA	false	0	2147483647	ON
2026-08-04T01:56:51	NR_SA,Unknown	NR_SA	false	0	2147483647	ON
2026-08-04T01:57:21	NR_SA,Unknown	NR_SA	false	0	2147483647	ON
2026-08-04T01:57:52	NR_SA,Unknown	NR_SA	false	0	2147483647	ON
2026-08-04T01:58:22	NR_SA,Unknown	NR_SA	false	0	2147483647	ON
2026-08-04T01:58:52	NR_SA,Unknown	NR_SA	false	0	2147483647	ON
2026-08-04T01:59:23	NR_SA,Unknown	NR_SA	false	0	2147483647	ON
2026-08-04T01:59:53	NR_SA,Unknown	NR_SA	false	0	2147483647	ON
2026-08-04T02:00:23	NR_SA,Unknown	NR_SA	false	0	2147483647	ON
2026-08-04T02:00:54	NR_SA,Unknown	NR_SA	false	0	2147483647	ON
2026-08-04T02:01:24	NR_SA,Unknown	NR_SA	false	0	2147483647	ON
2026-08-04T02:01:54	NR_SA,Unknown	NR_SA	false	0	2147483647	ON
2026-08-04T02:02:25	NR_SA,Unknown	NR_SA	false	0	2147483647	ON
2026-08-04T02:02:55	NR_SA,Unknown	NR_SA	false	0	2147483647	ON
2026-08-04T02:03:25	NR_SA,Unknown	NR_SA	false	0	2147483647	ON
2026-08-04T02:03:55	NR_SA,Unknown	NR_SA	false	0	2147483647	ON
2026-08-04T02:04:26	NR_SA,Unknown	NR_SA	false	0	2147483647	ON
2026-08-04T02:04:56	NR_SA,Unknown	NR_SA	false	0	2147483647	ON
2026-08-04T02:05:26	NR_SA,Unknown	NR_SA	false	0	2147483647	ON
2026-08-04T02:05:57	NR_SA,Unknown	NR_SA	false	0	2147483647	ON
2026-08-04T02:06:27	NR_SA,Unknown	NR_SA	false	0	2147483647	ON
2026-08-04T02:06:57	NR_SA,Unknown	NR_SA	false	0	2147483647	ON
2026-08-04T02:07:27	NR_SA,Unknown	NR_SA	false	0	2147483647	ON
2026-08-04T02:07:58	NR_SA,Unknown	NR_SA	false	0	2147483647	ON
2026-08-04T02:08:28	NR_SA,Unknown	NR_SA	false	0	2147483647	ON
2026-08-04T02:08:58	NR_SA,Unknown	NR_SA	false	0	2147483647	ON
2026-08-04T02:09:29	NR_SA,Unknown	NR_SA	false	0	2147483647	ON
2026-08-04T02:09:59	NR_SA,Unknown	NR_SA	false	0	2147483647	ON
2026-08-04T02:10:29	NR_SA,Unknown	NR_SA	false	0	2147483647	ON
2026-08-04T02:10:59	NR_SA,Unknown	NR_SA	false	0	2147483647	ON
2026-08-04T02:11:30	NR_SA,Unknown	NR_SA	false	0	2147483647	ON
2026-08-04T02:12:00	NR_SA,Unknown	NR_SA	false	0	2147483647	ON
2026-08-04T02:12:30	NR_SA,Unknown	NR_SA	false	0	2147483647	ON
2026-08-04T02:13:00	NR_SA,Unknown	NR_SA	false	0	2147483647	ON
2026-08-04T02:13:31	NR_SA,Unknown	NR_SA	false	0	2147483647	ON
2026-08-04T02:14:01	NR_SA,Unknown	NR_SA	false	0	2147483647	ON
2026-08-04T02:14:31	NR_SA,Unknown	NR_SA	false	0	2147483647	ON
2026-08-04T02:15:02	NR_SA,Unknown	NR_SA	false	0	2147483647	ON
2026-08-04T02:15:32	NR_SA,Unknown	NR_SA	false	0	2147483647	ON
2026-08-04T02:16:02	NR_SA,Unknown	NR_SA	false	0	2147483647	ON
2026-08-04T02:16:33	NR_SA,Unknown	NR_SA	false	0	2147483647	ON
2026-08-04T02:17:03	NR_SA,Unknown	NR_SA	false	0	2147483647	ON
2026-08-04T02:17:33	NR_SA,Unknown	NR_SA	false	0	2147483647	ON
2026-08-04T02:18:04	NR_SA,Unknown	NR_SA	false	0	2147483647	ON
2026-08-04T02:18:34	NR_SA,Unknown	NR_SA	false	0	2147483647	ON
2026-08-04T02:19:04	NR_SA,Unknown	NR_SA	false	0	2147483647	ON
2026-08-04T02:19:34	NR_SA,Unknown	NR_SA	false	0	2147483647	ON
2026-08-04T02:20:05	NR_SA,Unknown	NR_SA	false	0	2147483647	ON
2026-08-04T02:20:35	NR_SA,Unknown	NR_SA	false	0	2147483647	ON
2026-08-04T02:21:05	NR_SA,Unknown	NR_SA	false	0	2147483647	ON
2026-08-04T02:21:36	NR_SA,Unknown	NR_SA	false	0	2147483647	ON
2026-08-04T02:22:06	NR_SA,Unknown	NR_SA	false	0	2147483647	ON
2026-08-04T02:22:36	NR_SA,Unknown	NR_SA	false	0	2147483647	ON
2026-08-04T02:23:07	NR_SA,Unknown	NR_SA	false	0	2147483647	ON
2026-08-04T02:23:37	NR_SA,Unknown	NR_SA	false	0	2147483647	ON
2026-08-04T02:24:07	NR_SA,Unknown	NR_SA	false	0	2147483647	ON
2026-08-04T02:24:38	NR_SA,Unknown	NR_SA	false	0	2147483647	ON
2026-08-04T02:25:08	NR_SA,Unknown	NR_SA	false	0	2147483647	ON
2026-08-04T02:25:39	NR_SA,Unknown	NR_SA	false	0	2147483647	ON
2026-08-04T02:26:10	NR_SA,Unknown	NR_SA	false	0	2147483647	ON
2026-08-04T02:26:41	NR_SA,Unknown	NR_SA	false	0	2147483647	ON
2026-08-04T02:27:11	NR_SA,Unknown	NR_SA	false	0	2147483647	ON
2026-08-04T02:27:42	NR_SA,Unknown	NR_SA	false	0	2147483647	ON
2026-08-04T02:28:12	NR_SA,Unknown	NR_SA	false	0	2147483647	ON
2026-08-04T02:28:42	NR_SA,Unknown	NR_SA	false	0	2147483647	ON
2026-08-04T02:29:13	NR_SA,Unknown	NR_SA	false	0	2147483647	ON
2026-08-04T02:29:43	NR_SA,Unknown	NR_SA	false	0	2147483647	ON
2026-08-04T02:30:13	NR_SA,Unknown	NR_SA	false	0	2147483647	ON
2026-08-04T02:30:44	NR_SA,Unknown	NR_SA	false	0	2147483647	ON
2026-08-04T02:31:14	NR_SA,Unknown	NR_SA	false	0	2147483647	ON
2026-08-04T02:31:44	NR_SA,Unknown	NR_SA	false	0	2147483647	ON
2026-08-04T02:32:15	NR_SA,Unknown	NR_SA	false	0	2147483647	ON
2026-08-04T02:32:45	NR_SA,Unknown	NR_SA	false	0	2147483647	ON
2026-08-04T02:33:15	NR_SA,Unknown	NR_SA	false	0	2147483647	ON
2026-08-04T02:33:46	NR_SA,Unknown	NR_SA	false	0	2147483647	ON
2026-08-04T02:34:16	NR_SA,Unknown	NR_SA	false	0	2147483647	ON
2026-08-04T02:34:46	NR_SA,Unknown	NR_SA	false	0	2147483647	ON
2026-08-04T02:35:17	NR_SA,Unknown	NR_SA	false	0	2147483647	ON
2026-08-04T02:35:47	NR_SA,Unknown	NR_SA	false	0	2147483647	ON
2026-08-04T02:36:18	NR_SA,Unknown	NR_SA	false	0	2147483647	ON
2026-08-04T02:36:48	NR_SA,Unknown	NR_SA	false	0	2147483647	ON
2026-08-04T02:37:18	NR_SA,Unknown	NR_SA	false	0	2147483647	ON
2026-08-04T02:37:48	NR_SA,Unknown	NR_SA	false	0	2147483647	ON
2026-08-04T02:38:19	NR_SA,Unknown	NR_SA	false	0	2147483647	ON
2026-08-04T02:38:49	NR_SA,Unknown	NR_SA	false	0	2147483647	OFF
2026-08-04T02:39:19	NR_SA,Unknown	NR_SA	false	0	2147483647	OFF
2026-08-04T02:39:50	NR_SA,Unknown	NR_SA	false	0	2147483647	OFF
2026-08-04T02:40:20	NR_SA,Unknown	NR_SA	false	0	2147483647	OFF
2026-08-04T02:40:51	NR_SA,Unknown	NR_SA	false	0	2147483647	OFF
2026-08-04T02:41:22	NR_SA,Unknown	NR_SA	false	0	2147483647	OFF
2026-08-04T02:41:52	NR_SA,Unknown	NR_SA	false	0	2147483647	OFF
2026-08-04T02:42:23	NR_SA,Unknown	NR_SA	false	0	2147483647	OFF
2026-08-04T02:42:53	NR_SA,Unknown	NR_SA	false	0	2147483647	OFF
2026-08-04T02:43:23	NR_SA,Unknown	NR_SA	false	0	2147483647	OFF
2026-08-04T02:43:54	NR_SA,Unknown	NR_SA	false	0	2147483647	OFF
2026-08-04T02:44:25	NR_SA,Unknown	NR_SA	false	0	2147483647	OFF
2026-08-04T02:44:55	NR_SA,Unknown	NR_SA	false	0	2147483647	OFF
2026-08-04T02:45:26	NR_SA,Unknown	NR_SA	false	0	2147483647	OFF
2026-08-04T02:45:56	NR_SA,Unknown	NR_SA	false	0	2147483647	OFF
2026-08-04T02:46:27	NR_SA,Unknown	NR_SA	false	0	2147483647	OFF
2026-08-04T02:46:57	NR_SA,Unknown	NR_SA	false	0	2147483647	OFF
2026-08-04T02:47:28	NR_SA,Unknown	NR_SA	false	0	2147483647	OFF
2026-08-04T02:47:59	NR_SA,Unknown	NR_SA	false	0	2147483647	OFF
2026-08-04T02:48:29	NR_SA,Unknown	NR_SA	false	0	2147483647	OFF
2026-08-04T02:49:00	NR_SA,Unknown	NR_SA	false	0	2147483647	OFF
2026-08-04T02:49:30	NR_SA,Unknown	NR_SA	false	0	2147483647	OFF
2026-08-04T02:50:01	NR_SA,Unknown	NR_SA	false	0	2147483647	OFF
2026-08-04T02:50:31	NR_SA,Unknown	NR_SA	false	0	2147483647	OFF
2026-08-04T02:51:01	NR_SA,Unknown	NR_SA	false	0	2147483647	OFF
2026-08-04T02:51:32	NR_SA,Unknown	NR_SA	false	0	2147483647	OFF
2026-08-04T02:52:02	NR_SA,Unknown	NR_SA	false	0	2147483647	OFF
2026-08-04T02:52:33	NR_SA,Unknown	NR_SA	false	0	2147483647	OFF
2026-08-04T02:53:03	NR_SA,Unknown	NR_SA	false	0	2147483647	OFF
2026-08-04T02:53:34	NR_SA,Unknown	NR_SA	false	0	2147483647	OFF
2026-08-04T02:54:04	NR_SA,Unknown	NR_SA	false	0	2147483647	OFF
2026-08-04T02:54:35	NR_SA,Unknown	NR_SA	false	0	2147483647	OFF
2026-08-04T02:55:05	NR_SA,Unknown	NR_SA	false	0	2147483647	OFF
2026-08-04T02:55:35	NR_SA,Unknown	NR_SA	false	0	2147483647	OFF
2026-08-04T02:56:06	NR_SA,Unknown	NR_SA	false	0	2147483647	OFF
2026-08-04T02:56:36	NR_SA,Unknown	NR_SA	false	0	2147483647	OFF
2026-08-04T02:57:07	NR_SA,Unknown	NR_SA	false	0	2147483647	OFF
2026-08-04T02:57:37	NR_SA,Unknown	NR_SA	false	0	2147483647	OFF
2026-08-04T02:58:07	NR_SA,Unknown	NR_SA	false	0	2147483647	OFF
2026-08-04T02:58:38	NR_SA,Unknown	NR_SA	false	0	2147483647	OFF
2026-08-04T02:59:08	NR_SA,Unknown	NR_SA	false	0	2147483647	OFF
2026-08-04T02:59:38	NR_SA,Unknown	NR_SA	false	0	2147483647	OFF
2026-08-04T03:00:09	NR_SA,Unknown	NR_SA	false	0	2147483647	OFF
2026-08-04T03:00:39	NR_SA,Unknown	NR_SA	false	0	2147483647	OFF
2026-08-04T03:01:09	NR_SA,Unknown	NR_SA	false	0	2147483647	OFF
2026-08-04T03:01:39	NR_SA,Unknown	NR_SA	false	0	2147483647	OFF
2026-08-04T03:02:10	NR_SA,Unknown	NR_SA	false	0	2147483647	OFF
2026-08-04T03:02:40	NR_SA,Unknown	NR_SA	false	0	2147483647	OFF
2026-08-04T03:03:10	NR_SA,Unknown	NR_SA	false	0	2147483647	OFF
2026-08-04T03:03:41	NR_SA,Unknown	NR_SA	false	0	2147483647	OFF
2026-08-04T03:04:11	NR_SA,Unknown	NR_SA	false	0	2147483647	OFF
2026-08-04T03:04:41	NR_SA,Unknown	NR_SA	false	0	2147483647	OFF
2026-08-04T03:05:12	NR_SA,Unknown	NR_SA	false	0	2147483647	OFF
2026-08-04T03:05:42	NR_SA,Unknown	NR_SA	false	0	2147483647	OFF
2026-08-04T08:50:10		?	false	0	?	OFF
2026-08-04T08:50:40		?	false	0	?	OFF
2026-08-04T08:51:10		?	false	0	?	OFF
2026-08-04T08:51:41		?	false	0	?	OFF
2026-08-04T08:52:11		?	false	0	?	OFF
2026-08-04T08:52:41		?	false	0	?	OFF
2026-08-04T08:53:11		?	false	0	?	OFF
2026-08-04T08:53:42		?	false	0	?	OFF
2026-08-04T08:54:12		?	false	0	?	OFF
2026-08-04T08:54:42		?	false	0	?	OFF
2026-08-04T08:55:13		?	false	0	?	OFF
2026-08-04T08:55:44		?	false	0	?	OFF
2026-08-04T08:56:14		?	false	0	?	OFF
2026-08-04T08:56:44		?	false	0	?	OFF
2026-08-04T08:57:14		?	false	0	?	OFF
2026-08-04T08:57:44		?	false	0	?	OFF
2026-08-04T08:58:15		?	false	0	?	OFF
2026-08-04T08:58:45		?	false	0	?	OFF
2026-08-04T08:59:15		?	false	0	?	OFF
2026-08-04T08:59:45		?	false	0	?	OFF
2026-08-04T09:00:15		?	false	0	?	OFF
2026-08-04T09:00:46		?	false	0	?	OFF
2026-08-04T09:01:16		?	false	0	?	OFF
2026-08-04T09:01:46		?	false	0	?	OFF
2026-08-04T09:02:16		?	false	0	?	OFF
2026-08-04T09:02:46		?	false	0	?	OFF
2026-08-04T09:03:17		?	false	0	?	OFF
2026-08-04T09:03:47		?	false	0	?	OFF
2026-08-04T09:04:17		?	false	0	?	OFF
2026-08-04T09:04:47		?	false	0	?	OFF
2026-08-04T09:05:17		?	false	0	?	OFF
2026-08-04T09:05:48		?	false	0	?	OFF
2026-08-04T09:06:18		?	false	0	?	OFF
2026-08-04T09:06:48		?	false	0	?	OFF
2026-08-04T09:07:18		?	false	0	?	OFF
2026-08-04T09:07:48		?	false	0	?	OFF
2026-08-04T09:08:18		?	false	0	?	OFF
2026-08-04T09:08:49		?	false	0	?	OFF
2026-08-04T09:09:19		?	false	0	?	OFF
2026-08-04T09:09:49		?	false	0	?	OFF
2026-08-04T09:10:19		?	false	0	?	OFF
2026-08-04T09:10:49		?	false	0	?	OFF
2026-08-04T09:11:19		?	false	0	?	OFF
2026-08-04T09:11:50		?	false	0	?	OFF
2026-08-04T09:12:20		?	false	0	?	OFF
2026-08-04T09:12:50		?	false	0	?	OFF
2026-08-04T09:13:20		?	false	0	?	OFF
2026-08-04T09:13:50		?	false	0	?	OFF
2026-08-04T09:14:20		?	false	0	?	OFF
2026-08-04T09:14:51		?	false	0	?	OFF
2026-08-04T09:15:21		?	false	0	?	OFF
2026-08-04T09:15:51		?	false	0	?	OFF
2026-08-04T09:16:21		?	false	0	?	OFF
2026-08-04T09:16:51		?	false	0	?	OFF
2026-08-04T09:17:22		?	false	0	?	OFF
2026-08-04T09:17:52		?	false	0	?	OFF
2026-08-04T09:18:22		?	false	0	?	OFF
2026-08-04T09:18:52		?	false	0	?	OFF
2026-08-04T09:19:22		?	false	0	?	OFF
2026-08-04T09:19:52		?	false	0	?	OFF
2026-08-04T09:20:23		?	false	0	?	OFF
2026-08-04T09:20:53		?	false	0	?	OFF
2026-08-04T09:21:23		?	false	0	?	OFF
2026-08-04T09:21:53		?	false	0	?	OFF
2026-08-04T09:22:23		?	false	0	?	OFF
2026-08-04T09:22:54		?	false	0	?	OFF
2026-08-04T09:23:24		?	false	0	?	OFF
2026-08-04T09:23:54		?	false	0	?	OFF
2026-08-04T09:24:24		?	false	0	?	OFF
2026-08-04T09:24:54		?	false	0	?	OFF
2026-08-04T09:25:25		?	false	0	?	OFF
2026-08-04T09:25:55		?	false	0	?	OFF
2026-08-04T09:26:25		?	false	0	?	OFF
2026-08-04T09:26:55		?	false	0	?	OFF
2026-08-04T09:27:25		?	false	0	?	OFF
2026-08-04T09:27:56		?	false	0	?	OFF
2026-08-04T09:28:26		?	false	0	?	OFF
2026-08-04T09:28:56		?	false	0	?	OFF
2026-08-04T09:29:26		?	false	0	?	OFF
2026-08-04T09:29:56		?	false	0	?	OFF
2026-08-04T09:30:27		?	false	0	?	OFF
2026-08-04T09:30:57		?	false	0	?	OFF
2026-08-04T09:31:27		?	false	0	?	OFF
2026-08-04T09:31:57		?	false	0	?	OFF
2026-08-04T09:32:27		?	false	0	?	OFF
2026-08-04T09:32:57		?	false	0	?	OFF
2026-08-04T09:33:28		?	false	0	?	OFF
2026-08-04T09:33:58		?	false	0	?	OFF
2026-08-04T09:34:28		?	false	0	?	OFF
2026-08-04T09:34:58		?	false	0	?	OFF
2026-08-04T09:35:28		?	false	0	?	OFF
2026-08-04T09:35:58		?	false	0	?	OFF
2026-08-04T09:36:29		?	false	0	?	OFF
2026-08-04T09:36:59		?	false	0	?	OFF
2026-08-04T09:37:29		?	false	0	?	OFF
2026-08-04T09:37:59		?	false	0	?	OFF
2026-08-04T09:38:29		?	false	0	?	OFF
2026-08-04T09:39:00		?	false	0	?	OFF
2026-08-04T09:39:30		?	false	0	?	OFF
2026-08-04T09:40:00		?	false	0	?	OFF
2026-08-04T09:40:30		?	false	0	?	OFF
2026-08-04T09:41:00		?	false	0	?	OFF
2026-08-04T09:41:30		?	false	0	?	OFF
2026-08-04T09:42:01		?	false	0	?	OFF
2026-08-04T09:42:31		?	false	0	?	OFF
2026-08-04T09:43:01		?	false	0	?	OFF
2026-08-04T09:43:31		?	false	0	?	OFF
2026-08-04T09:44:01		?	false	0	?	OFF
2026-08-04T09:44:32		?	false	0	?	OFF
2026-08-04T09:45:02		?	false	0	?	OFF
2026-08-04T09:45:32		?	false	0	?	OFF
2026-08-04T09:46:02		?	false	0	?	OFF
2026-08-04T09:46:32		?	false	0	?	OFF
2026-08-04T09:47:02		?	false	0	?	OFF
2026-08-04T09:47:33		?	false	0	?	OFF
2026-08-04T09:48:03		?	false	0	?	OFF
2026-08-04T09:48:33		?	false	0	?	OFF
2026-08-04T09:49:03		?	false	0	?	OFF
2026-08-04T09:49:33		?	false	0	?	OFF
2026-08-04T09:50:04		?	false	0	?	OFF
2026-08-04T09:50:34		?	false	0	?	OFF
2026-08-04T09:51:04		?	false	0	?	OFF
2026-08-04T09:51:34		?	false	0	?	OFF
2026-08-04T09:52:04		?	false	0	?	OFF
2026-08-04T09:52:35		?	false	0	?	OFF
2026-08-04T09:53:05		?	false	0	?	OFF
2026-08-04T09:53:35		?	false	0	?	OFF
2026-08-04T09:54:05		?	false	0	?	OFF
2026-08-04T09:54:35		?	false	0	?	OFF
2026-08-04T09:55:06		?	false	0	?	OFF
2026-08-04T09:55:36		?	false	0	?	OFF
2026-08-04T09:56:06		?	false	0	?	OFF
2026-08-04T09:56:36		?	false	0	?	OFF
2026-08-04T09:57:06		?	false	0	?	OFF
2026-08-04T09:57:37		?	false	0	?	OFF
2026-08-04T09:58:07		?	false	0	?	OFF
2026-08-04T09:58:38		?	false	0	?	OFF
2026-08-04T09:59:08		?	false	0	?	OFF
2026-08-04T09:59:38		?	false	0	?	OFF
2026-08-04T10:00:09		?	false	0	?	OFF
2026-08-04T10:00:39		?	false	0	?	OFF
2026-08-04T10:01:09		?	false	0	?	OFF
2026-08-04T10:01:39		?	false	0	?	OFF
2026-08-04T10:02:10		?	false	0	?	OFF
2026-08-04T10:02:40		?	false	0	?	OFF
2026-08-04T10:03:10		?	false	0	?	OFF
2026-08-04T10:03:40		?	false	0	?	OFF
2026-08-04T10:04:10		?	false	0	?	OFF
2026-08-04T10:04:41		?	false	0	?	OFF
2026-08-04T10:05:11		?	false	0	?	OFF
2026-08-04T10:05:41		?	false	0	?	OFF
2026-08-04T10:06:11		?	false	0	?	OFF
2026-08-04T10:06:42		?	false	0	?	OFF
2026-08-04T10:07:12		?	false	0	?	OFF
2026-08-04T10:07:42		?	false	0	?	OFF
2026-08-04T10:08:12		?	false	0	?	OFF
2026-08-04T10:08:42		?	false	0	?	OFF
2026-08-04T10:09:13		?	false	0	?	OFF
2026-08-04T10:09:43		?	false	0	?	OFF
2026-08-04T10:10:13		?	false	0	?	OFF
2026-08-04T10:10:43		?	false	0	?	OFF
2026-08-04T10:11:13		?	false	0	?	OFF
2026-08-04T10:11:44		?	false	0	?	OFF
2026-08-04T10:12:14		?	false	0	?	OFF
2026-08-04T10:12:44		?	false	0	?	OFF
2026-08-04T10:13:14		?	false	0	?	OFF
2026-08-04T10:13:44		?	false	0	?	OFF
2026-08-04T10:14:14		?	false	0	?	OFF
2026-08-04T10:14:45		?	false	0	?	OFF
2026-08-04T10:15:15		?	false	0	?	OFF
2026-08-04T10:15:45		?	false	0	?	OFF
2026-08-04T10:16:15		?	false	0	?	OFF
2026-08-04T10:16:45		?	false	0	?	OFF
2026-08-04T10:17:15		?	false	0	?	OFF
2026-08-04T10:17:46		?	false	0	?	OFF
2026-08-04T10:18:16		?	false	0	?	OFF
2026-08-04T10:18:46		?	false	0	?	OFF
2026-08-04T10:19:16		?	false	0	?	OFF
2026-08-04T10:19:46		?	false	0	?	OFF
2026-08-04T10:20:17		?	false	0	?	OFF
2026-08-04T10:20:47		?	false	0	?	OFF
2026-08-04T10:21:17		?	false	0	?	OFF
2026-08-04T10:21:47		?	false	0	?	OFF
2026-08-04T10:22:17		?	false	0	?	OFF
2026-08-04T10:22:48		?	false	0	?	OFF
2026-08-04T10:23:18		?	false	0	?	OFF
2026-08-04T10:23:48		?	false	0	?	OFF
2026-08-04T10:24:18		?	false	0	?	OFF
2026-08-04T10:24:48		?	false	0	?	OFF
2026-08-04T10:25:19		?	false	0	?	OFF
2026-08-04T10:25:49		?	false	0	?	OFF
2026-08-04T10:26:19		?	false	0	?	OFF
2026-08-04T10:26:49		?	false	0	?	OFF
2026-08-04T10:27:19		?	false	0	?	OFF
2026-08-04T10:27:50		?	false	0	?	OFF
2026-08-04T10:28:20		?	false	0	?	OFF
2026-08-04T10:28:50		?	false	0	?	OFF
2026-08-04T10:29:20		?	false	0	?	OFF
2026-08-04T10:29:50		?	false	0	?	OFF
2026-08-04T10:30:20		?	false	0	?	OFF
2026-08-04T10:30:51		?	false	0	?	OFF
2026-08-04T10:31:21		?	false	0	?	OFF
2026-08-04T10:31:51		?	false	0	?	OFF
2026-08-04T10:32:21		?	false	0	?	OFF
2026-08-04T10:32:51		?	false	0	?	OFF
2026-08-04T10:33:22		?	false	0	?	OFF
2026-08-04T10:33:52		?	false	0	?	OFF
2026-08-04T10:34:22		?	false	0	?	OFF
2026-08-04T10:34:52		?	false	0	?	OFF
2026-08-04T10:35:22		?	false	0	?	OFF
2026-08-04T10:35:52		?	false	0	?	OFF
2026-08-04T10:36:23		?	false	0	?	OFF
2026-08-04T10:36:53		?	false	0	?	OFF
2026-08-04T10:37:23		?	false	0	?	OFF
2026-08-04T10:37:53		?	false	0	?	OFF
2026-08-04T10:38:23		?	false	0	?	OFF
2026-08-04T10:38:53		?	false	0	?	OFF
2026-08-04T10:39:24		?	false	0	?	OFF
2026-08-04T10:39:54		?	false	0	?	OFF
2026-08-04T10:40:24		?	false	0	?	OFF
2026-08-04T10:40:54		?	false	0	?	OFF
2026-08-04T10:41:24		?	false	0	?	OFF
2026-08-04T10:41:54		?	false	0	?	OFF
2026-08-04T10:42:25		?	false	0	?	OFF
2026-08-04T10:42:55		?	false	0	?	OFF
2026-08-04T10:43:25		?	false	0	?	OFF
2026-08-04T10:43:55		?	false	0	?	OFF
2026-08-04T10:44:25		?	false	0	?	OFF
2026-08-04T10:44:56		?	false	0	?	OFF
2026-08-04T10:45:26		?	false	0	?	OFF
2026-08-04T10:45:56		?	false	0	?	OFF
2026-08-04T10:46:26		?	false	0	?	OFF
2026-08-04T10:46:56		?	false	0	?	OFF
2026-08-04T10:47:26		?	false	0	?	OFF
2026-08-04T10:47:57		?	false	0	?	OFF
2026-08-04T10:48:27		?	false	0	?	OFF
2026-08-04T10:48:57		?	false	0	?	OFF
2026-08-04T10:49:27		?	false	0	?	OFF
2026-08-04T10:49:57		?	false	0	?	OFF
2026-08-04T10:50:28		?	false	0	?	OFF
2026-08-04T10:50:58		?	false	0	?	OFF
2026-08-04T10:51:28		?	false	0	?	OFF
2026-08-04T10:51:58		?	false	0	?	OFF
2026-08-04T10:52:28		?	false	0	?	OFF
2026-08-04T10:52:59		?	false	0	?	OFF
2026-08-04T10:53:29		?	false	0	?	OFF
2026-08-04T10:53:59		?	false	0	?	OFF
2026-08-04T10:54:29		?	false	0	?	OFF
2026-08-04T10:55:00		?	false	0	?	OFF
2026-08-04T10:55:30		?	false	0	?	OFF
2026-08-04T10:56:00		?	false	0	?	OFF
2026-08-04T10:56:31		?	false	0	?	OFF
2026-08-04T10:57:03		?	false	0	?	OFF
2026-08-04T10:57:33		?	false	0	?	OFF
2026-08-04T10:58:04		?	false	0	?	OFF
2026-08-04T10:58:34		?	false	0	?	OFF
2026-08-04T10:59:05		?	false	0	?	OFF
2026-08-04T10:59:35		?	false	0	?	OFF
2026-08-04T11:00:05		?	false	0	?	OFF
2026-08-04T11:00:35		?	false	0	?	OFF
2026-08-04T11:01:05		?	false	0	?	OFF
2026-08-04T11:01:36		?	false	0	?	OFF
2026-08-04T11:02:06		?	false	0	?	OFF
2026-08-04T11:02:36		?	false	0	?	OFF
2026-08-04T11:03:06		?	false	0	?	OFF
2026-08-04T11:03:36		?	false	0	?	OFF
2026-08-04T11:04:06		?	false	0	?	OFF
2026-08-04T11:04:37		?	false	0	?	OFF
2026-08-04T11:05:07		?	false	0	?	OFF
2026-08-04T11:05:37		?	false	0	?	OFF
2026-08-04T11:06:07		?	false	0	?	OFF
2026-08-04T11:06:38		?	false	0	?	OFF
2026-08-04T11:07:08		?	false	0	?	OFF
2026-08-04T11:07:38		?	false	0	?	OFF
2026-08-04T11:08:08		?	false	0	?	OFF
2026-08-04T11:08:38		?	false	0	?	OFF
2026-08-04T11:09:09		?	false	0	?	OFF
2026-08-04T11:09:39		?	false	0	?	OFF
2026-08-04T11:10:09		?	false	0	?	OFF
2026-08-04T11:10:39		?	false	0	?	OFF
2026-08-04T11:11:09		?	false	0	?	OFF
2026-08-04T11:11:40		?	false	0	?	OFF
2026-08-04T11:12:10		?	false	0	?	OFF
2026-08-04T11:12:40		?	false	0	?	OFF
2026-08-04T11:13:10		?	false	0	?	OFF
2026-08-04T11:13:40		?	false	0	?	OFF
2026-08-04T11:14:11		?	false	0	?	OFF
2026-08-04T11:14:41		?	false	0	?	OFF
2026-08-04T11:15:11		?	false	0	?	OFF
2026-08-04T11:15:41		?	false	0	?	OFF
2026-08-04T11:16:11		?	false	0	?	OFF
2026-08-04T11:16:41		?	false	0	?	OFF
2026-08-04T11:17:12		?	false	0	?	OFF
2026-08-04T11:17:42		?	false	0	?	OFF
2026-08-04T11:18:12		?	false	0	?	OFF
2026-08-04T11:18:42		?	false	0	?	OFF
2026-08-04T11:19:12		?	false	0	?	OFF
2026-08-04T11:19:43		?	false	0	?	OFF
2026-08-04T11:20:13		?	false	0	?	OFF
2026-08-04T11:20:43		?	false	0	?	OFF
2026-08-04T11:21:13		?	false	0	?	OFF
2026-08-04T11:21:43		?	false	0	?	OFF
2026-08-04T11:22:14		?	false	0	?	OFF
2026-08-04T11:22:44		?	false	0	?	OFF
2026-08-04T11:23:14		?	false	0	?	OFF
2026-08-04T11:23:44		?	false	0	?	OFF
2026-08-04T11:24:14		?	false	0	?	OFF
2026-08-04T11:24:45		?	false	0	?	OFF
2026-08-04T11:25:15		?	false	0	?	OFF
2026-08-04T11:25:45		?	false	0	?	OFF
2026-08-04T11:26:15		?	false	0	?	OFF
2026-08-04T11:26:45		?	false	0	?	OFF
2026-08-04T11:27:15		?	false	0	?	OFF
2026-08-04T11:27:46		?	false	0	?	OFF
2026-08-04T11:28:16		?	false	0	?	OFF
2026-08-04T11:28:46		?	false	0	?	OFF
2026-08-04T11:29:16		?	false	0	?	OFF
2026-08-04T11:29:46		?	false	0	?	OFF
2026-08-04T11:30:17		?	false	0	?	OFF
2026-08-04T11:30:47		?	false	0	?	OFF
2026-08-04T11:31:17		?	false	0	?	OFF
2026-08-04T11:31:47		?	false	0	?	OFF
2026-08-04T11:32:17		?	false	0	?	OFF
2026-08-04T11:32:48		?	false	0	?	OFF
2026-08-04T11:33:18		?	false	0	?	OFF
2026-08-04T11:33:48		?	false	0	?	OFF
2026-08-04T11:34:18		?	false	0	?	OFF
2026-08-04T11:34:48		?	false	0	?	OFF
2026-08-04T11:35:18		?	false	0	?	OFF
2026-08-04T11:35:49		?	false	0	?	OFF
2026-08-04T11:36:19		?	false	0	?	OFF
2026-08-04T11:36:49		?	false	0	?	OFF
2026-08-04T11:37:19		?	false	0	?	OFF
2026-08-04T11:37:49		?	false	0	?	OFF
2026-08-04T11:38:20		?	false	0	?	OFF
2026-08-04T11:38:50		?	false	0	?	OFF
2026-08-04T11:39:20		?	false	0	?	OFF
2026-08-04T11:39:50		?	false	0	?	OFF
2026-08-04T11:40:20		?	false	0	?	OFF
2026-08-04T11:40:51		?	false	0	?	OFF
2026-08-04T11:41:21		?	false	0	?	OFF
2026-08-04T11:41:51		?	false	0	?	OFF
2026-08-04T11:42:21		?	false	0	?	OFF
2026-08-04T11:42:51		?	false	0	?	OFF
2026-08-04T11:43:21		?	false	0	?	OFF
2026-08-04T11:43:52		?	false	0	?	OFF
2026-08-04T11:44:22		?	false	0	?	OFF
2026-08-04T11:44:52		?	false	0	?	OFF
2026-08-04T11:45:22		?	false	0	?	OFF
2026-08-04T11:45:52		?	false	0	?	OFF
2026-08-04T11:46:23		?	false	0	?	OFF
2026-08-04T11:46:53		?	false	0	?	OFF
2026-08-04T11:47:23		?	false	0	?	OFF
2026-08-04T11:47:53		?	false	0	?	OFF
2026-08-04T11:48:25		?	false	0	?	OFF
2026-08-04T11:48:57		?	false	0	?	OFF
2026-08-04T11:49:27		?	false	0	?	OFF
2026-08-04T11:49:57	NR_SA,Unknown	NR_SA	false	0	2147483647	ON
2026-08-04T11:50:28	NR_SA,Unknown	NR_SA	false	0	2147483647	ON
2026-08-04T11:50:58	NR_SA,Unknown	NR_SA	false	0	2147483647	ON
2026-08-04T11:51:28	NR_SA,Unknown	NR_SA	false	0	2147483647	ON
2026-08-04T11:51:59	NR_SA,Unknown	NR_SA	false	0	2147483647	ON
2026-08-04T11:52:29	NR_SA,Unknown	NR_SA	false	0	2147483647	ON
2026-08-04T11:53:00	NR_SA,Unknown	NR_SA	false	0	2147483647	ON
2026-08-04T11:53:30	NR_SA,Unknown	NR_SA	false	0	2147483647	ON
2026-08-04T11:54:01	NR_SA,Unknown	NR_SA	false	0	2147483647	ON
2026-08-04T11:54:31	NR_SA,Unknown	NR_SA	false	0	2147483647	ON
2026-08-04T11:55:02	NR_SA,Unknown	NR_SA	false	0	2147483647	ON
2026-08-04T11:55:32	NR_SA,Unknown	NR_SA	false	0	2147483647	ON
2026-08-04T11:56:03	NR_SA,Unknown	NR_SA	false	0	2147483647	ON
2026-08-04T11:56:33	NR_SA,Unknown	NR_SA	false	0	2147483647	ON
2026-08-04T11:57:04	NR_SA,Unknown	NR_SA	false	0	2147483647	ON
2026-08-04T11:57:34	NR_SA,Unknown	NR_SA	false	0	2147483647	ON
2026-08-04T11:58:04	NR_SA,Unknown	NR_SA	false	0	2147483647	ON
2026-08-04T11:58:35	NR_SA,Unknown	NR_SA	false	0	2147483647	ON
2026-08-04T11:59:05	NR_SA,Unknown	NR_SA	false	0	2147483647	ON
2026-08-04T11:59:36	NR_SA,Unknown	NR_SA	false	0	2147483647	ON
2026-08-04T12:00:07	NR_SA,Unknown	NR_SA	false	0	2147483647	OFF
2026-08-04T12:00:37	NR_SA,Unknown	NR_SA	false	0	2147483647	OFF
2026-08-04T12:01:07	NR_SA,Unknown	NR_SA	false	0	2147483647	OFF
2026-08-04T12:01:38	NR_SA,Unknown	NR_SA	false	0	2147483647	OFF
2026-08-04T12:02:10	NR_SA,Unknown	NR_SA	false	0	2147483647	OFF
2026-08-04T12:02:40	NR_SA,Unknown	NR_SA	false	0	2147483647	OFF
2026-08-04T12:03:11	NR_SA,Unknown	NR_SA	false	0	2147483647	OFF
2026-08-04T12:03:41	NR_SA,Unknown	NR_SA	false	0	2147483647	OFF
2026-08-04T12:04:12	NR_SA,Unknown	NR_SA	false	0	2147483647	OFF
2026-08-04T12:04:43	NR_SA,Unknown	NR_SA	false	0	2147483647	OFF
2026-08-04T12:05:14	NR_SA,Unknown	NR_SA	false	0	2147483647	ON
2026-08-04T12:05:44	NR_SA,Unknown	NR_SA	false	0	2147483647	ON
2026-08-04T12:06:15	NR_SA,Unknown	NR_SA	false	0	2147483647	ON
2026-08-04T12:06:45	NR_SA,Unknown	NR_SA	false	0	2147483647	ON
2026-08-04T12:07:15	NR_SA,Unknown	NR_SA	false	0	2147483647	ON
2026-08-04T12:07:46	NR_SA,Unknown	NR_SA	false	0	2147483647	ON
2026-08-04T12:08:17	NR_SA,Unknown	NR_SA	false	0	2147483647	ON
2026-08-04T12:08:50	NR_SA,Unknown	NR_SA	false	0	2147483647	ON
2026-08-04T12:09:21	NR_SA,Unknown	NR_SA	false	0	2147483647	ON
2026-08-04T12:09:52	NR_SA,Unknown	NR_SA	false	0	2147483647	ON
2026-08-04T12:10:22	NR_SA,Unknown	NR_SA	false	0	2147483647	ON
2026-08-04T12:10:53	NR_SA,Unknown	NR_SA	false	0	2147483647	ON
2026-08-04T12:11:24	NR_SA,Unknown	NR_SA	false	0	2147483647	ON
2026-08-04T12:11:54	NR_SA,Unknown	NR_SA	false	0	2147483647	ON
2026-08-04T12:12:24	NR_SA,Unknown	NR_SA	false	0	2147483647	ON
2026-08-04T12:12:55	NR_SA,Unknown	NR_SA	false	0	2147483647	ON
2026-08-04T12:13:25	NR_SA,Unknown	NR_SA	false	0	2147483647	ON
2026-08-04T12:13:56	NR_SA,Unknown	NR_SA	false	0	2147483647	ON
2026-08-04T12:14:26	NR_SA,Unknown	NR_SA	false	0	2147483647	ON
2026-08-04T12:14:56	NR_SA,Unknown	NR_SA	false	0	2147483647	ON
2026-08-04T12:15:27	NR_SA,Unknown	NR_SA	false	0	2147483647	ON
2026-08-04T12:15:57	NR_SA,Unknown	NR_SA	false	0	2147483647	ON
2026-08-04T12:16:28	NR_SA,Unknown	NR_SA	false	0	2147483647	ON
2026-08-04T12:16:58	NR_SA,Unknown	NR_SA	false	0	2147483647	ON
2026-08-04T12:17:29	NR_SA,Unknown	NR_SA	false	0	2147483647	ON
2026-08-04T12:17:59	NR_SA,Unknown	NR_SA	false	0	2147483647	ON
2026-08-04T12:18:30	NR_SA,Unknown	NR_SA	false	0	2147483647	ON
2026-08-04T12:19:00	NR_SA,Unknown	NR_SA	false	0	2147483647	ON
2026-08-04T12:19:31	NR_SA,Unknown	NR_SA	false	0	2147483647	ON
2026-08-04T12:20:01	NR_SA,Unknown	NR_SA	false	0	2147483647	ON
2026-08-04T12:20:31	NR_SA,Unknown	NR_SA	false	0	2147483647	ON
2026-08-04T12:21:02	NR_SA,Unknown	NR_SA	false	0	2147483647	ON
2026-08-04T12:21:32	NR_SA,Unknown	NR_SA	false	0	2147483647	OFF
2026-08-04T12:22:03	NR_SA,Unknown	NR_SA	false	0	2147483647	OFF
2026-08-04T12:22:33	NR_SA,Unknown	NR_SA	false	0	2147483647	OFF
2026-08-04T12:23:04	NR_SA,Unknown	NR_SA	false	0	2147483647	OFF
2026-08-04T12:23:34	NR_SA,Unknown	NR_SA	false	0	2147483647	OFF
2026-08-04T12:24:04	NR_SA,Unknown	NR_SA	false	0	2147483647	OFF
2026-08-04T12:24:35	NR_SA,Unknown	NR_SA	false	0	2147483647	OFF
2026-08-04T12:25:05	NR_SA,Unknown	NR_SA	false	0	2147483647	OFF
2026-08-04T12:25:35	NR_SA,Unknown	NR_SA	false	0	2147483647	OFF
2026-08-04T12:26:06	NR_SA,Unknown	NR_SA	false	0	2147483647	OFF
2026-08-04T12:26:36	NR_SA,Unknown	NR_SA	false	0	2147483647	OFF
2026-08-04T12:27:06	NR_SA,Unknown	NR_SA	false	0	2147483647	OFF
2026-08-04T12:27:37	NR_SA,Unknown	NR_SA	false	0	2147483647	OFF
2026-08-04T12:28:07	NR_SA,Unknown	NR_SA	false	0	2147483647	OFF
2026-08-04T12:28:37	NR_SA,Unknown	NR_SA	false	0	2147483647	OFF
2026-08-04T12:29:07	NR_SA,Unknown	NR_SA	false	0	2147483647	OFF
2026-08-04T12:29:38	NR_SA,Unknown	NR_SA	false	0	2147483647	OFF
2026-08-04T12:30:08	NR_SA,Unknown	NR_SA	false	0	2147483647	OFF
2026-08-04T12:30:38	NR_SA,Unknown	NR_SA	false	0	2147483647	OFF
2026-08-04T12:31:09	NR_SA,Unknown	NR_SA	false	0	2147483647	OFF
2026-08-04T12:31:39	NR_SA,Unknown	NR_SA	false	0	2147483647	OFF
2026-08-04T12:32:10	NR_SA,Unknown	NR_SA	false	0	2147483647	OFF
2026-08-04T12:32:40	NR_SA,Unknown	NR_SA	false	0	2147483647	OFF
2026-08-04T12:33:10	NR_SA,Unknown	NR_SA	false	0	2147483647	OFF
2026-08-04T12:33:40	NR_SA,Unknown	NR_SA	false	0	2147483647	OFF
2026-08-04T12:34:11	NR_SA,Unknown	NR_SA	false	0	2147483647	OFF
2026-08-04T12:34:41	NR_SA,Unknown	NR_SA	false	0	2147483647	OFF
2026-08-04T12:35:11	NR_SA,Unknown	NR_SA	false	0	2147483647	OFF
2026-08-04T12:35:42	NR_SA,Unknown	NR_SA	false	0	2147483647	OFF
2026-08-04T12:36:12	NR_SA,Unknown	NR_SA	false	0	2147483647	OFF
2026-08-04T12:36:42	NR_SA,Unknown	NR_SA	false	0	2147483647	OFF
2026-08-04T12:37:13	NR_SA,Unknown	NR_SA	false	0	2147483647	OFF
2026-08-04T12:37:43	NR_SA,Unknown	NR_SA	false	0	2147483647	OFF
2026-08-04T12:38:13	NR_SA,Unknown	NR_SA	false	0	2147483647	OFF
2026-08-04T12:38:44	NR_SA,Unknown	NR_SA	false	0	2147483647	OFF
2026-08-04T12:39:14	NR_SA,Unknown	NR_SA	false	0	2147483647	OFF
2026-08-04T12:39:44	NR_SA,Unknown	NR_SA	false	0	2147483647	OFF
2026-08-04T12:40:15	NR_SA,Unknown	NR_SA	false	0	2147483647	OFF
2026-08-04T12:40:45	NR_SA,Unknown	NR_SA	false	0	2147483647	OFF
2026-08-04T12:41:15	NR_SA,Unknown	NR_SA	false	0	2147483647	OFF
2026-08-04T12:41:45	NR_SA,Unknown	NR_SA	false	0	2147483647	OFF
2026-08-04T12:42:16	NR_SA,Unknown	NR_SA	false	0	2147483647	OFF
2026-08-04T12:42:46	NR_SA,Unknown	NR_SA	false	0	2147483647	OFF
2026-08-04T12:43:16	NR_SA,Unknown	NR_SA	false	0	2147483647	OFF
2026-08-04T12:43:47	NR_SA,Unknown	NR_SA	false	0	2147483647	OFF
2026-08-04T12:44:17	NR_SA,Unknown	NR_SA	false	0	2147483647	OFF
2026-08-04T12:44:47	NR_SA,Unknown	NR_SA	false	0	2147483647	OFF
2026-08-04T12:45:18	NR_SA,Unknown	NR_SA	false	0	2147483647	OFF
2026-08-04T12:45:48	NR_SA,Unknown	NR_SA	false	0	2147483647	OFF
2026-08-04T12:46:18	NR_SA,Unknown	NR_SA	false	0	2147483647	OFF
2026-08-04T12:46:49	NR_SA,Unknown	NR_SA	false	0	2147483647	OFF
2026-08-04T12:47:19	NR_SA,Unknown	NR_SA	false	0	2147483647	OFF
2026-08-04T12:47:49	NR_SA,Unknown	NR_SA	false	0	2147483647	OFF
2026-08-04T12:48:19	NR_SA,Unknown	NR_SA	false	0	2147483647	OFF
2026-08-04T12:48:50	NR_SA,Unknown	NR_SA	false	0	2147483647	OFF
2026-08-04T12:49:20	NR_SA,Unknown	NR_SA	false	0	2147483647	OFF
2026-08-04T12:49:50	NR_SA,Unknown	NR_SA	false	0	2147483647	OFF
2026-08-04T12:50:21	NR_SA,Unknown	NR_SA	false	0	2147483647	OFF
2026-08-04T12:50:51	NR_SA,Unknown	NR_SA	false	0	2147483647	OFF
2026-08-04T12:51:21	NR_SA,Unknown	NR_SA	false	0	2147483647	OFF
2026-08-04T12:51:52	NR_SA,Unknown	NR_SA	false	0	2147483647	OFF
2026-08-04T12:52:22	NR_SA,Unknown	NR_SA	false	0	2147483647	OFF
2026-08-04T12:52:52	NR_SA,Unknown	NR_SA	false	0	2147483647	OFF
2026-08-04T12:53:23	NR_SA,Unknown	NR_SA	false	0	2147483647	OFF
2026-08-04T12:53:53	NR_SA,Unknown	NR_SA	false	0	2147483647	OFF
2026-08-04T12:54:23	NR_SA,Unknown	NR_SA	false	0	2147483647	OFF
2026-08-04T12:54:53	NR_SA,Unknown	NR_SA	false	0	2147483647	OFF
2026-08-04T12:55:24	NR_SA,Unknown	NR_SA	false	0	2147483647	OFF
2026-08-04T12:55:54	NR_SA,Unknown	NR_SA	false	0	2147483647	OFF
2026-08-04T12:56:24	NR_SA,Unknown	NR_SA	false	0	2147483647	OFF
2026-08-04T12:56:55	NR_SA,Unknown	NR_SA	false	0	2147483647	OFF
2026-08-04T12:57:25	NR_SA,Unknown	NR_SA	false	0	2147483647	OFF
2026-08-04T12:57:55	NR_SA,Unknown	NR_SA	false	0	2147483647	OFF
2026-08-04T12:58:26	NR_SA,Unknown	NR_SA	false	0	2147483647	OFF
2026-08-04T12:58:56	NR_SA,Unknown	NR_SA	false	0	2147483647	OFF
2026-08-04T12:59:26	NR_SA,Unknown	NR_SA	false	0	2147483647	OFF
2026-08-04T12:59:56	NR_SA,Unknown	NR_SA	false	0	2147483647	OFF
2026-08-04T13:00:27	NR_SA,Unknown	NR_SA	false	0	2147483647	OFF
2026-08-04T13:00:57	NR_SA,Unknown	NR_SA	false	0	2147483647	OFF
2026-08-04T13:01:27	NR_SA,Unknown	NR_SA	false	0	2147483647	OFF
2026-08-04T13:01:58	NR_SA,Unknown	NR_SA	false	0	2147483647	OFF
2026-08-04T13:02:28	NR_SA,Unknown	NR_SA	false	0	2147483647	OFF
2026-08-04T13:02:58	NR_SA,Unknown	NR_SA	false	0	2147483647	OFF
2026-08-04T13:03:29	NR_SA,Unknown	NR_SA	false	0	2147483647	OFF
2026-08-04T13:03:59	NR_SA,Unknown	NR_SA	false	0	2147483647	OFF
2026-08-04T13:04:29	NR_SA,Unknown	NR_SA	false	0	2147483647	OFF
2026-08-04T13:05:00	NR_SA,Unknown	NR_SA	false	0	2147483647	OFF
2026-08-04T13:05:30	NR_SA,Unknown	NR_SA	false	0	2147483647	OFF
2026-08-04T13:06:00	NR_SA,Unknown	NR_SA	false	0	2147483647	OFF
2026-08-04T13:06:30	NR_SA,Unknown	NR_SA	false	0	2147483647	OFF
2026-08-04T13:07:01	NR_SA,Unknown	NR_SA	false	0	2147483647	OFF
2026-08-04T13:07:31	NR_SA,Unknown	NR_SA	false	0	2147483647	OFF
2026-08-04T13:08:01	NR_SA,Unknown	NR_SA	false	0	2147483647	OFF
2026-08-04T13:08:32	NR_SA,Unknown	NR_SA	false	0	2147483647	OFF
2026-08-04T13:09:02	NR_SA,Unknown	NR_SA	false	0	2147483647	OFF
2026-08-04T13:09:32	NR_SA,Unknown	NR_SA	false	0	2147483647	OFF
2026-08-04T13:10:03	NR_SA,Unknown	NR_SA	false	0	2147483647	OFF
2026-08-04T13:10:33	NR_SA,Unknown	NR_SA	false	0	2147483647	OFF
2026-08-04T13:11:03	NR_SA,Unknown	NR_SA	false	0	2147483647	OFF
2026-08-04T13:11:34	NR_SA,Unknown	NR_SA	false	0	2147483647	OFF
2026-08-04T13:12:04	NR_SA,Unknown	NR_SA	false	0	2147483647	OFF
2026-08-04T13:12:34	NR_SA,Unknown	NR_SA	false	0	2147483647	OFF
2026-08-04T13:13:05	NR_SA,Unknown	NR_SA	false	0	2147483647	OFF
2026-08-04T13:13:35	NR_SA,Unknown	NR_SA	false	0	2147483647	OFF
2026-08-04T13:14:05	NR_SA,Unknown	NR_SA	false	0	2147483647	OFF
2026-08-04T13:14:35	NR_SA,Unknown	NR_SA	false	0	2147483647	OFF
2026-08-04T13:15:06	NR_SA,Unknown	NR_SA	false	0	2147483647	OFF
2026-08-04T13:15:36	NR_SA,Unknown	NR_SA	false	0	2147483647	OFF
2026-08-04T13:16:06	NR_SA,Unknown	NR_SA	false	0	2147483647	OFF
2026-08-04T13:16:37	NR_SA,Unknown	NR_SA	false	0	2147483647	OFF
2026-08-04T13:17:07	NR_SA,Unknown	NR_SA	false	0	2147483647	OFF
2026-08-04T13:17:37	NR_SA,Unknown	NR_SA	false	0	2147483647	OFF
2026-08-04T13:18:08	NR_SA,Unknown	NR_SA	false	0	2147483647	OFF
2026-08-04T13:18:38	NR_SA,Unknown	NR_SA	false	0	2147483647	OFF
2026-08-04T13:19:08	NR_SA,Unknown	NR_SA	false	0	2147483647	OFF
2026-08-04T13:19:39	NR_SA,Unknown	NR_SA	false	0	2147483647	OFF
2026-08-04T13:20:09	NR_SA,Unknown	NR_SA	false	0	2147483647	OFF
2026-08-04T13:20:39	NR_SA,Unknown	NR_SA	false	0	2147483647	OFF
2026-08-04T13:21:10	NR_SA,Unknown	NR_SA	false	0	2147483647	OFF
2026-08-04T13:21:40	NR_SA,Unknown	NR_SA	false	0	2147483647	OFF
2026-08-04T13:22:10	NR_SA,Unknown	NR_SA	false	0	2147483647	OFF
2026-08-04T13:22:40	NR_SA,Unknown	NR_SA	false	0	2147483647	OFF
2026-08-04T13:23:11	NR_SA,Unknown	NR_SA	false	0	2147483647	OFF
2026-08-04T13:23:41	NR_SA,Unknown	NR_SA	false	0	2147483647	OFF
2026-08-04T13:24:11	NR_SA,Unknown	NR_SA	false	0	2147483647	OFF
2026-08-04T13:24:42	NR_SA,Unknown	NR_SA	false	0	2147483647	OFF
2026-08-04T13:25:12	NR_SA,Unknown	NR_SA	false	0	2147483647	OFF
2026-08-04T13:25:42	NR_SA,Unknown	NR_SA	false	0	2147483647	OFF
2026-08-04T13:26:13	NR_SA,Unknown	NR_SA	false	0	2147483647	OFF
2026-08-04T13:26:43	NR_SA,Unknown	NR_SA	false	0	2147483647	OFF
2026-08-04T13:27:13	NR_SA,Unknown	NR_SA	false	0	2147483647	OFF
2026-08-04T13:27:44	NR_SA,Unknown	NR_SA	false	0	2147483647	OFF
2026-08-04T13:28:14	NR_SA,Unknown	NR_SA	false	0	2147483647	OFF
2026-08-04T13:28:44	NR_SA,Unknown	NR_SA	false	0	2147483647	OFF
2026-08-04T13:29:15	NR_SA,Unknown	NR_SA	false	0	2147483647	OFF
2026-08-04T13:29:45	NR_SA,Unknown	NR_SA	false	0	2147483647	OFF
2026-08-04T13:30:15	NR_SA,Unknown	NR_SA	false	0	2147483647	OFF
2026-08-04T13:30:46	NR_SA,Unknown	NR_SA	false	0	2147483647	OFF
2026-08-04T13:31:16	NR_SA,Unknown	NR_SA	false	0	2147483647	OFF
2026-08-04T13:31:46	NR_SA,Unknown	NR_SA	false	0	2147483647	OFF
2026-08-04T13:32:17	NR_SA,Unknown	NR_SA	false	0	2147483647	OFF
2026-08-04T13:32:47	NR_SA,Unknown	NR_SA	false	0	2147483647	OFF
2026-08-04T13:33:17	NR_SA,Unknown	NR_SA	false	0	2147483647	OFF
2026-08-04T13:33:48	NR_SA,Unknown	NR_SA	false	0	2147483647	OFF
2026-08-04T13:34:18	NR_SA,Unknown	NR_SA	false	0	2147483647	OFF
2026-08-04T13:34:48	NR_SA,Unknown	NR_SA	false	0	2147483647	OFF
2026-08-04T13:35:19	NR_SA,Unknown	NR_SA	false	0	2147483647	OFF
2026-08-04T13:35:49	NR_SA,Unknown	NR_SA	false	0	2147483647	OFF
2026-08-04T13:36:19	NR_SA,Unknown	NR_SA	false	0	2147483647	OFF
2026-08-04T13:36:50	NR_SA,Unknown	NR_SA	false	0	2147483647	OFF
2026-08-04T13:37:20	NR_SA,Unknown	NR_SA	false	0	2147483647	OFF
2026-08-04T13:37:51	NR_SA,Unknown	NR_SA	false	0	2147483647	OFF
2026-08-04T13:38:21	NR_SA,Unknown	NR_SA	false	0	2147483647	OFF
2026-08-04T13:38:51	NR_SA,Unknown	NR_SA	false	0	2147483647	OFF
2026-08-04T13:39:22	NR_SA,Unknown	NR_SA	false	0	2147483647	OFF
2026-08-04T13:39:53	NR_SA,Unknown	NR_SA	false	0	2147483647	OFF
2026-08-04T13:40:23	NR_SA,Unknown	NR_SA	false	0	2147483647	OFF
2026-08-04T13:40:54	NR_SA,Unknown	NR_SA	false	0	2147483647	OFF
2026-08-04T13:41:25	NR_SA,Unknown	NR_SA	false	0	2147483647	OFF
2026-08-04T13:41:56	NR_SA,Unknown	NR_SA	false	0	2147483647	OFF
2026-08-04T13:42:26	NR_SA,Unknown	NR_SA	false	0	2147483647	OFF
2026-08-04T13:42:57	NR_SA,Unknown	NR_SA	false	0	2147483647	OFF
2026-08-04T13:43:27	NR_SA,Unknown	NR_SA	false	0	2147483647	OFF
2026-08-04T13:43:58	NR_SA,Unknown	NR_SA	false	0	2147483647	OFF
2026-08-04T13:44:28	NR_SA,Unknown	NR_SA	false	0	2147483647	OFF
2026-08-04T13:44:58	NR_SA,Unknown	NR_SA	false	0	2147483647	OFF
2026-08-04T13:45:29	NR_SA,Unknown	NR_SA	false	0	2147483647	OFF
2026-08-04T13:45:59	NR_SA,Unknown	NR_SA	false	0	2147483647	OFF
2026-08-04T13:46:30	NR_SA,Unknown	NR_SA	false	0	2147483647	OFF
2026-08-04T13:47:00	NR_SA,Unknown	NR_SA	false	0	2147483647	OFF
2026-08-04T13:47:30	NR_SA,Unknown	NR_SA	false	0	2147483647	OFF
2026-08-04T13:48:01	NR_SA,Unknown	NR_SA	false	0	2147483647	OFF
2026-08-04T13:48:32	NR_SA,Unknown	NR_SA	false	0	2147483647	OFF
2026-08-04T13:49:02	NR_SA,Unknown	NR_SA	false	0	2147483647	OFF
2026-08-04T13:49:33	NR_SA,Unknown	NR_SA	false	0	2147483647	OFF
2026-08-04T13:50:03	NR_SA,Unknown	NR_SA	false	0	2147483647	OFF
2026-08-04T13:50:34	NR_SA,Unknown	NR_SA	false	0	2147483647	OFF
2026-08-04T13:51:04	NR_SA,Unknown	NR_SA	false	0	2147483647	OFF
2026-08-04T13:51:35	NR_SA,Unknown	NR_SA	false	0	2147483647	OFF
2026-08-04T13:52:06	NR_SA,Unknown	NR_SA	false	0	2147483647	OFF
2026-08-04T13:52:37	NR_SA,Unknown	NR_SA	false	0	2147483647	OFF
2026-08-04T13:53:09	NR_SA,Unknown	NR_SA	false	0	2147483647	OFF
2026-08-04T13:53:39	NR_SA,Unknown	NR_SA	false	0	2147483647	OFF
2026-08-04T13:54:10	NR_SA,Unknown	NR_SA	false	0	2147483647	OFF
2026-08-04T13:54:42	NR_SA,Unknown	NR_SA	false	0	2147483647	OFF
2026-08-04T13:55:12	NR_SA,Unknown	NR_SA	false	0	2147483647	OFF
2026-08-04T13:55:44	NR_SA,Unknown	NR_SA	false	0	2147483647	OFF
2026-08-04T13:56:15	NR_SA,Unknown	NR_SA	false	0	2147483647	OFF
2026-08-04T13:56:46	NR_SA,Unknown	NR_SA	false	0	2147483647	OFF
2026-08-04T13:57:17	NR_SA,Unknown	NR_SA	false	0	2147483647	OFF
2026-08-04T13:57:48	NR_SA,Unknown	NR_SA	false	0	2147483647	OFF
2026-08-04T13:58:19	NR_SA,Unknown	NR_SA	false	0	2147483647	OFF
2026-08-04T13:58:50	NR_SA,Unknown	NR_SA	false	0	2147483647	OFF
2026-08-04T13:59:23	NR_SA,Unknown	NR_SA	false	0	2147483647	OFF
2026-08-04T13:59:56	NR_SA,Unknown	NR_SA	false	0	2147483647	OFF
2026-08-04T14:00:28	NR_SA,Unknown	NR_SA	false	0	2147483647	OFF
2026-08-04T14:01:00	NR_SA,Unknown	NR_SA	false	0	2147483647	OFF
2026-08-04T14:01:32	NR_SA,Unknown	NR_SA	false	0	2147483647	OFF
2026-08-04T14:02:03	NR_SA,Unknown	NR_SA	false	0	2147483647	OFF
2026-08-04T14:02:35	NR_SA,Unknown	NR_SA	false	0	2147483647	OFF
2026-08-04T14:03:06	NR_SA,Unknown	NR_SA	false	0	2147483647	OFF
2026-08-04T14:03:38	NR_SA,Unknown	NR_SA	false	0	2147483647	OFF
2026-08-04T14:04:10	NR_SA,Unknown	NR_SA	false	0	2147483647	OFF
2026-08-04T14:04:41	NR_SA,Unknown	NR_SA	false	0	2147483647	OFF
2026-08-04T14:05:11	NR_SA,Unknown	NR_SA	false	0	2147483647	OFF
2026-08-04T14:05:42	NR_SA,Unknown	NR_SA	false	0	2147483647	OFF
2026-08-04T14:06:14	NR_SA,Unknown	NR_SA	false	0	2147483647	OFF
2026-08-04T14:06:45	NR_SA,Unknown	NR_SA	false	0	2147483647	OFF
2026-08-04T14:07:17	NR_SA,Unknown	NR_SA	false	0	2147483647	OFF
2026-08-04T14:07:49	NR_SA,Unknown	NR_SA	false	0	2147483647	OFF
2026-08-04T14:08:19	NR_SA,Unknown	NR_SA	false	0	2147483647	OFF
2026-08-04T14:08:50	NR_SA,Unknown	NR_SA	false	0	2147483647	OFF
2026-08-04T14:09:21	NR_SA,Unknown	NR_SA	false	0	2147483647	OFF
2026-08-04T14:09:52	NR_SA,Unknown	NR_SA	false	0	2147483647	OFF
2026-08-04T14:10:23	NR_SA,Unknown	NR_SA	false	0	2147483647	OFF
2026-08-04T14:10:53	NR_SA,Unknown	NR_SA	false	0	2147483647	OFF
2026-08-04T14:11:24	NR_SA,Unknown	NR_SA	false	0	2147483647	OFF
2026-08-04T14:11:56	NR_SA,Unknown	NR_SA	false	0	2147483647	OFF
2026-08-04T14:12:27	NR_SA,Unknown	NR_SA	false	0	2147483647	OFF
2026-08-04T14:13:01	NR_SA,Unknown	NR_SA	false	0	2147483647	OFF
2026-08-04T14:13:42	NR_SA,Unknown	NR_SA	false	0	2147483647	OFF
2026-08-04T14:14:13	NR_SA,Unknown	NR_SA	false	0	2147483647	OFF
2026-08-04T14:14:44	NR_SA,Unknown	NR_SA	false	0	2147483647	OFF
2026-08-04T14:15:14	NR_SA,Unknown	NR_SA	false	0	2147483647	OFF
2026-08-04T14:15:44	NR_SA,Unknown	NR_SA	false	0	2147483647	OFF
2026-08-04T14:16:15	NR_SA,Unknown	NR_SA	false	0	2147483647	OFF
2026-08-04T14:16:45	NR_SA,Unknown	NR_SA	false	0	2147483647	OFF
2026-08-04T14:17:16	NR_SA,Unknown	NR_SA	false	0	2147483647	OFF
2026-08-04T14:17:48	NR_SA,Unknown	NR_SA	false	0	2147483647	OFF
2026-08-04T14:18:19	NR_SA,Unknown	NR_SA	false	0	2147483647	OFF
2026-08-04T14:18:52	NR_SA,Unknown	NR_SA	false	0	2147483647	OFF
2026-08-04T14:19:23	NR_SA,Unknown	NR_SA	false	0	2147483647	OFF
2026-08-04T14:19:53	NR_SA,Unknown	NR_SA	false	0	2147483647	OFF
2026-08-04T14:20:24	NR_SA,Unknown	NR_SA	false	0	2147483647	OFF
2026-08-04T14:20:55	NR_SA,Unknown	NR_SA	false	0	2147483647	OFF
2026-08-04T14:21:25	NR_SA,Unknown	NR_SA	false	0	2147483647	OFF
2026-08-04T14:21:56	NR_SA,Unknown	NR_SA	false	0	2147483647	OFF
2026-08-04T14:22:27	NR_SA,Unknown	NR_SA	false	0	2147483647	OFF
2026-08-04T14:22:58	NR_SA,Unknown	NR_SA	false	0	2147483647	OFF
2026-08-04T14:23:29	NR_SA,Unknown	NR_SA	false	0	2147483647	OFF
2026-08-04T14:24:00	NR_SA,Unknown	NR_SA	false	0	2147483647	OFF
2026-08-04T14:24:31	NR_SA,Unknown	NR_SA	false	0	2147483647	OFF
2026-08-04T14:25:01	NR_SA,Unknown	NR_SA	false	0	2147483647	OFF
2026-08-04T14:25:32	NR_SA,Unknown	NR_SA	false	0	2147483647	OFF
2026-08-04T14:26:03	NR_SA,Unknown	NR_SA	false	0	2147483647	OFF
2026-08-04T14:26:34	NR_SA,Unknown	NR_SA	false	0	2147483647	OFF
2026-08-04T14:27:05	NR_SA,Unknown	NR_SA	false	0	2147483647	OFF
2026-08-04T14:27:35	NR_SA,Unknown	NR_SA	false	0	2147483647	OFF
2026-08-04T14:28:05	NR_SA,Unknown	NR_SA	false	0	2147483647	OFF
2026-08-04T14:28:36	NR_SA,Unknown	NR_SA	false	0	2147483647	OFF
2026-08-04T14:29:07	NR_SA,Unknown	NR_SA	false	0	2147483647	OFF
2026-08-04T14:29:37	NR_SA,Unknown	NR_SA	false	0	2147483647	OFF
2026-08-04T14:30:08	NR_SA,Unknown	NR_SA	false	0	2147483647	OFF
2026-08-04T14:30:38	NR_SA,Unknown	NR_SA	false	0	2147483647	OFF
2026-08-04T14:31:09	NR_SA,Unknown	NR_SA	false	0	2147483647	OFF
2026-08-04T14:31:39	NR_SA,Unknown	NR_SA	false	0	2147483647	OFF
2026-08-04T14:32:09	NR_SA,Unknown	NR_SA	false	0	2147483647	OFF
2026-08-04T14:32:40	NR_SA,Unknown	NR_SA	false	0	2147483647	OFF
2026-08-04T14:33:10	NR_SA,Unknown	NR_SA	false	0	2147483647	OFF
2026-08-04T14:33:41	NR_SA,Unknown	NR_SA	false	0	2147483647	OFF
2026-08-04T14:34:11	NR_SA,Unknown	NR_SA	false	0	2147483647	OFF
2026-08-04T14:34:42	NR_SA,Unknown	NR_SA	false	0	2147483647	OFF
2026-08-04T14:35:12	NR_SA,Unknown	NR_SA	false	0	2147483647	OFF
2026-08-04T14:35:42	NR_SA,Unknown	NR_SA	false	0	2147483647	OFF
2026-08-04T14:36:12	NR_SA,Unknown	NR_SA	false	0	2147483647	OFF
2026-08-04T14:36:43	NR_SA,Unknown	NR_SA	false	0	2147483647	OFF
2026-08-04T14:37:13	NR_SA,Unknown	NR_SA	false	0	2147483647	OFF
2026-08-04T14:37:43	NR_SA,Unknown	NR_SA	false	0	2147483647	OFF
2026-08-04T14:38:14	NR_SA,Unknown	NR_SA	false	0	2147483647	OFF
2026-08-04T14:38:44	NR_SA,Unknown	NR_SA	false	0	2147483647	OFF
2026-08-04T14:39:15	NR_SA,Unknown	NR_SA	false	0	2147483647	OFF
2026-08-04T14:39:46	NR_SA,Unknown	NR_SA	false	0	2147483647	OFF
2026-08-04T14:40:17	NR_SA,Unknown	NR_SA	false	0	2147483647	OFF
2026-08-04T14:40:49	NR_SA,Unknown	NR_SA	false	0	2147483647	OFF
2026-08-04T14:41:19	NR_SA,Unknown	NR_SA	false	0	2147483647	OFF
2026-08-04T14:41:50	NR_SA,Unknown	NR_SA	false	0	2147483647	OFF
2026-08-04T14:42:20	NR_SA,Unknown	NR_SA	false	0	2147483647	OFF
2026-08-04T14:42:51	NR_SA,Unknown	NR_SA	false	0	2147483647	OFF
2026-08-04T14:43:21	NR_SA,Unknown	NR_SA	false	0	2147483647	OFF
2026-08-04T14:43:52	NR_SA,Unknown	NR_SA	false	0	2147483647	OFF
2026-08-04T14:44:22	NR_SA,Unknown	NR_SA	false	0	2147483647	OFF
2026-08-04T14:44:52	NR_SA,Unknown	NR_SA	false	0	2147483647	OFF
2026-08-04T14:45:23	NR_SA,Unknown	NR_SA	false	0	2147483647	OFF
2026-08-04T14:45:53	NR_SA,Unknown	NR_SA	false	0	2147483647	OFF
2026-08-04T14:46:24	NR_SA,Unknown	NR_SA	false	0	2147483647	OFF
2026-08-04T14:46:54	NR_SA,Unknown	NR_SA	false	0	2147483647	OFF
2026-08-04T14:47:25	NR_SA,Unknown	NR_SA	false	0	2147483647	OFF
2026-08-04T14:47:55	NR_SA,Unknown	NR_SA	false	0	2147483647	OFF
2026-08-04T14:48:26	NR_SA,Unknown	NR_SA	false	0	2147483647	OFF
2026-08-04T14:48:56	NR_SA,Unknown	NR_SA	false	0	2147483647	OFF
2026-08-04T14:49:27	NR_SA,Unknown	NR_SA	false	0	2147483647	OFF
2026-08-04T14:49:57	NR_SA,Unknown	NR_SA	false	0	2147483647	OFF
2026-08-04T14:50:27	NR_SA,Unknown	NR_SA	false	0	2147483647	OFF
2026-08-04T14:50:58	NR_SA,Unknown	NR_SA	false	0	2147483647	OFF
2026-08-04T14:51:28	NR_SA,Unknown	NR_SA	false	0	2147483647	OFF
2026-08-04T14:51:59	NR_SA,Unknown	NR_SA	false	0	2147483647	OFF
2026-08-04T14:52:30	NR_SA,Unknown	NR_SA	false	0	2147483647	OFF
2026-08-04T14:53:00	NR_SA,Unknown	NR_SA	false	0	2147483647	OFF
2026-08-04T14:53:31	NR_SA,Unknown	NR_SA	false	0	2147483647	OFF
2026-08-04T14:54:01	NR_SA,Unknown	NR_SA	false	0	2147483647	OFF
2026-08-04T14:54:32	NR_SA,Unknown	NR_SA	false	0	2147483647	OFF
2026-08-04T14:55:02	NR_SA,Unknown	NR_SA	false	0	2147483647	OFF
2026-08-04T14:55:33	NR_SA,Unknown	NR_SA	false	0	2147483647	OFF
2026-08-04T14:56:04	NR_SA,Unknown	NR_SA	false	0	2147483647	OFF
2026-08-04T14:56:34	NR_SA,Unknown	NR_SA	false	0	2147483647	OFF
2026-08-04T14:57:07	NR_SA,Unknown	NR_SA	false	0	2147483647	OFF
2026-08-04T14:57:38	NR_SA,Unknown	NR_SA	false	0	2147483647	OFF
2026-08-04T14:58:09	NR_SA,Unknown	NR_SA	false	0	2147483647	OFF
2026-08-04T14:58:39	NR_SA,Unknown	NR_SA	false	0	2147483647	OFF
2026-08-04T14:59:10	NR_SA,Unknown	NR_SA	false	0	2147483647	OFF
2026-08-04T14:59:41	NR_SA,Unknown	NR_SA	false	0	2147483647	OFF
2026-08-04T15:00:12	NR_SA,Unknown	NR_SA	false	0	2147483647	OFF
2026-08-04T15:00:42	NR_SA,Unknown	NR_SA	false	0	2147483647	OFF
2026-08-04T15:01:13	NR_SA,Unknown	NR_SA	false	0	2147483647	OFF
2026-08-04T15:01:43	NR_SA,Unknown	NR_SA	false	0	2147483647	OFF
2026-08-04T15:02:14	NR_SA,Unknown	NR_SA	false	0	2147483647	OFF
2026-08-04T15:02:44	NR_SA,Unknown	NR_SA	false	0	2147483647	OFF
2026-08-04T15:03:15	NR_SA,Unknown	NR_SA	false	0	2147483647	OFF
2026-08-04T15:03:45	NR_SA,Unknown	NR_SA	false	0	2147483647	OFF
2026-08-04T15:04:16	NR_SA,Unknown	NR_SA	false	0	2147483647	OFF
2026-08-04T15:04:47	NR_SA,Unknown	NR_SA	false	0	2147483647	OFF
2026-08-04T15:05:17	NR_SA,Unknown	NR_SA	false	0	2147483647	OFF
2026-08-04T15:05:48	NR_SA,Unknown	NR_SA	false	0	2147483647	OFF
2026-08-04T15:06:19	NR_SA,Unknown	NR_SA	false	0	2147483647	OFF
2026-08-04T15:06:50	NR_SA,Unknown	NR_SA	false	0	2147483647	OFF
2026-08-04T15:07:20	NR_SA,Unknown	NR_SA	false	0	2147483647	OFF
2026-08-04T15:07:52	NR_SA,Unknown	NR_SA	false	0	2147483647	OFF
2026-08-04T15:08:22	NR_SA,Unknown	NR_SA	false	0	2147483647	OFF
2026-08-04T15:08:53	NR_SA,Unknown	NR_SA	false	0	2147483647	OFF
2026-08-04T15:09:23	NR_SA,Unknown	NR_SA	false	0	2147483647	OFF
2026-08-04T15:09:55	NR_SA,Unknown	NR_SA	false	0	2147483647	OFF
2026-08-04T15:10:25	NR_SA,Unknown	NR_SA	false	0	2147483647	OFF
2026-08-04T15:10:56	NR_SA,Unknown	NR_SA	false	0	2147483647	OFF
2026-08-04T15:11:27	NR_SA,Unknown	NR_SA	false	0	2147483647	OFF
2026-08-04T15:11:57	NR_SA,Unknown	NR_SA	false	0	2147483647	OFF
2026-08-04T15:12:28	NR_SA,Unknown	NR_SA	false	0	2147483647	OFF
2026-08-04T15:12:58	NR_SA,Unknown	NR_SA	false	0	2147483647	OFF
2026-08-04T15:13:29	NR_SA,Unknown	NR_SA	false	0	2147483647	OFF
2026-08-04T15:13:59	NR_SA,Unknown	NR_SA	false	0	2147483647	OFF
2026-08-04T15:14:30	NR_SA,Unknown	NR_SA	false	0	2147483647	OFF
2026-08-04T15:15:00	NR_SA,Unknown	NR_SA	false	0	2147483647	OFF
2026-08-04T15:15:32	NR_SA,Unknown	NR_SA	false	0	2147483647	OFF
2026-08-04T15:16:02	NR_SA,Unknown	NR_SA	false	0	2147483647	OFF
2026-08-04T15:16:33	NR_SA,Unknown	NR_SA	false	0	2147483647	OFF
2026-08-04T15:17:04	NR_SA,Unknown	NR_SA	false	0	2147483647	OFF
2026-08-04T15:17:34	NR_SA,Unknown	NR_SA	false	0	2147483647	OFF
2026-08-04T15:18:05	NR_SA,Unknown	NR_SA	false	0	2147483647	OFF
2026-08-04T15:18:36	NR_SA,Unknown	NR_SA	false	0	2147483647	OFF
2026-08-04T15:19:06	NR_SA,Unknown	NR_SA	false	0	2147483647	OFF
2026-08-04T15:19:37	NR_SA,Unknown	NR_SA	false	0	2147483647	OFF
2026-08-04T15:20:08	NR_SA,Unknown	NR_SA	false	0	2147483647	OFF
2026-08-04T15:20:38	NR_SA,Unknown	NR_SA	false	0	2147483647	OFF
2026-08-04T15:21:09	NR_SA,Unknown	NR_SA	false	0	2147483647	OFF
2026-08-04T15:21:39	NR_SA,Unknown	NR_SA	false	0	2147483647	OFF
2026-08-04T15:22:09	NR_SA,Unknown	NR_SA	false	0	2147483647	OFF
2026-08-04T15:22:40	NR_SA,Unknown	NR_SA	false	0	2147483647	OFF
2026-08-04T15:23:10	NR_SA,Unknown	NR_SA	false	0	2147483647	OFF
2026-08-04T15:23:41	NR_SA,Unknown	NR_SA	false	0	2147483647	OFF
2026-08-04T15:24:11	NR_SA,Unknown	NR_SA	false	0	2147483647	OFF
2026-08-04T15:24:42	NR_SA,Unknown	NR_SA	false	0	2147483647	OFF
2026-08-04T15:25:12	NR_SA,Unknown	NR_SA	false	0	2147483647	OFF
2026-08-04T15:25:43	NR_SA,Unknown	NR_SA	false	0	2147483647	OFF
2026-08-04T15:26:13	NR_SA,Unknown	NR_SA	false	0	2147483647	OFF
2026-08-04T15:26:44	NR_SA,Unknown	NR_SA	false	0	2147483647	OFF
2026-08-04T15:27:14	NR_SA,Unknown	NR_SA	false	0	2147483647	OFF
2026-08-04T15:27:44	NR_SA,Unknown	NR_SA	false	0	2147483647	OFF
2026-08-04T15:28:15	NR_SA,Unknown	NR_SA	false	0	2147483647	OFF
2026-08-04T15:28:45	NR_SA,Unknown	NR_SA	false	0	2147483647	OFF
2026-08-04T15:29:16	NR_SA,Unknown	NR_SA	false	0	2147483647	OFF
2026-08-04T15:29:47	NR_SA,Unknown	NR_SA	false	0	2147483647	OFF
2026-08-04T15:30:17	NR_SA,Unknown	NR_SA	false	0	2147483647	OFF
2026-08-04T15:30:48	NR_SA,Unknown	NR_SA	false	0	2147483647	OFF
2026-08-04T15:31:18	NR_SA,Unknown	NR_SA	false	0	2147483647	OFF
2026-08-04T15:31:49	NR_SA,Unknown	NR_SA	false	0	2147483647	OFF
2026-08-04T15:32:19	NR_SA,Unknown	NR_SA	false	0	2147483647	OFF
2026-08-04T15:32:50	NR_SA,Unknown	NR_SA	false	0	2147483647	OFF
2026-08-04T15:33:20	NR_SA,Unknown	NR_SA	false	0	2147483647	OFF
2026-08-04T15:33:50	NR_SA,Unknown	NR_SA	false	0	2147483647	OFF
2026-08-04T15:34:21	NR_SA,Unknown	NR_SA	false	0	2147483647	OFF
2026-08-04T15:34:51	NR_SA,Unknown	NR_SA	false	0	2147483647	OFF
2026-08-04T15:35:22	NR_SA,Unknown	NR_SA	false	0	2147483647	OFF
2026-08-04T15:35:52	NR_SA,Unknown	NR_SA	false	0	2147483647	OFF
2026-08-04T15:36:24	NR_SA,Unknown	NR_SA	false	0	2147483647	OFF
2026-08-04T15:36:55	NR_SA,Unknown	NR_SA	false	0	2147483647	OFF
2026-08-04T15:37:25	NR_SA,Unknown	NR_SA	false	0	2147483647	OFF
2026-08-04T15:37:56	NR_SA,Unknown	NR_SA	false	0	2147483647	OFF
2026-08-04T15:38:26	NR_SA,Unknown	NR_SA	false	0	2147483647	OFF
2026-08-04T15:38:57	NR_SA,Unknown	NR_SA	false	0	2147483647	OFF
2026-08-04T15:39:28	NR_SA,Unknown	NR_SA	false	0	2147483647	OFF
2026-08-04T15:39:58	NR_SA,Unknown	NR_SA	false	0	2147483647	OFF
2026-08-04T15:40:29	NR_SA,Unknown	NR_SA	false	0	2147483647	OFF
2026-08-04T15:40:59	NR_SA,Unknown	NR_SA	false	0	2147483647	OFF
2026-08-04T15:41:30	NR_SA,Unknown	NR_SA	false	0	2147483647	OFF
2026-08-04T15:42:00	NR_SA,Unknown	NR_SA	false	0	2147483647	OFF
2026-08-04T15:42:30	NR_SA,Unknown	NR_SA	false	0	2147483647	OFF
2026-08-04T15:43:01	NR_SA,Unknown	NR_SA	false	0	2147483647	OFF
2026-08-04T15:43:31	NR_SA,Unknown	NR_SA	false	0	2147483647	OFF
2026-08-04T15:44:02	NR_SA,Unknown	NR_SA	false	0	2147483647	OFF
2026-08-04T15:44:32		NR_SA	false	0	2147483647	OFF
2026-08-04T16:16:29	NR_SA,Unknown	NR_SA	false	0	2147483647	OFF
2026-08-04T16:17:00	NR_SA,Unknown	NR_SA	false	0	2147483647	OFF
2026-08-04T16:17:30	NR_SA,Unknown	NR_SA	false	0	2147483647	OFF
2026-08-04T16:18:01	NR_SA,Unknown	NR_SA	false	0	2147483647	OFF
2026-08-04T16:18:32	NR_SA,Unknown	NR_SA	false	0	2147483647	OFF
2026-08-04T16:19:02	NR_SA,Unknown	NR_SA	false	0	2147483647	OFF
2026-08-04T16:19:33	NR_SA,Unknown	NR_SA	false	0	2147483647	OFF
2026-08-04T16:20:03	NR_SA,Unknown	NR_SA	false	0	2147483647	OFF
2026-08-04T16:20:34	NR_SA,Unknown	NR_SA	false	0	2147483647	OFF
2026-08-04T16:21:05	NR_SA,Unknown	NR_SA	false	0	2147483647	OFF
2026-08-04T16:21:35	NR_SA,Unknown	NR_SA	false	0	2147483647	OFF
2026-08-04T16:22:05	NR_SA,Unknown	NR_SA	false	0	2147483647	OFF
2026-08-04T16:22:36	NR_SA,Unknown	NR_SA	false	0	2147483647	OFF
2026-08-04T16:23:07	NR_SA,Unknown	NR_SA	false	0	2147483647	OFF
2026-08-04T16:23:37	NR_SA,Unknown	NR_SA	false	0	2147483647	OFF
2026-08-04T16:24:08	NR_SA,Unknown	NR_SA	false	0	2147483647	OFF
2026-08-04T16:24:38	NR_SA,Unknown	NR_SA	false	0	2147483647	OFF
2026-08-04T16:25:08	NR_SA,Unknown	NR_SA	false	0	2147483647	OFF
2026-08-04T16:25:39	NR_SA,Unknown	NR_SA	false	0	2147483647	OFF
2026-08-04T16:26:09	NR_SA,Unknown	NR_SA	false	0	2147483647	OFF
2026-08-04T16:26:39	NR_SA,Unknown	NR_SA	false	0	2147483647	OFF
2026-08-04T16:27:10	NR_SA,Unknown	NR_SA	false	0	2147483647	OFF
2026-08-04T16:27:40	NR_SA,Unknown	NR_SA	false	0	2147483647	OFF
2026-08-04T16:28:11	NR_SA,Unknown	NR_SA	false	0	2147483647	OFF
2026-08-04T16:28:41	NR_SA,Unknown	NR_SA	false	0	2147483647	OFF
2026-08-04T16:29:11	NR_SA,Unknown	NR_SA	false	0	2147483647	OFF
2026-08-04T16:29:42	NR_SA,Unknown	NR_SA	false	0	2147483647	OFF
2026-08-04T16:30:12	NR_SA,Unknown	NR_SA	false	0	2147483647	OFF
2026-08-04T16:30:42	NR_SA,Unknown	NR_SA	false	0	2147483647	OFF
2026-08-04T16:31:13	NR_SA,Unknown	NR_SA	false	0	2147483647	OFF
2026-08-04T16:31:43	NR_SA,Unknown	NR_SA	false	0	2147483647	OFF
2026-08-04T16:32:13	NR_SA,Unknown	NR_SA	false	0	2147483647	OFF
2026-08-04T16:32:44	NR_SA,Unknown	NR_SA	false	0	2147483647	OFF
2026-08-04T16:33:14	NR_SA,Unknown	NR_SA	false	0	2147483647	OFF
2026-08-04T16:33:44	NR_SA,Unknown	NR_SA	false	0	2147483647	OFF
2026-08-04T16:34:15	NR_SA,Unknown	NR_SA	false	0	2147483647	OFF
2026-08-04T16:34:45	NR_SA,Unknown	NR_SA	false	0	2147483647	OFF
2026-08-04T16:35:15	NR_SA,Unknown	NR_SA	false	0	2147483647	OFF
2026-08-04T16:35:46	NR_SA,Unknown	NR_SA	false	0	2147483647	OFF
2026-08-04T16:36:16	NR_SA,Unknown	NR_SA	false	0	2147483647	OFF
2026-08-04T16:36:47	NR_SA,Unknown	NR_SA	false	0	2147483647	OFF
2026-08-04T16:37:17	NR_SA,Unknown	NR_SA	false	0	2147483647	OFF
2026-08-04T16:37:47	NR_SA,Unknown	NR_SA	false	0	2147483647	OFF
2026-08-04T16:38:18	NR_SA,Unknown	NR_SA	false	0	2147483647	OFF
2026-08-04T16:38:48	NR_SA,Unknown	NR_SA	false	0	2147483647	OFF
2026-08-04T16:39:18	NR_SA,Unknown	NR_SA	false	0	2147483647	OFF
2026-08-04T16:39:49	NR_SA,Unknown	NR_SA	false	0	2147483647	OFF
2026-08-04T16:40:19	NR_SA,Unknown	NR_SA	false	0	2147483647	OFF
2026-08-04T16:40:50	NR_SA,Unknown	NR_SA	false	0	2147483647	OFF
2026-08-04T16:41:20	NR_SA,Unknown	NR_SA	false	0	2147483647	OFF
2026-08-04T16:41:50	NR_SA,Unknown	NR_SA	false	0	2147483647	OFF
2026-08-04T16:42:21	NR_SA,Unknown	NR_SA	false	0	2147483647	OFF
2026-08-04T16:42:51	NR_SA,Unknown	NR_SA	false	0	2147483647	OFF
2026-08-04T16:43:22	NR_SA,Unknown	NR_SA	false	0	2147483647	OFF
2026-08-04T16:43:52	NR_SA,Unknown	NR_SA	false	0	2147483647	OFF
2026-08-04T16:44:22	NR_SA,Unknown	NR_SA	false	0	2147483647	OFF
2026-08-04T16:44:53	NR_SA,Unknown	NR_SA	false	0	2147483647	OFF
2026-08-04T16:45:23	NR_SA,Unknown	NR_SA	false	0	2147483647	OFF
2026-08-04T16:45:54	NR_SA,Unknown	NR_SA	false	0	2147483647	OFF
2026-08-04T16:46:24	NR_SA,Unknown	NR_SA	false	0	2147483647	OFF
2026-08-04T16:46:55	NR_SA,Unknown	NR_SA	false	0	2147483647	OFF
2026-08-04T16:47:25	NR_SA,Unknown	NR_SA	false	0	2147483647	OFF
2026-08-04T16:47:56	NR_SA,Unknown	NR_SA	false	0	2147483647	OFF
2026-08-04T16:48:26	NR_SA,Unknown	NR_SA	false	0	2147483647	OFF
2026-08-04T16:48:56	NR_SA,Unknown	NR_SA	false	0	2147483647	OFF
2026-08-04T16:49:27	NR_SA,Unknown	NR_SA	false	0	2147483647	OFF
2026-08-04T16:49:57	NR_SA,Unknown	NR_SA	false	0	2147483647	OFF
2026-08-04T16:50:28	NR_SA,Unknown	NR_SA	false	0	2147483647	OFF
2026-08-04T16:50:58	NR_SA,Unknown	NR_SA	false	0	2147483647	OFF
2026-08-04T16:51:29	NR_SA,Unknown	NR_SA	false	0	2147483647	OFF
2026-08-04T16:51:59	NR_SA,Unknown	NR_SA	false	0	2147483647	OFF
2026-08-04T16:52:29	NR_SA,Unknown	NR_SA	false	0	2147483647	OFF
2026-08-04T16:53:00	NR_SA,Unknown	NR_SA	false	0	2147483647	OFF
2026-08-04T16:53:30	NR_SA,Unknown	NR_SA	false	0	2147483647	OFF
2026-08-04T16:54:01	NR_SA,Unknown	NR_SA	false	0	2147483647	OFF
2026-08-04T16:54:31	NR_SA,Unknown	NR_SA	false	0	2147483647	OFF
2026-08-04T16:55:01	NR_SA,Unknown	NR_SA	false	0	2147483647	OFF
2026-08-04T16:55:32	NR_SA,Unknown	NR_SA	false	0	2147483647	OFF
2026-08-04T16:56:03	NR_SA,Unknown	NR_SA	false	0	2147483647	OFF
2026-08-04T16:56:33	NR_SA,Unknown	NR_SA	false	0	2147483647	OFF
2026-08-04T16:57:04	NR_SA,Unknown	NR_SA	false	0	2147483647	OFF
2026-08-04T16:57:35	NR_SA,Unknown	NR_SA	false	0	2147483647	OFF
2026-08-04T16:58:05	NR_SA,Unknown	NR_SA	false	0	2147483647	OFF
2026-08-04T16:58:36	NR_SA,Unknown	NR_SA	false	0	2147483647	OFF
2026-08-04T16:59:06	NR_SA,Unknown	NR_SA	false	0	2147483647	OFF
2026-08-04T16:59:36	NR_SA,Unknown	NR_SA	false	0	2147483647	OFF
2026-08-04T17:00:07	NR_SA,Unknown	NR_SA	false	0	2147483647	OFF
2026-08-04T17:00:37	NR_SA,Unknown	NR_SA	false	0	2147483647	OFF
2026-08-04T17:01:08	NR_SA,Unknown	NR_SA	false	0	2147483647	OFF
2026-08-04T17:01:38	NR_SA,Unknown	NR_SA	false	0	2147483647	OFF
2026-08-04T17:02:08	NR_SA,Unknown	NR_SA	false	0	2147483647	OFF
2026-08-04T17:02:39	NR_SA,Unknown	NR_SA	false	0	2147483647	OFF
2026-08-04T17:03:09	NR_SA,Unknown	NR_SA	false	0	2147483647	OFF
2026-08-04T17:03:39	NR_SA,Unknown	NR_SA	false	0	2147483647	OFF
2026-08-04T17:04:10	NR_SA,Unknown	NR_SA	false	0	2147483647	OFF
2026-08-04T17:04:40	NR_SA,Unknown	NR_SA	false	0	2147483647	OFF
2026-08-04T17:05:10	NR_SA,Unknown	NR_SA	false	0	2147483647	OFF
2026-08-04T17:05:41	NR_SA,Unknown	NR_SA	false	0	2147483647	OFF
2026-08-04T17:06:11	NR_SA,Unknown	NR_SA	false	0	2147483647	OFF
2026-08-04T17:06:41	NR_SA,Unknown	NR_SA	false	0	2147483647	OFF
2026-08-04T17:07:12	NR_SA,Unknown	NR_SA	false	0	2147483647	OFF
2026-08-04T17:07:42	NR_SA,Unknown	NR_SA	false	0	2147483647	OFF
2026-08-04T17:08:13	NR_SA,Unknown	NR_SA	false	0	2147483647	OFF
2026-08-04T17:08:43	NR_SA,Unknown	NR_SA	false	0	2147483647	OFF
2026-08-04T17:09:14	NR_SA,Unknown	NR_SA	false	0	2147483647	OFF
2026-08-04T17:09:44	NR_SA,Unknown	NR_SA	false	0	2147483647	OFF
2026-08-04T17:10:14	NR_SA,Unknown	NR_SA	false	0	2147483647	OFF
2026-08-04T17:10:45	NR_SA,Unknown	NR_SA	false	0	2147483647	OFF
2026-08-04T17:11:15	NR_SA,Unknown	NR_SA	false	0	2147483647	OFF
2026-08-04T17:11:46	NR_SA,Unknown	NR_SA	false	0	2147483647	OFF
2026-08-04T17:12:16	NR_SA,Unknown	NR_SA	false	0	2147483647	OFF
2026-08-04T17:12:47	NR_SA,Unknown	NR_SA	false	0	2147483647	OFF
2026-08-04T17:13:17	NR_SA,Unknown	NR_SA	false	0	2147483647	OFF
2026-08-04T17:13:48	NR_SA,Unknown	NR_SA	false	0	2147483647	OFF
2026-08-04T17:14:18	NR_SA,Unknown	NR_SA	false	0	2147483647	OFF
2026-08-04T17:14:48	NR_SA,Unknown	NR_SA	false	0	2147483647	OFF
2026-08-04T17:15:19	NR_SA,Unknown	NR_SA	false	0	2147483647	OFF
2026-08-04T17:15:49	NR_SA,Unknown	NR_SA	false	0	2147483647	OFF
2026-08-04T17:16:19	NR_SA,Unknown	NR_SA	false	0	2147483647	OFF
2026-08-04T17:16:50	NR_SA,Unknown	NR_SA	false	0	2147483647	OFF
2026-08-04T17:17:20	NR_SA,Unknown	NR_SA	false	0	2147483647	OFF
2026-08-04T17:17:50	NR_SA,Unknown	NR_SA	false	0	2147483647	OFF
2026-08-04T17:18:21	NR_SA,Unknown	NR_SA	false	0	2147483647	OFF
2026-08-04T17:18:51	NR_SA,Unknown	NR_SA	false	0	2147483647	OFF
2026-08-04T17:19:21	NR_SA,Unknown	NR_SA	false	0	2147483647	OFF
2026-08-04T17:19:52	NR_SA,Unknown	NR_SA	false	0	2147483647	OFF
2026-08-04T17:20:22	NR_SA,Unknown	NR_SA	false	0	2147483647	OFF
2026-08-04T17:20:53	NR_SA,Unknown	NR_SA	false	0	2147483647	OFF
2026-08-04T17:21:23	NR_SA,Unknown	NR_SA	false	0	2147483647	OFF
2026-08-04T17:21:53	NR_SA,Unknown	NR_SA	false	0	2147483647	OFF
2026-08-04T17:22:23	NR_SA,Unknown	NR_SA	false	0	2147483647	OFF
2026-08-04T17:22:54	NR_SA,Unknown	NR_SA	false	0	2147483647	OFF
2026-08-04T17:23:24	NR_SA,Unknown	NR_SA	false	0	2147483647	OFF
2026-08-04T17:23:54	NR_SA,Unknown	NR_SA	false	0	2147483647	OFF
2026-08-04T17:24:25	NR_SA,Unknown	NR_SA	false	0	2147483647	OFF
2026-08-04T17:24:55	NR_SA,Unknown	NR_SA	false	0	2147483647	OFF
2026-08-04T17:25:25	NR_SA,Unknown	NR_SA	false	0	2147483647	OFF
2026-08-04T17:25:56	NR_SA,Unknown	NR_SA	false	0	2147483647	OFF
2026-08-04T17:26:26	NR_SA,Unknown	NR_SA	false	0	2147483647	OFF
2026-08-04T17:26:56	NR_SA,Unknown	NR_SA	false	0	2147483647	OFF
2026-08-04T17:27:27	NR_SA,Unknown	NR_SA	false	0	2147483647	OFF
2026-08-04T17:27:57	NR_SA,Unknown	NR_SA	false	0	2147483647	OFF
2026-08-04T17:28:27	NR_SA,Unknown	NR_SA	false	0	2147483647	OFF
2026-08-04T17:28:57	NR_SA,Unknown	NR_SA	false	0	2147483647	OFF
2026-08-04T17:29:28	NR_SA,Unknown	NR_SA	false	0	2147483647	OFF
2026-08-04T17:29:58	NR_SA,Unknown	NR_SA	false	0	2147483647	OFF
2026-08-04T17:30:29	NR_SA,Unknown	NR_SA	false	0	2147483647	OFF
2026-08-04T17:30:59	NR_SA,Unknown	NR_SA	false	0	2147483647	OFF
2026-08-04T17:31:29	NR_SA,Unknown	NR_SA	false	0	2147483647	OFF
2026-08-04T17:31:59	NR_SA,Unknown	NR_SA	false	0	2147483647	OFF
2026-08-04T17:32:30	NR_SA,Unknown	NR_SA	false	0	2147483647	OFF
2026-08-04T17:33:00	NR_SA,Unknown	NR_SA	false	0	2147483647	OFF
2026-08-04T17:33:30	NR_SA,Unknown	NR_SA	false	0	2147483647	OFF
2026-08-04T17:34:01	NR_SA,Unknown	NR_SA	false	0	2147483647	OFF
2026-08-04T17:34:31	NR_SA,Unknown	NR_SA	false	0	2147483647	OFF
2026-08-04T17:35:02	NR_SA,Unknown	NR_SA	false	0	2147483647	OFF
2026-08-04T17:35:32	NR_SA,Unknown	NR_SA	false	0	2147483647	OFF
2026-08-04T17:36:02	NR_SA,Unknown	NR_SA	false	0	2147483647	OFF
2026-08-04T17:36:32	NR_SA,Unknown	NR_SA	false	0	2147483647	OFF
2026-08-04T17:37:03	NR_SA,Unknown	NR_SA	false	0	2147483647	OFF
2026-08-04T17:37:33	NR_SA,Unknown	NR_SA	false	0	2147483647	OFF
2026-08-04T17:38:03	NR_SA,Unknown	NR_SA	false	0	2147483647	OFF
2026-08-04T17:38:34	NR_SA,Unknown	NR_SA	false	0	2147483647	OFF
2026-08-04T17:39:04	NR_SA,Unknown	NR_SA	false	0	2147483647	OFF
2026-08-04T17:39:34	NR_SA,Unknown	NR_SA	false	0	2147483647	OFF
2026-08-04T17:40:04	NR_SA,Unknown	NR_SA	false	0	2147483647	OFF
2026-08-04T17:40:35	NR_SA,Unknown	NR_SA	false	0	2147483647	OFF
2026-08-04T17:41:05	NR_SA,Unknown	NR_SA	false	0	2147483647	OFF
2026-08-04T17:41:35	NR_SA,Unknown	NR_SA	false	0	2147483647	OFF
2026-08-04T17:42:06	NR_SA,Unknown	NR_SA	false	0	2147483647	OFF
2026-08-04T17:42:36	NR_SA,Unknown	NR_SA	false	0	2147483647	OFF
2026-08-04T17:43:06	NR_SA,Unknown	NR_SA	false	0	2147483647	OFF
2026-08-04T17:43:36	NR_SA,Unknown	NR_SA	false	0	2147483647	OFF
2026-08-04T17:44:07	NR_SA,Unknown	NR_SA	false	0	2147483647	OFF
2026-08-04T17:44:37	NR_SA,Unknown	NR_SA	false	0	2147483647	OFF
2026-08-04T17:45:07	NR_SA,Unknown	NR_SA	false	0	2147483647	OFF
2026-08-04T17:45:38	NR_SA,Unknown	NR_SA	false	0	2147483647	OFF
2026-08-04T17:46:08	NR_SA,Unknown	NR_SA	false	0	2147483647	OFF
2026-08-04T17:46:38	NR_SA,Unknown	NR_SA	false	0	2147483647	OFF
2026-08-04T17:47:08	NR_SA,Unknown	NR_SA	false	0	2147483647	OFF
2026-08-04T17:47:39	NR_SA,Unknown	NR_SA	false	0	2147483647	OFF
2026-08-04T17:48:09	NR_SA,Unknown	NR_SA	false	0	2147483647	OFF
2026-08-04T17:48:39	NR_SA,Unknown	NR_SA	false	0	2147483647	OFF
2026-08-04T17:49:10	NR_SA,Unknown	NR_SA	false	0	2147483647	OFF
2026-08-04T17:49:40	NR_SA,Unknown	NR_SA	false	0	2147483647	OFF
2026-08-04T17:50:10	NR_SA,Unknown	NR_SA	false	0	2147483647	OFF
2026-08-04T17:50:40	NR_SA,Unknown	NR_SA	false	0	2147483647	OFF
2026-08-04T17:51:11	NR_SA,Unknown	NR_SA	false	0	2147483647	OFF
2026-08-04T17:51:41	NR_SA,Unknown	NR_SA	false	0	2147483647	OFF
2026-08-04T17:52:11	NR_SA,Unknown	NR_SA	false	0	2147483647	OFF
2026-08-04T17:52:42	NR_SA,Unknown	NR_SA	false	0	2147483647	OFF
2026-08-04T17:53:12	NR_SA,Unknown	NR_SA	false	0	2147483647	OFF
2026-08-04T17:53:42	NR_SA,Unknown	NR_SA	false	0	2147483647	OFF
2026-08-04T17:54:13	NR_SA,Unknown	NR_SA	false	0	2147483647	OFF
2026-08-04T17:54:43	NR_SA,Unknown	NR_SA	false	0	2147483647	OFF
2026-08-04T17:55:13	NR_SA,Unknown	NR_SA	false	0	2147483647	OFF
2026-08-04T17:55:44	NR_SA,Unknown	NR_SA	false	0	2147483647	OFF
2026-08-04T17:56:14	NR_SA,Unknown	NR_SA	false	0	2147483647	OFF
2026-08-04T17:56:44	NR_SA,Unknown	NR_SA	false	0	2147483647	OFF
2026-08-04T17:57:15	NR_SA,Unknown	NR_SA	false	0	2147483647	OFF
2026-08-04T17:57:45	NR_SA,Unknown	NR_SA	false	0	2147483647	OFF
2026-08-04T17:58:15	NR_SA,Unknown	NR_SA	false	0	2147483647	OFF
2026-08-04T17:58:46	NR_SA,Unknown	NR_SA	false	0	2147483647	OFF
2026-08-04T17:59:16	NR_SA,Unknown	NR_SA	false	0	2147483647	OFF
2026-08-04T17:59:46	NR_SA,Unknown	NR_SA	false	0	2147483647	OFF
2026-08-04T18:00:16	NR_SA,Unknown	NR_SA	false	0	2147483647	OFF
2026-08-04T18:00:47	NR_SA,Unknown	NR_SA	false	0	2147483647	OFF
2026-08-04T18:01:17	NR_SA,Unknown	NR_SA	false	0	2147483647	OFF
2026-08-04T18:01:47	NR_SA,Unknown	NR_SA	false	0	2147483647	OFF
2026-08-04T18:02:18	NR_SA,Unknown	NR_SA	false	0	2147483647	OFF
2026-08-04T18:02:48	NR_SA,Unknown	NR_SA	false	0	2147483647	OFF
2026-08-04T18:03:18	NR_SA,Unknown	NR_SA	false	0	2147483647	OFF
2026-08-04T18:03:48	NR_SA,Unknown	NR_SA	false	0	2147483647	OFF
2026-08-04T18:04:19	NR_SA,Unknown	NR_SA	false	0	2147483647	OFF
2026-08-04T18:04:49	NR_SA,Unknown	NR_SA	false	0	2147483647	OFF
2026-08-04T18:05:19	NR_SA,Unknown	NR_SA	false	0	2147483647	OFF
2026-08-04T18:05:50	NR_SA,Unknown	NR_SA	false	0	2147483647	OFF
2026-08-04T18:06:20	NR_SA,Unknown	NR_SA	false	0	2147483647	OFF
2026-08-04T18:06:50	NR_SA,Unknown	NR_SA	false	0	2147483647	OFF
2026-08-04T18:07:20	NR_SA,Unknown	NR_SA	false	0	2147483647	OFF
2026-08-04T18:07:51	NR_SA,Unknown	NR_SA	false	0	2147483647	OFF
2026-08-04T18:08:21	NR_SA,Unknown	NR_SA	false	0	2147483647	OFF
2026-08-04T18:08:51	NR_SA,Unknown	NR_SA	false	0	2147483647	OFF
2026-08-04T18:09:22	NR_SA,Unknown	NR_SA	false	0	2147483647	OFF
2026-08-04T18:09:52	NR_SA,Unknown	NR_SA	false	0	2147483647	OFF
2026-08-04T18:10:22	NR_SA,Unknown	NR_SA	false	0	2147483647	OFF
2026-08-04T18:10:52	NR_SA,Unknown	NR_SA	false	0	2147483647	OFF
2026-08-04T18:11:23	NR_SA,Unknown	NR_SA	false	0	2147483647	OFF
2026-08-04T18:11:53	NR_SA,Unknown	NR_SA	false	0	2147483647	OFF
2026-08-04T18:12:23	NR_SA,Unknown	NR_SA	false	0	2147483647	OFF
2026-08-04T18:12:54	NR_SA,Unknown	NR_SA	false	0	2147483647	OFF
2026-08-04T18:13:24	NR_SA,Unknown	NR_SA	false	0	2147483647	OFF
2026-08-04T18:13:54	NR_SA,Unknown	NR_SA	false	0	2147483647	OFF
2026-08-04T18:14:24	NR_SA,Unknown	NR_SA	false	0	2147483647	OFF
2026-08-04T18:14:55	NR_SA,Unknown	NR_SA	false	0	2147483647	OFF
2026-08-04T18:15:25	NR_SA,Unknown	NR_SA	false	0	2147483647	OFF
2026-08-04T18:15:55	NR_SA,Unknown	NR_SA	false	0	2147483647	OFF
2026-08-04T18:16:26	NR_SA,Unknown	NR_SA	false	0	2147483647	OFF
2026-08-04T18:16:56	NR_SA,Unknown	NR_SA	false	0	2147483647	OFF
2026-08-04T18:17:26	NR_SA,Unknown	NR_SA	false	0	2147483647	OFF
2026-08-04T18:17:56	NR_SA,Unknown	NR_SA	false	0	2147483647	OFF
2026-08-04T18:18:27	NR_SA,Unknown	NR_SA	false	0	2147483647	OFF
2026-08-04T18:18:57	NR_SA,Unknown	NR_SA	false	0	2147483647	OFF
2026-08-04T18:19:28	NR_SA,Unknown	NR_SA	false	0	2147483647	OFF
2026-08-04T18:19:58	NR_SA,Unknown	NR_SA	false	0	2147483647	OFF
2026-08-04T18:20:28	NR_SA,Unknown	NR_SA	false	0	2147483647	OFF
2026-08-04T18:20:59	NR_SA,Unknown	NR_SA	false	0	2147483647	OFF
2026-08-04T18:21:29	NR_SA,Unknown	NR_SA	false	0	2147483647	OFF
2026-08-04T18:21:59	NR_SA,Unknown	NR_SA	false	0	2147483647	OFF
2026-08-04T18:22:30	NR_SA,Unknown	NR_SA	false	0	2147483647	OFF
2026-08-04T18:23:00	NR_SA,Unknown	NR_SA	false	0	2147483647	OFF
2026-08-04T18:23:31	NR_SA,Unknown	NR_SA	false	0	2147483647	OFF
2026-08-04T18:24:01	NR_SA,Unknown	NR_SA	false	0	2147483647	OFF
2026-08-04T18:24:32	NR_SA,Unknown	NR_SA	false	0	2147483647	OFF
2026-08-04T18:25:02	NR_SA,Unknown	NR_SA	false	0	2147483647	OFF
2026-08-04T18:25:33	NR_SA,Unknown	NR_SA	false	0	2147483647	OFF
2026-08-04T18:26:04	NR_SA,Unknown	NR_SA	false	0	2147483647	OFF
2026-08-04T18:26:34	NR_SA,Unknown	NR_SA	false	0	2147483647	OFF
2026-08-04T18:27:05	NR_SA,Unknown	NR_SA	false	0	2147483647	OFF
2026-08-04T18:27:35	NR_SA,Unknown	NR_SA	false	0	2147483647	OFF
2026-08-04T18:28:06	NR_SA,Unknown	NR_SA	false	0	2147483647	OFF
2026-08-04T18:28:36	NR_SA,Unknown	NR_SA	false	0	2147483647	OFF
2026-08-04T18:29:06	NR_SA,Unknown	NR_SA	false	0	2147483647	OFF
2026-08-04T18:29:37	NR_SA,Unknown	NR_SA	false	0	2147483647	OFF
2026-08-04T18:30:07	NR_SA,Unknown	NR_SA	false	0	2147483647	OFF
2026-08-04T18:30:38	NR_SA,Unknown	NR_SA	false	0	2147483647	OFF
2026-08-04T18:31:08	NR_SA,Unknown	NR_SA	false	0	2147483647	OFF
2026-08-04T18:31:38	NR_SA,Unknown	NR_SA	false	0	2147483647	OFF
2026-08-04T18:32:09	NR_SA,Unknown	NR_SA	false	0	2147483647	OFF
2026-08-04T18:32:40	NR_SA,Unknown	NR_SA	false	0	2147483647	OFF
2026-08-04T18:33:10	NR_SA,Unknown	NR_SA	false	0	2147483647	OFF
2026-08-04T18:33:41	NR_SA,Unknown	NR_SA	false	0	2147483647	OFF
2026-08-04T18:34:11	NR_SA,Unknown	NR_SA	false	0	2147483647	OFF
2026-08-04T18:34:41	NR_SA,Unknown	NR_SA	false	0	2147483647	OFF
2026-08-04T18:35:12	NR_SA,Unknown	NR_SA	false	0	2147483647	OFF
2026-08-04T18:35:42	NR_SA,Unknown	NR_SA	false	0	2147483647	OFF
2026-08-04T18:36:13	NR_SA,Unknown	NR_SA	false	0	2147483647	OFF
2026-08-04T18:36:43	NR_SA,Unknown	NR_SA	false	0	2147483647	OFF
2026-08-04T18:37:14	NR_SA,Unknown	NR_SA	false	0	2147483647	OFF
2026-08-04T18:37:45	NR_SA,Unknown	NR_SA	false	0	2147483647	OFF
2026-08-04T18:38:15	NR_SA,Unknown	NR_SA	false	0	2147483647	OFF
2026-08-04T18:38:46	NR_SA,Unknown	NR_SA	false	0	2147483647	OFF
2026-08-04T18:39:16	NR_SA,Unknown	NR_SA	false	0	2147483647	OFF
2026-08-04T18:39:47	NR_SA,Unknown	NR_SA	false	0	2147483647	OFF
2026-08-04T18:40:17	NR_SA,Unknown	NR_SA	false	0	2147483647	OFF
2026-08-04T18:40:48	NR_SA,Unknown	NR_SA	false	0	2147483647	OFF
2026-08-04T18:41:18	NR_SA,Unknown	NR_SA	false	0	2147483647	OFF
2026-08-04T18:41:48	NR_SA,Unknown	NR_SA	false	0	2147483647	OFF
2026-08-04T18:42:19	NR_SA,Unknown	NR_SA	false	0	2147483647	OFF
2026-08-04T18:42:49	NR_SA,Unknown	NR_SA	false	0	2147483647	OFF
2026-08-04T18:43:20	NR_SA,Unknown	NR_SA	false	0	2147483647	OFF
2026-08-04T18:43:50	NR_SA,Unknown	NR_SA	false	0	2147483647	OFF
2026-08-04T18:44:21	NR_SA,Unknown	NR_SA	false	0	2147483647	OFF
2026-08-04T18:44:51	NR_SA,Unknown	NR_SA	false	0	2147483647	OFF
2026-08-04T18:45:22	NR_SA,Unknown	NR_SA	false	0	2147483647	OFF
2026-08-04T18:45:52	NR_SA,Unknown	NR_SA	false	0	2147483647	OFF
2026-08-04T18:46:23	NR_SA,Unknown	NR_SA	false	0	2147483647	OFF
2026-08-04T18:46:53	NR_SA,Unknown	NR_SA	false	0	2147483647	OFF
2026-08-04T18:47:24	NR_SA,Unknown	NR_SA	false	0	2147483647	OFF
2026-08-04T18:47:54	NR_SA,Unknown	NR_SA	false	0	2147483647	OFF
2026-08-04T18:48:24	NR_SA,Unknown	NR_SA	false	0	2147483647	OFF
2026-08-04T18:48:55	NR_SA,Unknown	NR_SA	false	0	2147483647	OFF
2026-08-04T18:49:26	NR_SA,Unknown	NR_SA	false	0	2147483647	OFF
2026-08-04T18:49:56	NR_SA,Unknown	NR_SA	false	0	2147483647	OFF
2026-08-04T18:50:26	NR_SA,Unknown	NR_SA	false	0	2147483647	OFF
2026-08-04T18:50:57	NR_SA,Unknown	NR_SA	false	0	2147483647	OFF
2026-08-04T18:51:27	NR_SA,Unknown	NR_SA	false	0	2147483647	OFF
2026-08-04T18:51:57	NR_SA,Unknown	NR_SA	false	0	2147483647	OFF
2026-08-04T18:52:28	NR_SA,Unknown	NR_SA	false	0	2147483647	OFF
2026-08-04T18:52:58	NR_SA,Unknown	NR_SA	false	0	2147483647	OFF
2026-08-04T18:53:28	NR_SA,Unknown	NR_SA	false	0	2147483647	OFF
2026-08-04T18:53:59	NR_SA,Unknown	NR_SA	false	0	2147483647	OFF
2026-08-04T18:54:29	NR_SA,Unknown	NR_SA	false	0	2147483647	OFF
2026-08-04T18:54:59	NR_SA,Unknown	NR_SA	false	0	2147483647	OFF
2026-08-04T18:55:30	NR_SA,Unknown	NR_SA	false	0	2147483647	OFF
2026-08-04T18:56:00	NR_SA,Unknown	NR_SA	false	0	2147483647	OFF
2026-08-04T18:56:30	NR_SA,Unknown	NR_SA	false	0	2147483647	OFF
2026-08-04T18:57:01	NR_SA,Unknown	NR_SA	false	0	2147483647	OFF
2026-08-04T18:57:31	NR_SA,Unknown	NR_SA	false	0	2147483647	OFF
2026-08-04T18:58:01	NR_SA,Unknown	NR_SA	false	0	2147483647	OFF
2026-08-04T18:58:31	NR_SA,Unknown	NR_SA	false	0	2147483647	OFF
2026-08-04T18:59:02	NR_SA,Unknown	NR_SA	false	0	2147483647	OFF
2026-08-04T18:59:32	NR_SA,Unknown	NR_SA	false	0	2147483647	OFF
2026-08-04T19:00:02	NR_SA,Unknown	NR_SA	false	0	2147483647	OFF
2026-08-04T19:00:33	NR_SA,Unknown	NR_SA	false	0	2147483647	OFF
2026-08-04T19:01:03	NR_SA,Unknown	NR_SA	false	0	2147483647	OFF
2026-08-04T19:01:33	NR_SA,Unknown	NR_SA	false	0	2147483647	OFF
2026-08-04T19:02:04	NR_SA,Unknown	NR_SA	false	0	2147483647	OFF
2026-08-04T19:02:34	NR_SA,Unknown	NR_SA	false	0	2147483647	OFF
2026-08-04T19:03:04	NR_SA,Unknown	NR_SA	false	0	2147483647	OFF
2026-08-04T19:03:35	NR_SA,Unknown	NR_SA	false	0	2147483647	OFF
2026-08-04T19:04:05	NR_SA,Unknown	NR_SA	false	0	2147483647	OFF
2026-08-04T19:04:35	NR_SA,Unknown	NR_SA	false	0	2147483647	OFF
2026-08-04T19:05:06	NR_SA,Unknown	NR_SA	false	0	2147483647	OFF
2026-08-04T19:05:36	NR_SA,Unknown	NR_SA	false	0	2147483647	OFF
2026-08-04T19:06:06	NR_SA,Unknown	NR_SA	false	0	2147483647	OFF
2026-08-04T19:06:37	NR_SA,Unknown	NR_SA	false	0	2147483647	OFF
2026-08-04T19:07:07	NR_SA,Unknown	NR_SA	false	0	2147483647	OFF
2026-08-04T19:07:37	NR_SA,Unknown	NR_SA	false	0	2147483647	OFF
2026-08-04T19:08:08	NR_SA,Unknown	NR_SA	false	0	2147483647	OFF
2026-08-04T19:08:38	NR_SA,Unknown	NR_SA	false	0	2147483647	OFF
2026-08-04T19:09:08	NR_SA,Unknown	NR_SA	false	0	2147483647	OFF
2026-08-04T19:09:39	NR_SA,Unknown	NR_SA	false	0	2147483647	OFF
2026-08-04T19:10:09	NR_SA,Unknown	NR_SA	false	0	2147483647	OFF
2026-08-04T19:10:39	NR_SA,Unknown	NR_SA	false	0	2147483647	OFF
2026-08-04T19:11:09	NR_SA,Unknown	NR_SA	false	0	2147483647	OFF
2026-08-04T19:11:40	NR_SA,Unknown	NR_SA	false	0	2147483647	OFF
2026-08-04T19:12:10	NR_SA,Unknown	NR_SA	false	0	2147483647	OFF
2026-08-04T19:12:40	NR_SA,Unknown	NR_SA	false	0	2147483647	OFF
2026-08-04T19:13:11	NR_SA,Unknown	NR_SA	false	0	2147483647	OFF
2026-08-04T19:13:41	NR_SA,Unknown	NR_SA	false	0	2147483647	OFF
2026-08-04T19:14:12	NR_SA,Unknown	NR_SA	false	0	2147483647	OFF
2026-08-04T19:14:42	NR_SA,Unknown	NR_SA	false	0	2147483647	OFF
2026-08-04T19:15:12	NR_SA,Unknown	NR_SA	false	0	2147483647	OFF
2026-08-04T19:15:43	NR_SA,Unknown	NR_SA	false	0	2147483647	OFF
2026-08-04T19:16:13	NR_SA,Unknown	NR_SA	false	0	2147483647	OFF
2026-08-04T19:16:43	NR_SA,Unknown	NR_SA	false	0	2147483647	OFF
2026-08-04T19:17:14	NR_SA,Unknown	NR_SA	false	0	2147483647	OFF
2026-08-04T19:17:44	NR_SA,Unknown	NR_SA	false	0	2147483647	OFF
2026-08-04T19:18:14	NR_SA,Unknown	NR_SA	false	0	2147483647	OFF
2026-08-04T19:18:44	NR_SA,Unknown	NR_SA	false	0	2147483647	OFF
2026-08-04T19:19:15	NR_SA,Unknown	NR_SA	false	0	2147483647	OFF
2026-08-04T19:19:45	NR_SA,Unknown	NR_SA	false	0	2147483647	OFF
2026-08-04T19:20:16	NR_SA,Unknown	NR_SA	false	0	2147483647	OFF
2026-08-04T19:20:46	NR_SA,Unknown	NR_SA	false	0	2147483647	OFF
2026-08-04T19:21:16	NR_SA,Unknown	NR_SA	false	0	2147483647	OFF
2026-08-04T19:21:47	NR_SA,Unknown	NR_SA	false	0	2147483647	OFF
2026-08-04T19:22:18	NR_SA,Unknown	NR_SA	false	0	2147483647	OFF
2026-08-04T19:22:49	NR_SA,Unknown	NR_SA	false	0	2147483647	OFF
2026-08-04T19:23:19	NR_SA,Unknown	NR_SA	false	0	2147483647	OFF
2026-08-04T19:23:49	NR_SA,Unknown	NR_SA	false	0	2147483647	OFF
2026-08-04T19:24:20	NR_SA,Unknown	NR_SA	false	0	2147483647	OFF
2026-08-04T19:24:50	NR_SA,Unknown	NR_SA	false	0	2147483647	OFF
2026-08-04T19:25:21	NR_SA,Unknown	NR_SA	false	0	2147483647	OFF
2026-08-04T19:25:51	NR_SA,Unknown	NR_SA	false	0	2147483647	OFF
2026-08-04T19:26:21	NR_SA,Unknown	NR_SA	false	0	2147483647	OFF
2026-08-04T19:26:52	NR_SA,Unknown	NR_SA	false	0	2147483647	OFF
2026-08-04T19:27:22	NR_SA,Unknown	NR_SA	false	0	2147483647	OFF
2026-08-04T19:27:52	NR_SA,Unknown	NR_SA	false	0	2147483647	OFF
2026-08-04T19:28:23	NR_SA,Unknown	NR_SA	false	0	2147483647	OFF
2026-08-04T19:28:53	NR_SA,Unknown	NR_SA	false	0	2147483647	OFF
2026-08-04T19:29:23	NR_SA,Unknown	NR_SA	false	0	2147483647	OFF
2026-08-04T19:29:54	NR_SA,Unknown	NR_SA	false	0	2147483647	OFF
2026-08-04T19:30:24	NR_SA,Unknown	NR_SA	false	0	2147483647	OFF
2026-08-04T19:30:54	NR_SA,Unknown	NR_SA	false	0	2147483647	OFF
2026-08-04T19:31:24	NR_SA,Unknown	NR_SA	false	0	2147483647	OFF
2026-08-04T19:31:55	NR_SA,Unknown	NR_SA	false	0	2147483647	OFF
2026-08-04T19:32:25	NR_SA,Unknown	NR_SA	false	0	2147483647	OFF
2026-08-04T19:32:55	NR_SA,Unknown	NR_SA	false	0	2147483647	OFF
2026-08-04T19:33:26	NR_SA,Unknown	NR_SA	false	0	2147483647	OFF
2026-08-04T19:33:56	NR_SA,Unknown	NR_SA	false	0	2147483647	OFF
2026-08-04T19:34:26	NR_SA,Unknown	NR_SA	false	0	2147483647	OFF
2026-08-04T19:34:56	NR_SA,Unknown	NR_SA	false	0	2147483647	OFF
2026-08-04T19:35:27	NR_SA,Unknown	NR_SA	false	0	2147483647	OFF
2026-08-04T19:35:57	NR_SA,Unknown	NR_SA	false	0	2147483647	OFF
2026-08-04T19:36:27	NR_SA,Unknown	NR_SA	false	0	2147483647	OFF
2026-08-04T19:36:58	NR_SA,Unknown	NR_SA	false	0	2147483647	OFF
2026-08-04T19:37:28	NR_SA,Unknown	NR_SA	false	0	2147483647	OFF
2026-08-04T19:37:58	NR_SA,Unknown	NR_SA	false	0	2147483647	OFF
2026-08-04T19:38:28	NR_SA,Unknown	NR_SA	false	0	2147483647	OFF
2026-08-04T19:38:59	NR_SA,Unknown	NR_SA	false	0	2147483647	OFF
2026-08-04T19:39:29	NR_SA,Unknown	NR_SA	false	0	2147483647	OFF
2026-08-04T19:39:59	NR_SA,Unknown	NR_SA	false	0	2147483647	OFF
2026-08-04T19:40:30	NR_SA,Unknown	NR_SA	false	0	2147483647	OFF
2026-08-04T19:41:00	NR_SA,Unknown	NR_SA	false	0	2147483647	OFF
2026-08-04T19:41:30	NR_SA,Unknown	NR_SA	false	0	2147483647	OFF
2026-08-04T19:42:00	NR_SA,Unknown	NR_SA	false	0	2147483647	OFF
2026-08-04T19:42:31	NR_SA,Unknown	NR_SA	false	0	2147483647	OFF
2026-08-04T19:43:01	NR_SA,Unknown	NR_SA	false	0	2147483647	OFF
2026-08-04T19:43:31	NR_SA,Unknown	NR_SA	false	0	2147483647	OFF
2026-08-04T19:44:02	NR_SA,Unknown	NR_SA	false	0	2147483647	OFF
2026-08-04T19:44:32	NR_SA,Unknown	NR_SA	false	0	2147483647	OFF
2026-08-04T19:45:02	NR_SA,Unknown	NR_SA	false	0	2147483647	OFF
2026-08-04T19:45:32	NR_SA,Unknown	NR_SA	false	0	2147483647	OFF
2026-08-04T19:46:03	NR_SA,Unknown	NR_SA	false	0	2147483647	OFF
2026-08-04T19:46:33	NR_SA,Unknown	NR_SA	false	0	2147483647	OFF
2026-08-04T19:47:03	NR_SA,Unknown	NR_SA	false	0	2147483647	OFF
2026-08-04T19:47:34	NR_SA,Unknown	NR_SA	false	0	2147483647	OFF
2026-08-04T19:48:04	NR_SA,Unknown	NR_SA	false	0	2147483647	OFF
2026-08-04T19:48:34	NR_SA,Unknown	NR_SA	false	0	2147483647	OFF
2026-08-04T20:17:20	NR_SA,Unknown	NR_SA	false	0	2147483647	OFF
2026-08-04T20:17:51	NR_SA,Unknown	NR_SA	false	0	2147483647	OFF
2026-08-04T20:18:21	NR_SA,Unknown	NR_SA	false	0	2147483647	OFF
2026-08-04T20:18:52	NR_SA,Unknown	NR_SA	false	0	2147483647	OFF
2026-08-04T20:19:22	NR_SA,Unknown	NR_SA	false	0	2147483647	OFF
2026-08-04T20:19:52	NR_SA,Unknown	NR_SA	false	0	2147483647	OFF
2026-08-04T20:20:23	NR_SA,Unknown	NR_SA	false	0	2147483647	OFF
2026-08-04T20:20:53	NR_SA,Unknown	NR_SA	false	0	2147483647	OFF
2026-08-04T20:21:23	NR_SA,Unknown	NR_SA	false	0	2147483647	OFF
2026-08-04T20:21:53	NR_SA,Unknown	NR_SA	false	0	2147483647	OFF
2026-08-04T20:22:24	NR_SA,Unknown	NR_SA	false	0	2147483647	OFF
2026-08-04T20:22:54	NR_SA,Unknown	NR_SA	false	0	2147483647	OFF
2026-08-04T20:23:25	NR_SA,Unknown	NR_SA	false	0	2147483647	OFF
2026-08-04T20:23:55	NR_SA,Unknown	NR_SA	false	0	2147483647	OFF
2026-08-04T20:24:25	NR_SA,Unknown	NR_SA	false	0	2147483647	OFF
2026-08-04T20:24:56	NR_SA,Unknown	NR_SA	false	0	2147483647	OFF
2026-08-04T20:25:26	NR_SA,Unknown	NR_SA	false	0	2147483647	OFF
2026-08-04T20:25:56	NR_SA,Unknown	NR_SA	false	0	2147483647	OFF
2026-08-04T20:26:27	NR_SA,Unknown	NR_SA	false	0	2147483647	OFF
2026-08-04T20:26:57	NR_SA,Unknown	NR_SA	false	0	2147483647	OFF
2026-08-04T20:27:27	NR_SA,Unknown	NR_SA	false	0	2147483647	OFF
2026-08-04T20:27:58	NR_SA,Unknown	NR_SA	false	0	2147483647	OFF
2026-08-04T20:28:28	NR_SA,Unknown	NR_SA	false	0	2147483647	OFF
2026-08-04T20:28:58	NR_SA,Unknown	NR_SA	false	0	2147483647	OFF
2026-08-04T20:29:29	NR_SA,Unknown	NR_SA	false	0	2147483647	OFF
2026-08-04T20:29:59	NR_SA,Unknown	NR_SA	false	0	2147483647	OFF
2026-08-04T20:30:29	NR_SA,Unknown	NR_SA	false	0	2147483647	OFF
2026-08-04T20:31:00	NR_SA,Unknown	NR_SA	false	0	2147483647	OFF
2026-08-04T20:31:30	NR_SA,Unknown	NR_SA	false	0	2147483647	OFF
2026-08-04T20:32:00	NR_SA,Unknown	NR_SA	false	0	2147483647	OFF
2026-08-04T20:32:31	NR_SA,Unknown	NR_SA	false	0	2147483647	OFF
2026-08-04T20:33:01	NR_SA,Unknown	NR_SA	false	0	2147483647	OFF
2026-08-04T20:33:31	NR_SA,Unknown	NR_SA	false	0	2147483647	OFF
2026-08-04T20:34:02	NR_SA,Unknown	NR_SA	false	0	2147483647	OFF
2026-08-04T20:34:32	NR_SA,Unknown	NR_SA	false	0	2147483647	OFF
2026-08-04T20:35:02	NR_SA,Unknown	NR_SA	false	0	2147483647	OFF
2026-08-04T20:35:32	NR_SA,Unknown	NR_SA	false	0	2147483647	OFF
2026-08-04T20:36:03	NR_SA,Unknown	NR_SA	false	0	2147483647	OFF
2026-08-04T20:36:33	NR_SA,Unknown	NR_SA	false	0	2147483647	OFF
2026-08-04T20:37:04	NR_SA,Unknown	NR_SA	false	0	2147483647	OFF
2026-08-04T20:37:34	NR_SA,Unknown	NR_SA	false	0	2147483647	OFF
2026-08-04T20:38:04	NR_SA,Unknown	NR_SA	false	0	2147483647	OFF
2026-08-04T20:38:35	NR_SA,Unknown	NR_SA	false	0	2147483647	OFF
2026-08-04T20:39:05	NR_SA,Unknown	NR_SA	false	0	2147483647	OFF
2026-08-04T20:39:35	NR_SA,Unknown	NR_SA	false	0	2147483647	OFF
2026-08-04T20:40:06	NR_SA,Unknown	NR_SA	false	0	2147483647	OFF
2026-08-04T20:40:36	NR_SA,Unknown	NR_SA	false	0	2147483647	OFF
2026-08-04T20:41:06	NR_SA,Unknown	NR_SA	false	0	2147483647	OFF
2026-08-04T20:41:37	NR_SA,Unknown	NR_SA	false	0	2147483647	OFF
2026-08-04T20:42:07	NR_SA,Unknown	NR_SA	false	0	2147483647	OFF
2026-08-04T20:42:37	NR_SA,Unknown	NR_SA	false	0	2147483647	OFF
2026-08-04T20:43:07	NR_SA,Unknown	NR_SA	false	0	2147483647	OFF
2026-08-04T20:43:38	NR_SA,Unknown	NR_SA	false	0	2147483647	OFF
2026-08-04T20:44:08	NR_SA,Unknown	NR_SA	false	0	2147483647	OFF
2026-08-04T20:44:38	NR_SA,Unknown	NR_SA	false	0	2147483647	OFF
2026-08-04T20:45:09	NR_SA,Unknown	NR_SA	false	0	2147483647	OFF
2026-08-04T20:45:39	NR_SA,Unknown	NR_SA	false	0	2147483647	OFF
2026-08-04T20:46:09	NR_SA,Unknown	NR_SA	false	0	2147483647	OFF
2026-08-04T20:46:39	NR_SA,Unknown	NR_SA	false	0	2147483647	OFF
2026-08-04T20:47:10	NR_SA,Unknown	NR_SA	false	0	2147483647	OFF
2026-08-04T20:47:40	NR_SA,Unknown	NR_SA	false	0	2147483647	OFF
2026-08-04T20:48:10	NR_SA,Unknown	NR_SA	false	0	2147483647	OFF
2026-08-04T20:48:40	NR_SA,Unknown	NR_SA	false	0	2147483647	OFF
2026-08-04T20:49:11	NR_SA,Unknown	NR_SA	false	0	2147483647	OFF
2026-08-04T20:49:41	NR_SA,Unknown	NR_SA	false	0	2147483647	OFF
2026-08-04T20:50:11	NR_SA,Unknown	NR_SA	false	0	2147483647	OFF
2026-08-04T20:50:42	NR_SA,Unknown	NR_SA	false	0	2147483647	OFF
2026-08-04T20:51:12	NR_SA,Unknown	NR_SA	false	0	2147483647	OFF
2026-08-04T20:51:42	NR_SA,Unknown	NR_SA	false	0	2147483647	OFF
2026-08-04T20:52:13	NR_SA,Unknown	NR_SA	false	0	2147483647	OFF
2026-08-04T20:52:43	NR_SA,Unknown	NR_SA	false	0	2147483647	OFF
2026-08-04T20:53:13	NR_SA,Unknown	NR_SA	false	0	2147483647	OFF
2026-08-04T20:53:44	NR_SA,Unknown	NR_SA	false	0	2147483647	OFF
2026-08-04T21:54:07		?	false	0	?	OFF
2026-08-04T21:54:38		?	false	0	?	OFF
2026-08-04T21:55:08		?	false	0	?	OFF
2026-08-04T21:55:38	NR_SA,Unknown	NR_SA	false	0	2147483647	ON
2026-08-04T21:56:08	NR_SA,Unknown	NR_SA	false	0	2147483647	ON
2026-08-04T21:56:39	NR_SA,Unknown	NR_SA	false	0	2147483647	ON
2026-08-04T21:57:10	NR_SA,Unknown	NR_SA	false	0	2147483647	ON
2026-08-04T21:57:40	NR_SA,Unknown	NR_SA	false	0	2147483647	ON
2026-08-04T21:58:11	NR_SA,Unknown	NR_SA	false	0	2147483647	ON
2026-08-04T21:58:41	NR_SA,Unknown	NR_SA	false	0	2147483647	ON
2026-08-04T21:59:12	NR_SA,Unknown	NR_SA	false	0	2147483647	ON
2026-08-04T21:59:42	NR_SA,Unknown	NR_SA	false	0	2147483647	ON
2026-08-04T22:00:13	NR_SA,Unknown	NR_SA	false	0	2147483647	ON
2026-08-04T22:00:44	NR_SA,Unknown	NR_SA	false	0	2147483647	ON
2026-08-04T22:01:15	NR_SA,Unknown	NR_SA	false	0	2147483647	ON
2026-08-04T22:01:47	NR_SA,Unknown	NR_SA	false	0	2147483647	ON
2026-08-04T22:02:18	NR_SA,Unknown	NR_SA	false	0	2147483647	ON
2026-08-04T22:02:49	NR_SA,Unknown	NR_SA	false	0	2147483647	ON
2026-08-04T22:03:19	NR_SA,Unknown	NR_SA	false	0	2147483647	ON
2026-08-04T22:03:50	NR_SA,Unknown	NR_SA	false	0	2147483647	ON
2026-08-04T22:04:21	NR_SA,Unknown	NR_SA	false	0	2147483647	ON
2026-08-04T22:04:51	NR_SA,Unknown	NR_SA	false	0	2147483647	ON
2026-08-04T22:05:22	NR_SA,Unknown	NR_SA	false	0	2147483647	OFF
2026-08-04T22:05:52	NR_SA,Unknown	NR_SA	false	0	2147483647	OFF
2026-08-04T22:06:23	NR_SA,Unknown	NR_SA	false	0	2147483647	OFF
2026-08-04T22:06:54	NR_SA,Unknown	NR_SA	false	0	2147483647	OFF
2026-08-04T22:07:25	NR_SA,Unknown	NR_SA	false	0	2147483647	OFF
2026-08-04T22:07:56	NR_SA,Unknown	NR_SA	false	0	2147483647	OFF
2026-08-04T22:08:26	NR_SA,Unknown	NR_SA	false	0	2147483647	OFF
2026-08-04T22:08:57	NR_SA,Unknown	NR_SA	false	0	2147483647	OFF
2026-08-04T22:09:27	NR_SA,Unknown	NR_SA	false	0	2147483647	OFF
2026-08-04T22:09:58	NR_SA,Unknown	NR_SA	false	0	2147483647	OFF
2026-08-04T22:10:28	NR_SA,Unknown	NR_SA	false	0	2147483647	OFF
2026-08-04T22:10:59	NR_SA,Unknown	NR_SA	false	0	2147483647	OFF
2026-08-04T22:11:29	NR_SA,Unknown	NR_SA	false	0	2147483647	OFF
2026-08-04T22:11:59	NR_SA,Unknown	NR_SA	false	0	2147483647	OFF
2026-08-04T22:12:30	NR_SA,Unknown	NR_SA	false	0	2147483647	OFF
2026-08-04T22:13:00	NR_SA,Unknown	NR_SA	false	0	2147483647	OFF
2026-08-04T22:13:31	NR_SA,Unknown	NR_SA	false	0	2147483647	OFF
2026-08-04T22:14:01	NR_SA,Unknown	NR_SA	false	0	2147483647	OFF
2026-08-04T22:14:32	NR_SA,Unknown	NR_SA	false	0	2147483647	OFF
2026-08-04T22:15:02	NR_SA,Unknown	NR_SA	false	0	2147483647	OFF
2026-08-04T22:15:32	NR_SA,Unknown	NR_SA	false	0	2147483647	OFF
2026-08-04T22:16:03	NR_SA,Unknown	NR_SA	false	0	2147483647	OFF
2026-08-04T22:16:33	NR_SA,Unknown	NR_SA	false	0	2147483647	OFF
2026-08-04T22:17:04	NR_SA,Unknown	NR_SA	false	0	2147483647	OFF
2026-08-04T22:17:34	NR_SA,Unknown	NR_SA	false	0	2147483647	OFF
2026-08-04T22:18:05	NR_SA,Unknown	NR_SA	false	0	2147483647	OFF
2026-08-04T22:18:36	NR_SA,Unknown	NR_SA	false	0	2147483647	OFF
2026-08-04T22:19:07	NR_SA,Unknown	NR_SA	false	0	2147483647	OFF
2026-08-04T22:19:37	NR_SA,Unknown	NR_SA	false	0	2147483647	OFF
2026-08-04T22:20:08	NR_SA,Unknown	NR_SA	false	0	2147483647	OFF
2026-08-04T22:20:38	NR_SA,Unknown	NR_SA	false	0	2147483647	OFF
2026-08-04T22:21:09	NR_SA,Unknown	NR_SA	false	0	2147483647	OFF
2026-08-04T22:21:39	NR_SA,Unknown	NR_SA	false	0	2147483647	OFF
2026-08-04T22:22:10	NR_SA,Unknown	NR_SA	false	0	2147483647	OFF
2026-08-04T22:22:41	NR_SA,Unknown	NR_SA	false	0	2147483647	OFF
2026-08-04T22:23:11	NR_SA,Unknown	NR_SA	false	0	2147483647	OFF
2026-08-04T22:23:42	NR_SA,Unknown	NR_SA	false	0	2147483647	OFF
2026-08-04T22:24:13	NR_SA,Unknown	NR_SA	false	0	2147483647	OFF
2026-08-04T22:24:44	NR_SA,Unknown	NR_SA	false	0	2147483647	OFF
2026-08-04T22:25:14	NR_SA,Unknown	NR_SA	false	0	2147483647	OFF
2026-08-04T22:25:45	NR_SA,Unknown	NR_SA	false	0	2147483647	OFF
2026-08-04T22:26:15	NR_SA,Unknown	NR_SA	false	0	2147483647	OFF
2026-08-04T22:26:45	NR_SA,Unknown	NR_SA	false	0	2147483647	OFF
2026-08-04T22:27:16	NR_SA,Unknown	NR_SA	false	0	2147483647	OFF
2026-08-04T22:27:47	NR_SA,Unknown	NR_SA	false	0	2147483647	OFF
2026-08-04T22:28:18	NR_SA,Unknown	NR_SA	false	0	2147483647	OFF
2026-08-04T22:28:49	NR_SA,Unknown	NR_SA	false	0	2147483647	OFF
2026-08-04T22:29:20	NR_SA,Unknown	NR_SA	false	0	2147483647	OFF
2026-08-04T22:29:50	NR_SA,Unknown	NR_SA	false	0	2147483647	ON
2026-08-04T22:30:21	NR_SA,Unknown	NR_SA	false	0	2147483647	ON
2026-08-04T22:30:51	NR_SA,Unknown	NR_SA	false	0	2147483647	ON
2026-08-04T22:31:22	NR_SA,Unknown	NR_SA	false	0	2147483647	ON
2026-08-04T22:31:53	NR_SA,Unknown	NR_SA	false	0	2147483647	ON
2026-08-04T22:32:24	NR_SA,Unknown	NR_SA	false	0	2147483647	ON
2026-08-04T22:32:55	NR_SA,Unknown	NR_SA	false	0	2147483647	ON
2026-08-04T22:33:27	NR_SA,Unknown	NR_SA	false	0	2147483647	ON
2026-08-04T22:34:00	NR_SA,Unknown	NR_SA	false	0	2147483647	ON
2026-08-04T22:34:32	NR_SA,Unknown	NR_SA	false	0	2147483647	ON
2026-08-04T22:35:09	NR_SA,Unknown	NR_SA	false	0	2147483647	ON
2026-08-04T22:35:40	NR_SA,Unknown	NR_SA	false	0	2147483647	ON
2026-08-04T22:36:11	NR_SA,Unknown	NR_SA	false	0	2147483647	ON
2026-08-04T22:36:42	NR_SA,Unknown	NR_SA	false	0	2147483647	ON
2026-08-04T22:37:13	NR_SA,Unknown	NR_SA	false	0	2147483647	ON
2026-08-04T22:37:44	NR_SA,Unknown	NR_SA	false	0	2147483647	ON
2026-08-04T22:38:15	NR_SA,Unknown	NR_SA	false	0	2147483647	ON
2026-08-04T22:38:46	NR_SA,Unknown	NR_SA	false	0	2147483647	ON
2026-08-04T22:39:18	NR_SA,Unknown	NR_SA	false	0	2147483647	ON
2026-08-04T22:39:48	NR_SA,Unknown	NR_SA	false	0	2147483647	OFF
2026-08-04T22:40:18	NR_SA,Unknown	NR_SA	false	0	2147483647	OFF
2026-08-04T22:40:51	NR_SA,Unknown	NR_SA	false	0	2147483647	OFF
2026-08-04T22:41:25	NR_SA,Unknown	NR_SA	false	0	2147483647	OFF
2026-08-04T22:41:56	NR_SA,Unknown	NR_SA	false	0	2147483647	OFF
2026-08-04T22:42:27	NR_SA,Unknown	NR_SA	false	0	2147483647	OFF
2026-08-04T22:42:57	NR_SA,Unknown	NR_SA	false	0	2147483647	OFF
2026-08-04T22:43:28	NR_SA,Unknown	NR_SA	false	0	2147483647	OFF
2026-08-04T22:43:59	NR_SA,Unknown	NR_SA	false	0	2147483647	OFF
2026-08-04T22:44:30	NR_SA,Unknown	NR_SA	false	0	2147483647	OFF
2026-08-04T22:45:00	NR_SA,Unknown	NR_SA	false	0	2147483647	OFF
2026-08-04T22:45:31	NR_SA,Unknown	NR_SA	false	0	2147483647	OFF
2026-08-04T22:46:01	NR_SA,Unknown	NR_SA	false	0	2147483647	OFF
2026-08-04T22:46:32	NR_SA,Unknown	NR_SA	false	0	2147483647	OFF
2026-08-04T22:47:03	NR_SA,Unknown	NR_SA	false	0	2147483647	OFF
2026-08-04T22:47:33	NR_SA,Unknown	NR_SA	false	0	2147483647	OFF
2026-08-04T22:48:04	NR_SA,Unknown	NR_SA	false	0	2147483647	OFF
2026-08-04T22:48:35	NR_SA,Unknown	NR_SA	false	0	2147483647	OFF
2026-08-04T22:49:05	NR_SA,Unknown	NR_SA	false	0	2147483647	OFF
2026-08-04T22:49:36	NR_SA,Unknown	NR_SA	false	0	2147483647	OFF
2026-08-04T22:50:06	NR_SA,Unknown	NR_SA	false	0	2147483647	OFF
2026-08-04T22:50:37	NR_SA,Unknown	NR_SA	false	0	2147483647	OFF
2026-08-04T22:51:07	NR_SA,Unknown	NR_SA	false	0	2147483647	OFF
2026-08-04T22:51:38	NR_SA,Unknown	NR_SA	false	0	2147483647	OFF
2026-08-04T22:52:09	NR_SA,Unknown	NR_SA	false	0	2147483647	OFF
2026-08-04T22:52:40	NR_SA,Unknown	NR_SA	false	0	2147483647	OFF
2026-08-04T22:53:11	NR_SA,Unknown	NR_SA	false	0	2147483647	OFF
2026-08-04T22:53:41	NR_SA,Unknown	NR_SA	false	0	2147483647	OFF
2026-08-04T22:54:12	NR_SA,Unknown	NR_SA	false	0	2147483647	OFF
2026-08-04T22:54:42	NR_SA,Unknown	NR_SA	false	0	2147483647	OFF
2026-08-04T22:55:13	NR_SA,Unknown	NR_SA	false	0	2147483647	ON
2026-08-04T22:55:44	NR_SA,Unknown	NR_SA	false	0	2147483647	OFF
2026-08-04T22:56:14	NR_SA,Unknown	NR_SA	false	0	2147483647	OFF
2026-08-04T22:56:45	NR_SA,Unknown	NR_SA	false	0	2147483647	ON
2026-08-04T22:57:15	NR_SA,Unknown	NR_SA	false	0	2147483647	ON
2026-08-04T22:57:46	NR_SA,Unknown	NR_SA	false	0	2147483647	ON
2026-08-04T22:58:17	NR_SA,Unknown	NR_SA	false	0	2147483647	ON
2026-08-04T22:58:48	NR_SA,Unknown	NR_SA	false	0	2147483647	ON
2026-08-04T22:59:18	NR_SA,Unknown	NR_SA	false	0	2147483647	ON
2026-08-04T22:59:48	NR_SA,Unknown	NR_SA	false	0	2147483647	ON
2026-08-04T23:00:18	NR_SA,Unknown	NR_SA	false	0	2147483647	ON
2026-08-04T23:00:49	NR_SA,Unknown	NR_SA	false	0	2147483647	ON
2026-08-04T23:01:19	NR_SA,Unknown	NR_SA	false	0	2147483647	ON
2026-08-04T23:01:49	NR_SA,Unknown	NR_SA	false	0	2147483647	ON
2026-08-04T23:02:20	NR_SA,Unknown	NR_SA	false	0	2147483647	ON
2026-08-04T23:02:50	NR_SA,Unknown	NR_SA	false	0	2147483647	ON
2026-08-04T23:03:20	NR_SA,Unknown	NR_SA	false	0	2147483647	ON
2026-08-04T23:03:51	NR_SA,Unknown	NR_SA	false	0	2147483647	ON
2026-08-04T23:04:21	NR_SA,Unknown	NR_SA	false	0	2147483647	ON
2026-08-04T23:04:51	NR_SA,Unknown	NR_SA	false	0	2147483647	ON
2026-08-04T23:05:22	NR_SA,Unknown	NR_SA	false	0	2147483647	ON
2026-08-04T23:05:52	NR_SA,Unknown	NR_SA	false	0	2147483647	ON
2026-08-04T23:06:22	NR_SA,Unknown	NR_SA	false	0	2147483647	OFF
2026-08-04T23:06:52	NR_SA,Unknown	NR_SA	false	0	2147483647	OFF
2026-08-04T23:07:23	NR_SA,Unknown	NR_SA	false	0	2147483647	OFF
2026-08-04T23:07:53	NR_SA,Unknown	NR_SA	false	0	2147483647	OFF
2026-08-04T23:08:23	NR_SA,Unknown	NR_SA	false	0	2147483647	OFF
2026-08-04T23:08:54	NR_SA,Unknown	NR_SA	false	0	2147483647	OFF
2026-08-04T23:09:24	NR_SA,Unknown	NR_SA	false	0	2147483647	OFF
2026-08-04T23:09:54	NR_SA,Unknown	NR_SA	false	0	2147483647	OFF
2026-08-04T23:10:25	NR_SA,Unknown	NR_SA	false	0	2147483647	OFF
2026-08-04T23:10:55	NR_SA,Unknown	NR_SA	false	0	2147483647	OFF
2026-08-04T23:11:25	NR_SA,Unknown	NR_SA	false	0	2147483647	OFF
2026-08-04T23:11:55	NR_SA,Unknown	NR_SA	false	0	2147483647	OFF
2026-08-04T23:12:26	NR_SA,Unknown	NR_SA	false	0	2147483647	OFF
2026-08-04T23:12:56	NR_SA,Unknown	NR_SA	false	0	2147483647	OFF
2026-08-04T23:13:26	NR_SA,Unknown	NR_SA	false	0	2147483647	OFF
2026-08-04T23:13:57	NR_SA,Unknown	NR_SA	false	0	2147483647	OFF
2026-08-04T23:14:27	NR_SA,Unknown	NR_SA	false	0	2147483647	OFF
2026-08-04T23:14:57	NR_SA,Unknown	NR_SA	false	0	2147483647	OFF
2026-08-04T23:15:28	NR_SA,Unknown	NR_SA	false	0	2147483647	OFF
2026-08-04T23:15:58	NR_SA,Unknown	NR_SA	false	0	2147483647	OFF
2026-08-04T23:16:28	NR_SA,Unknown	NR_SA	false	0	2147483647	OFF
2026-08-04T23:16:59	NR_SA,Unknown	NR_SA	false	0	2147483647	OFF
2026-08-04T23:17:29	NR_SA,Unknown	NR_SA	false	0	2147483647	OFF
2026-08-04T23:17:59	NR_SA,Unknown	NR_SA	false	0	2147483647	OFF
2026-08-04T23:18:30	NR_SA,Unknown	NR_SA	false	0	2147483647	OFF
2026-08-04T23:19:00	NR_SA,Unknown	NR_SA	false	0	2147483647	OFF
2026-08-04T23:19:30	NR_SA,Unknown	NR_SA	false	0	2147483647	OFF
2026-08-04T23:20:01	NR_SA,Unknown	NR_SA	false	0	2147483647	OFF
2026-08-04T23:20:31	NR_SA,Unknown	NR_SA	false	0	2147483647	OFF
2026-08-04T23:21:01	NR_SA,Unknown	NR_SA	false	0	2147483647	OFF
2026-08-04T23:21:31	NR_SA,Unknown	NR_SA	false	0	2147483647	OFF
2026-08-04T23:22:02	NR_SA,Unknown	NR_SA	false	0	2147483647	OFF
2026-08-04T23:22:32	NR_SA,Unknown	NR_SA	false	0	2147483647	OFF
2026-08-04T23:23:02	NR_SA,Unknown	NR_SA	false	0	2147483647	OFF
2026-08-04T23:23:33	NR_SA,Unknown	NR_SA	false	0	2147483647	OFF
2026-08-04T23:24:03	NR_SA,Unknown	NR_SA	false	0	2147483647	OFF
2026-08-04T23:24:33	NR_SA,Unknown	NR_SA	false	0	2147483647	OFF
2026-08-04T23:25:03	NR_SA,Unknown	NR_SA	false	0	2147483647	OFF
2026-08-04T23:25:34	NR_SA,Unknown	NR_SA	false	0	2147483647	OFF
2026-08-04T23:26:04	NR_SA,Unknown	NR_SA	false	0	2147483647	OFF
2026-08-04T23:26:34	NR_SA,Unknown	NR_SA	false	0	2147483647	OFF
2026-08-04T23:27:05	NR_SA,Unknown	NR_SA	false	0	2147483647	OFF
2026-08-04T23:27:35	NR_SA,Unknown	NR_SA	false	0	2147483647	OFF
2026-08-04T23:28:05	NR_SA,Unknown	NR_SA	false	0	2147483647	OFF
2026-08-04T23:28:35	NR_SA,Unknown	NR_SA	false	0	2147483647	OFF
2026-08-04T23:29:06	NR_SA,Unknown	NR_SA	false	0	2147483647	OFF
2026-08-04T23:29:36	NR_SA,Unknown	NR_SA	false	0	2147483647	OFF
2026-08-04T23:30:06	NR_SA,Unknown	NR_SA	false	0	2147483647	OFF
2026-08-04T23:30:37	NR_SA,Unknown	NR_SA	false	0	2147483647	OFF
2026-08-04T23:31:07	NR_SA,Unknown	NR_SA	false	0	2147483647	OFF
2026-08-04T23:31:37	NR_SA,Unknown	NR_SA	false	0	2147483647	OFF
2026-08-04T23:32:07	NR_SA,Unknown	NR_SA	false	0	2147483647	OFF
2026-08-04T23:32:38	NR_SA,Unknown	NR_SA	false	0	2147483647	OFF
2026-08-04T23:33:08	NR_SA,Unknown	NR_SA	false	0	2147483647	OFF
2026-08-04T23:33:38	NR_SA,Unknown	NR_SA	false	0	2147483647	OFF
2026-08-04T23:34:09	NR_SA,Unknown	NR_SA	false	0	2147483647	OFF
2026-08-04T23:34:39	NR_SA,Unknown	NR_SA	false	0	2147483647	OFF
2026-08-04T23:35:09	NR_SA,Unknown	NR_SA	false	0	2147483647	OFF
2026-08-04T23:35:39	NR_SA,Unknown	NR_SA	false	0	2147483647	OFF
2026-08-04T23:36:10	NR_SA,Unknown	NR_SA	false	0	2147483647	OFF
2026-08-04T23:36:40	NR_SA,Unknown	NR_SA	false	0	2147483647	OFF
2026-08-04T23:37:10	NR_SA,Unknown	NR_SA	false	0	2147483647	OFF
2026-08-04T23:37:41	NR_SA,Unknown	NR_SA	false	0	2147483647	OFF
2026-08-04T23:38:11	NR_SA,Unknown	NR_SA	false	0	2147483647	OFF
2026-08-04T23:38:41	NR_SA,Unknown	NR_SA	false	0	2147483647	OFF
2026-08-04T23:39:11	NR_SA,Unknown	NR_SA	false	0	2147483647	OFF
2026-08-04T23:39:42	NR_SA,Unknown	NR_SA	false	0	2147483647	OFF
2026-08-04T23:40:12	NR_SA,Unknown	NR_SA	false	0	2147483647	OFF
2026-08-04T23:40:42	NR_SA,Unknown	NR_SA	false	0	2147483647	OFF
2026-08-04T23:41:13	NR_SA,Unknown	NR_SA	false	0	2147483647	OFF
2026-08-04T23:41:43	NR_SA,Unknown	NR_SA	false	0	2147483647	OFF
2026-08-04T23:42:13	NR_SA,Unknown	NR_SA	false	0	2147483647	OFF
2026-08-04T23:42:43	NR_SA,Unknown	NR_SA	false	0	2147483647	OFF
2026-08-04T23:43:14	NR_SA,Unknown	NR_SA	false	0	2147483647	OFF
2026-08-04T23:43:44	NR_SA,Unknown	NR_SA	false	0	2147483647	OFF
2026-08-04T23:44:14	NR_SA,Unknown	NR_SA	false	0	2147483647	OFF
2026-08-04T23:44:45	NR_SA,Unknown	NR_SA	false	0	2147483647	OFF
2026-08-04T23:45:15	NR_SA,Unknown	NR_SA	false	0	2147483647	OFF
2026-08-04T23:45:45	NR_SA,Unknown	NR_SA	false	0	2147483647	OFF
2026-08-04T23:46:15	NR_SA,Unknown	NR_SA	false	0	2147483647	OFF
2026-08-04T23:46:46	NR_SA,Unknown	NR_SA	false	0	2147483647	OFF
2026-08-04T23:47:16	NR_SA,Unknown	NR_SA	false	0	2147483647	OFF
2026-08-04T23:47:46	NR_SA,Unknown	NR_SA	false	0	2147483647	OFF
2026-08-04T23:48:17	NR_SA,Unknown	NR_SA	false	0	2147483647	OFF
2026-08-04T23:48:47	NR_SA,Unknown	NR_SA	false	0	2147483647	OFF
2026-08-04T23:49:17	NR_SA,Unknown	NR_SA	false	0	2147483647	OFF
2026-08-04T23:49:47	NR_SA,Unknown	NR_SA	false	0	2147483647	OFF
2026-08-04T23:50:18	NR_SA,Unknown	NR_SA	false	0	2147483647	OFF
2026-08-04T23:50:48	NR_SA,Unknown	NR_SA	false	0	2147483647	OFF
2026-08-04T23:51:18	NR_SA,Unknown	NR_SA	false	0	2147483647	OFF
2026-08-04T23:51:49	NR_SA,Unknown	NR_SA	false	0	2147483647	OFF
2026-08-04T23:52:19	NR_SA,Unknown	NR_SA	false	0	2147483647	OFF
2026-08-04T23:52:49	NR_SA,Unknown	NR_SA	false	0	2147483647	OFF
2026-08-04T23:53:19	NR_SA,Unknown	NR_SA	false	0	2147483647	OFF
2026-08-04T23:53:50	NR_SA,Unknown	NR_SA	false	0	2147483647	OFF
2026-08-04T23:54:20	NR_SA,Unknown	NR_SA	false	0	2147483647	OFF
2026-08-04T23:54:50	NR_SA,Unknown	NR_SA	false	0	2147483647	OFF
2026-08-04T23:55:21	NR_SA,Unknown	NR_SA	false	0	2147483647	OFF
2026-08-04T23:55:51	NR_SA,Unknown	NR_SA	false	0	2147483647	OFF
2026-08-04T23:56:21	NR_SA,Unknown	NR_SA	false	0	2147483647	OFF
2026-08-04T23:56:52	NR_SA,Unknown	NR_SA	false	0	2147483647	OFF
2026-08-04T23:57:22	NR_SA,Unknown	NR_SA	false	0	2147483647	OFF
2026-08-04T23:57:52	NR_SA,Unknown	NR_SA	false	0	2147483647	OFF
2026-08-04T23:58:22	NR_SA,Unknown	NR_SA	false	0	2147483647	OFF
2026-08-04T23:58:53	NR_SA,Unknown	NR_SA	false	0	2147483647	OFF
2026-08-04T23:59:23	NR_SA,Unknown	NR_SA	false	0	2147483647	OFF
2026-08-04T23:59:53	NR_SA,Unknown	NR_SA	false	0	2147483647	OFF
2026-08-05T00:00:24	NR_SA,Unknown	NR_SA	false	0	2147483647	OFF
2026-08-05T00:00:54	NR_SA,Unknown	NR_SA	false	0	2147483647	OFF
2026-08-05T00:01:24	NR_SA,Unknown	NR_SA	false	0	2147483647	OFF
2026-08-05T00:01:54	NR_SA,Unknown	NR_SA	false	0	2147483647	OFF
2026-08-05T00:02:25	NR_SA,Unknown	NR_SA	false	0	2147483647	OFF
2026-08-05T00:02:55	NR_SA,Unknown	NR_SA	false	0	2147483647	OFF
2026-08-05T00:03:25	NR_SA,Unknown	NR_SA	false	0	2147483647	OFF
2026-08-05T00:03:56	NR_SA,Unknown	NR_SA	false	0	2147483647	OFF
2026-08-05T00:04:26	NR_SA,Unknown	NR_SA	false	0	2147483647	OFF
2026-08-05T00:04:56	NR_SA,Unknown	NR_SA	false	0	2147483647	OFF
2026-08-05T00:05:27	NR_SA,Unknown	NR_SA	false	0	2147483647	OFF
2026-08-05T00:05:57	NR_SA,Unknown	NR_SA	false	0	2147483647	OFF
2026-08-05T00:06:27	NR_SA,Unknown	NR_SA	false	0	2147483647	OFF
2026-08-05T00:06:58	NR_SA,Unknown	NR_SA	false	0	2147483647	OFF
2026-08-05T00:07:28	NR_SA,Unknown	NR_SA	false	0	2147483647	OFF
2026-08-05T00:07:58	NR_SA,Unknown	NR_SA	false	0	2147483647	OFF
2026-08-05T00:08:29	NR_SA,Unknown	NR_SA	false	0	2147483647	OFF
2026-08-05T00:08:59	NR_SA,Unknown	NR_SA	false	0	2147483647	OFF
2026-08-05T00:09:29	NR_SA,Unknown	NR_SA	false	0	2147483647	OFF
2026-08-05T00:10:00	NR_SA,Unknown	NR_SA	false	0	2147483647	OFF
2026-08-05T00:10:30	NR_SA,Unknown	NR_SA	false	0	2147483647	OFF
2026-08-05T00:11:00	NR_SA,Unknown	NR_SA	false	0	2147483647	OFF
2026-08-05T00:11:31	NR_SA,Unknown	NR_SA	false	0	2147483647	OFF
2026-08-05T00:12:01	NR_SA,Unknown	NR_SA	false	0	2147483647	OFF
2026-08-05T00:12:31	NR_SA,Unknown	NR_SA	false	0	2147483647	OFF
2026-08-05T00:13:01	NR_SA,Unknown	NR_SA	false	0	2147483647	OFF
2026-08-05T00:13:32	NR_SA,Unknown	NR_SA	false	0	2147483647	OFF
2026-08-05T00:14:02	NR_SA,Unknown	NR_SA	false	0	2147483647	OFF
2026-08-05T00:14:32	NR_SA,Unknown	NR_SA	false	0	2147483647	OFF
2026-08-05T00:15:03	NR_SA,Unknown	NR_SA	false	0	2147483647	OFF
2026-08-05T00:15:33	NR_SA,Unknown	NR_SA	false	0	2147483647	OFF
2026-08-05T00:16:03	NR_SA,Unknown	NR_SA	false	0	2147483647	OFF
2026-08-05T00:16:34	NR_SA,Unknown	NR_SA	false	0	2147483647	OFF
2026-08-05T00:17:04	NR_SA,Unknown	NR_SA	false	0	2147483647	OFF
2026-08-05T00:17:34	NR_SA,Unknown	NR_SA	false	0	2147483647	OFF
2026-08-05T00:18:04	NR_SA,Unknown	NR_SA	false	0	2147483647	OFF
2026-08-05T00:18:35	NR_SA,Unknown	NR_SA	false	0	2147483647	OFF
2026-08-05T00:19:05	NR_SA,Unknown	NR_SA	false	0	2147483647	OFF
2026-08-05T00:19:35	NR_SA,Unknown	NR_SA	false	0	2147483647	OFF
2026-08-05T00:20:06	NR_SA,Unknown	NR_SA	false	0	2147483647	OFF
2026-08-05T00:20:36	NR_SA,Unknown	NR_SA	false	0	2147483647	OFF
2026-08-05T00:21:06	NR_SA,Unknown	NR_SA	false	0	2147483647	OFF
2026-08-05T00:21:36	NR_SA,Unknown	NR_SA	false	0	2147483647	OFF
2026-08-05T00:22:07	NR_SA,Unknown	NR_SA	false	0	2147483647	OFF
2026-08-05T00:22:37	NR_SA,Unknown	NR_SA	false	0	2147483647	OFF
2026-08-05T00:23:07	NR_SA,Unknown	NR_SA	false	0	2147483647	OFF
2026-08-05T00:23:38	NR_SA,Unknown	NR_SA	false	0	2147483647	OFF
2026-08-05T00:24:08	NR_SA,Unknown	NR_SA	false	0	2147483647	OFF
2026-08-05T00:24:38	NR_SA,Unknown	NR_SA	false	0	2147483647	OFF
2026-08-05T00:25:08	NR_SA,Unknown	NR_SA	false	0	2147483647	OFF
2026-08-05T00:25:39	NR_SA,Unknown	NR_SA	false	0	2147483647	OFF
2026-08-05T00:26:09	NR_SA,Unknown	NR_SA	false	0	2147483647	OFF
2026-08-05T00:26:39	NR_SA,Unknown	NR_SA	false	0	2147483647	OFF
2026-08-05T00:27:10	NR_SA,Unknown	NR_SA	false	0	2147483647	OFF
2026-08-05T00:27:40	NR_SA,Unknown	NR_SA	false	0	2147483647	OFF
2026-08-05T00:28:10	NR_SA,Unknown	NR_SA	false	0	2147483647	OFF
2026-08-05T00:28:40	NR_SA,Unknown	NR_SA	false	0	2147483647	OFF
2026-08-05T00:29:11	NR_SA,Unknown	NR_SA	false	0	2147483647	OFF
2026-08-05T00:29:41	NR_SA,Unknown	NR_SA	false	0	2147483647	OFF
2026-08-05T00:30:11	NR_SA,Unknown	NR_SA	false	0	2147483647	OFF
2026-08-05T00:30:42	NR_SA,Unknown	NR_SA	false	0	2147483647	OFF
2026-08-05T00:31:12	NR_SA,Unknown	NR_SA	false	0	2147483647	OFF
2026-08-05T00:31:42	NR_SA,Unknown	NR_SA	false	0	2147483647	OFF
2026-08-05T00:32:13	NR_SA,Unknown	NR_SA	false	0	2147483647	OFF
2026-08-05T00:32:43	NR_SA,Unknown	NR_SA	false	0	2147483647	OFF
2026-08-05T00:33:13	NR_SA,Unknown	NR_SA	false	0	2147483647	OFF
2026-08-05T00:33:44	NR_SA,Unknown	NR_SA	false	0	2147483647	OFF
2026-08-05T00:34:14	NR_SA,Unknown	NR_SA	false	0	2147483647	OFF
2026-08-05T00:34:44	NR_SA,Unknown	NR_SA	false	0	2147483647	OFF
2026-08-05T00:35:14	NR_SA,Unknown	NR_SA	false	0	2147483647	OFF
2026-08-05T00:35:45	NR_SA,Unknown	NR_SA	false	0	2147483647	OFF
2026-08-05T00:36:15	NR_SA,Unknown	NR_SA	false	0	2147483647	OFF
2026-08-05T00:36:45	NR_SA,Unknown	NR_SA	false	0	2147483647	OFF
2026-08-05T00:37:16	NR_SA,Unknown	NR_SA	false	0	2147483647	OFF
2026-08-05T00:37:46	NR_SA,Unknown	NR_SA	false	0	2147483647	OFF
2026-08-05T00:38:16	NR_SA,Unknown	NR_SA	false	0	2147483647	OFF
2026-08-05T00:38:47	NR_SA,Unknown	NR_SA	false	0	2147483647	OFF
2026-08-05T00:39:17	NR_SA,Unknown	NR_SA	false	0	2147483647	OFF
2026-08-05T00:39:48	NR_SA,Unknown	NR_SA	false	0	2147483647	OFF
2026-08-05T00:40:18	NR_SA,Unknown	NR_SA	false	0	2147483647	ON
2026-08-05T00:40:48	NR_SA,Unknown	NR_SA	false	0	2147483647	ON
2026-08-05T00:41:19	NR_SA,Unknown	NR_SA	false	0	2147483647	ON
2026-08-05T00:41:49	NR_SA,Unknown	NR_SA	false	0	2147483647	ON
2026-08-05T00:42:19	NR_SA,Unknown	NR_SA	false	0	2147483647	ON
2026-08-05T00:42:50	NR_SA,Unknown	NR_SA	false	0	2147483647	ON
2026-08-05T00:43:20	NR_SA,Unknown	NR_SA	false	0	2147483647	ON
2026-08-05T00:43:50	NR_SA,Unknown	NR_SA	false	0	2147483647	ON
2026-08-05T00:44:20	NR_SA,Unknown	NR_SA	false	0	2147483647	ON
2026-08-05T00:44:51	NR_SA,Unknown	NR_SA	false	0	2147483647	ON
2026-08-05T00:45:21	NR_SA,Unknown	NR_SA	false	0	2147483647	ON
2026-08-05T00:45:51	NR_SA,Unknown	NR_SA	false	0	2147483647	ON
2026-08-05T00:46:22	NR_SA,Unknown	NR_SA	false	0	2147483647	ON
2026-08-05T00:46:52	NR_SA,Unknown	NR_SA	false	0	2147483647	ON
2026-08-05T00:47:22	NR_SA,Unknown	NR_SA	false	0	2147483647	ON
2026-08-05T00:47:52	NR_SA,Unknown	NR_SA	false	0	2147483647	ON
2026-08-05T00:48:23	NR_SA,Unknown	NR_SA	false	0	2147483647	ON
2026-08-05T00:48:53	NR_SA,Unknown	NR_SA	false	0	2147483647	ON
2026-08-05T00:49:23	NR_SA,Unknown	NR_SA	false	0	2147483647	ON
2026-08-05T00:49:53	NR_SA,Unknown	NR_SA	false	0	2147483647	ON
2026-08-05T00:50:24	NR_SA,Unknown	NR_SA	false	0	2147483647	ON
2026-08-05T00:50:54	NR_SA,Unknown	NR_SA	false	0	2147483647	ON
2026-08-05T00:51:24	NR_SA,Unknown	NR_SA	false	0	2147483647	ON
2026-08-05T00:51:54	NR_SA,Unknown	NR_SA	false	0	2147483647	ON
2026-08-05T00:52:25	NR_SA,Unknown	NR_SA	false	0	2147483647	ON
2026-08-05T00:52:55	NR_SA,Unknown	NR_SA	false	0	2147483647	ON
2026-08-05T00:53:25	NR_SA,Unknown	NR_SA	false	0	2147483647	ON
2026-08-05T00:53:55	NR_SA,Unknown	NR_SA	false	0	2147483647	ON
2026-08-05T00:54:26	NR_SA,Unknown	NR_SA	false	0	2147483647	ON
2026-08-05T00:54:56	NR_SA,Unknown	NR_SA	false	0	2147483647	ON
2026-08-05T00:55:26	NR_SA,Unknown	NR_SA	false	0	2147483647	ON
2026-08-05T00:55:57	NR_SA,Unknown	NR_SA	false	0	2147483647	ON
2026-08-05T00:56:27	NR_SA,Unknown	NR_SA	false	0	2147483647	ON
2026-08-05T00:56:57	NR_SA,Unknown	NR_SA	false	0	2147483647	ON
2026-08-05T00:57:27	NR_SA,Unknown	NR_SA	false	0	2147483647	ON
2026-08-05T00:57:58	NR_SA,Unknown	NR_SA	false	0	2147483647	ON
2026-08-05T00:58:28	NR_SA,Unknown	NR_SA	false	0	2147483647	ON
2026-08-05T00:58:59	NR_SA,Unknown	NR_SA	false	0	2147483647	ON
2026-08-05T00:59:29	NR_SA,Unknown	NR_SA	false	0	2147483647	OFF
2026-08-05T00:59:59	NR_SA,Unknown	NR_SA	false	0	2147483647	OFF
2026-08-05T01:00:29	NR_SA,Unknown	NR_SA	false	0	2147483647	OFF
2026-08-05T01:01:00	NR_SA,Unknown	NR_SA	false	0	2147483647	OFF
2026-08-05T01:01:30	NR_SA,Unknown	NR_SA	false	0	2147483647	OFF
2026-08-05T01:02:00	NR_SA,Unknown	NR_SA	false	0	2147483647	OFF
2026-08-05T01:02:31	NR_SA,Unknown	NR_SA	false	0	2147483647	OFF
2026-08-05T01:03:01	NR_SA,Unknown	NR_SA	false	0	2147483647	OFF
2026-08-05T01:03:31	NR_SA,Unknown	NR_SA	false	0	2147483647	OFF
2026-08-05T01:04:02	NR_SA,Unknown	NR_SA	false	0	2147483647	OFF
2026-08-05T01:04:32	NR_SA,Unknown	NR_SA	false	0	2147483647	OFF
2026-08-05T01:05:02	NR_SA,Unknown	NR_SA	false	0	2147483647	OFF
2026-08-05T01:05:32	NR_SA,Unknown	NR_SA	false	0	2147483647	OFF
2026-08-05T01:06:03	NR_SA,Unknown	NR_SA	false	0	2147483647	OFF
2026-08-05T01:06:33	NR_SA,Unknown	NR_SA	false	0	2147483647	OFF
2026-08-05T01:07:03	NR_SA,Unknown	NR_SA	false	0	2147483647	OFF
2026-08-05T01:07:34	NR_SA,Unknown	NR_SA	false	0	2147483647	OFF
2026-08-05T01:08:04	NR_SA,Unknown	NR_SA	false	0	2147483647	OFF
2026-08-05T01:08:34	NR_SA,Unknown	NR_SA	false	0	2147483647	OFF
2026-08-05T01:09:04	NR_SA,Unknown	NR_SA	false	0	2147483647	OFF
2026-08-05T01:09:35	NR_SA,Unknown	NR_SA	false	0	2147483647	OFF
2026-08-05T01:10:05	NR_SA,Unknown	NR_SA	false	0	2147483647	OFF
2026-08-05T01:10:35	NR_SA,Unknown	NR_SA	false	0	2147483647	OFF
2026-08-05T01:11:06	NR_SA,Unknown	NR_SA	false	0	2147483647	OFF
2026-08-05T01:11:36	NR_SA,Unknown	NR_SA	false	0	2147483647	OFF
2026-08-05T01:12:06	NR_SA,Unknown	NR_SA	false	0	2147483647	OFF
2026-08-05T01:12:36	NR_SA,Unknown	NR_SA	false	0	2147483647	OFF
2026-08-05T01:13:07	NR_SA,Unknown	NR_SA	false	0	2147483647	OFF
2026-08-05T01:13:37	NR_SA,Unknown	NR_SA	false	0	2147483647	OFF
2026-08-05T01:14:07	NR_SA,Unknown	NR_SA	false	0	2147483647	OFF
2026-08-05T01:14:38	NR_SA,Unknown	NR_SA	false	0	2147483647	OFF
2026-08-05T01:15:08	NR_SA,Unknown	NR_SA	false	0	2147483647	OFF
2026-08-05T01:15:38	NR_SA,Unknown	NR_SA	false	0	2147483647	OFF
2026-08-05T01:16:08	NR_SA,Unknown	NR_SA	false	0	2147483647	OFF
2026-08-05T01:16:39	NR_SA,Unknown	NR_SA	false	0	2147483647	OFF
2026-08-05T01:17:09	NR_SA,Unknown	NR_SA	false	0	2147483647	OFF
2026-08-05T01:17:40	NR_SA,Unknown	NR_SA	false	0	2147483647	OFF
2026-08-05T01:18:10	NR_SA,Unknown	NR_SA	false	0	2147483647	OFF
2026-08-05T01:18:40	NR_SA,Unknown	NR_SA	false	0	2147483647	OFF
2026-08-05T01:19:10	NR_SA,Unknown	NR_SA	false	0	2147483647	OFF
2026-08-05T01:19:41	NR_SA,Unknown	NR_SA	false	0	2147483647	OFF
2026-08-05T01:20:11	NR_SA,Unknown	NR_SA	false	0	2147483647	OFF
2026-08-05T01:20:41	NR_SA,Unknown	NR_SA	false	0	2147483647	OFF
2026-08-05T01:21:11	NR_SA,Unknown	NR_SA	false	0	2147483647	OFF
2026-08-05T01:21:42	NR_SA,Unknown	NR_SA	false	0	2147483647	OFF
2026-08-05T01:22:12	NR_SA,Unknown	NR_SA	false	0	2147483647	OFF
2026-08-05T01:22:42	NR_SA,Unknown	NR_SA	false	0	2147483647	OFF
2026-08-05T01:23:13	NR_SA,Unknown	NR_SA	false	0	2147483647	OFF
2026-08-05T01:23:43	NR_SA,Unknown	NR_SA	false	0	2147483647	OFF
2026-08-05T01:24:13	NR_SA,Unknown	NR_SA	false	0	2147483647	OFF
2026-08-05T01:24:43	NR_SA,Unknown	NR_SA	false	0	2147483647	OFF
2026-08-05T01:25:14	NR_SA,Unknown	NR_SA	false	0	2147483647	OFF
2026-08-05T01:25:44	NR_SA,Unknown	NR_SA	false	0	2147483647	OFF
2026-08-05T01:26:14	NR_SA,Unknown	NR_SA	false	0	2147483647	OFF
2026-08-05T01:26:45	NR_SA,Unknown	NR_SA	false	0	2147483647	OFF
2026-08-05T01:27:15	NR_SA,Unknown	NR_SA	false	0	2147483647	OFF
2026-08-05T01:27:45	NR_SA,Unknown	NR_SA	false	0	2147483647	OFF
2026-08-05T01:28:16	NR_SA,Unknown	NR_SA	false	0	2147483647	OFF
2026-08-05T01:28:46	NR_SA,Unknown	NR_SA	false	0	2147483647	OFF
2026-08-05T01:29:16	NR_SA,Unknown	NR_SA	false	0	2147483647	OFF
2026-08-05T01:29:46	NR_SA,Unknown	NR_SA	false	0	2147483647	OFF
2026-08-05T01:30:17	NR_SA,Unknown	NR_SA	false	0	2147483647	OFF
2026-08-05T01:30:47	NR_SA,Unknown	NR_SA	false	0	2147483647	OFF
2026-08-05T01:31:17	NR_SA,Unknown	NR_SA	false	0	2147483647	OFF
2026-08-05T01:31:47	NR_SA,Unknown	NR_SA	false	0	2147483647	OFF
2026-08-05T01:32:18	NR_SA,Unknown	NR_SA	false	0	2147483647	OFF
2026-08-05T01:32:48	NR_SA,Unknown	NR_SA	false	0	2147483647	OFF
2026-08-05T01:33:18	NR_SA,Unknown	NR_SA	false	0	2147483647	OFF
2026-08-05T01:33:49	NR_SA,Unknown	NR_SA	false	0	2147483647	OFF
2026-08-05T01:34:19	NR_SA,Unknown	NR_SA	false	0	2147483647	OFF
2026-08-05T01:34:49	NR_SA,Unknown	NR_SA	false	0	2147483647	OFF
2026-08-05T01:35:20	NR_SA,Unknown	NR_SA	false	0	2147483647	OFF
2026-08-05T01:35:50	NR_SA,Unknown	NR_SA	false	0	2147483647	OFF
2026-08-05T01:36:20	NR_SA,Unknown	NR_SA	false	0	2147483647	OFF
2026-08-05T01:36:50	NR_SA,Unknown	NR_SA	false	0	2147483647	OFF
2026-08-05T01:37:21	NR_SA,Unknown	NR_SA	false	0	2147483647	OFF
2026-08-05T01:37:51	NR_SA,Unknown	NR_SA	false	0	2147483647	OFF
2026-08-05T01:38:21	NR_SA,Unknown	NR_SA	false	0	2147483647	OFF
2026-08-05T01:38:52	NR_SA,Unknown	NR_SA	false	0	2147483647	OFF
2026-08-05T01:39:22	NR_SA,Unknown	NR_SA	false	0	2147483647	OFF
2026-08-05T01:39:52	NR_SA,Unknown	NR_SA	false	0	2147483647	OFF
2026-08-05T01:40:22	NR_SA,Unknown	NR_SA	false	0	2147483647	OFF
2026-08-05T01:40:53	NR_SA,Unknown	NR_SA	false	0	2147483647	OFF
2026-08-05T01:41:23	NR_SA,Unknown	NR_SA	false	0	2147483647	OFF
2026-08-05T01:41:53	NR_SA,Unknown	NR_SA	false	0	2147483647	OFF
2026-08-05T01:42:24	NR_SA,Unknown	NR_SA	false	0	2147483647	OFF
2026-08-05T01:42:54	NR_SA,Unknown	NR_SA	false	0	2147483647	OFF
2026-08-05T01:43:24	NR_SA,Unknown	NR_SA	false	0	2147483647	OFF
2026-08-05T01:43:55	NR_SA,Unknown	NR_SA	false	0	2147483647	OFF
2026-08-05T01:44:25	NR_SA,Unknown	NR_SA	false	0	2147483647	OFF
2026-08-05T01:44:55	NR_SA,Unknown	NR_SA	false	0	2147483647	OFF
2026-08-05T01:45:25	NR_SA,Unknown	NR_SA	false	0	2147483647	OFF
2026-08-05T01:45:56	NR_SA,Unknown	NR_SA	false	0	2147483647	OFF
2026-08-05T01:46:26	NR_SA,Unknown	NR_SA	false	0	2147483647	OFF
2026-08-05T01:46:56	NR_SA,Unknown	NR_SA	false	0	2147483647	OFF
2026-08-05T01:47:27	NR_SA,Unknown	NR_SA	false	0	2147483647	OFF
2026-08-05T01:47:57	NR_SA,Unknown	NR_SA	false	0	2147483647	OFF
2026-08-05T01:48:27	NR_SA,Unknown	NR_SA	false	0	2147483647	OFF
2026-08-05T01:48:57	NR_SA,Unknown	NR_SA	false	0	2147483647	OFF
2026-08-05T01:49:28	NR_SA,Unknown	NR_SA	false	0	2147483647	OFF
2026-08-05T01:49:58	NR_SA,Unknown	NR_SA	false	0	2147483647	OFF
2026-08-05T01:50:28	NR_SA,Unknown	NR_SA	false	0	2147483647	OFF
2026-08-05T01:50:59	NR_SA,Unknown	NR_SA	false	0	2147483647	OFF
2026-08-05T01:51:29	NR_SA,Unknown	NR_SA	false	0	2147483647	OFF
2026-08-05T01:51:59	NR_SA,Unknown	NR_SA	false	0	2147483647	OFF
2026-08-05T01:52:30	NR_SA,Unknown	NR_SA	false	0	2147483647	OFF
2026-08-05T01:53:00	NR_SA,Unknown	NR_SA	false	0	2147483647	OFF
2026-08-05T01:53:30	NR_SA,Unknown	NR_SA	false	0	2147483647	OFF
2026-08-05T01:54:01	NR_SA,Unknown	NR_SA	false	0	2147483647	OFF
2026-08-05T01:54:31	NR_SA,Unknown	NR_SA	false	0	2147483647	OFF
2026-08-05T01:55:01	NR_SA,Unknown	NR_SA	false	0	2147483647	OFF
2026-08-05T01:55:32	NR_SA,Unknown	NR_SA	false	0	2147483647	OFF
2026-08-05T01:56:02	NR_SA,Unknown	NR_SA	false	0	2147483647	OFF
2026-08-05T01:56:32	NR_SA,Unknown	NR_SA	false	0	2147483647	OFF
2026-08-05T01:57:03	NR_SA,Unknown	NR_SA	false	0	2147483647	OFF
2026-08-05T01:57:34	NR_SA,Unknown	NR_SA	false	0	2147483647	OFF
2026-08-05T01:58:04	NR_SA,Unknown	NR_SA	false	0	2147483647	OFF
2026-08-05T01:58:35	NR_SA,Unknown	NR_SA	false	0	2147483647	OFF
2026-08-05T01:59:05	NR_SA,Unknown	NR_SA	false	0	2147483647	OFF
2026-08-05T01:59:35	NR_SA,Unknown	NR_SA	false	0	2147483647	OFF
2026-08-05T02:00:05	NR_SA,Unknown	NR_SA	false	0	2147483647	OFF
2026-08-05T02:00:36	NR_SA,Unknown	NR_SA	false	0	2147483647	OFF
2026-08-05T02:01:06	NR_SA,Unknown	NR_SA	false	0	2147483647	OFF
2026-08-05T02:01:36	NR_SA,Unknown	NR_SA	false	0	2147483647	OFF
2026-08-05T02:02:07	NR_SA,Unknown	NR_SA	false	0	2147483647	OFF
2026-08-05T02:02:37	NR_SA,Unknown	NR_SA	false	0	2147483647	OFF
2026-08-05T02:03:07	NR_SA,Unknown	NR_SA	false	0	2147483647	OFF
2026-08-05T02:03:37	NR_SA,Unknown	NR_SA	false	0	2147483647	OFF
2026-08-05T02:04:08	NR_SA,Unknown	NR_SA	false	0	2147483647	OFF
2026-08-05T02:04:38	NR_SA,Unknown	NR_SA	false	0	2147483647	OFF
2026-08-05T02:05:08	NR_SA,Unknown	NR_SA	false	0	2147483647	OFF
2026-08-05T02:05:39	NR_SA,Unknown	NR_SA	false	0	2147483647	OFF
2026-08-05T02:06:09	NR_SA,Unknown	NR_SA	false	0	2147483647	OFF
2026-08-05T02:06:39	NR_SA,Unknown	NR_SA	false	0	2147483647	OFF
2026-08-05T02:07:09	NR_SA,Unknown	NR_SA	false	0	2147483647	OFF
2026-08-05T02:07:40	NR_SA,Unknown	NR_SA	false	0	2147483647	OFF
2026-08-05T02:08:10	NR_SA,Unknown	NR_SA	false	0	2147483647	OFF
2026-08-05T02:08:40	NR_SA,Unknown	NR_SA	false	0	2147483647	OFF
2026-08-05T02:09:11	NR_SA,Unknown	NR_SA	false	0	2147483647	OFF
2026-08-05T02:09:41	NR_SA,Unknown	NR_SA	false	0	2147483647	OFF
2026-08-05T02:10:11	NR_SA,Unknown	NR_SA	false	0	2147483647	OFF
2026-08-05T02:10:41	NR_SA,Unknown	NR_SA	false	0	2147483647	OFF
2026-08-05T02:11:12	NR_SA,Unknown	NR_SA	false	0	2147483647	OFF
2026-08-05T02:11:42	NR_SA,Unknown	NR_SA	false	0	2147483647	OFF
2026-08-05T02:12:12	NR_SA,Unknown	NR_SA	false	0	2147483647	OFF
2026-08-05T02:12:43	NR_SA,Unknown	NR_SA	false	0	2147483647	OFF
2026-08-05T02:13:13	NR_SA,Unknown	NR_SA	false	0	2147483647	OFF
2026-08-05T02:13:43	NR_SA,Unknown	NR_SA	false	0	2147483647	OFF
2026-08-05T02:14:13	NR_SA,Unknown	NR_SA	false	0	2147483647	OFF
2026-08-05T02:14:44	NR_SA,Unknown	NR_SA	false	0	2147483647	OFF
2026-08-05T02:15:14	NR_SA,Unknown	NR_SA	false	0	2147483647	OFF
2026-08-05T02:15:44	NR_SA,Unknown	NR_SA	false	0	2147483647	OFF
2026-08-05T02:16:15	NR_SA,Unknown	NR_SA	false	0	2147483647	OFF
2026-08-05T02:16:45	NR_SA,Unknown	NR_SA	false	0	2147483647	OFF
2026-08-05T02:17:15	NR_SA,Unknown	NR_SA	false	0	2147483647	OFF
2026-08-05T02:17:45	NR_SA,Unknown	NR_SA	false	0	2147483647	OFF
2026-08-05T02:18:16	NR_SA,Unknown	NR_SA	false	0	2147483647	OFF
2026-08-05T02:18:46	NR_SA,Unknown	NR_SA	false	0	2147483647	OFF
2026-08-05T02:19:16	NR_SA,Unknown	NR_SA	false	0	2147483647	OFF
2026-08-05T02:19:47	NR_SA,Unknown	NR_SA	false	0	2147483647	OFF
2026-08-05T02:20:17	NR_SA,Unknown	NR_SA	false	0	2147483647	OFF
2026-08-05T02:20:47	NR_SA,Unknown	NR_SA	false	0	2147483647	OFF
2026-08-05T02:21:17	NR_SA,Unknown	NR_SA	false	0	2147483647	OFF
2026-08-05T02:21:48	NR_SA,Unknown	NR_SA	false	0	2147483647	OFF
2026-08-05T02:22:18	NR_SA,Unknown	NR_SA	false	0	2147483647	OFF
2026-08-05T02:22:48	NR_SA,Unknown	NR_SA	false	0	2147483647	OFF
2026-08-05T02:23:19	NR_SA,Unknown	NR_SA	false	0	2147483647	OFF
2026-08-05T02:23:49	NR_SA,Unknown	NR_SA	false	0	2147483647	OFF
2026-08-05T02:24:19	NR_SA,Unknown	NR_SA	false	0	2147483647	OFF
2026-08-05T02:24:49	NR_SA,Unknown	NR_SA	false	0	2147483647	OFF
2026-08-05T02:25:20	NR_SA,Unknown	NR_SA	false	0	2147483647	OFF
2026-08-05T02:25:50	NR_SA,Unknown	NR_SA	false	0	2147483647	OFF
2026-08-05T02:26:20	NR_SA,Unknown	NR_SA	false	0	2147483647	OFF
2026-08-05T02:26:50	NR_SA,Unknown	NR_SA	false	0	2147483647	OFF
2026-08-05T02:27:21	NR_SA,Unknown	NR_SA	false	0	2147483647	OFF
2026-08-05T02:27:51	NR_SA,Unknown	NR_SA	false	0	2147483647	OFF
2026-08-05T02:28:21	NR_SA,Unknown	NR_SA	false	0	2147483647	OFF
2026-08-05T02:28:52	NR_SA,Unknown	NR_SA	false	0	2147483647	OFF
2026-08-05T02:29:22	NR_SA,Unknown	NR_SA	false	0	2147483647	OFF
2026-08-05T02:29:52	NR_SA,Unknown	NR_SA	false	0	2147483647	OFF
2026-08-05T02:30:22	NR_SA,Unknown	NR_SA	false	0	2147483647	OFF
2026-08-05T02:30:53	NR_SA,Unknown	NR_SA	false	0	2147483647	OFF
2026-08-05T02:31:23	NR_SA,Unknown	NR_SA	false	0	2147483647	OFF
2026-08-05T02:31:53	NR_SA,Unknown	NR_SA	false	0	2147483647	OFF
2026-08-05T02:32:24	NR_SA,Unknown	NR_SA	false	0	2147483647	OFF
2026-08-05T02:32:54	NR_SA,Unknown	NR_SA	false	0	2147483647	OFF
2026-08-05T02:33:24	NR_SA,Unknown	NR_SA	false	0	2147483647	OFF
2026-08-05T02:33:54	NR_SA,Unknown	NR_SA	false	0	2147483647	OFF
2026-08-05T02:34:25	NR_SA,Unknown	NR_SA	false	0	2147483647	OFF
2026-08-05T02:34:55	NR_SA,Unknown	NR_SA	false	0	2147483647	OFF
2026-08-05T02:35:25	NR_SA,Unknown	NR_SA	false	0	2147483647	OFF
2026-08-05T02:35:56	NR_SA,Unknown	NR_SA	false	0	2147483647	OFF
2026-08-05T02:36:26	NR_SA,Unknown	NR_SA	false	0	2147483647	OFF
2026-08-05T02:36:56	NR_SA,Unknown	NR_SA	false	0	2147483647	OFF
2026-08-05T02:37:27	NR_SA,Unknown	NR_SA	false	0	2147483647	OFF
2026-08-05T02:37:57	NR_SA,Unknown	NR_SA	false	0	2147483647	OFF
2026-08-05T02:38:27	NR_SA,Unknown	NR_SA	false	0	2147483647	OFF
2026-08-05T02:38:57	NR_SA,Unknown	NR_SA	false	0	2147483647	ON
2026-08-05T02:39:28	NR_SA,Unknown	NR_SA	false	0	2147483647	ON
2026-08-05T02:39:58	NR_SA,Unknown	NR_SA	false	0	2147483647	ON
2026-08-05T02:40:29	NR_SA,Unknown	NR_SA	false	0	2147483647	ON
2026-08-05T02:40:59	NR_SA,Unknown	NR_SA	false	0	2147483647	ON
2026-08-05T02:41:29	NR_SA,Unknown	NR_SA	false	0	2147483647	ON
2026-08-05T02:42:00	NR_SA,Unknown	NR_SA	false	0	2147483647	ON
2026-08-05T02:42:30	NR_SA,Unknown	NR_SA	false	0	2147483647	ON
2026-08-05T02:43:00	NR_SA,Unknown	NR_SA	false	0	2147483647	ON
2026-08-05T02:43:31	NR_SA,Unknown	NR_SA	false	0	2147483647	ON
2026-08-05T02:44:01	NR_SA,Unknown	NR_SA	false	0	2147483647	ON
2026-08-05T02:44:31	NR_SA,Unknown	NR_SA	false	0	2147483647	ON
2026-08-05T02:45:02	NR_SA,Unknown	NR_SA	false	0	2147483647	ON
2026-08-05T02:45:32	NR_SA,Unknown	NR_SA	false	0	2147483647	ON
2026-08-05T02:46:02	NR_SA,Unknown	NR_SA	false	0	2147483647	ON
2026-08-05T02:46:33	NR_SA,Unknown	NR_SA	false	0	2147483647	ON
2026-08-05T02:47:03	NR_SA,Unknown	NR_SA	false	0	2147483647	ON
2026-08-05T02:47:33	NR_SA,Unknown	NR_SA	false	0	2147483647	ON
2026-08-05T02:48:04	NR_SA,Unknown	NR_SA	false	0	2147483647	ON
2026-08-05T02:48:34	NR_SA,Unknown	NR_SA	false	0	2147483647	ON
2026-08-05T02:49:04	NR_SA,Unknown	NR_SA	false	0	2147483647	ON
2026-08-05T02:49:35	NR_SA,Unknown	NR_SA	false	0	2147483647	ON
2026-08-05T02:50:05	NR_SA,Unknown	NR_SA	false	0	2147483647	ON
2026-08-05T02:50:35	NR_SA,Unknown	NR_SA	false	0	2147483647	ON
2026-08-05T02:51:06	NR_SA,Unknown	NR_SA	false	0	2147483647	ON
2026-08-05T02:51:36	NR_SA,Unknown	NR_SA	false	0	2147483647	ON
2026-08-05T02:52:06	NR_SA,Unknown	NR_SA	false	0	2147483647	ON
2026-08-05T02:52:37	NR_SA,Unknown	NR_SA	false	0	2147483647	ON
2026-08-05T02:53:07	NR_SA,Unknown	NR_SA	false	0	2147483647	ON
2026-08-05T02:53:37	NR_SA,Unknown	NR_SA	false	0	2147483647	ON
2026-08-05T02:54:08	NR_SA,Unknown	NR_SA	false	0	2147483647	ON
2026-08-05T02:54:38	NR_SA,Unknown	NR_SA	false	0	2147483647	ON
2026-08-05T02:55:08	NR_SA,Unknown	NR_SA	false	0	2147483647	ON
2026-08-05T02:55:39	NR_SA,Unknown	NR_SA	false	0	2147483647	OFF
2026-08-05T02:56:09	NR_SA,Unknown	NR_SA	false	0	2147483647	OFF
2026-08-05T02:56:39	NR_SA,Unknown	NR_SA	false	0	2147483647	OFF
2026-08-05T02:57:10	NR_SA,Unknown	NR_SA	false	0	2147483647	OFF
2026-08-05T02:57:40	NR_SA,Unknown	NR_SA	false	0	2147483647	OFF
2026-08-05T02:58:10	NR_SA,Unknown	NR_SA	false	0	2147483647	OFF
2026-08-05T02:58:41	NR_SA,Unknown	NR_SA	false	0	2147483647	OFF
2026-08-05T02:59:11	NR_SA,Unknown	NR_SA	false	0	2147483647	OFF
2026-08-05T02:59:41	NR_SA,Unknown	NR_SA	false	0	2147483647	OFF
2026-08-05T03:00:11	NR_SA,Unknown	NR_SA	false	0	2147483647	OFF
2026-08-05T03:00:42	NR_SA,Unknown	NR_SA	false	0	2147483647	OFF
2026-08-05T03:01:12	NR_SA,Unknown	NR_SA	false	0	2147483647	OFF
2026-08-05T03:01:43	NR_SA,Unknown	NR_SA	false	0	2147483647	OFF
2026-08-05T03:02:13	NR_SA,Unknown	NR_SA	false	0	2147483647	OFF
2026-08-05T03:02:43	NR_SA,Unknown	NR_SA	false	0	2147483647	OFF
2026-08-05T03:03:14	NR_SA,Unknown	NR_SA	false	0	2147483647	OFF
2026-08-05T03:03:44	NR_SA,Unknown	NR_SA	false	0	2147483647	OFF
2026-08-05T03:04:14	NR_SA,Unknown	NR_SA	false	0	2147483647	OFF
2026-08-05T03:04:45	NR_SA,Unknown	NR_SA	false	0	2147483647	OFF
2026-08-05T03:05:15	NR_SA,Unknown	NR_SA	false	0	2147483647	OFF
2026-08-05T03:05:45	NR_SA,Unknown	NR_SA	false	0	2147483647	OFF
2026-08-05T03:06:16	NR_SA,Unknown	NR_SA	false	0	2147483647	OFF
2026-08-05T03:06:46	NR_SA,Unknown	NR_SA	false	0	2147483647	OFF
2026-08-05T03:07:16	NR_SA,Unknown	NR_SA	false	0	2147483647	OFF
2026-08-05T03:07:47	NR_SA,Unknown	NR_SA	false	0	2147483647	OFF
2026-08-05T03:08:17	NR_SA,Unknown	NR_SA	false	0	2147483647	OFF
2026-08-05T03:08:47	NR_SA,Unknown	NR_SA	false	0	2147483647	OFF
2026-08-05T03:09:18	NR_SA,Unknown	NR_SA	false	0	2147483647	ON
2026-08-05T03:09:48	NR_SA,Unknown	NR_SA	false	0	2147483647	ON
2026-08-05T03:10:18	NR_SA,Unknown	NR_SA	false	0	2147483647	ON
2026-08-05T03:10:49	NR_SA,Unknown	NR_SA	false	0	2147483647	ON
2026-08-05T03:11:19	NR_SA,Unknown	NR_SA	false	0	2147483647	ON
2026-08-05T03:11:49	NR_SA,Unknown	NR_SA	false	0	2147483647	ON
2026-08-05T03:12:19	NR_SA,Unknown	NR_SA	false	0	2147483647	ON
2026-08-05T03:12:50	NR_SA,Unknown	NR_SA	false	0	2147483647	ON
2026-08-05T03:13:20	NR_SA,Unknown	NR_SA	false	0	2147483647	ON
2026-08-05T03:13:50	NR_SA,Unknown	NR_SA	false	0	2147483647	ON
2026-08-05T03:14:21	NR_SA,Unknown	NR_SA	false	0	2147483647	ON
2026-08-05T03:14:51	NR_SA,Unknown	NR_SA	false	0	2147483647	ON
2026-08-05T03:15:21	NR_SA,Unknown	NR_SA	false	0	2147483647	ON
2026-08-05T03:15:52	NR_SA,Unknown	NR_SA	false	0	2147483647	ON
2026-08-05T03:16:22	NR_SA,Unknown	NR_SA	false	0	2147483647	ON
2026-08-05T03:16:52	NR_SA,Unknown	NR_SA	false	0	2147483647	ON
2026-08-05T03:17:23	NR_SA,Unknown	NR_SA	false	0	2147483647	ON
2026-08-05T03:17:53	NR_SA,Unknown	NR_SA	false	0	2147483647	ON
2026-08-05T03:18:23	NR_SA,Unknown	NR_SA	false	0	2147483647	ON
2026-08-05T03:18:54	NR_SA,Unknown	NR_SA	false	0	2147483647	ON
2026-08-05T03:19:24	NR_SA,Unknown	NR_SA	false	0	2147483647	ON
2026-08-05T03:19:54	NR_SA,Unknown	NR_SA	false	0	2147483647	ON
2026-08-05T03:20:25	NR_SA,Unknown	NR_SA	false	0	2147483647	ON
2026-08-05T03:20:55	NR_SA,Unknown	NR_SA	false	0	2147483647	ON
2026-08-05T03:21:25	NR_SA,Unknown	NR_SA	false	0	2147483647	ON
2026-08-05T03:21:56	NR_SA,Unknown	NR_SA	false	0	2147483647	ON
2026-08-05T03:22:26	NR_SA,Unknown	NR_SA	false	0	2147483647	ON
2026-08-05T03:22:56	NR_SA,Unknown	NR_SA	false	0	2147483647	ON
2026-08-05T03:23:26	NR_SA,Unknown	NR_SA	false	0	2147483647	ON
2026-08-05T03:23:57	NR_SA,Unknown	NR_SA	false	0	2147483647	ON
2026-08-05T03:24:27	NR_SA,Unknown	NR_SA	false	0	2147483647	ON
2026-08-05T03:24:57	NR_SA,Unknown	NR_SA	false	0	2147483647	ON
2026-08-05T03:25:27	NR_SA,Unknown	NR_SA	false	0	2147483647	ON
2026-08-05T03:25:58	NR_SA,Unknown	NR_SA	false	0	2147483647	ON
2026-08-05T03:26:28	NR_SA,Unknown	NR_SA	false	0	2147483647	ON
2026-08-05T03:26:58	NR_SA,Unknown	NR_SA	false	0	2147483647	ON
2026-08-05T03:27:29	NR_SA,Unknown	NR_SA	false	0	2147483647	ON
2026-08-05T03:27:59	NR_SA,Unknown	NR_SA	false	0	2147483647	ON
2026-08-05T03:28:29	NR_SA,Unknown	NR_SA	false	0	2147483647	ON
2026-08-05T03:28:59	NR_SA,Unknown	NR_SA	false	0	2147483647	ON
2026-08-05T03:29:30	NR_SA,Unknown	NR_SA	false	0	2147483647	ON
2026-08-05T03:30:00	NR_SA,Unknown	NR_SA	false	0	2147483647	ON
2026-08-05T03:30:31	NR_SA,Unknown	NR_SA	false	0	2147483647	ON
2026-08-05T03:31:01	NR_SA,Unknown	NR_SA	false	0	2147483647	ON
2026-08-05T03:31:31	NR_SA,Unknown	NR_SA	false	0	2147483647	ON
2026-08-05T03:32:01	NR_SA,Unknown	NR_SA	false	0	2147483647	ON
2026-08-05T03:32:32	NR_SA,Unknown	NR_SA	false	0	2147483647	ON
2026-08-05T03:33:02	NR_SA,Unknown	NR_SA	false	0	2147483647	ON
2026-08-05T03:33:32	NR_SA,Unknown	NR_SA	false	0	2147483647	ON
2026-08-05T03:34:03	NR_SA,Unknown	NR_SA	false	0	2147483647	ON
2026-08-05T03:34:33	NR_SA,Unknown	NR_SA	false	0	2147483647	ON
2026-08-05T03:35:03	NR_SA,Unknown	NR_SA	false	0	2147483647	ON
2026-08-05T03:35:34	NR_SA,Unknown	NR_SA	false	0	2147483647	ON
2026-08-05T03:36:04	NR_SA,Unknown	NR_SA	false	0	2147483647	ON
2026-08-05T03:36:34	NR_SA,Unknown	NR_SA	false	0	2147483647	ON
2026-08-05T03:37:05	NR_SA,Unknown	NR_SA	false	0	2147483647	ON
2026-08-05T03:37:35	NR_SA,Unknown	NR_SA	false	0	2147483647	ON
2026-08-05T03:38:05	NR_SA,Unknown	NR_SA	false	0	2147483647	ON
2026-08-05T03:38:36	NR_SA,Unknown	NR_SA	false	0	2147483647	ON
2026-08-05T03:39:06	NR_SA,Unknown	NR_SA	false	0	2147483647	ON
2026-08-05T03:39:36	NR_SA,Unknown	NR_SA	false	0	2147483647	ON
2026-08-05T03:40:07	NR_SA,Unknown	NR_SA	false	0	2147483647	ON
2026-08-05T03:40:37	NR_SA,Unknown	NR_SA	false	0	2147483647	ON
2026-08-05T03:41:07	NR_SA,Unknown	NR_SA	false	0	2147483647	ON
2026-08-05T03:41:38	NR_SA,Unknown	NR_SA	false	0	2147483647	ON
2026-08-05T03:42:08	NR_SA,Unknown	NR_SA	false	0	2147483647	ON
2026-08-05T03:42:38	NR_SA,Unknown	NR_SA	false	0	2147483647	ON
2026-08-05T03:43:09	NR_SA,Unknown	NR_SA	false	0	2147483647	ON
2026-08-05T03:43:39	NR_SA,Unknown	NR_SA	false	0	2147483647	ON
2026-08-05T03:44:09	NR_SA,Unknown	NR_SA	false	0	2147483647	ON
2026-08-05T03:44:40	NR_SA,Unknown	NR_SA	false	0	2147483647	OFF
2026-08-05T03:45:10	NR_SA,Unknown	NR_SA	false	0	2147483647	OFF
2026-08-05T03:45:40	NR_SA,Unknown	NR_SA	false	0	2147483647	OFF
2026-08-05T03:46:11	NR_SA,Unknown	NR_SA	false	0	2147483647	OFF
2026-08-05T03:46:41	NR_SA,Unknown	NR_SA	false	0	2147483647	OFF
2026-08-05T03:47:11	NR_SA,Unknown	NR_SA	false	0	2147483647	OFF
2026-08-05T03:47:41	NR_SA,Unknown	NR_SA	false	0	2147483647	OFF
2026-08-05T03:48:12	NR_SA,Unknown	NR_SA	false	0	2147483647	OFF
2026-08-05T03:48:42	NR_SA,Unknown	NR_SA	false	0	2147483647	OFF
2026-08-05T03:49:12	NR_SA,Unknown	NR_SA	false	0	2147483647	OFF
2026-08-05T03:49:43	NR_SA,Unknown	NR_SA	false	0	2147483647	OFF
2026-08-05T03:50:13	NR_SA,Unknown	NR_SA	false	0	2147483647	OFF
2026-08-05T03:50:43	NR_SA,Unknown	NR_SA	false	0	2147483647	OFF
2026-08-05T03:51:14	NR_SA,Unknown	NR_SA	false	0	2147483647	OFF
2026-08-05T03:51:44	NR_SA,Unknown	NR_SA	false	0	2147483647	OFF
2026-08-05T03:52:14	NR_SA,Unknown	NR_SA	false	0	2147483647	OFF
2026-08-05T03:52:45	NR_SA,Unknown	NR_SA	false	0	2147483647	OFF
2026-08-05T03:53:15	NR_SA,Unknown	NR_SA	false	0	2147483647	OFF
2026-08-05T03:53:45	NR_SA,Unknown	NR_SA	false	0	2147483647	OFF
2026-08-05T03:54:16	NR_SA,Unknown	NR_SA	false	0	2147483647	OFF
2026-08-05T03:54:46	NR_SA,Unknown	NR_SA	false	0	2147483647	OFF
2026-08-05T03:55:16	NR_SA,Unknown	NR_SA	false	0	2147483647	OFF
2026-08-05T03:55:47	NR_SA,Unknown	NR_SA	false	0	2147483647	OFF
2026-08-05T03:56:17	NR_SA,Unknown	NR_SA	false	0	2147483647	OFF
2026-08-05T03:56:47	NR_SA,Unknown	NR_SA	false	0	2147483647	OFF
2026-08-05T03:57:18	NR_SA,Unknown	NR_SA	false	0	2147483647	OFF
2026-08-05T03:57:48	NR_SA,Unknown	NR_SA	false	0	2147483647	OFF
2026-08-05T03:58:19	NR_SA,Unknown	NR_SA	false	0	2147483647	OFF
2026-08-05T03:58:49	NR_SA,Unknown	NR_SA	false	0	2147483647	OFF
2026-08-05T03:59:19	NR_SA,Unknown	NR_SA	false	0	2147483647	OFF
2026-08-05T03:59:50	NR_SA,Unknown	NR_SA	false	0	2147483647	OFF
2026-08-05T04:00:20	NR_SA,Unknown	NR_SA	false	0	2147483647	OFF
2026-08-05T04:00:50	NR_SA,Unknown	NR_SA	false	0	2147483647	ON
2026-08-05T04:01:21	NR_SA,Unknown	NR_SA	false	0	2147483647	ON
2026-08-05T04:01:51	NR_SA,Unknown	NR_SA	false	0	2147483647	ON
2026-08-05T04:02:21	NR_SA,Unknown	NR_SA	false	0	2147483647	ON
2026-08-05T04:02:52	NR_SA,Unknown	NR_SA	false	0	2147483647	ON
2026-08-05T04:03:22	NR_SA,Unknown	NR_SA	false	0	2147483647	ON
2026-08-05T04:03:53	NR_SA,Unknown	NR_SA	false	0	2147483647	ON
2026-08-05T04:04:23	NR_SA,Unknown	NR_SA	false	0	2147483647	ON
2026-08-05T04:04:53	NR_SA,Unknown	NR_SA	false	0	2147483647	ON
2026-08-05T04:05:24	NR_SA,Unknown	NR_SA	false	0	2147483647	ON
2026-08-05T04:05:54	NR_SA,Unknown	NR_SA	false	0	2147483647	ON
2026-08-05T04:06:24	NR_SA,Unknown	NR_SA	false	0	2147483647	ON
2026-08-05T04:06:55	NR_SA,Unknown	NR_SA	false	0	2147483647	ON
2026-08-05T04:07:25	NR_SA,Unknown	NR_SA	false	0	2147483647	ON
2026-08-05T04:07:55	NR_SA,Unknown	NR_SA	false	0	2147483647	ON
2026-08-05T04:08:26	NR_SA,Unknown	NR_SA	false	0	2147483647	ON
2026-08-05T04:08:56	NR_SA,Unknown	NR_SA	false	0	2147483647	ON
2026-08-05T04:09:27	NR_SA,Unknown	NR_SA	false	0	2147483647	ON
2026-08-05T04:09:57	NR_SA,Unknown	NR_SA	false	0	2147483647	ON
2026-08-05T04:10:27	NR_SA,Unknown	NR_SA	false	0	2147483647	ON
2026-08-05T04:10:58	NR_SA,Unknown	NR_SA	false	0	2147483647	ON
2026-08-05T04:11:28	NR_SA,Unknown	NR_SA	false	0	2147483647	ON
2026-08-05T04:11:59	NR_SA,Unknown	NR_SA	false	0	2147483647	ON
2026-08-05T04:12:29	NR_SA,Unknown	NR_SA	false	0	2147483647	ON
2026-08-05T04:13:00	NR_SA,Unknown	NR_SA	false	0	2147483647	ON
2026-08-05T04:13:30	NR_SA,Unknown	NR_SA	false	0	2147483647	ON
2026-08-05T04:14:00	NR_SA,Unknown	NR_SA	false	0	2147483647	ON
2026-08-05T04:14:31	NR_SA,Unknown	NR_SA	false	0	2147483647	ON
2026-08-05T04:15:01	NR_SA,Unknown	NR_SA	false	0	2147483647	ON
2026-08-05T04:15:32	NR_SA,Unknown	NR_SA	false	0	2147483647	ON
2026-08-05T04:16:02	NR_SA,Unknown	NR_SA	false	0	2147483647	ON
2026-08-05T04:16:32	NR_SA,Unknown	NR_SA	false	0	2147483647	ON
2026-08-05T04:17:03	NR_SA,Unknown	NR_SA	false	0	2147483647	ON
2026-08-05T04:17:33	NR_SA,Unknown	NR_SA	false	0	2147483647	ON
2026-08-05T04:18:03	NR_SA,Unknown	NR_SA	false	0	2147483647	ON
2026-08-05T04:18:33	NR_SA,Unknown	NR_SA	false	0	2147483647	ON
2026-08-05T04:19:04	NR_SA,Unknown	NR_SA	false	0	2147483647	ON
2026-08-05T04:19:34	NR_SA,Unknown	NR_SA	false	0	2147483647	ON
2026-08-05T04:20:05	NR_SA,Unknown	NR_SA	false	0	2147483647	ON
2026-08-05T04:20:35	NR_SA,Unknown	NR_SA	false	0	2147483647	ON
2026-08-05T04:21:05	NR_SA,Unknown	NR_SA	false	0	2147483647	ON
2026-08-05T04:21:36	NR_SA,Unknown	NR_SA	false	0	2147483647	ON
2026-08-05T04:22:06	NR_SA,Unknown	NR_SA	false	0	2147483647	ON
2026-08-05T04:22:36	NR_SA,Unknown	NR_SA	false	0	2147483647	ON
2026-08-05T04:23:06	NR_SA,Unknown	NR_SA	false	0	2147483647	ON
2026-08-05T04:23:37	NR_SA,Unknown	NR_SA	false	0	2147483647	ON
2026-08-05T04:24:07	NR_SA,Unknown	NR_SA	false	0	2147483647	ON
2026-08-05T04:24:37	NR_SA,Unknown	NR_SA	false	0	2147483647	ON
2026-08-05T04:25:08	NR_SA,Unknown	NR_SA	false	0	2147483647	OFF
2026-08-05T04:25:38	NR_SA,Unknown	NR_SA	false	0	2147483647	OFF
2026-08-05T04:26:08	NR_SA,Unknown	NR_SA	false	0	2147483647	OFF
2026-08-05T04:26:39	NR_SA,Unknown	NR_SA	false	0	2147483647	OFF
2026-08-05T04:27:09	NR_SA,Unknown	NR_SA	false	0	2147483647	OFF
2026-08-05T04:27:39	NR_SA,Unknown	NR_SA	false	0	2147483647	OFF
2026-08-05T04:28:10	NR_SA,Unknown	NR_SA	false	0	2147483647	OFF
2026-08-05T04:28:40	NR_SA,Unknown	NR_SA	false	0	2147483647	OFF
2026-08-05T04:29:10	NR_SA,Unknown	NR_SA	false	0	2147483647	OFF
2026-08-05T04:29:41	NR_SA,Unknown	NR_SA	false	0	2147483647	OFF
2026-08-05T04:30:11	NR_SA,Unknown	NR_SA	false	0	2147483647	OFF
2026-08-05T04:30:41	NR_SA,Unknown	NR_SA	false	0	2147483647	OFF
2026-08-05T04:31:12	NR_SA,Unknown	NR_SA	false	0	2147483647	OFF
2026-08-05T04:31:42	NR_SA,Unknown	NR_SA	false	0	2147483647	OFF
2026-08-05T04:32:12	NR_SA,Unknown	NR_SA	false	0	2147483647	OFF
2026-08-05T04:32:43	NR_SA,Unknown	NR_SA	false	0	2147483647	OFF
2026-08-05T04:33:13	NR_SA,Unknown	NR_SA	false	0	2147483647	OFF
2026-08-05T04:33:43	NR_SA,Unknown	NR_SA	false	0	2147483647	OFF
2026-08-05T04:34:14	NR_SA,Unknown	NR_SA	false	0	2147483647	OFF
2026-08-05T04:34:44	NR_SA,Unknown	NR_SA	false	0	2147483647	OFF
2026-08-05T04:35:14	NR_SA,Unknown	NR_SA	false	0	2147483647	OFF
2026-08-05T04:35:45	NR_SA,Unknown	NR_SA	false	0	2147483647	OFF
2026-08-05T04:36:15	NR_SA,Unknown	NR_SA	false	0	2147483647	OFF
2026-08-05T04:36:45	NR_SA,Unknown	NR_SA	false	0	2147483647	OFF
2026-08-05T04:37:16	NR_SA,Unknown	NR_SA	false	0	2147483647	OFF
2026-08-05T04:37:46	NR_SA,Unknown	NR_SA	false	0	2147483647	OFF
2026-08-05T04:38:16	NR_SA,Unknown	NR_SA	false	0	2147483647	OFF
2026-08-05T04:38:47	NR_SA,Unknown	NR_SA	false	0	2147483647	OFF
2026-08-05T04:39:17	NR_SA,Unknown	NR_SA	false	0	2147483647	OFF
2026-08-05T04:39:47	NR_SA,Unknown	NR_SA	false	0	2147483647	OFF
2026-08-05T04:40:17	NR_SA,Unknown	NR_SA	false	0	2147483647	OFF
2026-08-05T04:40:48	NR_SA,Unknown	NR_SA	false	0	2147483647	OFF
2026-08-05T04:41:18	NR_SA,Unknown	NR_SA	false	0	2147483647	OFF
2026-08-05T04:41:48	NR_SA,Unknown	NR_SA	false	0	2147483647	OFF
2026-08-05T04:42:19	NR_SA,Unknown	NR_SA	false	0	2147483647	OFF
2026-08-05T04:42:49	NR_SA,Unknown	NR_SA	false	0	2147483647	OFF
2026-08-05T04:43:19	NR_SA,Unknown	NR_SA	false	0	2147483647	OFF
2026-08-05T04:43:49	NR_SA,Unknown	NR_SA	false	0	2147483647	OFF
2026-08-05T04:44:20	NR_SA,Unknown	NR_SA	false	0	2147483647	OFF
2026-08-05T04:44:50	NR_SA,Unknown	NR_SA	false	0	2147483647	OFF
2026-08-05T04:45:20	NR_SA,Unknown	NR_SA	false	0	2147483647	OFF
2026-08-05T04:45:51	NR_SA,Unknown	NR_SA	false	0	2147483647	OFF
2026-08-05T04:46:21	NR_SA,Unknown	NR_SA	false	0	2147483647	OFF
2026-08-05T04:46:51	NR_SA,Unknown	NR_SA	false	0	2147483647	OFF
2026-08-05T04:47:21	NR_SA,Unknown	NR_SA	false	0	2147483647	OFF
2026-08-05T04:47:52	NR_SA,Unknown	NR_SA	false	0	2147483647	OFF
2026-08-05T04:48:22	NR_SA,Unknown	NR_SA	false	0	2147483647	OFF
2026-08-05T04:48:52	NR_SA,Unknown	NR_SA	false	0	2147483647	OFF
2026-08-05T04:49:23	NR_SA,Unknown	NR_SA	false	0	2147483647	OFF
2026-08-05T04:49:53	NR_SA,Unknown	NR_SA	false	0	2147483647	OFF
2026-08-05T04:50:23	NR_SA,Unknown	NR_SA	false	0	2147483647	OFF
2026-08-05T04:50:53	NR_SA,Unknown	NR_SA	false	0	2147483647	OFF
2026-08-05T04:51:24	NR_SA,Unknown	NR_SA	false	0	2147483647	OFF
2026-08-05T04:51:54	NR_SA,Unknown	NR_SA	false	0	2147483647	OFF
2026-08-05T04:52:24	NR_SA,Unknown	NR_SA	false	0	2147483647	OFF
2026-08-05T04:52:55	NR_SA,Unknown	NR_SA	false	0	2147483647	OFF
2026-08-05T04:53:25	NR_SA,Unknown	NR_SA	false	0	2147483647	OFF
2026-08-05T04:53:55	NR_SA,Unknown	NR_SA	false	0	2147483647	OFF
2026-08-05T04:54:25	NR_SA,Unknown	NR_SA	false	0	2147483647	OFF
2026-08-05T04:54:56	NR_SA,Unknown	NR_SA	false	0	2147483647	OFF
2026-08-05T04:55:26	NR_SA,Unknown	NR_SA	false	0	2147483647	OFF
2026-08-05T04:55:56	NR_SA,Unknown	NR_SA	false	0	2147483647	OFF
2026-08-05T04:56:27	NR_SA,Unknown	NR_SA	false	0	2147483647	OFF
2026-08-05T04:56:57	NR_SA,Unknown	NR_SA	false	0	2147483647	OFF
2026-08-05T04:57:27	NR_SA,Unknown	NR_SA	false	0	2147483647	OFF
2026-08-05T04:57:57	NR_SA,Unknown	NR_SA	false	0	2147483647	OFF
2026-08-05T04:58:28	NR_SA,Unknown	NR_SA	false	0	2147483647	OFF
2026-08-05T04:58:58	NR_SA,Unknown	NR_SA	false	0	2147483647	OFF
2026-08-05T04:59:28	NR_SA,Unknown	NR_SA	false	0	2147483647	OFF
2026-08-05T04:59:59	NR_SA,Unknown	NR_SA	false	0	2147483647	OFF
2026-08-05T05:00:29	NR_SA,Unknown	NR_SA	false	0	2147483647	OFF
2026-08-05T05:00:59	NR_SA,Unknown	NR_SA	false	0	2147483647	OFF
2026-08-05T05:01:30	NR_SA,Unknown	NR_SA	false	0	2147483647	OFF
2026-08-05T05:02:00	NR_SA,Unknown	NR_SA	false	0	2147483647	OFF
2026-08-05T05:02:30	NR_SA,Unknown	NR_SA	false	0	2147483647	OFF
2026-08-05T05:03:00	NR_SA,Unknown	NR_SA	false	0	2147483647	OFF
2026-08-05T05:03:31	NR_SA,Unknown	NR_SA	false	0	2147483647	OFF
2026-08-05T05:04:01	NR_SA,Unknown	NR_SA	false	0	2147483647	OFF
2026-08-05T05:04:31	NR_SA,Unknown	NR_SA	false	0	2147483647	OFF
2026-08-05T05:05:02	NR_SA,Unknown	NR_SA	false	0	2147483647	OFF
2026-08-05T05:05:32	NR_SA,Unknown	NR_SA	false	0	2147483647	OFF
2026-08-05T05:06:02	NR_SA,Unknown	NR_SA	false	0	2147483647	OFF
2026-08-05T05:06:32	NR_SA,Unknown	NR_SA	false	0	2147483647	OFF
2026-08-05T05:07:03	NR_SA,Unknown	NR_SA	false	0	2147483647	OFF
2026-08-05T05:07:33	NR_SA,Unknown	NR_SA	false	0	2147483647	OFF
2026-08-05T05:08:03	NR_SA,Unknown	NR_SA	false	0	2147483647	OFF
2026-08-05T05:08:34	NR_SA,Unknown	NR_SA	false	0	2147483647	OFF
2026-08-05T05:09:04	NR_SA,Unknown	NR_SA	false	0	2147483647	OFF
2026-08-05T05:09:34	NR_SA,Unknown	NR_SA	false	0	2147483647	OFF
2026-08-05T05:10:04	NR_SA,Unknown	NR_SA	false	0	2147483647	OFF
2026-08-05T05:10:35	NR_SA,Unknown	NR_SA	false	0	2147483647	OFF
2026-08-05T05:11:05	NR_SA,Unknown	NR_SA	false	0	2147483647	OFF
2026-08-05T05:11:35	NR_SA,Unknown	NR_SA	false	0	2147483647	OFF
2026-08-05T05:12:06	NR_SA,Unknown	NR_SA	false	0	2147483647	OFF
2026-08-05T05:12:36	NR_SA,Unknown	NR_SA	false	0	2147483647	OFF
2026-08-05T05:13:06	NR_SA,Unknown	NR_SA	false	0	2147483647	OFF
2026-08-05T05:13:36	NR_SA,Unknown	NR_SA	false	0	2147483647	OFF
2026-08-05T05:14:07	NR_SA,Unknown	NR_SA	false	0	2147483647	OFF
2026-08-05T05:14:37	NR_SA,Unknown	NR_SA	false	0	2147483647	OFF
2026-08-05T05:15:07	NR_SA,Unknown	NR_SA	false	0	2147483647	OFF
2026-08-05T05:15:38	NR_SA,Unknown	NR_SA	false	0	2147483647	OFF
2026-08-05T05:16:08	NR_SA,Unknown	NR_SA	false	0	2147483647	OFF
2026-08-05T05:16:38	NR_SA,Unknown	NR_SA	false	0	2147483647	OFF
2026-08-05T05:17:09	NR_SA,Unknown	NR_SA	false	0	2147483647	OFF
2026-08-05T05:17:39	NR_SA,Unknown	NR_SA	false	0	2147483647	OFF
2026-08-05T05:18:09	NR_SA,Unknown	NR_SA	false	0	2147483647	OFF
2026-08-05T05:18:40	NR_SA,Unknown	NR_SA	false	0	2147483647	OFF
2026-08-05T05:19:10	NR_SA,Unknown	NR_SA	false	0	2147483647	OFF
2026-08-05T05:19:41	NR_SA,Unknown	NR_SA	false	0	2147483647	OFF
2026-08-05T05:20:11	NR_SA,Unknown	NR_SA	false	0	2147483647	OFF
2026-08-05T05:20:41	NR_SA,Unknown	?	false	0	?	OFF
2026-08-05T08:44:14		?	false	0	?	OFF
2026-08-05T08:44:44		?	false	0	?	OFF
2026-08-05T08:45:14	NR_SA,Unknown	NR_SA	false	0	2147483647	ON
2026-08-05T08:45:45	NR_SA,Unknown	NR_SA	false	0	2147483647	ON
2026-08-05T08:46:15	NR_SA,Unknown	NR_SA	false	0	2147483647	ON
2026-08-05T08:46:45	NR_SA,Unknown	NR_SA	false	0	2147483647	ON
2026-08-05T08:47:16	NR_SA,Unknown	NR_SA	false	0	2147483647	ON
2026-08-05T08:47:47	NR_SA,Unknown	NR_SA	false	0	2147483647	ON
2026-08-05T08:48:17	NR_SA,Unknown	NR_SA	false	0	2147483647	ON
2026-08-05T08:48:48	NR_SA,Unknown	NR_SA	false	0	2147483647	ON
2026-08-05T08:49:18	NR_SA,Unknown	NR_SA	false	0	2147483647	ON
2026-08-05T08:49:49	NR_SA,Unknown	NR_SA	false	0	2147483647	ON
2026-08-05T08:50:19	NR_SA,Unknown	NR_SA	false	0	2147483647	ON
2026-08-05T08:50:50	NR_SA,Unknown	NR_SA	false	0	2147483647	ON
2026-08-05T08:51:20	NR_SA,Unknown	NR_SA	false	0	2147483647	ON
2026-08-05T08:51:51	NR_SA,Unknown	NR_SA	false	0	2147483647	ON
2026-08-05T08:52:21	NR_SA,Unknown	NR_SA	false	0	2147483647	ON
2026-08-05T08:52:52	NR_SA,Unknown	NR_SA	false	0	2147483647	ON
2026-08-05T08:53:22	NR_SA,Unknown	NR_SA	false	0	2147483647	ON
2026-08-05T08:53:52	NR_SA,Unknown	NR_SA	false	0	2147483647	ON
2026-08-05T08:54:23	NR_SA,Unknown	NR_SA	false	0	2147483647	OFF
2026-08-05T08:54:55	NR_SA,Unknown	NR_SA	false	0	2147483647	OFF
2026-08-05T08:55:26	NR_SA,Unknown	NR_SA	false	0	2147483647	OFF
2026-08-05T08:55:56	NR_SA,Unknown	NR_SA	false	0	2147483647	OFF
2026-08-05T08:56:27	NR_SA,Unknown	NR_SA	false	0	2147483647	OFF
2026-08-05T08:56:58	NR_SA,Unknown	NR_SA	false	0	2147483647	OFF
2026-08-05T08:57:29	NR_SA,Unknown	NR_SA	false	0	2147483647	OFF
2026-08-05T08:57:59	NR_SA,Unknown	NR_SA	false	0	2147483647	OFF
2026-08-05T08:58:30	NR_SA,Unknown	NR_SA	false	0	2147483647	OFF
2026-08-05T08:59:01	NR_SA,Unknown	NR_SA	false	0	2147483647	OFF
2026-08-05T08:59:31	NR_SA,Unknown	NR_SA	false	0	2147483647	OFF
2026-08-05T09:00:02	NR_SA,Unknown	NR_SA	false	0	2147483647	OFF
2026-08-05T09:00:32	NR_SA,Unknown	NR_SA	false	0	2147483647	OFF
2026-08-05T09:01:03	NR_SA,Unknown	NR_SA	false	0	2147483647	OFF
2026-08-05T09:01:33	NR_SA,Unknown	NR_SA	false	0	2147483647	OFF
2026-08-05T09:02:04	NR_SA,Unknown	NR_SA	false	0	2147483647	OFF
2026-08-05T09:02:35	NR_SA,Unknown	NR_SA	false	0	2147483647	OFF
2026-08-05T09:03:06	NR_SA,Unknown	NR_SA	false	0	2147483647	OFF
2026-08-05T09:03:36	NR_SA,Unknown	NR_SA	false	0	2147483647	OFF
2026-08-05T09:04:07	NR_SA,Unknown	NR_SA	false	0	2147483647	OFF
2026-08-05T09:04:37	NR_SA,Unknown	NR_SA	false	0	2147483647	OFF
2026-08-05T09:05:08	NR_SA,Unknown	NR_SA	false	0	2147483647	OFF
2026-08-05T09:05:39	NR_SA,Unknown	NR_SA	false	0	2147483647	OFF
2026-08-05T09:06:09	NR_SA,Unknown	NR_SA	false	0	2147483647	OFF
2026-08-05T09:06:42	NR_SA,Unknown	NR_SA	false	0	2147483647	OFF
2026-08-05T09:07:13	NR_SA,Unknown	NR_SA	false	0	2147483647	OFF
2026-08-05T09:07:43	NR_SA,Unknown	NR_SA	false	0	2147483647	OFF
2026-08-05T09:08:14	NR_SA,Unknown	NR_SA	false	0	2147483647	OFF
2026-08-05T09:08:45	NR_SA,Unknown	NR_SA	false	0	2147483647	OFF
2026-08-05T09:09:15	NR_SA,Unknown	NR_SA	false	0	2147483647	OFF
2026-08-05T09:09:46	NR_SA,Unknown	NR_SA	false	0	2147483647	OFF
2026-08-05T09:10:16	NR_SA,Unknown	NR_SA	false	0	2147483647	OFF
2026-08-05T09:10:46	NR_SA,Unknown	NR_SA	false	0	2147483647	OFF
2026-08-05T09:11:18	NR_SA,Unknown	NR_SA	false	0	2147483647	OFF
2026-08-05T09:11:48	NR_SA,Unknown	NR_SA	false	0	2147483647	OFF
2026-08-05T09:12:19	NR_SA,Unknown	NR_SA	false	0	2147483647	OFF
2026-08-05T09:12:49	NR_SA,Unknown	NR_SA	false	0	2147483647	OFF
2026-08-05T09:13:20	NR_SA,Unknown	NR_SA	false	0	2147483647	OFF
2026-08-05T09:13:50	NR_SA,Unknown	NR_SA	false	0	2147483647	OFF
2026-08-05T09:14:21	NR_SA,Unknown	NR_SA	false	0	2147483647	OFF
2026-08-05T09:14:51	NR_SA,Unknown	NR_SA	false	0	2147483647	OFF
2026-08-05T09:15:23	NR_SA,Unknown	NR_SA	false	0	2147483647	OFF
2026-08-05T09:15:53	NR_SA,Unknown	NR_SA	false	0	2147483647	OFF
2026-08-05T09:16:24	NR_SA,Unknown	NR_SA	false	0	2147483647	OFF
2026-08-05T09:16:55	NR_SA,Unknown	NR_SA	false	0	2147483647	OFF
2026-08-05T09:17:25	NR_SA,Unknown	NR_SA	false	0	2147483647	OFF
2026-08-05T09:17:56	NR_SA,Unknown	NR_SA	false	0	2147483647	OFF
2026-08-05T09:18:27	NR_SA,Unknown	NR_SA	false	0	2147483647	OFF
2026-08-05T09:18:58	NR_SA,Unknown	NR_SA	false	0	2147483647	OFF
2026-08-05T09:19:28	NR_SA,Unknown	NR_SA	false	0	2147483647	OFF
2026-08-05T09:19:59	NR_SA,Unknown	NR_SA	false	0	2147483647	OFF
2026-08-05T09:20:30	NR_SA,Unknown	NR_SA	false	0	2147483647	OFF
2026-08-05T09:21:00	NR_SA,Unknown	NR_SA	false	0	2147483647	OFF
2026-08-05T09:21:31	NR_SA,Unknown	NR_SA	false	0	2147483647	OFF
2026-08-05T09:22:01	NR_SA,Unknown	NR_SA	false	0	2147483647	OFF
2026-08-05T09:22:32	NR_SA,Unknown	NR_SA	false	0	2147483647	OFF
2026-08-05T09:23:02	NR_SA,Unknown	NR_SA	false	0	2147483647	OFF
2026-08-05T09:23:32	NR_SA,Unknown	NR_SA	false	0	2147483647	OFF
2026-08-05T09:24:03	NR_SA,Unknown	NR_SA	false	0	2147483647	OFF
2026-08-05T09:24:33	NR_SA,Unknown	NR_SA	false	0	2147483647	OFF
2026-08-05T09:25:04	NR_SA,Unknown	NR_SA	false	0	2147483647	OFF
2026-08-05T09:25:34	NR_SA,Unknown	NR_SA	false	0	2147483647	OFF
2026-08-05T09:26:05	NR_SA,Unknown	NR_SA	false	0	2147483647	OFF
2026-08-05T09:26:35	NR_SA,Unknown	NR_SA	false	0	2147483647	OFF
2026-08-05T09:27:06	NR_SA,Unknown	NR_SA	false	0	2147483647	OFF
2026-08-05T09:27:36	NR_SA,Unknown	NR_SA	false	0	2147483647	OFF
2026-08-05T09:28:06	NR_SA,Unknown	NR_SA	false	0	2147483647	OFF
2026-08-05T09:28:37	NR_SA,Unknown	NR_SA	false	0	2147483647	OFF
2026-08-05T09:29:08	NR_SA,Unknown	NR_SA	false	0	2147483647	OFF
2026-08-05T09:29:38	NR_SA,Unknown	NR_SA	false	0	2147483647	OFF
2026-08-05T09:30:09	NR_SA,Unknown	NR_SA	false	0	2147483647	OFF
2026-08-05T09:30:39	NR_SA,Unknown	NR_SA	false	0	2147483647	OFF
2026-08-05T09:31:09	NR_SA,Unknown	NR_SA	false	0	2147483647	OFF
2026-08-05T09:31:40	NR_SA,Unknown	NR_SA	false	0	2147483647	OFF
2026-08-05T09:32:10	NR_SA,Unknown	NR_SA	false	0	2147483647	OFF
2026-08-05T09:32:41	NR_SA,Unknown	NR_SA	false	0	2147483647	OFF
2026-08-05T09:33:12	NR_SA,Unknown	NR_SA	false	0	2147483647	OFF
2026-08-05T09:33:42	NR_SA,Unknown	NR_SA	false	0	2147483647	OFF
2026-08-05T09:34:12	NR_SA,Unknown	NR_SA	false	0	2147483647	OFF
2026-08-05T09:34:43	NR_SA,Unknown	NR_SA	false	0	2147483647	OFF
2026-08-05T09:35:13	NR_SA,Unknown	NR_SA	false	0	2147483647	OFF
2026-08-05T09:35:44	NR_SA,Unknown	NR_SA	false	0	2147483647	OFF
2026-08-05T09:36:15	NR_SA,Unknown	NR_SA	false	0	2147483647	OFF
2026-08-05T09:36:45	NR_SA,Unknown	NR_SA	false	0	2147483647	OFF
2026-08-05T09:37:16	NR_SA,Unknown	NR_SA	false	0	2147483647	OFF
2026-08-05T09:37:46	NR_SA,Unknown	NR_SA	false	0	2147483647	OFF
2026-08-05T09:38:17	NR_SA,Unknown	NR_SA	false	0	2147483647	OFF
2026-08-05T09:38:48	NR_SA,Unknown	NR_SA	false	0	2147483647	OFF
2026-08-05T09:39:18	NR_SA,Unknown	NR_SA	false	0	2147483647	OFF
2026-08-05T09:39:49	NR_SA,Unknown	NR_SA	false	0	2147483647	OFF
2026-08-05T09:40:19	NR_SA,Unknown	NR_SA	false	0	2147483647	OFF
2026-08-05T09:40:50	NR_SA,Unknown	NR_SA	false	0	2147483647	OFF
2026-08-05T09:41:20	NR_SA,Unknown	NR_SA	false	0	2147483647	OFF
2026-08-05T09:41:50	NR_SA,Unknown	NR_SA	false	0	2147483647	OFF
2026-08-05T09:42:21	NR_SA,Unknown	NR_SA	false	0	2147483647	OFF
2026-08-05T09:42:51	NR_SA,Unknown	NR_SA	false	0	2147483647	OFF
2026-08-05T09:43:21	NR_SA,Unknown	NR_SA	false	0	2147483647	OFF
2026-08-05T09:43:52	NR_SA,Unknown	NR_SA	false	0	2147483647	OFF
2026-08-05T09:44:22	NR_SA,Unknown	NR_SA	false	0	2147483647	OFF
2026-08-05T09:44:52	NR_SA,Unknown	NR_SA	false	0	2147483647	OFF
2026-08-05T09:45:23	NR_SA,Unknown	NR_SA	false	0	2147483647	OFF
2026-08-05T09:45:53	NR_SA,Unknown	NR_SA	false	0	2147483647	OFF
2026-08-05T09:46:24	NR_SA,Unknown	NR_SA	false	0	2147483647	OFF
2026-08-05T09:46:54	NR_SA,Unknown	NR_SA	false	0	2147483647	OFF
2026-08-05T09:47:24	NR_SA,Unknown	NR_SA	false	0	2147483647	OFF
2026-08-05T09:47:55	NR_SA,Unknown	NR_SA	false	0	2147483647	OFF
2026-08-05T09:48:25	NR_SA,Unknown	NR_SA	false	0	2147483647	OFF
2026-08-05T09:48:56	NR_SA,Unknown	NR_SA	false	0	2147483647	OFF
2026-08-05T09:49:26	NR_SA,Unknown	NR_SA	false	0	2147483647	OFF
2026-08-05T09:49:57	NR_SA,Unknown	NR_SA	false	0	2147483647	OFF
2026-08-05T09:50:27	NR_SA,Unknown	NR_SA	false	0	2147483647	OFF
2026-08-05T09:50:57	NR_SA,Unknown	NR_SA	false	0	2147483647	OFF
2026-08-05T09:51:28	NR_SA,Unknown	NR_SA	false	0	2147483647	OFF
2026-08-05T09:51:58	NR_SA,Unknown	NR_SA	false	0	2147483647	OFF
2026-08-05T09:52:29	NR_SA,Unknown	NR_SA	false	0	2147483647	OFF
2026-08-05T09:52:59	NR_SA,Unknown	NR_SA	false	0	2147483647	OFF
2026-08-05T09:53:30	NR_SA,Unknown	NR_SA	false	0	2147483647	OFF
2026-08-05T09:54:00	NR_SA,Unknown	NR_SA	false	0	2147483647	OFF
2026-08-05T09:54:30	NR_SA,Unknown	NR_SA	false	0	2147483647	OFF
2026-08-05T09:55:01	NR_SA,Unknown	NR_SA	false	0	2147483647	OFF
2026-08-05T09:55:31	NR_SA,Unknown	NR_SA	false	0	2147483647	OFF
2026-08-05T09:56:02	NR_SA,Unknown	NR_SA	false	0	2147483647	OFF
2026-08-05T09:56:32	NR_SA,Unknown	NR_SA	false	0	2147483647	OFF
2026-08-05T09:57:03	NR_SA,Unknown	NR_SA	false	0	2147483647	OFF
2026-08-05T09:57:33	NR_SA,Unknown	NR_SA	false	0	2147483647	OFF
2026-08-05T09:58:03	NR_SA,Unknown	NR_SA	false	0	2147483647	OFF
2026-08-05T09:58:34	NR_SA,Unknown	NR_SA	false	0	2147483647	OFF
2026-08-05T09:59:04	NR_SA,Unknown	NR_SA	false	0	2147483647	OFF
2026-08-05T09:59:35	NR_SA,Unknown	NR_SA	false	0	2147483647	OFF
2026-08-05T10:00:05	NR_SA,Unknown	NR_SA	false	0	2147483647	OFF
2026-08-05T10:00:35	NR_SA,Unknown	NR_SA	false	0	2147483647	OFF
2026-08-05T10:01:06	NR_SA,Unknown	NR_SA	false	0	2147483647	OFF
2026-08-05T10:01:36	NR_SA,Unknown	NR_SA	false	0	2147483647	OFF
2026-08-05T10:02:07	NR_SA,Unknown	NR_SA	false	0	2147483647	OFF
2026-08-05T10:02:37	NR_SA,Unknown	NR_SA	false	0	2147483647	OFF
2026-08-05T10:03:08	NR_SA,Unknown	NR_SA	false	0	2147483647	OFF
2026-08-05T10:03:38	NR_SA,Unknown	NR_SA	false	0	2147483647	OFF
2026-08-05T10:04:08	NR_SA,Unknown	NR_SA	false	0	2147483647	OFF
2026-08-05T10:04:39	NR_SA,Unknown	NR_SA	false	0	2147483647	OFF
2026-08-05T10:05:09	NR_SA,Unknown	NR_SA	false	0	2147483647	OFF
2026-08-05T10:05:39	NR_SA,Unknown	NR_SA	false	0	2147483647	OFF
2026-08-05T10:06:09	NR_SA,Unknown	NR_SA	false	0	2147483647	OFF
2026-08-05T10:06:40	NR_SA,Unknown	NR_SA	false	0	2147483647	OFF
2026-08-05T10:07:10	NR_SA,Unknown	NR_SA	false	0	2147483647	OFF
2026-08-05T10:07:40	NR_SA,Unknown	NR_SA	false	0	2147483647	OFF
2026-08-05T10:08:11	NR_SA,Unknown	NR_SA	false	0	2147483647	OFF
2026-08-05T10:08:41	NR_SA,Unknown	NR_SA	false	0	2147483647	OFF
2026-08-05T10:09:11	NR_SA,Unknown	NR_SA	false	0	2147483647	OFF
2026-08-05T10:09:42	NR_SA,Unknown	NR_SA	false	0	2147483647	OFF
2026-08-05T10:10:12	NR_SA,Unknown	NR_SA	false	0	2147483647	OFF
2026-08-05T10:10:42	NR_SA,Unknown	NR_SA	false	0	2147483647	OFF
2026-08-05T10:11:13	NR_SA,Unknown	NR_SA	false	0	2147483647	OFF
2026-08-05T10:11:43	NR_SA,Unknown	NR_SA	false	0	2147483647	OFF
2026-08-05T10:12:13	NR_SA,Unknown	NR_SA	false	0	2147483647	OFF
2026-08-05T10:12:44	NR_SA,Unknown	NR_SA	false	0	2147483647	OFF
2026-08-05T10:13:14	NR_SA,Unknown	NR_SA	false	0	2147483647	OFF
2026-08-05T10:13:45	NR_SA,Unknown	NR_SA	false	0	2147483647	OFF
2026-08-05T10:14:15	NR_SA,Unknown	NR_SA	false	0	2147483647	OFF
2026-08-05T10:14:45	NR_SA,Unknown	NR_SA	false	0	2147483647	OFF
2026-08-05T10:15:16	NR_SA,Unknown	NR_SA	false	0	2147483647	OFF
2026-08-05T10:15:46	NR_SA,Unknown	NR_SA	false	0	2147483647	OFF
2026-08-05T10:16:16	NR_SA,Unknown	NR_SA	false	0	2147483647	OFF
2026-08-05T10:16:47	NR_SA,Unknown	NR_SA	false	0	2147483647	OFF
2026-08-05T10:17:17	NR_SA,Unknown	NR_SA	false	0	2147483647	OFF
2026-08-05T10:17:47	NR_SA,Unknown	NR_SA	false	0	2147483647	OFF
2026-08-05T10:18:18	NR_SA,Unknown	NR_SA	false	0	2147483647	OFF
2026-08-05T10:18:48	NR_SA,Unknown	NR_SA	false	0	2147483647	OFF
2026-08-05T10:19:18	NR_SA,Unknown	NR_SA	false	0	2147483647	OFF
2026-08-05T10:19:49	NR_SA,Unknown	NR_SA	false	0	2147483647	OFF
2026-08-05T10:20:19	NR_SA,Unknown	NR_SA	false	0	2147483647	OFF
2026-08-05T10:20:49	NR_SA,Unknown	NR_SA	false	0	2147483647	OFF
2026-08-05T10:21:20	NR_SA,Unknown	NR_SA	false	0	2147483647	OFF
2026-08-05T10:21:50	NR_SA,Unknown	NR_SA	false	0	2147483647	OFF
2026-08-05T10:22:21	NR_SA,Unknown	NR_SA	false	0	2147483647	OFF
2026-08-05T10:22:51	NR_SA,Unknown	NR_SA	false	0	2147483647	OFF
2026-08-05T10:23:21	NR_SA,Unknown	NR_SA	false	0	2147483647	OFF
2026-08-05T10:23:52	NR_SA,Unknown	NR_SA	false	0	2147483647	OFF
2026-08-05T10:24:22	NR_SA,Unknown	NR_SA	false	0	2147483647	OFF
2026-08-05T10:24:53	NR_SA,Unknown	NR_SA	false	0	2147483647	OFF
2026-08-05T10:25:23	NR_SA,Unknown	NR_SA	false	0	2147483647	OFF
2026-08-05T10:25:53	NR_SA,Unknown	NR_SA	false	0	2147483647	OFF
2026-08-05T10:26:24	NR_SA,Unknown	NR_SA	false	0	2147483647	OFF
2026-08-05T10:26:54	NR_SA,Unknown	NR_SA	false	0	2147483647	OFF
2026-08-05T10:27:25	NR_SA,Unknown	NR_SA	false	0	2147483647	OFF
2026-08-05T10:27:55	NR_SA,Unknown	NR_SA	false	0	2147483647	OFF
2026-08-05T10:28:25	NR_SA,Unknown	NR_SA	false	0	2147483647	OFF
2026-08-05T10:28:56	NR_SA,Unknown	NR_SA	false	0	2147483647	OFF
2026-08-05T10:29:26	NR_SA,Unknown	NR_SA	false	0	2147483647	OFF
2026-08-05T10:29:56	NR_SA,Unknown	NR_SA	false	0	2147483647	OFF
2026-08-05T10:30:27	NR_SA,Unknown	NR_SA	false	0	2147483647	OFF
2026-08-05T10:30:57	NR_SA,Unknown	NR_SA	false	0	2147483647	OFF
2026-08-05T10:31:28	NR_SA,Unknown	NR_SA	false	0	2147483647	OFF
2026-08-05T10:31:58	NR_SA,Unknown	NR_SA	false	0	2147483647	OFF
2026-08-05T10:32:28	NR_SA,Unknown	NR_SA	false	0	2147483647	OFF
2026-08-05T10:32:59	NR_SA,Unknown	NR_SA	false	0	2147483647	OFF
2026-08-05T10:33:29	NR_SA,Unknown	NR_SA	false	0	2147483647	OFF
2026-08-05T10:33:59	NR_SA,Unknown	NR_SA	false	0	2147483647	OFF
2026-08-05T10:34:30	NR_SA,Unknown	NR_SA	false	0	2147483647	OFF
2026-08-05T10:35:00	NR_SA,Unknown	NR_SA	false	0	2147483647	OFF
2026-08-05T10:35:30	NR_SA,Unknown	NR_SA	false	0	2147483647	OFF
2026-08-05T10:36:01	NR_SA,Unknown	NR_SA	false	0	2147483647	OFF
2026-08-05T10:36:31	NR_SA,Unknown	NR_SA	false	0	2147483647	OFF
2026-08-05T10:37:01	NR_SA,Unknown	NR_SA	false	0	2147483647	OFF
2026-08-05T10:37:32	NR_SA,Unknown	NR_SA	false	0	2147483647	OFF
2026-08-05T10:38:02	NR_SA,Unknown	NR_SA	false	0	2147483647	OFF
2026-08-05T10:38:32	NR_SA,Unknown	NR_SA	false	0	2147483647	OFF
2026-08-05T10:39:03	NR_SA,Unknown	NR_SA	false	0	2147483647	OFF
2026-08-05T10:39:33	NR_SA,Unknown	NR_SA	false	0	2147483647	OFF
2026-08-05T10:40:03	NR_SA,Unknown	NR_SA	false	0	2147483647	OFF
2026-08-05T10:40:33	NR_SA,Unknown	NR_SA	false	0	2147483647	OFF
2026-08-05T10:41:04	NR_SA,Unknown	NR_SA	false	0	2147483647	OFF
2026-08-05T10:41:34	NR_SA,Unknown	NR_SA	false	0	2147483647	OFF
2026-08-05T10:42:05	NR_SA,Unknown	NR_SA	false	0	2147483647	OFF
2026-08-05T10:42:35	NR_SA,Unknown	NR_SA	false	0	2147483647	OFF
2026-08-05T10:43:06	NR_SA,Unknown	NR_SA	false	0	2147483647	OFF
2026-08-05T10:43:36	NR_SA,Unknown	NR_SA	false	0	2147483647	OFF
2026-08-05T10:44:06	NR_SA,Unknown	NR_SA	false	0	2147483647	OFF
2026-08-05T10:44:37	NR_SA,Unknown	NR_SA	false	0	2147483647	OFF
2026-08-05T10:45:07	NR_SA,Unknown	NR_SA	false	0	2147483647	OFF
2026-08-05T10:45:37	NR_SA,Unknown	NR_SA	false	0	2147483647	OFF
2026-08-05T10:46:08	NR_SA,Unknown	NR_SA	false	0	2147483647	OFF
2026-08-05T10:46:38	NR_SA,Unknown	NR_SA	false	0	2147483647	OFF
2026-08-05T10:47:09	NR_SA,Unknown	NR_SA	false	0	2147483647	OFF
2026-08-05T10:47:39	NR_SA,Unknown	NR_SA	false	0	2147483647	OFF
2026-08-05T10:48:10	NR_SA,Unknown	NR_SA	false	0	2147483647	OFF
2026-08-05T10:48:40	NR_SA,Unknown	NR_SA	false	0	2147483647	OFF
2026-08-05T10:49:11	NR_SA,Unknown	NR_SA	false	0	2147483647	OFF
2026-08-05T10:49:41	NR_SA,Unknown	NR_SA	false	0	2147483647	OFF
2026-08-05T10:50:12	NR_SA,Unknown	NR_SA	false	0	2147483647	OFF
2026-08-05T10:50:42	NR_SA,Unknown	NR_SA	false	0	2147483647	OFF
2026-08-05T10:51:12	NR_SA,Unknown	NR_SA	false	0	2147483647	OFF
2026-08-05T10:51:43	NR_SA,Unknown	NR_SA	false	0	2147483647	OFF
2026-08-05T10:52:14	NR_SA,Unknown	NR_SA	false	0	2147483647	OFF
2026-08-05T10:52:44	NR_SA,Unknown	NR_SA	false	0	2147483647	OFF
2026-08-05T10:53:15	NR_SA,Unknown	NR_SA	false	0	2147483647	OFF
2026-08-05T10:53:45	NR_SA,Unknown	NR_SA	false	0	2147483647	OFF
2026-08-05T10:54:16	NR_SA,Unknown	NR_SA	false	0	2147483647	OFF
2026-08-05T10:54:46	NR_SA,Unknown	NR_SA	false	0	2147483647	OFF
2026-08-05T10:55:16	NR_SA,Unknown	NR_SA	false	0	2147483647	OFF
2026-08-05T10:55:47	NR_SA,Unknown	NR_SA	false	0	2147483647	OFF
2026-08-05T10:56:17	NR_SA,Unknown	NR_SA	false	0	2147483647	OFF
2026-08-05T10:56:47	NR_SA,Unknown	NR_SA	false	0	2147483647	OFF
2026-08-05T10:57:18	NR_SA,Unknown	NR_SA	false	0	2147483647	OFF
2026-08-05T10:57:48	NR_SA,Unknown	NR_SA	false	0	2147483647	OFF
2026-08-05T10:58:18	NR_SA,Unknown	NR_SA	false	0	2147483647	OFF
2026-08-05T10:58:49	NR_SA,Unknown	NR_SA	false	0	2147483647	OFF
2026-08-05T10:59:19	NR_SA,Unknown	NR_SA	false	0	2147483647	OFF
2026-08-05T10:59:49	NR_SA,Unknown	NR_SA	false	0	2147483647	OFF
2026-08-05T11:00:20	NR_SA,Unknown	NR_SA	false	0	2147483647	OFF
2026-08-05T11:00:50	NR_SA,Unknown	NR_SA	false	0	2147483647	OFF
2026-08-05T11:01:20	NR_SA,Unknown	NR_SA	false	0	2147483647	OFF
2026-08-05T11:01:51	NR_SA,Unknown	NR_SA	false	0	2147483647	OFF
2026-08-05T11:02:21	NR_SA,Unknown	NR_SA	false	0	2147483647	OFF
2026-08-05T11:02:51	NR_SA,Unknown	NR_SA	false	0	2147483647	OFF
2026-08-05T11:03:21	NR_SA,Unknown	NR_SA	false	0	2147483647	OFF
2026-08-05T11:03:52	NR_SA,Unknown	NR_SA	false	0	2147483647	OFF
2026-08-05T11:04:22	NR_SA,Unknown	NR_SA	false	0	2147483647	OFF
2026-08-05T11:04:52	NR_SA,Unknown	NR_SA	false	0	2147483647	OFF
2026-08-05T11:05:23	NR_SA,Unknown	NR_SA	false	0	2147483647	OFF
2026-08-05T11:05:53	NR_SA,Unknown	NR_SA	false	0	2147483647	OFF
2026-08-05T11:06:23	NR_SA,Unknown	NR_SA	false	0	2147483647	OFF
2026-08-05T11:06:54	NR_SA,Unknown	NR_SA	false	0	2147483647	OFF
2026-08-05T11:07:24	NR_SA,Unknown	NR_SA	false	0	2147483647	OFF
2026-08-05T11:07:54	NR_SA,Unknown	NR_SA	false	0	2147483647	OFF
2026-08-05T11:08:25	NR_SA,Unknown	NR_SA	false	0	2147483647	OFF
2026-08-05T11:08:55	NR_SA,Unknown	NR_SA	false	0	2147483647	OFF
2026-08-05T11:09:25	NR_SA,Unknown	NR_SA	false	0	2147483647	OFF
2026-08-05T11:09:55	NR_SA,Unknown	NR_SA	false	0	2147483647	OFF
2026-08-05T11:10:26	NR_SA,Unknown	NR_SA	false	0	2147483647	OFF
2026-08-05T11:10:56	NR_SA,Unknown	NR_SA	false	0	2147483647	OFF
2026-08-05T11:11:26	NR_SA,Unknown	NR_SA	false	0	2147483647	OFF
2026-08-05T11:11:57	NR_SA,Unknown	NR_SA	false	0	2147483647	OFF
2026-08-05T11:12:27	NR_SA,Unknown	NR_SA	false	0	2147483647	OFF
2026-08-05T11:12:57	NR_SA,Unknown	NR_SA	false	0	2147483647	OFF
2026-08-05T11:13:28	NR_SA,Unknown	NR_SA	false	0	2147483647	OFF
2026-08-05T11:13:58	NR_SA,Unknown	NR_SA	false	0	2147483647	OFF
2026-08-05T11:14:28	NR_SA,Unknown	NR_SA	false	0	2147483647	OFF
2026-08-05T11:14:59	NR_SA,Unknown	NR_SA	false	0	2147483647	OFF
2026-08-05T11:15:29	NR_SA,Unknown	NR_SA	false	0	2147483647	OFF
2026-08-05T11:15:59	NR_SA,Unknown	NR_SA	false	0	2147483647	OFF
2026-08-05T11:16:29	NR_SA,Unknown	NR_SA	false	0	2147483647	OFF
2026-08-05T11:17:00	NR_SA,Unknown	NR_SA	false	0	2147483647	OFF
2026-08-05T11:17:30	NR_SA,Unknown	NR_SA	false	0	2147483647	OFF
2026-08-05T11:18:01	NR_SA,Unknown	NR_SA	false	0	2147483647	OFF
2026-08-05T11:18:31	NR_SA,Unknown	NR_SA	false	0	2147483647	OFF
2026-08-05T11:19:02	NR_SA,Unknown	NR_SA	false	0	2147483647	OFF
2026-08-05T11:19:32	NR_SA,Unknown	NR_SA	false	0	2147483647	OFF
2026-08-05T11:20:02	NR_SA,Unknown	NR_SA	false	0	2147483647	OFF
2026-08-05T11:20:33	NR_SA,Unknown	NR_SA	false	0	2147483647	OFF
2026-08-05T11:21:04	NR_SA,Unknown	NR_SA	false	0	2147483647	OFF
2026-08-05T11:21:35	NR_SA,Unknown	NR_SA	false	0	2147483647	OFF
2026-08-05T11:22:05	NR_SA,Unknown	NR_SA	false	0	2147483647	OFF
2026-08-05T11:22:36	NR_SA,Unknown	NR_SA	false	0	2147483647	OFF
2026-08-05T11:23:06	NR_SA,Unknown	NR_SA	false	0	2147483647	OFF
2026-08-05T11:23:36	NR_SA,Unknown	NR_SA	false	0	2147483647	OFF
2026-08-05T11:24:07	NR_SA,Unknown	NR_SA	false	0	2147483647	OFF
2026-08-05T11:24:37	NR_SA,Unknown	NR_SA	false	0	2147483647	OFF
2026-08-05T11:25:07	NR_SA,Unknown	NR_SA	false	0	2147483647	OFF
2026-08-05T11:25:38	NR_SA,Unknown	NR_SA	false	0	2147483647	OFF
2026-08-05T11:26:08	NR_SA,Unknown	NR_SA	false	0	2147483647	OFF
2026-08-05T11:26:39	NR_SA,Unknown	NR_SA	false	0	2147483647	OFF
2026-08-05T11:27:09	NR_SA,Unknown	NR_SA	false	0	2147483647	OFF
2026-08-05T11:27:40	NR_SA,Unknown	NR_SA	false	0	2147483647	OFF
2026-08-05T11:28:10	NR_SA,Unknown	NR_SA	false	0	2147483647	OFF
2026-08-05T11:28:41	NR_SA,Unknown	NR_SA	false	0	2147483647	OFF
2026-08-05T11:29:11	NR_SA,Unknown	NR_SA	false	0	2147483647	OFF
2026-08-05T11:29:42	NR_SA,Unknown	NR_SA	false	0	2147483647	OFF
2026-08-05T11:30:12	NR_SA,Unknown	NR_SA	false	0	2147483647	OFF
2026-08-05T11:30:42	NR_SA,Unknown	NR_SA	false	0	2147483647	OFF
2026-08-05T11:31:14	NR_SA,Unknown	NR_SA	false	0	2147483647	OFF
2026-08-05T11:31:44	NR_SA,Unknown	NR_SA	false	0	2147483647	OFF
2026-08-05T11:32:15	NR_SA,Unknown	NR_SA	false	0	2147483647	OFF
2026-08-05T11:32:45	NR_SA,Unknown	NR_SA	false	0	2147483647	OFF
2026-08-05T11:33:15	NR_SA,Unknown	NR_SA	false	0	2147483647	OFF
2026-08-05T11:33:46	NR_SA,Unknown	NR_SA	false	0	2147483647	OFF
2026-08-05T11:34:16	NR_SA,Unknown	NR_SA	false	0	2147483647	OFF
2026-08-05T11:34:46	NR_SA,Unknown	NR_SA	false	0	2147483647	OFF
2026-08-05T11:35:17	NR_SA,Unknown	NR_SA	false	0	2147483647	OFF
2026-08-05T11:35:47	NR_SA,Unknown	NR_SA	false	0	2147483647	OFF
2026-08-05T11:36:17	NR_SA,Unknown	NR_SA	false	0	2147483647	OFF
2026-08-05T11:36:48	NR_SA,Unknown	NR_SA	false	0	2147483647	OFF
2026-08-05T11:37:18	NR_SA,Unknown	NR_SA	false	0	2147483647	OFF
2026-08-05T11:37:48	NR_SA,Unknown	NR_SA	false	0	2147483647	OFF
2026-08-05T11:38:19	NR_SA,Unknown	NR_SA	false	0	2147483647	OFF
2026-08-05T11:38:49	NR_SA,Unknown	NR_SA	false	0	2147483647	OFF
2026-08-05T11:39:19	NR_SA,Unknown	NR_SA	false	0	2147483647	OFF
2026-08-05T11:39:50	NR_SA,Unknown	NR_SA	false	0	2147483647	OFF
2026-08-05T11:40:20	NR_SA,Unknown	NR_SA	false	0	2147483647	OFF
2026-08-05T11:40:50	NR_SA,Unknown	NR_SA	false	0	2147483647	OFF
2026-08-05T11:41:21	NR_SA,Unknown	NR_SA	false	0	2147483647	OFF
2026-08-05T11:41:51	NR_SA,Unknown	NR_SA	false	0	2147483647	OFF
2026-08-05T11:42:21	NR_SA,Unknown	NR_SA	false	0	2147483647	OFF
2026-08-05T11:42:51	NR_SA,Unknown	NR_SA	false	0	2147483647	OFF
2026-08-05T11:43:22	NR_SA,Unknown	NR_SA	false	0	2147483647	OFF
2026-08-05T11:43:52	NR_SA,Unknown	NR_SA	false	0	2147483647	OFF
2026-08-05T11:44:22	NR_SA,Unknown	NR_SA	false	0	2147483647	OFF
2026-08-05T11:44:53	NR_SA,Unknown	NR_SA	false	0	2147483647	OFF
2026-08-05T11:45:23	NR_SA,Unknown	NR_SA	false	0	2147483647	OFF
2026-08-05T11:45:53	NR_SA,Unknown	NR_SA	false	0	2147483647	OFF
2026-08-05T11:46:24	NR_SA,Unknown	NR_SA	false	0	2147483647	OFF
2026-08-05T11:46:54	NR_SA,Unknown	NR_SA	false	0	2147483647	OFF
2026-08-05T11:47:25	NR_SA,Unknown	NR_SA	false	0	2147483647	OFF
2026-08-05T11:47:55	NR_SA,Unknown	NR_SA	false	0	2147483647	OFF
2026-08-05T11:48:25	NR_SA,Unknown	NR_SA	false	0	2147483647	OFF
2026-08-05T11:48:56	NR_SA,Unknown	NR_SA	false	0	2147483647	OFF
2026-08-05T11:49:26	NR_SA,Unknown	NR_SA	false	0	2147483647	OFF
2026-08-05T11:49:56	NR_SA,Unknown	NR_SA	false	0	2147483647	OFF
2026-08-05T11:50:27	NR_SA,Unknown	NR_SA	false	0	2147483647	OFF
2026-08-05T11:50:57	NR_SA,Unknown	NR_SA	false	0	2147483647	OFF
2026-08-05T11:51:27	NR_SA,Unknown	NR_SA	false	0	2147483647	OFF
2026-08-05T11:51:58	NR_SA,Unknown	NR_SA	false	0	2147483647	OFF
2026-08-05T11:52:28	NR_SA,Unknown	NR_SA	false	0	2147483647	OFF
2026-08-05T11:52:58	NR_SA,Unknown	NR_SA	false	0	2147483647	OFF
2026-08-05T11:53:29	NR_SA,Unknown	NR_SA	false	0	2147483647	OFF
2026-08-05T11:53:59	NR_SA,Unknown	NR_SA	false	0	2147483647	OFF
2026-08-05T11:54:30	NR_SA,Unknown	NR_SA	false	0	2147483647	OFF
2026-08-05T11:55:00	NR_SA,Unknown	NR_SA	false	0	2147483647	OFF
2026-08-05T11:55:30	NR_SA,Unknown	NR_SA	false	0	2147483647	OFF
2026-08-05T11:56:01	NR_SA,Unknown	NR_SA	false	0	2147483647	OFF
2026-08-05T11:56:31	NR_SA,Unknown	NR_SA	false	0	2147483647	OFF
2026-08-05T11:57:01	NR_SA,Unknown	NR_SA	false	0	2147483647	OFF
2026-08-05T11:57:32	NR_SA,Unknown	NR_SA	false	0	2147483647	OFF
2026-08-05T11:58:02	NR_SA,Unknown	NR_SA	false	0	2147483647	OFF
2026-08-05T11:58:32	NR_SA,Unknown	NR_SA	false	0	2147483647	OFF
2026-08-05T11:59:03	NR_SA,Unknown	NR_SA	false	0	2147483647	OFF
2026-08-05T11:59:33	NR_SA,Unknown	NR_SA	false	0	2147483647	OFF
2026-08-05T12:00:03	NR_SA,Unknown	NR_SA	false	0	2147483647	OFF
2026-08-05T12:00:34	NR_SA,Unknown	NR_SA	false	0	2147483647	OFF
2026-08-05T12:01:04	NR_SA,Unknown	NR_SA	false	0	2147483647	OFF
2026-08-05T12:01:34	NR_SA,Unknown	NR_SA	false	0	2147483647	OFF
2026-08-05T12:02:05	NR_SA,Unknown	NR_SA	false	0	2147483647	ON
2026-08-05T12:02:36	NR_SA,Unknown	NR_SA	false	0	2147483647	ON
2026-08-05T12:03:06	NR_SA,Unknown	NR_SA	false	0	2147483647	ON
2026-08-05T12:03:37	NR_SA,Unknown	NR_SA	false	0	2147483647	ON
2026-08-05T12:04:07	NR_SA,Unknown	NR_SA	false	0	2147483647	ON
2026-08-05T12:04:37	NR_SA,Unknown	NR_SA	false	0	2147483647	ON
2026-08-05T12:05:08	NR_SA,Unknown	NR_SA	false	0	2147483647	ON
2026-08-05T12:05:38	NR_SA,Unknown	NR_SA	false	0	2147483647	ON
2026-08-05T12:06:08	NR_SA,Unknown	NR_SA	false	0	2147483647	ON
2026-08-05T12:06:39	NR_SA,Unknown	NR_SA	false	0	2147483647	ON
2026-08-05T12:07:09	NR_SA,Unknown	NR_SA	false	0	2147483647	ON
2026-08-05T12:07:39	NR_SA,Unknown	NR_SA	false	0	2147483647	ON
2026-08-05T12:08:09	NR_SA,Unknown	NR_SA	false	0	2147483647	ON
2026-08-05T12:08:40	NR_SA,Unknown	NR_SA	false	0	2147483647	ON
2026-08-05T12:09:10	NR_SA,Unknown	NR_SA	false	0	2147483647	ON
2026-08-05T12:09:40	NR_SA,Unknown	NR_SA	false	0	2147483647	ON
2026-08-05T12:10:11	NR_SA,Unknown	NR_SA	false	0	2147483647	ON
2026-08-05T12:10:41	NR_SA,Unknown	NR_SA	false	0	2147483647	ON
2026-08-05T12:11:11	NR_SA,Unknown	NR_SA	false	0	2147483647	ON
2026-08-05T12:11:42	NR_SA,Unknown	NR_SA	false	0	2147483647	ON
2026-08-05T12:12:12	NR_SA,Unknown	NR_SA	false	0	2147483647	ON
2026-08-05T12:12:42	NR_SA,Unknown	NR_SA	false	0	2147483647	ON
2026-08-05T12:13:12	NR_SA,Unknown	NR_SA	false	0	2147483647	ON
2026-08-05T12:13:43	NR_SA,Unknown	NR_SA	false	0	2147483647	ON
2026-08-05T12:14:13	NR_SA,Unknown	NR_SA	false	0	2147483647	ON
2026-08-05T12:14:43	NR_SA,Unknown	NR_SA	false	0	2147483647	ON
2026-08-05T12:15:14	NR_SA,Unknown	NR_SA	false	0	2147483647	ON
2026-08-05T12:15:44	NR_SA,Unknown	NR_SA	false	0	2147483647	ON
2026-08-05T12:16:14	NR_SA,Unknown	NR_SA	false	0	2147483647	ON
2026-08-05T12:16:45	NR_SA,Unknown	NR_SA	false	0	2147483647	ON
2026-08-05T12:17:15	NR_SA,Unknown	NR_SA	false	0	2147483647	ON
2026-08-15T13:50:11	NR_SA,Unknown	NR_SA	false	0	2147483647	ON
2026-08-15T13:50:41	NR_SA,Unknown	NR_SA	false	0	2147483647	ON
2026-08-15T13:51:11	NR_SA,Unknown	NR_SA	false	0	2147483647	ON
2026-08-15T13:51:42	NR_SA,Unknown	NR_SA	false	0	2147483647	ON
2026-08-15T13:52:12	NR_SA,Unknown	NR_SA	false	0	2147483647	ON
2026-08-15T13:52:42	NR_SA,Unknown	NR_SA	false	0	2147483647	ON
2026-08-15T13:53:12	NR_SA,Unknown	NR_SA	false	0	2147483647	ON
2026-08-15T13:53:43	NR_SA,Unknown	NR_SA	false	0	2147483647	ON
2026-08-15T13:54:13	NR_SA,Unknown	NR_SA	false	0	2147483647	ON
2026-08-15T13:54:43	NR_SA,Unknown	NR_SA	false	0	2147483647	ON
2026-08-15T13:55:13	NR_SA,Unknown	NR_SA	false	0	2147483647	ON
2026-08-15T13:55:44	NR_SA,Unknown	NR_SA	false	0	2147483647	ON
2026-08-15T13:56:14	NR_SA,Unknown	NR_SA	false	0	2147483647	ON
2026-08-15T13:56:44	NR_SA,Unknown	NR_SA	false	0	2147483647	ON
2026-08-15T13:57:15	NR_SA,Unknown	NR_SA	false	0	2147483647	ON
2026-08-15T13:57:45	NR_SA,Unknown	NR_SA	false	0	2147483647	ON
2026-08-15T13:58:15	NR_SA,Unknown	NR_SA	false	0	2147483647	ON
2026-08-15T13:58:45	NR_SA,Unknown	NR_SA	false	0	2147483647	ON
2026-08-15T13:59:16	NR_SA,Unknown	NR_SA	false	0	2147483647	ON
2026-08-15T13:59:46	NR_SA,Unknown	NR_SA	false	0	2147483647	ON
2026-08-15T14:00:16	NR_SA,Unknown	NR_SA	false	0	2147483647	ON
2026-08-15T14:00:46	NR_SA,Unknown	NR_SA	false	0	2147483647	ON
2026-08-15T14:01:17	LTE,Unknown	LTE	false	0	420	ON
2026-08-15T14:01:47	LTE,Unknown	LTE	false	0	420	ON
2026-08-15T14:02:17	LTE,Unknown	LTE	false	0	420	ON
2026-08-15T14:02:48	LTE,Unknown	LTE	false	0	420	ON
2026-08-15T14:03:18	LTE,Unknown	LTE	false	0	420	ON
2026-08-15T14:03:48	LTE,Unknown	LTE	false	0	420	ON
2026-08-15T14:04:18	LTE,Unknown	LTE	false	0	420	ON
2026-08-15T14:04:49	LTE,Unknown	LTE	false	0	420	ON
2026-08-15T14:05:19	LTE,Unknown	LTE	false	0	420	ON
2026-08-15T14:05:49	LTE,Unknown	LTE	false	0	420	ON
2026-08-15T14:06:19	LTE,Unknown	LTE	false	0	420	ON
2026-08-15T14:06:50	LTE,Unknown	LTE	false	0	420	ON
2026-08-15T14:07:20	LTE,Unknown	LTE	false	0	420	ON
2026-08-15T14:07:51	LTE,Unknown	LTE	false	0	420	ON
2026-08-15T14:08:21	LTE,Unknown	LTE	false	0	420	ON
2026-08-15T14:08:51	LTE,Unknown	LTE	false	0	420	ON
2026-08-15T14:09:22	LTE,Unknown	LTE	false	0	420	ON
2026-08-15T14:09:52	LTE,Unknown	LTE	false	0	420	ON
2026-08-15T14:10:22	LTE,Unknown	LTE	false	0	420	ON
2026-08-15T14:10:52	LTE,Unknown	LTE	false	0	420	ON
2026-08-15T14:11:23	LTE,Unknown	LTE	false	0	420	ON
2026-08-15T14:11:53	LTE,Unknown	LTE	false	0	420	ON
2026-08-15T14:12:23	LTE,Unknown	LTE	false	0	420	ON
2026-08-15T14:12:54	LTE,Unknown	LTE	false	0	420	ON
2026-08-15T14:13:24	LTE,Unknown	LTE	false	0	420	OFF
2026-08-15T14:13:54	LTE,Unknown	LTE	false	0	420	OFF
2026-08-15T14:14:24	LTE,Unknown	LTE	false	0	420	OFF
2026-08-15T14:14:55	LTE,Unknown	LTE	false	0	420	OFF
2026-08-15T14:15:25	LTE,Unknown	LTE	false	0	420	OFF
2026-08-15T14:15:55	LTE,Unknown	LTE	false	0	420	OFF
2026-08-15T14:16:25	LTE,Unknown	LTE	false	0	420	OFF
2026-08-15T14:16:56	LTE,Unknown	LTE	false	0	420	OFF
2026-08-15T14:17:26	LTE,Unknown	LTE	false	0	420	OFF
2026-08-15T14:17:56	LTE,Unknown	LTE	false	0	420	OFF
2026-08-15T14:18:27	LTE,Unknown	LTE	false	0	420	OFF
2026-08-15T14:18:57	LTE,Unknown	LTE	false	0	420	OFF
2026-08-15T14:19:27	LTE,Unknown	LTE	false	0	420	OFF
2026-08-15T14:19:57	LTE,Unknown	LTE	false	0	420	OFF
2026-08-15T14:20:28	LTE,Unknown	LTE	false	0	420	OFF
2026-08-15T14:20:58	LTE,Unknown	LTE	false	0	420	OFF
2026-08-15T14:21:28	LTE,Unknown	LTE	false	0	420	OFF
2026-08-15T14:21:58	LTE,Unknown	LTE	false	0	420	OFF
2026-08-15T14:22:29	LTE,Unknown	LTE	false	0	420	OFF
2026-08-15T14:22:59	LTE,Unknown	LTE	false	0	420	OFF
2026-08-15T14:23:29	LTE,Unknown	LTE	false	0	420	OFF
2026-08-15T14:24:00	LTE,Unknown	LTE	false	0	420	OFF
2026-08-15T14:24:30	LTE,Unknown	LTE	false	0	420	OFF
2026-08-15T14:25:00	LTE,Unknown	LTE	false	0	420	OFF
2026-08-15T14:25:30	LTE,Unknown	LTE	false	0	420	OFF
2026-08-15T14:26:01	LTE,Unknown	LTE	false	0	420	OFF
2026-08-15T14:26:31	LTE,Unknown	LTE	false	0	420	OFF
2026-08-15T14:27:01	LTE,Unknown	LTE	false	0	420	OFF
2026-08-15T14:27:31	LTE,Unknown	LTE	false	0	420	OFF
2026-08-15T14:28:02	LTE,Unknown	LTE	false	0	420	OFF
2026-08-15T14:28:32	LTE,Unknown	LTE	false	0	420	OFF
2026-08-15T14:29:02	LTE,Unknown	LTE	false	0	420	OFF
2026-08-15T14:29:33	LTE,Unknown	LTE	false	0	420	OFF
2026-08-15T14:30:03	LTE,Unknown	LTE	false	0	420	OFF
2026-08-15T14:30:33	LTE,Unknown	LTE	false	0	420	OFF
2026-08-15T14:31:03	LTE,Unknown	LTE	false	0	420	OFF
2026-08-15T14:31:34	LTE,Unknown	LTE	false	0	420	OFF
2026-08-15T14:32:04	LTE,Unknown	LTE	false	0	420	OFF
2026-08-15T14:32:34	LTE,Unknown	LTE	false	0	420	OFF
2026-08-15T14:33:05	LTE,Unknown	LTE	false	0	420	OFF
2026-08-15T14:33:35	LTE,Unknown	LTE	false	0	420	OFF
2026-08-15T14:34:05	LTE,Unknown	LTE	false	0	420	OFF
2026-08-15T14:34:35	LTE,Unknown	LTE	false	0	420	OFF
2026-08-15T14:35:06	LTE,Unknown	LTE	false	0	420	OFF
2026-08-15T14:35:36	LTE,Unknown	LTE	false	0	420	OFF
2026-08-15T14:36:06	LTE,Unknown	LTE	false	0	420	OFF
2026-08-15T14:36:36	LTE,Unknown	LTE	false	0	420	OFF
2026-08-15T14:37:07	LTE,Unknown	LTE	false	0	420	OFF
2026-08-15T14:37:37	LTE,Unknown	LTE	false	0	420	OFF
2026-08-15T14:38:07	LTE,Unknown	LTE	false	0	420	OFF
2026-08-15T14:38:38	LTE,Unknown	LTE	false	0	420	OFF
2026-08-15T14:39:08	LTE,Unknown	LTE	false	0	420	OFF
2026-08-15T14:39:38	LTE,Unknown	LTE	false	0	420	OFF
2026-08-15T14:40:08	LTE,Unknown	LTE	false	0	420	OFF
2026-08-15T14:40:39	LTE,Unknown	LTE	false	0	420	OFF
2026-08-15T14:41:09	LTE,Unknown	LTE	false	0	420	OFF
2026-08-15T14:41:39	LTE,Unknown	LTE	false	0	420	OFF
2026-08-15T14:42:09	LTE,Unknown	LTE	false	0	420	OFF
2026-08-15T14:42:40	LTE,Unknown	LTE	false	0	420	OFF
2026-08-15T14:43:10	LTE,Unknown	LTE	false	0	420	OFF
2026-08-15T14:43:40	LTE,Unknown	LTE	false	0	420	OFF
2026-08-15T14:44:10	LTE,Unknown	LTE	false	0	420	OFF
2026-08-15T14:44:41	LTE,Unknown	LTE	false	0	420	OFF
2026-08-15T14:45:11	LTE,Unknown	LTE	false	0	420	OFF
2026-08-15T14:45:41	LTE,Unknown	LTE	false	0	420	OFF
2026-08-15T14:46:12	LTE,Unknown	LTE	false	0	420	OFF
2026-08-15T14:46:42	LTE,Unknown	LTE	false	0	420	OFF
2026-08-15T14:47:12	LTE,Unknown	LTE	false	0	420	OFF
2026-08-15T14:47:43	LTE,Unknown	LTE	false	0	420	OFF
2026-08-15T14:48:13	LTE,Unknown	LTE	false	0	420	OFF
2026-08-15T14:48:43	LTE,Unknown	LTE	false	0	420	OFF
2026-08-15T14:49:13	LTE,Unknown	LTE	false	0	420	OFF
2026-08-15T14:49:44	LTE,Unknown	LTE	false	0	420	OFF
2026-08-15T14:50:14	LTE,Unknown	LTE	false	0	420	OFF
2026-08-15T14:50:44	LTE,Unknown	LTE	false	0	420	OFF
2026-08-15T14:51:14	LTE,Unknown	LTE	false	0	420	OFF
2026-08-15T14:51:45	LTE,Unknown	LTE	false	0	420	OFF
2026-08-15T14:52:15	LTE,Unknown	LTE	false	0	420	OFF
2026-08-15T14:52:45	LTE,Unknown	LTE	false	0	420	OFF
2026-08-15T14:53:15	LTE,Unknown	LTE	false	0	420	OFF
2026-08-15T14:53:46	LTE,Unknown	LTE	false	0	420	OFF
2026-08-15T14:54:16	LTE,Unknown	LTE	false	0	420	OFF
2026-08-15T14:54:46	LTE,Unknown	LTE	false	0	420	OFF
2026-08-15T14:55:16	LTE,Unknown	LTE	false	0	420	OFF
2026-08-15T14:55:47	LTE,Unknown	LTE	false	0	420	OFF
2026-08-15T14:56:17	LTE,Unknown	LTE	false	0	420	OFF
2026-08-15T14:56:47	LTE,Unknown	LTE	false	0	420	OFF
2026-08-15T14:57:17	LTE,Unknown	LTE	false	0	420	OFF
2026-08-15T14:57:48	LTE,Unknown	LTE	false	0	420	OFF
2026-08-15T14:58:18	LTE,Unknown	LTE	false	0	420	OFF
2026-08-15T14:58:48	LTE,Unknown	LTE	false	0	420	OFF
2026-08-15T14:59:18	LTE,Unknown	LTE	false	0	420	OFF
2026-08-15T14:59:49	LTE,Unknown	LTE	false	0	420	OFF
2026-08-15T15:00:19	LTE,Unknown	LTE	false	0	420	OFF
2026-08-15T15:00:49	LTE,Unknown	LTE	false	0	420	OFF
2026-08-15T15:01:20	LTE,Unknown	LTE	false	0	420	OFF
2026-08-15T15:01:50	LTE,Unknown	LTE	false	0	420	OFF
2026-08-15T15:02:20	LTE,Unknown	LTE	false	0	420	OFF
2026-08-15T15:02:50	LTE,Unknown	LTE	false	0	420	OFF
2026-08-15T15:03:21	LTE,Unknown	LTE	false	0	420	OFF
2026-08-15T15:03:51	LTE,Unknown	LTE	false	0	420	OFF
2026-08-15T15:04:21	LTE,Unknown	LTE	false	0	420	OFF
2026-08-15T15:04:52	LTE,Unknown	LTE	false	0	420	OFF
2026-08-15T15:05:22	LTE,Unknown	LTE	false	0	420	OFF
2026-08-15T15:05:53	LTE,Unknown	LTE	false	0	420	OFF
2026-08-15T15:06:23	LTE,Unknown	LTE	false	0	420	OFF
2026-08-15T15:06:53	LTE,Unknown	LTE	false	0	420	OFF
2026-08-15T15:07:24	LTE,Unknown	LTE	false	0	420	OFF
2026-08-15T15:07:54	LTE,Unknown	LTE	false	0	420	OFF
2026-08-15T15:08:25	LTE,Unknown	LTE	false	0	420	OFF
2026-08-15T15:08:55	LTE,Unknown	LTE	false	0	420	OFF
2026-08-15T15:09:26	LTE,Unknown	LTE	false	0	420	OFF
2026-08-15T15:09:57	LTE,Unknown	LTE	false	0	420	OFF
2026-08-15T15:10:27	LTE,Unknown	LTE	false	0	420	OFF
2026-08-15T15:10:57	LTE,Unknown	LTE	false	0	420	OFF
2026-08-15T15:11:31	LTE,Unknown	LTE	false	0	420	OFF
2026-08-15T15:12:01	LTE,Unknown	LTE	false	0	420	OFF
2026-08-15T15:12:31	LTE,Unknown	LTE	false	0	420	OFF
2026-08-15T15:13:02	LTE,Unknown	LTE	false	0	420	OFF
2026-08-15T15:13:32	LTE,Unknown	LTE	false	0	420	OFF
2026-08-15T15:14:02	LTE,Unknown	LTE	false	0	420	OFF
2026-08-15T15:14:33	LTE,Unknown	LTE	false	0	420	OFF
2026-08-15T15:15:03	LTE,Unknown	LTE	false	0	420	OFF
2026-08-15T15:15:33	LTE,Unknown	LTE	false	0	420	OFF
2026-08-15T15:16:04	LTE,Unknown	LTE	false	0	420	OFF
2026-08-15T15:16:34	LTE,Unknown	LTE	false	0	420	OFF
2026-08-15T15:17:04	LTE,Unknown	LTE	false	0	420	OFF
2026-08-15T15:17:34	LTE,Unknown	LTE	false	0	420	OFF
2026-08-15T15:18:05	LTE,Unknown	LTE	false	0	420	OFF
2026-08-15T15:18:35	LTE,Unknown	LTE	false	0	420	OFF
2026-08-15T15:19:05	LTE,Unknown	LTE	false	0	420	OFF
2026-08-15T15:19:36	LTE,Unknown	LTE	false	0	420	OFF
2026-08-15T15:20:06	LTE,Unknown	LTE	false	0	420	OFF
2026-08-15T15:20:36	LTE,Unknown	LTE	false	0	420	OFF
2026-08-15T15:21:06	LTE,Unknown	LTE	false	0	420	OFF
2026-08-15T15:21:37	LTE,Unknown	LTE	false	0	420	OFF
2026-08-15T15:22:07	LTE,Unknown	LTE	false	0	420	OFF
2026-08-15T15:22:37	LTE,Unknown	LTE	false	0	420	OFF
2026-08-15T15:23:07	LTE,Unknown	LTE	false	0	420	OFF
2026-08-15T15:23:38	LTE,Unknown	LTE	false	0	420	OFF
2026-08-15T15:24:08	LTE,Unknown	LTE	false	0	420	OFF
2026-08-15T15:24:38	LTE,Unknown	LTE	false	0	420	OFF
2026-08-15T15:25:08	LTE,Unknown	LTE	false	0	420	OFF
2026-08-15T15:25:39	LTE,Unknown	LTE	false	0	420	OFF
2026-08-15T15:26:09	LTE,Unknown	LTE	false	0	420	OFF
2026-08-15T15:26:39	LTE,Unknown	LTE	false	0	420	OFF
2026-08-15T15:27:10	LTE,Unknown	LTE	false	0	420	OFF
2026-08-15T15:27:40	LTE,Unknown	LTE	false	0	420	OFF
2026-08-15T15:28:10	LTE,Unknown	LTE	false	0	420	OFF
2026-08-15T15:28:40	LTE,Unknown	LTE	false	0	420	OFF
2026-08-15T15:29:11	LTE,Unknown	LTE	false	0	420	OFF
2026-08-15T15:29:41	LTE,Unknown	LTE	false	0	420	OFF
2026-08-15T15:30:12	LTE,Unknown	LTE	false	0	420	OFF
2026-08-15T15:30:42	LTE,Unknown	LTE	false	0	420	OFF
2026-08-15T15:31:12	LTE,Unknown	LTE	false	0	420	OFF
2026-08-15T15:31:42	LTE,Unknown	LTE	false	0	420	OFF
2026-08-15T15:32:13	LTE,Unknown	LTE	false	0	420	OFF
2026-08-15T15:32:43	LTE,Unknown	LTE	false	0	420	OFF
2026-08-15T15:33:13	LTE,Unknown	LTE	false	0	420	OFF
2026-08-15T15:33:44	LTE,Unknown	LTE	false	0	420	OFF
2026-08-15T15:34:14	LTE,Unknown	LTE	false	0	420	OFF
2026-08-15T15:34:44	LTE,Unknown	LTE	false	0	420	OFF
2026-08-15T15:35:14	LTE,Unknown	LTE	false	0	420	OFF
2026-08-15T15:35:45	LTE,Unknown	LTE	false	0	420	OFF
2026-08-15T15:36:15	LTE,Unknown	LTE	false	0	420	OFF
2026-08-15T15:36:45	LTE,Unknown	LTE	false	0	420	OFF
2026-08-15T15:37:15	LTE,Unknown	LTE	false	0	420	OFF
2026-08-15T15:37:46	LTE,Unknown	LTE	false	0	420	OFF
2026-08-15T15:38:16	LTE,Unknown	LTE	false	0	420	OFF
2026-08-15T15:38:46	LTE,Unknown	LTE	false	0	420	OFF
2026-08-15T15:39:16	LTE,Unknown	LTE	false	0	420	OFF
2026-08-15T15:39:47	LTE,Unknown	LTE	false	0	420	OFF
2026-08-15T15:40:17	LTE,Unknown	LTE	false	0	420	OFF
2026-08-15T15:40:47	LTE,Unknown	LTE	false	0	420	OFF
2026-08-15T15:41:18	LTE,Unknown	LTE	false	0	420	OFF
2026-08-15T15:41:48	LTE,Unknown	LTE	false	0	420	OFF
2026-08-15T15:42:18	LTE,Unknown	LTE	false	0	420	OFF
2026-08-15T15:42:48	LTE,Unknown	LTE	false	0	420	OFF
2026-08-15T15:43:19	LTE,Unknown	LTE	false	0	420	OFF
2026-08-15T15:43:49	LTE,Unknown	LTE	false	0	420	OFF
2026-08-15T15:44:19	LTE,Unknown	LTE	false	0	420	OFF
2026-08-15T15:44:50	LTE,Unknown	LTE	false	0	420	OFF
2026-08-15T15:45:20	LTE,Unknown	LTE	false	0	420	OFF
2026-08-15T15:45:50	LTE,Unknown	LTE	false	0	420	OFF
2026-08-15T15:46:21	LTE,Unknown	LTE	false	0	420	OFF
2026-08-15T15:46:51	LTE,Unknown	LTE	false	0	420	OFF
2026-08-15T15:47:21	LTE,Unknown	LTE	false	0	420	OFF
2026-08-15T15:47:51	LTE,Unknown	LTE	false	0	420	OFF
2026-08-15T15:48:22	LTE,Unknown	LTE	false	0	420	OFF
2026-08-15T15:48:52	LTE,Unknown	LTE	false	0	420	OFF
2026-08-15T15:49:22	LTE,Unknown	LTE	false	0	420	OFF
2026-08-15T15:49:52	LTE,Unknown	LTE	false	0	420	OFF
2026-08-15T15:50:23	LTE,Unknown	LTE	false	0	420	OFF
2026-08-15T15:50:53	LTE,Unknown	LTE	false	0	420	OFF
2026-08-15T15:51:23	LTE,Unknown	LTE	false	0	420	OFF
2026-08-15T15:51:54	LTE,Unknown	LTE	false	0	420	OFF
2026-08-15T15:52:25	LTE,Unknown	LTE	false	0	420	OFF
2026-08-15T15:52:56	LTE,Unknown	LTE	false	0	420	OFF
2026-08-15T15:53:26	LTE,Unknown	LTE	false	0	420	OFF
2026-08-15T15:53:56	LTE,Unknown	LTE	false	0	420	OFF
2026-08-15T15:54:27	LTE,Unknown	LTE	false	0	420	OFF
2026-08-15T15:54:57	LTE,Unknown	LTE	false	0	420	OFF
2026-08-15T15:55:27	LTE,Unknown	LTE	false	0	420	OFF
2026-08-15T15:55:58	LTE,Unknown	LTE	false	0	420	OFF
2026-08-15T15:56:28	LTE,Unknown	LTE	false	0	420	OFF
2026-08-15T15:56:58	LTE,Unknown	LTE	false	0	420	OFF
2026-08-15T15:57:29	LTE,Unknown	LTE	false	0	420	OFF
2026-08-15T15:57:59	LTE,Unknown	LTE	false	0	420	OFF
2026-08-15T15:58:29	LTE,Unknown	LTE	false	0	420	OFF
2026-08-15T15:59:00	LTE,Unknown	LTE	false	0	420	OFF
2026-08-15T15:59:30	LTE,Unknown	LTE	false	0	420	OFF
2026-08-15T16:00:00	LTE,Unknown	LTE	false	0	420	OFF
2026-08-15T16:00:30	LTE,Unknown	LTE	false	0	420	OFF
2026-08-15T16:01:01	LTE,Unknown	LTE	false	0	420	OFF
2026-08-15T16:01:31	LTE,Unknown	LTE	false	0	420	OFF
2026-08-15T16:02:01	LTE,Unknown	LTE	false	0	420	OFF
2026-08-15T16:02:31	LTE,Unknown	LTE	false	0	420	OFF
2026-08-15T16:03:02	LTE,Unknown	LTE	false	0	420	OFF
2026-08-15T16:03:32	LTE,Unknown	LTE	false	0	420	OFF
2026-08-15T16:04:02	LTE,Unknown	LTE	false	0	420	OFF
2026-08-15T16:04:32	LTE,Unknown	LTE	false	0	420	OFF
2026-08-15T16:05:03	LTE,Unknown	LTE	false	0	420	OFF
2026-08-15T16:05:33	LTE,Unknown	LTE	false	0	420	OFF
2026-08-15T16:06:03	LTE,Unknown	LTE	false	0	420	OFF
2026-08-15T16:06:34	LTE,Unknown	LTE	false	0	420	OFF
2026-08-15T16:07:04	LTE,Unknown	LTE	false	0	420	OFF
2026-08-15T16:07:34	LTE,Unknown	LTE	false	0	420	OFF
2026-08-15T16:08:04	LTE,Unknown	LTE	false	0	420	OFF
2026-08-15T16:08:35	LTE,Unknown	LTE	false	0	420	OFF
2026-08-15T16:09:05	LTE,Unknown	LTE	false	0	420	OFF
2026-08-15T16:09:35	LTE,Unknown	LTE	false	0	420	OFF
2026-08-15T16:10:05	LTE,Unknown	LTE	false	0	420	OFF
2026-08-15T16:10:36	LTE,Unknown	LTE	false	0	420	OFF
2026-08-15T16:11:06	LTE,Unknown	LTE	false	0	420	OFF
2026-08-15T16:11:36	LTE,Unknown	LTE	false	0	420	OFF
2026-08-15T16:12:06	LTE,Unknown	LTE	false	0	420	OFF
2026-08-15T16:12:37	LTE,Unknown	LTE	false	0	420	OFF
2026-08-15T16:13:07	LTE,Unknown	LTE	false	0	420	OFF
2026-08-15T16:13:37	LTE,Unknown	LTE	false	0	420	OFF
2026-08-15T16:14:08	LTE,Unknown	LTE	false	0	420	OFF
2026-08-15T16:14:38	LTE,Unknown	LTE	false	0	420	OFF
2026-08-15T16:15:08	LTE,Unknown	LTE	false	0	420	OFF
2026-08-15T16:15:39	LTE,Unknown	LTE	false	0	420	OFF
2026-08-15T16:16:09	LTE,Unknown	LTE	false	0	420	OFF
2026-08-15T16:16:39	LTE,Unknown	LTE	false	0	420	OFF
2026-08-15T16:17:09	LTE,Unknown	LTE	false	0	420	OFF
2026-08-15T16:17:40	LTE,Unknown	LTE	false	0	420	OFF
2026-08-15T16:18:10	LTE,Unknown	LTE	false	0	420	OFF
2026-08-15T16:18:40	LTE,Unknown	LTE	false	0	420	OFF
2026-08-15T16:19:10	LTE,Unknown	LTE	false	0	420	OFF
2026-08-15T16:19:41	LTE,Unknown	LTE	false	0	420	OFF
2026-08-15T16:20:11	LTE,Unknown	LTE	false	0	420	OFF
2026-08-15T16:20:41	LTE,Unknown	LTE	false	0	420	OFF
2026-08-15T16:21:12	LTE,Unknown	LTE	false	0	420	OFF
2026-08-15T16:21:42	LTE,Unknown	LTE	false	0	420	OFF
2026-08-15T16:22:12	LTE,Unknown	LTE	false	0	420	OFF
2026-08-15T16:22:42	LTE,Unknown	LTE	false	0	420	OFF
2026-08-15T16:23:13	LTE,Unknown	LTE	false	0	420	OFF
2026-08-15T16:23:43	LTE,Unknown	LTE	false	0	420	OFF
2026-08-15T16:24:13	LTE,Unknown	LTE	false	0	420	OFF
2026-08-15T16:24:43	LTE,Unknown	LTE	false	0	420	OFF
2026-08-15T16:25:14	LTE,Unknown	LTE	false	0	420	OFF
2026-08-15T16:25:44	LTE,Unknown	LTE	false	0	420	OFF
2026-08-15T16:26:14	LTE,Unknown	LTE	false	0	420	OFF
2026-08-15T16:26:44	LTE,Unknown	LTE	false	0	420	OFF
2026-08-15T16:27:15	LTE,Unknown	LTE	false	0	420	OFF
2026-08-15T16:27:45	LTE,Unknown	LTE	false	0	420	OFF
2026-08-15T16:28:15	LTE,Unknown	LTE	false	0	420	OFF
2026-08-15T16:28:45	LTE,Unknown	LTE	false	0	420	OFF
2026-08-15T16:29:16	LTE,Unknown	LTE	false	0	420	OFF
2026-08-15T16:29:46	LTE,Unknown	LTE	false	0	420	OFF
2026-08-15T16:30:16	LTE,Unknown	LTE	false	0	420	OFF
2026-08-15T16:30:46	LTE,Unknown	LTE	false	0	420	OFF
2026-08-15T16:31:17	LTE,Unknown	LTE	false	0	420	OFF
2026-08-15T16:31:47	LTE,Unknown	LTE	false	0	420	OFF
2026-08-15T16:32:17	LTE,Unknown	LTE	false	0	420	OFF
2026-08-15T16:32:48	LTE,Unknown	LTE	false	0	420	OFF
2026-08-15T16:33:18	LTE,Unknown	LTE	false	0	420	OFF
2026-08-15T16:33:48	LTE,Unknown	LTE	false	0	420	OFF
2026-08-15T16:34:18	LTE,Unknown	LTE	false	0	420	OFF
2026-08-15T16:34:49	LTE,Unknown	LTE	false	0	420	OFF
2026-08-15T16:35:19	LTE,Unknown	LTE	false	0	420	OFF
2026-08-15T16:35:49	LTE,Unknown	LTE	false	0	420	OFF
2026-08-15T16:36:19	LTE,Unknown	LTE	false	0	420	OFF
2026-08-15T16:36:50	LTE,Unknown	LTE	false	0	420	OFF
2026-08-15T16:37:20	LTE,Unknown	LTE	false	0	420	OFF
2026-08-15T16:37:50	LTE,Unknown	LTE	false	0	420	OFF
2026-08-15T16:38:20	LTE,Unknown	LTE	false	0	420	OFF
2026-08-15T16:38:51	LTE,Unknown	LTE	false	0	420	OFF
2026-08-15T16:39:21	LTE,Unknown	LTE	false	0	420	OFF
2026-08-15T16:39:51	LTE,Unknown	LTE	false	0	420	OFF
2026-08-15T16:40:22	LTE,Unknown	LTE	false	0	420	OFF
2026-08-15T16:40:52	LTE,Unknown	LTE	false	0	420	OFF
2026-08-15T16:41:22	LTE,Unknown	LTE	false	0	420	OFF
2026-08-15T16:41:52	LTE,Unknown	LTE	false	0	420	OFF
2026-08-15T16:42:23	LTE,Unknown	LTE	false	0	420	OFF
2026-08-15T16:42:53	LTE,Unknown	LTE	false	0	420	OFF
2026-08-15T16:43:23	LTE,Unknown	LTE	false	0	420	OFF
2026-08-15T16:43:53	LTE,Unknown	LTE	false	0	420	OFF
2026-08-15T16:44:24	LTE,Unknown	LTE	false	0	420	OFF
2026-08-15T16:44:54	LTE,Unknown	LTE	false	0	420	OFF
2026-08-15T16:45:24	LTE,Unknown	LTE	false	0	420	OFF
2026-08-15T16:45:55	LTE,Unknown	LTE	false	0	420	OFF
2026-08-15T16:46:25	LTE,Unknown	LTE	false	0	420	OFF
2026-08-15T16:46:55	LTE,Unknown	LTE	false	0	420	OFF
2026-08-15T16:47:26	LTE,Unknown	LTE	false	0	420	OFF
2026-08-15T16:47:56	LTE,Unknown	LTE	false	0	420	OFF
2026-08-15T16:48:26	LTE,Unknown	LTE	false	0	420	OFF
2026-08-15T16:48:56	LTE,Unknown	LTE	false	0	420	OFF
2026-08-15T16:49:27	LTE,Unknown	LTE	false	0	420	OFF
2026-08-15T16:49:57	LTE,Unknown	LTE	false	0	420	OFF
2026-08-15T16:50:27	LTE,Unknown	LTE	false	0	420	OFF
2026-08-15T16:50:58	LTE,Unknown	LTE	false	0	420	OFF
2026-08-15T16:51:28	LTE,Unknown	LTE	false	0	420	OFF
2026-08-15T16:51:59	LTE,Unknown	LTE	false	0	420	OFF
2026-08-15T16:52:29	LTE,Unknown	LTE	false	0	420	OFF
2026-08-15T16:53:00	LTE,Unknown	LTE	false	0	420	OFF
2026-08-15T16:53:30	LTE,Unknown	LTE	false	0	420	OFF
2026-08-15T16:54:01	LTE,Unknown	LTE	false	0	420	OFF
2026-08-15T16:54:31	LTE,Unknown	LTE	false	0	420	OFF
2026-08-15T16:55:02	LTE,Unknown	LTE	false	0	420	OFF
2026-08-15T16:55:32	LTE,Unknown	LTE	false	0	420	OFF
2026-08-15T16:56:02	LTE,Unknown	LTE	false	0	420	OFF
2026-08-15T16:56:33	LTE,Unknown	LTE	false	0	420	OFF
2026-08-15T16:57:03	LTE,Unknown	LTE	false	0	420	OFF
2026-08-15T16:57:33	LTE,Unknown	LTE	false	0	420	OFF
2026-08-15T16:58:04	LTE,Unknown	LTE	false	0	420	OFF
2026-08-15T16:58:34	LTE,Unknown	LTE	false	0	420	OFF
2026-08-15T16:59:05	LTE,Unknown	LTE	false	0	420	OFF
2026-08-15T16:59:35	LTE,Unknown	LTE	false	0	420	OFF
2026-08-15T17:00:05	LTE,Unknown	LTE	false	0	420	OFF
2026-08-15T17:00:36	LTE,Unknown	LTE	false	0	420	OFF
2026-08-15T17:01:06	LTE,Unknown	LTE	false	0	420	OFF
2026-08-15T17:01:37	LTE,Unknown	LTE	false	0	420	OFF
2026-08-15T17:02:07	LTE,Unknown	LTE	false	0	420	OFF
2026-08-15T17:02:37	LTE,Unknown	LTE	false	0	420	OFF
2026-08-15T17:03:08	LTE,Unknown	LTE	false	0	420	OFF
2026-08-15T17:03:38	LTE,Unknown	LTE	false	0	420	OFF
2026-08-15T17:04:08	LTE,Unknown	LTE	false	0	420	OFF
2026-08-15T17:04:39	LTE,Unknown	LTE	false	0	420	OFF
2026-08-15T17:05:09	LTE,Unknown	LTE	false	0	420	OFF
2026-08-15T17:05:40	LTE,Unknown	LTE	false	0	420	OFF
2026-08-15T17:06:10	LTE,Unknown	LTE	false	0	420	OFF
2026-08-15T17:06:40	LTE,Unknown	LTE	false	0	420	OFF
2026-08-15T17:07:11	LTE,Unknown	LTE	false	0	420	OFF
2026-08-15T17:07:41	LTE,Unknown	LTE	false	0	420	OFF
2026-08-15T17:08:11	LTE,Unknown	LTE	false	0	420	OFF
2026-08-15T17:08:42	LTE,Unknown	LTE	false	0	420	OFF
2026-08-15T17:09:12	LTE,Unknown	LTE	false	0	420	OFF
2026-08-15T17:09:42	LTE,Unknown	LTE	false	0	420	OFF
2026-08-15T17:10:13	LTE,Unknown	LTE	false	0	420	OFF
2026-08-15T17:10:43	LTE,Unknown	LTE	false	0	420	OFF
2026-08-15T17:11:13	LTE,Unknown	LTE	false	0	420	OFF
2026-08-15T17:11:44	LTE,Unknown	LTE	false	0	420	OFF
2026-08-15T17:12:14	LTE,Unknown	LTE	false	0	420	OFF
2026-08-15T17:12:44	LTE,Unknown	LTE	false	0	420	OFF
2026-08-15T17:13:15	LTE,Unknown	LTE	false	0	420	OFF
2026-08-15T17:13:45	LTE,Unknown	LTE	false	0	420	OFF
2026-08-15T17:14:15	LTE,Unknown	LTE	false	0	420	OFF
2026-08-15T17:14:46	LTE,Unknown	LTE	false	0	420	OFF
2026-08-15T17:15:16	LTE,Unknown	LTE	false	0	420	OFF
2026-08-15T17:15:46	LTE,Unknown	LTE	false	0	420	OFF
2026-08-15T17:16:17	LTE,Unknown	LTE	false	0	420	OFF
2026-08-15T17:16:47	LTE,Unknown	LTE	false	0	420	OFF
2026-08-15T17:17:18	LTE,Unknown	LTE	false	0	420	OFF
2026-08-15T17:17:48	LTE,Unknown	LTE	false	0	420	OFF
2026-08-15T17:18:19	LTE,Unknown	LTE	false	0	420	OFF
2026-08-15T17:18:49	LTE,Unknown	LTE	false	0	420	OFF
2026-08-15T17:19:20	LTE,Unknown	LTE	false	0	420	OFF
2026-08-15T17:19:50	LTE,Unknown	LTE	false	0	420	OFF
2026-08-15T17:20:20	LTE,Unknown	LTE	false	0	420	OFF
2026-08-15T17:20:51	LTE,Unknown	LTE	false	0	420	OFF
2026-08-15T17:21:21	LTE,Unknown	LTE	false	0	420	OFF
2026-08-15T17:21:51	LTE,Unknown	LTE	false	0	420	OFF
2026-08-15T17:22:22	LTE,Unknown	LTE	false	0	420	OFF
2026-08-15T17:22:52	LTE,Unknown	LTE	false	0	420	OFF
2026-08-15T17:23:23	LTE,Unknown	LTE	false	0	420	OFF
2026-08-15T17:23:53	LTE,Unknown	LTE	false	0	420	OFF
2026-08-15T17:24:23	LTE,Unknown	LTE	false	0	420	OFF
2026-08-15T17:24:54	LTE,Unknown	LTE	false	0	420	OFF
2026-08-15T17:25:24	LTE,Unknown	LTE	false	0	420	OFF
2026-08-15T17:25:54	LTE,Unknown	LTE	false	0	420	OFF
2026-08-15T17:26:25	LTE,Unknown	LTE	false	0	420	OFF
2026-08-15T17:26:55	LTE,Unknown	LTE	false	0	420	OFF
2026-08-15T17:27:25	LTE,Unknown	LTE	false	0	420	OFF
2026-08-15T17:27:56	LTE,Unknown	LTE	false	0	420	OFF
2026-08-15T17:28:26	LTE,Unknown	LTE	false	0	420	OFF
2026-08-15T17:28:56	LTE,Unknown	LTE	false	0	420	OFF
2026-08-15T17:29:27	LTE,Unknown	LTE	false	0	420	OFF
2026-08-15T17:29:57	LTE,Unknown	LTE	false	0	420	OFF
2026-08-15T17:30:27	LTE,Unknown	LTE	false	0	420	OFF
2026-08-15T17:30:58	LTE,Unknown	LTE	false	0	420	OFF
2026-08-15T17:31:28	LTE,Unknown	LTE	false	0	420	OFF
2026-08-15T17:31:58	LTE,Unknown	LTE	false	0	420	OFF
2026-08-15T17:32:29	LTE,Unknown	LTE	false	0	420	OFF
2026-08-15T17:32:59	LTE,Unknown	LTE	false	0	420	OFF
2026-08-15T17:33:29	LTE,Unknown	LTE	false	0	420	OFF
2026-08-15T17:34:00	LTE,Unknown	LTE	false	0	420	OFF
2026-08-15T17:34:30	LTE,Unknown	LTE	false	0	420	OFF
2026-08-15T17:35:00	LTE,Unknown	LTE	false	0	420	OFF
2026-08-15T17:35:30	LTE,Unknown	LTE	false	0	420	OFF
2026-08-15T17:36:01	LTE,Unknown	LTE	false	0	420	OFF
2026-08-15T17:36:31	LTE,Unknown	LTE	false	0	420	OFF
2026-08-15T17:37:01	LTE,Unknown	LTE	false	0	420	OFF
2026-08-15T17:37:32	LTE,Unknown	LTE	false	0	420	OFF
2026-08-15T17:38:02	LTE,Unknown	LTE	false	0	420	OFF
2026-08-15T17:38:32	LTE,Unknown	LTE	false	0	420	OFF
2026-08-15T17:39:03	LTE,Unknown	LTE	false	0	420	OFF
2026-08-15T17:39:33	LTE,Unknown	LTE	false	0	420	OFF
2026-08-15T17:40:03	LTE,Unknown	LTE	false	0	420	OFF
2026-08-15T17:40:34	LTE,Unknown	LTE	false	0	420	OFF
2026-08-15T17:41:04	LTE,Unknown	LTE	false	0	420	OFF
2026-08-15T17:41:34	LTE,Unknown	LTE	false	0	420	OFF
2026-08-15T17:42:04	LTE,Unknown	LTE	false	0	420	OFF
2026-08-15T17:42:35	LTE,Unknown	LTE	false	0	420	OFF
2026-08-15T17:43:05	LTE,Unknown	LTE	false	0	420	OFF
2026-08-15T17:43:35	LTE,Unknown	LTE	false	0	420	OFF
2026-08-15T17:44:06	LTE,Unknown	LTE	false	0	420	OFF
2026-08-15T17:44:36	LTE,Unknown	LTE	false	0	420	OFF
2026-08-15T17:45:06	LTE,Unknown	LTE	false	0	420	OFF
2026-08-15T17:45:36	LTE,Unknown	LTE	false	0	420	OFF
2026-08-15T17:46:07	LTE,Unknown	LTE	false	0	420	OFF
2026-08-15T17:46:37	LTE,Unknown	LTE	false	0	420	OFF
2026-08-15T17:47:07	LTE,Unknown	LTE	false	0	420	OFF
2026-08-15T17:47:38	LTE,Unknown	LTE	false	0	420	OFF
2026-08-15T17:48:08	LTE,Unknown	LTE	false	0	420	OFF
2026-08-15T17:48:38	LTE,Unknown	LTE	false	0	420	OFF
2026-08-15T17:49:09	LTE,Unknown	LTE	false	0	420	OFF
2026-08-15T17:49:39	LTE,Unknown	LTE	false	0	420	OFF
2026-08-15T17:50:09	LTE,Unknown	LTE	false	0	420	OFF
2026-08-15T17:50:40	LTE,Unknown	LTE	false	0	420	OFF
2026-08-15T17:51:10	LTE,Unknown	LTE	false	0	420	OFF
2026-08-15T17:51:40	LTE,Unknown	LTE	false	0	420	OFF
2026-08-15T17:52:11	LTE,Unknown	LTE	false	0	420	OFF
2026-08-15T17:52:41	LTE,Unknown	LTE	false	0	420	OFF
2026-08-15T17:53:11	LTE,Unknown	LTE	false	0	420	OFF
2026-08-15T17:53:41	LTE,Unknown	LTE	false	0	420	OFF
2026-08-15T17:54:12	LTE,Unknown	LTE	false	0	420	OFF
2026-08-15T17:54:42	LTE,Unknown	LTE	false	0	420	OFF
2026-08-15T17:55:12	LTE,Unknown	LTE	false	0	420	OFF
2026-08-15T17:55:43	LTE,Unknown	LTE	false	0	420	OFF
2026-08-15T17:56:13	LTE,Unknown	LTE	false	0	420	OFF
2026-08-15T17:56:43	LTE,Unknown	LTE	false	0	420	OFF
2026-08-15T17:57:13	LTE,Unknown	LTE	false	0	420	OFF
2026-08-15T17:57:44	LTE,Unknown	LTE	false	0	420	OFF
2026-08-15T17:58:14	LTE,Unknown	LTE	false	0	420	OFF
2026-08-15T17:58:44	LTE,Unknown	LTE	false	0	420	OFF
2026-08-15T17:59:14	LTE,Unknown	LTE	false	0	420	OFF
2026-08-15T17:59:45	LTE,Unknown	LTE	false	0	420	OFF
2026-08-15T18:00:15	LTE,Unknown	LTE	false	0	420	OFF
2026-08-15T18:00:45	LTE,Unknown	LTE	false	0	420	OFF
2026-08-15T18:01:15	LTE,Unknown	LTE	false	0	420	OFF
2026-08-15T18:01:46	LTE,Unknown	LTE	false	0	420	OFF
2026-08-15T18:02:16	LTE,Unknown	LTE	false	0	420	OFF
2026-08-15T18:02:46	LTE,Unknown	LTE	false	0	420	OFF
2026-08-15T18:03:16	LTE,Unknown	LTE	false	0	420	OFF
2026-08-15T18:03:47	LTE,Unknown	LTE	false	0	420	OFF
2026-08-15T18:04:17	LTE,Unknown	LTE	false	0	420	OFF
2026-08-15T18:04:47	LTE,Unknown	LTE	false	0	420	OFF
2026-08-15T18:05:17	LTE,Unknown	LTE	false	0	420	OFF
2026-08-15T18:05:48	LTE,Unknown	LTE	false	0	420	OFF
2026-08-15T18:06:18	LTE,Unknown	LTE	false	0	420	OFF
2026-08-15T18:06:48	LTE,Unknown	LTE	false	0	420	OFF
2026-08-15T18:07:19	LTE,Unknown	LTE	false	0	420	OFF
2026-08-15T18:07:49	LTE,Unknown	LTE	false	0	420	OFF
2026-08-15T18:08:19	LTE,Unknown	LTE	false	0	420	OFF
2026-08-15T18:08:49	LTE,Unknown	LTE	false	0	420	OFF
2026-08-15T18:09:20	LTE,Unknown	LTE	false	0	420	OFF
2026-08-15T18:09:50	LTE,Unknown	LTE	false	0	420	OFF
2026-08-15T18:10:20	LTE,Unknown	LTE	false	0	420	OFF
2026-08-15T18:10:50	LTE,Unknown	LTE	false	0	420	OFF
2026-08-15T18:11:21	LTE,Unknown	LTE	false	0	420	OFF
2026-08-15T18:11:51	LTE,Unknown	LTE	false	0	420	OFF
2026-08-15T18:12:21	LTE,Unknown	LTE	false	0	420	OFF
2026-08-15T18:12:52	LTE,Unknown	LTE	false	0	420	OFF
2026-08-15T18:13:22	LTE,Unknown	LTE	false	0	420	OFF
2026-08-15T18:13:52	LTE,Unknown	LTE	false	0	420	OFF
2026-08-15T18:14:22	LTE,Unknown	LTE	false	0	420	OFF
2026-08-15T18:14:53	LTE,Unknown	LTE	false	0	420	OFF
2026-08-15T18:15:23	LTE,Unknown	LTE	false	0	420	OFF
2026-08-15T18:15:53	LTE,Unknown	LTE	false	0	420	OFF
2026-08-15T18:16:24	LTE,Unknown	LTE	false	0	420	OFF
2026-08-15T18:16:54	LTE,Unknown	LTE	false	0	420	OFF
2026-08-15T18:17:24	LTE,Unknown	LTE	false	0	420	OFF
2026-08-15T18:17:54	LTE,Unknown	LTE	false	0	420	OFF
2026-08-15T18:18:25	LTE,Unknown	LTE	false	0	420	OFF
2026-08-15T18:18:55	LTE,Unknown	LTE	false	0	420	OFF
2026-08-15T18:19:25	LTE,Unknown	LTE	false	0	420	OFF
2026-08-15T18:19:56	LTE,Unknown	LTE	false	0	420	OFF
2026-08-15T18:20:26	LTE,Unknown	LTE	false	0	420	OFF
2026-08-15T18:20:56	LTE,Unknown	LTE	false	0	420	OFF
2026-08-15T18:21:27	LTE,Unknown	LTE	false	0	420	OFF
2026-08-15T18:21:57	LTE,Unknown	LTE	false	0	420	OFF
2026-08-15T18:22:27	LTE,Unknown	LTE	false	0	420	OFF
2026-08-15T18:22:58	LTE,Unknown	LTE	false	0	420	OFF
2026-08-15T18:23:28	LTE,Unknown	LTE	false	0	420	OFF
2026-08-15T18:23:58	LTE,Unknown	LTE	false	0	420	OFF
2026-08-15T18:24:29	LTE,Unknown	LTE	false	0	420	OFF
2026-08-15T18:24:59	LTE,Unknown	LTE	false	0	420	OFF
2026-08-15T18:25:30	LTE,Unknown	LTE	false	0	420	OFF
2026-08-15T18:26:00	LTE,Unknown	LTE	false	0	420	OFF
2026-08-15T18:26:30	LTE,Unknown	LTE	false	0	420	OFF
2026-08-15T18:27:01	LTE,Unknown	LTE	false	0	420	OFF
2026-08-15T18:27:31	LTE,Unknown	LTE	false	0	420	OFF
2026-08-15T18:28:02	LTE,Unknown	LTE	false	0	420	OFF
2026-08-15T18:28:32	LTE,Unknown	LTE	false	0	420	OFF
2026-08-15T18:29:02	LTE,Unknown	LTE	false	0	420	OFF
2026-08-15T18:29:33	LTE,Unknown	LTE	false	0	420	OFF
2026-08-15T18:30:03	LTE,Unknown	LTE	false	0	420	OFF
2026-08-15T18:30:33	LTE,Unknown	LTE	false	0	420	OFF
2026-08-15T18:31:04	LTE,Unknown	LTE	false	0	420	OFF
2026-08-15T18:31:34	LTE,Unknown	LTE	false	0	420	OFF
2026-08-15T18:32:05	LTE,Unknown	LTE	false	0	420	OFF
2026-08-15T18:32:35	LTE,Unknown	LTE	false	0	420	OFF
2026-08-15T18:33:05	LTE,Unknown	LTE	false	0	420	OFF
2026-08-15T18:33:36	LTE,Unknown	LTE	false	0	420	OFF
2026-08-15T18:34:06	LTE,Unknown	LTE	false	0	420	OFF
2026-08-15T18:34:37	LTE,Unknown	LTE	false	0	420	OFF
2026-08-15T18:35:07	LTE,Unknown	LTE	false	0	420	OFF
2026-08-15T18:35:37	LTE,Unknown	LTE	false	0	420	OFF
2026-08-15T18:36:08	LTE,Unknown	LTE	false	0	420	OFF
2026-08-15T18:36:38	LTE,Unknown	LTE	false	0	420	OFF
2026-08-15T18:37:09	LTE,Unknown	LTE	false	0	420	OFF
2026-08-15T18:37:39	LTE,Unknown	LTE	false	0	420	OFF
2026-08-15T18:38:09	LTE,Unknown	LTE	false	0	420	OFF
2026-08-15T18:38:40	LTE,Unknown	LTE	false	0	420	OFF
2026-08-15T18:39:10	LTE,Unknown	LTE	false	0	420	OFF
2026-08-15T18:39:41	LTE,Unknown	LTE	false	0	420	OFF
2026-08-15T18:40:11	LTE,Unknown	LTE	false	0	420	OFF
2026-08-15T18:40:41	LTE,Unknown	LTE	false	0	420	OFF
2026-08-15T18:41:12	LTE,Unknown	LTE	false	0	420	OFF
2026-08-15T18:41:43	LTE,Unknown	LTE	false	0	420	OFF
2026-08-15T18:42:13	LTE,Unknown	LTE	false	0	420	OFF
2026-08-15T18:42:43	LTE,Unknown	LTE	false	0	420	OFF
2026-08-15T18:43:14	LTE,Unknown	LTE	false	0	420	OFF
2026-08-15T18:43:44	LTE,Unknown	LTE	false	0	420	OFF
2026-08-15T18:44:14	LTE,Unknown	LTE	false	0	420	OFF
2026-08-15T18:44:45	LTE,Unknown	LTE	false	0	420	OFF
2026-08-15T18:45:15	LTE,Unknown	LTE	false	0	420	OFF
2026-08-15T18:45:46	LTE,Unknown	LTE	false	0	420	OFF
2026-08-15T18:46:16	LTE,Unknown	LTE	false	0	420	OFF
2026-08-15T18:46:46	LTE,Unknown	LTE	false	0	420	OFF
2026-08-15T18:47:17	LTE,Unknown	LTE	false	0	420	OFF
2026-08-15T18:47:47	LTE,Unknown	LTE	false	0	420	OFF
2026-08-15T18:48:17	LTE,Unknown	LTE	false	0	420	OFF
2026-08-15T18:48:48	LTE,Unknown	LTE	false	0	420	OFF
2026-08-15T18:49:18	LTE,Unknown	LTE	false	0	420	OFF
2026-08-15T18:49:48	LTE,Unknown	LTE	false	0	420	OFF
2026-08-15T18:50:18	LTE,Unknown	LTE	false	0	420	OFF
2026-08-15T18:50:49	LTE,Unknown	LTE	false	0	420	OFF
2026-08-15T18:51:19	LTE,Unknown	LTE	false	0	420	OFF
2026-08-15T18:51:50	LTE,Unknown	LTE	false	0	420	OFF
2026-08-15T18:52:20	LTE,Unknown	LTE	false	0	420	OFF
2026-08-15T18:52:50	LTE,Unknown	LTE	false	0	420	OFF
2026-08-15T18:53:21	LTE,Unknown	LTE	false	0	420	OFF
2026-08-15T18:53:51	LTE,Unknown	LTE	false	0	420	OFF
2026-08-15T18:54:21	LTE,Unknown	LTE	false	0	420	OFF
2026-08-15T18:54:51	LTE,Unknown	LTE	false	0	420	OFF
2026-08-15T18:55:22	LTE,Unknown	LTE	false	0	420	OFF
2026-08-15T18:55:52	LTE,Unknown	LTE	false	0	420	OFF
2026-08-15T18:56:22	LTE,Unknown	LTE	false	0	420	OFF
2026-08-15T18:56:53	LTE,Unknown	LTE	false	0	420	OFF
2026-08-15T18:57:23	LTE,Unknown	LTE	false	0	420	OFF
2026-08-15T18:57:53	LTE,Unknown	LTE	false	0	420	OFF
2026-08-15T18:58:24	LTE,Unknown	LTE	false	0	420	OFF
2026-08-15T18:58:54	LTE,Unknown	LTE	false	0	420	OFF
2026-08-15T18:59:24	LTE,Unknown	LTE	false	0	420	OFF
2026-08-15T18:59:54	LTE,Unknown	LTE	false	0	420	OFF
2026-08-15T19:00:25	LTE,Unknown	LTE	false	0	420	OFF
2026-08-15T19:00:55	LTE,Unknown	LTE	false	0	420	OFF
2026-08-15T19:01:25	LTE,Unknown	LTE	false	0	420	OFF
2026-08-15T19:01:56	LTE,Unknown	LTE	false	0	420	OFF
2026-08-15T19:02:26	LTE,Unknown	LTE	false	0	420	OFF
2026-08-15T19:02:56	LTE,Unknown	LTE	false	0	420	OFF
2026-08-15T19:03:27	LTE,Unknown	LTE	false	0	420	OFF
2026-08-15T19:03:57	LTE,Unknown	LTE	false	0	420	OFF
2026-08-15T19:04:27	LTE,Unknown	LTE	false	0	420	OFF
2026-08-15T19:04:57	LTE,Unknown	LTE	false	0	420	OFF
2026-08-15T19:05:28	LTE,Unknown	LTE	false	0	420	OFF
2026-08-15T19:05:58	LTE,Unknown	LTE	false	0	420	OFF
2026-08-15T19:06:28	LTE,Unknown	LTE	false	0	420	OFF
2026-08-15T19:06:59	LTE,Unknown	LTE	false	0	420	OFF
2026-08-15T19:07:29	LTE,Unknown	LTE	false	0	420	OFF
2026-08-15T19:07:59	LTE,Unknown	LTE	false	0	420	OFF
2026-08-15T19:08:29	LTE,Unknown	LTE	false	0	420	OFF
2026-08-15T19:09:00	LTE,Unknown	LTE	false	0	420	OFF
2026-08-15T19:09:30	LTE,Unknown	LTE	false	0	420	OFF
2026-08-15T19:10:00	LTE,Unknown	LTE	false	0	420	OFF
2026-08-15T19:10:31	LTE,Unknown	LTE	false	0	420	OFF
2026-08-15T19:11:01	LTE,Unknown	LTE	false	0	420	OFF
2026-08-15T19:11:31	LTE,Unknown	LTE	false	0	420	OFF
2026-08-15T19:12:01	LTE,Unknown	LTE	false	0	420	OFF
2026-08-15T19:12:32	LTE,Unknown	LTE	false	0	420	OFF
2026-08-15T19:13:02	LTE,Unknown	LTE	false	0	420	OFF
2026-08-15T19:13:32	LTE,Unknown	LTE	false	0	420	OFF
2026-08-15T19:14:03	LTE,Unknown	LTE	false	0	420	OFF
2026-08-15T19:14:33	LTE,Unknown	LTE	false	0	420	OFF
2026-08-15T19:15:03	LTE,Unknown	LTE	false	0	420	OFF
2026-08-15T19:15:33	LTE,Unknown	LTE	false	0	420	OFF
2026-08-15T19:16:04	LTE,Unknown	LTE	false	0	420	OFF
2026-08-15T19:16:34	LTE,Unknown	LTE	false	0	420	OFF
2026-08-15T19:17:04	LTE,Unknown	LTE	false	0	420	OFF
2026-08-15T19:17:34	LTE,Unknown	LTE	false	0	420	OFF
2026-08-15T19:18:05	LTE,Unknown	LTE	false	0	420	OFF
2026-08-15T19:18:35	LTE,Unknown	LTE	false	0	420	OFF
2026-08-15T19:19:05	LTE,Unknown	LTE	false	0	420	OFF
2026-08-15T19:19:36	LTE,Unknown	LTE	false	0	420	OFF
2026-08-15T19:20:06	LTE,Unknown	LTE	false	0	420	OFF
2026-08-15T19:20:36	LTE,Unknown	LTE	false	0	420	OFF
2026-08-15T19:21:06	LTE,Unknown	LTE	false	0	420	OFF
2026-08-15T19:21:37	LTE,Unknown	LTE	false	0	420	OFF
2026-08-15T19:22:07	LTE,Unknown	LTE	false	0	420	OFF
2026-08-15T19:22:37	LTE,Unknown	LTE	false	0	420	OFF
2026-08-15T19:23:08	LTE,Unknown	LTE	false	0	420	OFF
2026-08-15T19:23:38	LTE,Unknown	LTE	false	0	420	OFF
2026-08-15T19:24:08	LTE,Unknown	LTE	false	0	420	OFF
2026-08-15T19:24:39	LTE,Unknown	LTE	false	0	420	OFF
2026-08-15T19:25:09	LTE,Unknown	LTE	false	0	420	OFF
2026-08-15T19:25:39	LTE,Unknown	LTE	false	0	420	OFF
2026-08-15T19:26:09	LTE,Unknown	LTE	false	0	420	OFF
2026-08-15T19:26:40	LTE,Unknown	LTE	false	0	420	OFF
2026-08-15T19:27:10	LTE,Unknown	LTE	false	0	420	OFF
2026-08-15T19:27:40	LTE,Unknown	LTE	false	0	420	OFF
2026-08-15T19:28:11	LTE,Unknown	LTE	false	0	420	OFF
2026-08-15T19:28:41	LTE,Unknown	LTE	false	0	420	OFF
2026-08-15T19:29:11	LTE,Unknown	LTE	false	0	420	OFF
2026-08-15T19:29:42	LTE,Unknown	LTE	false	0	420	OFF
2026-08-15T19:30:12	LTE,Unknown	LTE	false	0	420	OFF
2026-08-15T19:30:42	LTE,Unknown	LTE	false	0	420	OFF
2026-08-15T19:31:12	LTE,Unknown	LTE	false	0	420	OFF
2026-08-15T19:31:43	LTE,Unknown	LTE	false	0	420	OFF
2026-08-15T19:32:13	LTE,Unknown	LTE	false	0	420	OFF
2026-08-15T19:32:43	LTE,Unknown	LTE	false	0	420	OFF
2026-08-15T19:33:14	LTE,Unknown	LTE	false	0	420	OFF
2026-08-15T19:33:44	LTE,Unknown	LTE	false	0	420	OFF
2026-08-15T19:34:14	LTE,Unknown	LTE	false	0	420	OFF
2026-08-15T19:34:45	LTE,Unknown	LTE	false	0	420	OFF
2026-08-15T19:35:15	LTE,Unknown	LTE	false	0	420	OFF
2026-08-15T19:35:45	LTE,Unknown	LTE	false	0	420	OFF
2026-08-15T19:36:16	LTE,Unknown	LTE	false	0	420	OFF
2026-08-15T19:36:46	LTE,Unknown	LTE	false	0	420	OFF
2026-08-15T19:37:16	LTE,Unknown	LTE	false	0	420	OFF
2026-08-15T19:37:47	LTE,Unknown	LTE	false	0	420	OFF
2026-08-15T19:38:17	LTE,Unknown	LTE	false	0	420	OFF
2026-08-15T19:38:47	LTE,Unknown	LTE	false	0	420	OFF
2026-08-15T19:39:18	LTE,Unknown	LTE	false	0	420	OFF
2026-08-15T19:39:48	LTE,Unknown	LTE	false	0	420	OFF
2026-08-15T19:40:18	LTE,Unknown	LTE	false	0	420	OFF
2026-08-15T19:40:49	LTE,Unknown	LTE	false	0	420	OFF
2026-08-15T19:41:19	LTE,Unknown	LTE	false	0	420	OFF
2026-08-15T19:41:49	LTE,Unknown	LTE	false	0	420	OFF
2026-08-15T19:42:19	LTE,Unknown	LTE	false	0	420	OFF
2026-08-15T19:42:50	LTE,Unknown	LTE	false	0	420	OFF
2026-08-15T19:43:20	LTE,Unknown	LTE	false	0	420	OFF
2026-08-15T19:43:50	LTE,Unknown	LTE	false	0	420	OFF
2026-08-15T19:44:20	LTE,Unknown	LTE	false	0	420	OFF
2026-08-15T19:44:51	LTE,Unknown	LTE	false	0	420	OFF
2026-08-15T19:45:21	LTE,Unknown	LTE	false	0	420	OFF
2026-08-15T19:45:51	LTE,Unknown	LTE	false	0	420	OFF
2026-08-15T19:46:22	LTE,Unknown	LTE	false	0	420	OFF
2026-08-15T19:46:52	LTE,Unknown	LTE	false	0	420	OFF
2026-08-15T19:47:22	LTE,Unknown	LTE	false	0	420	OFF
2026-08-15T19:47:52	LTE,Unknown	LTE	false	0	420	OFF
2026-08-15T19:48:23	LTE,Unknown	LTE	false	0	420	OFF
2026-08-15T19:48:53	LTE,Unknown	LTE	false	0	420	OFF
2026-08-15T19:49:23	LTE,Unknown	LTE	false	0	420	OFF
2026-08-15T19:49:54	LTE,Unknown	LTE	false	0	420	OFF
2026-08-15T19:50:24	LTE,Unknown	LTE	false	0	420	OFF
2026-08-15T19:50:54	LTE,Unknown	LTE	false	0	420	OFF
2026-08-15T19:51:24	LTE,Unknown	LTE	false	0	420	OFF
2026-08-15T19:51:55	LTE,Unknown	LTE	false	0	420	OFF
2026-08-15T19:52:25	LTE,Unknown	LTE	false	0	420	OFF
2026-08-15T19:52:55	LTE,Unknown	LTE	false	0	420	OFF
2026-08-15T19:53:26	LTE,Unknown	LTE	false	0	420	OFF
2026-08-15T19:53:56	LTE,Unknown	LTE	false	0	420	OFF
2026-08-15T19:54:26	LTE,Unknown	LTE	false	0	420	OFF
2026-08-15T19:54:57	LTE,Unknown	LTE	false	0	420	OFF
2026-08-15T19:55:27	LTE,Unknown	LTE	false	0	420	OFF
2026-08-15T19:55:57	LTE,Unknown	LTE	false	0	420	OFF
2026-08-15T19:56:28	LTE,Unknown	LTE	false	0	420	OFF
2026-08-15T19:56:58	LTE,Unknown	LTE	false	0	420	OFF
2026-08-15T19:57:28	LTE,Unknown	LTE	false	0	420	OFF
2026-08-15T19:57:58	LTE,Unknown	LTE	false	0	420	OFF
2026-08-15T19:58:29	LTE,Unknown	LTE	false	0	420	OFF
2026-08-15T19:58:59	LTE,Unknown	LTE	false	0	420	OFF
2026-08-15T19:59:29	LTE,Unknown	LTE	false	0	420	OFF
2026-08-15T20:00:00	LTE,Unknown	LTE	false	0	420	OFF
2026-08-15T20:00:30	LTE,Unknown	LTE	false	0	420	OFF
2026-08-15T20:01:00	LTE,Unknown	LTE	false	0	420	OFF
2026-08-15T20:01:31	LTE,Unknown	LTE	false	0	420	OFF
2026-08-15T20:02:01	LTE,Unknown	LTE	false	0	420	OFF
2026-08-15T20:02:31	LTE,Unknown	LTE	false	0	420	OFF
2026-08-15T20:03:02	LTE,Unknown	LTE	false	0	420	OFF
2026-08-15T20:03:32	LTE,Unknown	LTE	false	0	420	OFF
2026-08-15T20:04:02	LTE,Unknown	LTE	false	0	420	OFF
2026-08-15T20:04:33	LTE,Unknown	LTE	false	0	420	OFF
2026-08-15T20:05:03	LTE,Unknown	LTE	false	0	420	OFF
2026-08-15T20:05:33	LTE,Unknown	LTE	false	0	420	OFF
2026-08-15T20:06:04	LTE,Unknown	LTE	false	0	420	OFF
2026-08-15T20:06:34	LTE,Unknown	LTE	false	0	420	OFF
2026-08-15T20:07:04	LTE,Unknown	LTE	false	0	420	OFF
2026-08-15T20:07:35	LTE,Unknown	LTE	false	0	420	OFF
2026-08-15T20:08:05	LTE,Unknown	LTE	false	0	420	OFF
2026-08-15T20:08:35	LTE,Unknown	LTE	false	0	420	OFF
2026-08-15T20:09:06	LTE,Unknown	LTE	false	0	420	OFF
2026-08-15T20:09:36	LTE,Unknown	LTE	false	0	420	OFF
2026-08-15T20:10:06	LTE,Unknown	LTE	false	0	420	OFF
2026-08-15T20:10:37	LTE,Unknown	LTE	false	0	420	OFF
2026-08-15T20:11:07	LTE,Unknown	LTE	false	0	420	OFF
2026-08-15T20:11:38	LTE,Unknown	LTE	false	0	420	OFF
2026-08-15T20:12:08	LTE,Unknown	LTE	false	0	420	OFF
2026-08-15T20:12:38	LTE,Unknown	LTE	false	0	420	OFF
2026-08-15T20:13:08	LTE,Unknown	LTE	false	0	420	OFF
2026-08-15T20:13:39	LTE,Unknown	LTE	false	0	420	OFF
2026-08-15T20:14:09	LTE,Unknown	LTE	false	0	420	OFF
2026-08-15T20:14:39	LTE,Unknown	LTE	false	0	420	OFF
2026-08-15T20:15:09	LTE,Unknown	LTE	false	0	420	OFF
2026-08-15T20:15:40	LTE,Unknown	LTE	false	0	420	OFF
2026-08-15T20:16:10	LTE,Unknown	LTE	false	0	420	OFF
2026-08-15T20:16:40	LTE,Unknown	LTE	false	0	420	OFF
2026-08-15T20:17:10	LTE,Unknown	LTE	false	0	420	OFF
2026-08-15T20:17:41	LTE,Unknown	LTE	false	0	420	OFF
2026-08-15T20:18:11	LTE,Unknown	LTE	false	0	420	OFF
2026-08-15T20:18:41	LTE,Unknown	LTE	false	0	420	OFF
2026-08-15T20:19:12	LTE,Unknown	LTE	false	0	420	OFF
2026-08-15T20:19:42	LTE,Unknown	LTE	false	0	420	OFF
2026-08-15T20:20:12	LTE,Unknown	LTE	false	0	420	OFF
2026-08-15T20:20:42	LTE,Unknown	LTE	false	0	420	OFF
2026-08-15T20:21:13	LTE,Unknown	LTE	false	0	420	OFF
2026-08-15T20:21:43	LTE,Unknown	LTE	false	0	420	OFF
2026-08-15T20:22:13	LTE,Unknown	LTE	false	0	420	OFF
2026-08-15T20:22:43	LTE,Unknown	LTE	false	0	420	OFF
2026-08-15T20:23:14	LTE,Unknown	LTE	false	0	420	OFF
2026-08-15T20:23:44	LTE,Unknown	LTE	false	0	420	OFF
2026-08-15T20:24:14	LTE,Unknown	LTE	false	0	420	OFF
2026-08-15T20:24:44	LTE,Unknown	LTE	false	0	420	OFF
2026-08-15T20:25:15	LTE,Unknown	LTE	false	0	420	OFF
2026-08-15T20:25:45	LTE,Unknown	LTE	false	0	420	OFF
2026-08-15T20:26:15	LTE,Unknown	LTE	false	0	420	OFF
2026-08-15T20:26:45	LTE,Unknown	LTE	false	0	420	OFF
2026-08-15T20:27:16	LTE,Unknown	LTE	false	0	420	OFF
2026-08-15T20:27:46	LTE,Unknown	LTE	false	0	420	OFF
2026-08-15T20:28:16	LTE,Unknown	LTE	false	0	420	OFF
2026-08-15T20:28:47	LTE,Unknown	LTE	false	0	420	OFF
2026-08-15T20:29:17	LTE,Unknown	LTE	false	0	420	OFF
2026-08-15T20:29:47	LTE,Unknown	LTE	false	0	420	OFF
2026-08-15T20:30:17	LTE,Unknown	LTE	false	0	420	OFF
2026-08-15T20:30:48	LTE,Unknown	LTE	false	0	420	OFF
2026-08-15T20:31:18	LTE,Unknown	LTE	false	0	420	OFF
2026-08-15T20:31:48	LTE,Unknown	LTE	false	0	420	OFF
2026-08-15T20:32:18	LTE,Unknown	LTE	false	0	420	OFF
2026-08-15T20:32:49	LTE,Unknown	LTE	false	0	420	OFF
2026-08-15T20:33:19	LTE,Unknown	LTE	false	0	420	OFF
2026-08-15T20:33:49	LTE,Unknown	LTE	false	0	420	OFF
2026-08-15T20:34:19	LTE,Unknown	LTE	false	0	420	OFF
2026-08-15T20:34:50	LTE,Unknown	LTE	false	0	420	OFF
2026-08-15T20:35:20	LTE,Unknown	LTE	false	0	420	OFF
2026-08-15T20:35:50	LTE,Unknown	LTE	false	0	420	OFF
2026-08-15T20:36:21	LTE,Unknown	LTE	false	0	420	OFF
2026-08-15T20:36:51	LTE,Unknown	LTE	false	0	420	OFF
2026-08-15T20:37:21	LTE,Unknown	LTE	false	0	420	OFF
2026-08-15T20:37:51	LTE,Unknown	LTE	false	0	420	OFF
2026-08-15T20:38:22	LTE,Unknown	LTE	false	0	420	OFF
2026-08-15T20:38:52	LTE,Unknown	LTE	false	0	420	OFF
2026-08-15T20:39:22	LTE,Unknown	LTE	false	0	420	OFF
2026-08-15T20:39:52	LTE,Unknown	LTE	false	0	420	OFF
2026-08-15T20:40:23	LTE,Unknown	LTE	false	0	420	OFF
2026-08-15T20:40:53	LTE,Unknown	LTE	false	0	420	OFF
2026-08-15T20:41:23	LTE,Unknown	LTE	false	0	420	OFF
2026-08-15T20:41:53	LTE,Unknown	LTE	false	0	420	OFF
2026-08-15T20:42:24	LTE,Unknown	LTE	false	0	420	OFF
2026-08-15T20:42:54	LTE,Unknown	LTE	false	0	420	OFF
2026-08-15T20:43:24	LTE,Unknown	LTE	false	0	420	OFF
2026-08-15T20:43:55	LTE,Unknown	LTE	false	0	420	OFF
2026-08-15T20:44:25	LTE,Unknown	LTE	false	0	420	OFF
2026-08-15T20:44:55	LTE,Unknown	LTE	false	0	420	OFF
2026-08-15T20:45:25	LTE,Unknown	LTE	false	0	420	OFF
2026-08-15T20:45:56	LTE,Unknown	LTE	false	0	420	OFF
2026-08-15T20:46:26	LTE,Unknown	LTE	false	0	420	OFF
2026-08-15T20:46:56	LTE,Unknown	LTE	false	0	420	OFF
2026-08-15T20:47:26	LTE,Unknown	LTE	false	0	420	OFF
2026-08-15T20:47:57	LTE,Unknown	LTE	false	0	420	OFF
2026-08-15T20:48:27	LTE,Unknown	LTE	false	0	420	OFF
2026-08-15T20:48:57	LTE,Unknown	LTE	false	0	420	OFF
2026-08-15T20:49:27	LTE,Unknown	LTE	false	0	420	OFF
2026-08-15T20:49:58	LTE,Unknown	LTE	false	0	420	OFF
2026-08-15T20:50:28	LTE,Unknown	LTE	false	0	420	OFF
2026-08-15T20:50:58	LTE,Unknown	LTE	false	0	420	OFF
2026-08-15T20:51:29	LTE,Unknown	LTE	false	0	420	OFF
2026-08-15T20:51:59	LTE,Unknown	LTE	false	0	420	OFF
2026-08-15T20:52:29	LTE,Unknown	LTE	false	0	420	OFF
2026-08-15T20:52:59	LTE,Unknown	LTE	false	0	420	OFF
2026-08-15T20:53:30	LTE,Unknown	LTE	false	0	420	OFF
2026-08-15T20:54:00	LTE,Unknown	LTE	false	0	420	OFF
2026-08-15T20:54:30	LTE,Unknown	LTE	false	0	420	OFF
2026-08-15T20:55:00	LTE,Unknown	LTE	false	0	420	OFF
2026-08-15T20:55:31	LTE,Unknown	LTE	false	0	420	OFF
2026-08-15T20:56:01	LTE,Unknown	LTE	false	0	420	OFF
2026-08-15T20:56:31	LTE,Unknown	LTE	false	0	420	OFF
2026-08-15T20:57:01	LTE,Unknown	LTE	false	0	420	OFF
2026-08-15T20:57:32	LTE,Unknown	LTE	false	0	420	OFF
2026-08-15T20:58:02	LTE,Unknown	LTE	false	0	420	OFF
2026-08-15T20:58:32	LTE,Unknown	LTE	false	0	420	OFF
2026-08-15T20:59:03	LTE,Unknown	LTE	false	0	420	OFF
2026-08-15T20:59:33	LTE,Unknown	LTE	false	0	420	OFF
2026-08-15T21:00:03	LTE,Unknown	LTE	false	0	420	OFF
2026-08-15T21:00:33	LTE,Unknown	LTE	false	0	420	OFF
2026-08-15T21:01:04	LTE,Unknown	LTE	false	0	420	OFF
2026-08-15T21:01:34	LTE,Unknown	LTE	false	0	420	OFF
2026-08-15T21:02:04	LTE,Unknown	LTE	false	0	420	OFF
2026-08-15T21:02:34	LTE,Unknown	LTE	false	0	420	OFF
2026-08-15T21:03:05	LTE,Unknown	LTE	false	0	420	OFF
2026-08-15T21:03:35	LTE,Unknown	LTE	false	0	420	OFF
2026-08-15T21:04:05	LTE,Unknown	LTE	false	0	420	OFF
2026-08-15T21:04:35	LTE,Unknown	LTE	false	0	420	OFF
2026-08-15T21:05:06	LTE,Unknown	LTE	false	0	420	OFF
2026-08-15T21:05:36	LTE,Unknown	LTE	false	0	420	OFF
2026-08-15T21:06:06	LTE,Unknown	LTE	false	0	420	OFF
2026-08-15T21:06:37	LTE,Unknown	LTE	false	0	420	OFF
2026-08-15T21:07:07	LTE,Unknown	LTE	false	0	420	OFF
2026-08-15T21:07:37	LTE,Unknown	LTE	false	0	420	OFF
2026-08-15T21:08:07	LTE,Unknown	LTE	false	0	420	OFF
2026-08-15T21:08:38	LTE,Unknown	LTE	false	0	420	OFF
2026-08-15T21:09:08	LTE,Unknown	LTE	false	0	420	OFF
2026-08-15T21:09:38	LTE,Unknown	LTE	false	0	420	OFF
2026-08-15T21:10:08	LTE,Unknown	LTE	false	0	420	OFF
2026-08-15T21:10:39	LTE,Unknown	LTE	false	0	420	OFF
2026-08-15T21:11:09	LTE,Unknown	LTE	false	0	420	OFF
2026-08-15T21:11:39	LTE,Unknown	LTE	false	0	420	OFF
2026-08-15T21:12:09	LTE,Unknown	LTE	false	0	420	OFF
2026-08-15T21:12:40	LTE,Unknown	LTE	false	0	420	OFF
2026-08-15T21:13:10	LTE,Unknown	LTE	false	0	420	OFF
2026-08-15T21:13:40	LTE,Unknown	LTE	false	0	420	OFF
2026-08-15T21:14:11	LTE,Unknown	LTE	false	0	420	OFF
2026-08-15T21:14:41	LTE,Unknown	LTE	false	0	420	OFF
2026-08-15T21:15:11	LTE,Unknown	LTE	false	0	420	OFF
2026-08-15T21:15:41	LTE,Unknown	LTE	false	0	420	OFF
2026-08-15T21:16:12	LTE,Unknown	LTE	false	0	420	OFF
2026-08-15T21:16:42	LTE,Unknown	LTE	false	0	420	OFF
2026-08-15T21:17:12	LTE,Unknown	LTE	false	0	420	OFF
2026-08-15T21:17:42	LTE,Unknown	LTE	false	0	420	OFF
2026-08-15T21:18:13	LTE,Unknown	LTE	false	0	420	OFF
2026-08-15T21:18:43	LTE,Unknown	LTE	false	0	420	OFF
2026-08-15T21:19:14	LTE,Unknown	LTE	false	0	420	OFF
2026-08-15T21:19:44	LTE,Unknown	LTE	false	0	420	OFF
2026-08-15T21:20:14	LTE,Unknown	LTE	false	0	420	OFF
2026-08-15T21:20:45	LTE,Unknown	LTE	false	0	420	OFF
2026-08-15T21:21:15	LTE,Unknown	LTE	false	0	420	OFF
2026-08-15T21:21:45	LTE,Unknown	LTE	false	0	420	OFF
2026-08-15T21:22:16	LTE,Unknown	LTE	false	0	420	OFF
2026-08-15T21:22:46	LTE,Unknown	LTE	false	0	420	OFF
2026-08-15T21:23:16	LTE,Unknown	LTE	false	0	420	OFF
2026-08-15T21:23:47	LTE,Unknown	LTE	false	0	420	OFF
2026-08-15T21:24:17	LTE,Unknown	LTE	false	0	420	OFF
2026-08-15T21:24:47	LTE,Unknown	LTE	false	0	420	OFF
2026-08-15T21:25:17	LTE,Unknown	LTE	false	0	420	OFF
2026-08-15T21:25:48	LTE,Unknown	LTE	false	0	420	OFF
2026-08-15T21:26:18	LTE,Unknown	LTE	false	0	420	OFF
2026-08-15T21:26:48	LTE,Unknown	LTE	false	0	420	OFF
2026-08-15T21:27:19	LTE,Unknown	LTE	false	0	420	OFF
2026-08-15T21:27:49	LTE,Unknown	LTE	false	0	420	OFF
2026-08-15T21:28:19	LTE,Unknown	LTE	false	0	420	OFF
2026-08-15T21:28:49	LTE,Unknown	LTE	false	0	420	OFF
2026-08-15T21:29:20	LTE,Unknown	LTE	false	0	420	OFF
2026-08-15T21:29:50	LTE,Unknown	LTE	false	0	420	OFF
2026-08-15T21:30:20	LTE,Unknown	LTE	false	0	420	OFF
2026-08-15T21:30:51	LTE,Unknown	LTE	false	0	420	OFF
2026-08-15T21:31:21	LTE,Unknown	LTE	false	0	420	OFF
2026-08-15T21:31:51	LTE,Unknown	LTE	false	0	420	OFF
2026-08-15T21:32:22	LTE,Unknown	LTE	false	0	420	OFF
2026-08-15T21:32:52	LTE,Unknown	LTE	false	0	420	OFF
2026-08-15T21:33:22	LTE,Unknown	LTE	false	0	420	OFF
2026-08-15T21:33:52	LTE,Unknown	LTE	false	0	420	OFF
2026-08-15T21:34:23	LTE,Unknown	LTE	false	0	420	OFF
2026-08-15T21:34:53	LTE,Unknown	LTE	false	0	420	OFF
2026-08-15T21:35:23	LTE,Unknown	LTE	false	0	420	OFF
2026-08-15T21:35:53	LTE,Unknown	LTE	false	0	420	OFF
2026-08-15T21:36:24	LTE,Unknown	LTE	false	0	420	OFF
2026-08-15T21:36:54	LTE,Unknown	LTE	false	0	420	OFF
2026-08-15T21:37:24	LTE,Unknown	LTE	false	0	420	OFF
2026-08-15T21:37:55	LTE,Unknown	LTE	false	0	420	OFF
2026-08-15T21:38:25	LTE,Unknown	LTE	false	0	420	OFF
2026-08-15T21:38:55	LTE,Unknown	LTE	false	0	420	OFF
2026-08-15T21:39:25	LTE,Unknown	LTE	false	0	420	OFF
2026-08-15T21:39:56	LTE,Unknown	LTE	false	0	420	OFF
2026-08-15T21:40:26	LTE,Unknown	LTE	false	0	420	OFF
2026-08-15T21:40:56	LTE,Unknown	LTE	false	0	420	OFF
2026-08-15T21:41:26	LTE,Unknown	LTE	false	0	420	OFF
2026-08-15T21:41:57	LTE,Unknown	LTE	false	0	420	OFF
2026-08-15T21:42:27	LTE,Unknown	LTE	false	0	420	OFF
2026-08-15T21:42:57	LTE,Unknown	LTE	false	0	420	OFF
2026-08-15T21:43:28	LTE,Unknown	LTE	false	0	420	OFF
2026-08-15T21:43:58	LTE,Unknown	LTE	false	0	420	OFF
2026-08-15T21:44:28	LTE,Unknown	LTE	false	0	420	OFF
2026-08-15T21:44:58	LTE,Unknown	LTE	false	0	420	OFF
2026-08-15T21:45:29	LTE,Unknown	LTE	false	0	420	OFF
2026-08-15T21:45:59	LTE,Unknown	LTE	false	0	420	OFF
2026-08-15T21:46:29	LTE,Unknown	LTE	false	0	420	OFF
2026-08-15T21:46:59	LTE,Unknown	LTE	false	0	420	OFF
2026-08-15T21:47:30	LTE,Unknown	LTE	false	0	420	OFF
2026-08-15T21:48:00	LTE,Unknown	LTE	false	0	420	OFF
2026-08-15T21:48:30	LTE,Unknown	LTE	false	0	420	OFF
2026-08-15T21:49:01	LTE,Unknown	LTE	false	0	420	OFF
2026-08-15T21:49:31	LTE,Unknown	LTE	false	0	420	OFF
2026-08-15T21:50:01	LTE,Unknown	LTE	false	0	420	OFF
2026-08-15T21:50:31	LTE,Unknown	LTE	false	0	420	OFF
2026-08-15T21:51:02	LTE,Unknown	LTE	false	0	420	OFF
2026-08-15T21:51:32	LTE,Unknown	LTE	false	0	420	OFF
2026-08-15T21:52:02	LTE,Unknown	LTE	false	0	420	OFF
2026-08-15T21:52:33	LTE,Unknown	LTE	false	0	420	OFF
2026-08-15T21:53:03	LTE,Unknown	LTE	false	0	420	OFF
2026-08-15T21:53:33	LTE,Unknown	LTE	false	0	420	OFF
2026-08-15T21:54:04	LTE,Unknown	LTE	false	0	420	OFF
2026-08-15T21:54:34	LTE,Unknown	LTE	false	0	420	OFF
2026-08-15T21:55:04	LTE,Unknown	LTE	false	0	420	OFF
2026-08-15T21:55:35	LTE,Unknown	LTE	false	0	420	OFF
2026-08-15T21:56:05	LTE,Unknown	LTE	false	0	420	OFF
2026-08-15T21:56:35	LTE,Unknown	LTE	false	0	420	OFF
2026-08-15T21:57:06	LTE,Unknown	LTE	false	0	420	OFF
2026-08-15T21:57:36	LTE,Unknown	LTE	false	0	420	OFF
2026-08-15T21:58:06	LTE,Unknown	LTE	false	0	420	OFF
2026-08-15T21:58:37	LTE,Unknown	LTE	false	0	420	OFF
2026-08-15T21:59:07	LTE,Unknown	LTE	false	0	420	OFF
2026-08-15T21:59:37	LTE,Unknown	LTE	false	0	420	OFF
2026-08-15T22:00:08	LTE,Unknown	LTE	false	0	420	OFF
2026-08-15T22:00:38	LTE,Unknown	LTE	false	0	420	OFF
2026-08-15T22:01:08	LTE,Unknown	LTE	false	0	420	OFF
2026-08-15T22:01:38	LTE,Unknown	LTE	false	0	420	OFF
2026-08-15T22:02:09	LTE,Unknown	LTE	false	0	420	OFF
2026-08-15T22:02:39	LTE,Unknown	LTE	false	0	420	OFF
2026-08-15T22:03:09	LTE,Unknown	LTE	false	0	420	OFF
2026-08-15T22:03:39	LTE,Unknown	LTE	false	0	420	OFF
2026-08-15T22:04:10	LTE,Unknown	LTE	false	0	420	OFF
2026-08-15T22:04:40	LTE,Unknown	LTE	false	0	420	OFF
2026-08-15T22:05:10	LTE,Unknown	LTE	false	0	420	OFF
2026-08-15T22:05:41	LTE,Unknown	LTE	false	0	420	OFF
2026-08-15T22:06:11	LTE,Unknown	LTE	false	0	420	OFF
2026-08-15T22:06:41	LTE,Unknown	LTE	false	0	420	OFF
2026-08-15T22:07:11	LTE,Unknown	LTE	false	0	420	OFF
2026-08-15T22:07:42	LTE,Unknown	LTE	false	0	420	OFF
2026-08-15T22:08:12	LTE,Unknown	LTE	false	0	420	OFF
2026-08-15T22:08:42	LTE,Unknown	LTE	false	0	420	OFF
2026-08-15T22:09:13	LTE,Unknown	LTE	false	0	420	OFF
2026-08-15T22:09:43	LTE,Unknown	LTE	false	0	420	OFF
2026-08-15T22:10:13	LTE,Unknown	LTE	false	0	420	OFF
2026-08-15T22:10:43	LTE,Unknown	LTE	false	0	420	OFF
2026-08-15T22:11:14	LTE,Unknown	LTE	false	0	420	OFF
2026-08-15T22:11:44	LTE,Unknown	LTE	false	0	420	OFF
2026-08-15T22:12:14	LTE,Unknown	LTE	false	0	420	OFF
2026-08-15T22:12:45	LTE,Unknown	LTE	false	0	420	OFF
2026-08-15T22:13:15	LTE,Unknown	LTE	false	0	420	OFF
2026-08-15T22:13:45	LTE,Unknown	LTE	false	0	420	OFF
2026-08-15T22:14:15	LTE,Unknown	LTE	false	0	420	OFF
2026-08-15T22:14:46	LTE,Unknown	LTE	false	0	420	OFF
2026-08-15T22:15:16	LTE,Unknown	LTE	false	0	420	OFF
2026-08-15T22:15:46	LTE,Unknown	LTE	false	0	420	OFF
2026-08-15T22:16:17	LTE,Unknown	LTE	false	0	420	OFF
2026-08-15T22:16:47	LTE,Unknown	LTE	false	0	420	OFF
2026-08-15T22:17:17	LTE,Unknown	LTE	false	0	420	OFF
2026-08-15T22:17:47	LTE,Unknown	LTE	false	0	420	OFF
2026-08-15T22:18:18	LTE,Unknown	LTE	false	0	420	OFF
2026-08-15T22:18:48	LTE,Unknown	LTE	false	0	420	OFF
2026-08-15T22:19:18	LTE,Unknown	LTE	false	0	420	OFF
2026-08-15T22:19:49	LTE,Unknown	LTE	false	0	420	OFF
2026-08-15T22:20:19	LTE,Unknown	LTE	false	0	420	OFF
2026-08-15T22:20:49	LTE,Unknown	LTE	false	0	420	OFF
2026-08-15T22:21:19	LTE,Unknown	LTE	false	0	420	OFF
2026-08-15T22:21:50	LTE,Unknown	LTE	false	0	420	OFF
2026-08-15T22:22:20	LTE,Unknown	LTE	false	0	420	OFF
2026-08-15T22:22:50	LTE,Unknown	LTE	false	0	420	OFF
2026-08-15T22:23:21	LTE,Unknown	LTE	false	0	420	OFF
2026-08-15T22:23:51	LTE,Unknown	LTE	false	0	420	OFF
2026-08-15T22:24:21	LTE,Unknown	LTE	false	0	420	OFF
2026-08-15T22:24:51	LTE,Unknown	LTE	false	0	420	OFF
2026-08-15T22:25:22	LTE,Unknown	LTE	false	0	420	OFF
2026-08-15T22:25:52	LTE,Unknown	LTE	false	0	420	OFF
2026-08-15T22:26:22	LTE,Unknown	LTE	false	0	420	OFF
2026-08-15T22:26:53	LTE,Unknown	LTE	false	0	420	OFF
2026-08-15T22:27:23	LTE,Unknown	LTE	false	0	420	OFF
2026-08-15T22:27:53	LTE,Unknown	LTE	false	0	420	OFF
2026-08-15T22:28:24	LTE,Unknown	LTE	false	0	420	OFF
2026-08-15T22:28:54	LTE,Unknown	LTE	false	0	420	OFF
2026-08-15T22:29:24	LTE,Unknown	LTE	false	0	420	OFF
2026-08-15T22:29:55	LTE,Unknown	LTE	false	0	420	OFF
2026-08-15T22:30:25	LTE,Unknown	LTE	false	0	420	OFF
2026-08-15T22:30:55	LTE,Unknown	LTE	false	0	420	OFF
2026-08-15T22:31:25	LTE,Unknown	LTE	false	0	420	OFF
2026-08-15T22:31:56	LTE,Unknown	LTE	false	0	420	OFF
2026-08-15T22:32:26	LTE,Unknown	LTE	false	0	420	OFF
2026-08-15T22:32:56	LTE,Unknown	LTE	false	0	420	OFF
2026-08-15T22:33:26	LTE,Unknown	LTE	false	0	420	OFF
2026-08-15T22:33:57	LTE,Unknown	LTE	false	0	420	OFF
2026-08-15T22:34:27	LTE,Unknown	LTE	false	0	420	OFF
2026-08-15T22:34:57	LTE,Unknown	LTE	false	0	420	OFF
2026-08-15T22:35:28	LTE,Unknown	LTE	false	0	420	OFF
2026-08-15T22:35:58	LTE,Unknown	LTE	false	0	420	OFF
2026-08-15T22:36:28	LTE,Unknown	LTE	false	0	420	OFF
2026-08-15T22:36:58	LTE,Unknown	LTE	false	0	420	OFF
2026-08-15T22:37:29	LTE,Unknown	LTE	false	0	420	OFF
2026-08-15T22:37:59	LTE,Unknown	LTE	false	0	420	OFF
2026-08-15T22:38:29	LTE,Unknown	LTE	false	0	420	OFF
2026-08-15T22:39:00	LTE,Unknown	LTE	false	0	420	OFF
2026-08-15T22:39:30	LTE,Unknown	LTE	false	0	420	OFF
2026-08-15T22:40:00	LTE,Unknown	LTE	false	0	420	OFF
2026-08-15T22:40:30	LTE,Unknown	LTE	false	0	420	OFF
2026-08-15T22:41:01	LTE,Unknown	LTE	false	0	420	OFF
2026-08-15T22:41:31	LTE,Unknown	LTE	false	0	420	OFF
2026-08-15T22:42:01	LTE,Unknown	LTE	false	0	420	OFF
2026-08-15T22:42:31	LTE,Unknown	LTE	false	0	420	OFF
2026-08-15T22:43:02	LTE,Unknown	LTE	false	0	420	OFF
2026-08-15T22:43:32	LTE,Unknown	LTE	false	0	420	OFF
2026-08-15T22:44:02	LTE,Unknown	LTE	false	0	420	OFF
2026-08-15T22:44:32	LTE,Unknown	LTE	false	0	420	OFF
2026-08-15T22:45:03	LTE,Unknown	LTE	false	0	420	OFF
2026-08-15T22:45:33	LTE,Unknown	LTE	false	0	420	OFF
2026-08-15T22:46:03	LTE,Unknown	LTE	false	0	420	OFF
2026-08-15T22:46:34	LTE,Unknown	LTE	false	0	420	OFF
2026-08-15T22:47:04	LTE,Unknown	LTE	false	0	420	OFF
2026-08-15T22:47:34	LTE,Unknown	LTE	false	0	420	OFF
2026-08-15T22:48:05	LTE,Unknown	LTE	false	0	420	OFF
2026-08-15T22:48:35	LTE,Unknown	LTE	false	0	420	OFF
2026-08-15T22:49:05	LTE,Unknown	LTE	false	0	420	OFF
2026-08-15T22:49:35	LTE,Unknown	LTE	false	0	420	OFF
2026-08-15T22:50:06	LTE,Unknown	LTE	false	0	420	OFF
2026-08-15T22:50:36	LTE,Unknown	LTE	false	0	420	OFF
2026-08-15T22:51:06	LTE,Unknown	LTE	false	0	420	OFF
2026-08-15T22:51:36	LTE,Unknown	LTE	false	0	420	OFF
2026-08-15T22:52:07	LTE,Unknown	LTE	false	0	420	OFF
2026-08-15T22:52:37	LTE,Unknown	LTE	false	0	420	OFF
2026-08-15T22:53:07	LTE,Unknown	LTE	false	0	420	OFF
2026-08-15T22:53:38	LTE,Unknown	LTE	false	0	420	OFF
2026-08-15T22:54:08	LTE,Unknown	LTE	false	0	420	OFF
2026-08-15T22:54:38	LTE,Unknown	LTE	false	0	420	OFF
2026-08-15T22:55:08	LTE,Unknown	LTE	false	0	420	OFF
2026-08-15T22:55:39	LTE,Unknown	LTE	false	0	420	OFF
2026-08-15T22:56:09	LTE,Unknown	LTE	false	0	420	OFF
2026-08-15T22:56:39	LTE,Unknown	LTE	false	0	420	OFF
2026-08-15T22:57:09	LTE,Unknown	LTE	false	0	420	OFF
2026-08-15T22:57:40	LTE,Unknown	LTE	false	0	420	OFF
2026-08-15T22:58:10	LTE,Unknown	LTE	false	0	420	OFF
2026-08-15T22:58:40	LTE,Unknown	LTE	false	0	420	OFF
2026-08-15T22:59:10	LTE,Unknown	LTE	false	0	420	OFF
2026-08-15T22:59:41	LTE,Unknown	LTE	false	0	420	OFF
2026-08-15T23:00:11	LTE,Unknown	LTE	false	0	420	OFF
2026-08-15T23:00:41	LTE,Unknown	LTE	false	0	420	OFF
2026-08-15T23:01:11	LTE,Unknown	LTE	false	0	420	OFF
2026-08-15T23:01:42	LTE,Unknown	LTE	false	0	420	OFF
2026-08-15T23:02:12	LTE,Unknown	LTE	false	0	420	OFF
2026-08-15T23:02:43	LTE,Unknown	LTE	false	0	420	OFF
2026-08-15T23:03:13	LTE,Unknown	LTE	false	0	420	OFF
2026-08-15T23:03:43	LTE,Unknown	LTE	false	0	420	OFF
2026-08-15T23:04:13	LTE,Unknown	LTE	false	0	420	OFF
2026-08-15T23:04:44	LTE,Unknown	LTE	false	0	420	OFF
2026-08-15T23:05:14	LTE,Unknown	LTE	false	0	420	OFF
2026-08-15T23:05:45	LTE,Unknown	LTE	false	0	420	OFF
2026-08-15T23:06:15	LTE,Unknown	LTE	false	0	420	OFF
2026-08-15T23:06:45	LTE,Unknown	LTE	false	0	420	OFF
2026-08-15T23:07:16	LTE,Unknown	LTE	false	0	420	OFF
2026-08-15T23:07:46	LTE,Unknown	LTE	false	0	420	OFF
2026-08-15T23:08:16	LTE,Unknown	LTE	false	0	420	OFF
2026-08-15T23:08:47	LTE,Unknown	LTE	false	0	420	OFF
2026-08-15T23:09:17	LTE,Unknown	LTE	false	0	420	OFF
2026-08-15T23:09:47	LTE,Unknown	LTE	false	0	420	OFF
2026-08-15T23:10:18	LTE,Unknown	LTE	false	0	420	OFF
2026-08-15T23:10:48	LTE,Unknown	LTE	false	0	420	OFF
2026-08-15T23:11:18	LTE,Unknown	LTE	false	0	420	OFF
2026-08-15T23:11:49	LTE,Unknown	LTE	false	0	420	OFF
2026-08-15T23:12:19	LTE,Unknown	LTE	false	0	420	OFF
2026-08-15T23:12:49	LTE,Unknown	LTE	false	0	420	OFF
2026-08-15T23:13:20	LTE,Unknown	LTE	false	0	420	OFF
2026-08-15T23:13:50	LTE,Unknown	LTE	false	0	420	OFF
2026-08-15T23:14:20	LTE,Unknown	LTE	false	0	420	OFF
2026-08-15T23:14:50	LTE,Unknown	LTE	false	0	420	OFF
2026-08-15T23:15:21	LTE,Unknown	LTE	false	0	420	OFF
2026-08-15T23:15:51	LTE,Unknown	LTE	false	0	420	OFF
2026-08-15T23:16:21	LTE,Unknown	LTE	false	0	420	OFF
2026-08-15T23:16:52	LTE,Unknown	LTE	false	0	420	OFF
2026-08-15T23:17:22	LTE,Unknown	LTE	false	0	420	OFF
2026-08-15T23:17:52	LTE,Unknown	LTE	false	0	420	OFF
2026-08-15T23:18:23	LTE,Unknown	LTE	false	0	420	OFF
2026-08-15T23:18:53	LTE,Unknown	LTE	false	0	420	OFF
2026-08-15T23:19:23	LTE,Unknown	LTE	false	0	420	OFF
2026-08-15T23:19:53	LTE,Unknown	LTE	false	0	420	OFF
2026-08-15T23:20:24	LTE,Unknown	LTE	false	0	420	OFF
2026-08-15T23:20:54	LTE,Unknown	LTE	false	0	420	OFF
2026-08-15T23:21:24	LTE,Unknown	LTE	false	0	420	OFF
2026-08-15T23:21:54	LTE,Unknown	LTE	false	0	420	OFF
2026-08-15T23:22:25	LTE,Unknown	LTE	false	0	420	OFF
2026-08-15T23:22:55	LTE,Unknown	LTE	false	0	420	OFF
2026-08-15T23:23:25	LTE,Unknown	LTE	false	0	420	OFF
2026-08-15T23:23:56	LTE,Unknown	LTE	false	0	420	OFF
2026-08-15T23:24:26	LTE,Unknown	LTE	false	0	420	OFF
2026-08-15T23:24:56	LTE,Unknown	LTE	false	0	420	OFF
2026-08-15T23:25:26	LTE,Unknown	LTE	false	0	420	OFF
2026-08-15T23:25:57	LTE,Unknown	LTE	false	0	420	OFF
2026-08-15T23:26:27	LTE,Unknown	LTE	false	0	420	OFF
2026-08-15T23:26:58	LTE,Unknown	LTE	false	0	420	OFF
2026-08-15T23:27:28	LTE,Unknown	LTE	false	0	420	OFF
2026-08-15T23:27:58	LTE,Unknown	LTE	false	0	420	OFF
2026-08-15T23:28:29	LTE,Unknown	LTE	false	0	420	OFF
2026-08-15T23:28:59	LTE,Unknown	LTE	false	0	420	OFF
2026-08-15T23:29:29	LTE,Unknown	LTE	false	0	420	OFF
2026-08-15T23:29:59	LTE,Unknown	LTE	false	0	420	OFF
2026-08-15T23:30:30	LTE,Unknown	LTE	false	0	420	OFF
2026-08-15T23:31:00	LTE,Unknown	LTE	false	0	420	OFF
2026-08-15T23:31:30	LTE,Unknown	LTE	false	0	420	OFF
2026-08-15T23:32:01	LTE,Unknown	LTE	false	0	420	OFF
2026-08-15T23:32:31	LTE,Unknown	LTE	false	0	420	OFF
2026-08-15T23:33:01	LTE,Unknown	LTE	false	0	420	OFF
2026-08-15T23:33:32	LTE,Unknown	LTE	false	0	420	OFF
2026-08-15T23:34:02	LTE,Unknown	LTE	false	0	420	OFF
2026-08-15T23:34:32	LTE,Unknown	LTE	false	0	420	OFF
2026-08-15T23:35:03	LTE,Unknown	LTE	false	0	420	OFF
2026-08-15T23:35:33	LTE,Unknown	LTE	false	0	420	OFF
2026-08-15T23:36:03	LTE,Unknown	LTE	false	0	420	OFF
2026-08-15T23:36:34	LTE,Unknown	LTE	false	0	420	OFF
2026-08-15T23:37:04	LTE,Unknown	LTE	false	0	420	OFF
2026-08-15T23:37:34	LTE,Unknown	LTE	false	0	420	OFF
2026-08-15T23:38:05	LTE,Unknown	LTE	false	0	420	OFF
2026-08-15T23:38:35	LTE,Unknown	LTE	false	0	420	OFF
2026-08-15T23:39:05	LTE,Unknown	LTE	false	0	420	OFF
2026-08-15T23:39:36	LTE,Unknown	LTE	false	0	420	OFF
2026-08-15T23:40:06	LTE,Unknown	LTE	false	0	420	OFF
2026-08-15T23:40:36	LTE,Unknown	LTE	false	0	420	OFF
2026-08-15T23:41:07	LTE,Unknown	LTE	false	0	420	OFF
2026-08-15T23:41:37	LTE,Unknown	LTE	false	0	420	OFF
2026-08-15T23:42:07	LTE,Unknown	LTE	false	0	420	OFF
2026-08-15T23:42:38	LTE,Unknown	LTE	false	0	420	OFF
2026-08-15T23:43:08	LTE,Unknown	LTE	false	0	420	OFF
2026-08-15T23:43:38	LTE,Unknown	LTE	false	0	420	OFF
2026-08-15T23:44:09	LTE,Unknown	LTE	false	0	420	OFF
2026-08-15T23:44:39	LTE,Unknown	LTE	false	0	420	OFF
2026-08-15T23:45:09	LTE,Unknown	LTE	false	0	420	OFF
2026-08-15T23:45:40	LTE,Unknown	LTE	false	0	420	OFF
2026-08-15T23:46:10	LTE,Unknown	LTE	false	0	420	OFF
2026-08-15T23:46:41	LTE,Unknown	LTE	false	0	420	OFF
2026-08-15T23:47:11	LTE,Unknown	LTE	false	0	420	OFF
2026-08-15T23:47:41	LTE,Unknown	LTE	false	0	420	OFF
2026-08-15T23:48:12	LTE,Unknown	LTE	false	0	420	OFF
2026-08-15T23:48:42	LTE,Unknown	LTE	false	0	420	OFF
2026-08-15T23:49:12	LTE,Unknown	LTE	false	0	420	OFF
2026-08-15T23:49:43	LTE,Unknown	LTE	false	0	420	OFF
2026-08-15T23:50:13	LTE,Unknown	LTE	false	0	420	OFF
2026-08-15T23:50:43	LTE,Unknown	LTE	false	0	420	OFF
2026-08-15T23:51:14	LTE,Unknown	LTE	false	0	420	OFF
2026-08-15T23:51:44	LTE,Unknown	LTE	false	0	420	OFF
2026-08-15T23:52:14	LTE,Unknown	LTE	false	0	420	OFF
2026-08-15T23:52:45	LTE,Unknown	LTE	false	0	420	OFF
2026-08-15T23:53:15	LTE,Unknown	LTE	false	0	420	OFF
2026-08-15T23:53:45	LTE,Unknown	LTE	false	0	420	OFF
2026-08-15T23:54:16	LTE,Unknown	LTE	false	0	420	OFF
2026-08-15T23:54:46	LTE,Unknown	LTE	false	0	420	OFF
2026-08-15T23:55:16	LTE,Unknown	LTE	false	0	420	OFF
2026-08-15T23:55:47	LTE,Unknown	LTE	false	0	420	OFF
2026-08-15T23:56:17	LTE,Unknown	LTE	false	0	420	OFF
2026-08-15T23:56:47	LTE,Unknown	LTE	false	0	420	OFF
2026-08-15T23:57:18	LTE,Unknown	LTE	false	0	420	OFF
2026-08-15T23:57:48	LTE,Unknown	LTE	false	0	420	OFF
2026-08-15T23:58:18	LTE,Unknown	LTE	false	0	420	OFF
2026-08-15T23:58:48	LTE,Unknown	LTE	false	0	420	OFF
2026-08-15T23:59:19	LTE,Unknown	LTE	false	0	420	OFF
2026-08-15T23:59:49	LTE,Unknown	LTE	false	0	420	OFF
2026-08-16T00:00:20	LTE,Unknown	LTE	false	0	420	OFF
2026-08-16T00:00:50	LTE,Unknown	LTE	false	0	420	OFF
2026-08-16T00:01:20	LTE,Unknown	LTE	false	0	420	OFF
2026-08-16T00:01:51	LTE,Unknown	LTE	false	0	420	OFF
2026-08-16T00:02:21	LTE,Unknown	LTE	false	0	420	OFF
2026-08-16T00:02:51	LTE,Unknown	LTE	false	0	420	OFF
2026-08-16T00:03:22	LTE,Unknown	LTE	false	0	420	OFF
2026-08-16T00:03:52	LTE,Unknown	LTE	false	0	420	OFF
2026-08-16T00:04:22	LTE,Unknown	LTE	false	0	420	OFF
2026-08-16T00:04:53	LTE,Unknown	LTE	false	0	420	OFF
2026-08-16T00:05:23	LTE,Unknown	LTE	false	0	420	OFF
2026-08-16T00:05:53	LTE,Unknown	LTE	false	0	420	OFF
2026-08-16T00:06:23	LTE,Unknown	LTE	false	0	420	OFF
2026-08-16T00:06:54	LTE,Unknown	LTE	false	0	420	OFF
2026-08-16T00:07:24	LTE,Unknown	LTE	false	0	420	OFF
2026-08-16T00:07:54	LTE,Unknown	LTE	false	0	420	OFF
2026-08-16T00:08:24	LTE,Unknown	LTE	false	0	420	OFF
2026-08-16T00:08:55	LTE,Unknown	LTE	false	0	420	OFF
2026-08-16T00:09:25	LTE,Unknown	LTE	false	0	420	OFF
2026-08-16T00:09:55	LTE,Unknown	LTE	false	0	420	OFF
2026-08-16T00:10:25	LTE,Unknown	LTE	false	0	420	OFF
2026-08-16T00:10:56	LTE,Unknown	LTE	false	0	420	OFF
2026-08-16T00:11:26	LTE,Unknown	LTE	false	0	420	OFF
2026-08-16T00:11:56	LTE,Unknown	LTE	false	0	420	OFF
2026-08-16T00:12:26	LTE,Unknown	LTE	false	0	420	OFF
2026-08-16T00:12:57	LTE,Unknown	LTE	false	0	420	OFF
2026-08-16T00:13:27	LTE,Unknown	LTE	false	0	420	OFF
2026-08-16T00:13:57	LTE,Unknown	LTE	false	0	420	OFF
2026-08-16T00:14:28	LTE,Unknown	LTE	false	0	420	OFF
2026-08-16T00:14:58	LTE,Unknown	LTE	false	0	420	OFF
2026-08-16T00:15:28	LTE,Unknown	LTE	false	0	420	OFF
2026-08-16T00:15:58	LTE,Unknown	LTE	false	0	420	OFF
2026-08-16T00:16:29	LTE,Unknown	LTE	false	0	420	OFF
2026-08-16T00:16:59	LTE,Unknown	LTE	false	0	420	OFF
2026-08-16T00:17:29	LTE,Unknown	LTE	false	0	420	OFF
2026-08-16T00:17:59	LTE,Unknown	LTE	false	0	420	OFF
2026-08-16T00:18:30	LTE,Unknown	LTE	false	0	420	OFF
2026-08-16T00:19:00	LTE,Unknown	LTE	false	0	420	OFF
2026-08-16T00:19:30	LTE,Unknown	LTE	false	0	420	OFF
2026-08-16T00:20:00	LTE,Unknown	LTE	false	0	420	OFF
2026-08-16T00:20:31	LTE,Unknown	LTE	false	0	420	OFF
2026-08-16T00:21:01	LTE,Unknown	LTE	false	0	420	OFF
2026-08-16T00:21:31	LTE,Unknown	LTE	false	0	420	OFF
2026-08-16T00:22:02	LTE,Unknown	LTE	false	0	420	OFF
2026-08-16T00:22:32	LTE,Unknown	LTE	false	0	420	OFF
2026-08-16T00:23:02	LTE,Unknown	LTE	false	0	420	OFF
2026-08-16T00:23:33	LTE,Unknown	LTE	false	0	420	OFF
2026-08-16T00:24:03	LTE,Unknown	LTE	false	0	420	OFF
2026-08-16T00:24:33	LTE,Unknown	LTE	false	0	420	OFF
2026-08-16T00:25:03	LTE,Unknown	LTE	false	0	420	OFF
2026-08-16T00:25:34	LTE,Unknown	LTE	false	0	420	OFF
2026-08-16T00:26:04	LTE,Unknown	LTE	false	0	420	OFF
2026-08-16T00:26:34	LTE,Unknown	LTE	false	0	420	OFF
2026-08-16T00:27:04	LTE,Unknown	LTE	false	0	420	OFF
2026-08-16T00:27:35	LTE,Unknown	LTE	false	0	420	OFF
2026-08-16T00:28:05	LTE,Unknown	LTE	false	0	420	OFF
2026-08-16T00:28:35	LTE,Unknown	LTE	false	0	420	OFF
2026-08-16T00:29:06	LTE,Unknown	LTE	false	0	420	OFF
2026-08-16T00:29:36	LTE,Unknown	LTE	false	0	420	OFF
2026-08-16T00:30:06	LTE,Unknown	LTE	false	0	420	OFF
2026-08-16T00:30:36	LTE,Unknown	LTE	false	0	420	OFF
2026-08-16T00:31:07	LTE,Unknown	LTE	false	0	420	OFF
2026-08-16T00:31:37	LTE,Unknown	LTE	false	0	420	OFF
2026-08-16T00:32:07	LTE,Unknown	LTE	false	0	420	OFF
2026-08-16T00:32:38	LTE,Unknown	LTE	false	0	420	OFF
2026-08-16T00:33:08	LTE,Unknown	LTE	false	0	420	OFF
2026-08-16T00:33:38	LTE,Unknown	LTE	false	0	420	OFF
2026-08-16T00:34:08	LTE,Unknown	LTE	false	0	420	OFF
2026-08-16T00:34:39	LTE,Unknown	LTE	false	0	420	OFF
2026-08-16T00:35:09	LTE,Unknown	LTE	false	0	420	OFF
2026-08-16T00:35:39	LTE,Unknown	LTE	false	0	420	OFF
2026-08-16T00:36:10	LTE,Unknown	LTE	false	0	420	OFF
2026-08-16T00:36:40	LTE,Unknown	LTE	false	0	420	OFF
2026-08-16T00:37:10	LTE,Unknown	LTE	false	0	420	OFF
2026-08-16T00:37:41	LTE,Unknown	LTE	false	0	420	OFF
2026-08-16T00:38:11	LTE,Unknown	LTE	false	0	420	OFF
2026-08-16T00:38:41	LTE,Unknown	LTE	false	0	420	OFF
2026-08-16T00:39:11	LTE,Unknown	LTE	false	0	420	OFF
2026-08-16T00:39:42	LTE,Unknown	LTE	false	0	420	OFF
2026-08-16T00:40:12	LTE,Unknown	LTE	false	0	420	OFF
2026-08-16T00:40:42	LTE,Unknown	LTE	false	0	420	OFF
2026-08-16T00:41:12	LTE,Unknown	LTE	false	0	420	OFF
2026-08-16T00:41:43	LTE,Unknown	LTE	false	0	420	OFF
2026-08-16T00:42:13	LTE,Unknown	LTE	false	0	420	OFF
2026-08-16T00:42:43	LTE,Unknown	LTE	false	0	420	OFF
2026-08-16T00:43:14	LTE,Unknown	LTE	false	0	420	OFF
2026-08-16T00:43:44	LTE,Unknown	LTE	false	0	420	OFF
2026-08-16T00:44:14	LTE,Unknown	LTE	false	0	420	OFF
2026-08-16T00:44:45	LTE,Unknown	LTE	false	0	420	OFF
2026-08-16T00:45:15	LTE,Unknown	LTE	false	0	420	OFF
2026-08-16T00:45:45	LTE,Unknown	LTE	false	0	420	OFF
2026-08-16T00:46:15	LTE,Unknown	LTE	false	0	420	OFF
2026-08-16T00:46:46	LTE,Unknown	LTE	false	0	420	OFF
2026-08-16T00:47:16	LTE,Unknown	LTE	false	0	420	OFF
2026-08-16T00:47:46	LTE,Unknown	LTE	false	0	420	OFF
2026-08-16T00:48:17	LTE,Unknown	LTE	false	0	420	OFF
2026-08-16T00:48:47	LTE,Unknown	LTE	false	0	420	OFF
2026-08-16T00:49:17	LTE,Unknown	LTE	false	0	420	OFF
2026-08-16T00:49:48	LTE,Unknown	LTE	false	0	420	OFF
2026-08-16T00:50:18	LTE,Unknown	LTE	false	0	420	OFF
2026-08-16T00:50:48	LTE,Unknown	LTE	false	0	420	OFF
2026-08-16T00:51:19	LTE,Unknown	LTE	false	0	420	OFF
2026-08-16T00:51:49	LTE,Unknown	LTE	false	0	420	OFF
2026-08-16T00:52:19	LTE,Unknown	LTE	false	0	420	OFF
2026-08-16T00:52:50	LTE,Unknown	LTE	false	0	420	OFF
2026-08-16T00:53:20	LTE,Unknown	LTE	false	0	420	OFF
2026-08-16T00:53:50	LTE,Unknown	LTE	false	0	420	OFF
2026-08-16T00:54:21	LTE,Unknown	LTE	false	0	420	OFF
2026-08-16T00:54:51	LTE,Unknown	LTE	false	0	420	OFF
2026-08-16T00:55:21	LTE,Unknown	LTE	false	0	420	OFF
2026-08-16T00:55:52	LTE,Unknown	LTE	false	0	420	OFF
2026-08-16T00:56:22	LTE,Unknown	LTE	false	0	420	OFF
2026-08-16T00:56:52	LTE,Unknown	LTE	false	0	420	OFF
2026-08-16T00:57:23	LTE,Unknown	LTE	false	0	420	OFF
2026-08-16T00:57:53	LTE,Unknown	LTE	false	0	420	OFF
2026-08-16T00:58:23	LTE,Unknown	LTE	false	0	420	OFF
2026-08-16T00:58:54	LTE,Unknown	LTE	false	0	420	OFF
2026-08-16T00:59:24	LTE,Unknown	LTE	false	0	420	OFF
2026-08-16T00:59:54	LTE,Unknown	LTE	false	0	420	OFF
2026-08-16T01:00:24	LTE,Unknown	LTE	false	0	420	OFF
2026-08-16T01:00:55	LTE,Unknown	LTE	false	0	420	OFF
2026-08-16T01:01:25	LTE,Unknown	LTE	false	0	420	OFF
2026-08-16T01:01:55	LTE,Unknown	LTE	false	0	420	OFF
2026-08-16T01:02:26	LTE,Unknown	LTE	false	0	420	OFF
2026-08-16T01:02:56	LTE,Unknown	LTE	false	0	420	OFF
2026-08-16T01:03:26	LTE,Unknown	LTE	false	0	420	OFF
2026-08-16T01:03:57	LTE,Unknown	LTE	false	0	420	OFF
2026-08-16T01:04:27	LTE,Unknown	LTE	false	0	420	OFF
2026-08-16T01:04:57	LTE,Unknown	LTE	false	0	420	OFF
2026-08-16T01:05:27	LTE,Unknown	LTE	false	0	420	OFF
2026-08-16T01:05:58	LTE,Unknown	LTE	false	0	420	OFF
2026-08-16T01:06:28	LTE,Unknown	LTE	false	0	420	OFF
2026-08-16T01:06:58	LTE,Unknown	LTE	false	0	420	OFF
2026-08-16T01:07:28	LTE,Unknown	LTE	false	0	420	OFF
2026-08-16T01:07:59	LTE,Unknown	LTE	false	0	420	OFF
2026-08-16T01:08:29	LTE,Unknown	LTE	false	0	420	OFF
2026-08-16T01:08:59	LTE,Unknown	LTE	false	0	420	OFF
2026-08-16T01:09:29	LTE,Unknown	LTE	false	0	420	OFF
2026-08-16T01:10:00	LTE,Unknown	LTE	false	0	420	OFF
2026-08-16T01:10:30	LTE,Unknown	LTE	false	0	420	OFF
2026-08-16T01:11:00	LTE,Unknown	LTE	false	0	420	OFF
2026-08-16T01:11:31	LTE,Unknown	LTE	false	0	420	OFF
2026-08-16T01:12:01	LTE,Unknown	LTE	false	0	420	OFF
2026-08-16T01:12:31	LTE,Unknown	LTE	false	0	420	OFF
2026-08-16T01:13:01	LTE,Unknown	LTE	false	0	420	OFF
2026-08-16T01:13:32	LTE,Unknown	LTE	false	0	420	OFF
2026-08-16T01:14:02	LTE,Unknown	LTE	false	0	420	OFF
2026-08-16T01:14:32	LTE,Unknown	LTE	false	0	420	OFF
2026-08-16T01:15:02	LTE,Unknown	LTE	false	0	420	OFF
2026-08-16T01:15:33	LTE,Unknown	LTE	false	0	420	OFF
2026-08-16T01:16:03	LTE,Unknown	LTE	false	0	420	OFF
2026-08-16T01:16:33	LTE,Unknown	LTE	false	0	420	OFF
2026-08-16T01:17:04	LTE,Unknown	LTE	false	0	420	OFF
2026-08-16T01:17:34	LTE,Unknown	LTE	false	0	420	OFF
2026-08-16T01:18:04	LTE,Unknown	LTE	false	0	420	OFF
2026-08-16T01:18:35	LTE,Unknown	LTE	false	0	420	OFF
2026-08-16T01:19:05	LTE,Unknown	LTE	false	0	420	OFF
2026-08-16T01:19:35	LTE,Unknown	LTE	false	0	420	OFF
2026-08-16T01:20:06	LTE,Unknown	LTE	false	0	420	OFF
2026-08-16T01:20:36	LTE,Unknown	LTE	false	0	420	OFF
2026-08-16T01:21:06	LTE,Unknown	LTE	false	0	420	OFF
2026-08-16T01:21:37	LTE,Unknown	LTE	false	0	420	OFF
2026-08-16T01:22:07	LTE,Unknown	LTE	false	0	420	OFF
2026-08-16T01:22:37	LTE,Unknown	LTE	false	0	420	OFF
2026-08-16T01:23:07	LTE,Unknown	LTE	false	0	420	OFF
2026-08-16T01:23:38	LTE,Unknown	LTE	false	0	420	OFF
2026-08-16T01:24:08	LTE,Unknown	LTE	false	0	420	OFF
2026-08-16T01:24:38	LTE,Unknown	LTE	false	0	420	OFF
2026-08-16T01:25:09	LTE,Unknown	LTE	false	0	420	OFF
2026-08-16T01:25:39	LTE,Unknown	LTE	false	0	420	OFF
2026-08-16T01:26:09	LTE,Unknown	LTE	false	0	420	OFF
2026-08-16T01:26:40	LTE,Unknown	LTE	false	0	420	OFF
2026-08-16T01:27:10	LTE,Unknown	LTE	false	0	420	OFF
2026-08-16T01:27:40	LTE,Unknown	LTE	false	0	420	OFF
2026-08-16T01:28:10	LTE,Unknown	LTE	false	0	420	OFF
2026-08-16T01:28:41	LTE,Unknown	LTE	false	0	420	OFF
2026-08-16T01:29:11	LTE,Unknown	LTE	false	0	420	OFF
2026-08-16T01:29:41	LTE,Unknown	LTE	false	0	420	OFF
2026-08-16T01:30:12	LTE,Unknown	LTE	false	0	420	OFF
2026-08-16T01:30:42	LTE,Unknown	LTE	false	0	420	OFF
2026-08-16T01:31:12	LTE,Unknown	LTE	false	0	420	OFF
2026-08-16T01:31:43	LTE,Unknown	LTE	false	0	420	OFF
2026-08-16T01:32:13	LTE,Unknown	LTE	false	0	420	OFF
2026-08-16T01:32:43	LTE,Unknown	LTE	false	0	420	OFF
2026-08-16T01:33:14	LTE,Unknown	LTE	false	0	420	OFF
2026-08-16T01:33:44	LTE,Unknown	LTE	false	0	420	OFF
2026-08-16T01:34:14	LTE,Unknown	LTE	false	0	420	OFF
2026-08-16T01:34:45	LTE,Unknown	LTE	false	0	420	OFF
2026-08-16T01:35:15	LTE,Unknown	LTE	false	0	420	OFF
2026-08-16T01:35:45	LTE,Unknown	LTE	false	0	420	OFF
2026-08-16T01:36:16	LTE,Unknown	LTE	false	0	420	OFF
2026-08-16T01:36:46	LTE,Unknown	LTE	false	0	420	OFF
2026-08-16T01:37:16	LTE,Unknown	LTE	false	0	420	OFF
2026-08-16T01:37:46	LTE,Unknown	LTE	false	0	420	OFF
2026-08-16T01:38:17	LTE,Unknown	LTE	false	0	420	OFF
2026-08-16T01:38:47	LTE,Unknown	LTE	false	0	420	OFF
2026-08-16T01:39:18	LTE,Unknown	LTE	false	0	420	OFF
2026-08-16T01:39:48	LTE,Unknown	LTE	false	0	420	OFF
2026-08-16T01:40:18	LTE,Unknown	LTE	false	0	420	OFF
2026-08-16T01:40:49	LTE,Unknown	LTE	false	0	420	OFF
2026-08-16T01:41:19	LTE,Unknown	LTE	false	0	420	OFF
2026-08-16T01:41:49	LTE,Unknown	LTE	false	0	420	OFF
2026-08-16T01:42:20	LTE,Unknown	LTE	false	0	420	OFF
2026-08-16T01:42:50	LTE,Unknown	LTE	false	0	420	OFF
2026-08-16T01:43:20	LTE,Unknown	LTE	false	0	420	OFF
2026-08-16T01:43:51	LTE,Unknown	LTE	false	0	420	OFF
2026-08-16T01:44:21	LTE,Unknown	LTE	false	0	420	OFF
2026-08-16T01:44:51	LTE,Unknown	LTE	false	0	420	OFF
2026-08-16T01:45:22	LTE,Unknown	LTE	false	0	420	OFF
2026-08-16T01:45:52	LTE,Unknown	LTE	false	0	420	OFF
2026-08-16T01:46:22	LTE,Unknown	LTE	false	0	420	OFF
2026-08-16T01:46:53	LTE,Unknown	LTE	false	0	420	OFF
2026-08-16T01:47:23	LTE,Unknown	LTE	false	0	420	OFF
2026-08-16T01:47:53	LTE,Unknown	LTE	false	0	420	OFF
2026-08-16T01:48:24	LTE,Unknown	LTE	false	0	420	OFF
2026-08-16T01:48:54	LTE,Unknown	LTE	false	0	420	OFF
2026-08-16T01:49:24	LTE,Unknown	LTE	false	0	420	OFF
2026-08-16T01:49:55	LTE,Unknown	LTE	false	0	420	OFF
2026-08-16T01:50:25	LTE,Unknown	LTE	false	0	420	OFF
2026-08-16T01:50:55	LTE,Unknown	LTE	false	0	420	OFF
2026-08-16T01:51:26	LTE,Unknown	LTE	false	0	420	OFF
2026-08-16T01:51:56	LTE,Unknown	LTE	false	0	420	OFF
2026-08-16T01:52:26	LTE,Unknown	LTE	false	0	420	OFF
2026-08-16T01:52:57	LTE,Unknown	LTE	false	0	420	OFF
2026-08-16T01:53:27	LTE,Unknown	LTE	false	0	420	OFF
2026-08-16T01:53:57	LTE,Unknown	LTE	false	0	420	OFF
2026-08-16T01:54:27	LTE,Unknown	LTE	false	0	420	OFF
2026-08-16T01:54:58	LTE,Unknown	LTE	false	0	420	OFF
2026-08-16T01:55:28	LTE,Unknown	LTE	false	0	420	OFF
2026-08-16T01:55:58	LTE,Unknown	LTE	false	0	420	OFF
2026-08-16T01:56:29	LTE,Unknown	LTE	false	0	420	OFF
2026-08-16T01:56:59	LTE,Unknown	LTE	false	0	420	OFF
2026-08-16T01:57:29	LTE,Unknown	LTE	false	0	420	OFF
2026-08-16T01:58:00	LTE,Unknown	LTE	false	0	420	OFF
2026-08-16T01:58:30	LTE,Unknown	LTE	false	0	420	OFF
2026-08-16T01:59:00	LTE,Unknown	LTE	false	0	420	OFF
2026-08-16T01:59:31	LTE,Unknown	LTE	false	0	420	OFF
2026-08-16T02:00:01	LTE,Unknown	LTE	false	0	420	OFF
2026-08-16T02:00:31	LTE,Unknown	LTE	false	0	420	OFF
2026-08-16T02:01:02	LTE,Unknown	LTE	false	0	420	OFF
2026-08-16T02:01:32	LTE,Unknown	LTE	false	0	420	OFF
2026-08-16T02:02:02	LTE,Unknown	LTE	false	0	420	OFF
2026-08-16T02:02:33	LTE,Unknown	LTE	false	0	420	OFF
2026-08-16T02:03:03	LTE,Unknown	LTE	false	0	420	OFF
2026-08-16T02:03:33	LTE,Unknown	LTE	false	0	420	OFF
2026-08-16T02:04:04	LTE,Unknown	LTE	false	0	420	OFF
2026-08-16T02:04:34	LTE,Unknown	LTE	false	0	420	OFF
2026-08-16T02:05:04	LTE,Unknown	LTE	false	0	420	OFF
2026-08-16T02:05:35	LTE,Unknown	LTE	false	0	420	OFF
2026-08-16T02:06:05	LTE,Unknown	LTE	false	0	420	OFF
2026-08-16T02:06:35	LTE,Unknown	LTE	false	0	420	OFF
2026-08-16T02:07:05	LTE,Unknown	LTE	false	0	420	OFF
2026-08-16T02:07:36	LTE,Unknown	LTE	false	0	420	OFF
2026-08-16T02:08:06	LTE,Unknown	LTE	false	0	420	OFF
2026-08-16T02:08:36	LTE,Unknown	LTE	false	0	420	OFF
2026-08-16T02:09:07	LTE,Unknown	LTE	false	0	420	OFF
2026-08-16T02:09:37	LTE,Unknown	LTE	false	0	420	OFF
2026-08-16T02:10:07	LTE,Unknown	LTE	false	0	420	OFF
2026-08-16T02:10:38	LTE,Unknown	LTE	false	0	420	OFF
2026-08-16T02:11:08	LTE,Unknown	LTE	false	0	420	OFF
2026-08-16T02:11:38	LTE,Unknown	LTE	false	0	420	OFF
2026-08-16T02:12:09	LTE,Unknown	LTE	false	0	420	OFF
2026-08-16T02:12:39	LTE,Unknown	LTE	false	0	420	OFF
2026-08-16T02:13:09	LTE,Unknown	LTE	false	0	420	OFF
2026-08-16T02:13:39	LTE,Unknown	LTE	false	0	420	OFF
2026-08-16T02:14:10	LTE,Unknown	LTE	false	0	420	OFF
2026-08-16T02:14:40	LTE,Unknown	LTE	false	0	420	OFF
2026-08-16T02:15:10	LTE,Unknown	LTE	false	0	420	OFF
2026-08-16T02:15:40	LTE,Unknown	LTE	false	0	420	OFF
2026-08-16T02:16:11	LTE,Unknown	LTE	false	0	420	OFF
2026-08-16T02:16:41	LTE,Unknown	LTE	false	0	420	OFF
2026-08-16T02:17:12	LTE,Unknown	LTE	false	0	420	OFF
2026-08-16T02:17:42	LTE,Unknown	LTE	false	0	420	OFF
2026-08-16T02:18:12	LTE,Unknown	LTE	false	0	420	OFF
2026-08-16T02:18:43	LTE,Unknown	LTE	false	0	420	OFF
2026-08-16T02:19:13	LTE,Unknown	LTE	false	0	420	OFF
2026-08-16T02:19:43	LTE,Unknown	LTE	false	0	420	OFF
2026-08-16T02:20:13	LTE,Unknown	LTE	false	0	420	OFF
2026-08-16T02:20:44	LTE,Unknown	LTE	false	0	420	OFF
2026-08-16T02:21:14	LTE,Unknown	LTE	false	0	420	OFF
2026-08-16T02:21:44	LTE,Unknown	LTE	false	0	420	OFF
2026-08-16T02:22:14	LTE,Unknown	LTE	false	0	420	OFF
2026-08-16T02:22:45	LTE,Unknown	LTE	false	0	420	OFF
2026-08-16T02:23:15	LTE,Unknown	LTE	false	0	420	OFF
2026-08-16T02:23:45	LTE,Unknown	LTE	false	0	420	OFF
2026-08-16T02:24:16	LTE,Unknown	LTE	false	0	420	OFF
2026-08-16T02:24:46	LTE,Unknown	LTE	false	0	420	OFF
2026-08-16T02:25:16	LTE,Unknown	LTE	false	0	420	OFF
2026-08-16T02:25:47	LTE,Unknown	LTE	false	0	420	OFF
2026-08-16T02:26:17	LTE,Unknown	LTE	false	0	420	OFF
2026-08-16T02:26:47	LTE,Unknown	LTE	false	0	420	OFF
2026-08-16T02:27:17	LTE,Unknown	LTE	false	0	420	OFF
2026-08-16T02:27:48	LTE,Unknown	LTE	false	0	420	OFF
2026-08-16T02:28:18	LTE,Unknown	LTE	false	0	420	OFF
2026-08-16T02:28:48	LTE,Unknown	LTE	false	0	420	OFF
2026-08-16T02:29:19	LTE,Unknown	LTE	false	0	420	OFF
2026-08-16T02:29:49	LTE,Unknown	LTE	false	0	420	OFF
2026-08-16T02:30:19	LTE,Unknown	LTE	false	0	420	OFF
2026-08-16T02:30:50	LTE,Unknown	LTE	false	0	420	OFF
2026-08-16T02:31:20	LTE,Unknown	LTE	false	0	420	OFF
2026-08-16T02:31:50	LTE,Unknown	LTE	false	0	420	OFF
2026-08-16T02:32:21	LTE,Unknown	LTE	false	0	420	OFF
2026-08-16T02:32:51	LTE,Unknown	LTE	false	0	420	OFF
2026-08-16T02:33:21	LTE,Unknown	LTE	false	0	420	OFF
2026-08-16T02:33:51	LTE,Unknown	LTE	false	0	420	OFF
2026-08-16T02:34:22	LTE,Unknown	LTE	false	0	420	OFF
2026-08-16T02:34:52	LTE,Unknown	LTE	false	0	420	OFF
2026-08-16T02:35:22	LTE,Unknown	LTE	false	0	420	OFF
2026-08-16T02:35:53	LTE,Unknown	LTE	false	0	420	OFF
2026-08-16T02:36:23	LTE,Unknown	LTE	false	0	420	OFF
2026-08-16T02:36:53	LTE,Unknown	LTE	false	0	420	OFF
2026-08-16T02:37:24	LTE,Unknown	LTE	false	0	420	OFF
2026-08-16T02:37:54	LTE,Unknown	LTE	false	0	420	OFF
2026-08-16T02:38:24	LTE,Unknown	LTE	false	0	420	OFF
2026-08-16T02:38:55	LTE,Unknown	LTE	false	0	420	OFF
2026-08-16T02:39:25	LTE,Unknown	LTE	false	0	420	OFF
2026-08-16T02:39:55	LTE,Unknown	LTE	false	0	420	OFF
2026-08-16T02:40:26	LTE,Unknown	LTE	false	0	420	OFF
2026-08-16T02:40:56	LTE,Unknown	LTE	false	0	420	OFF
2026-08-16T02:41:26	LTE,Unknown	LTE	false	0	420	OFF
2026-08-16T02:41:57	LTE,Unknown	LTE	false	0	420	OFF
2026-08-16T02:42:27	LTE,Unknown	LTE	false	0	420	OFF
2026-08-16T02:42:57	LTE,Unknown	LTE	false	0	420	OFF
2026-08-16T02:43:27	LTE,Unknown	LTE	false	0	420	OFF
2026-08-16T02:43:58	LTE,Unknown	LTE	false	0	420	OFF
2026-08-16T02:44:28	LTE,Unknown	LTE	false	0	420	OFF
2026-08-16T02:44:58	LTE,Unknown	LTE	false	0	420	OFF
2026-08-16T02:45:29	LTE,Unknown	LTE	false	0	420	OFF
2026-08-16T02:45:59	LTE,Unknown	LTE	false	0	420	OFF
2026-08-16T02:46:29	LTE,Unknown	LTE	false	0	420	OFF
2026-08-16T02:46:59	LTE,Unknown	LTE	false	0	420	OFF
2026-08-16T02:47:30	LTE,Unknown	LTE	false	0	420	OFF
2026-08-16T02:48:00	LTE,Unknown	LTE	false	0	420	OFF
2026-08-16T02:48:30	LTE,Unknown	LTE	false	0	420	OFF
2026-08-16T02:49:01	LTE,Unknown	LTE	false	0	420	OFF
2026-08-16T02:49:31	LTE,Unknown	LTE	false	0	420	OFF
2026-08-16T02:50:01	LTE,Unknown	LTE	false	0	420	OFF
2026-08-16T02:50:32	LTE,Unknown	LTE	false	0	420	OFF
2026-08-16T02:51:02	LTE,Unknown	LTE	false	0	420	OFF
2026-08-16T02:51:32	LTE,Unknown	LTE	false	0	420	OFF
2026-08-16T02:52:03	LTE,Unknown	LTE	false	0	420	OFF
2026-08-16T02:52:33	LTE,Unknown	LTE	false	0	420	OFF
2026-08-16T02:53:03	LTE,Unknown	LTE	false	0	420	OFF
2026-08-16T02:53:34	LTE,Unknown	LTE	false	0	420	OFF
2026-08-16T02:54:04	LTE,Unknown	LTE	false	0	420	OFF
2026-08-16T02:54:34	LTE,Unknown	LTE	false	0	420	OFF
2026-08-16T02:55:05	LTE,Unknown	LTE	false	0	420	OFF
2026-08-16T02:55:35	LTE,Unknown	LTE	false	0	420	OFF
2026-08-16T02:56:05	LTE,Unknown	LTE	false	0	420	OFF
2026-08-16T02:56:36	LTE,Unknown	LTE	false	0	420	OFF
2026-08-16T02:57:06	LTE,Unknown	LTE	false	0	420	OFF
2026-08-16T02:57:36	LTE,Unknown	LTE	false	0	420	OFF
2026-08-16T02:58:07	LTE,Unknown	LTE	false	0	420	OFF
2026-08-16T02:58:37	LTE,Unknown	LTE	false	0	420	OFF
2026-08-16T02:59:07	LTE,Unknown	LTE	false	0	420	OFF
2026-08-16T02:59:38	LTE,Unknown	LTE	false	0	420	OFF
2026-08-16T03:00:08	LTE,Unknown	LTE	false	0	420	OFF
2026-08-16T03:00:38	LTE,Unknown	LTE	false	0	420	OFF
2026-08-16T03:01:09	LTE,Unknown	LTE	false	0	420	OFF
2026-08-16T03:01:39	LTE,Unknown	LTE	false	0	420	OFF
2026-08-16T03:02:09	LTE,Unknown	LTE	false	0	420	OFF
2026-08-16T03:02:39	LTE,Unknown	LTE	false	0	420	OFF
2026-08-16T03:03:10	LTE,Unknown	LTE	false	0	420	OFF
2026-08-16T03:03:40	LTE,Unknown	LTE	false	0	420	OFF
2026-08-16T03:04:10	LTE,Unknown	LTE	false	0	420	OFF
2026-08-16T03:04:41	LTE,Unknown	LTE	false	0	420	OFF
2026-08-16T03:05:11	LTE,Unknown	LTE	false	0	420	OFF
2026-08-16T03:05:41	LTE,Unknown	LTE	false	0	420	OFF
2026-08-16T03:06:12	LTE,Unknown	LTE	false	0	420	OFF
2026-08-16T03:06:42	LTE,Unknown	LTE	false	0	420	OFF
2026-08-16T03:07:12	LTE,Unknown	LTE	false	0	420	OFF
2026-08-16T03:07:43	LTE,Unknown	LTE	false	0	420	OFF
2026-08-16T03:08:13	LTE,Unknown	LTE	false	0	420	OFF
2026-08-16T03:08:43	LTE,Unknown	LTE	false	0	420	OFF
2026-08-16T03:09:14	LTE,Unknown	LTE	false	0	420	OFF
2026-08-16T03:09:44	LTE,Unknown	LTE	false	0	420	OFF
2026-08-16T03:10:14	LTE,Unknown	LTE	false	0	420	OFF
2026-08-16T03:10:45	LTE,Unknown	LTE	false	0	420	OFF
2026-08-16T03:11:15	LTE,Unknown	LTE	false	0	420	OFF
2026-08-16T03:11:45	LTE,Unknown	LTE	false	0	420	OFF
2026-08-16T03:12:15	LTE,Unknown	LTE	false	0	420	OFF
2026-08-16T03:12:46	LTE,Unknown	LTE	false	0	420	OFF
2026-08-16T03:13:16	LTE,Unknown	LTE	false	0	420	OFF
2026-08-16T03:13:46	LTE,Unknown	LTE	false	0	420	OFF
2026-08-16T03:14:17	LTE,Unknown	LTE	false	0	420	OFF
2026-08-16T03:14:47	LTE,Unknown	LTE	false	0	420	OFF
2026-08-16T03:15:17	LTE,Unknown	LTE	false	0	420	OFF
2026-08-16T03:15:48	LTE,Unknown	LTE	false	0	420	OFF
2026-08-16T03:16:18	LTE,Unknown	LTE	false	0	420	OFF
2026-08-16T03:16:48	LTE,Unknown	LTE	false	0	420	OFF
2026-08-16T03:17:19	LTE,Unknown	LTE	false	0	420	OFF
2026-08-16T03:17:49	LTE,Unknown	LTE	false	0	420	OFF
2026-08-16T03:18:19	LTE,Unknown	LTE	false	0	420	OFF
2026-08-16T03:18:50	LTE,Unknown	LTE	false	0	420	OFF
2026-08-16T03:19:20	LTE,Unknown	LTE	false	0	420	OFF
2026-08-16T03:19:50	LTE,Unknown	LTE	false	0	420	OFF
2026-08-16T03:20:20	LTE,Unknown	LTE	false	0	420	OFF
2026-08-16T03:20:51	LTE,Unknown	LTE	false	0	420	OFF
2026-08-16T03:21:21	LTE,Unknown	LTE	false	0	420	OFF
2026-08-16T03:21:51	LTE,Unknown	LTE	false	0	420	OFF
2026-08-16T03:22:22	LTE,Unknown	LTE	false	0	420	OFF
2026-08-16T03:22:52	LTE,Unknown	LTE	false	0	420	OFF
2026-08-16T03:23:22	LTE,Unknown	LTE	false	0	420	OFF
2026-08-16T03:23:53	LTE,Unknown	LTE	false	0	420	OFF
2026-08-16T03:24:23	LTE,Unknown	LTE	false	0	420	OFF
2026-08-16T03:24:53	LTE,Unknown	LTE	false	0	420	OFF
2026-08-16T03:25:24	LTE,Unknown	LTE	false	0	420	OFF
2026-08-16T03:25:54	LTE,Unknown	LTE	false	0	420	OFF
2026-08-16T03:26:24	LTE,Unknown	LTE	false	0	420	OFF
2026-08-16T03:26:55	LTE,Unknown	LTE	false	0	420	OFF
2026-08-16T03:27:25	LTE,Unknown	LTE	false	0	420	OFF
2026-08-16T03:27:55	LTE,Unknown	LTE	false	0	420	OFF
2026-08-16T03:28:26	LTE,Unknown	LTE	false	0	420	OFF
2026-08-16T03:28:56	LTE,Unknown	LTE	false	0	420	OFF
2026-08-16T03:29:26	LTE,Unknown	LTE	false	0	420	OFF
2026-08-16T03:29:57	LTE,Unknown	LTE	false	0	420	OFF
2026-08-16T03:30:27	LTE,Unknown	LTE	false	0	420	OFF
2026-08-16T03:30:57	LTE,Unknown	LTE	false	0	420	OFF
2026-08-16T03:31:27	LTE,Unknown	LTE	false	0	420	OFF
2026-08-16T03:31:58	LTE,Unknown	LTE	false	0	420	OFF
2026-08-16T03:32:28	LTE,Unknown	LTE	false	0	420	OFF
2026-08-16T03:32:58	LTE,Unknown	LTE	false	0	420	OFF
2026-08-16T03:33:29	LTE,Unknown	LTE	false	0	420	OFF
2026-08-16T03:33:59	LTE,Unknown	LTE	false	0	420	OFF
2026-08-16T03:34:29	LTE,Unknown	LTE	false	0	420	OFF
2026-08-16T03:35:00	LTE,Unknown	LTE	false	0	420	OFF
2026-08-16T03:35:30	LTE,Unknown	LTE	false	0	420	OFF
2026-08-16T03:36:00	LTE,Unknown	LTE	false	0	420	OFF
2026-08-16T03:36:31	LTE,Unknown	LTE	false	0	420	OFF
2026-08-16T03:37:01	LTE,Unknown	LTE	false	0	420	OFF
2026-08-16T03:37:31	LTE,Unknown	LTE	false	0	420	OFF
2026-08-16T03:38:02	LTE,Unknown	LTE	false	0	420	OFF
2026-08-16T03:38:32	LTE,Unknown	LTE	false	0	420	OFF
2026-08-16T03:39:02	LTE,Unknown	LTE	false	0	420	OFF
2026-08-16T03:39:33	LTE,Unknown	LTE	false	0	420	OFF
2026-08-16T03:40:03	LTE,Unknown	LTE	false	0	420	OFF
2026-08-16T03:40:33	LTE,Unknown	LTE	false	0	420	OFF
2026-08-16T03:41:04	LTE,Unknown	LTE	false	0	420	OFF
2026-08-16T03:41:34	LTE,Unknown	LTE	false	0	420	OFF
2026-08-16T03:42:04	LTE,Unknown	LTE	false	0	420	OFF
2026-08-16T03:42:35	LTE,Unknown	LTE	false	0	420	OFF
2026-08-16T03:43:05	LTE,Unknown	LTE	false	0	420	OFF
2026-08-16T03:43:35	LTE,Unknown	LTE	false	0	420	OFF
2026-08-16T03:44:06	LTE,Unknown	LTE	false	0	420	OFF
2026-08-16T03:44:36	LTE,Unknown	LTE	false	0	420	OFF
2026-08-16T03:45:06	LTE,Unknown	LTE	false	0	420	OFF
2026-08-16T03:45:37	LTE,Unknown	LTE	false	0	420	OFF
2026-08-16T03:46:07	LTE,Unknown	LTE	false	0	420	OFF
2026-08-16T03:46:37	LTE,Unknown	LTE	false	0	420	OFF
2026-08-16T03:47:08	LTE,Unknown	LTE	false	0	420	OFF
2026-08-16T03:47:38	LTE,Unknown	LTE	false	0	420	OFF
2026-08-16T03:48:08	LTE,Unknown	LTE	false	0	420	OFF
2026-08-16T03:48:39	LTE,Unknown	LTE	false	0	420	OFF
2026-08-16T03:49:09	LTE,Unknown	LTE	false	0	420	OFF
2026-08-16T03:49:39	LTE,Unknown	LTE	false	0	420	OFF
2026-08-16T03:50:10	LTE,Unknown	LTE	false	0	420	OFF
2026-08-16T03:50:40	LTE,Unknown	LTE	false	0	420	OFF
2026-08-16T03:51:10	LTE,Unknown	LTE	false	0	420	OFF
2026-08-16T03:51:41	LTE,Unknown	LTE	false	0	420	OFF
2026-08-16T03:52:11	LTE,Unknown	LTE	false	0	420	OFF
2026-08-16T03:52:41	LTE,Unknown	LTE	false	0	420	OFF
2026-08-16T03:53:11	LTE,Unknown	LTE	false	0	420	OFF
2026-08-16T03:53:42	LTE,Unknown	LTE	false	0	420	OFF
2026-08-16T03:54:12	LTE,Unknown	LTE	false	0	420	OFF
2026-08-16T03:54:42	LTE,Unknown	LTE	false	0	420	OFF
2026-08-16T03:55:13	LTE,Unknown	LTE	false	0	420	OFF
2026-08-16T03:55:43	LTE,Unknown	LTE	false	0	420	OFF
2026-08-16T03:56:13	LTE,Unknown	LTE	false	0	420	OFF
2026-08-16T03:56:44	LTE,Unknown	LTE	false	0	420	OFF
2026-08-16T03:57:14	LTE,Unknown	LTE	false	0	420	OFF
2026-08-16T03:57:44	LTE,Unknown	LTE	false	0	420	OFF
2026-08-16T03:58:15	LTE,Unknown	LTE	false	0	420	OFF
2026-08-16T03:58:45	LTE,Unknown	LTE	false	0	420	OFF
2026-08-16T03:59:15	LTE,Unknown	LTE	false	0	420	OFF
2026-08-16T03:59:45	LTE,Unknown	LTE	false	0	420	OFF
2026-08-16T04:00:16	LTE,Unknown	LTE	false	0	420	OFF
2026-08-16T04:00:46	LTE,Unknown	LTE	false	0	420	OFF
2026-08-16T04:01:16	LTE,Unknown	LTE	false	0	420	OFF
2026-08-16T04:01:47	LTE,Unknown	LTE	false	0	420	OFF
2026-08-16T04:02:17	LTE,Unknown	LTE	false	0	420	OFF
2026-08-16T04:02:47	LTE,Unknown	LTE	false	0	420	OFF
2026-08-16T04:03:17	LTE,Unknown	LTE	false	0	420	OFF
2026-08-16T04:03:48	LTE,Unknown	LTE	false	0	420	OFF
2026-08-16T04:04:18	LTE,Unknown	LTE	false	0	420	OFF
2026-08-16T04:04:48	LTE,Unknown	LTE	false	0	420	OFF
2026-08-16T04:05:18	LTE,Unknown	LTE	false	0	420	OFF
2026-08-16T04:05:49	LTE,Unknown	LTE	false	0	420	OFF
2026-08-16T04:06:19	LTE,Unknown	LTE	false	0	420	OFF
2026-08-16T04:06:49	LTE,Unknown	LTE	false	0	420	OFF
2026-08-16T04:07:19	LTE,Unknown	LTE	false	0	420	OFF
2026-08-16T04:07:50	LTE,Unknown	LTE	false	0	420	OFF
2026-08-16T04:08:20	LTE,Unknown	LTE	false	0	420	OFF
2026-08-16T04:08:50	LTE,Unknown	LTE	false	0	420	OFF
2026-08-16T04:09:21	LTE,Unknown	LTE	false	0	420	OFF
2026-08-16T04:09:51	LTE,Unknown	LTE	false	0	420	OFF
2026-08-16T04:10:21	LTE,Unknown	LTE	false	0	420	OFF
2026-08-16T04:10:52	LTE,Unknown	LTE	false	0	420	OFF
2026-08-16T04:11:22	LTE,Unknown	LTE	false	0	420	OFF
2026-08-16T04:11:52	LTE,Unknown	LTE	false	0	420	OFF
2026-08-16T04:12:23	LTE,Unknown	LTE	false	0	420	OFF
2026-08-16T04:12:53	LTE,Unknown	LTE	false	0	420	OFF
2026-08-16T04:13:23	LTE,Unknown	LTE	false	0	420	OFF
2026-08-16T04:13:54	LTE,Unknown	LTE	false	0	420	OFF
2026-08-16T04:14:24	LTE,Unknown	LTE	false	0	420	OFF
2026-08-16T04:14:54	LTE,Unknown	LTE	false	0	420	OFF
2026-08-16T04:15:25	LTE,Unknown	LTE	false	0	420	OFF
2026-08-16T04:15:55	LTE,Unknown	LTE	false	0	420	OFF
2026-08-16T04:16:25	LTE,Unknown	LTE	false	0	420	OFF
2026-08-16T04:16:55	LTE,Unknown	LTE	false	0	420	OFF
2026-08-16T04:17:26	LTE,Unknown	LTE	false	0	420	OFF
2026-08-16T04:17:56	LTE,Unknown	LTE	false	0	420	OFF
2026-08-16T04:18:26	LTE,Unknown	LTE	false	0	420	OFF
2026-08-16T04:18:57	LTE,Unknown	LTE	false	0	420	OFF
2026-08-16T04:19:27	LTE,Unknown	LTE	false	0	420	OFF
2026-08-16T04:19:57	LTE,Unknown	LTE	false	0	420	OFF
2026-08-16T04:20:28	LTE,Unknown	LTE	false	0	420	OFF
2026-08-16T04:20:58	LTE,Unknown	LTE	false	0	420	OFF
2026-08-16T04:21:28	LTE,Unknown	LTE	false	0	420	OFF
2026-08-16T04:21:59	LTE,Unknown	LTE	false	0	420	OFF
2026-08-16T04:22:29	LTE,Unknown	LTE	false	0	420	OFF
2026-08-16T04:22:59	LTE,Unknown	LTE	false	0	420	OFF
2026-08-16T04:23:29	LTE,Unknown	LTE	false	0	420	OFF
2026-08-16T04:24:00	LTE,Unknown	LTE	false	0	420	OFF
2026-08-16T04:24:30	LTE,Unknown	LTE	false	0	420	OFF
2026-08-16T04:25:00	LTE,Unknown	LTE	false	0	420	OFF
2026-08-16T04:25:31	LTE,Unknown	LTE	false	0	420	OFF
2026-08-16T04:26:01	LTE,Unknown	LTE	false	0	420	OFF
2026-08-16T04:26:31	LTE,Unknown	LTE	false	0	420	OFF
2026-08-16T04:27:02	LTE,Unknown	LTE	false	0	420	OFF
2026-08-16T04:27:32	LTE,Unknown	LTE	false	0	420	OFF
2026-08-16T04:28:02	LTE,Unknown	LTE	false	0	420	OFF
2026-08-16T04:28:32	LTE,Unknown	LTE	false	0	420	OFF
2026-08-16T04:29:03	LTE,Unknown	LTE	false	0	420	OFF
2026-08-16T04:29:33	LTE,Unknown	LTE	false	0	420	OFF
2026-08-16T04:30:03	LTE,Unknown	LTE	false	0	420	OFF
2026-08-16T04:30:33	LTE,Unknown	LTE	false	0	420	OFF
2026-08-16T04:31:04	LTE,Unknown	LTE	false	0	420	OFF
2026-08-16T04:31:34	LTE,Unknown	LTE	false	0	420	OFF
2026-08-16T04:32:04	LTE,Unknown	LTE	false	0	420	OFF
2026-08-16T04:32:34	LTE,Unknown	LTE	false	0	420	OFF
2026-08-16T04:33:05	LTE,Unknown	LTE	false	0	420	OFF
2026-08-16T04:33:35	LTE,Unknown	LTE	false	0	420	OFF
2026-08-16T04:34:05	LTE,Unknown	LTE	false	0	420	OFF
2026-08-16T04:34:36	LTE,Unknown	LTE	false	0	420	OFF
2026-08-16T04:35:06	LTE,Unknown	LTE	false	0	420	OFF
2026-08-16T04:35:36	LTE,Unknown	LTE	false	0	420	OFF
2026-08-16T04:36:06	LTE,Unknown	LTE	false	0	420	OFF
2026-08-16T04:36:37	LTE,Unknown	LTE	false	0	420	OFF
2026-08-16T04:37:07	LTE,Unknown	LTE	false	0	420	OFF
2026-08-16T04:37:37	LTE,Unknown	LTE	false	0	420	OFF
2026-08-16T04:38:08	LTE,Unknown	LTE	false	0	420	OFF
2026-08-16T04:38:38	LTE,Unknown	LTE	false	0	420	OFF
2026-08-16T04:39:08	LTE,Unknown	LTE	false	0	420	OFF
2026-08-16T04:39:39	LTE,Unknown	LTE	false	0	420	OFF
2026-08-16T04:40:09	LTE,Unknown	LTE	false	0	420	OFF
2026-08-16T04:40:39	LTE,Unknown	LTE	false	0	420	OFF
2026-08-16T04:41:10	LTE,Unknown	LTE	false	0	420	OFF
2026-08-16T04:41:40	LTE,Unknown	LTE	false	0	420	OFF
2026-08-16T04:42:10	LTE,Unknown	LTE	false	0	420	OFF
2026-08-16T04:42:40	LTE,Unknown	LTE	false	0	420	OFF
2026-08-16T04:43:11	LTE,Unknown	LTE	false	0	420	OFF
2026-08-16T04:43:41	LTE,Unknown	LTE	false	0	420	OFF
2026-08-16T04:44:11	LTE,Unknown	LTE	false	0	420	OFF
2026-08-16T04:44:42	LTE,Unknown	LTE	false	0	420	OFF
2026-08-16T04:45:12	LTE,Unknown	LTE	false	0	420	OFF
2026-08-16T04:45:42	LTE,Unknown	LTE	false	0	420	OFF
2026-08-16T04:46:13	LTE,Unknown	LTE	false	0	420	OFF
2026-08-16T04:46:43	LTE,Unknown	LTE	false	0	420	OFF
2026-08-16T04:47:13	LTE,Unknown	LTE	false	0	420	OFF
2026-08-16T04:47:44	LTE,Unknown	LTE	false	0	420	OFF
2026-08-16T04:48:14	LTE,Unknown	LTE	false	0	420	OFF
2026-08-16T04:48:44	LTE,Unknown	LTE	false	0	420	OFF
2026-08-16T04:49:15	LTE,Unknown	LTE	false	0	420	OFF
2026-08-16T04:49:45	LTE,Unknown	LTE	false	0	420	OFF
2026-08-16T04:50:15	LTE,Unknown	LTE	false	0	420	OFF
2026-08-16T04:50:46	LTE,Unknown	LTE	false	0	420	OFF
2026-08-16T04:51:16	LTE,Unknown	LTE	false	0	420	OFF
2026-08-16T04:51:46	LTE,Unknown	LTE	false	0	420	OFF
2026-08-16T04:52:17	LTE,Unknown	LTE	false	0	420	OFF
2026-08-16T04:52:47	LTE,Unknown	LTE	false	0	420	OFF
2026-08-16T04:53:17	LTE,Unknown	LTE	false	0	420	OFF
2026-08-16T04:53:47	LTE,Unknown	LTE	false	0	420	OFF
2026-08-16T04:54:18	LTE,Unknown	LTE	false	0	420	OFF
2026-08-16T04:54:48	LTE,Unknown	LTE	false	0	420	OFF
2026-08-16T04:55:18	LTE,Unknown	LTE	false	0	420	OFF
2026-08-16T04:55:48	LTE,Unknown	LTE	false	0	420	OFF
2026-08-16T04:56:19	LTE,Unknown	LTE	false	0	420	OFF
2026-08-16T04:56:49	LTE,Unknown	LTE	false	0	420	OFF
2026-08-16T04:57:19	LTE,Unknown	LTE	false	0	420	OFF
2026-08-16T04:57:49	LTE,Unknown	LTE	false	0	420	OFF
2026-08-16T04:58:20	LTE,Unknown	LTE	false	0	420	OFF
2026-08-16T04:58:50	LTE,Unknown	LTE	false	0	420	OFF
2026-08-16T04:59:20	LTE,Unknown	LTE	false	0	420	OFF
2026-08-16T04:59:51	LTE,Unknown	LTE	false	0	420	OFF
2026-08-16T05:00:21	LTE,Unknown	LTE	false	0	420	OFF
2026-08-16T05:00:52	LTE,Unknown	LTE	false	0	420	OFF
2026-08-16T05:01:22	LTE,Unknown	LTE	false	0	420	OFF
2026-08-16T05:01:52	LTE,Unknown	LTE	false	0	420	OFF
2026-08-16T05:02:22	LTE,Unknown	LTE	false	0	420	OFF
2026-08-16T05:02:53	LTE,Unknown	LTE	false	0	420	OFF
2026-08-16T05:03:23	LTE,Unknown	LTE	false	0	420	OFF
2026-08-16T05:03:53	LTE,Unknown	LTE	false	0	420	OFF
2026-08-16T05:04:24	LTE,Unknown	LTE	false	0	420	OFF
2026-08-16T05:04:54	LTE,Unknown	LTE	false	0	420	OFF
2026-08-16T05:05:24	LTE,Unknown	LTE	false	0	420	OFF
2026-08-16T05:05:55	LTE,Unknown	LTE	false	0	420	OFF
2026-08-16T05:06:25	LTE,Unknown	LTE	false	0	420	OFF
2026-08-16T05:06:55	LTE,Unknown	LTE	false	0	420	OFF
2026-08-16T05:07:26	LTE,Unknown	LTE	false	0	420	OFF
2026-08-16T05:07:56	LTE,Unknown	LTE	false	0	420	OFF
2026-08-16T05:08:26	LTE,Unknown	LTE	false	0	420	OFF
2026-08-16T05:08:57	LTE,Unknown	LTE	false	0	420	OFF
2026-08-16T05:09:27	LTE,Unknown	LTE	false	0	420	OFF
2026-08-16T05:09:57	LTE,Unknown	LTE	false	0	420	OFF
2026-08-16T05:10:28	LTE,Unknown	LTE	false	0	420	OFF
2026-08-16T05:10:58	LTE,Unknown	LTE	false	0	420	OFF
2026-08-16T05:11:28	LTE,Unknown	LTE	false	0	420	OFF
2026-08-16T05:11:59	LTE,Unknown	LTE	false	0	420	OFF
2026-08-16T05:12:29	LTE,Unknown	LTE	false	0	420	OFF
2026-08-16T05:12:59	LTE,Unknown	LTE	false	0	420	OFF
2026-08-16T05:13:29	LTE,Unknown	LTE	false	0	420	OFF
2026-08-16T05:14:00	LTE,Unknown	LTE	false	0	420	OFF
2026-08-16T05:14:30	LTE,Unknown	LTE	false	0	420	OFF
2026-08-16T05:15:00	LTE,Unknown	LTE	false	0	420	OFF
2026-08-16T05:15:30	LTE,Unknown	LTE	false	0	420	OFF
2026-08-16T05:16:01	LTE,Unknown	LTE	false	0	420	OFF
2026-08-16T05:16:31	LTE,Unknown	LTE	false	0	420	OFF
2026-08-16T05:17:01	LTE,Unknown	LTE	false	0	420	OFF
2026-08-16T05:17:31	LTE,Unknown	LTE	false	0	420	OFF
2026-08-16T05:18:02	LTE,Unknown	LTE	false	0	420	OFF
2026-08-16T05:18:32	LTE,Unknown	LTE	false	0	420	OFF
2026-08-16T05:19:02	LTE,Unknown	LTE	false	0	420	OFF
2026-08-16T05:19:32	LTE,Unknown	LTE	false	0	420	OFF
2026-08-16T05:20:03	LTE,Unknown	LTE	false	0	420	OFF
2026-08-16T05:20:33	LTE,Unknown	LTE	false	0	420	OFF
2026-08-16T05:21:03	LTE,Unknown	LTE	false	0	420	OFF
2026-08-16T05:21:33	LTE,Unknown	LTE	false	0	420	OFF
2026-08-16T05:22:04	LTE,Unknown	LTE	false	0	420	OFF
2026-08-16T05:22:34	LTE,Unknown	LTE	false	0	420	OFF
2026-08-16T05:23:04	LTE,Unknown	LTE	false	0	420	OFF
2026-08-16T05:23:35	LTE,Unknown	LTE	false	0	420	OFF
2026-08-16T05:24:05	LTE,Unknown	LTE	false	0	420	OFF
2026-08-16T05:24:35	LTE,Unknown	LTE	false	0	420	OFF
2026-08-16T05:25:06	LTE,Unknown	LTE	false	0	420	OFF
2026-08-16T05:25:36	LTE,Unknown	LTE	false	0	420	OFF
2026-08-16T05:26:06	LTE,Unknown	LTE	false	0	420	OFF
2026-08-16T05:26:37	LTE,Unknown	LTE	false	0	420	OFF
2026-08-16T05:27:07	LTE,Unknown	LTE	false	0	420	OFF
2026-08-16T05:27:37	LTE,Unknown	LTE	false	0	420	OFF
2026-08-16T05:28:08	LTE,Unknown	LTE	false	0	420	OFF
2026-08-16T05:28:38	LTE,Unknown	LTE	false	0	420	OFF
2026-08-16T05:29:08	LTE,Unknown	LTE	false	0	420	OFF
2026-08-16T05:29:38	LTE,Unknown	LTE	false	0	420	OFF
2026-08-16T05:30:09	LTE,Unknown	LTE	false	0	420	OFF
2026-08-16T05:30:39	LTE,Unknown	LTE	false	0	420	OFF
2026-08-16T05:31:10	LTE,Unknown	LTE	false	0	420	OFF
2026-08-16T05:31:40	LTE,Unknown	LTE	false	0	420	OFF
2026-08-16T05:32:10	LTE,Unknown	LTE	false	0	420	OFF
2026-08-16T05:32:41	LTE,Unknown	LTE	false	0	420	OFF
2026-08-16T05:33:11	LTE,Unknown	LTE	false	0	420	OFF
2026-08-16T05:33:41	LTE,Unknown	LTE	false	0	420	OFF
2026-08-16T05:34:11	LTE,Unknown	LTE	false	0	420	OFF
2026-08-16T05:34:42	LTE,Unknown	LTE	false	0	420	OFF
2026-08-16T05:35:12	LTE,Unknown	LTE	false	0	420	OFF
2026-08-16T05:35:42	LTE,Unknown	LTE	false	0	420	OFF
2026-08-16T05:36:13	LTE,Unknown	LTE	false	0	420	OFF
2026-08-16T05:36:43	LTE,Unknown	LTE	false	0	420	OFF
2026-08-16T05:37:13	LTE,Unknown	LTE	false	0	420	OFF
2026-08-16T05:37:43	LTE,Unknown	LTE	false	0	420	OFF
2026-08-16T05:38:14	LTE,Unknown	LTE	false	0	420	OFF
2026-08-16T05:38:44	LTE,Unknown	LTE	false	0	420	OFF
2026-08-16T05:39:14	LTE,Unknown	LTE	false	0	420	OFF
2026-08-16T05:39:44	LTE,Unknown	LTE	false	0	420	OFF
2026-08-16T05:40:15	LTE,Unknown	LTE	false	0	420	OFF
2026-08-16T05:40:45	LTE,Unknown	LTE	false	0	420	OFF
2026-08-16T05:41:15	LTE,Unknown	LTE	false	0	420	OFF
2026-08-16T05:41:46	LTE,Unknown	LTE	false	0	420	OFF
2026-08-16T05:42:16	LTE,Unknown	LTE	false	0	420	OFF
2026-08-16T05:42:46	LTE,Unknown	LTE	false	0	420	OFF
2026-08-16T05:43:16	LTE,Unknown	LTE	false	0	420	OFF
2026-08-16T05:43:47	LTE,Unknown	LTE	false	0	420	OFF
2026-08-16T05:44:17	LTE,Unknown	LTE	false	0	420	OFF
2026-08-16T05:44:47	LTE,Unknown	LTE	false	0	420	OFF
2026-08-16T05:45:17	LTE,Unknown	LTE	false	0	420	OFF
2026-08-16T05:45:48	LTE,Unknown	LTE	false	0	420	OFF
2026-08-16T05:46:18	LTE,Unknown	LTE	false	0	420	OFF
2026-08-16T05:46:48	LTE,Unknown	LTE	false	0	420	OFF
2026-08-16T05:47:19	LTE,Unknown	LTE	false	0	420	OFF
2026-08-16T05:47:49	LTE,Unknown	LTE	false	0	420	OFF
2026-08-16T05:48:19	LTE,Unknown	LTE	false	0	420	OFF
2026-08-16T05:48:49	LTE,Unknown	LTE	false	0	420	OFF
2026-08-16T05:49:20	LTE,Unknown	LTE	false	0	420	OFF
2026-08-16T05:49:50	LTE,Unknown	LTE	false	0	420	OFF
2026-08-16T05:50:20	LTE,Unknown	LTE	false	0	420	OFF
2026-08-16T05:50:51	LTE,Unknown	LTE	false	0	420	OFF
2026-08-16T05:51:21	LTE,Unknown	LTE	false	0	420	OFF
2026-08-16T05:51:51	LTE,Unknown	LTE	false	0	420	OFF
2026-08-16T05:52:22	LTE,Unknown	LTE	false	0	420	OFF
2026-08-16T05:52:52	LTE,Unknown	LTE	false	0	420	OFF
2026-08-16T05:53:22	LTE,Unknown	LTE	false	0	420	OFF
2026-08-16T05:53:53	LTE,Unknown	LTE	false	0	420	OFF
2026-08-16T05:54:23	LTE,Unknown	LTE	false	0	420	OFF
2026-08-16T05:54:53	LTE,Unknown	LTE	false	0	420	OFF
2026-08-16T05:55:23	LTE,Unknown	LTE	false	0	420	OFF
2026-08-16T05:55:54	LTE,Unknown	LTE	false	0	420	OFF
2026-08-16T05:56:24	LTE,Unknown	LTE	false	0	420	OFF
2026-08-16T05:56:54	LTE,Unknown	LTE	false	0	420	OFF
2026-08-16T05:57:25	LTE,Unknown	LTE	false	0	420	OFF
2026-08-16T05:57:55	LTE,Unknown	LTE	false	0	420	OFF
2026-08-16T05:58:25	LTE,Unknown	LTE	false	0	420	OFF
2026-08-16T05:58:55	LTE,Unknown	LTE	false	0	420	OFF
2026-08-16T05:59:26	LTE,Unknown	LTE	false	0	420	OFF
2026-08-16T05:59:56	LTE,Unknown	LTE	false	0	420	OFF
2026-08-16T06:00:26	LTE,Unknown	LTE	false	0	420	OFF
2026-08-16T06:00:57	LTE,Unknown	LTE	false	0	420	OFF
2026-08-16T06:01:27	LTE,Unknown	LTE	false	0	420	OFF
2026-08-16T06:01:57	LTE,Unknown	LTE	false	0	420	OFF
2026-08-16T06:02:28	LTE,Unknown	LTE	false	0	420	OFF
2026-08-16T06:02:58	LTE,Unknown	LTE	false	0	420	OFF
2026-08-16T06:03:28	LTE,Unknown	LTE	false	0	420	OFF
2026-08-16T06:03:59	LTE,Unknown	LTE	false	0	420	OFF
2026-08-16T06:04:29	LTE,Unknown	LTE	false	0	420	OFF
2026-08-16T06:04:59	LTE,Unknown	LTE	false	0	420	OFF
2026-08-16T06:05:29	LTE,Unknown	LTE	false	0	420	OFF
2026-08-16T06:06:00	LTE,Unknown	LTE	false	0	420	OFF
2026-08-16T06:06:30	LTE,Unknown	LTE	false	0	420	OFF
2026-08-16T06:07:00	LTE,Unknown	LTE	false	0	420	OFF
2026-08-16T06:07:30	LTE,Unknown	LTE	false	0	420	OFF
2026-08-16T06:08:01	LTE,Unknown	LTE	false	0	420	OFF
2026-08-16T06:08:31	LTE,Unknown	LTE	false	0	420	OFF
2026-08-16T06:09:01	LTE,Unknown	LTE	false	0	420	OFF
2026-08-16T06:09:31	LTE,Unknown	LTE	false	0	420	OFF
2026-08-16T06:10:02	LTE,Unknown	LTE	false	0	420	OFF
2026-08-16T06:10:32	LTE,Unknown	LTE	false	0	420	OFF
2026-08-16T06:11:02	LTE,Unknown	LTE	false	0	420	OFF
2026-08-16T06:11:33	LTE,Unknown	LTE	false	0	420	OFF
2026-08-16T06:12:03	LTE,Unknown	LTE	false	0	420	OFF
2026-08-16T06:12:33	LTE,Unknown	LTE	false	0	420	OFF
2026-08-16T06:13:03	LTE,Unknown	LTE	false	0	420	OFF
2026-08-16T06:13:34	LTE,Unknown	LTE	false	0	420	OFF
2026-08-16T06:14:04	LTE,Unknown	LTE	false	0	420	OFF
2026-08-16T06:14:34	LTE,Unknown	LTE	false	0	420	OFF
2026-08-16T06:15:04	LTE,Unknown	LTE	false	0	420	OFF
2026-08-16T06:15:35	LTE,Unknown	LTE	false	0	420	OFF
2026-08-16T06:16:05	LTE,Unknown	LTE	false	0	420	OFF
2026-08-16T06:16:35	LTE,Unknown	LTE	false	0	420	OFF
2026-08-16T06:17:05	LTE,Unknown	LTE	false	0	420	OFF
2026-08-16T06:17:36	LTE,Unknown	LTE	false	0	420	OFF
2026-08-16T06:18:06	LTE,Unknown	LTE	false	0	420	OFF
2026-08-16T06:18:36	LTE,Unknown	LTE	false	0	420	OFF
2026-08-16T06:19:06	LTE,Unknown	LTE	false	0	420	OFF
2026-08-16T06:19:37	LTE,Unknown	LTE	false	0	420	OFF
2026-08-16T06:20:07	LTE,Unknown	LTE	false	0	420	OFF
2026-08-16T06:20:37	LTE,Unknown	LTE	false	0	420	OFF
2026-08-16T06:21:08	LTE,Unknown	LTE	false	0	420	OFF
2026-08-16T06:21:38	LTE,Unknown	LTE	false	0	420	OFF
2026-08-16T06:22:08	LTE,Unknown	LTE	false	0	420	OFF
2026-08-16T06:22:38	LTE,Unknown	LTE	false	0	420	OFF
2026-08-16T06:23:09	LTE,Unknown	LTE	false	0	420	OFF
2026-08-16T06:23:39	LTE,Unknown	LTE	false	0	420	OFF
2026-08-16T06:24:09	LTE,Unknown	LTE	false	0	420	OFF
2026-08-16T06:24:39	LTE,Unknown	LTE	false	0	420	OFF
2026-08-16T06:25:10	LTE,Unknown	LTE	false	0	420	OFF
2026-08-16T06:25:40	LTE,Unknown	LTE	false	0	420	OFF
2026-08-16T06:26:10	LTE,Unknown	LTE	false	0	420	OFF
2026-08-16T06:26:40	LTE,Unknown	LTE	false	0	420	OFF
2026-08-16T06:27:11	LTE,Unknown	LTE	false	0	420	OFF
2026-08-16T06:27:41	LTE,Unknown	LTE	false	0	420	OFF
2026-08-16T06:28:11	LTE,Unknown	LTE	false	0	420	OFF
2026-08-16T06:28:41	LTE,Unknown	LTE	false	0	420	OFF
2026-08-16T06:29:12	LTE,Unknown	LTE	false	0	420	OFF
2026-08-16T06:29:42	LTE,Unknown	LTE	false	0	420	OFF
2026-08-16T06:30:12	LTE,Unknown	LTE	false	0	420	OFF
2026-08-16T06:30:43	LTE,Unknown	LTE	false	0	420	OFF
2026-08-16T06:31:13	LTE,Unknown	LTE	false	0	420	OFF
2026-08-16T06:31:43	LTE,Unknown	LTE	false	0	420	OFF
2026-08-16T06:32:13	LTE,Unknown	LTE	false	0	420	OFF
2026-08-16T06:32:44	LTE,Unknown	LTE	false	0	420	OFF
2026-08-16T06:33:14	LTE,Unknown	LTE	false	0	420	OFF
2026-08-16T06:33:44	LTE,Unknown	LTE	false	0	420	OFF
2026-08-16T06:34:14	LTE,Unknown	LTE	false	0	420	OFF
2026-08-16T06:34:45	LTE,Unknown	LTE	false	0	420	OFF
2026-08-16T06:35:15	LTE,Unknown	LTE	false	0	420	OFF
2026-08-16T06:35:45	LTE,Unknown	LTE	false	0	420	OFF
2026-08-16T06:36:15	LTE,Unknown	LTE	false	0	420	OFF
2026-08-16T06:36:46	LTE,Unknown	LTE	false	0	420	OFF
2026-08-16T06:37:16	LTE,Unknown	LTE	false	0	420	OFF
2026-08-16T06:37:46	LTE,Unknown	LTE	false	0	420	OFF
2026-08-16T06:38:16	LTE,Unknown	LTE	false	0	420	OFF
2026-08-16T06:38:47	LTE,Unknown	LTE	false	0	420	OFF
2026-08-16T06:39:17	LTE,Unknown	LTE	false	0	420	OFF
2026-08-16T06:39:47	LTE,Unknown	LTE	false	0	420	OFF
2026-08-16T06:40:17	LTE,Unknown	LTE	false	0	420	OFF
2026-08-16T06:40:48	LTE,Unknown	LTE	false	0	420	OFF
2026-08-16T06:41:18	LTE,Unknown	LTE	false	0	420	OFF
2026-08-16T06:41:48	LTE,Unknown	LTE	false	0	420	OFF
2026-08-16T06:42:19	LTE,Unknown	LTE	false	0	420	OFF
2026-08-16T06:42:49	LTE,Unknown	LTE	false	0	420	OFF
2026-08-16T06:43:19	LTE,Unknown	LTE	false	0	420	OFF
2026-08-16T06:43:49	LTE,Unknown	LTE	false	0	420	OFF
2026-08-16T06:44:20	LTE,Unknown	LTE	false	0	420	OFF
2026-08-16T06:44:50	LTE,Unknown	LTE	false	0	420	OFF
2026-08-16T06:45:20	LTE,Unknown	LTE	false	0	420	OFF
2026-08-16T06:45:50	LTE,Unknown	LTE	false	0	420	OFF
2026-08-16T06:46:21	LTE,Unknown	LTE	false	0	420	OFF
2026-08-16T06:46:51	LTE,Unknown	LTE	false	0	420	OFF
2026-08-16T06:47:21	LTE,Unknown	LTE	false	0	420	OFF
2026-08-16T06:47:51	LTE,Unknown	LTE	false	0	420	OFF
2026-08-16T06:48:22	LTE,Unknown	LTE	false	0	420	OFF
2026-08-16T06:48:52	LTE,Unknown	LTE	false	0	420	OFF
2026-08-16T06:49:22	LTE,Unknown	LTE	false	0	420	OFF
2026-08-16T06:49:52	LTE,Unknown	LTE	false	0	420	OFF
2026-08-16T06:50:23	LTE,Unknown	LTE	false	0	420	OFF
2026-08-16T06:50:53	LTE,Unknown	LTE	false	0	420	OFF
2026-08-16T06:51:23	LTE,Unknown	LTE	false	0	420	OFF
2026-08-16T06:51:53	LTE,Unknown	LTE	false	0	420	OFF
2026-08-16T06:52:24	LTE,Unknown	LTE	false	0	420	OFF
2026-08-16T06:52:54	LTE,Unknown	LTE	false	0	420	OFF
2026-08-16T06:53:24	LTE,Unknown	LTE	false	0	420	OFF
2026-08-16T06:53:55	LTE,Unknown	LTE	false	0	420	OFF
2026-08-16T06:54:25	LTE,Unknown	LTE	false	0	420	OFF
2026-08-16T06:54:55	LTE,Unknown	LTE	false	0	420	OFF
2026-08-16T06:55:25	LTE,Unknown	LTE	false	0	420	OFF
2026-08-16T06:55:56	LTE,Unknown	LTE	false	0	420	OFF
2026-08-16T06:56:26	LTE,Unknown	LTE	false	0	420	OFF
2026-08-16T06:56:56	LTE,Unknown	LTE	false	0	420	OFF
2026-08-16T06:57:26	LTE,Unknown	LTE	false	0	420	OFF
2026-08-16T06:57:57	LTE,Unknown	LTE	false	0	420	OFF
2026-08-16T06:58:27	LTE,Unknown	LTE	false	0	420	OFF
2026-08-16T06:58:57	LTE,Unknown	LTE	false	0	420	OFF
2026-08-16T06:59:27	LTE,Unknown	LTE	false	0	420	OFF
2026-08-16T06:59:58	LTE,Unknown	LTE	false	0	420	OFF
2026-08-16T07:00:28	LTE,Unknown	LTE	false	0	420	OFF
2026-08-16T07:00:58	LTE,Unknown	LTE	false	0	420	OFF
2026-08-16T07:01:28	LTE,Unknown	LTE	false	0	420	OFF
2026-08-16T07:01:59	LTE,Unknown	LTE	false	0	420	OFF
2026-08-16T07:02:29	LTE,Unknown	LTE	false	0	420	OFF
2026-08-16T07:02:59	LTE,Unknown	LTE	false	0	420	OFF
2026-08-16T07:03:30	LTE,Unknown	LTE	false	0	420	OFF
2026-08-16T07:04:00	LTE,Unknown	LTE	false	0	420	OFF
2026-08-16T07:04:30	LTE,Unknown	LTE	false	0	420	OFF
2026-08-16T07:05:00	LTE,Unknown	LTE	false	0	420	OFF
2026-08-16T07:05:31	LTE,Unknown	LTE	false	0	420	OFF
2026-08-16T07:06:01	LTE,Unknown	LTE	false	0	420	OFF
2026-08-16T07:06:31	LTE,Unknown	LTE	false	0	420	OFF
2026-08-16T07:07:01	LTE,Unknown	LTE	false	0	420	OFF
2026-08-16T07:07:32	LTE,Unknown	LTE	false	0	420	OFF
2026-08-16T07:08:02	LTE,Unknown	LTE	false	0	420	OFF
2026-08-16T07:08:32	LTE,Unknown	LTE	false	0	420	OFF
2026-08-16T07:09:02	LTE,Unknown	LTE	false	0	420	OFF
2026-08-16T07:09:33	LTE,Unknown	LTE	false	0	420	OFF
2026-08-16T07:10:03	LTE,Unknown	LTE	false	0	420	OFF
2026-08-16T07:10:33	LTE,Unknown	LTE	false	0	420	OFF
2026-08-16T07:11:03	LTE,Unknown	LTE	false	0	420	OFF
2026-08-16T07:11:34	LTE,Unknown	LTE	false	0	420	OFF
2026-08-16T07:12:04	LTE,Unknown	LTE	false	0	420	OFF
2026-08-16T07:12:34	LTE,Unknown	LTE	false	0	420	OFF
2026-08-16T07:13:05	LTE,Unknown	LTE	false	0	420	OFF
2026-08-16T07:13:35	LTE,Unknown	LTE	false	0	420	OFF
2026-08-16T07:14:05	LTE,Unknown	LTE	false	0	420	OFF
2026-08-16T07:14:35	LTE,Unknown	LTE	false	0	420	OFF
2026-08-16T07:15:06	LTE,Unknown	LTE	false	0	420	OFF
2026-08-16T07:15:36	LTE,Unknown	LTE	false	0	420	OFF
2026-08-16T07:16:06	LTE,Unknown	LTE	false	0	420	OFF
2026-08-16T07:16:36	LTE,Unknown	LTE	false	0	420	OFF
2026-08-16T07:17:07	LTE,Unknown	LTE	false	0	420	OFF
2026-08-16T07:17:37	LTE,Unknown	LTE	false	0	420	OFF
2026-08-16T07:18:07	LTE,Unknown	LTE	false	0	420	OFF
2026-08-16T07:18:37	LTE,Unknown	LTE	false	0	420	OFF
2026-08-16T07:19:08	LTE,Unknown	LTE	false	0	420	OFF
2026-08-16T07:19:38	LTE,Unknown	LTE	false	0	420	OFF
2026-08-16T07:20:08	LTE,Unknown	LTE	false	0	420	OFF
2026-08-16T07:20:38	LTE,Unknown	LTE	false	0	420	OFF
2026-08-16T07:21:09	LTE,Unknown	LTE	false	0	420	OFF
2026-08-16T07:21:39	LTE,Unknown	LTE	false	0	420	OFF
2026-08-16T07:22:09	LTE,Unknown	LTE	false	0	420	OFF
2026-08-16T07:22:40	LTE,Unknown	LTE	false	0	420	OFF
2026-08-16T07:23:10	LTE,Unknown	LTE	false	0	420	OFF
2026-08-16T07:23:40	LTE,Unknown	LTE	false	0	420	OFF
2026-08-16T07:24:10	LTE,Unknown	LTE	false	0	420	OFF
2026-08-16T07:24:41	LTE,Unknown	LTE	false	0	420	OFF
2026-08-16T07:25:11	LTE,Unknown	LTE	false	0	420	OFF
2026-08-16T07:25:41	LTE,Unknown	LTE	false	0	420	OFF
2026-08-16T07:26:11	LTE,Unknown	LTE	false	0	420	OFF
2026-08-16T07:26:42	LTE,Unknown	LTE	false	0	420	OFF
2026-08-16T07:27:12	LTE,Unknown	LTE	false	0	420	OFF
2026-08-16T07:27:42	LTE,Unknown	LTE	false	0	420	OFF
2026-08-16T07:28:12	LTE,Unknown	LTE	false	0	420	OFF
2026-08-16T07:28:43	LTE,Unknown	LTE	false	0	420	OFF
2026-08-16T07:29:13	LTE,Unknown	LTE	false	0	420	OFF
2026-08-16T07:29:43	LTE,Unknown	LTE	false	0	420	OFF
2026-08-16T07:30:14	LTE,Unknown	LTE	false	0	420	OFF
2026-08-16T07:30:44	LTE,Unknown	LTE	false	0	420	OFF
2026-08-16T07:31:14	LTE,Unknown	LTE	false	0	420	OFF
2026-08-16T07:31:44	LTE,Unknown	LTE	false	0	420	OFF
2026-08-16T07:32:15	LTE,Unknown	LTE	false	0	420	OFF
2026-08-16T07:32:45	LTE,Unknown	LTE	false	0	420	OFF
2026-08-16T07:33:15	LTE,Unknown	LTE	false	0	420	OFF
2026-08-16T07:33:45	LTE,Unknown	LTE	false	0	420	OFF
2026-08-16T07:34:16	LTE,Unknown	LTE	false	0	420	OFF
2026-08-16T07:34:46	LTE,Unknown	LTE	false	0	420	OFF
2026-08-16T07:35:16	LTE,Unknown	LTE	false	0	420	OFF
2026-08-16T07:35:46	LTE,Unknown	LTE	false	0	420	OFF
2026-08-16T07:36:17	LTE,Unknown	LTE	false	0	420	OFF
2026-08-16T07:36:47	LTE,Unknown	LTE	false	0	420	OFF
2026-08-16T07:37:17	LTE,Unknown	LTE	false	0	420	OFF
2026-08-16T07:37:47	LTE,Unknown	LTE	false	0	420	OFF
2026-08-16T07:38:18	LTE,Unknown	LTE	false	0	420	OFF
2026-08-16T07:38:48	LTE,Unknown	LTE	false	0	420	OFF
2026-08-16T07:39:18	LTE,Unknown	LTE	false	0	420	OFF
2026-08-16T07:39:48	LTE,Unknown	LTE	false	0	420	OFF
2026-08-16T07:40:19	LTE,Unknown	LTE	false	0	420	OFF
2026-08-16T07:40:49	LTE,Unknown	LTE	false	0	420	OFF
2026-08-16T07:41:19	LTE,Unknown	LTE	false	0	420	OFF
2026-08-16T07:41:49	LTE,Unknown	LTE	false	0	420	OFF
2026-08-16T07:42:20	LTE,Unknown	LTE	false	0	420	OFF
2026-08-16T07:42:50	LTE,Unknown	LTE	false	0	420	OFF
2026-08-16T07:43:20	LTE,Unknown	LTE	false	0	420	OFF
2026-08-16T07:43:50	LTE,Unknown	LTE	false	0	420	OFF
2026-08-16T07:44:21	LTE,Unknown	LTE	false	0	420	OFF
2026-08-16T07:44:51	LTE,Unknown	LTE	false	0	420	OFF
2026-08-16T07:45:21	LTE,Unknown	LTE	false	0	420	OFF
2026-08-16T07:45:51	LTE,Unknown	LTE	false	0	420	OFF
2026-08-16T07:46:22	LTE,Unknown	LTE	false	0	420	OFF
2026-08-16T07:46:52	LTE,Unknown	LTE	false	0	420	OFF
2026-08-16T07:47:22	LTE,Unknown	LTE	false	0	420	OFF
2026-08-16T07:47:53	LTE,Unknown	LTE	false	0	420	OFF
2026-08-16T07:48:23	LTE,Unknown	LTE	false	0	420	OFF
2026-08-16T07:48:53	LTE,Unknown	LTE	false	0	420	OFF
2026-08-16T07:49:23	LTE,Unknown	LTE	false	0	420	OFF
2026-08-16T07:49:54	LTE,Unknown	LTE	false	0	420	OFF
2026-08-20T07:16:36	NR_SA,Unknown	NR_SA	false	0	2147483647	OFF
2026-08-20T07:17:07	NR_SA,Unknown	NR_SA	false	0	2147483647	OFF
2026-08-20T07:17:37	NR_SA,Unknown	NR_SA	false	0	2147483647	OFF
2026-08-20T07:18:07	NR_SA,Unknown	NR_SA	false	0	2147483647	OFF
2026-08-20T07:18:37	NR_SA,Unknown	NR_SA	false	0	2147483647	ON
2026-08-20T07:19:07	NR_SA,Unknown	NR_SA	false	0	2147483647	ON
2026-08-20T07:19:38	NR_SA,Unknown	NR_SA	false	0	2147483647	ON
2026-08-20T07:20:08	NR_SA,Unknown	NR_SA	false	0	2147483647	ON
2026-08-20T07:20:38	NR_SA,Unknown	NR_SA	false	0	2147483647	ON
2026-08-20T07:21:08	NR_SA,Unknown	NR_SA	false	0	2147483647	ON
2026-08-20T07:21:39	NR_SA,Unknown	NR_SA	false	0	2147483647	ON
2026-08-20T07:22:09	NR_SA,Unknown	NR_SA	false	0	2147483647	ON
2026-08-20T07:22:39	NR_SA,Unknown	NR_SA	false	0	2147483647	ON
2026-08-20T07:23:09	NR_SA,Unknown	NR_SA	false	0	2147483647	ON
2026-08-20T07:23:39	NR_SA,Unknown	NR_SA	false	0	2147483647	ON
2026-08-20T07:24:10	NR_SA,Unknown	NR_SA	false	0	2147483647	ON
2026-08-20T07:24:40	NR_SA,Unknown	NR_SA	false	0	2147483647	ON
2026-08-20T07:25:10	NR_SA,Unknown	NR_SA	false	0	2147483647	ON
2026-08-20T07:25:40	NR_SA,Unknown	NR_SA	false	0	2147483647	ON
2026-08-20T07:26:10	NR_SA,Unknown	NR_SA	false	0	2147483647	ON
2026-08-20T07:26:41	NR_SA,Unknown	NR_SA	false	0	2147483647	ON
2026-08-20T07:27:11	NR_SA,Unknown	NR_SA	false	0	2147483647	ON
2026-08-20T07:27:41	NR_SA,Unknown	NR_SA	false	0	2147483647	ON
2026-08-20T07:28:11	NR_SA,Unknown	NR_SA	false	0	2147483647	ON
2026-08-20T07:28:41	NR_SA,Unknown	NR_SA	false	0	2147483647	ON
2026-08-20T07:29:12	NR_SA,Unknown	NR_SA	false	0	2147483647	ON
2026-08-20T07:29:42	NR_SA,Unknown	NR_SA	false	0	2147483647	ON
2026-08-20T07:30:12	NR_SA,Unknown	NR_SA	false	0	2147483647	ON
2026-08-20T07:30:42	NR_SA,Unknown	NR_SA	false	0	2147483647	ON
2026-08-20T07:31:13	NR_SA,Unknown	NR_SA	false	0	2147483647	ON
2026-08-20T07:31:43	NR_SA,Unknown	NR_SA	false	0	2147483647	ON
2026-08-20T07:32:13	NR_SA,Unknown	NR_SA	false	0	2147483647	ON
2026-08-20T07:32:43	NR_SA,Unknown	NR_SA	false	0	2147483647	ON
2026-08-20T07:33:13	NR_SA,Unknown	NR_SA	false	0	2147483647	ON
2026-08-20T07:33:44	NR_SA,Unknown	NR_SA	false	0	2147483647	ON
2026-08-20T07:34:14	NR_SA,Unknown	NR_SA	false	0	2147483647	ON
2026-08-20T07:34:44	NR_SA,Unknown	NR_SA	false	0	2147483647	ON
2026-08-20T07:35:14	NR_SA,Unknown	NR_SA	false	0	2147483647	ON
2026-08-20T07:35:44	NR_SA,Unknown	NR_SA	false	0	2147483647	ON
2026-08-20T07:36:15	NR_SA,Unknown	NR_SA	false	0	2147483647	ON
2026-08-20T07:36:45	NR_SA,Unknown	NR_SA	false	0	2147483647	ON
2026-08-20T07:37:15	NR_SA,Unknown	NR_SA	false	0	2147483647	ON
2026-08-20T07:37:45	NR_SA,Unknown	NR_SA	false	0	2147483647	ON
2026-08-20T07:38:16	NR_SA,Unknown	NR_SA	false	0	2147483647	ON
2026-08-20T07:38:46	NR_SA,Unknown	NR_SA	false	0	2147483647	ON
2026-08-20T07:39:16	NR_SA,Unknown	NR_SA	false	0	2147483647	ON
2026-08-20T07:39:46	NR_SA,Unknown	NR_SA	false	0	2147483647	ON
2026-08-20T07:40:16	NR_SA,Unknown	NR_SA	false	0	2147483647	ON
2026-08-20T07:40:47	NR_SA,Unknown	NR_SA	false	0	2147483647	ON
2026-08-20T07:41:17	NR_SA,Unknown	NR_SA	false	0	2147483647	ON
2026-08-20T07:41:47	NR_SA,Unknown	NR_SA	false	0	2147483647	ON
2026-08-20T07:42:17	NR_SA,Unknown	NR_SA	false	0	2147483647	ON
2026-08-20T07:42:47	NR_SA,Unknown	NR_SA	false	0	2147483647	ON
2026-08-20T07:43:18	NR_SA,Unknown	NR_SA	false	0	2147483647	ON
2026-08-20T07:43:48	NR_SA,Unknown	NR_SA	false	0	2147483647	ON
2026-08-20T07:44:18	NR_SA,Unknown	NR_SA	false	0	2147483647	ON
2026-08-20T07:44:48	NR_SA,Unknown	NR_SA	false	0	2147483647	ON
2026-08-20T07:45:19	NR_SA,Unknown	NR_SA	false	0	2147483647	ON
2026-08-20T07:45:49	NR_SA,Unknown	NR_SA	false	0	2147483647	ON
2026-08-20T07:46:19	NR_SA,Unknown	NR_SA	false	0	2147483647	ON
2026-08-20T07:46:49	NR_SA,Unknown	NR_SA	false	0	2147483647	ON
2026-08-20T07:47:19	NR_SA,Unknown	NR_SA	false	0	2147483647	ON
2026-08-20T07:47:50	NR_SA,Unknown	NR_SA	false	0	2147483647	ON
2026-08-20T07:48:20	NR_SA,Unknown	NR_SA	false	0	2147483647	ON
2026-08-20T07:48:50	NR_SA,Unknown	NR_SA	false	0	2147483647	ON
2026-08-20T07:49:20	NR_SA,Unknown	NR_SA	false	0	2147483647	ON
2026-08-20T07:49:50	NR_SA,Unknown	NR_SA	false	0	2147483647	ON
2026-08-20T07:50:21	NR_SA,Unknown	NR_SA	false	0	2147483647	ON
2026-08-20T07:50:51	NR_SA,Unknown	NR_SA	false	0	2147483647	ON
2026-08-20T07:51:21	NR_SA,Unknown	NR_SA	false	0	2147483647	ON
2026-08-20T07:51:51	NR_SA,Unknown	NR_SA	false	0	2147483647	ON
2026-08-20T07:52:21	NR_SA,Unknown	NR_SA	false	0	2147483647	ON
2026-08-20T07:52:52	NR_SA,Unknown	NR_SA	false	0	2147483647	ON
2026-08-20T07:53:22	NR_SA,Unknown	NR_SA	false	0	2147483647	ON
2026-08-20T07:53:52	NR_SA,Unknown	NR_SA	false	0	2147483647	ON
2026-08-20T07:54:22	NR_SA,Unknown	NR_SA	false	0	2147483647	ON
2026-08-20T07:54:53	NR_SA,Unknown	NR_SA	false	0	2147483647	ON
2026-08-20T07:55:23	NR_SA,Unknown	NR_SA	false	0	2147483647	ON
2026-08-20T07:55:53	NR_SA,Unknown	NR_SA	false	0	2147483647	ON
2026-08-20T07:56:23	NR_SA,Unknown	NR_SA	false	0	2147483647	ON
2026-08-20T07:56:53	NR_SA,Unknown	NR_SA	false	0	2147483647	ON
2026-08-20T07:57:24	NR_SA,Unknown	NR_SA	false	0	2147483647	ON
2026-08-20T07:57:54	NR_SA,Unknown	NR_SA	false	0	2147483647	ON
2026-08-20T07:58:24	NR_SA,Unknown	NR_SA	false	0	2147483647	ON
2026-08-20T07:58:54	NR_SA,Unknown	NR_SA	false	0	2147483647	ON
2026-08-20T07:59:25	NR_SA,Unknown	NR_SA	false	0	2147483647	ON
2026-08-20T07:59:55	NR_SA,Unknown	NR_SA	false	0	2147483647	ON
2026-08-20T08:00:25	NR_SA,Unknown	NR_SA	false	0	2147483647	ON
2026-08-20T08:00:55	NR_SA,Unknown	NR_SA	false	0	2147483647	ON
2026-08-20T08:01:25	NR_SA,Unknown	NR_SA	false	0	2147483647	ON
2026-08-20T08:01:56	NR_SA,Unknown	NR_SA	false	0	2147483647	ON
2026-08-20T08:02:26	NR_SA,Unknown	NR_SA	false	0	2147483647	ON
2026-08-20T08:02:56	NR_SA,Unknown	NR_SA	false	0	2147483647	ON
2026-08-20T08:03:26	NR_SA,Unknown	NR_SA	false	0	2147483647	ON
2026-08-20T08:03:56	NR_SA,Unknown	NR_SA	false	0	2147483647	ON
2026-08-20T08:04:27	NR_SA,Unknown	NR_SA	false	0	2147483647	ON
2026-08-20T08:04:57	NR_SA,Unknown	NR_SA	false	0	2147483647	ON
2026-08-20T08:05:27	NR_SA,Unknown	NR_SA	false	0	2147483647	ON
2026-08-20T08:05:57	NR_SA,Unknown	NR_SA	false	0	2147483647	OFF
2026-08-20T08:06:28	NR_SA,Unknown	NR_SA	false	0	2147483647	OFF
2026-08-20T08:06:58	NR_SA,Unknown	NR_SA	false	0	2147483647	OFF
2026-08-20T08:07:28	NR_SA,Unknown	NR_SA	false	0	2147483647	OFF
2026-08-20T08:07:58	NR_SA,Unknown	NR_SA	false	0	2147483647	OFF
2026-08-20T08:08:29	NR_SA,Unknown	NR_SA	false	0	2147483647	OFF
2026-08-20T08:08:59	NR_SA,Unknown	NR_SA	false	0	2147483647	OFF
2026-08-20T08:09:29	NR_SA,Unknown	NR_SA	false	0	2147483647	OFF
2026-08-20T08:09:59	NR_SA,Unknown	NR_SA	false	0	2147483647	OFF
2026-08-20T08:10:29	NR_SA,Unknown	NR_SA	false	0	2147483647	OFF
2026-08-20T08:11:00	NR_SA,Unknown	NR_SA	false	0	2147483647	OFF
2026-08-20T08:11:30	NR_SA,Unknown	NR_SA	false	0	2147483647	OFF
2026-08-20T08:12:00	NR_SA,Unknown	NR_SA	false	0	2147483647	OFF
2026-08-20T08:12:30	NR_SA,Unknown	NR_SA	false	0	2147483647	OFF
2026-08-20T08:13:01	NR_SA,Unknown	NR_SA	false	0	2147483647	OFF
2026-08-20T08:13:31	NR_SA,Unknown	NR_SA	false	0	2147483647	OFF
2026-08-20T08:14:01	NR_SA,Unknown	NR_SA	false	0	2147483647	OFF
2026-08-20T08:14:31	NR_SA,Unknown	NR_SA	false	0	2147483647	OFF
2026-08-20T08:15:01	NR_SA,Unknown	NR_SA	false	0	2147483647	OFF
2026-08-20T08:15:32	NR_SA,Unknown	NR_SA	false	0	2147483647	OFF
2026-08-20T08:16:02	NR_SA,Unknown	NR_SA	false	0	2147483647	OFF
2026-08-20T08:16:32	NR_SA,Unknown	NR_SA	false	0	2147483647	OFF
2026-08-20T08:17:02	NR_SA,Unknown	NR_SA	false	0	2147483647	OFF
2026-08-20T08:17:33	NR_SA,Unknown	NR_SA	false	0	2147483647	OFF
2026-08-20T08:18:03	NR_SA,Unknown	NR_SA	false	0	2147483647	OFF
2026-08-20T08:18:33	NR_SA,Unknown	NR_SA	false	0	2147483647	OFF
2026-08-20T08:19:03	NR_SA,Unknown	NR_SA	false	0	2147483647	OFF
2026-08-20T08:19:34	NR_SA,Unknown	NR_SA	false	0	2147483647	OFF
2026-08-20T08:20:04	NR_SA,Unknown	NR_SA	false	0	2147483647	OFF
2026-08-20T08:20:34	NR_SA,Unknown	NR_SA	false	0	2147483647	OFF
2026-08-20T08:21:04	NR_SA,Unknown	NR_SA	false	0	2147483647	OFF
2026-08-20T08:21:34	NR_SA,Unknown	NR_SA	false	0	2147483647	OFF
2026-08-20T08:22:05	NR_SA,Unknown	NR_SA	false	0	2147483647	OFF
2026-08-20T08:22:35	NR_SA,Unknown	NR_SA	false	0	2147483647	OFF
2026-08-20T08:23:05	NR_SA,Unknown	NR_SA	false	0	2147483647	OFF
2026-08-20T08:23:35	NR_SA,Unknown	NR_SA	false	0	2147483647	OFF
2026-08-20T08:24:06	NR_SA,Unknown	NR_SA	false	0	2147483647	OFF
2026-08-20T08:24:36	NR_SA,Unknown	NR_SA	false	0	2147483647	OFF
2026-08-20T08:25:06	NR_SA,Unknown	NR_SA	false	0	2147483647	OFF
2026-08-20T08:25:36	NR_SA,Unknown	NR_SA	false	0	2147483647	OFF
2026-08-20T08:26:07	NR_SA,Unknown	NR_SA	false	0	2147483647	OFF
2026-08-20T08:26:37	NR_SA,Unknown	NR_SA	false	0	2147483647	OFF
2026-08-20T08:27:07	NR_SA,Unknown	NR_SA	false	0	2147483647	OFF
2026-08-20T08:27:37	NR_SA,Unknown	NR_SA	false	0	2147483647	OFF
2026-08-20T08:28:07	NR_SA,Unknown	NR_SA	false	0	2147483647	OFF
2026-08-20T08:28:38	NR_SA,Unknown	NR_SA	false	0	2147483647	OFF
2026-08-20T08:29:08	NR_SA,Unknown	NR_SA	false	0	2147483647	OFF
2026-08-20T08:29:38	NR_SA,Unknown	NR_SA	false	0	2147483647	OFF
2026-08-20T08:30:08	NR_SA,Unknown	NR_SA	false	0	2147483647	OFF
2026-08-20T08:30:39	NR_SA,Unknown	NR_SA	false	0	2147483647	OFF
2026-08-20T08:31:09	NR_SA,Unknown	NR_SA	false	0	2147483647	OFF
2026-08-20T08:31:39	NR_SA,Unknown	NR_SA	false	0	2147483647	OFF
2026-08-20T08:32:09	NR_SA,Unknown	NR_SA	false	0	2147483647	OFF
2026-08-20T08:32:39	NR_SA,Unknown	NR_SA	false	0	2147483647	OFF
2026-08-20T08:33:10	NR_SA,Unknown	NR_SA	false	0	2147483647	OFF
2026-08-20T08:33:40	NR_SA,Unknown	NR_SA	false	0	2147483647	OFF
2026-08-20T08:34:10	NR_SA,Unknown	NR_SA	false	0	2147483647	OFF
2026-08-20T08:34:40	NR_SA,Unknown	NR_SA	false	0	2147483647	OFF
2026-08-20T08:35:11	NR_SA,Unknown	NR_SA	false	0	2147483647	OFF
2026-08-20T08:35:41	NR_SA,Unknown	NR_SA	false	0	2147483647	OFF
2026-08-20T08:36:11	NR_SA,Unknown	NR_SA	false	0	2147483647	OFF
2026-08-20T08:36:41	NR_SA,Unknown	NR_SA	false	0	2147483647	OFF
2026-08-20T08:37:12	NR_SA,Unknown	NR_SA	false	0	2147483647	OFF
2026-08-20T08:37:42	NR_SA,Unknown	NR_SA	false	0	2147483647	OFF
2026-08-20T08:38:12	NR_SA,Unknown	NR_SA	false	0	2147483647	OFF
2026-08-20T08:38:42	NR_SA,Unknown	NR_SA	false	0	2147483647	OFF
2026-08-20T08:39:13	NR_SA,Unknown	NR_SA	false	0	2147483647	OFF
2026-08-20T08:39:43	NR_SA,Unknown	NR_SA	false	0	2147483647	OFF
2026-08-20T08:40:13	NR_SA,Unknown	NR_SA	false	0	2147483647	OFF
2026-08-20T08:40:43	NR_SA,Unknown	NR_SA	false	0	2147483647	OFF
2026-08-20T08:41:14	NR_SA,Unknown	NR_SA	false	0	2147483647	OFF
2026-08-20T08:41:44	NR_SA,Unknown	NR_SA	false	0	2147483647	OFF
2026-08-20T08:42:14	NR_SA,Unknown	NR_SA	false	0	2147483647	OFF
2026-08-20T08:42:44	NR_SA,Unknown	NR_SA	false	0	2147483647	OFF
2026-08-20T08:43:14	NR_SA,Unknown	NR_SA	false	0	2147483647	OFF
2026-08-20T08:43:45	NR_SA,Unknown	NR_SA	false	0	2147483647	OFF
2026-08-20T08:44:15	NR_SA,Unknown	NR_SA	false	0	2147483647	OFF
2026-08-20T08:44:45	NR_SA,Unknown	NR_SA	false	0	2147483647	OFF
2026-08-20T08:45:15	NR_SA,Unknown	NR_SA	false	0	2147483647	OFF
2026-08-20T08:45:46	NR_SA,Unknown	NR_SA	false	0	2147483647	OFF
2026-08-20T08:46:16	NR_SA,Unknown	NR_SA	false	0	2147483647	OFF
2026-08-20T08:46:46	NR_SA,Unknown	NR_SA	false	0	2147483647	OFF
2026-08-20T08:47:16	NR_SA,Unknown	NR_SA	false	0	2147483647	OFF
2026-08-20T08:47:46	NR_SA,Unknown	NR_SA	false	0	2147483647	OFF
2026-08-20T08:48:17	NR_SA,Unknown	NR_SA	false	0	2147483647	OFF
2026-08-20T08:48:47	NR_SA,Unknown	NR_SA	false	0	2147483647	OFF
2026-08-20T08:49:17	NR_SA,Unknown	NR_SA	false	0	2147483647	OFF
2026-08-20T08:49:47	NR_SA,Unknown	NR_SA	false	0	2147483647	OFF
2026-08-20T08:50:18	NR_SA,Unknown	NR_SA	false	0	2147483647	OFF
2026-08-20T08:50:48	NR_SA,Unknown	NR_SA	false	0	2147483647	OFF
2026-08-20T08:51:18	NR_SA,Unknown	NR_SA	false	0	2147483647	OFF
2026-08-20T08:51:48	NR_SA,Unknown	NR_SA	false	0	2147483647	OFF
2026-08-20T08:52:19	NR_SA,Unknown	NR_SA	false	0	2147483647	OFF
2026-08-20T08:52:49	NR_SA,Unknown	NR_SA	false	0	2147483647	OFF
2026-08-20T08:53:19	NR_SA,Unknown	NR_SA	false	0	2147483647	OFF
2026-08-20T08:53:49	NR_SA,Unknown	NR_SA	false	0	2147483647	OFF
2026-08-20T08:54:19	NR_SA,Unknown	NR_SA	false	0	2147483647	OFF
2026-08-20T08:54:50	NR_SA,Unknown	NR_SA	false	0	2147483647	OFF
2026-08-20T08:55:20	NR_SA,Unknown	NR_SA	false	0	2147483647	OFF
2026-08-20T08:55:50	NR_SA,Unknown	NR_SA	false	0	2147483647	OFF
2026-08-20T08:56:20	NR_SA,Unknown	NR_SA	false	0	2147483647	OFF
2026-08-20T08:56:51	NR_SA,Unknown	NR_SA	false	0	2147483647	OFF
2026-08-20T08:57:21	NR_SA,Unknown	NR_SA	false	0	2147483647	OFF
2026-08-20T08:57:51	NR_SA,Unknown	NR_SA	false	0	2147483647	OFF
2026-08-20T08:58:21	NR_SA,Unknown	NR_SA	false	0	2147483647	OFF
2026-08-20T08:58:51	NR_SA,Unknown	NR_SA	false	0	2147483647	OFF
2026-08-20T08:59:22	NR_SA,Unknown	NR_SA	false	0	2147483647	OFF
2026-08-20T08:59:52	NR_SA,Unknown	NR_SA	false	0	2147483647	OFF
2026-08-20T09:00:22	NR_SA,Unknown	NR_SA	false	0	2147483647	OFF
2026-08-20T09:00:52	NR_SA,Unknown	NR_SA	false	0	2147483647	OFF
2026-08-20T09:01:23	NR_SA,Unknown	NR_SA	false	0	2147483647	OFF
2026-08-20T09:01:53	NR_SA,Unknown	NR_SA	false	0	2147483647	OFF
2026-08-20T09:02:23	NR_SA,Unknown	NR_SA	false	0	2147483647	OFF
2026-08-20T09:02:53	NR_SA,Unknown	NR_SA	false	0	2147483647	OFF
2026-08-20T09:03:23	NR_SA,Unknown	NR_SA	false	0	2147483647	OFF
2026-08-20T09:03:54	NR_SA,Unknown	NR_SA	false	0	2147483647	OFF
2026-08-20T09:04:24	NR_SA,Unknown	NR_SA	false	0	2147483647	OFF
2026-08-20T09:04:54	NR_SA,Unknown	NR_SA	false	0	2147483647	OFF
2026-08-20T09:05:24	NR_SA,Unknown	NR_SA	false	0	2147483647	OFF
2026-08-20T09:05:55	NR_SA,Unknown	NR_SA	false	0	2147483647	OFF
2026-08-20T09:06:25	NR_SA,Unknown	NR_SA	false	0	2147483647	OFF
2026-08-20T09:06:55	NR_SA,Unknown	NR_SA	false	0	2147483647	OFF
2026-08-20T09:07:25	NR_SA,Unknown	NR_SA	false	0	2147483647	OFF
2026-08-20T09:07:56	NR_SA,Unknown	NR_SA	false	0	2147483647	OFF
2026-08-20T09:08:26	NR_SA,Unknown	NR_SA	false	0	2147483647	OFF
2026-08-20T09:08:56	NR_SA,Unknown	NR_SA	false	0	2147483647	OFF
2026-08-20T09:09:26	NR_SA,Unknown	NR_SA	false	0	2147483647	OFF
2026-08-20T09:09:56	NR_SA,Unknown	NR_SA	false	0	2147483647	OFF
2026-08-20T09:10:27	NR_SA,Unknown	NR_SA	false	0	2147483647	OFF
2026-08-20T09:10:57	NR_SA,Unknown	NR_SA	false	0	2147483647	OFF
2026-08-20T09:11:27	NR_SA,Unknown	NR_SA	false	0	2147483647	OFF
2026-08-20T09:11:57	NR_SA,Unknown	NR_SA	false	0	2147483647	OFF
2026-08-20T09:12:28	NR_SA,Unknown	NR_SA	false	0	2147483647	OFF
2026-08-20T09:12:58	NR_SA,Unknown	NR_SA	false	0	2147483647	OFF
2026-08-20T09:13:28	NR_SA,Unknown	NR_SA	false	0	2147483647	OFF
2026-08-20T09:13:58	NR_SA,Unknown	NR_SA	false	0	2147483647	OFF
2026-08-20T09:14:29	NR_SA,Unknown	NR_SA	false	0	2147483647	OFF
2026-08-20T09:14:59	NR_SA,Unknown	NR_SA	false	0	2147483647	OFF
2026-08-20T09:15:29	NR_SA,Unknown	NR_SA	false	0	2147483647	OFF
2026-08-20T09:15:59	NR_SA,Unknown	NR_SA	false	0	2147483647	OFF
2026-08-20T09:16:30	NR_SA,Unknown	NR_SA	false	0	2147483647	OFF
2026-08-20T09:17:00	NR_SA,Unknown	NR_SA	false	0	2147483647	OFF
2026-08-20T09:17:30	NR_SA,Unknown	NR_SA	false	0	2147483647	OFF
2026-08-20T09:18:00	NR_SA,Unknown	NR_SA	false	0	2147483647	OFF
2026-08-20T09:18:30	NR_SA,Unknown	NR_SA	false	0	2147483647	OFF
2026-08-20T09:19:01	NR_SA,Unknown	NR_SA	false	0	2147483647	OFF
2026-08-20T09:19:31	NR_SA,Unknown	NR_SA	false	0	2147483647	OFF
2026-08-20T09:20:01	NR_SA,Unknown	NR_SA	false	0	2147483647	OFF
2026-08-20T09:20:31	NR_SA,Unknown	NR_SA	false	0	2147483647	OFF
2026-08-20T09:21:02	NR_SA,Unknown	NR_SA	false	0	2147483647	OFF
2026-08-20T09:21:32	NR_SA,Unknown	NR_SA	false	0	2147483647	OFF
2026-08-20T09:22:02	NR_SA,Unknown	NR_SA	false	0	2147483647	OFF
2026-08-20T09:22:32	NR_SA,Unknown	NR_SA	false	0	2147483647	OFF
2026-08-20T09:23:02	NR_SA,Unknown	NR_SA	false	0	2147483647	OFF
2026-08-20T09:23:33	NR_SA,Unknown	NR_SA	false	0	2147483647	OFF
2026-08-20T09:24:03	NR_SA,Unknown	NR_SA	false	0	2147483647	OFF
2026-08-20T09:24:33	NR_SA,Unknown	NR_SA	false	0	2147483647	OFF
2026-08-20T09:25:03	NR_SA,Unknown	NR_SA	false	0	2147483647	OFF
2026-08-20T09:25:34	NR_SA,Unknown	NR_SA	false	0	2147483647	OFF
2026-08-20T09:26:04	NR_SA,Unknown	NR_SA	false	0	2147483647	OFF
2026-08-20T09:26:34	NR_SA,Unknown	NR_SA	false	0	2147483647	OFF
2026-08-20T09:27:04	NR_SA,Unknown	NR_SA	false	0	2147483647	OFF
2026-08-20T09:27:35	NR_SA,Unknown	NR_SA	false	0	2147483647	OFF
2026-08-20T09:28:05	NR_SA,Unknown	NR_SA	false	0	2147483647	OFF
2026-08-20T09:28:35	NR_SA,Unknown	NR_SA	false	0	2147483647	OFF
2026-08-20T09:29:05	NR_SA,Unknown	NR_SA	false	0	2147483647	OFF
2026-08-20T09:29:35	NR_SA,Unknown	NR_SA	false	0	2147483647	OFF
2026-08-20T09:30:06	NR_SA,Unknown	NR_SA	false	0	2147483647	OFF
2026-08-20T09:30:36	NR_SA,Unknown	NR_SA	false	0	2147483647	OFF
2026-08-20T09:31:06	NR_SA,Unknown	NR_SA	false	0	2147483647	OFF
2026-08-20T09:31:36	NR_SA,Unknown	NR_SA	false	0	2147483647	OFF
2026-08-20T09:32:07	NR_SA,Unknown	NR_SA	false	0	2147483647	OFF
2026-08-20T09:32:37	NR_SA,Unknown	NR_SA	false	0	2147483647	OFF
2026-08-20T09:33:07	NR_SA,Unknown	NR_SA	false	0	2147483647	OFF
2026-08-20T09:33:37	NR_SA,Unknown	NR_SA	false	0	2147483647	OFF
2026-08-20T09:34:07	NR_SA,Unknown	NR_SA	false	0	2147483647	OFF
2026-08-20T09:34:38	NR_SA,Unknown	NR_SA	false	0	2147483647	OFF
2026-08-20T09:35:08	NR_SA,Unknown	NR_SA	false	0	2147483647	OFF
2026-08-20T09:35:38	NR_SA,Unknown	NR_SA	false	0	2147483647	OFF
2026-08-20T09:36:08	NR_SA,Unknown	NR_SA	false	0	2147483647	OFF
2026-08-20T09:36:39	NR_SA,Unknown	NR_SA	false	0	2147483647	OFF
2026-08-20T09:37:09	NR_SA,Unknown	NR_SA	false	0	2147483647	OFF
2026-08-20T09:37:39	NR_SA,Unknown	NR_SA	false	0	2147483647	OFF
2026-08-20T09:38:09	NR_SA,Unknown	NR_SA	false	0	2147483647	OFF
2026-08-20T09:38:39	NR_SA,Unknown	NR_SA	false	0	2147483647	OFF
2026-08-20T09:39:10	NR_SA,Unknown	NR_SA	false	0	2147483647	OFF
2026-08-20T09:39:40	NR_SA,Unknown	NR_SA	false	0	2147483647	OFF
2026-08-20T09:40:10	NR_SA,Unknown	NR_SA	false	0	2147483647	OFF
2026-08-20T09:40:40	NR_SA,Unknown	NR_SA	false	0	2147483647	OFF
2026-08-20T09:41:11	NR_SA,Unknown	NR_SA	false	0	2147483647	OFF
2026-08-20T09:41:41	NR_SA,Unknown	NR_SA	false	0	2147483647	OFF
2026-08-20T09:42:11	NR_SA,Unknown	NR_SA	false	0	2147483647	OFF
2026-08-20T09:42:41	NR_SA,Unknown	NR_SA	false	0	2147483647	OFF
2026-08-20T09:43:12	NR_SA,Unknown	NR_SA	false	0	2147483647	OFF
2026-08-20T09:43:42	NR_SA,Unknown	NR_SA	false	0	2147483647	OFF
2026-08-20T09:44:12	NR_SA,Unknown	NR_SA	false	0	2147483647	OFF
2026-08-20T09:44:42	NR_SA,Unknown	NR_SA	false	0	2147483647	OFF
2026-08-20T09:45:12	NR_SA,Unknown	NR_SA	false	0	2147483647	OFF
2026-08-20T09:45:43	NR_SA,Unknown	NR_SA	false	0	2147483647	OFF
2026-08-20T09:46:13	NR_SA,Unknown	NR_SA	false	0	2147483647	OFF
2026-08-20T09:46:43	NR_SA,Unknown	NR_SA	false	0	2147483647	OFF
2026-08-20T09:47:13	NR_SA,Unknown	NR_SA	false	0	2147483647	OFF
2026-08-20T09:47:44	NR_SA,Unknown	NR_SA	false	0	2147483647	OFF
2026-08-20T09:48:14	NR_SA,Unknown	NR_SA	false	0	2147483647	OFF
2026-08-20T09:48:44	NR_SA,Unknown	NR_SA	false	0	2147483647	OFF
2026-08-20T09:49:14	NR_SA,Unknown	NR_SA	false	0	2147483647	OFF
2026-08-20T09:49:44	NR_SA,Unknown	NR_SA	false	0	2147483647	OFF
2026-08-20T09:50:15	NR_SA,Unknown	NR_SA	false	0	2147483647	OFF
2026-08-20T09:50:45	NR_SA,Unknown	NR_SA	false	0	2147483647	OFF
2026-08-20T09:51:15	NR_SA,Unknown	NR_SA	false	0	2147483647	OFF
2026-08-20T09:51:45	NR_SA,Unknown	NR_SA	false	0	2147483647	OFF
2026-08-20T09:52:16	NR_SA,Unknown	NR_SA	false	0	2147483647	OFF
2026-08-20T09:52:46	NR_SA,Unknown	NR_SA	false	0	2147483647	OFF
2026-08-20T09:53:16	NR_SA,Unknown	NR_SA	false	0	2147483647	OFF
2026-08-20T09:53:46	NR_SA,Unknown	NR_SA	false	0	2147483647	OFF
2026-08-20T09:54:16	NR_SA,Unknown	NR_SA	false	0	2147483647	OFF
2026-08-20T09:54:47	NR_SA,Unknown	NR_SA	false	0	2147483647	OFF
2026-08-20T09:55:17	NR_SA,Unknown	NR_SA	false	0	2147483647	OFF
2026-08-20T09:55:47	NR_SA,Unknown	NR_SA	false	0	2147483647	OFF
2026-08-20T09:56:17	NR_SA,Unknown	NR_SA	false	0	2147483647	OFF
2026-08-20T09:56:48	NR_SA,Unknown	NR_SA	false	0	2147483647	OFF
2026-08-20T09:57:18	NR_SA,Unknown	NR_SA	false	0	2147483647	OFF
2026-08-20T09:57:48	NR_SA,Unknown	NR_SA	false	0	2147483647	OFF
2026-08-20T09:58:18	NR_SA,Unknown	NR_SA	false	0	2147483647	OFF
2026-08-20T09:58:49	NR_SA,Unknown	NR_SA	false	0	2147483647	OFF
2026-08-20T09:59:19	NR_SA,Unknown	NR_SA	false	0	2147483647	OFF
2026-08-20T09:59:49	NR_SA,Unknown	NR_SA	false	0	2147483647	OFF
2026-08-20T10:00:19	NR_SA,Unknown	NR_SA	false	0	2147483647	OFF
2026-08-20T10:00:50	NR_SA,Unknown	NR_SA	false	0	2147483647	OFF
2026-08-20T10:01:20	NR_SA,Unknown	NR_SA	false	0	2147483647	OFF
2026-08-20T10:01:50	NR_SA,Unknown	NR_SA	false	0	2147483647	OFF
2026-08-20T10:02:20	NR_SA,Unknown	NR_SA	false	0	2147483647	OFF
2026-08-20T10:02:50	NR_SA,Unknown	NR_SA	false	0	2147483647	OFF
2026-08-20T10:03:21	NR_SA,Unknown	NR_SA	false	0	2147483647	OFF
2026-08-20T10:03:51	NR_SA,Unknown	NR_SA	false	0	2147483647	OFF
2026-08-20T10:04:21	NR_SA,Unknown	NR_SA	false	0	2147483647	OFF
2026-08-20T10:04:51	NR_SA,Unknown	NR_SA	false	0	2147483647	OFF
2026-08-20T10:05:22	NR_SA,Unknown	NR_SA	false	0	2147483647	OFF
2026-08-20T10:05:52	NR_SA,Unknown	NR_SA	false	0	2147483647	OFF
2026-08-20T10:06:22	NR_SA,Unknown	NR_SA	false	0	2147483647	OFF
2026-08-20T10:06:52	NR_SA,Unknown	NR_SA	false	0	2147483647	OFF
2026-08-20T10:07:23	NR_SA,Unknown	NR_SA	false	0	2147483647	OFF
2026-08-20T10:07:53	NR_SA,Unknown	NR_SA	false	0	2147483647	OFF
2026-08-20T10:08:23	NR_SA,Unknown	NR_SA	false	0	2147483647	OFF
2026-08-20T10:08:53	NR_SA,Unknown	NR_SA	false	0	2147483647	OFF
2026-08-20T10:09:23	NR_SA,Unknown	NR_SA	false	0	2147483647	OFF
2026-08-20T10:09:54	NR_SA,Unknown	NR_SA	false	0	2147483647	OFF
2026-08-20T10:10:24	NR_SA,Unknown	NR_SA	false	0	2147483647	OFF
2026-08-20T10:10:54	NR_SA,Unknown	NR_SA	false	0	2147483647	OFF
2026-08-20T10:11:24	NR_SA,Unknown	NR_SA	false	0	2147483647	OFF
2026-08-20T10:11:55	NR_SA,Unknown	NR_SA	false	0	2147483647	OFF
2026-08-20T10:12:25	NR_SA,Unknown	NR_SA	false	0	2147483647	OFF
2026-08-20T10:12:55	NR_SA,Unknown	NR_SA	false	0	2147483647	OFF
2026-08-20T10:13:25	NR_SA,Unknown	NR_SA	false	0	2147483647	OFF
2026-08-20T10:13:56	NR_SA,Unknown	NR_SA	false	0	2147483647	OFF
2026-08-20T10:14:26	NR_SA,Unknown	NR_SA	false	0	2147483647	OFF
2026-08-20T10:14:56	NR_SA,Unknown	NR_SA	false	0	2147483647	OFF
2026-08-20T10:15:26	NR_SA,Unknown	NR_SA	false	0	2147483647	OFF
2026-08-20T10:15:56	NR_SA,Unknown	NR_SA	false	0	2147483647	OFF
2026-08-20T10:16:27	NR_SA,Unknown	NR_SA	false	0	2147483647	OFF
2026-08-20T10:16:57	NR_SA,Unknown	NR_SA	false	0	2147483647	OFF
2026-08-20T10:17:27	NR_SA,Unknown	NR_SA	false	0	2147483647	OFF
2026-08-20T10:17:57	NR_SA,Unknown	NR_SA	false	0	2147483647	OFF
2026-08-20T10:18:28	NR_SA,Unknown	NR_SA	false	0	2147483647	OFF
2026-08-20T10:18:58	NR_SA,Unknown	NR_SA	false	0	2147483647	OFF
2026-08-20T10:19:28	NR_SA,Unknown	NR_SA	false	0	2147483647	OFF
2026-08-20T10:19:58	NR_SA,Unknown	NR_SA	false	0	2147483647	OFF
2026-08-20T10:20:29	NR_SA,Unknown	NR_SA	false	0	2147483647	OFF
2026-08-20T10:20:59	NR_SA,Unknown	NR_SA	false	0	2147483647	OFF
2026-08-20T10:21:29	NR_SA,Unknown	NR_SA	false	0	2147483647	OFF
2026-08-20T10:21:59	NR_SA,Unknown	NR_SA	false	0	2147483647	OFF
2026-08-20T10:22:29	NR_SA,Unknown	NR_SA	false	0	2147483647	OFF
2026-08-20T10:23:00	NR_SA,Unknown	NR_SA	false	0	2147483647	OFF
2026-08-20T10:23:30	NR_SA,Unknown	NR_SA	false	0	2147483647	OFF
2026-08-20T10:24:00	NR_SA,Unknown	NR_SA	false	0	2147483647	OFF
2026-08-20T10:24:30	NR_SA,Unknown	NR_SA	false	0	2147483647	OFF
2026-08-20T10:25:01	NR_SA,Unknown	NR_SA	false	0	2147483647	OFF
2026-08-20T10:25:31	NR_SA,Unknown	NR_SA	false	0	2147483647	OFF
2026-08-20T10:26:01	NR_SA,Unknown	NR_SA	false	0	2147483647	OFF
2026-08-20T10:26:31	NR_SA,Unknown	NR_SA	false	0	2147483647	OFF
2026-08-20T10:27:02	NR_SA,Unknown	NR_SA	false	0	2147483647	OFF
2026-08-20T10:27:32	NR_SA,Unknown	NR_SA	false	0	2147483647	OFF
2026-08-20T10:28:02	NR_SA,Unknown	NR_SA	false	0	2147483647	OFF
2026-08-20T10:28:32	NR_SA,Unknown	NR_SA	false	0	2147483647	OFF
2026-08-20T10:29:02	NR_SA,Unknown	NR_SA	false	0	2147483647	OFF
2026-08-20T10:29:33	NR_SA,Unknown	NR_SA	false	0	2147483647	OFF
2026-08-20T10:30:03	NR_SA,Unknown	NR_SA	false	0	2147483647	OFF
2026-08-20T10:30:33	NR_SA,Unknown	NR_SA	false	0	2147483647	OFF
2026-08-20T10:31:03	NR_SA,Unknown	NR_SA	false	0	2147483647	OFF
2026-08-20T10:31:34	NR_SA,Unknown	NR_SA	false	0	2147483647	OFF
2026-08-20T10:32:04	NR_SA,Unknown	NR_SA	false	0	2147483647	OFF
2026-08-20T10:32:34	NR_SA,Unknown	NR_SA	false	0	2147483647	OFF
2026-08-20T10:33:04	NR_SA,Unknown	NR_SA	false	0	2147483647	OFF
2026-08-20T10:33:34	NR_SA,Unknown	NR_SA	false	0	2147483647	OFF
2026-08-20T10:34:05	NR_SA,Unknown	NR_SA	false	0	2147483647	OFF
2026-08-20T10:34:35	NR_SA,Unknown	NR_SA	false	0	2147483647	OFF
2026-08-20T10:35:05	NR_SA,Unknown	NR_SA	false	0	2147483647	OFF
2026-08-20T10:35:35	NR_SA,Unknown	NR_SA	false	0	2147483647	OFF
2026-08-20T10:36:06	NR_SA,Unknown	NR_SA	false	0	2147483647	OFF
2026-08-20T10:36:36	NR_SA,Unknown	NR_SA	false	0	2147483647	OFF
2026-08-20T10:37:06	NR_SA,Unknown	NR_SA	false	0	2147483647	OFF
2026-08-20T10:37:36	NR_SA,Unknown	NR_SA	false	0	2147483647	OFF
2026-08-20T10:38:07	NR_SA,Unknown	NR_SA	false	0	2147483647	OFF
2026-08-20T10:38:37	NR_SA,Unknown	NR_SA	false	0	2147483647	OFF
2026-08-20T10:39:07	NR_SA,Unknown	NR_SA	false	0	2147483647	OFF
2026-08-20T10:39:37	NR_SA,Unknown	NR_SA	false	0	2147483647	OFF
2026-08-20T10:40:07	NR_SA,Unknown	NR_SA	false	0	2147483647	OFF
2026-08-20T10:40:38	NR_SA,Unknown	NR_SA	false	0	2147483647	OFF
2026-08-20T10:41:08	NR_SA,Unknown	NR_SA	false	0	2147483647	OFF
2026-08-20T10:41:38	NR_SA,Unknown	NR_SA	false	0	2147483647	OFF
2026-08-20T10:42:08	NR_SA,Unknown	NR_SA	false	0	2147483647	OFF
2026-08-20T10:42:39	NR_SA,Unknown	NR_SA	false	0	2147483647	OFF
2026-08-20T10:43:09	NR_SA,Unknown	NR_SA	false	0	2147483647	OFF
2026-08-20T10:43:39	NR_SA,Unknown	NR_SA	false	0	2147483647	OFF
2026-08-20T10:44:09	NR_SA,Unknown	NR_SA	false	0	2147483647	OFF
2026-08-20T10:44:39	NR_SA,Unknown	NR_SA	false	0	2147483647	OFF
2026-08-20T10:45:10	NR_SA,Unknown	NR_SA	false	0	2147483647	OFF
2026-08-20T10:45:40	NR_SA,Unknown	NR_SA	false	0	2147483647	OFF
2026-08-20T10:46:10	NR_SA,Unknown	NR_SA	false	0	2147483647	OFF
2026-08-20T10:46:40	NR_SA,Unknown	NR_SA	false	0	2147483647	OFF
2026-08-20T10:47:11	NR_SA,Unknown	NR_SA	false	0	2147483647	OFF
2026-08-20T10:47:41	NR_SA,Unknown	NR_SA	false	0	2147483647	OFF
2026-08-20T10:48:11	NR_SA,Unknown	NR_SA	false	0	2147483647	OFF
2026-08-20T10:48:41	NR_SA,Unknown	NR_SA	false	0	2147483647	OFF
2026-08-20T10:49:12	NR_SA,Unknown	NR_SA	false	0	2147483647	OFF
2026-08-20T10:49:42	NR_SA,Unknown	NR_SA	false	0	2147483647	OFF
2026-08-20T10:50:12	NR_SA,Unknown	NR_SA	false	0	2147483647	OFF
2026-08-20T10:50:42	NR_SA,Unknown	NR_SA	false	0	2147483647	OFF
2026-08-20T10:51:12	NR_SA,Unknown	NR_SA	false	0	2147483647	OFF
2026-08-20T10:51:43	NR_SA,Unknown	NR_SA	false	0	2147483647	OFF
2026-08-20T10:52:13	NR_SA,Unknown	NR_SA	false	0	2147483647	OFF
2026-08-20T10:52:43	NR_SA,Unknown	NR_SA	false	0	2147483647	OFF
2026-08-20T10:53:13	NR_SA,Unknown	NR_SA	false	0	2147483647	OFF
2026-08-20T10:53:44	NR_SA,Unknown	NR_SA	false	0	2147483647	OFF
2026-08-20T10:54:14	NR_SA,Unknown	NR_SA	false	0	2147483647	OFF
2026-08-20T10:54:44	NR_SA,Unknown	NR_SA	false	0	2147483647	OFF
2026-08-20T10:55:14	NR_SA,Unknown	NR_SA	false	0	2147483647	OFF
2026-08-20T10:55:45	NR_SA,Unknown	NR_SA	false	0	2147483647	OFF
2026-08-20T10:56:15	NR_SA,Unknown	NR_SA	false	0	2147483647	OFF
2026-08-20T10:56:45	NR_SA,Unknown	NR_SA	false	0	2147483647	OFF
2026-08-20T10:57:15	NR_SA,Unknown	NR_SA	false	0	2147483647	OFF
2026-08-20T10:57:45	NR_SA,Unknown	NR_SA	false	0	2147483647	OFF
2026-08-20T10:58:16	NR_SA,Unknown	NR_SA	false	0	2147483647	OFF
2026-08-20T10:58:46	NR_SA,Unknown	NR_SA	false	0	2147483647	OFF
2026-08-20T10:59:16	NR_SA,Unknown	NR_SA	false	0	2147483647	OFF
2026-08-20T10:59:46	NR_SA,Unknown	NR_SA	false	0	2147483647	OFF
2026-08-20T11:00:17	NR_SA,Unknown	NR_SA	false	0	2147483647	OFF
2026-08-20T11:00:47	NR_SA,Unknown	NR_SA	false	0	2147483647	OFF
2026-08-20T11:01:17	NR_SA,Unknown	NR_SA	false	0	2147483647	OFF
2026-08-20T11:01:47	NR_SA,Unknown	NR_SA	false	0	2147483647	OFF
2026-08-20T11:02:17	NR_SA,Unknown	NR_SA	false	0	2147483647	OFF
2026-08-20T11:02:48	NR_SA,Unknown	NR_SA	false	0	2147483647	OFF
2026-08-20T11:03:18	NR_SA,Unknown	NR_SA	false	0	2147483647	OFF
2026-08-20T11:03:48	NR_SA,Unknown	NR_SA	false	0	2147483647	OFF
2026-08-20T11:04:18	NR_SA,Unknown	NR_SA	false	0	2147483647	OFF
2026-08-20T11:04:49	NR_SA,Unknown	NR_SA	false	0	2147483647	OFF
2026-08-20T11:05:19	NR_SA,Unknown	NR_SA	false	0	2147483647	OFF
2026-08-20T11:05:49	NR_SA,Unknown	NR_SA	false	0	2147483647	OFF
2026-08-20T11:06:19	NR_SA,Unknown	NR_SA	false	0	2147483647	OFF
2026-08-20T11:06:50	NR_SA,Unknown	NR_SA	false	0	2147483647	OFF
2026-08-20T11:07:20	NR_SA,Unknown	NR_SA	false	0	2147483647	OFF
2026-08-20T11:07:50	NR_SA,Unknown	NR_SA	false	0	2147483647	OFF
2026-08-20T11:08:20	NR_SA,Unknown	NR_SA	false	0	2147483647	OFF
2026-08-20T11:08:50	NR_SA,Unknown	NR_SA	false	0	2147483647	OFF
2026-08-20T11:09:21	NR_SA,Unknown	NR_SA	false	0	2147483647	OFF
2026-08-20T11:09:51	NR_SA,Unknown	NR_SA	false	0	2147483647	OFF
2026-08-20T11:10:21	NR_SA,Unknown	NR_SA	false	0	2147483647	OFF
2026-08-20T11:10:51	NR_SA,Unknown	NR_SA	false	0	2147483647	OFF
2026-08-20T11:11:22	NR_SA,Unknown	NR_SA	false	0	2147483647	OFF
2026-08-20T11:11:52	NR_SA,Unknown	NR_SA	false	0	2147483647	OFF
2026-08-20T11:12:22	NR_SA,Unknown	NR_SA	false	0	2147483647	OFF
2026-08-20T11:12:52	NR_SA,Unknown	NR_SA	false	0	2147483647	OFF
2026-08-20T11:13:22	NR_SA,Unknown	NR_SA	false	0	2147483647	OFF
2026-08-20T11:13:53	NR_SA,Unknown	NR_SA	false	0	2147483647	OFF
2026-08-20T11:14:23	NR_SA,Unknown	NR_SA	false	0	2147483647	OFF
2026-08-20T11:14:53	NR_SA,Unknown	NR_SA	false	0	2147483647	OFF
2026-08-20T11:15:23	NR_SA,Unknown	NR_SA	false	0	2147483647	OFF
2026-08-20T11:15:54	NR_SA,Unknown	NR_SA	false	0	2147483647	OFF
2026-08-20T11:16:24	NR_SA,Unknown	NR_SA	false	0	2147483647	OFF
2026-08-20T11:16:54	NR_SA,Unknown	NR_SA	false	0	2147483647	OFF
2026-08-20T11:17:24	NR_SA,Unknown	NR_SA	false	0	2147483647	OFF
2026-08-20T11:17:55	NR_SA,Unknown	NR_SA	false	0	2147483647	OFF
2026-08-20T11:18:25	NR_SA,Unknown	NR_SA	false	0	2147483647	ON
2026-08-20T11:18:55	NR_SA,Unknown	NR_SA	false	0	2147483647	ON
2026-08-20T11:19:25	NR_SA,Unknown	NR_SA	false	0	2147483647	ON
2026-08-20T11:19:55	NR_SA,Unknown	NR_SA	false	0	2147483647	ON
2026-08-20T11:20:26	NR_SA,Unknown	NR_SA	false	0	2147483647	ON
2026-08-20T11:20:56	NR_SA,Unknown	NR_SA	false	0	2147483647	ON
2026-08-20T11:21:26	NR_SA,Unknown	NR_SA	false	0	2147483647	ON
2026-08-20T11:21:56	NR_SA,Unknown	NR_SA	false	0	2147483647	ON
2026-08-20T11:22:27	NR_SA,Unknown	NR_SA	false	0	2147483647	ON
2026-08-20T11:22:57	NR_SA,Unknown	NR_SA	false	0	2147483647	ON
2026-08-20T11:23:27	NR_SA,Unknown	NR_SA	false	0	2147483647	ON
2026-08-20T11:23:57	NR_SA,Unknown	NR_SA	false	0	2147483647	ON
2026-08-20T11:24:27	NR_SA,Unknown	NR_SA	false	0	2147483647	ON
2026-08-20T11:24:58	NR_SA,Unknown	NR_SA	false	0	2147483647	ON
2026-08-20T11:25:28	NR_SA,Unknown	NR_SA	false	0	2147483647	ON
2026-08-20T11:25:58	NR_SA,Unknown	NR_SA	false	0	2147483647	ON
2026-08-20T11:26:28	NR_SA,Unknown	NR_SA	false	0	2147483647	ON
2026-08-20T11:26:59	NR_SA,Unknown	NR_SA	false	0	2147483647	ON
2026-08-20T11:27:29	NR_SA,Unknown	NR_SA	false	0	2147483647	ON
2026-08-20T11:27:59	NR_SA,Unknown	NR_SA	false	0	2147483647	ON
2026-08-20T11:28:29	NR_SA,Unknown	NR_SA	false	0	2147483647	ON
2026-08-20T11:29:00	NR_SA,Unknown	NR_SA	false	0	2147483647	ON
2026-08-20T11:29:30	NR_SA,Unknown	NR_SA	false	0	2147483647	ON
2026-08-20T11:30:00	NR_SA,Unknown	NR_SA	false	0	2147483647	ON
2026-08-20T11:30:30	NR_SA,Unknown	NR_SA	false	0	2147483647	OFF
2026-08-20T11:31:01	NR_SA,Unknown	NR_SA	false	0	2147483647	OFF
2026-08-20T11:31:31	NR_SA,Unknown	NR_SA	false	0	2147483647	OFF
2026-08-20T11:32:01	NR_SA,Unknown	NR_SA	false	0	2147483647	OFF
2026-08-20T11:32:31	NR_SA,Unknown	NR_SA	false	0	2147483647	OFF
2026-08-20T11:33:01	NR_SA,Unknown	NR_SA	false	0	2147483647	OFF
2026-08-20T11:33:32	NR_SA,Unknown	NR_SA	false	0	2147483647	OFF
2026-08-20T11:34:02	NR_SA,Unknown	NR_SA	false	0	2147483647	OFF
2026-08-20T11:34:32	NR_SA,Unknown	NR_SA	false	0	2147483647	OFF
2026-08-20T11:35:02	NR_SA,Unknown	NR_SA	false	0	2147483647	OFF
2026-08-20T11:35:33	NR_SA,Unknown	NR_SA	false	0	2147483647	OFF
2026-08-20T11:36:03	NR_SA,Unknown	NR_SA	false	0	2147483647	OFF
2026-08-20T11:36:33	NR_SA,Unknown	NR_SA	false	0	2147483647	OFF
2026-08-20T11:37:03	NR_SA,Unknown	NR_SA	false	0	2147483647	OFF
2026-08-20T11:37:34	NR_SA,Unknown	NR_SA	false	0	2147483647	OFF
2026-08-20T11:38:04	NR_SA,Unknown	NR_SA	false	0	2147483647	OFF
2026-08-20T11:38:34	NR_SA,Unknown	NR_SA	false	0	2147483647	OFF
2026-08-20T11:39:04	NR_SA,Unknown	NR_SA	false	0	2147483647	OFF
2026-08-20T11:39:34	NR_SA,Unknown	NR_SA	false	0	2147483647	OFF
2026-08-20T11:40:05	NR_SA,Unknown	NR_SA	false	0	2147483647	OFF
2026-08-20T11:40:35	NR_SA,Unknown	NR_SA	false	0	2147483647	OFF
2026-08-20T11:41:05	NR_SA,Unknown	NR_SA	false	0	2147483647	OFF
2026-08-20T11:41:35	NR_SA,Unknown	NR_SA	false	0	2147483647	OFF
2026-08-20T11:42:06	NR_SA,Unknown	NR_SA	false	0	2147483647	OFF
2026-08-20T11:42:36	NR_SA,Unknown	NR_SA	false	0	2147483647	OFF
2026-08-20T11:43:06	NR_SA,Unknown	NR_SA	false	0	2147483647	OFF
2026-08-20T11:43:36	NR_SA,Unknown	NR_SA	false	0	2147483647	OFF
2026-08-20T11:44:07	NR_SA,Unknown	NR_SA	false	0	2147483647	OFF
2026-08-20T11:44:37	NR_SA,Unknown	NR_SA	false	0	2147483647	OFF
2026-08-20T11:45:07	NR_SA,Unknown	NR_SA	false	0	2147483647	OFF
2026-08-20T11:45:37	NR_SA,Unknown	NR_SA	false	0	2147483647	OFF
2026-08-20T11:46:08	NR_SA,Unknown	NR_SA	false	0	2147483647	OFF
2026-08-20T11:46:38	NR_SA,Unknown	NR_SA	false	0	2147483647	OFF
2026-08-20T11:47:08	NR_SA,Unknown	NR_SA	false	0	2147483647	OFF
2026-08-20T11:47:38	NR_SA,Unknown	NR_SA	false	0	2147483647	OFF
2026-08-20T11:48:08	NR_SA,Unknown	NR_SA	false	0	2147483647	OFF
2026-08-20T11:48:39	NR_SA,Unknown	NR_SA	false	0	2147483647	OFF
2026-08-20T11:49:09	NR_SA,Unknown	NR_SA	false	0	2147483647	OFF
2026-08-20T11:49:39	NR_SA,Unknown	NR_SA	false	0	2147483647	OFF
2026-08-20T11:50:09	NR_SA,Unknown	NR_SA	false	0	2147483647	OFF
2026-08-20T11:50:40	NR_SA,Unknown	NR_SA	false	0	2147483647	OFF
2026-08-20T11:51:10	NR_SA,Unknown	NR_SA	false	0	2147483647	OFF
2026-08-20T11:51:40	NR_SA,Unknown	NR_SA	false	0	2147483647	OFF
2026-08-20T11:52:10	NR_SA,Unknown	NR_SA	false	0	2147483647	OFF
2026-08-20T11:52:41	NR_SA,Unknown	NR_SA	false	0	2147483647	OFF
2026-08-20T11:53:11	NR_SA,Unknown	NR_SA	false	0	2147483647	OFF
2026-08-20T11:53:41	NR_SA,Unknown	NR_SA	false	0	2147483647	OFF
2026-08-20T11:54:11	NR_SA,Unknown	NR_SA	false	0	2147483647	OFF
2026-08-20T11:54:41	NR_SA,Unknown	NR_SA	false	0	2147483647	OFF
2026-08-20T11:55:12	NR_SA,Unknown	NR_SA	false	0	2147483647	OFF
2026-08-20T11:55:42	NR_SA,Unknown	NR_SA	false	0	2147483647	OFF
2026-08-20T11:56:12	NR_SA,Unknown	NR_SA	false	0	2147483647	OFF
2026-08-20T11:56:42	NR_SA,Unknown	NR_SA	false	0	2147483647	OFF
2026-08-20T11:57:13	NR_SA,Unknown	NR_SA	false	0	2147483647	OFF
2026-08-20T11:57:43	NR_SA,Unknown	NR_SA	false	0	2147483647	OFF
2026-08-20T11:58:13	NR_SA,Unknown	NR_SA	false	0	2147483647	OFF
2026-08-20T11:58:43	NR_SA,Unknown	NR_SA	false	0	2147483647	OFF
2026-08-20T11:59:14	NR_SA,Unknown	NR_SA	false	0	2147483647	OFF
2026-08-20T11:59:44	NR_SA,Unknown	NR_SA	false	0	2147483647	OFF
2026-08-20T12:00:14	NR_SA,Unknown	NR_SA	false	0	2147483647	OFF
2026-08-20T12:00:44	NR_SA,Unknown	NR_SA	false	0	2147483647	OFF
2026-08-20T12:01:15	NR_SA,Unknown	NR_SA	false	0	2147483647	OFF
2026-08-20T12:01:45	NR_SA,Unknown	NR_SA	false	0	2147483647	OFF
2026-08-20T12:02:15	NR_SA,Unknown	NR_SA	false	0	2147483647	OFF
2026-08-20T12:02:45	NR_SA,Unknown	NR_SA	false	0	2147483647	OFF
2026-08-20T12:03:16	NR_SA,Unknown	NR_SA	false	0	2147483647	OFF
2026-08-20T12:03:46	NR_SA,Unknown	NR_SA	false	0	2147483647	OFF
2026-08-20T12:04:16	NR_SA,Unknown	NR_SA	false	0	2147483647	OFF
2026-08-20T12:04:46	NR_SA,Unknown	NR_SA	false	0	2147483647	OFF
2026-08-20T12:05:17	NR_SA,Unknown	NR_SA	false	0	2147483647	OFF
2026-08-20T12:05:47	NR_SA,Unknown	NR_SA	false	0	2147483647	OFF
2026-08-20T12:06:17	NR_SA,Unknown	NR_SA	false	0	2147483647	OFF
2026-08-20T12:06:48	NR_SA,Unknown	NR_SA	false	0	2147483647	OFF
2026-08-20T12:07:18	NR_SA,Unknown	NR_SA	false	0	2147483647	OFF
2026-08-20T12:07:48	NR_SA,Unknown	NR_SA	false	0	2147483647	OFF
2026-08-20T12:08:18	NR_SA,Unknown	NR_SA	false	0	2147483647	OFF
2026-08-20T12:08:49	NR_SA,Unknown	NR_SA	false	0	2147483647	OFF
2026-08-20T12:09:19	NR_SA,Unknown	NR_SA	false	0	2147483647	OFF
2026-08-20T12:09:49	NR_SA,Unknown	NR_SA	false	0	2147483647	OFF
2026-08-20T12:10:19	NR_SA,Unknown	NR_SA	false	0	2147483647	OFF
2026-08-20T12:10:50	NR_SA,Unknown	NR_SA	false	0	2147483647	OFF
2026-08-20T12:11:20	NR_SA,Unknown	NR_SA	false	0	2147483647	OFF
2026-08-20T12:11:50	NR_SA,Unknown	NR_SA	false	0	2147483647	OFF
2026-08-20T12:12:20	NR_SA,Unknown	NR_SA	false	0	2147483647	OFF
2026-08-20T12:12:51	NR_SA,Unknown	NR_SA	false	0	2147483647	OFF
2026-08-20T12:13:21	NR_SA,Unknown	NR_SA	false	0	2147483647	OFF
2026-08-20T12:13:51	NR_SA,Unknown	NR_SA	false	0	2147483647	OFF
2026-08-20T12:14:21	NR_SA,Unknown	NR_SA	false	0	2147483647	OFF
2026-08-20T12:14:52	NR_SA,Unknown	NR_SA	false	0	2147483647	OFF
2026-08-20T12:15:22	NR_SA,Unknown	NR_SA	false	0	2147483647	OFF
2026-08-20T12:15:52	NR_SA,Unknown	NR_SA	false	0	2147483647	OFF
2026-08-20T12:16:22	NR_SA,Unknown	NR_SA	false	0	2147483647	OFF
2026-08-20T12:16:53	NR_SA,Unknown	NR_SA	false	0	2147483647	OFF
2026-08-20T12:17:23	NR_SA,Unknown	NR_SA	false	0	2147483647	OFF
2026-08-20T12:17:53	NR_SA,Unknown	NR_SA	false	0	2147483647	OFF
2026-08-20T12:18:23	NR_SA,Unknown	NR_SA	false	0	2147483647	OFF
2026-08-20T12:18:54	NR_SA,Unknown	NR_SA	false	0	2147483647	OFF
2026-08-20T12:19:24	NR_SA,Unknown	NR_SA	false	0	2147483647	OFF
2026-08-20T12:19:54	NR_SA,Unknown	NR_SA	false	0	2147483647	OFF
2026-08-20T12:20:24	NR_SA,Unknown	NR_SA	false	0	2147483647	OFF
2026-08-20T12:20:55	NR_SA,Unknown	NR_SA	false	0	2147483647	OFF
2026-08-20T12:21:25	NR_SA,Unknown	NR_SA	false	0	2147483647	OFF
2026-08-20T12:21:55	NR_SA,Unknown	NR_SA	false	0	2147483647	OFF
2026-08-20T12:22:25	NR_SA,Unknown	NR_SA	false	0	2147483647	OFF
2026-08-20T12:22:56	NR_SA,Unknown	NR_SA	false	0	2147483647	OFF
2026-08-20T12:23:26	NR_SA,Unknown	NR_SA	false	0	2147483647	OFF
2026-08-20T12:23:56	NR_SA,Unknown	NR_SA	false	0	2147483647	OFF
2026-08-20T12:24:26	NR_SA,Unknown	NR_SA	false	0	2147483647	OFF
2026-08-20T12:24:57	NR_SA,Unknown	NR_SA	false	0	2147483647	OFF
2026-08-20T12:25:27	NR_SA,Unknown	NR_SA	false	0	2147483647	OFF
2026-08-20T12:25:57	NR_SA,Unknown	NR_SA	false	0	2147483647	OFF
2026-08-20T12:26:27	NR_SA,Unknown	NR_SA	false	0	2147483647	OFF
2026-08-20T12:26:58	NR_SA,Unknown	NR_SA	false	0	2147483647	OFF
2026-08-20T12:27:28	NR_SA,Unknown	NR_SA	false	0	2147483647	OFF
2026-08-20T12:27:58	NR_SA,Unknown	NR_SA	false	0	2147483647	OFF
2026-08-20T12:28:29	NR_SA,Unknown	NR_SA	false	0	2147483647	OFF
2026-08-20T12:28:59	NR_SA,Unknown	NR_SA	false	0	2147483647	OFF
2026-08-20T12:29:29	NR_SA,Unknown	NR_SA	false	0	2147483647	OFF
2026-08-20T12:29:59	NR_SA,Unknown	NR_SA	false	0	2147483647	OFF
2026-08-20T12:30:30	NR_SA,Unknown	NR_SA	false	0	2147483647	OFF
2026-08-20T12:31:00	NR_SA,Unknown	NR_SA	false	0	2147483647	OFF
2026-08-20T12:31:30	NR_SA,Unknown	NR_SA	false	0	2147483647	OFF
2026-08-20T12:32:00	NR_SA,Unknown	NR_SA	false	0	2147483647	OFF
2026-08-20T12:32:31	NR_SA,Unknown	NR_SA	false	0	2147483647	OFF
2026-08-20T12:33:01	NR_SA,Unknown	NR_SA	false	0	2147483647	OFF
2026-08-20T12:33:31	NR_SA,Unknown	NR_SA	false	0	2147483647	OFF
2026-08-20T12:34:01	NR_SA,Unknown	NR_SA	false	0	2147483647	OFF
2026-08-20T12:34:32	NR_SA,Unknown	NR_SA	false	0	2147483647	OFF
2026-08-20T12:35:02	NR_SA,Unknown	NR_SA	false	0	2147483647	OFF
2026-08-20T12:35:32	NR_SA,Unknown	NR_SA	false	0	2147483647	OFF
2026-08-20T12:36:02	NR_SA,Unknown	NR_SA	false	0	2147483647	OFF
2026-08-20T12:36:33	NR_SA,Unknown	NR_SA	false	0	2147483647	OFF
2026-08-20T12:37:03	NR_SA,Unknown	NR_SA	false	0	2147483647	OFF
2026-08-20T12:37:33	NR_SA,Unknown	NR_SA	false	0	2147483647	OFF
2026-08-20T12:38:03	NR_SA,Unknown	NR_SA	false	0	2147483647	OFF
2026-08-20T12:38:34	NR_SA,Unknown	NR_SA	false	0	2147483647	OFF
2026-08-20T12:39:04	NR_SA,Unknown	NR_SA	false	0	2147483647	OFF
2026-08-20T12:39:34	NR_SA,Unknown	NR_SA	false	0	2147483647	OFF
2026-08-20T12:40:05	NR_SA,Unknown	NR_SA	false	0	2147483647	OFF
2026-08-20T12:40:35	NR_SA,Unknown	NR_SA	false	0	2147483647	OFF
2026-08-20T12:41:05	NR_SA,Unknown	NR_SA	false	0	2147483647	OFF
2026-08-20T12:41:35	NR_SA,Unknown	NR_SA	false	0	2147483647	OFF
2026-08-20T12:42:06	NR_SA,Unknown	NR_SA	false	0	2147483647	OFF
2026-08-20T12:42:36	NR_SA,Unknown	NR_SA	false	0	2147483647	OFF
2026-08-20T12:43:06	NR_SA,Unknown	NR_SA	false	0	2147483647	OFF
2026-08-20T12:43:36	NR_SA,Unknown	NR_SA	false	0	2147483647	OFF
2026-08-20T12:44:07	NR_SA,Unknown	NR_SA	false	0	2147483647	OFF
2026-08-20T12:44:37	NR_SA,Unknown	NR_SA	false	0	2147483647	OFF
2026-08-20T12:45:07	NR_SA,Unknown	NR_SA	false	0	2147483647	OFF
2026-08-20T12:45:37	NR_SA,Unknown	NR_SA	false	0	2147483647	OFF
2026-08-20T12:46:08	NR_SA,Unknown	NR_SA	false	0	2147483647	OFF
2026-08-20T12:46:38	NR_SA,Unknown	NR_SA	false	0	2147483647	OFF
2026-08-20T12:47:08	NR_SA,Unknown	NR_SA	false	0	2147483647	OFF
2026-08-20T12:47:38	NR_SA,Unknown	NR_SA	false	0	2147483647	OFF
2026-08-20T12:48:09	NR_SA,Unknown	NR_SA	false	0	2147483647	OFF
2026-08-20T12:48:39	NR_SA,Unknown	NR_SA	false	0	2147483647	OFF
2026-08-20T12:49:09	NR_SA,Unknown	NR_SA	false	0	2147483647	OFF
2026-08-20T12:49:39	NR_SA,Unknown	NR_SA	false	0	2147483647	OFF
2026-08-20T12:50:10	NR_SA,Unknown	NR_SA	false	0	2147483647	OFF
2026-08-20T12:50:40	NR_SA,Unknown	NR_SA	false	0	2147483647	OFF
2026-08-20T12:51:10	NR_SA,Unknown	NR_SA	false	0	2147483647	OFF
2026-08-20T12:51:40	NR_SA,Unknown	NR_SA	false	0	2147483647	OFF
2026-08-20T12:52:11	NR_SA,Unknown	NR_SA	false	0	2147483647	OFF
2026-08-20T12:52:41	NR_SA,Unknown	NR_SA	false	0	2147483647	OFF
2026-08-20T12:53:11	NR_SA,Unknown	NR_SA	false	0	2147483647	OFF
2026-08-20T12:53:41	NR_SA,Unknown	NR_SA	false	0	2147483647	OFF
2026-08-20T12:54:12	NR_SA,Unknown	NR_SA	false	0	2147483647	OFF
2026-08-20T12:54:42	NR_SA,Unknown	NR_SA	false	0	2147483647	OFF
2026-08-20T12:55:12	NR_SA,Unknown	NR_SA	false	0	2147483647	OFF
2026-08-20T12:55:42	NR_SA,Unknown	NR_SA	false	0	2147483647	OFF
2026-08-20T12:56:13	NR_SA,Unknown	NR_SA	false	0	2147483647	OFF
2026-08-20T12:56:43	NR_SA,Unknown	NR_SA	false	0	2147483647	OFF
2026-08-20T12:57:13	NR_SA,Unknown	NR_SA	false	0	2147483647	OFF
2026-08-20T12:57:43	NR_SA,Unknown	NR_SA	false	0	2147483647	OFF
2026-08-20T12:58:14	NR_SA,Unknown	NR_SA	false	0	2147483647	OFF
2026-08-20T12:58:44	NR_SA,Unknown	NR_SA	false	0	2147483647	OFF
2026-08-20T12:59:14	NR_SA,Unknown	NR_SA	false	0	2147483647	OFF
2026-08-20T12:59:44	NR_SA,Unknown	NR_SA	false	0	2147483647	OFF
2026-08-20T13:00:15	NR_SA,Unknown	NR_SA	false	0	2147483647	OFF
2026-08-20T13:00:45	NR_SA,Unknown	NR_SA	false	0	2147483647	OFF
2026-08-20T13:01:15	NR_SA,Unknown	NR_SA	false	0	2147483647	OFF
2026-08-20T13:01:45	NR_SA,Unknown	NR_SA	false	0	2147483647	OFF
2026-08-20T13:02:16	NR_SA,Unknown	NR_SA	false	0	2147483647	OFF
2026-08-20T13:02:46	NR_SA,Unknown	NR_SA	false	0	2147483647	OFF
2026-08-20T13:03:16	NR_SA,Unknown	NR_SA	false	0	2147483647	OFF
2026-08-20T13:03:46	NR_SA,Unknown	NR_SA	false	0	2147483647	OFF
2026-08-20T13:04:17	NR_SA,Unknown	NR_SA	false	0	2147483647	OFF
2026-08-20T13:04:47	NR_SA,Unknown	NR_SA	false	0	2147483647	OFF
2026-08-20T13:05:17	NR_SA,Unknown	NR_SA	false	0	2147483647	OFF
2026-08-20T13:05:47	NR_SA,Unknown	NR_SA	false	0	2147483647	OFF
2026-08-20T13:06:18	NR_SA,Unknown	NR_SA	false	0	2147483647	OFF
2026-08-20T13:06:48	NR_SA,Unknown	NR_SA	false	0	2147483647	OFF
2026-08-20T13:07:18	NR_SA,Unknown	NR_SA	false	0	2147483647	OFF
2026-08-20T13:07:49	NR_SA,Unknown	NR_SA	false	0	2147483647	OFF
2026-08-20T13:08:19	NR_SA,Unknown	NR_SA	false	0	2147483647	OFF
2026-08-20T13:08:49	NR_SA,Unknown	NR_SA	false	0	2147483647	OFF
2026-08-20T13:09:19	NR_SA,Unknown	NR_SA	false	0	2147483647	OFF
2026-08-20T13:09:50	NR_SA,Unknown	NR_SA	false	0	2147483647	OFF
2026-08-20T13:10:20	NR_SA,Unknown	NR_SA	false	0	2147483647	OFF
2026-08-20T13:10:50	NR_SA,Unknown	NR_SA	false	0	2147483647	OFF
2026-08-20T13:11:20	NR_SA,Unknown	NR_SA	false	0	2147483647	OFF
2026-08-20T13:11:51	NR_SA,Unknown	NR_SA	false	0	2147483647	OFF
2026-08-20T13:12:21	NR_SA,Unknown	NR_SA	false	0	2147483647	OFF
2026-08-20T13:12:51	NR_SA,Unknown	NR_SA	false	0	2147483647	OFF
2026-08-20T13:13:21	NR_SA,Unknown	NR_SA	false	0	2147483647	OFF
2026-08-20T13:13:52	NR_SA,Unknown	NR_SA	false	0	2147483647	OFF
2026-08-20T13:14:22	NR_SA,Unknown	NR_SA	false	0	2147483647	OFF
2026-08-20T13:14:52	NR_SA,Unknown	NR_SA	false	0	2147483647	OFF
2026-08-20T13:15:22	NR_SA,Unknown	NR_SA	false	0	2147483647	OFF
2026-08-20T13:15:53	NR_SA,Unknown	NR_SA	false	0	2147483647	OFF
2026-08-20T13:16:23	NR_SA,Unknown	NR_SA	false	0	2147483647	OFF
2026-08-20T13:16:53	NR_SA,Unknown	NR_SA	false	0	2147483647	OFF
2026-08-20T13:17:23	NR_SA,Unknown	NR_SA	false	0	2147483647	OFF
2026-08-20T13:17:54	NR_SA,Unknown	NR_SA	false	0	2147483647	OFF
2026-08-20T13:18:24	NR_SA,Unknown	NR_SA	false	0	2147483647	OFF
2026-08-20T13:18:54	NR_SA,Unknown	NR_SA	false	0	2147483647	OFF
2026-08-20T13:19:24	NR_SA,Unknown	NR_SA	false	0	2147483647	OFF
2026-08-20T13:19:55	NR_SA,Unknown	NR_SA	false	0	2147483647	OFF
2026-08-20T13:20:25	NR_SA,Unknown	NR_SA	false	0	2147483647	OFF
2026-08-20T13:20:55	NR_SA,Unknown	NR_SA	false	0	2147483647	OFF
2026-08-20T13:21:25	NR_SA,Unknown	NR_SA	false	0	2147483647	OFF
2026-08-20T13:21:56	NR_SA,Unknown	NR_SA	false	0	2147483647	OFF
2026-08-20T13:22:26	NR_SA,Unknown	NR_SA	false	0	2147483647	OFF
2026-08-20T13:22:56	NR_SA,Unknown	NR_SA	false	0	2147483647	OFF
2026-08-20T13:23:26	NR_SA,Unknown	NR_SA	false	0	2147483647	OFF
2026-08-20T13:23:57	NR_SA,Unknown	NR_SA	false	0	2147483647	OFF
2026-08-20T13:24:27	NR_SA,Unknown	NR_SA	false	0	2147483647	OFF
2026-08-20T13:24:57	NR_SA,Unknown	NR_SA	false	0	2147483647	OFF
2026-08-20T13:25:27	NR_SA,Unknown	NR_SA	false	0	2147483647	OFF
2026-08-20T13:25:58	NR_SA,Unknown	NR_SA	false	0	2147483647	OFF
2026-08-20T13:26:28	NR_SA,Unknown	NR_SA	false	0	2147483647	OFF
2026-08-20T13:26:58	NR_SA,Unknown	NR_SA	false	0	2147483647	OFF
2026-08-20T13:27:28	NR_SA,Unknown	NR_SA	false	0	2147483647	OFF
2026-08-20T13:27:59	NR_SA,Unknown	NR_SA	false	0	2147483647	OFF
2026-08-20T13:28:29	NR_SA,Unknown	NR_SA	false	0	2147483647	OFF
2026-08-20T13:28:59	NR_SA,Unknown	NR_SA	false	0	2147483647	OFF
2026-08-20T13:29:30	NR_SA,Unknown	NR_SA	false	0	2147483647	OFF
2026-08-20T13:30:00	NR_SA,Unknown	NR_SA	false	0	2147483647	OFF
2026-08-20T13:30:30	NR_SA,Unknown	NR_SA	false	0	2147483647	OFF
2026-08-20T13:31:00	NR_SA,Unknown	NR_SA	false	0	2147483647	OFF
2026-08-20T13:31:31	NR_SA,Unknown	NR_SA	false	0	2147483647	OFF
2026-08-20T13:32:01	NR_SA,Unknown	NR_SA	false	0	2147483647	OFF
2026-08-20T13:32:31	NR_SA,Unknown	NR_SA	false	0	2147483647	OFF
2026-08-20T13:33:01	NR_SA,Unknown	NR_SA	false	0	2147483647	OFF
2026-08-20T13:33:32	NR_SA,Unknown	NR_SA	false	0	2147483647	OFF
2026-08-20T13:34:02	NR_SA,Unknown	NR_SA	false	0	2147483647	OFF
2026-08-20T13:34:32	NR_SA,Unknown	NR_SA	false	0	2147483647	OFF
2026-08-20T13:35:02	NR_SA,Unknown	NR_SA	false	0	2147483647	OFF
2026-08-20T13:35:33	NR_SA,Unknown	NR_SA	false	0	2147483647	OFF
2026-08-20T13:36:03	NR_SA,Unknown	NR_SA	false	0	2147483647	OFF
2026-08-20T13:36:33	NR_SA,Unknown	NR_SA	false	0	2147483647	OFF
2026-08-20T13:37:03	NR_SA,Unknown	NR_SA	false	0	2147483647	OFF
2026-08-20T13:37:34	NR_SA,Unknown	NR_SA	false	0	2147483647	OFF
2026-08-20T13:38:04	NR_SA,Unknown	NR_SA	false	0	2147483647	OFF
2026-08-20T13:38:35	NR_SA,Unknown	NR_SA	false	0	2147483647	OFF
2026-08-20T13:39:06	NR_SA,Unknown	NR_SA	false	0	2147483647	OFF
2026-08-20T13:39:36	NR_SA,Unknown	NR_SA	false	0	2147483647	OFF
2026-08-20T13:40:07	NR_SA,Unknown	NR_SA	false	0	2147483647	OFF
2026-08-20T13:40:37	NR_SA,Unknown	NR_SA	false	0	2147483647	OFF
2026-08-20T13:41:07	NR_SA,Unknown	NR_SA	false	0	2147483647	OFF
2026-08-20T13:41:37	NR_SA,Unknown	NR_SA	false	0	2147483647	OFF
2026-08-20T13:42:08	NR_SA,Unknown	NR_SA	false	0	2147483647	OFF
2026-08-20T13:42:38	NR_SA,Unknown	NR_SA	false	0	2147483647	OFF
2026-08-20T13:43:08	NR_SA,Unknown	NR_SA	false	0	2147483647	OFF
2026-08-20T13:43:39	NR_SA,Unknown	NR_SA	false	0	2147483647	OFF
2026-08-20T13:44:09	NR_SA,Unknown	NR_SA	false	0	2147483647	OFF
2026-08-20T13:44:39	NR_SA,Unknown	NR_SA	false	0	2147483647	OFF
2026-08-20T13:45:09	NR_SA,Unknown	NR_SA	false	0	2147483647	OFF
2026-08-20T13:45:40	NR_SA,Unknown	NR_SA	false	0	2147483647	OFF
2026-08-20T13:46:10	NR_SA,Unknown	NR_SA	false	0	2147483647	OFF
2026-08-20T13:46:40	NR_SA,Unknown	NR_SA	false	0	2147483647	OFF
2026-08-20T13:47:10	NR_SA,Unknown	NR_SA	false	0	2147483647	OFF
2026-08-20T13:47:41	NR_SA,Unknown	NR_SA	false	0	2147483647	OFF
2026-08-20T13:48:11	NR_SA,Unknown	NR_SA	false	0	2147483647	OFF
2026-08-20T13:48:41	NR_SA,Unknown	NR_SA	false	0	2147483647	OFF
2026-08-20T13:49:11	NR_SA,Unknown	NR_SA	false	0	2147483647	OFF
2026-08-20T13:49:42	NR_SA,Unknown	NR_SA	false	0	2147483647	OFF
2026-08-20T13:50:12	NR_SA,Unknown	NR_SA	false	0	2147483647	OFF
2026-08-20T13:50:42	NR_SA,Unknown	NR_SA	false	0	2147483647	OFF
2026-08-20T13:51:13	NR_SA,Unknown	NR_SA	false	0	2147483647	OFF
2026-08-20T13:51:43	NR_SA,Unknown	NR_SA	false	0	2147483647	OFF
2026-08-20T13:52:13	NR_SA,Unknown	NR_SA	false	0	2147483647	OFF
2026-08-20T13:52:43	NR_SA,Unknown	NR_SA	false	0	2147483647	OFF
2026-08-20T13:53:14	NR_SA,Unknown	NR_SA	false	0	2147483647	OFF
2026-08-20T13:53:44	NR_SA,Unknown	NR_SA	false	0	2147483647	OFF
2026-08-20T13:54:14	NR_SA,Unknown	NR_SA	false	0	2147483647	OFF
2026-08-20T13:54:45	NR_SA,Unknown	NR_SA	false	0	2147483647	OFF
2026-08-20T13:55:15	NR_SA,Unknown	NR_SA	false	0	2147483647	OFF
2026-08-20T13:55:45	NR_SA,Unknown	NR_SA	false	0	2147483647	OFF
2026-08-20T13:56:16	NR_SA,Unknown	NR_SA	false	0	2147483647	OFF
2026-08-20T13:56:48	NR_SA,Unknown	NR_SA	false	0	2147483647	OFF
2026-08-20T13:57:18	NR_SA,Unknown	NR_SA	false	0	2147483647	OFF
2026-08-20T13:57:49	NR_SA,Unknown	NR_SA	false	0	2147483647	OFF
2026-08-20T13:58:20	NR_SA,Unknown	NR_SA	false	0	2147483647	OFF
2026-08-20T13:58:50	NR_SA,Unknown	NR_SA	false	0	2147483647	OFF
2026-08-20T13:59:21	NR_SA,Unknown	NR_SA	false	0	2147483647	OFF
2026-08-20T13:59:51	NR_SA,Unknown	NR_SA	false	0	2147483647	OFF
2026-08-20T14:00:22	NR_SA,Unknown	NR_SA	false	0	2147483647	OFF
2026-08-20T14:00:53	NR_SA,Unknown	NR_SA	false	0	2147483647	OFF
2026-08-20T14:01:24	NR_SA,Unknown	NR_SA	false	0	2147483647	OFF
2026-08-20T14:01:54	NR_SA,Unknown	NR_SA	false	0	2147483647	OFF
2026-08-20T14:02:25	NR_SA,Unknown	NR_SA	false	0	2147483647	OFF
2026-08-20T14:02:55	NR_SA,Unknown	NR_SA	false	0	2147483647	OFF
2026-08-20T14:03:26	NR_SA,Unknown	NR_SA	false	0	2147483647	OFF
2026-08-20T14:03:57	NR_SA,Unknown	NR_SA	false	0	2147483647	OFF
2026-08-20T14:04:28	NR_SA,Unknown	NR_SA	false	0	2147483647	OFF
2026-08-20T14:05:01	NR_SA,Unknown	NR_SA	false	0	2147483647	OFF
2026-08-20T14:05:32	NR_SA,Unknown	NR_SA	false	0	2147483647	OFF
2026-08-20T14:06:03	NR_SA,Unknown	NR_SA	false	0	2147483647	OFF
2026-08-20T14:06:34	NR_SA,Unknown	NR_SA	false	0	2147483647	OFF
2026-08-20T14:07:05	NR_SA,Unknown	NR_SA	false	0	2147483647	OFF
2026-08-20T14:07:35	NR_SA,Unknown	NR_SA	false	0	2147483647	OFF
2026-08-20T14:08:06	NR_SA,Unknown	NR_SA	false	0	2147483647	OFF
2026-08-20T14:08:37	NR_SA,Unknown	NR_SA	false	0	2147483647	OFF
2026-08-20T14:09:07	NR_SA,Unknown	NR_SA	false	0	2147483647	OFF
2026-08-20T14:09:38	NR_SA,Unknown	NR_SA	false	0	2147483647	OFF
2026-08-20T14:10:08	NR_SA,Unknown	NR_SA	false	0	2147483647	OFF
2026-08-20T14:10:39	NR_SA,Unknown	NR_SA	false	0	2147483647	OFF
2026-08-20T14:11:09	NR_SA,Unknown	NR_SA	false	0	2147483647	OFF
2026-08-20T14:11:39	NR_SA,Unknown	NR_SA	false	0	2147483647	OFF
2026-08-20T14:12:10	NR_SA,Unknown	NR_SA	false	0	2147483647	OFF
2026-08-20T14:12:40	NR_SA,Unknown	NR_SA	false	0	2147483647	OFF
2026-08-20T14:13:11	NR_SA,Unknown	NR_SA	false	0	2147483647	OFF
2026-08-20T14:13:42	NR_SA,Unknown	NR_SA	false	0	2147483647	OFF
2026-08-20T14:14:12	NR_SA,Unknown	NR_SA	false	0	2147483647	OFF
2026-08-20T14:14:43	NR_SA,Unknown	NR_SA	false	0	2147483647	OFF
2026-08-20T14:15:13	NR_SA,Unknown	NR_SA	false	0	2147483647	OFF
2026-08-20T14:15:43	NR_SA,Unknown	NR_SA	false	0	2147483647	OFF
2026-08-20T14:16:13	NR_SA,Unknown	NR_SA	false	0	2147483647	OFF
2026-08-20T14:16:44	NR_SA,Unknown	NR_SA	false	0	2147483647	OFF
2026-08-20T14:17:14	NR_SA,Unknown	NR_SA	false	0	2147483647	OFF
2026-08-20T14:17:45	NR_SA,Unknown	NR_SA	false	0	2147483647	OFF
2026-08-20T14:18:15	NR_SA,Unknown	NR_SA	false	0	2147483647	OFF
2026-08-20T14:18:45	NR_SA,Unknown	NR_SA	false	0	2147483647	OFF
2026-08-20T14:19:16	NR_SA,Unknown	NR_SA	false	0	2147483647	OFF
2026-08-20T14:19:47	NR_SA,Unknown	NR_SA	false	0	2147483647	OFF
2026-08-20T14:20:17	NR_SA,Unknown	NR_SA	false	0	2147483647	OFF
2026-08-20T14:20:47	NR_SA,Unknown	NR_SA	false	0	2147483647	OFF
2026-08-20T14:21:18	NR_SA,Unknown	NR_SA	false	0	2147483647	OFF
2026-08-20T14:21:48	NR_SA,Unknown	NR_SA	false	0	2147483647	OFF
2026-08-20T14:22:19	NR_SA,Unknown	NR_SA	false	0	2147483647	OFF
2026-08-20T14:22:49	NR_SA,Unknown	NR_SA	false	0	2147483647	OFF
2026-08-20T14:23:19	NR_SA,Unknown	NR_SA	false	0	2147483647	OFF
2026-08-20T14:23:50	NR_SA,Unknown	NR_SA	false	0	2147483647	OFF
2026-08-20T14:24:20	NR_SA,Unknown	NR_SA	false	0	2147483647	OFF
2026-08-20T14:24:51	NR_SA,Unknown	NR_SA	false	0	2147483647	OFF
2026-08-20T14:25:21	NR_SA,Unknown	NR_SA	false	0	2147483647	OFF
2026-08-20T14:25:52	NR_SA,Unknown	NR_SA	false	0	2147483647	OFF
2026-08-20T14:26:22	NR_SA,Unknown	NR_SA	false	0	2147483647	OFF
2026-08-20T14:26:53	NR_SA,Unknown	NR_SA	false	0	2147483647	OFF
2026-08-20T14:27:23	NR_SA,Unknown	NR_SA	false	0	2147483647	OFF
2026-08-20T14:27:54	NR_SA,Unknown	NR_SA	false	0	2147483647	OFF
2026-08-20T14:28:26	NR_SA,Unknown	NR_SA	false	0	2147483647	OFF
2026-08-20T14:28:58	NR_SA,Unknown	NR_SA	false	0	2147483647	OFF
2026-08-20T14:29:28	NR_SA,Unknown	NR_SA	false	0	2147483647	OFF
2026-08-20T14:29:59	NR_SA,Unknown	NR_SA	false	0	2147483647	OFF
2026-08-20T14:30:30	NR_SA,Unknown	NR_SA	false	0	2147483647	OFF
2026-08-20T14:31:00	NR_SA,Unknown	NR_SA	false	0	2147483647	OFF
2026-08-20T14:31:31	NR_SA,Unknown	NR_SA	false	0	2147483647	OFF
2026-08-20T14:32:01	NR_SA,Unknown	NR_SA	false	0	2147483647	OFF
2026-08-20T14:32:31	NR_SA,Unknown	NR_SA	false	0	2147483647	OFF
2026-08-20T14:33:02	NR_SA,Unknown	NR_SA	false	0	2147483647	OFF
2026-08-20T14:33:32	NR_SA,Unknown	NR_SA	false	0	2147483647	OFF
2026-08-20T14:34:02	NR_SA,Unknown	NR_SA	false	0	2147483647	OFF
2026-08-20T14:34:33	NR_SA,Unknown	NR_SA	false	0	2147483647	OFF
2026-08-20T14:35:03	NR_SA,Unknown	NR_SA	false	0	2147483647	OFF
2026-08-20T14:35:34	NR_SA,Unknown	NR_SA	false	0	2147483647	OFF
2026-08-20T14:36:04	NR_SA,Unknown	NR_SA	false	0	2147483647	OFF
2026-08-20T14:36:35	NR_SA,Unknown	NR_SA	false	0	2147483647	OFF
2026-08-20T14:37:05	NR_SA,Unknown	NR_SA	false	0	2147483647	OFF
2026-08-20T14:37:36	NR_SA,Unknown	NR_SA	false	0	2147483647	OFF
2026-08-20T14:38:06	NR_SA,Unknown	NR_SA	false	0	2147483647	OFF
2026-08-20T14:38:36	NR_SA,Unknown	NR_SA	false	0	2147483647	OFF
2026-08-20T14:39:06	NR_SA,Unknown	NR_SA	false	0	2147483647	OFF
2026-08-20T14:39:37	NR_SA,Unknown	NR_SA	false	0	2147483647	OFF
2026-08-20T14:40:07	NR_SA,Unknown	NR_SA	false	0	2147483647	OFF
2026-08-20T14:40:38	NR_SA,Unknown	NR_SA	false	0	2147483647	OFF
2026-08-20T14:41:08	NR_SA,Unknown	NR_SA	false	0	2147483647	OFF
2026-08-20T14:41:39	NR_SA,Unknown	NR_SA	false	0	2147483647	OFF
2026-08-20T14:42:09	NR_SA,Unknown	NR_SA	false	0	2147483647	OFF
2026-08-20T14:42:40	NR_SA,Unknown	NR_SA	false	0	2147483647	OFF
2026-08-20T14:43:10	NR_SA,Unknown	NR_SA	false	0	2147483647	OFF
2026-08-20T14:43:41	NR_SA,Unknown	NR_SA	false	0	2147483647	OFF
2026-08-20T14:44:11	NR_SA,Unknown	NR_SA	false	0	2147483647	OFF
2026-08-20T14:44:41	NR_SA,Unknown	NR_SA	false	0	2147483647	OFF
2026-08-20T14:45:12	NR_SA,Unknown	NR_SA	false	0	2147483647	OFF
2026-08-20T14:45:42	NR_SA,Unknown	NR_SA	false	0	2147483647	OFF
2026-08-20T14:46:12	NR_SA,Unknown	NR_SA	false	0	2147483647	OFF
2026-08-20T14:46:43	NR_SA,Unknown	NR_SA	false	0	2147483647	OFF
2026-08-20T14:47:13	NR_SA,Unknown	NR_SA	false	0	2147483647	OFF
2026-08-20T14:47:43	NR_SA,Unknown	NR_SA	false	0	2147483647	OFF
2026-08-20T14:48:13	NR_SA,Unknown	NR_SA	false	0	2147483647	OFF
2026-08-20T14:48:44	NR_SA,Unknown	NR_SA	false	0	2147483647	OFF
2026-08-20T14:49:14	NR_SA,Unknown	NR_SA	false	0	2147483647	OFF
2026-08-20T14:49:44	NR_SA,Unknown	NR_SA	false	0	2147483647	OFF
2026-08-20T14:50:15	NR_SA,Unknown	NR_SA	false	0	2147483647	OFF
2026-08-20T14:50:45	NR_SA,Unknown	NR_SA	false	0	2147483647	OFF
2026-08-20T14:51:15	NR_SA,Unknown	NR_SA	false	0	2147483647	OFF
2026-08-20T14:51:47	NR_SA,Unknown	NR_SA	false	0	2147483647	OFF
2026-08-20T14:52:17	NR_SA,Unknown	NR_SA	false	0	2147483647	OFF
2026-08-20T14:52:48	NR_SA,Unknown	NR_SA	false	0	2147483647	OFF
2026-08-20T14:53:18	NR_SA,Unknown	NR_SA	false	0	2147483647	OFF
2026-08-20T14:53:48	NR_SA,Unknown	NR_SA	false	0	2147483647	OFF
2026-08-20T14:54:19	NR_SA,Unknown	NR_SA	false	0	2147483647	OFF
2026-08-20T14:54:49	NR_SA,Unknown	NR_SA	false	0	2147483647	OFF
2026-08-20T14:55:19	NR_SA,Unknown	NR_SA	false	0	2147483647	OFF
2026-08-20T14:55:49	NR_SA,Unknown	NR_SA	false	0	2147483647	OFF
2026-08-20T14:56:20	NR_SA,Unknown	NR_SA	false	0	2147483647	OFF
2026-08-20T14:56:50	NR_SA,Unknown	NR_SA	false	0	2147483647	OFF
2026-08-20T14:57:20	NR_SA,Unknown	NR_SA	false	0	2147483647	OFF
2026-08-20T14:57:51	NR_SA,Unknown	NR_SA	false	0	2147483647	OFF
2026-08-20T14:58:21	NR_SA,Unknown	NR_SA	false	0	2147483647	OFF
2026-08-20T14:58:51	NR_SA,Unknown	NR_SA	false	0	2147483647	OFF
2026-08-20T14:59:22	NR_SA,Unknown	NR_SA	false	0	2147483647	OFF
2026-08-20T14:59:52	NR_SA,Unknown	NR_SA	false	0	2147483647	OFF
2026-08-20T15:00:22	NR_SA,Unknown	NR_SA	false	0	2147483647	OFF
2026-08-20T15:00:53	NR_SA,Unknown	NR_SA	false	0	2147483647	OFF
2026-08-20T15:01:23	NR_SA,Unknown	NR_SA	false	0	2147483647	OFF
2026-08-20T15:01:53	NR_SA,Unknown	NR_SA	false	0	2147483647	OFF
2026-08-20T15:02:24	NR_SA,Unknown	NR_SA	false	0	2147483647	OFF
2026-08-20T15:02:54	NR_SA,Unknown	NR_SA	false	0	2147483647	OFF
2026-08-20T15:03:24	NR_SA,Unknown	NR_SA	false	0	2147483647	OFF
2026-08-20T15:03:54	NR_SA,Unknown	NR_SA	false	0	2147483647	OFF
2026-08-20T15:04:25	NR_SA,Unknown	NR_SA	false	0	2147483647	OFF
2026-08-20T15:04:55	NR_SA,Unknown	NR_SA	false	0	2147483647	OFF
2026-08-20T15:05:25	NR_SA,Unknown	NR_SA	false	0	2147483647	OFF
2026-08-20T15:05:56	NR_SA,Unknown	NR_SA	false	0	2147483647	OFF
2026-08-20T15:06:26	NR_SA,Unknown	NR_SA	false	0	2147483647	OFF
2026-08-20T15:06:56	NR_SA,Unknown	NR_SA	false	0	2147483647	OFF
2026-08-20T15:07:26	NR_SA,Unknown	NR_SA	false	0	2147483647	OFF
2026-08-20T15:07:57	NR_SA,Unknown	NR_SA	false	0	2147483647	OFF
2026-08-20T15:08:27	NR_SA,Unknown	NR_SA	false	0	2147483647	OFF
2026-08-20T15:08:57	NR_SA,Unknown	NR_SA	false	0	2147483647	OFF
2026-08-20T15:09:28	NR_SA,Unknown	NR_SA	false	0	2147483647	OFF
2026-08-20T15:09:58	NR_SA,Unknown	NR_SA	false	0	2147483647	OFF
2026-08-20T15:10:28	NR_SA,Unknown	NR_SA	false	0	2147483647	OFF
2026-08-20T15:10:59	NR_SA,Unknown	NR_SA	false	0	2147483647	OFF
2026-08-20T15:11:29	NR_SA,Unknown	NR_SA	false	0	2147483647	OFF
2026-08-20T15:11:59	NR_SA,Unknown	NR_SA	false	0	2147483647	OFF
2026-08-20T15:12:29	NR_SA,Unknown	NR_SA	false	0	2147483647	OFF
2026-08-20T15:13:00	NR_SA,Unknown	NR_SA	false	0	2147483647	OFF
2026-08-20T15:13:30	NR_SA,Unknown	NR_SA	false	0	2147483647	OFF
2026-08-20T15:14:00	NR_SA,Unknown	NR_SA	false	0	2147483647	OFF
2026-08-20T15:14:31	NR_SA,Unknown	NR_SA	false	0	2147483647	OFF
2026-08-20T15:15:01	NR_SA,Unknown	NR_SA	false	0	2147483647	OFF
2026-08-20T15:15:31	NR_SA,Unknown	NR_SA	false	0	2147483647	OFF
2026-08-20T15:16:01	NR_SA,Unknown	NR_SA	false	0	2147483647	OFF
2026-08-20T15:16:32	NR_SA,Unknown	NR_SA	false	0	2147483647	OFF
2026-08-20T15:17:02	NR_SA,Unknown	NR_SA	false	0	2147483647	OFF
2026-08-20T15:17:32	NR_SA,Unknown	NR_SA	false	0	2147483647	OFF
2026-08-20T15:18:03	NR_SA,Unknown	NR_SA	false	0	2147483647	OFF
2026-08-20T15:18:33	NR_SA,Unknown	NR_SA	false	0	2147483647	OFF
2026-08-20T15:19:03	NR_SA,Unknown	NR_SA	false	0	2147483647	OFF
2026-08-20T15:19:35	NR_SA,Unknown	NR_SA	false	0	2147483647	OFF
2026-08-20T15:20:06	NR_SA,Unknown	NR_SA	false	0	2147483647	OFF
2026-08-20T15:20:36	NR_SA,Unknown	NR_SA	false	0	2147483647	OFF
2026-08-20T15:21:06	NR_SA,Unknown	NR_SA	false	0	2147483647	OFF
2026-08-20T15:21:37	NR_SA,Unknown	NR_SA	false	0	2147483647	OFF
2026-08-20T15:22:07	NR_SA,Unknown	NR_SA	false	0	2147483647	OFF
2026-08-20T15:22:37	NR_SA,Unknown	NR_SA	false	0	2147483647	OFF
2026-08-20T15:23:07	NR_SA,Unknown	NR_SA	false	0	2147483647	OFF
2026-08-20T15:23:38	NR_SA,Unknown	NR_SA	false	0	2147483647	OFF
2026-08-20T15:24:08	NR_SA,Unknown	NR_SA	false	0	2147483647	OFF
2026-08-20T15:24:38	NR_SA,Unknown	NR_SA	false	0	2147483647	OFF
2026-08-20T15:25:09	NR_SA,Unknown	NR_SA	false	0	2147483647	OFF
2026-08-20T15:25:39	NR_SA,Unknown	NR_SA	false	0	2147483647	OFF
2026-08-20T15:26:09	NR_SA,Unknown	NR_SA	false	0	2147483647	OFF
2026-08-20T15:26:39	NR_SA,Unknown	NR_SA	false	0	2147483647	OFF
2026-08-20T15:27:10	NR_SA,Unknown	NR_SA	false	0	2147483647	OFF
2026-08-20T15:27:40	NR_SA,Unknown	NR_SA	false	0	2147483647	OFF
2026-08-20T15:28:10	NR_SA,Unknown	NR_SA	false	0	2147483647	OFF
2026-08-20T15:28:40	NR_SA,Unknown	NR_SA	false	0	2147483647	OFF
2026-08-20T15:29:11	NR_SA,Unknown	NR_SA	false	0	2147483647	OFF
2026-08-20T15:29:41	NR_SA,Unknown	NR_SA	false	0	2147483647	OFF
2026-08-20T15:30:11	NR_SA,Unknown	NR_SA	false	0	2147483647	OFF
2026-08-20T15:30:42	NR_SA,Unknown	NR_SA	false	0	2147483647	OFF
2026-08-20T15:31:12	NR_SA,Unknown	NR_SA	false	0	2147483647	OFF
2026-08-20T15:31:42	NR_SA,Unknown	NR_SA	false	0	2147483647	OFF
2026-08-20T15:32:13	NR_SA,Unknown	NR_SA	false	0	2147483647	OFF
2026-08-20T15:32:43	NR_SA,Unknown	NR_SA	false	0	2147483647	OFF
2026-08-20T15:33:13	NR_SA,Unknown	NR_SA	false	0	2147483647	OFF
2026-08-20T15:33:44	NR_SA,Unknown	NR_SA	false	0	2147483647	OFF
2026-08-20T15:34:14	NR_SA,Unknown	NR_SA	false	0	2147483647	OFF
2026-08-20T15:34:44	NR_SA,Unknown	NR_SA	false	0	2147483647	OFF
2026-08-20T15:35:15	NR_SA,Unknown	NR_SA	false	0	2147483647	OFF
2026-08-20T15:35:45	NR_SA,Unknown	NR_SA	false	0	2147483647	OFF
2026-08-20T15:36:15	NR_SA,Unknown	NR_SA	false	0	2147483647	OFF
2026-08-20T15:36:45	NR_SA,Unknown	NR_SA	false	0	2147483647	OFF
2026-08-20T15:37:16	NR_SA,Unknown	NR_SA	false	0	2147483647	OFF
2026-08-20T15:37:46	NR_SA,Unknown	NR_SA	false	0	2147483647	OFF
2026-08-20T15:38:16	NR_SA,Unknown	NR_SA	false	0	2147483647	OFF
2026-08-20T15:38:47	NR_SA,Unknown	NR_SA	false	0	2147483647	OFF
2026-08-20T15:39:17	NR_SA,Unknown	NR_SA	false	0	2147483647	OFF
2026-08-20T15:39:47	NR_SA,Unknown	NR_SA	false	0	2147483647	OFF
2026-08-20T15:40:17	NR_SA,Unknown	NR_SA	false	0	2147483647	OFF
2026-08-20T15:40:48	NR_SA,Unknown	NR_SA	false	0	2147483647	OFF
2026-08-20T15:41:18	NR_SA,Unknown	NR_SA	false	0	2147483647	OFF
2026-08-20T15:41:49	NR_SA,Unknown	NR_SA	false	0	2147483647	OFF
2026-08-20T15:42:19	NR_SA,Unknown	NR_SA	false	0	2147483647	OFF
2026-08-20T15:42:49	NR_SA,Unknown	NR_SA	false	0	2147483647	OFF
2026-08-20T15:43:20	NR_SA,Unknown	NR_SA	false	0	2147483647	OFF
2026-08-20T15:43:50	NR_SA,Unknown	NR_SA	false	0	2147483647	OFF
2026-08-20T15:44:20	NR_SA,Unknown	NR_SA	false	0	2147483647	OFF
2026-08-20T15:44:50	NR_SA,Unknown	NR_SA	false	0	2147483647	OFF
2026-08-20T15:45:21	NR_SA,Unknown	NR_SA	false	0	2147483647	OFF
2026-08-20T15:45:51	NR_SA,Unknown	NR_SA	false	0	2147483647	OFF
2026-08-20T15:46:21	NR_SA,Unknown	NR_SA	false	0	2147483647	OFF
2026-08-20T15:46:51	NR_SA,Unknown	NR_SA	false	0	2147483647	OFF
2026-08-20T15:47:22	NR_SA,Unknown	NR_SA	false	0	2147483647	OFF
2026-08-20T15:47:52	NR_SA,Unknown	NR_SA	false	0	2147483647	OFF
2026-08-20T15:48:22	NR_SA,Unknown	NR_SA	false	0	2147483647	OFF
2026-08-20T15:48:53	NR_SA,Unknown	NR_SA	false	0	2147483647	OFF
2026-08-20T15:49:23	NR_SA,Unknown	NR_SA	false	0	2147483647	OFF
2026-08-20T15:49:53	NR_SA,Unknown	NR_SA	false	0	2147483647	OFF
2026-08-20T15:50:23	NR_SA,Unknown	NR_SA	false	0	2147483647	OFF
2026-08-20T15:50:54	NR_SA,Unknown	NR_SA	false	0	2147483647	OFF
2026-08-20T15:51:24	NR_SA,Unknown	NR_SA	false	0	2147483647	OFF
2026-08-20T15:51:54	NR_SA,Unknown	NR_SA	false	0	2147483647	OFF
2026-08-20T15:52:25	NR_SA,Unknown	NR_SA	false	0	2147483647	OFF
2026-08-20T15:52:55	NR_SA,Unknown	NR_SA	false	0	2147483647	OFF
2026-08-20T15:53:25	NR_SA,Unknown	NR_SA	false	0	2147483647	OFF
2026-08-20T15:53:56	NR_SA,Unknown	NR_SA	false	0	2147483647	OFF
2026-08-20T15:54:26	NR_SA,Unknown	NR_SA	false	0	2147483647	OFF
2026-08-20T15:54:56	NR_SA,Unknown	NR_SA	false	0	2147483647	OFF
2026-08-20T15:55:26	NR_SA,Unknown	NR_SA	false	0	2147483647	OFF
2026-08-20T15:55:57	NR_SA,Unknown	NR_SA	false	0	2147483647	OFF
2026-08-20T15:56:27	NR_SA,Unknown	NR_SA	false	0	2147483647	OFF
2026-08-20T15:56:57	NR_SA,Unknown	NR_SA	false	0	2147483647	OFF
2026-08-20T15:57:28	NR_SA,Unknown	NR_SA	false	0	2147483647	OFF
2026-08-20T15:57:58	NR_SA,Unknown	NR_SA	false	0	2147483647	OFF
2026-08-20T15:58:28	NR_SA,Unknown	NR_SA	false	0	2147483647	OFF
2026-08-20T15:58:58	NR_SA,Unknown	NR_SA	false	0	2147483647	OFF
2026-08-20T15:59:29	NR_SA,Unknown	NR_SA	false	0	2147483647	OFF
2026-08-20T15:59:59	NR_SA,Unknown	NR_SA	false	0	2147483647	OFF
2026-08-20T16:00:29	NR_SA,Unknown	NR_SA	false	0	2147483647	OFF
2026-08-20T16:01:00	NR_SA,Unknown	NR_SA	false	0	2147483647	OFF
2026-08-20T16:01:30	NR_SA,Unknown	NR_SA	false	0	2147483647	OFF
2026-08-20T16:02:00	NR_SA,Unknown	NR_SA	false	0	2147483647	OFF
2026-08-20T16:02:30	NR_SA,Unknown	NR_SA	false	0	2147483647	OFF
2026-08-20T16:03:01	NR_SA,Unknown	NR_SA	false	0	2147483647	OFF
2026-08-20T16:03:31	NR_SA,Unknown	NR_SA	false	0	2147483647	OFF
2026-08-20T16:04:01	NR_SA,Unknown	NR_SA	false	0	2147483647	OFF
2026-08-20T16:04:31	NR_SA,Unknown	NR_SA	false	0	2147483647	OFF
2026-08-20T16:05:02	NR_SA,Unknown	NR_SA	false	0	2147483647	OFF
2026-08-20T16:05:32	NR_SA,Unknown	NR_SA	false	0	2147483647	OFF
2026-08-20T16:06:02	NR_SA,Unknown	NR_SA	false	0	2147483647	OFF
2026-08-20T16:06:33	NR_SA,Unknown	NR_SA	false	0	2147483647	OFF
2026-08-20T16:07:03	NR_SA,Unknown	NR_SA	false	0	2147483647	OFF
2026-08-20T16:07:33	NR_SA,Unknown	NR_SA	false	0	2147483647	OFF
2026-08-20T16:08:04	NR_SA,Unknown	NR_SA	false	0	2147483647	OFF
2026-08-20T16:08:34	NR_SA,Unknown	NR_SA	false	0	2147483647	OFF
2026-08-20T16:09:04	NR_SA,Unknown	NR_SA	false	0	2147483647	OFF
2026-08-20T16:09:35	NR_SA,Unknown	NR_SA	false	0	2147483647	OFF
2026-08-20T16:10:05	NR_SA,Unknown	NR_SA	false	0	2147483647	OFF
2026-08-20T16:10:35	NR_SA,Unknown	NR_SA	false	0	2147483647	OFF
2026-08-20T16:11:05	NR_SA,Unknown	NR_SA	false	0	2147483647	OFF
2026-08-20T16:11:36	NR_SA,Unknown	NR_SA	false	0	2147483647	OFF
2026-08-20T16:12:06	NR_SA,Unknown	NR_SA	false	0	2147483647	OFF
2026-08-20T16:12:36	NR_SA,Unknown	NR_SA	false	0	2147483647	OFF
2026-08-20T16:13:07	NR_SA,Unknown	NR_SA	false	0	2147483647	OFF
2026-08-20T16:13:37	NR_SA,Unknown	NR_SA	false	0	2147483647	OFF
2026-08-20T16:14:07	NR_SA,Unknown	NR_SA	false	0	2147483647	OFF
2026-08-20T16:14:38	NR_SA,Unknown	NR_SA	false	0	2147483647	OFF
2026-08-20T16:15:08	NR_SA,Unknown	NR_SA	false	0	2147483647	OFF
2026-08-20T16:15:38	NR_SA,Unknown	NR_SA	false	0	2147483647	OFF
2026-08-20T16:16:08	NR_SA,Unknown	NR_SA	false	0	2147483647	OFF
2026-08-20T16:16:39	NR_SA,Unknown	NR_SA	false	0	2147483647	OFF
2026-08-20T16:17:09	NR_SA,Unknown	NR_SA	false	0	2147483647	OFF
2026-08-20T16:17:39	NR_SA,Unknown	NR_SA	false	0	2147483647	OFF
2026-08-20T16:18:09	NR_SA,Unknown	NR_SA	false	0	2147483647	OFF
2026-08-20T16:18:40	NR_SA,Unknown	NR_SA	false	0	2147483647	OFF
2026-08-20T16:19:10	NR_SA,Unknown	NR_SA	false	0	2147483647	OFF
2026-08-20T16:19:40	NR_SA,Unknown	NR_SA	false	0	2147483647	OFF
2026-08-20T16:20:11	NR_SA,Unknown	NR_SA	false	0	2147483647	OFF
2026-08-20T16:20:41	NR_SA,Unknown	NR_SA	false	0	2147483647	OFF
2026-08-20T16:21:11	NR_SA,Unknown	NR_SA	false	0	2147483647	OFF
2026-08-20T16:21:41	NR_SA,Unknown	NR_SA	false	0	2147483647	OFF
2026-08-20T16:22:12	NR_SA,Unknown	NR_SA	false	0	2147483647	OFF
2026-08-20T16:22:42	NR_SA,Unknown	NR_SA	false	0	2147483647	OFF
2026-08-20T16:23:12	NR_SA,Unknown	NR_SA	false	0	2147483647	OFF
2026-08-20T16:23:42	NR_SA,Unknown	NR_SA	false	0	2147483647	OFF
2026-08-20T16:24:13	NR_SA,Unknown	NR_SA	false	0	2147483647	OFF
2026-08-20T16:24:43	NR_SA,Unknown	NR_SA	false	0	2147483647	OFF
2026-08-20T16:25:13	NR_SA,Unknown	NR_SA	false	0	2147483647	OFF
2026-08-20T16:25:43	NR_SA,Unknown	NR_SA	false	0	2147483647	OFF
2026-08-20T16:26:14	NR_SA,Unknown	NR_SA	false	0	2147483647	OFF
2026-08-20T16:26:44	NR_SA,Unknown	NR_SA	false	0	2147483647	OFF
2026-08-20T16:27:14	NR_SA,Unknown	NR_SA	false	0	2147483647	OFF
2026-08-20T16:27:45	NR_SA,Unknown	NR_SA	false	0	2147483647	OFF
2026-08-20T16:28:15	NR_SA,Unknown	NR_SA	false	0	2147483647	OFF
2026-08-20T16:28:45	NR_SA,Unknown	NR_SA	false	0	2147483647	OFF
2026-08-20T16:29:15	NR_SA,Unknown	NR_SA	false	0	2147483647	OFF
2026-08-20T16:29:46	NR_SA,Unknown	NR_SA	false	0	2147483647	OFF
2026-08-20T16:30:16	NR_SA,Unknown	NR_SA	false	0	2147483647	OFF
2026-08-20T16:30:46	NR_SA,Unknown	NR_SA	false	0	2147483647	OFF
2026-08-20T16:31:16	NR_SA,Unknown	NR_SA	false	0	2147483647	OFF
2026-08-20T16:31:47	NR_SA,Unknown	NR_SA	false	0	2147483647	OFF
2026-08-20T16:32:17	NR_SA,Unknown	NR_SA	false	0	2147483647	OFF
2026-08-20T16:32:47	NR_SA,Unknown	NR_SA	false	0	2147483647	OFF
2026-08-20T16:33:17	NR_SA,Unknown	NR_SA	false	0	2147483647	OFF
2026-08-20T16:33:48	NR_SA,Unknown	NR_SA	false	0	2147483647	OFF
2026-08-20T16:34:18	NR_SA,Unknown	NR_SA	false	0	2147483647	OFF
2026-08-20T16:34:48	NR_SA,Unknown	NR_SA	false	0	2147483647	OFF
2026-08-20T16:35:18	NR_SA,Unknown	NR_SA	false	0	2147483647	OFF
2026-08-20T16:35:49	NR_SA,Unknown	NR_SA	false	0	2147483647	OFF
2026-08-20T16:36:19	NR_SA,Unknown	NR_SA	false	0	2147483647	OFF
2026-08-20T16:36:49	NR_SA,Unknown	NR_SA	false	0	2147483647	OFF
2026-08-20T16:37:19	NR_SA,Unknown	NR_SA	false	0	2147483647	OFF
2026-08-20T16:37:50	NR_SA,Unknown	NR_SA	false	0	2147483647	OFF
2026-08-20T16:38:20	NR_SA,Unknown	NR_SA	false	0	2147483647	OFF
2026-08-20T16:38:50	NR_SA,Unknown	NR_SA	false	0	2147483647	OFF
2026-08-20T16:39:21	NR_SA,Unknown	NR_SA	false	0	2147483647	OFF
2026-08-20T16:39:51	NR_SA,Unknown	NR_SA	false	0	2147483647	OFF
2026-08-20T16:40:21	NR_SA,Unknown	NR_SA	false	0	2147483647	OFF
2026-08-20T16:40:51	NR_SA,Unknown	NR_SA	false	0	2147483647	OFF
2026-08-20T16:41:22	NR_SA,Unknown	NR_SA	false	0	2147483647	OFF
2026-08-20T16:41:52	NR_SA,Unknown	NR_SA	false	0	2147483647	OFF
2026-08-20T16:42:22	NR_SA,Unknown	NR_SA	false	0	2147483647	OFF
2026-08-20T16:42:52	NR_SA,Unknown	NR_SA	false	0	2147483647	OFF
2026-08-20T16:43:23	NR_SA,Unknown	NR_SA	false	0	2147483647	OFF
2026-08-20T16:43:53	NR_SA,Unknown	NR_SA	false	0	2147483647	OFF
2026-08-20T16:44:23	NR_SA,Unknown	NR_SA	false	0	2147483647	OFF
2026-08-20T16:44:53	NR_SA,Unknown	NR_SA	false	0	2147483647	OFF
2026-08-20T16:45:24	NR_SA,Unknown	NR_SA	false	0	2147483647	OFF
2026-08-20T16:45:54	NR_SA,Unknown	NR_SA	false	0	2147483647	OFF
2026-08-20T16:46:24	NR_SA,Unknown	NR_SA	false	0	2147483647	OFF
2026-08-20T16:46:54	NR_SA,Unknown	NR_SA	false	0	2147483647	OFF
2026-08-20T16:47:25	NR_SA,Unknown	NR_SA	false	0	2147483647	OFF
2026-08-20T16:47:55	NR_SA,Unknown	NR_SA	false	0	2147483647	OFF
2026-08-20T16:48:25	NR_SA,Unknown	NR_SA	false	0	2147483647	OFF
2026-08-20T16:48:55	NR_SA,Unknown	NR_SA	false	0	2147483647	OFF
2026-08-20T16:49:26	NR_SA,Unknown	NR_SA	false	0	2147483647	OFF
2026-08-20T16:49:56	NR_SA,Unknown	NR_SA	false	0	2147483647	OFF
2026-08-20T16:50:26	NR_SA,Unknown	NR_SA	false	0	2147483647	OFF
2026-08-20T16:50:57	NR_SA,Unknown	NR_SA	false	0	2147483647	OFF
2026-08-20T16:51:27	NR_SA,Unknown	NR_SA	false	0	2147483647	OFF
2026-08-20T16:51:57	NR_SA,Unknown	NR_SA	false	0	2147483647	OFF
2026-08-20T16:52:27	NR_SA,Unknown	NR_SA	false	0	2147483647	OFF
2026-08-20T16:52:58	NR_SA,Unknown	NR_SA	false	0	2147483647	OFF
2026-08-20T16:53:28	NR_SA,Unknown	NR_SA	false	0	2147483647	OFF
2026-08-20T16:53:58	NR_SA,Unknown	NR_SA	false	0	2147483647	OFF
2026-08-20T16:54:28	NR_SA,Unknown	NR_SA	false	0	2147483647	OFF
2026-08-20T16:54:59	NR_SA,Unknown	NR_SA	false	0	2147483647	OFF
2026-08-20T16:55:29	NR_SA,Unknown	NR_SA	false	0	2147483647	OFF
2026-08-20T16:55:59	NR_SA,Unknown	NR_SA	false	0	2147483647	OFF
2026-08-20T16:56:29	NR_SA,Unknown	NR_SA	false	0	2147483647	OFF
2026-08-20T16:57:00	NR_SA,Unknown	NR_SA	false	0	2147483647	OFF
2026-08-20T16:57:30	NR_SA,Unknown	NR_SA	false	0	2147483647	OFF
2026-08-20T16:58:00	NR_SA,Unknown	NR_SA	false	0	2147483647	OFF
2026-08-20T16:58:30	NR_SA,Unknown	NR_SA	false	0	2147483647	OFF
2026-08-20T16:59:01	NR_SA,Unknown	NR_SA	false	0	2147483647	OFF
2026-08-20T16:59:31	NR_SA,Unknown	NR_SA	false	0	2147483647	OFF
2026-08-20T17:00:01	NR_SA,Unknown	NR_SA	false	0	2147483647	OFF
2026-08-20T17:00:31	NR_SA,Unknown	NR_SA	false	0	2147483647	OFF
2026-08-20T17:01:02	NR_SA,Unknown	NR_SA	false	0	2147483647	OFF
2026-08-20T17:01:32	NR_SA,Unknown	NR_SA	false	0	2147483647	OFF
2026-08-20T17:02:02	NR_SA,Unknown	NR_SA	false	0	2147483647	OFF
2026-08-20T17:02:33	NR_SA,Unknown	NR_SA	false	0	2147483647	OFF
2026-08-20T17:03:03	NR_SA,Unknown	NR_SA	false	0	2147483647	OFF
2026-08-20T17:03:33	NR_SA,Unknown	NR_SA	false	0	2147483647	OFF
2026-08-20T17:04:03	NR_SA,Unknown	NR_SA	false	0	2147483647	OFF
2026-08-20T17:04:34	NR_SA,Unknown	NR_SA	false	0	2147483647	OFF
2026-08-20T17:05:04	NR_SA,Unknown	NR_SA	false	0	2147483647	OFF
2026-08-20T17:05:34	NR_SA,Unknown	NR_SA	false	0	2147483647	OFF
2026-08-20T17:06:04	NR_SA,Unknown	NR_SA	false	0	2147483647	OFF
2026-08-20T17:06:35	NR_SA,Unknown	NR_SA	false	0	2147483647	OFF
2026-08-20T17:07:05	NR_SA,Unknown	NR_SA	false	0	2147483647	OFF
2026-08-20T17:07:35	NR_SA,Unknown	NR_SA	false	0	2147483647	OFF
2026-08-20T17:08:05	NR_SA,Unknown	NR_SA	false	0	2147483647	OFF
2026-08-20T17:08:36	NR_SA,Unknown	NR_SA	false	0	2147483647	OFF
2026-08-20T17:09:06	NR_SA,Unknown	NR_SA	false	0	2147483647	OFF
2026-08-20T17:09:36	NR_SA,Unknown	NR_SA	false	0	2147483647	OFF
2026-08-20T17:10:06	NR_SA,Unknown	NR_SA	false	0	2147483647	OFF
2026-08-20T17:10:37	NR_SA,Unknown	NR_SA	false	0	2147483647	OFF
2026-08-20T17:11:07	NR_SA,Unknown	NR_SA	false	0	2147483647	OFF
2026-08-20T17:11:37	NR_SA,Unknown	NR_SA	false	0	2147483647	OFF
2026-08-20T17:12:07	NR_SA,Unknown	NR_SA	false	0	2147483647	OFF
2026-08-20T17:12:38	NR_SA,Unknown	NR_SA	false	0	2147483647	OFF
2026-08-20T17:13:08	NR_SA,Unknown	NR_SA	false	0	2147483647	OFF
2026-08-20T17:13:38	NR_SA,Unknown	NR_SA	false	0	2147483647	OFF
2026-08-20T17:14:09	NR_SA,Unknown	NR_SA	false	0	2147483647	OFF
2026-08-20T17:14:39	NR_SA,Unknown	NR_SA	false	0	2147483647	OFF
2026-08-20T17:15:09	NR_SA,Unknown	NR_SA	false	0	2147483647	OFF
2026-08-20T17:15:40	NR_SA,Unknown	NR_SA	false	0	2147483647	OFF
2026-08-20T17:16:10	NR_SA,Unknown	NR_SA	false	0	2147483647	OFF
2026-08-20T17:16:40	NR_SA,Unknown	NR_SA	false	0	2147483647	OFF
2026-08-20T17:17:10	NR_SA,Unknown	NR_SA	false	0	2147483647	OFF
2026-08-20T17:17:41	NR_SA,Unknown	NR_SA	false	0	2147483647	OFF
2026-08-20T17:18:11	NR_SA,Unknown	NR_SA	false	0	2147483647	OFF
2026-08-20T17:18:41	NR_SA,Unknown	NR_SA	false	0	2147483647	OFF
2026-08-20T17:19:11	NR_SA,Unknown	NR_SA	false	0	2147483647	OFF
2026-08-20T17:19:42	NR_SA,Unknown	NR_SA	false	0	2147483647	OFF
2026-08-20T17:20:12	NR_SA,Unknown	NR_SA	false	0	2147483647	OFF
2026-08-20T17:20:42	NR_SA,Unknown	NR_SA	false	0	2147483647	OFF
2026-08-20T17:21:12	NR_SA,Unknown	NR_SA	false	0	2147483647	OFF
2026-08-20T17:21:43	NR_SA,Unknown	NR_SA	false	0	2147483647	OFF
2026-08-20T17:22:13	NR_SA,Unknown	NR_SA	false	0	2147483647	OFF
2026-08-20T17:22:43	NR_SA,Unknown	NR_SA	false	0	2147483647	OFF
2026-08-20T17:23:13	NR_SA,Unknown	NR_SA	false	0	2147483647	OFF
2026-08-20T17:23:44	NR_SA,Unknown	NR_SA	false	0	2147483647	OFF
2026-08-20T17:24:14	NR_SA,Unknown	NR_SA	false	0	2147483647	OFF
2026-08-20T17:24:44	NR_SA,Unknown	NR_SA	false	0	2147483647	OFF
2026-08-20T17:25:15	NR_SA,Unknown	NR_SA	false	0	2147483647	OFF
2026-08-20T17:25:45	NR_SA,Unknown	NR_SA	false	0	2147483647	OFF
2026-08-20T17:26:15	NR_SA,Unknown	NR_SA	false	0	2147483647	OFF
2026-08-20T17:26:45	NR_SA,Unknown	NR_SA	false	0	2147483647	OFF
2026-08-20T17:27:16	NR_SA,Unknown	NR_SA	false	0	2147483647	OFF
2026-08-20T17:27:46	NR_SA,Unknown	NR_SA	false	0	2147483647	OFF
2026-08-20T17:28:16	NR_SA,Unknown	NR_SA	false	0	2147483647	OFF
2026-08-20T17:28:46	NR_SA,Unknown	NR_SA	false	0	2147483647	OFF
2026-08-20T17:29:17	NR_SA,Unknown	NR_SA	false	0	2147483647	OFF
2026-08-20T17:29:47	NR_SA,Unknown	NR_SA	false	0	2147483647	OFF
2026-08-20T17:30:17	NR_SA,Unknown	NR_SA	false	0	2147483647	OFF
2026-08-20T17:30:47	NR_SA,Unknown	NR_SA	false	0	2147483647	OFF
2026-08-20T17:31:18	NR_SA,Unknown	NR_SA	false	0	2147483647	OFF
2026-08-20T17:31:48	NR_SA,Unknown	NR_SA	false	0	2147483647	OFF
2026-08-20T17:32:18	NR_SA,Unknown	NR_SA	false	0	2147483647	OFF
2026-08-20T17:32:48	NR_SA,Unknown	NR_SA	false	0	2147483647	OFF
2026-08-20T17:33:19	NR_SA,Unknown	NR_SA	false	0	2147483647	OFF
2026-08-20T17:33:49	NR_SA,Unknown	NR_SA	false	0	2147483647	OFF
2026-08-20T17:34:19	NR_SA,Unknown	NR_SA	false	0	2147483647	OFF
2026-08-20T17:34:49	NR_SA,Unknown	NR_SA	false	0	2147483647	OFF
2026-08-20T17:35:20	NR_SA,Unknown	NR_SA	false	0	2147483647	OFF
2026-08-20T17:35:50	NR_SA,Unknown	NR_SA	false	0	2147483647	OFF
2026-08-20T17:36:20	NR_SA,Unknown	NR_SA	false	0	2147483647	OFF
2026-08-20T17:36:50	NR_SA,Unknown	NR_SA	false	0	2147483647	OFF
2026-08-20T17:37:21	NR_SA,Unknown	NR_SA	false	0	2147483647	OFF
2026-08-20T17:37:51	NR_SA,Unknown	NR_SA	false	0	2147483647	OFF
2026-08-20T17:38:21	NR_SA,Unknown	NR_SA	false	0	2147483647	OFF
2026-08-20T17:38:51	NR_SA,Unknown	NR_SA	false	0	2147483647	OFF
2026-08-20T17:39:22	NR_SA,Unknown	NR_SA	false	0	2147483647	OFF
2026-08-20T17:39:52	NR_SA,Unknown	NR_SA	false	0	2147483647	OFF
2026-08-20T17:40:22	NR_SA,Unknown	NR_SA	false	0	2147483647	OFF
2026-08-20T17:40:53	NR_SA,Unknown	NR_SA	false	0	2147483647	OFF
2026-08-20T17:41:23	NR_SA,Unknown	NR_SA	false	0	2147483647	OFF
2026-08-20T17:41:53	NR_SA,Unknown	NR_SA	false	0	2147483647	OFF
2026-08-20T17:42:23	NR_SA,Unknown	NR_SA	false	0	2147483647	OFF
2026-08-20T17:42:54	NR_SA,Unknown	NR_SA	false	0	2147483647	OFF
2026-08-20T17:43:24	NR_SA,Unknown	NR_SA	false	0	2147483647	OFF
2026-08-20T17:43:54	NR_SA,Unknown	NR_SA	false	0	2147483647	OFF
2026-08-20T17:44:24	NR_SA,Unknown	NR_SA	false	0	2147483647	OFF
2026-08-20T17:44:55	NR_SA,Unknown	NR_SA	false	0	2147483647	OFF
2026-08-20T17:45:25	NR_SA,Unknown	NR_SA	false	0	2147483647	OFF
2026-08-20T17:45:55	NR_SA,Unknown	NR_SA	false	0	2147483647	OFF
2026-08-20T17:46:25	NR_SA,Unknown	NR_SA	false	0	2147483647	OFF
2026-08-20T17:46:56	NR_SA,Unknown	NR_SA	false	0	2147483647	OFF
2026-08-20T17:47:26	NR_SA,Unknown	NR_SA	false	0	2147483647	OFF
2026-08-20T17:47:56	NR_SA,Unknown	NR_SA	false	0	2147483647	OFF
2026-08-20T17:48:26	NR_SA,Unknown	NR_SA	false	0	2147483647	OFF
2026-08-20T17:48:57	NR_SA,Unknown	NR_SA	false	0	2147483647	OFF
2026-08-20T17:49:27	NR_SA,Unknown	NR_SA	false	0	2147483647	OFF
2026-08-20T17:49:57	NR_SA,Unknown	NR_SA	false	0	2147483647	OFF
2026-08-20T17:50:27	NR_SA,Unknown	NR_SA	false	0	2147483647	OFF
2026-08-20T17:50:58	NR_SA,Unknown	NR_SA	false	0	2147483647	OFF
2026-08-20T17:51:28	NR_SA,Unknown	NR_SA	false	0	2147483647	OFF
2026-08-20T17:51:58	NR_SA,Unknown	NR_SA	false	0	2147483647	OFF
2026-08-20T17:52:28	NR_SA,Unknown	NR_SA	false	0	2147483647	OFF
2026-08-20T17:52:59	NR_SA,Unknown	NR_SA	false	0	2147483647	OFF
2026-08-20T17:53:29	NR_SA,Unknown	NR_SA	false	0	2147483647	OFF
2026-08-20T17:53:59	NR_SA,Unknown	NR_SA	false	0	2147483647	OFF
2026-08-20T17:54:29	NR_SA,Unknown	NR_SA	false	0	2147483647	OFF
2026-08-20T17:55:00	NR_SA,Unknown	NR_SA	false	0	2147483647	OFF
2026-08-20T17:55:30	NR_SA,Unknown	NR_SA	false	0	2147483647	OFF
2026-08-20T17:56:00	NR_SA,Unknown	NR_SA	false	0	2147483647	OFF
2026-08-20T17:56:31	NR_SA,Unknown	NR_SA	false	0	2147483647	OFF
2026-08-20T17:57:01	NR_SA,Unknown	NR_SA	false	0	2147483647	OFF
2026-08-20T17:57:31	NR_SA,Unknown	NR_SA	false	0	2147483647	OFF
2026-08-20T17:58:01	NR_SA,Unknown	NR_SA	false	0	2147483647	OFF
2026-08-20T17:58:32	NR_SA,Unknown	NR_SA	false	0	2147483647	OFF
2026-08-20T17:59:02	NR_SA,Unknown	NR_SA	false	0	2147483647	OFF
2026-08-20T17:59:32	NR_SA,Unknown	NR_SA	false	0	2147483647	OFF
2026-08-20T18:00:02	NR_SA,Unknown	NR_SA	false	0	2147483647	OFF
2026-08-20T18:00:33	NR_SA,Unknown	NR_SA	false	0	2147483647	OFF
2026-08-20T18:01:03	NR_SA,Unknown	NR_SA	false	0	2147483647	OFF
2026-08-20T18:01:33	NR_SA,Unknown	NR_SA	false	0	2147483647	OFF
2026-08-20T18:02:03	NR_SA,Unknown	NR_SA	false	0	2147483647	OFF
2026-08-20T18:02:34	NR_SA,Unknown	NR_SA	false	0	2147483647	OFF
2026-08-20T18:03:04	NR_SA,Unknown	NR_SA	false	0	2147483647	OFF
2026-08-20T18:03:34	NR_SA,Unknown	NR_SA	false	0	2147483647	OFF
2026-08-20T18:04:04	NR_SA,Unknown	NR_SA	false	0	2147483647	OFF
2026-08-20T18:04:35	NR_SA,Unknown	NR_SA	false	0	2147483647	OFF
2026-08-20T18:05:05	NR_SA,Unknown	NR_SA	false	0	2147483647	OFF
2026-08-20T18:05:35	NR_SA,Unknown	NR_SA	false	0	2147483647	OFF
2026-08-20T18:06:05	NR_SA,Unknown	NR_SA	false	0	2147483647	OFF
2026-08-20T18:06:36	NR_SA,Unknown	NR_SA	false	0	2147483647	OFF
2026-08-20T18:07:06	NR_SA,Unknown	NR_SA	false	0	2147483647	OFF
2026-08-20T18:07:36	NR_SA,Unknown	NR_SA	false	0	2147483647	OFF
2026-08-20T18:08:06	NR_SA,Unknown	NR_SA	false	0	2147483647	OFF
2026-08-20T18:08:37	NR_SA,Unknown	NR_SA	false	0	2147483647	OFF
2026-08-20T18:09:07	NR_SA,Unknown	NR_SA	false	0	2147483647	OFF
2026-08-20T18:09:37	NR_SA,Unknown	NR_SA	false	0	2147483647	OFF
2026-08-20T18:10:07	NR_SA,Unknown	NR_SA	false	0	2147483647	OFF
2026-08-20T18:10:38	NR_SA,Unknown	NR_SA	false	0	2147483647	OFF
2026-08-20T18:11:08	NR_SA,Unknown	NR_SA	false	0	2147483647	OFF
2026-08-20T18:11:38	NR_SA,Unknown	NR_SA	false	0	2147483647	OFF
2026-08-20T18:12:09	NR_SA,Unknown	NR_SA	false	0	2147483647	OFF
2026-08-20T18:12:39	NR_SA,Unknown	NR_SA	false	0	2147483647	OFF
2026-08-20T18:13:09	NR_SA,Unknown	NR_SA	false	0	2147483647	OFF
2026-08-20T18:13:39	NR_SA,Unknown	NR_SA	false	0	2147483647	OFF
2026-08-20T18:14:10	NR_SA,Unknown	NR_SA	false	0	2147483647	OFF
2026-08-20T18:14:40	NR_SA,Unknown	NR_SA	false	0	2147483647	OFF
2026-08-20T18:15:10	NR_SA,Unknown	NR_SA	false	0	2147483647	OFF
2026-08-20T18:15:40	NR_SA,Unknown	NR_SA	false	0	2147483647	OFF
2026-08-20T18:16:11	NR_SA,Unknown	NR_SA	false	0	2147483647	OFF
2026-08-20T18:16:41	NR_SA,Unknown	NR_SA	false	0	2147483647	OFF
2026-08-20T18:17:11	NR_SA,Unknown	NR_SA	false	0	2147483647	OFF
2026-08-20T18:17:41	NR_SA,Unknown	NR_SA	false	0	2147483647	OFF
2026-08-20T18:18:12	NR_SA,Unknown	NR_SA	false	0	2147483647	OFF
2026-08-20T18:18:42	NR_SA,Unknown	NR_SA	false	0	2147483647	OFF
2026-08-20T18:19:12	NR_SA,Unknown	NR_SA	false	0	2147483647	OFF
2026-08-20T18:19:42	NR_SA,Unknown	NR_SA	false	0	2147483647	OFF
2026-08-20T18:20:13	NR_SA,Unknown	NR_SA	false	0	2147483647	OFF
2026-08-20T18:20:43	NR_SA,Unknown	NR_SA	false	0	2147483647	OFF
2026-08-20T18:21:13	NR_SA,Unknown	NR_SA	false	0	2147483647	OFF
2026-08-20T18:21:43	NR_SA,Unknown	NR_SA	false	0	2147483647	OFF
2026-08-20T18:22:14	NR_SA,Unknown	NR_SA	false	0	2147483647	OFF
2026-08-20T18:22:44	NR_SA,Unknown	NR_SA	false	0	2147483647	OFF
2026-08-20T18:23:14	NR_SA,Unknown	NR_SA	false	0	2147483647	OFF
2026-08-20T18:23:44	NR_SA,Unknown	NR_SA	false	0	2147483647	OFF
2026-08-20T18:24:15	NR_SA,Unknown	NR_SA	false	0	2147483647	OFF
2026-08-20T18:24:45	NR_SA,Unknown	NR_SA	false	0	2147483647	OFF
2026-08-20T18:25:15	NR_SA,Unknown	NR_SA	false	0	2147483647	OFF
2026-08-20T18:25:46	NR_SA,Unknown	NR_SA	false	0	2147483647	OFF
2026-08-20T18:26:16	NR_SA,Unknown	NR_SA	false	0	2147483647	OFF
2026-08-20T18:26:46	NR_SA,Unknown	NR_SA	false	0	2147483647	OFF
2026-08-20T18:27:16	NR_SA,Unknown	NR_SA	false	0	2147483647	OFF
2026-08-20T18:27:47	NR_SA,Unknown	NR_SA	false	0	2147483647	OFF
2026-08-20T18:28:17	NR_SA,Unknown	NR_SA	false	0	2147483647	OFF
2026-08-20T18:28:47	NR_SA,Unknown	NR_SA	false	0	2147483647	OFF
2026-08-20T18:29:17	NR_SA,Unknown	NR_SA	false	0	2147483647	OFF
2026-08-20T18:29:48	NR_SA,Unknown	NR_SA	false	0	2147483647	OFF
2026-08-20T18:30:18	NR_SA,Unknown	NR_SA	false	0	2147483647	OFF
2026-08-20T18:30:48	NR_SA,Unknown	NR_SA	false	0	2147483647	OFF
2026-08-20T18:31:18	NR_SA,Unknown	NR_SA	false	0	2147483647	OFF
2026-08-20T18:31:49	NR_SA,Unknown	NR_SA	false	0	2147483647	OFF
2026-08-20T18:32:19	NR_SA,Unknown	NR_SA	false	0	2147483647	OFF
2026-08-20T18:32:49	NR_SA,Unknown	NR_SA	false	0	2147483647	OFF
2026-08-20T18:33:19	NR_SA,Unknown	NR_SA	false	0	2147483647	OFF
2026-08-20T18:33:50	NR_SA,Unknown	NR_SA	false	0	2147483647	OFF
2026-08-20T18:34:20	NR_SA,Unknown	NR_SA	false	0	2147483647	OFF
2026-08-20T18:34:50	NR_SA,Unknown	NR_SA	false	0	2147483647	OFF
2026-08-20T18:35:20	NR_SA,Unknown	NR_SA	false	0	2147483647	OFF
2026-08-20T18:35:51	NR_SA,Unknown	NR_SA	false	0	2147483647	OFF
2026-08-20T18:36:21	NR_SA,Unknown	NR_SA	false	0	2147483647	OFF
2026-08-20T18:36:51	NR_SA,Unknown	NR_SA	false	0	2147483647	OFF
2026-08-20T18:37:21	NR_SA,Unknown	NR_SA	false	0	2147483647	OFF
2026-08-20T18:37:52	NR_SA,Unknown	NR_SA	false	0	2147483647	OFF
2026-08-20T18:38:22	NR_SA,Unknown	NR_SA	false	0	2147483647	OFF
2026-08-20T18:38:52	NR_SA,Unknown	NR_SA	false	0	2147483647	OFF
2026-08-20T18:39:22	NR_SA,Unknown	NR_SA	false	0	2147483647	OFF
2026-08-20T18:39:53	NR_SA,Unknown	NR_SA	false	0	2147483647	OFF
2026-08-20T18:40:23	NR_SA,Unknown	NR_SA	false	0	2147483647	OFF
2026-08-20T18:40:53	NR_SA,Unknown	NR_SA	false	0	2147483647	OFF
2026-08-20T18:41:23	NR_SA,Unknown	NR_SA	false	0	2147483647	OFF
2026-08-20T18:41:54	NR_SA,Unknown	NR_SA	false	0	2147483647	OFF
2026-08-20T18:42:24	NR_SA,Unknown	NR_SA	false	0	2147483647	OFF
2026-08-20T18:42:54	NR_SA,Unknown	NR_SA	false	0	2147483647	OFF
2026-08-20T18:43:24	NR_SA,Unknown	NR_SA	false	0	2147483647	OFF
2026-08-20T18:43:55	NR_SA,Unknown	NR_SA	false	0	2147483647	OFF
2026-08-20T18:44:25	NR_SA,Unknown	NR_SA	false	0	2147483647	OFF
2026-08-20T18:44:55	NR_SA,Unknown	NR_SA	false	0	2147483647	OFF
2026-08-20T18:45:25	NR_SA,Unknown	NR_SA	false	0	2147483647	OFF
2026-08-20T18:45:56	NR_SA,Unknown	NR_SA	false	0	2147483647	OFF
2026-08-20T18:46:26	NR_SA,Unknown	NR_SA	false	0	2147483647	OFF
2026-08-20T18:46:56	NR_SA,Unknown	NR_SA	false	0	2147483647	OFF
2026-08-20T18:47:27	NR_SA,Unknown	NR_SA	false	0	2147483647	OFF
2026-08-20T18:47:57	NR_SA,Unknown	NR_SA	false	0	2147483647	OFF
2026-08-20T18:48:27	NR_SA,Unknown	NR_SA	false	0	2147483647	OFF
2026-08-20T18:48:57	NR_SA,Unknown	NR_SA	false	0	2147483647	OFF
2026-08-20T18:49:27	NR_SA,Unknown	NR_SA	false	0	2147483647	OFF
2026-08-20T18:49:58	NR_SA,Unknown	NR_SA	false	0	2147483647	OFF
2026-08-20T18:50:28	NR_SA,Unknown	NR_SA	false	0	2147483647	OFF
2026-08-20T18:50:58	NR_SA,Unknown	NR_SA	false	0	2147483647	OFF
2026-08-20T18:51:29	NR_SA,Unknown	NR_SA	false	0	2147483647	OFF
2026-08-20T18:51:59	NR_SA,Unknown	NR_SA	false	0	2147483647	OFF
2026-08-20T18:52:29	NR_SA,Unknown	NR_SA	false	0	2147483647	OFF
2026-08-20T18:52:59	NR_SA,Unknown	NR_SA	false	0	2147483647	OFF
2026-08-20T18:53:30	NR_SA,Unknown	NR_SA	false	0	2147483647	OFF
2026-08-20T18:54:00	NR_SA,Unknown	NR_SA	false	0	2147483647	OFF
2026-08-20T18:54:30	NR_SA,Unknown	NR_SA	false	0	2147483647	OFF
2026-08-20T18:55:00	NR_SA,Unknown	NR_SA	false	0	2147483647	OFF
2026-08-20T18:55:31	NR_SA,Unknown	NR_SA	false	0	2147483647	OFF
2026-08-20T18:56:01	NR_SA,Unknown	NR_SA	false	0	2147483647	OFF
2026-08-20T18:56:31	NR_SA,Unknown	NR_SA	false	0	2147483647	OFF
2026-08-20T18:57:01	NR_SA,Unknown	NR_SA	false	0	2147483647	OFF
2026-08-20T18:57:32	NR_SA,Unknown	NR_SA	false	0	2147483647	OFF
2026-08-20T18:58:02	NR_SA,Unknown	NR_SA	false	0	2147483647	OFF
2026-08-20T18:58:32	NR_SA,Unknown	NR_SA	false	0	2147483647	OFF
2026-08-20T18:59:02	NR_SA,Unknown	NR_SA	false	0	2147483647	OFF
2026-08-20T18:59:33	NR_SA,Unknown	NR_SA	false	0	2147483647	OFF
2026-08-20T19:00:03	NR_SA,Unknown	NR_SA	false	0	2147483647	OFF
2026-08-20T19:00:33	NR_SA,Unknown	NR_SA	false	0	2147483647	OFF
2026-08-20T19:01:03	NR_SA,Unknown	NR_SA	false	0	2147483647	OFF
2026-08-20T19:01:34	NR_SA,Unknown	NR_SA	false	0	2147483647	OFF
2026-08-20T19:02:04	NR_SA,Unknown	NR_SA	false	0	2147483647	OFF
2026-08-20T19:02:34	NR_SA,Unknown	NR_SA	false	0	2147483647	OFF
2026-08-20T19:03:04	NR_SA,Unknown	NR_SA	false	0	2147483647	OFF
2026-08-20T19:03:35	NR_SA,Unknown	NR_SA	false	0	2147483647	OFF
2026-08-20T19:04:05	NR_SA,Unknown	NR_SA	false	0	2147483647	OFF
2026-08-20T19:04:35	NR_SA,Unknown	NR_SA	false	0	2147483647	OFF
2026-08-20T19:05:05	NR_SA,Unknown	NR_SA	false	0	2147483647	OFF
2026-08-20T19:05:36	NR_SA,Unknown	NR_SA	false	0	2147483647	OFF
2026-08-20T19:06:06	NR_SA,Unknown	NR_SA	false	0	2147483647	OFF
2026-08-20T19:06:36	NR_SA,Unknown	NR_SA	false	0	2147483647	OFF
2026-08-20T19:07:06	NR_SA,Unknown	NR_SA	false	0	2147483647	OFF
2026-08-20T19:07:37	NR_SA,Unknown	NR_SA	false	0	2147483647	OFF
2026-08-20T19:08:07	NR_SA,Unknown	NR_SA	false	0	2147483647	OFF
2026-08-20T19:08:37	NR_SA,Unknown	NR_SA	false	0	2147483647	OFF
2026-08-20T19:09:07	NR_SA,Unknown	NR_SA	false	0	2147483647	OFF
2026-08-20T19:09:38	NR_SA,Unknown	NR_SA	false	0	2147483647	OFF
2026-08-20T19:10:08	NR_SA,Unknown	NR_SA	false	0	2147483647	OFF
2026-08-20T19:10:38	NR_SA,Unknown	NR_SA	false	0	2147483647	OFF
2026-08-20T19:11:08	NR_SA,Unknown	NR_SA	false	0	2147483647	OFF
2026-08-20T19:11:39	NR_SA,Unknown	NR_SA	false	0	2147483647	OFF
2026-08-20T19:12:09	NR_SA,Unknown	NR_SA	false	0	2147483647	OFF
2026-08-20T19:12:39	NR_SA,Unknown	NR_SA	false	0	2147483647	OFF
2026-08-20T19:13:10	NR_SA,Unknown	NR_SA	false	0	2147483647	OFF
2026-08-20T19:13:40	NR_SA,Unknown	NR_SA	false	0	2147483647	OFF
2026-08-20T19:14:10	NR_SA,Unknown	NR_SA	false	0	2147483647	OFF
2026-08-20T19:14:40	NR_SA,Unknown	NR_SA	false	0	2147483647	OFF
2026-08-20T19:15:11	NR_SA,Unknown	NR_SA	false	0	2147483647	OFF
2026-08-20T19:15:41	NR_SA,Unknown	NR_SA	false	0	2147483647	OFF
2026-08-20T19:16:11	NR_SA,Unknown	NR_SA	false	0	2147483647	OFF
2026-08-20T19:16:41	NR_SA,Unknown	NR_SA	false	0	2147483647	OFF
2026-08-20T19:17:12	NR_SA,Unknown	NR_SA	false	0	2147483647	OFF
2026-08-20T19:17:42	NR_SA,Unknown	NR_SA	false	0	2147483647	OFF
2026-08-20T19:18:12	NR_SA,Unknown	NR_SA	false	0	2147483647	OFF
2026-08-20T19:18:42	NR_SA,Unknown	NR_SA	false	0	2147483647	OFF
2026-08-20T19:19:13	NR_SA,Unknown	NR_SA	false	0	2147483647	OFF
2026-08-20T19:19:43	NR_SA,Unknown	NR_SA	false	0	2147483647	OFF
2026-08-20T19:20:13	NR_SA,Unknown	NR_SA	false	0	2147483647	OFF
2026-08-20T19:20:43	NR_SA,Unknown	NR_SA	false	0	2147483647	OFF
2026-08-20T19:21:14	NR_SA,Unknown	NR_SA	false	0	2147483647	OFF
2026-08-20T19:21:44	NR_SA,Unknown	NR_SA	false	0	2147483647	OFF
2026-08-20T19:22:14	NR_SA,Unknown	NR_SA	false	0	2147483647	OFF
2026-08-20T19:22:44	NR_SA,Unknown	NR_SA	false	0	2147483647	OFF
2026-08-20T19:23:15	NR_SA,Unknown	NR_SA	false	0	2147483647	OFF
2026-08-20T19:23:45	NR_SA,Unknown	NR_SA	false	0	2147483647	OFF
2026-08-20T19:24:15	NR_SA,Unknown	NR_SA	false	0	2147483647	OFF
2026-08-20T19:24:45	NR_SA,Unknown	NR_SA	false	0	2147483647	OFF
2026-08-20T19:25:16	NR_SA,Unknown	NR_SA	false	0	2147483647	OFF
2026-08-20T19:25:46	NR_SA,Unknown	NR_SA	false	0	2147483647	OFF
2026-08-20T19:26:16	NR_SA,Unknown	NR_SA	false	0	2147483647	OFF
2026-08-20T19:26:46	NR_SA,Unknown	NR_SA	false	0	2147483647	OFF
2026-08-20T19:27:17	NR_SA,Unknown	NR_SA	false	0	2147483647	OFF
2026-08-20T19:27:47	NR_SA,Unknown	NR_SA	false	0	2147483647	OFF
2026-08-20T19:28:17	NR_SA,Unknown	NR_SA	false	0	2147483647	OFF
2026-08-20T19:28:47	NR_SA,Unknown	NR_SA	false	0	2147483647	OFF
2026-08-20T19:29:18	NR_SA,Unknown	NR_SA	false	0	2147483647	OFF
2026-08-20T19:29:48	NR_SA,Unknown	NR_SA	false	0	2147483647	OFF
2026-08-20T19:30:18	NR_SA,Unknown	NR_SA	false	0	2147483647	OFF
2026-08-20T19:30:49	NR_SA,Unknown	NR_SA	false	0	2147483647	OFF
2026-08-20T19:31:19	NR_SA,Unknown	NR_SA	false	0	2147483647	OFF
2026-08-20T19:31:49	NR_SA,Unknown	NR_SA	false	0	2147483647	OFF
2026-08-20T19:32:19	NR_SA,Unknown	NR_SA	false	0	2147483647	OFF
2026-08-20T19:32:50	NR_SA,Unknown	NR_SA	false	0	2147483647	OFF
2026-08-20T19:33:20	NR_SA,Unknown	NR_SA	false	0	2147483647	OFF
2026-08-20T19:33:50	NR_SA,Unknown	NR_SA	false	0	2147483647	OFF
2026-08-20T19:34:20	NR_SA,Unknown	NR_SA	false	0	2147483647	OFF
2026-08-20T19:34:51	NR_SA,Unknown	NR_SA	false	0	2147483647	OFF
2026-08-20T19:35:21	NR_SA,Unknown	NR_SA	false	0	2147483647	OFF
2026-08-20T19:35:51	NR_SA,Unknown	NR_SA	false	0	2147483647	OFF
2026-08-20T19:36:21	NR_SA,Unknown	NR_SA	false	0	2147483647	OFF
2026-08-20T19:36:52	NR_SA,Unknown	NR_SA	false	0	2147483647	OFF
2026-08-20T19:37:22	NR_SA,Unknown	NR_SA	false	0	2147483647	OFF
2026-08-20T19:37:52	NR_SA,Unknown	NR_SA	false	0	2147483647	OFF
2026-08-20T19:38:22	NR_SA,Unknown	NR_SA	false	0	2147483647	OFF
2026-08-20T19:38:53	NR_SA,Unknown	NR_SA	false	0	2147483647	OFF
2026-08-20T19:39:23	NR_SA,Unknown	NR_SA	false	0	2147483647	OFF
2026-08-20T19:39:53	NR_SA,Unknown	NR_SA	false	0	2147483647	OFF
2026-08-20T19:40:23	NR_SA,Unknown	NR_SA	false	0	2147483647	OFF
2026-08-20T19:40:54	NR_SA,Unknown	NR_SA	false	0	2147483647	OFF
2026-08-20T19:41:24	NR_SA,Unknown	NR_SA	false	0	2147483647	OFF
2026-08-20T19:41:54	NR_SA,Unknown	NR_SA	false	0	2147483647	OFF
2026-08-20T19:42:24	NR_SA,Unknown	NR_SA	false	0	2147483647	OFF
2026-08-20T19:42:55	NR_SA,Unknown	NR_SA	false	0	2147483647	OFF
2026-08-20T19:43:25	NR_SA,Unknown	NR_SA	false	0	2147483647	OFF
2026-08-20T19:43:55	NR_SA,Unknown	NR_SA	false	0	2147483647	OFF
2026-08-20T19:44:25	NR_SA,Unknown	NR_SA	false	0	2147483647	OFF
2026-08-20T19:44:56	NR_SA,Unknown	NR_SA	false	0	2147483647	OFF
2026-08-20T19:45:26	NR_SA,Unknown	NR_SA	false	0	2147483647	OFF
2026-08-20T19:45:56	NR_SA,Unknown	NR_SA	false	0	2147483647	OFF
2026-08-20T19:46:27	NR_SA,Unknown	NR_SA	false	0	2147483647	OFF
2026-08-20T19:46:57	NR_SA,Unknown	NR_SA	false	0	2147483647	OFF
2026-08-20T19:47:27	NR_SA,Unknown	NR_SA	false	0	2147483647	OFF
2026-08-20T19:47:57	NR_SA,Unknown	NR_SA	false	0	2147483647	OFF
2026-08-20T19:48:28	NR_SA,Unknown	NR_SA	false	0	2147483647	OFF
2026-08-20T19:48:58	NR_SA,Unknown	NR_SA	false	0	2147483647	OFF
2026-08-20T19:49:28	NR_SA,Unknown	NR_SA	false	0	2147483647	OFF
2026-08-20T19:49:58	NR_SA,Unknown	NR_SA	false	0	2147483647	OFF
2026-08-20T19:50:29	NR_SA,Unknown	NR_SA	false	0	2147483647	OFF
2026-08-20T19:50:59	NR_SA,Unknown	NR_SA	false	0	2147483647	OFF
2026-08-20T19:51:29	NR_SA,Unknown	NR_SA	false	0	2147483647	OFF
2026-08-20T19:51:59	NR_SA,Unknown	NR_SA	false	0	2147483647	OFF
2026-08-20T19:52:30	NR_SA,Unknown	NR_SA	false	0	2147483647	OFF
2026-08-20T19:53:00	NR_SA,Unknown	NR_SA	false	0	2147483647	OFF
2026-08-20T19:53:30	NR_SA,Unknown	NR_SA	false	0	2147483647	OFF
2026-08-20T19:54:00	NR_SA,Unknown	NR_SA	false	0	2147483647	OFF
2026-08-20T19:54:31	NR_SA,Unknown	NR_SA	false	0	2147483647	OFF
2026-08-20T19:55:01	NR_SA,Unknown	NR_SA	false	0	2147483647	OFF
2026-08-20T19:55:32	NR_SA,Unknown	NR_SA	false	0	2147483647	OFF
2026-08-20T19:56:04	NR_SA,Unknown	NR_SA	false	0	2147483647	OFF
2026-08-20T19:56:34	NR_SA,Unknown	NR_SA	false	0	2147483647	OFF
2026-08-20T19:57:04	NR_SA,Unknown	NR_SA	false	0	2147483647	OFF
2026-08-20T19:57:35	NR_SA,Unknown	NR_SA	false	0	2147483647	OFF
2026-08-20T19:58:06	NR_SA,Unknown	NR_SA	false	0	2147483647	OFF
2026-08-20T19:58:36	NR_SA,Unknown	NR_SA	false	0	2147483647	OFF
2026-08-20T19:59:07	NR_SA,Unknown	NR_SA	false	0	2147483647	OFF
2026-08-20T19:59:37	NR_SA,Unknown	NR_SA	false	0	2147483647	OFF
2026-08-20T20:00:08	NR_SA,Unknown	NR_SA	false	0	2147483647	OFF
2026-08-20T20:00:38	NR_SA,Unknown	NR_SA	false	0	2147483647	OFF
2026-08-20T20:01:08	NR_SA,Unknown	NR_SA	false	0	2147483647	OFF
2026-08-20T20:01:39	NR_SA,Unknown	NR_SA	false	0	2147483647	OFF
2026-08-20T20:02:09	NR_SA,Unknown	NR_SA	false	0	2147483647	OFF
2026-08-20T20:02:40	NR_SA,Unknown	NR_SA	false	0	2147483647	OFF
2026-08-20T20:03:10	NR_SA,Unknown	NR_SA	false	0	2147483647	OFF
2026-08-20T20:03:40	NR_SA,Unknown	NR_SA	false	0	2147483647	OFF
2026-08-20T20:04:11	NR_SA,Unknown	NR_SA	false	0	2147483647	OFF
2026-08-20T20:04:41	NR_SA,Unknown	NR_SA	false	0	2147483647	OFF
2026-08-20T20:05:11	NR_SA,Unknown	NR_SA	false	0	2147483647	OFF
2026-08-20T20:05:42	NR_SA,Unknown	NR_SA	false	0	2147483647	OFF
2026-08-20T20:06:12	NR_SA,Unknown	NR_SA	false	0	2147483647	OFF
2026-08-20T20:06:43	NR_SA,Unknown	NR_SA	false	0	2147483647	OFF
2026-08-20T20:07:14	NR_SA,Unknown	NR_SA	false	0	2147483647	OFF
2026-08-20T20:07:44	NR_SA,Unknown	NR_SA	false	0	2147483647	OFF
2026-08-20T20:08:14	NR_SA,Unknown	NR_SA	false	0	2147483647	OFF
2026-08-20T20:08:45	NR_SA,Unknown	NR_SA	false	0	2147483647	OFF
2026-08-20T20:09:15	NR_SA,Unknown	NR_SA	false	0	2147483647	OFF
2026-08-20T20:09:45	NR_SA,Unknown	NR_SA	false	0	2147483647	OFF
2026-08-20T20:10:16	NR_SA,Unknown	NR_SA	false	0	2147483647	OFF
2026-08-20T20:10:46	NR_SA,Unknown	NR_SA	false	0	2147483647	OFF
2026-08-20T20:11:17	NR_SA,Unknown	NR_SA	false	0	2147483647	OFF
2026-08-20T20:11:48	NR_SA,Unknown	NR_SA	false	0	2147483647	OFF
2026-08-20T20:12:19	NR_SA,Unknown	NR_SA	false	0	2147483647	OFF
2026-08-20T20:12:50	NR_SA,Unknown	NR_SA	false	0	2147483647	OFF
2026-08-20T20:13:20	NR_SA,Unknown	NR_SA	false	0	2147483647	OFF
2026-08-20T20:13:50	NR_SA,Unknown	NR_SA	false	0	2147483647	OFF
2026-08-20T20:14:21	NR_SA,Unknown	NR_SA	false	0	2147483647	OFF
2026-08-20T20:14:51	NR_SA,Unknown	NR_SA	false	0	2147483647	OFF
2026-08-20T20:15:22	NR_SA,Unknown	NR_SA	false	0	2147483647	OFF
2026-08-20T20:15:53	NR_SA,Unknown	NR_SA	false	0	2147483647	OFF
2026-08-20T20:16:24	NR_SA,Unknown	NR_SA	false	0	2147483647	OFF
2026-08-20T20:16:54	NR_SA,Unknown	NR_SA	false	0	2147483647	OFF
2026-08-20T20:17:25	NR_SA,Unknown	NR_SA	false	0	2147483647	OFF
2026-08-20T20:17:55	NR_SA,Unknown	NR_SA	false	0	2147483647	OFF
2026-08-20T20:18:25	NR_SA,Unknown	NR_SA	false	0	2147483647	OFF
2026-08-20T20:18:56	NR_SA,Unknown	NR_SA	false	0	2147483647	OFF
2026-08-20T20:19:26	NR_SA,Unknown	NR_SA	false	0	2147483647	OFF
2026-08-20T20:19:56	NR_SA,Unknown	NR_SA	false	0	2147483647	OFF
2026-08-20T20:20:27	NR_SA,Unknown	NR_SA	false	0	2147483647	OFF
2026-08-20T20:20:57	NR_SA,Unknown	NR_SA	false	0	2147483647	OFF
2026-08-20T20:21:28	NR_SA,Unknown	NR_SA	false	0	2147483647	OFF
2026-08-20T20:21:58	NR_SA,Unknown	NR_SA	false	0	2147483647	OFF
2026-08-20T20:22:28	NR_SA,Unknown	NR_SA	false	0	2147483647	OFF
2026-08-20T20:22:59	NR_SA,Unknown	NR_SA	false	0	2147483647	OFF
2026-08-20T20:23:29	NR_SA,Unknown	NR_SA	false	0	2147483647	OFF
2026-08-20T20:23:59	NR_SA,Unknown	NR_SA	false	0	2147483647	OFF
2026-08-20T20:24:30	NR_SA,Unknown	NR_SA	false	0	2147483647	OFF
2026-08-20T20:25:00	NR_SA,Unknown	NR_SA	false	0	2147483647	OFF
2026-08-20T20:25:31	NR_SA,Unknown	NR_SA	false	0	2147483647	OFF
2026-08-20T20:26:01	NR_SA,Unknown	NR_SA	false	0	2147483647	OFF
2026-08-20T20:26:32	NR_SA,Unknown	NR_SA	false	0	2147483647	OFF
2026-08-20T20:27:02	NR_SA,Unknown	NR_SA	false	0	2147483647	OFF
2026-08-20T20:27:33	NR_SA,Unknown	NR_SA	false	0	2147483647	OFF
2026-08-20T20:28:03	NR_SA,Unknown	NR_SA	false	0	2147483647	OFF
2026-08-20T20:28:34	NR_SA,Unknown	NR_SA	false	0	2147483647	OFF
2026-08-20T20:29:04	NR_SA,Unknown	NR_SA	false	0	2147483647	OFF
2026-08-20T20:29:34	NR_SA,Unknown	NR_SA	false	0	2147483647	OFF
2026-08-20T20:30:05	NR_SA,Unknown	NR_SA	false	0	2147483647	OFF
2026-08-20T20:30:35	NR_SA,Unknown	NR_SA	false	0	2147483647	OFF
2026-08-20T20:31:05	NR_SA,Unknown	NR_SA	false	0	2147483647	OFF
2026-08-20T20:31:36	NR_SA,Unknown	NR_SA	false	0	2147483647	OFF
2026-08-20T20:32:06	NR_SA,Unknown	NR_SA	false	0	2147483647	OFF
2026-08-20T20:32:36	NR_SA,Unknown	NR_SA	false	0	2147483647	OFF
2026-08-20T20:33:07	NR_SA,Unknown	NR_SA	false	0	2147483647	OFF
2026-08-20T20:33:37	NR_SA,Unknown	NR_SA	false	0	2147483647	OFF
2026-08-20T20:34:08	NR_SA,Unknown	NR_SA	false	0	2147483647	OFF
2026-08-20T20:34:38	NR_SA,Unknown	NR_SA	false	0	2147483647	OFF
2026-08-20T20:35:08	NR_SA,Unknown	NR_SA	false	0	2147483647	OFF
2026-08-20T20:35:39	NR_SA,Unknown	NR_SA	false	0	2147483647	OFF
2026-08-20T20:36:09	NR_SA,Unknown	NR_SA	false	0	2147483647	OFF
2026-08-20T20:36:39	NR_SA,Unknown	NR_SA	false	0	2147483647	OFF
2026-08-20T20:37:10	NR_SA,Unknown	NR_SA	false	0	2147483647	OFF
2026-08-20T20:37:41	NR_SA,Unknown	NR_SA	false	0	2147483647	OFF
2026-08-20T20:38:12	NR_SA,Unknown	NR_SA	false	0	2147483647	OFF
2026-08-20T20:38:43	NR_SA,Unknown	NR_SA	false	0	2147483647	OFF
2026-08-20T20:39:13	NR_SA,Unknown	NR_SA	false	0	2147483647	OFF
2026-08-20T20:39:43	NR_SA,Unknown	NR_SA	false	0	2147483647	OFF
2026-08-20T20:40:14	NR_SA,Unknown	NR_SA	false	0	2147483647	OFF
2026-08-20T20:40:44	NR_SA,Unknown	NR_SA	false	0	2147483647	OFF
2026-08-20T20:41:15	NR_SA,Unknown	NR_SA	false	0	2147483647	OFF
2026-08-20T20:41:45	NR_SA,Unknown	NR_SA	false	0	2147483647	OFF
2026-08-20T20:42:15	NR_SA,Unknown	NR_SA	false	0	2147483647	OFF
2026-08-20T20:42:46	NR_SA,Unknown	NR_SA	false	0	2147483647	OFF
2026-08-20T20:43:17	NR_SA,Unknown	NR_SA	false	0	2147483647	OFF
2026-08-20T20:43:47	NR_SA,Unknown	NR_SA	false	0	2147483647	OFF
2026-08-20T20:44:18	NR_SA,Unknown	NR_SA	false	0	2147483647	OFF
2026-08-20T20:44:48	NR_SA,Unknown	NR_SA	false	0	2147483647	OFF
2026-08-20T20:45:18	NR_SA,Unknown	NR_SA	false	0	2147483647	OFF
2026-08-20T20:45:49	NR_SA,Unknown	NR_SA	false	0	2147483647	OFF
2026-08-20T20:46:19	NR_SA,Unknown	NR_SA	false	0	2147483647	OFF
2026-08-20T20:46:49	NR_SA,Unknown	NR_SA	false	0	2147483647	OFF
2026-08-20T20:47:20	NR_SA,Unknown	NR_SA	false	0	2147483647	OFF
2026-08-20T20:47:50	NR_SA,Unknown	NR_SA	false	0	2147483647	OFF
2026-08-20T20:48:21	NR_SA,Unknown	NR_SA	false	0	2147483647	OFF
2026-08-20T20:48:51	NR_SA,Unknown	NR_SA	false	0	2147483647	OFF
2026-08-20T20:49:21	NR_SA,Unknown	NR_SA	false	0	2147483647	OFF
2026-08-20T20:49:52	NR_SA,Unknown	NR_SA	false	0	2147483647	OFF
2026-08-20T20:50:22	NR_SA,Unknown	NR_SA	false	0	2147483647	OFF
2026-08-20T20:50:53	NR_SA,Unknown	NR_SA	false	0	2147483647	OFF
2026-08-20T20:51:23	NR_SA,Unknown	NR_SA	false	0	2147483647	OFF
2026-08-20T20:51:53	NR_SA,Unknown	NR_SA	false	0	2147483647	OFF
2026-08-20T20:52:24	NR_SA,Unknown	NR_SA	false	0	2147483647	OFF
2026-08-20T20:52:54	NR_SA,Unknown	NR_SA	false	0	2147483647	OFF
2026-08-20T20:53:24	NR_SA,Unknown	NR_SA	false	0	2147483647	OFF
2026-08-20T20:53:55	NR_SA,Unknown	NR_SA	false	0	2147483647	OFF
2026-08-20T20:54:25	NR_SA,Unknown	NR_SA	false	0	2147483647	OFF
2026-08-20T20:54:56	NR_SA,Unknown	NR_SA	false	0	2147483647	OFF
2026-08-20T20:55:26	NR_SA,Unknown	NR_SA	false	0	2147483647	OFF
2026-08-20T20:55:57	NR_SA,Unknown	NR_SA	false	0	2147483647	OFF
2026-08-20T20:56:27	NR_SA,Unknown	NR_SA	false	0	2147483647	OFF
2026-08-20T20:56:58	NR_SA,Unknown	NR_SA	false	0	2147483647	OFF
2026-08-20T20:57:28	NR_SA,Unknown	NR_SA	false	0	2147483647	OFF
2026-08-20T20:57:59	NR_SA,Unknown	NR_SA	false	0	2147483647	OFF
2026-08-20T20:58:29	NR_SA,Unknown	NR_SA	false	0	2147483647	OFF
2026-08-20T20:59:00	NR_SA,Unknown	NR_SA	false	0	2147483647	OFF
2026-08-20T20:59:30	NR_SA,Unknown	NR_SA	false	0	2147483647	OFF
2026-08-20T21:00:01	NR_SA,Unknown	NR_SA	false	0	2147483647	OFF
2026-08-20T21:00:31	NR_SA,Unknown	NR_SA	false	0	2147483647	OFF
2026-08-20T21:01:02	NR_SA,Unknown	NR_SA	false	0	2147483647	OFF
2026-08-20T21:01:32	NR_SA,Unknown	NR_SA	false	0	2147483647	OFF
2026-08-20T21:02:03	NR_SA,Unknown	NR_SA	false	0	2147483647	OFF
2026-08-20T21:02:33	NR_SA,Unknown	NR_SA	false	0	2147483647	OFF
2026-08-20T21:03:03	NR_SA,Unknown	NR_SA	false	0	2147483647	OFF
2026-08-20T21:03:34	NR_SA,Unknown	NR_SA	false	0	2147483647	OFF
2026-08-20T21:04:04	NR_SA,Unknown	NR_SA	false	0	2147483647	OFF
2026-08-20T21:04:35	NR_SA,Unknown	NR_SA	false	0	2147483647	OFF
2026-08-20T21:05:05	NR_SA,Unknown	NR_SA	false	0	2147483647	OFF
2026-08-20T21:05:36	NR_SA,Unknown	NR_SA	false	0	2147483647	OFF
2026-08-20T21:06:06	NR_SA,Unknown	NR_SA	false	0	2147483647	OFF
2026-08-20T21:06:37	NR_SA,Unknown	NR_SA	false	0	2147483647	OFF
2026-08-20T21:07:07	NR_SA,Unknown	NR_SA	false	0	2147483647	OFF
2026-08-20T21:07:38	NR_SA,Unknown	NR_SA	false	0	2147483647	OFF
2026-08-20T21:08:08	NR_SA,Unknown	NR_SA	false	0	2147483647	OFF
2026-08-20T21:08:39	NR_SA,Unknown	NR_SA	false	0	2147483647	OFF
2026-08-20T21:09:09	NR_SA,Unknown	NR_SA	false	0	2147483647	OFF
2026-08-20T21:09:40	NR_SA,Unknown	NR_SA	false	0	2147483647	OFF
2026-08-20T21:10:10	NR_SA,Unknown	NR_SA	false	0	2147483647	OFF
2026-08-20T21:10:41	NR_SA,Unknown	NR_SA	false	0	2147483647	OFF
2026-08-20T21:11:12	NR_SA,Unknown	NR_SA	false	0	2147483647	OFF
2026-08-20T21:11:43	NR_SA,Unknown	NR_SA	false	0	2147483647	OFF
2026-08-20T21:12:13	NR_SA,Unknown	NR_SA	false	0	2147483647	OFF
2026-08-20T21:12:44	NR_SA,Unknown	NR_SA	false	0	2147483647	OFF
2026-08-20T21:13:14	NR_SA,Unknown	NR_SA	false	0	2147483647	OFF
2026-08-20T21:13:45	NR_SA,Unknown	NR_SA	false	0	2147483647	OFF
2026-08-20T21:14:15	NR_SA,Unknown	NR_SA	false	0	2147483647	OFF
2026-08-20T21:14:45	NR_SA,Unknown	NR_SA	false	0	2147483647	OFF
2026-08-20T21:15:16	NR_SA,Unknown	NR_SA	false	0	2147483647	OFF
2026-08-20T21:15:46	NR_SA,Unknown	NR_SA	false	0	2147483647	OFF
2026-08-20T21:16:17	NR_SA,Unknown	NR_SA	false	0	2147483647	OFF
2026-08-20T21:16:47	NR_SA,Unknown	NR_SA	false	0	2147483647	OFF
2026-08-20T21:17:18	NR_SA,Unknown	NR_SA	false	0	2147483647	OFF
2026-08-20T21:17:48	NR_SA,Unknown	NR_SA	false	0	2147483647	OFF
2026-08-20T21:18:18	NR_SA,Unknown	NR_SA	false	0	2147483647	OFF
2026-08-20T21:18:49	NR_SA,Unknown	NR_SA	false	0	2147483647	OFF
2026-08-20T21:19:19	NR_SA,Unknown	NR_SA	false	0	2147483647	OFF
2026-08-20T21:19:50	NR_SA,Unknown	NR_SA	false	0	2147483647	OFF
2026-08-20T21:20:20	NR_SA,Unknown	NR_SA	false	0	2147483647	OFF
2026-08-20T21:20:50	NR_SA,Unknown	NR_SA	false	0	2147483647	OFF
2026-08-20T21:21:21	NR_SA,Unknown	NR_SA	false	0	2147483647	OFF
2026-08-20T21:21:51	NR_SA,Unknown	NR_SA	false	0	2147483647	OFF
2026-08-20T21:22:22	NR_SA,Unknown	NR_SA	false	0	2147483647	OFF
2026-08-20T21:22:52	NR_SA,Unknown	NR_SA	false	0	2147483647	OFF
2026-08-20T21:23:22	NR_SA,Unknown	NR_SA	false	0	2147483647	OFF
2026-08-20T21:23:52	NR_SA,Unknown	NR_SA	false	0	2147483647	OFF
2026-08-20T21:24:23	NR_SA,Unknown	NR_SA	false	0	2147483647	OFF
2026-08-20T21:24:53	NR_SA,Unknown	NR_SA	false	0	2147483647	OFF
2026-08-20T21:25:23	NR_SA,Unknown	NR_SA	false	0	2147483647	OFF
2026-08-20T21:25:54	NR_SA,Unknown	NR_SA	false	0	2147483647	OFF
2026-08-20T21:26:24	NR_SA,Unknown	NR_SA	false	0	2147483647	OFF
2026-08-20T21:26:54	NR_SA,Unknown	NR_SA	false	0	2147483647	OFF
2026-08-20T21:27:25	NR_SA,Unknown	NR_SA	false	0	2147483647	OFF
2026-08-20T21:27:55	NR_SA,Unknown	NR_SA	false	0	2147483647	OFF
2026-08-20T21:28:25	NR_SA,Unknown	NR_SA	false	0	2147483647	OFF
2026-08-20T21:28:56	NR_SA,Unknown	NR_SA	false	0	2147483647	OFF
2026-08-20T21:29:26	NR_SA,Unknown	NR_SA	false	0	2147483647	OFF
2026-08-20T21:29:56	NR_SA,Unknown	NR_SA	false	0	2147483647	OFF
2026-08-20T21:30:27	NR_SA,Unknown	NR_SA	false	0	2147483647	OFF
2026-08-20T21:30:57	NR_SA,Unknown	NR_SA	false	0	2147483647	OFF
2026-08-20T21:31:27	NR_SA,Unknown	NR_SA	false	0	2147483647	OFF
2026-08-20T21:31:58	NR_SA,Unknown	NR_SA	false	0	2147483647	OFF
2026-08-20T21:32:28	NR_SA,Unknown	NR_SA	false	0	2147483647	OFF
2026-08-20T21:32:58	NR_SA,Unknown	NR_SA	false	0	2147483647	OFF
2026-08-20T21:33:28	NR_SA,Unknown	NR_SA	false	0	2147483647	OFF
2026-08-20T21:33:59	NR_SA,Unknown	NR_SA	false	0	2147483647	OFF
2026-08-20T21:34:29	NR_SA,Unknown	NR_SA	false	0	2147483647	OFF
2026-08-20T21:34:59	NR_SA,Unknown	NR_SA	false	0	2147483647	OFF
2026-08-20T21:35:30	NR_SA,Unknown	NR_SA	false	0	2147483647	OFF
2026-08-20T21:36:00	NR_SA,Unknown	NR_SA	false	0	2147483647	OFF
2026-08-20T21:36:30	NR_SA,Unknown	NR_SA	false	0	2147483647	OFF
2026-08-20T21:37:00	NR_SA,Unknown	NR_SA	false	0	2147483647	OFF
2026-08-20T21:37:31	NR_SA,Unknown	NR_SA	false	0	2147483647	OFF
2026-08-20T21:38:01	NR_SA,Unknown	NR_SA	false	0	2147483647	OFF
2026-08-20T21:38:32	NR_SA,Unknown	NR_SA	false	0	2147483647	OFF
2026-08-20T21:39:02	NR_SA,Unknown	NR_SA	false	0	2147483647	OFF
2026-08-20T21:39:32	NR_SA,Unknown	NR_SA	false	0	2147483647	OFF
2026-08-20T21:40:02	NR_SA,Unknown	NR_SA	false	0	2147483647	OFF
2026-08-20T21:40:33	NR_SA,Unknown	NR_SA	false	0	2147483647	OFF
2026-08-20T21:41:03	NR_SA,Unknown	NR_SA	false	0	2147483647	OFF
2026-08-20T21:41:33	NR_SA,Unknown	NR_SA	false	0	2147483647	OFF
2026-08-20T21:42:04	NR_SA,Unknown	NR_SA	false	0	2147483647	OFF
2026-08-20T21:42:34	NR_SA,Unknown	NR_SA	false	0	2147483647	OFF
2026-08-20T21:43:04	NR_SA,Unknown	NR_SA	false	0	2147483647	OFF
2026-08-20T21:43:35	NR_SA,Unknown	NR_SA	false	0	2147483647	OFF
2026-08-20T21:44:05	NR_SA,Unknown	NR_SA	false	0	2147483647	OFF
2026-08-20T21:44:35		NR_SA	false	0	2147483647	OFF
2026-08-20T22:28:09	NR_SA,Unknown	NR_SA	false	0	2147483647	OFF
2026-08-20T22:28:40	NR_SA,Unknown	NR_SA	false	0	2147483647	OFF
2026-08-20T22:29:10	NR_SA,Unknown	NR_SA	false	0	2147483647	OFF
2026-08-20T22:29:40	NR_SA,Unknown	NR_SA	false	0	2147483647	OFF
2026-08-20T22:30:10	NR_SA,Unknown	NR_SA	false	0	2147483647	OFF
2026-08-20T22:30:41	NR_SA,Unknown	NR_SA	false	0	2147483647	OFF
2026-08-20T22:31:11	NR_SA,Unknown	NR_SA	false	0	2147483647	OFF
2026-08-20T22:31:41	NR_SA,Unknown	NR_SA	false	0	2147483647	OFF
2026-08-20T22:32:11	NR_SA,Unknown	NR_SA	false	0	2147483647	OFF
2026-08-20T22:32:42	NR_SA,Unknown	NR_SA	false	0	2147483647	OFF
2026-08-20T22:33:12	NR_SA,Unknown	NR_SA	false	0	2147483647	OFF
2026-08-20T22:33:42	NR_SA,Unknown	NR_SA	false	0	2147483647	OFF
2026-08-20T22:34:12	NR_SA,Unknown	NR_SA	false	0	2147483647	OFF
2026-08-20T22:34:43	NR_SA,Unknown	NR_SA	false	0	2147483647	OFF
2026-08-20T22:35:13	NR_SA,Unknown	NR_SA	false	0	2147483647	OFF
2026-08-20T22:35:43	NR_SA,Unknown	NR_SA	false	0	2147483647	OFF
2026-08-20T22:36:13	NR_SA,Unknown	NR_SA	false	0	2147483647	OFF
2026-08-20T22:36:44	NR_SA,Unknown	NR_SA	false	0	2147483647	OFF
2026-08-20T22:37:14	NR_SA,Unknown	NR_SA	false	0	2147483647	OFF
2026-08-20T22:37:44	NR_SA,Unknown	NR_SA	false	0	2147483647	OFF
2026-08-20T22:38:14	NR_SA,Unknown	NR_SA	false	0	2147483647	OFF
2026-08-20T22:38:45	NR_SA,Unknown	NR_SA	false	0	2147483647	OFF
2026-08-20T22:39:15	NR_SA,Unknown	NR_SA	false	0	2147483647	OFF
2026-08-20T22:39:45	NR_SA,Unknown	NR_SA	false	0	2147483647	OFF
2026-08-20T22:40:16	NR_SA,Unknown	NR_SA	false	0	2147483647	OFF
2026-08-20T22:40:46	NR_SA,Unknown	NR_SA	false	0	2147483647	OFF
2026-08-20T22:41:16	NR_SA,Unknown	NR_SA	false	0	2147483647	OFF
2026-08-20T22:41:46	NR_SA,Unknown	NR_SA	false	0	2147483647	OFF
2026-08-20T22:42:17	NR_SA,Unknown	NR_SA	false	0	2147483647	OFF
2026-08-20T22:42:47	NR_SA,Unknown	NR_SA	false	0	2147483647	OFF
2026-08-20T22:43:17	NR_SA,Unknown	NR_SA	false	0	2147483647	OFF
2026-08-20T22:43:47	NR_SA,Unknown	NR_SA	false	0	2147483647	OFF
2026-08-20T22:44:18	NR_SA,Unknown	NR_SA	false	0	2147483647	OFF
2026-08-20T22:44:48	NR_SA,Unknown	NR_SA	false	0	2147483647	OFF
2026-08-20T22:45:18	NR_SA,Unknown	NR_SA	false	0	2147483647	OFF
2026-08-20T22:45:49	NR_SA,Unknown	NR_SA	false	0	2147483647	OFF
2026-08-20T22:46:19	NR_SA,Unknown	NR_SA	false	0	2147483647	OFF
2026-08-20T22:46:49	NR_SA,Unknown	NR_SA	false	0	2147483647	OFF
2026-08-20T22:47:19	NR_SA,Unknown	NR_SA	false	0	2147483647	OFF
2026-08-20T22:47:50	NR_SA,Unknown	NR_SA	false	0	2147483647	OFF
2026-08-20T22:48:20	NR_SA,Unknown	NR_SA	false	0	2147483647	OFF
2026-08-20T22:48:50	NR_SA,Unknown	NR_SA	false	0	2147483647	OFF
2026-08-20T22:49:20	NR_SA,Unknown	NR_SA	false	0	2147483647	OFF
2026-08-20T22:49:51	NR_SA,Unknown	NR_SA	false	0	2147483647	OFF
2026-08-20T22:50:21	NR_SA,Unknown	NR_SA	false	0	2147483647	OFF
2026-08-20T22:50:51	NR_SA,Unknown	NR_SA	false	0	2147483647	OFF
2026-08-20T22:51:21	NR_SA,Unknown	NR_SA	false	0	2147483647	OFF
2026-08-20T22:51:52	NR_SA,Unknown	NR_SA	false	0	2147483647	OFF
2026-08-20T22:52:22	NR_SA,Unknown	NR_SA	false	0	2147483647	OFF
2026-08-20T22:52:52	NR_SA,Unknown	NR_SA	false	0	2147483647	OFF
2026-08-20T22:53:22	NR_SA,Unknown	NR_SA	false	0	2147483647	OFF
2026-08-20T22:53:53	NR_SA,Unknown	NR_SA	false	0	2147483647	OFF
2026-08-20T22:54:23	NR_SA,Unknown	NR_SA	false	0	2147483647	OFF
2026-08-20T22:54:53	NR_SA,Unknown	NR_SA	false	0	2147483647	OFF
2026-08-20T22:55:23	NR_SA,Unknown	NR_SA	false	0	2147483647	OFF
2026-08-20T22:55:54	NR_SA,Unknown	NR_SA	false	0	2147483647	OFF
2026-08-20T22:56:24	NR_SA,Unknown	NR_SA	false	0	2147483647	OFF
2026-08-20T22:56:54	NR_SA,Unknown	NR_SA	false	0	2147483647	OFF
2026-08-20T22:57:24	NR_SA,Unknown	NR_SA	false	0	2147483647	OFF
2026-08-20T22:57:55	NR_SA,Unknown	NR_SA	false	0	2147483647	OFF
2026-08-20T22:58:25	NR_SA,Unknown	NR_SA	false	0	2147483647	OFF
2026-08-20T22:58:55	NR_SA,Unknown	NR_SA	false	0	2147483647	OFF
2026-08-20T22:59:26	NR_SA,Unknown	NR_SA	false	0	2147483647	OFF
2026-08-20T22:59:56	NR_SA,Unknown	NR_SA	false	0	2147483647	OFF
2026-08-20T23:00:26	NR_SA,Unknown	NR_SA	false	0	2147483647	OFF
2026-08-20T23:00:56	NR_SA,Unknown	NR_SA	false	0	2147483647	OFF
2026-08-20T23:01:27	NR_SA,Unknown	NR_SA	false	0	2147483647	OFF
2026-08-20T23:01:57	NR_SA,Unknown	NR_SA	false	0	2147483647	OFF
2026-08-20T23:02:27	NR_SA,Unknown	NR_SA	false	0	2147483647	OFF
2026-08-20T23:02:57	NR_SA,Unknown	NR_SA	false	0	2147483647	OFF
2026-08-20T23:03:28	NR_SA,Unknown	NR_SA	false	0	2147483647	OFF
2026-08-20T23:03:58	NR_SA,Unknown	NR_SA	false	0	2147483647	OFF
2026-08-20T23:04:28	NR_SA,Unknown	NR_SA	false	0	2147483647	OFF
2026-08-20T23:04:58	NR_SA,Unknown	NR_SA	false	0	2147483647	OFF
2026-08-20T23:05:29	NR_SA,Unknown	NR_SA	false	0	2147483647	OFF
2026-08-20T23:05:59	NR_SA,Unknown	NR_SA	false	0	2147483647	OFF
2026-08-20T23:06:29	NR_SA,Unknown	NR_SA	false	0	2147483647	OFF
2026-08-20T23:06:59	NR_SA,Unknown	NR_SA	false	0	2147483647	OFF
2026-08-20T23:07:30	NR_SA,Unknown	NR_SA	false	0	2147483647	OFF
2026-08-20T23:08:00	NR_SA,Unknown	NR_SA	false	0	2147483647	OFF
2026-08-20T23:08:30	NR_SA,Unknown	NR_SA	false	0	2147483647	OFF
2026-08-20T23:09:00	NR_SA,Unknown	NR_SA	false	0	2147483647	OFF
2026-08-20T23:09:31	NR_SA,Unknown	NR_SA	false	0	2147483647	OFF
2026-08-20T23:10:01	NR_SA,Unknown	NR_SA	false	0	2147483647	OFF
2026-08-20T23:10:31	NR_SA,Unknown	NR_SA	false	0	2147483647	OFF
2026-08-20T23:11:01	NR_SA,Unknown	NR_SA	false	0	2147483647	OFF
2026-08-20T23:11:32	NR_SA,Unknown	NR_SA	false	0	2147483647	OFF
2026-08-20T23:12:02	NR_SA,Unknown	NR_SA	false	0	2147483647	OFF
2026-08-20T23:12:32	NR_SA,Unknown	NR_SA	false	0	2147483647	OFF
2026-08-20T23:13:02	NR_SA,Unknown	NR_SA	false	0	2147483647	OFF
2026-08-20T23:13:33	NR_SA,Unknown	NR_SA	false	0	2147483647	OFF
2026-08-20T23:14:03	NR_SA,Unknown	NR_SA	false	0	2147483647	OFF
2026-08-20T23:14:33	NR_SA,Unknown	NR_SA	false	0	2147483647	OFF
2026-08-20T23:15:04	NR_SA,Unknown	NR_SA	false	0	2147483647	OFF
2026-08-20T23:15:34	NR_SA,Unknown	NR_SA	false	0	2147483647	OFF
2026-08-20T23:16:04	NR_SA,Unknown	NR_SA	false	0	2147483647	OFF
2026-08-20T23:16:34	NR_SA,Unknown	NR_SA	false	0	2147483647	OFF
2026-08-20T23:17:05	NR_SA,Unknown	NR_SA	false	0	2147483647	OFF
2026-08-20T23:17:35	NR_SA,Unknown	NR_SA	false	0	2147483647	OFF
2026-08-20T23:18:05	NR_SA,Unknown	NR_SA	false	0	2147483647	OFF
2026-08-20T23:18:35	NR_SA,Unknown	NR_SA	false	0	2147483647	OFF
2026-08-20T23:19:06	NR_SA,Unknown	NR_SA	false	0	2147483647	OFF
2026-08-20T23:19:36	NR_SA,Unknown	NR_SA	false	0	2147483647	OFF
2026-08-20T23:20:06	NR_SA,Unknown	NR_SA	false	0	2147483647	OFF
2026-08-20T23:20:36	NR_SA,Unknown	NR_SA	false	0	2147483647	OFF
2026-08-20T23:21:07	NR_SA,Unknown	NR_SA	false	0	2147483647	OFF
2026-08-20T23:21:37	NR_SA,Unknown	NR_SA	false	0	2147483647	OFF
2026-08-20T23:22:07	NR_SA,Unknown	NR_SA	false	0	2147483647	OFF
2026-08-20T23:22:37	NR_SA,Unknown	NR_SA	false	0	2147483647	OFF
2026-08-20T23:23:08	NR_SA,Unknown	NR_SA	false	0	2147483647	OFF
2026-08-20T23:23:38	NR_SA,Unknown	NR_SA	false	0	2147483647	OFF
2026-08-20T23:24:08	NR_SA,Unknown	NR_SA	false	0	2147483647	OFF
2026-08-20T23:24:38	NR_SA,Unknown	NR_SA	false	0	2147483647	OFF
2026-08-20T23:25:09	NR_SA,Unknown	NR_SA	false	0	2147483647	OFF
2026-08-20T23:25:39	NR_SA,Unknown	NR_SA	false	0	2147483647	OFF
2026-08-20T23:26:09	NR_SA,Unknown	NR_SA	false	0	2147483647	OFF
2026-08-20T23:26:39	NR_SA,Unknown	NR_SA	false	0	2147483647	OFF
2026-08-20T23:27:10	NR_SA,Unknown	NR_SA	false	0	2147483647	OFF
2026-08-20T23:27:40	NR_SA,Unknown	NR_SA	false	0	2147483647	OFF
2026-08-20T23:28:10	NR_SA,Unknown	NR_SA	false	0	2147483647	OFF
2026-08-20T23:28:41	NR_SA,Unknown	NR_SA	false	0	2147483647	OFF
2026-08-20T23:29:11	NR_SA,Unknown	NR_SA	false	0	2147483647	OFF
2026-08-20T23:29:41	NR_SA,Unknown	NR_SA	false	0	2147483647	OFF
2026-08-20T23:30:11	NR_SA,Unknown	NR_SA	false	0	2147483647	OFF
2026-08-20T23:30:42	NR_SA,Unknown	NR_SA	false	0	2147483647	OFF
2026-08-20T23:31:12	NR_SA,Unknown	NR_SA	false	0	2147483647	OFF
2026-08-20T23:31:42	NR_SA,Unknown	NR_SA	false	0	2147483647	OFF
2026-08-20T23:32:12	NR_SA,Unknown	NR_SA	false	0	2147483647	OFF
2026-08-20T23:32:43	NR_SA,Unknown	NR_SA	false	0	2147483647	OFF
2026-08-20T23:33:13	NR_SA,Unknown	NR_SA	false	0	2147483647	OFF
2026-08-20T23:33:43	NR_SA,Unknown	NR_SA	false	0	2147483647	OFF
2026-08-20T23:34:13	NR_SA,Unknown	NR_SA	false	0	2147483647	OFF
2026-08-20T23:34:44	NR_SA,Unknown	NR_SA	false	0	2147483647	OFF
2026-08-20T23:35:14	NR_SA,Unknown	NR_SA	false	0	2147483647	OFF
2026-08-20T23:35:44	NR_SA,Unknown	NR_SA	false	0	2147483647	OFF
2026-08-20T23:36:14	NR_SA,Unknown	NR_SA	false	0	2147483647	OFF
2026-08-20T23:36:45	NR_SA,Unknown	NR_SA	false	0	2147483647	OFF
2026-08-20T23:37:15	NR_SA,Unknown	NR_SA	false	0	2147483647	OFF
2026-08-20T23:37:45	NR_SA,Unknown	NR_SA	false	0	2147483647	OFF
2026-08-20T23:38:15	NR_SA,Unknown	NR_SA	false	0	2147483647	OFF
2026-08-20T23:38:46	NR_SA,Unknown	NR_SA	false	0	2147483647	OFF
2026-08-20T23:39:16	NR_SA,Unknown	NR_SA	false	0	2147483647	OFF
2026-08-20T23:39:46	NR_SA,Unknown	NR_SA	false	0	2147483647	OFF
2026-08-20T23:40:17	NR_SA,Unknown	NR_SA	false	0	2147483647	OFF
2026-08-20T23:40:47	NR_SA,Unknown	NR_SA	false	0	2147483647	OFF
2026-08-20T23:41:17	NR_SA,Unknown	NR_SA	false	0	2147483647	OFF
2026-08-20T23:41:47	NR_SA,Unknown	NR_SA	false	0	2147483647	OFF
2026-08-20T23:42:18	NR_SA,Unknown	NR_SA	false	0	2147483647	OFF
2026-08-20T23:42:48	NR_SA,Unknown	NR_SA	false	0	2147483647	OFF
2026-08-20T23:43:18	NR_SA,Unknown	NR_SA	false	0	2147483647	OFF
2026-08-20T23:43:48	NR_SA,Unknown	NR_SA	false	0	2147483647	OFF
2026-08-20T23:44:19	NR_SA,Unknown	NR_SA	false	0	2147483647	OFF
2026-08-20T23:44:49	NR_SA,Unknown	NR_SA	false	0	2147483647	OFF
2026-08-20T23:45:19	NR_SA,Unknown	NR_SA	false	0	2147483647	OFF
2026-08-20T23:45:49	NR_SA,Unknown	NR_SA	false	0	2147483647	OFF
2026-08-20T23:46:20	NR_SA,Unknown	NR_SA	false	0	2147483647	OFF
2026-08-20T23:46:50	NR_SA,Unknown	NR_SA	false	0	2147483647	OFF
2026-08-20T23:47:20	NR_SA,Unknown	NR_SA	false	0	2147483647	OFF
2026-08-20T23:47:50	NR_SA,Unknown	NR_SA	false	0	2147483647	OFF
2026-08-20T23:48:21	NR_SA,Unknown	NR_SA	false	0	2147483647	OFF
2026-08-20T23:48:51	NR_SA,Unknown	NR_SA	false	0	2147483647	OFF
2026-08-20T23:49:21	NR_SA,Unknown	NR_SA	false	0	2147483647	OFF
2026-08-20T23:49:51	NR_SA,Unknown	NR_SA	false	0	2147483647	OFF
2026-08-20T23:50:22	NR_SA,Unknown	NR_SA	false	0	2147483647	OFF
2026-08-20T23:50:52	NR_SA,Unknown	NR_SA	false	0	2147483647	OFF
2026-08-20T23:51:22	NR_SA,Unknown	NR_SA	false	0	2147483647	OFF
2026-08-20T23:51:53	NR_SA,Unknown	NR_SA	false	0	2147483647	OFF
2026-08-20T23:52:23	NR_SA,Unknown	NR_SA	false	0	2147483647	OFF
2026-08-20T23:52:53	NR_SA,Unknown	NR_SA	false	0	2147483647	OFF
2026-08-20T23:53:23	NR_SA,Unknown	NR_SA	false	0	2147483647	OFF
2026-08-20T23:53:54	NR_SA,Unknown	NR_SA	false	0	2147483647	OFF
2026-08-20T23:54:24	NR_SA,Unknown	NR_SA	false	0	2147483647	OFF
2026-08-20T23:54:54	NR_SA,Unknown	NR_SA	false	0	2147483647	OFF
2026-08-20T23:55:24	NR_SA,Unknown	NR_SA	false	0	2147483647	OFF
2026-08-20T23:55:55	NR_SA,Unknown	NR_SA	false	0	2147483647	OFF
2026-08-20T23:56:25	NR_SA,Unknown	NR_SA	false	0	2147483647	OFF
2026-08-20T23:56:55	NR_SA,Unknown	NR_SA	false	0	2147483647	OFF
2026-08-20T23:57:25	NR_SA,Unknown	NR_SA	false	0	2147483647	OFF
2026-08-20T23:57:56	NR_SA,Unknown	NR_SA	false	0	2147483647	OFF
2026-08-20T23:58:26	NR_SA,Unknown	NR_SA	false	0	2147483647	OFF
2026-08-20T23:58:56	NR_SA,Unknown	NR_SA	false	0	2147483647	OFF
2026-08-20T23:59:26	NR_SA,Unknown	NR_SA	false	0	2147483647	OFF
2026-08-20T23:59:57	NR_SA,Unknown	NR_SA	false	0	2147483647	OFF
2026-08-21T00:00:27	NR_SA,Unknown	NR_SA	false	0	2147483647	OFF
2026-08-21T00:00:57	NR_SA,Unknown	NR_SA	false	0	2147483647	OFF
2026-08-21T00:01:27	NR_SA,Unknown	NR_SA	false	0	2147483647	OFF
2026-08-21T00:01:58	NR_SA,Unknown	NR_SA	false	0	2147483647	OFF
2026-08-21T00:02:28	NR_SA,Unknown	NR_SA	false	0	2147483647	OFF
2026-08-21T00:02:58	NR_SA,Unknown	NR_SA	false	0	2147483647	OFF
2026-08-21T00:03:28	NR_SA,Unknown	NR_SA	false	0	2147483647	OFF
2026-08-21T00:03:59	NR_SA,Unknown	NR_SA	false	0	2147483647	OFF
2026-08-21T00:04:29	NR_SA,Unknown	NR_SA	false	0	2147483647	OFF
2026-08-21T00:04:59	NR_SA,Unknown	NR_SA	false	0	2147483647	OFF
2026-08-21T00:05:29	NR_SA,Unknown	NR_SA	false	0	2147483647	OFF
2026-08-21T00:06:00	NR_SA,Unknown	NR_SA	false	0	2147483647	OFF
2026-08-21T00:06:30	NR_SA,Unknown	NR_SA	false	0	2147483647	OFF
2026-08-21T00:07:00	NR_SA,Unknown	NR_SA	false	0	2147483647	OFF
2026-08-21T00:07:31	NR_SA,Unknown	NR_SA	false	0	2147483647	OFF
2026-08-21T00:08:01	NR_SA,Unknown	NR_SA	false	0	2147483647	OFF
2026-08-21T00:08:31	NR_SA,Unknown	NR_SA	false	0	2147483647	OFF
2026-08-21T00:09:01	NR_SA,Unknown	NR_SA	false	0	2147483647	OFF
2026-08-21T00:09:32	NR_SA,Unknown	NR_SA	false	0	2147483647	OFF
2026-08-21T00:10:02	NR_SA,Unknown	NR_SA	false	0	2147483647	OFF
2026-08-21T00:10:32	NR_SA,Unknown	NR_SA	false	0	2147483647	OFF
2026-08-21T00:11:02	NR_SA,Unknown	NR_SA	false	0	2147483647	OFF
2026-08-21T00:11:33	NR_SA,Unknown	NR_SA	false	0	2147483647	OFF
2026-08-21T00:12:03	NR_SA,Unknown	NR_SA	false	0	2147483647	OFF
2026-08-21T00:12:33	NR_SA,Unknown	NR_SA	false	0	2147483647	OFF
2026-08-21T00:13:03	NR_SA,Unknown	NR_SA	false	0	2147483647	OFF
2026-08-21T00:13:34	NR_SA,Unknown	NR_SA	false	0	2147483647	OFF
2026-08-21T00:14:04	NR_SA,Unknown	NR_SA	false	0	2147483647	OFF
2026-08-21T00:14:34	NR_SA,Unknown	NR_SA	false	0	2147483647	OFF
2026-08-21T00:15:04	NR_SA,Unknown	NR_SA	false	0	2147483647	OFF
2026-08-21T00:15:35	NR_SA,Unknown	NR_SA	false	0	2147483647	OFF
2026-08-21T00:16:05	NR_SA,Unknown	NR_SA	false	0	2147483647	OFF
2026-08-21T00:16:35	NR_SA,Unknown	NR_SA	false	0	2147483647	OFF
2026-08-21T00:17:05	NR_SA,Unknown	NR_SA	false	0	2147483647	OFF
2026-08-21T00:17:36	NR_SA,Unknown	NR_SA	false	0	2147483647	OFF
2026-08-21T00:18:06	NR_SA,Unknown	NR_SA	false	0	2147483647	OFF
2026-08-21T00:18:36	NR_SA,Unknown	NR_SA	false	0	2147483647	OFF
2026-08-21T00:19:06	NR_SA,Unknown	NR_SA	false	0	2147483647	OFF
2026-08-21T00:19:37	NR_SA,Unknown	NR_SA	false	0	2147483647	OFF
2026-08-21T00:20:07	NR_SA,Unknown	NR_SA	false	0	2147483647	OFF
2026-08-21T00:20:37	NR_SA,Unknown	NR_SA	false	0	2147483647	OFF
2026-08-21T00:21:07	NR_SA,Unknown	NR_SA	false	0	2147483647	OFF
2026-08-21T00:21:38	NR_SA,Unknown	NR_SA	false	0	2147483647	OFF
2026-08-21T00:22:08	NR_SA,Unknown	NR_SA	false	0	2147483647	OFF
2026-08-21T00:22:38	NR_SA,Unknown	NR_SA	false	0	2147483647	OFF
2026-08-21T00:23:09	NR_SA,Unknown	NR_SA	false	0	2147483647	OFF
2026-08-21T00:23:39	NR_SA,Unknown	NR_SA	false	0	2147483647	OFF
2026-08-21T00:24:09	NR_SA,Unknown	NR_SA	false	0	2147483647	OFF
2026-08-21T00:24:39	NR_SA,Unknown	NR_SA	false	0	2147483647	OFF
2026-08-21T00:25:10	NR_SA,Unknown	NR_SA	false	0	2147483647	OFF
2026-08-21T00:25:40	NR_SA,Unknown	NR_SA	false	0	2147483647	OFF
2026-08-21T00:26:10	NR_SA,Unknown	NR_SA	false	0	2147483647	OFF
2026-08-21T00:26:40	NR_SA,Unknown	NR_SA	false	0	2147483647	OFF
2026-08-21T00:27:11	NR_SA,Unknown	NR_SA	false	0	2147483647	OFF
2026-08-21T00:27:41	NR_SA,Unknown	NR_SA	false	0	2147483647	OFF
2026-08-21T00:28:11	NR_SA,Unknown	NR_SA	false	0	2147483647	OFF
2026-08-21T00:28:41	NR_SA,Unknown	NR_SA	false	0	2147483647	OFF
2026-08-21T00:29:12	NR_SA,Unknown	NR_SA	false	0	2147483647	OFF
2026-08-21T00:29:42	NR_SA,Unknown	NR_SA	false	0	2147483647	OFF
2026-08-21T00:30:12	NR_SA,Unknown	NR_SA	false	0	2147483647	OFF
2026-08-21T00:30:42	NR_SA,Unknown	NR_SA	false	0	2147483647	OFF
2026-08-21T00:31:13	NR_SA,Unknown	NR_SA	false	0	2147483647	OFF
2026-08-21T00:31:43	NR_SA,Unknown	NR_SA	false	0	2147483647	OFF
2026-08-21T00:32:13	NR_SA,Unknown	NR_SA	false	0	2147483647	OFF
2026-08-21T00:32:43	NR_SA,Unknown	NR_SA	false	0	2147483647	OFF
2026-08-21T00:33:14	NR_SA,Unknown	NR_SA	false	0	2147483647	OFF
2026-08-21T00:33:44	NR_SA,Unknown	NR_SA	false	0	2147483647	OFF
2026-08-21T00:34:14	NR_SA,Unknown	NR_SA	false	0	2147483647	OFF
2026-08-21T00:34:45	NR_SA,Unknown	NR_SA	false	0	2147483647	OFF
2026-08-21T00:35:15	NR_SA,Unknown	NR_SA	false	0	2147483647	OFF
2026-08-21T00:35:45	NR_SA,Unknown	NR_SA	false	0	2147483647	OFF
2026-08-21T00:36:15	NR_SA,Unknown	NR_SA	false	0	2147483647	OFF
2026-08-21T00:36:46	NR_SA,Unknown	NR_SA	false	0	2147483647	OFF
2026-08-21T00:37:16	NR_SA,Unknown	NR_SA	false	0	2147483647	OFF
2026-08-21T00:37:46	NR_SA,Unknown	NR_SA	false	0	2147483647	OFF
2026-08-21T00:38:16	NR_SA,Unknown	NR_SA	false	0	2147483647	OFF
2026-08-21T00:38:47	NR_SA,Unknown	NR_SA	false	0	2147483647	OFF
2026-08-21T00:39:17	NR_SA,Unknown	NR_SA	false	0	2147483647	OFF
2026-08-21T00:39:47	NR_SA,Unknown	NR_SA	false	0	2147483647	OFF
2026-08-21T00:40:18	NR_SA,Unknown	NR_SA	false	0	2147483647	OFF
2026-08-21T00:40:48	NR_SA,Unknown	NR_SA	false	0	2147483647	OFF
2026-08-21T00:41:18	NR_SA,Unknown	NR_SA	false	0	2147483647	OFF
2026-08-21T00:41:48	NR_SA,Unknown	NR_SA	false	0	2147483647	OFF
2026-08-21T00:42:19	NR_SA,Unknown	NR_SA	false	0	2147483647	OFF
2026-08-21T00:42:49	NR_SA,Unknown	NR_SA	false	0	2147483647	OFF
2026-08-21T00:43:19	NR_SA,Unknown	NR_SA	false	0	2147483647	OFF
2026-08-21T00:43:49	NR_SA,Unknown	NR_SA	false	0	2147483647	OFF
2026-08-21T00:44:20	NR_SA,Unknown	NR_SA	false	0	2147483647	OFF
2026-08-21T00:44:50	NR_SA,Unknown	NR_SA	false	0	2147483647	OFF
2026-08-21T00:45:20	NR_SA,Unknown	NR_SA	false	0	2147483647	OFF
2026-08-21T00:45:50	NR_SA,Unknown	NR_SA	false	0	2147483647	OFF
2026-08-21T00:46:21	NR_SA,Unknown	NR_SA	false	0	2147483647	OFF
2026-08-21T00:46:51	NR_SA,Unknown	NR_SA	false	0	2147483647	OFF
2026-08-21T00:47:21	NR_SA,Unknown	NR_SA	false	0	2147483647	OFF
2026-08-21T00:47:51	NR_SA,Unknown	NR_SA	false	0	2147483647	OFF
2026-08-21T00:48:22	NR_SA,Unknown	NR_SA	false	0	2147483647	OFF
2026-08-21T00:48:52	NR_SA,Unknown	NR_SA	false	0	2147483647	OFF
2026-08-21T00:49:22	NR_SA,Unknown	NR_SA	false	0	2147483647	OFF
2026-08-21T00:49:52	NR_SA,Unknown	NR_SA	false	0	2147483647	OFF
2026-08-21T00:50:23	NR_SA,Unknown	NR_SA	false	0	2147483647	OFF
2026-08-21T00:50:53	NR_SA,Unknown	NR_SA	false	0	2147483647	OFF
2026-08-21T00:51:23	NR_SA,Unknown	NR_SA	false	0	2147483647	OFF
2026-08-21T00:51:53	NR_SA,Unknown	NR_SA	false	0	2147483647	OFF
2026-08-21T00:52:24	NR_SA,Unknown	NR_SA	false	0	2147483647	OFF
2026-08-21T00:52:54	NR_SA,Unknown	NR_SA	false	0	2147483647	OFF
2026-08-21T00:53:24	NR_SA,Unknown	NR_SA	false	0	2147483647	OFF
2026-08-21T00:53:55	NR_SA,Unknown	NR_SA	false	0	2147483647	OFF
2026-08-21T00:54:25	NR_SA,Unknown	NR_SA	false	0	2147483647	OFF
2026-08-21T00:54:55	NR_SA,Unknown	NR_SA	false	0	2147483647	OFF
2026-08-21T00:55:25	NR_SA,Unknown	NR_SA	false	0	2147483647	OFF
2026-08-21T00:55:56	NR_SA,Unknown	NR_SA	false	0	2147483647	OFF
2026-08-21T00:56:26	NR_SA,Unknown	NR_SA	false	0	2147483647	OFF
2026-08-21T00:56:56	NR_SA,Unknown	NR_SA	false	0	2147483647	OFF
2026-08-21T00:57:26	NR_SA,Unknown	NR_SA	false	0	2147483647	OFF
2026-08-21T00:57:57	NR_SA,Unknown	NR_SA	false	0	2147483647	OFF
2026-08-21T00:58:27	NR_SA,Unknown	NR_SA	false	0	2147483647	OFF
2026-08-21T00:58:57	NR_SA,Unknown	NR_SA	false	0	2147483647	OFF
2026-08-21T00:59:27	NR_SA,Unknown	NR_SA	false	0	2147483647	OFF
2026-08-21T00:59:58	NR_SA,Unknown	NR_SA	false	0	2147483647	OFF
2026-08-21T01:00:28	NR_SA,Unknown	NR_SA	false	0	2147483647	OFF
2026-08-21T01:00:58	NR_SA,Unknown	NR_SA	false	0	2147483647	OFF
2026-08-21T01:01:28	NR_SA,Unknown	NR_SA	false	0	2147483647	OFF
2026-08-21T01:01:59	NR_SA,Unknown	NR_SA	false	0	2147483647	OFF
2026-08-21T01:02:29	NR_SA,Unknown	NR_SA	false	0	2147483647	OFF
2026-08-21T01:02:59	NR_SA,Unknown	NR_SA	false	0	2147483647	OFF
2026-08-21T01:03:29	NR_SA,Unknown	NR_SA	false	0	2147483647	OFF
2026-08-21T01:04:00	NR_SA,Unknown	NR_SA	false	0	2147483647	OFF
2026-08-21T01:04:30	NR_SA,Unknown	NR_SA	false	0	2147483647	OFF
2026-08-21T01:05:00	NR_SA,Unknown	NR_SA	false	0	2147483647	OFF
2026-08-21T01:05:30	NR_SA,Unknown	NR_SA	false	0	2147483647	OFF
2026-08-21T01:06:01	NR_SA,Unknown	NR_SA	false	0	2147483647	OFF
2026-08-21T01:06:31	NR_SA,Unknown	NR_SA	false	0	2147483647	OFF
2026-08-21T01:07:01	NR_SA,Unknown	NR_SA	false	0	2147483647	OFF
2026-08-21T01:07:31	NR_SA,Unknown	NR_SA	false	0	2147483647	OFF
2026-08-21T01:08:02	NR_SA,Unknown	NR_SA	false	0	2147483647	OFF
2026-08-21T01:08:32	NR_SA,Unknown	NR_SA	false	0	2147483647	OFF
2026-08-21T01:09:02	NR_SA,Unknown	NR_SA	false	0	2147483647	OFF
2026-08-21T01:09:33	NR_SA,Unknown	NR_SA	false	0	2147483647	OFF
2026-08-21T01:10:03	NR_SA,Unknown	NR_SA	false	0	2147483647	OFF
2026-08-21T01:10:33	NR_SA,Unknown	NR_SA	false	0	2147483647	OFF
2026-08-21T01:11:03	NR_SA,Unknown	NR_SA	false	0	2147483647	OFF
2026-08-21T01:11:34	NR_SA,Unknown	NR_SA	false	0	2147483647	OFF
2026-08-21T01:12:04	NR_SA,Unknown	NR_SA	false	0	2147483647	OFF
2026-08-21T01:12:34	NR_SA,Unknown	NR_SA	false	0	2147483647	OFF
2026-08-21T01:13:04	NR_SA,Unknown	NR_SA	false	0	2147483647	OFF
2026-08-21T01:13:35	NR_SA,Unknown	NR_SA	false	0	2147483647	OFF
2026-08-21T01:14:05	NR_SA,Unknown	NR_SA	false	0	2147483647	OFF
2026-08-21T01:14:35	NR_SA,Unknown	NR_SA	false	0	2147483647	OFF
2026-08-21T01:15:05	NR_SA,Unknown	NR_SA	false	0	2147483647	OFF
2026-08-21T01:15:36	NR_SA,Unknown	NR_SA	false	0	2147483647	OFF
2026-08-21T01:16:06	NR_SA,Unknown	NR_SA	false	0	2147483647	OFF
2026-08-21T01:16:36	NR_SA,Unknown	NR_SA	false	0	2147483647	OFF
