--------- beginning of main
08-30 11:50:29.762 I/AnebProbe(22981): ADAPTER_EVT type=click cls=android.widget.ImageView desc=返回 txt_len=2 pkg=com.larus.nova t_boot_ns=640198793242679
08-30 11:50:29.763 I/AnebProbe(22981): ADAPTER_OBS pkg=com.larus.nova mode=doubao events=4 rule_matched=0 first_delta_ms=0 cadence_p50_ms=92.4 session_span_ms=280.0 confidence=LOW/INCONCLUSIVE reason=throttle ttft_send_ms=null anchor_source=null ttft_cluster_ms=null ttft_density_ms=null
08-30 11:50:29.896 I/AnebProbe(22981): ADAPTER_EVT type=content cls=androidx.drawerlayout.widget.DrawerLayout desc=null txt_len=0 pkg=com.larus.nova t_boot_ns=640198927251533
08-30 11:50:30.014 I/AnebProbe(22981): ADAPTER_EVT type=content cls=androidx.drawerlayout.widget.DrawerLayout desc=null txt_len=0 pkg=com.larus.nova t_boot_ns=640199045288512
08-30 11:50:30.130 I/AnebProbe(22981): ADAPTER_EVT type=content cls=androidx.drawerlayout.widget.DrawerLayout desc=null txt_len=0 pkg=com.larus.nova t_boot_ns=640199161905700
08-30 11:50:30.203 I/AnebProbe(22981): ADAPTER_EVT type=content cls=androidx.drawerlayout.widget.DrawerLayout desc=null txt_len=0 pkg=com.larus.nova t_boot_ns=640199234545283
08-30 11:50:31.477 I/AnebProbe(22981): ADAPTER_EVT type=click cls=android.widget.ImageView desc=创建新对话 txt_len=5 pkg=com.larus.nova t_boot_ns=640200508656221
08-30 11:50:31.491 I/AnebProbe(22981): ADAPTER_EVT type=content cls=android.widget.FrameLayout desc=null txt_len=0 pkg=com.larus.nova t_boot_ns=640200522564033
08-30 11:50:31.681 I/AnebProbe(22981): ADAPTER_EVT type=content cls=androidx.drawerlayout.widget.DrawerLayout desc=null txt_len=0 pkg=com.larus.nova t_boot_ns=640200712292158
08-30 11:50:31.820 I/AnebProbe(22981): ADAPTER_EVT type=content cls=androidx.drawerlayout.widget.DrawerLayout desc=null txt_len=0 pkg=com.larus.nova t_boot_ns=640200851568721
08-30 11:50:31.881 I/AnebProbe(22981): ADAPTER_EVT type=content cls=androidx.drawerlayout.widget.DrawerLayout desc=null txt_len=0 pkg=com.larus.nova t_boot_ns=640200912451012
08-30 11:50:31.886 I/AnebProbe(22981): ADAPTER_EVT type=content cls=androidx.drawerlayout.widget.DrawerLayout desc=null txt_len=0 pkg=com.larus.nova t_boot_ns=640200917689033
08-30 11:50:31.982 I/AnebProbe(22981): ADAPTER_EVT type=content cls=android.view.ViewGroup desc=null txt_len=0 pkg=com.larus.nova t_boot_ns=640201013877054
08-30 11:50:32.083 I/AnebProbe(22981): ADAPTER_EVT type=content cls=android.view.ViewGroup desc=null txt_len=0 pkg=com.larus.nova t_boot_ns=640201114090595
08-30 11:50:32.184 I/AnebProbe(22981): ADAPTER_EVT type=content cls=androidx.drawerlayout.widget.DrawerLayout desc=null txt_len=0 pkg=com.larus.nova t_boot_ns=640201215018720
08-30 11:50:32.554 I/AnebProbe(22981): ADAPTER_EVT type=content cls=androidx.recyclerview.widget.RecyclerView desc=null txt_len=0 pkg=com.larus.nova t_boot_ns=640201585207783
08-30 11:50:32.651 I/AnebProbe(22981): ADAPTER_EVT type=content cls=android.view.ViewGroup desc=null txt_len=0 pkg=com.larus.nova t_boot_ns=640201681915075
08-30 11:50:32.752 I/AnebProbe(22981): ADAPTER_EVT type=content cls=android.view.ViewGroup desc=null txt_len=0 pkg=com.larus.nova t_boot_ns=640201783080700
08-30 11:50:32.852 I/AnebProbe(22981): ADAPTER_EVT type=content cls=android.view.ViewGroup desc=null txt_len=0 pkg=com.larus.nova t_boot_ns=640201882878616
08-30 11:50:32.952 I/AnebProbe(22981): ADAPTER_EVT type=content cls=android.view.ViewGroup desc=null txt_len=0 pkg=com.larus.nova t_boot_ns=640201983285908
08-30 11:50:33.052 I/AnebProbe(22981): ADAPTER_EVT type=content cls=android.view.ViewGroup desc=null txt_len=0 pkg=com.larus.nova t_boot_ns=640202083682783
08-30 11:50:33.180 I/AnebProbe(22981): ADAPTER_EVT type=content cls=android.view.ViewGroup desc=null txt_len=0 pkg=com.larus.nova t_boot_ns=640202211953616
08-30 11:50:33.279 I/AnebProbe(22981): ADAPTER_EVT type=content cls=android.view.ViewGroup desc=null txt_len=0 pkg=com.larus.nova t_boot_ns=640202310326533
08-30 11:50:33.388 I/AnebProbe(22981): ADAPTER_EVT type=content cls=android.view.ViewGroup desc=null txt_len=0 pkg=com.larus.nova t_boot_ns=640202419706220
08-30 11:50:33.489 I/AnebProbe(22981): ADAPTER_EVT type=content cls=androidx.drawerlayout.widget.DrawerLayout desc=null txt_len=0 pkg=com.larus.nova t_boot_ns=640202520065074
08-30 11:50:33.588 I/AnebProbe(22981): ADAPTER_EVT type=content cls=android.view.ViewGroup desc=null txt_len=0 pkg=com.larus.nova t_boot_ns=640202619228095
08-30 11:50:33.688 I/AnebProbe(22981): ADAPTER_EVT type=content cls=android.view.ViewGroup desc=null txt_len=0 pkg=com.larus.nova t_boot_ns=640202719129137
08-30 11:50:34.349 I/AnebProbe(22981): ADAPTER_EVT type=content cls=android.view.ViewGroup desc=新对话，打开设置页 txt_len=0 pkg=com.larus.nova t_boot_ns=640203380786428
08-30 11:50:34.457 I/AnebProbe(22981): ADAPTER_EVT type=content cls=android.view.ViewGroup desc=null txt_len=0 pkg=com.larus.nova t_boot_ns=640203488674449
08-30 11:50:34.573 I/AnebProbe(22981): ADAPTER_EVT type=content cls=android.view.ViewGroup desc=null txt_len=0 pkg=com.larus.nova t_boot_ns=640203604201533
08-30 11:50:34.690 I/AnebProbe(22981): ADAPTER_EVT type=content cls=android.view.ViewGroup desc=null txt_len=0 pkg=com.larus.nova t_boot_ns=640203721034345
08-30 11:50:34.807 I/AnebProbe(22981): ADAPTER_EVT type=content cls=android.view.ViewGroup desc=null txt_len=0 pkg=com.larus.nova t_boot_ns=640203838070803
08-30 11:50:34.807 I/AnebProbe(22981): ADAPTER_OBS pkg=com.larus.nova mode=doubao events=33 rule_matched=1 first_delta_ms=0 cadence_p50_ms=100.9 session_span_ms=27511.9 confidence=LOW/INCONCLUSIVE reason=throttle ttft_send_ms=null anchor_source=null ttft_cluster_ms=null ttft_density_ms=null
08-30 11:50:34.918 I/AnebProbe(22981): ADAPTER_EVT type=content cls=android.view.ViewGroup desc=null txt_len=0 pkg=com.larus.nova t_boot_ns=640203949608303
08-30 11:50:35.032 I/AnebProbe(22981): ADAPTER_EVT type=content cls=android.view.ViewGroup desc=null txt_len=0 pkg=com.larus.nova t_boot_ns=640204063922366
08-30 11:50:35.150 I/AnebProbe(22981): ADAPTER_EVT type=content cls=android.view.ViewGroup desc=null txt_len=0 pkg=com.larus.nova t_boot_ns=640204180901012
08-30 11:50:35.250 I/AnebProbe(22981): ADAPTER_EVT type=content cls=android.view.ViewGroup desc=null txt_len=0 pkg=com.larus.nova t_boot_ns=640204281293199
08-30 11:50:35.373 I/AnebProbe(22981): ADAPTER_EVT type=content cls=android.view.ViewGroup desc=null txt_len=0 pkg=com.larus.nova t_boot_ns=640204404082782
08-30 11:50:35.484 I/AnebProbe(22981): ADAPTER_EVT type=content cls=android.view.ViewGroup desc=null txt_len=0 pkg=com.larus.nova t_boot_ns=640204514899970
08-30 11:50:35.584 I/AnebProbe(22981): ADAPTER_EVT type=content cls=android.view.ViewGroup desc=null txt_len=0 pkg=com.larus.nova t_boot_ns=640204615645282
08-30 11:50:35.684 I/AnebProbe(22981): ADAPTER_EVT type=content cls=android.view.ViewGroup desc=null txt_len=0 pkg=com.larus.nova t_boot_ns=640204715349449
08-30 11:50:35.705 I/AnebProbe(22981): ADAPTER_EVT type=content cls=android.view.ViewGroup desc=null txt_len=0 pkg=com.larus.nova t_boot_ns=640204736284345
08-30 11:50:35.706 I/AnebProbe(22981): ADAPTER_EVT type=content cls=android.widget.EditText desc=null txt_len=1 pkg=com.larus.nova t_boot_ns=640204737607782
08-30 11:50:35.712 I/AnebProbe(22981): ADAPTER_EVT type=content cls=android.view.ViewGroup desc=null txt_len=0 pkg=com.larus.nova t_boot_ns=640204742835907
08-30 11:50:35.755 I/AnebProbe(22981): ADAPTER_EVT type=content cls=android.view.ViewGroup desc=null txt_len=0 pkg=com.larus.nova t_boot_ns=640204786313512
08-30 11:50:35.755 I/AnebProbe(22981): ADAPTER_EVT type=content cls=android.widget.EditText desc=null txt_len=2 pkg=com.larus.nova t_boot_ns=640204786764032
08-30 11:50:35.776 I/AnebProbe(22981): ADAPTER_EVT type=content cls=android.view.ViewGroup desc=null txt_len=0 pkg=com.larus.nova t_boot_ns=640204806952053
08-30 11:50:35.776 I/AnebProbe(22981): ADAPTER_EVT type=content cls=android.widget.EditText desc=null txt_len=3 pkg=com.larus.nova t_boot_ns=640204807528095
08-30 11:50:35.797 I/AnebProbe(22981): ADAPTER_EVT type=content cls=android.view.ViewGroup desc=null txt_len=0 pkg=com.larus.nova t_boot_ns=640204828551532
08-30 11:50:35.798 I/AnebProbe(22981): ADAPTER_EVT type=content cls=android.widget.EditText desc=null txt_len=4 pkg=com.larus.nova t_boot_ns=640204829000491
08-30 11:50:35.819 I/AnebProbe(22981): ADAPTER_EVT type=content cls=android.view.ViewGroup desc=null txt_len=0 pkg=com.larus.nova t_boot_ns=640204850022366
08-30 11:50:35.819 I/AnebProbe(22981): ADAPTER_EVT type=content cls=android.widget.EditText desc=null txt_len=5 pkg=com.larus.nova t_boot_ns=640204850482262
08-30 11:50:35.839 I/AnebProbe(22981): ADAPTER_EVT type=content cls=android.view.ViewGroup desc=null txt_len=0 pkg=com.larus.nova t_boot_ns=640204870220803
08-30 11:50:35.839 I/AnebProbe(22981): ADAPTER_EVT type=content cls=android.widget.EditText desc=null txt_len=6 pkg=com.larus.nova t_boot_ns=640204870723407
08-30 11:50:35.864 I/AnebProbe(22981): ADAPTER_EVT type=content cls=android.view.ViewGroup desc=null txt_len=0 pkg=com.larus.nova t_boot_ns=640204895543199
08-30 11:50:35.865 I/AnebProbe(22981): ADAPTER_EVT type=content cls=android.widget.EditText desc=null txt_len=7 pkg=com.larus.nova t_boot_ns=640204896129657
08-30 11:50:35.874 I/AnebProbe(22981): ADAPTER_EVT type=content cls=android.widget.EditText desc=null txt_len=8 pkg=com.larus.nova t_boot_ns=640204904824970
08-30 11:50:35.896 I/AnebProbe(22981): ADAPTER_EVT type=content cls=android.view.ViewGroup desc=null txt_len=0 pkg=com.larus.nova t_boot_ns=640204927571324
08-30 11:50:35.897 I/AnebProbe(22981): ADAPTER_EVT type=content cls=android.widget.EditText desc=null txt_len=9 pkg=com.larus.nova t_boot_ns=640204928003095
08-30 11:50:35.905 I/AnebProbe(22981): ADAPTER_EVT type=content cls=android.widget.EditText desc=null txt_len=10 pkg=com.larus.nova t_boot_ns=640204936454657
08-30 11:50:35.930 I/AnebProbe(22981): ADAPTER_EVT type=content cls=android.view.ViewGroup desc=null txt_len=0 pkg=com.larus.nova t_boot_ns=640204961665595
08-30 11:50:35.931 I/AnebProbe(22981): ADAPTER_EVT type=content cls=android.widget.EditText desc=null txt_len=11 pkg=com.larus.nova t_boot_ns=640204962143720
08-30 11:50:35.940 I/AnebProbe(22981): ADAPTER_EVT type=content cls=android.widget.EditText desc=null txt_len=12 pkg=com.larus.nova t_boot_ns=640204971048407
08-30 11:50:35.963 I/AnebProbe(22981): ADAPTER_EVT type=content cls=android.view.ViewGroup desc=null txt_len=0 pkg=com.larus.nova t_boot_ns=640204994394241
08-30 11:50:35.963 I/AnebProbe(22981): ADAPTER_EVT type=content cls=android.widget.EditText desc=null txt_len=13 pkg=com.larus.nova t_boot_ns=640204994965595
08-30 11:50:35.973 I/AnebProbe(22981): ADAPTER_EVT type=content cls=android.widget.EditText desc=null txt_len=14 pkg=com.larus.nova t_boot_ns=640205004203616
08-30 11:50:35.996 I/AnebProbe(22981): ADAPTER_EVT type=content cls=android.view.ViewGroup desc=null txt_len=0 pkg=com.larus.nova t_boot_ns=640205027627574
08-30 11:50:35.997 I/AnebProbe(22981): ADAPTER_EVT type=content cls=android.widget.EditText desc=null txt_len=15 pkg=com.larus.nova t_boot_ns=640205028142678
08-30 11:50:36.007 I/AnebProbe(22981): ADAPTER_EVT type=content cls=android.widget.EditText desc=null txt_len=16 pkg=com.larus.nova t_boot_ns=640205038248928
08-30 11:50:36.028 I/AnebProbe(22981): ADAPTER_EVT type=content cls=android.view.ViewGroup desc=null txt_len=0 pkg=com.larus.nova t_boot_ns=640205059539553
08-30 11:50:36.029 I/AnebProbe(22981): ADAPTER_EVT type=content cls=android.widget.EditText desc=null txt_len=17 pkg=com.larus.nova t_boot_ns=640205060047366
08-30 11:50:36.039 I/AnebProbe(22981): ADAPTER_EVT type=content cls=android.widget.EditText desc=null txt_len=18 pkg=com.larus.nova t_boot_ns=640205070274449
08-30 11:50:36.063 I/AnebProbe(22981): ADAPTER_EVT type=content cls=android.view.ViewGroup desc=null txt_len=0 pkg=com.larus.nova t_boot_ns=640205094594241
08-30 11:50:36.065 I/AnebProbe(22981): ADAPTER_EVT type=content cls=android.widget.EditText desc=null txt_len=19 pkg=com.larus.nova t_boot_ns=640205095685907
08-30 11:50:36.084 I/AnebProbe(22981): ADAPTER_EVT type=content cls=android.view.ViewGroup desc=null txt_len=0 pkg=com.larus.nova t_boot_ns=640205115877574
08-30 11:50:36.085 I/AnebProbe(22981): ADAPTER_EVT type=content cls=android.widget.EditText desc=null txt_len=20 pkg=com.larus.nova t_boot_ns=640205116389032
08-30 11:50:36.112 I/AnebProbe(22981): ADAPTER_EVT type=content cls=android.view.ViewGroup desc=null txt_len=0 pkg=com.larus.nova t_boot_ns=640205143776012
08-30 11:50:36.113 I/AnebProbe(22981): ADAPTER_EVT type=content cls=android.widget.EditText desc=null txt_len=21 pkg=com.larus.nova t_boot_ns=640205144298928
08-30 11:50:36.136 I/AnebProbe(22981): ADAPTER_EVT type=content cls=android.view.ViewGroup desc=null txt_len=0 pkg=com.larus.nova t_boot_ns=640205167067678
08-30 11:50:36.136 I/AnebProbe(22981): ADAPTER_EVT type=content cls=android.widget.EditText desc=null txt_len=22 pkg=com.larus.nova t_boot_ns=640205167598928
08-30 11:50:36.155 I/AnebProbe(22981): ADAPTER_EVT type=content cls=android.view.ViewGroup desc=null txt_len=0 pkg=com.larus.nova t_boot_ns=640205186064553
08-30 11:50:36.155 I/AnebProbe(22981): ADAPTER_EVT type=content cls=android.widget.EditText desc=null txt_len=23 pkg=com.larus.nova t_boot_ns=640205186589032
08-30 11:50:36.172 I/AnebProbe(22981): ADAPTER_EVT type=content cls=android.view.ViewGroup desc=null txt_len=0 pkg=com.larus.nova t_boot_ns=640205203589032
08-30 11:50:36.173 I/AnebProbe(22981): ADAPTER_EVT type=content cls=android.widget.EditText desc=null txt_len=24 pkg=com.larus.nova t_boot_ns=640205204057782
08-30 11:50:36.195 I/AnebProbe(22981): ADAPTER_EVT type=content cls=android.view.ViewGroup desc=null txt_len=0 pkg=com.larus.nova t_boot_ns=640205226380699
08-30 11:50:36.196 I/AnebProbe(22981): ADAPTER_EVT type=content cls=android.widget.EditText desc=null txt_len=25 pkg=com.larus.nova t_boot_ns=640205227665595
08-30 11:50:36.219 I/AnebProbe(22981): ADAPTER_EVT type=content cls=android.view.ViewGroup desc=null txt_len=0 pkg=com.larus.nova t_boot_ns=640205250301532
08-30 11:50:36.223 I/AnebProbe(22981): ADAPTER_EVT type=content cls=android.widget.EditText desc=null txt_len=26 pkg=com.larus.nova t_boot_ns=640205250987991
08-30 11:50:36.247 I/AnebProbe(22981): ADAPTER_EVT type=content cls=android.view.ViewGroup desc=null txt_len=0 pkg=com.larus.nova t_boot_ns=640205278091116
08-30 11:50:36.247 I/AnebProbe(22981): ADAPTER_EVT type=content cls=android.widget.EditText desc=null txt_len=27 pkg=com.larus.nova t_boot_ns=640205278646324
08-30 11:50:36.268 I/AnebProbe(22981): ADAPTER_EVT type=content cls=android.view.ViewGroup desc=null txt_len=0 pkg=com.larus.nova t_boot_ns=640205299535387
08-30 11:50:36.269 I/AnebProbe(22981): ADAPTER_EVT type=content cls=android.widget.EditText desc=null txt_len=28 pkg=com.larus.nova t_boot_ns=640205300080178
08-30 11:50:36.296 I/AnebProbe(22981): ADAPTER_EVT type=content cls=android.view.ViewGroup desc=null txt_len=0 pkg=com.larus.nova t_boot_ns=640205327178095
08-30 11:50:36.296 I/AnebProbe(22981): ADAPTER_EVT type=content cls=android.widget.EditText desc=null txt_len=29 pkg=com.larus.nova t_boot_ns=640205327691116
08-30 11:50:36.317 I/AnebProbe(22981): ADAPTER_EVT type=content cls=android.view.ViewGroup desc=null txt_len=0 pkg=com.larus.nova t_boot_ns=640205348747887
08-30 11:50:36.317 I/AnebProbe(22981): ADAPTER_EVT type=content cls=android.widget.EditText desc=null txt_len=30 pkg=com.larus.nova t_boot_ns=640205348985907
08-30 11:50:36.337 I/AnebProbe(22981): ADAPTER_EVT type=content cls=android.view.ViewGroup desc=null txt_len=0 pkg=com.larus.nova t_boot_ns=640205368195803
08-30 11:50:36.337 I/AnebProbe(22981): ADAPTER_EVT type=content cls=android.widget.EditText desc=null txt_len=31 pkg=com.larus.nova t_boot_ns=640205368393720
08-30 11:50:36.353 I/AnebProbe(22981): ADAPTER_EVT type=content cls=android.view.ViewGroup desc=null txt_len=0 pkg=com.larus.nova t_boot_ns=640205384526012
08-30 11:50:36.353 I/AnebProbe(22981): ADAPTER_EVT type=content cls=android.widget.EditText desc=null txt_len=32 pkg=com.larus.nova t_boot_ns=640205384699449
08-30 11:50:36.370 I/AnebProbe(22981): ADAPTER_EVT type=content cls=android.view.ViewGroup desc=null txt_len=0 pkg=com.larus.nova t_boot_ns=640205401039032
08-30 11:50:36.370 I/AnebProbe(22981): ADAPTER_EVT type=content cls=android.widget.EditText desc=null txt_len=33 pkg=com.larus.nova t_boot_ns=640205401506741
08-30 11:50:36.385 I/AnebProbe(22981): ADAPTER_EVT type=content cls=android.view.ViewGroup desc=null txt_len=0 pkg=com.larus.nova t_boot_ns=640205416209866
08-30 11:50:36.385 I/AnebProbe(22981): ADAPTER_EVT type=content cls=android.widget.EditText desc=null txt_len=34 pkg=com.larus.nova t_boot_ns=640205416360387
08-30 11:50:36.399 I/AnebProbe(22981): ADAPTER_EVT type=content cls=android.view.ViewGroup desc=null txt_len=0 pkg=com.larus.nova t_boot_ns=640205430469241
08-30 11:50:36.399 I/AnebProbe(22981): ADAPTER_EVT type=content cls=android.widget.EditText desc=null txt_len=35 pkg=com.larus.nova t_boot_ns=640205430812470
08-30 11:50:36.415 I/AnebProbe(22981): ADAPTER_EVT type=content cls=android.view.ViewGroup desc=null txt_len=0 pkg=com.larus.nova t_boot_ns=640205446135907
08-30 11:50:36.415 I/AnebProbe(22981): ADAPTER_EVT type=content cls=android.widget.EditText desc=null txt_len=36 pkg=com.larus.nova t_boot_ns=640205446290074
08-30 11:50:36.419 I/AnebProbe(22981): ADAPTER_EVT type=content cls=android.widget.EditText desc=null txt_len=37 pkg=com.larus.nova t_boot_ns=640205451030699
08-30 11:50:36.434 I/AnebProbe(22981): ADAPTER_EVT type=content cls=android.view.ViewGroup desc=null txt_len=0 pkg=com.larus.nova t_boot_ns=640205466090595
08-30 11:50:36.435 I/AnebProbe(22981): ADAPTER_EVT type=content cls=android.widget.EditText desc=null txt_len=38 pkg=com.larus.nova t_boot_ns=640205466267157
08-30 11:50:36.450 I/AnebProbe(22981): ADAPTER_EVT type=content cls=android.view.ViewGroup desc=null txt_len=0 pkg=com.larus.nova t_boot_ns=640205481317678
08-30 11:50:36.450 I/AnebProbe(22981): ADAPTER_EVT type=content cls=android.widget.EditText desc=null txt_len=39 pkg=com.larus.nova t_boot_ns=640205481993199
08-30 11:50:36.465 I/AnebProbe(22981): ADAPTER_EVT type=content cls=android.view.ViewGroup desc=null txt_len=0 pkg=com.larus.nova t_boot_ns=640205496992678
08-30 11:50:36.466 I/AnebProbe(22981): ADAPTER_EVT type=content cls=android.widget.EditText desc=null txt_len=40 pkg=com.larus.nova t_boot_ns=640205497184345
08-30 11:50:36.484 I/AnebProbe(22981): ADAPTER_EVT type=content cls=android.view.ViewGroup desc=null txt_len=0 pkg=com.larus.nova t_boot_ns=640205515310907
08-30 11:50:36.484 I/AnebProbe(22981): ADAPTER_EVT type=content cls=android.widget.EditText desc=null txt_len=41 pkg=com.larus.nova t_boot_ns=640205515474449
08-30 11:50:36.498 I/AnebProbe(22981): ADAPTER_EVT type=content cls=android.view.ViewGroup desc=null txt_len=0 pkg=com.larus.nova t_boot_ns=640205529606741
08-30 11:50:36.498 I/AnebProbe(22981): ADAPTER_EVT type=content cls=android.widget.EditText desc=null txt_len=42 pkg=com.larus.nova t_boot_ns=640205529964032
08-30 11:50:36.511 I/AnebProbe(22981): ADAPTER_EVT type=content cls=android.view.ViewGroup desc=null txt_len=0 pkg=com.larus.nova t_boot_ns=640205542177053
08-30 11:50:36.511 I/AnebProbe(22981): ADAPTER_EVT type=content cls=android.widget.EditText desc=null txt_len=43 pkg=com.larus.nova t_boot_ns=640205542517678
08-30 11:50:36.516 I/AnebProbe(22981): ADAPTER_EVT type=content cls=android.widget.EditText desc=null txt_len=44 pkg=com.larus.nova t_boot_ns=640205547561428
08-30 11:50:36.529 I/AnebProbe(22981): ADAPTER_EVT type=content cls=android.view.ViewGroup desc=null txt_len=0 pkg=com.larus.nova t_boot_ns=640205560379657
08-30 11:50:36.529 I/AnebProbe(22981): ADAPTER_EVT type=content cls=android.widget.EditText desc=null txt_len=45 pkg=com.larus.nova t_boot_ns=640205561035907
08-30 11:50:36.534 I/AnebProbe(22981): ADAPTER_EVT type=content cls=android.widget.EditText desc=null txt_len=46 pkg=com.larus.nova t_boot_ns=640205565991116
08-30 11:50:36.548 I/AnebProbe(22981): ADAPTER_EVT type=content cls=android.view.ViewGroup desc=null txt_len=0 pkg=com.larus.nova t_boot_ns=640205579601011
08-30 11:50:36.548 I/AnebProbe(22981): ADAPTER_EVT type=content cls=android.widget.EditText desc=null txt_len=47 pkg=com.larus.nova t_boot_ns=640205579786428
08-30 11:50:36.562 I/AnebProbe(22981): ADAPTER_EVT type=content cls=android.view.ViewGroup desc=null txt_len=0 pkg=com.larus.nova t_boot_ns=640205593108303
08-30 11:50:36.562 I/AnebProbe(22981): ADAPTER_EVT type=content cls=android.widget.EditText desc=null txt_len=48 pkg=com.larus.nova t_boot_ns=640205593341116
08-30 11:50:36.569 I/AnebProbe(22981): ADAPTER_EVT type=content cls=android.widget.EditText desc=null txt_len=49 pkg=com.larus.nova t_boot_ns=640205600132782
08-30 11:50:36.594 I/AnebProbe(22981): ADAPTER_EVT type=content cls=android.view.ViewGroup desc=null txt_len=0 pkg=com.larus.nova t_boot_ns=640205625557782
08-30 11:50:36.594 I/AnebProbe(22981): ADAPTER_EVT type=content cls=android.widget.EditText desc=null txt_len=50 pkg=com.larus.nova t_boot_ns=640205625717157
08-30 11:50:36.603 I/AnebProbe(22981): ADAPTER_EVT type=content cls=android.widget.EditText desc=null txt_len=51 pkg=com.larus.nova t_boot_ns=640205634259866
08-30 11:50:36.619 I/AnebProbe(22981): ADAPTER_EVT type=content cls=android.view.ViewGroup desc=null txt_len=0 pkg=com.larus.nova t_boot_ns=640205650172366
08-30 11:50:36.619 I/AnebProbe(22981): ADAPTER_EVT type=content cls=android.widget.EditText desc=null txt_len=52 pkg=com.larus.nova t_boot_ns=640205650341116
08-30 11:50:36.631 I/AnebProbe(22981): ADAPTER_EVT type=content cls=android.view.ViewGroup desc=null txt_len=0 pkg=com.larus.nova t_boot_ns=640205662120803
08-30 11:50:36.631 I/AnebProbe(22981): ADAPTER_EVT type=content cls=android.widget.EditText desc=null txt_len=53 pkg=com.larus.nova t_boot_ns=640205662281220
08-30 11:50:36.643 I/AnebProbe(22981): ADAPTER_EVT type=content cls=android.view.ViewGroup desc=null txt_len=0 pkg=com.larus.nova t_boot_ns=640205674969761
08-30 11:50:36.643 I/AnebProbe(22981): ADAPTER_EVT type=content cls=android.widget.EditText desc=null txt_len=54 pkg=com.larus.nova t_boot_ns=640205675133303
08-30 11:50:36.649 I/AnebProbe(22981): ADAPTER_EVT type=content cls=android.widget.EditText desc=null txt_len=55 pkg=com.larus.nova t_boot_ns=640205680151532
08-30 11:50:36.662 I/AnebProbe(22981): ADAPTER_EVT type=content cls=android.view.ViewGroup desc=null txt_len=0 pkg=com.larus.nova t_boot_ns=640205693118720
08-30 11:50:36.662 I/AnebProbe(22981): ADAPTER_EVT type=content cls=android.widget.EditText desc=null txt_len=56 pkg=com.larus.nova t_boot_ns=640205693312991
08-30 11:50:36.668 I/AnebProbe(22981): ADAPTER_EVT type=content cls=android.widget.EditText desc=null txt_len=57 pkg=com.larus.nova t_boot_ns=640205699373928
08-30 11:50:36.680 I/AnebProbe(22981): ADAPTER_EVT type=content cls=android.view.ViewGroup desc=null txt_len=0 pkg=com.larus.nova t_boot_ns=640205712080178
08-30 11:50:36.681 I/AnebProbe(22981): ADAPTER_EVT type=content cls=android.widget.EditText desc=null txt_len=58 pkg=com.larus.nova t_boot_ns=640205712271845
08-30 11:50:36.693 I/AnebProbe(22981): ADAPTER_EVT type=content cls=android.view.ViewGroup desc=null txt_len=0 pkg=com.larus.nova t_boot_ns=640205724156220
08-30 11:50:36.693 I/AnebProbe(22981): ADAPTER_EVT type=content cls=android.widget.EditText desc=null txt_len=59 pkg=com.larus.nova t_boot_ns=640205725010386
08-30 11:50:36.698 I/AnebProbe(22981): ADAPTER_EVT type=content cls=android.widget.EditText desc=null txt_len=60 pkg=com.larus.nova t_boot_ns=640205729170282
08-30 11:50:36.710 I/AnebProbe(22981): ADAPTER_EVT type=content cls=android.view.ViewGroup desc=null txt_len=0 pkg=com.larus.nova t_boot_ns=640205741279657
08-30 11:50:36.710 I/AnebProbe(22981): ADAPTER_EVT type=content cls=android.widget.EditText desc=null txt_len=61 pkg=com.larus.nova t_boot_ns=640205741840074
08-30 11:50:36.715 I/AnebProbe(22981): ADAPTER_EVT type=content cls=android.widget.EditText desc=null txt_len=62 pkg=com.larus.nova t_boot_ns=640205746511428
08-30 11:50:36.727 I/AnebProbe(22981): ADAPTER_EVT type=content cls=android.view.ViewGroup desc=null txt_len=0 pkg=com.larus.nova t_boot_ns=640205759048928
08-30 11:50:36.728 I/AnebProbe(22981): ADAPTER_EVT type=content cls=android.widget.EditText desc=null txt_len=63 pkg=com.larus.nova t_boot_ns=640205759517157
08-30 11:50:36.733 I/AnebProbe(22981): ADAPTER_EVT type=content cls=android.widget.EditText desc=null txt_len=64 pkg=com.larus.nova t_boot_ns=640205764258303
08-30 11:50:36.745 I/AnebProbe(22981): ADAPTER_EVT type=content cls=android.view.ViewGroup desc=null txt_len=0 pkg=com.larus.nova t_boot_ns=640205776695282
08-30 11:50:36.745 I/AnebProbe(22981): ADAPTER_EVT type=content cls=android.widget.EditText desc=null txt_len=65 pkg=com.larus.nova t_boot_ns=640205776847366
08-30 11:50:36.750 I/AnebProbe(22981): ADAPTER_EVT type=content cls=android.widget.EditText desc=null txt_len=66 pkg=com.larus.nova t_boot_ns=640205781514032
08-30 11:50:36.762 I/AnebProbe(22981): ADAPTER_EVT type=content cls=android.view.ViewGroup desc=null txt_len=0 pkg=com.larus.nova t_boot_ns=640205794128095
08-30 11:50:36.763 I/AnebProbe(22981): ADAPTER_EVT type=content cls=android.widget.EditText desc=null txt_len=67 pkg=com.larus.nova t_boot_ns=640205794282261
08-30 11:50:36.768 I/AnebProbe(22981): ADAPTER_EVT type=content cls=android.widget.EditText desc=null txt_len=68 pkg=com.larus.nova t_boot_ns=640205799128095
08-30 11:50:36.780 I/AnebProbe(22981): ADAPTER_EVT type=content cls=android.view.ViewGroup desc=null txt_len=0 pkg=com.larus.nova t_boot_ns=640205811597366
08-30 11:50:36.780 I/AnebProbe(22981): ADAPTER_EVT type=content cls=android.widget.EditText desc=null txt_len=69 pkg=com.larus.nova t_boot_ns=640205811776011
08-30 11:50:36.793 I/AnebProbe(22981): ADAPTER_EVT type=content cls=android.view.ViewGroup desc=null txt_len=0 pkg=com.larus.nova t_boot_ns=640205824900491
08-30 11:50:36.794 I/AnebProbe(22981): ADAPTER_EVT type=content cls=android.widget.EditText desc=null txt_len=70 pkg=com.larus.nova t_boot_ns=640205825227053
08-30 11:50:36.798 I/AnebProbe(22981): ADAPTER_EVT type=content cls=android.widget.EditText desc=null txt_len=71 pkg=com.larus.nova t_boot_ns=640205829311428
08-30 11:50:36.810 I/AnebProbe(22981): ADAPTER_EVT type=content cls=android.view.ViewGroup desc=null txt_len=0 pkg=com.larus.nova t_boot_ns=640205842111949
08-30 11:50:36.811 I/AnebProbe(22981): ADAPTER_EVT type=content cls=android.widget.EditText desc=null txt_len=72 pkg=com.larus.nova t_boot_ns=640205842261428
08-30 11:50:36.816 I/AnebProbe(22981): ADAPTER_EVT type=content cls=android.widget.EditText desc=null txt_len=73 pkg=com.larus.nova t_boot_ns=640205847514032
08-30 11:50:36.829 I/AnebProbe(22981): ADAPTER_EVT type=content cls=android.view.ViewGroup desc=null txt_len=0 pkg=com.larus.nova t_boot_ns=640205860117157
08-30 11:50:36.829 I/AnebProbe(22981): ADAPTER_EVT type=content cls=android.widget.EditText desc=null txt_len=74 pkg=com.larus.nova t_boot_ns=640205860311428
08-30 11:50:36.834 I/AnebProbe(22981): ADAPTER_EVT type=content cls=android.widget.EditText desc=null txt_len=75 pkg=com.larus.nova t_boot_ns=640205865252574
08-30 11:50:36.847 I/AnebProbe(22981): ADAPTER_EVT type=content cls=android.view.ViewGroup desc=null txt_len=0 pkg=com.larus.nova t_boot_ns=640205878611428
08-30 11:50:36.847 I/AnebProbe(22981): ADAPTER_EVT type=content cls=android.widget.EditText desc=null txt_len=76 pkg=com.larus.nova t_boot_ns=640205878762991
08-30 11:50:36.860 I/AnebProbe(22981): ADAPTER_EVT type=content cls=android.view.ViewGroup desc=null txt_len=0 pkg=com.larus.nova t_boot_ns=640205891694761
08-30 11:50:36.861 I/AnebProbe(22981): ADAPTER_EVT type=content cls=android.widget.EditText desc=null txt_len=77 pkg=com.larus.nova t_boot_ns=640205892268199
08-30 11:50:36.863 I/AnebProbe(22981): ADAPTER_EVT type=content cls=android.view.ViewGroup desc=null txt_len=0 pkg=com.larus.nova t_boot_ns=640205894480178
08-30 11:50:36.866 I/AnebProbe(22981): ADAPTER_EVT type=content cls=android.widget.EditText desc=null txt_len=78 pkg=com.larus.nova t_boot_ns=640205897226011
08-30 11:50:36.879 I/AnebProbe(22981): ADAPTER_EVT type=content cls=android.view.ViewGroup desc=null txt_len=0 pkg=com.larus.nova t_boot_ns=640205911018199
08-30 11:50:36.879 I/AnebProbe(22981): ADAPTER_EVT type=content cls=android.widget.EditText desc=null txt_len=79 pkg=com.larus.nova t_boot_ns=640205911170803
08-30 11:50:36.892 I/AnebProbe(22981): ADAPTER_EVT type=content cls=android.view.ViewGroup desc=null txt_len=0 pkg=com.larus.nova t_boot_ns=640205923803616
08-30 11:50:36.892 I/AnebProbe(22981): ADAPTER_EVT type=content cls=android.widget.EditText desc=null txt_len=80 pkg=com.larus.nova t_boot_ns=640205924027053
08-30 11:50:36.899 I/AnebProbe(22981): ADAPTER_EVT type=content cls=android.widget.EditText desc=null txt_len=81 pkg=com.larus.nova t_boot_ns=640205930268199
08-30 11:50:37.007 I/AnebProbe(22981): ADAPTER_EVT type=content cls=android.view.ViewGroup desc=null txt_len=0 pkg=com.larus.nova t_boot_ns=640206038274449
08-30 11:50:37.108 I/AnebProbe(22981): ADAPTER_EVT type=content cls=android.view.ViewGroup desc=null txt_len=0 pkg=com.larus.nova t_boot_ns=640206139683303
08-30 11:50:37.214 I/AnebProbe(22981): ADAPTER_EVT type=content cls=android.view.ViewGroup desc=null txt_len=0 pkg=com.larus.nova t_boot_ns=640206245324970
08-30 11:50:37.325 I/AnebProbe(22981): ADAPTER_EVT type=content cls=android.view.ViewGroup desc=null txt_len=0 pkg=com.larus.nova t_boot_ns=640206356609345
08-30 11:50:37.426 I/AnebProbe(22981): ADAPTER_EVT type=content cls=android.view.ViewGroup desc=null txt_len=0 pkg=com.larus.nova t_boot_ns=640206457252053
08-30 11:50:37.526 I/AnebProbe(22981): ADAPTER_EVT type=content cls=android.view.ViewGroup desc=null txt_len=0 pkg=com.larus.nova t_boot_ns=640206557778615
08-30 11:50:37.646 I/AnebProbe(22981): ADAPTER_EVT type=content cls=android.view.ViewGroup desc=null txt_len=0 pkg=com.larus.nova t_boot_ns=640206676726532
08-30 11:50:37.758 I/AnebProbe(22981): ADAPTER_EVT type=content cls=android.view.ViewGroup desc=null txt_len=0 pkg=com.larus.nova t_boot_ns=640206788918720
08-30 11:50:37.861 I/AnebProbe(22981): ADAPTER_EVT type=content cls=android.view.ViewGroup desc=null txt_len=0 pkg=com.larus.nova t_boot_ns=640206892189553
08-30 11:50:37.978 I/AnebProbe(22981): ADAPTER_EVT type=content cls=android.view.ViewGroup desc=null txt_len=0 pkg=com.larus.nova t_boot_ns=640207009699449
08-30 11:50:38.086 I/AnebProbe(22981): ADAPTER_EVT type=content cls=android.view.ViewGroup desc=null txt_len=0 pkg=com.larus.nova t_boot_ns=640207116901011
08-30 11:50:38.186 I/AnebProbe(22981): ADAPTER_EVT type=content cls=android.view.ViewGroup desc=null txt_len=0 pkg=com.larus.nova t_boot_ns=640207217451532
08-30 11:50:38.303 I/AnebProbe(22981): ADAPTER_EVT type=content cls=android.view.ViewGroup desc=null txt_len=0 pkg=com.larus.nova t_boot_ns=640207334284345
08-30 11:50:38.404 I/AnebProbe(22981): ADAPTER_EVT type=content cls=android.view.ViewGroup desc=null txt_len=0 pkg=com.larus.nova t_boot_ns=640207434864032
08-30 11:50:38.507 I/AnebProbe(22981): ADAPTER_EVT type=content cls=android.view.ViewGroup desc=null txt_len=0 pkg=com.larus.nova t_boot_ns=640207537781740
08-30 11:50:38.624 I/AnebProbe(22981): ADAPTER_EVT type=content cls=android.view.ViewGroup desc=null txt_len=0 pkg=com.larus.nova t_boot_ns=640207654891115
08-30 11:50:38.738 I/AnebProbe(22981): ADAPTER_EVT type=content cls=android.view.ViewGroup desc=null txt_len=0 pkg=com.larus.nova t_boot_ns=640207769761428
08-30 11:50:38.854 I/AnebProbe(22981): ADAPTER_EVT type=content cls=android.view.ViewGroup desc=null txt_len=0 pkg=com.larus.nova t_boot_ns=640207885308824
08-30 11:50:38.896 I/AnebE4MARK(15728): E4MARK kind=turn_start n=1
08-30 11:50:38.969 I/AnebProbe(22981): ADAPTER_EVT type=content cls=android.view.ViewGroup desc=null txt_len=0 pkg=com.larus.nova t_boot_ns=640207999875490
08-30 11:50:39.029 I/AnebProbe(22981): ADAPTER_EVT type=content cls=android.view.ViewGroup desc=null txt_len=0 pkg=com.larus.nova t_boot_ns=640208060974449
08-30 11:50:39.043 I/AnebProbe(22981): ADAPTER_EVT type=content cls=android.view.ViewGroup desc=null txt_len=0 pkg=com.larus.nova t_boot_ns=640208074973407
08-30 11:50:39.144 I/AnebProbe(22981): ADAPTER_EVT type=content cls=android.view.ViewGroup desc=null txt_len=0 pkg=com.larus.nova t_boot_ns=640208175735386
08-30 11:50:39.406 I/AnebProbe(22981): ADAPTER_EVT type=content cls=androidx.drawerlayout.widget.DrawerLayout desc=null txt_len=0 pkg=com.larus.nova t_boot_ns=640208437472886
08-30 11:50:39.506 I/AnebProbe(22981): ADAPTER_EVT type=content cls=androidx.drawerlayout.widget.DrawerLayout desc=null txt_len=0 pkg=com.larus.nova t_boot_ns=640208537709865
08-30 11:50:39.926 I/AnebProbe(22981): ADAPTER_EVT type=content cls=androidx.drawerlayout.widget.DrawerLayout desc=null txt_len=0 pkg=com.larus.nova t_boot_ns=640208957881219
08-30 11:50:39.928 I/AnebProbe(22981): ADAPTER_OBS pkg=com.larus.nova mode=doubao events=207 rule_matched=1 first_delta_ms=0 cadence_p50_ms=13.4 session_span_ms=32631.7 confidence=LOW/INCONCLUSIVE reason=throttle ttft_send_ms=null anchor_source=null ttft_cluster_ms=2919.6 ttft_density_ms=null
08-30 11:50:40.104 I/AnebProbe(22981): ADAPTER_EVT type=content cls=androidx.drawerlayout.widget.DrawerLayout desc=null txt_len=0 pkg=com.larus.nova t_boot_ns=640209135417678
08-30 11:50:40.204 I/AnebProbe(22981): ADAPTER_EVT type=content cls=androidx.drawerlayout.widget.DrawerLayout desc=null txt_len=0 pkg=com.larus.nova t_boot_ns=640209235036428
08-30 11:50:40.305 I/AnebProbe(22981): ADAPTER_EVT type=content cls=android.widget.TextView desc=null txt_len=0 pkg=com.larus.nova t_boot_ns=640209336034865
08-30 11:50:40.609 I/AnebProbe(22981): ADAPTER_EVT type=content cls=android.widget.FrameLayout desc=打电话 txt_len=0 pkg=com.larus.nova t_boot_ns=640209640748928
08-30 11:50:40.711 I/AnebProbe(22981): ADAPTER_EVT type=content cls=androidx.drawerlayout.widget.DrawerLayout desc=null txt_len=0 pkg=com.larus.nova t_boot_ns=640209741843719
08-30 11:50:40.839 I/AnebProbe(22981): ADAPTER_EVT type=content cls=androidx.recyclerview.widget.RecyclerView desc=null txt_len=0 pkg=com.larus.nova t_boot_ns=640209869911948
08-30 11:50:40.965 I/AnebProbe(22981): ADAPTER_EVT type=content cls=androidx.recyclerview.widget.RecyclerView desc=null txt_len=0 pkg=com.larus.nova t_boot_ns=640209996631219
08-30 11:50:41.074 I/AnebProbe(22981): ADAPTER_EVT type=content cls=androidx.recyclerview.widget.RecyclerView desc=null txt_len=0 pkg=com.larus.nova t_boot_ns=640210105414552
08-30 11:50:41.177 I/AnebProbe(22981): ADAPTER_EVT type=content cls=androidx.drawerlayout.widget.DrawerLayout desc=null txt_len=0 pkg=com.larus.nova t_boot_ns=640210207954136
08-30 11:50:41.291 I/AnebProbe(22981): ADAPTER_EVT type=content cls=android.view.ViewGroup desc=null txt_len=0 pkg=com.larus.nova t_boot_ns=640210322483823
08-30 11:50:41.408 I/AnebProbe(22981): ADAPTER_EVT type=content cls=androidx.recyclerview.widget.RecyclerView desc=null txt_len=0 pkg=com.larus.nova t_boot_ns=640210438921844
08-30 11:50:41.515 I/AnebProbe(22981): ADAPTER_EVT type=content cls=androidx.recyclerview.widget.RecyclerView desc=null txt_len=0 pkg=com.larus.nova t_boot_ns=640210546211427
08-30 11:50:41.630 I/AnebProbe(22981): ADAPTER_EVT type=content cls=androidx.drawerlayout.widget.DrawerLayout desc=null txt_len=0 pkg=com.larus.nova t_boot_ns=640210654330177
08-30 11:50:41.730 I/AnebProbe(22981): ADAPTER_EVT type=content cls=androidx.drawerlayout.widget.DrawerLayout desc=null txt_len=0 pkg=com.larus.nova t_boot_ns=640210761104136
08-30 11:50:41.831 I/AnebProbe(22981): ADAPTER_EVT type=content cls=androidx.recyclerview.widget.RecyclerView desc=null txt_len=0 pkg=com.larus.nova t_boot_ns=640210861870282
08-30 11:50:41.932 I/AnebProbe(22981): ADAPTER_EVT type=content cls=androidx.recyclerview.widget.RecyclerView desc=null txt_len=0 pkg=com.larus.nova t_boot_ns=640210963563511
08-30 11:50:42.040 I/AnebProbe(22981): ADAPTER_EVT type=content cls=androidx.recyclerview.widget.RecyclerView desc=null txt_len=0 pkg=com.larus.nova t_boot_ns=640211071652052
08-30 11:50:42.141 I/AnebProbe(22981): ADAPTER_EVT type=content cls=androidx.recyclerview.widget.RecyclerView desc=null txt_len=0 pkg=com.larus.nova t_boot_ns=640211171889031
08-30 11:50:42.241 I/AnebProbe(22981): ADAPTER_EVT type=content cls=androidx.recyclerview.widget.RecyclerView desc=null txt_len=0 pkg=com.larus.nova t_boot_ns=640211272030698
08-30 11:50:42.349 I/AnebProbe(22981): ADAPTER_EVT type=content cls=androidx.recyclerview.widget.RecyclerView desc=null txt_len=0 pkg=com.larus.nova t_boot_ns=640211380665594
08-30 11:50:42.451 I/AnebProbe(22981): ADAPTER_EVT type=content cls=androidx.recyclerview.widget.RecyclerView desc=null txt_len=0 pkg=com.larus.nova t_boot_ns=640211481996844
08-30 11:50:42.550 I/AnebProbe(22981): ADAPTER_EVT type=content cls=androidx.recyclerview.widget.RecyclerView desc=null txt_len=0 pkg=com.larus.nova t_boot_ns=640211580969240
08-30 11:50:42.666 I/AnebProbe(22981): ADAPTER_EVT type=content cls=androidx.recyclerview.widget.RecyclerView desc=null txt_len=0 pkg=com.larus.nova t_boot_ns=640211697605698
08-30 11:50:42.767 I/AnebProbe(22981): ADAPTER_EVT type=content cls=androidx.recyclerview.widget.RecyclerView desc=null txt_len=0 pkg=com.larus.nova t_boot_ns=640211798037990
08-30 11:50:42.868 I/AnebProbe(22981): ADAPTER_EVT type=content cls=androidx.recyclerview.widget.RecyclerView desc=null txt_len=0 pkg=com.larus.nova t_boot_ns=640211899594240
08-30 11:50:42.982 I/AnebProbe(22981): ADAPTER_EVT type=content cls=androidx.recyclerview.widget.RecyclerView desc=null txt_len=0 pkg=com.larus.nova t_boot_ns=640212013024969
08-30 11:50:43.096 I/AnebProbe(22981): ADAPTER_EVT type=content cls=androidx.recyclerview.widget.RecyclerView desc=null txt_len=0 pkg=com.larus.nova t_boot_ns=640212127282260
08-30 11:50:43.215 I/AnebProbe(22981): ADAPTER_EVT type=content cls=androidx.recyclerview.widget.RecyclerView desc=null txt_len=0 pkg=com.larus.nova t_boot_ns=640212246342156
08-30 11:50:43.326 I/AnebProbe(22981): ADAPTER_EVT type=content cls=androidx.recyclerview.widget.RecyclerView desc=null txt_len=0 pkg=com.larus.nova t_boot_ns=640212357134344
08-30 11:50:43.430 I/AnebProbe(22981): ADAPTER_EVT type=content cls=androidx.recyclerview.widget.RecyclerView desc=null txt_len=0 pkg=com.larus.nova t_boot_ns=640212461426010
08-30 11:50:43.545 I/AnebProbe(22981): ADAPTER_EVT type=content cls=androidx.recyclerview.widget.RecyclerView desc=null txt_len=0 pkg=com.larus.nova t_boot_ns=640212576061948
08-30 11:50:43.648 I/AnebProbe(22981): ADAPTER_EVT type=content cls=androidx.recyclerview.widget.RecyclerView desc=null txt_len=0 pkg=com.larus.nova t_boot_ns=640212679564552
08-30 11:50:43.761 I/AnebProbe(22981): ADAPTER_EVT type=content cls=androidx.recyclerview.widget.RecyclerView desc=null txt_len=0 pkg=com.larus.nova t_boot_ns=640212791918198
08-30 11:50:43.865 I/AnebProbe(22981): ADAPTER_EVT type=content cls=androidx.recyclerview.widget.RecyclerView desc=null txt_len=0 pkg=com.larus.nova t_boot_ns=640212896141635
08-30 11:50:43.977 I/AnebProbe(22981): ADAPTER_EVT type=content cls=androidx.recyclerview.widget.RecyclerView desc=null txt_len=0 pkg=com.larus.nova t_boot_ns=640213008452052
08-30 11:50:44.089 I/AnebProbe(22981): ADAPTER_EVT type=content cls=androidx.recyclerview.widget.RecyclerView desc=null txt_len=0 pkg=com.larus.nova t_boot_ns=640213119974448
08-30 11:50:44.192 I/AnebProbe(22981): ADAPTER_EVT type=content cls=androidx.recyclerview.widget.RecyclerView desc=null txt_len=0 pkg=com.larus.nova t_boot_ns=640213223744760
08-30 11:50:44.307 I/AnebProbe(22981): ADAPTER_EVT type=content cls=androidx.recyclerview.widget.RecyclerView desc=null txt_len=0 pkg=com.larus.nova t_boot_ns=640213338364031
08-30 11:50:44.408 I/AnebProbe(22981): ADAPTER_EVT type=content cls=androidx.recyclerview.widget.RecyclerView desc=null txt_len=0 pkg=com.larus.nova t_boot_ns=640213438952573
08-30 11:50:44.508 I/AnebProbe(22981): ADAPTER_EVT type=content cls=androidx.recyclerview.widget.RecyclerView desc=null txt_len=0 pkg=com.larus.nova t_boot_ns=640213539454656
08-30 11:50:44.608 I/AnebProbe(22981): ADAPTER_EVT type=content cls=androidx.recyclerview.widget.RecyclerView desc=null txt_len=0 pkg=com.larus.nova t_boot_ns=640213639672885
08-30 11:50:44.723 I/AnebProbe(22981): ADAPTER_EVT type=content cls=androidx.recyclerview.widget.RecyclerView desc=null txt_len=0 pkg=com.larus.nova t_boot_ns=640213754396844
08-30 11:50:44.824 I/AnebProbe(22981): ADAPTER_EVT type=content cls=androidx.recyclerview.widget.RecyclerView desc=null txt_len=0 pkg=com.larus.nova t_boot_ns=640213855204135
08-30 11:50:44.933 I/AnebProbe(22981): ADAPTER_EVT type=content cls=android.view.ViewGroup desc=null txt_len=0 pkg=com.larus.nova t_boot_ns=640213964647364
08-30 11:50:44.936 I/AnebProbe(22981): ADAPTER_OBS pkg=com.larus.nova mode=doubao events=251 rule_matched=36 first_delta_ms=0 cadence_p50_ms=20.9 session_span_ms=37638.5 confidence=LOW/INCONCLUSIVE reason=throttle ttft_send_ms=null anchor_source=null ttft_cluster_ms=2919.6 ttft_density_ms=null
08-30 11:50:45.034 I/AnebProbe(22981): ADAPTER_EVT type=content cls=android.view.ViewGroup desc=null txt_len=0 pkg=com.larus.nova t_boot_ns=640214065093198
08-30 11:50:45.135 I/AnebProbe(22981): ADAPTER_EVT type=content cls=android.view.ViewGroup desc=null txt_len=0 pkg=com.larus.nova t_boot_ns=640214166327052
08-30 11:50:45.237 I/AnebProbe(22981): ADAPTER_EVT type=content cls=android.view.ViewGroup desc=null txt_len=0 pkg=com.larus.nova t_boot_ns=640214267966635
08-30 11:50:45.349 I/AnebProbe(22981): ADAPTER_EVT type=content cls=androidx.recyclerview.widget.RecyclerView desc=null txt_len=0 pkg=com.larus.nova t_boot_ns=640214379246323
08-30 11:50:45.446 I/AnebProbe(22981): ADAPTER_EVT type=content cls=androidx.recyclerview.widget.RecyclerView desc=null txt_len=0 pkg=com.larus.nova t_boot_ns=640214476989552
08-30 11:50:45.552 I/AnebProbe(22981): ADAPTER_EVT type=content cls=androidx.recyclerview.widget.RecyclerView desc=null txt_len=0 pkg=com.larus.nova t_boot_ns=640214583567677
08-30 11:50:45.672 I/AnebProbe(22981): ADAPTER_EVT type=content cls=androidx.recyclerview.widget.RecyclerView desc=null txt_len=0 pkg=com.larus.nova t_boot_ns=640214702952052
08-30 11:50:45.772 I/AnebProbe(22981): ADAPTER_EVT type=content cls=androidx.recyclerview.widget.RecyclerView desc=null txt_len=0 pkg=com.larus.nova t_boot_ns=640214803235385
08-30 11:50:45.909 I/AnebProbe(22981): ADAPTER_EVT type=content cls=androidx.recyclerview.widget.RecyclerView desc=null txt_len=0 pkg=com.larus.nova t_boot_ns=640214940200489
08-30 11:50:46.010 I/AnebProbe(22981): ADAPTER_EVT type=content cls=androidx.recyclerview.widget.RecyclerView desc=null txt_len=0 pkg=com.larus.nova t_boot_ns=640215040851531
08-30 11:50:46.123 I/AnebProbe(22981): ADAPTER_EVT type=content cls=androidx.recyclerview.widget.RecyclerView desc=null txt_len=0 pkg=com.larus.nova t_boot_ns=640215154610385
08-30 11:50:46.232 I/AnebProbe(22981): ADAPTER_EVT type=content cls=androidx.recyclerview.widget.RecyclerView desc=null txt_len=0 pkg=com.larus.nova t_boot_ns=640215263709343
08-30 11:50:46.332 I/AnebProbe(22981): ADAPTER_EVT type=content cls=androidx.recyclerview.widget.RecyclerView desc=null txt_len=0 pkg=com.larus.nova t_boot_ns=640215363722364
08-30 11:50:46.433 I/AnebProbe(22981): ADAPTER_EVT type=content cls=androidx.recyclerview.widget.RecyclerView desc=null txt_len=0 pkg=com.larus.nova t_boot_ns=640215464339552
08-30 11:50:46.544 I/AnebProbe(22981): ADAPTER_EVT type=content cls=androidx.recyclerview.widget.RecyclerView desc=null txt_len=0 pkg=com.larus.nova t_boot_ns=640215575558822
08-30 11:50:46.651 I/AnebProbe(22981): ADAPTER_EVT type=content cls=androidx.recyclerview.widget.RecyclerView desc=null txt_len=0 pkg=com.larus.nova t_boot_ns=640215682638510
08-30 11:50:46.767 I/AnebProbe(22981): ADAPTER_EVT type=content cls=androidx.recyclerview.widget.RecyclerView desc=null txt_len=0 pkg=com.larus.nova t_boot_ns=640215797917677
08-30 11:50:46.887 I/AnebProbe(22981): ADAPTER_EVT type=content cls=androidx.recyclerview.widget.RecyclerView desc=null txt_len=0 pkg=com.larus.nova t_boot_ns=640215918411427
08-30 11:50:46.995 I/AnebProbe(22981): ADAPTER_EVT type=content cls=androidx.recyclerview.widget.RecyclerView desc=null txt_len=0 pkg=com.larus.nova t_boot_ns=640216026289031
08-30 11:50:47.111 I/AnebProbe(22981): ADAPTER_EVT type=content cls=androidx.recyclerview.widget.RecyclerView desc=null txt_len=0 pkg=com.larus.nova t_boot_ns=640216142535385
08-30 11:50:47.212 I/AnebProbe(22981): ADAPTER_EVT type=content cls=androidx.recyclerview.widget.RecyclerView desc=null txt_len=0 pkg=com.larus.nova t_boot_ns=640216243695802
08-30 11:50:47.317 I/AnebProbe(22981): ADAPTER_EVT type=content cls=androidx.recyclerview.widget.RecyclerView desc=null txt_len=0 pkg=com.larus.nova t_boot_ns=640216348202572
08-30 11:50:47.429 I/AnebProbe(22981): ADAPTER_EVT type=content cls=androidx.recyclerview.widget.RecyclerView desc=null txt_len=0 pkg=com.larus.nova t_boot_ns=640216459873926
08-30 11:50:47.543 I/AnebProbe(22981): ADAPTER_EVT type=content cls=androidx.recyclerview.widget.RecyclerView desc=null txt_len=0 pkg=com.larus.nova t_boot_ns=640216574552572
08-30 11:50:47.643 I/AnebProbe(22981): ADAPTER_EVT type=content cls=androidx.recyclerview.widget.RecyclerView desc=null txt_len=0 pkg=com.larus.nova t_boot_ns=640216674790072
08-30 11:50:47.744 I/AnebProbe(22981): ADAPTER_EVT type=content cls=androidx.recyclerview.widget.RecyclerView desc=null txt_len=0 pkg=com.larus.nova t_boot_ns=640216775447885
08-30 11:50:47.865 I/AnebProbe(22981): ADAPTER_EVT type=content cls=androidx.recyclerview.widget.RecyclerView desc=null txt_len=0 pkg=com.larus.nova t_boot_ns=640216896784343
08-30 11:50:47.974 I/AnebProbe(22981): ADAPTER_EVT type=content cls=androidx.recyclerview.widget.RecyclerView desc=null txt_len=0 pkg=com.larus.nova t_boot_ns=640217005735385
08-30 11:50:48.085 I/AnebProbe(22981): ADAPTER_EVT type=content cls=androidx.recyclerview.widget.RecyclerView desc=null txt_len=0 pkg=com.larus.nova t_boot_ns=640217115958822
08-30 11:50:48.193 I/AnebProbe(22981): ADAPTER_EVT type=content cls=androidx.recyclerview.widget.RecyclerView desc=null txt_len=0 pkg=com.larus.nova t_boot_ns=640217224547364
08-30 11:50:48.294 I/AnebProbe(22981): ADAPTER_EVT type=content cls=androidx.recyclerview.widget.RecyclerView desc=null txt_len=0 pkg=com.larus.nova t_boot_ns=640217324792676
08-30 11:50:48.395 I/AnebProbe(22981): ADAPTER_EVT type=content cls=androidx.recyclerview.widget.RecyclerView desc=null txt_len=0 pkg=com.larus.nova t_boot_ns=640217426425489
08-30 11:50:48.495 I/AnebProbe(22981): ADAPTER_EVT type=content cls=androidx.recyclerview.widget.RecyclerView desc=null txt_len=0 pkg=com.larus.nova t_boot_ns=640217526389551
08-30 11:50:48.596 I/AnebProbe(22981): ADAPTER_EVT type=content cls=androidx.recyclerview.widget.RecyclerView desc=null txt_len=0 pkg=com.larus.nova t_boot_ns=640217627185385
08-30 11:50:48.726 I/AnebProbe(22981): ADAPTER_EVT type=content cls=androidx.recyclerview.widget.RecyclerView desc=null txt_len=0 pkg=com.larus.nova t_boot_ns=640217757116114
08-30 11:50:48.841 I/AnebProbe(22981): ADAPTER_EVT type=content cls=androidx.recyclerview.widget.RecyclerView desc=null txt_len=0 pkg=com.larus.nova t_boot_ns=640217872459864
08-30 11:50:48.956 I/AnebProbe(22981): ADAPTER_EVT type=content cls=androidx.recyclerview.widget.RecyclerView desc=null txt_len=0 pkg=com.larus.nova t_boot_ns=640217987156739
08-30 11:50:49.071 I/AnebProbe(22981): ADAPTER_EVT type=content cls=androidx.recyclerview.widget.RecyclerView desc=null txt_len=0 pkg=com.larus.nova t_boot_ns=640218102272364
08-30 11:50:49.184 I/AnebProbe(22981): ADAPTER_EVT type=content cls=androidx.recyclerview.widget.RecyclerView desc=null txt_len=0 pkg=com.larus.nova t_boot_ns=640218215199447
08-30 11:50:49.286 I/AnebProbe(22981): ADAPTER_EVT type=content cls=androidx.recyclerview.widget.RecyclerView desc=null txt_len=0 pkg=com.larus.nova t_boot_ns=640218316894239
08-30 11:50:49.388 I/AnebProbe(22981): ADAPTER_EVT type=content cls=androidx.recyclerview.widget.RecyclerView desc=null txt_len=0 pkg=com.larus.nova t_boot_ns=640218418692676
08-30 11:50:49.503 I/AnebProbe(22981): ADAPTER_EVT type=content cls=androidx.recyclerview.widget.RecyclerView desc=null txt_len=0 pkg=com.larus.nova t_boot_ns=640218534171843
08-30 11:50:49.618 I/AnebProbe(22981): ADAPTER_EVT type=content cls=androidx.recyclerview.widget.RecyclerView desc=null txt_len=0 pkg=com.larus.nova t_boot_ns=640218648893718
08-30 11:50:49.732 I/AnebProbe(22981): ADAPTER_EVT type=content cls=androidx.recyclerview.widget.RecyclerView desc=null txt_len=0 pkg=com.larus.nova t_boot_ns=640218763242676
08-30 11:50:49.845 I/AnebProbe(22981): ADAPTER_EVT type=content cls=androidx.recyclerview.widget.RecyclerView desc=null txt_len=0 pkg=com.larus.nova t_boot_ns=640218875948926
08-30 11:50:49.948 I/AnebProbe(22981): ADAPTER_EVT type=content cls=androidx.recyclerview.widget.RecyclerView desc=null txt_len=0 pkg=com.larus.nova t_boot_ns=640218979352051
08-30 11:50:49.951 I/AnebProbe(22981): ADAPTER_OBS pkg=com.larus.nova mode=doubao events=297 rule_matched=79 first_delta_ms=0 cadence_p50_ms=21.3 session_span_ms=42653.2 confidence=LOW/INCONCLUSIVE reason=throttle ttft_send_ms=null anchor_source=null ttft_cluster_ms=2919.6 ttft_density_ms=null
08-30 11:50:50.064 I/AnebProbe(22981): ADAPTER_EVT type=content cls=androidx.recyclerview.widget.RecyclerView desc=null txt_len=0 pkg=com.larus.nova t_boot_ns=640219095328614
08-30 11:50:50.179 I/AnebProbe(22981): ADAPTER_EVT type=content cls=androidx.recyclerview.widget.RecyclerView desc=null txt_len=0 pkg=com.larus.nova t_boot_ns=640219210135384
08-30 11:50:50.287 I/AnebProbe(22981): ADAPTER_EVT type=content cls=androidx.recyclerview.widget.RecyclerView desc=null txt_len=0 pkg=com.larus.nova t_boot_ns=640219318210905
08-30 11:50:50.410 I/AnebProbe(22981): ADAPTER_EVT type=content cls=androidx.recyclerview.widget.RecyclerView desc=null txt_len=0 pkg=com.larus.nova t_boot_ns=640219441102572
08-30 11:50:50.512 I/AnebProbe(22981): ADAPTER_EVT type=content cls=androidx.recyclerview.widget.RecyclerView desc=null txt_len=0 pkg=com.larus.nova t_boot_ns=640219543157259
08-30 11:50:50.613 I/AnebProbe(22981): ADAPTER_EVT type=content cls=androidx.recyclerview.widget.RecyclerView desc=null txt_len=0 pkg=com.larus.nova t_boot_ns=640219644460905
08-30 11:50:50.727 I/AnebProbe(22981): ADAPTER_EVT type=content cls=androidx.recyclerview.widget.RecyclerView desc=null txt_len=0 pkg=com.larus.nova t_boot_ns=640219758529134
08-30 11:50:50.829 I/AnebProbe(22981): ADAPTER_EVT type=content cls=androidx.recyclerview.widget.RecyclerView desc=null txt_len=0 pkg=com.larus.nova t_boot_ns=640219860576009
08-30 11:50:50.939 I/AnebProbe(22981): ADAPTER_EVT type=content cls=androidx.recyclerview.widget.RecyclerView desc=null txt_len=0 pkg=com.larus.nova t_boot_ns=640219970678093
08-30 11:50:51.042 I/AnebProbe(22981): ADAPTER_EVT type=content cls=androidx.recyclerview.widget.RecyclerView desc=null txt_len=0 pkg=com.larus.nova t_boot_ns=640220073723405
08-30 11:50:51.158 I/AnebProbe(22981): ADAPTER_EVT type=content cls=androidx.recyclerview.widget.RecyclerView desc=null txt_len=0 pkg=com.larus.nova t_boot_ns=640220189387988
08-30 11:50:51.287 I/AnebProbe(22981): ADAPTER_EVT type=content cls=androidx.recyclerview.widget.RecyclerView desc=null txt_len=0 pkg=com.larus.nova t_boot_ns=640220317770801
08-30 11:50:51.397 I/AnebProbe(22981): ADAPTER_EVT type=content cls=androidx.recyclerview.widget.RecyclerView desc=null txt_len=0 pkg=com.larus.nova t_boot_ns=640220428527051
08-30 11:50:51.509 I/AnebProbe(22981): ADAPTER_EVT type=content cls=androidx.recyclerview.widget.RecyclerView desc=null txt_len=0 pkg=com.larus.nova t_boot_ns=640220540278093
08-30 11:50:51.623 I/AnebProbe(22981): ADAPTER_EVT type=content cls=androidx.recyclerview.widget.RecyclerView desc=null txt_len=0 pkg=com.larus.nova t_boot_ns=640220654664030
08-30 11:50:51.739 I/AnebProbe(22981): ADAPTER_EVT type=content cls=androidx.recyclerview.widget.RecyclerView desc=null txt_len=0 pkg=com.larus.nova t_boot_ns=640220770432259
08-30 11:50:51.842 I/AnebProbe(22981): ADAPTER_EVT type=content cls=androidx.recyclerview.widget.RecyclerView desc=null txt_len=0 pkg=com.larus.nova t_boot_ns=640220873590072
08-30 11:50:51.965 I/AnebProbe(22981): ADAPTER_EVT type=content cls=androidx.recyclerview.widget.RecyclerView desc=null txt_len=0 pkg=com.larus.nova t_boot_ns=640220996654134
08-30 11:50:52.067 I/AnebProbe(22981): ADAPTER_EVT type=content cls=androidx.recyclerview.widget.RecyclerView desc=null txt_len=0 pkg=com.larus.nova t_boot_ns=640221097684342
08-30 11:50:52.176 I/AnebProbe(22981): ADAPTER_EVT type=content cls=androidx.recyclerview.widget.RecyclerView desc=null txt_len=0 pkg=com.larus.nova t_boot_ns=640221207408822
08-30 11:50:52.279 I/AnebProbe(22981): ADAPTER_EVT type=content cls=androidx.recyclerview.widget.RecyclerView desc=null txt_len=0 pkg=com.larus.nova t_boot_ns=640221310257780
08-30 11:50:52.394 I/AnebProbe(22981): ADAPTER_EVT type=content cls=androidx.recyclerview.widget.RecyclerView desc=null txt_len=0 pkg=com.larus.nova t_boot_ns=640221425821842
08-30 11:50:52.497 I/AnebProbe(22981): ADAPTER_EVT type=content cls=androidx.recyclerview.widget.RecyclerView desc=null txt_len=0 pkg=com.larus.nova t_boot_ns=640221528057259
08-30 11:50:52.604 I/AnebProbe(22981): ADAPTER_EVT type=content cls=androidx.recyclerview.widget.RecyclerView desc=null txt_len=0 pkg=com.larus.nova t_boot_ns=640221633089551
08-30 11:50:52.722 I/AnebProbe(22981): ADAPTER_EVT type=content cls=androidx.recyclerview.widget.RecyclerView desc=null txt_len=0 pkg=com.larus.nova t_boot_ns=640221753192676
08-30 11:50:52.845 I/AnebProbe(22981): ADAPTER_EVT type=content cls=androidx.recyclerview.widget.RecyclerView desc=null txt_len=0 pkg=com.larus.nova t_boot_ns=640221875896321
08-30 11:50:52.944 I/AnebProbe(22981): ADAPTER_EVT type=content cls=androidx.recyclerview.widget.RecyclerView desc=null txt_len=0 pkg=com.larus.nova t_boot_ns=640221975293717
08-30 11:50:53.068 I/AnebProbe(22981): ADAPTER_EVT type=content cls=androidx.recyclerview.widget.RecyclerView desc=null txt_len=0 pkg=com.larus.nova t_boot_ns=640222098802051
08-30 11:50:53.176 I/AnebProbe(22981): ADAPTER_EVT type=content cls=androidx.recyclerview.widget.RecyclerView desc=null txt_len=0 pkg=com.larus.nova t_boot_ns=640222207282780
08-30 11:50:53.288 I/AnebProbe(22981): ADAPTER_EVT type=content cls=androidx.recyclerview.widget.RecyclerView desc=null txt_len=0 pkg=com.larus.nova t_boot_ns=640222318963509
08-30 11:50:53.403 I/AnebProbe(22981): ADAPTER_EVT type=content cls=androidx.recyclerview.widget.RecyclerView desc=null txt_len=0 pkg=com.larus.nova t_boot_ns=640222433808821
08-30 11:50:53.514 I/AnebProbe(22981): ADAPTER_EVT type=content cls=androidx.recyclerview.widget.RecyclerView desc=null txt_len=0 pkg=com.larus.nova t_boot_ns=640222545406738
08-30 11:50:53.615 I/AnebProbe(22981): ADAPTER_EVT type=content cls=androidx.recyclerview.widget.RecyclerView desc=null txt_len=0 pkg=com.larus.nova t_boot_ns=640222646236426
08-30 11:50:53.740 I/AnebProbe(22981): ADAPTER_EVT type=content cls=androidx.recyclerview.widget.RecyclerView desc=null txt_len=0 pkg=com.larus.nova t_boot_ns=640222770785384
08-30 11:50:53.852 I/AnebProbe(22981): ADAPTER_EVT type=content cls=androidx.recyclerview.widget.RecyclerView desc=null txt_len=0 pkg=com.larus.nova t_boot_ns=640222883861426
08-30 11:50:53.956 I/AnebProbe(22981): ADAPTER_EVT type=content cls=androidx.recyclerview.widget.RecyclerView desc=null txt_len=0 pkg=com.larus.nova t_boot_ns=640222987337988
08-30 11:50:54.064 I/AnebProbe(22981): ADAPTER_EVT type=content cls=androidx.recyclerview.widget.RecyclerView desc=null txt_len=0 pkg=com.larus.nova t_boot_ns=640223095145280
08-30 11:50:54.178 I/AnebProbe(22981): ADAPTER_EVT type=content cls=androidx.recyclerview.widget.RecyclerView desc=null txt_len=0 pkg=com.larus.nova t_boot_ns=640223208557259
08-30 11:50:54.282 I/AnebProbe(22981): ADAPTER_EVT type=content cls=androidx.recyclerview.widget.RecyclerView desc=null txt_len=0 pkg=com.larus.nova t_boot_ns=640223313312467
08-30 11:50:54.411 I/AnebProbe(22981): ADAPTER_EVT type=content cls=androidx.recyclerview.widget.RecyclerView desc=null txt_len=0 pkg=com.larus.nova t_boot_ns=640223442073405
08-30 11:50:54.522 I/AnebProbe(22981): ADAPTER_EVT type=content cls=androidx.recyclerview.widget.RecyclerView desc=null txt_len=0 pkg=com.larus.nova t_boot_ns=640223553591113
08-30 11:50:54.630 I/AnebProbe(22981): ADAPTER_EVT type=content cls=androidx.recyclerview.widget.RecyclerView desc=null txt_len=0 pkg=com.larus.nova t_boot_ns=640223660852050
08-30 11:50:54.741 I/AnebProbe(22981): ADAPTER_EVT type=content cls=androidx.recyclerview.widget.RecyclerView desc=null txt_len=0 pkg=com.larus.nova t_boot_ns=640223772335905
08-30 11:50:54.856 I/AnebProbe(22981): ADAPTER_EVT type=content cls=androidx.recyclerview.widget.RecyclerView desc=null txt_len=0 pkg=com.larus.nova t_boot_ns=640223887584342
08-30 11:50:54.972 I/AnebProbe(22981): ADAPTER_EVT type=content cls=androidx.recyclerview.widget.RecyclerView desc=null txt_len=0 pkg=com.larus.nova t_boot_ns=640224003795279
08-30 11:50:54.975 I/AnebProbe(22981): ADAPTER_OBS pkg=com.larus.nova mode=doubao events=342 rule_matched=124 first_delta_ms=0 cadence_p50_ms=101.0 session_span_ms=47677.7 confidence=LOW/INCONCLUSIVE reason=throttle ttft_send_ms=null anchor_source=null ttft_cluster_ms=2919.6 ttft_density_ms=null
08-30 11:50:55.077 I/AnebProbe(22981): ADAPTER_EVT type=content cls=androidx.recyclerview.widget.RecyclerView desc=null txt_len=0 pkg=com.larus.nova t_boot_ns=640224108122363
08-30 11:50:55.189 I/AnebProbe(22981): ADAPTER_EVT type=content cls=androidx.recyclerview.widget.RecyclerView desc=null txt_len=0 pkg=com.larus.nova t_boot_ns=640224219921842
08-30 11:50:55.315 I/AnebProbe(22981): ADAPTER_EVT type=content cls=androidx.recyclerview.widget.RecyclerView desc=null txt_len=0 pkg=com.larus.nova t_boot_ns=640224345989029
08-30 11:50:55.419 I/AnebProbe(22981): ADAPTER_EVT type=content cls=androidx.recyclerview.widget.RecyclerView desc=null txt_len=0 pkg=com.larus.nova t_boot_ns=640224450227571
08-30 11:50:55.537 I/AnebProbe(22981): ADAPTER_EVT type=content cls=androidx.recyclerview.widget.RecyclerView desc=null txt_len=0 pkg=com.larus.nova t_boot_ns=640224567953092
08-30 11:50:55.638 I/AnebProbe(22981): ADAPTER_EVT type=content cls=androidx.recyclerview.widget.RecyclerView desc=null txt_len=0 pkg=com.larus.nova t_boot_ns=640224669437467
08-30 11:50:55.751 I/AnebProbe(22981): ADAPTER_EVT type=content cls=androidx.recyclerview.widget.RecyclerView desc=null txt_len=0 pkg=com.larus.nova t_boot_ns=640224782516634
08-30 11:50:55.853 I/AnebProbe(22981): ADAPTER_EVT type=content cls=androidx.recyclerview.widget.RecyclerView desc=null txt_len=0 pkg=com.larus.nova t_boot_ns=640224884298404
08-30 11:50:55.971 I/AnebProbe(22981): ADAPTER_EVT type=content cls=androidx.recyclerview.widget.RecyclerView desc=null txt_len=0 pkg=com.larus.nova t_boot_ns=640224999157259
08-30 11:50:56.078 I/AnebProbe(22981): ADAPTER_EVT type=content cls=androidx.recyclerview.widget.RecyclerView desc=null txt_len=0 pkg=com.larus.nova t_boot_ns=640225109057779
08-30 11:50:56.183 I/AnebProbe(22981): ADAPTER_EVT type=content cls=androidx.recyclerview.widget.RecyclerView desc=null txt_len=0 pkg=com.larus.nova t_boot_ns=640225214620800
08-30 11:50:56.289 I/AnebProbe(22981): ADAPTER_EVT type=content cls=androidx.recyclerview.widget.RecyclerView desc=null txt_len=0 pkg=com.larus.nova t_boot_ns=640225320418717
08-30 11:50:56.389 I/AnebProbe(22981): ADAPTER_EVT type=content cls=androidx.recyclerview.widget.RecyclerView desc=null txt_len=0 pkg=com.larus.nova t_boot_ns=640225419940071
08-30 11:50:56.531 I/AnebProbe(22981): ADAPTER_EVT type=content cls=androidx.recyclerview.widget.RecyclerView desc=null txt_len=0 pkg=com.larus.nova t_boot_ns=640225562427050
08-30 11:50:56.639 I/AnebProbe(22981): ADAPTER_EVT type=content cls=androidx.recyclerview.widget.RecyclerView desc=null txt_len=0 pkg=com.larus.nova t_boot_ns=640225670540592
08-30 11:50:56.755 I/AnebProbe(22981): ADAPTER_EVT type=content cls=androidx.recyclerview.widget.RecyclerView desc=null txt_len=0 pkg=com.larus.nova t_boot_ns=640225785958300
08-30 11:50:56.883 I/AnebProbe(22981): ADAPTER_EVT type=content cls=androidx.recyclerview.widget.RecyclerView desc=null txt_len=0 pkg=com.larus.nova t_boot_ns=640225914037467
08-30 11:50:57.019 I/AnebProbe(22981): ADAPTER_EVT type=content cls=androidx.recyclerview.widget.RecyclerView desc=null txt_len=0 pkg=com.larus.nova t_boot_ns=640226050701529
08-30 11:50:57.128 I/AnebProbe(22981): ADAPTER_EVT type=content cls=androidx.recyclerview.widget.RecyclerView desc=null txt_len=0 pkg=com.larus.nova t_boot_ns=640226159201529
08-30 11:50:57.229 I/AnebProbe(22981): ADAPTER_EVT type=content cls=androidx.recyclerview.widget.RecyclerView desc=null txt_len=0 pkg=com.larus.nova t_boot_ns=640226260309862
08-30 11:50:57.345 I/AnebProbe(22981): ADAPTER_EVT type=content cls=androidx.recyclerview.widget.RecyclerView desc=null txt_len=0 pkg=com.larus.nova t_boot_ns=640226376655175
08-30 11:50:57.460 I/AnebProbe(22981): ADAPTER_EVT type=content cls=androidx.recyclerview.widget.RecyclerView desc=null txt_len=0 pkg=com.larus.nova t_boot_ns=640226490999446
08-30 11:50:57.561 I/AnebProbe(22981): ADAPTER_EVT type=content cls=androidx.recyclerview.widget.RecyclerView desc=null txt_len=0 pkg=com.larus.nova t_boot_ns=640226592374967
08-30 11:50:57.689 I/AnebProbe(22981): ADAPTER_EVT type=content cls=androidx.recyclerview.widget.RecyclerView desc=null txt_len=0 pkg=com.larus.nova t_boot_ns=640226720218196
08-30 11:50:57.793 I/AnebProbe(22981): ADAPTER_EVT type=content cls=androidx.recyclerview.widget.RecyclerView desc=null txt_len=0 pkg=com.larus.nova t_boot_ns=640226824168196
08-30 11:50:57.925 I/AnebProbe(22981): ADAPTER_EVT type=content cls=androidx.recyclerview.widget.RecyclerView desc=null txt_len=0 pkg=com.larus.nova t_boot_ns=640226955876529
08-30 11:50:58.025 I/AnebProbe(22981): ADAPTER_EVT type=content cls=androidx.recyclerview.widget.RecyclerView desc=null txt_len=0 pkg=com.larus.nova t_boot_ns=640227056318717
08-30 11:50:58.161 I/AnebProbe(22981): ADAPTER_EVT type=content cls=androidx.recyclerview.widget.RecyclerView desc=null txt_len=0 pkg=com.larus.nova t_boot_ns=640227191827050
08-30 11:50:58.301 I/AnebProbe(22981): ADAPTER_EVT type=content cls=androidx.recyclerview.widget.RecyclerView desc=null txt_len=0 pkg=com.larus.nova t_boot_ns=640227332243196
08-30 11:50:58.408 I/AnebProbe(22981): ADAPTER_EVT type=content cls=androidx.recyclerview.widget.RecyclerView desc=null txt_len=0 pkg=com.larus.nova t_boot_ns=640227438803091
08-30 11:50:58.546 I/AnebProbe(22981): ADAPTER_EVT type=content cls=androidx.recyclerview.widget.RecyclerView desc=null txt_len=0 pkg=com.larus.nova t_boot_ns=640227577282258
08-30 11:50:58.646 I/AnebProbe(22981): ADAPTER_EVT type=content cls=androidx.recyclerview.widget.RecyclerView desc=null txt_len=0 pkg=com.larus.nova t_boot_ns=640227677757258
08-30 11:50:58.816 I/AnebProbe(22981): ADAPTER_EVT type=content cls=androidx.recyclerview.widget.RecyclerView desc=null txt_len=0 pkg=com.larus.nova t_boot_ns=640227847006216
08-30 11:50:58.923 I/AnebProbe(22981): ADAPTER_EVT type=content cls=androidx.recyclerview.widget.RecyclerView desc=null txt_len=0 pkg=com.larus.nova t_boot_ns=640227954342675
08-30 11:50:59.043 I/AnebProbe(22981): ADAPTER_EVT type=content cls=androidx.recyclerview.widget.RecyclerView desc=null txt_len=0 pkg=com.larus.nova t_boot_ns=640228074503612
08-30 11:50:59.154 I/AnebProbe(22981): ADAPTER_EVT type=content cls=androidx.recyclerview.widget.RecyclerView desc=null txt_len=0 pkg=com.larus.nova t_boot_ns=640228185289550
08-30 11:50:59.275 I/AnebProbe(22981): ADAPTER_EVT type=content cls=androidx.recyclerview.widget.RecyclerView desc=null txt_len=0 pkg=com.larus.nova t_boot_ns=640228306135904
08-30 11:50:59.384 I/AnebProbe(22981): ADAPTER_EVT type=content cls=androidx.recyclerview.widget.RecyclerView desc=null txt_len=0 pkg=com.larus.nova t_boot_ns=640228415587987
08-30 11:50:59.506 I/AnebProbe(22981): ADAPTER_EVT type=content cls=androidx.recyclerview.widget.RecyclerView desc=null txt_len=0 pkg=com.larus.nova t_boot_ns=640228537237466
08-30 11:50:59.626 I/AnebProbe(22981): ADAPTER_EVT type=content cls=androidx.recyclerview.widget.RecyclerView desc=null txt_len=0 pkg=com.larus.nova t_boot_ns=640228657136945
08-30 11:50:59.751 I/AnebProbe(22981): ADAPTER_EVT type=content cls=androidx.recyclerview.widget.RecyclerView desc=null txt_len=0 pkg=com.larus.nova t_boot_ns=640228782385904
08-30 11:50:59.862 I/AnebProbe(22981): ADAPTER_EVT type=content cls=androidx.recyclerview.widget.RecyclerView desc=null txt_len=0 pkg=com.larus.nova t_boot_ns=640228893408300
08-30 11:50:59.976 I/AnebProbe(22981): ADAPTER_EVT type=content cls=androidx.recyclerview.widget.RecyclerView desc=null txt_len=0 pkg=com.larus.nova t_boot_ns=640229007099966
08-30 11:50:59.979 I/AnebProbe(22981): ADAPTER_OBS pkg=com.larus.nova mode=doubao events=385 rule_matched=167 first_delta_ms=0 cadence_p50_ms=105.6 session_span_ms=52681.0 confidence=LOW/INCONCLUSIVE reason=throttle ttft_send_ms=null anchor_source=null ttft_cluster_ms=2919.6 ttft_density_ms=null
08-30 11:51:00.095 I/AnebProbe(22981): ADAPTER_EVT type=content cls=androidx.drawerlayout.widget.DrawerLayout desc=null txt_len=0 pkg=com.larus.nova t_boot_ns=640229126072362
08-30 11:51:00.240 I/AnebProbe(22981): ADAPTER_EVT type=content cls=androidx.drawerlayout.widget.DrawerLayout desc=null txt_len=0 pkg=com.larus.nova t_boot_ns=640229271652570
08-30 11:51:00.370 I/AnebProbe(22981): ADAPTER_EVT type=content cls=androidx.drawerlayout.widget.DrawerLayout desc=null txt_len=0 pkg=com.larus.nova t_boot_ns=640229400838508
08-30 11:51:00.469 I/AnebProbe(22981): ADAPTER_EVT type=content cls=androidx.drawerlayout.widget.DrawerLayout desc=null txt_len=0 pkg=com.larus.nova t_boot_ns=640229500370799
08-30 11:51:00.764 I/AnebProbe(22981): ADAPTER_EVT type=content cls=androidx.drawerlayout.widget.DrawerLayout desc=null txt_len=0 pkg=com.larus.nova t_boot_ns=640229795703612
08-30 11:51:00.865 I/AnebProbe(22981): ADAPTER_EVT type=content cls=androidx.drawerlayout.widget.DrawerLayout desc=null txt_len=0 pkg=com.larus.nova t_boot_ns=640229896231737
08-30 11:51:54.088 I/AnebE4MARK(15943): E4MARK kind=answer_complete n=1
08-30 11:51:56.298 I/AnebProbe(22981): ADAPTER_EVT type=click cls=android.widget.ImageView desc=返回 txt_len=2 pkg=com.larus.nova t_boot_ns=640285330058291
08-30 11:51:56.299 I/AnebProbe(22981): ADAPTER_OBS pkg=com.larus.nova mode=doubao events=391 rule_matched=167 first_delta_ms=0 cadence_p50_ms=106.8 session_span_ms=53570.1 confidence=LOW/INCONCLUSIVE reason=throttle ttft_send_ms=null anchor_source=null ttft_cluster_ms=2919.6 ttft_density_ms=null
08-30 11:51:56.410 I/AnebProbe(22981): ADAPTER_EVT type=content cls=androidx.drawerlayout.widget.DrawerLayout desc=null txt_len=0 pkg=com.larus.nova t_boot_ns=640285441607249
08-30 11:51:56.527 I/AnebProbe(22981): ADAPTER_EVT type=content cls=androidx.drawerlayout.widget.DrawerLayout desc=null txt_len=0 pkg=com.larus.nova t_boot_ns=640285557954645
08-30 11:51:56.645 I/AnebProbe(22981): ADAPTER_EVT type=content cls=androidx.drawerlayout.widget.DrawerLayout desc=null txt_len=0 pkg=com.larus.nova t_boot_ns=640285676564020
08-30 11:51:56.730 I/AnebProbe(22981): ADAPTER_EVT type=content cls=androidx.drawerlayout.widget.DrawerLayout desc=null txt_len=0 pkg=com.larus.nova t_boot_ns=640285761846312
08-30 11:51:57.999 I/AnebProbe(22981): ADAPTER_EVT type=click cls=android.widget.ImageView desc=创建新对话 txt_len=5 pkg=com.larus.nova t_boot_ns=640287030656728
08-30 11:51:58.010 I/AnebProbe(22981): ADAPTER_EVT type=content cls=android.widget.FrameLayout desc=null txt_len=0 pkg=com.larus.nova t_boot_ns=640287041283812
08-30 11:51:58.245 I/AnebProbe(22981): ADAPTER_EVT type=content cls=androidx.drawerlayout.widget.DrawerLayout desc=null txt_len=0 pkg=com.larus.nova t_boot_ns=640287276141103
08-30 11:51:58.383 I/AnebProbe(22981): ADAPTER_EVT type=content cls=androidx.drawerlayout.widget.DrawerLayout desc=null txt_len=0 pkg=com.larus.nova t_boot_ns=640287414916103
08-30 11:51:58.422 I/AnebProbe(22981): ADAPTER_EVT type=content cls=androidx.drawerlayout.widget.DrawerLayout desc=null txt_len=0 pkg=com.larus.nova t_boot_ns=640287453796311
08-30 11:51:58.427 I/AnebProbe(22981): ADAPTER_EVT type=content cls=androidx.recyclerview.widget.RecyclerView desc=null txt_len=0 pkg=com.larus.nova t_boot_ns=640287458387457
08-30 11:51:58.516 I/AnebProbe(22981): ADAPTER_EVT type=content cls=android.view.ViewGroup desc=null txt_len=0 pkg=com.larus.nova t_boot_ns=640287547654124
08-30 11:51:58.617 I/AnebProbe(22981): ADAPTER_EVT type=content cls=android.view.ViewGroup desc=null txt_len=0 pkg=com.larus.nova t_boot_ns=640287648194228
08-30 11:51:58.727 I/AnebProbe(22981): ADAPTER_EVT type=content cls=androidx.drawerlayout.widget.DrawerLayout desc=null txt_len=0 pkg=com.larus.nova t_boot_ns=640287758748395
08-30 11:51:58.840 I/AnebProbe(22981): ADAPTER_EVT type=content cls=android.view.ViewGroup desc=null txt_len=0 pkg=com.larus.nova t_boot_ns=640287871316624
08-30 11:51:58.984 I/AnebProbe(22981): ADAPTER_EVT type=content cls=androidx.recyclerview.widget.RecyclerView desc=null txt_len=0 pkg=com.larus.nova t_boot_ns=640288015808811
08-30 11:51:59.078 I/AnebProbe(22981): ADAPTER_EVT type=content cls=android.view.ViewGroup desc=null txt_len=0 pkg=com.larus.nova t_boot_ns=640288108920791
08-30 11:51:59.178 I/AnebProbe(22981): ADAPTER_EVT type=content cls=android.view.ViewGroup desc=null txt_len=0 pkg=com.larus.nova t_boot_ns=640288209431728
08-30 11:51:59.278 I/AnebProbe(22981): ADAPTER_EVT type=content cls=android.view.ViewGroup desc=null txt_len=0 pkg=com.larus.nova t_boot_ns=640288309554124
08-30 11:51:59.390 I/AnebProbe(22981): ADAPTER_EVT type=content cls=android.view.ViewGroup desc=null txt_len=0 pkg=com.larus.nova t_boot_ns=640288420699957
08-30 11:51:59.489 I/AnebProbe(22981): ADAPTER_EVT type=content cls=android.view.ViewGroup desc=null txt_len=0 pkg=com.larus.nova t_boot_ns=640288519978603
08-30 11:51:59.588 I/AnebProbe(22981): ADAPTER_EVT type=content cls=android.view.ViewGroup desc=null txt_len=0 pkg=com.larus.nova t_boot_ns=640288619559332
08-30 11:51:59.693 I/AnebProbe(22981): ADAPTER_EVT type=content cls=android.view.ViewGroup desc=null txt_len=0 pkg=com.larus.nova t_boot_ns=640288724629645
08-30 11:51:59.794 I/AnebProbe(22981): ADAPTER_EVT type=content cls=android.view.ViewGroup desc=null txt_len=0 pkg=com.larus.nova t_boot_ns=640288825423395
08-30 11:51:59.894 I/AnebProbe(22981): ADAPTER_EVT type=content cls=android.view.ViewGroup desc=null txt_len=0 pkg=com.larus.nova t_boot_ns=640288925613499
08-30 11:51:59.995 I/AnebProbe(22981): ADAPTER_EVT type=content cls=androidx.drawerlayout.widget.DrawerLayout desc=null txt_len=0 pkg=com.larus.nova t_boot_ns=640289026295270
08-30 11:52:00.112 I/AnebProbe(22981): ADAPTER_EVT type=content cls=android.view.ViewGroup desc=null txt_len=0 pkg=com.larus.nova t_boot_ns=640289143277561
08-30 11:52:00.226 I/AnebProbe(22981): ADAPTER_EVT type=content cls=android.view.ViewGroup desc=null txt_len=0 pkg=com.larus.nova t_boot_ns=640289256792665
08-30 11:52:00.325 I/AnebProbe(22981): ADAPTER_EVT type=content cls=android.view.ViewGroup desc=null txt_len=0 pkg=com.larus.nova t_boot_ns=640289356167665
08-30 11:52:00.857 I/AnebProbe(22981): ADAPTER_EVT type=content cls=android.view.ViewGroup desc=新对话，打开设置页 txt_len=0 pkg=com.larus.nova t_boot_ns=640289888531207
08-30 11:52:00.960 I/AnebProbe(22981): ADAPTER_EVT type=content cls=android.view.ViewGroup desc=null txt_len=0 pkg=com.larus.nova t_boot_ns=640289992053082
08-30 11:52:01.078 I/AnebProbe(22981): ADAPTER_EVT type=content cls=android.view.ViewGroup desc=null txt_len=0 pkg=com.larus.nova t_boot_ns=640290109718186
08-30 11:52:01.179 I/AnebProbe(22981): ADAPTER_EVT type=content cls=android.view.ViewGroup desc=null txt_len=0 pkg=com.larus.nova t_boot_ns=640290210527561
08-30 11:52:01.295 I/AnebProbe(22981): ADAPTER_EVT type=content cls=android.view.ViewGroup desc=null txt_len=0 pkg=com.larus.nova t_boot_ns=640290326422353
08-30 11:52:01.406 I/AnebProbe(22981): ADAPTER_EVT type=content cls=android.view.ViewGroup desc=null txt_len=0 pkg=com.larus.nova t_boot_ns=640290437534332
08-30 11:52:01.407 I/AnebProbe(22981): ADAPTER_OBS pkg=com.larus.nova mode=doubao events=424 rule_matched=169 first_delta_ms=0 cadence_p50_ms=108.6 session_span_ms=114111.4 confidence=LOW/INCONCLUSIVE reason=throttle ttft_send_ms=null anchor_source=null ttft_cluster_ms=2919.6 ttft_density_ms=null
08-30 11:52:01.506 I/AnebProbe(22981): ADAPTER_EVT type=content cls=android.view.ViewGroup desc=null txt_len=0 pkg=com.larus.nova t_boot_ns=640290537957249
08-30 11:52:01.607 I/AnebProbe(22981): ADAPTER_EVT type=content cls=android.view.ViewGroup desc=null txt_len=0 pkg=com.larus.nova t_boot_ns=640290638557248
08-30 11:52:01.720 I/AnebProbe(22981): ADAPTER_EVT type=content cls=android.view.ViewGroup desc=null txt_len=0 pkg=com.larus.nova t_boot_ns=640290751758290
08-30 11:52:01.823 I/AnebProbe(22981): ADAPTER_EVT type=content cls=android.view.ViewGroup desc=null txt_len=0 pkg=com.larus.nova t_boot_ns=640290854395790
08-30 11:52:01.927 I/AnebProbe(22981): ADAPTER_EVT type=content cls=android.view.ViewGroup desc=null txt_len=0 pkg=com.larus.nova t_boot_ns=640290958170269
08-30 11:52:02.036 I/AnebProbe(22981): ADAPTER_EVT type=content cls=android.view.ViewGroup desc=null txt_len=0 pkg=com.larus.nova t_boot_ns=640291067684853
08-30 11:52:02.138 I/AnebProbe(22981): ADAPTER_EVT type=content cls=android.view.ViewGroup desc=null txt_len=0 pkg=com.larus.nova t_boot_ns=640291169735894
08-30 11:52:02.224 I/AnebProbe(22981): ADAPTER_EVT type=content cls=android.view.ViewGroup desc=null txt_len=0 pkg=com.larus.nova t_boot_ns=640291255049436
08-30 11:52:02.224 I/AnebProbe(22981): ADAPTER_EVT type=content cls=android.widget.EditText desc=null txt_len=1 pkg=com.larus.nova t_boot_ns=640291255567665
08-30 11:52:02.228 I/AnebProbe(22981): ADAPTER_EVT type=content cls=android.view.ViewGroup desc=null txt_len=0 pkg=com.larus.nova t_boot_ns=640291259846832
08-30 11:52:02.282 I/AnebProbe(22981): ADAPTER_EVT type=content cls=android.view.ViewGroup desc=null txt_len=0 pkg=com.larus.nova t_boot_ns=640291311679123
08-30 11:52:02.282 I/AnebProbe(22981): ADAPTER_EVT type=content cls=android.widget.EditText desc=null txt_len=2 pkg=com.larus.nova t_boot_ns=640291313434853
08-30 11:52:02.302 I/AnebProbe(22981): ADAPTER_EVT type=content cls=android.view.ViewGroup desc=null txt_len=0 pkg=com.larus.nova t_boot_ns=640291333871311
08-30 11:52:02.303 I/AnebProbe(22981): ADAPTER_EVT type=content cls=android.widget.EditText desc=null txt_len=3 pkg=com.larus.nova t_boot_ns=640291334277561
08-30 11:52:02.312 I/AnebProbe(22981): ADAPTER_EVT type=content cls=android.widget.EditText desc=null txt_len=4 pkg=com.larus.nova t_boot_ns=640291343385894
08-30 11:52:02.336 I/AnebProbe(22981): ADAPTER_EVT type=content cls=android.view.ViewGroup desc=null txt_len=0 pkg=com.larus.nova t_boot_ns=640291367793186
08-30 11:52:02.342 I/AnebProbe(22981): ADAPTER_EVT type=content cls=android.widget.EditText desc=null txt_len=5 pkg=com.larus.nova t_boot_ns=640291373621832
08-30 11:52:02.363 I/AnebProbe(22981): ADAPTER_EVT type=content cls=android.view.ViewGroup desc=null txt_len=0 pkg=com.larus.nova t_boot_ns=640291393959853
08-30 11:52:02.365 I/AnebProbe(22981): ADAPTER_EVT type=content cls=android.widget.EditText desc=null txt_len=6 pkg=com.larus.nova t_boot_ns=640291396011415
08-30 11:52:02.386 I/AnebProbe(22981): ADAPTER_EVT type=content cls=android.view.ViewGroup desc=null txt_len=0 pkg=com.larus.nova t_boot_ns=640291417417665
08-30 11:52:02.386 I/AnebProbe(22981): ADAPTER_EVT type=content cls=android.widget.EditText desc=null txt_len=7 pkg=com.larus.nova t_boot_ns=640291417871311
08-30 11:52:02.411 I/AnebProbe(22981): ADAPTER_EVT type=content cls=android.view.ViewGroup desc=null txt_len=0 pkg=com.larus.nova t_boot_ns=640291440978082
08-30 11:52:02.412 I/AnebProbe(22981): ADAPTER_EVT type=content cls=android.widget.EditText desc=null txt_len=8 pkg=com.larus.nova t_boot_ns=640291443012978
08-30 11:52:02.431 I/AnebProbe(22981): ADAPTER_EVT type=content cls=android.view.ViewGroup desc=null txt_len=0 pkg=com.larus.nova t_boot_ns=640291462291623
08-30 11:52:02.431 I/AnebProbe(22981): ADAPTER_EVT type=content cls=android.widget.EditText desc=null txt_len=9 pkg=com.larus.nova t_boot_ns=640291462779123
08-30 11:52:02.452 I/AnebProbe(22981): ADAPTER_EVT type=content cls=android.view.ViewGroup desc=null txt_len=0 pkg=com.larus.nova t_boot_ns=640291483405686
08-30 11:52:02.452 I/AnebProbe(22981): ADAPTER_EVT type=content cls=android.widget.EditText desc=null txt_len=10 pkg=com.larus.nova t_boot_ns=640291483891103
08-30 11:52:02.474 I/AnebProbe(22981): ADAPTER_EVT type=content cls=android.view.ViewGroup desc=null txt_len=0 pkg=com.larus.nova t_boot_ns=640291505623915
08-30 11:52:02.475 I/AnebProbe(22981): ADAPTER_EVT type=content cls=android.widget.EditText desc=null txt_len=11 pkg=com.larus.nova t_boot_ns=640291506119228
08-30 11:52:02.495 I/AnebProbe(22981): ADAPTER_EVT type=content cls=android.view.ViewGroup desc=null txt_len=0 pkg=com.larus.nova t_boot_ns=640291526166623
08-30 11:52:02.495 I/AnebProbe(22981): ADAPTER_EVT type=content cls=android.widget.EditText desc=null txt_len=12 pkg=com.larus.nova t_boot_ns=640291526613498
08-30 11:52:02.518 I/AnebProbe(22981): ADAPTER_EVT type=content cls=android.view.ViewGroup desc=null txt_len=0 pkg=com.larus.nova t_boot_ns=640291549001519
08-30 11:52:02.519 I/AnebProbe(22981): ADAPTER_EVT type=content cls=android.widget.EditText desc=null txt_len=13 pkg=com.larus.nova t_boot_ns=640291549637457
08-30 11:52:02.528 I/AnebProbe(22981): ADAPTER_EVT type=content cls=android.widget.EditText desc=null txt_len=14 pkg=com.larus.nova t_boot_ns=640291559496311
08-30 11:52:02.548 I/AnebProbe(22981): ADAPTER_EVT type=content cls=android.view.ViewGroup desc=null txt_len=0 pkg=com.larus.nova t_boot_ns=640291578490582
08-30 11:52:02.548 I/AnebProbe(22981): ADAPTER_EVT type=content cls=android.widget.EditText desc=null txt_len=15 pkg=com.larus.nova t_boot_ns=640291579881207
08-30 11:52:02.568 I/AnebProbe(22981): ADAPTER_EVT type=content cls=android.view.ViewGroup desc=null txt_len=0 pkg=com.larus.nova t_boot_ns=640291599405165
08-30 11:52:02.568 I/AnebProbe(22981): ADAPTER_EVT type=content cls=android.widget.EditText desc=null txt_len=16 pkg=com.larus.nova t_boot_ns=640291599857248
08-30 11:52:02.576 I/AnebProbe(22981): ADAPTER_EVT type=content cls=android.widget.EditText desc=null txt_len=17 pkg=com.larus.nova t_boot_ns=640291607256728
08-30 11:52:02.595 I/AnebProbe(22981): ADAPTER_EVT type=content cls=android.view.ViewGroup desc=null txt_len=0 pkg=com.larus.nova t_boot_ns=640291625992144
08-30 11:52:02.595 I/AnebProbe(22981): ADAPTER_EVT type=content cls=android.widget.EditText desc=null txt_len=18 pkg=com.larus.nova t_boot_ns=640291626395269
08-30 11:52:02.617 I/AnebProbe(22981): ADAPTER_EVT type=content cls=android.view.ViewGroup desc=null txt_len=0 pkg=com.larus.nova t_boot_ns=640291648383290
08-30 11:52:02.618 I/AnebProbe(22981): ADAPTER_EVT type=content cls=android.widget.EditText desc=null txt_len=19 pkg=com.larus.nova t_boot_ns=640291649128603
08-30 11:52:02.626 I/AnebProbe(22981): ADAPTER_EVT type=content cls=android.widget.EditText desc=null txt_len=20 pkg=com.larus.nova t_boot_ns=640291657267144
08-30 11:52:02.650 I/AnebProbe(22981): ADAPTER_EVT type=content cls=android.view.ViewGroup desc=null txt_len=0 pkg=com.larus.nova t_boot_ns=640291681017144
08-30 11:52:02.650 I/AnebProbe(22981): ADAPTER_EVT type=content cls=android.widget.EditText desc=null txt_len=21 pkg=com.larus.nova t_boot_ns=640291681512978
08-30 11:52:02.658 I/AnebProbe(22981): ADAPTER_EVT type=content cls=android.widget.EditText desc=null txt_len=22 pkg=com.larus.nova t_boot_ns=640291689693707
08-30 11:52:02.689 I/AnebProbe(22981): ADAPTER_EVT type=content cls=android.view.ViewGroup desc=null txt_len=0 pkg=com.larus.nova t_boot_ns=640291714827561
08-30 11:52:02.690 I/AnebProbe(22981): ADAPTER_EVT type=content cls=android.widget.EditText desc=null txt_len=23 pkg=com.larus.nova t_boot_ns=640291721065061
08-30 11:52:02.695 I/AnebProbe(22981): ADAPTER_EVT type=content cls=android.widget.EditText desc=null txt_len=24 pkg=com.larus.nova t_boot_ns=640291726210373
08-30 11:52:02.718 I/AnebProbe(22981): ADAPTER_EVT type=content cls=android.view.ViewGroup desc=null txt_len=0 pkg=com.larus.nova t_boot_ns=640291748883811
08-30 11:52:02.718 I/AnebProbe(22981): ADAPTER_EVT type=content cls=android.widget.EditText desc=null txt_len=25 pkg=com.larus.nova t_boot_ns=640291749402040
08-30 11:52:02.740 I/AnebProbe(22981): ADAPTER_EVT type=content cls=android.view.ViewGroup desc=null txt_len=0 pkg=com.larus.nova t_boot_ns=640291771139540
08-30 11:52:02.741 I/AnebProbe(22981): ADAPTER_EVT type=content cls=android.widget.EditText desc=null txt_len=26 pkg=com.larus.nova t_boot_ns=640291771825477
08-30 11:52:02.762 I/AnebProbe(22981): ADAPTER_EVT type=content cls=android.view.ViewGroup desc=null txt_len=0 pkg=com.larus.nova t_boot_ns=640291792780686
08-30 11:52:02.762 I/AnebProbe(22981): ADAPTER_EVT type=content cls=android.widget.EditText desc=null txt_len=27 pkg=com.larus.nova t_boot_ns=640291793483290
08-30 11:52:02.787 I/AnebProbe(22981): ADAPTER_EVT type=content cls=android.view.ViewGroup desc=null txt_len=0 pkg=com.larus.nova t_boot_ns=640291816728082
08-30 11:52:02.787 I/AnebProbe(22981): ADAPTER_EVT type=content cls=android.widget.EditText desc=null txt_len=28 pkg=com.larus.nova t_boot_ns=640291818460894
08-30 11:52:02.807 I/AnebProbe(22981): ADAPTER_EVT type=content cls=android.view.ViewGroup desc=null txt_len=0 pkg=com.larus.nova t_boot_ns=640291838677040
08-30 11:52:02.808 I/AnebProbe(22981): ADAPTER_EVT type=content cls=android.widget.EditText desc=null txt_len=29 pkg=com.larus.nova t_boot_ns=640291839144227
08-30 11:52:02.828 I/AnebProbe(22981): ADAPTER_EVT type=content cls=android.view.ViewGroup desc=null txt_len=0 pkg=com.larus.nova t_boot_ns=640291859798394
08-30 11:52:02.829 I/AnebProbe(22981): ADAPTER_EVT type=content cls=android.widget.EditText desc=null txt_len=30 pkg=com.larus.nova t_boot_ns=640291860199436
08-30 11:52:02.842 I/AnebProbe(22981): ADAPTER_EVT type=content cls=android.view.ViewGroup desc=null txt_len=0 pkg=com.larus.nova t_boot_ns=640291873552561
08-30 11:52:02.842 I/AnebProbe(22981): ADAPTER_EVT type=content cls=android.widget.EditText desc=null txt_len=31 pkg=com.larus.nova t_boot_ns=640291873736936
08-30 11:52:02.858 I/AnebProbe(22981): ADAPTER_EVT type=content cls=android.view.ViewGroup desc=null txt_len=0 pkg=com.larus.nova t_boot_ns=640291889912977
08-30 11:52:02.859 I/AnebProbe(22981): ADAPTER_EVT type=content cls=android.widget.EditText desc=null txt_len=32 pkg=com.larus.nova t_boot_ns=640291890103602
08-30 11:52:02.873 I/AnebProbe(22981): ADAPTER_EVT type=content cls=android.view.ViewGroup desc=null txt_len=0 pkg=com.larus.nova t_boot_ns=640291904543707
08-30 11:52:02.873 I/AnebProbe(22981): ADAPTER_EVT type=content cls=android.widget.EditText desc=null txt_len=33 pkg=com.larus.nova t_boot_ns=640291904700998
08-30 11:52:02.887 I/AnebProbe(22981): ADAPTER_EVT type=content cls=android.view.ViewGroup desc=null txt_len=0 pkg=com.larus.nova t_boot_ns=640291918724436
08-30 11:52:02.887 I/AnebProbe(22981): ADAPTER_EVT type=content cls=android.widget.EditText desc=null txt_len=34 pkg=com.larus.nova t_boot_ns=640291918922873
08-30 11:52:02.902 I/AnebProbe(22981): ADAPTER_EVT type=content cls=android.view.ViewGroup desc=null txt_len=0 pkg=com.larus.nova t_boot_ns=640291933174436
08-30 11:52:02.902 I/AnebProbe(22981): ADAPTER_EVT type=content cls=android.widget.EditText desc=null txt_len=35 pkg=com.larus.nova t_boot_ns=640291933503602
08-30 11:52:02.908 I/AnebProbe(22981): ADAPTER_EVT type=content cls=android.widget.EditText desc=null txt_len=36 pkg=com.larus.nova t_boot_ns=640291939140061
08-30 11:52:02.923 I/AnebProbe(22981): ADAPTER_EVT type=content cls=android.view.ViewGroup desc=null txt_len=0 pkg=com.larus.nova t_boot_ns=640291954797873
08-30 11:52:02.924 I/AnebProbe(22981): ADAPTER_EVT type=content cls=android.widget.EditText desc=null txt_len=37 pkg=com.larus.nova t_boot_ns=640291955090582
08-30 11:52:02.939 I/AnebProbe(22981): ADAPTER_EVT type=content cls=android.view.ViewGroup desc=null txt_len=0 pkg=com.larus.nova t_boot_ns=640291970387977
08-30 11:52:02.940 I/AnebProbe(22981): ADAPTER_EVT type=content cls=android.widget.EditText desc=null txt_len=38 pkg=com.larus.nova t_boot_ns=640291971104644
08-30 11:52:02.954 I/AnebProbe(22981): ADAPTER_EVT type=content cls=android.view.ViewGroup desc=null txt_len=0 pkg=com.larus.nova t_boot_ns=640291985654123
08-30 11:52:02.954 I/AnebProbe(22981): ADAPTER_EVT type=content cls=android.widget.EditText desc=null txt_len=39 pkg=com.larus.nova t_boot_ns=640291986039540
08-30 11:52:02.970 I/AnebProbe(22981): ADAPTER_EVT type=content cls=android.view.ViewGroup desc=null txt_len=0 pkg=com.larus.nova t_boot_ns=640292001456727
08-30 11:52:02.971 I/AnebProbe(22981): ADAPTER_EVT type=content cls=android.widget.EditText desc=null txt_len=40 pkg=com.larus.nova t_boot_ns=640292002145269
08-30 11:52:02.988 I/AnebProbe(22981): ADAPTER_EVT type=content cls=android.view.ViewGroup desc=null txt_len=0 pkg=com.larus.nova t_boot_ns=640292020052040
08-30 11:52:02.989 I/AnebProbe(22981): ADAPTER_EVT type=content cls=android.widget.EditText desc=null txt_len=41 pkg=com.larus.nova t_boot_ns=640292020705686
08-30 11:52:03.003 I/AnebProbe(22981): ADAPTER_EVT type=content cls=android.view.ViewGroup desc=null txt_len=0 pkg=com.larus.nova t_boot_ns=640292034617665
08-30 11:52:03.003 I/AnebProbe(22981): ADAPTER_EVT type=content cls=android.widget.EditText desc=null txt_len=42 pkg=com.larus.nova t_boot_ns=640292034778602
08-30 11:52:03.017 I/AnebProbe(22981): ADAPTER_EVT type=content cls=android.view.ViewGroup desc=null txt_len=0 pkg=com.larus.nova t_boot_ns=640292047861415
08-30 11:52:03.017 I/AnebProbe(22981): ADAPTER_EVT type=content cls=android.widget.EditText desc=null txt_len=43 pkg=com.larus.nova t_boot_ns=640292048343707
08-30 11:52:03.023 I/AnebProbe(22981): ADAPTER_EVT type=content cls=android.widget.EditText desc=null txt_len=44 pkg=com.larus.nova t_boot_ns=640292054247352
08-30 11:52:03.036 I/AnebProbe(22981): ADAPTER_EVT type=content cls=android.view.ViewGroup desc=null txt_len=0 pkg=com.larus.nova t_boot_ns=640292068021832
08-30 11:52:03.037 I/AnebProbe(22981): ADAPTER_EVT type=content cls=android.widget.EditText desc=null txt_len=45 pkg=com.larus.nova t_boot_ns=640292068883290
08-30 11:52:03.050 I/AnebProbe(22981): ADAPTER_EVT type=content cls=android.view.ViewGroup desc=null txt_len=0 pkg=com.larus.nova t_boot_ns=640292081738498
08-30 11:52:03.050 I/AnebProbe(22981): ADAPTER_EVT type=content cls=android.widget.EditText desc=null txt_len=46 pkg=com.larus.nova t_boot_ns=640292081893186
08-30 11:52:03.055 I/AnebProbe(22981): ADAPTER_EVT type=content cls=android.widget.EditText desc=null txt_len=47 pkg=com.larus.nova t_boot_ns=640292086737977
08-30 11:52:03.068 I/AnebProbe(22981): ADAPTER_EVT type=content cls=android.view.ViewGroup desc=null txt_len=0 pkg=com.larus.nova t_boot_ns=640292099158811
08-30 11:52:03.068 I/AnebProbe(22981): ADAPTER_EVT type=content cls=android.widget.EditText desc=null txt_len=48 pkg=com.larus.nova t_boot_ns=640292099409332
08-30 11:52:03.073 I/AnebProbe(22981): ADAPTER_EVT type=content cls=android.widget.EditText desc=null txt_len=49 pkg=com.larus.nova t_boot_ns=640292104849957
08-30 11:52:03.086 I/AnebProbe(22981): ADAPTER_EVT type=content cls=android.view.ViewGroup desc=null txt_len=0 pkg=com.larus.nova t_boot_ns=640292117392665
08-30 11:52:03.086 I/AnebProbe(22981): ADAPTER_EVT type=content cls=android.widget.EditText desc=null txt_len=50 pkg=com.larus.nova t_boot_ns=640292117561415
08-30 11:52:03.099 I/AnebProbe(22981): ADAPTER_EVT type=content cls=android.view.ViewGroup desc=null txt_len=0 pkg=com.larus.nova t_boot_ns=640292130464540
08-30 11:52:03.099 I/AnebProbe(22981): ADAPTER_EVT type=content cls=android.widget.EditText desc=null txt_len=51 pkg=com.larus.nova t_boot_ns=640292130648394
08-30 11:52:03.105 I/AnebProbe(22981): ADAPTER_EVT type=content cls=android.widget.EditText desc=null txt_len=52 pkg=com.larus.nova t_boot_ns=640292136244748
08-30 11:52:03.118 I/AnebProbe(22981): ADAPTER_EVT type=content cls=android.view.ViewGroup desc=null txt_len=0 pkg=com.larus.nova t_boot_ns=640292149182248
08-30 11:52:03.118 I/AnebProbe(22981): ADAPTER_EVT type=content cls=android.widget.EditText desc=null txt_len=53 pkg=com.larus.nova t_boot_ns=640292149336415
08-30 11:52:03.122 I/AnebProbe(22981): ADAPTER_EVT type=content cls=android.widget.EditText desc=null txt_len=54 pkg=com.larus.nova t_boot_ns=640292153785894
08-30 11:52:03.135 I/AnebProbe(22981): ADAPTER_EVT type=content cls=android.view.ViewGroup desc=null txt_len=0 pkg=com.larus.nova t_boot_ns=640292166321832
08-30 11:52:03.135 I/AnebProbe(22981): ADAPTER_EVT type=content cls=android.widget.EditText desc=null txt_len=55 pkg=com.larus.nova t_boot_ns=640292166520790
08-30 11:52:03.140 I/AnebProbe(22981): ADAPTER_EVT type=content cls=android.widget.EditText desc=null txt_len=56 pkg=com.larus.nova t_boot_ns=640292171305165
08-30 11:52:03.152 I/AnebProbe(22981): ADAPTER_EVT type=content cls=android.view.ViewGroup desc=null txt_len=0 pkg=com.larus.nova t_boot_ns=640292183555686
08-30 11:52:03.152 I/AnebProbe(22981): ADAPTER_EVT type=content cls=android.widget.EditText desc=null txt_len=57 pkg=com.larus.nova t_boot_ns=640292183704644
08-30 11:52:03.165 I/AnebProbe(22981): ADAPTER_EVT type=content cls=android.view.ViewGroup desc=null txt_len=0 pkg=com.larus.nova t_boot_ns=640292196330165
08-30 11:52:03.165 I/AnebProbe(22981): ADAPTER_EVT type=content cls=android.widget.EditText desc=null txt_len=58 pkg=com.larus.nova t_boot_ns=640292196495790
08-30 11:52:03.170 I/AnebProbe(22981): ADAPTER_EVT type=content cls=android.widget.EditText desc=null txt_len=59 pkg=com.larus.nova t_boot_ns=640292201796311
08-30 11:52:03.183 I/AnebProbe(22981): ADAPTER_EVT type=content cls=android.view.ViewGroup desc=null txt_len=0 pkg=com.larus.nova t_boot_ns=640292214743707
08-30 11:52:03.183 I/AnebProbe(22981): ADAPTER_EVT type=content cls=android.widget.EditText desc=null txt_len=60 pkg=com.larus.nova t_boot_ns=640292214959332
08-30 11:52:03.188 I/AnebProbe(22981): ADAPTER_EVT type=content cls=android.widget.EditText desc=null txt_len=61 pkg=com.larus.nova t_boot_ns=640292219529123
08-30 11:52:03.200 I/AnebProbe(22981): ADAPTER_EVT type=content cls=android.view.ViewGroup desc=null txt_len=0 pkg=com.larus.nova t_boot_ns=640292231993186
08-30 11:52:03.201 I/AnebProbe(22981): ADAPTER_EVT type=content cls=android.widget.EditText desc=null txt_len=62 pkg=com.larus.nova t_boot_ns=640292232281727
08-30 11:52:03.206 I/AnebProbe(22981): ADAPTER_EVT type=content cls=android.widget.EditText desc=null txt_len=63 pkg=com.larus.nova t_boot_ns=640292237299436
08-30 11:52:03.219 I/AnebProbe(22981): ADAPTER_EVT type=content cls=android.view.ViewGroup desc=null txt_len=0 pkg=com.larus.nova t_boot_ns=640292250357248
08-30 11:52:03.219 I/AnebProbe(22981): ADAPTER_EVT type=content cls=android.widget.EditText desc=null txt_len=64 pkg=com.larus.nova t_boot_ns=640292250668186
08-30 11:52:03.246 I/AnebProbe(22981): ADAPTER_EVT type=content cls=android.view.ViewGroup desc=null txt_len=0 pkg=com.larus.nova t_boot_ns=640292277501519
08-30 11:52:03.246 I/AnebProbe(22981): ADAPTER_EVT type=content cls=android.widget.EditText desc=null txt_len=65 pkg=com.larus.nova t_boot_ns=640292277689019
08-30 11:52:03.252 I/AnebProbe(22981): ADAPTER_EVT type=content cls=android.widget.EditText desc=null txt_len=66 pkg=com.larus.nova t_boot_ns=640292284014019
08-30 11:52:03.275 I/AnebProbe(22981): ADAPTER_EVT type=content cls=android.view.ViewGroup desc=null txt_len=0 pkg=com.larus.nova t_boot_ns=640292306633811
08-30 11:52:03.275 I/AnebProbe(22981): ADAPTER_EVT type=content cls=android.widget.EditText desc=null txt_len=67 pkg=com.larus.nova t_boot_ns=640292307066623
08-30 11:52:03.281 I/AnebProbe(22981): ADAPTER_EVT type=content cls=android.widget.EditText desc=null txt_len=68 pkg=com.larus.nova t_boot_ns=640292312505686
08-30 11:52:03.287 I/AnebProbe(22981): ADAPTER_EVT type=content cls=android.widget.EditText desc=null txt_len=69 pkg=com.larus.nova t_boot_ns=640292318157248
08-30 11:52:03.299 I/AnebProbe(22981): ADAPTER_EVT type=content cls=android.view.ViewGroup desc=null txt_len=0 pkg=com.larus.nova t_boot_ns=640292331011936
08-30 11:52:03.299 I/AnebProbe(22981): ADAPTER_EVT type=content cls=android.widget.EditText desc=null txt_len=70 pkg=com.larus.nova t_boot_ns=640292331153082
08-30 11:52:03.304 I/AnebProbe(22981): ADAPTER_EVT type=content cls=android.widget.EditText desc=null txt_len=71 pkg=com.larus.nova t_boot_ns=640292335370790
08-30 11:52:03.315 I/AnebProbe(22981): ADAPTER_EVT type=content cls=android.view.ViewGroup desc=null txt_len=0 pkg=com.larus.nova t_boot_ns=640292346481727
08-30 11:52:03.315 I/AnebProbe(22981): ADAPTER_EVT type=content cls=android.widget.EditText desc=null txt_len=72 pkg=com.larus.nova t_boot_ns=640292346634332
08-30 11:52:03.320 I/AnebProbe(22981): ADAPTER_EVT type=content cls=android.widget.EditText desc=null txt_len=73 pkg=com.larus.nova t_boot_ns=640292351340582
08-30 11:52:03.332 I/AnebProbe(22981): ADAPTER_EVT type=content cls=android.view.ViewGroup desc=null txt_len=0 pkg=com.larus.nova t_boot_ns=640292363255165
08-30 11:52:03.332 I/AnebProbe(22981): ADAPTER_EVT type=content cls=android.widget.EditText desc=null txt_len=74 pkg=com.larus.nova t_boot_ns=640292363479123
08-30 11:52:03.339 I/AnebProbe(22981): ADAPTER_EVT type=content cls=android.widget.EditText desc=null txt_len=75 pkg=com.larus.nova t_boot_ns=640292370281727
08-30 11:52:03.351 I/AnebProbe(22981): ADAPTER_EVT type=content cls=android.view.ViewGroup desc=null txt_len=0 pkg=com.larus.nova t_boot_ns=640292382683290
08-30 11:52:03.351 I/AnebProbe(22981): ADAPTER_EVT type=content cls=android.widget.EditText desc=null txt_len=76 pkg=com.larus.nova t_boot_ns=640292382832248
08-30 11:52:03.363 I/AnebProbe(22981): ADAPTER_EVT type=content cls=android.view.ViewGroup desc=null txt_len=0 pkg=com.larus.nova t_boot_ns=640292395039019
08-30 11:52:03.364 I/AnebProbe(22981): ADAPTER_EVT type=content cls=android.widget.EditText desc=null txt_len=77 pkg=com.larus.nova t_boot_ns=640292395214540
08-30 11:52:03.366 I/AnebProbe(22981): ADAPTER_EVT type=content cls=android.view.ViewGroup desc=null txt_len=0 pkg=com.larus.nova t_boot_ns=640292397379644
08-30 11:52:03.369 I/AnebProbe(22981): ADAPTER_EVT type=content cls=android.widget.EditText desc=null txt_len=78 pkg=com.larus.nova t_boot_ns=640292400678602
08-30 11:52:03.384 I/AnebProbe(22981): ADAPTER_EVT type=content cls=android.view.ViewGroup desc=null txt_len=0 pkg=com.larus.nova t_boot_ns=640292415226519
08-30 11:52:03.384 I/AnebProbe(22981): ADAPTER_EVT type=content cls=android.widget.EditText desc=null txt_len=79 pkg=com.larus.nova t_boot_ns=640292415402040
08-30 11:52:03.397 I/AnebProbe(22981): ADAPTER_EVT type=content cls=android.view.ViewGroup desc=null txt_len=0 pkg=com.larus.nova t_boot_ns=640292428520790
08-30 11:52:03.397 I/AnebProbe(22981): ADAPTER_EVT type=content cls=android.widget.EditText desc=null txt_len=80 pkg=com.larus.nova t_boot_ns=640292428702561
08-30 11:52:03.404 I/AnebProbe(22981): ADAPTER_EVT type=content cls=android.widget.EditText desc=null txt_len=81 pkg=com.larus.nova t_boot_ns=640292435478082
08-30 11:52:03.511 I/AnebProbe(22981): ADAPTER_EVT type=content cls=android.view.ViewGroup desc=null txt_len=0 pkg=com.larus.nova t_boot_ns=640292542120269
08-30 11:52:03.626 I/AnebProbe(22981): ADAPTER_EVT type=content cls=android.view.ViewGroup desc=null txt_len=0 pkg=com.larus.nova t_boot_ns=640292657462457
08-30 11:52:03.731 I/AnebProbe(22981): ADAPTER_EVT type=content cls=android.view.ViewGroup desc=null txt_len=0 pkg=com.larus.nova t_boot_ns=640292761982769
08-30 11:52:03.844 I/AnebProbe(22981): ADAPTER_EVT type=content cls=android.view.ViewGroup desc=null txt_len=0 pkg=com.larus.nova t_boot_ns=640292875430165
08-30 11:52:03.951 I/AnebProbe(22981): ADAPTER_EVT type=content cls=android.view.ViewGroup desc=null txt_len=0 pkg=com.larus.nova t_boot_ns=640292982602561
08-30 11:52:04.064 I/AnebProbe(22981): ADAPTER_EVT type=content cls=android.view.ViewGroup desc=null txt_len=0 pkg=com.larus.nova t_boot_ns=640293094730165
08-30 11:52:04.166 I/AnebProbe(22981): ADAPTER_EVT type=content cls=android.view.ViewGroup desc=null txt_len=0 pkg=com.larus.nova t_boot_ns=640293196642144
08-30 11:52:04.266 I/AnebProbe(22981): ADAPTER_EVT type=content cls=android.view.ViewGroup desc=null txt_len=0 pkg=com.larus.nova t_boot_ns=640293296659852
08-30 11:52:04.366 I/AnebProbe(22981): ADAPTER_EVT type=content cls=android.view.ViewGroup desc=null txt_len=0 pkg=com.larus.nova t_boot_ns=640293397417665
08-30 11:52:04.481 I/AnebProbe(22981): ADAPTER_EVT type=content cls=android.view.ViewGroup desc=null txt_len=0 pkg=com.larus.nova t_boot_ns=640293512575477
08-30 11:52:04.598 I/AnebProbe(22981): ADAPTER_EVT type=content cls=android.view.ViewGroup desc=null txt_len=0 pkg=com.larus.nova t_boot_ns=640293629350998
08-30 11:52:04.701 I/AnebProbe(22981): ADAPTER_EVT type=content cls=android.view.ViewGroup desc=null txt_len=0 pkg=com.larus.nova t_boot_ns=640293731796831
08-30 11:52:04.812 I/AnebProbe(22981): ADAPTER_EVT type=content cls=android.view.ViewGroup desc=null txt_len=0 pkg=com.larus.nova t_boot_ns=640293843539540
08-30 11:52:04.923 I/AnebProbe(22981): ADAPTER_EVT type=content cls=android.view.ViewGroup desc=null txt_len=0 pkg=com.larus.nova t_boot_ns=640293954206727
08-30 11:52:05.023 I/AnebProbe(22981): ADAPTER_EVT type=content cls=android.view.ViewGroup desc=null txt_len=0 pkg=com.larus.nova t_boot_ns=640294054090060
08-30 11:52:05.138 I/AnebProbe(22981): ADAPTER_EVT type=content cls=android.view.ViewGroup desc=null txt_len=0 pkg=com.larus.nova t_boot_ns=640294168966623
08-30 11:52:05.246 I/AnebProbe(22981): ADAPTER_EVT type=content cls=android.view.ViewGroup desc=null txt_len=0 pkg=com.larus.nova t_boot_ns=640294277464019
08-30 11:52:05.356 I/AnebProbe(22981): ADAPTER_EVT type=content cls=android.view.ViewGroup desc=null txt_len=0 pkg=com.larus.nova t_boot_ns=640294386883810
08-30 11:52:05.422 I/AnebE4MARK(16038): E4MARK kind=turn_start n=2
08-30 11:52:05.472 I/AnebProbe(22981): ADAPTER_EVT type=content cls=android.view.ViewGroup desc=null txt_len=0 pkg=com.larus.nova t_boot_ns=640294503050477
08-30 11:52:05.584 I/AnebProbe(22981): ADAPTER_EVT type=content cls=android.view.ViewGroup desc=null txt_len=0 pkg=com.larus.nova t_boot_ns=640294615265060
08-30 11:52:05.602 I/AnebProbe(22981): ADAPTER_EVT type=content cls=android.view.ViewGroup desc=null txt_len=0 pkg=com.larus.nova t_boot_ns=640294633774956
08-30 11:52:05.702 I/AnebProbe(22981): ADAPTER_EVT type=content cls=android.view.ViewGroup desc=null txt_len=0 pkg=com.larus.nova t_boot_ns=640294733498915
08-30 11:52:06.011 I/AnebProbe(22981): ADAPTER_EVT type=content cls=androidx.drawerlayout.widget.DrawerLayout desc=null txt_len=0 pkg=com.larus.nova t_boot_ns=640295042063498
08-30 11:52:06.109 I/AnebProbe(22981): ADAPTER_EVT type=content cls=androidx.drawerlayout.widget.DrawerLayout desc=null txt_len=0 pkg=com.larus.nova t_boot_ns=640295140627560
08-30 11:52:06.366 I/AnebProbe(22981): ADAPTER_EVT type=content cls=androidx.drawerlayout.widget.DrawerLayout desc=null txt_len=0 pkg=com.larus.nova t_boot_ns=640295397775477
08-30 11:52:06.467 I/AnebProbe(22981): ADAPTER_EVT type=content cls=androidx.recyclerview.widget.RecyclerView desc=null txt_len=0 pkg=com.larus.nova t_boot_ns=640295498933810
08-30 11:52:06.468 I/AnebProbe(22981): ADAPTER_OBS pkg=com.larus.nova mode=doubao events=597 rule_matched=170 first_delta_ms=0 cadence_p50_ms=21.4 session_span_ms=119172.8 confidence=LOW/INCONCLUSIVE reason=throttle ttft_send_ms=null anchor_source=null ttft_cluster_ms=null ttft_density_ms=null
08-30 11:52:06.583 I/AnebProbe(22981): ADAPTER_EVT type=content cls=androidx.drawerlayout.widget.DrawerLayout desc=null txt_len=0 pkg=com.larus.nova t_boot_ns=640295614169748
08-30 11:52:06.692 I/AnebProbe(22981): ADAPTER_EVT type=content cls=androidx.drawerlayout.widget.DrawerLayout desc=null txt_len=0 pkg=com.larus.nova t_boot_ns=640295723795269
08-30 11:52:07.340 I/AnebProbe(22981): ADAPTER_EVT type=content cls=androidx.drawerlayout.widget.DrawerLayout desc=null txt_len=0 pkg=com.larus.nova t_boot_ns=640296371672873
08-30 11:52:07.458 I/AnebProbe(22981): ADAPTER_EVT type=content cls=androidx.drawerlayout.widget.DrawerLayout desc=null txt_len=0 pkg=com.larus.nova t_boot_ns=640296489733289
08-30 11:52:07.558 I/AnebProbe(22981): ADAPTER_EVT type=content cls=androidx.drawerlayout.widget.DrawerLayout desc=null txt_len=0 pkg=com.larus.nova t_boot_ns=640296589378602
08-30 11:52:07.699 I/AnebProbe(22981): ADAPTER_EVT type=content cls=androidx.recyclerview.widget.RecyclerView desc=null txt_len=0 pkg=com.larus.nova t_boot_ns=640296730370268
08-30 11:52:07.810 I/AnebProbe(22981): ADAPTER_EVT type=content cls=android.view.ViewGroup desc=null txt_len=0 pkg=com.larus.nova t_boot_ns=640296841665581
08-30 11:52:07.909 I/AnebProbe(22981): ADAPTER_EVT type=content cls=androidx.recyclerview.widget.RecyclerView desc=null txt_len=0 pkg=com.larus.nova t_boot_ns=640296940162456
08-30 11:52:08.053 I/AnebProbe(22981): ADAPTER_EVT type=content cls=androidx.recyclerview.widget.RecyclerView desc=null txt_len=0 pkg=com.larus.nova t_boot_ns=640297084042664
08-30 11:52:08.173 I/AnebProbe(22981): ADAPTER_EVT type=content cls=androidx.drawerlayout.widget.DrawerLayout desc=null txt_len=0 pkg=com.larus.nova t_boot_ns=640297204155685
08-30 11:52:08.273 I/AnebProbe(22981): ADAPTER_EVT type=content cls=android.view.ViewGroup desc=null txt_len=0 pkg=com.larus.nova t_boot_ns=640297304396831
08-30 11:52:08.375 I/AnebProbe(22981): ADAPTER_EVT type=content cls=androidx.recyclerview.widget.RecyclerView desc=null txt_len=0 pkg=com.larus.nova t_boot_ns=640297406141622
08-30 11:52:08.482 I/AnebProbe(22981): ADAPTER_EVT type=content cls=androidx.recyclerview.widget.RecyclerView desc=null txt_len=0 pkg=com.larus.nova t_boot_ns=640297512870268
08-30 11:52:08.589 I/AnebProbe(22981): ADAPTER_EVT type=content cls=androidx.drawerlayout.widget.DrawerLayout desc=null txt_len=0 pkg=com.larus.nova t_boot_ns=640297620330685
08-30 11:52:08.691 I/AnebProbe(22981): ADAPTER_EVT type=content cls=androidx.recyclerview.widget.RecyclerView desc=null txt_len=0 pkg=com.larus.nova t_boot_ns=640297722446831
08-30 11:52:08.798 I/AnebProbe(22981): ADAPTER_EVT type=content cls=androidx.recyclerview.widget.RecyclerView desc=null txt_len=0 pkg=com.larus.nova t_boot_ns=640297829303081
08-30 11:52:08.907 I/AnebProbe(22981): ADAPTER_EVT type=content cls=androidx.recyclerview.widget.RecyclerView desc=null txt_len=0 pkg=com.larus.nova t_boot_ns=640297938252039
08-30 11:52:09.008 I/AnebProbe(22981): ADAPTER_EVT type=content cls=androidx.recyclerview.widget.RecyclerView desc=null txt_len=0 pkg=com.larus.nova t_boot_ns=640298039140581
08-30 11:52:09.124 I/AnebProbe(22981): ADAPTER_EVT type=content cls=androidx.recyclerview.widget.RecyclerView desc=null txt_len=0 pkg=com.larus.nova t_boot_ns=640298155464018
08-30 11:52:09.227 I/AnebProbe(22981): ADAPTER_EVT type=content cls=androidx.recyclerview.widget.RecyclerView desc=null txt_len=0 pkg=com.larus.nova t_boot_ns=640298258524956
08-30 11:52:09.336 I/AnebProbe(22981): ADAPTER_EVT type=content cls=androidx.recyclerview.widget.RecyclerView desc=null txt_len=0 pkg=com.larus.nova t_boot_ns=640298366821831
08-30 11:52:09.442 I/AnebProbe(22981): ADAPTER_EVT type=content cls=androidx.recyclerview.widget.RecyclerView desc=null txt_len=0 pkg=com.larus.nova t_boot_ns=640298472976518
08-30 11:52:09.557 I/AnebProbe(22981): ADAPTER_EVT type=content cls=androidx.recyclerview.widget.RecyclerView desc=null txt_len=0 pkg=com.larus.nova t_boot_ns=640298588314539
08-30 11:52:09.668 I/AnebProbe(22981): ADAPTER_EVT type=content cls=androidx.recyclerview.widget.RecyclerView desc=null txt_len=0 pkg=com.larus.nova t_boot_ns=640298698937976
08-30 11:52:09.770 I/AnebProbe(22981): ADAPTER_EVT type=content cls=androidx.recyclerview.widget.RecyclerView desc=null txt_len=0 pkg=com.larus.nova t_boot_ns=640298801107247
08-30 11:52:09.884 I/AnebProbe(22981): ADAPTER_EVT type=content cls=androidx.recyclerview.widget.RecyclerView desc=null txt_len=0 pkg=com.larus.nova t_boot_ns=640298914987976
08-30 11:52:09.985 I/AnebProbe(22981): ADAPTER_EVT type=content cls=androidx.recyclerview.widget.RecyclerView desc=null txt_len=0 pkg=com.larus.nova t_boot_ns=640299016075476
08-30 11:52:10.100 I/AnebProbe(22981): ADAPTER_EVT type=content cls=androidx.recyclerview.widget.RecyclerView desc=null txt_len=0 pkg=com.larus.nova t_boot_ns=640299130963497
08-30 11:52:10.202 I/AnebProbe(22981): ADAPTER_EVT type=content cls=androidx.recyclerview.widget.RecyclerView desc=null txt_len=0 pkg=com.larus.nova t_boot_ns=640299233225997
08-30 11:52:10.315 I/AnebProbe(22981): ADAPTER_EVT type=content cls=androidx.recyclerview.widget.RecyclerView desc=null txt_len=0 pkg=com.larus.nova t_boot_ns=640299346094747
08-30 11:52:10.421 I/AnebProbe(22981): ADAPTER_EVT type=content cls=androidx.recyclerview.widget.RecyclerView desc=null txt_len=0 pkg=com.larus.nova t_boot_ns=640299452521830
08-30 11:52:10.530 I/AnebProbe(22981): ADAPTER_EVT type=content cls=androidx.recyclerview.widget.RecyclerView desc=null txt_len=0 pkg=com.larus.nova t_boot_ns=640299560879122
08-30 11:52:10.645 I/AnebProbe(22981): ADAPTER_EVT type=content cls=androidx.recyclerview.widget.RecyclerView desc=null txt_len=0 pkg=com.larus.nova t_boot_ns=640299676499955
08-30 11:52:10.747 I/AnebProbe(22981): ADAPTER_EVT type=content cls=androidx.recyclerview.widget.RecyclerView desc=null txt_len=0 pkg=com.larus.nova t_boot_ns=640299778878601
08-30 11:52:10.849 I/AnebProbe(22981): ADAPTER_EVT type=content cls=androidx.recyclerview.widget.RecyclerView desc=null txt_len=0 pkg=com.larus.nova t_boot_ns=640299880513497
08-30 11:52:10.962 I/AnebProbe(22981): ADAPTER_EVT type=content cls=androidx.recyclerview.widget.RecyclerView desc=null txt_len=0 pkg=com.larus.nova t_boot_ns=640299993350476
08-30 11:52:11.076 I/AnebProbe(22981): ADAPTER_EVT type=content cls=androidx.recyclerview.widget.RecyclerView desc=null txt_len=0 pkg=com.larus.nova t_boot_ns=640300107214539
08-30 11:52:11.177 I/AnebProbe(22981): ADAPTER_EVT type=content cls=androidx.recyclerview.widget.RecyclerView desc=null txt_len=0 pkg=com.larus.nova t_boot_ns=640300208446310
08-30 11:52:11.299 I/AnebProbe(22981): ADAPTER_EVT type=content cls=androidx.recyclerview.widget.RecyclerView desc=null txt_len=0 pkg=com.larus.nova t_boot_ns=640300330437455
08-30 11:52:11.401 I/AnebProbe(22981): ADAPTER_EVT type=content cls=androidx.recyclerview.widget.RecyclerView desc=null txt_len=0 pkg=com.larus.nova t_boot_ns=640300432023393
08-30 11:52:11.515 I/AnebProbe(22981): ADAPTER_EVT type=content cls=androidx.recyclerview.widget.RecyclerView desc=null txt_len=0 pkg=com.larus.nova t_boot_ns=640300546459851
08-30 11:52:11.517 I/AnebProbe(22981): ADAPTER_OBS pkg=com.larus.nova mode=doubao events=638 rule_matched=202 first_delta_ms=0 cadence_p50_ms=21.4 session_span_ms=124220.3 confidence=LOW/INCONCLUSIVE reason=throttle ttft_send_ms=null anchor_source=null ttft_cluster_ms=3829.6 ttft_density_ms=null
08-30 11:52:11.616 I/AnebProbe(22981): ADAPTER_EVT type=content cls=androidx.recyclerview.widget.RecyclerView desc=null txt_len=0 pkg=com.larus.nova t_boot_ns=640300647717143
08-30 11:52:11.732 I/AnebProbe(22981): ADAPTER_EVT type=content cls=android.view.ViewGroup desc=null txt_len=0 pkg=com.larus.nova t_boot_ns=640300763464018
08-30 11:52:11.832 I/AnebProbe(22981): ADAPTER_EVT type=content cls=android.view.ViewGroup desc=null txt_len=0 pkg=com.larus.nova t_boot_ns=640300863594226
08-30 11:52:11.948 I/AnebProbe(22981): ADAPTER_EVT type=content cls=android.view.ViewGroup desc=null txt_len=0 pkg=com.larus.nova t_boot_ns=640300978996830
08-30 11:52:12.062 I/AnebProbe(22981): ADAPTER_EVT type=content cls=android.view.ViewGroup desc=null txt_len=0 pkg=com.larus.nova t_boot_ns=640301093290059
08-30 11:52:12.161 I/AnebProbe(22981): ADAPTER_EVT type=content cls=androidx.recyclerview.widget.RecyclerView desc=null txt_len=0 pkg=com.larus.nova t_boot_ns=640301192736414
08-30 11:52:12.282 I/AnebProbe(22981): ADAPTER_EVT type=content cls=androidx.recyclerview.widget.RecyclerView desc=null txt_len=0 pkg=com.larus.nova t_boot_ns=640301312931726
08-30 11:52:12.381 I/AnebProbe(22981): ADAPTER_EVT type=content cls=androidx.recyclerview.widget.RecyclerView desc=null txt_len=0 pkg=com.larus.nova t_boot_ns=640301412123914
08-30 11:52:12.497 I/AnebProbe(22981): ADAPTER_EVT type=content cls=androidx.recyclerview.widget.RecyclerView desc=null txt_len=0 pkg=com.larus.nova t_boot_ns=640301528675997
08-30 11:52:12.597 I/AnebProbe(22981): ADAPTER_EVT type=content cls=androidx.recyclerview.widget.RecyclerView desc=null txt_len=0 pkg=com.larus.nova t_boot_ns=640301628362976
08-30 11:52:12.713 I/AnebProbe(22981): ADAPTER_EVT type=content cls=androidx.recyclerview.widget.RecyclerView desc=null txt_len=0 pkg=com.larus.nova t_boot_ns=640301743800997
08-30 11:52:12.821 I/AnebProbe(22981): ADAPTER_EVT type=content cls=androidx.recyclerview.widget.RecyclerView desc=null txt_len=0 pkg=com.larus.nova t_boot_ns=640301852254122
08-30 11:52:12.937 I/AnebProbe(22981): ADAPTER_EVT type=content cls=androidx.recyclerview.widget.RecyclerView desc=null txt_len=0 pkg=com.larus.nova t_boot_ns=640301968540580
08-30 11:52:13.044 I/AnebProbe(22981): ADAPTER_EVT type=content cls=androidx.recyclerview.widget.RecyclerView desc=null txt_len=0 pkg=com.larus.nova t_boot_ns=640302075394747
08-30 11:52:13.154 I/AnebProbe(22981): ADAPTER_EVT type=content cls=androidx.recyclerview.widget.RecyclerView desc=null txt_len=0 pkg=com.larus.nova t_boot_ns=640302184897351
08-30 11:52:13.273 I/AnebProbe(22981): ADAPTER_EVT type=content cls=androidx.recyclerview.widget.RecyclerView desc=null txt_len=0 pkg=com.larus.nova t_boot_ns=640302303827559
08-30 11:52:13.386 I/AnebProbe(22981): ADAPTER_EVT type=content cls=androidx.recyclerview.widget.RecyclerView desc=null txt_len=0 pkg=com.larus.nova t_boot_ns=640302416753080
08-30 11:52:13.494 I/AnebProbe(22981): ADAPTER_EVT type=content cls=androidx.recyclerview.widget.RecyclerView desc=null txt_len=0 pkg=com.larus.nova t_boot_ns=640302525068184
08-30 11:52:13.602 I/AnebProbe(22981): ADAPTER_EVT type=content cls=androidx.recyclerview.widget.RecyclerView desc=null txt_len=0 pkg=com.larus.nova t_boot_ns=640302632887976
08-30 11:52:13.716 I/AnebProbe(22981): ADAPTER_EVT type=content cls=androidx.recyclerview.widget.RecyclerView desc=null txt_len=0 pkg=com.larus.nova t_boot_ns=640302746879122
08-30 11:52:13.817 I/AnebProbe(22981): ADAPTER_EVT type=content cls=androidx.recyclerview.widget.RecyclerView desc=null txt_len=0 pkg=com.larus.nova t_boot_ns=640302848439017
08-30 11:52:13.917 I/AnebProbe(22981): ADAPTER_EVT type=content cls=androidx.recyclerview.widget.RecyclerView desc=null txt_len=0 pkg=com.larus.nova t_boot_ns=640302947950476
08-30 11:52:14.017 I/AnebProbe(22981): ADAPTER_EVT type=content cls=androidx.recyclerview.widget.RecyclerView desc=null txt_len=0 pkg=com.larus.nova t_boot_ns=640303047264017
08-30 11:52:14.117 I/AnebProbe(22981): ADAPTER_EVT type=content cls=androidx.recyclerview.widget.RecyclerView desc=null txt_len=0 pkg=com.larus.nova t_boot_ns=640303147918705
08-30 11:52:14.235 I/AnebProbe(22981): ADAPTER_EVT type=content cls=androidx.recyclerview.widget.RecyclerView desc=null txt_len=0 pkg=com.larus.nova t_boot_ns=640303265886934
08-30 11:52:14.350 I/AnebProbe(22981): ADAPTER_EVT type=content cls=androidx.recyclerview.widget.RecyclerView desc=null txt_len=0 pkg=com.larus.nova t_boot_ns=640303380549955
08-30 11:52:14.456 I/AnebProbe(22981): ADAPTER_EVT type=content cls=androidx.recyclerview.widget.RecyclerView desc=null txt_len=0 pkg=com.larus.nova t_boot_ns=640303487517663
08-30 11:52:14.567 I/AnebProbe(22981): ADAPTER_EVT type=content cls=androidx.recyclerview.widget.RecyclerView desc=null txt_len=0 pkg=com.larus.nova t_boot_ns=640303598097351
08-30 11:52:14.679 I/AnebProbe(22981): ADAPTER_EVT type=content cls=androidx.recyclerview.widget.RecyclerView desc=null txt_len=0 pkg=com.larus.nova t_boot_ns=640303710130163
08-30 11:52:14.802 I/AnebProbe(22981): ADAPTER_EVT type=content cls=androidx.recyclerview.widget.RecyclerView desc=null txt_len=0 pkg=com.larus.nova t_boot_ns=640303833614017
08-30 11:52:14.919 I/AnebProbe(22981): ADAPTER_EVT type=content cls=androidx.recyclerview.widget.RecyclerView desc=null txt_len=0 pkg=com.larus.nova t_boot_ns=640303949929121
08-30 11:52:15.034 I/AnebProbe(22981): ADAPTER_EVT type=content cls=androidx.recyclerview.widget.RecyclerView desc=null txt_len=0 pkg=com.larus.nova t_boot_ns=640304065852038
08-30 11:52:15.151 I/AnebProbe(22981): ADAPTER_EVT type=content cls=androidx.recyclerview.widget.RecyclerView desc=null txt_len=0 pkg=com.larus.nova t_boot_ns=640304182167663
08-30 11:52:15.266 I/AnebProbe(22981): ADAPTER_EVT type=content cls=androidx.recyclerview.widget.RecyclerView desc=null txt_len=0 pkg=com.larus.nova t_boot_ns=640304297035371
08-30 11:52:15.385 I/AnebProbe(22981): ADAPTER_EVT type=content cls=androidx.recyclerview.widget.RecyclerView desc=null txt_len=0 pkg=com.larus.nova t_boot_ns=640304415857767
08-30 11:52:15.501 I/AnebProbe(22981): ADAPTER_EVT type=content cls=androidx.recyclerview.widget.RecyclerView desc=null txt_len=0 pkg=com.larus.nova t_boot_ns=640304532350476
08-30 11:52:15.605 I/AnebProbe(22981): ADAPTER_EVT type=content cls=androidx.recyclerview.widget.RecyclerView desc=null txt_len=0 pkg=com.larus.nova t_boot_ns=640304636284330
08-30 11:52:15.704 I/AnebProbe(22981): ADAPTER_EVT type=content cls=androidx.recyclerview.widget.RecyclerView desc=null txt_len=0 pkg=com.larus.nova t_boot_ns=640304735374955
08-30 11:52:15.812 I/AnebProbe(22981): ADAPTER_EVT type=content cls=androidx.recyclerview.widget.RecyclerView desc=null txt_len=0 pkg=com.larus.nova t_boot_ns=640304843407246
08-30 11:52:15.917 I/AnebProbe(22981): ADAPTER_EVT type=content cls=androidx.recyclerview.widget.RecyclerView desc=null txt_len=0 pkg=com.larus.nova t_boot_ns=640304948458288
08-30 11:52:16.043 I/AnebProbe(22981): ADAPTER_EVT type=content cls=androidx.recyclerview.widget.RecyclerView desc=null txt_len=0 pkg=com.larus.nova t_boot_ns=640305074176517
08-30 11:52:16.155 I/AnebProbe(22981): ADAPTER_EVT type=content cls=androidx.recyclerview.widget.RecyclerView desc=null txt_len=0 pkg=com.larus.nova t_boot_ns=640305186683809
08-30 11:52:16.262 I/AnebProbe(22981): ADAPTER_EVT type=content cls=androidx.recyclerview.widget.RecyclerView desc=null txt_len=0 pkg=com.larus.nova t_boot_ns=640305293759850
08-30 11:52:16.369 I/AnebProbe(22981): ADAPTER_EVT type=content cls=androidx.recyclerview.widget.RecyclerView desc=null txt_len=0 pkg=com.larus.nova t_boot_ns=640305400332767
08-30 11:52:16.485 I/AnebProbe(22981): ADAPTER_EVT type=content cls=androidx.recyclerview.widget.RecyclerView desc=null txt_len=0 pkg=com.larus.nova t_boot_ns=640305515802038
08-30 11:52:16.586 I/AnebProbe(22981): ADAPTER_EVT type=content cls=androidx.recyclerview.widget.RecyclerView desc=null txt_len=0 pkg=com.larus.nova t_boot_ns=640305617396830
08-30 11:52:16.589 I/AnebProbe(22981): ADAPTER_OBS pkg=com.larus.nova mode=doubao events=684 rule_matched=244 first_delta_ms=0 cadence_p50_ms=21.7 session_span_ms=129291.3 confidence=LOW/INCONCLUSIVE reason=throttle ttft_send_ms=null anchor_source=null ttft_cluster_ms=3829.6 ttft_density_ms=null
08-30 11:52:16.701 I/AnebProbe(22981): ADAPTER_EVT type=content cls=androidx.recyclerview.widget.RecyclerView desc=null txt_len=0 pkg=com.larus.nova t_boot_ns=640305732287455
08-30 11:52:16.802 I/AnebProbe(22981): ADAPTER_EVT type=content cls=androidx.recyclerview.widget.RecyclerView desc=null txt_len=0 pkg=com.larus.nova t_boot_ns=640305832996309
08-30 11:52:16.904 I/AnebProbe(22981): ADAPTER_EVT type=content cls=androidx.recyclerview.widget.RecyclerView desc=null txt_len=0 pkg=com.larus.nova t_boot_ns=640305935583809
08-30 11:52:17.030 I/AnebProbe(22981): ADAPTER_EVT type=content cls=androidx.recyclerview.widget.RecyclerView desc=null txt_len=0 pkg=com.larus.nova t_boot_ns=640306061757246
08-30 11:52:17.136 I/AnebProbe(22981): ADAPTER_EVT type=content cls=androidx.recyclerview.widget.RecyclerView desc=null txt_len=0 pkg=com.larus.nova t_boot_ns=640306167408288
08-30 11:52:17.250 I/AnebProbe(22981): ADAPTER_EVT type=content cls=androidx.recyclerview.widget.RecyclerView desc=null txt_len=0 pkg=com.larus.nova t_boot_ns=640306281246829
08-30 11:52:17.364 I/AnebProbe(22981): ADAPTER_EVT type=content cls=androidx.recyclerview.widget.RecyclerView desc=null txt_len=0 pkg=com.larus.nova t_boot_ns=640306395703600
08-30 11:52:17.467 I/AnebProbe(22981): ADAPTER_EVT type=content cls=androidx.recyclerview.widget.RecyclerView desc=null txt_len=0 pkg=com.larus.nova t_boot_ns=640306498087975
08-30 11:52:17.580 I/AnebProbe(22981): ADAPTER_EVT type=content cls=androidx.recyclerview.widget.RecyclerView desc=null txt_len=0 pkg=com.larus.nova t_boot_ns=640306611250475
08-30 11:52:17.683 I/AnebProbe(22981): ADAPTER_EVT type=content cls=androidx.recyclerview.widget.RecyclerView desc=null txt_len=0 pkg=com.larus.nova t_boot_ns=640306714267142
08-30 11:52:17.807 I/AnebProbe(22981): ADAPTER_EVT type=content cls=androidx.recyclerview.widget.RecyclerView desc=null txt_len=0 pkg=com.larus.nova t_boot_ns=640306838287454
08-30 11:52:17.909 I/AnebProbe(22981): ADAPTER_EVT type=content cls=androidx.recyclerview.widget.RecyclerView desc=null txt_len=0 pkg=com.larus.nova t_boot_ns=640306940261934
08-30 11:52:18.011 I/AnebProbe(22981): ADAPTER_EVT type=content cls=androidx.recyclerview.widget.RecyclerView desc=null txt_len=0 pkg=com.larus.nova t_boot_ns=640307041922871
08-30 11:52:18.126 I/AnebProbe(22981): ADAPTER_EVT type=content cls=androidx.recyclerview.widget.RecyclerView desc=null txt_len=0 pkg=com.larus.nova t_boot_ns=640307156985892
08-30 11:52:18.228 I/AnebProbe(22981): ADAPTER_EVT type=content cls=androidx.recyclerview.widget.RecyclerView desc=null txt_len=0 pkg=com.larus.nova t_boot_ns=640307259599433
08-30 11:52:18.346 I/AnebProbe(22981): ADAPTER_EVT type=content cls=androidx.recyclerview.widget.RecyclerView desc=null txt_len=0 pkg=com.larus.nova t_boot_ns=640307377219225
08-30 11:52:18.454 I/AnebProbe(22981): ADAPTER_EVT type=content cls=androidx.recyclerview.widget.RecyclerView desc=null txt_len=0 pkg=com.larus.nova t_boot_ns=640307485048392
08-30 11:52:18.565 I/AnebProbe(22981): ADAPTER_EVT type=content cls=androidx.recyclerview.widget.RecyclerView desc=null txt_len=0 pkg=com.larus.nova t_boot_ns=640307596443704
08-30 11:52:18.683 I/AnebProbe(22981): ADAPTER_EVT type=content cls=androidx.recyclerview.widget.RecyclerView desc=null txt_len=0 pkg=com.larus.nova t_boot_ns=640307714223913
08-30 11:52:18.797 I/AnebProbe(22981): ADAPTER_EVT type=content cls=androidx.recyclerview.widget.RecyclerView desc=null txt_len=0 pkg=com.larus.nova t_boot_ns=640307828349433
08-30 11:52:18.915 I/AnebProbe(22981): ADAPTER_EVT type=content cls=androidx.recyclerview.widget.RecyclerView desc=null txt_len=0 pkg=com.larus.nova t_boot_ns=640307945584850
08-30 11:52:19.015 I/AnebProbe(22981): ADAPTER_EVT type=content cls=androidx.recyclerview.widget.RecyclerView desc=null txt_len=0 pkg=com.larus.nova t_boot_ns=640308045829642
08-30 11:52:19.138 I/AnebProbe(22981): ADAPTER_EVT type=content cls=androidx.recyclerview.widget.RecyclerView desc=null txt_len=0 pkg=com.larus.nova t_boot_ns=640308168906725
08-30 11:52:19.261 I/AnebProbe(22981): ADAPTER_EVT type=content cls=androidx.recyclerview.widget.RecyclerView desc=null txt_len=0 pkg=com.larus.nova t_boot_ns=640308291919225
08-30 11:52:19.373 I/AnebProbe(22981): ADAPTER_EVT type=content cls=androidx.recyclerview.widget.RecyclerView desc=null txt_len=0 pkg=com.larus.nova t_boot_ns=640308404610892
08-30 11:52:19.490 I/AnebProbe(22981): ADAPTER_EVT type=content cls=androidx.recyclerview.widget.RecyclerView desc=null txt_len=0 pkg=com.larus.nova t_boot_ns=640308521585371
08-30 11:52:19.610 I/AnebProbe(22981): ADAPTER_EVT type=content cls=androidx.recyclerview.widget.RecyclerView desc=null txt_len=0 pkg=com.larus.nova t_boot_ns=640308640916621
08-30 11:52:19.727 I/AnebProbe(22981): ADAPTER_EVT type=content cls=androidx.recyclerview.widget.RecyclerView desc=null txt_len=0 pkg=com.larus.nova t_boot_ns=640308758773392
08-30 11:52:19.828 I/AnebProbe(22981): ADAPTER_EVT type=content cls=androidx.recyclerview.widget.RecyclerView desc=null txt_len=0 pkg=com.larus.nova t_boot_ns=640308859840579
08-30 11:52:19.936 I/AnebProbe(22981): ADAPTER_EVT type=content cls=androidx.recyclerview.widget.RecyclerView desc=null txt_len=0 pkg=com.larus.nova t_boot_ns=640308967465058
08-30 11:52:20.054 I/AnebProbe(22981): ADAPTER_EVT type=content cls=androidx.recyclerview.widget.RecyclerView desc=null txt_len=0 pkg=com.larus.nova t_boot_ns=640309085214017
08-30 11:52:20.170 I/AnebProbe(22981): ADAPTER_EVT type=content cls=androidx.recyclerview.widget.RecyclerView desc=null txt_len=0 pkg=com.larus.nova t_boot_ns=640309201620266
08-30 11:52:20.289 I/AnebProbe(22981): ADAPTER_EVT type=content cls=androidx.recyclerview.widget.RecyclerView desc=null txt_len=0 pkg=com.larus.nova t_boot_ns=640309320097350
08-30 11:52:20.410 I/AnebProbe(22981): ADAPTER_EVT type=content cls=androidx.recyclerview.widget.RecyclerView desc=null txt_len=0 pkg=com.larus.nova t_boot_ns=640309441571829
08-30 11:52:20.512 I/AnebProbe(22981): ADAPTER_EVT type=content cls=androidx.recyclerview.widget.RecyclerView desc=null txt_len=0 pkg=com.larus.nova t_boot_ns=640309543606725
08-30 11:52:20.624 I/AnebProbe(22981): ADAPTER_EVT type=content cls=androidx.recyclerview.widget.RecyclerView desc=null txt_len=0 pkg=com.larus.nova t_boot_ns=640309655106725
08-30 11:52:20.752 I/AnebProbe(22981): ADAPTER_EVT type=content cls=androidx.recyclerview.widget.RecyclerView desc=null txt_len=0 pkg=com.larus.nova t_boot_ns=640309782267141
08-30 11:52:20.882 I/AnebProbe(22981): ADAPTER_EVT type=content cls=androidx.recyclerview.widget.RecyclerView desc=null txt_len=0 pkg=com.larus.nova t_boot_ns=640309912847350
08-30 11:52:21.000 I/AnebProbe(22981): ADAPTER_EVT type=content cls=androidx.recyclerview.widget.RecyclerView desc=null txt_len=0 pkg=com.larus.nova t_boot_ns=640310031635891
08-30 11:52:21.107 I/AnebProbe(22981): ADAPTER_EVT type=content cls=androidx.recyclerview.widget.RecyclerView desc=null txt_len=0 pkg=com.larus.nova t_boot_ns=640310138223912
08-30 11:52:21.217 I/AnebProbe(22981): ADAPTER_EVT type=content cls=androidx.recyclerview.widget.RecyclerView desc=null txt_len=0 pkg=com.larus.nova t_boot_ns=640310248453079
08-30 11:52:21.338 I/AnebProbe(22981): ADAPTER_EVT type=content cls=androidx.recyclerview.widget.RecyclerView desc=null txt_len=0 pkg=com.larus.nova t_boot_ns=640310368858808
08-30 11:52:21.439 I/AnebProbe(22981): ADAPTER_EVT type=content cls=androidx.recyclerview.widget.RecyclerView desc=null txt_len=0 pkg=com.larus.nova t_boot_ns=640310470377037
08-30 11:52:21.545 I/AnebProbe(22981): ADAPTER_EVT type=content cls=androidx.recyclerview.widget.RecyclerView desc=null txt_len=0 pkg=com.larus.nova t_boot_ns=640310576526516
08-30 11:52:21.683 I/AnebProbe(22981): ADAPTER_EVT type=content cls=androidx.recyclerview.widget.RecyclerView desc=null txt_len=0 pkg=com.larus.nova t_boot_ns=640310713916620
08-30 11:52:21.685 I/AnebProbe(22981): ADAPTER_OBS pkg=com.larus.nova mode=doubao events=729 rule_matched=289 first_delta_ms=0 cadence_p50_ms=101.6 session_span_ms=134387.8 confidence=LOW/INCONCLUSIVE reason=throttle ttft_send_ms=null anchor_source=null ttft_cluster_ms=3829.6 ttft_density_ms=null
08-30 11:52:21.805 I/AnebProbe(22981): ADAPTER_EVT type=content cls=androidx.recyclerview.widget.RecyclerView desc=null txt_len=0 pkg=com.larus.nova t_boot_ns=640310836634850
08-30 11:52:21.910 I/AnebProbe(22981): ADAPTER_EVT type=content cls=androidx.recyclerview.widget.RecyclerView desc=null txt_len=0 pkg=com.larus.nova t_boot_ns=640310941421308
08-30 11:52:22.036 I/AnebProbe(22981): ADAPTER_EVT type=content cls=androidx.recyclerview.widget.RecyclerView desc=null txt_len=0 pkg=com.larus.nova t_boot_ns=640311067123912
08-30 11:52:22.154 I/AnebProbe(22981): ADAPTER_EVT type=content cls=androidx.recyclerview.widget.RecyclerView desc=null txt_len=0 pkg=com.larus.nova t_boot_ns=640311184785891
08-30 11:52:22.263 I/AnebProbe(22981): ADAPTER_EVT type=content cls=androidx.recyclerview.widget.RecyclerView desc=null txt_len=0 pkg=com.larus.nova t_boot_ns=640311294797870
08-30 11:52:22.371 I/AnebProbe(22981): ADAPTER_EVT type=content cls=androidx.recyclerview.widget.RecyclerView desc=null txt_len=0 pkg=com.larus.nova t_boot_ns=640311402644224
08-30 11:52:22.474 I/AnebProbe(22981): ADAPTER_EVT type=content cls=androidx.recyclerview.widget.RecyclerView desc=null txt_len=0 pkg=com.larus.nova t_boot_ns=640311504867662
08-30 11:52:22.587 I/AnebProbe(22981): ADAPTER_EVT type=content cls=androidx.recyclerview.widget.RecyclerView desc=null txt_len=0 pkg=com.larus.nova t_boot_ns=640311618648912
08-30 11:52:22.703 I/AnebProbe(22981): ADAPTER_EVT type=content cls=androidx.recyclerview.widget.RecyclerView desc=null txt_len=0 pkg=com.larus.nova t_boot_ns=640311734514537
08-30 11:52:22.806 I/AnebProbe(22981): ADAPTER_EVT type=content cls=androidx.recyclerview.widget.RecyclerView desc=null txt_len=0 pkg=com.larus.nova t_boot_ns=640311836931724
08-30 11:52:22.918 I/AnebProbe(22981): ADAPTER_EVT type=content cls=androidx.recyclerview.widget.RecyclerView desc=null txt_len=0 pkg=com.larus.nova t_boot_ns=640311948872870
08-30 11:52:23.019 I/AnebProbe(22981): ADAPTER_EVT type=content cls=androidx.recyclerview.widget.RecyclerView desc=null txt_len=0 pkg=com.larus.nova t_boot_ns=640312050142662
08-30 11:52:23.119 I/AnebProbe(22981): ADAPTER_EVT type=content cls=androidx.recyclerview.widget.RecyclerView desc=null txt_len=0 pkg=com.larus.nova t_boot_ns=640312150610370
08-30 11:52:23.226 I/AnebProbe(22981): ADAPTER_EVT type=content cls=androidx.recyclerview.widget.RecyclerView desc=null txt_len=0 pkg=com.larus.nova t_boot_ns=640312257499954
08-30 11:52:23.338 I/AnebProbe(22981): ADAPTER_EVT type=content cls=androidx.recyclerview.widget.RecyclerView desc=null txt_len=0 pkg=com.larus.nova t_boot_ns=640312369256204
08-30 11:52:23.452 I/AnebProbe(22981): ADAPTER_EVT type=content cls=androidx.recyclerview.widget.RecyclerView desc=null txt_len=0 pkg=com.larus.nova t_boot_ns=640312483541099
08-30 11:52:23.569 I/AnebProbe(22981): ADAPTER_EVT type=content cls=androidx.recyclerview.widget.RecyclerView desc=null txt_len=0 pkg=com.larus.nova t_boot_ns=640312599712974
08-30 11:52:23.698 I/AnebProbe(22981): ADAPTER_EVT type=content cls=androidx.recyclerview.widget.RecyclerView desc=null txt_len=0 pkg=com.larus.nova t_boot_ns=640312729606203
08-30 11:52:23.814 I/AnebProbe(22981): ADAPTER_EVT type=content cls=androidx.recyclerview.widget.RecyclerView desc=null txt_len=0 pkg=com.larus.nova t_boot_ns=640312845514537
08-30 11:52:23.913 I/AnebProbe(22981): ADAPTER_EVT type=content cls=androidx.recyclerview.widget.RecyclerView desc=null txt_len=0 pkg=com.larus.nova t_boot_ns=640312944509849
08-30 11:52:24.013 I/AnebProbe(22981): ADAPTER_EVT type=content cls=androidx.recyclerview.widget.RecyclerView desc=null txt_len=0 pkg=com.larus.nova t_boot_ns=640313044942662
08-30 11:52:24.126 I/AnebProbe(22981): ADAPTER_EVT type=content cls=androidx.recyclerview.widget.RecyclerView desc=null txt_len=0 pkg=com.larus.nova t_boot_ns=640313157672870
08-30 11:52:24.226 I/AnebProbe(22981): ADAPTER_EVT type=content cls=androidx.recyclerview.widget.RecyclerView desc=null txt_len=0 pkg=com.larus.nova t_boot_ns=640313257764016
08-30 11:52:24.328 I/AnebProbe(22981): ADAPTER_EVT type=content cls=androidx.recyclerview.widget.RecyclerView desc=null txt_len=0 pkg=com.larus.nova t_boot_ns=640313359699953
08-30 11:52:24.430 I/AnebProbe(22981): ADAPTER_EVT type=content cls=androidx.recyclerview.widget.RecyclerView desc=null txt_len=0 pkg=com.larus.nova t_boot_ns=640313460998912
08-30 11:52:24.537 I/AnebProbe(22981): ADAPTER_EVT type=content cls=androidx.recyclerview.widget.RecyclerView desc=null txt_len=0 pkg=com.larus.nova t_boot_ns=640313568411412
08-30 11:52:24.656 I/AnebProbe(22981): ADAPTER_EVT type=content cls=androidx.recyclerview.widget.RecyclerView desc=null txt_len=0 pkg=com.larus.nova t_boot_ns=640313687153599
08-30 11:52:24.761 I/AnebProbe(22981): ADAPTER_EVT type=content cls=androidx.recyclerview.widget.RecyclerView desc=null txt_len=0 pkg=com.larus.nova t_boot_ns=640313792786412
08-30 11:52:24.873 I/AnebProbe(22981): ADAPTER_EVT type=content cls=androidx.recyclerview.widget.RecyclerView desc=null txt_len=0 pkg=com.larus.nova t_boot_ns=640313904092662
08-30 11:52:24.986 I/AnebProbe(22981): ADAPTER_EVT type=content cls=androidx.recyclerview.widget.RecyclerView desc=null txt_len=0 pkg=com.larus.nova t_boot_ns=640314016889537
08-30 11:52:25.102 I/AnebProbe(22981): ADAPTER_EVT type=content cls=androidx.recyclerview.widget.RecyclerView desc=null txt_len=0 pkg=com.larus.nova t_boot_ns=640314133112974
08-30 11:52:25.210 I/AnebProbe(22981): ADAPTER_EVT type=content cls=androidx.recyclerview.widget.RecyclerView desc=null txt_len=0 pkg=com.larus.nova t_boot_ns=640314241412453
08-30 11:52:25.328 I/AnebProbe(22981): ADAPTER_EVT type=content cls=androidx.recyclerview.widget.RecyclerView desc=null txt_len=0 pkg=com.larus.nova t_boot_ns=640314359236412
08-30 11:52:25.434 I/AnebProbe(22981): ADAPTER_EVT type=content cls=androidx.recyclerview.widget.RecyclerView desc=null txt_len=0 pkg=com.larus.nova t_boot_ns=640314465432245
08-30 11:52:25.558 I/AnebProbe(22981): ADAPTER_EVT type=content cls=androidx.recyclerview.widget.RecyclerView desc=null txt_len=0 pkg=com.larus.nova t_boot_ns=640314589667662
08-30 11:52:25.666 I/AnebProbe(22981): ADAPTER_EVT type=content cls=androidx.recyclerview.widget.RecyclerView desc=null txt_len=0 pkg=com.larus.nova t_boot_ns=640314697784849
08-30 11:52:25.779 I/AnebProbe(22981): ADAPTER_EVT type=content cls=androidx.recyclerview.widget.RecyclerView desc=null txt_len=0 pkg=com.larus.nova t_boot_ns=640314810775474
08-30 11:52:25.894 I/AnebProbe(22981): ADAPTER_EVT type=content cls=androidx.recyclerview.widget.RecyclerView desc=null txt_len=0 pkg=com.larus.nova t_boot_ns=640314925229641
08-30 11:52:26.009 I/AnebProbe(22981): ADAPTER_EVT type=content cls=androidx.recyclerview.widget.RecyclerView desc=null txt_len=0 pkg=com.larus.nova t_boot_ns=640315040033807
08-30 11:52:26.123 I/AnebProbe(22981): ADAPTER_EVT type=content cls=androidx.recyclerview.widget.RecyclerView desc=null txt_len=0 pkg=com.larus.nova t_boot_ns=640315154467661
08-30 11:52:26.250 I/AnebProbe(22981): ADAPTER_EVT type=content cls=androidx.recyclerview.widget.RecyclerView desc=null txt_len=0 pkg=com.larus.nova t_boot_ns=640315281717661
08-30 11:52:26.364 I/AnebProbe(22981): ADAPTER_EVT type=content cls=androidx.recyclerview.widget.RecyclerView desc=null txt_len=0 pkg=com.larus.nova t_boot_ns=640315395650474
08-30 11:52:26.469 I/AnebProbe(22981): ADAPTER_EVT type=content cls=androidx.recyclerview.widget.RecyclerView desc=null txt_len=0 pkg=com.larus.nova t_boot_ns=640315500679641
08-30 11:52:26.583 I/AnebProbe(22981): ADAPTER_EVT type=content cls=androidx.recyclerview.widget.RecyclerView desc=null txt_len=0 pkg=com.larus.nova t_boot_ns=640315614649432
08-30 11:52:26.707 I/AnebProbe(22981): ADAPTER_EVT type=content cls=androidx.recyclerview.widget.RecyclerView desc=null txt_len=0 pkg=com.larus.nova t_boot_ns=640315738802036
08-30 11:52:26.710 I/AnebProbe(22981): ADAPTER_OBS pkg=com.larus.nova mode=doubao events=774 rule_matched=334 first_delta_ms=0 cadence_p50_ms=107.2 session_span_ms=139412.7 confidence=LOW/INCONCLUSIVE reason=throttle ttft_send_ms=null anchor_source=null ttft_cluster_ms=3829.6 ttft_density_ms=null
08-30 11:52:26.823 I/AnebProbe(22981): ADAPTER_EVT type=content cls=androidx.recyclerview.widget.RecyclerView desc=null txt_len=0 pkg=com.larus.nova t_boot_ns=640315853956203
08-30 11:52:26.930 I/AnebProbe(22981): ADAPTER_EVT type=content cls=androidx.recyclerview.widget.RecyclerView desc=null txt_len=0 pkg=com.larus.nova t_boot_ns=640315961722349
08-30 11:52:27.064 I/AnebProbe(22981): ADAPTER_EVT type=content cls=androidx.recyclerview.widget.RecyclerView desc=null txt_len=0 pkg=com.larus.nova t_boot_ns=640316095769745
08-30 11:52:27.179 I/AnebProbe(22981): ADAPTER_EVT type=content cls=androidx.recyclerview.widget.RecyclerView desc=null txt_len=0 pkg=com.larus.nova t_boot_ns=640316210521307
08-30 11:52:27.306 I/AnebProbe(22981): ADAPTER_EVT type=content cls=androidx.recyclerview.widget.RecyclerView desc=null txt_len=0 pkg=com.larus.nova t_boot_ns=640316337793182
08-30 11:52:27.416 I/AnebProbe(22981): ADAPTER_EVT type=content cls=androidx.recyclerview.widget.RecyclerView desc=null txt_len=0 pkg=com.larus.nova t_boot_ns=640316446956203
08-30 11:52:27.538 I/AnebProbe(22981): ADAPTER_EVT type=content cls=androidx.recyclerview.widget.RecyclerView desc=null txt_len=0 pkg=com.larus.nova t_boot_ns=640316569596307
08-30 11:52:27.644 I/AnebProbe(22981): ADAPTER_EVT type=content cls=androidx.recyclerview.widget.RecyclerView desc=null txt_len=0 pkg=com.larus.nova t_boot_ns=640316675366620
08-30 11:52:27.768 I/AnebProbe(22981): ADAPTER_EVT type=content cls=androidx.recyclerview.widget.RecyclerView desc=null txt_len=0 pkg=com.larus.nova t_boot_ns=640316799536411
08-30 11:52:27.904 I/AnebProbe(22981): ADAPTER_EVT type=content cls=androidx.recyclerview.widget.RecyclerView desc=null txt_len=0 pkg=com.larus.nova t_boot_ns=640316934885890
08-30 11:52:28.003 I/AnebProbe(22981): ADAPTER_EVT type=content cls=androidx.recyclerview.widget.RecyclerView desc=null txt_len=0 pkg=com.larus.nova t_boot_ns=640317034555161
08-30 11:52:28.119 I/AnebProbe(22981): ADAPTER_EVT type=content cls=androidx.recyclerview.widget.RecyclerView desc=null txt_len=0 pkg=com.larus.nova t_boot_ns=640317150573390
08-30 11:52:28.244 I/AnebProbe(22981): ADAPTER_EVT type=content cls=androidx.recyclerview.widget.RecyclerView desc=null txt_len=0 pkg=com.larus.nova t_boot_ns=640317275181203
08-30 11:52:28.360 I/AnebProbe(22981): ADAPTER_EVT type=content cls=androidx.recyclerview.widget.RecyclerView desc=null txt_len=0 pkg=com.larus.nova t_boot_ns=640317391323911
08-30 11:52:28.475 I/AnebProbe(22981): ADAPTER_EVT type=content cls=androidx.recyclerview.widget.RecyclerView desc=null txt_len=0 pkg=com.larus.nova t_boot_ns=640317506604119
08-30 11:52:28.586 I/AnebProbe(22981): ADAPTER_EVT type=content cls=androidx.recyclerview.widget.RecyclerView desc=null txt_len=0 pkg=com.larus.nova t_boot_ns=640317617346307
08-30 11:52:28.699 I/AnebProbe(22981): ADAPTER_EVT type=content cls=androidx.recyclerview.widget.RecyclerView desc=null txt_len=0 pkg=com.larus.nova t_boot_ns=640317729977557
08-30 11:52:28.811 I/AnebProbe(22981): ADAPTER_EVT type=content cls=androidx.recyclerview.widget.RecyclerView desc=null txt_len=0 pkg=com.larus.nova t_boot_ns=640317842534328
08-30 11:52:28.927 I/AnebProbe(22981): ADAPTER_EVT type=content cls=androidx.recyclerview.widget.RecyclerView desc=null txt_len=0 pkg=com.larus.nova t_boot_ns=640317958036932
08-30 11:52:29.061 I/AnebProbe(22981): ADAPTER_EVT type=content cls=androidx.recyclerview.widget.RecyclerView desc=null txt_len=0 pkg=com.larus.nova t_boot_ns=640318092187453
08-30 11:52:29.173 I/AnebProbe(22981): ADAPTER_EVT type=content cls=androidx.drawerlayout.widget.DrawerLayout desc=null txt_len=0 pkg=com.larus.nova t_boot_ns=640318204344223
08-30 11:52:29.286 I/AnebProbe(22981): ADAPTER_EVT type=content cls=androidx.recyclerview.widget.RecyclerView desc=null txt_len=0 pkg=com.larus.nova t_boot_ns=640318317603598
08-30 11:52:29.440 I/AnebProbe(22981): ADAPTER_EVT type=content cls=androidx.recyclerview.widget.RecyclerView desc=null txt_len=0 pkg=com.larus.nova t_boot_ns=640318471465057
08-30 11:52:29.540 I/AnebProbe(22981): ADAPTER_EVT type=content cls=androidx.drawerlayout.widget.DrawerLayout desc=null txt_len=0 pkg=com.larus.nova t_boot_ns=640318571416619
08-30 11:52:29.823 I/AnebProbe(22981): ADAPTER_EVT type=content cls=androidx.drawerlayout.widget.DrawerLayout desc=null txt_len=0 pkg=com.larus.nova t_boot_ns=640318854173390
08-30 11:52:29.924 I/AnebProbe(22981): ADAPTER_EVT type=content cls=androidx.drawerlayout.widget.DrawerLayout desc=null txt_len=0 pkg=com.larus.nova t_boot_ns=640318954867140
08-30 11:53:20.687 I/AnebE4MARK(16245): E4MARK kind=answer_complete n=2
08-30 11:53:22.931 I/AnebProbe(22981): ADAPTER_EVT type=click cls=android.widget.ImageView desc=返回 txt_len=2 pkg=com.larus.nova t_boot_ns=640371962878590
08-30 11:53:22.934 I/AnebProbe(22981): ADAPTER_OBS pkg=com.larus.nova mode=doubao events=800 rule_matched=356 first_delta_ms=0 cadence_p50_ms=110.2 session_span_ms=142628.7 confidence=LOW/INCONCLUSIVE reason=throttle ttft_send_ms=null anchor_source=null ttft_cluster_ms=3829.6 ttft_density_ms=null
08-30 11:53:23.042 I/AnebProbe(22981): ADAPTER_EVT type=content cls=androidx.drawerlayout.widget.DrawerLayout desc=null txt_len=0 pkg=com.larus.nova t_boot_ns=640372073492132
08-30 11:53:23.157 I/AnebProbe(22981): ADAPTER_EVT type=content cls=androidx.drawerlayout.widget.DrawerLayout desc=null txt_len=0 pkg=com.larus.nova t_boot_ns=640372188867132
08-30 11:53:23.274 I/AnebProbe(22981): ADAPTER_EVT type=content cls=androidx.drawerlayout.widget.DrawerLayout desc=null txt_len=0 pkg=com.larus.nova t_boot_ns=640372305434840
08-30 11:53:23.363 I/AnebProbe(22981): ADAPTER_EVT type=content cls=androidx.drawerlayout.widget.DrawerLayout desc=null txt_len=0 pkg=com.larus.nova t_boot_ns=640372394247340
08-30 11:53:24.607 I/AnebProbe(22981): ADAPTER_EVT type=click cls=android.widget.ImageView desc=创建新对话 txt_len=5 pkg=com.larus.nova t_boot_ns=640373638623382
08-30 11:53:24.608 I/AnebProbe(22981): ADAPTER_EVT type=content cls=android.widget.FrameLayout desc=null txt_len=0 pkg=com.larus.nova t_boot_ns=640373639673902
08-30 11:53:24.820 I/AnebProbe(22981): ADAPTER_EVT type=content cls=androidx.drawerlayout.widget.DrawerLayout desc=null txt_len=0 pkg=com.larus.nova t_boot_ns=640373851557757
08-30 11:53:24.978 I/AnebProbe(22981): ADAPTER_EVT type=content cls=androidx.drawerlayout.widget.DrawerLayout desc=null txt_len=0 pkg=com.larus.nova t_boot_ns=640374009734840
08-30 11:53:25.015 I/AnebProbe(22981): ADAPTER_EVT type=content cls=androidx.drawerlayout.widget.DrawerLayout desc=null txt_len=0 pkg=com.larus.nova t_boot_ns=640374047030673
08-30 11:53:25.021 I/AnebProbe(22981): ADAPTER_EVT type=content cls=androidx.drawerlayout.widget.DrawerLayout desc=null txt_len=0 pkg=com.larus.nova t_boot_ns=640374052464527
08-30 11:53:25.119 I/AnebProbe(22981): ADAPTER_EVT type=content cls=android.view.ViewGroup desc=null txt_len=0 pkg=com.larus.nova t_boot_ns=640374150920777
08-30 11:53:25.221 I/AnebProbe(22981): ADAPTER_EVT type=content cls=android.view.ViewGroup desc=null txt_len=0 pkg=com.larus.nova t_boot_ns=640374251903069
08-30 11:53:25.331 I/AnebProbe(22981): ADAPTER_EVT type=content cls=androidx.drawerlayout.widget.DrawerLayout desc=null txt_len=0 pkg=com.larus.nova t_boot_ns=640374362402027
08-30 11:53:25.431 I/AnebProbe(22981): ADAPTER_EVT type=content cls=androidx.drawerlayout.widget.DrawerLayout desc=null txt_len=0 pkg=com.larus.nova t_boot_ns=640374462292132
08-30 11:53:25.595 I/AnebProbe(22981): ADAPTER_EVT type=content cls=androidx.recyclerview.widget.RecyclerView desc=null txt_len=0 pkg=com.larus.nova t_boot_ns=640374625898382
08-30 11:53:25.689 I/AnebProbe(22981): ADAPTER_EVT type=content cls=android.view.ViewGroup desc=null txt_len=0 pkg=com.larus.nova t_boot_ns=640374720402548
08-30 11:53:25.806 I/AnebProbe(22981): ADAPTER_EVT type=content cls=android.view.ViewGroup desc=null txt_len=0 pkg=com.larus.nova t_boot_ns=640374836795256
08-30 11:53:26.049 I/AnebProbe(22981): ADAPTER_EVT type=content cls=android.view.ViewGroup desc=null txt_len=0 pkg=com.larus.nova t_boot_ns=640375080659840
08-30 11:53:26.150 I/AnebProbe(22981): ADAPTER_EVT type=content cls=android.view.ViewGroup desc=null txt_len=0 pkg=com.larus.nova t_boot_ns=640375180934840
08-30 11:53:26.250 I/AnebProbe(22981): ADAPTER_EVT type=content cls=android.view.ViewGroup desc=null txt_len=0 pkg=com.larus.nova t_boot_ns=640375281279111
08-30 11:53:26.353 I/AnebProbe(22981): ADAPTER_EVT type=content cls=android.view.ViewGroup desc=null txt_len=0 pkg=com.larus.nova t_boot_ns=640375384347340
08-30 11:53:26.478 I/AnebProbe(22981): ADAPTER_EVT type=content cls=androidx.drawerlayout.widget.DrawerLayout desc=null txt_len=0 pkg=com.larus.nova t_boot_ns=640375508999423
08-30 11:53:26.593 I/AnebProbe(22981): ADAPTER_EVT type=content cls=androidx.drawerlayout.widget.DrawerLayout desc=null txt_len=0 pkg=com.larus.nova t_boot_ns=640375624067652
08-30 11:53:26.692 I/AnebProbe(22981): ADAPTER_EVT type=content cls=android.view.ViewGroup desc=null txt_len=0 pkg=com.larus.nova t_boot_ns=640375723783277
08-30 11:53:26.817 I/AnebProbe(22981): ADAPTER_EVT type=content cls=android.view.ViewGroup desc=null txt_len=0 pkg=com.larus.nova t_boot_ns=640375848191610
08-30 11:53:27.472 I/AnebProbe(22981): ADAPTER_EVT type=content cls=android.view.ViewGroup desc=新对话，打开设置页 txt_len=0 pkg=com.larus.nova t_boot_ns=640376503277548
08-30 11:53:27.577 I/AnebProbe(22981): ADAPTER_EVT type=content cls=android.view.ViewGroup desc=null txt_len=0 pkg=com.larus.nova t_boot_ns=640376608500465
08-30 11:53:27.693 I/AnebProbe(22981): ADAPTER_EVT type=content cls=android.view.ViewGroup desc=null txt_len=0 pkg=com.larus.nova t_boot_ns=640376724551506
08-30 11:53:27.795 I/AnebProbe(22981): ADAPTER_EVT type=content cls=android.view.ViewGroup desc=null txt_len=0 pkg=com.larus.nova t_boot_ns=640376826825465
08-30 11:53:27.911 I/AnebProbe(22981): ADAPTER_EVT type=content cls=android.view.ViewGroup desc=null txt_len=0 pkg=com.larus.nova t_boot_ns=640376942422860
08-30 11:53:28.024 I/AnebProbe(22981): ADAPTER_EVT type=content cls=android.view.ViewGroup desc=null txt_len=0 pkg=com.larus.nova t_boot_ns=640377055089006
08-30 11:53:28.024 I/AnebProbe(22981): ADAPTER_OBS pkg=com.larus.nova mode=doubao events=830 rule_matched=357 first_delta_ms=0 cadence_p50_ms=112.2 session_span_ms=200728.9 confidence=LOW/INCONCLUSIVE reason=throttle ttft_send_ms=null anchor_source=null ttft_cluster_ms=3829.6 ttft_density_ms=null
08-30 11:53:28.123 I/AnebProbe(22981): ADAPTER_EVT type=content cls=android.view.ViewGroup desc=null txt_len=0 pkg=com.larus.nova t_boot_ns=640377154667131
08-30 11:53:28.225 I/AnebProbe(22981): ADAPTER_EVT type=content cls=android.view.ViewGroup desc=null txt_len=0 pkg=com.larus.nova t_boot_ns=640377255790048
08-30 11:53:28.340 I/AnebProbe(22981): ADAPTER_EVT type=content cls=android.view.ViewGroup desc=null txt_len=0 pkg=com.larus.nova t_boot_ns=640377370790569
08-30 11:53:28.439 I/AnebProbe(22981): ADAPTER_EVT type=content cls=android.view.ViewGroup desc=null txt_len=0 pkg=com.larus.nova t_boot_ns=640377470219735
08-30 11:53:28.540 I/AnebProbe(22981): ADAPTER_EVT type=content cls=android.view.ViewGroup desc=null txt_len=0 pkg=com.larus.nova t_boot_ns=640377571405673
08-30 11:53:28.647 I/AnebProbe(22981): ADAPTER_EVT type=content cls=android.view.ViewGroup desc=null txt_len=0 pkg=com.larus.nova t_boot_ns=640377678385360
08-30 11:53:28.758 I/AnebProbe(22981): ADAPTER_EVT type=content cls=android.view.ViewGroup desc=null txt_len=0 pkg=com.larus.nova t_boot_ns=640377789432235
08-30 11:53:28.829 I/AnebProbe(22981): ADAPTER_EVT type=content cls=android.view.ViewGroup desc=null txt_len=0 pkg=com.larus.nova t_boot_ns=640377860329631
08-30 11:53:28.829 I/AnebProbe(22981): ADAPTER_EVT type=content cls=android.widget.EditText desc=null txt_len=1 pkg=com.larus.nova t_boot_ns=640377860791089
08-30 11:53:28.834 I/AnebProbe(22981): ADAPTER_EVT type=content cls=android.view.ViewGroup desc=null txt_len=0 pkg=com.larus.nova t_boot_ns=640377865485881
08-30 11:53:28.889 I/AnebProbe(22981): ADAPTER_EVT type=content cls=android.view.ViewGroup desc=null txt_len=0 pkg=com.larus.nova t_boot_ns=640377920642131
08-30 11:53:28.890 I/AnebProbe(22981): ADAPTER_EVT type=content cls=android.widget.EditText desc=null txt_len=2 pkg=com.larus.nova t_boot_ns=640377921090569
08-30 11:53:28.913 I/AnebProbe(22981): ADAPTER_EVT type=content cls=android.view.ViewGroup desc=null txt_len=0 pkg=com.larus.nova t_boot_ns=640377943954110
08-30 11:53:28.913 I/AnebProbe(22981): ADAPTER_EVT type=content cls=android.widget.EditText desc=null txt_len=3 pkg=com.larus.nova t_boot_ns=640377944427548
08-30 11:53:28.936 I/AnebProbe(22981): ADAPTER_EVT type=content cls=android.view.ViewGroup desc=null txt_len=0 pkg=com.larus.nova t_boot_ns=640377967795777
08-30 11:53:28.937 I/AnebProbe(22981): ADAPTER_EVT type=content cls=android.widget.EditText desc=null txt_len=4 pkg=com.larus.nova t_boot_ns=640377968267131
08-30 11:53:28.946 I/AnebProbe(22981): ADAPTER_EVT type=content cls=android.widget.EditText desc=null txt_len=5 pkg=com.larus.nova t_boot_ns=640377977072339
08-30 11:53:28.970 I/AnebProbe(22981): ADAPTER_EVT type=content cls=android.view.ViewGroup desc=null txt_len=0 pkg=com.larus.nova t_boot_ns=640378001282756
08-30 11:53:28.970 I/AnebProbe(22981): ADAPTER_EVT type=content cls=android.widget.EditText desc=null txt_len=6 pkg=com.larus.nova t_boot_ns=640378001910881
08-30 11:53:28.979 I/AnebProbe(22981): ADAPTER_EVT type=content cls=android.widget.EditText desc=null txt_len=7 pkg=com.larus.nova t_boot_ns=640378010482756
08-30 11:53:29.004 I/AnebProbe(22981): ADAPTER_EVT type=content cls=android.view.ViewGroup desc=null txt_len=0 pkg=com.larus.nova t_boot_ns=640378035101506
08-30 11:53:29.004 I/AnebProbe(22981): ADAPTER_EVT type=content cls=android.widget.EditText desc=null txt_len=8 pkg=com.larus.nova t_boot_ns=640378035579631
08-30 11:53:29.024 I/AnebProbe(22981): ADAPTER_EVT type=content cls=android.view.ViewGroup desc=null txt_len=0 pkg=com.larus.nova t_boot_ns=640378055270256
08-30 11:53:29.024 I/AnebProbe(22981): ADAPTER_EVT type=content cls=android.widget.EditText desc=null txt_len=9 pkg=com.larus.nova t_boot_ns=640378055759318
08-30 11:53:29.045 I/AnebProbe(22981): ADAPTER_EVT type=content cls=android.view.ViewGroup desc=null txt_len=0 pkg=com.larus.nova t_boot_ns=640378076864006
08-30 11:53:29.046 I/AnebProbe(22981): ADAPTER_EVT type=content cls=android.widget.EditText desc=null txt_len=10 pkg=com.larus.nova t_boot_ns=640378077317652
08-30 11:53:29.068 I/AnebProbe(22981): ADAPTER_EVT type=content cls=android.view.ViewGroup desc=null txt_len=0 pkg=com.larus.nova t_boot_ns=640378099814006
08-30 11:53:29.068 I/AnebProbe(22981): ADAPTER_EVT type=content cls=android.widget.EditText desc=null txt_len=11 pkg=com.larus.nova t_boot_ns=640378100046818
08-30 11:53:29.079 I/AnebProbe(22981): ADAPTER_EVT type=content cls=android.widget.EditText desc=null txt_len=12 pkg=com.larus.nova t_boot_ns=640378110140568
08-30 11:53:29.102 I/AnebProbe(22981): ADAPTER_EVT type=content cls=android.view.ViewGroup desc=null txt_len=0 pkg=com.larus.nova t_boot_ns=640378132857756
08-30 11:53:29.102 I/AnebProbe(22981): ADAPTER_EVT type=content cls=android.widget.EditText desc=null txt_len=13 pkg=com.larus.nova t_boot_ns=640378133824943
08-30 11:53:29.125 I/AnebProbe(22981): ADAPTER_EVT type=content cls=android.view.ViewGroup desc=null txt_len=0 pkg=com.larus.nova t_boot_ns=640378156759318
08-30 11:53:29.126 I/AnebProbe(22981): ADAPTER_EVT type=content cls=android.widget.EditText desc=null txt_len=14 pkg=com.larus.nova t_boot_ns=640378157332756
08-30 11:53:29.152 I/AnebProbe(22981): ADAPTER_EVT type=content cls=android.view.ViewGroup desc=null txt_len=0 pkg=com.larus.nova t_boot_ns=640378183505673
08-30 11:53:29.153 I/AnebProbe(22981): ADAPTER_EVT type=content cls=android.widget.EditText desc=null txt_len=15 pkg=com.larus.nova t_boot_ns=640378184020256
08-30 11:53:29.177 I/AnebProbe(22981): ADAPTER_EVT type=content cls=android.view.ViewGroup desc=null txt_len=0 pkg=com.larus.nova t_boot_ns=640378208173381
08-30 11:53:29.183 I/AnebProbe(22981): ADAPTER_EVT type=content cls=android.widget.EditText desc=null txt_len=16 pkg=com.larus.nova t_boot_ns=640378213831193
08-30 11:53:29.206 I/AnebProbe(22981): ADAPTER_EVT type=content cls=android.view.ViewGroup desc=null txt_len=0 pkg=com.larus.nova t_boot_ns=640378237881193
08-30 11:53:29.207 I/AnebProbe(22981): ADAPTER_EVT type=content cls=android.widget.EditText desc=null txt_len=17 pkg=com.larus.nova t_boot_ns=640378238384318
08-30 11:53:29.234 I/AnebProbe(22981): ADAPTER_EVT type=content cls=android.view.ViewGroup desc=null txt_len=0 pkg=com.larus.nova t_boot_ns=640378265843173
08-30 11:53:29.235 I/AnebProbe(22981): ADAPTER_EVT type=content cls=android.widget.EditText desc=null txt_len=18 pkg=com.larus.nova t_boot_ns=640378266298902
08-30 11:53:29.244 I/AnebProbe(22981): ADAPTER_EVT type=content cls=android.widget.EditText desc=null txt_len=19 pkg=com.larus.nova t_boot_ns=640378274928068
08-30 11:53:29.268 I/AnebProbe(22981): ADAPTER_EVT type=content cls=android.view.ViewGroup desc=null txt_len=0 pkg=com.larus.nova t_boot_ns=640378299824943
08-30 11:53:29.269 I/AnebProbe(22981): ADAPTER_EVT type=content cls=android.widget.EditText desc=null txt_len=20 pkg=com.larus.nova t_boot_ns=640378300257756
08-30 11:53:29.290 I/AnebProbe(22981): ADAPTER_EVT type=content cls=android.view.ViewGroup desc=null txt_len=0 pkg=com.larus.nova t_boot_ns=640378321544214
08-30 11:53:29.291 I/AnebProbe(22981): ADAPTER_EVT type=content cls=android.widget.EditText desc=null txt_len=21 pkg=com.larus.nova t_boot_ns=640378322024423
08-30 11:53:29.311 I/AnebProbe(22981): ADAPTER_EVT type=content cls=android.view.ViewGroup desc=null txt_len=0 pkg=com.larus.nova t_boot_ns=640378342782235
08-30 11:53:29.316 I/AnebProbe(22981): ADAPTER_EVT type=content cls=android.widget.EditText desc=null txt_len=22 pkg=com.larus.nova t_boot_ns=640378343280673
08-30 11:53:29.334 I/AnebProbe(22981): ADAPTER_EVT type=content cls=android.view.ViewGroup desc=null txt_len=0 pkg=com.larus.nova t_boot_ns=640378365640568
08-30 11:53:29.335 I/AnebProbe(22981): ADAPTER_EVT type=content cls=android.widget.EditText desc=null txt_len=23 pkg=com.larus.nova t_boot_ns=640378366214527
08-30 11:53:29.344 I/AnebProbe(22981): ADAPTER_EVT type=content cls=android.widget.EditText desc=null txt_len=24 pkg=com.larus.nova t_boot_ns=640378375454110
08-30 11:53:29.367 I/AnebProbe(22981): ADAPTER_EVT type=content cls=android.view.ViewGroup desc=null txt_len=0 pkg=com.larus.nova t_boot_ns=640378398750464
08-30 11:53:29.368 I/AnebProbe(22981): ADAPTER_EVT type=content cls=android.widget.EditText desc=null txt_len=25 pkg=com.larus.nova t_boot_ns=640378399206714
08-30 11:53:29.396 I/AnebProbe(22981): ADAPTER_EVT type=content cls=android.view.ViewGroup desc=null txt_len=0 pkg=com.larus.nova t_boot_ns=640378427620256
08-30 11:53:29.397 I/AnebProbe(22981): ADAPTER_EVT type=content cls=android.widget.EditText desc=null txt_len=26 pkg=com.larus.nova t_boot_ns=640378428062443
08-30 11:53:29.416 I/AnebProbe(22981): ADAPTER_EVT type=content cls=android.view.ViewGroup desc=null txt_len=0 pkg=com.larus.nova t_boot_ns=640378447202027
08-30 11:53:29.417 I/AnebProbe(22981): ADAPTER_EVT type=content cls=android.widget.EditText desc=null txt_len=27 pkg=com.larus.nova t_boot_ns=640378448437964
08-30 11:53:29.426 I/AnebProbe(22981): ADAPTER_EVT type=content cls=android.widget.EditText desc=null txt_len=28 pkg=com.larus.nova t_boot_ns=640378457433277
08-30 11:53:29.449 I/AnebProbe(22981): ADAPTER_EVT type=content cls=android.view.ViewGroup desc=null txt_len=0 pkg=com.larus.nova t_boot_ns=640378480707235
08-30 11:53:29.449 I/AnebProbe(22981): ADAPTER_EVT type=content cls=android.widget.EditText desc=null txt_len=29 pkg=com.larus.nova t_boot_ns=640378480900464
08-30 11:53:29.456 I/AnebProbe(22981): ADAPTER_EVT type=content cls=android.widget.EditText desc=null txt_len=30 pkg=com.larus.nova t_boot_ns=640378487491610
08-30 11:53:29.489 I/AnebProbe(22981): ADAPTER_EVT type=content cls=android.view.ViewGroup desc=null txt_len=0 pkg=com.larus.nova t_boot_ns=640378520808798
08-30 11:53:29.489 I/AnebProbe(22981): ADAPTER_EVT type=content cls=android.widget.EditText desc=null txt_len=31 pkg=com.larus.nova t_boot_ns=640378521010360
08-30 11:53:29.518 I/AnebProbe(22981): ADAPTER_EVT type=content cls=android.view.ViewGroup desc=null txt_len=0 pkg=com.larus.nova t_boot_ns=640378549662443
08-30 11:53:29.518 I/AnebProbe(22981): ADAPTER_EVT type=content cls=android.widget.EditText desc=null txt_len=32 pkg=com.larus.nova t_boot_ns=640378549829631
08-30 11:53:29.524 I/AnebProbe(22981): ADAPTER_EVT type=content cls=android.widget.EditText desc=null txt_len=33 pkg=com.larus.nova t_boot_ns=640378555579110
08-30 11:53:29.544 I/AnebProbe(22981): ADAPTER_EVT type=content cls=android.view.ViewGroup desc=null txt_len=0 pkg=com.larus.nova t_boot_ns=640378575866089
08-30 11:53:29.544 I/AnebProbe(22981): ADAPTER_EVT type=content cls=android.widget.EditText desc=null txt_len=34 pkg=com.larus.nova t_boot_ns=640378576021298
08-30 11:53:29.550 I/AnebProbe(22981): ADAPTER_EVT type=content cls=android.widget.EditText desc=null txt_len=35 pkg=com.larus.nova t_boot_ns=640378581333277
08-30 11:53:29.555 I/AnebProbe(22981): ADAPTER_EVT type=content cls=android.widget.EditText desc=null txt_len=36 pkg=com.larus.nova t_boot_ns=640378586195777
08-30 11:53:29.568 I/AnebProbe(22981): ADAPTER_EVT type=content cls=android.view.ViewGroup desc=null txt_len=0 pkg=com.larus.nova t_boot_ns=640378599770777
08-30 11:53:29.568 I/AnebProbe(22981): ADAPTER_EVT type=content cls=android.widget.EditText desc=null txt_len=37 pkg=com.larus.nova t_boot_ns=640378599930673
08-30 11:53:29.573 I/AnebProbe(22981): ADAPTER_EVT type=content cls=android.widget.EditText desc=null txt_len=38 pkg=com.larus.nova t_boot_ns=640378604815048
08-30 11:53:29.587 I/AnebProbe(22981): ADAPTER_EVT type=content cls=android.view.ViewGroup desc=null txt_len=0 pkg=com.larus.nova t_boot_ns=640378618605152
08-30 11:53:29.588 I/AnebProbe(22981): ADAPTER_EVT type=content cls=android.widget.EditText desc=null txt_len=39 pkg=com.larus.nova t_boot_ns=640378619250985
08-30 11:53:29.601 I/AnebProbe(22981): ADAPTER_EVT type=content cls=android.view.ViewGroup desc=null txt_len=0 pkg=com.larus.nova t_boot_ns=640378632661923
08-30 11:53:29.602 I/AnebProbe(22981): ADAPTER_EVT type=content cls=android.widget.EditText desc=null txt_len=40 pkg=com.larus.nova t_boot_ns=640378633345777
08-30 11:53:29.609 I/AnebProbe(22981): ADAPTER_EVT type=content cls=android.widget.EditText desc=null txt_len=41 pkg=com.larus.nova t_boot_ns=640378640727548
08-30 11:53:29.624 I/AnebProbe(22981): ADAPTER_EVT type=content cls=android.view.ViewGroup desc=null txt_len=0 pkg=com.larus.nova t_boot_ns=640378655239527
08-30 11:53:29.624 I/AnebProbe(22981): ADAPTER_EVT type=content cls=android.widget.EditText desc=null txt_len=42 pkg=com.larus.nova t_boot_ns=640378655791089
08-30 11:53:29.636 I/AnebProbe(22981): ADAPTER_EVT type=content cls=android.view.ViewGroup desc=null txt_len=0 pkg=com.larus.nova t_boot_ns=640378667731193
08-30 11:53:29.636 I/AnebProbe(22981): ADAPTER_EVT type=content cls=android.widget.EditText desc=null txt_len=43 pkg=com.larus.nova t_boot_ns=640378667899943
08-30 11:53:29.641 I/AnebProbe(22981): ADAPTER_EVT type=content cls=android.widget.EditText desc=null txt_len=44 pkg=com.larus.nova t_boot_ns=640378673015568
08-30 11:53:29.654 I/AnebProbe(22981): ADAPTER_EVT type=content cls=android.view.ViewGroup desc=null txt_len=0 pkg=com.larus.nova t_boot_ns=640378685396818
08-30 11:53:29.654 I/AnebProbe(22981): ADAPTER_EVT type=content cls=android.widget.EditText desc=null txt_len=45 pkg=com.larus.nova t_boot_ns=640378685546298
08-30 11:53:29.666 I/AnebProbe(22981): ADAPTER_EVT type=content cls=android.view.ViewGroup desc=null txt_len=0 pkg=com.larus.nova t_boot_ns=640378697861923
08-30 11:53:29.666 I/AnebProbe(22981): ADAPTER_EVT type=content cls=android.widget.EditText desc=null txt_len=46 pkg=com.larus.nova t_boot_ns=640378698037443
08-30 11:53:29.671 I/AnebProbe(22981): ADAPTER_EVT type=content cls=android.widget.EditText desc=null txt_len=47 pkg=com.larus.nova t_boot_ns=640378702836923
08-30 11:53:29.684 I/AnebProbe(22981): ADAPTER_EVT type=content cls=android.view.ViewGroup desc=null txt_len=0 pkg=com.larus.nova t_boot_ns=640378716108277
08-30 11:53:29.685 I/AnebProbe(22981): ADAPTER_EVT type=content cls=android.widget.EditText desc=null txt_len=48 pkg=com.larus.nova t_boot_ns=640378716258277
08-30 11:53:29.690 I/AnebProbe(22981): ADAPTER_EVT type=content cls=android.widget.EditText desc=null txt_len=49 pkg=com.larus.nova t_boot_ns=640378721349943
08-30 11:53:29.703 I/AnebProbe(22981): ADAPTER_EVT type=content cls=android.view.ViewGroup desc=null txt_len=0 pkg=com.larus.nova t_boot_ns=640378734886923
08-30 11:53:29.703 I/AnebProbe(22981): ADAPTER_EVT type=content cls=android.widget.EditText desc=null txt_len=50 pkg=com.larus.nova t_boot_ns=640378735082235
08-30 11:53:29.717 I/AnebProbe(22981): ADAPTER_EVT type=content cls=android.view.ViewGroup desc=null txt_len=0 pkg=com.larus.nova t_boot_ns=640378748559318
08-30 11:53:29.718 I/AnebProbe(22981): ADAPTER_EVT type=content cls=android.widget.EditText desc=null txt_len=51 pkg=com.larus.nova t_boot_ns=640378749312964
08-30 11:53:29.723 I/AnebProbe(22981): ADAPTER_EVT type=content cls=android.widget.EditText desc=null txt_len=52 pkg=com.larus.nova t_boot_ns=640378754209839
08-30 11:53:29.739 I/AnebProbe(22981): ADAPTER_EVT type=content cls=android.view.ViewGroup desc=null txt_len=0 pkg=com.larus.nova t_boot_ns=640378770247339
08-30 11:53:29.739 I/AnebProbe(22981): ADAPTER_EVT type=content cls=android.widget.EditText desc=null txt_len=53 pkg=com.larus.nova t_boot_ns=640378770724423
08-30 11:53:29.751 I/AnebProbe(22981): ADAPTER_EVT type=content cls=android.view.ViewGroup desc=null txt_len=0 pkg=com.larus.nova t_boot_ns=640378782617652
08-30 11:53:29.751 I/AnebProbe(22981): ADAPTER_EVT type=content cls=android.widget.EditText desc=null txt_len=54 pkg=com.larus.nova t_boot_ns=640378782791089
08-30 11:53:29.756 I/AnebProbe(22981): ADAPTER_EVT type=content cls=android.widget.EditText desc=null txt_len=55 pkg=com.larus.nova t_boot_ns=640378787703589
08-30 11:53:29.768 I/AnebProbe(22981): ADAPTER_EVT type=content cls=android.view.ViewGroup desc=null txt_len=0 pkg=com.larus.nova t_boot_ns=640378799992131
08-30 11:53:29.769 I/AnebProbe(22981): ADAPTER_EVT type=content cls=android.widget.EditText desc=null txt_len=56 pkg=com.larus.nova t_boot_ns=640378800571298
08-30 11:53:29.774 I/AnebProbe(22981): ADAPTER_EVT type=content cls=android.widget.EditText desc=null txt_len=57 pkg=com.larus.nova t_boot_ns=640378805440568
08-30 11:53:29.786 I/AnebProbe(22981): ADAPTER_EVT type=content cls=android.view.ViewGroup desc=null txt_len=0 pkg=com.larus.nova t_boot_ns=640378817691610
08-30 11:53:29.786 I/AnebProbe(22981): ADAPTER_EVT type=content cls=android.widget.EditText desc=null txt_len=58 pkg=com.larus.nova t_boot_ns=640378817855152
08-30 11:53:29.799 I/AnebProbe(22981): ADAPTER_EVT type=content cls=android.view.ViewGroup desc=null txt_len=0 pkg=com.larus.nova t_boot_ns=640378830486923
08-30 11:53:29.799 I/AnebProbe(22981): ADAPTER_EVT type=content cls=android.widget.EditText desc=null txt_len=59 pkg=com.larus.nova t_boot_ns=640378830757235
08-30 11:53:29.804 I/AnebProbe(22981): ADAPTER_EVT type=content cls=android.widget.EditText desc=null txt_len=60 pkg=com.larus.nova t_boot_ns=640378835883277
08-30 11:53:29.818 I/AnebProbe(22981): ADAPTER_EVT type=content cls=android.view.ViewGroup desc=null txt_len=0 pkg=com.larus.nova t_boot_ns=640378849325985
08-30 11:53:29.818 I/AnebProbe(22981): ADAPTER_EVT type=content cls=android.widget.EditText desc=null txt_len=61 pkg=com.larus.nova t_boot_ns=640378849527548
08-30 11:53:29.823 I/AnebProbe(22981): ADAPTER_EVT type=content cls=android.widget.EditText desc=null txt_len=62 pkg=com.larus.nova t_boot_ns=640378855009839
08-30 11:53:29.836 I/AnebProbe(22981): ADAPTER_EVT type=content cls=android.view.ViewGroup desc=null txt_len=0 pkg=com.larus.nova t_boot_ns=640378867152027
08-30 11:53:29.836 I/AnebProbe(22981): ADAPTER_EVT type=content cls=android.widget.EditText desc=null txt_len=63 pkg=com.larus.nova t_boot_ns=640378867317652
08-30 11:53:29.841 I/AnebProbe(22981): ADAPTER_EVT type=content cls=android.widget.EditText desc=null txt_len=64 pkg=com.larus.nova t_boot_ns=640378872230673
08-30 11:53:29.853 I/AnebProbe(22981): ADAPTER_EVT type=content cls=android.view.ViewGroup desc=null txt_len=0 pkg=com.larus.nova t_boot_ns=640378884606714
08-30 11:53:29.853 I/AnebProbe(22981): ADAPTER_EVT type=content cls=android.widget.EditText desc=null txt_len=65 pkg=com.larus.nova t_boot_ns=640378884773902
08-30 11:53:29.866 I/AnebProbe(22981): ADAPTER_EVT type=content cls=android.view.ViewGroup desc=null txt_len=0 pkg=com.larus.nova t_boot_ns=640378897633277
08-30 11:53:29.867 I/AnebProbe(22981): ADAPTER_EVT type=content cls=android.widget.EditText desc=null txt_len=66 pkg=com.larus.nova t_boot_ns=640378898298902
08-30 11:53:29.872 I/AnebProbe(22981): ADAPTER_EVT type=content cls=android.widget.EditText desc=null txt_len=67 pkg=com.larus.nova t_boot_ns=640378903343173
08-30 11:53:29.884 I/AnebProbe(22981): ADAPTER_EVT type=content cls=android.view.ViewGroup desc=null txt_len=0 pkg=com.larus.nova t_boot_ns=640378915906714
08-30 11:53:29.884 I/AnebProbe(22981): ADAPTER_EVT type=content cls=android.widget.EditText desc=null txt_len=68 pkg=com.larus.nova t_boot_ns=640378916057756
08-30 11:53:29.889 I/AnebProbe(22981): ADAPTER_EVT type=content cls=android.widget.EditText desc=null txt_len=69 pkg=com.larus.nova t_boot_ns=640378920661402
08-30 11:53:29.901 I/AnebProbe(22981): ADAPTER_EVT type=content cls=android.view.ViewGroup desc=null txt_len=0 pkg=com.larus.nova t_boot_ns=640378932749943
08-30 11:53:29.901 I/AnebProbe(22981): ADAPTER_EVT type=content cls=android.widget.EditText desc=null txt_len=70 pkg=com.larus.nova t_boot_ns=640378932908277
08-30 11:53:29.906 I/AnebProbe(22981): ADAPTER_EVT type=content cls=android.widget.EditText desc=null txt_len=71 pkg=com.larus.nova t_boot_ns=640378937679110
08-30 11:53:29.919 I/AnebProbe(22981): ADAPTER_EVT type=content cls=android.view.ViewGroup desc=null txt_len=0 pkg=com.larus.nova t_boot_ns=640378950398902
08-30 11:53:29.919 I/AnebProbe(22981): ADAPTER_EVT type=content cls=android.widget.EditText desc=null txt_len=72 pkg=com.larus.nova t_boot_ns=640378950567652
08-30 11:53:29.933 I/AnebProbe(22981): ADAPTER_EVT type=content cls=android.view.ViewGroup desc=null txt_len=0 pkg=com.larus.nova t_boot_ns=640378963927548
08-30 11:53:29.933 I/AnebProbe(22981): ADAPTER_EVT type=content cls=android.widget.EditText desc=null txt_len=73 pkg=com.larus.nova t_boot_ns=640378964415568
08-30 11:53:29.939 I/AnebProbe(22981): ADAPTER_EVT type=content cls=android.widget.EditText desc=null txt_len=74 pkg=com.larus.nova t_boot_ns=640378970134839
08-30 11:53:29.952 I/AnebProbe(22981): ADAPTER_EVT type=content cls=android.view.ViewGroup desc=null txt_len=0 pkg=com.larus.nova t_boot_ns=640378983431193
08-30 11:53:29.952 I/AnebProbe(22981): ADAPTER_EVT type=content cls=android.widget.EditText desc=null txt_len=75 pkg=com.larus.nova t_boot_ns=640378983761923
08-30 11:53:29.965 I/AnebProbe(22981): ADAPTER_EVT type=content cls=android.view.ViewGroup desc=null txt_len=0 pkg=com.larus.nova t_boot_ns=640378996891610
08-30 11:53:29.965 I/AnebProbe(22981): ADAPTER_EVT type=content cls=android.widget.EditText desc=null txt_len=76 pkg=com.larus.nova t_boot_ns=640378997073381
08-30 11:53:29.970 I/AnebProbe(22981): ADAPTER_EVT type=content cls=android.widget.EditText desc=null txt_len=77 pkg=com.larus.nova t_boot_ns=640379001842652
08-30 11:53:29.972 I/AnebProbe(22981): ADAPTER_EVT type=content cls=android.view.ViewGroup desc=null txt_len=0 pkg=com.larus.nova t_boot_ns=640379003997860
08-30 11:53:29.984 I/AnebProbe(22981): ADAPTER_EVT type=content cls=android.view.ViewGroup desc=null txt_len=0 pkg=com.larus.nova t_boot_ns=640379015536923
08-30 11:53:29.984 I/AnebProbe(22981): ADAPTER_EVT type=content cls=android.widget.EditText desc=null txt_len=78 pkg=com.larus.nova t_boot_ns=640379015773902
08-30 11:53:29.989 I/AnebProbe(22981): ADAPTER_EVT type=content cls=android.widget.EditText desc=null txt_len=79 pkg=com.larus.nova t_boot_ns=640379020942131
08-30 11:53:30.002 I/AnebProbe(22981): ADAPTER_EVT type=content cls=android.view.ViewGroup desc=null txt_len=0 pkg=com.larus.nova t_boot_ns=640379034062964
08-30 11:53:30.003 I/AnebProbe(22981): ADAPTER_EVT type=content cls=android.widget.EditText desc=null txt_len=80 pkg=com.larus.nova t_boot_ns=640379034229631
08-30 11:53:30.030 I/AnebProbe(22981): ADAPTER_EVT type=content cls=android.view.ViewGroup desc=null txt_len=0 pkg=com.larus.nova t_boot_ns=640379061344735
08-30 11:53:30.030 I/AnebProbe(22981): ADAPTER_EVT type=content cls=android.widget.EditText desc=null txt_len=81 pkg=com.larus.nova t_boot_ns=640379061503589
08-30 11:53:30.143 I/AnebProbe(22981): ADAPTER_EVT type=content cls=android.view.ViewGroup desc=null txt_len=0 pkg=com.larus.nova t_boot_ns=640379174779631
08-30 11:53:30.248 I/AnebProbe(22981): ADAPTER_EVT type=content cls=android.view.ViewGroup desc=null txt_len=0 pkg=com.larus.nova t_boot_ns=640379279265568
08-30 11:53:30.349 I/AnebProbe(22981): ADAPTER_EVT type=content cls=android.view.ViewGroup desc=null txt_len=0 pkg=com.larus.nova t_boot_ns=640379380136402
08-30 11:53:30.451 I/AnebProbe(22981): ADAPTER_EVT type=content cls=android.view.ViewGroup desc=null txt_len=0 pkg=com.larus.nova t_boot_ns=640379482317131
08-30 11:53:30.561 I/AnebProbe(22981): ADAPTER_EVT type=content cls=android.view.ViewGroup desc=null txt_len=0 pkg=com.larus.nova t_boot_ns=640379592720777
08-30 11:53:30.680 I/AnebProbe(22981): ADAPTER_EVT type=content cls=android.view.ViewGroup desc=null txt_len=0 pkg=com.larus.nova t_boot_ns=640379711180672
08-30 11:53:30.796 I/AnebProbe(22981): ADAPTER_EVT type=content cls=android.view.ViewGroup desc=null txt_len=0 pkg=com.larus.nova t_boot_ns=640379827462443
08-30 11:53:30.917 I/AnebProbe(22981): ADAPTER_EVT type=content cls=android.view.ViewGroup desc=null txt_len=0 pkg=com.larus.nova t_boot_ns=640379948112443
08-30 11:53:31.030 I/AnebProbe(22981): ADAPTER_EVT type=content cls=android.view.ViewGroup desc=null txt_len=0 pkg=com.larus.nova t_boot_ns=640380061368693
08-30 11:53:31.132 I/AnebProbe(22981): ADAPTER_EVT type=content cls=android.view.ViewGroup desc=null txt_len=0 pkg=com.larus.nova t_boot_ns=640380163195777
08-30 11:53:31.246 I/AnebProbe(22981): ADAPTER_EVT type=content cls=android.view.ViewGroup desc=null txt_len=0 pkg=com.larus.nova t_boot_ns=640380277670776
08-30 11:53:31.347 I/AnebProbe(22981): ADAPTER_EVT type=content cls=android.view.ViewGroup desc=null txt_len=0 pkg=com.larus.nova t_boot_ns=640380378763485
08-30 11:53:31.458 I/AnebProbe(22981): ADAPTER_EVT type=content cls=android.view.ViewGroup desc=null txt_len=0 pkg=com.larus.nova t_boot_ns=640380488989526
08-30 11:53:31.565 I/AnebProbe(22981): ADAPTER_EVT type=content cls=android.view.ViewGroup desc=null txt_len=0 pkg=com.larus.nova t_boot_ns=640380596466089
08-30 11:53:31.677 I/AnebProbe(22981): ADAPTER_EVT type=content cls=android.view.ViewGroup desc=null txt_len=0 pkg=com.larus.nova t_boot_ns=640380708797860
08-30 11:53:31.796 I/AnebProbe(22981): ADAPTER_EVT type=content cls=android.view.ViewGroup desc=null txt_len=0 pkg=com.larus.nova t_boot_ns=640380827114006
08-30 11:53:31.896 I/AnebProbe(22981): ADAPTER_EVT type=content cls=android.view.ViewGroup desc=null txt_len=0 pkg=com.larus.nova t_boot_ns=640380927385360
08-30 11:53:32.011 I/AnebProbe(22981): ADAPTER_EVT type=content cls=android.view.ViewGroup desc=null txt_len=0 pkg=com.larus.nova t_boot_ns=640381042319735
08-30 11:53:32.031 I/AnebE4MARK(16338): E4MARK kind=turn_start n=3
08-30 11:53:32.123 I/AnebProbe(22981): ADAPTER_EVT type=content cls=android.view.ViewGroup desc=null txt_len=0 pkg=com.larus.nova t_boot_ns=640381154619735
08-30 11:53:32.146 I/AnebProbe(22981): ADAPTER_EVT type=content cls=android.view.ViewGroup desc=null txt_len=0 pkg=com.larus.nova t_boot_ns=640381177667651
08-30 11:53:32.167 I/AnebProbe(22981): ADAPTER_EVT type=content cls=android.view.ViewGroup desc=null txt_len=0 pkg=com.larus.nova t_boot_ns=640381198645256
08-30 11:53:32.264 I/AnebProbe(22981): ADAPTER_EVT type=content cls=android.view.ViewGroup desc=null txt_len=0 pkg=com.larus.nova t_boot_ns=640381295600985
08-30 11:53:32.513 I/AnebProbe(22981): ADAPTER_EVT type=content cls=androidx.drawerlayout.widget.DrawerLayout desc=null txt_len=0 pkg=com.larus.nova t_boot_ns=640381544497339
08-30 11:53:32.613 I/AnebProbe(22981): ADAPTER_EVT type=content cls=androidx.drawerlayout.widget.DrawerLayout desc=null txt_len=0 pkg=com.larus.nova t_boot_ns=640381644109318
08-30 11:53:32.973 I/AnebProbe(22981): ADAPTER_EVT type=content cls=androidx.drawerlayout.widget.DrawerLayout desc=null txt_len=0 pkg=com.larus.nova t_boot_ns=640382004919214
08-30 11:53:33.076 I/AnebProbe(22981): ADAPTER_EVT type=content cls=androidx.recyclerview.widget.RecyclerView desc=null txt_len=0 pkg=com.larus.nova t_boot_ns=640382107489526
08-30 11:53:33.079 I/AnebProbe(22981): ADAPTER_OBS pkg=com.larus.nova mode=doubao events=1000 rule_matched=358 first_delta_ms=0 cadence_p50_ms=24.1 session_span_ms=205781.3 confidence=LOW/INCONCLUSIVE reason=throttle ttft_send_ms=null anchor_source=null ttft_cluster_ms=null ttft_density_ms=null
08-30 11:53:33.176 I/AnebProbe(22981): ADAPTER_EVT type=content cls=androidx.drawerlayout.widget.DrawerLayout desc=null txt_len=0 pkg=com.larus.nova t_boot_ns=640382207636401
08-30 11:53:33.277 I/AnebProbe(22981): ADAPTER_EVT type=content cls=androidx.drawerlayout.widget.DrawerLayout desc=null txt_len=0 pkg=com.larus.nova t_boot_ns=640382308719735
08-30 11:53:33.377 I/AnebProbe(22981): ADAPTER_EVT type=content cls=android.widget.TextView desc=null txt_len=0 pkg=com.larus.nova t_boot_ns=640382408305151
08-30 11:53:34.061 I/AnebProbe(22981): ADAPTER_EVT type=content cls=androidx.drawerlayout.widget.DrawerLayout desc=null txt_len=0 pkg=com.larus.nova t_boot_ns=640383092502026
08-30 11:53:34.161 I/AnebProbe(22981): ADAPTER_EVT type=content cls=androidx.drawerlayout.widget.DrawerLayout desc=null txt_len=0 pkg=com.larus.nova t_boot_ns=640383192462964
08-30 11:53:34.275 I/AnebProbe(22981): ADAPTER_EVT type=content cls=androidx.recyclerview.widget.RecyclerView desc=null txt_len=0 pkg=com.larus.nova t_boot_ns=640383306169214
08-30 11:53:34.378 I/AnebProbe(22981): ADAPTER_EVT type=content cls=androidx.recyclerview.widget.RecyclerView desc=null txt_len=0 pkg=com.larus.nova t_boot_ns=640383408973901
08-30 11:53:34.643 I/AnebProbe(22981): ADAPTER_EVT type=content cls=androidx.recyclerview.widget.RecyclerView desc=null txt_len=0 pkg=com.larus.nova t_boot_ns=640383673972338
08-30 11:53:34.711 I/AnebProbe(22981): ADAPTER_EVT type=content cls=androidx.recyclerview.widget.RecyclerView desc=null txt_len=0 pkg=com.larus.nova t_boot_ns=640383742164526
08-30 11:53:34.747 I/AnebProbe(22981): ADAPTER_EVT type=content cls=androidx.recyclerview.widget.RecyclerView desc=null txt_len=0 pkg=com.larus.nova t_boot_ns=640383778624422
08-30 11:53:34.857 I/AnebProbe(22981): ADAPTER_EVT type=content cls=androidx.recyclerview.widget.RecyclerView desc=null txt_len=0 pkg=com.larus.nova t_boot_ns=640383888367651
08-30 11:53:34.960 I/AnebProbe(22981): ADAPTER_EVT type=content cls=androidx.drawerlayout.widget.DrawerLayout desc=null txt_len=0 pkg=com.larus.nova t_boot_ns=640383991183797
08-30 11:53:35.060 I/AnebProbe(22981): ADAPTER_EVT type=content cls=androidx.drawerlayout.widget.DrawerLayout desc=null txt_len=0 pkg=com.larus.nova t_boot_ns=640384090849943
08-30 11:53:35.160 I/AnebProbe(22981): ADAPTER_EVT type=content cls=androidx.recyclerview.widget.RecyclerView desc=null txt_len=0 pkg=com.larus.nova t_boot_ns=640384191232755
08-30 11:53:35.261 I/AnebProbe(22981): ADAPTER_EVT type=content cls=androidx.recyclerview.widget.RecyclerView desc=null txt_len=0 pkg=com.larus.nova t_boot_ns=640384292073380
08-30 11:53:35.369 I/AnebProbe(22981): ADAPTER_EVT type=content cls=androidx.drawerlayout.widget.DrawerLayout desc=null txt_len=0 pkg=com.larus.nova t_boot_ns=640384400146818
08-30 11:53:35.479 I/AnebProbe(22981): ADAPTER_EVT type=content cls=androidx.recyclerview.widget.RecyclerView desc=null txt_len=0 pkg=com.larus.nova t_boot_ns=640384510640047
08-30 11:53:35.595 I/AnebProbe(22981): ADAPTER_EVT type=content cls=androidx.recyclerview.widget.RecyclerView desc=null txt_len=0 pkg=com.larus.nova t_boot_ns=640384626117130
08-30 11:53:35.711 I/AnebProbe(22981): ADAPTER_EVT type=content cls=androidx.recyclerview.widget.RecyclerView desc=null txt_len=0 pkg=com.larus.nova t_boot_ns=640384742318172
08-30 11:53:35.826 I/AnebProbe(22981): ADAPTER_EVT type=content cls=androidx.recyclerview.widget.RecyclerView desc=null txt_len=0 pkg=com.larus.nova t_boot_ns=640384857062963
08-30 11:53:35.941 I/AnebProbe(22981): ADAPTER_EVT type=content cls=androidx.recyclerview.widget.RecyclerView desc=null txt_len=0 pkg=com.larus.nova t_boot_ns=640384971912963
08-30 11:53:36.055 I/AnebProbe(22981): ADAPTER_EVT type=content cls=androidx.recyclerview.widget.RecyclerView desc=null txt_len=0 pkg=com.larus.nova t_boot_ns=640385086810359
08-30 11:53:36.172 I/AnebProbe(22981): ADAPTER_EVT type=content cls=androidx.recyclerview.widget.RecyclerView desc=null txt_len=0 pkg=com.larus.nova t_boot_ns=640385203658276
08-30 11:53:36.283 I/AnebProbe(22981): ADAPTER_EVT type=content cls=androidx.recyclerview.widget.RecyclerView desc=null txt_len=0 pkg=com.larus.nova t_boot_ns=640385313648901
08-30 11:53:36.388 I/AnebProbe(22981): ADAPTER_EVT type=content cls=androidx.recyclerview.widget.RecyclerView desc=null txt_len=0 pkg=com.larus.nova t_boot_ns=640385419410880
08-30 11:53:36.503 I/AnebProbe(22981): ADAPTER_EVT type=content cls=androidx.recyclerview.widget.RecyclerView desc=null txt_len=0 pkg=com.larus.nova t_boot_ns=640385534195776
08-30 11:53:36.620 I/AnebProbe(22981): ADAPTER_EVT type=content cls=androidx.recyclerview.widget.RecyclerView desc=null txt_len=0 pkg=com.larus.nova t_boot_ns=640385650921817
08-30 11:53:36.720 I/AnebProbe(22981): ADAPTER_EVT type=content cls=androidx.recyclerview.widget.RecyclerView desc=null txt_len=0 pkg=com.larus.nova t_boot_ns=640385751804109
08-30 11:53:36.836 I/AnebProbe(22981): ADAPTER_EVT type=content cls=androidx.recyclerview.widget.RecyclerView desc=null txt_len=0 pkg=com.larus.nova t_boot_ns=640385866932234
08-30 11:53:36.952 I/AnebProbe(22981): ADAPTER_EVT type=content cls=androidx.recyclerview.widget.RecyclerView desc=null txt_len=0 pkg=com.larus.nova t_boot_ns=640385983008276
08-30 11:53:37.068 I/AnebProbe(22981): ADAPTER_EVT type=content cls=androidx.recyclerview.widget.RecyclerView desc=null txt_len=0 pkg=com.larus.nova t_boot_ns=640386099089526
08-30 11:53:37.169 I/AnebProbe(22981): ADAPTER_EVT type=content cls=androidx.recyclerview.widget.RecyclerView desc=null txt_len=0 pkg=com.larus.nova t_boot_ns=640386200669734
08-30 11:53:37.282 I/AnebProbe(22981): ADAPTER_EVT type=content cls=androidx.recyclerview.widget.RecyclerView desc=null txt_len=0 pkg=com.larus.nova t_boot_ns=640386313515567
08-30 11:53:37.384 I/AnebProbe(22981): ADAPTER_EVT type=content cls=androidx.recyclerview.widget.RecyclerView desc=null txt_len=0 pkg=com.larus.nova t_boot_ns=640386414982755
08-30 11:53:37.498 I/AnebProbe(22981): ADAPTER_EVT type=content cls=androidx.recyclerview.widget.RecyclerView desc=null txt_len=0 pkg=com.larus.nova t_boot_ns=640386529604630
08-30 11:53:37.616 I/AnebProbe(22981): ADAPTER_EVT type=content cls=androidx.recyclerview.widget.RecyclerView desc=null txt_len=0 pkg=com.larus.nova t_boot_ns=640386646834838
08-30 11:53:37.717 I/AnebProbe(22981): ADAPTER_EVT type=content cls=androidx.recyclerview.widget.RecyclerView desc=null txt_len=0 pkg=com.larus.nova t_boot_ns=640386747040046
08-30 11:53:37.830 I/AnebProbe(22981): ADAPTER_EVT type=content cls=androidx.recyclerview.widget.RecyclerView desc=null txt_len=0 pkg=com.larus.nova t_boot_ns=640386861625463
08-30 11:53:37.934 I/AnebProbe(22981): ADAPTER_EVT type=content cls=android.view.ViewGroup desc=null txt_len=0 pkg=com.larus.nova t_boot_ns=640386965022338
08-30 11:53:38.034 I/AnebProbe(22981): ADAPTER_EVT type=content cls=android.view.ViewGroup desc=null txt_len=0 pkg=com.larus.nova t_boot_ns=640387065744734
08-30 11:53:38.146 I/AnebProbe(22981): ADAPTER_EVT type=content cls=android.view.ViewGroup desc=null txt_len=0 pkg=com.larus.nova t_boot_ns=640387176989005
08-30 11:53:38.148 I/AnebProbe(22981): ADAPTER_OBS pkg=com.larus.nova mode=doubao events=1041 rule_matched=389 first_delta_ms=0 cadence_p50_ms=24.1 session_span_ms=210850.8 confidence=LOW/INCONCLUSIVE reason=throttle ttft_send_ms=null anchor_source=null ttft_cluster_ms=3917.7 ttft_density_ms=null
08-30 11:53:38.252 I/AnebProbe(22981): ADAPTER_EVT type=content cls=android.view.ViewGroup desc=null txt_len=0 pkg=com.larus.nova t_boot_ns=640387282678067
08-30 11:53:38.374 I/AnebProbe(22981): ADAPTER_EVT type=content cls=androidx.recyclerview.widget.RecyclerView desc=null txt_len=0 pkg=com.larus.nova t_boot_ns=640387404841088
08-30 11:53:38.487 I/AnebProbe(22981): ADAPTER_EVT type=content cls=androidx.recyclerview.widget.RecyclerView desc=null txt_len=0 pkg=com.larus.nova t_boot_ns=640387518265567
08-30 11:53:38.596 I/AnebProbe(22981): ADAPTER_EVT type=content cls=androidx.recyclerview.widget.RecyclerView desc=null txt_len=0 pkg=com.larus.nova t_boot_ns=640387626709317
08-30 11:53:38.709 I/AnebProbe(22981): ADAPTER_EVT type=content cls=androidx.recyclerview.widget.RecyclerView desc=null txt_len=0 pkg=com.larus.nova t_boot_ns=640387740303067
08-30 11:53:38.811 I/AnebProbe(22981): ADAPTER_EVT type=content cls=androidx.recyclerview.widget.RecyclerView desc=null txt_len=0 pkg=com.larus.nova t_boot_ns=640387841857234
08-30 11:53:38.921 I/AnebProbe(22981): ADAPTER_EVT type=content cls=androidx.recyclerview.widget.RecyclerView desc=null txt_len=0 pkg=com.larus.nova t_boot_ns=640387952074421
08-30 11:53:39.033 I/AnebProbe(22981): ADAPTER_EVT type=content cls=androidx.recyclerview.widget.RecyclerView desc=null txt_len=0 pkg=com.larus.nova t_boot_ns=640388064395775
08-30 11:53:39.140 I/AnebProbe(22981): ADAPTER_EVT type=content cls=androidx.recyclerview.widget.RecyclerView desc=null txt_len=0 pkg=com.larus.nova t_boot_ns=640388171556713
08-30 11:53:39.276 I/AnebProbe(22981): ADAPTER_EVT type=content cls=androidx.recyclerview.widget.RecyclerView desc=null txt_len=0 pkg=com.larus.nova t_boot_ns=640388307432234
08-30 11:53:39.376 I/AnebProbe(22981): ADAPTER_EVT type=content cls=androidx.recyclerview.widget.RecyclerView desc=null txt_len=0 pkg=com.larus.nova t_boot_ns=640388406848379
08-30 11:53:39.490 I/AnebProbe(22981): ADAPTER_EVT type=content cls=androidx.recyclerview.widget.RecyclerView desc=null txt_len=0 pkg=com.larus.nova t_boot_ns=640388521760359
08-30 11:53:39.606 I/AnebProbe(22981): ADAPTER_EVT type=content cls=androidx.recyclerview.widget.RecyclerView desc=null txt_len=0 pkg=com.larus.nova t_boot_ns=640388637729629
08-30 11:53:39.705 I/AnebProbe(22981): ADAPTER_EVT type=content cls=androidx.recyclerview.widget.RecyclerView desc=null txt_len=0 pkg=com.larus.nova t_boot_ns=640388736669213
08-30 11:53:39.849 I/AnebProbe(22981): ADAPTER_EVT type=content cls=androidx.recyclerview.widget.RecyclerView desc=null txt_len=0 pkg=com.larus.nova t_boot_ns=640388880597338
08-30 11:53:39.959 I/AnebProbe(22981): ADAPTER_EVT type=content cls=androidx.recyclerview.widget.RecyclerView desc=null txt_len=0 pkg=com.larus.nova t_boot_ns=640388990697858
08-30 11:53:40.083 I/AnebProbe(22981): ADAPTER_EVT type=content cls=androidx.recyclerview.widget.RecyclerView desc=null txt_len=0 pkg=com.larus.nova t_boot_ns=640389114565046
08-30 11:53:40.196 I/AnebProbe(22981): ADAPTER_EVT type=content cls=androidx.recyclerview.widget.RecyclerView desc=null txt_len=0 pkg=com.larus.nova t_boot_ns=640389227179629
08-30 11:53:40.304 I/AnebProbe(22981): ADAPTER_EVT type=content cls=androidx.recyclerview.widget.RecyclerView desc=null txt_len=0 pkg=com.larus.nova t_boot_ns=640389335096296
08-30 11:53:40.407 I/AnebProbe(22981): ADAPTER_EVT type=content cls=androidx.recyclerview.widget.RecyclerView desc=null txt_len=0 pkg=com.larus.nova t_boot_ns=640389438103588
08-30 11:53:40.530 I/AnebProbe(22981): ADAPTER_EVT type=content cls=androidx.recyclerview.widget.RecyclerView desc=null txt_len=0 pkg=com.larus.nova t_boot_ns=640389561057233
08-30 11:53:40.636 I/AnebProbe(22981): ADAPTER_EVT type=content cls=androidx.recyclerview.widget.RecyclerView desc=null txt_len=0 pkg=com.larus.nova t_boot_ns=640389667134838
08-30 11:53:40.737 I/AnebProbe(22981): ADAPTER_EVT type=content cls=androidx.recyclerview.widget.RecyclerView desc=null txt_len=0 pkg=com.larus.nova t_boot_ns=640389768785358
08-30 11:53:40.851 I/AnebProbe(22981): ADAPTER_EVT type=content cls=androidx.recyclerview.widget.RecyclerView desc=null txt_len=0 pkg=com.larus.nova t_boot_ns=640389882445775
08-30 11:53:40.952 I/AnebProbe(22981): ADAPTER_EVT type=content cls=androidx.recyclerview.widget.RecyclerView desc=null txt_len=0 pkg=com.larus.nova t_boot_ns=640389983625983
08-30 11:53:41.060 I/AnebProbe(22981): ADAPTER_EVT type=content cls=androidx.recyclerview.widget.RecyclerView desc=null txt_len=0 pkg=com.larus.nova t_boot_ns=640390091069733
08-30 11:53:41.167 I/AnebProbe(22981): ADAPTER_EVT type=content cls=androidx.recyclerview.widget.RecyclerView desc=null txt_len=0 pkg=com.larus.nova t_boot_ns=640390198332754
08-30 11:53:41.284 I/AnebProbe(22981): ADAPTER_EVT type=content cls=androidx.recyclerview.widget.RecyclerView desc=null txt_len=0 pkg=com.larus.nova t_boot_ns=640390315668692
08-30 11:53:41.387 I/AnebProbe(22981): ADAPTER_EVT type=content cls=androidx.recyclerview.widget.RecyclerView desc=null txt_len=0 pkg=com.larus.nova t_boot_ns=640390418740046
08-30 11:53:41.499 I/AnebProbe(22981): ADAPTER_EVT type=content cls=androidx.recyclerview.widget.RecyclerView desc=null txt_len=0 pkg=com.larus.nova t_boot_ns=640390529991608
08-30 11:53:41.617 I/AnebProbe(22981): ADAPTER_EVT type=content cls=androidx.recyclerview.widget.RecyclerView desc=null txt_len=0 pkg=com.larus.nova t_boot_ns=640390648275462
08-30 11:53:41.732 I/AnebProbe(22981): ADAPTER_EVT type=content cls=androidx.recyclerview.widget.RecyclerView desc=null txt_len=0 pkg=com.larus.nova t_boot_ns=640390762754629
08-30 11:53:41.833 I/AnebProbe(22981): ADAPTER_EVT type=content cls=androidx.recyclerview.widget.RecyclerView desc=null txt_len=0 pkg=com.larus.nova t_boot_ns=640390864334837
08-30 11:53:41.949 I/AnebProbe(22981): ADAPTER_EVT type=content cls=androidx.recyclerview.widget.RecyclerView desc=null txt_len=0 pkg=com.larus.nova t_boot_ns=640390979949421
08-30 11:53:42.064 I/AnebProbe(22981): ADAPTER_EVT type=content cls=androidx.recyclerview.widget.RecyclerView desc=null txt_len=0 pkg=com.larus.nova t_boot_ns=640391094961921
08-30 11:53:42.164 I/AnebProbe(22981): ADAPTER_EVT type=content cls=androidx.recyclerview.widget.RecyclerView desc=null txt_len=0 pkg=com.larus.nova t_boot_ns=640391194960879
08-30 11:53:42.280 I/AnebProbe(22981): ADAPTER_EVT type=content cls=androidx.recyclerview.widget.RecyclerView desc=null txt_len=0 pkg=com.larus.nova t_boot_ns=640391310975462
08-30 11:53:42.397 I/AnebProbe(22981): ADAPTER_EVT type=content cls=androidx.recyclerview.widget.RecyclerView desc=null txt_len=0 pkg=com.larus.nova t_boot_ns=640391428217129
08-30 11:53:42.512 I/AnebProbe(22981): ADAPTER_EVT type=content cls=androidx.recyclerview.widget.RecyclerView desc=null txt_len=0 pkg=com.larus.nova t_boot_ns=640391543273900
08-30 11:53:42.629 I/AnebProbe(22981): ADAPTER_EVT type=content cls=androidx.recyclerview.widget.RecyclerView desc=null txt_len=0 pkg=com.larus.nova t_boot_ns=640391660048900
08-30 11:53:42.747 I/AnebProbe(22981): ADAPTER_EVT type=content cls=androidx.recyclerview.widget.RecyclerView desc=null txt_len=0 pkg=com.larus.nova t_boot_ns=640391778265566
08-30 11:53:42.874 I/AnebProbe(22981): ADAPTER_EVT type=content cls=androidx.recyclerview.widget.RecyclerView desc=null txt_len=0 pkg=com.larus.nova t_boot_ns=640391905332233
08-30 11:53:42.989 I/AnebProbe(22981): ADAPTER_EVT type=content cls=androidx.recyclerview.widget.RecyclerView desc=null txt_len=0 pkg=com.larus.nova t_boot_ns=640392020487441
08-30 11:53:43.089 I/AnebProbe(22981): ADAPTER_EVT type=content cls=androidx.recyclerview.widget.RecyclerView desc=null txt_len=0 pkg=com.larus.nova t_boot_ns=640392120196816
08-30 11:53:43.207 I/AnebProbe(22981): ADAPTER_EVT type=content cls=androidx.recyclerview.widget.RecyclerView desc=null txt_len=0 pkg=com.larus.nova t_boot_ns=640392238499941
08-30 11:53:43.210 I/AnebProbe(22981): ADAPTER_OBS pkg=com.larus.nova mode=doubao events=1086 rule_matched=433 first_delta_ms=0 cadence_p50_ms=24.2 session_span_ms=215912.4 confidence=LOW/INCONCLUSIVE reason=throttle ttft_send_ms=null anchor_source=null ttft_cluster_ms=3917.7 ttft_density_ms=null
08-30 11:53:43.311 I/AnebProbe(22981): ADAPTER_EVT type=content cls=androidx.recyclerview.widget.RecyclerView desc=null txt_len=0 pkg=com.larus.nova t_boot_ns=640392341814004
08-30 11:53:43.429 I/AnebProbe(22981): ADAPTER_EVT type=content cls=androidx.recyclerview.widget.RecyclerView desc=null txt_len=0 pkg=com.larus.nova t_boot_ns=640392460234837
08-30 11:53:43.536 I/AnebProbe(22981): ADAPTER_EVT type=content cls=androidx.recyclerview.widget.RecyclerView desc=null txt_len=0 pkg=com.larus.nova t_boot_ns=640392567478066
08-30 11:53:43.658 I/AnebProbe(22981): ADAPTER_EVT type=content cls=androidx.recyclerview.widget.RecyclerView desc=null txt_len=0 pkg=com.larus.nova t_boot_ns=640392689042650
08-30 11:53:43.775 I/AnebProbe(22981): ADAPTER_EVT type=content cls=androidx.recyclerview.widget.RecyclerView desc=null txt_len=0 pkg=com.larus.nova t_boot_ns=640392806285358
08-30 11:53:43.890 I/AnebProbe(22981): ADAPTER_EVT type=content cls=androidx.recyclerview.widget.RecyclerView desc=null txt_len=0 pkg=com.larus.nova t_boot_ns=640392920922858
08-30 11:53:44.006 I/AnebProbe(22981): ADAPTER_EVT type=content cls=androidx.recyclerview.widget.RecyclerView desc=null txt_len=0 pkg=com.larus.nova t_boot_ns=640393037345775
08-30 11:53:44.118 I/AnebProbe(22981): ADAPTER_EVT type=content cls=androidx.recyclerview.widget.RecyclerView desc=null txt_len=0 pkg=com.larus.nova t_boot_ns=640393148787441
08-30 11:53:44.227 I/AnebProbe(22981): ADAPTER_EVT type=content cls=androidx.recyclerview.widget.RecyclerView desc=null txt_len=0 pkg=com.larus.nova t_boot_ns=640393258521816
08-30 11:53:44.334 I/AnebProbe(22981): ADAPTER_EVT type=content cls=androidx.recyclerview.widget.RecyclerView desc=null txt_len=0 pkg=com.larus.nova t_boot_ns=640393365272337
08-30 11:53:44.438 I/AnebProbe(22981): ADAPTER_EVT type=content cls=androidx.recyclerview.widget.RecyclerView desc=null txt_len=0 pkg=com.larus.nova t_boot_ns=640393469550462
08-30 11:53:44.558 I/AnebProbe(22981): ADAPTER_EVT type=content cls=androidx.recyclerview.widget.RecyclerView desc=null txt_len=0 pkg=com.larus.nova t_boot_ns=640393588906191
08-30 11:53:44.669 I/AnebProbe(22981): ADAPTER_EVT type=content cls=androidx.recyclerview.widget.RecyclerView desc=null txt_len=0 pkg=com.larus.nova t_boot_ns=640393699911399
08-30 11:53:44.781 I/AnebProbe(22981): ADAPTER_EVT type=content cls=androidx.recyclerview.widget.RecyclerView desc=null txt_len=0 pkg=com.larus.nova t_boot_ns=640393812349941
08-30 11:53:44.884 I/AnebProbe(22981): ADAPTER_EVT type=content cls=androidx.recyclerview.widget.RecyclerView desc=null txt_len=0 pkg=com.larus.nova t_boot_ns=640393915090566
08-30 11:53:44.999 I/AnebProbe(22981): ADAPTER_EVT type=content cls=androidx.recyclerview.widget.RecyclerView desc=null txt_len=0 pkg=com.larus.nova t_boot_ns=640394029993691
08-30 11:53:45.119 I/AnebProbe(22981): ADAPTER_EVT type=content cls=androidx.recyclerview.widget.RecyclerView desc=null txt_len=0 pkg=com.larus.nova t_boot_ns=640394150503587
08-30 11:53:45.230 I/AnebProbe(22981): ADAPTER_EVT type=content cls=androidx.recyclerview.widget.RecyclerView desc=null txt_len=0 pkg=com.larus.nova t_boot_ns=640394261284837
08-30 11:53:45.338 I/AnebProbe(22981): ADAPTER_EVT type=content cls=androidx.recyclerview.widget.RecyclerView desc=null txt_len=0 pkg=com.larus.nova t_boot_ns=640394369724420
08-30 11:53:45.448 I/AnebProbe(22981): ADAPTER_EVT type=content cls=androidx.recyclerview.widget.RecyclerView desc=null txt_len=0 pkg=com.larus.nova t_boot_ns=640394479629628
08-30 11:53:45.564 I/AnebProbe(22981): ADAPTER_EVT type=content cls=androidx.recyclerview.widget.RecyclerView desc=null txt_len=0 pkg=com.larus.nova t_boot_ns=640394595158795
08-30 11:53:45.686 I/AnebProbe(22981): ADAPTER_EVT type=content cls=androidx.recyclerview.widget.RecyclerView desc=null txt_len=0 pkg=com.larus.nova t_boot_ns=640394717186920
08-30 11:53:45.800 I/AnebProbe(22981): ADAPTER_EVT type=content cls=androidx.recyclerview.widget.RecyclerView desc=null txt_len=0 pkg=com.larus.nova t_boot_ns=640394831548899
08-30 11:53:45.923 I/AnebProbe(22981): ADAPTER_EVT type=content cls=androidx.recyclerview.widget.RecyclerView desc=null txt_len=0 pkg=com.larus.nova t_boot_ns=640394954596295
08-30 11:53:46.026 I/AnebProbe(22981): ADAPTER_EVT type=content cls=androidx.recyclerview.widget.RecyclerView desc=null txt_len=0 pkg=com.larus.nova t_boot_ns=640395057656712
08-30 11:53:46.127 I/AnebProbe(22981): ADAPTER_EVT type=content cls=androidx.recyclerview.widget.RecyclerView desc=null txt_len=0 pkg=com.larus.nova t_boot_ns=640395158644212
08-30 11:53:46.241 I/AnebProbe(22981): ADAPTER_EVT type=content cls=androidx.recyclerview.widget.RecyclerView desc=null txt_len=0 pkg=com.larus.nova t_boot_ns=640395272738483
08-30 11:53:46.347 I/AnebProbe(22981): ADAPTER_EVT type=content cls=androidx.recyclerview.widget.RecyclerView desc=null txt_len=0 pkg=com.larus.nova t_boot_ns=640395378311920
08-30 11:53:46.458 I/AnebProbe(22981): ADAPTER_EVT type=content cls=androidx.recyclerview.widget.RecyclerView desc=null txt_len=0 pkg=com.larus.nova t_boot_ns=640395489474941
08-30 11:53:46.563 I/AnebProbe(22981): ADAPTER_EVT type=content cls=androidx.recyclerview.widget.RecyclerView desc=null txt_len=0 pkg=com.larus.nova t_boot_ns=640395593992128
08-30 11:53:46.675 I/AnebProbe(22981): ADAPTER_EVT type=content cls=androidx.recyclerview.widget.RecyclerView desc=null txt_len=0 pkg=com.larus.nova t_boot_ns=640395706348899
08-30 11:53:46.776 I/AnebProbe(22981): ADAPTER_EVT type=content cls=androidx.recyclerview.widget.RecyclerView desc=null txt_len=0 pkg=com.larus.nova t_boot_ns=640395807511920
08-30 11:53:46.889 I/AnebProbe(22981): ADAPTER_EVT type=content cls=androidx.recyclerview.widget.RecyclerView desc=null txt_len=0 pkg=com.larus.nova t_boot_ns=640395920700462
08-30 11:53:47.005 I/AnebProbe(22981): ADAPTER_EVT type=content cls=androidx.recyclerview.widget.RecyclerView desc=null txt_len=0 pkg=com.larus.nova t_boot_ns=640396036725462
08-30 11:53:47.107 I/AnebProbe(22981): ADAPTER_EVT type=content cls=androidx.recyclerview.widget.RecyclerView desc=null txt_len=0 pkg=com.larus.nova t_boot_ns=640396138204107
08-30 11:53:47.221 I/AnebProbe(22981): ADAPTER_EVT type=content cls=androidx.recyclerview.widget.RecyclerView desc=null txt_len=0 pkg=com.larus.nova t_boot_ns=640396252233795
08-30 11:53:47.327 I/AnebProbe(22981): ADAPTER_EVT type=content cls=androidx.recyclerview.widget.RecyclerView desc=null txt_len=0 pkg=com.larus.nova t_boot_ns=640396358126503
08-30 11:53:47.442 I/AnebProbe(22981): ADAPTER_EVT type=content cls=androidx.recyclerview.widget.RecyclerView desc=null txt_len=0 pkg=com.larus.nova t_boot_ns=640396473478587
08-30 11:53:47.553 I/AnebProbe(22981): ADAPTER_EVT type=content cls=androidx.recyclerview.widget.RecyclerView desc=null txt_len=0 pkg=com.larus.nova t_boot_ns=640396584582753
08-30 11:53:47.669 I/AnebProbe(22981): ADAPTER_EVT type=content cls=androidx.recyclerview.widget.RecyclerView desc=null txt_len=0 pkg=com.larus.nova t_boot_ns=640396700181711
08-30 11:53:47.769 I/AnebProbe(22981): ADAPTER_EVT type=content cls=androidx.recyclerview.widget.RecyclerView desc=null txt_len=0 pkg=com.larus.nova t_boot_ns=640396800007232
08-30 11:53:47.880 I/AnebProbe(22981): ADAPTER_EVT type=content cls=androidx.recyclerview.widget.RecyclerView desc=null txt_len=0 pkg=com.larus.nova t_boot_ns=640396911730149
08-30 11:53:47.986 I/AnebProbe(22981): ADAPTER_EVT type=content cls=androidx.recyclerview.widget.RecyclerView desc=null txt_len=0 pkg=com.larus.nova t_boot_ns=640397017565045
08-30 11:53:48.100 I/AnebProbe(22981): ADAPTER_EVT type=content cls=androidx.recyclerview.widget.RecyclerView desc=null txt_len=0 pkg=com.larus.nova t_boot_ns=640397131539003
08-30 11:53:48.204 I/AnebProbe(22981): ADAPTER_EVT type=content cls=androidx.recyclerview.widget.RecyclerView desc=null txt_len=0 pkg=com.larus.nova t_boot_ns=640397235038482
08-30 11:53:48.324 I/AnebProbe(22981): ADAPTER_EVT type=content cls=androidx.recyclerview.widget.RecyclerView desc=null txt_len=0 pkg=com.larus.nova t_boot_ns=640397355271295
08-30 11:53:48.326 I/AnebProbe(22981): ADAPTER_OBS pkg=com.larus.nova mode=doubao events=1132 rule_matched=479 first_delta_ms=0 cadence_p50_ms=101.6 session_span_ms=221029.1 confidence=LOW/INCONCLUSIVE reason=throttle ttft_send_ms=null anchor_source=null ttft_cluster_ms=3917.7 ttft_density_ms=null
08-30 11:53:48.442 I/AnebProbe(22981): ADAPTER_EVT type=content cls=androidx.recyclerview.widget.RecyclerView desc=null txt_len=0 pkg=com.larus.nova t_boot_ns=640397473266086
08-30 11:53:48.557 I/AnebProbe(22981): ADAPTER_EVT type=content cls=androidx.recyclerview.widget.RecyclerView desc=null txt_len=0 pkg=com.larus.nova t_boot_ns=640397588407232
08-30 11:53:48.670 I/AnebProbe(22981): ADAPTER_EVT type=content cls=androidx.recyclerview.widget.RecyclerView desc=null txt_len=0 pkg=com.larus.nova t_boot_ns=640397701763482
08-30 11:53:48.786 I/AnebProbe(22981): ADAPTER_EVT type=content cls=androidx.recyclerview.widget.RecyclerView desc=null txt_len=0 pkg=com.larus.nova t_boot_ns=640397816966607
08-30 11:53:48.886 I/AnebProbe(22981): ADAPTER_EVT type=content cls=androidx.recyclerview.widget.RecyclerView desc=null txt_len=0 pkg=com.larus.nova t_boot_ns=640397917212440
08-30 11:53:49.067 I/AnebProbe(22981): ADAPTER_EVT type=content cls=androidx.drawerlayout.widget.DrawerLayout desc=null txt_len=0 pkg=com.larus.nova t_boot_ns=640398097981711
08-30 11:53:49.203 I/AnebProbe(22981): ADAPTER_EVT type=content cls=androidx.drawerlayout.widget.DrawerLayout desc=null txt_len=0 pkg=com.larus.nova t_boot_ns=640398234577024
08-30 11:53:49.303 I/AnebProbe(22981): ADAPTER_EVT type=content cls=androidx.drawerlayout.widget.DrawerLayout desc=null txt_len=0 pkg=com.larus.nova t_boot_ns=640398334595774
08-30 11:53:49.614 I/AnebProbe(22981): ADAPTER_EVT type=content cls=androidx.drawerlayout.widget.DrawerLayout desc=null txt_len=0 pkg=com.larus.nova t_boot_ns=640398645282232
08-30 11:53:49.716 I/AnebProbe(22981): ADAPTER_EVT type=content cls=androidx.drawerlayout.widget.DrawerLayout desc=null txt_len=0 pkg=com.larus.nova t_boot_ns=640398746876503
08-30 11:54:47.228 I/AnebE4MARK(16597): E4MARK kind=answer_complete n=3
08-30 11:54:49.456 I/AnebProbe(22981): ADAPTER_EVT type=click cls=android.widget.ImageView desc=返回 txt_len=2 pkg=com.larus.nova t_boot_ns=640458487810869
08-30 11:54:49.457 I/AnebProbe(22981): ADAPTER_OBS pkg=com.larus.nova mode=doubao events=1142 rule_matched=484 first_delta_ms=0 cadence_p50_ms=102.7 session_span_ms=222420.7 confidence=LOW/INCONCLUSIVE reason=throttle ttft_send_ms=null anchor_source=null ttft_cluster_ms=3917.7 ttft_density_ms=null
08-30 11:54:49.567 I/AnebProbe(22981): ADAPTER_EVT type=content cls=androidx.drawerlayout.widget.DrawerLayout desc=null txt_len=0 pkg=com.larus.nova t_boot_ns=640458599056181
08-30 11:54:49.683 I/AnebProbe(22981): ADAPTER_EVT type=content cls=androidx.drawerlayout.widget.DrawerLayout desc=null txt_len=0 pkg=com.larus.nova t_boot_ns=640458714752535
08-30 11:54:49.800 I/AnebProbe(22981): ADAPTER_EVT type=content cls=androidx.drawerlayout.widget.DrawerLayout desc=null txt_len=0 pkg=com.larus.nova t_boot_ns=640458831095244
08-30 11:54:49.888 I/AnebProbe(22981): ADAPTER_EVT type=content cls=androidx.drawerlayout.widget.DrawerLayout desc=null txt_len=0 pkg=com.larus.nova t_boot_ns=640458919229098
08-30 11:54:51.159 I/AnebProbe(22981): ADAPTER_EVT type=click cls=android.widget.ImageView desc=创建新对话 txt_len=5 pkg=com.larus.nova t_boot_ns=640460190652014
08-30 11:54:51.160 I/AnebProbe(22981): ADAPTER_EVT type=content cls=android.widget.FrameLayout desc=null txt_len=0 pkg=com.larus.nova t_boot_ns=640460191080660
08-30 11:54:51.402 I/AnebProbe(22981): ADAPTER_EVT type=content cls=androidx.drawerlayout.widget.DrawerLayout desc=null txt_len=0 pkg=com.larus.nova t_boot_ns=640460433728577
08-30 11:54:51.550 I/AnebProbe(22981): ADAPTER_EVT type=content cls=androidx.drawerlayout.widget.DrawerLayout desc=null txt_len=0 pkg=com.larus.nova t_boot_ns=640460582001493
08-30 11:54:51.593 I/AnebProbe(22981): ADAPTER_EVT type=content cls=androidx.drawerlayout.widget.DrawerLayout desc=null txt_len=0 pkg=com.larus.nova t_boot_ns=640460624546806
08-30 11:54:51.694 I/AnebProbe(22981): ADAPTER_EVT type=content cls=android.view.ViewGroup desc=null txt_len=0 pkg=com.larus.nova t_boot_ns=640460725855139
08-30 11:54:51.795 I/AnebProbe(22981): ADAPTER_EVT type=content cls=android.view.ViewGroup desc=null txt_len=0 pkg=com.larus.nova t_boot_ns=640460826743160
08-30 11:54:51.901 I/AnebProbe(22981): ADAPTER_EVT type=content cls=androidx.drawerlayout.widget.DrawerLayout desc=null txt_len=0 pkg=com.larus.nova t_boot_ns=640460932012952
08-30 11:54:52.001 I/AnebProbe(22981): ADAPTER_EVT type=content cls=android.view.ViewGroup desc=null txt_len=0 pkg=com.larus.nova t_boot_ns=640461032072847
08-30 11:54:52.132 I/AnebProbe(22981): ADAPTER_EVT type=content cls=androidx.recyclerview.widget.RecyclerView desc=null txt_len=0 pkg=com.larus.nova t_boot_ns=640461163395243
08-30 11:54:52.240 I/AnebProbe(22981): ADAPTER_EVT type=content cls=android.view.ViewGroup desc=null txt_len=0 pkg=com.larus.nova t_boot_ns=640461271816077
08-30 11:54:52.358 I/AnebProbe(22981): ADAPTER_EVT type=content cls=android.view.ViewGroup desc=新对话，打开设置页 txt_len=0 pkg=com.larus.nova t_boot_ns=640461389656702
08-30 11:54:52.457 I/AnebProbe(22981): ADAPTER_EVT type=content cls=android.view.ViewGroup desc=null txt_len=0 pkg=com.larus.nova t_boot_ns=640461488025452
08-30 11:54:52.580 I/AnebProbe(22981): ADAPTER_EVT type=content cls=android.view.ViewGroup desc=null txt_len=0 pkg=com.larus.nova t_boot_ns=640461611196806
08-30 11:54:52.679 I/AnebProbe(22981): ADAPTER_EVT type=content cls=android.view.ViewGroup desc=null txt_len=0 pkg=com.larus.nova t_boot_ns=640461710387952
08-30 11:54:52.780 I/AnebProbe(22981): ADAPTER_EVT type=content cls=android.view.ViewGroup desc=null txt_len=0 pkg=com.larus.nova t_boot_ns=640461811292118
08-30 11:54:52.889 I/AnebProbe(22981): ADAPTER_EVT type=content cls=androidx.drawerlayout.widget.DrawerLayout desc=null txt_len=0 pkg=com.larus.nova t_boot_ns=640461920467639
08-30 11:54:53.068 I/AnebProbe(22981): ADAPTER_EVT type=content cls=android.view.ViewGroup desc=新对话，打开设置页 txt_len=0 pkg=com.larus.nova t_boot_ns=640462099401493
08-30 11:54:53.183 I/AnebProbe(22981): ADAPTER_EVT type=content cls=android.view.ViewGroup desc=null txt_len=0 pkg=com.larus.nova t_boot_ns=640462214428056
08-30 11:54:53.283 I/AnebProbe(22981): ADAPTER_EVT type=content cls=android.view.ViewGroup desc=null txt_len=0 pkg=com.larus.nova t_boot_ns=640462313961389
08-30 11:54:53.404 I/AnebProbe(22981): ADAPTER_EVT type=content cls=android.view.ViewGroup desc=null txt_len=0 pkg=com.larus.nova t_boot_ns=640462435433785
08-30 11:54:54.027 I/AnebProbe(22981): ADAPTER_EVT type=content cls=android.view.ViewGroup desc=新对话，打开设置页 txt_len=0 pkg=com.larus.nova t_boot_ns=640463058583785
08-30 11:54:54.142 I/AnebProbe(22981): ADAPTER_EVT type=content cls=android.view.ViewGroup desc=null txt_len=0 pkg=com.larus.nova t_boot_ns=640463173840556
08-30 11:54:54.248 I/AnebProbe(22981): ADAPTER_EVT type=content cls=android.view.ViewGroup desc=null txt_len=0 pkg=com.larus.nova t_boot_ns=640463279733264
08-30 11:54:54.350 I/AnebProbe(22981): ADAPTER_EVT type=content cls=android.view.ViewGroup desc=null txt_len=0 pkg=com.larus.nova t_boot_ns=640463381824930
08-30 11:54:54.466 I/AnebProbe(22981): ADAPTER_EVT type=content cls=android.view.ViewGroup desc=null txt_len=0 pkg=com.larus.nova t_boot_ns=640463497962430
08-30 11:54:54.467 I/AnebProbe(22981): ADAPTER_OBS pkg=com.larus.nova mode=doubao events=1171 rule_matched=485 first_delta_ms=0 cadence_p50_ms=106.1 session_span_ms=287171.8 confidence=LOW/INCONCLUSIVE reason=throttle ttft_send_ms=null anchor_source=null ttft_cluster_ms=3917.7 ttft_density_ms=null
08-30 11:54:54.578 I/AnebProbe(22981): ADAPTER_EVT type=content cls=android.view.ViewGroup desc=null txt_len=0 pkg=com.larus.nova t_boot_ns=640463609489514
08-30 11:54:54.693 I/AnebProbe(22981): ADAPTER_EVT type=content cls=android.view.ViewGroup desc=null txt_len=0 pkg=com.larus.nova t_boot_ns=640463724784826
08-30 11:54:54.797 I/AnebProbe(22981): ADAPTER_EVT type=content cls=android.view.ViewGroup desc=null txt_len=0 pkg=com.larus.nova t_boot_ns=640463828712951
08-30 11:54:54.911 I/AnebProbe(22981): ADAPTER_EVT type=content cls=android.view.ViewGroup desc=null txt_len=0 pkg=com.larus.nova t_boot_ns=640463942025451
08-30 11:54:55.011 I/AnebProbe(22981): ADAPTER_EVT type=content cls=android.view.ViewGroup desc=null txt_len=0 pkg=com.larus.nova t_boot_ns=640464042593680
08-30 11:54:55.133 I/AnebProbe(22981): ADAPTER_EVT type=content cls=android.view.ViewGroup desc=null txt_len=0 pkg=com.larus.nova t_boot_ns=640464163969722
08-30 11:54:55.241 I/AnebProbe(22981): ADAPTER_EVT type=content cls=android.view.ViewGroup desc=null txt_len=0 pkg=com.larus.nova t_boot_ns=640464272773368
08-30 11:54:55.350 I/AnebProbe(22981): ADAPTER_EVT type=content cls=android.view.ViewGroup desc=null txt_len=0 pkg=com.larus.nova t_boot_ns=640464380931701
08-30 11:54:55.368 I/AnebProbe(22981): ADAPTER_EVT type=content cls=android.view.ViewGroup desc=null txt_len=0 pkg=com.larus.nova t_boot_ns=640464399578576
08-30 11:54:55.369 I/AnebProbe(22981): ADAPTER_EVT type=content cls=android.widget.EditText desc=null txt_len=1 pkg=com.larus.nova t_boot_ns=640464400629097
08-30 11:54:55.373 I/AnebProbe(22981): ADAPTER_EVT type=content cls=android.view.ViewGroup desc=null txt_len=0 pkg=com.larus.nova t_boot_ns=640464404003055
08-30 11:54:55.418 I/AnebProbe(22981): ADAPTER_EVT type=content cls=android.view.ViewGroup desc=null txt_len=0 pkg=com.larus.nova t_boot_ns=640464449885868
08-30 11:54:55.419 I/AnebProbe(22981): ADAPTER_EVT type=content cls=android.widget.EditText desc=null txt_len=2 pkg=com.larus.nova t_boot_ns=640464450397847
08-30 11:54:55.441 I/AnebProbe(22981): ADAPTER_EVT type=content cls=android.view.ViewGroup desc=null txt_len=0 pkg=com.larus.nova t_boot_ns=640464472765034
08-30 11:54:55.442 I/AnebProbe(22981): ADAPTER_EVT type=content cls=android.widget.EditText desc=null txt_len=3 pkg=com.larus.nova t_boot_ns=640464473370764
08-30 11:54:55.450 I/AnebProbe(22981): ADAPTER_EVT type=content cls=android.widget.EditText desc=null txt_len=4 pkg=com.larus.nova t_boot_ns=640464481384826
08-30 11:54:55.474 I/AnebProbe(22981): ADAPTER_EVT type=content cls=android.view.ViewGroup desc=null txt_len=0 pkg=com.larus.nova t_boot_ns=640464505032743
08-30 11:54:55.474 I/AnebProbe(22981): ADAPTER_EVT type=content cls=android.widget.EditText desc=null txt_len=5 pkg=com.larus.nova t_boot_ns=640464505530659
08-30 11:54:55.482 I/AnebProbe(22981): ADAPTER_EVT type=content cls=android.widget.EditText desc=null txt_len=6 pkg=com.larus.nova t_boot_ns=640464513265034
08-30 11:54:55.501 I/AnebProbe(22981): ADAPTER_EVT type=content cls=android.view.ViewGroup desc=null txt_len=0 pkg=com.larus.nova t_boot_ns=640464532557222
08-30 11:54:55.502 I/AnebProbe(22981): ADAPTER_EVT type=content cls=android.widget.EditText desc=null txt_len=7 pkg=com.larus.nova t_boot_ns=640464532982222
08-30 11:54:55.527 I/AnebProbe(22981): ADAPTER_EVT type=content cls=android.view.ViewGroup desc=null txt_len=0 pkg=com.larus.nova t_boot_ns=640464558636389
08-30 11:54:55.528 I/AnebProbe(22981): ADAPTER_EVT type=content cls=android.widget.EditText desc=null txt_len=8 pkg=com.larus.nova t_boot_ns=640464559272326
08-30 11:54:55.550 I/AnebProbe(22981): ADAPTER_EVT type=content cls=android.view.ViewGroup desc=null txt_len=0 pkg=com.larus.nova t_boot_ns=640464581623368
08-30 11:54:55.551 I/AnebProbe(22981): ADAPTER_EVT type=content cls=android.widget.EditText desc=null txt_len=9 pkg=com.larus.nova t_boot_ns=640464582285868
08-30 11:54:55.574 I/AnebProbe(22981): ADAPTER_EVT type=content cls=android.view.ViewGroup desc=null txt_len=0 pkg=com.larus.nova t_boot_ns=640464605611389
08-30 11:54:55.576 I/AnebProbe(22981): ADAPTER_EVT type=content cls=android.widget.EditText desc=null txt_len=10 pkg=com.larus.nova t_boot_ns=640464606892118
08-30 11:54:55.597 I/AnebProbe(22981): ADAPTER_EVT type=content cls=android.view.ViewGroup desc=null txt_len=0 pkg=com.larus.nova t_boot_ns=640464628446284
08-30 11:54:55.598 I/AnebProbe(22981): ADAPTER_EVT type=content cls=android.widget.EditText desc=null txt_len=11 pkg=com.larus.nova t_boot_ns=640464629086909
08-30 11:54:55.618 I/AnebProbe(22981): ADAPTER_EVT type=content cls=android.view.ViewGroup desc=null txt_len=0 pkg=com.larus.nova t_boot_ns=640464648887951
08-30 11:54:55.619 I/AnebProbe(22981): ADAPTER_EVT type=content cls=android.widget.EditText desc=null txt_len=12 pkg=com.larus.nova t_boot_ns=640464649870243
08-30 11:54:55.647 I/AnebProbe(22981): ADAPTER_EVT type=content cls=android.view.ViewGroup desc=null txt_len=0 pkg=com.larus.nova t_boot_ns=640464678164514
08-30 11:54:55.647 I/AnebProbe(22981): ADAPTER_EVT type=content cls=android.widget.EditText desc=null txt_len=13 pkg=com.larus.nova t_boot_ns=640464678655139
08-30 11:54:55.663 I/AnebProbe(22981): ADAPTER_EVT type=content cls=android.view.ViewGroup desc=null txt_len=0 pkg=com.larus.nova t_boot_ns=640464694583784
08-30 11:54:55.664 I/AnebProbe(22981): ADAPTER_EVT type=content cls=android.widget.EditText desc=null txt_len=14 pkg=com.larus.nova t_boot_ns=640464695242118
08-30 11:54:55.684 I/AnebProbe(22981): ADAPTER_EVT type=content cls=android.view.ViewGroup desc=null txt_len=0 pkg=com.larus.nova t_boot_ns=640464715572326
08-30 11:54:55.685 I/AnebProbe(22981): ADAPTER_EVT type=content cls=android.widget.EditText desc=null txt_len=15 pkg=com.larus.nova t_boot_ns=640464716085868
08-30 11:54:55.708 I/AnebProbe(22981): ADAPTER_EVT type=content cls=android.view.ViewGroup desc=null txt_len=0 pkg=com.larus.nova t_boot_ns=640464739289514
08-30 11:54:55.708 I/AnebProbe(22981): ADAPTER_EVT type=content cls=android.widget.EditText desc=null txt_len=16 pkg=com.larus.nova t_boot_ns=640464739812430
08-30 11:54:55.729 I/AnebProbe(22981): ADAPTER_EVT type=content cls=android.view.ViewGroup desc=null txt_len=0 pkg=com.larus.nova t_boot_ns=640464760255139
08-30 11:54:55.729 I/AnebProbe(22981): ADAPTER_EVT type=content cls=android.widget.EditText desc=null txt_len=17 pkg=com.larus.nova t_boot_ns=640464760726493
08-30 11:54:55.751 I/AnebProbe(22981): ADAPTER_EVT type=content cls=android.view.ViewGroup desc=null txt_len=0 pkg=com.larus.nova t_boot_ns=640464782220764
08-30 11:54:55.751 I/AnebProbe(22981): ADAPTER_EVT type=content cls=android.widget.EditText desc=null txt_len=18 pkg=com.larus.nova t_boot_ns=640464782752014
08-30 11:54:55.773 I/AnebProbe(22981): ADAPTER_EVT type=content cls=android.view.ViewGroup desc=null txt_len=0 pkg=com.larus.nova t_boot_ns=640464804456701
08-30 11:54:55.774 I/AnebProbe(22981): ADAPTER_EVT type=content cls=android.widget.EditText desc=null txt_len=19 pkg=com.larus.nova t_boot_ns=640464804953055
08-30 11:54:55.795 I/AnebProbe(22981): ADAPTER_EVT type=content cls=android.view.ViewGroup desc=null txt_len=0 pkg=com.larus.nova t_boot_ns=640464826489514
08-30 11:54:55.796 I/AnebProbe(22981): ADAPTER_EVT type=content cls=android.widget.EditText desc=null txt_len=20 pkg=com.larus.nova t_boot_ns=640464827187430
08-30 11:54:55.816 I/AnebProbe(22981): ADAPTER_EVT type=content cls=android.view.ViewGroup desc=null txt_len=0 pkg=com.larus.nova t_boot_ns=640464847681180
08-30 11:54:55.819 I/AnebProbe(22981): ADAPTER_EVT type=content cls=android.widget.EditText desc=null txt_len=21 pkg=com.larus.nova t_boot_ns=640464848184305
08-30 11:54:55.840 I/AnebProbe(22981): ADAPTER_EVT type=content cls=android.view.ViewGroup desc=null txt_len=0 pkg=com.larus.nova t_boot_ns=640464870893680
08-30 11:54:55.840 I/AnebProbe(22981): ADAPTER_EVT type=content cls=android.widget.EditText desc=null txt_len=22 pkg=com.larus.nova t_boot_ns=640464871546284
08-30 11:54:55.862 I/AnebProbe(22981): ADAPTER_EVT type=content cls=android.view.ViewGroup desc=null txt_len=0 pkg=com.larus.nova t_boot_ns=640464892860347
08-30 11:54:55.862 I/AnebProbe(22981): ADAPTER_EVT type=content cls=android.widget.EditText desc=null txt_len=23 pkg=com.larus.nova t_boot_ns=640464893486389
08-30 11:54:55.881 I/AnebProbe(22981): ADAPTER_EVT type=content cls=android.view.ViewGroup desc=null txt_len=0 pkg=com.larus.nova t_boot_ns=640464912554618
08-30 11:54:55.882 I/AnebProbe(22981): ADAPTER_EVT type=content cls=android.widget.EditText desc=null txt_len=24 pkg=com.larus.nova t_boot_ns=640464913024409
08-30 11:54:55.905 I/AnebProbe(22981): ADAPTER_EVT type=content cls=android.view.ViewGroup desc=null txt_len=0 pkg=com.larus.nova t_boot_ns=640464935999930
08-30 11:54:55.905 I/AnebProbe(22981): ADAPTER_EVT type=content cls=android.widget.EditText desc=null txt_len=25 pkg=com.larus.nova t_boot_ns=640464936431701
08-30 11:54:55.913 I/AnebProbe(22981): ADAPTER_EVT type=content cls=android.widget.EditText desc=null txt_len=26 pkg=com.larus.nova t_boot_ns=640464944795243
08-30 11:54:55.933 I/AnebProbe(22981): ADAPTER_EVT type=content cls=android.view.ViewGroup desc=null txt_len=0 pkg=com.larus.nova t_boot_ns=640464964124930
08-30 11:54:55.933 I/AnebProbe(22981): ADAPTER_EVT type=content cls=android.widget.EditText desc=null txt_len=27 pkg=com.larus.nova t_boot_ns=640464964559305
08-30 11:54:55.955 I/AnebProbe(22981): ADAPTER_EVT type=content cls=android.view.ViewGroup desc=null txt_len=0 pkg=com.larus.nova t_boot_ns=640464986567118
08-30 11:54:55.956 I/AnebProbe(22981): ADAPTER_EVT type=content cls=android.widget.EditText desc=null txt_len=28 pkg=com.larus.nova t_boot_ns=640464987002534
08-30 11:54:55.964 I/AnebProbe(22981): ADAPTER_EVT type=content cls=android.widget.EditText desc=null txt_len=29 pkg=com.larus.nova t_boot_ns=640464995484305
08-30 11:54:55.989 I/AnebProbe(22981): ADAPTER_EVT type=content cls=android.view.ViewGroup desc=null txt_len=0 pkg=com.larus.nova t_boot_ns=640465020223889
08-30 11:54:55.989 I/AnebProbe(22981): ADAPTER_EVT type=content cls=android.widget.EditText desc=null txt_len=30 pkg=com.larus.nova t_boot_ns=640465020702534
08-30 11:54:55.998 I/AnebProbe(22981): ADAPTER_EVT type=content cls=android.widget.EditText desc=null txt_len=31 pkg=com.larus.nova t_boot_ns=640465029370243
08-30 11:54:56.021 I/AnebProbe(22981): ADAPTER_EVT type=content cls=android.view.ViewGroup desc=null txt_len=0 pkg=com.larus.nova t_boot_ns=640465052661389
08-30 11:54:56.021 I/AnebProbe(22981): ADAPTER_EVT type=content cls=android.widget.EditText desc=null txt_len=32 pkg=com.larus.nova t_boot_ns=640465052858264
08-30 11:54:56.035 I/AnebProbe(22981): ADAPTER_EVT type=content cls=android.widget.EditText desc=null txt_len=33 pkg=com.larus.nova t_boot_ns=640465066087430
08-30 11:54:56.046 I/AnebProbe(22981): ADAPTER_EVT type=content cls=android.view.ViewGroup desc=null txt_len=0 pkg=com.larus.nova t_boot_ns=640465077136389
08-30 11:54:56.046 I/AnebProbe(22981): ADAPTER_EVT type=content cls=android.widget.EditText desc=null txt_len=34 pkg=com.larus.nova t_boot_ns=640465077997847
08-30 11:54:56.064 I/AnebProbe(22981): ADAPTER_EVT type=content cls=android.view.ViewGroup desc=null txt_len=0 pkg=com.larus.nova t_boot_ns=640465095356701
08-30 11:54:56.064 I/AnebProbe(22981): ADAPTER_EVT type=content cls=android.widget.EditText desc=null txt_len=35 pkg=com.larus.nova t_boot_ns=640465095642118
08-30 11:54:56.080 I/AnebProbe(22981): ADAPTER_EVT type=content cls=android.view.ViewGroup desc=null txt_len=0 pkg=com.larus.nova t_boot_ns=640465111316597
08-30 11:54:56.081 I/AnebProbe(22981): ADAPTER_EVT type=content cls=android.widget.EditText desc=null txt_len=36 pkg=com.larus.nova t_boot_ns=640465112227534
08-30 11:54:56.095 I/AnebProbe(22981): ADAPTER_EVT type=content cls=android.view.ViewGroup desc=null txt_len=0 pkg=com.larus.nova t_boot_ns=640465126774409
08-30 11:54:56.095 I/AnebProbe(22981): ADAPTER_EVT type=content cls=android.widget.EditText desc=null txt_len=37 pkg=com.larus.nova t_boot_ns=640465126931180
08-30 11:54:56.111 I/AnebProbe(22981): ADAPTER_EVT type=content cls=android.view.ViewGroup desc=null txt_len=0 pkg=com.larus.nova t_boot_ns=640465142143680
08-30 11:54:56.111 I/AnebProbe(22981): ADAPTER_EVT type=content cls=android.widget.EditText desc=null txt_len=38 pkg=com.larus.nova t_boot_ns=640465142679618
08-30 11:54:56.126 I/AnebProbe(22981): ADAPTER_EVT type=content cls=android.view.ViewGroup desc=null txt_len=0 pkg=com.larus.nova t_boot_ns=640465157863472
08-30 11:54:56.126 I/AnebProbe(22981): ADAPTER_EVT type=content cls=android.widget.EditText desc=null txt_len=39 pkg=com.larus.nova t_boot_ns=640465158033264
08-30 11:54:56.141 I/AnebProbe(22981): ADAPTER_EVT type=content cls=android.view.ViewGroup desc=null txt_len=0 pkg=com.larus.nova t_boot_ns=640465172501493
08-30 11:54:56.141 I/AnebProbe(22981): ADAPTER_EVT type=content cls=android.widget.EditText desc=null txt_len=40 pkg=com.larus.nova t_boot_ns=640465172815555
08-30 11:54:56.157 I/AnebProbe(22981): ADAPTER_EVT type=content cls=android.view.ViewGroup desc=null txt_len=0 pkg=com.larus.nova t_boot_ns=640465188217118
08-30 11:54:56.157 I/AnebProbe(22981): ADAPTER_EVT type=content cls=android.widget.EditText desc=null txt_len=41 pkg=com.larus.nova t_boot_ns=640465188786909
08-30 11:54:56.163 I/AnebProbe(22981): ADAPTER_EVT type=content cls=android.widget.EditText desc=null txt_len=42 pkg=com.larus.nova t_boot_ns=640465194182743
08-30 11:54:56.174 I/AnebProbe(22981): ADAPTER_EVT type=content cls=android.view.ViewGroup desc=null txt_len=0 pkg=com.larus.nova t_boot_ns=640465206074930
08-30 11:54:56.175 I/AnebProbe(22981): ADAPTER_EVT type=content cls=android.widget.EditText desc=null txt_len=43 pkg=com.larus.nova t_boot_ns=640465206644201
08-30 11:54:56.180 I/AnebProbe(22981): ADAPTER_EVT type=content cls=android.widget.EditText desc=null txt_len=44 pkg=com.larus.nova t_boot_ns=640465211432222
08-30 11:54:56.192 I/AnebProbe(22981): ADAPTER_EVT type=content cls=android.view.ViewGroup desc=null txt_len=0 pkg=com.larus.nova t_boot_ns=640465223918159
08-30 11:54:56.192 I/AnebProbe(22981): ADAPTER_EVT type=content cls=android.widget.EditText desc=null txt_len=45 pkg=com.larus.nova t_boot_ns=640465224093159
08-30 11:54:56.205 I/AnebProbe(22981): ADAPTER_EVT type=content cls=android.view.ViewGroup desc=null txt_len=0 pkg=com.larus.nova t_boot_ns=640465236261909
08-30 11:54:56.205 I/AnebProbe(22981): ADAPTER_EVT type=content cls=android.widget.EditText desc=null txt_len=46 pkg=com.larus.nova t_boot_ns=640465236792118
08-30 11:54:56.209 I/AnebProbe(22981): ADAPTER_EVT type=content cls=android.widget.EditText desc=null txt_len=47 pkg=com.larus.nova t_boot_ns=640465241041597
08-30 11:54:56.223 I/AnebProbe(22981): ADAPTER_EVT type=content cls=android.view.ViewGroup desc=null txt_len=0 pkg=com.larus.nova t_boot_ns=640465254557222
08-30 11:54:56.223 I/AnebProbe(22981): ADAPTER_EVT type=content cls=android.widget.EditText desc=null txt_len=48 pkg=com.larus.nova t_boot_ns=640465254867639
08-30 11:54:56.228 I/AnebProbe(22981): ADAPTER_EVT type=content cls=android.widget.EditText desc=null txt_len=49 pkg=com.larus.nova t_boot_ns=640465259711389
08-30 11:54:56.241 I/AnebProbe(22981): ADAPTER_EVT type=content cls=android.view.ViewGroup desc=null txt_len=0 pkg=com.larus.nova t_boot_ns=640465272351493
08-30 11:54:56.241 I/AnebProbe(22981): ADAPTER_EVT type=content cls=android.widget.EditText desc=null txt_len=50 pkg=com.larus.nova t_boot_ns=640465272513993
08-30 11:54:56.246 I/AnebProbe(22981): ADAPTER_EVT type=content cls=android.widget.EditText desc=null txt_len=51 pkg=com.larus.nova t_boot_ns=640465277429618
08-30 11:54:56.258 I/AnebProbe(22981): ADAPTER_EVT type=content cls=android.view.ViewGroup desc=null txt_len=0 pkg=com.larus.nova t_boot_ns=640465289754097
08-30 11:54:56.258 I/AnebProbe(22981): ADAPTER_EVT type=content cls=android.widget.EditText desc=null txt_len=52 pkg=com.larus.nova t_boot_ns=640465289917118
08-30 11:54:56.273 I/AnebProbe(22981): ADAPTER_EVT type=content cls=android.view.ViewGroup desc=null txt_len=0 pkg=com.larus.nova t_boot_ns=640465303934826
08-30 11:54:56.273 I/AnebProbe(22981): ADAPTER_EVT type=content cls=android.widget.EditText desc=null txt_len=53 pkg=com.larus.nova t_boot_ns=640465304324409
08-30 11:54:56.277 I/AnebProbe(22981): ADAPTER_EVT type=content cls=android.widget.EditText desc=null txt_len=54 pkg=com.larus.nova t_boot_ns=640465308272326
08-30 11:54:56.291 I/AnebProbe(22981): ADAPTER_EVT type=content cls=android.view.ViewGroup desc=null txt_len=0 pkg=com.larus.nova t_boot_ns=640465322576493
08-30 11:54:56.292 I/AnebProbe(22981): ADAPTER_EVT type=content cls=android.widget.EditText desc=null txt_len=55 pkg=com.larus.nova t_boot_ns=640465323234305
08-30 11:54:56.305 I/AnebProbe(22981): ADAPTER_EVT type=content cls=android.view.ViewGroup desc=null txt_len=0 pkg=com.larus.nova t_boot_ns=640465336142639
08-30 11:54:56.305 I/AnebProbe(22981): ADAPTER_EVT type=content cls=android.widget.EditText desc=null txt_len=56 pkg=com.larus.nova t_boot_ns=640465336541597
08-30 11:54:56.310 I/AnebProbe(22981): ADAPTER_EVT type=content cls=android.widget.EditText desc=null txt_len=57 pkg=com.larus.nova t_boot_ns=640465341395243
08-30 11:54:56.323 I/AnebProbe(22981): ADAPTER_EVT type=content cls=android.view.ViewGroup desc=null txt_len=0 pkg=com.larus.nova t_boot_ns=640465354501493
08-30 11:54:56.323 I/AnebProbe(22981): ADAPTER_EVT type=content cls=android.widget.EditText desc=null txt_len=58 pkg=com.larus.nova t_boot_ns=640465354657743
08-30 11:54:56.328 I/AnebProbe(22981): ADAPTER_EVT type=content cls=android.widget.EditText desc=null txt_len=59 pkg=com.larus.nova t_boot_ns=640465359848889
08-30 11:54:56.341 I/AnebProbe(22981): ADAPTER_EVT type=content cls=android.view.ViewGroup desc=null txt_len=0 pkg=com.larus.nova t_boot_ns=640465372170764
08-30 11:54:56.341 I/AnebProbe(22981): ADAPTER_EVT type=content cls=android.widget.EditText desc=null txt_len=60 pkg=com.larus.nova t_boot_ns=640465372322847
08-30 11:54:56.346 I/AnebProbe(22981): ADAPTER_EVT type=content cls=android.widget.EditText desc=null txt_len=61 pkg=com.larus.nova t_boot_ns=640465377240555
08-30 11:54:56.358 I/AnebProbe(22981): ADAPTER_EVT type=content cls=android.view.ViewGroup desc=null txt_len=0 pkg=com.larus.nova t_boot_ns=640465389670763
08-30 11:54:56.358 I/AnebProbe(22981): ADAPTER_EVT type=content cls=android.widget.EditText desc=null txt_len=62 pkg=com.larus.nova t_boot_ns=640465389874409
08-30 11:54:56.370 I/AnebProbe(22981): ADAPTER_EVT type=content cls=android.view.ViewGroup desc=null txt_len=0 pkg=com.larus.nova t_boot_ns=640465402114513
08-30 11:54:56.371 I/AnebProbe(22981): ADAPTER_EVT type=content cls=android.widget.EditText desc=null txt_len=63 pkg=com.larus.nova t_boot_ns=640465402519201
08-30 11:54:56.376 I/AnebProbe(22981): ADAPTER_EVT type=content cls=android.widget.EditText desc=null txt_len=64 pkg=com.larus.nova t_boot_ns=640465407185347
08-30 11:54:56.390 I/AnebProbe(22981): ADAPTER_EVT type=content cls=android.view.ViewGroup desc=null txt_len=0 pkg=com.larus.nova t_boot_ns=640465421183784
08-30 11:54:56.390 I/AnebProbe(22981): ADAPTER_EVT type=content cls=android.widget.EditText desc=null txt_len=65 pkg=com.larus.nova t_boot_ns=640465421351493
08-30 11:54:56.416 I/AnebProbe(22981): ADAPTER_EVT type=content cls=android.view.ViewGroup desc=null txt_len=0 pkg=com.larus.nova t_boot_ns=640465447128576
08-30 11:54:56.416 I/AnebProbe(22981): ADAPTER_EVT type=content cls=android.widget.EditText desc=null txt_len=66 pkg=com.larus.nova t_boot_ns=640465447432743
08-30 11:54:56.421 I/AnebProbe(22981): ADAPTER_EVT type=content cls=android.widget.EditText desc=null txt_len=67 pkg=com.larus.nova t_boot_ns=640465453016597
08-30 11:54:56.428 I/AnebProbe(22981): ADAPTER_EVT type=content cls=android.widget.EditText desc=null txt_len=68 pkg=com.larus.nova t_boot_ns=640465459189513
08-30 11:54:56.453 I/AnebProbe(22981): ADAPTER_EVT type=content cls=android.view.ViewGroup desc=null txt_len=0 pkg=com.larus.nova t_boot_ns=640465484547847
08-30 11:54:56.453 I/AnebProbe(22981): ADAPTER_EVT type=content cls=android.widget.EditText desc=null txt_len=69 pkg=com.larus.nova t_boot_ns=640465484738472
08-30 11:54:56.459 I/AnebProbe(22981): ADAPTER_EVT type=content cls=android.widget.EditText desc=null txt_len=70 pkg=com.larus.nova t_boot_ns=640465490559826
08-30 11:54:56.478 I/AnebProbe(22981): ADAPTER_EVT type=content cls=android.view.ViewGroup desc=null txt_len=0 pkg=com.larus.nova t_boot_ns=640465508709826
08-30 11:54:56.478 I/AnebProbe(22981): ADAPTER_EVT type=content cls=android.widget.EditText desc=null txt_len=71 pkg=com.larus.nova t_boot_ns=640465509327534
08-30 11:54:56.490 I/AnebProbe(22981): ADAPTER_EVT type=content cls=android.view.ViewGroup desc=null txt_len=0 pkg=com.larus.nova t_boot_ns=640465521634305
08-30 11:54:56.490 I/AnebProbe(22981): ADAPTER_EVT type=content cls=android.widget.EditText desc=null txt_len=72 pkg=com.larus.nova t_boot_ns=640465521816076
08-30 11:54:56.503 I/AnebProbe(22981): ADAPTER_EVT type=content cls=android.view.ViewGroup desc=null txt_len=0 pkg=com.larus.nova t_boot_ns=640465534996805
08-30 11:54:56.504 I/AnebProbe(22981): ADAPTER_EVT type=content cls=android.widget.EditText desc=null txt_len=73 pkg=com.larus.nova t_boot_ns=640465535213993
08-30 11:54:56.509 I/AnebProbe(22981): ADAPTER_EVT type=content cls=android.widget.EditText desc=null txt_len=74 pkg=com.larus.nova t_boot_ns=640465540300972
08-30 11:54:56.522 I/AnebProbe(22981): ADAPTER_EVT type=content cls=android.view.ViewGroup desc=null txt_len=0 pkg=com.larus.nova t_boot_ns=640465553170763
08-30 11:54:56.522 I/AnebProbe(22981): ADAPTER_EVT type=content cls=android.widget.EditText desc=null txt_len=75 pkg=com.larus.nova t_boot_ns=640465553380659
08-30 11:54:56.528 I/AnebProbe(22981): ADAPTER_EVT type=content cls=android.widget.EditText desc=null txt_len=76 pkg=com.larus.nova t_boot_ns=640465559785347
08-30 11:54:56.541 I/AnebProbe(22981): ADAPTER_EVT type=content cls=android.view.ViewGroup desc=null txt_len=0 pkg=com.larus.nova t_boot_ns=640465572667118
08-30 11:54:56.541 I/AnebProbe(22981): ADAPTER_EVT type=content cls=android.widget.EditText desc=null txt_len=77 pkg=com.larus.nova t_boot_ns=640465572817638
08-30 11:54:56.544 I/AnebProbe(22981): ADAPTER_EVT type=content cls=android.view.ViewGroup desc=null txt_len=0 pkg=com.larus.nova t_boot_ns=640465575920243
08-30 11:54:56.555 I/AnebProbe(22981): ADAPTER_EVT type=content cls=android.view.ViewGroup desc=null txt_len=0 pkg=com.larus.nova t_boot_ns=640465587048368
08-30 11:54:56.556 I/AnebProbe(22981): ADAPTER_EVT type=content cls=android.widget.EditText desc=null txt_len=78 pkg=com.larus.nova t_boot_ns=640465587643159
08-30 11:54:56.561 I/AnebProbe(22981): ADAPTER_EVT type=content cls=android.widget.EditText desc=null txt_len=79 pkg=com.larus.nova t_boot_ns=640465592357743
08-30 11:54:56.574 I/AnebProbe(22981): ADAPTER_EVT type=content cls=android.view.ViewGroup desc=null txt_len=0 pkg=com.larus.nova t_boot_ns=640465605393159
08-30 11:54:56.574 I/AnebProbe(22981): ADAPTER_EVT type=content cls=android.widget.EditText desc=null txt_len=80 pkg=com.larus.nova t_boot_ns=640465605603055
08-30 11:54:56.589 I/AnebProbe(22981): ADAPTER_EVT type=content cls=android.view.ViewGroup desc=null txt_len=0 pkg=com.larus.nova t_boot_ns=640465620006180
08-30 11:54:56.589 I/AnebProbe(22981): ADAPTER_EVT type=content cls=android.widget.EditText desc=null txt_len=81 pkg=com.larus.nova t_boot_ns=640465620324930
08-30 11:54:56.698 I/AnebProbe(22981): ADAPTER_EVT type=content cls=android.view.ViewGroup desc=null txt_len=0 pkg=com.larus.nova t_boot_ns=640465729828576
08-30 11:54:56.803 I/AnebProbe(22981): ADAPTER_EVT type=content cls=android.view.ViewGroup desc=null txt_len=0 pkg=com.larus.nova t_boot_ns=640465834020243
08-30 11:54:56.903 I/AnebProbe(22981): ADAPTER_EVT type=content cls=android.view.ViewGroup desc=null txt_len=0 pkg=com.larus.nova t_boot_ns=640465934692118
08-30 11:54:57.020 I/AnebProbe(22981): ADAPTER_EVT type=content cls=android.view.ViewGroup desc=null txt_len=0 pkg=com.larus.nova t_boot_ns=640466051034305
08-30 11:54:57.139 I/AnebProbe(22981): ADAPTER_EVT type=content cls=android.view.ViewGroup desc=null txt_len=0 pkg=com.larus.nova t_boot_ns=640466170358263
08-30 11:54:57.239 I/AnebProbe(22981): ADAPTER_EVT type=content cls=android.view.ViewGroup desc=null txt_len=0 pkg=com.larus.nova t_boot_ns=640466270730659
08-30 11:54:57.351 I/AnebProbe(22981): ADAPTER_EVT type=content cls=android.view.ViewGroup desc=null txt_len=0 pkg=com.larus.nova t_boot_ns=640466382548888
08-30 11:54:57.455 I/AnebProbe(22981): ADAPTER_EVT type=content cls=android.view.ViewGroup desc=null txt_len=0 pkg=com.larus.nova t_boot_ns=640466486317117
08-30 11:54:57.564 I/AnebProbe(22981): ADAPTER_EVT type=content cls=android.view.ViewGroup desc=null txt_len=0 pkg=com.larus.nova t_boot_ns=640466595084305
08-30 11:54:57.680 I/AnebProbe(22981): ADAPTER_EVT type=content cls=android.view.ViewGroup desc=null txt_len=0 pkg=com.larus.nova t_boot_ns=640466711131701
08-30 11:54:57.782 I/AnebProbe(22981): ADAPTER_EVT type=content cls=android.view.ViewGroup desc=null txt_len=0 pkg=com.larus.nova t_boot_ns=640466812846284
08-30 11:54:57.902 I/AnebProbe(22981): ADAPTER_EVT type=content cls=android.view.ViewGroup desc=null txt_len=0 pkg=com.larus.nova t_boot_ns=640466932772326
08-30 11:54:58.003 I/AnebProbe(22981): ADAPTER_EVT type=content cls=android.view.ViewGroup desc=null txt_len=0 pkg=com.larus.nova t_boot_ns=640467034219201
08-30 11:54:58.103 I/AnebProbe(22981): ADAPTER_EVT type=content cls=android.view.ViewGroup desc=null txt_len=0 pkg=com.larus.nova t_boot_ns=640467134324930
08-30 11:54:58.213 I/AnebProbe(22981): ADAPTER_EVT type=content cls=android.view.ViewGroup desc=null txt_len=0 pkg=com.larus.nova t_boot_ns=640467244328055
08-30 11:54:58.317 I/AnebProbe(22981): ADAPTER_EVT type=content cls=android.view.ViewGroup desc=null txt_len=0 pkg=com.larus.nova t_boot_ns=640467348253576
08-30 11:54:58.432 I/AnebProbe(22981): ADAPTER_EVT type=content cls=android.view.ViewGroup desc=null txt_len=0 pkg=com.larus.nova t_boot_ns=640467463686388
08-30 11:54:58.543 I/AnebProbe(22981): ADAPTER_EVT type=content cls=android.view.ViewGroup desc=null txt_len=0 pkg=com.larus.nova t_boot_ns=640467574490034
08-30 11:54:58.572 I/AnebE4MARK(16738): E4MARK kind=turn_start n=4
08-30 11:54:58.649 I/AnebProbe(22981): ADAPTER_EVT type=content cls=android.view.ViewGroup desc=null txt_len=0 pkg=com.larus.nova t_boot_ns=640467679992638
08-30 11:54:58.693 I/AnebProbe(22981): ADAPTER_EVT type=content cls=android.view.ViewGroup desc=null txt_len=0 pkg=com.larus.nova t_boot_ns=640467724600971
08-30 11:54:58.726 I/AnebProbe(22981): ADAPTER_EVT type=content cls=android.view.ViewGroup desc=null txt_len=0 pkg=com.larus.nova t_boot_ns=640467757827534
08-30 11:54:58.827 I/AnebProbe(22981): ADAPTER_EVT type=content cls=android.view.ViewGroup desc=null txt_len=0 pkg=com.larus.nova t_boot_ns=640467858217638
08-30 11:54:59.066 I/AnebProbe(22981): ADAPTER_EVT type=content cls=androidx.drawerlayout.widget.DrawerLayout desc=null txt_len=0 pkg=com.larus.nova t_boot_ns=640468097082221
08-30 11:54:59.166 I/AnebProbe(22981): ADAPTER_EVT type=content cls=androidx.drawerlayout.widget.DrawerLayout desc=null txt_len=0 pkg=com.larus.nova t_boot_ns=640468197436388
08-30 11:54:59.301 I/AnebProbe(22981): ADAPTER_EVT type=content cls=androidx.drawerlayout.widget.DrawerLayout desc=null txt_len=0 pkg=com.larus.nova t_boot_ns=640468332633263
08-30 11:54:59.396 I/AnebProbe(22981): ADAPTER_EVT type=content cls=androidx.drawerlayout.widget.DrawerLayout desc=null txt_len=0 pkg=com.larus.nova t_boot_ns=640468427859826
08-30 11:54:59.499 I/AnebProbe(22981): ADAPTER_EVT type=content cls=androidx.recyclerview.widget.RecyclerView desc=null txt_len=0 pkg=com.larus.nova t_boot_ns=640468530044201
08-30 11:54:59.499 I/AnebProbe(22981): ADAPTER_OBS pkg=com.larus.nova mode=doubao events=1348 rule_matched=486 first_delta_ms=0 cadence_p50_ms=22.0 session_span_ms=292203.9 confidence=LOW/INCONCLUSIVE reason=throttle ttft_send_ms=null anchor_source=null ttft_cluster_ms=null ttft_density_ms=null
08-30 11:54:59.619 I/AnebProbe(22981): ADAPTER_EVT type=content cls=androidx.drawerlayout.widget.DrawerLayout desc=null txt_len=0 pkg=com.larus.nova t_boot_ns=640468650413471
08-30 11:54:59.718 I/AnebProbe(22981): ADAPTER_EVT type=content cls=androidx.drawerlayout.widget.DrawerLayout desc=null txt_len=0 pkg=com.larus.nova t_boot_ns=640468749822325
08-30 11:55:00.130 I/AnebProbe(22981): ADAPTER_EVT type=content cls=android.widget.FrameLayout desc=打电话 txt_len=0 pkg=com.larus.nova t_boot_ns=640469161247846
08-30 11:55:00.230 I/AnebProbe(22981): ADAPTER_EVT type=content cls=android.view.ViewGroup desc=null txt_len=0 pkg=com.larus.nova t_boot_ns=640469261018680
08-30 11:55:00.428 I/AnebProbe(22981): ADAPTER_EVT type=content cls=androidx.drawerlayout.widget.DrawerLayout desc=null txt_len=0 pkg=com.larus.nova t_boot_ns=640469459638471
08-30 11:55:00.527 I/AnebProbe(22981): ADAPTER_EVT type=content cls=androidx.drawerlayout.widget.DrawerLayout desc=null txt_len=0 pkg=com.larus.nova t_boot_ns=640469557980138
08-30 11:55:00.784 I/AnebProbe(22981): ADAPTER_EVT type=content cls=androidx.recyclerview.widget.RecyclerView desc=null txt_len=0 pkg=com.larus.nova t_boot_ns=640469815528054
08-30 11:55:00.868 I/AnebProbe(22981): ADAPTER_EVT type=content cls=androidx.recyclerview.widget.RecyclerView desc=null txt_len=0 pkg=com.larus.nova t_boot_ns=640469898585867
08-30 11:55:00.965 I/AnebProbe(22981): ADAPTER_EVT type=content cls=androidx.recyclerview.widget.RecyclerView desc=null txt_len=0 pkg=com.larus.nova t_boot_ns=640469996511909
08-30 11:55:01.095 I/AnebProbe(22981): ADAPTER_EVT type=content cls=androidx.drawerlayout.widget.DrawerLayout desc=null txt_len=0 pkg=com.larus.nova t_boot_ns=640470126865034
08-30 11:55:01.196 I/AnebProbe(22981): ADAPTER_EVT type=content cls=androidx.recyclerview.widget.RecyclerView desc=null txt_len=0 pkg=com.larus.nova t_boot_ns=640470227265034
08-30 11:55:01.297 I/AnebProbe(22981): ADAPTER_EVT type=content cls=androidx.recyclerview.widget.RecyclerView desc=null txt_len=0 pkg=com.larus.nova t_boot_ns=640470328359304
08-30 11:55:01.400 I/AnebProbe(22981): ADAPTER_EVT type=content cls=androidx.drawerlayout.widget.DrawerLayout desc=null txt_len=0 pkg=com.larus.nova t_boot_ns=640470431651492
08-30 11:55:01.500 I/AnebProbe(22981): ADAPTER_EVT type=content cls=androidx.drawerlayout.widget.DrawerLayout desc=null txt_len=0 pkg=com.larus.nova t_boot_ns=640470531317638
08-30 11:55:01.616 I/AnebProbe(22981): ADAPTER_EVT type=content cls=androidx.recyclerview.widget.RecyclerView desc=null txt_len=0 pkg=com.larus.nova t_boot_ns=640470647662429
08-30 11:55:01.723 I/AnebProbe(22981): ADAPTER_EVT type=content cls=androidx.recyclerview.widget.RecyclerView desc=null txt_len=0 pkg=com.larus.nova t_boot_ns=640470754410867
08-30 11:55:01.823 I/AnebProbe(22981): ADAPTER_EVT type=content cls=androidx.recyclerview.widget.RecyclerView desc=null txt_len=0 pkg=com.larus.nova t_boot_ns=640470854593158
08-30 11:55:01.924 I/AnebProbe(22981): ADAPTER_EVT type=content cls=androidx.recyclerview.widget.RecyclerView desc=null txt_len=0 pkg=com.larus.nova t_boot_ns=640470954823367
08-30 11:55:02.031 I/AnebProbe(22981): ADAPTER_EVT type=content cls=androidx.recyclerview.widget.RecyclerView desc=null txt_len=0 pkg=com.larus.nova t_boot_ns=640471062227013
08-30 11:55:02.143 I/AnebProbe(22981): ADAPTER_EVT type=content cls=androidx.recyclerview.widget.RecyclerView desc=null txt_len=0 pkg=com.larus.nova t_boot_ns=640471174508263
08-30 11:55:02.243 I/AnebProbe(22981): ADAPTER_EVT type=content cls=androidx.recyclerview.widget.RecyclerView desc=null txt_len=0 pkg=com.larus.nova t_boot_ns=640471274350450
08-30 11:55:02.359 I/AnebProbe(22981): ADAPTER_EVT type=content cls=androidx.recyclerview.widget.RecyclerView desc=null txt_len=0 pkg=com.larus.nova t_boot_ns=640471390684304
08-30 11:55:02.459 I/AnebProbe(22981): ADAPTER_EVT type=content cls=androidx.recyclerview.widget.RecyclerView desc=null txt_len=0 pkg=com.larus.nova t_boot_ns=640471490466075
08-30 11:55:02.560 I/AnebProbe(22981): ADAPTER_EVT type=content cls=androidx.recyclerview.widget.RecyclerView desc=null txt_len=0 pkg=com.larus.nova t_boot_ns=640471591809304
08-30 11:55:02.675 I/AnebProbe(22981): ADAPTER_EVT type=content cls=androidx.recyclerview.widget.RecyclerView desc=null txt_len=0 pkg=com.larus.nova t_boot_ns=640471706393158
08-30 11:55:02.787 I/AnebProbe(22981): ADAPTER_EVT type=content cls=androidx.recyclerview.widget.RecyclerView desc=null txt_len=0 pkg=com.larus.nova t_boot_ns=640471818521804
08-30 11:55:02.891 I/AnebProbe(22981): ADAPTER_EVT type=content cls=androidx.recyclerview.widget.RecyclerView desc=null txt_len=0 pkg=com.larus.nova t_boot_ns=640471922488471
08-30 11:55:03.011 I/AnebProbe(22981): ADAPTER_EVT type=content cls=androidx.recyclerview.widget.RecyclerView desc=null txt_len=0 pkg=com.larus.nova t_boot_ns=640472042168679
08-30 11:55:03.122 I/AnebProbe(22981): ADAPTER_EVT type=content cls=androidx.recyclerview.widget.RecyclerView desc=null txt_len=0 pkg=com.larus.nova t_boot_ns=640472153535867
08-30 11:55:03.226 I/AnebProbe(22981): ADAPTER_EVT type=content cls=androidx.recyclerview.widget.RecyclerView desc=null txt_len=0 pkg=com.larus.nova t_boot_ns=640472257706179
08-30 11:55:03.337 I/AnebProbe(22981): ADAPTER_EVT type=content cls=androidx.recyclerview.widget.RecyclerView desc=null txt_len=0 pkg=com.larus.nova t_boot_ns=640472367941075
08-30 11:55:03.453 I/AnebProbe(22981): ADAPTER_EVT type=content cls=androidx.recyclerview.widget.RecyclerView desc=null txt_len=0 pkg=com.larus.nova t_boot_ns=640472484178575
08-30 11:55:03.555 I/AnebProbe(22981): ADAPTER_EVT type=content cls=androidx.recyclerview.widget.RecyclerView desc=null txt_len=0 pkg=com.larus.nova t_boot_ns=640472585986387
08-30 11:55:03.665 I/AnebProbe(22981): ADAPTER_EVT type=content cls=androidx.recyclerview.widget.RecyclerView desc=null txt_len=0 pkg=com.larus.nova t_boot_ns=640472696730137
08-30 11:55:03.775 I/AnebProbe(22981): ADAPTER_EVT type=content cls=androidx.recyclerview.widget.RecyclerView desc=null txt_len=0 pkg=com.larus.nova t_boot_ns=640472806020762
08-30 11:55:03.881 I/AnebProbe(22981): ADAPTER_EVT type=content cls=androidx.recyclerview.widget.RecyclerView desc=null txt_len=0 pkg=com.larus.nova t_boot_ns=640472912334304
08-30 11:55:03.985 I/AnebProbe(22981): ADAPTER_EVT type=content cls=androidx.recyclerview.widget.RecyclerView desc=null txt_len=0 pkg=com.larus.nova t_boot_ns=640473016381179
08-30 11:55:04.100 I/AnebProbe(22981): ADAPTER_EVT type=content cls=androidx.recyclerview.widget.RecyclerView desc=null txt_len=0 pkg=com.larus.nova t_boot_ns=640473131062429
08-30 11:55:04.203 I/AnebProbe(22981): ADAPTER_EVT type=content cls=androidx.recyclerview.widget.RecyclerView desc=null txt_len=0 pkg=com.larus.nova t_boot_ns=640473234259825
08-30 11:55:04.303 I/AnebProbe(22981): ADAPTER_EVT type=content cls=android.view.ViewGroup desc=null txt_len=0 pkg=com.larus.nova t_boot_ns=640473334635866
08-30 11:55:04.430 I/AnebProbe(22981): ADAPTER_EVT type=content cls=android.view.ViewGroup desc=null txt_len=0 pkg=com.larus.nova t_boot_ns=640473461182221
08-30 11:55:04.530 I/AnebProbe(22981): ADAPTER_EVT type=content cls=android.view.ViewGroup desc=null txt_len=0 pkg=com.larus.nova t_boot_ns=640473561022846
08-30 11:55:04.531 I/AnebProbe(22981): ADAPTER_OBS pkg=com.larus.nova mode=doubao events=1390 rule_matched=516 first_delta_ms=0 cadence_p50_ms=22.0 session_span_ms=297234.9 confidence=LOW/INCONCLUSIVE reason=throttle ttft_send_ms=null anchor_source=null ttft_cluster_ms=3431.4 ttft_density_ms=null
08-30 11:55:04.639 I/AnebProbe(22981): ADAPTER_EVT type=content cls=android.view.ViewGroup desc=null txt_len=0 pkg=com.larus.nova t_boot_ns=640473670003054
08-30 11:55:04.740 I/AnebProbe(22981): ADAPTER_EVT type=content cls=androidx.recyclerview.widget.RecyclerView desc=null txt_len=0 pkg=com.larus.nova t_boot_ns=640473770838471
08-30 11:55:04.856 I/AnebProbe(22981): ADAPTER_EVT type=content cls=androidx.recyclerview.widget.RecyclerView desc=null txt_len=0 pkg=com.larus.nova t_boot_ns=640473887336908
08-30 11:55:04.970 I/AnebProbe(22981): ADAPTER_EVT type=content cls=androidx.recyclerview.widget.RecyclerView desc=null txt_len=0 pkg=com.larus.nova t_boot_ns=640473996228054
08-30 11:55:05.075 I/AnebProbe(22981): ADAPTER_EVT type=content cls=androidx.recyclerview.widget.RecyclerView desc=null txt_len=0 pkg=com.larus.nova t_boot_ns=640474106622325
08-30 11:55:05.178 I/AnebProbe(22981): ADAPTER_EVT type=content cls=androidx.recyclerview.widget.RecyclerView desc=null txt_len=0 pkg=com.larus.nova t_boot_ns=640474208925970
08-30 11:55:05.280 I/AnebProbe(22981): ADAPTER_EVT type=content cls=androidx.recyclerview.widget.RecyclerView desc=null txt_len=0 pkg=com.larus.nova t_boot_ns=640474311241595
08-30 11:55:05.380 I/AnebProbe(22981): ADAPTER_EVT type=content cls=androidx.recyclerview.widget.RecyclerView desc=null txt_len=0 pkg=com.larus.nova t_boot_ns=640474411033262
08-30 11:55:05.498 I/AnebProbe(22981): ADAPTER_EVT type=content cls=androidx.recyclerview.widget.RecyclerView desc=null txt_len=0 pkg=com.larus.nova t_boot_ns=640474529569200
08-30 11:55:05.600 I/AnebProbe(22981): ADAPTER_EVT type=content cls=androidx.recyclerview.widget.RecyclerView desc=null txt_len=0 pkg=com.larus.nova t_boot_ns=640474631412950
08-30 11:55:05.710 I/AnebProbe(22981): ADAPTER_EVT type=content cls=androidx.recyclerview.widget.RecyclerView desc=null txt_len=0 pkg=com.larus.nova t_boot_ns=640474741386908
08-30 11:55:05.823 I/AnebProbe(22981): ADAPTER_EVT type=content cls=androidx.recyclerview.widget.RecyclerView desc=null txt_len=0 pkg=com.larus.nova t_boot_ns=640474854788991
08-30 11:55:05.928 I/AnebProbe(22981): ADAPTER_EVT type=content cls=androidx.recyclerview.widget.RecyclerView desc=null txt_len=0 pkg=com.larus.nova t_boot_ns=640474959079095
08-30 11:55:06.050 I/AnebProbe(22981): ADAPTER_EVT type=content cls=androidx.recyclerview.widget.RecyclerView desc=null txt_len=0 pkg=com.larus.nova t_boot_ns=640475081517637
08-30 11:55:06.154 I/AnebProbe(22981): ADAPTER_EVT type=content cls=androidx.recyclerview.widget.RecyclerView desc=null txt_len=0 pkg=com.larus.nova t_boot_ns=640475185334825
08-30 11:55:06.270 I/AnebProbe(22981): ADAPTER_EVT type=content cls=androidx.recyclerview.widget.RecyclerView desc=null txt_len=0 pkg=com.larus.nova t_boot_ns=640475301603574
08-30 11:55:06.371 I/AnebProbe(22981): ADAPTER_EVT type=content cls=androidx.recyclerview.widget.RecyclerView desc=null txt_len=0 pkg=com.larus.nova t_boot_ns=640475402040554
08-30 11:55:06.473 I/AnebProbe(22981): ADAPTER_EVT type=content cls=androidx.recyclerview.widget.RecyclerView desc=null txt_len=0 pkg=com.larus.nova t_boot_ns=640475504277533
08-30 11:55:06.573 I/AnebProbe(22981): ADAPTER_EVT type=content cls=androidx.recyclerview.widget.RecyclerView desc=null txt_len=0 pkg=com.larus.nova t_boot_ns=640475604398366
08-30 11:55:06.677 I/AnebProbe(22981): ADAPTER_EVT type=content cls=androidx.recyclerview.widget.RecyclerView desc=null txt_len=0 pkg=com.larus.nova t_boot_ns=640475707881179
08-30 11:55:06.781 I/AnebProbe(22981): ADAPTER_EVT type=content cls=androidx.recyclerview.widget.RecyclerView desc=null txt_len=0 pkg=com.larus.nova t_boot_ns=640475812467637
08-30 11:55:06.891 I/AnebProbe(22981): ADAPTER_EVT type=content cls=androidx.recyclerview.widget.RecyclerView desc=null txt_len=0 pkg=com.larus.nova t_boot_ns=640475922146804
08-30 11:55:07.006 I/AnebProbe(22981): ADAPTER_EVT type=content cls=androidx.recyclerview.widget.RecyclerView desc=null txt_len=0 pkg=com.larus.nova t_boot_ns=640476037602533
08-30 11:55:07.121 I/AnebProbe(22981): ADAPTER_EVT type=content cls=androidx.recyclerview.widget.RecyclerView desc=null txt_len=0 pkg=com.larus.nova t_boot_ns=640476151611908
08-30 11:55:07.224 I/AnebProbe(22981): ADAPTER_EVT type=content cls=androidx.recyclerview.widget.RecyclerView desc=null txt_len=0 pkg=com.larus.nova t_boot_ns=640476255355137
08-30 11:55:07.338 I/AnebProbe(22981): ADAPTER_EVT type=content cls=androidx.recyclerview.widget.RecyclerView desc=null txt_len=0 pkg=com.larus.nova t_boot_ns=640476369209824
08-30 11:55:07.453 I/AnebProbe(22981): ADAPTER_EVT type=content cls=androidx.recyclerview.widget.RecyclerView desc=null txt_len=0 pkg=com.larus.nova t_boot_ns=640476484301491
08-30 11:55:07.574 I/AnebProbe(22981): ADAPTER_EVT type=content cls=androidx.recyclerview.widget.RecyclerView desc=null txt_len=0 pkg=com.larus.nova t_boot_ns=640476605394720
08-30 11:55:07.689 I/AnebProbe(22981): ADAPTER_EVT type=content cls=androidx.recyclerview.widget.RecyclerView desc=null txt_len=0 pkg=com.larus.nova t_boot_ns=640476720022324
08-30 11:55:07.790 I/AnebProbe(22981): ADAPTER_EVT type=content cls=androidx.recyclerview.widget.RecyclerView desc=null txt_len=0 pkg=com.larus.nova t_boot_ns=640476821715553
08-30 11:55:07.900 I/AnebProbe(22981): ADAPTER_EVT type=content cls=androidx.recyclerview.widget.RecyclerView desc=null txt_len=0 pkg=com.larus.nova t_boot_ns=640476931270241
08-30 11:55:08.021 I/AnebProbe(22981): ADAPTER_EVT type=content cls=androidx.recyclerview.widget.RecyclerView desc=null txt_len=0 pkg=com.larus.nova t_boot_ns=640477051916074
08-30 11:55:08.121 I/AnebProbe(22981): ADAPTER_EVT type=content cls=androidx.recyclerview.widget.RecyclerView desc=null txt_len=0 pkg=com.larus.nova t_boot_ns=640477152732220
08-30 11:55:08.237 I/AnebProbe(22981): ADAPTER_EVT type=content cls=androidx.recyclerview.widget.RecyclerView desc=null txt_len=0 pkg=com.larus.nova t_boot_ns=640477268307220
08-30 11:55:08.352 I/AnebProbe(22981): ADAPTER_EVT type=content cls=androidx.recyclerview.widget.RecyclerView desc=null txt_len=0 pkg=com.larus.nova t_boot_ns=640477383547324
08-30 11:55:08.464 I/AnebProbe(22981): ADAPTER_EVT type=content cls=androidx.recyclerview.widget.RecyclerView desc=null txt_len=0 pkg=com.larus.nova t_boot_ns=640477495437949
08-30 11:55:08.565 I/AnebProbe(22981): ADAPTER_EVT type=content cls=androidx.recyclerview.widget.RecyclerView desc=null txt_len=0 pkg=com.larus.nova t_boot_ns=640477596738470
08-30 11:55:08.678 I/AnebProbe(22981): ADAPTER_EVT type=content cls=androidx.recyclerview.widget.RecyclerView desc=null txt_len=0 pkg=com.larus.nova t_boot_ns=640477709578053
08-30 11:55:08.791 I/AnebProbe(22981): ADAPTER_EVT type=content cls=androidx.recyclerview.widget.RecyclerView desc=null txt_len=0 pkg=com.larus.nova t_boot_ns=640477821885866
08-30 11:55:08.908 I/AnebProbe(22981): ADAPTER_EVT type=content cls=androidx.recyclerview.widget.RecyclerView desc=null txt_len=0 pkg=com.larus.nova t_boot_ns=640477939138470
08-30 11:55:09.022 I/AnebProbe(22981): ADAPTER_EVT type=content cls=androidx.recyclerview.widget.RecyclerView desc=null txt_len=0 pkg=com.larus.nova t_boot_ns=640478053137428
08-30 11:55:09.121 I/AnebProbe(22981): ADAPTER_EVT type=content cls=androidx.recyclerview.widget.RecyclerView desc=null txt_len=0 pkg=com.larus.nova t_boot_ns=640478152645762
08-30 11:55:09.238 I/AnebProbe(22981): ADAPTER_EVT type=content cls=androidx.recyclerview.widget.RecyclerView desc=null txt_len=0 pkg=com.larus.nova t_boot_ns=640478269800970
08-30 11:55:09.338 I/AnebProbe(22981): ADAPTER_EVT type=content cls=androidx.recyclerview.widget.RecyclerView desc=null txt_len=0 pkg=com.larus.nova t_boot_ns=640478369709824
08-30 11:55:09.444 I/AnebProbe(22981): ADAPTER_EVT type=content cls=androidx.recyclerview.widget.RecyclerView desc=null txt_len=0 pkg=com.larus.nova t_boot_ns=640478475320241
08-30 11:55:09.557 I/AnebProbe(22981): ADAPTER_EVT type=content cls=androidx.recyclerview.widget.RecyclerView desc=null txt_len=0 pkg=com.larus.nova t_boot_ns=640478587613470
08-30 11:55:09.560 I/AnebProbe(22981): ADAPTER_OBS pkg=com.larus.nova mode=doubao events=1436 rule_matched=561 first_delta_ms=0 cadence_p50_ms=22.4 session_span_ms=302261.5 confidence=LOW/INCONCLUSIVE reason=throttle ttft_send_ms=null anchor_source=null ttft_cluster_ms=3431.4 ttft_density_ms=null
08-30 11:55:09.668 I/AnebProbe(22981): ADAPTER_EVT type=content cls=androidx.recyclerview.widget.RecyclerView desc=null txt_len=0 pkg=com.larus.nova t_boot_ns=640478699520241
08-30 11:55:09.778 I/AnebProbe(22981): ADAPTER_EVT type=content cls=androidx.recyclerview.widget.RecyclerView desc=null txt_len=0 pkg=com.larus.nova t_boot_ns=640478809740032
08-30 11:55:09.879 I/AnebProbe(22981): ADAPTER_EVT type=content cls=androidx.recyclerview.widget.RecyclerView desc=null txt_len=0 pkg=com.larus.nova t_boot_ns=640478910606699
08-30 11:55:09.988 I/AnebProbe(22981): ADAPTER_EVT type=content cls=androidx.recyclerview.widget.RecyclerView desc=null txt_len=0 pkg=com.larus.nova t_boot_ns=640479019748886
08-30 11:55:10.101 I/AnebProbe(22981): ADAPTER_EVT type=content cls=androidx.recyclerview.widget.RecyclerView desc=null txt_len=0 pkg=com.larus.nova t_boot_ns=640479132718678
08-30 11:55:10.204 I/AnebProbe(22981): ADAPTER_EVT type=content cls=androidx.recyclerview.widget.RecyclerView desc=null txt_len=0 pkg=com.larus.nova t_boot_ns=640479235274407
08-30 11:55:10.304 I/AnebProbe(22981): ADAPTER_EVT type=content cls=androidx.recyclerview.widget.RecyclerView desc=null txt_len=0 pkg=com.larus.nova t_boot_ns=640479335326491
08-30 11:55:10.416 I/AnebProbe(22981): ADAPTER_EVT type=content cls=androidx.recyclerview.widget.RecyclerView desc=null txt_len=0 pkg=com.larus.nova t_boot_ns=640479447852011
08-30 11:55:10.528 I/AnebProbe(22981): ADAPTER_EVT type=content cls=androidx.recyclerview.widget.RecyclerView desc=null txt_len=0 pkg=com.larus.nova t_boot_ns=640479558957741
08-30 11:55:10.631 I/AnebProbe(22981): ADAPTER_EVT type=content cls=androidx.recyclerview.widget.RecyclerView desc=null txt_len=0 pkg=com.larus.nova t_boot_ns=640479662025970
08-30 11:55:10.752 I/AnebProbe(22981): ADAPTER_EVT type=content cls=androidx.recyclerview.widget.RecyclerView desc=null txt_len=0 pkg=com.larus.nova t_boot_ns=640479783557740
08-30 11:55:10.852 I/AnebProbe(22981): ADAPTER_EVT type=content cls=androidx.recyclerview.widget.RecyclerView desc=null txt_len=0 pkg=com.larus.nova t_boot_ns=640479882863990
08-30 11:55:10.967 I/AnebProbe(22981): ADAPTER_EVT type=content cls=androidx.recyclerview.widget.RecyclerView desc=null txt_len=0 pkg=com.larus.nova t_boot_ns=640479998428053
08-30 11:55:11.078 I/AnebProbe(22981): ADAPTER_EVT type=content cls=androidx.recyclerview.widget.RecyclerView desc=null txt_len=0 pkg=com.larus.nova t_boot_ns=640480109066595
08-30 11:55:11.189 I/AnebProbe(22981): ADAPTER_EVT type=content cls=androidx.recyclerview.widget.RecyclerView desc=null txt_len=0 pkg=com.larus.nova t_boot_ns=640480220098365
08-30 11:55:11.298 I/AnebProbe(22981): ADAPTER_EVT type=content cls=androidx.recyclerview.widget.RecyclerView desc=null txt_len=0 pkg=com.larus.nova t_boot_ns=640480329347845
08-30 11:55:11.417 I/AnebProbe(22981): ADAPTER_EVT type=content cls=androidx.recyclerview.widget.RecyclerView desc=null txt_len=0 pkg=com.larus.nova t_boot_ns=640480448329095
08-30 11:55:11.528 I/AnebProbe(22981): ADAPTER_EVT type=content cls=androidx.recyclerview.widget.RecyclerView desc=null txt_len=0 pkg=com.larus.nova t_boot_ns=640480558845761
08-30 11:55:11.634 I/AnebProbe(22981): ADAPTER_EVT type=content cls=androidx.recyclerview.widget.RecyclerView desc=null txt_len=0 pkg=com.larus.nova t_boot_ns=640480665334824
08-30 11:55:11.750 I/AnebProbe(22981): ADAPTER_EVT type=content cls=androidx.recyclerview.widget.RecyclerView desc=null txt_len=0 pkg=com.larus.nova t_boot_ns=640480781566074
08-30 11:55:11.855 I/AnebProbe(22981): ADAPTER_EVT type=content cls=androidx.recyclerview.widget.RecyclerView desc=null txt_len=0 pkg=com.larus.nova t_boot_ns=640480886817636
08-30 11:55:11.970 I/AnebProbe(22981): ADAPTER_EVT type=content cls=androidx.recyclerview.widget.RecyclerView desc=null txt_len=0 pkg=com.larus.nova t_boot_ns=640481001560344
08-30 11:55:12.073 I/AnebProbe(22981): ADAPTER_EVT type=content cls=androidx.recyclerview.widget.RecyclerView desc=null txt_len=0 pkg=com.larus.nova t_boot_ns=640481104520761
08-30 11:55:12.178 I/AnebProbe(22981): ADAPTER_EVT type=content cls=androidx.recyclerview.widget.RecyclerView desc=null txt_len=0 pkg=com.larus.nova t_boot_ns=640481208820761
08-30 11:55:12.299 I/AnebProbe(22981): ADAPTER_EVT type=content cls=androidx.recyclerview.widget.RecyclerView desc=null txt_len=0 pkg=com.larus.nova t_boot_ns=640481329965032
08-30 11:55:12.410 I/AnebProbe(22981): ADAPTER_EVT type=content cls=androidx.recyclerview.widget.RecyclerView desc=null txt_len=0 pkg=com.larus.nova t_boot_ns=640481441279615
08-30 11:55:12.531 I/AnebProbe(22981): ADAPTER_EVT type=content cls=androidx.recyclerview.widget.RecyclerView desc=null txt_len=0 pkg=com.larus.nova t_boot_ns=640481562520240
08-30 11:55:12.651 I/AnebProbe(22981): ADAPTER_EVT type=content cls=androidx.recyclerview.widget.RecyclerView desc=null txt_len=0 pkg=com.larus.nova t_boot_ns=640481682102532
08-30 11:55:12.755 I/AnebProbe(22981): ADAPTER_EVT type=content cls=androidx.recyclerview.widget.RecyclerView desc=null txt_len=0 pkg=com.larus.nova t_boot_ns=640481786528053
08-30 11:55:12.874 I/AnebProbe(22981): ADAPTER_EVT type=content cls=androidx.recyclerview.widget.RecyclerView desc=null txt_len=0 pkg=com.larus.nova t_boot_ns=640481905094198
08-30 11:55:12.981 I/AnebProbe(22981): ADAPTER_EVT type=content cls=androidx.recyclerview.widget.RecyclerView desc=null txt_len=0 pkg=com.larus.nova t_boot_ns=640482011937948
08-30 11:55:13.094 I/AnebProbe(22981): ADAPTER_EVT type=content cls=androidx.recyclerview.widget.RecyclerView desc=null txt_len=0 pkg=com.larus.nova t_boot_ns=640482125490032
08-30 11:55:13.205 I/AnebProbe(22981): ADAPTER_EVT type=content cls=androidx.recyclerview.widget.RecyclerView desc=null txt_len=0 pkg=com.larus.nova t_boot_ns=640482236285865
08-30 11:55:13.321 I/AnebProbe(22981): ADAPTER_EVT type=content cls=androidx.recyclerview.widget.RecyclerView desc=null txt_len=0 pkg=com.larus.nova t_boot_ns=640482351932219
08-30 11:55:13.443 I/AnebProbe(22981): ADAPTER_EVT type=content cls=androidx.recyclerview.widget.RecyclerView desc=null txt_len=0 pkg=com.larus.nova t_boot_ns=640482473891073
08-30 11:55:13.552 I/AnebProbe(22981): ADAPTER_EVT type=content cls=androidx.recyclerview.widget.RecyclerView desc=null txt_len=0 pkg=com.larus.nova t_boot_ns=640482583927011
08-30 11:55:13.665 I/AnebProbe(22981): ADAPTER_EVT type=content cls=androidx.recyclerview.widget.RecyclerView desc=null txt_len=0 pkg=com.larus.nova t_boot_ns=640482696504094
08-30 11:55:13.773 I/AnebProbe(22981): ADAPTER_EVT type=content cls=androidx.recyclerview.widget.RecyclerView desc=null txt_len=0 pkg=com.larus.nova t_boot_ns=640482803855136
08-30 11:55:13.882 I/AnebProbe(22981): ADAPTER_EVT type=content cls=androidx.recyclerview.widget.RecyclerView desc=null txt_len=0 pkg=com.larus.nova t_boot_ns=640482913108782
08-30 11:55:13.986 I/AnebProbe(22981): ADAPTER_EVT type=content cls=androidx.recyclerview.widget.RecyclerView desc=null txt_len=0 pkg=com.larus.nova t_boot_ns=640483017533261
08-30 11:55:14.102 I/AnebProbe(22981): ADAPTER_EVT type=content cls=androidx.recyclerview.widget.RecyclerView desc=null txt_len=0 pkg=com.larus.nova t_boot_ns=640483132852011
08-30 11:55:14.214 I/AnebProbe(22981): ADAPTER_EVT type=content cls=androidx.recyclerview.widget.RecyclerView desc=null txt_len=0 pkg=com.larus.nova t_boot_ns=640483245449407
08-30 11:55:14.330 I/AnebProbe(22981): ADAPTER_EVT type=content cls=androidx.recyclerview.widget.RecyclerView desc=null txt_len=0 pkg=com.larus.nova t_boot_ns=640483361762948
08-30 11:55:14.437 I/AnebProbe(22981): ADAPTER_EVT type=content cls=androidx.recyclerview.widget.RecyclerView desc=null txt_len=0 pkg=com.larus.nova t_boot_ns=640483468687948
08-30 11:55:14.556 I/AnebProbe(22981): ADAPTER_EVT type=content cls=androidx.recyclerview.widget.RecyclerView desc=null txt_len=0 pkg=com.larus.nova t_boot_ns=640483587823886
08-30 11:55:14.559 I/AnebProbe(22981): ADAPTER_OBS pkg=com.larus.nova mode=doubao events=1481 rule_matched=606 first_delta_ms=0 cadence_p50_ms=101.1 session_span_ms=307261.7 confidence=LOW/INCONCLUSIVE reason=throttle ttft_send_ms=null anchor_source=null ttft_cluster_ms=3431.4 ttft_density_ms=null
08-30 11:55:14.668 I/AnebProbe(22981): ADAPTER_EVT type=content cls=androidx.recyclerview.widget.RecyclerView desc=null txt_len=0 pkg=com.larus.nova t_boot_ns=640483699274407
08-30 11:55:14.778 I/AnebProbe(22981): ADAPTER_EVT type=content cls=androidx.recyclerview.widget.RecyclerView desc=null txt_len=0 pkg=com.larus.nova t_boot_ns=640483809051490
08-30 11:55:14.881 I/AnebProbe(22981): ADAPTER_EVT type=content cls=androidx.recyclerview.widget.RecyclerView desc=null txt_len=0 pkg=com.larus.nova t_boot_ns=640483911968157
08-30 11:55:14.993 I/AnebProbe(22981): ADAPTER_EVT type=content cls=androidx.recyclerview.widget.RecyclerView desc=null txt_len=0 pkg=com.larus.nova t_boot_ns=640484024303573
08-30 11:55:15.112 I/AnebProbe(22981): ADAPTER_EVT type=content cls=androidx.recyclerview.widget.RecyclerView desc=null txt_len=0 pkg=com.larus.nova t_boot_ns=640484143198886
08-30 11:55:15.231 I/AnebProbe(22981): ADAPTER_EVT type=content cls=androidx.recyclerview.widget.RecyclerView desc=null txt_len=0 pkg=com.larus.nova t_boot_ns=640484262298365
08-30 11:55:15.362 I/AnebProbe(22981): ADAPTER_EVT type=content cls=androidx.recyclerview.widget.RecyclerView desc=null txt_len=0 pkg=com.larus.nova t_boot_ns=640484392984302
08-30 11:55:15.474 I/AnebProbe(22981): ADAPTER_EVT type=content cls=androidx.recyclerview.widget.RecyclerView desc=null txt_len=0 pkg=com.larus.nova t_boot_ns=640484505203573
08-30 11:55:15.593 I/AnebProbe(22981): ADAPTER_EVT type=content cls=androidx.recyclerview.widget.RecyclerView desc=null txt_len=0 pkg=com.larus.nova t_boot_ns=640484624018156
08-30 11:55:15.712 I/AnebProbe(22981): ADAPTER_EVT type=content cls=androidx.recyclerview.widget.RecyclerView desc=null txt_len=0 pkg=com.larus.nova t_boot_ns=640484743860344
08-30 11:55:15.858 I/AnebProbe(22981): ADAPTER_EVT type=content cls=androidx.recyclerview.widget.RecyclerView desc=null txt_len=0 pkg=com.larus.nova t_boot_ns=640484888712427
08-30 11:55:15.967 I/AnebProbe(22981): ADAPTER_EVT type=content cls=androidx.recyclerview.widget.RecyclerView desc=null txt_len=0 pkg=com.larus.nova t_boot_ns=640484998759302
08-30 11:55:16.077 I/AnebProbe(22981): ADAPTER_EVT type=content cls=androidx.recyclerview.widget.RecyclerView desc=null txt_len=0 pkg=com.larus.nova t_boot_ns=640485107692115
08-30 11:55:16.202 I/AnebProbe(22981): ADAPTER_EVT type=content cls=androidx.recyclerview.widget.RecyclerView desc=null txt_len=0 pkg=com.larus.nova t_boot_ns=640485233081177
08-30 11:55:16.315 I/AnebProbe(22981): ADAPTER_EVT type=content cls=androidx.recyclerview.widget.RecyclerView desc=null txt_len=0 pkg=com.larus.nova t_boot_ns=640485346456698
08-30 11:55:16.415 I/AnebProbe(22981): ADAPTER_EVT type=content cls=androidx.recyclerview.widget.RecyclerView desc=null txt_len=0 pkg=com.larus.nova t_boot_ns=640485446700969
08-30 11:55:16.516 I/AnebProbe(22981): ADAPTER_EVT type=content cls=androidx.recyclerview.widget.RecyclerView desc=null txt_len=0 pkg=com.larus.nova t_boot_ns=640485546995760
08-30 11:55:16.643 I/AnebProbe(22981): ADAPTER_EVT type=content cls=androidx.recyclerview.widget.RecyclerView desc=null txt_len=0 pkg=com.larus.nova t_boot_ns=640485674243677
08-30 11:55:16.752 I/AnebProbe(22981): ADAPTER_EVT type=content cls=androidx.recyclerview.widget.RecyclerView desc=null txt_len=0 pkg=com.larus.nova t_boot_ns=640485783557740
08-30 11:55:16.878 I/AnebProbe(22981): ADAPTER_EVT type=content cls=androidx.recyclerview.widget.RecyclerView desc=null txt_len=0 pkg=com.larus.nova t_boot_ns=640485909268156
08-30 11:55:16.978 I/AnebProbe(22981): ADAPTER_EVT type=content cls=androidx.recyclerview.widget.RecyclerView desc=null txt_len=0 pkg=com.larus.nova t_boot_ns=640486009020240
08-30 11:55:17.225 I/AnebProbe(22981): ADAPTER_EVT type=content cls=androidx.recyclerview.widget.RecyclerView desc=null txt_len=0 pkg=com.larus.nova t_boot_ns=640486256340552
08-30 11:55:17.347 I/AnebProbe(22981): ADAPTER_EVT type=content cls=androidx.recyclerview.widget.RecyclerView desc=null txt_len=0 pkg=com.larus.nova t_boot_ns=640486377918677
08-30 11:55:17.456 I/AnebProbe(22981): ADAPTER_EVT type=content cls=androidx.recyclerview.widget.RecyclerView desc=null txt_len=0 pkg=com.larus.nova t_boot_ns=640486487511906
08-30 11:55:17.572 I/AnebProbe(22981): ADAPTER_EVT type=content cls=androidx.recyclerview.widget.RecyclerView desc=null txt_len=0 pkg=com.larus.nova t_boot_ns=640486603895760
08-30 11:55:17.684 I/AnebProbe(22981): ADAPTER_EVT type=content cls=androidx.recyclerview.widget.RecyclerView desc=null txt_len=0 pkg=com.larus.nova t_boot_ns=640486715519719
08-30 11:55:17.805 I/AnebProbe(22981): ADAPTER_EVT type=content cls=androidx.recyclerview.widget.RecyclerView desc=null txt_len=0 pkg=com.larus.nova t_boot_ns=640486835921802
08-30 11:55:17.921 I/AnebProbe(22981): ADAPTER_EVT type=content cls=androidx.recyclerview.widget.RecyclerView desc=null txt_len=0 pkg=com.larus.nova t_boot_ns=640486952365031
08-30 11:55:18.028 I/AnebProbe(22981): ADAPTER_EVT type=content cls=androidx.recyclerview.widget.RecyclerView desc=null txt_len=0 pkg=com.larus.nova t_boot_ns=640487059073885
08-30 11:55:18.132 I/AnebProbe(22981): ADAPTER_EVT type=content cls=androidx.recyclerview.widget.RecyclerView desc=null txt_len=0 pkg=com.larus.nova t_boot_ns=640487163257739
08-30 11:55:18.264 I/AnebProbe(22981): ADAPTER_EVT type=content cls=androidx.recyclerview.widget.RecyclerView desc=null txt_len=0 pkg=com.larus.nova t_boot_ns=640487295829614
08-30 11:55:18.381 I/AnebProbe(22981): ADAPTER_EVT type=content cls=androidx.recyclerview.widget.RecyclerView desc=null txt_len=0 pkg=com.larus.nova t_boot_ns=640487412197843
08-30 11:55:18.493 I/AnebProbe(22981): ADAPTER_EVT type=content cls=androidx.recyclerview.widget.RecyclerView desc=null txt_len=0 pkg=com.larus.nova t_boot_ns=640487524083781
08-30 11:55:18.612 I/AnebProbe(22981): ADAPTER_EVT type=content cls=androidx.recyclerview.widget.RecyclerView desc=null txt_len=0 pkg=com.larus.nova t_boot_ns=640487639609302
08-30 11:55:18.709 I/AnebProbe(22981): ADAPTER_EVT type=content cls=androidx.recyclerview.widget.RecyclerView desc=null txt_len=0 pkg=com.larus.nova t_boot_ns=640487740506177
08-30 11:55:18.810 I/AnebProbe(22981): ADAPTER_EVT type=content cls=androidx.drawerlayout.widget.DrawerLayout desc=null txt_len=0 pkg=com.larus.nova t_boot_ns=640487841262948
08-30 11:55:18.923 I/AnebProbe(22981): ADAPTER_EVT type=content cls=androidx.drawerlayout.widget.DrawerLayout desc=null txt_len=0 pkg=com.larus.nova t_boot_ns=640487954033260
08-30 11:55:19.024 I/AnebProbe(22981): ADAPTER_EVT type=content cls=androidx.recyclerview.widget.RecyclerView desc=null txt_len=0 pkg=com.larus.nova t_boot_ns=640488055189510
08-30 11:55:19.136 I/AnebProbe(22981): ADAPTER_EVT type=content cls=androidx.drawerlayout.widget.DrawerLayout desc=null txt_len=0 pkg=com.larus.nova t_boot_ns=640488167347843
08-30 11:55:19.238 I/AnebProbe(22981): ADAPTER_EVT type=content cls=androidx.drawerlayout.widget.DrawerLayout desc=null txt_len=0 pkg=com.larus.nova t_boot_ns=640488268862948
08-30 11:55:19.491 I/AnebProbe(22981): ADAPTER_EVT type=content cls=androidx.drawerlayout.widget.DrawerLayout desc=null txt_len=0 pkg=com.larus.nova t_boot_ns=640488522287947
08-30 11:55:19.592 I/AnebProbe(22981): ADAPTER_EVT type=content cls=androidx.drawerlayout.widget.DrawerLayout desc=null txt_len=0 pkg=com.larus.nova t_boot_ns=640488623547322
08-30 11:55:19.595 I/AnebProbe(22981): ADAPTER_OBS pkg=com.larus.nova mode=doubao events=1523 rule_matched=642 first_delta_ms=0 cadence_p50_ms=105.5 session_span_ms=312297.4 confidence=LOW/INCONCLUSIVE reason=throttle ttft_send_ms=null anchor_source=null ttft_cluster_ms=3431.4 ttft_density_ms=null
08-30 11:56:13.781 I/AnebE4MARK(17048): E4MARK kind=answer_complete n=4
08-30 11:56:16.004 I/AnebProbe(22981): ADAPTER_EVT type=click cls=android.widget.ImageView desc=返回 txt_len=2 pkg=com.larus.nova t_boot_ns=640545036117626
08-30 11:56:16.005 I/AnebProbe(22981): ADAPTER_OBS pkg=com.larus.nova mode=doubao events=1523 rule_matched=642 first_delta_ms=0 cadence_p50_ms=105.5 session_span_ms=312297.4 confidence=LOW/INCONCLUSIVE reason=throttle ttft_send_ms=null anchor_source=null ttft_cluster_ms=3431.4 ttft_density_ms=null
08-30 11:56:16.116 I/AnebProbe(22981): ADAPTER_EVT type=content cls=androidx.drawerlayout.widget.DrawerLayout desc=null txt_len=0 pkg=com.larus.nova t_boot_ns=640545147137418
08-30 11:56:16.232 I/AnebProbe(22981): ADAPTER_EVT type=content cls=androidx.drawerlayout.widget.DrawerLayout desc=null txt_len=0 pkg=com.larus.nova t_boot_ns=640545263894710
08-30 11:56:16.348 I/AnebProbe(22981): ADAPTER_EVT type=content cls=androidx.drawerlayout.widget.DrawerLayout desc=null txt_len=0 pkg=com.larus.nova t_boot_ns=640545379183251
08-30 11:56:16.436 I/AnebProbe(22981): ADAPTER_EVT type=content cls=androidx.drawerlayout.widget.DrawerLayout desc=null txt_len=0 pkg=com.larus.nova t_boot_ns=640545467427522
08-30 11:56:17.762 I/AnebProbe(22981): ADAPTER_EVT type=click cls=android.widget.ImageView desc=创建新对话 txt_len=5 pkg=com.larus.nova t_boot_ns=640546793510334
08-30 11:56:17.765 I/AnebProbe(22981): ADAPTER_EVT type=content cls=android.widget.FrameLayout desc=null txt_len=0 pkg=com.larus.nova t_boot_ns=640546796415022
08-30 11:56:17.986 I/AnebProbe(22981): ADAPTER_EVT type=content cls=androidx.drawerlayout.widget.DrawerLayout desc=null txt_len=0 pkg=com.larus.nova t_boot_ns=640547017400959
08-30 11:56:18.134 I/AnebProbe(22981): ADAPTER_EVT type=content cls=androidx.drawerlayout.widget.DrawerLayout desc=null txt_len=0 pkg=com.larus.nova t_boot_ns=640547165462939
08-30 11:56:18.163 I/AnebProbe(22981): ADAPTER_EVT type=content cls=androidx.drawerlayout.widget.DrawerLayout desc=null txt_len=0 pkg=com.larus.nova t_boot_ns=640547194955126
08-30 11:56:18.187 I/AnebProbe(22981): ADAPTER_EVT type=content cls=android.view.ViewGroup desc=null txt_len=0 pkg=com.larus.nova t_boot_ns=640547218679084
08-30 11:56:18.285 I/AnebProbe(22981): ADAPTER_EVT type=content cls=android.view.ViewGroup desc=null txt_len=0 pkg=com.larus.nova t_boot_ns=640547315850438
08-30 11:56:18.386 I/AnebProbe(22981): ADAPTER_EVT type=content cls=android.view.ViewGroup desc=null txt_len=0 pkg=com.larus.nova t_boot_ns=640547417047834
08-30 11:56:18.509 I/AnebProbe(22981): ADAPTER_EVT type=content cls=androidx.drawerlayout.widget.DrawerLayout desc=null txt_len=0 pkg=com.larus.nova t_boot_ns=640547540061376
08-30 11:56:18.865 I/AnebProbe(22981): ADAPTER_EVT type=content cls=androidx.recyclerview.widget.RecyclerView desc=null txt_len=0 pkg=com.larus.nova t_boot_ns=640547896092626
08-30 11:56:18.961 I/AnebProbe(22981): ADAPTER_EVT type=content cls=android.view.ViewGroup desc=null txt_len=0 pkg=com.larus.nova t_boot_ns=640547992490543
08-30 11:56:19.061 I/AnebProbe(22981): ADAPTER_EVT type=content cls=android.view.ViewGroup desc=null txt_len=0 pkg=com.larus.nova t_boot_ns=640548092392626
08-30 11:56:19.176 I/AnebProbe(22981): ADAPTER_EVT type=content cls=android.view.ViewGroup desc=null txt_len=0 pkg=com.larus.nova t_boot_ns=640548207740543
08-30 11:56:19.276 I/AnebProbe(22981): ADAPTER_EVT type=content cls=android.view.ViewGroup desc=null txt_len=0 pkg=com.larus.nova t_boot_ns=640548306872313
08-30 11:56:19.375 I/AnebProbe(22981): ADAPTER_EVT type=content cls=android.view.ViewGroup desc=null txt_len=0 pkg=com.larus.nova t_boot_ns=640548406560855
08-30 11:56:19.477 I/AnebProbe(22981): ADAPTER_EVT type=content cls=android.view.ViewGroup desc=null txt_len=0 pkg=com.larus.nova t_boot_ns=640548507882730
08-30 11:56:19.631 I/AnebProbe(22981): ADAPTER_EVT type=content cls=androidx.drawerlayout.widget.DrawerLayout desc=null txt_len=0 pkg=com.larus.nova t_boot_ns=640548662412417
08-30 11:56:19.740 I/AnebProbe(22981): ADAPTER_EVT type=content cls=androidx.drawerlayout.widget.DrawerLayout desc=null txt_len=0 pkg=com.larus.nova t_boot_ns=640548770981688
08-30 11:56:19.847 I/AnebProbe(22981): ADAPTER_EVT type=content cls=android.view.ViewGroup desc=null txt_len=0 pkg=com.larus.nova t_boot_ns=640548878431167
08-30 11:56:19.948 I/AnebProbe(22981): ADAPTER_EVT type=content cls=android.view.ViewGroup desc=null txt_len=0 pkg=com.larus.nova t_boot_ns=640548978905126
08-30 11:56:20.049 I/AnebProbe(22981): ADAPTER_EVT type=content cls=android.view.ViewGroup desc=null txt_len=0 pkg=com.larus.nova t_boot_ns=640549079820230
08-30 11:56:20.692 I/AnebProbe(22981): ADAPTER_EVT type=content cls=android.view.ViewGroup desc=新对话，打开设置页 txt_len=0 pkg=com.larus.nova t_boot_ns=640549723190021
08-30 11:56:20.797 I/AnebProbe(22981): ADAPTER_EVT type=content cls=android.view.ViewGroup desc=null txt_len=0 pkg=com.larus.nova t_boot_ns=640549828240021
08-30 11:56:20.913 I/AnebProbe(22981): ADAPTER_EVT type=content cls=android.view.ViewGroup desc=null txt_len=0 pkg=com.larus.nova t_boot_ns=640549944643146
08-30 11:56:21.015 I/AnebProbe(22981): ADAPTER_EVT type=content cls=android.view.ViewGroup desc=null txt_len=0 pkg=com.larus.nova t_boot_ns=640550046642626
08-30 11:56:21.016 I/AnebProbe(22981): ADAPTER_OBS pkg=com.larus.nova mode=doubao events=1551 rule_matched=643 first_delta_ms=0 cadence_p50_ms=108.9 session_span_ms=373720.5 confidence=LOW/INCONCLUSIVE reason=throttle ttft_send_ms=null anchor_source=null ttft_cluster_ms=3431.4 ttft_density_ms=null
08-30 11:56:21.131 I/AnebProbe(22981): ADAPTER_EVT type=content cls=android.view.ViewGroup desc=null txt_len=0 pkg=com.larus.nova t_boot_ns=640550162717626
08-30 11:56:21.244 I/AnebProbe(22981): ADAPTER_EVT type=content cls=android.view.ViewGroup desc=null txt_len=0 pkg=com.larus.nova t_boot_ns=640550275241063
08-30 11:56:21.345 I/AnebProbe(22981): ADAPTER_EVT type=content cls=android.view.ViewGroup desc=null txt_len=0 pkg=com.larus.nova t_boot_ns=640550375913980
08-30 11:56:21.461 I/AnebProbe(22981): ADAPTER_EVT type=content cls=android.view.ViewGroup desc=null txt_len=0 pkg=com.larus.nova t_boot_ns=640550491884292
08-30 11:56:21.562 I/AnebProbe(22981): ADAPTER_EVT type=content cls=android.view.ViewGroup desc=null txt_len=0 pkg=com.larus.nova t_boot_ns=640550593413459
08-30 11:56:21.677 I/AnebProbe(22981): ADAPTER_EVT type=content cls=android.view.ViewGroup desc=null txt_len=0 pkg=com.larus.nova t_boot_ns=640550708392625
08-30 11:56:21.779 I/AnebProbe(22981): ADAPTER_EVT type=content cls=android.view.ViewGroup desc=null txt_len=0 pkg=com.larus.nova t_boot_ns=640550810127521
08-30 11:56:21.894 I/AnebProbe(22981): ADAPTER_EVT type=content cls=android.view.ViewGroup desc=null txt_len=0 pkg=com.larus.nova t_boot_ns=640550925493146
08-30 11:56:21.997 I/AnebProbe(22981): ADAPTER_EVT type=content cls=android.view.ViewGroup desc=null txt_len=0 pkg=com.larus.nova t_boot_ns=640551028267105
08-30 11:56:22.034 I/AnebProbe(22981): ADAPTER_EVT type=content cls=android.view.ViewGroup desc=null txt_len=0 pkg=com.larus.nova t_boot_ns=640551065553042
08-30 11:56:22.035 I/AnebProbe(22981): ADAPTER_EVT type=content cls=android.widget.EditText desc=null txt_len=1 pkg=com.larus.nova t_boot_ns=640551066054605
08-30 11:56:22.040 I/AnebProbe(22981): ADAPTER_EVT type=content cls=android.view.ViewGroup desc=null txt_len=0 pkg=com.larus.nova t_boot_ns=640551071117105
08-30 11:56:22.084 I/AnebProbe(22981): ADAPTER_EVT type=content cls=android.view.ViewGroup desc=null txt_len=0 pkg=com.larus.nova t_boot_ns=640551115592105
08-30 11:56:22.085 I/AnebProbe(22981): ADAPTER_EVT type=content cls=android.widget.EditText desc=null txt_len=2 pkg=com.larus.nova t_boot_ns=640551116060855
08-30 11:56:22.107 I/AnebProbe(22981): ADAPTER_EVT type=content cls=android.view.ViewGroup desc=null txt_len=0 pkg=com.larus.nova t_boot_ns=640551138407730
08-30 11:56:22.107 I/AnebProbe(22981): ADAPTER_EVT type=content cls=android.widget.EditText desc=null txt_len=3 pkg=com.larus.nova t_boot_ns=640551138859292
08-30 11:56:22.117 I/AnebProbe(22981): ADAPTER_EVT type=content cls=android.widget.EditText desc=null txt_len=4 pkg=com.larus.nova t_boot_ns=640551148614500
08-30 11:56:22.141 I/AnebProbe(22981): ADAPTER_EVT type=content cls=android.view.ViewGroup desc=null txt_len=0 pkg=com.larus.nova t_boot_ns=640551171958250
08-30 11:56:22.141 I/AnebProbe(22981): ADAPTER_EVT type=content cls=android.widget.EditText desc=null txt_len=5 pkg=com.larus.nova t_boot_ns=640551172518667
08-30 11:56:22.162 I/AnebProbe(22981): ADAPTER_EVT type=content cls=android.view.ViewGroup desc=null txt_len=0 pkg=com.larus.nova t_boot_ns=640551193116584
08-30 11:56:22.166 I/AnebProbe(22981): ADAPTER_EVT type=content cls=android.widget.EditText desc=null txt_len=6 pkg=com.larus.nova t_boot_ns=640551193968667
08-30 11:56:22.181 I/AnebProbe(22981): ADAPTER_EVT type=content cls=android.view.ViewGroup desc=null txt_len=0 pkg=com.larus.nova t_boot_ns=640551212224917
08-30 11:56:22.182 I/AnebProbe(22981): ADAPTER_EVT type=content cls=android.widget.EditText desc=null txt_len=7 pkg=com.larus.nova t_boot_ns=640551212883250
08-30 11:56:22.206 I/AnebProbe(22981): ADAPTER_EVT type=content cls=android.view.ViewGroup desc=null txt_len=0 pkg=com.larus.nova t_boot_ns=640551237386375
08-30 11:56:22.206 I/AnebProbe(22981): ADAPTER_EVT type=content cls=android.widget.EditText desc=null txt_len=8 pkg=com.larus.nova t_boot_ns=640551237814500
08-30 11:56:22.215 I/AnebProbe(22981): ADAPTER_EVT type=content cls=android.widget.EditText desc=null txt_len=9 pkg=com.larus.nova t_boot_ns=640551245828563
08-30 11:56:22.238 I/AnebProbe(22981): ADAPTER_EVT type=content cls=android.view.ViewGroup desc=null txt_len=0 pkg=com.larus.nova t_boot_ns=640551268920750
08-30 11:56:22.238 I/AnebProbe(22981): ADAPTER_EVT type=content cls=android.widget.EditText desc=null txt_len=10 pkg=com.larus.nova t_boot_ns=640551269408771
08-30 11:56:22.246 I/AnebProbe(22981): ADAPTER_EVT type=content cls=android.widget.EditText desc=null txt_len=11 pkg=com.larus.nova t_boot_ns=640551277458771
08-30 11:56:22.266 I/AnebProbe(22981): ADAPTER_EVT type=content cls=android.view.ViewGroup desc=null txt_len=0 pkg=com.larus.nova t_boot_ns=640551296959813
08-30 11:56:22.266 I/AnebProbe(22981): ADAPTER_EVT type=content cls=android.widget.EditText desc=null txt_len=12 pkg=com.larus.nova t_boot_ns=640551297443146
08-30 11:56:22.288 I/AnebProbe(22981): ADAPTER_EVT type=content cls=android.view.ViewGroup desc=null txt_len=0 pkg=com.larus.nova t_boot_ns=640551319321792
08-30 11:56:22.289 I/AnebProbe(22981): ADAPTER_EVT type=content cls=android.widget.EditText desc=null txt_len=13 pkg=com.larus.nova t_boot_ns=640551320037938
08-30 11:56:22.297 I/AnebProbe(22981): ADAPTER_EVT type=content cls=android.widget.EditText desc=null txt_len=14 pkg=com.larus.nova t_boot_ns=640551328129605
08-30 11:56:22.316 I/AnebProbe(22981): ADAPTER_EVT type=content cls=android.view.ViewGroup desc=null txt_len=0 pkg=com.larus.nova t_boot_ns=640551346918667
08-30 11:56:22.317 I/AnebProbe(22981): ADAPTER_EVT type=content cls=android.widget.EditText desc=null txt_len=15 pkg=com.larus.nova t_boot_ns=640551347551480
08-30 11:56:22.339 I/AnebProbe(22981): ADAPTER_EVT type=content cls=android.view.ViewGroup desc=null txt_len=0 pkg=com.larus.nova t_boot_ns=640551370517105
08-30 11:56:22.340 I/AnebProbe(22981): ADAPTER_EVT type=content cls=android.widget.EditText desc=null txt_len=16 pkg=com.larus.nova t_boot_ns=640551370981688
08-30 11:56:22.362 I/AnebProbe(22981): ADAPTER_EVT type=content cls=android.view.ViewGroup desc=null txt_len=0 pkg=com.larus.nova t_boot_ns=640551393213980
08-30 11:56:22.363 I/AnebProbe(22981): ADAPTER_EVT type=content cls=android.widget.EditText desc=null txt_len=17 pkg=com.larus.nova t_boot_ns=640551393903042
08-30 11:56:22.389 I/AnebProbe(22981): ADAPTER_EVT type=content cls=android.view.ViewGroup desc=null txt_len=0 pkg=com.larus.nova t_boot_ns=640551420275438
08-30 11:56:22.390 I/AnebProbe(22981): ADAPTER_EVT type=content cls=android.widget.EditText desc=null txt_len=18 pkg=com.larus.nova t_boot_ns=640551421100438
08-30 11:56:22.412 I/AnebProbe(22981): ADAPTER_EVT type=content cls=android.view.ViewGroup desc=null txt_len=0 pkg=com.larus.nova t_boot_ns=640551443151480
08-30 11:56:22.412 I/AnebProbe(22981): ADAPTER_EVT type=content cls=android.widget.EditText desc=null txt_len=19 pkg=com.larus.nova t_boot_ns=640551443672313
08-30 11:56:22.439 I/AnebProbe(22981): ADAPTER_EVT type=content cls=android.view.ViewGroup desc=null txt_len=0 pkg=com.larus.nova t_boot_ns=640551470637417
08-30 11:56:22.440 I/AnebProbe(22981): ADAPTER_EVT type=content cls=android.widget.EditText desc=null txt_len=20 pkg=com.larus.nova t_boot_ns=640551471147313
08-30 11:56:22.461 I/AnebProbe(22981): ADAPTER_EVT type=content cls=android.view.ViewGroup desc=null txt_len=0 pkg=com.larus.nova t_boot_ns=640551492445230
08-30 11:56:22.462 I/AnebProbe(22981): ADAPTER_EVT type=content cls=android.widget.EditText desc=null txt_len=21 pkg=com.larus.nova t_boot_ns=640551492941063
08-30 11:56:22.481 I/AnebProbe(22981): ADAPTER_EVT type=content cls=android.view.ViewGroup desc=null txt_len=0 pkg=com.larus.nova t_boot_ns=640551512543667
08-30 11:56:22.484 I/AnebProbe(22981): ADAPTER_EVT type=content cls=android.widget.EditText desc=null txt_len=22 pkg=com.larus.nova t_boot_ns=640551513833250
08-30 11:56:22.505 I/AnebProbe(22981): ADAPTER_EVT type=content cls=android.view.ViewGroup desc=null txt_len=0 pkg=com.larus.nova t_boot_ns=640551536603042
08-30 11:56:22.506 I/AnebProbe(22981): ADAPTER_EVT type=content cls=android.widget.EditText desc=null txt_len=23 pkg=com.larus.nova t_boot_ns=640551537097834
08-30 11:56:22.528 I/AnebProbe(22981): ADAPTER_EVT type=content cls=android.view.ViewGroup desc=null txt_len=0 pkg=com.larus.nova t_boot_ns=640551559038459
08-30 11:56:22.528 I/AnebProbe(22981): ADAPTER_EVT type=content cls=android.widget.EditText desc=null txt_len=24 pkg=com.larus.nova t_boot_ns=640551559631688
08-30 11:56:22.548 I/AnebProbe(22981): ADAPTER_EVT type=content cls=android.view.ViewGroup desc=null txt_len=0 pkg=com.larus.nova t_boot_ns=640551579186375
08-30 11:56:22.548 I/AnebProbe(22981): ADAPTER_EVT type=content cls=android.widget.EditText desc=null txt_len=25 pkg=com.larus.nova t_boot_ns=640551579779605
08-30 11:56:22.570 I/AnebProbe(22981): ADAPTER_EVT type=content cls=android.view.ViewGroup desc=null txt_len=0 pkg=com.larus.nova t_boot_ns=640551601504084
08-30 11:56:22.570 I/AnebProbe(22981): ADAPTER_EVT type=content cls=android.widget.EditText desc=null txt_len=26 pkg=com.larus.nova t_boot_ns=640551601953042
08-30 11:56:22.578 I/AnebProbe(22981): ADAPTER_EVT type=content cls=android.widget.EditText desc=null txt_len=27 pkg=com.larus.nova t_boot_ns=640551609700438
08-30 11:56:22.597 I/AnebProbe(22981): ADAPTER_EVT type=content cls=android.view.ViewGroup desc=null txt_len=0 pkg=com.larus.nova t_boot_ns=640551628000959
08-30 11:56:22.597 I/AnebProbe(22981): ADAPTER_EVT type=content cls=android.widget.EditText desc=null txt_len=28 pkg=com.larus.nova t_boot_ns=640551628372313
08-30 11:56:22.620 I/AnebProbe(22981): ADAPTER_EVT type=content cls=android.view.ViewGroup desc=null txt_len=0 pkg=com.larus.nova t_boot_ns=640551650996792
08-30 11:56:22.620 I/AnebProbe(22981): ADAPTER_EVT type=content cls=android.widget.EditText desc=null txt_len=29 pkg=com.larus.nova t_boot_ns=640551651428042
08-30 11:56:22.628 I/AnebProbe(22981): ADAPTER_EVT type=content cls=android.widget.EditText desc=null txt_len=30 pkg=com.larus.nova t_boot_ns=640551659277521
08-30 11:56:22.660 I/AnebProbe(22981): ADAPTER_EVT type=content cls=android.view.ViewGroup desc=null txt_len=0 pkg=com.larus.nova t_boot_ns=640551691747834
08-30 11:56:22.661 I/AnebProbe(22981): ADAPTER_EVT type=content cls=android.widget.EditText desc=null txt_len=31 pkg=com.larus.nova t_boot_ns=640551692320229
08-30 11:56:22.692 I/AnebProbe(22981): ADAPTER_EVT type=content cls=android.view.ViewGroup desc=null txt_len=0 pkg=com.larus.nova t_boot_ns=640551723745750
08-30 11:56:22.692 I/AnebProbe(22981): ADAPTER_EVT type=content cls=android.widget.EditText desc=null txt_len=32 pkg=com.larus.nova t_boot_ns=640551723905125
08-30 11:56:22.716 I/AnebProbe(22981): ADAPTER_EVT type=content cls=android.view.ViewGroup desc=null txt_len=0 pkg=com.larus.nova t_boot_ns=640551747628563
08-30 11:56:22.716 I/AnebProbe(22981): ADAPTER_EVT type=content cls=android.widget.EditText desc=null txt_len=33 pkg=com.larus.nova t_boot_ns=640551747785334
08-30 11:56:22.723 I/AnebProbe(22981): ADAPTER_EVT type=content cls=android.widget.EditText desc=null txt_len=34 pkg=com.larus.nova t_boot_ns=640551754246792
08-30 11:56:22.738 I/AnebProbe(22981): ADAPTER_EVT type=content cls=android.view.ViewGroup desc=null txt_len=0 pkg=com.larus.nova t_boot_ns=640551769394709
08-30 11:56:22.738 I/AnebProbe(22981): ADAPTER_EVT type=content cls=android.widget.EditText desc=null txt_len=35 pkg=com.larus.nova t_boot_ns=640551769552521
08-30 11:56:22.742 I/AnebProbe(22981): ADAPTER_EVT type=content cls=android.widget.EditText desc=null txt_len=36 pkg=com.larus.nova t_boot_ns=640551774053042
08-30 11:56:22.756 I/AnebProbe(22981): ADAPTER_EVT type=content cls=android.view.ViewGroup desc=null txt_len=0 pkg=com.larus.nova t_boot_ns=640551787215021
08-30 11:56:22.756 I/AnebProbe(22981): ADAPTER_EVT type=content cls=android.widget.EditText desc=null txt_len=37 pkg=com.larus.nova t_boot_ns=640551787356167
08-30 11:56:22.760 I/AnebProbe(22981): ADAPTER_EVT type=content cls=android.widget.EditText desc=null txt_len=38 pkg=com.larus.nova t_boot_ns=640551791786896
08-30 11:56:22.773 I/AnebProbe(22981): ADAPTER_EVT type=content cls=android.view.ViewGroup desc=null txt_len=0 pkg=com.larus.nova t_boot_ns=640551804979604
08-30 11:56:22.774 I/AnebProbe(22981): ADAPTER_EVT type=content cls=android.widget.EditText desc=null txt_len=39 pkg=com.larus.nova t_boot_ns=640551805264500
08-30 11:56:22.788 I/AnebProbe(22981): ADAPTER_EVT type=content cls=android.view.ViewGroup desc=null txt_len=0 pkg=com.larus.nova t_boot_ns=640551819370750
08-30 11:56:22.788 I/AnebProbe(22981): ADAPTER_EVT type=content cls=android.widget.EditText desc=null txt_len=40 pkg=com.larus.nova t_boot_ns=640551819545750
08-30 11:56:22.794 I/AnebProbe(22981): ADAPTER_EVT type=content cls=android.widget.EditText desc=null txt_len=41 pkg=com.larus.nova t_boot_ns=640551825759813
08-30 11:56:22.809 I/AnebProbe(22981): ADAPTER_EVT type=content cls=android.view.ViewGroup desc=null txt_len=0 pkg=com.larus.nova t_boot_ns=640551840672834
08-30 11:56:22.809 I/AnebProbe(22981): ADAPTER_EVT type=content cls=android.widget.EditText desc=null txt_len=42 pkg=com.larus.nova t_boot_ns=640551840869709
08-30 11:56:22.821 I/AnebProbe(22981): ADAPTER_EVT type=content cls=android.view.ViewGroup desc=null txt_len=0 pkg=com.larus.nova t_boot_ns=640551852348354
08-30 11:56:22.821 I/AnebProbe(22981): ADAPTER_EVT type=content cls=android.widget.EditText desc=null txt_len=43 pkg=com.larus.nova t_boot_ns=640551852501479
08-30 11:56:22.826 I/AnebProbe(22981): ADAPTER_EVT type=content cls=android.widget.EditText desc=null txt_len=44 pkg=com.larus.nova t_boot_ns=640551857218146
08-30 11:56:22.838 I/AnebProbe(22981): ADAPTER_EVT type=content cls=android.view.ViewGroup desc=null txt_len=0 pkg=com.larus.nova t_boot_ns=640551869819709
08-30 11:56:22.838 I/AnebProbe(22981): ADAPTER_EVT type=content cls=android.widget.EditText desc=null txt_len=45 pkg=com.larus.nova t_boot_ns=640551870013979
08-30 11:56:22.843 I/AnebProbe(22981): ADAPTER_EVT type=content cls=android.widget.EditText desc=null txt_len=46 pkg=com.larus.nova t_boot_ns=640551874645229
08-30 11:56:22.855 I/AnebProbe(22981): ADAPTER_EVT type=content cls=android.view.ViewGroup desc=null txt_len=0 pkg=com.larus.nova t_boot_ns=640551886560854
08-30 11:56:22.855 I/AnebProbe(22981): ADAPTER_EVT type=content cls=android.widget.EditText desc=null txt_len=47 pkg=com.larus.nova t_boot_ns=640551886720229
08-30 11:56:22.860 I/AnebProbe(22981): ADAPTER_EVT type=content cls=android.widget.EditText desc=null txt_len=48 pkg=com.larus.nova t_boot_ns=640551891805125
08-30 11:56:22.872 I/AnebProbe(22981): ADAPTER_EVT type=content cls=android.view.ViewGroup desc=null txt_len=0 pkg=com.larus.nova t_boot_ns=640551903969188
08-30 11:56:22.872 I/AnebProbe(22981): ADAPTER_EVT type=content cls=android.widget.EditText desc=null txt_len=49 pkg=com.larus.nova t_boot_ns=640551904121271
08-30 11:56:22.885 I/AnebProbe(22981): ADAPTER_EVT type=content cls=android.view.ViewGroup desc=null txt_len=0 pkg=com.larus.nova t_boot_ns=640551916557729
08-30 11:56:22.885 I/AnebProbe(22981): ADAPTER_EVT type=content cls=android.widget.EditText desc=null txt_len=50 pkg=com.larus.nova t_boot_ns=640551916719709
08-30 11:56:22.890 I/AnebProbe(22981): ADAPTER_EVT type=content cls=android.widget.EditText desc=null txt_len=51 pkg=com.larus.nova t_boot_ns=640551921548875
08-30 11:56:22.902 I/AnebProbe(22981): ADAPTER_EVT type=content cls=android.view.ViewGroup desc=null txt_len=0 pkg=com.larus.nova t_boot_ns=640551933821792
08-30 11:56:22.903 I/AnebProbe(22981): ADAPTER_EVT type=content cls=android.widget.EditText desc=null txt_len=52 pkg=com.larus.nova t_boot_ns=640551934189500
08-30 11:56:22.907 I/AnebProbe(22981): ADAPTER_EVT type=content cls=android.widget.EditText desc=null txt_len=53 pkg=com.larus.nova t_boot_ns=640551938495750
08-30 11:56:22.919 I/AnebProbe(22981): ADAPTER_EVT type=content cls=android.view.ViewGroup desc=null txt_len=0 pkg=com.larus.nova t_boot_ns=640551950431167
08-30 11:56:22.919 I/AnebProbe(22981): ADAPTER_EVT type=content cls=android.widget.EditText desc=null txt_len=54 pkg=com.larus.nova t_boot_ns=640551950586375
08-30 11:56:22.924 I/AnebProbe(22981): ADAPTER_EVT type=content cls=android.widget.EditText desc=null txt_len=55 pkg=com.larus.nova t_boot_ns=640551955474396
08-30 11:56:22.937 I/AnebProbe(22981): ADAPTER_EVT type=content cls=android.view.ViewGroup desc=null txt_len=0 pkg=com.larus.nova t_boot_ns=640551968530125
08-30 11:56:22.937 I/AnebProbe(22981): ADAPTER_EVT type=content cls=android.widget.EditText desc=null txt_len=56 pkg=com.larus.nova t_boot_ns=640551968697834
08-30 11:56:22.944 I/AnebProbe(22981): ADAPTER_EVT type=content cls=android.widget.EditText desc=null txt_len=57 pkg=com.larus.nova t_boot_ns=640551975394709
08-30 11:56:22.956 I/AnebProbe(22981): ADAPTER_EVT type=content cls=android.view.ViewGroup desc=null txt_len=0 pkg=com.larus.nova t_boot_ns=640551987617625
08-30 11:56:22.956 I/AnebProbe(22981): ADAPTER_EVT type=content cls=android.widget.EditText desc=null txt_len=58 pkg=com.larus.nova t_boot_ns=640551987932209
08-30 11:56:22.970 I/AnebProbe(22981): ADAPTER_EVT type=content cls=android.view.ViewGroup desc=null txt_len=0 pkg=com.larus.nova t_boot_ns=640552002070229
08-30 11:56:22.971 I/AnebProbe(22981): ADAPTER_EVT type=content cls=android.widget.EditText desc=null txt_len=59 pkg=com.larus.nova t_boot_ns=640552002234813
08-30 11:56:22.976 I/AnebProbe(22981): ADAPTER_EVT type=content cls=android.widget.EditText desc=null txt_len=60 pkg=com.larus.nova t_boot_ns=640552007280646
08-30 11:56:22.988 I/AnebProbe(22981): ADAPTER_EVT type=content cls=android.view.ViewGroup desc=null txt_len=0 pkg=com.larus.nova t_boot_ns=640552019511896
08-30 11:56:22.988 I/AnebProbe(22981): ADAPTER_EVT type=content cls=android.widget.EditText desc=null txt_len=61 pkg=com.larus.nova t_boot_ns=640552019849917
08-30 11:56:22.993 I/AnebProbe(22981): ADAPTER_EVT type=content cls=android.widget.EditText desc=null txt_len=62 pkg=com.larus.nova t_boot_ns=640552024830646
08-30 11:56:23.005 I/AnebProbe(22981): ADAPTER_EVT type=content cls=android.view.ViewGroup desc=null txt_len=0 pkg=com.larus.nova t_boot_ns=640552036798875
08-30 11:56:23.005 I/AnebProbe(22981): ADAPTER_EVT type=content cls=android.widget.EditText desc=null txt_len=63 pkg=com.larus.nova t_boot_ns=640552036970750
08-30 11:56:23.018 I/AnebProbe(22981): ADAPTER_EVT type=content cls=android.view.ViewGroup desc=null txt_len=0 pkg=com.larus.nova t_boot_ns=640552049763459
08-30 11:56:23.018 I/AnebProbe(22981): ADAPTER_EVT type=content cls=android.widget.EditText desc=null txt_len=64 pkg=com.larus.nova t_boot_ns=640552049928563
08-30 11:56:23.023 I/AnebProbe(22981): ADAPTER_EVT type=content cls=android.widget.EditText desc=null txt_len=65 pkg=com.larus.nova t_boot_ns=640552054595229
08-30 11:56:23.036 I/AnebProbe(22981): ADAPTER_EVT type=content cls=android.view.ViewGroup desc=null txt_len=0 pkg=com.larus.nova t_boot_ns=640552067337417
08-30 11:56:23.036 I/AnebProbe(22981): ADAPTER_EVT type=content cls=android.widget.EditText desc=null txt_len=66 pkg=com.larus.nova t_boot_ns=640552067990542
08-30 11:56:23.043 I/AnebProbe(22981): ADAPTER_EVT type=content cls=android.widget.EditText desc=null txt_len=67 pkg=com.larus.nova t_boot_ns=640552074341584
08-30 11:56:23.055 I/AnebProbe(22981): ADAPTER_EVT type=content cls=android.view.ViewGroup desc=null txt_len=0 pkg=com.larus.nova t_boot_ns=640552087065021
08-30 11:56:23.056 I/AnebProbe(22981): ADAPTER_EVT type=content cls=android.widget.EditText desc=null txt_len=68 pkg=com.larus.nova t_boot_ns=640552087240021
08-30 11:56:23.069 I/AnebProbe(22981): ADAPTER_EVT type=content cls=android.view.ViewGroup desc=null txt_len=0 pkg=com.larus.nova t_boot_ns=640552100299396
08-30 11:56:23.069 I/AnebProbe(22981): ADAPTER_EVT type=content cls=android.widget.EditText desc=null txt_len=69 pkg=com.larus.nova t_boot_ns=640552100545750
08-30 11:56:23.074 I/AnebProbe(22981): ADAPTER_EVT type=content cls=android.widget.EditText desc=null txt_len=70 pkg=com.larus.nova t_boot_ns=640552105401479
08-30 11:56:23.087 I/AnebProbe(22981): ADAPTER_EVT type=content cls=android.view.ViewGroup desc=null txt_len=0 pkg=com.larus.nova t_boot_ns=640552118436896
08-30 11:56:23.087 I/AnebProbe(22981): ADAPTER_EVT type=content cls=android.widget.EditText desc=null txt_len=71 pkg=com.larus.nova t_boot_ns=640552118603563
08-30 11:56:23.093 I/AnebProbe(22981): ADAPTER_EVT type=content cls=android.widget.EditText desc=null txt_len=72 pkg=com.larus.nova t_boot_ns=640552124649396
08-30 11:56:23.106 I/AnebProbe(22981): ADAPTER_EVT type=content cls=android.view.ViewGroup desc=null txt_len=0 pkg=com.larus.nova t_boot_ns=640552137548354
08-30 11:56:23.106 I/AnebProbe(22981): ADAPTER_EVT type=content cls=android.widget.EditText desc=null txt_len=73 pkg=com.larus.nova t_boot_ns=640552137881167
08-30 11:56:23.120 I/AnebProbe(22981): ADAPTER_EVT type=content cls=android.view.ViewGroup desc=null txt_len=0 pkg=com.larus.nova t_boot_ns=640552151563979
08-30 11:56:23.120 I/AnebProbe(22981): ADAPTER_EVT type=content cls=android.widget.EditText desc=null txt_len=74 pkg=com.larus.nova t_boot_ns=640552151716584
08-30 11:56:23.126 I/AnebProbe(22981): ADAPTER_EVT type=content cls=android.widget.EditText desc=null txt_len=75 pkg=com.larus.nova t_boot_ns=640552157554084
08-30 11:56:23.141 I/AnebProbe(22981): ADAPTER_EVT type=content cls=android.view.ViewGroup desc=null txt_len=0 pkg=com.larus.nova t_boot_ns=640552172708250
08-30 11:56:23.142 I/AnebProbe(22981): ADAPTER_EVT type=content cls=android.widget.EditText desc=null txt_len=76 pkg=com.larus.nova t_boot_ns=640552173577521
08-30 11:56:23.155 I/AnebProbe(22981): ADAPTER_EVT type=content cls=android.view.ViewGroup desc=null txt_len=0 pkg=com.larus.nova t_boot_ns=640552186284813
08-30 11:56:23.155 I/AnebProbe(22981): ADAPTER_EVT type=content cls=android.widget.EditText desc=null txt_len=77 pkg=com.larus.nova t_boot_ns=640552186439500
08-30 11:56:23.157 I/AnebProbe(22981): ADAPTER_EVT type=content cls=android.view.ViewGroup desc=null txt_len=0 pkg=com.larus.nova t_boot_ns=640552188733771
08-30 11:56:23.168 I/AnebProbe(22981): ADAPTER_EVT type=content cls=android.view.ViewGroup desc=null txt_len=0 pkg=com.larus.nova t_boot_ns=640552199965021
08-30 11:56:23.169 I/AnebProbe(22981): ADAPTER_EVT type=content cls=android.widget.EditText desc=null txt_len=78 pkg=com.larus.nova t_boot_ns=640552200634292
08-30 11:56:23.174 I/AnebProbe(22981): ADAPTER_EVT type=content cls=android.widget.EditText desc=null txt_len=79 pkg=com.larus.nova t_boot_ns=640552205467625
08-30 11:56:23.188 I/AnebProbe(22981): ADAPTER_EVT type=content cls=android.view.ViewGroup desc=null txt_len=0 pkg=com.larus.nova t_boot_ns=640552219404604
08-30 11:56:23.188 I/AnebProbe(22981): ADAPTER_EVT type=content cls=android.widget.EditText desc=null txt_len=80 pkg=com.larus.nova t_boot_ns=640552219558250
08-30 11:56:23.202 I/AnebProbe(22981): ADAPTER_EVT type=content cls=android.view.ViewGroup desc=null txt_len=0 pkg=com.larus.nova t_boot_ns=640552234061375
08-30 11:56:23.203 I/AnebProbe(22981): ADAPTER_EVT type=content cls=android.widget.EditText desc=null txt_len=81 pkg=com.larus.nova t_boot_ns=640552234215542
08-30 11:56:23.313 I/AnebProbe(22981): ADAPTER_EVT type=content cls=android.view.ViewGroup desc=null txt_len=0 pkg=com.larus.nova t_boot_ns=640552345014500
08-30 11:56:23.415 I/AnebProbe(22981): ADAPTER_EVT type=content cls=android.view.ViewGroup desc=null txt_len=0 pkg=com.larus.nova t_boot_ns=640552446690542
08-30 11:56:23.517 I/AnebProbe(22981): ADAPTER_EVT type=content cls=android.view.ViewGroup desc=null txt_len=0 pkg=com.larus.nova t_boot_ns=640552547850438
08-30 11:56:23.630 I/AnebProbe(22981): ADAPTER_EVT type=content cls=android.view.ViewGroup desc=null txt_len=0 pkg=com.larus.nova t_boot_ns=640552661666584
08-30 11:56:23.734 I/AnebProbe(22981): ADAPTER_EVT type=content cls=android.view.ViewGroup desc=null txt_len=0 pkg=com.larus.nova t_boot_ns=640552765483771
08-30 11:56:23.853 I/AnebProbe(22981): ADAPTER_EVT type=content cls=android.view.ViewGroup desc=null txt_len=0 pkg=com.larus.nova t_boot_ns=640552884327000
08-30 11:56:23.970 I/AnebProbe(22981): ADAPTER_EVT type=content cls=android.view.ViewGroup desc=null txt_len=0 pkg=com.larus.nova t_boot_ns=640553000969188
08-30 11:56:24.070 I/AnebProbe(22981): ADAPTER_EVT type=content cls=android.view.ViewGroup desc=null txt_len=0 pkg=com.larus.nova t_boot_ns=640553100775958
08-30 11:56:24.180 I/AnebProbe(22981): ADAPTER_EVT type=content cls=android.view.ViewGroup desc=null txt_len=0 pkg=com.larus.nova t_boot_ns=640553211433250
08-30 11:56:24.281 I/AnebProbe(22981): ADAPTER_EVT type=content cls=android.view.ViewGroup desc=null txt_len=0 pkg=com.larus.nova t_boot_ns=640553312068667
08-30 11:56:24.402 I/AnebProbe(22981): ADAPTER_EVT type=content cls=android.view.ViewGroup desc=null txt_len=0 pkg=com.larus.nova t_boot_ns=640553432961375
08-30 11:56:24.518 I/AnebProbe(22981): ADAPTER_EVT type=content cls=android.view.ViewGroup desc=null txt_len=0 pkg=com.larus.nova t_boot_ns=640553549246271
08-30 11:56:24.627 I/AnebProbe(22981): ADAPTER_EVT type=content cls=android.view.ViewGroup desc=null txt_len=0 pkg=com.larus.nova t_boot_ns=640553658376479
08-30 11:56:24.742 I/AnebProbe(22981): ADAPTER_EVT type=content cls=android.view.ViewGroup desc=null txt_len=0 pkg=com.larus.nova t_boot_ns=640553772752521
08-30 11:56:24.842 I/AnebProbe(22981): ADAPTER_EVT type=content cls=android.view.ViewGroup desc=null txt_len=0 pkg=com.larus.nova t_boot_ns=640553873427521
08-30 11:56:24.945 I/AnebProbe(22981): ADAPTER_EVT type=content cls=android.view.ViewGroup desc=null txt_len=0 pkg=com.larus.nova t_boot_ns=640553976592104
08-30 11:56:25.059 I/AnebProbe(22981): ADAPTER_EVT type=content cls=android.view.ViewGroup desc=null txt_len=0 pkg=com.larus.nova t_boot_ns=640554090436896
08-30 11:56:25.176 I/AnebProbe(22981): ADAPTER_EVT type=content cls=android.view.ViewGroup desc=null txt_len=0 pkg=com.larus.nova t_boot_ns=640554206962937
08-30 11:56:25.201 I/AnebE4MARK(17153): E4MARK kind=turn_start n=5
08-30 11:56:25.277 I/AnebProbe(22981): ADAPTER_EVT type=content cls=android.view.ViewGroup desc=null txt_len=0 pkg=com.larus.nova t_boot_ns=640554307844187
08-30 11:56:25.341 I/AnebProbe(22981): ADAPTER_EVT type=content cls=android.view.ViewGroup desc=null txt_len=0 pkg=com.larus.nova t_boot_ns=640554372208250
08-30 11:56:25.369 I/AnebProbe(22981): ADAPTER_EVT type=content cls=android.view.ViewGroup desc=null txt_len=0 pkg=com.larus.nova t_boot_ns=640554400267104
08-30 11:56:25.472 I/AnebProbe(22981): ADAPTER_EVT type=content cls=android.view.ViewGroup desc=null txt_len=0 pkg=com.larus.nova t_boot_ns=640554503915542
08-30 11:56:25.780 I/AnebProbe(22981): ADAPTER_EVT type=content cls=androidx.drawerlayout.widget.DrawerLayout desc=null txt_len=0 pkg=com.larus.nova t_boot_ns=640554811588979
08-30 11:56:25.881 I/AnebProbe(22981): ADAPTER_EVT type=content cls=androidx.drawerlayout.widget.DrawerLayout desc=null txt_len=0 pkg=com.larus.nova t_boot_ns=640554912395229
08-30 11:56:26.147 I/AnebProbe(22981): ADAPTER_EVT type=content cls=androidx.drawerlayout.widget.DrawerLayout desc=null txt_len=0 pkg=com.larus.nova t_boot_ns=640555178573875
08-30 11:56:26.148 I/AnebProbe(22981): ADAPTER_OBS pkg=com.larus.nova mode=doubao events=1724 rule_matched=643 first_delta_ms=0 cadence_p50_ms=22.8 session_span_ms=378852.4 confidence=LOW/INCONCLUSIVE reason=throttle ttft_send_ms=null anchor_source=null ttft_cluster_ms=null ttft_density_ms=null
08-30 11:56:26.248 I/AnebProbe(22981): ADAPTER_EVT type=content cls=androidx.recyclerview.widget.RecyclerView desc=null txt_len=0 pkg=com.larus.nova t_boot_ns=640555279615021
08-30 11:56:26.371 I/AnebProbe(22981): ADAPTER_EVT type=content cls=androidx.drawerlayout.widget.DrawerLayout desc=null txt_len=0 pkg=com.larus.nova t_boot_ns=640555402051479
08-30 11:56:26.469 I/AnebProbe(22981): ADAPTER_EVT type=content cls=androidx.drawerlayout.widget.DrawerLayout desc=null txt_len=0 pkg=com.larus.nova t_boot_ns=640555500715021
08-30 11:56:27.146 I/AnebProbe(22981): ADAPTER_EVT type=content cls=androidx.recyclerview.widget.RecyclerView desc=null txt_len=0 pkg=com.larus.nova t_boot_ns=640556177668666
08-30 11:56:27.242 I/AnebProbe(22981): ADAPTER_EVT type=content cls=androidx.drawerlayout.widget.DrawerLayout desc=null txt_len=0 pkg=com.larus.nova t_boot_ns=640556273773875
08-30 11:56:27.343 I/AnebProbe(22981): ADAPTER_EVT type=content cls=androidx.drawerlayout.widget.DrawerLayout desc=null txt_len=0 pkg=com.larus.nova t_boot_ns=640556374414500
08-30 11:56:27.474 I/AnebProbe(22981): ADAPTER_EVT type=content cls=androidx.recyclerview.widget.RecyclerView desc=null txt_len=0 pkg=com.larus.nova t_boot_ns=640556504954604
08-30 11:56:27.571 I/AnebProbe(22981): ADAPTER_EVT type=content cls=androidx.recyclerview.widget.RecyclerView desc=null txt_len=0 pkg=com.larus.nova t_boot_ns=640556602392625
08-30 11:56:27.915 I/AnebProbe(22981): ADAPTER_EVT type=content cls=android.view.ViewGroup desc=null txt_len=0 pkg=com.larus.nova t_boot_ns=640556946334812
08-30 11:56:28.006 I/AnebProbe(22981): ADAPTER_EVT type=content cls=androidx.recyclerview.widget.RecyclerView desc=null txt_len=0 pkg=com.larus.nova t_boot_ns=640557037664500
08-30 11:56:28.147 I/AnebProbe(22981): ADAPTER_EVT type=content cls=android.view.ViewGroup desc=null txt_len=0 pkg=com.larus.nova t_boot_ns=640557178409812
08-30 11:56:28.261 I/AnebProbe(22981): ADAPTER_EVT type=content cls=androidx.drawerlayout.widget.DrawerLayout desc=null txt_len=0 pkg=com.larus.nova t_boot_ns=640557292412937
08-30 11:56:28.382 I/AnebProbe(22981): ADAPTER_EVT type=content cls=androidx.recyclerview.widget.RecyclerView desc=null txt_len=0 pkg=com.larus.nova t_boot_ns=640557412725437
08-30 11:56:28.511 I/AnebProbe(22981): ADAPTER_EVT type=content cls=androidx.drawerlayout.widget.DrawerLayout desc=null txt_len=0 pkg=com.larus.nova t_boot_ns=640557542275958
08-30 11:56:28.634 I/AnebProbe(22981): ADAPTER_EVT type=content cls=androidx.drawerlayout.widget.DrawerLayout desc=null txt_len=0 pkg=com.larus.nova t_boot_ns=640557665423354
08-30 11:56:28.732 I/AnebProbe(22981): ADAPTER_EVT type=content cls=androidx.recyclerview.widget.RecyclerView desc=null txt_len=0 pkg=com.larus.nova t_boot_ns=640557762989499
08-30 11:56:28.841 I/AnebProbe(22981): ADAPTER_EVT type=content cls=androidx.recyclerview.widget.RecyclerView desc=null txt_len=0 pkg=com.larus.nova t_boot_ns=640557872640541
08-30 11:56:28.947 I/AnebProbe(22981): ADAPTER_EVT type=content cls=androidx.recyclerview.widget.RecyclerView desc=null txt_len=0 pkg=com.larus.nova t_boot_ns=640557978150437
08-30 11:56:29.047 I/AnebProbe(22981): ADAPTER_EVT type=content cls=androidx.recyclerview.widget.RecyclerView desc=null txt_len=0 pkg=com.larus.nova t_boot_ns=640558077789499
08-30 11:56:29.155 I/AnebProbe(22981): ADAPTER_EVT type=content cls=androidx.recyclerview.widget.RecyclerView desc=null txt_len=0 pkg=com.larus.nova t_boot_ns=640558186377520
08-30 11:56:29.272 I/AnebProbe(22981): ADAPTER_EVT type=content cls=androidx.recyclerview.widget.RecyclerView desc=null txt_len=0 pkg=com.larus.nova t_boot_ns=640558303794187
08-30 11:56:29.378 I/AnebProbe(22981): ADAPTER_EVT type=content cls=androidx.recyclerview.widget.RecyclerView desc=null txt_len=0 pkg=com.larus.nova t_boot_ns=640558409413978
08-30 11:56:29.490 I/AnebProbe(22981): ADAPTER_EVT type=content cls=androidx.recyclerview.widget.RecyclerView desc=null txt_len=0 pkg=com.larus.nova t_boot_ns=640558520897833
08-30 11:56:29.606 I/AnebProbe(22981): ADAPTER_EVT type=content cls=androidx.recyclerview.widget.RecyclerView desc=null txt_len=0 pkg=com.larus.nova t_boot_ns=640558636801478
08-30 11:56:29.712 I/AnebProbe(22981): ADAPTER_EVT type=content cls=androidx.recyclerview.widget.RecyclerView desc=null txt_len=0 pkg=com.larus.nova t_boot_ns=640558743100437
08-30 11:56:29.816 I/AnebProbe(22981): ADAPTER_EVT type=content cls=androidx.recyclerview.widget.RecyclerView desc=null txt_len=0 pkg=com.larus.nova t_boot_ns=640558846866583
08-30 11:56:29.919 I/AnebProbe(22981): ADAPTER_EVT type=content cls=androidx.recyclerview.widget.RecyclerView desc=null txt_len=0 pkg=com.larus.nova t_boot_ns=640558949940541
08-30 11:56:30.021 I/AnebProbe(22981): ADAPTER_EVT type=content cls=androidx.recyclerview.widget.RecyclerView desc=null txt_len=0 pkg=com.larus.nova t_boot_ns=640559051760853
08-30 11:56:30.136 I/AnebProbe(22981): ADAPTER_EVT type=content cls=androidx.recyclerview.widget.RecyclerView desc=null txt_len=0 pkg=com.larus.nova t_boot_ns=640559167353041
08-30 11:56:30.236 I/AnebProbe(22981): ADAPTER_EVT type=content cls=androidx.recyclerview.widget.RecyclerView desc=null txt_len=0 pkg=com.larus.nova t_boot_ns=640559267449395
08-30 11:56:30.350 I/AnebProbe(22981): ADAPTER_EVT type=content cls=androidx.recyclerview.widget.RecyclerView desc=null txt_len=0 pkg=com.larus.nova t_boot_ns=640559380920228
08-30 11:56:30.458 I/AnebProbe(22981): ADAPTER_EVT type=content cls=androidx.recyclerview.widget.RecyclerView desc=null txt_len=0 pkg=com.larus.nova t_boot_ns=640559489599916
08-30 11:56:30.567 I/AnebProbe(22981): ADAPTER_EVT type=content cls=androidx.recyclerview.widget.RecyclerView desc=null txt_len=0 pkg=com.larus.nova t_boot_ns=640559598434812
08-30 11:56:30.680 I/AnebProbe(22981): ADAPTER_EVT type=content cls=androidx.recyclerview.widget.RecyclerView desc=null txt_len=0 pkg=com.larus.nova t_boot_ns=640559711222312
08-30 11:56:30.785 I/AnebProbe(22981): ADAPTER_EVT type=content cls=androidx.recyclerview.widget.RecyclerView desc=null txt_len=0 pkg=com.larus.nova t_boot_ns=640559816128562
08-30 11:56:30.889 I/AnebProbe(22981): ADAPTER_EVT type=content cls=androidx.recyclerview.widget.RecyclerView desc=null txt_len=0 pkg=com.larus.nova t_boot_ns=640559920090541
08-30 11:56:30.990 I/AnebProbe(22981): ADAPTER_EVT type=content cls=androidx.recyclerview.widget.RecyclerView desc=null txt_len=0 pkg=com.larus.nova t_boot_ns=640560020846270
08-30 11:56:31.100 I/AnebProbe(22981): ADAPTER_EVT type=content cls=androidx.recyclerview.widget.RecyclerView desc=null txt_len=0 pkg=com.larus.nova t_boot_ns=640560131710332
08-30 11:56:31.200 I/AnebProbe(22981): ADAPTER_EVT type=content cls=androidx.recyclerview.widget.RecyclerView desc=null txt_len=0 pkg=com.larus.nova t_boot_ns=640560231006687
08-30 11:56:31.202 I/AnebProbe(22981): ADAPTER_OBS pkg=com.larus.nova mode=doubao events=1763 rule_matched=673 first_delta_ms=0 cadence_p50_ms=22.8 session_span_ms=383904.9 confidence=LOW/INCONCLUSIVE reason=throttle ttft_send_ms=null anchor_source=null ttft_cluster_ms=3832.7 ttft_density_ms=null
08-30 11:56:31.317 I/AnebProbe(22981): ADAPTER_EVT type=content cls=androidx.recyclerview.widget.RecyclerView desc=null txt_len=0 pkg=com.larus.nova t_boot_ns=640560348524916
08-30 11:56:31.418 I/AnebProbe(22981): ADAPTER_EVT type=content cls=androidx.recyclerview.widget.RecyclerView desc=null txt_len=0 pkg=com.larus.nova t_boot_ns=640560448825436
08-30 11:56:31.542 I/AnebProbe(22981): ADAPTER_EVT type=content cls=androidx.recyclerview.widget.RecyclerView desc=null txt_len=0 pkg=com.larus.nova t_boot_ns=640560573036895
08-30 11:56:31.642 I/AnebProbe(22981): ADAPTER_EVT type=content cls=androidx.recyclerview.widget.RecyclerView desc=null txt_len=0 pkg=com.larus.nova t_boot_ns=640560672746270
08-30 11:56:31.752 I/AnebProbe(22981): ADAPTER_EVT type=content cls=android.view.ViewGroup desc=null txt_len=0 pkg=com.larus.nova t_boot_ns=640560783070228
08-30 11:56:31.848 I/AnebProbe(22981): ADAPTER_EVT type=content cls=android.view.ViewGroup desc=null txt_len=0 pkg=com.larus.nova t_boot_ns=640560879286374
08-30 11:56:31.968 I/AnebProbe(22981): ADAPTER_EVT type=content cls=android.view.ViewGroup desc=null txt_len=0 pkg=com.larus.nova t_boot_ns=640560998919186
08-30 11:56:32.079 I/AnebProbe(22981): ADAPTER_EVT type=content cls=android.view.ViewGroup desc=null txt_len=0 pkg=com.larus.nova t_boot_ns=640561110551999
08-30 11:56:32.192 I/AnebProbe(22981): ADAPTER_EVT type=content cls=androidx.recyclerview.widget.RecyclerView desc=null txt_len=0 pkg=com.larus.nova t_boot_ns=640561223482728
08-30 11:56:32.307 I/AnebProbe(22981): ADAPTER_EVT type=content cls=androidx.recyclerview.widget.RecyclerView desc=null txt_len=0 pkg=com.larus.nova t_boot_ns=640561338655645
08-30 11:56:32.409 I/AnebProbe(22981): ADAPTER_EVT type=content cls=androidx.recyclerview.widget.RecyclerView desc=null txt_len=0 pkg=com.larus.nova t_boot_ns=640561440321270
08-30 11:56:32.539 I/AnebProbe(22981): ADAPTER_EVT type=content cls=androidx.recyclerview.widget.RecyclerView desc=null txt_len=0 pkg=com.larus.nova t_boot_ns=640561569944707
08-30 11:56:32.643 I/AnebProbe(22981): ADAPTER_EVT type=content cls=androidx.recyclerview.widget.RecyclerView desc=null txt_len=0 pkg=com.larus.nova t_boot_ns=640561674691582
08-30 11:56:32.756 I/AnebProbe(22981): ADAPTER_EVT type=content cls=androidx.recyclerview.widget.RecyclerView desc=null txt_len=0 pkg=com.larus.nova t_boot_ns=640561787331686
08-30 11:56:32.857 I/AnebProbe(22981): ADAPTER_EVT type=content cls=androidx.recyclerview.widget.RecyclerView desc=null txt_len=0 pkg=com.larus.nova t_boot_ns=640561887911374
08-30 11:56:32.957 I/AnebProbe(22981): ADAPTER_EVT type=content cls=androidx.recyclerview.widget.RecyclerView desc=null txt_len=0 pkg=com.larus.nova t_boot_ns=640561988648353
08-30 11:56:33.064 I/AnebProbe(22981): ADAPTER_EVT type=content cls=androidx.recyclerview.widget.RecyclerView desc=null txt_len=0 pkg=com.larus.nova t_boot_ns=640562095142103
08-30 11:56:33.186 I/AnebProbe(22981): ADAPTER_EVT type=content cls=androidx.recyclerview.widget.RecyclerView desc=null txt_len=0 pkg=com.larus.nova t_boot_ns=640562217750957
08-30 11:56:33.290 I/AnebProbe(22981): ADAPTER_EVT type=content cls=androidx.recyclerview.widget.RecyclerView desc=null txt_len=0 pkg=com.larus.nova t_boot_ns=640562321375957
08-30 11:56:33.402 I/AnebProbe(22981): ADAPTER_EVT type=content cls=androidx.recyclerview.widget.RecyclerView desc=null txt_len=0 pkg=com.larus.nova t_boot_ns=640562433632207
08-30 11:56:33.504 I/AnebProbe(22981): ADAPTER_EVT type=content cls=androidx.recyclerview.widget.RecyclerView desc=null txt_len=0 pkg=com.larus.nova t_boot_ns=640562534709290
08-30 11:56:33.604 I/AnebProbe(22981): ADAPTER_EVT type=content cls=androidx.recyclerview.widget.RecyclerView desc=null txt_len=0 pkg=com.larus.nova t_boot_ns=640562635141582
08-30 11:56:33.724 I/AnebProbe(22981): ADAPTER_EVT type=content cls=androidx.recyclerview.widget.RecyclerView desc=null txt_len=0 pkg=com.larus.nova t_boot_ns=640562754832728
08-30 11:56:33.833 I/AnebProbe(22981): ADAPTER_EVT type=content cls=androidx.recyclerview.widget.RecyclerView desc=null txt_len=0 pkg=com.larus.nova t_boot_ns=640562864231686
08-30 11:56:33.947 I/AnebProbe(22981): ADAPTER_EVT type=content cls=androidx.recyclerview.widget.RecyclerView desc=null txt_len=0 pkg=com.larus.nova t_boot_ns=640562978822311
08-30 11:56:34.056 I/AnebProbe(22981): ADAPTER_EVT type=content cls=androidx.recyclerview.widget.RecyclerView desc=null txt_len=0 pkg=com.larus.nova t_boot_ns=640563087762415
08-30 11:56:34.172 I/AnebProbe(22981): ADAPTER_EVT type=content cls=androidx.recyclerview.widget.RecyclerView desc=null txt_len=0 pkg=com.larus.nova t_boot_ns=640563203453561
08-30 11:56:34.306 I/AnebProbe(22981): ADAPTER_EVT type=content cls=androidx.recyclerview.widget.RecyclerView desc=null txt_len=0 pkg=com.larus.nova t_boot_ns=640563336979082
08-30 11:56:34.414 I/AnebProbe(22981): ADAPTER_EVT type=content cls=androidx.recyclerview.widget.RecyclerView desc=null txt_len=0 pkg=com.larus.nova t_boot_ns=640563444766582
08-30 11:56:34.520 I/AnebProbe(22981): ADAPTER_EVT type=content cls=androidx.recyclerview.widget.RecyclerView desc=null txt_len=0 pkg=com.larus.nova t_boot_ns=640563550843144
08-30 11:56:34.630 I/AnebProbe(22981): ADAPTER_EVT type=content cls=androidx.recyclerview.widget.RecyclerView desc=null txt_len=0 pkg=com.larus.nova t_boot_ns=640563660696269
08-30 11:56:34.729 I/AnebProbe(22981): ADAPTER_EVT type=content cls=androidx.recyclerview.widget.RecyclerView desc=null txt_len=0 pkg=com.larus.nova t_boot_ns=640563760499394
08-30 11:56:34.838 I/AnebProbe(22981): ADAPTER_EVT type=content cls=androidx.recyclerview.widget.RecyclerView desc=null txt_len=0 pkg=com.larus.nova t_boot_ns=640563869626998
08-30 11:56:34.942 I/AnebProbe(22981): ADAPTER_EVT type=content cls=androidx.recyclerview.widget.RecyclerView desc=null txt_len=0 pkg=com.larus.nova t_boot_ns=640563973479603
08-30 11:56:35.055 I/AnebProbe(22981): ADAPTER_EVT type=content cls=androidx.recyclerview.widget.RecyclerView desc=null txt_len=0 pkg=com.larus.nova t_boot_ns=640564086141061
08-30 11:56:35.170 I/AnebProbe(22981): ADAPTER_EVT type=content cls=androidx.recyclerview.widget.RecyclerView desc=null txt_len=0 pkg=com.larus.nova t_boot_ns=640564200308248
08-30 11:56:35.273 I/AnebProbe(22981): ADAPTER_EVT type=content cls=androidx.recyclerview.widget.RecyclerView desc=null txt_len=0 pkg=com.larus.nova t_boot_ns=640564304709290
08-30 11:56:35.379 I/AnebProbe(22981): ADAPTER_EVT type=content cls=androidx.recyclerview.widget.RecyclerView desc=null txt_len=0 pkg=com.larus.nova t_boot_ns=640564410638978
08-30 11:56:35.493 I/AnebProbe(22981): ADAPTER_EVT type=content cls=androidx.recyclerview.widget.RecyclerView desc=null txt_len=0 pkg=com.larus.nova t_boot_ns=640564524425436
08-30 11:56:35.594 I/AnebProbe(22981): ADAPTER_EVT type=content cls=androidx.recyclerview.widget.RecyclerView desc=null txt_len=0 pkg=com.larus.nova t_boot_ns=640564625702519
08-30 11:56:35.707 I/AnebProbe(22981): ADAPTER_EVT type=content cls=androidx.recyclerview.widget.RecyclerView desc=null txt_len=0 pkg=com.larus.nova t_boot_ns=640564738372832
08-30 11:56:35.814 I/AnebProbe(22981): ADAPTER_EVT type=content cls=androidx.recyclerview.widget.RecyclerView desc=null txt_len=0 pkg=com.larus.nova t_boot_ns=640564845020227
08-30 11:56:35.931 I/AnebProbe(22981): ADAPTER_EVT type=content cls=androidx.recyclerview.widget.RecyclerView desc=null txt_len=0 pkg=com.larus.nova t_boot_ns=640564962369707
08-30 11:56:36.039 I/AnebProbe(22981): ADAPTER_EVT type=content cls=androidx.recyclerview.widget.RecyclerView desc=null txt_len=0 pkg=com.larus.nova t_boot_ns=640565069911373
08-30 11:56:36.139 I/AnebProbe(22981): ADAPTER_EVT type=content cls=androidx.recyclerview.widget.RecyclerView desc=null txt_len=0 pkg=com.larus.nova t_boot_ns=640565170511373
08-30 11:56:36.242 I/AnebProbe(22981): ADAPTER_EVT type=content cls=androidx.recyclerview.widget.RecyclerView desc=null txt_len=0 pkg=com.larus.nova t_boot_ns=640565272922311
08-30 11:56:36.245 I/AnebProbe(22981): ADAPTER_OBS pkg=com.larus.nova mode=doubao events=1809 rule_matched=715 first_delta_ms=0 cadence_p50_ms=22.8 session_span_ms=388946.8 confidence=LOW/INCONCLUSIVE reason=throttle ttft_send_ms=null anchor_source=null ttft_cluster_ms=3832.7 ttft_density_ms=null
08-30 11:56:36.354 I/AnebProbe(22981): ADAPTER_EVT type=content cls=androidx.recyclerview.widget.RecyclerView desc=null txt_len=0 pkg=com.larus.nova t_boot_ns=640565385044186
08-30 11:56:36.457 I/AnebProbe(22981): ADAPTER_EVT type=content cls=androidx.recyclerview.widget.RecyclerView desc=null txt_len=0 pkg=com.larus.nova t_boot_ns=640565488065540
08-30 11:56:36.570 I/AnebProbe(22981): ADAPTER_EVT type=content cls=androidx.recyclerview.widget.RecyclerView desc=null txt_len=0 pkg=com.larus.nova t_boot_ns=640565601008248
08-30 11:56:36.682 I/AnebProbe(22981): ADAPTER_EVT type=content cls=androidx.recyclerview.widget.RecyclerView desc=null txt_len=0 pkg=com.larus.nova t_boot_ns=640565713434811
08-30 11:56:36.790 I/AnebProbe(22981): ADAPTER_EVT type=content cls=androidx.recyclerview.widget.RecyclerView desc=null txt_len=0 pkg=com.larus.nova t_boot_ns=640565821895748
08-30 11:56:36.891 I/AnebProbe(22981): ADAPTER_EVT type=content cls=androidx.recyclerview.widget.RecyclerView desc=null txt_len=0 pkg=com.larus.nova t_boot_ns=640565922493144
08-30 11:56:37.002 I/AnebProbe(22981): ADAPTER_EVT type=content cls=androidx.recyclerview.widget.RecyclerView desc=null txt_len=0 pkg=com.larus.nova t_boot_ns=640566033665019
08-30 11:56:37.116 I/AnebProbe(22981): ADAPTER_EVT type=content cls=androidx.recyclerview.widget.RecyclerView desc=null txt_len=0 pkg=com.larus.nova t_boot_ns=640566147849394
08-30 11:56:37.236 I/AnebProbe(22981): ADAPTER_EVT type=content cls=androidx.recyclerview.widget.RecyclerView desc=null txt_len=0 pkg=com.larus.nova t_boot_ns=640566267070748
08-30 11:56:37.349 I/AnebProbe(22981): ADAPTER_EVT type=content cls=androidx.recyclerview.widget.RecyclerView desc=null txt_len=0 pkg=com.larus.nova t_boot_ns=640566380698873
08-30 11:56:37.449 I/AnebProbe(22981): ADAPTER_EVT type=content cls=androidx.recyclerview.widget.RecyclerView desc=null txt_len=0 pkg=com.larus.nova t_boot_ns=640566480737415
08-30 11:56:37.565 I/AnebProbe(22981): ADAPTER_EVT type=content cls=androidx.recyclerview.widget.RecyclerView desc=null txt_len=0 pkg=com.larus.nova t_boot_ns=640566596333248
08-30 11:56:37.691 I/AnebProbe(22981): ADAPTER_EVT type=content cls=androidx.recyclerview.widget.RecyclerView desc=null txt_len=0 pkg=com.larus.nova t_boot_ns=640566722440019
08-30 11:56:37.793 I/AnebProbe(22981): ADAPTER_EVT type=content cls=androidx.recyclerview.widget.RecyclerView desc=null txt_len=0 pkg=com.larus.nova t_boot_ns=640566824070227
08-30 11:56:37.909 I/AnebProbe(22981): ADAPTER_EVT type=content cls=androidx.recyclerview.widget.RecyclerView desc=null txt_len=0 pkg=com.larus.nova t_boot_ns=640566940277519
08-30 11:56:38.022 I/AnebProbe(22981): ADAPTER_EVT type=content cls=androidx.recyclerview.widget.RecyclerView desc=null txt_len=0 pkg=com.larus.nova t_boot_ns=640567053305123
08-30 11:56:38.128 I/AnebProbe(22981): ADAPTER_EVT type=content cls=androidx.recyclerview.widget.RecyclerView desc=null txt_len=0 pkg=com.larus.nova t_boot_ns=640567159270748
08-30 11:56:38.245 I/AnebProbe(22981): ADAPTER_EVT type=content cls=androidx.recyclerview.widget.RecyclerView desc=null txt_len=0 pkg=com.larus.nova t_boot_ns=640567275848873
08-30 11:56:38.346 I/AnebProbe(22981): ADAPTER_EVT type=content cls=androidx.recyclerview.widget.RecyclerView desc=null txt_len=0 pkg=com.larus.nova t_boot_ns=640567376970227
08-30 11:56:38.460 I/AnebProbe(22981): ADAPTER_EVT type=content cls=androidx.recyclerview.widget.RecyclerView desc=null txt_len=0 pkg=com.larus.nova t_boot_ns=640567491284290
08-30 11:56:38.567 I/AnebProbe(22981): ADAPTER_EVT type=content cls=androidx.recyclerview.widget.RecyclerView desc=null txt_len=0 pkg=com.larus.nova t_boot_ns=640567598067102
08-30 11:56:38.678 I/AnebProbe(22981): ADAPTER_EVT type=content cls=androidx.recyclerview.widget.RecyclerView desc=null txt_len=0 pkg=com.larus.nova t_boot_ns=640567709701477
08-30 11:56:38.783 I/AnebProbe(22981): ADAPTER_EVT type=content cls=androidx.recyclerview.widget.RecyclerView desc=null txt_len=0 pkg=com.larus.nova t_boot_ns=640567813677519
08-30 11:56:38.886 I/AnebProbe(22981): ADAPTER_EVT type=content cls=androidx.recyclerview.widget.RecyclerView desc=null txt_len=0 pkg=com.larus.nova t_boot_ns=640567917519706
08-30 11:56:38.986 I/AnebProbe(22981): ADAPTER_EVT type=content cls=androidx.recyclerview.widget.RecyclerView desc=null txt_len=0 pkg=com.larus.nova t_boot_ns=640568017492623
08-30 11:56:39.088 I/AnebProbe(22981): ADAPTER_EVT type=content cls=androidx.recyclerview.widget.RecyclerView desc=null txt_len=0 pkg=com.larus.nova t_boot_ns=640568118938977
08-30 11:56:39.212 I/AnebProbe(22981): ADAPTER_EVT type=content cls=androidx.recyclerview.widget.RecyclerView desc=null txt_len=0 pkg=com.larus.nova t_boot_ns=640568243682206
08-30 11:56:39.318 I/AnebProbe(22981): ADAPTER_EVT type=content cls=androidx.recyclerview.widget.RecyclerView desc=null txt_len=0 pkg=com.larus.nova t_boot_ns=640568349671789
08-30 11:56:39.419 I/AnebProbe(22981): ADAPTER_EVT type=content cls=androidx.recyclerview.widget.RecyclerView desc=null txt_len=0 pkg=com.larus.nova t_boot_ns=640568450708248
08-30 11:56:39.522 I/AnebProbe(22981): ADAPTER_EVT type=content cls=androidx.recyclerview.widget.RecyclerView desc=null txt_len=0 pkg=com.larus.nova t_boot_ns=640568552829081
08-30 11:56:39.643 I/AnebProbe(22981): ADAPTER_EVT type=content cls=androidx.recyclerview.widget.RecyclerView desc=null txt_len=0 pkg=com.larus.nova t_boot_ns=640568674523352
08-30 11:56:39.755 I/AnebProbe(22981): ADAPTER_EVT type=content cls=androidx.recyclerview.widget.RecyclerView desc=null txt_len=0 pkg=com.larus.nova t_boot_ns=640568786491581
08-30 11:56:39.873 I/AnebProbe(22981): ADAPTER_EVT type=content cls=androidx.recyclerview.widget.RecyclerView desc=null txt_len=0 pkg=com.larus.nova t_boot_ns=640568904559289
08-30 11:56:39.984 I/AnebProbe(22981): ADAPTER_EVT type=content cls=androidx.recyclerview.widget.RecyclerView desc=null txt_len=0 pkg=com.larus.nova t_boot_ns=640569015330644
08-30 11:56:40.100 I/AnebProbe(22981): ADAPTER_EVT type=content cls=androidx.recyclerview.widget.RecyclerView desc=null txt_len=0 pkg=com.larus.nova t_boot_ns=640569131658769
08-30 11:56:40.209 I/AnebProbe(22981): ADAPTER_EVT type=content cls=androidx.recyclerview.widget.RecyclerView desc=null txt_len=0 pkg=com.larus.nova t_boot_ns=640569239931164
08-30 11:56:40.321 I/AnebProbe(22981): ADAPTER_EVT type=content cls=androidx.recyclerview.widget.RecyclerView desc=null txt_len=0 pkg=com.larus.nova t_boot_ns=640569352211893
08-30 11:56:40.437 I/AnebProbe(22981): ADAPTER_EVT type=content cls=androidx.recyclerview.widget.RecyclerView desc=null txt_len=0 pkg=com.larus.nova t_boot_ns=640569468672310
08-30 11:56:40.548 I/AnebProbe(22981): ADAPTER_EVT type=content cls=androidx.recyclerview.widget.RecyclerView desc=null txt_len=0 pkg=com.larus.nova t_boot_ns=640569579337414
08-30 11:56:40.668 I/AnebProbe(22981): ADAPTER_EVT type=content cls=androidx.recyclerview.widget.RecyclerView desc=null txt_len=0 pkg=com.larus.nova t_boot_ns=640569699255643
08-30 11:56:40.792 I/AnebProbe(22981): ADAPTER_EVT type=content cls=androidx.recyclerview.widget.RecyclerView desc=null txt_len=0 pkg=com.larus.nova t_boot_ns=640569823197310
08-30 11:56:40.900 I/AnebProbe(22981): ADAPTER_EVT type=content cls=androidx.recyclerview.widget.RecyclerView desc=null txt_len=0 pkg=com.larus.nova t_boot_ns=640569931189498
08-30 11:56:41.016 I/AnebProbe(22981): ADAPTER_EVT type=content cls=androidx.recyclerview.widget.RecyclerView desc=null txt_len=0 pkg=com.larus.nova t_boot_ns=640570047263977
08-30 11:56:41.126 I/AnebProbe(22981): ADAPTER_EVT type=content cls=androidx.recyclerview.widget.RecyclerView desc=null txt_len=0 pkg=com.larus.nova t_boot_ns=640570157046789
08-30 11:56:41.226 I/AnebProbe(22981): ADAPTER_EVT type=content cls=androidx.recyclerview.widget.RecyclerView desc=null txt_len=0 pkg=com.larus.nova t_boot_ns=640570257731685
08-30 11:56:41.327 I/AnebProbe(22981): ADAPTER_EVT type=content cls=androidx.recyclerview.widget.RecyclerView desc=null txt_len=0 pkg=com.larus.nova t_boot_ns=640570357897831
08-30 11:56:41.329 I/AnebProbe(22981): ADAPTER_OBS pkg=com.larus.nova mode=doubao events=1855 rule_matched=761 first_delta_ms=0 cadence_p50_ms=100.8 session_span_ms=394031.8 confidence=LOW/INCONCLUSIVE reason=throttle ttft_send_ms=null anchor_source=null ttft_cluster_ms=3832.7 ttft_density_ms=null
08-30 11:56:41.428 I/AnebProbe(22981): ADAPTER_EVT type=content cls=androidx.recyclerview.widget.RecyclerView desc=null txt_len=0 pkg=com.larus.nova t_boot_ns=640570459317622
08-30 11:56:41.542 I/AnebProbe(22981): ADAPTER_EVT type=content cls=androidx.recyclerview.widget.RecyclerView desc=null txt_len=0 pkg=com.larus.nova t_boot_ns=640570573861372
08-30 11:56:41.658 I/AnebProbe(22981): ADAPTER_EVT type=content cls=androidx.recyclerview.widget.RecyclerView desc=null txt_len=0 pkg=com.larus.nova t_boot_ns=640570688898352
08-30 11:56:41.762 I/AnebProbe(22981): ADAPTER_EVT type=content cls=androidx.recyclerview.widget.RecyclerView desc=null txt_len=0 pkg=com.larus.nova t_boot_ns=640570793111372
08-30 11:56:41.875 I/AnebProbe(22981): ADAPTER_EVT type=content cls=androidx.recyclerview.widget.RecyclerView desc=null txt_len=0 pkg=com.larus.nova t_boot_ns=640570906427518
08-30 11:56:41.997 I/AnebProbe(22981): ADAPTER_EVT type=content cls=androidx.recyclerview.widget.RecyclerView desc=null txt_len=0 pkg=com.larus.nova t_boot_ns=640571028453039
08-30 11:56:42.097 I/AnebProbe(22981): ADAPTER_EVT type=content cls=androidx.recyclerview.widget.RecyclerView desc=null txt_len=0 pkg=com.larus.nova t_boot_ns=640571128717622
08-30 11:56:42.219 I/AnebProbe(22981): ADAPTER_EVT type=content cls=androidx.recyclerview.widget.RecyclerView desc=null txt_len=0 pkg=com.larus.nova t_boot_ns=640571250065539
08-30 11:56:42.330 I/AnebProbe(22981): ADAPTER_EVT type=content cls=androidx.recyclerview.widget.RecyclerView desc=null txt_len=0 pkg=com.larus.nova t_boot_ns=640571361736893
08-30 11:56:42.437 I/AnebProbe(22981): ADAPTER_EVT type=content cls=androidx.recyclerview.widget.RecyclerView desc=null txt_len=0 pkg=com.larus.nova t_boot_ns=640571468388456
08-30 11:56:42.541 I/AnebProbe(22981): ADAPTER_EVT type=content cls=androidx.recyclerview.widget.RecyclerView desc=null txt_len=0 pkg=com.larus.nova t_boot_ns=640571572357206
08-30 11:56:42.659 I/AnebProbe(22981): ADAPTER_EVT type=content cls=androidx.recyclerview.widget.RecyclerView desc=null txt_len=0 pkg=com.larus.nova t_boot_ns=640571689997831
08-30 11:56:42.793 I/AnebProbe(22981): ADAPTER_EVT type=content cls=androidx.recyclerview.widget.RecyclerView desc=null txt_len=0 pkg=com.larus.nova t_boot_ns=640571823942101
08-30 11:56:42.905 I/AnebProbe(22981): ADAPTER_EVT type=content cls=androidx.recyclerview.widget.RecyclerView desc=null txt_len=0 pkg=com.larus.nova t_boot_ns=640571936283768
08-30 11:56:43.005 I/AnebProbe(22981): ADAPTER_EVT type=content cls=androidx.recyclerview.widget.RecyclerView desc=null txt_len=0 pkg=com.larus.nova t_boot_ns=640572036610331
08-30 11:56:43.157 I/AnebProbe(22981): ADAPTER_EVT type=content cls=androidx.recyclerview.widget.RecyclerView desc=null txt_len=0 pkg=com.larus.nova t_boot_ns=640572188648872
08-30 11:56:43.257 I/AnebProbe(22981): ADAPTER_EVT type=content cls=androidx.recyclerview.widget.RecyclerView desc=null txt_len=0 pkg=com.larus.nova t_boot_ns=640572288033247
08-30 11:56:43.390 I/AnebProbe(22981): ADAPTER_EVT type=content cls=androidx.recyclerview.widget.RecyclerView desc=null txt_len=0 pkg=com.larus.nova t_boot_ns=640572420834810
08-30 11:56:43.503 I/AnebProbe(22981): ADAPTER_EVT type=content cls=androidx.recyclerview.widget.RecyclerView desc=null txt_len=0 pkg=com.larus.nova t_boot_ns=640572534445747
08-30 11:56:43.604 I/AnebProbe(22981): ADAPTER_EVT type=content cls=androidx.recyclerview.widget.RecyclerView desc=null txt_len=0 pkg=com.larus.nova t_boot_ns=640572634936893
08-30 11:56:43.745 I/AnebProbe(22981): ADAPTER_EVT type=content cls=androidx.recyclerview.widget.RecyclerView desc=null txt_len=0 pkg=com.larus.nova t_boot_ns=640572775806685
08-30 11:56:43.843 I/AnebProbe(22981): ADAPTER_EVT type=content cls=androidx.recyclerview.widget.RecyclerView desc=null txt_len=0 pkg=com.larus.nova t_boot_ns=640572874866580
08-30 11:56:44.067 I/AnebProbe(22981): ADAPTER_EVT type=content cls=androidx.drawerlayout.widget.DrawerLayout desc=null txt_len=0 pkg=com.larus.nova t_boot_ns=640573098519705
08-30 11:56:44.181 I/AnebProbe(22981): ADAPTER_EVT type=content cls=androidx.drawerlayout.widget.DrawerLayout desc=null txt_len=0 pkg=com.larus.nova t_boot_ns=640573212428560
08-30 11:56:44.281 I/AnebProbe(22981): ADAPTER_EVT type=content cls=androidx.recyclerview.widget.RecyclerView desc=null txt_len=0 pkg=com.larus.nova t_boot_ns=640573312428039
08-30 11:56:44.383 I/AnebProbe(22981): ADAPTER_EVT type=content cls=androidx.drawerlayout.widget.DrawerLayout desc=null txt_len=0 pkg=com.larus.nova t_boot_ns=640573413996268
08-30 11:56:44.730 I/AnebProbe(22981): ADAPTER_EVT type=content cls=androidx.drawerlayout.widget.DrawerLayout desc=null txt_len=0 pkg=com.larus.nova t_boot_ns=640573761682205
08-30 11:56:44.831 I/AnebProbe(22981): ADAPTER_EVT type=content cls=androidx.drawerlayout.widget.DrawerLayout desc=null txt_len=0 pkg=com.larus.nova t_boot_ns=640573861965018
08-30 11:57:40.420 I/AnebE4MARK(17373): E4MARK kind=answer_complete n=5
08-30 11:57:42.626 I/AnebProbe(22981): ADAPTER_EVT type=click cls=android.widget.ImageView desc=返回 txt_len=2 pkg=com.larus.nova t_boot_ns=640631657097301
08-30 11:57:42.626 I/AnebProbe(22981): ADAPTER_OBS pkg=com.larus.nova mode=doubao events=1883 rule_matched=784 first_delta_ms=0 cadence_p50_ms=103.6 session_span_ms=397535.8 confidence=LOW/INCONCLUSIVE reason=throttle ttft_send_ms=null anchor_source=null ttft_cluster_ms=3832.7 ttft_density_ms=null
08-30 11:57:42.731 I/AnebProbe(22981): ADAPTER_EVT type=content cls=androidx.drawerlayout.widget.DrawerLayout desc=null txt_len=0 pkg=com.larus.nova t_boot_ns=640631762389488
08-30 11:57:42.847 I/AnebProbe(22981): ADAPTER_EVT type=content cls=androidx.drawerlayout.widget.DrawerLayout desc=null txt_len=0 pkg=com.larus.nova t_boot_ns=640631878780634
08-30 11:57:42.964 I/AnebProbe(22981): ADAPTER_EVT type=content cls=androidx.drawerlayout.widget.DrawerLayout desc=null txt_len=0 pkg=com.larus.nova t_boot_ns=640631995463967
08-30 11:57:43.052 I/AnebProbe(22981): ADAPTER_EVT type=content cls=androidx.drawerlayout.widget.DrawerLayout desc=null txt_len=0 pkg=com.larus.nova t_boot_ns=640632083093134
08-30 11:57:44.341 I/AnebProbe(22981): ADAPTER_EVT type=click cls=android.widget.ImageView desc=创建新对话 txt_len=5 pkg=com.larus.nova t_boot_ns=640633372322821
08-30 11:57:44.347 I/AnebProbe(22981): ADAPTER_EVT type=content cls=android.widget.FrameLayout desc=null txt_len=0 pkg=com.larus.nova t_boot_ns=640633378186363
08-30 11:57:44.547 I/AnebProbe(22981): ADAPTER_EVT type=content cls=androidx.drawerlayout.widget.DrawerLayout desc=null txt_len=0 pkg=com.larus.nova t_boot_ns=640633578696780
08-30 11:57:44.677 I/AnebProbe(22981): ADAPTER_EVT type=content cls=androidx.drawerlayout.widget.DrawerLayout desc=null txt_len=0 pkg=com.larus.nova t_boot_ns=640633708214488
08-30 11:57:44.742 I/AnebProbe(22981): ADAPTER_EVT type=content cls=androidx.drawerlayout.widget.DrawerLayout desc=null txt_len=0 pkg=com.larus.nova t_boot_ns=640633773205113
08-30 11:57:44.754 I/AnebProbe(22981): ADAPTER_EVT type=content cls=androidx.drawerlayout.widget.DrawerLayout desc=null txt_len=0 pkg=com.larus.nova t_boot_ns=640633785290009
08-30 11:57:44.815 I/AnebProbe(22981): ADAPTER_EVT type=content cls=android.view.ViewGroup desc=null txt_len=0 pkg=com.larus.nova t_boot_ns=640633846336363
08-30 11:57:44.916 I/AnebProbe(22981): ADAPTER_EVT type=content cls=android.view.ViewGroup desc=null txt_len=0 pkg=com.larus.nova t_boot_ns=640633947343134
08-30 11:57:45.021 I/AnebProbe(22981): ADAPTER_EVT type=content cls=androidx.drawerlayout.widget.DrawerLayout desc=null txt_len=0 pkg=com.larus.nova t_boot_ns=640634051788967
08-30 11:57:45.120 I/AnebProbe(22981): ADAPTER_EVT type=content cls=androidx.drawerlayout.widget.DrawerLayout desc=null txt_len=0 pkg=com.larus.nova t_boot_ns=640634151572300
08-30 11:57:45.298 I/AnebProbe(22981): ADAPTER_EVT type=content cls=androidx.recyclerview.widget.RecyclerView desc=null txt_len=0 pkg=com.larus.nova t_boot_ns=640634329076988
08-30 11:57:45.394 I/AnebProbe(22981): ADAPTER_EVT type=content cls=android.view.ViewGroup desc=null txt_len=0 pkg=com.larus.nova t_boot_ns=640634425242613
08-30 11:57:45.495 I/AnebProbe(22981): ADAPTER_EVT type=content cls=android.view.ViewGroup desc=null txt_len=0 pkg=com.larus.nova t_boot_ns=640634525847300
08-30 11:57:45.595 I/AnebProbe(22981): ADAPTER_EVT type=content cls=android.view.ViewGroup desc=null txt_len=0 pkg=com.larus.nova t_boot_ns=640634626549904
08-30 11:57:45.706 I/AnebProbe(22981): ADAPTER_EVT type=content cls=android.view.ViewGroup desc=null txt_len=0 pkg=com.larus.nova t_boot_ns=640634737513967
08-30 11:57:45.825 I/AnebProbe(22981): ADAPTER_EVT type=content cls=android.view.ViewGroup desc=null txt_len=0 pkg=com.larus.nova t_boot_ns=640634855998342
08-30 11:57:45.936 I/AnebProbe(22981): ADAPTER_EVT type=content cls=android.view.ViewGroup desc=null txt_len=0 pkg=com.larus.nova t_boot_ns=640634967410321
08-30 11:57:46.035 I/AnebProbe(22981): ADAPTER_EVT type=content cls=android.view.ViewGroup desc=null txt_len=0 pkg=com.larus.nova t_boot_ns=640635066798342
08-30 11:57:46.136 I/AnebProbe(22981): ADAPTER_EVT type=content cls=androidx.drawerlayout.widget.DrawerLayout desc=null txt_len=0 pkg=com.larus.nova t_boot_ns=640635167218654
08-30 11:57:46.237 I/AnebProbe(22981): ADAPTER_EVT type=content cls=android.view.ViewGroup desc=null txt_len=0 pkg=com.larus.nova t_boot_ns=640635268218133
08-30 11:57:46.353 I/AnebProbe(22981): ADAPTER_EVT type=content cls=android.view.ViewGroup desc=null txt_len=0 pkg=com.larus.nova t_boot_ns=640635383883758
08-30 11:57:46.463 I/AnebProbe(22981): ADAPTER_EVT type=content cls=android.view.ViewGroup desc=null txt_len=0 pkg=com.larus.nova t_boot_ns=640635493882717
08-30 11:57:46.563 I/AnebProbe(22981): ADAPTER_EVT type=content cls=android.view.ViewGroup desc=null txt_len=0 pkg=com.larus.nova t_boot_ns=640635594349904
08-30 11:57:47.191 I/AnebProbe(22981): ADAPTER_EVT type=content cls=android.view.ViewGroup desc=新对话，打开设置页 txt_len=0 pkg=com.larus.nova t_boot_ns=640636222627508
08-30 11:57:47.302 I/AnebProbe(22981): ADAPTER_EVT type=content cls=android.view.ViewGroup desc=null txt_len=0 pkg=com.larus.nova t_boot_ns=640636333139487
08-30 11:57:47.414 I/AnebProbe(22981): ADAPTER_EVT type=content cls=android.view.ViewGroup desc=null txt_len=0 pkg=com.larus.nova t_boot_ns=640636445045217
08-30 11:57:47.515 I/AnebProbe(22981): ADAPTER_EVT type=content cls=android.view.ViewGroup desc=null txt_len=0 pkg=com.larus.nova t_boot_ns=640636546095217
08-30 11:57:47.631 I/AnebProbe(22981): ADAPTER_EVT type=content cls=android.view.ViewGroup desc=null txt_len=0 pkg=com.larus.nova t_boot_ns=640636662528029
08-30 11:57:47.632 I/AnebProbe(22981): ADAPTER_OBS pkg=com.larus.nova mode=doubao events=1914 rule_matched=785 first_delta_ms=0 cadence_p50_ms=106.0 session_span_ms=460336.4 confidence=LOW/INCONCLUSIVE reason=throttle ttft_send_ms=null anchor_source=null ttft_cluster_ms=3832.7 ttft_density_ms=null
08-30 11:57:47.744 I/AnebProbe(22981): ADAPTER_EVT type=content cls=android.view.ViewGroup desc=null txt_len=0 pkg=com.larus.nova t_boot_ns=640636775592092
08-30 11:57:47.844 I/AnebProbe(22981): ADAPTER_EVT type=content cls=android.view.ViewGroup desc=null txt_len=0 pkg=com.larus.nova t_boot_ns=640636875259800
08-30 11:57:47.959 I/AnebProbe(22981): ADAPTER_EVT type=content cls=android.view.ViewGroup desc=null txt_len=0 pkg=com.larus.nova t_boot_ns=640636990878029
08-30 11:57:48.060 I/AnebProbe(22981): ADAPTER_EVT type=content cls=android.view.ViewGroup desc=null txt_len=0 pkg=com.larus.nova t_boot_ns=640637091831154
08-30 11:57:48.178 I/AnebProbe(22981): ADAPTER_EVT type=content cls=android.view.ViewGroup desc=null txt_len=0 pkg=com.larus.nova t_boot_ns=640637209434800
08-30 11:57:48.283 I/AnebProbe(22981): ADAPTER_EVT type=content cls=android.view.ViewGroup desc=null txt_len=0 pkg=com.larus.nova t_boot_ns=640637314234279
08-30 11:57:48.401 I/AnebProbe(22981): ADAPTER_EVT type=content cls=android.view.ViewGroup desc=null txt_len=0 pkg=com.larus.nova t_boot_ns=640637431221779
08-30 11:57:48.514 I/AnebProbe(22981): ADAPTER_EVT type=content cls=android.view.ViewGroup desc=null txt_len=0 pkg=com.larus.nova t_boot_ns=640637545604071
08-30 11:57:48.545 I/AnebProbe(22981): ADAPTER_EVT type=content cls=android.view.ViewGroup desc=null txt_len=0 pkg=com.larus.nova t_boot_ns=640637576394175
08-30 11:57:48.546 I/AnebProbe(22981): ADAPTER_EVT type=content cls=android.widget.EditText desc=null txt_len=1 pkg=com.larus.nova t_boot_ns=640637576893654
08-30 11:57:48.550 I/AnebProbe(22981): ADAPTER_EVT type=content cls=android.view.ViewGroup desc=null txt_len=0 pkg=com.larus.nova t_boot_ns=640637581624383
08-30 11:57:48.597 I/AnebProbe(22981): ADAPTER_EVT type=content cls=android.view.ViewGroup desc=null txt_len=0 pkg=com.larus.nova t_boot_ns=640637628171258
08-30 11:57:48.597 I/AnebProbe(22981): ADAPTER_EVT type=content cls=android.widget.EditText desc=null txt_len=2 pkg=com.larus.nova t_boot_ns=640637628598341
08-30 11:57:48.622 I/AnebProbe(22981): ADAPTER_EVT type=content cls=android.view.ViewGroup desc=null txt_len=0 pkg=com.larus.nova t_boot_ns=640637653313966
08-30 11:57:48.622 I/AnebProbe(22981): ADAPTER_EVT type=content cls=android.widget.EditText desc=null txt_len=3 pkg=com.larus.nova t_boot_ns=640637653749904
08-30 11:57:48.631 I/AnebProbe(22981): ADAPTER_EVT type=content cls=android.widget.EditText desc=null txt_len=4 pkg=com.larus.nova t_boot_ns=640637662121779
08-30 11:57:48.647 I/AnebProbe(22981): ADAPTER_EVT type=content cls=android.view.ViewGroup desc=null txt_len=0 pkg=com.larus.nova t_boot_ns=640637678247300
08-30 11:57:48.647 I/AnebProbe(22981): ADAPTER_EVT type=content cls=android.widget.EditText desc=null txt_len=5 pkg=com.larus.nova t_boot_ns=640637678721258
08-30 11:57:48.664 I/AnebProbe(22981): ADAPTER_EVT type=content cls=android.view.ViewGroup desc=null txt_len=0 pkg=com.larus.nova t_boot_ns=640637695505112
08-30 11:57:48.664 I/AnebProbe(22981): ADAPTER_EVT type=content cls=android.widget.EditText desc=null txt_len=6 pkg=com.larus.nova t_boot_ns=640637695906154
08-30 11:57:48.682 I/AnebProbe(22981): ADAPTER_EVT type=content cls=android.view.ViewGroup desc=null txt_len=0 pkg=com.larus.nova t_boot_ns=640637713830633
08-30 11:57:48.683 I/AnebProbe(22981): ADAPTER_EVT type=content cls=android.widget.EditText desc=null txt_len=7 pkg=com.larus.nova t_boot_ns=640637714309279
08-30 11:57:48.697 I/AnebProbe(22981): ADAPTER_EVT type=content cls=android.view.ViewGroup desc=null txt_len=0 pkg=com.larus.nova t_boot_ns=640637728597821
08-30 11:57:48.698 I/AnebProbe(22981): ADAPTER_EVT type=content cls=android.widget.EditText desc=null txt_len=8 pkg=com.larus.nova t_boot_ns=640637728967612
08-30 11:57:48.714 I/AnebProbe(22981): ADAPTER_EVT type=content cls=android.view.ViewGroup desc=null txt_len=0 pkg=com.larus.nova t_boot_ns=640637745853550
08-30 11:57:48.715 I/AnebProbe(22981): ADAPTER_EVT type=content cls=android.widget.EditText desc=null txt_len=9 pkg=com.larus.nova t_boot_ns=640637746240529
08-30 11:57:48.738 I/AnebProbe(22981): ADAPTER_EVT type=content cls=android.view.ViewGroup desc=null txt_len=0 pkg=com.larus.nova t_boot_ns=640637768980633
08-30 11:57:48.738 I/AnebProbe(22981): ADAPTER_EVT type=content cls=android.widget.EditText desc=null txt_len=10 pkg=com.larus.nova t_boot_ns=640637769771779
08-30 11:57:48.748 I/AnebProbe(22981): ADAPTER_EVT type=content cls=android.widget.EditText desc=null txt_len=11 pkg=com.larus.nova t_boot_ns=640637779574383
08-30 11:57:48.771 I/AnebProbe(22981): ADAPTER_EVT type=content cls=android.view.ViewGroup desc=null txt_len=0 pkg=com.larus.nova t_boot_ns=640637802188446
08-30 11:57:48.771 I/AnebProbe(22981): ADAPTER_EVT type=content cls=android.widget.EditText desc=null txt_len=12 pkg=com.larus.nova t_boot_ns=640637802709279
08-30 11:57:48.780 I/AnebProbe(22981): ADAPTER_EVT type=content cls=android.widget.EditText desc=null txt_len=13 pkg=com.larus.nova t_boot_ns=640637811062925
08-30 11:57:48.805 I/AnebProbe(22981): ADAPTER_EVT type=content cls=android.view.ViewGroup desc=null txt_len=0 pkg=com.larus.nova t_boot_ns=640637836225946
08-30 11:57:48.806 I/AnebProbe(22981): ADAPTER_EVT type=content cls=android.widget.EditText desc=null txt_len=14 pkg=com.larus.nova t_boot_ns=640637837053550
08-30 11:57:48.815 I/AnebProbe(22981): ADAPTER_EVT type=content cls=android.widget.EditText desc=null txt_len=15 pkg=com.larus.nova t_boot_ns=640637846028029
08-30 11:57:48.838 I/AnebProbe(22981): ADAPTER_EVT type=content cls=android.view.ViewGroup desc=null txt_len=0 pkg=com.larus.nova t_boot_ns=640637869617612
08-30 11:57:48.839 I/AnebProbe(22981): ADAPTER_EVT type=content cls=android.widget.EditText desc=null txt_len=16 pkg=com.larus.nova t_boot_ns=640637870128550
08-30 11:57:48.846 I/AnebProbe(22981): ADAPTER_EVT type=content cls=android.widget.EditText desc=null txt_len=17 pkg=com.larus.nova t_boot_ns=640637877286362
08-30 11:57:48.880 I/AnebProbe(22981): ADAPTER_EVT type=content cls=android.view.ViewGroup desc=null txt_len=0 pkg=com.larus.nova t_boot_ns=640637911406154
08-30 11:57:48.881 I/AnebProbe(22981): ADAPTER_EVT type=content cls=android.widget.EditText desc=null txt_len=18 pkg=com.larus.nova t_boot_ns=640637911978029
08-30 11:57:48.911 I/AnebProbe(22981): ADAPTER_EVT type=content cls=android.view.ViewGroup desc=null txt_len=0 pkg=com.larus.nova t_boot_ns=640637942918133
08-30 11:57:48.912 I/AnebProbe(22981): ADAPTER_EVT type=content cls=android.widget.EditText desc=null txt_len=19 pkg=com.larus.nova t_boot_ns=640637943276466
08-30 11:57:48.938 I/AnebProbe(22981): ADAPTER_EVT type=content cls=android.view.ViewGroup desc=null txt_len=0 pkg=com.larus.nova t_boot_ns=640637969845216
08-30 11:57:48.939 I/AnebProbe(22981): ADAPTER_EVT type=content cls=android.widget.EditText desc=null txt_len=20 pkg=com.larus.nova t_boot_ns=640637970206675
08-30 11:57:48.957 I/AnebProbe(22981): ADAPTER_EVT type=content cls=android.view.ViewGroup desc=null txt_len=0 pkg=com.larus.nova t_boot_ns=640637988808758
08-30 11:57:48.958 I/AnebProbe(22981): ADAPTER_EVT type=content cls=android.widget.EditText desc=null txt_len=21 pkg=com.larus.nova t_boot_ns=640637989136362
08-30 11:57:48.973 I/AnebProbe(22981): ADAPTER_EVT type=content cls=android.view.ViewGroup desc=null txt_len=0 pkg=com.larus.nova t_boot_ns=640638004838966
08-30 11:57:48.974 I/AnebProbe(22981): ADAPTER_EVT type=content cls=android.widget.EditText desc=null txt_len=22 pkg=com.larus.nova t_boot_ns=640638005230112
08-30 11:57:48.990 I/AnebProbe(22981): ADAPTER_EVT type=content cls=android.view.ViewGroup desc=null txt_len=0 pkg=com.larus.nova t_boot_ns=640638021952508
08-30 11:57:48.991 I/AnebProbe(22981): ADAPTER_EVT type=content cls=android.widget.EditText desc=null txt_len=23 pkg=com.larus.nova t_boot_ns=640638022381154
08-30 11:57:49.010 I/AnebProbe(22981): ADAPTER_EVT type=content cls=android.view.ViewGroup desc=null txt_len=0 pkg=com.larus.nova t_boot_ns=640638041286883
08-30 11:57:49.010 I/AnebProbe(22981): ADAPTER_EVT type=content cls=android.widget.EditText desc=null txt_len=24 pkg=com.larus.nova t_boot_ns=640638041938966
08-30 11:57:49.030 I/AnebProbe(22981): ADAPTER_EVT type=content cls=android.view.ViewGroup desc=null txt_len=0 pkg=com.larus.nova t_boot_ns=640638060961883
08-30 11:57:49.030 I/AnebProbe(22981): ADAPTER_EVT type=content cls=android.widget.EditText desc=null txt_len=25 pkg=com.larus.nova t_boot_ns=640638061520737
08-30 11:57:49.053 I/AnebProbe(22981): ADAPTER_EVT type=content cls=android.view.ViewGroup desc=null txt_len=0 pkg=com.larus.nova t_boot_ns=640638084713445
08-30 11:57:49.056 I/AnebProbe(22981): ADAPTER_EVT type=content cls=android.widget.EditText desc=null txt_len=26 pkg=com.larus.nova t_boot_ns=640638085268654
08-30 11:57:49.063 I/AnebProbe(22981): ADAPTER_EVT type=content cls=android.widget.EditText desc=null txt_len=27 pkg=com.larus.nova t_boot_ns=640638093867612
08-30 11:57:49.086 I/AnebProbe(22981): ADAPTER_EVT type=content cls=android.view.ViewGroup desc=null txt_len=0 pkg=com.larus.nova t_boot_ns=640638116981154
08-30 11:57:49.087 I/AnebProbe(22981): ADAPTER_EVT type=content cls=android.widget.EditText desc=null txt_len=28 pkg=com.larus.nova t_boot_ns=640638117951987
08-30 11:57:49.098 I/AnebProbe(22981): ADAPTER_EVT type=content cls=android.widget.EditText desc=null txt_len=29 pkg=com.larus.nova t_boot_ns=640638129024383
08-30 11:57:49.120 I/AnebProbe(22981): ADAPTER_EVT type=content cls=android.view.ViewGroup desc=null txt_len=0 pkg=com.larus.nova t_boot_ns=640638151209800
08-30 11:57:49.121 I/AnebProbe(22981): ADAPTER_EVT type=content cls=android.widget.EditText desc=null txt_len=30 pkg=com.larus.nova t_boot_ns=640638151845216
08-30 11:57:49.130 I/AnebProbe(22981): ADAPTER_EVT type=content cls=android.widget.EditText desc=null txt_len=31 pkg=com.larus.nova t_boot_ns=640638160937925
08-30 11:57:49.153 I/AnebProbe(22981): ADAPTER_EVT type=content cls=android.view.ViewGroup desc=null txt_len=0 pkg=com.larus.nova t_boot_ns=640638184182195
08-30 11:57:49.153 I/AnebProbe(22981): ADAPTER_EVT type=content cls=android.widget.EditText desc=null txt_len=32 pkg=com.larus.nova t_boot_ns=640638184621779
08-30 11:57:49.162 I/AnebProbe(22981): ADAPTER_EVT type=content cls=android.widget.EditText desc=null txt_len=33 pkg=com.larus.nova t_boot_ns=640638193127508
08-30 11:57:49.186 I/AnebProbe(22981): ADAPTER_EVT type=content cls=android.view.ViewGroup desc=null txt_len=0 pkg=com.larus.nova t_boot_ns=640638217769175
08-30 11:57:49.186 I/AnebProbe(22981): ADAPTER_EVT type=content cls=android.widget.EditText desc=null txt_len=34 pkg=com.larus.nova t_boot_ns=640638217983758
08-30 11:57:49.193 I/AnebProbe(22981): ADAPTER_EVT type=content cls=android.widget.EditText desc=null txt_len=35 pkg=com.larus.nova t_boot_ns=640638224482195
08-30 11:57:49.211 I/AnebProbe(22981): ADAPTER_EVT type=content cls=android.view.ViewGroup desc=null txt_len=0 pkg=com.larus.nova t_boot_ns=640638242766050
08-30 11:57:49.212 I/AnebProbe(22981): ADAPTER_EVT type=content cls=android.widget.EditText desc=null txt_len=36 pkg=com.larus.nova t_boot_ns=640638243495216
08-30 11:57:49.235 I/AnebProbe(22981): ADAPTER_EVT type=content cls=android.view.ViewGroup desc=null txt_len=0 pkg=com.larus.nova t_boot_ns=640638266370216
08-30 11:57:49.235 I/AnebProbe(22981): ADAPTER_EVT type=content cls=android.widget.EditText desc=null txt_len=37 pkg=com.larus.nova t_boot_ns=640638266568654
08-30 11:57:49.240 I/AnebProbe(22981): ADAPTER_EVT type=content cls=android.widget.EditText desc=null txt_len=38 pkg=com.larus.nova t_boot_ns=640638271900945
08-30 11:57:49.257 I/AnebProbe(22981): ADAPTER_EVT type=content cls=android.view.ViewGroup desc=null txt_len=0 pkg=com.larus.nova t_boot_ns=640638288287404
08-30 11:57:49.257 I/AnebProbe(22981): ADAPTER_EVT type=content cls=android.widget.EditText desc=null txt_len=39 pkg=com.larus.nova t_boot_ns=640638288697820
08-30 11:57:49.273 I/AnebProbe(22981): ADAPTER_EVT type=content cls=android.view.ViewGroup desc=null txt_len=0 pkg=com.larus.nova t_boot_ns=640638304816050
08-30 11:57:49.274 I/AnebProbe(22981): ADAPTER_EVT type=content cls=android.widget.EditText desc=null txt_len=40 pkg=com.larus.nova t_boot_ns=640638305105112
08-30 11:57:49.291 I/AnebProbe(22981): ADAPTER_EVT type=content cls=android.view.ViewGroup desc=null txt_len=0 pkg=com.larus.nova t_boot_ns=640638322796258
08-30 11:57:49.292 I/AnebProbe(22981): ADAPTER_EVT type=content cls=android.widget.EditText desc=null txt_len=41 pkg=com.larus.nova t_boot_ns=640638323429070
08-30 11:57:49.305 I/AnebProbe(22981): ADAPTER_EVT type=content cls=android.view.ViewGroup desc=null txt_len=0 pkg=com.larus.nova t_boot_ns=640638336698862
08-30 11:57:49.305 I/AnebProbe(22981): ADAPTER_EVT type=content cls=android.widget.EditText desc=null txt_len=42 pkg=com.larus.nova t_boot_ns=640638336853029
08-30 11:57:49.310 I/AnebProbe(22981): ADAPTER_EVT type=content cls=android.widget.EditText desc=null txt_len=43 pkg=com.larus.nova t_boot_ns=640638341664487
08-30 11:57:49.323 I/AnebProbe(22981): ADAPTER_EVT type=content cls=android.view.ViewGroup desc=null txt_len=0 pkg=com.larus.nova t_boot_ns=640638354119695
08-30 11:57:49.323 I/AnebProbe(22981): ADAPTER_EVT type=content cls=android.widget.EditText desc=null txt_len=44 pkg=com.larus.nova t_boot_ns=640638354301987
08-30 11:57:49.328 I/AnebProbe(22981): ADAPTER_EVT type=content cls=android.widget.EditText desc=null txt_len=45 pkg=com.larus.nova t_boot_ns=640638359241570
08-30 11:57:49.342 I/AnebProbe(22981): ADAPTER_EVT type=content cls=android.view.ViewGroup desc=null txt_len=0 pkg=com.larus.nova t_boot_ns=640638373262925
08-30 11:57:49.342 I/AnebProbe(22981): ADAPTER_EVT type=content cls=android.widget.EditText desc=null txt_len=46 pkg=com.larus.nova t_boot_ns=640638373453550
08-30 11:57:49.360 I/AnebProbe(22981): ADAPTER_EVT type=content cls=android.view.ViewGroup desc=null txt_len=0 pkg=com.larus.nova t_boot_ns=640638391708758
08-30 11:57:49.361 I/AnebProbe(22981): ADAPTER_EVT type=content cls=android.widget.EditText desc=null txt_len=47 pkg=com.larus.nova t_boot_ns=640638392386883
08-30 11:57:49.371 I/AnebProbe(22981): ADAPTER_EVT type=content cls=android.view.ViewGroup desc=null txt_len=0 pkg=com.larus.nova t_boot_ns=640638402358237
08-30 11:57:49.371 I/AnebProbe(22981): ADAPTER_EVT type=content cls=android.widget.EditText desc=null txt_len=48 pkg=com.larus.nova t_boot_ns=640638402541050
08-30 11:57:49.376 I/AnebProbe(22981): ADAPTER_EVT type=content cls=android.widget.EditText desc=null txt_len=49 pkg=com.larus.nova t_boot_ns=640638407397820
08-30 11:57:49.388 I/AnebProbe(22981): ADAPTER_EVT type=content cls=android.view.ViewGroup desc=null txt_len=0 pkg=com.larus.nova t_boot_ns=640638419970737
08-30 11:57:49.388 I/AnebProbe(22981): ADAPTER_EVT type=content cls=android.widget.EditText desc=null txt_len=50 pkg=com.larus.nova t_boot_ns=640638420142091
08-30 11:57:49.394 I/AnebProbe(22981): ADAPTER_EVT type=content cls=android.widget.EditText desc=null txt_len=51 pkg=com.larus.nova t_boot_ns=640638425248341
08-30 11:57:49.406 I/AnebProbe(22981): ADAPTER_EVT type=content cls=android.view.ViewGroup desc=null txt_len=0 pkg=com.larus.nova t_boot_ns=640638437969175
08-30 11:57:49.406 I/AnebProbe(22981): ADAPTER_EVT type=content cls=android.widget.EditText desc=null txt_len=52 pkg=com.larus.nova t_boot_ns=640638438128029
08-30 11:57:49.419 I/AnebProbe(22981): ADAPTER_EVT type=content cls=android.view.ViewGroup desc=null txt_len=0 pkg=com.larus.nova t_boot_ns=640638450320216
08-30 11:57:49.419 I/AnebProbe(22981): ADAPTER_EVT type=content cls=android.widget.EditText desc=null txt_len=53 pkg=com.larus.nova t_boot_ns=640638450526987
08-30 11:57:49.424 I/AnebProbe(22981): ADAPTER_EVT type=content cls=android.widget.EditText desc=null txt_len=54 pkg=com.larus.nova t_boot_ns=640638455285841
08-30 11:57:49.438 I/AnebProbe(22981): ADAPTER_EVT type=content cls=android.view.ViewGroup desc=null txt_len=0 pkg=com.larus.nova t_boot_ns=640638470101466
08-30 11:57:49.439 I/AnebProbe(22981): ADAPTER_EVT type=content cls=android.widget.EditText desc=null txt_len=55 pkg=com.larus.nova t_boot_ns=640638470258758
08-30 11:57:49.452 I/AnebProbe(22981): ADAPTER_EVT type=content cls=android.view.ViewGroup desc=null txt_len=0 pkg=com.larus.nova t_boot_ns=640638483039487
08-30 11:57:49.452 I/AnebProbe(22981): ADAPTER_EVT type=content cls=android.widget.EditText desc=null txt_len=56 pkg=com.larus.nova t_boot_ns=640638483317612
08-30 11:57:49.457 I/AnebProbe(22981): ADAPTER_EVT type=content cls=android.widget.EditText desc=null txt_len=57 pkg=com.larus.nova t_boot_ns=640638488378029
08-30 11:57:49.470 I/AnebProbe(22981): ADAPTER_EVT type=content cls=android.view.ViewGroup desc=null txt_len=0 pkg=com.larus.nova t_boot_ns=640638501377508
08-30 11:57:49.470 I/AnebProbe(22981): ADAPTER_EVT type=content cls=android.widget.EditText desc=null txt_len=58 pkg=com.larus.nova t_boot_ns=640638501530633
08-30 11:57:49.475 I/AnebProbe(22981): ADAPTER_EVT type=content cls=android.widget.EditText desc=null txt_len=59 pkg=com.larus.nova t_boot_ns=640638506600425
08-30 11:57:49.488 I/AnebProbe(22981): ADAPTER_EVT type=content cls=android.view.ViewGroup desc=null txt_len=0 pkg=com.larus.nova t_boot_ns=640638518987404
08-30 11:57:49.488 I/AnebProbe(22981): ADAPTER_EVT type=content cls=android.widget.EditText desc=null txt_len=60 pkg=com.larus.nova t_boot_ns=640638519311883
08-30 11:57:49.493 I/AnebProbe(22981): ADAPTER_EVT type=content cls=android.widget.EditText desc=null txt_len=61 pkg=com.larus.nova t_boot_ns=640638524710320
08-30 11:57:49.506 I/AnebProbe(22981): ADAPTER_EVT type=content cls=android.view.ViewGroup desc=null txt_len=0 pkg=com.larus.nova t_boot_ns=640638537525425
08-30 11:57:49.506 I/AnebProbe(22981): ADAPTER_EVT type=content cls=android.widget.EditText desc=null txt_len=62 pkg=com.larus.nova t_boot_ns=640638537707716
08-30 11:57:49.518 I/AnebProbe(22981): ADAPTER_EVT type=content cls=android.view.ViewGroup desc=null txt_len=0 pkg=com.larus.nova t_boot_ns=640638549838445
08-30 11:57:49.519 I/AnebProbe(22981): ADAPTER_EVT type=content cls=android.widget.EditText desc=null txt_len=63 pkg=com.larus.nova t_boot_ns=640638550421258
08-30 11:57:49.524 I/AnebProbe(22981): ADAPTER_EVT type=content cls=android.widget.EditText desc=null txt_len=64 pkg=com.larus.nova t_boot_ns=640638555518654
08-30 11:57:49.536 I/AnebProbe(22981): ADAPTER_EVT type=content cls=android.view.ViewGroup desc=null txt_len=0 pkg=com.larus.nova t_boot_ns=640638567744695
08-30 11:57:49.536 I/AnebProbe(22981): ADAPTER_EVT type=content cls=android.widget.EditText desc=null txt_len=65 pkg=com.larus.nova t_boot_ns=640638567920216
08-30 11:57:49.541 I/AnebProbe(22981): ADAPTER_EVT type=content cls=android.widget.EditText desc=null txt_len=66 pkg=com.larus.nova t_boot_ns=640638572826466
08-30 11:57:49.553 I/AnebProbe(22981): ADAPTER_EVT type=content cls=android.view.ViewGroup desc=null txt_len=0 pkg=com.larus.nova t_boot_ns=640638584971779
08-30 11:57:49.554 I/AnebProbe(22981): ADAPTER_EVT type=content cls=android.widget.EditText desc=null txt_len=67 pkg=com.larus.nova t_boot_ns=640638585564487
08-30 11:57:49.559 I/AnebProbe(22981): ADAPTER_EVT type=content cls=android.widget.EditText desc=null txt_len=68 pkg=com.larus.nova t_boot_ns=640638590093133
08-30 11:57:49.571 I/AnebProbe(22981): ADAPTER_EVT type=content cls=android.view.ViewGroup desc=null txt_len=0 pkg=com.larus.nova t_boot_ns=640638602491050
08-30 11:57:49.571 I/AnebProbe(22981): ADAPTER_EVT type=content cls=android.widget.EditText desc=null txt_len=69 pkg=com.larus.nova t_boot_ns=640638602655633
08-30 11:57:49.576 I/AnebProbe(22981): ADAPTER_EVT type=content cls=android.widget.EditText desc=null txt_len=70 pkg=com.larus.nova t_boot_ns=640638607432716
08-30 11:57:49.588 I/AnebProbe(22981): ADAPTER_EVT type=content cls=android.view.ViewGroup desc=null txt_len=0 pkg=com.larus.nova t_boot_ns=640638619749383
08-30 11:57:49.588 I/AnebProbe(22981): ADAPTER_EVT type=content cls=android.widget.EditText desc=null txt_len=71 pkg=com.larus.nova t_boot_ns=640638619929070
08-30 11:57:49.601 I/AnebProbe(22981): ADAPTER_EVT type=content cls=android.view.ViewGroup desc=null txt_len=0 pkg=com.larus.nova t_boot_ns=640638632540529
08-30 11:57:49.601 I/AnebProbe(22981): ADAPTER_EVT type=content cls=android.widget.EditText desc=null txt_len=72 pkg=com.larus.nova t_boot_ns=640638632722300
08-30 11:57:49.606 I/AnebProbe(22981): ADAPTER_EVT type=content cls=android.widget.EditText desc=null txt_len=73 pkg=com.larus.nova t_boot_ns=640638637935320
08-30 11:57:49.620 I/AnebProbe(22981): ADAPTER_EVT type=content cls=android.view.ViewGroup desc=null txt_len=0 pkg=com.larus.nova t_boot_ns=640638651579591
08-30 11:57:49.620 I/AnebProbe(22981): ADAPTER_EVT type=content cls=android.widget.EditText desc=null txt_len=74 pkg=com.larus.nova t_boot_ns=640638651751987
08-30 11:57:49.635 I/AnebProbe(22981): ADAPTER_EVT type=content cls=android.view.ViewGroup desc=null txt_len=0 pkg=com.larus.nova t_boot_ns=640638666562925
08-30 11:57:49.635 I/AnebProbe(22981): ADAPTER_EVT type=content cls=android.widget.EditText desc=null txt_len=75 pkg=com.larus.nova t_boot_ns=640638666725425
08-30 11:57:49.640 I/AnebProbe(22981): ADAPTER_EVT type=content cls=android.widget.EditText desc=null txt_len=76 pkg=com.larus.nova t_boot_ns=640638671816570
08-30 11:57:49.653 I/AnebProbe(22981): ADAPTER_EVT type=content cls=android.view.ViewGroup desc=null txt_len=0 pkg=com.larus.nova t_boot_ns=640638684255112
08-30 11:57:49.653 I/AnebProbe(22981): ADAPTER_EVT type=content cls=android.widget.EditText desc=null txt_len=77 pkg=com.larus.nova t_boot_ns=640638684451987
08-30 11:57:49.655 I/AnebProbe(22981): ADAPTER_EVT type=content cls=android.view.ViewGroup desc=null txt_len=0 pkg=com.larus.nova t_boot_ns=640638686316050
08-30 11:57:49.658 I/AnebProbe(22981): ADAPTER_EVT type=content cls=android.widget.EditText desc=null txt_len=78 pkg=com.larus.nova t_boot_ns=640638689518133
08-30 11:57:49.672 I/AnebProbe(22981): ADAPTER_EVT type=content cls=android.view.ViewGroup desc=null txt_len=0 pkg=com.larus.nova t_boot_ns=640638703166050
08-30 11:57:49.672 I/AnebProbe(22981): ADAPTER_EVT type=content cls=android.widget.EditText desc=null txt_len=79 pkg=com.larus.nova t_boot_ns=640638703360841
08-30 11:57:49.685 I/AnebProbe(22981): ADAPTER_EVT type=content cls=android.view.ViewGroup desc=null txt_len=0 pkg=com.larus.nova t_boot_ns=640638716785841
08-30 11:57:49.685 I/AnebProbe(22981): ADAPTER_EVT type=content cls=android.widget.EditText desc=null txt_len=80 pkg=com.larus.nova t_boot_ns=640638716949904
08-30 11:57:49.701 I/AnebProbe(22981): ADAPTER_EVT type=content cls=android.view.ViewGroup desc=null txt_len=0 pkg=com.larus.nova t_boot_ns=640638732742091
08-30 11:57:49.702 I/AnebProbe(22981): ADAPTER_EVT type=content cls=android.widget.EditText desc=null txt_len=81 pkg=com.larus.nova t_boot_ns=640638733180633
08-30 11:57:49.816 I/AnebProbe(22981): ADAPTER_EVT type=content cls=android.view.ViewGroup desc=null txt_len=0 pkg=com.larus.nova t_boot_ns=640638847375425
08-30 11:57:49.932 I/AnebProbe(22981): ADAPTER_EVT type=content cls=android.view.ViewGroup desc=null txt_len=0 pkg=com.larus.nova t_boot_ns=640638963467091
08-30 11:57:50.036 I/AnebProbe(22981): ADAPTER_EVT type=content cls=android.view.ViewGroup desc=null txt_len=0 pkg=com.larus.nova t_boot_ns=640639067609799
08-30 11:57:50.147 I/AnebProbe(22981): ADAPTER_EVT type=content cls=android.view.ViewGroup desc=null txt_len=0 pkg=com.larus.nova t_boot_ns=640639177940008
08-30 11:57:50.250 I/AnebProbe(22981): ADAPTER_EVT type=content cls=android.view.ViewGroup desc=null txt_len=0 pkg=com.larus.nova t_boot_ns=640639281755633
08-30 11:57:50.354 I/AnebProbe(22981): ADAPTER_EVT type=content cls=android.view.ViewGroup desc=null txt_len=0 pkg=com.larus.nova t_boot_ns=640639385550424
08-30 11:57:50.466 I/AnebProbe(22981): ADAPTER_EVT type=content cls=android.view.ViewGroup desc=null txt_len=0 pkg=com.larus.nova t_boot_ns=640639497024904
08-30 11:57:50.586 I/AnebProbe(22981): ADAPTER_EVT type=content cls=android.view.ViewGroup desc=null txt_len=0 pkg=com.larus.nova t_boot_ns=640639617601466
08-30 11:57:50.701 I/AnebProbe(22981): ADAPTER_EVT type=content cls=android.view.ViewGroup desc=null txt_len=0 pkg=com.larus.nova t_boot_ns=640639732576987
08-30 11:57:50.806 I/AnebProbe(22981): ADAPTER_EVT type=content cls=android.view.ViewGroup desc=null txt_len=0 pkg=com.larus.nova t_boot_ns=640639836750945
08-30 11:57:50.912 I/AnebProbe(22981): ADAPTER_EVT type=content cls=android.view.ViewGroup desc=null txt_len=0 pkg=com.larus.nova t_boot_ns=640639943776466
08-30 11:57:51.018 I/AnebProbe(22981): ADAPTER_EVT type=content cls=android.view.ViewGroup desc=null txt_len=0 pkg=com.larus.nova t_boot_ns=640640048760320
08-30 11:57:51.129 I/AnebProbe(22981): ADAPTER_EVT type=content cls=android.view.ViewGroup desc=null txt_len=0 pkg=com.larus.nova t_boot_ns=640640160501466
08-30 11:57:51.234 I/AnebProbe(22981): ADAPTER_EVT type=content cls=android.view.ViewGroup desc=null txt_len=0 pkg=com.larus.nova t_boot_ns=640640264963966
08-30 11:57:51.333 I/AnebProbe(22981): ADAPTER_EVT type=content cls=android.view.ViewGroup desc=null txt_len=0 pkg=com.larus.nova t_boot_ns=640640364170737
08-30 11:57:51.444 I/AnebProbe(22981): ADAPTER_EVT type=content cls=android.view.ViewGroup desc=null txt_len=0 pkg=com.larus.nova t_boot_ns=640640474737924
08-30 11:57:51.547 I/AnebProbe(22981): ADAPTER_EVT type=content cls=android.view.ViewGroup desc=null txt_len=0 pkg=com.larus.nova t_boot_ns=640640578137403
08-30 11:57:51.654 I/AnebProbe(22981): ADAPTER_EVT type=content cls=android.view.ViewGroup desc=null txt_len=0 pkg=com.larus.nova t_boot_ns=640640685897820
08-30 11:57:51.712 I/AnebE4MARK(17463): E4MARK kind=turn_start n=6
08-30 11:57:51.759 I/AnebProbe(22981): ADAPTER_EVT type=content cls=android.view.ViewGroup desc=null txt_len=0 pkg=com.larus.nova t_boot_ns=640640789897299
08-30 11:57:51.842 I/AnebProbe(22981): ADAPTER_EVT type=content cls=android.view.ViewGroup desc=null txt_len=0 pkg=com.larus.nova t_boot_ns=640640874045216
08-30 11:57:51.868 I/AnebProbe(22981): ADAPTER_EVT type=content cls=android.view.ViewGroup desc=null txt_len=0 pkg=com.larus.nova t_boot_ns=640640900006674
08-30 11:57:51.976 I/AnebProbe(22981): ADAPTER_EVT type=content cls=android.view.ViewGroup desc=null txt_len=0 pkg=com.larus.nova t_boot_ns=640641008030633
08-30 11:57:52.230 I/AnebProbe(22981): ADAPTER_EVT type=content cls=androidx.drawerlayout.widget.DrawerLayout desc=null txt_len=0 pkg=com.larus.nova t_boot_ns=640641261641049
08-30 11:57:52.330 I/AnebProbe(22981): ADAPTER_EVT type=content cls=androidx.drawerlayout.widget.DrawerLayout desc=null txt_len=0 pkg=com.larus.nova t_boot_ns=640641361741049
08-30 11:57:52.667 I/AnebProbe(22981): ADAPTER_EVT type=content cls=androidx.drawerlayout.widget.DrawerLayout desc=null txt_len=0 pkg=com.larus.nova t_boot_ns=640641698516049
08-30 11:57:52.668 I/AnebProbe(22981): ADAPTER_OBS pkg=com.larus.nova mode=doubao events=2085 rule_matched=785 first_delta_ms=0 cadence_p50_ms=23.1 session_span_ms=465372.4 confidence=LOW/INCONCLUSIVE reason=throttle ttft_send_ms=null anchor_source=null ttft_cluster_ms=null ttft_density_ms=null
08-30 11:57:52.862 I/AnebProbe(22981): ADAPTER_EVT type=content cls=androidx.drawerlayout.widget.DrawerLayout desc=null txt_len=0 pkg=com.larus.nova t_boot_ns=640641892837403
08-30 11:57:52.961 I/AnebProbe(22981): ADAPTER_EVT type=content cls=androidx.drawerlayout.widget.DrawerLayout desc=null txt_len=0 pkg=com.larus.nova t_boot_ns=640641992042091
08-30 11:57:53.065 I/AnebProbe(22981): ADAPTER_EVT type=content cls=android.widget.TextView desc=null txt_len=0 pkg=com.larus.nova t_boot_ns=640642095919695
08-30 11:57:53.331 I/AnebProbe(22981): ADAPTER_EVT type=content cls=androidx.recyclerview.widget.RecyclerView desc=null txt_len=0 pkg=com.larus.nova t_boot_ns=640642362460841
08-30 11:57:53.428 I/AnebProbe(22981): ADAPTER_EVT type=content cls=androidx.recyclerview.widget.RecyclerView desc=null txt_len=0 pkg=com.larus.nova t_boot_ns=640642459102507
08-30 11:57:53.707 I/AnebProbe(22981): ADAPTER_EVT type=content cls=androidx.drawerlayout.widget.DrawerLayout desc=null txt_len=0 pkg=com.larus.nova t_boot_ns=640642738041049
08-30 11:57:53.824 I/AnebProbe(22981): ADAPTER_EVT type=content cls=androidx.drawerlayout.widget.DrawerLayout desc=null txt_len=0 pkg=com.larus.nova t_boot_ns=640642855234799
08-30 11:57:54.002 I/AnebProbe(22981): ADAPTER_EVT type=content cls=androidx.recyclerview.widget.RecyclerView desc=null txt_len=0 pkg=com.larus.nova t_boot_ns=640643033090007
08-30 11:57:54.099 I/AnebProbe(22981): ADAPTER_EVT type=content cls=androidx.recyclerview.widget.RecyclerView desc=null txt_len=0 pkg=com.larus.nova t_boot_ns=640643130523861
08-30 11:57:54.225 I/AnebProbe(22981): ADAPTER_EVT type=content cls=androidx.recyclerview.widget.RecyclerView desc=null txt_len=0 pkg=com.larus.nova t_boot_ns=640643256360841
08-30 11:57:54.343 I/AnebProbe(22981): ADAPTER_EVT type=content cls=androidx.drawerlayout.widget.DrawerLayout desc=null txt_len=0 pkg=com.larus.nova t_boot_ns=640643373899903
08-30 11:57:54.442 I/AnebProbe(22981): ADAPTER_EVT type=content cls=androidx.drawerlayout.widget.DrawerLayout desc=null txt_len=0 pkg=com.larus.nova t_boot_ns=640643473828549
08-30 11:57:54.542 I/AnebProbe(22981): ADAPTER_EVT type=content cls=androidx.recyclerview.widget.RecyclerView desc=null txt_len=0 pkg=com.larus.nova t_boot_ns=640643573604590
08-30 11:57:54.651 I/AnebProbe(22981): ADAPTER_EVT type=content cls=androidx.recyclerview.widget.RecyclerView desc=null txt_len=0 pkg=com.larus.nova t_boot_ns=640643682281153
08-30 11:57:54.776 I/AnebProbe(22981): ADAPTER_EVT type=content cls=androidx.drawerlayout.widget.DrawerLayout desc=null txt_len=0 pkg=com.larus.nova t_boot_ns=640643807271778
08-30 11:57:54.883 I/AnebProbe(22981): ADAPTER_EVT type=content cls=androidx.recyclerview.widget.RecyclerView desc=null txt_len=0 pkg=com.larus.nova t_boot_ns=640643914201465
08-30 11:57:54.995 I/AnebProbe(22981): ADAPTER_EVT type=content cls=androidx.recyclerview.widget.RecyclerView desc=null txt_len=0 pkg=com.larus.nova t_boot_ns=640644025906674
08-30 11:57:55.095 I/AnebProbe(22981): ADAPTER_EVT type=content cls=androidx.recyclerview.widget.RecyclerView desc=null txt_len=0 pkg=com.larus.nova t_boot_ns=640644126303549
08-30 11:57:55.211 I/AnebProbe(22981): ADAPTER_EVT type=content cls=androidx.recyclerview.widget.RecyclerView desc=null txt_len=0 pkg=com.larus.nova t_boot_ns=640644242350424
08-30 11:57:55.324 I/AnebProbe(22981): ADAPTER_EVT type=content cls=androidx.recyclerview.widget.RecyclerView desc=null txt_len=0 pkg=com.larus.nova t_boot_ns=640644355591570
08-30 11:57:55.429 I/AnebProbe(22981): ADAPTER_EVT type=content cls=androidx.recyclerview.widget.RecyclerView desc=null txt_len=0 pkg=com.larus.nova t_boot_ns=640644460774903
08-30 11:57:55.542 I/AnebProbe(22981): ADAPTER_EVT type=content cls=androidx.recyclerview.widget.RecyclerView desc=null txt_len=0 pkg=com.larus.nova t_boot_ns=640644572923340
08-30 11:57:55.653 I/AnebProbe(22981): ADAPTER_EVT type=content cls=androidx.recyclerview.widget.RecyclerView desc=null txt_len=0 pkg=com.larus.nova t_boot_ns=640644684121257
08-30 11:57:55.753 I/AnebProbe(22981): ADAPTER_EVT type=content cls=androidx.recyclerview.widget.RecyclerView desc=null txt_len=0 pkg=com.larus.nova t_boot_ns=640644784439486
08-30 11:57:55.858 I/AnebProbe(22981): ADAPTER_EVT type=content cls=androidx.recyclerview.widget.RecyclerView desc=null txt_len=0 pkg=com.larus.nova t_boot_ns=640644888968653
08-30 11:57:55.974 I/AnebProbe(22981): ADAPTER_EVT type=content cls=androidx.recyclerview.widget.RecyclerView desc=null txt_len=0 pkg=com.larus.nova t_boot_ns=640645004717090
08-30 11:57:56.087 I/AnebProbe(22981): ADAPTER_EVT type=content cls=androidx.recyclerview.widget.RecyclerView desc=null txt_len=0 pkg=com.larus.nova t_boot_ns=640645118119694
08-30 11:57:56.198 I/AnebProbe(22981): ADAPTER_EVT type=content cls=androidx.recyclerview.widget.RecyclerView desc=null txt_len=0 pkg=com.larus.nova t_boot_ns=640645229469174
08-30 11:57:56.300 I/AnebProbe(22981): ADAPTER_EVT type=content cls=androidx.recyclerview.widget.RecyclerView desc=null txt_len=0 pkg=com.larus.nova t_boot_ns=640645331654069
08-30 11:57:56.407 I/AnebProbe(22981): ADAPTER_EVT type=content cls=androidx.recyclerview.widget.RecyclerView desc=null txt_len=0 pkg=com.larus.nova t_boot_ns=640645438066049
08-30 11:57:56.524 I/AnebProbe(22981): ADAPTER_EVT type=content cls=androidx.recyclerview.widget.RecyclerView desc=null txt_len=0 pkg=com.larus.nova t_boot_ns=640645555340528
08-30 11:57:56.631 I/AnebProbe(22981): ADAPTER_EVT type=content cls=androidx.recyclerview.widget.RecyclerView desc=null txt_len=0 pkg=com.larus.nova t_boot_ns=640645662808757
08-30 11:57:56.739 I/AnebProbe(22981): ADAPTER_EVT type=content cls=androidx.recyclerview.widget.RecyclerView desc=null txt_len=0 pkg=com.larus.nova t_boot_ns=640645770853028
08-30 11:57:56.840 I/AnebProbe(22981): ADAPTER_EVT type=content cls=androidx.recyclerview.widget.RecyclerView desc=null txt_len=0 pkg=com.larus.nova t_boot_ns=640645871811361
08-30 11:57:56.949 I/AnebProbe(22981): ADAPTER_EVT type=content cls=androidx.recyclerview.widget.RecyclerView desc=null txt_len=0 pkg=com.larus.nova t_boot_ns=640645980057194
08-30 11:57:57.053 I/AnebProbe(22981): ADAPTER_EVT type=content cls=android.view.ViewGroup desc=null txt_len=0 pkg=com.larus.nova t_boot_ns=640646084111882
08-30 11:57:57.152 I/AnebProbe(22981): ADAPTER_EVT type=content cls=android.view.ViewGroup desc=null txt_len=0 pkg=com.larus.nova t_boot_ns=640646183754590
08-30 11:57:57.278 I/AnebProbe(22981): ADAPTER_EVT type=content cls=android.view.ViewGroup desc=null txt_len=0 pkg=com.larus.nova t_boot_ns=640646308925423
08-30 11:57:57.378 I/AnebProbe(22981): ADAPTER_EVT type=content cls=android.view.ViewGroup desc=null txt_len=0 pkg=com.larus.nova t_boot_ns=640646408725944
08-30 11:57:57.515 I/AnebProbe(22981): ADAPTER_EVT type=content cls=androidx.recyclerview.widget.RecyclerView desc=null txt_len=0 pkg=com.larus.nova t_boot_ns=640646545616569
08-30 11:57:57.614 I/AnebProbe(22981): ADAPTER_EVT type=content cls=androidx.recyclerview.widget.RecyclerView desc=null txt_len=0 pkg=com.larus.nova t_boot_ns=640646645750423
08-30 11:57:57.851 I/AnebProbe(22981): ADAPTER_EVT type=content cls=androidx.recyclerview.widget.RecyclerView desc=null txt_len=0 pkg=com.larus.nova t_boot_ns=640646882418652
08-30 11:57:57.854 I/AnebProbe(22981): ADAPTER_OBS pkg=com.larus.nova mode=doubao events=2127 rule_matched=816 first_delta_ms=0 cadence_p50_ms=23.1 session_span_ms=470556.3 confidence=LOW/INCONCLUSIVE reason=throttle ttft_send_ms=null anchor_source=null ttft_cluster_ms=null ttft_density_ms=null
08-30 11:57:57.961 I/AnebProbe(22981): ADAPTER_EVT type=content cls=androidx.recyclerview.widget.RecyclerView desc=null txt_len=0 pkg=com.larus.nova t_boot_ns=640646991615527
08-30 11:57:58.068 I/AnebProbe(22981): ADAPTER_EVT type=content cls=androidx.recyclerview.widget.RecyclerView desc=null txt_len=0 pkg=com.larus.nova t_boot_ns=640647099676986
08-30 11:57:58.170 I/AnebProbe(22981): ADAPTER_EVT type=content cls=androidx.recyclerview.widget.RecyclerView desc=null txt_len=0 pkg=com.larus.nova t_boot_ns=640647200810840
08-30 11:57:58.298 I/AnebProbe(22981): ADAPTER_EVT type=content cls=androidx.recyclerview.widget.RecyclerView desc=null txt_len=0 pkg=com.larus.nova t_boot_ns=640647329223340
08-30 11:57:58.410 I/AnebProbe(22981): ADAPTER_EVT type=content cls=androidx.recyclerview.widget.RecyclerView desc=null txt_len=0 pkg=com.larus.nova t_boot_ns=640647441048861
08-30 11:57:58.510 I/AnebProbe(22981): ADAPTER_EVT type=content cls=androidx.recyclerview.widget.RecyclerView desc=null txt_len=0 pkg=com.larus.nova t_boot_ns=640647541373861
08-30 11:57:58.627 I/AnebProbe(22981): ADAPTER_EVT type=content cls=androidx.recyclerview.widget.RecyclerView desc=null txt_len=0 pkg=com.larus.nova t_boot_ns=640647658046777
08-30 11:57:58.734 I/AnebProbe(22981): ADAPTER_EVT type=content cls=androidx.recyclerview.widget.RecyclerView desc=null txt_len=0 pkg=com.larus.nova t_boot_ns=640647765610840
08-30 11:57:58.845 I/AnebProbe(22981): ADAPTER_EVT type=content cls=androidx.recyclerview.widget.RecyclerView desc=null txt_len=0 pkg=com.larus.nova t_boot_ns=640647876694173
08-30 11:57:58.956 I/AnebProbe(22981): ADAPTER_EVT type=content cls=androidx.recyclerview.widget.RecyclerView desc=null txt_len=0 pkg=com.larus.nova t_boot_ns=640647987664486
08-30 11:57:59.064 I/AnebProbe(22981): ADAPTER_EVT type=content cls=androidx.recyclerview.widget.RecyclerView desc=null txt_len=0 pkg=com.larus.nova t_boot_ns=640648095470215
08-30 11:57:59.163 I/AnebProbe(22981): ADAPTER_EVT type=content cls=androidx.recyclerview.widget.RecyclerView desc=null txt_len=0 pkg=com.larus.nova t_boot_ns=640648194349902
08-30 11:57:59.275 I/AnebProbe(22981): ADAPTER_EVT type=content cls=androidx.recyclerview.widget.RecyclerView desc=null txt_len=0 pkg=com.larus.nova t_boot_ns=640648305878548
08-30 11:57:59.387 I/AnebProbe(22981): ADAPTER_EVT type=content cls=androidx.recyclerview.widget.RecyclerView desc=null txt_len=0 pkg=com.larus.nova t_boot_ns=640648418429590
08-30 11:57:59.499 I/AnebProbe(22981): ADAPTER_EVT type=content cls=androidx.recyclerview.widget.RecyclerView desc=null txt_len=0 pkg=com.larus.nova t_boot_ns=640648530162923
08-30 11:57:59.598 I/AnebProbe(22981): ADAPTER_EVT type=content cls=androidx.recyclerview.widget.RecyclerView desc=null txt_len=0 pkg=com.larus.nova t_boot_ns=640648629442090
08-30 11:57:59.719 I/AnebProbe(22981): ADAPTER_EVT type=content cls=androidx.recyclerview.widget.RecyclerView desc=null txt_len=0 pkg=com.larus.nova t_boot_ns=640648750189486
08-30 11:57:59.818 I/AnebProbe(22981): ADAPTER_EVT type=content cls=androidx.recyclerview.widget.RecyclerView desc=null txt_len=0 pkg=com.larus.nova t_boot_ns=640648849830111
08-30 11:57:59.927 I/AnebProbe(22981): ADAPTER_EVT type=content cls=androidx.recyclerview.widget.RecyclerView desc=null txt_len=0 pkg=com.larus.nova t_boot_ns=640648958598860
08-30 11:58:00.027 I/AnebProbe(22981): ADAPTER_EVT type=content cls=androidx.recyclerview.widget.RecyclerView desc=null txt_len=0 pkg=com.larus.nova t_boot_ns=640649058519173
08-30 11:58:00.135 I/AnebProbe(22981): ADAPTER_EVT type=content cls=androidx.recyclerview.widget.RecyclerView desc=null txt_len=0 pkg=com.larus.nova t_boot_ns=640649166787923
08-30 11:58:00.250 I/AnebProbe(22981): ADAPTER_EVT type=content cls=androidx.recyclerview.widget.RecyclerView desc=null txt_len=0 pkg=com.larus.nova t_boot_ns=640649281099381
08-30 11:58:00.351 I/AnebProbe(22981): ADAPTER_EVT type=content cls=androidx.recyclerview.widget.RecyclerView desc=null txt_len=0 pkg=com.larus.nova t_boot_ns=640649381827506
08-30 11:58:00.466 I/AnebProbe(22981): ADAPTER_EVT type=content cls=androidx.recyclerview.widget.RecyclerView desc=null txt_len=0 pkg=com.larus.nova t_boot_ns=640649497650944
08-30 11:58:00.572 I/AnebProbe(22981): ADAPTER_EVT type=content cls=androidx.recyclerview.widget.RecyclerView desc=null txt_len=0 pkg=com.larus.nova t_boot_ns=640649603611881
08-30 11:58:00.679 I/AnebProbe(22981): ADAPTER_EVT type=content cls=androidx.recyclerview.widget.RecyclerView desc=null txt_len=0 pkg=com.larus.nova t_boot_ns=640649710015527
08-30 11:58:00.782 I/AnebProbe(22981): ADAPTER_EVT type=content cls=androidx.recyclerview.widget.RecyclerView desc=null txt_len=0 pkg=com.larus.nova t_boot_ns=640649812781673
08-30 11:58:00.897 I/AnebProbe(22981): ADAPTER_EVT type=content cls=androidx.recyclerview.widget.RecyclerView desc=null txt_len=0 pkg=com.larus.nova t_boot_ns=640649928170735
08-30 11:58:01.000 I/AnebProbe(22981): ADAPTER_EVT type=content cls=androidx.recyclerview.widget.RecyclerView desc=null txt_len=0 pkg=com.larus.nova t_boot_ns=640650030795214
08-30 11:58:01.114 I/AnebProbe(22981): ADAPTER_EVT type=content cls=androidx.recyclerview.widget.RecyclerView desc=null txt_len=0 pkg=com.larus.nova t_boot_ns=640650144887923
08-30 11:58:01.229 I/AnebProbe(22981): ADAPTER_EVT type=content cls=androidx.recyclerview.widget.RecyclerView desc=null txt_len=0 pkg=com.larus.nova t_boot_ns=640650259969173
08-30 11:58:01.346 I/AnebProbe(22981): ADAPTER_EVT type=content cls=androidx.recyclerview.widget.RecyclerView desc=null txt_len=0 pkg=com.larus.nova t_boot_ns=640650377031152
08-30 11:58:01.467 I/AnebProbe(22981): ADAPTER_EVT type=content cls=androidx.recyclerview.widget.RecyclerView desc=null txt_len=0 pkg=com.larus.nova t_boot_ns=640650498765527
08-30 11:58:01.572 I/AnebProbe(22981): ADAPTER_EVT type=content cls=androidx.recyclerview.widget.RecyclerView desc=null txt_len=0 pkg=com.larus.nova t_boot_ns=640650603434798
08-30 11:58:01.672 I/AnebProbe(22981): ADAPTER_EVT type=content cls=androidx.recyclerview.widget.RecyclerView desc=null txt_len=0 pkg=com.larus.nova t_boot_ns=640650703245735
08-30 11:58:01.782 I/AnebProbe(22981): ADAPTER_EVT type=content cls=androidx.recyclerview.widget.RecyclerView desc=null txt_len=0 pkg=com.larus.nova t_boot_ns=640650813044694
08-30 11:58:01.893 I/AnebProbe(22981): ADAPTER_EVT type=content cls=androidx.recyclerview.widget.RecyclerView desc=null txt_len=0 pkg=com.larus.nova t_boot_ns=640650924293652
08-30 11:58:01.995 I/AnebProbe(22981): ADAPTER_EVT type=content cls=androidx.recyclerview.widget.RecyclerView desc=null txt_len=0 pkg=com.larus.nova t_boot_ns=640651026666569
08-30 11:58:02.131 I/AnebProbe(22981): ADAPTER_EVT type=content cls=androidx.recyclerview.widget.RecyclerView desc=null txt_len=0 pkg=com.larus.nova t_boot_ns=640651162084798
08-30 11:58:02.239 I/AnebProbe(22981): ADAPTER_EVT type=content cls=androidx.recyclerview.widget.RecyclerView desc=null txt_len=0 pkg=com.larus.nova t_boot_ns=640651270746256
08-30 11:58:02.347 I/AnebProbe(22981): ADAPTER_EVT type=content cls=androidx.recyclerview.widget.RecyclerView desc=null txt_len=0 pkg=com.larus.nova t_boot_ns=640651377853027
08-30 11:58:02.454 I/AnebProbe(22981): ADAPTER_EVT type=content cls=androidx.recyclerview.widget.RecyclerView desc=null txt_len=0 pkg=com.larus.nova t_boot_ns=640651485293131
08-30 11:58:02.555 I/AnebProbe(22981): ADAPTER_EVT type=content cls=androidx.recyclerview.widget.RecyclerView desc=null txt_len=0 pkg=com.larus.nova t_boot_ns=640651586458235
08-30 11:58:02.662 I/AnebProbe(22981): ADAPTER_EVT type=content cls=androidx.recyclerview.widget.RecyclerView desc=null txt_len=0 pkg=com.larus.nova t_boot_ns=640651693109277
08-30 11:58:02.766 I/AnebProbe(22981): ADAPTER_EVT type=content cls=androidx.recyclerview.widget.RecyclerView desc=null txt_len=0 pkg=com.larus.nova t_boot_ns=640651797817610
08-30 11:58:02.874 I/AnebProbe(22981): ADAPTER_EVT type=content cls=androidx.recyclerview.widget.RecyclerView desc=null txt_len=0 pkg=com.larus.nova t_boot_ns=640651904838964
08-30 11:58:02.875 I/AnebProbe(22981): ADAPTER_OBS pkg=com.larus.nova mode=doubao events=2173 rule_matched=862 first_delta_ms=0 cadence_p50_ms=23.2 session_span_ms=475578.7 confidence=LOW/INCONCLUSIVE reason=throttle ttft_send_ms=null anchor_source=null ttft_cluster_ms=null ttft_density_ms=null
08-30 11:58:02.991 I/AnebProbe(22981): ADAPTER_EVT type=content cls=androidx.recyclerview.widget.RecyclerView desc=null txt_len=0 pkg=com.larus.nova t_boot_ns=640652022095735
08-30 11:58:03.105 I/AnebProbe(22981): ADAPTER_EVT type=content cls=androidx.recyclerview.widget.RecyclerView desc=null txt_len=0 pkg=com.larus.nova t_boot_ns=640652136145735
08-30 11:58:03.220 I/AnebProbe(22981): ADAPTER_EVT type=content cls=androidx.recyclerview.widget.RecyclerView desc=null txt_len=0 pkg=com.larus.nova t_boot_ns=640652251040006
08-30 11:58:03.334 I/AnebProbe(22981): ADAPTER_EVT type=content cls=androidx.recyclerview.widget.RecyclerView desc=null txt_len=0 pkg=com.larus.nova t_boot_ns=640652365287922
08-30 11:58:03.452 I/AnebProbe(22981): ADAPTER_EVT type=content cls=androidx.recyclerview.widget.RecyclerView desc=null txt_len=0 pkg=com.larus.nova t_boot_ns=640652483169172
08-30 11:58:03.557 I/AnebProbe(22981): ADAPTER_EVT type=content cls=androidx.recyclerview.widget.RecyclerView desc=null txt_len=0 pkg=com.larus.nova t_boot_ns=640652588271256
08-30 11:58:03.673 I/AnebProbe(22981): ADAPTER_EVT type=content cls=androidx.recyclerview.widget.RecyclerView desc=null txt_len=0 pkg=com.larus.nova t_boot_ns=640652703534277
08-30 11:58:03.780 I/AnebProbe(22981): ADAPTER_EVT type=content cls=androidx.recyclerview.widget.RecyclerView desc=null txt_len=0 pkg=com.larus.nova t_boot_ns=640652811732714
08-30 11:58:03.882 I/AnebProbe(22981): ADAPTER_EVT type=content cls=androidx.recyclerview.widget.RecyclerView desc=null txt_len=0 pkg=com.larus.nova t_boot_ns=640652912993131
08-30 11:58:03.997 I/AnebProbe(22981): ADAPTER_EVT type=content cls=androidx.recyclerview.widget.RecyclerView desc=null txt_len=0 pkg=com.larus.nova t_boot_ns=640653028654068
08-30 11:58:04.104 I/AnebProbe(22981): ADAPTER_EVT type=content cls=androidx.recyclerview.widget.RecyclerView desc=null txt_len=0 pkg=com.larus.nova t_boot_ns=640653135925422
08-30 11:58:04.211 I/AnebProbe(22981): ADAPTER_EVT type=content cls=androidx.recyclerview.widget.RecyclerView desc=null txt_len=0 pkg=com.larus.nova t_boot_ns=640653242288964
08-30 11:58:04.314 I/AnebProbe(22981): ADAPTER_EVT type=content cls=androidx.recyclerview.widget.RecyclerView desc=null txt_len=0 pkg=com.larus.nova t_boot_ns=640653345435318
08-30 11:58:04.430 I/AnebProbe(22981): ADAPTER_EVT type=content cls=androidx.recyclerview.widget.RecyclerView desc=null txt_len=0 pkg=com.larus.nova t_boot_ns=640653461558756
08-30 11:58:04.570 I/AnebProbe(22981): ADAPTER_EVT type=content cls=androidx.recyclerview.widget.RecyclerView desc=null txt_len=0 pkg=com.larus.nova t_boot_ns=640653600949381
08-30 11:58:04.681 I/AnebProbe(22981): ADAPTER_EVT type=content cls=androidx.recyclerview.widget.RecyclerView desc=null txt_len=0 pkg=com.larus.nova t_boot_ns=640653712501985
08-30 11:58:04.792 I/AnebProbe(22981): ADAPTER_EVT type=content cls=androidx.recyclerview.widget.RecyclerView desc=null txt_len=0 pkg=com.larus.nova t_boot_ns=640653823281151
08-30 11:58:04.893 I/AnebProbe(22981): ADAPTER_EVT type=content cls=androidx.recyclerview.widget.RecyclerView desc=null txt_len=0 pkg=com.larus.nova t_boot_ns=640653924637401
08-30 11:58:05.009 I/AnebProbe(22981): ADAPTER_EVT type=content cls=androidx.recyclerview.widget.RecyclerView desc=null txt_len=0 pkg=com.larus.nova t_boot_ns=640654040105631
08-30 11:58:05.109 I/AnebProbe(22981): ADAPTER_EVT type=content cls=androidx.recyclerview.widget.RecyclerView desc=null txt_len=0 pkg=com.larus.nova t_boot_ns=640654140547297
08-30 11:58:05.233 I/AnebProbe(22981): ADAPTER_EVT type=content cls=androidx.recyclerview.widget.RecyclerView desc=null txt_len=0 pkg=com.larus.nova t_boot_ns=640654264397297
08-30 11:58:05.345 I/AnebProbe(22981): ADAPTER_EVT type=content cls=androidx.recyclerview.widget.RecyclerView desc=null txt_len=0 pkg=com.larus.nova t_boot_ns=640654375994172
08-30 11:58:05.460 I/AnebProbe(22981): ADAPTER_EVT type=content cls=androidx.recyclerview.widget.RecyclerView desc=null txt_len=0 pkg=com.larus.nova t_boot_ns=640654491197818
08-30 11:58:05.572 I/AnebProbe(22981): ADAPTER_EVT type=content cls=androidx.recyclerview.widget.RecyclerView desc=null txt_len=0 pkg=com.larus.nova t_boot_ns=640654603435318
08-30 11:58:05.687 I/AnebProbe(22981): ADAPTER_EVT type=content cls=androidx.recyclerview.widget.RecyclerView desc=null txt_len=0 pkg=com.larus.nova t_boot_ns=640654718711360
08-30 11:58:05.788 I/AnebProbe(22981): ADAPTER_EVT type=content cls=androidx.recyclerview.widget.RecyclerView desc=null txt_len=0 pkg=com.larus.nova t_boot_ns=640654819444693
08-30 11:58:05.904 I/AnebProbe(22981): ADAPTER_EVT type=content cls=androidx.recyclerview.widget.RecyclerView desc=null txt_len=0 pkg=com.larus.nova t_boot_ns=640654935507193
08-30 11:58:06.006 I/AnebProbe(22981): ADAPTER_EVT type=content cls=androidx.recyclerview.widget.RecyclerView desc=null txt_len=0 pkg=com.larus.nova t_boot_ns=640655037508755
08-30 11:58:06.126 I/AnebProbe(22981): ADAPTER_EVT type=content cls=androidx.recyclerview.widget.RecyclerView desc=null txt_len=0 pkg=com.larus.nova t_boot_ns=640655157070735
08-30 11:58:06.238 I/AnebProbe(22981): ADAPTER_EVT type=content cls=androidx.recyclerview.widget.RecyclerView desc=null txt_len=0 pkg=com.larus.nova t_boot_ns=640655269185839
08-30 11:58:06.337 I/AnebProbe(22981): ADAPTER_EVT type=content cls=androidx.recyclerview.widget.RecyclerView desc=null txt_len=0 pkg=com.larus.nova t_boot_ns=640655367846776
08-30 11:58:06.450 I/AnebProbe(22981): ADAPTER_EVT type=content cls=androidx.recyclerview.widget.RecyclerView desc=null txt_len=0 pkg=com.larus.nova t_boot_ns=640655481251984
08-30 11:58:06.569 I/AnebProbe(22981): ADAPTER_EVT type=content cls=androidx.recyclerview.widget.RecyclerView desc=null txt_len=0 pkg=com.larus.nova t_boot_ns=640655600188443
08-30 11:58:06.689 I/AnebProbe(22981): ADAPTER_EVT type=content cls=androidx.recyclerview.widget.RecyclerView desc=null txt_len=0 pkg=com.larus.nova t_boot_ns=640655720655630
08-30 11:58:06.804 I/AnebProbe(22981): ADAPTER_EVT type=content cls=androidx.recyclerview.widget.RecyclerView desc=null txt_len=0 pkg=com.larus.nova t_boot_ns=640655835516047
08-30 11:58:06.917 I/AnebProbe(22981): ADAPTER_EVT type=content cls=androidx.recyclerview.widget.RecyclerView desc=null txt_len=0 pkg=com.larus.nova t_boot_ns=640655948442089
08-30 11:58:07.021 I/AnebProbe(22981): ADAPTER_EVT type=content cls=androidx.recyclerview.widget.RecyclerView desc=null txt_len=0 pkg=com.larus.nova t_boot_ns=640656052001464
08-30 11:58:07.146 I/AnebProbe(22981): ADAPTER_EVT type=content cls=androidx.recyclerview.widget.RecyclerView desc=null txt_len=0 pkg=com.larus.nova t_boot_ns=640656176918130
08-30 11:58:07.264 I/AnebProbe(22981): ADAPTER_EVT type=content cls=androidx.recyclerview.widget.RecyclerView desc=null txt_len=0 pkg=com.larus.nova t_boot_ns=640656294995734
08-30 11:58:07.366 I/AnebProbe(22981): ADAPTER_EVT type=content cls=androidx.recyclerview.widget.RecyclerView desc=null txt_len=0 pkg=com.larus.nova t_boot_ns=640656396942089
08-30 11:58:07.484 I/AnebProbe(22981): ADAPTER_EVT type=content cls=androidx.recyclerview.widget.RecyclerView desc=null txt_len=0 pkg=com.larus.nova t_boot_ns=640656515366047
08-30 11:58:07.600 I/AnebProbe(22981): ADAPTER_EVT type=content cls=androidx.recyclerview.widget.RecyclerView desc=null txt_len=0 pkg=com.larus.nova t_boot_ns=640656631595213
08-30 11:58:07.719 I/AnebProbe(22981): ADAPTER_EVT type=content cls=androidx.recyclerview.widget.RecyclerView desc=null txt_len=0 pkg=com.larus.nova t_boot_ns=640656750482193
08-30 11:58:07.846 I/AnebProbe(22981): ADAPTER_EVT type=content cls=androidx.recyclerview.widget.RecyclerView desc=null txt_len=0 pkg=com.larus.nova t_boot_ns=640656877279588
08-30 11:58:07.962 I/AnebProbe(22981): ADAPTER_EVT type=content cls=androidx.recyclerview.widget.RecyclerView desc=null txt_len=0 pkg=com.larus.nova t_boot_ns=640656993051463
08-30 11:58:07.963 I/AnebProbe(22981): ADAPTER_OBS pkg=com.larus.nova mode=doubao events=2218 rule_matched=907 first_delta_ms=0 cadence_p50_ms=101.9 session_span_ms=480666.9 confidence=LOW/INCONCLUSIVE reason=throttle ttft_send_ms=null anchor_source=null ttft_cluster_ms=null ttft_density_ms=null
08-30 11:58:08.094 I/AnebProbe(22981): ADAPTER_EVT type=content cls=androidx.recyclerview.widget.RecyclerView desc=null txt_len=0 pkg=com.larus.nova t_boot_ns=640657125049380
08-30 11:58:08.219 I/AnebProbe(22981): ADAPTER_EVT type=content cls=androidx.recyclerview.widget.RecyclerView desc=null txt_len=0 pkg=com.larus.nova t_boot_ns=640657250668130
08-30 11:58:08.325 I/AnebProbe(22981): ADAPTER_EVT type=content cls=androidx.recyclerview.widget.RecyclerView desc=null txt_len=0 pkg=com.larus.nova t_boot_ns=640657356499901
08-30 11:58:08.441 I/AnebProbe(22981): ADAPTER_EVT type=content cls=androidx.recyclerview.widget.RecyclerView desc=null txt_len=0 pkg=com.larus.nova t_boot_ns=640657472398338
08-30 11:58:08.560 I/AnebProbe(22981): ADAPTER_EVT type=content cls=androidx.recyclerview.widget.RecyclerView desc=null txt_len=0 pkg=com.larus.nova t_boot_ns=640657590921255
08-30 11:58:08.680 I/AnebProbe(22981): ADAPTER_EVT type=content cls=androidx.recyclerview.widget.RecyclerView desc=null txt_len=0 pkg=com.larus.nova t_boot_ns=640657711063963
08-30 11:58:08.790 I/AnebProbe(22981): ADAPTER_EVT type=content cls=androidx.recyclerview.widget.RecyclerView desc=null txt_len=0 pkg=com.larus.nova t_boot_ns=640657821480109
08-30 11:58:08.895 I/AnebProbe(22981): ADAPTER_EVT type=content cls=androidx.recyclerview.widget.RecyclerView desc=null txt_len=0 pkg=com.larus.nova t_boot_ns=640657926042609
08-30 11:58:09.005 I/AnebProbe(22981): ADAPTER_EVT type=content cls=androidx.recyclerview.widget.RecyclerView desc=null txt_len=0 pkg=com.larus.nova t_boot_ns=640658036135317
08-30 11:58:09.122 I/AnebProbe(22981): ADAPTER_EVT type=content cls=androidx.recyclerview.widget.RecyclerView desc=null txt_len=0 pkg=com.larus.nova t_boot_ns=640658153459797
08-30 11:58:09.228 I/AnebProbe(22981): ADAPTER_EVT type=content cls=androidx.recyclerview.widget.RecyclerView desc=null txt_len=0 pkg=com.larus.nova t_boot_ns=640658259418651
08-30 11:58:09.340 I/AnebProbe(22981): ADAPTER_EVT type=content cls=androidx.recyclerview.widget.RecyclerView desc=null txt_len=0 pkg=com.larus.nova t_boot_ns=640658371146255
08-30 11:58:09.483 I/AnebProbe(22981): ADAPTER_EVT type=content cls=androidx.recyclerview.widget.RecyclerView desc=null txt_len=0 pkg=com.larus.nova t_boot_ns=640658514265005
08-30 11:58:09.598 I/AnebProbe(22981): ADAPTER_EVT type=content cls=androidx.recyclerview.widget.RecyclerView desc=null txt_len=0 pkg=com.larus.nova t_boot_ns=640658629131151
08-30 11:58:09.721 I/AnebProbe(22981): ADAPTER_EVT type=content cls=androidx.recyclerview.widget.RecyclerView desc=null txt_len=0 pkg=com.larus.nova t_boot_ns=640658752745734
08-30 11:58:09.822 I/AnebProbe(22981): ADAPTER_EVT type=content cls=androidx.recyclerview.widget.RecyclerView desc=null txt_len=0 pkg=com.larus.nova t_boot_ns=640658853096255
08-30 11:58:09.946 I/AnebProbe(22981): ADAPTER_EVT type=content cls=androidx.recyclerview.widget.RecyclerView desc=null txt_len=0 pkg=com.larus.nova t_boot_ns=640658977403546
08-30 11:58:10.092 I/AnebProbe(22981): ADAPTER_EVT type=content cls=androidx.recyclerview.widget.RecyclerView desc=null txt_len=0 pkg=com.larus.nova t_boot_ns=640659122867088
08-30 11:58:10.192 I/AnebProbe(22981): ADAPTER_EVT type=content cls=androidx.recyclerview.widget.RecyclerView desc=null txt_len=0 pkg=com.larus.nova t_boot_ns=640659222815005
08-30 11:58:10.436 I/AnebProbe(22981): ADAPTER_EVT type=content cls=androidx.drawerlayout.widget.DrawerLayout desc=null txt_len=0 pkg=com.larus.nova t_boot_ns=640659467540526
08-30 11:58:10.549 I/AnebProbe(22981): ADAPTER_EVT type=content cls=androidx.drawerlayout.widget.DrawerLayout desc=null txt_len=0 pkg=com.larus.nova t_boot_ns=640659580390005
08-30 11:58:10.655 I/AnebProbe(22981): ADAPTER_EVT type=content cls=androidx.drawerlayout.widget.DrawerLayout desc=null txt_len=0 pkg=com.larus.nova t_boot_ns=640659686719171
08-30 11:58:11.182 I/AnebProbe(22981): ADAPTER_EVT type=content cls=androidx.drawerlayout.widget.DrawerLayout desc=null txt_len=0 pkg=com.larus.nova t_boot_ns=640660213324900
08-30 11:58:11.284 I/AnebProbe(22981): ADAPTER_EVT type=content cls=androidx.drawerlayout.widget.DrawerLayout desc=null txt_len=0 pkg=com.larus.nova t_boot_ns=640660314864484
08-30 11:59:06.920 I/AnebE4MARK(17683): E4MARK kind=answer_complete n=6
