16666666
0	0	0
0	0	0
0	0	0
0	0	0
0	0	0
0	0	0
0	0	0
0	0	0
0	0	0
0	0	0
0	0	0
0	0	0
0	0	0
0	0	0
0	0	0
0	0	0
0	0	0
0	0	0
0	0	0
0	0	0
0	0	0
0	0	0
0	0	0
0	0	0
0	0	0
0	0	0
0	0	0
0	0	0
0	0	0
0	0	0
0	0	0
0	0	0
0	0	0
0	0	0
0	0	0
0	0	0
0	0	0
0	0	0
0	0	0
0	0	0
0	0	0
0	0	0
0	0	0
0	0	0
0	0	0
0	0	0
0	0	0
0	0	0
0	0	0
0	0	0
0	0	0
0	0	0
0	0	0
0	0	0
0	0	0
0	0	0
0	0	0
0	0	0
0	0	0
0	0	0
0	0	0
0	0	0
0	0	0
0	0	0
0	0	0
0	0	0
0	0	0
0	0	0
0	0	0
0	0	0
0	0	0
0	0	0
0	0	0
0	0	0
0	0	0
0	0	0
0	0	0
0	0	0
0	0	0
0	0	0
0	0	0
0	0	0
0	0	0
0	0	0
0	0	0
0	0	0
0	0	0
0	0	0
0	0	0
0	0	0
0	0	0
0	0	0
555511763398567	555511792879817	555511764060546
555511787967838	555511809461067	555511789152733
555511810251692	555511826040233	555511811438671
555511830888150	555511859185025	555511832186067
555511836381379	555511875783983	555511837608463
555511849888671	555511892357942	555511850557942
555511866749608	555511908944921	555511867397525
555511882995963	555511925533463	555511883658983
555511904915754	555511942104296	555511907931900
555511940320442	555511958690754	555511940894921
555511950942838	555511975265754	555511952224608
555511959054817	555511991843358	555511960261067
555511966527213	555512008426171	555511967185546
555511980835025	555512025014713	555511981586067
555511998024608	555512041586588	555511998740754
555512014783983	555512058886588	555512015450650
555512032678254	555512074766275	555512033295963
555512049379296	555512091348046	555512050041275
555512064848046	555512107941275	555512065544921
555512081205338	555512124533983	555512081925129
555512103972525	555512141121483	555512106382942
555512122201692	555512157694400	555512124706900
555512139846483	555512174264192	555512142411588
555512155146483	555512190854296	555512157788150
555512172881900	555512207439192	555512175439192
555512190348567	555512224041275	555512192920963
555512205697525	555512240620963	555512208359504
555512221291275	555512257180338	555512223901171
555512240255858	555512273755338	555512242783983
555512259994921	555512290353254	555512262506379
555512270943358	555512306944400	555512273519400
555512284876171	555512323515233	555512286970442
555512303936588	555512340112629	555512306339192
555512334140754	555512356664713	555512336900650
555512342274608	555512373251692	555512344801692


16666666
0	0	0
0	0	0
0	0	0
0	0	0
0	0	0
0	0	0
0	0	0
0	0	0
0	0	0
0	0	0
0	0	0
0	0	0
0	0	0
0	0	0
0	0	0
0	0	0
0	0	0
0	0	0
0	0	0
0	0	0
0	0	0
0	0	0
0	0	0
0	0	0
0	0	0
0	0	0
0	0	0
0	0	0
0	0	0
0	0	0
0	0	0
0	0	0
0	0	0
0	0	0
0	0	0
0	0	0
0	0	0
0	0	0
0	0	0
0	0	0
0	0	0
0	0	0
0	0	0
0	0	0
0	0	0
0	0	0
0	0	0
0	0	0
0	0	0
0	0	0
0	0	0
0	0	0
0	0	0
0	0	0
0	0	0
0	0	0
0	0	0
0	0	0
0	0	0
0	0	0
0	0	0
0	0	0
0	0	0
0	0	0
0	0	0
0	0	0
0	0	0
0	0	0
0	0	0
0	0	0
0	0	0
0	0	0
0	0	0
0	0	0
0	0	0
0	0	0
0	0	0
0	0	0
0	0	0
0	0	0
555511763398567	555511792879817	555511764060546
555511787967838	555511809461067	555511789152733
555511810251692	555511826040233	555511811438671
555511830888150	555511859185025	555511832186067
555511836381379	555511875783983	555511837608463
555511849888671	555511892357942	555511850557942
555511866749608	555511908944921	555511867397525
555511882995963	555511925533463	555511883658983
555511904915754	555511942104296	555511907931900
555511940320442	555511958690754	555511940894921
555511950942838	555511975265754	555511952224608
555511959054817	555511991843358	555511960261067
555511966527213	555512008426171	555511967185546
555511980835025	555512025014713	555511981586067
555511998024608	555512041586588	555511998740754
555512014783983	555512058886588	555512015450650
555512032678254	555512074766275	555512033295963
555512049379296	555512091348046	555512050041275
555512064848046	555512107941275	555512065544921
555512081205338	555512124533983	555512081925129
555512103972525	555512141121483	555512106382942
555512122201692	555512157694400	555512124706900
555512139846483	555512174264192	555512142411588
555512155146483	555512190854296	555512157788150
555512172881900	555512207439192	555512175439192
555512190348567	555512224041275	555512192920963
555512205697525	555512240620963	555512208359504
555512221291275	555512257180338	555512223901171
555512240255858	555512273755338	555512242783983
555512259994921	555512290353254	555512262506379
555512270943358	555512306944400	555512273519400
555512284876171	555512323515233	555512286970442
555512303936588	555512340112629	555512306339192
555512334140754	555512356664713	555512336900650
555512342274608	555512373251692	555512344801692
555513333265754	555513351594400	555513334894400
555513395843358	555513417908462	555513398356379
555513463024608	555513484257421	555513465520962
555513527229296	555513550576171	555513528333462
555513546182421	555513567169400	555513548949087
555513595055858	555513616920441	555513597754816
555513609945441	555513633506379	555513612637629
555513663879296	555513683241275	555513666533983
555513680292316	555513699841275	555513682666275
555513747766796	555513766164712	555513750455858
555513810166275	555513832486066	555513811473046
555513874404296	555513898819921	555513875253775


16666666
555550671656894	555550707388144	555550674343873
555550684166269	555550724058977	555550687033457
555550700548561	555550740558977	555550703233457
555550718567311	555550757135019	555550721921477
555550736210019	555550773723040	555550738616790
555550752559498	555550790327207	555550755151165
555550769251165	555550806921998	555550771681894
555550784530852	555550823480332	555550787133977
555550804038665	555550840068352	555550806845957
555550821120957	555550856635019	555550823590227
555550835320436	555550873214186	555550837942832
555550851215748	555550889816269	555550853846998
555550866149082	555550906402207	555550868791790
555550925621998	555550956152207	555550928550644
555550952279290	555550972729811	555550954493352
555550972889186	555550989342311	555550975432936
555550990913665	555551022475644	555550993484498
555551006669394	555551039074082	555551009244915
555551021978248	555551055638665	555551024572519
555551036391790	555551072226165	555551038953248
555551053094915	555551088824602	555551055729811
555551069711061	555551105378248	555551072303248
555551083527207	555551121964186	555551086054290
555551103782936	555551138545957	555551106290748
555551117888665	555551155130332	555551120447519
555551134176686	555551171718352	555551137024602
555551150445436	555551188300123	555551152954811
555551168376165	555551204881373	555551170932415
555551185617311	555551221469915	555551188108457
555551202214186	555551238053248	555551204748040
555551220982415	555551254637102	555551223555852
555551236619394	555551271211061	555551239269394
555551252568352	555551287801165	555551255116790
555551269382415	555551304360019	555551271979811
555551281969915	555551320969915	555551284511582
555551302559498	555551337586061	555551305120436
555551319692832	555551354132415	555551322170436
555551336125123	555551370727207	555551338750123
555551354177207	555551387355332	555551356705852
555551372340748	555551403899082	555551374700644
555551391727727	555551420455332	555551394374602
555551409346998	555551437041269	555551411856894
555551419107936	555551454058457	555551421791790
555551431840227	555551470192832	555551434459498
555551449492311	555551486791269	555551452152207
555551466546998	555551503375123	555551469110540
555551483806894	555551519958457	555551486242311
555551498650644	555551536512102	555551501856894
555551524312623	555551553101165	555551526728769
555551533701686	555551569683457	555551536424082
555551545288665	555551586254811	555551548140748
555551562315748	555551602845436	555551564940227
555551580803248	555551619431894	555551583443873
555551597499602	555551636012102	555551599917311
555551613800123	555551652605332	555551616366269
555551631251686	555551669202207	555551633953769
555551645018873	555551685800644	555551647645957
555551719102207	555551735547519	555551721633457
555551748798040	555551768688144	555551751219915
555551770145957	555551801846998	555551772792311
555551775242832	555551819152206	555551777938665
555551807582415	555551835010540	555551810192831
555551827051165	555551851585019	555551829717831
555551843236061	555551868174602	555551845811061
555551845940748	555551884755331	555551847806894
555551876717831	555551901361581	555551879213144
555551891388665	555551917917831	555551893967311
555551907107936	555551934510540	555551909757936
555551909707936	555551951069394	555551911712102
555551940421477	555551967677727	555551942490748
555551954059498	555551984243352	555551956544915
555551972598040	555552000842831	555551975064706
555551981833456	555552017410540	555551984574602
555552004270956	555552033994394	555552006864706
555552024640748	555552050556894	555552027387102
555552032841790	555552067182936	555552035495956
555552057775644	555552083734498	555552059840748
555552072386061	555552100314706	555552075046477
555552076794394	555552116901165	555552079330852
555552103313144	555552133466269	555552105775123
555552121054811	555552150050644	555552123695436
555552128695436	555552166632415	555552131370436
555552155082936	555552183286581	555552157766790
555552171438665	555552199793873	555552174283977
555552179711581	555552216368352	555552182348561
555552204441269	555552232970436	555552206985019
555552211854811	555552249555852	555552214465748
555552239885019	555552266125123	555552242267311
555552256220956	555552282707936	555552258922519
555552260798561	555552299305331	555552263079811
555552295231373	555552315868873	555552297829811
555552303896998	555552332442311	555552307025123
555552327961581	555552349027206	555552330549602
555552335512623	555552365599081	555552338058456
555552357055331	555552382186061	555552360156894
555552374405331	555552398768352	555552377021998
555552379560019	555552415340748	555552382253769
555552402500123	555552431946998	555552405144394
555552408331894	555552448523040	555552411203769
555552438425123	555552465113144	555552440719394
555552446441790	555552481675644	555552449023561
555552474828248	555552498349602	555552477601165
555552482590748	555552514865227	555552485155331
555552507566790	555552531462102	555552510285019
555552513794394	555552548016790	555552516389186
555552546789706	555552564587623	555552549612102
555552554260019	555552581165227	555552556855331
555552572706373	555552597744915	555552575319394
555552578058456	555552614334498	555552580695956
555552608572519	555552630947519	555552611388665
555552616492311	555552647493352	555552619508456
555552645448561	555552664129290	555552648090748
555552653606373	555552680648561	555552656111581
555552670668873	555552697512102	555552672817311
555552678003769	555552713829811	555552680663665
555552705084498	555552730417831	555552707912623
555552708193873	555552746990227	555552710067311
555552728990748	555552763572519	555552731682936
555552755765227	555552780502206	555552758376686
555552763062102	555552796745436	555552765713665
555552812982936	555552829947519	555552815429290
555552822982936	555552846499602	555552825599602
555552846130331	555552863088144	555552848733456
555552854854811	555552879672519	555552857692831
555552890257935	555552912802727	555552892863665
555552895405852	555552929387623	555552898166790
555552938779810	555552962581373	555552941429290


16666666
555562269032934	555562298077726	555562271632934
555562285726684	555562314659497	555562288228247
555562292746997	555562331236580	555562295413142
555562326046476	555562347845955	555562328711059
555562360892309	555562381020955	555562363289184
555562388542309	555562414190747	555562390764705
555562413065226	555562430788663	555562415699601
555562434416788	555562463941788	555562436910017
555562455816788	555562480519913	555562458293351
555562465021476	555562497085017	555562467494913
555562474327205	555562513726684	555562476537101
555562574579809	555562596589705	555562577131892
555562601632934	555562629752205	555562604126163
555562621767309	555562646323559	555562623583976
555562628594392	555562662895955	555562631274601
555562775146476	555562795532934	555562777564184
555562799793351	555562828718351	555562802391788
555562821899080	555562845274080	555562824424080
555562848074601	555562878468351	555562850602726
555562869546996	555562895024080	555562871877726
555562888523038	555562911613142	555562891217309
555562897830851	555562928186059	555562900337621
555562905701684	555562944778246	555562908442309
555562924743871	555562961363142	555562927338663
555562960668351	555562977929288	555562963153246
555562985996996	555563011088663	555562988490746
555563009105330	555563027681371	555563011643871
555563032353767	555563060846476	555563035178246
555563052215746	555563077407413	555563054783455
555563071693871	555563093988142	555563074305851
555563079424080	555563110568351	555563082036059
555563089532934	555563127144392	555563093143351
555563163357413	555563193465226	555563165961059
555563168474080	555563210041267	555563171071476
555563202191788	555563226627205	555563204780330
555563237382934	555563260105851	555563239948038
555563279686580	555563309527726	555563282278246
555563309838142	555563326102726	555563312438663
555563319856892	555563342995434	555563322341788
555563327341788	555563359261580	555563329869392
555563351740746	555563375841267	555563354290226
555563374699601	555563392433976	555563377337101
555563382798038	555563409010538	555563385376684
555563404544913	555563425591788	555563407088663
555563424151163	555563442168351	555563426666267
555563444987101	555563475340226	555563447460538
555563466287621	555563491929809	555563468881371
555563485654809	555563508487621	555563488231892
555563504388142	555563525055851	555563506579288
555563525563663	555563541636580	555563528172517
555563540729809	555563558251684	555563543326163
555563561171476	555563591392830	555563563817830
555563570231892	555563607964705	555563572825642
555563587959496	555563624542309	555563590649601
555563605141267	555563641113663	555563607670434
555563618957413	555563657709496	555563621498038
555563638016788	555563674315226	555563640350121
555563652306371	555563690857934	555563654721996
555563671421996	555563707441267	555563674028246
555563687374080	555563724017309	555563690003767
555563700748559	555563740635017	555563702964705
555563719189705	555563757192309	555563721767309
555563737033976	555563773762621	555563739681371
555563755189184	555563790357413	555563757666267
555563770753246	555563806925121	555563773344392
555563789329288	555563823509496	555563791685017
555563802383975	555563840094913	555563804929809
555563817514705	555563856660538	555563820116788
555563834592830	555563873266788	555563837239184
555563849877205	555563889830330	555563852436580
555563868548559	555563906430850	555563871158975
555563884536580	555563922990746	555563887110017
555563901154809	555563939555850	555563903589184
555563919431892	555563956189184	555563922095955
555563938820434	555563972719913	555563942330850
555563951866788	555563989292309	555563954501684
555563966246996	555564005879288	555563968803767
555563986367830	555564022435017	555563989039705
555564006248559	555564039035538	555564008793350
555564017077205	555564055616788	555564019654809
555564039488663	555564072185017	555564041426163
555564063355330	555564088762621	555564066033455
555564087938663	555564105337621	555564090493871
555564095439705	555564121912621	555564098175642
555564112531371	555564138491267	555564115339184
555564115680850	555564155065746	555564117607934
555564144695434	555564171650121	555564147308455
555564162339705	555564188217830	555564164967830
555564179277205	555564204791267	555564182027725
555564182311059	555564221369392	555564184339705
555564213392309	555564237963142	555564215888663
555564232793871	555564254532934	555564235326684
555564252573559	555564271131892	555564255264184
555564258524080	555564287700642	555564260887100
555564277150642	555564304302725	555564279730330
555564297840746	555564320868350	555564301107934
555564316669913	555564337448038	555564319286580
555564321715746	555564354010538	555564324397517
555564346646475	555564370593350	555564349263142
555564364805330	555564387180330	555564367407934
555564382828246	555564403786580	555564385441788
555564387627205	555564420367830	555564390254809
555564415078767	555564436941267	555564417558455
555564435264705	555564453510017	555564437721475
555564461616788	555564486674080	555564463617830
555564464852725	555564503231371	555564466730850
555564489616788	555564519837100	555564492411580
555564493903246	555564536400642	555564496600642
555564520783455	555564552999600	555564523292309
555564542918350	555564569555330	555564545366267
555564557040746	555564586151684	555564559505850
555564588089705	555564619306892	555564590778767
555564607129288	555564635897517	555564609694392
555564626269913	555564652467830	555564628827725
555564634404809	555564669031371	555564636763663
555564634404809	555564685615225	555564636763663
555564701582934	555564719098038	555564703927205
555564716233455	555564735338663	555564719184496
555564724688142	555564751918871	555564727310538
555564732375121	555564768495434	555564734987100
555564745851684	555564785060538	555564748368871
555566348270433	555566376749079	555566350891267
555566405151163	555566426476163	555566407759496
555566471502725	555566492788142	555566474340746
555566540234496	555566559201683	555566542637621
555566602425642	555566625470954	555566604398038
555566667293350	555566691762621	555566667952204


16666666
555562269032934	555562298077726	555562271632934
555562285726684	555562314659497	555562288228247
555562292746997	555562331236580	555562295413142
555562326046476	555562347845955	555562328711059
555562360892309	555562381020955	555562363289184
555562388542309	555562414190747	555562390764705
555562413065226	555562430788663	555562415699601
555562434416788	555562463941788	555562436910017
555562455816788	555562480519913	555562458293351
555562465021476	555562497085017	555562467494913
555562474327205	555562513726684	555562476537101
555562574579809	555562596589705	555562577131892
555562601632934	555562629752205	555562604126163
555562621767309	555562646323559	555562623583976
555562628594392	555562662895955	555562631274601
555562775146476	555562795532934	555562777564184
555562799793351	555562828718351	555562802391788
555562821899080	555562845274080	555562824424080
555562848074601	555562878468351	555562850602726
555562869546996	555562895024080	555562871877726
555562888523038	555562911613142	555562891217309
555562897830851	555562928186059	555562900337621
555562905701684	555562944778246	555562908442309
555562924743871	555562961363142	555562927338663
555562960668351	555562977929288	555562963153246
555562985996996	555563011088663	555562988490746
555563009105330	555563027681371	555563011643871
555563032353767	555563060846476	555563035178246
555563052215746	555563077407413	555563054783455
555563071693871	555563093988142	555563074305851
555563079424080	555563110568351	555563082036059
555563089532934	555563127144392	555563093143351
555563163357413	555563193465226	555563165961059
555563168474080	555563210041267	555563171071476
555563202191788	555563226627205	555563204780330
555563237382934	555563260105851	555563239948038
555563279686580	555563309527726	555563282278246
555563309838142	555563326102726	555563312438663
555563319856892	555563342995434	555563322341788
555563327341788	555563359261580	555563329869392
555563351740746	555563375841267	555563354290226
555563374699601	555563392433976	555563377337101
555563382798038	555563409010538	555563385376684
555563404544913	555563425591788	555563407088663
555563424151163	555563442168351	555563426666267
555563444987101	555563475340226	555563447460538
555563466287621	555563491929809	555563468881371
555563485654809	555563508487621	555563488231892
555563504388142	555563525055851	555563506579288
555563525563663	555563541636580	555563528172517
555563540729809	555563558251684	555563543326163
555563561171476	555563591392830	555563563817830
555563570231892	555563607964705	555563572825642
555563587959496	555563624542309	555563590649601
555563605141267	555563641113663	555563607670434
555563618957413	555563657709496	555563621498038
555563638016788	555563674315226	555563640350121
555563652306371	555563690857934	555563654721996
555563671421996	555563707441267	555563674028246
555563687374080	555563724017309	555563690003767
555563700748559	555563740635017	555563702964705
555563719189705	555563757192309	555563721767309
555563737033976	555563773762621	555563739681371
555563755189184	555563790357413	555563757666267
555563770753246	555563806925121	555563773344392
555563789329288	555563823509496	555563791685017
555563802383975	555563840094913	555563804929809
555563817514705	555563856660538	555563820116788
555563834592830	555563873266788	555563837239184
555563849877205	555563889830330	555563852436580
555563868548559	555563906430850	555563871158975
555563884536580	555563922990746	555563887110017
555563901154809	555563939555850	555563903589184
555563919431892	555563956189184	555563922095955
555563938820434	555563972719913	555563942330850
555563951866788	555563989292309	555563954501684
555563966246996	555564005879288	555563968803767
555563986367830	555564022435017	555563989039705
555564006248559	555564039035538	555564008793350
555564017077205	555564055616788	555564019654809
555564039488663	555564072185017	555564041426163
555564063355330	555564088762621	555564066033455
555564087938663	555564105337621	555564090493871
555564095439705	555564121912621	555564098175642
555564112531371	555564138491267	555564115339184
555564115680850	555564155065746	555564117607934
555564144695434	555564171650121	555564147308455
555564162339705	555564188217830	555564164967830
555564179277205	555564204791267	555564182027725
555564182311059	555564221369392	555564184339705
555564213392309	555564237963142	555564215888663
555564232793871	555564254532934	555564235326684
555564252573559	555564271131892	555564255264184
555564258524080	555564287700642	555564260887100
555564277150642	555564304302725	555564279730330
555564297840746	555564320868350	555564301107934
555564316669913	555564337448038	555564319286580
555564321715746	555564354010538	555564324397517
555564346646475	555564370593350	555564349263142
555564364805330	555564387180330	555564367407934
555564382828246	555564403786580	555564385441788
555564387627205	555564420367830	555564390254809
555564415078767	555564436941267	555564417558455
555564435264705	555564453510017	555564437721475
555564461616788	555564486674080	555564463617830
555564464852725	555564503231371	555564466730850
555564489616788	555564519837100	555564492411580
555564493903246	555564536400642	555564496600642
555564520783455	555564552999600	555564523292309
555564542918350	555564569555330	555564545366267
555564557040746	555564586151684	555564559505850
555564588089705	555564619306892	555564590778767
555564607129288	555564635897517	555564609694392
555564626269913	555564652467830	555564628827725
555564634404809	555564669031371	555564636763663
555564634404809	555564685615225	555564636763663
555564701582934	555564719098038	555564703927205
555564716233455	555564735338663	555564719184496
555564724688142	555564751918871	555564727310538
555564732375121	555564768495434	555564734987100
555564745851684	555564785060538	555564748368871
555566348270433	555566376749079	555566350891267
555566405151163	555566426476163	555566407759496
555566471502725	555566492788142	555566474340746
555566540234496	555566559201683	555566542637621
555566602425642	555566625470954	555566604398038
555566667293350	555566691762621	555566667952204


16666666
555562269032934	555562298077726	555562271632934
555562285726684	555562314659497	555562288228247
555562292746997	555562331236580	555562295413142
555562326046476	555562347845955	555562328711059
555562360892309	555562381020955	555562363289184
555562388542309	555562414190747	555562390764705
555562413065226	555562430788663	555562415699601
555562434416788	555562463941788	555562436910017
555562455816788	555562480519913	555562458293351
555562465021476	555562497085017	555562467494913
555562474327205	555562513726684	555562476537101
555562574579809	555562596589705	555562577131892
555562601632934	555562629752205	555562604126163
555562621767309	555562646323559	555562623583976
555562628594392	555562662895955	555562631274601
555562775146476	555562795532934	555562777564184
555562799793351	555562828718351	555562802391788
555562821899080	555562845274080	555562824424080
555562848074601	555562878468351	555562850602726
555562869546996	555562895024080	555562871877726
555562888523038	555562911613142	555562891217309
555562897830851	555562928186059	555562900337621
555562905701684	555562944778246	555562908442309
555562924743871	555562961363142	555562927338663
555562960668351	555562977929288	555562963153246
555562985996996	555563011088663	555562988490746
555563009105330	555563027681371	555563011643871
555563032353767	555563060846476	555563035178246
555563052215746	555563077407413	555563054783455
555563071693871	555563093988142	555563074305851
555563079424080	555563110568351	555563082036059
555563089532934	555563127144392	555563093143351
555563163357413	555563193465226	555563165961059
555563168474080	555563210041267	555563171071476
555563202191788	555563226627205	555563204780330
555563237382934	555563260105851	555563239948038
555563279686580	555563309527726	555563282278246
555563309838142	555563326102726	555563312438663
555563319856892	555563342995434	555563322341788
555563327341788	555563359261580	555563329869392
555563351740746	555563375841267	555563354290226
555563374699601	555563392433976	555563377337101
555563382798038	555563409010538	555563385376684
555563404544913	555563425591788	555563407088663
555563424151163	555563442168351	555563426666267
555563444987101	555563475340226	555563447460538
555563466287621	555563491929809	555563468881371
555563485654809	555563508487621	555563488231892
555563504388142	555563525055851	555563506579288
555563525563663	555563541636580	555563528172517
555563540729809	555563558251684	555563543326163
555563561171476	555563591392830	555563563817830
555563570231892	555563607964705	555563572825642
555563587959496	555563624542309	555563590649601
555563605141267	555563641113663	555563607670434
555563618957413	555563657709496	555563621498038
555563638016788	555563674315226	555563640350121
555563652306371	555563690857934	555563654721996
555563671421996	555563707441267	555563674028246
555563687374080	555563724017309	555563690003767
555563700748559	555563740635017	555563702964705
555563719189705	555563757192309	555563721767309
555563737033976	555563773762621	555563739681371
555563755189184	555563790357413	555563757666267
555563770753246	555563806925121	555563773344392
555563789329288	555563823509496	555563791685017
555563802383975	555563840094913	555563804929809
555563817514705	555563856660538	555563820116788
555563834592830	555563873266788	555563837239184
555563849877205	555563889830330	555563852436580
555563868548559	555563906430850	555563871158975
555563884536580	555563922990746	555563887110017
555563901154809	555563939555850	555563903589184
555563919431892	555563956189184	555563922095955
555563938820434	555563972719913	555563942330850
555563951866788	555563989292309	555563954501684
555563966246996	555564005879288	555563968803767
555563986367830	555564022435017	555563989039705
555564006248559	555564039035538	555564008793350
555564017077205	555564055616788	555564019654809
555564039488663	555564072185017	555564041426163
555564063355330	555564088762621	555564066033455
555564087938663	555564105337621	555564090493871
555564095439705	555564121912621	555564098175642
555564112531371	555564138491267	555564115339184
555564115680850	555564155065746	555564117607934
555564144695434	555564171650121	555564147308455
555564162339705	555564188217830	555564164967830
555564179277205	555564204791267	555564182027725
555564182311059	555564221369392	555564184339705
555564213392309	555564237963142	555564215888663
555564232793871	555564254532934	555564235326684
555564252573559	555564271131892	555564255264184
555564258524080	555564287700642	555564260887100
555564277150642	555564304302725	555564279730330
555564297840746	555564320868350	555564301107934
555564316669913	555564337448038	555564319286580
555564321715746	555564354010538	555564324397517
555564346646475	555564370593350	555564349263142
555564364805330	555564387180330	555564367407934
555564382828246	555564403786580	555564385441788
555564387627205	555564420367830	555564390254809
555564415078767	555564436941267	555564417558455
555564435264705	555564453510017	555564437721475
555564461616788	555564486674080	555564463617830
555564464852725	555564503231371	555564466730850
555564489616788	555564519837100	555564492411580
555564493903246	555564536400642	555564496600642
555564520783455	555564552999600	555564523292309
555564542918350	555564569555330	555564545366267
555564557040746	555564586151684	555564559505850
555564588089705	555564619306892	555564590778767
555564607129288	555564635897517	555564609694392
555564626269913	555564652467830	555564628827725
555564634404809	555564669031371	555564636763663
555564634404809	555564685615225	555564636763663
555564701582934	555564719098038	555564703927205
555564716233455	555564735338663	555564719184496
555564724688142	555564751918871	555564727310538
555564732375121	555564768495434	555564734987100
555564745851684	555564785060538	555564748368871
555566348270433	555566376749079	555566350891267
555566405151163	555566426476163	555566407759496
555566471502725	555566492788142	555566474340746
555566540234496	555566559201683	555566542637621
555566602425642	555566625470954	555566604398038
555566667293350	555566691762621	555566667952204


16666666
555631403996986	555631442543340	555631403795944
555631422116257	555631459113132	555631421997507
555631436346465	555631475690736	555631437004278
555631451898549	555631492260007	555631452646986
555631469853757	555631508851674	555631470462090
555631491603236	555631525447507	555631492244382
555631501075632	555631542019903	555631501730840
555631520319382	555631558605319	555631520871986
555631534104798	555631575181882	555631534719382
555631552603236	555631591759486	555631553395944
555631567420944	555631608362090	555631568112611
555631583508444	555631624930319	555631584182923
555631599445944	555631641536048	555631600178236
555631616726153	555631658119903	555631617437611
555631634732403	555631674707923	555631635644903
555631651161569	555631691270423	555631651927715
555631669376673	555631707871986	555631669792819
555631685386048	555631724433965	555631685958444
555631704561048	555631741009486	555631705216778
555631718041257	555631757611569	555631718555840
555631735394382	555631774179798	555631735944903
555631750731361	555631790826673	555631751185007
555631768991257	555631807729278	555631769562611
555631785527715	555631823916257	555631786030319
555631822380319	555631840476153	555631824185528
555631865786048	555631890232923	555631867540215
555631894281882	555631923399069	555631895870423
555631917312611	555631939980319	555631918976153
555631935369903	555631956555319	555631937435528
555631937691778	555631973129278	555631938827194
555631949251153	555631989709486	555631950935528
555631965321986	555632006297507	555631966972507
555631983194903	555632022899069	555631984491778
555631997415215	555632039483444	555631998582923
555632014004798	555632056086569	555632015316257
555632031268861	555632072646986	555632032610528
555632050298548	555632089233965	555632051593340
555632068087090	555632105817819	555632068636048
555632083497507	555632122408965	555632084166778
555632099142819	555632138973028	555632099764173
555632115639694	555632155551153	555632116095944
555632131280840	555632172144382	555632131955840
555632168905319	555632188731882	555632170546986
555632175887090	555632205302715	555632177762090
555632183906882	555632221915215	555632185699069
555632198554798	555632238517819	555632200211048
555632215865215	555632255048548	555632217229278
555632243811048	555632271620944	555632245441778
555632270999069	555632288212090	555632272914694
555632275299590	555632304789173	555632277030319
555632288325632	555632321383444	555632289976153
555632301481361	555632337952194	555632303929278
555632314224590	555632354572507	555632315866778
555632355343340	555632371133965	555632356988653
555632360699069	555632387702194	555632362148028
555632517850111	555632536941778	555632519429278
555632529574069	555632553532403	555632531168340
555632599783444	555632619851152	555632601398548
555632605133444	555632636452194	555632606911569
555632635405840	555632653052715	555632637006882
555632642630840	555632669595944	555632644412090
555632672858444	555632702742819	555632673967298
555632689327715	555632719343340	555632690938652
555632718558965	555632735928236	555632720289173
555632726489173	555632752481882	555632728246465
555632773562090	555632802244382	555632775236048
555632780844382	555632818806882	555632782095944
555632829648027	555632851948027	555632831177715
555632834538652	555632868552194	555632836273548
555632876868340	555632901703236	555632878417819
555632883593861	555632918285007	555632885016777
555632930543861	555632951606882	555632932166777
555632942059486	555632968048027	555632943237611
555632948734486	555632984601673	555632950208444
555632988867298	555633017774590	555632990746465
555633005975111	555633034363132	555633007776152
555633043417819	555633067516257	555633045088652
555633050777715	555633084098027	555633052292819
555633066490736	555633100680319	555633068114694
555633077936048	555633117249069	555633079746986
555633101241777	555633133820944	555633102890736
555633114033965	555633150426673	555633115706882
555633125912090	555633166981882	555633127536048
555633151993861	555633183595423	555633153800111
555633159828757	555633200136569	555633161532402
555633190052715	555633216720423	555633191321465
555633197131361	555633233300111	555633198845944
555633224955840	555633249877194	555633226699069
555633229476673	555633266481361	555633231150632
555633253036569	555633283078757	555633254737090
555633260611048	555633299700632	555633262292298
555633289281361	555633316227194	555633291154798
555633293605840	555633332799069	555633295423548
555633321669382	555633349378236	555633323007923
555633337863132	555633365980840	555633339606361
555633348903757	555633382555840	555633350668340
555633369504277	555633399135527	555633371279277
555633377814694	555633415729798	555633379486048
555633407053757	555633432285527	555633408568340
555633424867298	555633448880319	555633426198548
555633431030319	555633465462611	555633432804277
555633452469382	555633482045944	555633454204798
555633469828757	555633498622507	555633471677194
555633475303236	555633515211569	555633477779277
555633500604798	555633531783965	555633502366777
555633519927715	555633548386569	555633520656882
555633536310527	555633564973548	555633538230840
555633544180319	555633581540736	555633545908965
555633570252715	555633598137611	555633572093861
555633585181882	555633614714694	555633587115215
555633605146986	555633631277715	555633606639173
555633620408444	555633647851673	555633622306361
555633627971465	555633664447507	555633629804277
555633652476152	555633681033965	555633654181361
555633667733444	555633697604798	555633669460527
555633691840215	555633714189173	555633693578757
555633726104798	555633747347506	555633728187611
555633734373548	555633763916256	555633736219902
555633750240736	555633780533444	555633752062611
555633766949069	555633797085006	555633768789173
555633782137090	555633813674069	555633784074069
555633795982923	555633830244902	555633797964173
555633813522506	555633846866256	555633815413131
555633829927715	555633863415736	555633831768861
555633847119381	555633879990736	555633848981881
555633864930319	555633896578236	555633866783444
555633880282402	9223372036854775807	555633882291256


16666666
555651586191775	555651604310004	555651588776150
555651607049066	555651637438129	555651609591775
555651628392295	555651654040733	555651630966775
555651641421983	555651670623545	555651644099587
555651662602191	555651687224066	555651665256358
555651669816775	555651703795420	555651672469900
555651696437087	555651720381879	555651699041254
555651701362087	555651736966254	555651704037087
555651732626150	555651753537608	555651735348025
555651740465733	555651770123025	555651743119379
555651769028754	555651786730316	555651771642295
555651776782920	555651803285004	555651778951150
555651801849066	555651819881358	555651804731358
555651809535525	555651836451150	555651812111566
555651835771983	555651853064170	555651838415212
555651844604795	555651869621462	555651847254275
555651870221462	555651886570941	555651872865212
555651874998545	555651902799066	555651877322504
555651899794379	555651919732400	555651902351670
555651907499587	555651935954795	555651909984483
555651934331358	555651952548025	555651936942816
555651944237608	555651969140212	555651944847504
555651970699587	555652002300108	555651973287608
555651980349587	555652018884483	555651983008962
555651998702712	555652035512087	555652001414170
555652015444379	555652052048545	555652017928233
555652032986566	555652068630837	555652035564170
555652046507400	555652085202712	555652048950108
555652072213650	555652101784483	555652074689691
555652077957400	555652118356879	555652080553754
555652098826670	555652134942295	555652102412087
555652112792816	555652151530316	555652115406358
555652132701150	555652168104275	555652135422504
555652147273545	555652184666775	555652149910525
555652165018337	555652201264691	555652167659483
555652180103754	555652217878754	555652182694900
555652195230837	555652234424066	555652197816775
555652212566254	555652251004275	555652215204275
555652230574587	555652267624587	555652233180837
555652245620941	555652284155316	555652248285004
555652266820420	555652300756879	555652269692295
555652282118858	555652317333441	555652284726670
555652297444379	555652333941774	555652300054274
555652311474587	555652350495941	555652313977712
555652335608962	555652367073024	555652338361045
555652367756358	555652383653233	555652370342295
555652383838129	555652400252712	555652386424066
555652411110524	555652433395420	555652413659483
555652433782920	555652449975108	555652436199587
555652436410004	555652466543337	555652438285524
555652457448024	555652483122504	555652460995420
555652459296983	555652499708962	555652462588129
555652491299587	555652516320941	555652494070420
555652493439691	555652532903233	555652495671462
555652532575629	555652549458962	555652535019379
555652554454795	555652582615733	555652557255837
555652578440212	555652599194899	555652581122504
555652605820941	555652632371462	555652608454274
555652613587608	555652648911045	555652616232920
555652637524066	555652665510004	555652639801149
555652656495941	555652682092295	555652658887087
555652678770941	555652699385524	555652681230837
555652705485524	555652731833441	555652707243337
555652732348024	555652748414691	555652734851670
555652761471462	555652781560524	555652764141774
555652784073024	555652814743337	555652786682399
555652803804795	555652831304274	555652806379274
555652820571983	555652847889170	555652823067816
555652827647504	555652864469899	555652830269379
555652855032920	555652881055316	555652857617816
555652874563129	555652897636566	555652877068337
555652894803754	555652914213129	555652897425629
555652912716254	555652930820420	555652915342816
555652930403233	555652947643858	555652932998024
555652936981879	555652963966774	555652939411566
555652955658441	555652980548024	555652958265212
555652972510004	555652997129274	555652975101149
555652993595941	555653013705316	555652996055837
555653011990733	555653030295941	555653014549587
555653029706879	555653046896462	555653032667816
555653048350108	555653080381358	555653050923024
555653067343858	555653096610004	555653069835524
555653084977712	555653113201670	555653087513129
555653103485524	555653129774587	555653106077191
555653121328233	555653146361566	555653123788129
555653142035524	555653162931879	555653144579795
555653159031879	555653179512608	555653161726670
555653179578754	555653196104795	555653182198545
555653196770941	555653212706879	555653199349587
555653216449066	555653245860004	555653218928754
555653235475108	555653262447504	555653238054274
555653251525629	555653279015733	555653254066254
555653270962608	555653295661566	555653273454274
555653291677712	555653312182399	555653294312608
555653307483441	555653328768337	555653310040733
555653329735004	555653345351670	555653332257920
555653349073024	555653378508441	555653351639691
555653368792816	555653395078233	555653371396462
555653389068337	555653411655316	555653391647503
555653408564691	555653428236045	555653411040212
555653426744899	555653444827191	555653429343858
555653450133962	555653477966253	555653452731878
555653475869899	555653494563649	555653478448545
555653502424066	555653527725628	555653504981878
555653523365212	555653544289691	555653526015212
555653558665212	555653577448024	555653561067295
555653586638649	555653610607920	555653588580837
555653604838649	555653627195420	555653607424587
555653620042816	555653643763128	555653622565733
555653635138128	555653660357920	555653637770941
555653651083962	555653676921983	555653653762087
555653653932920	555653693514691	555653655912087
555653680823545	555653710098545	555653683536566
555653698484483	555653726680837	555653700939170
555653716215733	555653743244899	555653718807920
555653730382920	555653759836566	555653732496462
555653747132399	555653776442295	555653749767816
555653763395420	555653792993858	555653766057399
555653779933441	555653809581358	555653782579795
555653797490733	555653826168858	555653800137608
555653813913128	555653842743337	555653816530837
555653831979274	555653859313128	555653834479274
555653850177191	555653875913649	555653852850628
555653850177191	555653892482399	555653852850628
555653899819899	555653925644378	555653902483962
555653907238649	555653942245941	555653909874066
555653943533441	555653958811566	555653946224066


16666666
555651696437087	555651720381879	555651699041254
555651701362087	555651736966254	555651704037087
555651732626150	555651753537608	555651735348025
555651740465733	555651770123025	555651743119379
555651769028754	555651786730316	555651771642295
555651776782920	555651803285004	555651778951150
555651801849066	555651819881358	555651804731358
555651809535525	555651836451150	555651812111566
555651835771983	555651853064170	555651838415212
555651844604795	555651869621462	555651847254275
555651870221462	555651886570941	555651872865212
555651874998545	555651902799066	555651877322504
555651899794379	555651919732400	555651902351670
555651907499587	555651935954795	555651909984483
555651934331358	555651952548025	555651936942816
555651944237608	555651969140212	555651944847504
555651970699587	555652002300108	555651973287608
555651980349587	555652018884483	555651983008962
555651998702712	555652035512087	555652001414170
555652015444379	555652052048545	555652017928233
555652032986566	555652068630837	555652035564170
555652046507400	555652085202712	555652048950108
555652072213650	555652101784483	555652074689691
555652077957400	555652118356879	555652080553754
555652098826670	555652134942295	555652102412087
555652112792816	555652151530316	555652115406358
555652132701150	555652168104275	555652135422504
555652147273545	555652184666775	555652149910525
555652165018337	555652201264691	555652167659483
555652180103754	555652217878754	555652182694900
555652195230837	555652234424066	555652197816775
555652212566254	555652251004275	555652215204275
555652230574587	555652267624587	555652233180837
555652245620941	555652284155316	555652248285004
555652266820420	555652300756879	555652269692295
555652282118858	555652317333441	555652284726670
555652297444379	555652333941774	555652300054274
555652311474587	555652350495941	555652313977712
555652335608962	555652367073024	555652338361045
555652367756358	555652383653233	555652370342295
555652383838129	555652400252712	555652386424066
555652411110524	555652433395420	555652413659483
555652433782920	555652449975108	555652436199587
555652436410004	555652466543337	555652438285524
555652457448024	555652483122504	555652460995420
555652459296983	555652499708962	555652462588129
555652491299587	555652516320941	555652494070420
555652493439691	555652532903233	555652495671462
555652532575629	555652549458962	555652535019379
555652554454795	555652582615733	555652557255837
555652578440212	555652599194899	555652581122504
555652605820941	555652632371462	555652608454274
555652613587608	555652648911045	555652616232920
555652637524066	555652665510004	555652639801149
555652656495941	555652682092295	555652658887087
555652678770941	555652699385524	555652681230837
555652705485524	555652731833441	555652707243337
555652732348024	555652748414691	555652734851670
555652761471462	555652781560524	555652764141774
555652784073024	555652814743337	555652786682399
555652803804795	555652831304274	555652806379274
555652820571983	555652847889170	555652823067816
555652827647504	555652864469899	555652830269379
555652855032920	555652881055316	555652857617816
555652874563129	555652897636566	555652877068337
555652894803754	555652914213129	555652897425629
555652912716254	555652930820420	555652915342816
555652930403233	555652947643858	555652932998024
555652936981879	555652963966774	555652939411566
555652955658441	555652980548024	555652958265212
555652972510004	555652997129274	555652975101149
555652993595941	555653013705316	555652996055837
555653011990733	555653030295941	555653014549587
555653029706879	555653046896462	555653032667816
555653048350108	555653080381358	555653050923024
555653067343858	555653096610004	555653069835524
555653084977712	555653113201670	555653087513129
555653103485524	555653129774587	555653106077191
555653121328233	555653146361566	555653123788129
555653142035524	555653162931879	555653144579795
555653159031879	555653179512608	555653161726670
555653179578754	555653196104795	555653182198545
555653196770941	555653212706879	555653199349587
555653216449066	555653245860004	555653218928754
555653235475108	555653262447504	555653238054274
555653251525629	555653279015733	555653254066254
555653270962608	555653295661566	555653273454274
555653291677712	555653312182399	555653294312608
555653307483441	555653328768337	555653310040733
555653329735004	555653345351670	555653332257920
555653349073024	555653378508441	555653351639691
555653368792816	555653395078233	555653371396462
555653389068337	555653411655316	555653391647503
555653408564691	555653428236045	555653411040212
555653426744899	555653444827191	555653429343858
555653450133962	555653477966253	555653452731878
555653475869899	555653494563649	555653478448545
555653502424066	555653527725628	555653504981878
555653523365212	555653544289691	555653526015212
555653558665212	555653577448024	555653561067295
555653586638649	555653610607920	555653588580837
555653604838649	555653627195420	555653607424587
555653620042816	555653643763128	555653622565733
555653635138128	555653660357920	555653637770941
555653651083962	555653676921983	555653653762087
555653653932920	555653693514691	555653655912087
555653680823545	555653710098545	555653683536566
555653698484483	555653726680837	555653700939170
555653716215733	555653743244899	555653718807920
555653730382920	555653759836566	555653732496462
555653747132399	555653776442295	555653749767816
555653763395420	555653792993858	555653766057399
555653779933441	555653809581358	555653782579795
555653797490733	555653826168858	555653800137608
555653813913128	555653842743337	555653816530837
555653831979274	555653859313128	555653834479274
555653850177191	555653875913649	555653852850628
555653850177191	555653892482399	555653852850628
555653899819899	555653925644378	555653902483962
555653907238649	555653942245941	555653909874066
555653943533441	555653958811566	555653946224066
555655544328753	555655567280316	555655546743336
555655598675107	555655616952191	555655601318857
555655664823545	555655683278753	555655667493336
555655731429795	555655749603232	555655734152191
555655795706878	555655815944378	555655797680316
555655858791774	555655882262607	555655859389170


16666666
555651696437087	555651720381879	555651699041254
555651701362087	555651736966254	555651704037087
555651732626150	555651753537608	555651735348025
555651740465733	555651770123025	555651743119379
555651769028754	555651786730316	555651771642295
555651776782920	555651803285004	555651778951150
555651801849066	555651819881358	555651804731358
555651809535525	555651836451150	555651812111566
555651835771983	555651853064170	555651838415212
555651844604795	555651869621462	555651847254275
555651870221462	555651886570941	555651872865212
555651874998545	555651902799066	555651877322504
555651899794379	555651919732400	555651902351670
555651907499587	555651935954795	555651909984483
555651934331358	555651952548025	555651936942816
555651944237608	555651969140212	555651944847504
555651970699587	555652002300108	555651973287608
555651980349587	555652018884483	555651983008962
555651998702712	555652035512087	555652001414170
555652015444379	555652052048545	555652017928233
555652032986566	555652068630837	555652035564170
555652046507400	555652085202712	555652048950108
555652072213650	555652101784483	555652074689691
555652077957400	555652118356879	555652080553754
555652098826670	555652134942295	555652102412087
555652112792816	555652151530316	555652115406358
555652132701150	555652168104275	555652135422504
555652147273545	555652184666775	555652149910525
555652165018337	555652201264691	555652167659483
555652180103754	555652217878754	555652182694900
555652195230837	555652234424066	555652197816775
555652212566254	555652251004275	555652215204275
555652230574587	555652267624587	555652233180837
555652245620941	555652284155316	555652248285004
555652266820420	555652300756879	555652269692295
555652282118858	555652317333441	555652284726670
555652297444379	555652333941774	555652300054274
555652311474587	555652350495941	555652313977712
555652335608962	555652367073024	555652338361045
555652367756358	555652383653233	555652370342295
555652383838129	555652400252712	555652386424066
555652411110524	555652433395420	555652413659483
555652433782920	555652449975108	555652436199587
555652436410004	555652466543337	555652438285524
555652457448024	555652483122504	555652460995420
555652459296983	555652499708962	555652462588129
555652491299587	555652516320941	555652494070420
555652493439691	555652532903233	555652495671462
555652532575629	555652549458962	555652535019379
555652554454795	555652582615733	555652557255837
555652578440212	555652599194899	555652581122504
555652605820941	555652632371462	555652608454274
555652613587608	555652648911045	555652616232920
555652637524066	555652665510004	555652639801149
555652656495941	555652682092295	555652658887087
555652678770941	555652699385524	555652681230837
555652705485524	555652731833441	555652707243337
555652732348024	555652748414691	555652734851670
555652761471462	555652781560524	555652764141774
555652784073024	555652814743337	555652786682399
555652803804795	555652831304274	555652806379274
555652820571983	555652847889170	555652823067816
555652827647504	555652864469899	555652830269379
555652855032920	555652881055316	555652857617816
555652874563129	555652897636566	555652877068337
555652894803754	555652914213129	555652897425629
555652912716254	555652930820420	555652915342816
555652930403233	555652947643858	555652932998024
555652936981879	555652963966774	555652939411566
555652955658441	555652980548024	555652958265212
555652972510004	555652997129274	555652975101149
555652993595941	555653013705316	555652996055837
555653011990733	555653030295941	555653014549587
555653029706879	555653046896462	555653032667816
555653048350108	555653080381358	555653050923024
555653067343858	555653096610004	555653069835524
555653084977712	555653113201670	555653087513129
555653103485524	555653129774587	555653106077191
555653121328233	555653146361566	555653123788129
555653142035524	555653162931879	555653144579795
555653159031879	555653179512608	555653161726670
555653179578754	555653196104795	555653182198545
555653196770941	555653212706879	555653199349587
555653216449066	555653245860004	555653218928754
555653235475108	555653262447504	555653238054274
555653251525629	555653279015733	555653254066254
555653270962608	555653295661566	555653273454274
555653291677712	555653312182399	555653294312608
555653307483441	555653328768337	555653310040733
555653329735004	555653345351670	555653332257920
555653349073024	555653378508441	555653351639691
555653368792816	555653395078233	555653371396462
555653389068337	555653411655316	555653391647503
555653408564691	555653428236045	555653411040212
555653426744899	555653444827191	555653429343858
555653450133962	555653477966253	555653452731878
555653475869899	555653494563649	555653478448545
555653502424066	555653527725628	555653504981878
555653523365212	555653544289691	555653526015212
555653558665212	555653577448024	555653561067295
555653586638649	555653610607920	555653588580837
555653604838649	555653627195420	555653607424587
555653620042816	555653643763128	555653622565733
555653635138128	555653660357920	555653637770941
555653651083962	555653676921983	555653653762087
555653653932920	555653693514691	555653655912087
555653680823545	555653710098545	555653683536566
555653698484483	555653726680837	555653700939170
555653716215733	555653743244899	555653718807920
555653730382920	555653759836566	555653732496462
555653747132399	555653776442295	555653749767816
555653763395420	555653792993858	555653766057399
555653779933441	555653809581358	555653782579795
555653797490733	555653826168858	555653800137608
555653813913128	555653842743337	555653816530837
555653831979274	555653859313128	555653834479274
555653850177191	555653875913649	555653852850628
555653850177191	555653892482399	555653852850628
555653899819899	555653925644378	555653902483962
555653907238649	555653942245941	555653909874066
555653943533441	555653958811566	555653946224066
555655544328753	555655567280316	555655546743336
555655598675107	555655616952191	555655601318857
555655664823545	555655683278753	555655667493336
555655731429795	555655749603232	555655734152191
555655795706878	555655815944378	555655797680316
555655858791774	555655882262607	555655859389170


16666666
555712666052182	555712687242807	555712667620932
555712683524578	555712703805828	555712685146453
555712699574578	555712720435515	555712701112078
555712715646974	555712736999057	555712717240203
555712732946453	555712753597494	555712734581869
555712752093849	555712770170932	555712753727703
555712771598536	555712803337599	555712773167286
555712780912599	555712819949578	555712782479786
555712797888640	555712836521453	555712799439682
555712815221453	555712853106349	555712816758432
555712831224057	555712869693849	555712832748015
555712847199578	555712886291244	555712848746453
555712867384994	555712902878224	555712869142286
555712882213640	555712919459474	555712883564161
555712897784994	555712936112599	555712899354265
555712917041765	555712952648015	555712918589161
555712933916765	555712969240203	555712935450619
555712954727182	555712985839161	555712956355307
555712965036036	555713002436557	555712966613119
555712984237599	555713019027182	555712985595932
555712999454786	555713035787078	555713001205307
555713021837078	555713052188640	555713023007390
555713032914161	555713068759474	555713034405828
555713054700099	555713085341244	555713056267286
555713078502703	555713101972494	555713080134474
555713105329786	555713135118328	555713106564161
555713120040724	555713151685515	555713121746453
555713133535515	555713168266244	555713135246453
555713148068328	555713184866244	555713149773536
555713162489161	555713201449578	555713164077182
555713178906869	555713218076661	555713180477182
555713196986036	555713234645932	555713198479786
555713217115724	555713251280828	555713218420411
555713233242807	555713267904265	555713234857911
555713251336557	555713284382911	555713253049057
555713266335515	555713300964161	555713268092286
555713282089682	555713317551140	555713283651661
555713314410515	555713334126661	555713315608432
555713327274578	555713350753224	555713328918849
555713339762078	555713367324057	555713341295411
555713343817807	555713383915203	555713345294890
555713367064161	555713400503224	555713368571974
555713386087078	555713417082911	555713387439161
555713393710515	555713433669890	555713395238640
555713420537078	555713450254786	555713422032390
555713427006349	555713466856348	555713428531869
555713454208953	555713483434994	555713455607911
555713461842807	555713500040203	555713463259994
555713482845932	555713516619890	555713484240723
555713499425098	555713533193328	555713500860515
555713518275098	555713549780828	555713519691765
555713526060515	555713566374057	555713527462078
555713553537598	555713582975619	555713554739682
555713558323015	555713599552703	555713559789161
555713582850619	555713616148536	555713584317807
555713598720411	555713632720932	555713600164161
555713610678223	555713649319890	555713612136036
555713633179265	555713665914161	555713634568328
555713649889161	555713682478223	555713651574578
555713659026661	555713699068848	555713660463640
555713683004786	555713715655307	555713684392286
555713692663119	555713732242286	555713694095411
555713718579265	555713748820932	555713719881348
555713725621973	555713765424057	555713727117286
555713749115203	555713782003223	555713750343328
555713765226140	555713798589682	555713766544890
555713784868848	555713815158432	555713786304786
555713791497494	555713831773536	555713792968848
555713818129786	555713848376661	555713819598536
555713825344890	555713864938119	555713826779786
555713846975098	555713881500098	555713848546973
555713865078223	555713898088119	555713866430828
555713876693328	555713914677182	555713877745411
555713901142807	555713931271453	555713902088119
555713907973015	555713947892807	555713907976140
555713946066765	555713964442286	555713946909994
555713974848015	555713997612598	555713975767286
555714000983953	555714030782390	555714001848015
555714027464682	555714047369369	555714028355828
555714044528744	555714063952703	555714045448536
555714059766244	555714080549057	555714060634994
555714079715203	555714097142807	555714080648015
555714093440723	555714113704265	555714094344890
555714111244369	555714130303744	555714112111557
555714125224578	555714146893328	555714126121973
555714141896453	555714163469890	555714142826661
555714160113640	555714180068848	555714161037078
555714175177703	555714196686036	555714176078223
555714193341765	555714213228223	555714194360515
555714208414682	555714229808432	555714209289161
555714225878744	555714246390723	555714226752182
555714243469369	555714262980307	555714244354786
555714257610515	555714279562078	555714258500619
555714274795411	555714296157390	555714275696973
555714292998015	555714312718328	555714293869369
555714310448536	555714329298015	555714311293848
555714324690203	555714345887078	555714325552703
555714341710515	555714362473536	555714342602703
555714358632390	555714379059473	555714359502703
555714375861036	555714395648536	555714376807390
555714390963640	555714412213119	555714391913640
555714408388119	555714428806869	555714409315723
555714423588119	555714445398015	555714424578744
555714441251661	555714461974057	555714442118328
555714459324057	555714478561036	555714460214682
555714485658953	555714511740203	555714486522494
555714515092807	555714544901140	555714515988119
555714521429265	555714561474057	555714522332911
555714536151140	555714578064161	555714537004265
555714552451661	555714594657390	555714553483952
555714569367286	555714611235515	555714570326140
555714586096452	555714627820932	555714587045411
555714603061557	555714644425619	555714604156869
555714619982911	555714661015723	555714620948536
555714636079786	555714677595932	555714637021452
555714656446452	555714694183432	555714657426140
555714672454786	555714710768327	555714673513640
555714690320932	555714727337077	555714691822494
555714706801140	555714743943848	555714708292286
555714723404265	555714760530307	555714724883432
555714740425098	555714777121452	555714741925098
555714756416765	555714793699577	555714757838640
555714774089161	555714810289682	555714775530307
555714791688640	555714826866765	555714793296452
555714808331348	555714843451140	555714809713640
555714824029265	555714860043327	555714825437077
555714840861036	9223372036854775807	555714842319369


16666666
555731318209471	555731346398012	555731320864679
555731335485512	555731362979783	555731338118846
555731349959471	555731379566762	555731352465721
555731368089679	555731396161554	555731370672492
555731384279262	555731412737075	555731386919887
555731401028742	555731429325617	555731403644367
555731417917283	555731445917283	555731420598533
555731434419887	555731462503221	555731437361033
555731451168325	555731479101658	555731453902179
555731465143325	555731495680304	555731467900617
555731486343846	555731512266242	555731488909992
555731502805825	555731528845929	555731505442804
555731518159992	555731545452700	555731521068325
555731534142804	555731562032387	555731536743325
555731554324575	555731578612596	555731556818846
555731569019367	555731595216762	555731571668846
555731584468846	555731611778742	555731587065721
555731600625617	555731628370929	555731602981346
555731617824054	555731644957387	555731620386033
555731633472492	555731661539158	555731636155825
555731650245408	555731678115200	555731652744367
555731664309471	555731694725096	555731666691762
555731682205304	555731711302179	555731684809471
555731705546971	555731727878742	555731707953742
555731728313637	555731744476137	555731730896971
555731750557908	555731777737596	555731753158950
555731772199054	555731794270929	555731774824575
555731787477179	555731810849054	555731790177700
555731807567283	555731827437075	555731810557387
555731823937596	555731844023012	555731826589679
555731837459471	555731860620408	555731840228742
555731856837596	555731877213637	555731859406867
555731874027179	555731893789679	555731876495408
555731885836033	555731910392804	555731888487596
555731902317283	555731926968325	555731905188117
555731917219887	555731943544367	555731919629262
555731938721450	555731960148012	555731941346971
555731952809992	555731976734471	555731955468846
555731969121450	555731993315721	555731971167804
555731986157908	555732009913116	555731988616762
555732000538117	555732026511554	555732003152179
555732015827700	555732043095408	555732018264679
555732029958429	555732059699575	555732032383429
555732048882387	555732076264158	555732051295929
555732062475096	555732092858950	555732065074575
555732082497491	555732109438116	555732084934991
555732095573012	555732126027179	555732098323012
555732115429262	555732142628221	555732117826137
555732132446971	555732159205825	555732134869366
555732148686033	555732175807387	555732151331346
555732164313116	555732192396450	555732166537596
555732182217283	555732208989158	555732184618846
555732198854783	555732225571971	555732201498533
555732216246971	555732242143325	555732218688116
555732229366762	555732258748012	555732231962075
555732248484991	555732275344887	555732251159471
555732264457908	555732291930825	555732267208429
555732280826658	555732308516241	555732283490721
555732298569366	555732325103221	555732300882387
555732317594887	555732341691762	555732320130304
555732341823533	555732358276658	555732344441762
555732365179783	555732391536554	555732367737075
555732386996450	555732408048012	555732389581346
555732406455825	555732424638637	555732409042804
555732420462075	555732441232387	555732423068325
555732433736554	555732457816762	555732436358950
555732447952179	555732474412596	555732450453741
555732462342283	555732491022491	555732464975616
555732478051137	555732507582908	555732480705825
555732494692283	555732524185512	555732497453741
555732512819887	555732540763116	555732515476658
555732527938116	555732557368846	555732530538116
555732544394887	555732574027700	555732546574054
555732562900616	555732590530825	555732565380304
555732578283429	555732607156866	555732580846450
555732594380825	555732623698533	555732596855825
555732613248533	555732640273533	555732615929262
555732629850096	555732656887596	555732632731866
555732634438116	555732673809471	555732636895929
555732666284991	555732690048012	555732669278221
555732683941762	555732706609471	555732687368325
555732701276137	555732723198012	555732703883429
555732716187075	555732739781346	555732718839679
555732734951658	555732756365721	555732737196450
555732753571450	555732772964158	555732756140721
555732770408429	555732789544887	555732773053741
555732787231346	555732806131346	555732789758950
555732803308429	555732822727700	555732805908429
555732820272491	555732839314679	555732822875616
555732837230304	555732855905825	555732839790200
555732854251658	555732872509991	555732856782908
555732870987075	555732889089158	555732873521450
555732887448012	555732905670929	555732890004262
555732906165721	555732922270929	555732908687075
555732925961554	555732955448012	555732928600616
555732953454783	555732972045408	555732956126658
555732978496971	555733005214158	555732981063637
555732998085512	555733021785512	555733000582908
555733016761033	555733038382387	555733019266762
555733035397491	555733054962596	555733037894887
555733051235512	555733071555304	555733053820929
555733066698012	555733088147491	555733069302179
555733082008429	555733104741241	555733084580304
555733098153220	555733121306866	555733100845408
555733115845929	555733137912075	555733118446970
555733131682387	555733154503220	555733134292283
555733149303220	555733171091762	555733151897491
555733163943325	555733187678741	555733167307387
555733180976658	555733204273533	555733183469887
555733199320408	555733220857387	555733201780304
555733215570929	555733237440720	555733218232908
555733229401137	555733254033950	555733231996970
555733248098012	555733270618325	555733250562075
555733264103741	555733287211033	555733266642804
555733279941241	555733303795929	555733282557387
555733297283429	555733320372491	555733299828741
555733312167804	555733336964679	555733314908429
555733326778220	555733353560512	555733329436554
555733330013116	555733370143325	555733331888637
555733330013116	555733618961033	555733331888637
555733641443845	555733668722491	555733643302700
555733663037595	555733685298012	555733665502700
555733676355825	555733701884470	555733678969366
555733694882387	555733718471970	555733697358950
555733720527179	555733751639158	555733723114679
555733730115200	555733768242804	555733732740720
555733743191762	555733784813637	555733745839679


16666666
555731417917283	555731445917283	555731420598533
555731434419887	555731462503221	555731437361033
555731451168325	555731479101658	555731453902179
555731465143325	555731495680304	555731467900617
555731486343846	555731512266242	555731488909992
555731502805825	555731528845929	555731505442804
555731518159992	555731545452700	555731521068325
555731534142804	555731562032387	555731536743325
555731554324575	555731578612596	555731556818846
555731569019367	555731595216762	555731571668846
555731584468846	555731611778742	555731587065721
555731600625617	555731628370929	555731602981346
555731617824054	555731644957387	555731620386033
555731633472492	555731661539158	555731636155825
555731650245408	555731678115200	555731652744367
555731664309471	555731694725096	555731666691762
555731682205304	555731711302179	555731684809471
555731705546971	555731727878742	555731707953742
555731728313637	555731744476137	555731730896971
555731750557908	555731777737596	555731753158950
555731772199054	555731794270929	555731774824575
555731787477179	555731810849054	555731790177700
555731807567283	555731827437075	555731810557387
555731823937596	555731844023012	555731826589679
555731837459471	555731860620408	555731840228742
555731856837596	555731877213637	555731859406867
555731874027179	555731893789679	555731876495408
555731885836033	555731910392804	555731888487596
555731902317283	555731926968325	555731905188117
555731917219887	555731943544367	555731919629262
555731938721450	555731960148012	555731941346971
555731952809992	555731976734471	555731955468846
555731969121450	555731993315721	555731971167804
555731986157908	555732009913116	555731988616762
555732000538117	555732026511554	555732003152179
555732015827700	555732043095408	555732018264679
555732029958429	555732059699575	555732032383429
555732048882387	555732076264158	555732051295929
555732062475096	555732092858950	555732065074575
555732082497491	555732109438116	555732084934991
555732095573012	555732126027179	555732098323012
555732115429262	555732142628221	555732117826137
555732132446971	555732159205825	555732134869366
555732148686033	555732175807387	555732151331346
555732164313116	555732192396450	555732166537596
555732182217283	555732208989158	555732184618846
555732198854783	555732225571971	555732201498533
555732216246971	555732242143325	555732218688116
555732229366762	555732258748012	555732231962075
555732248484991	555732275344887	555732251159471
555732264457908	555732291930825	555732267208429
555732280826658	555732308516241	555732283490721
555732298569366	555732325103221	555732300882387
555732317594887	555732341691762	555732320130304
555732341823533	555732358276658	555732344441762
555732365179783	555732391536554	555732367737075
555732386996450	555732408048012	555732389581346
555732406455825	555732424638637	555732409042804
555732420462075	555732441232387	555732423068325
555732433736554	555732457816762	555732436358950
555732447952179	555732474412596	555732450453741
555732462342283	555732491022491	555732464975616
555732478051137	555732507582908	555732480705825
555732494692283	555732524185512	555732497453741
555732512819887	555732540763116	555732515476658
555732527938116	555732557368846	555732530538116
555732544394887	555732574027700	555732546574054
555732562900616	555732590530825	555732565380304
555732578283429	555732607156866	555732580846450
555732594380825	555732623698533	555732596855825
555732613248533	555732640273533	555732615929262
555732629850096	555732656887596	555732632731866
555732634438116	555732673809471	555732636895929
555732666284991	555732690048012	555732669278221
555732683941762	555732706609471	555732687368325
555732701276137	555732723198012	555732703883429
555732716187075	555732739781346	555732718839679
555732734951658	555732756365721	555732737196450
555732753571450	555732772964158	555732756140721
555732770408429	555732789544887	555732773053741
555732787231346	555732806131346	555732789758950
555732803308429	555732822727700	555732805908429
555732820272491	555732839314679	555732822875616
555732837230304	555732855905825	555732839790200
555732854251658	555732872509991	555732856782908
555732870987075	555732889089158	555732873521450
555732887448012	555732905670929	555732890004262
555732906165721	555732922270929	555732908687075
555732925961554	555732955448012	555732928600616
555732953454783	555732972045408	555732956126658
555732978496971	555733005214158	555732981063637
555732998085512	555733021785512	555733000582908
555733016761033	555733038382387	555733019266762
555733035397491	555733054962596	555733037894887
555733051235512	555733071555304	555733053820929
555733066698012	555733088147491	555733069302179
555733082008429	555733104741241	555733084580304
555733098153220	555733121306866	555733100845408
555733115845929	555733137912075	555733118446970
555733131682387	555733154503220	555733134292283
555733149303220	555733171091762	555733151897491
555733163943325	555733187678741	555733167307387
555733180976658	555733204273533	555733183469887
555733199320408	555733220857387	555733201780304
555733215570929	555733237440720	555733218232908
555733229401137	555733254033950	555733231996970
555733248098012	555733270618325	555733250562075
555733264103741	555733287211033	555733266642804
555733279941241	555733303795929	555733282557387
555733297283429	555733320372491	555733299828741
555733312167804	555733336964679	555733314908429
555733326778220	555733353560512	555733329436554
555733330013116	555733370143325	555733331888637
555733330013116	555733618961033	555733331888637
555733641443845	555733668722491	555733643302700
555733663037595	555733685298012	555733665502700
555733676355825	555733701884470	555733678969366
555733694882387	555733718471970	555733697358950
555733720527179	555733751639158	555733723114679
555733730115200	555733768242804	555733732740720
555733743191762	555733784813637	555733745839679
555735345057908	555735360700616	555735347549053
555735405868324	555735427053220	555735408461033
555735471773533	555735493447491	555735474334991
555735539270408	555735559787595	555735542457908
555735603929783	555735626125616	555735606168324
555735668729783	555735692492803	555735669307387


16666666
555731417917283	555731445917283	555731420598533
555731434419887	555731462503221	555731437361033
555731451168325	555731479101658	555731453902179
555731465143325	555731495680304	555731467900617
555731486343846	555731512266242	555731488909992
555731502805825	555731528845929	555731505442804
555731518159992	555731545452700	555731521068325
555731534142804	555731562032387	555731536743325
555731554324575	555731578612596	555731556818846
555731569019367	555731595216762	555731571668846
555731584468846	555731611778742	555731587065721
555731600625617	555731628370929	555731602981346
555731617824054	555731644957387	555731620386033
555731633472492	555731661539158	555731636155825
555731650245408	555731678115200	555731652744367
555731664309471	555731694725096	555731666691762
555731682205304	555731711302179	555731684809471
555731705546971	555731727878742	555731707953742
555731728313637	555731744476137	555731730896971
555731750557908	555731777737596	555731753158950
555731772199054	555731794270929	555731774824575
555731787477179	555731810849054	555731790177700
555731807567283	555731827437075	555731810557387
555731823937596	555731844023012	555731826589679
555731837459471	555731860620408	555731840228742
555731856837596	555731877213637	555731859406867
555731874027179	555731893789679	555731876495408
555731885836033	555731910392804	555731888487596
555731902317283	555731926968325	555731905188117
555731917219887	555731943544367	555731919629262
555731938721450	555731960148012	555731941346971
555731952809992	555731976734471	555731955468846
555731969121450	555731993315721	555731971167804
555731986157908	555732009913116	555731988616762
555732000538117	555732026511554	555732003152179
555732015827700	555732043095408	555732018264679
555732029958429	555732059699575	555732032383429
555732048882387	555732076264158	555732051295929
555732062475096	555732092858950	555732065074575
555732082497491	555732109438116	555732084934991
555732095573012	555732126027179	555732098323012
555732115429262	555732142628221	555732117826137
555732132446971	555732159205825	555732134869366
555732148686033	555732175807387	555732151331346
555732164313116	555732192396450	555732166537596
555732182217283	555732208989158	555732184618846
555732198854783	555732225571971	555732201498533
555732216246971	555732242143325	555732218688116
555732229366762	555732258748012	555732231962075
555732248484991	555732275344887	555732251159471
555732264457908	555732291930825	555732267208429
555732280826658	555732308516241	555732283490721
555732298569366	555732325103221	555732300882387
555732317594887	555732341691762	555732320130304
555732341823533	555732358276658	555732344441762
555732365179783	555732391536554	555732367737075
555732386996450	555732408048012	555732389581346
555732406455825	555732424638637	555732409042804
555732420462075	555732441232387	555732423068325
555732433736554	555732457816762	555732436358950
555732447952179	555732474412596	555732450453741
555732462342283	555732491022491	555732464975616
555732478051137	555732507582908	555732480705825
555732494692283	555732524185512	555732497453741
555732512819887	555732540763116	555732515476658
555732527938116	555732557368846	555732530538116
555732544394887	555732574027700	555732546574054
555732562900616	555732590530825	555732565380304
555732578283429	555732607156866	555732580846450
555732594380825	555732623698533	555732596855825
555732613248533	555732640273533	555732615929262
555732629850096	555732656887596	555732632731866
555732634438116	555732673809471	555732636895929
555732666284991	555732690048012	555732669278221
555732683941762	555732706609471	555732687368325
555732701276137	555732723198012	555732703883429
555732716187075	555732739781346	555732718839679
555732734951658	555732756365721	555732737196450
555732753571450	555732772964158	555732756140721
555732770408429	555732789544887	555732773053741
555732787231346	555732806131346	555732789758950
555732803308429	555732822727700	555732805908429
555732820272491	555732839314679	555732822875616
555732837230304	555732855905825	555732839790200
555732854251658	555732872509991	555732856782908
555732870987075	555732889089158	555732873521450
555732887448012	555732905670929	555732890004262
555732906165721	555732922270929	555732908687075
555732925961554	555732955448012	555732928600616
555732953454783	555732972045408	555732956126658
555732978496971	555733005214158	555732981063637
555732998085512	555733021785512	555733000582908
555733016761033	555733038382387	555733019266762
555733035397491	555733054962596	555733037894887
555733051235512	555733071555304	555733053820929
555733066698012	555733088147491	555733069302179
555733082008429	555733104741241	555733084580304
555733098153220	555733121306866	555733100845408
555733115845929	555733137912075	555733118446970
555733131682387	555733154503220	555733134292283
555733149303220	555733171091762	555733151897491
555733163943325	555733187678741	555733167307387
555733180976658	555733204273533	555733183469887
555733199320408	555733220857387	555733201780304
555733215570929	555733237440720	555733218232908
555733229401137	555733254033950	555733231996970
555733248098012	555733270618325	555733250562075
555733264103741	555733287211033	555733266642804
555733279941241	555733303795929	555733282557387
555733297283429	555733320372491	555733299828741
555733312167804	555733336964679	555733314908429
555733326778220	555733353560512	555733329436554
555733330013116	555733370143325	555733331888637
555733330013116	555733618961033	555733331888637
555733641443845	555733668722491	555733643302700
555733663037595	555733685298012	555733665502700
555733676355825	555733701884470	555733678969366
555733694882387	555733718471970	555733697358950
555733720527179	555733751639158	555733723114679
555733730115200	555733768242804	555733732740720
555733743191762	555733784813637	555733745839679
555735345057908	555735360700616	555735347549053
555735405868324	555735427053220	555735408461033
555735471773533	555735493447491	555735474334991
555735539270408	555735559787595	555735542457908
555735603929783	555735626125616	555735606168324
555735668729783	555735692492803	555735669307387


16666666
555731952809992	555731976734471	555731955468846
555731969121450	555731993315721	555731971167804
555731986157908	555732009913116	555731988616762
555732000538117	555732026511554	555732003152179
555732015827700	555732043095408	555732018264679
555732029958429	555732059699575	555732032383429
555732048882387	555732076264158	555732051295929
555732062475096	555732092858950	555732065074575
555732082497491	555732109438116	555732084934991
555732095573012	555732126027179	555732098323012
555732115429262	555732142628221	555732117826137
555732132446971	555732159205825	555732134869366
555732148686033	555732175807387	555732151331346
555732164313116	555732192396450	555732166537596
555732182217283	555732208989158	555732184618846
555732198854783	555732225571971	555732201498533
555732216246971	555732242143325	555732218688116
555732229366762	555732258748012	555732231962075
555732248484991	555732275344887	555732251159471
555732264457908	555732291930825	555732267208429
555732280826658	555732308516241	555732283490721
555732298569366	555732325103221	555732300882387
555732317594887	555732341691762	555732320130304
555732341823533	555732358276658	555732344441762
555732365179783	555732391536554	555732367737075
555732386996450	555732408048012	555732389581346
555732406455825	555732424638637	555732409042804
555732420462075	555732441232387	555732423068325
555732433736554	555732457816762	555732436358950
555732447952179	555732474412596	555732450453741
555732462342283	555732491022491	555732464975616
555732478051137	555732507582908	555732480705825
555732494692283	555732524185512	555732497453741
555732512819887	555732540763116	555732515476658
555732527938116	555732557368846	555732530538116
555732544394887	555732574027700	555732546574054
555732562900616	555732590530825	555732565380304
555732578283429	555732607156866	555732580846450
555732594380825	555732623698533	555732596855825
555732613248533	555732640273533	555732615929262
555732629850096	555732656887596	555732632731866
555732634438116	555732673809471	555732636895929
555732666284991	555732690048012	555732669278221
555732683941762	555732706609471	555732687368325
555732701276137	555732723198012	555732703883429
555732716187075	555732739781346	555732718839679
555732734951658	555732756365721	555732737196450
555732753571450	555732772964158	555732756140721
555732770408429	555732789544887	555732773053741
555732787231346	555732806131346	555732789758950
555732803308429	555732822727700	555732805908429
555732820272491	555732839314679	555732822875616
555732837230304	555732855905825	555732839790200
555732854251658	555732872509991	555732856782908
555732870987075	555732889089158	555732873521450
555732887448012	555732905670929	555732890004262
555732906165721	555732922270929	555732908687075
555732925961554	555732955448012	555732928600616
555732953454783	555732972045408	555732956126658
555732978496971	555733005214158	555732981063637
555732998085512	555733021785512	555733000582908
555733016761033	555733038382387	555733019266762
555733035397491	555733054962596	555733037894887
555733051235512	555733071555304	555733053820929
555733066698012	555733088147491	555733069302179
555733082008429	555733104741241	555733084580304
555733098153220	555733121306866	555733100845408
555733115845929	555733137912075	555733118446970
555733131682387	555733154503220	555733134292283
555733149303220	555733171091762	555733151897491
555733163943325	555733187678741	555733167307387
555733180976658	555733204273533	555733183469887
555733199320408	555733220857387	555733201780304
555733215570929	555733237440720	555733218232908
555733229401137	555733254033950	555733231996970
555733248098012	555733270618325	555733250562075
555733264103741	555733287211033	555733266642804
555733279941241	555733303795929	555733282557387
555733297283429	555733320372491	555733299828741
555733312167804	555733336964679	555733314908429
555733326778220	555733353560512	555733329436554
555733330013116	555733370143325	555733331888637
555733330013116	555733618961033	555733331888637
555733641443845	555733668722491	555733643302700
555733663037595	555733685298012	555733665502700
555733676355825	555733701884470	555733678969366
555733694882387	555733718471970	555733697358950
555733720527179	555733751639158	555733723114679
555733730115200	555733768242804	555733732740720
555733743191762	555733784813637	555733745839679
555735345057908	555735360700616	555735347549053
555735405868324	555735427053220	555735408461033
555735471773533	555735493447491	555735474334991
555735539270408	555735559787595	555735542457908
555735603929783	555735626125616	555735606168324
555735668729783	555735692492803	555735669307387
555793929316232	555793938408420	555793930917274
555793938466753	555793971559982	555793940371440
555793945155295	555793988131857	555793946891232
555793966444357	555794004705295	555793968297482
555793982009461	555794021270920	555793983750086
555793997747482	555794037850607	555793999456336
555794013338107	555794054421961	555794014766753
555794030184461	555794071009461	555794031853211
555794046413107	555794087581336	555794048149045
555794062105295	555794104154774	555794063706857
555794080944878	555794120741232	555794082764149
555794097824045	555794137306336	555794100427690
555794113298524	555794153886545	555794114969357
555794130610503	555794170467274	555794132339149
555794146956336	555794187027170	555794148716232
555794163418315	555794203606857	555794166838628
555794182139149	555794220166753	555794183744357
555794196451128	555794236773003	555794198287065
555794212462586	555794253353732	555794214276649
555794230900607	555794269923003	555794232764149
555794246208420	555794286498524	555794248062065
555794263425607	555794303073524	555794265248524
555794279287586	555794319641753	555794281173003
555794295398524	555794336221440	555794297157378
555794312255294	555794352805294	555794314029253
555794328233940	555794369373524	555794330029253
555794348702690	555794385952690	555794350687586
555794361429774	555794402512586	555794363267794
555795621008940	555795646042794	555795622773003
555795636165711	555795662324565	555795637738107
555795653149044	555795678901648	555795654723003


16666666
555813851347479	555813880116750	555813853870396
555813869437062	555813896705292	555813872366229
555813877600604	555813913296437	555813880198000
555813904924562	555813929878729	555813907321437
555813922433417	555813946458416	555813924829250
555813939249041	555813963049562	555813941853729
555813952790187	555813979623521	555813955142271
555813970814666	555813996218833	555813973386541
555813986024562	555814012791750	555813988670396
555814004148521	555814029392791	555814006746958
555814019385500	555814045980812	555814022535500
555814037027166	555814062521958	555814039611021
555814047330291	555814079128729	555814050099562
555814069352687	555814095705812	555814072075604
555814085464666	555814112278208	555814087992791
555814098307375	555814128851646	555814102212583
555814113703208	555814145431854	555814116337062
555814128313104	555814162025083	555814130826125
555814147116229	555814178599562	555814149732375
555814162531854	555814195193312	555814165157896
555814178566229	555814211752687	555814181248000
555814196141229	555814228361021	555814198868312
555814216706854	555814244950083	555814218955291
555814236278208	555814261524562	555814238841750
555814262856333	555814278100083	555814265555291
555814284856854	555814311253208	555814286971437
555814304432375	555814327839146	555814307044354
555814321401646	555814344426646	555814323749041
555814334930291	555814361016750	555814337568312
555814339238625	555814377568833	555814341771437
555814360095396	555814394200083	555814362502687
555814377011021	555814410769875	555814379553729
555814396245396	555814427334458	555814398784458
555814415664146	555814443920916	555814418359979
555814435737583	555814460493833	555814438384458
555814452337583	555814477076646	555814454619354
555814463858937	555814493651646	555814466315708
555814483168833	555814510231854	555814485942271
555814499994875	555814526803208	555814502583937
555814517267271	555814543402166	555814519850083
555814532857375	555814559981854	555814535495396
555814551508416	555814576566750	555814554048000
555814561980291	555814593144354	555814564723521
555814580471958	555814609724041	555814582816229
555814598269354	555814626294354	555814600845396
555814614367791	555814642865708	555814616964666
555814629531333	555814659458937	555814631952166
555814646043833	555814676025083	555814648715708
555814663013104	555814692589666	555814665812583
555814685645396	555814709189666	555814688246958
555814703799562	555814725771437	555814706391229
555814718392791	555814742367271	555814721281333
555814733667791	555814758933937	555814736116229
555814751180812	555814775514666	555814753841229
555814763941750	555814792110500	555814766718312
555814766796437	555814808681333	555814768900604
555814800495916	555814825231854	555814803076125
555814819313104	555814841827687	555814821888625
555814831405291	555814858416750	555814833923000
555814844647479	555814874970396	555814847381854
555814860317791	555814891558416	555814863033937
555814878170916	555814908115708	555814880761021
555814894069875	555814924692271	555814896661021
555814911107375	555814941298521	555814913574562
555814918796958	555814957858937	555814921389146
555814946126646	555814974445396	555814948657375
555814966172479	555814991030291	555814968775083
555814989237062	555815007604250	555814991759458
555815011809458	555815040754250	555815014316750
555815031890708	555815057324562	555815034398520
555815043187583	555815073889145	555815045874041
555815052171437	555815090494354	555815054864145
555815067160500	555815107069354	555815069731854
555815083971437	555815123649562	555815086483416
555815100957895	555815140257375	555815103498000
555815120084979	555815156830812	555815122864145
555815137288625	555815173380812	555815139844875
555815150903208	555815189955812	555815153812062
555815168999562	555815206535500	555815171531854
555815184443833	555815223122479	555815187012062
555815201554770	555815239707895	555815203720916
555815218804250	555815256298000	555815221335500
555815235356854	555815272875604	555815237872479
555815252428729	555815289503729	555815254955291
555815268738104	555815306045916	555815271584979
555815285593833	555815322594875	555815288133416
555815301882895	555815339174041	555815304464666
555815318469354	555815355797479	555815321080291
555815335356333	555815372328208	555815337901125
555815353001125	555815389154250	555815355471958
555815367970916	555815405495395	555815370543833
555815385030291	555815422071437	555815387670395
555815403200604	555815438644354	555815405798520
555815416617791	555815455233937	555815419194354
555815433906333	555815471811541	555815436487062
555815450133937	555815488404770	555815452748520
555815467623520	555815505033937	555815470164666
555815483420395	555815521542270	555815485939666
555815501589145	555815538124041	555815504132375
555815519686020	555815554728208	555815522208937
555815532059458	555815571302687	555815534599562
555815550858937	555815587880812	555815553441229
555815565425604	555815604468833	555815567936020
555815582702166	555815621048520	555815585252687
555815601934979	555815637604770	555815604396958
555815624584458	555815654205812	555815627529250
555815633563104	555815670753208	555815635775604
555815649907375	555815687350083	555815652456854
555815671387583	555815703921958	555815673882895
555815681943833	555815720506333	555815684664145
555815701163625	555815737074041	555815703743833
555815715288104	555815753650083	555815717869354
555815732050083	555815770229250	555815734654250
555815746644875	555815786807375	555815749239666
555815765235500	555815803396958	555815767864145
555815780752166	555815820000083	555815783391750
555815796561020	555815836531333	555815798925604
555815817006854	555815853134979	555815819568312
555815831599041	555815869685500	555815834078729
555815847940708	555815886278208	555815850696437
555815863719875	555815902851645	555815866098520
555815883793833	555815919434979	555815886393833
555815897856854	555815936017270	555815900388625
555815918662062	555815952617791	555815921199562
555815930554250	555815969180291	555815932990187
555815952651125	555815985787583	555815955178729
555815968211541	9223372036854775807	555815968505812


16666666
555820772164145	555820793554249	555820774379770
555820795613103	555820826719874	555820798206853
555820812688103	555820843291749	555820815112061
555820824796436	555820859874040	555820827350603
555820839195395	555820876450082	555820841779249
555820853982895	555820893039665	555820856531853
555820870492790	555820909619353	555820873117790
555820886193832	555820926190186	555820888752686
555820903590707	555820942768832	555820906090707
555820919287061	555820959366228	555820921919874
555820936483415	555820975919353	555820939082895
555820952951124	555820992497478	555820955555290
555820969049561	555821009086540	555820971635499
555820984922478	555821025696436	555820987538624
555821114368311	555821141714145	555821116835499
555821137810499	555821158311020	555821140189145
555821158585499	555821174876645	555821161191749
555821176766749	555821208331853	555821179333415
555821196048520	555821224593832	555821198738103
555821213430290	555821241186020	555821216370915
555821231342790	555821257750082	555821233789665
555821253870395	555821274330290	555821256437582
555821269463103	555821290920915	555821271977165
555821288256332	555821307489145	555821290806853
555821306363103	555821324067270	555821308896957
555821323991749	555821340661540	555821326529249
555821340255811	555821357252686	555821342781332
555821358058415	555821373821436	555821360551124
555821375122478	555821406975082	555821377617270
555821391879249	555821423541749	555821394431853
555821401847999	555821440113103	555821404445395
555821417727165	555821456704249	555821420318311
555821691548519	555821721961019	555821694103207
555821727832374	555821755130290	555821730370915
555821749859457	555821771689665	555821752438103
555821767516228	555821788257894	555821769944353
555821790194353	555821821434978	555821792827165
555821809038103	555821838011540	555821811652165
555821827110499	555821854593832	555821829705811
555821843447478	555821871164665	555821845605290
555821861939144	555821887745394	555821864491228
555821881933415	555821904328207	555821884534457
555821899504249	555821920917790	555821901947999
555821915514665	555821937486019	555821917898519
555821934964665	555821954062061	555821937564144
555821956725603	555821987244874	555821959276644
555821979416228	555822003815707	555821982055290
555821997780811	555822020483415	555822000528207
555822021625603	555822036978728	555822024319874
555822035869874	555822053537582	555822038569874
555822050083936	555822070129769	555822052555290
555822061297478	555822086700082	555822064054769
555822076443311	555822103277165	555822079053207
555822080664665	555822119866228	555822083154769
555822109600082	555822136451644	555822111819874
555822117156332	555822153022999	555822119579769
555822145091749	555822169588624	555822147690186
555822162617790	555822186176124	555822165953728
555822177721436	555822202740186	555822180288624
555822192885499	555822219319353	555822195425603
555822210522999	555822235903728	555822213064144
555822230883936	555822252474040	555822233475082
555822246051124	555822269058415	555822248657374
555822263765186	555822285668311	555822266481332
555822280808936	555822302182374	555822283551644
555822300434457	555822318758936	555822302715707
555822314831853	555822335358415	555822317215707
555822334384457	555822351920394	555822337008936
555822352132894	555822368483415	555822354661540
555822366921957	555822385060499	555822369474561
555822382726124	555822401648519	555822385254249
555822399407374	555822418220915	555822401828207
555822414592790	555822434789665	555822417087582
555822426663624	555822451377686	555822429218311
555822442936019	555822467938624	555822445516228
555822456738103	555822484536540	555822459119353
555822460141749	555822501107894	555822462150603
555822488816228	555822517683415	555822491261540
555822508046957	555822534245394	555822510631853
555822525077165	555822550828207	555822527731853
555822542343311	555822567402686	555822544882374
555822559916749	555822583986019	555822562767790
555822577207374	555822600575603	555822579421436
555822596279249	555822617138624	555822598683936
555822615927165	555822633728207	555822618229249
555822635790707	555822667248519	555822638608936
555822657265707	555822683451123	555822659775082
555822677109978	555822700099040	555822679690186
555822698764665	555822716618311	555822701203728
555822726760498	555822749813103	555822729170915
555822760128728	555822782957894	555822762396436
555822787246957	555822816096436	555822789648519
555822815620915	555822832674040	555822818087582
555822825884978	555822849252165	555822828382373
555822842553728	555822865793311	555822845351644
555822851564144	555822882378728	555822854497478
555822872739665	555822898946436	555822875112582
555822894649040	555822915533936	555822897172998
555822910873519	555822932103728	555822913447478
555822916372478	555822948691748	555822919292269
555822937430290	555822965264144	555822940057373
555822954975082	555822981852165	555822957386019
555822971092790	555822998431853	555822973736540
555822987571436	555823015321436	555822990057894
555823004205811	555823031581332	555823006847998
555823020292790	555823048193311	555823022870394
555823037206332	555823064767790	555823039618311
555823055425082	555823081321436	555823057781853
555823071974040	555823097921957	555823074336540
555823077677686	555823114487582	555823080604769
555823106964665	555823131043832	555823109533415
555823126647478	555823147617790	555823129114665
555823143458415	555823164205290	555823146104248
555823148363103	555823180775603	555823150943832
555823148363103	555823363151123	555823150943832
555823370507894	555823396278207	555823373050082
555823382088103	555823412878728	555823384664144
555823387790186	555823429430290	555823390372478
555823412175603	555823446017269	555823414595394
555823424310498	555823462600082	555823426825603
555823439179769	555823479172478	555823441799040
555825047781852	555825070896956	555825050388102
555825099526123	555825120557373	555825102103727
555825164542269	555825186908936	555825166989144
555825232899040	555825253241748	555825235622998
555825296787061	555825319558936	555825298813102
555825360777686	555825385858415	555825361397477


16666666
555820772164145	555820793554249	555820774379770
555820795613103	555820826719874	555820798206853
555820812688103	555820843291749	555820815112061
555820824796436	555820859874040	555820827350603
555820839195395	555820876450082	555820841779249
555820853982895	555820893039665	555820856531853
555820870492790	555820909619353	555820873117790
555820886193832	555820926190186	555820888752686
555820903590707	555820942768832	555820906090707
555820919287061	555820959366228	555820921919874
555820936483415	555820975919353	555820939082895
555820952951124	555820992497478	555820955555290
555820969049561	555821009086540	555820971635499
555820984922478	555821025696436	555820987538624
555821114368311	555821141714145	555821116835499
555821137810499	555821158311020	555821140189145
555821158585499	555821174876645	555821161191749
555821176766749	555821208331853	555821179333415
555821196048520	555821224593832	555821198738103
555821213430290	555821241186020	555821216370915
555821231342790	555821257750082	555821233789665
555821253870395	555821274330290	555821256437582
555821269463103	555821290920915	555821271977165
555821288256332	555821307489145	555821290806853
555821306363103	555821324067270	555821308896957
555821323991749	555821340661540	555821326529249
555821340255811	555821357252686	555821342781332
555821358058415	555821373821436	555821360551124
555821375122478	555821406975082	555821377617270
555821391879249	555821423541749	555821394431853
555821401847999	555821440113103	555821404445395
555821417727165	555821456704249	555821420318311
555821691548519	555821721961019	555821694103207
555821727832374	555821755130290	555821730370915
555821749859457	555821771689665	555821752438103
555821767516228	555821788257894	555821769944353
555821790194353	555821821434978	555821792827165
555821809038103	555821838011540	555821811652165
555821827110499	555821854593832	555821829705811
555821843447478	555821871164665	555821845605290
555821861939144	555821887745394	555821864491228
555821881933415	555821904328207	555821884534457
555821899504249	555821920917790	555821901947999
555821915514665	555821937486019	555821917898519
555821934964665	555821954062061	555821937564144
555821956725603	555821987244874	555821959276644
555821979416228	555822003815707	555821982055290
555821997780811	555822020483415	555822000528207
555822021625603	555822036978728	555822024319874
555822035869874	555822053537582	555822038569874
555822050083936	555822070129769	555822052555290
555822061297478	555822086700082	555822064054769
555822076443311	555822103277165	555822079053207
555822080664665	555822119866228	555822083154769
555822109600082	555822136451644	555822111819874
555822117156332	555822153022999	555822119579769
555822145091749	555822169588624	555822147690186
555822162617790	555822186176124	555822165953728
555822177721436	555822202740186	555822180288624
555822192885499	555822219319353	555822195425603
555822210522999	555822235903728	555822213064144
555822230883936	555822252474040	555822233475082
555822246051124	555822269058415	555822248657374
555822263765186	555822285668311	555822266481332
555822280808936	555822302182374	555822283551644
555822300434457	555822318758936	555822302715707
555822314831853	555822335358415	555822317215707
555822334384457	555822351920394	555822337008936
555822352132894	555822368483415	555822354661540
555822366921957	555822385060499	555822369474561
555822382726124	555822401648519	555822385254249
555822399407374	555822418220915	555822401828207
555822414592790	555822434789665	555822417087582
555822426663624	555822451377686	555822429218311
555822442936019	555822467938624	555822445516228
555822456738103	555822484536540	555822459119353
555822460141749	555822501107894	555822462150603
555822488816228	555822517683415	555822491261540
555822508046957	555822534245394	555822510631853
555822525077165	555822550828207	555822527731853
555822542343311	555822567402686	555822544882374
555822559916749	555822583986019	555822562767790
555822577207374	555822600575603	555822579421436
555822596279249	555822617138624	555822598683936
555822615927165	555822633728207	555822618229249
555822635790707	555822667248519	555822638608936
555822657265707	555822683451123	555822659775082
555822677109978	555822700099040	555822679690186
555822698764665	555822716618311	555822701203728
555822726760498	555822749813103	555822729170915
555822760128728	555822782957894	555822762396436
555822787246957	555822816096436	555822789648519
555822815620915	555822832674040	555822818087582
555822825884978	555822849252165	555822828382373
555822842553728	555822865793311	555822845351644
555822851564144	555822882378728	555822854497478
555822872739665	555822898946436	555822875112582
555822894649040	555822915533936	555822897172998
555822910873519	555822932103728	555822913447478
555822916372478	555822948691748	555822919292269
555822937430290	555822965264144	555822940057373
555822954975082	555822981852165	555822957386019
555822971092790	555822998431853	555822973736540
555822987571436	555823015321436	555822990057894
555823004205811	555823031581332	555823006847998
555823020292790	555823048193311	555823022870394
555823037206332	555823064767790	555823039618311
555823055425082	555823081321436	555823057781853
555823071974040	555823097921957	555823074336540
555823077677686	555823114487582	555823080604769
555823106964665	555823131043832	555823109533415
555823126647478	555823147617790	555823129114665
555823143458415	555823164205290	555823146104248
555823148363103	555823180775603	555823150943832
555823148363103	555823363151123	555823150943832
555823370507894	555823396278207	555823373050082
555823382088103	555823412878728	555823384664144
555823387790186	555823429430290	555823390372478
555823412175603	555823446017269	555823414595394
555823424310498	555823462600082	555823426825603
555823439179769	555823479172478	555823441799040
555825047781852	555825070896956	555825050388102
555825099526123	555825120557373	555825102103727
555825164542269	555825186908936	555825166989144
555825232899040	555825253241748	555825235622998
555825296787061	555825319558936	555825298813102
555825360777686	555825385858415	555825361397477


16666666
555820772164145	555820793554249	555820774379770
555820795613103	555820826719874	555820798206853
555820812688103	555820843291749	555820815112061
555820824796436	555820859874040	555820827350603
555820839195395	555820876450082	555820841779249
555820853982895	555820893039665	555820856531853
555820870492790	555820909619353	555820873117790
555820886193832	555820926190186	555820888752686
555820903590707	555820942768832	555820906090707
555820919287061	555820959366228	555820921919874
555820936483415	555820975919353	555820939082895
555820952951124	555820992497478	555820955555290
555820969049561	555821009086540	555820971635499
555820984922478	555821025696436	555820987538624
555821114368311	555821141714145	555821116835499
555821137810499	555821158311020	555821140189145
555821158585499	555821174876645	555821161191749
555821176766749	555821208331853	555821179333415
555821196048520	555821224593832	555821198738103
555821213430290	555821241186020	555821216370915
555821231342790	555821257750082	555821233789665
555821253870395	555821274330290	555821256437582
555821269463103	555821290920915	555821271977165
555821288256332	555821307489145	555821290806853
555821306363103	555821324067270	555821308896957
555821323991749	555821340661540	555821326529249
555821340255811	555821357252686	555821342781332
555821358058415	555821373821436	555821360551124
555821375122478	555821406975082	555821377617270
555821391879249	555821423541749	555821394431853
555821401847999	555821440113103	555821404445395
555821417727165	555821456704249	555821420318311
555821691548519	555821721961019	555821694103207
555821727832374	555821755130290	555821730370915
555821749859457	555821771689665	555821752438103
555821767516228	555821788257894	555821769944353
555821790194353	555821821434978	555821792827165
555821809038103	555821838011540	555821811652165
555821827110499	555821854593832	555821829705811
555821843447478	555821871164665	555821845605290
555821861939144	555821887745394	555821864491228
555821881933415	555821904328207	555821884534457
555821899504249	555821920917790	555821901947999
555821915514665	555821937486019	555821917898519
555821934964665	555821954062061	555821937564144
555821956725603	555821987244874	555821959276644
555821979416228	555822003815707	555821982055290
555821997780811	555822020483415	555822000528207
555822021625603	555822036978728	555822024319874
555822035869874	555822053537582	555822038569874
555822050083936	555822070129769	555822052555290
555822061297478	555822086700082	555822064054769
555822076443311	555822103277165	555822079053207
555822080664665	555822119866228	555822083154769
555822109600082	555822136451644	555822111819874
555822117156332	555822153022999	555822119579769
555822145091749	555822169588624	555822147690186
555822162617790	555822186176124	555822165953728
555822177721436	555822202740186	555822180288624
555822192885499	555822219319353	555822195425603
555822210522999	555822235903728	555822213064144
555822230883936	555822252474040	555822233475082
555822246051124	555822269058415	555822248657374
555822263765186	555822285668311	555822266481332
555822280808936	555822302182374	555822283551644
555822300434457	555822318758936	555822302715707
555822314831853	555822335358415	555822317215707
555822334384457	555822351920394	555822337008936
555822352132894	555822368483415	555822354661540
555822366921957	555822385060499	555822369474561
555822382726124	555822401648519	555822385254249
555822399407374	555822418220915	555822401828207
555822414592790	555822434789665	555822417087582
555822426663624	555822451377686	555822429218311
555822442936019	555822467938624	555822445516228
555822456738103	555822484536540	555822459119353
555822460141749	555822501107894	555822462150603
555822488816228	555822517683415	555822491261540
555822508046957	555822534245394	555822510631853
555822525077165	555822550828207	555822527731853
555822542343311	555822567402686	555822544882374
555822559916749	555822583986019	555822562767790
555822577207374	555822600575603	555822579421436
555822596279249	555822617138624	555822598683936
555822615927165	555822633728207	555822618229249
555822635790707	555822667248519	555822638608936
555822657265707	555822683451123	555822659775082
555822677109978	555822700099040	555822679690186
555822698764665	555822716618311	555822701203728
555822726760498	555822749813103	555822729170915
555822760128728	555822782957894	555822762396436
555822787246957	555822816096436	555822789648519
555822815620915	555822832674040	555822818087582
555822825884978	555822849252165	555822828382373
555822842553728	555822865793311	555822845351644
555822851564144	555822882378728	555822854497478
555822872739665	555822898946436	555822875112582
555822894649040	555822915533936	555822897172998
555822910873519	555822932103728	555822913447478
555822916372478	555822948691748	555822919292269
555822937430290	555822965264144	555822940057373
555822954975082	555822981852165	555822957386019
555822971092790	555822998431853	555822973736540
555822987571436	555823015321436	555822990057894
555823004205811	555823031581332	555823006847998
555823020292790	555823048193311	555823022870394
555823037206332	555823064767790	555823039618311
555823055425082	555823081321436	555823057781853
555823071974040	555823097921957	555823074336540
555823077677686	555823114487582	555823080604769
555823106964665	555823131043832	555823109533415
555823126647478	555823147617790	555823129114665
555823143458415	555823164205290	555823146104248
555823148363103	555823180775603	555823150943832
555823148363103	555823363151123	555823150943832
555823370507894	555823396278207	555823373050082
555823382088103	555823412878728	555823384664144
555823387790186	555823429430290	555823390372478
555823412175603	555823446017269	555823414595394
555823424310498	555823462600082	555823426825603
555823439179769	555823479172478	555823441799040
555825047781852	555825070896956	555825050388102
555825099526123	555825120557373	555825102103727
555825164542269	555825186908936	555825166989144
555825232899040	555825253241748	555825235622998
555825296787061	555825319558936	555825298813102
555825360777686	555825385858415	555825361397477


16666666
555894450157883	555894478721946	555894451893300
555894464397467	555894495313092	555894466295904
555894482290175	555894511884446	555894484071946
555894498580279	555894528442779	555894500278717
555894513797988	555894545032363	555894515723508
555894530898508	555894561613613	555894532806842
555894546844863	555894578182363	555894548889133
555894564449029	555894594771425	555894566379238
555894580980800	555894611323508	555894582891738
555894596252675	555894627916217	555894598429238
555894614982883	555894644486529	555894616959967
555894631957363	555894661056842	555894633895383
555894645730279	555894677616738	555894647589133
555894663853717	555894694218300	555894665414654
555894677863613	555894710800071	555894679940175
555894697163613	555894727377675	555894699314133
555894712954758	555894743950071	555894714743300
555894729790175	555894760512050	555894731799550
555894745307363	555894777081321	555894747269342
555894761807883	555894793657883	555894763831321
555894778727154	555894810236008	555894780747467
555894794926633	555894826831321	555894796975592
555894812293300	555894843408925	555894814361008
555894831427154	555894859982362	555894833462571
555894846951112	555894876549029	555894849072987
555894863067258	555894893127675	555894864986529
555894879480279	555894909699550	555894881736529
555894894989133	555894926273508	555894897233925
555894916986008	555894942855800	555894918849029
555894932990696	555894959444862	555894934772987
555894948897467	555894976025592	555894950965175
555894963362571	555894992591217	555894965311008
555894979899550	555895009177154	555894981788612
555894994070904	555895025768821	555894996237571
555895012085487	555895042335487	555895014096946
555895029230279	555895058908404	555895031482883
555895044677675	555895075499550	555895046861008
555895060721946	555895092084446	555895062751633
555895077620904	555895108641217	555895079817779
555895091916217	555895125218300	555895094253717
555895108521946	555895141772467	555895110894342
555895125497987	555895158365175	555895127740175
555895144245904	555895174946946	555895146467779
555895159714133	555895191502154	555895161996425
555895177163612	555895208105279	555895179534446
555895193749550	555895224675592	555895195893821
555895208272467	555895241256842	555895210619342
555895227389133	555895257850592	555895229277675
555895246520904	555895274416737	555895248772467
555895261046425	555895290995383	555895263408404
555895276724029	555895307569862	555895278816737
555895299105279	555895324140175	555895301994862
555895318225592	555895340716737	555895320748508
555895332895383	555895357303196	555895335213092
555895346939654	555895373865696	555895349532362
555895362046425	555895390436529	555895364140696
555895373283925	555895407049029	555895375465696
555895392405279	555895423628717	555895395452154
555895411169342	555895440170383	555895413577675
555895422771946	555895456772987	555895425072987
555895435078717	555895473326633	555895437538092
555895526620904	555895556267779	555895529165696
555895544766737	555895572856321	555895547167258
555895561736529	555895589400592	555895563847987
555895579142779	555895605968300	555895581710487
555895596744862	555895622542779	555895598859967
555895611652675	555895639121425	555895614206321
555895627307362	555895655693300	555895629797987
555895641795383	555895672290696	555895644383404
555895652143821	555895688846946	555895654621946
555895664744862	555895705419342	555895667258925
555895743348508	555895771737571	555895746012050
555895763845383	555895788306321	555895766466217
555895778699550	555895804879758	555895780947987
555895795318300	555895821529758	555895797929237
555895801097987	555895838017258	555895803527154
555895970338091	555895987274550	555895972843300
555895987853196	555896003824550	555895990303196
555896004062571	555896020405800	555896006531841
555896019236529	555896036966216	555896021732883
555896030077154	555896053535487	555896032621425
555896049503716	555896070115175	555896052052154
555896056905279	555896086694341	555896059489133
555896070781841	555896103282362	555896073439654
555896083472987	555896119847466	555896086453196
555896146878196	555896169602675	555896149413091
555896167983925	555896186150071	555896170441737
555896183336008	555896202721425	555896185044862
555896201581321	555896219287050	555896203478196
555896208995904	555896235870383	555896210954237
555896215702154	555896252441216	555896217788091
555896230874550	555896269020904	555896233000591
555896250202675	555896285623508	555896252159446
555896261861529	555896302178196	555896262657362
555896278339133	555896318750071	555896279390175
555896297507883	555896335309966	555896297941737
555896312857362	555896351900071	555896313707883
555896352856841	555896368484966	555896354732883
555896370281841	555896401630800	555896372236529
555896386696425	555896418216737	555896388574550
555896401901633	555896434776633	555896403729758
555896418101112	555896451367779	555896420358925
555896432838612	555896467933925	555896434661008
555896448879758	555896484509446	555896450583404
555896466332362	555896501070904	555896468929237
555896479531841	555896517658404	555896481811529
555896499185487	555896534231841	555896501717258
555896514466737	555896550813612	555896517020904
555896530144341	555896567381321	555896532653196
555896547384446	555896583957883	555896549985487
555896563749029	555896600546946	555896566240696
555896580854758	555896617121425	555896583230800
555896598523508	555896633686008	555896601029237
555896614037571	555896650261008	555896618022466
555896628316737	555896666828196	555896631110487
555896647453196	555896683401112	555896650163612
555896664282362	555896699969862	555896666781841
555896678580279	555896716564654	555896681563612
555896694008404	555896733124550	555896696809446
555896718505800	555896749710487	555896721048508
555896737203716	555896766290696	555896739642779
555896753442779	555896782898508	555896756120383
555896770719862	555896799411008	555896773105279
555896787366216	555896816004758	555896790071946
555896803676633	555896832581321	555896806039654
555896817365696	555896849165175	555896819924550
555896836337050	9223372036854775807	555896839025071


16666666
555905897173507	555905934026632	555905899499027
555905910736527	555905950596423	555905913380277
555905927026632	555905967162048	555905929693298
555905943191736	555905983755798	555905945707882
555905960899027	555906000321423	555905963511007
555905977401111	555906016921423	555905979969340
555905993086007	555906033482882	555905995571944
555906010670902	555906050075590	555906013090173
555906028772986	555906066639132	555906031317257
555906047364652	555906083230277	555906049753715
555906062279757	555906099805798	555906064959444
555906076272465	555906116364652	555906078647465
555906094162569	555906132951111	555906096262569
555906120190173	555906149539652	555906122152152
555906142659965	555906166167257	555906145046423
555906167209965	555906182689652	555906169583923
555906189996944	555906216108402	555906192457882
555906204653715	555906232400590	555906207090694
555906223515694	555906248993819	555906225960486
555906238329757	555906265589132	555906240952673
555906253228715	555906282141215	555906255874027
555906268828194	555906298725590	555906270965173
555906286978715	555906315297986	555906289793298
555906303120902	555906331874027	555906305725069
555906317157361	555906348450069	555906319900590
555906337951111	555906365038090	555906340558402
555906354763611	555906381623507	555906357091215
555906373215173	555906398200069	555906375971944
555906389009965	555906414772465	555906391634444
555906405893298	555906431359444	555906409130277
555906422324027	555906447933402	555906424912569
555906438218298	555906464503715	555906440754757
555906452947986	555906481091215	555906455337569
555906470225069	555906497666736	555906472956840
555906489588611	555906514254757	555906492096423
555906503914132	555906531168298	555906506280277
555906521502152	555906547396944	555906523571423
555906537996944	555906563967777	555906540470382
555906558415173	555906580553715	555906561015173
555906575672465	555906597117777	555906578197986
555906593154236	555906613704757	555906595856319
555906610493298	555906630278194	555906612976632
555906623770902	555906646848507	555906626282361
555906643662569	555906663424027	555906646465694
555906659749027	555906680000069	555906662278715
555906680653194	555906696592257	555906683122465
555906708218298	555906729762048	555906710605798
555906731607361	555906762908402	555906734052152
555906756822986	555906779471944	555906759433923
555906772509965	555906796042256	555906775615694
555906790776111	555906812612048	555906793421944
555906804989131	555906829215694	555906807557881
555906818471423	555906845771944	555906821120902
555906835850069	555906862365173	555906838226631
555906849295902	555906878927673	555906851881840
555906866040173	555906895533402	555906867159965
555906880968819	555906912102152	555906883546423
555906898220902	555906928670381	555906900925590
555906917856319	555906945255277	555906920642777
555906931750590	555906961820381	555906934276631
555906950949548	555906978413090	555906953519340
555906967303715	555906995001631	555906970176111
555906983269340	555907011555277	555906985747465
555907001757361	555907028142777	555907004603715
555907017752673	555907044705798	555907020309965
555907033761006	555907061286006	555907036346944
555907053495381	555907077874548	555907056079236
555907070332881	555907094427152	555907072656840
555907089233923	555907111017777	555907091704756
555907100695381	555907127579756	555907103013611
555907120979756	555907144152673	555907123464131
555907136991736	555907160746944	555907139295902
555907151219861	555907177311527	555907153831840
555907167782361	555907193888090	555907170497465
555907186266215	555907210467777	555907188889131
555907203036527	555907227028715	555907205611527
555907228545902	555907260186006	555907231126631
555907252464652	555907276756840	555907255417256
555907268831840	555907293354236	555907271455798
555907286487569	555907309929236	555907289046944
555907289979236	555907326492777	555907291977152
555907303622465	555907343062569	555907306202673
555907346718819	555907376239652	555907349314131
555907365522986	555907392813090	555907368164652
555907383113611	555907409395381	555907385866215
555907401096423	555907425992777	555907403782881
555907403161006	555907442547986	555907405372465
555907594612048	555907624930277	555907597006840
555907617936006	555907641483923	555907620379236
555907644399027	555907674633923	555907647174027
555907667454756	555907691220381	555907670214131
555907690790694	555907707799027	555907692675590
555907710394861	555907740949027	555907712996944
555907714190694	555907757533923	555907716228715
555907749039131	555907774099027	555907751741215
555907773539652	555907790658402	555907776074548
555907794009965	555907823830277	555907796567777
555907810808923	555907840407881	555907813226111
555907833488090	555907856977152	555907835920381
555907849071944	555907873553715	555907851876631
555907859103715	555907890119340	555907861844340
555907870972985	555907906711527	555907873469860
555907935974027	555907956446944	555907938538610
555907966080798	555907989640694	555907968587048
555907982592777	555908006178194	555907985612569
555908005227152	555908022741735	555908007957360
555908022725069	555908039317777	555908025286527
555908030095381	555908055886527	555908032718819
555908167151631	555908188540694	555908169582360
555908206753715	555908238230798	555908209216735
555908239383923	555908254814652	555908241891215
555908263516735	555908287954756	555908266030277
555908271454235	555908304520902	555908273959444
555908283483402	555908321099027	555908286068819
555908283483402	555908619481840	555908286068819
555908627937569	555908652631319	555908630471423
555908641715694	555908669191735	555908644100590
555908649766215	555908685751631	555908653237048
555908669554235	555908702327673	555908672153715
555908680175069	555908718906840	555908682870381
555908694702152	555908735482881	555908697345381
555910301326110	555910326855798	555910303805798
555910355609443	555910376567256	555910358121423
555910422087048	555910442847985	555910424591735
555910489314131	555910509157360	555910491955798
555910553172985	555910575476110	555910555364131
555910616779756	555910641772464	555910617452152


16666666
555905897173507	555905934026632	555905899499027
555905910736527	555905950596423	555905913380277
555905927026632	555905967162048	555905929693298
555905943191736	555905983755798	555905945707882
555905960899027	555906000321423	555905963511007
555905977401111	555906016921423	555905979969340
555905993086007	555906033482882	555905995571944
555906010670902	555906050075590	555906013090173
555906028772986	555906066639132	555906031317257
555906047364652	555906083230277	555906049753715
555906062279757	555906099805798	555906064959444
555906076272465	555906116364652	555906078647465
555906094162569	555906132951111	555906096262569
555906120190173	555906149539652	555906122152152
555906142659965	555906166167257	555906145046423
555906167209965	555906182689652	555906169583923
555906189996944	555906216108402	555906192457882
555906204653715	555906232400590	555906207090694
555906223515694	555906248993819	555906225960486
555906238329757	555906265589132	555906240952673
555906253228715	555906282141215	555906255874027
555906268828194	555906298725590	555906270965173
555906286978715	555906315297986	555906289793298
555906303120902	555906331874027	555906305725069
555906317157361	555906348450069	555906319900590
555906337951111	555906365038090	555906340558402
555906354763611	555906381623507	555906357091215
555906373215173	555906398200069	555906375971944
555906389009965	555906414772465	555906391634444
555906405893298	555906431359444	555906409130277
555906422324027	555906447933402	555906424912569
555906438218298	555906464503715	555906440754757
555906452947986	555906481091215	555906455337569
555906470225069	555906497666736	555906472956840
555906489588611	555906514254757	555906492096423
555906503914132	555906531168298	555906506280277
555906521502152	555906547396944	555906523571423
555906537996944	555906563967777	555906540470382
555906558415173	555906580553715	555906561015173
555906575672465	555906597117777	555906578197986
555906593154236	555906613704757	555906595856319
555906610493298	555906630278194	555906612976632
555906623770902	555906646848507	555906626282361
555906643662569	555906663424027	555906646465694
555906659749027	555906680000069	555906662278715
555906680653194	555906696592257	555906683122465
555906708218298	555906729762048	555906710605798
555906731607361	555906762908402	555906734052152
555906756822986	555906779471944	555906759433923
555906772509965	555906796042256	555906775615694
555906790776111	555906812612048	555906793421944
555906804989131	555906829215694	555906807557881
555906818471423	555906845771944	555906821120902
555906835850069	555906862365173	555906838226631
555906849295902	555906878927673	555906851881840
555906866040173	555906895533402	555906867159965
555906880968819	555906912102152	555906883546423
555906898220902	555906928670381	555906900925590
555906917856319	555906945255277	555906920642777
555906931750590	555906961820381	555906934276631
555906950949548	555906978413090	555906953519340
555906967303715	555906995001631	555906970176111
555906983269340	555907011555277	555906985747465
555907001757361	555907028142777	555907004603715
555907017752673	555907044705798	555907020309965
555907033761006	555907061286006	555907036346944
555907053495381	555907077874548	555907056079236
555907070332881	555907094427152	555907072656840
555907089233923	555907111017777	555907091704756
555907100695381	555907127579756	555907103013611
555907120979756	555907144152673	555907123464131
555907136991736	555907160746944	555907139295902
555907151219861	555907177311527	555907153831840
555907167782361	555907193888090	555907170497465
555907186266215	555907210467777	555907188889131
555907203036527	555907227028715	555907205611527
555907228545902	555907260186006	555907231126631
555907252464652	555907276756840	555907255417256
555907268831840	555907293354236	555907271455798
555907286487569	555907309929236	555907289046944
555907289979236	555907326492777	555907291977152
555907303622465	555907343062569	555907306202673
555907346718819	555907376239652	555907349314131
555907365522986	555907392813090	555907368164652
555907383113611	555907409395381	555907385866215
555907401096423	555907425992777	555907403782881
555907403161006	555907442547986	555907405372465
555907594612048	555907624930277	555907597006840
555907617936006	555907641483923	555907620379236
555907644399027	555907674633923	555907647174027
555907667454756	555907691220381	555907670214131
555907690790694	555907707799027	555907692675590
555907710394861	555907740949027	555907712996944
555907714190694	555907757533923	555907716228715
555907749039131	555907774099027	555907751741215
555907773539652	555907790658402	555907776074548
555907794009965	555907823830277	555907796567777
555907810808923	555907840407881	555907813226111
555907833488090	555907856977152	555907835920381
555907849071944	555907873553715	555907851876631
555907859103715	555907890119340	555907861844340
555907870972985	555907906711527	555907873469860
555907935974027	555907956446944	555907938538610
555907966080798	555907989640694	555907968587048
555907982592777	555908006178194	555907985612569
555908005227152	555908022741735	555908007957360
555908022725069	555908039317777	555908025286527
555908030095381	555908055886527	555908032718819
555908167151631	555908188540694	555908169582360
555908206753715	555908238230798	555908209216735
555908239383923	555908254814652	555908241891215
555908263516735	555908287954756	555908266030277
555908271454235	555908304520902	555908273959444
555908283483402	555908321099027	555908286068819
555908283483402	555908619481840	555908286068819
555908627937569	555908652631319	555908630471423
555908641715694	555908669191735	555908644100590
555908649766215	555908685751631	555908653237048
555908669554235	555908702327673	555908672153715
555908680175069	555908718906840	555908682870381
555908694702152	555908735482881	555908697345381
555910301326110	555910326855798	555910303805798
555910355609443	555910376567256	555910358121423
555910422087048	555910442847985	555910424591735
555910489314131	555910509157360	555910491955798
555910553172985	555910575476110	555910555364131
555910616779756	555910641772464	555910617452152


16666666
555905897173507	555905934026632	555905899499027
555905910736527	555905950596423	555905913380277
555905927026632	555905967162048	555905929693298
555905943191736	555905983755798	555905945707882
555905960899027	555906000321423	555905963511007
555905977401111	555906016921423	555905979969340
555905993086007	555906033482882	555905995571944
555906010670902	555906050075590	555906013090173
555906028772986	555906066639132	555906031317257
555906047364652	555906083230277	555906049753715
555906062279757	555906099805798	555906064959444
555906076272465	555906116364652	555906078647465
555906094162569	555906132951111	555906096262569
555906120190173	555906149539652	555906122152152
555906142659965	555906166167257	555906145046423
555906167209965	555906182689652	555906169583923
555906189996944	555906216108402	555906192457882
555906204653715	555906232400590	555906207090694
555906223515694	555906248993819	555906225960486
555906238329757	555906265589132	555906240952673
555906253228715	555906282141215	555906255874027
555906268828194	555906298725590	555906270965173
555906286978715	555906315297986	555906289793298
555906303120902	555906331874027	555906305725069
555906317157361	555906348450069	555906319900590
555906337951111	555906365038090	555906340558402
555906354763611	555906381623507	555906357091215
555906373215173	555906398200069	555906375971944
555906389009965	555906414772465	555906391634444
555906405893298	555906431359444	555906409130277
555906422324027	555906447933402	555906424912569
555906438218298	555906464503715	555906440754757
555906452947986	555906481091215	555906455337569
555906470225069	555906497666736	555906472956840
555906489588611	555906514254757	555906492096423
555906503914132	555906531168298	555906506280277
555906521502152	555906547396944	555906523571423
555906537996944	555906563967777	555906540470382
555906558415173	555906580553715	555906561015173
555906575672465	555906597117777	555906578197986
555906593154236	555906613704757	555906595856319
555906610493298	555906630278194	555906612976632
555906623770902	555906646848507	555906626282361
555906643662569	555906663424027	555906646465694
555906659749027	555906680000069	555906662278715
555906680653194	555906696592257	555906683122465
555906708218298	555906729762048	555906710605798
555906731607361	555906762908402	555906734052152
555906756822986	555906779471944	555906759433923
555906772509965	555906796042256	555906775615694
555906790776111	555906812612048	555906793421944
555906804989131	555906829215694	555906807557881
555906818471423	555906845771944	555906821120902
555906835850069	555906862365173	555906838226631
555906849295902	555906878927673	555906851881840
555906866040173	555906895533402	555906867159965
555906880968819	555906912102152	555906883546423
555906898220902	555906928670381	555906900925590
555906917856319	555906945255277	555906920642777
555906931750590	555906961820381	555906934276631
555906950949548	555906978413090	555906953519340
555906967303715	555906995001631	555906970176111
555906983269340	555907011555277	555906985747465
555907001757361	555907028142777	555907004603715
555907017752673	555907044705798	555907020309965
555907033761006	555907061286006	555907036346944
555907053495381	555907077874548	555907056079236
555907070332881	555907094427152	555907072656840
555907089233923	555907111017777	555907091704756
555907100695381	555907127579756	555907103013611
555907120979756	555907144152673	555907123464131
555907136991736	555907160746944	555907139295902
555907151219861	555907177311527	555907153831840
555907167782361	555907193888090	555907170497465
555907186266215	555907210467777	555907188889131
555907203036527	555907227028715	555907205611527
555907228545902	555907260186006	555907231126631
555907252464652	555907276756840	555907255417256
555907268831840	555907293354236	555907271455798
555907286487569	555907309929236	555907289046944
555907289979236	555907326492777	555907291977152
555907303622465	555907343062569	555907306202673
555907346718819	555907376239652	555907349314131
555907365522986	555907392813090	555907368164652
555907383113611	555907409395381	555907385866215
555907401096423	555907425992777	555907403782881
555907403161006	555907442547986	555907405372465
555907594612048	555907624930277	555907597006840
555907617936006	555907641483923	555907620379236
555907644399027	555907674633923	555907647174027
555907667454756	555907691220381	555907670214131
555907690790694	555907707799027	555907692675590
555907710394861	555907740949027	555907712996944
555907714190694	555907757533923	555907716228715
555907749039131	555907774099027	555907751741215
555907773539652	555907790658402	555907776074548
555907794009965	555907823830277	555907796567777
555907810808923	555907840407881	555907813226111
555907833488090	555907856977152	555907835920381
555907849071944	555907873553715	555907851876631
555907859103715	555907890119340	555907861844340
555907870972985	555907906711527	555907873469860
555907935974027	555907956446944	555907938538610
555907966080798	555907989640694	555907968587048
555907982592777	555908006178194	555907985612569
555908005227152	555908022741735	555908007957360
555908022725069	555908039317777	555908025286527
555908030095381	555908055886527	555908032718819
555908167151631	555908188540694	555908169582360
555908206753715	555908238230798	555908209216735
555908239383923	555908254814652	555908241891215
555908263516735	555908287954756	555908266030277
555908271454235	555908304520902	555908273959444
555908283483402	555908321099027	555908286068819
555908283483402	555908619481840	555908286068819
555908627937569	555908652631319	555908630471423
555908641715694	555908669191735	555908644100590
555908649766215	555908685751631	555908653237048
555908669554235	555908702327673	555908672153715
555908680175069	555908718906840	555908682870381
555908694702152	555908735482881	555908697345381
555910301326110	555910326855798	555910303805798
555910355609443	555910376567256	555910358121423
555910422087048	555910442847985	555910424591735
555910489314131	555910509157360	555910491955798
555910553172985	555910575476110	555910555364131
555910616779756	555910641772464	555910617452152


16666666
555975624579225	555975656432871	555975626290163
555975636591725	555975673005788	555975638084433
555975658966204	555975689535475	555975660487558
555975671564121	555975706113600	555975673127663
555975692400058	555975722675058	555975693957350
555975701525579	555975739292246	555975703072975
555975720894850	555975756505267	555975722198496
555975735672975	555975772402142	555975737222454
555975758065163	555975788992767	555975759832350
555975769435475	555975805576621	555975770972454
555975791715683	555975822142246	555975793265683
555975802109954	555975838860996	555975803345892
555975820394329	555975855317767	555975821737038
555975835969850	555975871881308	555975837469329
555975853964121	555975888571413	555975855433392
555975874192767	555975905041725	555975876389121
555975885949538	555975921619850	555975887108392
555975903272454	555975938185996	555975904990163
555975919029225	555975954772454	555975920600058
555975941704746	555975971334954	555975943303183
555975952337558	555975987977142	555975953783392
555975974421933	555976004481308	555975975996413
555975985089121	555976021065163	555975986515163
555976003743808	555976037634954	555976005460475
555976018993288	555976054177663	555976020669329
555976041821933	555976070738600	555976043386517
555976050377142	555976087327663	555976051817767
555976066707350	555976103895371	555976067993808
555976082435475	555976120537558	555976083879746
555976097465683	555976137039121	555976098941204
555976114384433	555976153610996	555976115752142
555976133754225	555976170218808	555976135243288
555976149233913	555976186992246	555976151997975
555976167757350	555976203341204	555976169111517
555976184399017	555976219910475	555976185689642
555976199450579	555976236508392	555976200852142
555976218559954	555976253089121	555976219775579
555976237239121	555976269716204	555976238694850
555976254364121	555976286239642	555976255651100
555976268260475	555976302822454	555976269675058
555976283066725	555976319396933	555976284255788
555976326422454	555976352535475	555976327403183
555976355933392	555976385691725	555976357014121
555976368597975	555976402261517	555976369846413
555976376422454	555976418842246	555976377681829
555976376422454	555976435422454	555976377681829
555976433192767	555976451995371	555976434064121
555976435040683	555976468617246	555976435502142
555976441860996	555976485164121	555976442929225
555976458778704	555976501719329	555976459847975
555976474518808	555976518299538	555976475602142
555976491290683	555976534875058	555976492376621
555976507966725	555976551474538	555976509049538
555976524516725	555976568038079	555976525586517
555976542894850	555976584614121	555976543960475
555976559134433	555976601277142	555976560295892
555976576671413	555976617765163	555976577769850
555976593221413	555976634347454	555976593978183
555976610025579	555976650911517	555976611165163
555976625845371	555976667495892	555976626941725
555976642793288	555976684082350	555976643978704
555976659262558	555976700668808	555976660405788
555976675402142	555976717233392	555976676499017
555976705584433	555976733809954	555976706695892
555976709174017	555976750375058	555976710261517
555976727602662	555976766965683	555976728743808
555976741755787	555976783520892	555976742911517
555976758833392	555976800121933	555976760084954
555976773927142	555976816676100	555976775083392
555976791678183	555976833272454	555976792577142
555976809021412	555976849835996	555976809812037
555976823981308	555976866409433	555976824783912
555976841638079	555976883004746	555976842345892
555976856732350	555976899569329	555976857522454
555976873770371	555976916127142	555976874557871
555976890754225	555976932717767	555976891499537
555976906541725	555976949295892	555976907212037
555976922580267	555976965857350	555976923309433
555976940602142	555976982449017	555976941276621
555976955973496	555976999026621	555976956759954
555976973222975	555977015675579	555976973876621
555976989876100	555977032172454	555976990602142
555977015126100	555977048745371	555977015813079
555977068685475	555977098451621	555977070391204
555977072415162	555977115014121	555977074192246
555977095289642	555977131599017	555977096725579
555977107851621	555977148180267	555977109403183
555977128794329	555977164745892	555977130468808
555977140140683	555977181340162	555977141871412
555977157934433	555977197912558	555977159593287
555977173910475	555977214508392	555977175529225
555977189767767	555977231085475	555977190949017
555977207401100	555977247659954	555977208082871
555977224835475	555977264235996	555977225473496
555977239539642	555977280801621	555977240153704
555977256133912	555977297390683	555977256639642
555977272712558	555977313981308	555977273338079
555977290384954	555977330546412	555977290997975
555977306905267	555977347119850	555977307561517
555977340104746	555977363703183	555977341976621
555977355259954	555977380274537	555977357132350
555977357806829	555977396842246	555977358826100
555977378104225	555977413434433	555977379852662
555977388320892	555977430009954	555977390087037
555977406025058	555977446594850	555977407637037
555977423030267	555977463183392	555977424610996
555977439174017	555977479765683	555977440406829
555977458759954	555977496365162	555977459470371
555977473562558	555977512924537	555977474125579
555977503209433	555977529491725	555977504830267
555977506563079	555977546050579	555977508218287
555977527576100	555977562626100	555977529153183
555977539548496	555977579539642	555977541140683
555977553558912	555977595772975	555977554188079
555977571563079	555977612371412	555977572232350
555977587517767	555977628957871	555977588221412
555977604657871	555977645522454	555977605341204
555977622472975	555977662095892	555977623393287
555977641309433	555977678671933	555977641914121
555977654200579	555977695252662	555977656466204
555977670869850	555977711812037	555977671414121
555977687841204	555977728394329	555977688455267
555977705656829	555977744968287	555977705997454
555977755845892	555977778140683	555977756265162
555977777032350	555977794712037	555977778015683
555977795584954	555977811308391	555977797315683
555977798851621	9223372036854775807	555977800538079


16666666
555992307326098	555992334558910	555992308899014
555992338983389	555992367748493	555992341520368
555992363937035	555992384314639	555992366365681
555992391240681	555992417466723	555992393779223
555992410705264	555992434066202	555992413238598
555992424457348	555992450662035	555992427050577
555992438391723	555992467249014	555992440954223
555992457612035	555992483831306	555992460111514
555992475432868	555992500420889	555992477992764
555992497112035	555992517002660	555992499965160
555992516496931	555992533576618	555992519076618
555992537032348	555992566747452	555992539560993
555992557726098	555992583333910	555992560277660
555992575615681	555992599936514	555992577905785
555992599708910	555992616571931	555992602238598
555992619226098	555992649693806	555992622714118
555992638091202	555992666292764	555992640650056
555992660305264	555992682810473	555992662958389
555992679233910	555992699385993	555992683154743
555992697541723	555992715962556	555992700112556
555992710816202	555992732544327	555992713343285
555992726737035	555992749123493	555992729365681
555992741926098	555992765709952	555992744612035
555992756075056	555992782296410	555992758299535
555992773080785	555992798876098	555992775717243
555992785475577	555992815468806	555992788061514
555992805608910	555992832032868	555992807251618
555992820754743	555992848607348	555992823339118
555992835431827	555992865205785	555992838039118
555992852462035	555992881788077	555992854845889
555992868164118	555992898375577	555992870727139
555992886707868	555992914957348	555992889004223
555992903002660	555992931544327	555992905427660
555992919837556	555992948127660	555992922407868
555992935626618	555992964730264	555992937555264
555992952835993	555992981286514	555992955049014
555992968171931	555992997896410	555992970545889
555992983400056	555993014465160	555992986135473
555993003513077	555993031059431	555993005895889
555993018178702	555993047638077	555993020630264
555993042186514	555993064218806	555993044814639
555993062172972	555993080796931	555993064767764
555993086331827	555993113967764	555993088873493
555993108693806	555993130544327	555993111346410
555993126894327	555993147141722	555993129494847
555993141574535	555993163722452	555993144184431
555993157042764	555993180325056	555993159571410
555993170970889	555993196903181	555993173584431
555993185920889	555993213484952	555993188141722
555993199164639	555993230038597	555993201555264
555993218475056	555993246679743	555993221062556
555993233292764	555993263252139	555993235838077
555993250314118	555993279812556	555993252606827
555993267384431	555993296395889	555993269733910
555993285264118	555993312980264	555993287716722
555993306725577	555993329557868	555993309295889
555993321333910	555993346150056	555993323919847
555993337957868	555993362733910	555993341164118
555993356556306	555993379305264	555993359182347
555993370755785	555993395889118	555993373354743
555993386284431	555993412481306	555993388899535
555993401707347	555993429077139	555993403687556
555993419997452	555993445651097	555993422234952
555993435462035	555993462223493	555993438042764
555993450111514	555993478821931	555993452701618
555993466976097	555993495400577	555993469548493
555993484409952	555993511975056	555993486751618
555993499895889	555993528560472	555993502471931
555993517175577	555993545139639	555993519707347
555993533409431	555993561739118	555993535957347
555993549775056	555993578327660	555993552349535
555993568454743	555993594900056	555993570389118
555993583415160	555993611472972	555993586250056
555993601444327	555993628055785	555993603953702
555993617783910	555993644638597	555993620331827
555993638851097	555993661216202	555993641441722
555993660721410	555993677812556	555993663266202
555993682772972	555993710969847	555993685295368
555993690678181	555993727538077	555993693182347
555993723738077	555993744251097	555993726258389
555993744307868	555993760757347	555993747168285
555993761368806	555993777313597	555993763716202
555993777562556	555993793878702	555993780154743
555993794658389	555993810459952	555993797209431
555993802086514	555993827037035	555993804685993
555993957735472	555993976318806	555993960244327
555993984149014	555994009505785	555993986601097
555994011796410	555994042652660	555994014317243
555994035165160	555994059889118	555994037614639
555994061962556	555994092401618	555994064458910
555994085836514	555994108977139	555994088381827
555994093246931	555994125556306	555994095828181
555994120960472	555994142165681	555994123543806
555994143750577	555994175299014	555994146282347
555994164840681	555994191890681	555994167370889
555994180143806	555994208477139	555994183091201
555994196837035	555994225055264	555994199491201
555994218404222	555994241641722	555994220889639
555994234951618	555994258216201	555994237525576
555994251043806	555994274805264	555994253572451
555994258215681	555994291388076	555994260835472
555994268991201	555994307971931	555994271331826
555994325922972	555994357716201	555994328250056
555994350281306	555994374309431	555994352818285
555994376283389	555994407449535	555994378937556
555994405462556	555994424072972	555994407998493
555994430888076	555994457237556	555994433396410
555994438204743	555994473767764	555994440705264
555994452805264	555994490373493	555994455529743
555994555283910	555994573307868	555994557762556
555994581319326	555994606442764	555994583891201
555994613088597	555994639617764	555994615396410
555994621075576	555994656202660	555994623662035
555994635090681	555994672769326	555994637699014
555994635090681	555994971268806	555994637699014
555994997656826	555995021019847	555995000431306
555995009415160	555995037612035	555995011806306
555995017728181	555995054180785	555995020711514
555995039423493	555995070775056	555995041925576
555995050927660	555995087346931	555995053478701
555995063513076	555995103949014	555995066099535
555996663310993	555996679411514	555996665818805
555996726799534	555996745704222	555996729252659
555996793040159	555996812024534	555996795538076
555996859310993	555996878353701	555996861891722
555996923113597	555996944643805	555996925612034
555996986715680	555997011007347	555996987239639


16666666
555992307326098	555992334558910	555992308899014
555992338983389	555992367748493	555992341520368
555992363937035	555992384314639	555992366365681
555992391240681	555992417466723	555992393779223
555992410705264	555992434066202	555992413238598
555992424457348	555992450662035	555992427050577
555992438391723	555992467249014	555992440954223
555992457612035	555992483831306	555992460111514
555992475432868	555992500420889	555992477992764
555992497112035	555992517002660	555992499965160
555992516496931	555992533576618	555992519076618
555992537032348	555992566747452	555992539560993
555992557726098	555992583333910	555992560277660
555992575615681	555992599936514	555992577905785
555992599708910	555992616571931	555992602238598
555992619226098	555992649693806	555992622714118
555992638091202	555992666292764	555992640650056
555992660305264	555992682810473	555992662958389
555992679233910	555992699385993	555992683154743
555992697541723	555992715962556	555992700112556
555992710816202	555992732544327	555992713343285
555992726737035	555992749123493	555992729365681
555992741926098	555992765709952	555992744612035
555992756075056	555992782296410	555992758299535
555992773080785	555992798876098	555992775717243
555992785475577	555992815468806	555992788061514
555992805608910	555992832032868	555992807251618
555992820754743	555992848607348	555992823339118
555992835431827	555992865205785	555992838039118
555992852462035	555992881788077	555992854845889
555992868164118	555992898375577	555992870727139
555992886707868	555992914957348	555992889004223
555992903002660	555992931544327	555992905427660
555992919837556	555992948127660	555992922407868
555992935626618	555992964730264	555992937555264
555992952835993	555992981286514	555992955049014
555992968171931	555992997896410	555992970545889
555992983400056	555993014465160	555992986135473
555993003513077	555993031059431	555993005895889
555993018178702	555993047638077	555993020630264
555993042186514	555993064218806	555993044814639
555993062172972	555993080796931	555993064767764
555993086331827	555993113967764	555993088873493
555993108693806	555993130544327	555993111346410
555993126894327	555993147141722	555993129494847
555993141574535	555993163722452	555993144184431
555993157042764	555993180325056	555993159571410
555993170970889	555993196903181	555993173584431
555993185920889	555993213484952	555993188141722
555993199164639	555993230038597	555993201555264
555993218475056	555993246679743	555993221062556
555993233292764	555993263252139	555993235838077
555993250314118	555993279812556	555993252606827
555993267384431	555993296395889	555993269733910
555993285264118	555993312980264	555993287716722
555993306725577	555993329557868	555993309295889
555993321333910	555993346150056	555993323919847
555993337957868	555993362733910	555993341164118
555993356556306	555993379305264	555993359182347
555993370755785	555993395889118	555993373354743
555993386284431	555993412481306	555993388899535
555993401707347	555993429077139	555993403687556
555993419997452	555993445651097	555993422234952
555993435462035	555993462223493	555993438042764
555993450111514	555993478821931	555993452701618
555993466976097	555993495400577	555993469548493
555993484409952	555993511975056	555993486751618
555993499895889	555993528560472	555993502471931
555993517175577	555993545139639	555993519707347
555993533409431	555993561739118	555993535957347
555993549775056	555993578327660	555993552349535
555993568454743	555993594900056	555993570389118
555993583415160	555993611472972	555993586250056
555993601444327	555993628055785	555993603953702
555993617783910	555993644638597	555993620331827
555993638851097	555993661216202	555993641441722
555993660721410	555993677812556	555993663266202
555993682772972	555993710969847	555993685295368
555993690678181	555993727538077	555993693182347
555993723738077	555993744251097	555993726258389
555993744307868	555993760757347	555993747168285
555993761368806	555993777313597	555993763716202
555993777562556	555993793878702	555993780154743
555993794658389	555993810459952	555993797209431
555993802086514	555993827037035	555993804685993
555993957735472	555993976318806	555993960244327
555993984149014	555994009505785	555993986601097
555994011796410	555994042652660	555994014317243
555994035165160	555994059889118	555994037614639
555994061962556	555994092401618	555994064458910
555994085836514	555994108977139	555994088381827
555994093246931	555994125556306	555994095828181
555994120960472	555994142165681	555994123543806
555994143750577	555994175299014	555994146282347
555994164840681	555994191890681	555994167370889
555994180143806	555994208477139	555994183091201
555994196837035	555994225055264	555994199491201
555994218404222	555994241641722	555994220889639
555994234951618	555994258216201	555994237525576
555994251043806	555994274805264	555994253572451
555994258215681	555994291388076	555994260835472
555994268991201	555994307971931	555994271331826
555994325922972	555994357716201	555994328250056
555994350281306	555994374309431	555994352818285
555994376283389	555994407449535	555994378937556
555994405462556	555994424072972	555994407998493
555994430888076	555994457237556	555994433396410
555994438204743	555994473767764	555994440705264
555994452805264	555994490373493	555994455529743
555994555283910	555994573307868	555994557762556
555994581319326	555994606442764	555994583891201
555994613088597	555994639617764	555994615396410
555994621075576	555994656202660	555994623662035
555994635090681	555994672769326	555994637699014
555994635090681	555994971268806	555994637699014
555994997656826	555995021019847	555995000431306
555995009415160	555995037612035	555995011806306
555995017728181	555995054180785	555995020711514
555995039423493	555995070775056	555995041925576
555995050927660	555995087346931	555995053478701
555995063513076	555995103949014	555995066099535
555996663310993	555996679411514	555996665818805
555996726799534	555996745704222	555996729252659
555996793040159	555996812024534	555996795538076
555996859310993	555996878353701	555996861891722
555996923113597	555996944643805	555996925612034
555996986715680	555997011007347	555996987239639


16666666
555992307326098	555992334558910	555992308899014
555992338983389	555992367748493	555992341520368
555992363937035	555992384314639	555992366365681
555992391240681	555992417466723	555992393779223
555992410705264	555992434066202	555992413238598
555992424457348	555992450662035	555992427050577
555992438391723	555992467249014	555992440954223
555992457612035	555992483831306	555992460111514
555992475432868	555992500420889	555992477992764
555992497112035	555992517002660	555992499965160
555992516496931	555992533576618	555992519076618
555992537032348	555992566747452	555992539560993
555992557726098	555992583333910	555992560277660
555992575615681	555992599936514	555992577905785
555992599708910	555992616571931	555992602238598
555992619226098	555992649693806	555992622714118
555992638091202	555992666292764	555992640650056
555992660305264	555992682810473	555992662958389
555992679233910	555992699385993	555992683154743
555992697541723	555992715962556	555992700112556
555992710816202	555992732544327	555992713343285
555992726737035	555992749123493	555992729365681
555992741926098	555992765709952	555992744612035
555992756075056	555992782296410	555992758299535
555992773080785	555992798876098	555992775717243
555992785475577	555992815468806	555992788061514
555992805608910	555992832032868	555992807251618
555992820754743	555992848607348	555992823339118
555992835431827	555992865205785	555992838039118
555992852462035	555992881788077	555992854845889
555992868164118	555992898375577	555992870727139
555992886707868	555992914957348	555992889004223
555992903002660	555992931544327	555992905427660
555992919837556	555992948127660	555992922407868
555992935626618	555992964730264	555992937555264
555992952835993	555992981286514	555992955049014
555992968171931	555992997896410	555992970545889
555992983400056	555993014465160	555992986135473
555993003513077	555993031059431	555993005895889
555993018178702	555993047638077	555993020630264
555993042186514	555993064218806	555993044814639
555993062172972	555993080796931	555993064767764
555993086331827	555993113967764	555993088873493
555993108693806	555993130544327	555993111346410
555993126894327	555993147141722	555993129494847
555993141574535	555993163722452	555993144184431
555993157042764	555993180325056	555993159571410
555993170970889	555993196903181	555993173584431
555993185920889	555993213484952	555993188141722
555993199164639	555993230038597	555993201555264
555993218475056	555993246679743	555993221062556
555993233292764	555993263252139	555993235838077
555993250314118	555993279812556	555993252606827
555993267384431	555993296395889	555993269733910
555993285264118	555993312980264	555993287716722
555993306725577	555993329557868	555993309295889
555993321333910	555993346150056	555993323919847
555993337957868	555993362733910	555993341164118
555993356556306	555993379305264	555993359182347
555993370755785	555993395889118	555993373354743
555993386284431	555993412481306	555993388899535
555993401707347	555993429077139	555993403687556
555993419997452	555993445651097	555993422234952
555993435462035	555993462223493	555993438042764
555993450111514	555993478821931	555993452701618
555993466976097	555993495400577	555993469548493
555993484409952	555993511975056	555993486751618
555993499895889	555993528560472	555993502471931
555993517175577	555993545139639	555993519707347
555993533409431	555993561739118	555993535957347
555993549775056	555993578327660	555993552349535
555993568454743	555993594900056	555993570389118
555993583415160	555993611472972	555993586250056
555993601444327	555993628055785	555993603953702
555993617783910	555993644638597	555993620331827
555993638851097	555993661216202	555993641441722
555993660721410	555993677812556	555993663266202
555993682772972	555993710969847	555993685295368
555993690678181	555993727538077	555993693182347
555993723738077	555993744251097	555993726258389
555993744307868	555993760757347	555993747168285
555993761368806	555993777313597	555993763716202
555993777562556	555993793878702	555993780154743
555993794658389	555993810459952	555993797209431
555993802086514	555993827037035	555993804685993
555993957735472	555993976318806	555993960244327
555993984149014	555994009505785	555993986601097
555994011796410	555994042652660	555994014317243
555994035165160	555994059889118	555994037614639
555994061962556	555994092401618	555994064458910
555994085836514	555994108977139	555994088381827
555994093246931	555994125556306	555994095828181
555994120960472	555994142165681	555994123543806
555994143750577	555994175299014	555994146282347
555994164840681	555994191890681	555994167370889
555994180143806	555994208477139	555994183091201
555994196837035	555994225055264	555994199491201
555994218404222	555994241641722	555994220889639
555994234951618	555994258216201	555994237525576
555994251043806	555994274805264	555994253572451
555994258215681	555994291388076	555994260835472
555994268991201	555994307971931	555994271331826
555994325922972	555994357716201	555994328250056
555994350281306	555994374309431	555994352818285
555994376283389	555994407449535	555994378937556
555994405462556	555994424072972	555994407998493
555994430888076	555994457237556	555994433396410
555994438204743	555994473767764	555994440705264
555994452805264	555994490373493	555994455529743
555994555283910	555994573307868	555994557762556
555994581319326	555994606442764	555994583891201
555994613088597	555994639617764	555994615396410
555994621075576	555994656202660	555994623662035
555994635090681	555994672769326	555994637699014
555994635090681	555994971268806	555994637699014
555994997656826	555995021019847	555995000431306
555995009415160	555995037612035	555995011806306
555995017728181	555995054180785	555995020711514
555995039423493	555995070775056	555995041925576
555995050927660	555995087346931	555995053478701
555995063513076	555995103949014	555995066099535
555996663310993	555996679411514	555996665818805
555996726799534	555996745704222	555996729252659
555996793040159	555996812024534	555996795538076
555996859310993	555996878353701	555996861891722
555996923113597	555996944643805	555996925612034
555996986715680	555997011007347	555996987239639


16666666
555992307326098	555992334558910	555992308899014
555992338983389	555992367748493	555992341520368
555992363937035	555992384314639	555992366365681
555992391240681	555992417466723	555992393779223
555992410705264	555992434066202	555992413238598
555992424457348	555992450662035	555992427050577
555992438391723	555992467249014	555992440954223
555992457612035	555992483831306	555992460111514
555992475432868	555992500420889	555992477992764
555992497112035	555992517002660	555992499965160
555992516496931	555992533576618	555992519076618
555992537032348	555992566747452	555992539560993
555992557726098	555992583333910	555992560277660
555992575615681	555992599936514	555992577905785
555992599708910	555992616571931	555992602238598
555992619226098	555992649693806	555992622714118
555992638091202	555992666292764	555992640650056
555992660305264	555992682810473	555992662958389
555992679233910	555992699385993	555992683154743
555992697541723	555992715962556	555992700112556
555992710816202	555992732544327	555992713343285
555992726737035	555992749123493	555992729365681
555992741926098	555992765709952	555992744612035
555992756075056	555992782296410	555992758299535
555992773080785	555992798876098	555992775717243
555992785475577	555992815468806	555992788061514
555992805608910	555992832032868	555992807251618
555992820754743	555992848607348	555992823339118
555992835431827	555992865205785	555992838039118
555992852462035	555992881788077	555992854845889
555992868164118	555992898375577	555992870727139
555992886707868	555992914957348	555992889004223
555992903002660	555992931544327	555992905427660
555992919837556	555992948127660	555992922407868
555992935626618	555992964730264	555992937555264
555992952835993	555992981286514	555992955049014
555992968171931	555992997896410	555992970545889
555992983400056	555993014465160	555992986135473
555993003513077	555993031059431	555993005895889
555993018178702	555993047638077	555993020630264
555993042186514	555993064218806	555993044814639
555993062172972	555993080796931	555993064767764
555993086331827	555993113967764	555993088873493
555993108693806	555993130544327	555993111346410
555993126894327	555993147141722	555993129494847
555993141574535	555993163722452	555993144184431
555993157042764	555993180325056	555993159571410
555993170970889	555993196903181	555993173584431
555993185920889	555993213484952	555993188141722
555993199164639	555993230038597	555993201555264
555993218475056	555993246679743	555993221062556
555993233292764	555993263252139	555993235838077
555993250314118	555993279812556	555993252606827
555993267384431	555993296395889	555993269733910
555993285264118	555993312980264	555993287716722
555993306725577	555993329557868	555993309295889
555993321333910	555993346150056	555993323919847
555993337957868	555993362733910	555993341164118
555993356556306	555993379305264	555993359182347
555993370755785	555993395889118	555993373354743
555993386284431	555993412481306	555993388899535
555993401707347	555993429077139	555993403687556
555993419997452	555993445651097	555993422234952
555993435462035	555993462223493	555993438042764
555993450111514	555993478821931	555993452701618
555993466976097	555993495400577	555993469548493
555993484409952	555993511975056	555993486751618
555993499895889	555993528560472	555993502471931
555993517175577	555993545139639	555993519707347
555993533409431	555993561739118	555993535957347
555993549775056	555993578327660	555993552349535
555993568454743	555993594900056	555993570389118
555993583415160	555993611472972	555993586250056
555993601444327	555993628055785	555993603953702
555993617783910	555993644638597	555993620331827
555993638851097	555993661216202	555993641441722
555993660721410	555993677812556	555993663266202
555993682772972	555993710969847	555993685295368
555993690678181	555993727538077	555993693182347
555993723738077	555993744251097	555993726258389
555993744307868	555993760757347	555993747168285
555993761368806	555993777313597	555993763716202
555993777562556	555993793878702	555993780154743
555993794658389	555993810459952	555993797209431
555993802086514	555993827037035	555993804685993
555993957735472	555993976318806	555993960244327
555993984149014	555994009505785	555993986601097
555994011796410	555994042652660	555994014317243
555994035165160	555994059889118	555994037614639
555994061962556	555994092401618	555994064458910
555994085836514	555994108977139	555994088381827
555994093246931	555994125556306	555994095828181
555994120960472	555994142165681	555994123543806
555994143750577	555994175299014	555994146282347
555994164840681	555994191890681	555994167370889
555994180143806	555994208477139	555994183091201
555994196837035	555994225055264	555994199491201
555994218404222	555994241641722	555994220889639
555994234951618	555994258216201	555994237525576
555994251043806	555994274805264	555994253572451
555994258215681	555994291388076	555994260835472
555994268991201	555994307971931	555994271331826
555994325922972	555994357716201	555994328250056
555994350281306	555994374309431	555994352818285
555994376283389	555994407449535	555994378937556
555994405462556	555994424072972	555994407998493
555994430888076	555994457237556	555994433396410
555994438204743	555994473767764	555994440705264
555994452805264	555994490373493	555994455529743
555994555283910	555994573307868	555994557762556
555994581319326	555994606442764	555994583891201
555994613088597	555994639617764	555994615396410
555994621075576	555994656202660	555994623662035
555994635090681	555994672769326	555994637699014
555994635090681	555994971268806	555994637699014
555994997656826	555995021019847	555995000431306
555995009415160	555995037612035	555995011806306
555995017728181	555995054180785	555995020711514
555995039423493	555995070775056	555995041925576
555995050927660	555995087346931	555995053478701
555995063513076	555995103949014	555995066099535
555996663310993	555996679411514	555996665818805
555996726799534	555996745704222	555996729252659
555996793040159	555996812024534	555996795538076
555996859310993	555996878353701	555996861891722
555996923113597	555996944643805	555996925612034
555996986715680	555997011007347	555996987239639


16666666
555992307326098	555992334558910	555992308899014
555992338983389	555992367748493	555992341520368
555992363937035	555992384314639	555992366365681
555992391240681	555992417466723	555992393779223
555992410705264	555992434066202	555992413238598
555992424457348	555992450662035	555992427050577
555992438391723	555992467249014	555992440954223
555992457612035	555992483831306	555992460111514
555992475432868	555992500420889	555992477992764
555992497112035	555992517002660	555992499965160
555992516496931	555992533576618	555992519076618
555992537032348	555992566747452	555992539560993
555992557726098	555992583333910	555992560277660
555992575615681	555992599936514	555992577905785
555992599708910	555992616571931	555992602238598
555992619226098	555992649693806	555992622714118
555992638091202	555992666292764	555992640650056
555992660305264	555992682810473	555992662958389
555992679233910	555992699385993	555992683154743
555992697541723	555992715962556	555992700112556
555992710816202	555992732544327	555992713343285
555992726737035	555992749123493	555992729365681
555992741926098	555992765709952	555992744612035
555992756075056	555992782296410	555992758299535
555992773080785	555992798876098	555992775717243
555992785475577	555992815468806	555992788061514
555992805608910	555992832032868	555992807251618
555992820754743	555992848607348	555992823339118
555992835431827	555992865205785	555992838039118
555992852462035	555992881788077	555992854845889
555992868164118	555992898375577	555992870727139
555992886707868	555992914957348	555992889004223
555992903002660	555992931544327	555992905427660
555992919837556	555992948127660	555992922407868
555992935626618	555992964730264	555992937555264
555992952835993	555992981286514	555992955049014
555992968171931	555992997896410	555992970545889
555992983400056	555993014465160	555992986135473
555993003513077	555993031059431	555993005895889
555993018178702	555993047638077	555993020630264
555993042186514	555993064218806	555993044814639
555993062172972	555993080796931	555993064767764
555993086331827	555993113967764	555993088873493
555993108693806	555993130544327	555993111346410
555993126894327	555993147141722	555993129494847
555993141574535	555993163722452	555993144184431
555993157042764	555993180325056	555993159571410
555993170970889	555993196903181	555993173584431
555993185920889	555993213484952	555993188141722
555993199164639	555993230038597	555993201555264
555993218475056	555993246679743	555993221062556
555993233292764	555993263252139	555993235838077
555993250314118	555993279812556	555993252606827
555993267384431	555993296395889	555993269733910
555993285264118	555993312980264	555993287716722
555993306725577	555993329557868	555993309295889
555993321333910	555993346150056	555993323919847
555993337957868	555993362733910	555993341164118
555993356556306	555993379305264	555993359182347
555993370755785	555993395889118	555993373354743
555993386284431	555993412481306	555993388899535
555993401707347	555993429077139	555993403687556
555993419997452	555993445651097	555993422234952
555993435462035	555993462223493	555993438042764
555993450111514	555993478821931	555993452701618
555993466976097	555993495400577	555993469548493
555993484409952	555993511975056	555993486751618
555993499895889	555993528560472	555993502471931
555993517175577	555993545139639	555993519707347
555993533409431	555993561739118	555993535957347
555993549775056	555993578327660	555993552349535
555993568454743	555993594900056	555993570389118
555993583415160	555993611472972	555993586250056
555993601444327	555993628055785	555993603953702
555993617783910	555993644638597	555993620331827
555993638851097	555993661216202	555993641441722
555993660721410	555993677812556	555993663266202
555993682772972	555993710969847	555993685295368
555993690678181	555993727538077	555993693182347
555993723738077	555993744251097	555993726258389
555993744307868	555993760757347	555993747168285
555993761368806	555993777313597	555993763716202
555993777562556	555993793878702	555993780154743
555993794658389	555993810459952	555993797209431
555993802086514	555993827037035	555993804685993
555993957735472	555993976318806	555993960244327
555993984149014	555994009505785	555993986601097
555994011796410	555994042652660	555994014317243
555994035165160	555994059889118	555994037614639
555994061962556	555994092401618	555994064458910
555994085836514	555994108977139	555994088381827
555994093246931	555994125556306	555994095828181
555994120960472	555994142165681	555994123543806
555994143750577	555994175299014	555994146282347
555994164840681	555994191890681	555994167370889
555994180143806	555994208477139	555994183091201
555994196837035	555994225055264	555994199491201
555994218404222	555994241641722	555994220889639
555994234951618	555994258216201	555994237525576
555994251043806	555994274805264	555994253572451
555994258215681	555994291388076	555994260835472
555994268991201	555994307971931	555994271331826
555994325922972	555994357716201	555994328250056
555994350281306	555994374309431	555994352818285
555994376283389	555994407449535	555994378937556
555994405462556	555994424072972	555994407998493
555994430888076	555994457237556	555994433396410
555994438204743	555994473767764	555994440705264
555994452805264	555994490373493	555994455529743
555994555283910	555994573307868	555994557762556
555994581319326	555994606442764	555994583891201
555994613088597	555994639617764	555994615396410
555994621075576	555994656202660	555994623662035
555994635090681	555994672769326	555994637699014
555994635090681	555994971268806	555994637699014
555994997656826	555995021019847	555995000431306
555995009415160	555995037612035	555995011806306
555995017728181	555995054180785	555995020711514
555995039423493	555995070775056	555995041925576
555995050927660	555995087346931	555995053478701
555995063513076	555995103949014	555995066099535
555996663310993	555996679411514	555996665818805
555996726799534	555996745704222	555996729252659
555996793040159	555996812024534	555996795538076
555996859310993	555996878353701	555996861891722
555996923113597	555996944643805	555996925612034
555996986715680	555997011007347	555996987239639


16666666
555992307326098	555992334558910	555992308899014
555992338983389	555992367748493	555992341520368
555992363937035	555992384314639	555992366365681
555992391240681	555992417466723	555992393779223
555992410705264	555992434066202	555992413238598
555992424457348	555992450662035	555992427050577
555992438391723	555992467249014	555992440954223
555992457612035	555992483831306	555992460111514
555992475432868	555992500420889	555992477992764
555992497112035	555992517002660	555992499965160
555992516496931	555992533576618	555992519076618
555992537032348	555992566747452	555992539560993
555992557726098	555992583333910	555992560277660
555992575615681	555992599936514	555992577905785
555992599708910	555992616571931	555992602238598
555992619226098	555992649693806	555992622714118
555992638091202	555992666292764	555992640650056
555992660305264	555992682810473	555992662958389
555992679233910	555992699385993	555992683154743
555992697541723	555992715962556	555992700112556
555992710816202	555992732544327	555992713343285
555992726737035	555992749123493	555992729365681
555992741926098	555992765709952	555992744612035
555992756075056	555992782296410	555992758299535
555992773080785	555992798876098	555992775717243
555992785475577	555992815468806	555992788061514
555992805608910	555992832032868	555992807251618
555992820754743	555992848607348	555992823339118
555992835431827	555992865205785	555992838039118
555992852462035	555992881788077	555992854845889
555992868164118	555992898375577	555992870727139
555992886707868	555992914957348	555992889004223
555992903002660	555992931544327	555992905427660
555992919837556	555992948127660	555992922407868
555992935626618	555992964730264	555992937555264
555992952835993	555992981286514	555992955049014
555992968171931	555992997896410	555992970545889
555992983400056	555993014465160	555992986135473
555993003513077	555993031059431	555993005895889
555993018178702	555993047638077	555993020630264
555993042186514	555993064218806	555993044814639
555993062172972	555993080796931	555993064767764
555993086331827	555993113967764	555993088873493
555993108693806	555993130544327	555993111346410
555993126894327	555993147141722	555993129494847
555993141574535	555993163722452	555993144184431
555993157042764	555993180325056	555993159571410
555993170970889	555993196903181	555993173584431
555993185920889	555993213484952	555993188141722
555993199164639	555993230038597	555993201555264
555993218475056	555993246679743	555993221062556
555993233292764	555993263252139	555993235838077
555993250314118	555993279812556	555993252606827
555993267384431	555993296395889	555993269733910
555993285264118	555993312980264	555993287716722
555993306725577	555993329557868	555993309295889
555993321333910	555993346150056	555993323919847
555993337957868	555993362733910	555993341164118
555993356556306	555993379305264	555993359182347
555993370755785	555993395889118	555993373354743
555993386284431	555993412481306	555993388899535
555993401707347	555993429077139	555993403687556
555993419997452	555993445651097	555993422234952
555993435462035	555993462223493	555993438042764
555993450111514	555993478821931	555993452701618
555993466976097	555993495400577	555993469548493
555993484409952	555993511975056	555993486751618
555993499895889	555993528560472	555993502471931
555993517175577	555993545139639	555993519707347
555993533409431	555993561739118	555993535957347
555993549775056	555993578327660	555993552349535
555993568454743	555993594900056	555993570389118
555993583415160	555993611472972	555993586250056
555993601444327	555993628055785	555993603953702
555993617783910	555993644638597	555993620331827
555993638851097	555993661216202	555993641441722
555993660721410	555993677812556	555993663266202
555993682772972	555993710969847	555993685295368
555993690678181	555993727538077	555993693182347
555993723738077	555993744251097	555993726258389
555993744307868	555993760757347	555993747168285
555993761368806	555993777313597	555993763716202
555993777562556	555993793878702	555993780154743
555993794658389	555993810459952	555993797209431
555993802086514	555993827037035	555993804685993
555993957735472	555993976318806	555993960244327
555993984149014	555994009505785	555993986601097
555994011796410	555994042652660	555994014317243
555994035165160	555994059889118	555994037614639
555994061962556	555994092401618	555994064458910
555994085836514	555994108977139	555994088381827
555994093246931	555994125556306	555994095828181
555994120960472	555994142165681	555994123543806
555994143750577	555994175299014	555994146282347
555994164840681	555994191890681	555994167370889
555994180143806	555994208477139	555994183091201
555994196837035	555994225055264	555994199491201
555994218404222	555994241641722	555994220889639
555994234951618	555994258216201	555994237525576
555994251043806	555994274805264	555994253572451
555994258215681	555994291388076	555994260835472
555994268991201	555994307971931	555994271331826
555994325922972	555994357716201	555994328250056
555994350281306	555994374309431	555994352818285
555994376283389	555994407449535	555994378937556
555994405462556	555994424072972	555994407998493
555994430888076	555994457237556	555994433396410
555994438204743	555994473767764	555994440705264
555994452805264	555994490373493	555994455529743
555994555283910	555994573307868	555994557762556
555994581319326	555994606442764	555994583891201
555994613088597	555994639617764	555994615396410
555994621075576	555994656202660	555994623662035
555994635090681	555994672769326	555994637699014
555994635090681	555994971268806	555994637699014
555994997656826	555995021019847	555995000431306
555995009415160	555995037612035	555995011806306
555995017728181	555995054180785	555995020711514
555995039423493	555995070775056	555995041925576
555995050927660	555995087346931	555995053478701
555995063513076	555995103949014	555995066099535
555996663310993	555996679411514	555996665818805
555996726799534	555996745704222	555996729252659
555996793040159	555996812024534	555996795538076
555996859310993	555996878353701	555996861891722
555996923113597	555996944643805	555996925612034
555996986715680	555997011007347	555996987239639


16666666
555992307326098	555992334558910	555992308899014
555992338983389	555992367748493	555992341520368
555992363937035	555992384314639	555992366365681
555992391240681	555992417466723	555992393779223
555992410705264	555992434066202	555992413238598
555992424457348	555992450662035	555992427050577
555992438391723	555992467249014	555992440954223
555992457612035	555992483831306	555992460111514
555992475432868	555992500420889	555992477992764
555992497112035	555992517002660	555992499965160
555992516496931	555992533576618	555992519076618
555992537032348	555992566747452	555992539560993
555992557726098	555992583333910	555992560277660
555992575615681	555992599936514	555992577905785
555992599708910	555992616571931	555992602238598
555992619226098	555992649693806	555992622714118
555992638091202	555992666292764	555992640650056
555992660305264	555992682810473	555992662958389
555992679233910	555992699385993	555992683154743
555992697541723	555992715962556	555992700112556
555992710816202	555992732544327	555992713343285
555992726737035	555992749123493	555992729365681
555992741926098	555992765709952	555992744612035
555992756075056	555992782296410	555992758299535
555992773080785	555992798876098	555992775717243
555992785475577	555992815468806	555992788061514
555992805608910	555992832032868	555992807251618
555992820754743	555992848607348	555992823339118
555992835431827	555992865205785	555992838039118
555992852462035	555992881788077	555992854845889
555992868164118	555992898375577	555992870727139
555992886707868	555992914957348	555992889004223
555992903002660	555992931544327	555992905427660
555992919837556	555992948127660	555992922407868
555992935626618	555992964730264	555992937555264
555992952835993	555992981286514	555992955049014
555992968171931	555992997896410	555992970545889
555992983400056	555993014465160	555992986135473
555993003513077	555993031059431	555993005895889
555993018178702	555993047638077	555993020630264
555993042186514	555993064218806	555993044814639
555993062172972	555993080796931	555993064767764
555993086331827	555993113967764	555993088873493
555993108693806	555993130544327	555993111346410
555993126894327	555993147141722	555993129494847
555993141574535	555993163722452	555993144184431
555993157042764	555993180325056	555993159571410
555993170970889	555993196903181	555993173584431
555993185920889	555993213484952	555993188141722
555993199164639	555993230038597	555993201555264
555993218475056	555993246679743	555993221062556
555993233292764	555993263252139	555993235838077
555993250314118	555993279812556	555993252606827
555993267384431	555993296395889	555993269733910
555993285264118	555993312980264	555993287716722
555993306725577	555993329557868	555993309295889
555993321333910	555993346150056	555993323919847
555993337957868	555993362733910	555993341164118
555993356556306	555993379305264	555993359182347
555993370755785	555993395889118	555993373354743
555993386284431	555993412481306	555993388899535
555993401707347	555993429077139	555993403687556
555993419997452	555993445651097	555993422234952
555993435462035	555993462223493	555993438042764
555993450111514	555993478821931	555993452701618
555993466976097	555993495400577	555993469548493
555993484409952	555993511975056	555993486751618
555993499895889	555993528560472	555993502471931
555993517175577	555993545139639	555993519707347
555993533409431	555993561739118	555993535957347
555993549775056	555993578327660	555993552349535
555993568454743	555993594900056	555993570389118
555993583415160	555993611472972	555993586250056
555993601444327	555993628055785	555993603953702
555993617783910	555993644638597	555993620331827
555993638851097	555993661216202	555993641441722
555993660721410	555993677812556	555993663266202
555993682772972	555993710969847	555993685295368
555993690678181	555993727538077	555993693182347
555993723738077	555993744251097	555993726258389
555993744307868	555993760757347	555993747168285
555993761368806	555993777313597	555993763716202
555993777562556	555993793878702	555993780154743
555993794658389	555993810459952	555993797209431
555993802086514	555993827037035	555993804685993
555993957735472	555993976318806	555993960244327
555993984149014	555994009505785	555993986601097
555994011796410	555994042652660	555994014317243
555994035165160	555994059889118	555994037614639
555994061962556	555994092401618	555994064458910
555994085836514	555994108977139	555994088381827
555994093246931	555994125556306	555994095828181
555994120960472	555994142165681	555994123543806
555994143750577	555994175299014	555994146282347
555994164840681	555994191890681	555994167370889
555994180143806	555994208477139	555994183091201
555994196837035	555994225055264	555994199491201
555994218404222	555994241641722	555994220889639
555994234951618	555994258216201	555994237525576
555994251043806	555994274805264	555994253572451
555994258215681	555994291388076	555994260835472
555994268991201	555994307971931	555994271331826
555994325922972	555994357716201	555994328250056
555994350281306	555994374309431	555994352818285
555994376283389	555994407449535	555994378937556
555994405462556	555994424072972	555994407998493
555994430888076	555994457237556	555994433396410
555994438204743	555994473767764	555994440705264
555994452805264	555994490373493	555994455529743
555994555283910	555994573307868	555994557762556
555994581319326	555994606442764	555994583891201
555994613088597	555994639617764	555994615396410
555994621075576	555994656202660	555994623662035
555994635090681	555994672769326	555994637699014
555994635090681	555994971268806	555994637699014
555994997656826	555995021019847	555995000431306
555995009415160	555995037612035	555995011806306
555995017728181	555995054180785	555995020711514
555995039423493	555995070775056	555995041925576
555995050927660	555995087346931	555995053478701
555995063513076	555995103949014	555995066099535
555996663310993	555996679411514	555996665818805
555996726799534	555996745704222	555996729252659
555996793040159	555996812024534	555996795538076
555996859310993	555996878353701	555996861891722
555996923113597	555996944643805	555996925612034
555996986715680	555997011007347	555996987239639


