--------- beginning of main
09-06 01:26:27.641 I/AnebProbe(25624): ADAPTER_EVT type=content cls=android.view.View desc=null txt_len=0 pkg=com.deepseek.chat t_boot_ns=1207556672613467
09-06 01:26:27.642 I/AnebProbe(25624): ADAPTER_OBS pkg=com.deepseek.chat mode=deepseek events=2 rule_matched=0 first_delta_ms=0 cadence_p50_ms=11618.3 session_span_ms=11618.3 confidence=LOW/INCONCLUSIVE reason=throttle ttft_send_ms=null anchor_source=null ttft_cluster_ms=null ttft_density_ms=null
09-06 01:26:27.642 I/AnebProbe(25624): ADAPTER_EVT type=content cls=android.view.View desc=null txt_len=0 pkg=com.deepseek.chat t_boot_ns=1207556673946280
09-06 01:26:27.642 I/AnebProbe(25624): ADAPTER_EVT type=content cls=android.view.View desc=null txt_len=0 pkg=com.deepseek.chat t_boot_ns=1207556674102009
09-06 01:26:27.642 I/AnebProbe(25624): ADAPTER_EVT type=content cls=android.view.View desc=null txt_len=0 pkg=com.deepseek.chat t_boot_ns=1207556674190030
09-06 01:26:27.742 I/AnebProbe(25624): ADAPTER_EVT type=content cls=android.view.View desc=null txt_len=0 pkg=com.deepseek.chat t_boot_ns=1207556773519717
09-06 01:26:27.844 I/AnebProbe(25624): ADAPTER_EVT type=content cls=android.view.View desc=null txt_len=0 pkg=com.deepseek.chat t_boot_ns=1207556876051488
09-06 01:26:27.845 I/AnebProbe(25624): ADAPTER_EVT type=content cls=android.view.View desc=null txt_len=0 pkg=com.deepseek.chat t_boot_ns=1207556876307217
09-06 01:26:29.671 I/AnebProbe(25624): ADAPTER_EVT type=content cls=android.view.View desc=null txt_len=0 pkg=com.deepseek.chat t_boot_ns=1207558702917634
09-06 01:26:29.771 I/AnebProbe(25624): ADAPTER_EVT type=content cls=android.view.View desc=null txt_len=0 pkg=com.deepseek.chat t_boot_ns=1207558802877530
09-06 01:26:29.772 I/AnebProbe(25624): ADAPTER_EVT type=content cls=android.view.View desc=null txt_len=0 pkg=com.deepseek.chat t_boot_ns=1207558803330134
09-06 01:26:32.343 I/AnebProbe(25624): ADAPTER_EVT type=content cls=android.view.View desc=null txt_len=0 pkg=com.deepseek.chat t_boot_ns=1207561374173883
09-06 01:26:32.343 I/AnebProbe(25624): ADAPTER_EVT type=content cls=android.view.ViewGroup desc=null txt_len=0 pkg=com.deepseek.chat t_boot_ns=1207561374380654
09-06 01:26:32.489 I/AnebProbe(25624): ADAPTER_EVT type=content cls=androidx.compose.ui.viewinterop.ViewFactoryHolder desc=null txt_len=0 pkg=com.deepseek.chat t_boot_ns=1207561520678571
09-06 01:26:32.545 I/AnebProbe(25624): ADAPTER_EVT type=content cls=android.view.View desc=null txt_len=0 pkg=com.deepseek.chat t_boot_ns=1207561576124404
09-06 01:26:32.545 I/AnebProbe(25624): ADAPTER_EVT type=content cls=android.view.View desc=null txt_len=0 pkg=com.deepseek.chat t_boot_ns=1207561576755133
09-06 01:26:32.545 I/AnebProbe(25624): ADAPTER_EVT type=content cls=android.view.View desc=null txt_len=0 pkg=com.deepseek.chat t_boot_ns=1207561576921800
09-06 01:26:32.545 I/AnebProbe(25624): ADAPTER_EVT type=content cls=android.view.View desc=null txt_len=0 pkg=com.deepseek.chat t_boot_ns=1207561576995758
09-06 01:26:32.545 I/AnebProbe(25624): ADAPTER_EVT type=content cls=android.view.View desc=null txt_len=0 pkg=com.deepseek.chat t_boot_ns=1207561577044196
09-06 01:26:32.605 I/AnebProbe(25624): ADAPTER_EVT type=content cls=androidx.compose.ui.viewinterop.ViewFactoryHolder desc=null txt_len=0 pkg=com.deepseek.chat t_boot_ns=1207561636934821
09-06 01:26:32.646 I/AnebProbe(25624): ADAPTER_EVT type=content cls=android.view.View desc=null txt_len=0 pkg=com.deepseek.chat t_boot_ns=1207561677985342
09-06 01:26:32.647 I/AnebProbe(25624): ADAPTER_OBS pkg=com.deepseek.chat mode=deepseek events=21 rule_matched=0 first_delta_ms=0 cadence_p50_ms=1.3 session_span_ms=16623.7 confidence=LOW/INCONCLUSIVE reason=throttle ttft_send_ms=null anchor_source=null ttft_cluster_ms=null ttft_density_ms=null
09-06 01:26:32.648 I/AnebProbe(25624): ADAPTER_EVT type=content cls=android.view.View desc=null txt_len=0 pkg=com.deepseek.chat t_boot_ns=1207561679482737
09-06 01:26:32.649 I/AnebProbe(25624): ADAPTER_EVT type=content cls=android.view.View desc=null txt_len=0 pkg=com.deepseek.chat t_boot_ns=1207561680125967
09-06 01:26:32.649 I/AnebProbe(25624): ADAPTER_EVT type=content cls=android.view.View desc=null txt_len=0 pkg=com.deepseek.chat t_boot_ns=1207561680319196
09-06 01:26:32.649 I/AnebProbe(25624): ADAPTER_EVT type=content cls=android.view.View desc=null txt_len=0 pkg=com.deepseek.chat t_boot_ns=1207561680405654
09-06 01:26:32.722 I/AnebProbe(25624): ADAPTER_EVT type=content cls=androidx.compose.ui.viewinterop.ViewFactoryHolder desc=null txt_len=0 pkg=com.deepseek.chat t_boot_ns=1207561753475967
09-06 01:26:32.751 I/AnebProbe(25624): ADAPTER_EVT type=content cls=android.view.View desc=null txt_len=0 pkg=com.deepseek.chat t_boot_ns=1207561782103571
09-06 01:26:32.751 I/AnebProbe(25624): ADAPTER_EVT type=content cls=android.view.View desc=null txt_len=0 pkg=com.deepseek.chat t_boot_ns=1207561782471279
09-06 01:26:32.751 I/AnebProbe(25624): ADAPTER_EVT type=content cls=android.view.View desc=null txt_len=0 pkg=com.deepseek.chat t_boot_ns=1207561782712425
09-06 01:26:32.751 I/AnebProbe(25624): ADAPTER_EVT type=content cls=android.view.View desc=null txt_len=0 pkg=com.deepseek.chat t_boot_ns=1207561782801487
09-06 01:26:32.751 I/AnebProbe(25624): ADAPTER_EVT type=content cls=android.view.View desc=null txt_len=0 pkg=com.deepseek.chat t_boot_ns=1207561782873883
09-06 01:26:32.839 I/AnebProbe(25624): ADAPTER_EVT type=content cls=androidx.compose.ui.viewinterop.ViewFactoryHolder desc=null txt_len=0 pkg=com.deepseek.chat t_boot_ns=1207561870888987
09-06 01:26:32.853 I/AnebProbe(25624): ADAPTER_EVT type=content cls=android.view.View desc=null txt_len=0 pkg=com.deepseek.chat t_boot_ns=1207561884516071
09-06 01:26:32.854 I/AnebProbe(25624): ADAPTER_EVT type=content cls=android.view.View desc=null txt_len=0 pkg=com.deepseek.chat t_boot_ns=1207561884968154
09-06 01:26:32.854 I/AnebProbe(25624): ADAPTER_EVT type=content cls=android.view.View desc=null txt_len=0 pkg=com.deepseek.chat t_boot_ns=1207561885358779
09-06 01:26:32.854 I/AnebProbe(25624): ADAPTER_EVT type=content cls=android.view.View desc=null txt_len=0 pkg=com.deepseek.chat t_boot_ns=1207561885653571
09-06 01:26:32.854 I/AnebProbe(25624): ADAPTER_EVT type=content cls=android.view.View desc=null txt_len=0 pkg=com.deepseek.chat t_boot_ns=1207561885960342
09-06 01:26:32.954 I/AnebProbe(25624): ADAPTER_EVT type=content cls=androidx.compose.ui.viewinterop.ViewFactoryHolder desc=null txt_len=0 pkg=com.deepseek.chat t_boot_ns=1207561985193675
09-06 01:26:32.954 I/AnebProbe(25624): ADAPTER_EVT type=content cls=android.view.View desc=null txt_len=0 pkg=com.deepseek.chat t_boot_ns=1207561985532737
09-06 01:26:32.954 I/AnebProbe(25624): ADAPTER_EVT type=content cls=android.view.View desc=null txt_len=0 pkg=com.deepseek.chat t_boot_ns=1207561985736383
09-06 01:26:32.954 I/AnebProbe(25624): ADAPTER_EVT type=content cls=android.view.View desc=null txt_len=0 pkg=com.deepseek.chat t_boot_ns=1207561985866592
09-06 01:26:32.954 I/AnebProbe(25624): ADAPTER_EVT type=content cls=android.view.View desc=null txt_len=0 pkg=com.deepseek.chat t_boot_ns=1207561985981175
09-06 01:26:32.954 I/AnebProbe(25624): ADAPTER_EVT type=content cls=android.view.View desc=null txt_len=0 pkg=com.deepseek.chat t_boot_ns=1207561986072842
09-06 01:26:33.732 I/AnebProbe(25624): ADAPTER_EVT type=content cls=android.widget.EditText desc=null txt_len=1 pkg=com.deepseek.chat t_boot_ns=1207562763053050
09-06 01:26:33.756 I/AnebProbe(25624): ADAPTER_EVT type=content cls=android.widget.EditText desc=null txt_len=2 pkg=com.deepseek.chat t_boot_ns=1207562786958258
09-06 01:26:33.771 I/AnebProbe(25624): ADAPTER_EVT type=content cls=android.widget.EditText desc=null txt_len=3 pkg=com.deepseek.chat t_boot_ns=1207562801973362
09-06 01:26:33.783 I/AnebProbe(25624): ADAPTER_EVT type=content cls=android.widget.EditText desc=null txt_len=4 pkg=com.deepseek.chat t_boot_ns=1207562814330133
09-06 01:26:33.794 I/AnebProbe(25624): ADAPTER_EVT type=content cls=android.widget.EditText desc=null txt_len=5 pkg=com.deepseek.chat t_boot_ns=1207562825507216
09-06 01:26:33.806 I/AnebProbe(25624): ADAPTER_EVT type=content cls=android.widget.EditText desc=null txt_len=6 pkg=com.deepseek.chat t_boot_ns=1207562836957216
09-06 01:26:33.819 I/AnebProbe(25624): ADAPTER_EVT type=content cls=android.widget.EditText desc=null txt_len=7 pkg=com.deepseek.chat t_boot_ns=1207562850144716
09-06 01:26:33.828 I/AnebProbe(25624): ADAPTER_EVT type=content cls=android.widget.EditText desc=null txt_len=8 pkg=com.deepseek.chat t_boot_ns=1207562858806696
09-06 01:26:33.841 I/AnebProbe(25624): ADAPTER_EVT type=content cls=android.widget.EditText desc=null txt_len=9 pkg=com.deepseek.chat t_boot_ns=1207562871976487
09-06 01:26:33.852 I/AnebProbe(25624): ADAPTER_EVT type=content cls=android.view.View desc=null txt_len=0 pkg=com.deepseek.chat t_boot_ns=1207562883587425
09-06 01:26:33.852 I/AnebProbe(25624): ADAPTER_EVT type=content cls=android.view.View desc=null txt_len=0 pkg=com.deepseek.chat t_boot_ns=1207562883909300
09-06 01:26:33.852 I/AnebProbe(25624): ADAPTER_EVT type=content cls=android.view.View desc=null txt_len=0 pkg=com.deepseek.chat t_boot_ns=1207562884034300
09-06 01:26:33.859 I/AnebProbe(25624): ADAPTER_EVT type=content cls=android.widget.EditText desc=null txt_len=10 pkg=com.deepseek.chat t_boot_ns=1207562890302008
09-06 01:26:33.874 I/AnebProbe(25624): ADAPTER_EVT type=content cls=android.widget.EditText desc=null txt_len=11 pkg=com.deepseek.chat t_boot_ns=1207562905501487
09-06 01:26:33.885 I/AnebProbe(25624): ADAPTER_EVT type=content cls=android.widget.EditText desc=null txt_len=12 pkg=com.deepseek.chat t_boot_ns=1207562916642112
09-06 01:26:33.896 I/AnebProbe(25624): ADAPTER_EVT type=content cls=android.widget.EditText desc=null txt_len=13 pkg=com.deepseek.chat t_boot_ns=1207562926889508
09-06 01:26:33.910 I/AnebProbe(25624): ADAPTER_EVT type=content cls=android.widget.EditText desc=null txt_len=14 pkg=com.deepseek.chat t_boot_ns=1207562940945758
09-06 01:26:33.923 I/AnebProbe(25624): ADAPTER_EVT type=content cls=android.widget.EditText desc=null txt_len=15 pkg=com.deepseek.chat t_boot_ns=1207562954066071
09-06 01:26:33.931 I/AnebProbe(25624): ADAPTER_EVT type=content cls=android.widget.EditText desc=null txt_len=16 pkg=com.deepseek.chat t_boot_ns=1207562962672321
09-06 01:26:33.943 I/AnebProbe(25624): ADAPTER_EVT type=content cls=android.widget.EditText desc=null txt_len=17 pkg=com.deepseek.chat t_boot_ns=1207562973928050
09-06 01:26:33.957 I/AnebProbe(25624): ADAPTER_EVT type=content cls=android.widget.EditText desc=null txt_len=18 pkg=com.deepseek.chat t_boot_ns=1207562988495237
09-06 01:26:33.970 I/AnebProbe(25624): ADAPTER_EVT type=content cls=android.widget.EditText desc=null txt_len=19 pkg=com.deepseek.chat t_boot_ns=1207563000947321
09-06 01:26:33.979 I/AnebProbe(25624): ADAPTER_EVT type=content cls=android.widget.EditText desc=null txt_len=20 pkg=com.deepseek.chat t_boot_ns=1207563010114508
09-06 01:26:33.990 I/AnebProbe(25624): ADAPTER_EVT type=content cls=android.widget.EditText desc=null txt_len=21 pkg=com.deepseek.chat t_boot_ns=1207563021247841
09-06 01:26:34.002 I/AnebProbe(25624): ADAPTER_EVT type=content cls=android.widget.EditText desc=null txt_len=22 pkg=com.deepseek.chat t_boot_ns=1207563033085862
09-06 01:26:34.013 I/AnebProbe(25624): ADAPTER_EVT type=content cls=android.widget.EditText desc=null txt_len=23 pkg=com.deepseek.chat t_boot_ns=1207563044445758
09-06 01:26:34.027 I/AnebProbe(25624): ADAPTER_EVT type=content cls=android.widget.EditText desc=null txt_len=24 pkg=com.deepseek.chat t_boot_ns=1207563057341071
09-06 01:26:34.038 I/AnebProbe(25624): ADAPTER_EVT type=content cls=android.widget.EditText desc=null txt_len=25 pkg=com.deepseek.chat t_boot_ns=1207563069860341
09-06 01:26:34.051 I/AnebProbe(25624): ADAPTER_EVT type=content cls=android.widget.EditText desc=null txt_len=26 pkg=com.deepseek.chat t_boot_ns=1207563082593154
09-06 01:26:36.188 I/AnebE4MARK( 3285): E4MARK kind=turn_start n=1
09-06 01:26:36.285 I/AnebProbe(25624): ADAPTER_EVT type=content cls=android.view.ViewGroup desc=null txt_len=0 pkg=com.deepseek.chat t_boot_ns=1207565316068154
09-06 01:26:36.325 I/AnebProbe(25624): ADAPTER_EVT type=content cls=android.view.View desc=null txt_len=0 pkg=com.deepseek.chat t_boot_ns=1207565356287945
09-06 01:26:36.325 I/AnebProbe(25624): ADAPTER_EVT type=content cls=android.view.View desc=null txt_len=0 pkg=com.deepseek.chat t_boot_ns=1207565356774404
09-06 01:26:36.325 I/AnebProbe(25624): ADAPTER_EVT type=content cls=android.view.View desc=null txt_len=0 pkg=com.deepseek.chat t_boot_ns=1207565356992112
09-06 01:26:36.326 I/AnebProbe(25624): ADAPTER_EVT type=content cls=android.view.View desc=null txt_len=0 pkg=com.deepseek.chat t_boot_ns=1207565357653570
09-06 01:26:36.354 I/AnebProbe(25624): ADAPTER_EVT type=content cls=android.view.View desc=null txt_len=0 pkg=com.deepseek.chat t_boot_ns=1207565385573362
09-06 01:26:36.399 I/AnebProbe(25624): ADAPTER_EVT type=content cls=android.view.ViewGroup desc=null txt_len=0 pkg=com.deepseek.chat t_boot_ns=1207565430898883
09-06 01:26:36.420 I/AnebProbe(25624): ADAPTER_EVT type=content cls=android.view.View desc=null txt_len=0 pkg=com.deepseek.chat t_boot_ns=1207565451197841
09-06 01:26:36.420 I/AnebProbe(25624): ADAPTER_EVT type=content cls=android.view.View desc=null txt_len=0 pkg=com.deepseek.chat t_boot_ns=1207565451668674
09-06 01:26:36.420 I/AnebProbe(25624): ADAPTER_EVT type=content cls=android.view.View desc=null txt_len=0 pkg=com.deepseek.chat t_boot_ns=1207565451809299
09-06 01:26:36.420 I/AnebProbe(25624): ADAPTER_EVT type=content cls=android.view.View desc=null txt_len=0 pkg=com.deepseek.chat t_boot_ns=1207565451893154
09-06 01:26:36.420 I/AnebProbe(25624): ADAPTER_EVT type=content cls=android.view.View desc=null txt_len=0 pkg=com.deepseek.chat t_boot_ns=1207565451971799
09-06 01:26:36.420 I/AnebProbe(25624): ADAPTER_EVT type=content cls=android.view.View desc=null txt_len=0 pkg=com.deepseek.chat t_boot_ns=1207565452014508
09-06 01:26:36.421 I/AnebProbe(25624): ADAPTER_EVT type=content cls=android.view.View desc=null txt_len=0 pkg=com.deepseek.chat t_boot_ns=1207565452572841
09-06 01:26:36.421 I/AnebProbe(25624): ADAPTER_EVT type=content cls=android.view.View desc=null txt_len=0 pkg=com.deepseek.chat t_boot_ns=1207565452665029
09-06 01:26:36.421 I/AnebProbe(25624): ADAPTER_EVT type=content cls=android.view.View desc=null txt_len=0 pkg=com.deepseek.chat t_boot_ns=1207565452728570
09-06 01:26:36.421 I/AnebProbe(25624): ADAPTER_EVT type=content cls=android.view.View desc=null txt_len=0 pkg=com.deepseek.chat t_boot_ns=1207565452780133
09-06 01:26:36.421 I/AnebProbe(25624): ADAPTER_EVT type=content cls=android.view.View desc=null txt_len=0 pkg=com.deepseek.chat t_boot_ns=1207565452866070
09-06 01:26:36.422 I/AnebProbe(25624): ADAPTER_EVT type=content cls=android.view.View desc=null txt_len=0 pkg=com.deepseek.chat t_boot_ns=1207565453260341
09-06 01:26:36.422 I/AnebProbe(25624): ADAPTER_EVT type=content cls=android.view.View desc=null txt_len=0 pkg=com.deepseek.chat t_boot_ns=1207565453337945
09-06 01:26:36.422 I/AnebProbe(25624): ADAPTER_EVT type=content cls=android.view.View desc=null txt_len=0 pkg=com.deepseek.chat t_boot_ns=1207565453398362
09-06 01:26:36.422 I/AnebProbe(25624): ADAPTER_EVT type=content cls=android.view.View desc=null txt_len=0 pkg=com.deepseek.chat t_boot_ns=1207565453454091
09-06 01:26:36.422 I/AnebProbe(25624): ADAPTER_EVT type=content cls=android.view.View desc=null txt_len=0 pkg=com.deepseek.chat t_boot_ns=1207565453493674
09-06 01:26:36.422 I/AnebProbe(25624): ADAPTER_EVT type=content cls=android.view.View desc=null txt_len=0 pkg=com.deepseek.chat t_boot_ns=1207565453536383
09-06 01:26:36.422 I/AnebProbe(25624): ADAPTER_EVT type=content cls=android.view.View desc=null txt_len=0 pkg=com.deepseek.chat t_boot_ns=1207565453668674
09-06 01:26:36.422 I/AnebProbe(25624): ADAPTER_EVT type=content cls=android.view.View desc=null txt_len=0 pkg=com.deepseek.chat t_boot_ns=1207565453755654
09-06 01:26:36.422 I/AnebProbe(25624): ADAPTER_EVT type=content cls=android.view.View desc=null txt_len=0 pkg=com.deepseek.chat t_boot_ns=1207565453816070
09-06 01:26:36.422 I/AnebProbe(25624): ADAPTER_EVT type=content cls=android.view.View desc=null txt_len=0 pkg=com.deepseek.chat t_boot_ns=1207565453865029
09-06 01:26:36.423 I/AnebProbe(25624): ADAPTER_EVT type=content cls=android.view.View desc=null txt_len=0 pkg=com.deepseek.chat t_boot_ns=1207565454344716
09-06 01:26:36.423 I/AnebProbe(25624): ADAPTER_EVT type=content cls=android.view.View desc=null txt_len=0 pkg=com.deepseek.chat t_boot_ns=1207565454426487
09-06 01:26:36.423 I/AnebProbe(25624): ADAPTER_EVT type=content cls=androidx.compose.ui.viewinterop.ViewFactoryHolder desc=null txt_len=0 pkg=com.deepseek.chat t_boot_ns=1207565454492633
09-06 01:26:36.423 I/AnebProbe(25624): ADAPTER_EVT type=content cls=android.view.View desc=null txt_len=0 pkg=com.deepseek.chat t_boot_ns=1207565454564508
09-06 01:26:36.423 I/AnebProbe(25624): ADAPTER_EVT type=content cls=android.view.View desc=null txt_len=0 pkg=com.deepseek.chat t_boot_ns=1207565454633258
09-06 01:26:36.423 I/AnebProbe(25624): ADAPTER_EVT type=content cls=android.view.View desc=null txt_len=0 pkg=com.deepseek.chat t_boot_ns=1207565454685862
09-06 01:26:36.423 I/AnebProbe(25624): ADAPTER_EVT type=content cls=android.view.View desc=null txt_len=0 pkg=com.deepseek.chat t_boot_ns=1207565454735862
09-06 01:26:36.423 I/AnebProbe(25624): ADAPTER_EVT type=content cls=android.view.View desc=null txt_len=0 pkg=com.deepseek.chat t_boot_ns=1207565454783258
09-06 01:26:36.423 I/AnebProbe(25624): ADAPTER_EVT type=content cls=android.view.View desc=null txt_len=0 pkg=com.deepseek.chat t_boot_ns=1207565454833258
09-06 01:26:36.423 I/AnebProbe(25624): ADAPTER_EVT type=content cls=android.view.View desc=null txt_len=0 pkg=com.deepseek.chat t_boot_ns=1207565454910341
09-06 01:26:36.423 I/AnebProbe(25624): ADAPTER_EVT type=content cls=android.view.View desc=null txt_len=0 pkg=com.deepseek.chat t_boot_ns=1207565454956174
09-06 01:26:36.423 I/AnebProbe(25624): ADAPTER_EVT type=content cls=android.view.View desc=null txt_len=0 pkg=com.deepseek.chat t_boot_ns=1207565455003570
09-06 01:26:36.423 I/AnebProbe(25624): ADAPTER_EVT type=content cls=android.view.View desc=null txt_len=0 pkg=com.deepseek.chat t_boot_ns=1207565455056174
09-06 01:26:36.423 I/AnebProbe(25624): ADAPTER_EVT type=content cls=android.view.View desc=null txt_len=0 pkg=com.deepseek.chat t_boot_ns=1207565455102008
09-06 01:26:36.423 I/AnebProbe(25624): ADAPTER_EVT type=content cls=android.view.View desc=null txt_len=0 pkg=com.deepseek.chat t_boot_ns=1207565455155654
09-06 01:26:36.522 I/AnebProbe(25624): ADAPTER_EVT type=content cls=android.view.View desc=null txt_len=0 pkg=com.deepseek.chat t_boot_ns=1207565553534820
09-06 01:26:36.522 I/AnebProbe(25624): ADAPTER_EVT type=content cls=android.view.View desc=null txt_len=0 pkg=com.deepseek.chat t_boot_ns=1207565553837424
09-06 01:26:36.522 I/AnebProbe(25624): ADAPTER_EVT type=content cls=android.view.View desc=null txt_len=0 pkg=com.deepseek.chat t_boot_ns=1207565553900445
09-06 01:26:36.522 I/AnebProbe(25624): ADAPTER_EVT type=content cls=android.view.View desc=null txt_len=0 pkg=com.deepseek.chat t_boot_ns=1207565553973883
09-06 01:26:36.522 I/AnebProbe(25624): ADAPTER_EVT type=content cls=android.view.View desc=null txt_len=0 pkg=com.deepseek.chat t_boot_ns=1207565554030133
09-06 01:26:36.522 I/AnebProbe(25624): ADAPTER_EVT type=content cls=android.view.View desc=null txt_len=0 pkg=com.deepseek.chat t_boot_ns=1207565554150445
09-06 01:26:36.523 I/AnebProbe(25624): ADAPTER_EVT type=content cls=android.view.View desc=null txt_len=0 pkg=com.deepseek.chat t_boot_ns=1207565554957737
09-06 01:26:36.523 I/AnebProbe(25624): ADAPTER_EVT type=content cls=android.view.View desc=null txt_len=0 pkg=com.deepseek.chat t_boot_ns=1207565555077008
09-06 01:26:36.523 I/AnebProbe(25624): ADAPTER_EVT type=content cls=android.view.View desc=null txt_len=0 pkg=com.deepseek.chat t_boot_ns=1207565555137424
09-06 01:26:36.523 I/AnebProbe(25624): ADAPTER_EVT type=content cls=android.view.View desc=null txt_len=0 pkg=com.deepseek.chat t_boot_ns=1207565555188466
09-06 01:26:36.524 I/AnebProbe(25624): ADAPTER_EVT type=content cls=android.view.View desc=null txt_len=0 pkg=com.deepseek.chat t_boot_ns=1207565555251487
09-06 01:26:36.524 I/AnebProbe(25624): ADAPTER_EVT type=content cls=android.view.View desc=null txt_len=0 pkg=com.deepseek.chat t_boot_ns=1207565555316591
09-06 01:26:36.524 I/AnebProbe(25624): ADAPTER_EVT type=content cls=androidx.compose.ui.viewinterop.ViewFactoryHolder desc=null txt_len=0 pkg=com.deepseek.chat t_boot_ns=1207565555410341
09-06 01:26:36.524 I/AnebProbe(25624): ADAPTER_EVT type=content cls=android.view.View desc=null txt_len=0 pkg=com.deepseek.chat t_boot_ns=1207565555475966
09-06 01:26:36.524 I/AnebProbe(25624): ADAPTER_EVT type=content cls=android.view.View desc=null txt_len=0 pkg=com.deepseek.chat t_boot_ns=1207565555518674
09-06 01:26:36.524 I/AnebProbe(25624): ADAPTER_EVT type=content cls=android.view.View desc=null txt_len=0 pkg=com.deepseek.chat t_boot_ns=1207565555575445
09-06 01:26:36.524 I/AnebProbe(25624): ADAPTER_EVT type=content cls=android.view.View desc=null txt_len=0 pkg=com.deepseek.chat t_boot_ns=1207565555634820
09-06 01:26:36.524 I/AnebProbe(25624): ADAPTER_EVT type=content cls=android.view.View desc=null txt_len=0 pkg=com.deepseek.chat t_boot_ns=1207565555682737
09-06 01:26:36.524 I/AnebProbe(25624): ADAPTER_EVT type=content cls=android.view.View desc=null txt_len=0 pkg=com.deepseek.chat t_boot_ns=1207565555721278
09-06 01:26:36.524 I/AnebProbe(25624): ADAPTER_EVT type=content cls=android.view.View desc=null txt_len=0 pkg=com.deepseek.chat t_boot_ns=1207565555763987
09-06 01:26:36.524 I/AnebProbe(25624): ADAPTER_EVT type=content cls=android.view.View desc=null txt_len=0 pkg=com.deepseek.chat t_boot_ns=1207565555811383
09-06 01:26:36.630 I/AnebProbe(25624): ADAPTER_EVT type=content cls=android.view.View desc=null txt_len=0 pkg=com.deepseek.chat t_boot_ns=1207565660762424
09-06 01:26:36.630 I/AnebProbe(25624): ADAPTER_EVT type=content cls=android.view.View desc=null txt_len=0 pkg=com.deepseek.chat t_boot_ns=1207565661640549
09-06 01:26:36.630 I/AnebProbe(25624): ADAPTER_EVT type=content cls=android.view.View desc=null txt_len=0 pkg=com.deepseek.chat t_boot_ns=1207565661934299
09-06 01:26:36.630 I/AnebProbe(25624): ADAPTER_EVT type=content cls=android.view.View desc=null txt_len=0 pkg=com.deepseek.chat t_boot_ns=1207565662095758
09-06 01:26:36.631 I/AnebProbe(25624): ADAPTER_EVT type=content cls=android.view.View desc=null txt_len=0 pkg=com.deepseek.chat t_boot_ns=1207565662294716
09-06 01:26:36.631 I/AnebProbe(25624): ADAPTER_EVT type=content cls=android.view.View desc=null txt_len=0 pkg=com.deepseek.chat t_boot_ns=1207565662524403
09-06 01:26:36.631 I/AnebProbe(25624): ADAPTER_EVT type=content cls=android.view.View desc=null txt_len=0 pkg=com.deepseek.chat t_boot_ns=1207565662600445
09-06 01:26:36.631 I/AnebProbe(25624): ADAPTER_EVT type=content cls=android.view.View desc=null txt_len=0 pkg=com.deepseek.chat t_boot_ns=1207565662675966
09-06 01:26:36.631 I/AnebProbe(25624): ADAPTER_EVT type=content cls=android.view.View desc=null txt_len=0 pkg=com.deepseek.chat t_boot_ns=1207565662748883
09-06 01:26:36.631 I/AnebProbe(25624): ADAPTER_EVT type=content cls=android.view.View desc=null txt_len=0 pkg=com.deepseek.chat t_boot_ns=1207565662799924
09-06 01:26:36.631 I/AnebProbe(25624): ADAPTER_EVT type=content cls=android.view.View desc=null txt_len=0 pkg=com.deepseek.chat t_boot_ns=1207565662850966
09-06 01:26:36.631 I/AnebProbe(25624): ADAPTER_EVT type=content cls=android.view.View desc=null txt_len=0 pkg=com.deepseek.chat t_boot_ns=1207565662933778
09-06 01:26:36.631 I/AnebProbe(25624): ADAPTER_EVT type=content cls=android.view.View desc=null txt_len=0 pkg=com.deepseek.chat t_boot_ns=1207565662988987
09-06 01:26:36.631 I/AnebProbe(25624): ADAPTER_EVT type=content cls=android.view.View desc=null txt_len=0 pkg=com.deepseek.chat t_boot_ns=1207565663034299
09-06 01:26:36.631 I/AnebProbe(25624): ADAPTER_EVT type=content cls=androidx.compose.ui.viewinterop.ViewFactoryHolder desc=null txt_len=0 pkg=com.deepseek.chat t_boot_ns=1207565663078049
09-06 01:26:36.631 I/AnebProbe(25624): ADAPTER_EVT type=content cls=android.view.View desc=null txt_len=0 pkg=com.deepseek.chat t_boot_ns=1207565663137424
09-06 01:26:36.631 I/AnebProbe(25624): ADAPTER_EVT type=content cls=android.view.View desc=null txt_len=0 pkg=com.deepseek.chat t_boot_ns=1207565663185862
09-06 01:26:36.632 I/AnebProbe(25624): ADAPTER_EVT type=content cls=android.view.View desc=null txt_len=0 pkg=com.deepseek.chat t_boot_ns=1207565663242112
09-06 01:26:36.632 I/AnebProbe(25624): ADAPTER_EVT type=content cls=android.view.View desc=null txt_len=0 pkg=com.deepseek.chat t_boot_ns=1207565663328049
09-06 01:26:36.632 I/AnebProbe(25624): ADAPTER_EVT type=content cls=android.view.View desc=null txt_len=0 pkg=com.deepseek.chat t_boot_ns=1207565663382737
09-06 01:26:36.632 I/AnebProbe(25624): ADAPTER_EVT type=content cls=android.view.View desc=null txt_len=0 pkg=com.deepseek.chat t_boot_ns=1207565663446278
09-06 01:26:36.632 I/AnebProbe(25624): ADAPTER_EVT type=content cls=android.view.View desc=null txt_len=0 pkg=com.deepseek.chat t_boot_ns=1207565663515549
09-06 01:26:36.632 I/AnebProbe(25624): ADAPTER_EVT type=content cls=android.view.View desc=null txt_len=0 pkg=com.deepseek.chat t_boot_ns=1207565663573883
09-06 01:26:36.632 I/AnebProbe(25624): ADAPTER_EVT type=content cls=android.view.View desc=null txt_len=0 pkg=com.deepseek.chat t_boot_ns=1207565663629091
09-06 01:26:36.632 I/AnebProbe(25624): ADAPTER_EVT type=content cls=android.view.View desc=null txt_len=0 pkg=com.deepseek.chat t_boot_ns=1207565663684820
09-06 01:26:36.738 I/AnebProbe(25624): ADAPTER_EVT type=content cls=androidx.compose.ui.viewinterop.ViewFactoryHolder desc=null txt_len=0 pkg=com.deepseek.chat t_boot_ns=1207565769127528
09-06 01:26:36.738 I/AnebProbe(25624): ADAPTER_EVT type=content cls=android.view.View desc=null txt_len=0 pkg=com.deepseek.chat t_boot_ns=1207565769377528
09-06 01:26:36.738 I/AnebProbe(25624): ADAPTER_EVT type=content cls=android.view.View desc=null txt_len=0 pkg=com.deepseek.chat t_boot_ns=1207565769470237
09-06 01:26:36.738 I/AnebProbe(25624): ADAPTER_EVT type=content cls=android.view.View desc=null txt_len=0 pkg=com.deepseek.chat t_boot_ns=1207565769543674
09-06 01:26:36.738 I/AnebProbe(25624): ADAPTER_EVT type=content cls=android.view.View desc=null txt_len=0 pkg=com.deepseek.chat t_boot_ns=1207565769652008
09-06 01:26:36.738 I/AnebProbe(25624): ADAPTER_EVT type=content cls=android.view.View desc=null txt_len=0 pkg=com.deepseek.chat t_boot_ns=1207565769746799
09-06 01:26:36.738 I/AnebProbe(25624): ADAPTER_EVT type=content cls=android.view.View desc=null txt_len=0 pkg=com.deepseek.chat t_boot_ns=1207565769825445
09-06 01:26:36.738 I/AnebProbe(25624): ADAPTER_EVT type=content cls=android.view.View desc=null txt_len=0 pkg=com.deepseek.chat t_boot_ns=1207565769893674
09-06 01:26:36.738 I/AnebProbe(25624): ADAPTER_EVT type=content cls=android.view.View desc=null txt_len=0 pkg=com.deepseek.chat t_boot_ns=1207565769955133
09-06 01:26:36.738 I/AnebProbe(25624): ADAPTER_EVT type=content cls=android.view.View desc=null txt_len=0 pkg=com.deepseek.chat t_boot_ns=1207565770026487
09-06 01:26:36.738 I/AnebProbe(25624): ADAPTER_EVT type=content cls=android.view.View desc=null txt_len=0 pkg=com.deepseek.chat t_boot_ns=1207565770090549
09-06 01:26:36.839 I/AnebProbe(25624): ADAPTER_EVT type=content cls=android.view.View desc=null txt_len=0 pkg=com.deepseek.chat t_boot_ns=1207565870476487
09-06 01:26:36.839 I/AnebProbe(25624): ADAPTER_EVT type=content cls=android.view.View desc=null txt_len=0 pkg=com.deepseek.chat t_boot_ns=1207565870729612
09-06 01:26:36.839 I/AnebProbe(25624): ADAPTER_EVT type=content cls=android.view.View desc=null txt_len=0 pkg=com.deepseek.chat t_boot_ns=1207565870829091
09-06 01:26:36.839 I/AnebProbe(25624): ADAPTER_EVT type=content cls=android.view.View desc=null txt_len=0 pkg=com.deepseek.chat t_boot_ns=1207565870932737
09-06 01:26:36.941 I/AnebProbe(25624): ADAPTER_EVT type=content cls=android.view.View desc=null txt_len=0 pkg=com.deepseek.chat t_boot_ns=1207565972679612
09-06 01:26:37.042 I/AnebProbe(25624): ADAPTER_EVT type=content cls=android.view.View desc=null txt_len=0 pkg=com.deepseek.chat t_boot_ns=1207566073506174
09-06 01:26:37.047 I/AnebProbe(25624): ADAPTER_EVT type=content cls=android.view.View desc=null txt_len=0 pkg=com.deepseek.chat t_boot_ns=1207566078123883
09-06 01:26:37.047 I/AnebProbe(25624): ADAPTER_EVT type=content cls=android.view.View desc=null txt_len=0 pkg=com.deepseek.chat t_boot_ns=1207566078374403
09-06 01:26:37.047 I/AnebProbe(25624): ADAPTER_EVT type=content cls=android.view.View desc=null txt_len=0 pkg=com.deepseek.chat t_boot_ns=1207566078472320
09-06 01:26:37.047 I/AnebProbe(25624): ADAPTER_EVT type=content cls=android.view.View desc=null txt_len=0 pkg=com.deepseek.chat t_boot_ns=1207566078543153
09-06 01:26:37.047 I/AnebProbe(25624): ADAPTER_EVT type=content cls=android.view.View desc=null txt_len=0 pkg=com.deepseek.chat t_boot_ns=1207566078625445
09-06 01:26:37.047 I/AnebProbe(25624): ADAPTER_EVT type=content cls=android.view.View desc=null txt_len=0 pkg=com.deepseek.chat t_boot_ns=1207566078698883
09-06 01:26:37.147 I/AnebProbe(25624): ADAPTER_EVT type=content cls=android.view.View desc=null txt_len=0 pkg=com.deepseek.chat t_boot_ns=1207566178146799
09-06 01:26:37.147 I/AnebProbe(25624): ADAPTER_EVT type=content cls=android.view.View desc=null txt_len=0 pkg=com.deepseek.chat t_boot_ns=1207566178454091
09-06 01:26:37.147 I/AnebProbe(25624): ADAPTER_EVT type=content cls=android.view.View desc=null txt_len=0 pkg=com.deepseek.chat t_boot_ns=1207566178572320
09-06 01:26:37.147 I/AnebProbe(25624): ADAPTER_EVT type=content cls=android.view.View desc=null txt_len=0 pkg=com.deepseek.chat t_boot_ns=1207566178663466
09-06 01:26:37.252 I/AnebProbe(25624): ADAPTER_EVT type=content cls=android.view.View desc=null txt_len=0 pkg=com.deepseek.chat t_boot_ns=1207566283934820
09-06 01:26:37.253 I/AnebProbe(25624): ADAPTER_EVT type=content cls=android.view.View desc=null txt_len=0 pkg=com.deepseek.chat t_boot_ns=1207566284354612
09-06 01:26:37.253 I/AnebProbe(25624): ADAPTER_EVT type=content cls=android.view.View desc=null txt_len=0 pkg=com.deepseek.chat t_boot_ns=1207566284483778
09-06 01:26:37.253 I/AnebProbe(25624): ADAPTER_EVT type=content cls=android.view.View desc=null txt_len=0 pkg=com.deepseek.chat t_boot_ns=1207566284591591
09-06 01:26:37.355 I/AnebProbe(25624): ADAPTER_EVT type=content cls=android.view.View desc=null txt_len=0 pkg=com.deepseek.chat t_boot_ns=1207566386053049
09-06 01:26:37.355 I/AnebProbe(25624): ADAPTER_EVT type=content cls=android.view.View desc=null txt_len=0 pkg=com.deepseek.chat t_boot_ns=1207566386573362
09-06 01:26:37.355 I/AnebProbe(25624): ADAPTER_EVT type=content cls=android.view.View desc=null txt_len=0 pkg=com.deepseek.chat t_boot_ns=1207566386779091
09-06 01:26:37.355 I/AnebProbe(25624): ADAPTER_EVT type=content cls=android.view.View desc=null txt_len=0 pkg=com.deepseek.chat t_boot_ns=1207566386950966
09-06 01:26:37.460 I/AnebProbe(25624): ADAPTER_EVT type=content cls=android.view.View desc=null txt_len=0 pkg=com.deepseek.chat t_boot_ns=1207566491845758
09-06 01:26:37.461 I/AnebProbe(25624): ADAPTER_EVT type=content cls=android.view.View desc=null txt_len=0 pkg=com.deepseek.chat t_boot_ns=1207566492496278
09-06 01:26:37.461 I/AnebProbe(25624): ADAPTER_EVT type=content cls=android.view.View desc=null txt_len=0 pkg=com.deepseek.chat t_boot_ns=1207566492929091
09-06 01:26:37.462 I/AnebProbe(25624): ADAPTER_EVT type=content cls=android.view.View desc=null txt_len=0 pkg=com.deepseek.chat t_boot_ns=1207566493187945
09-06 01:26:37.462 I/AnebProbe(25624): ADAPTER_EVT type=content cls=android.view.View desc=null txt_len=0 pkg=com.deepseek.chat t_boot_ns=1207566493419195
09-06 01:26:37.567 I/AnebProbe(25624): ADAPTER_EVT type=content cls=android.view.View desc=null txt_len=0 pkg=com.deepseek.chat t_boot_ns=1207566598145237
09-06 01:26:37.567 I/AnebProbe(25624): ADAPTER_EVT type=content cls=android.view.View desc=null txt_len=0 pkg=com.deepseek.chat t_boot_ns=1207566598817632
09-06 01:26:37.567 I/AnebProbe(25624): ADAPTER_EVT type=content cls=android.view.View desc=null txt_len=0 pkg=com.deepseek.chat t_boot_ns=1207566599033257
09-06 01:26:37.568 I/AnebProbe(25624): ADAPTER_EVT type=content cls=android.view.View desc=null txt_len=0 pkg=com.deepseek.chat t_boot_ns=1207566599221278
09-06 01:26:37.670 I/AnebProbe(25624): ADAPTER_EVT type=content cls=android.view.View desc=null txt_len=0 pkg=com.deepseek.chat t_boot_ns=1207566701491591
09-06 01:26:37.675 I/AnebProbe(25624): ADAPTER_OBS pkg=com.deepseek.chat mode=deepseek events=206 rule_matched=0 first_delta_ms=0 cadence_p50_ms=0.2 session_span_ms=21647.2 confidence=LOW/INCONCLUSIVE reason=throttle ttft_send_ms=null anchor_source=null ttft_cluster_ms=null ttft_density_ms=500.0
09-06 01:26:37.675 I/AnebProbe(25624): ADAPTER_EVT type=content cls=android.view.View desc=null txt_len=0 pkg=com.deepseek.chat t_boot_ns=1207566706578570
09-06 01:26:37.675 I/AnebProbe(25624): ADAPTER_EVT type=content cls=android.view.View desc=null txt_len=0 pkg=com.deepseek.chat t_boot_ns=1207566706926487
09-06 01:26:37.676 I/AnebProbe(25624): ADAPTER_EVT type=content cls=android.view.View desc=null txt_len=0 pkg=com.deepseek.chat t_boot_ns=1207566707156174
09-06 01:26:37.676 I/AnebProbe(25624): ADAPTER_EVT type=content cls=android.view.View desc=null txt_len=0 pkg=com.deepseek.chat t_boot_ns=1207566707322841
09-06 01:26:37.771 I/AnebProbe(25624): ADAPTER_EVT type=content cls=android.view.View desc=null txt_len=0 pkg=com.deepseek.chat t_boot_ns=1207566802827007
09-06 01:26:37.772 I/AnebProbe(25624): ADAPTER_EVT type=content cls=android.view.View desc=null txt_len=0 pkg=com.deepseek.chat t_boot_ns=1207566803338987
09-06 01:26:37.772 I/AnebProbe(25624): ADAPTER_EVT type=content cls=android.view.View desc=null txt_len=0 pkg=com.deepseek.chat t_boot_ns=1207566803502528
09-06 01:26:37.772 I/AnebProbe(25624): ADAPTER_EVT type=content cls=android.view.View desc=null txt_len=0 pkg=com.deepseek.chat t_boot_ns=1207566803715549
09-06 01:26:37.874 I/AnebProbe(25624): ADAPTER_EVT type=content cls=android.view.View desc=null txt_len=0 pkg=com.deepseek.chat t_boot_ns=1207566905785862
09-06 01:26:37.875 I/AnebProbe(25624): ADAPTER_EVT type=content cls=android.view.View desc=null txt_len=0 pkg=com.deepseek.chat t_boot_ns=1207566906498362
09-06 01:26:37.875 I/AnebProbe(25624): ADAPTER_EVT type=content cls=android.view.View desc=null txt_len=0 pkg=com.deepseek.chat t_boot_ns=1207566906807216
09-06 01:26:37.876 I/AnebProbe(25624): ADAPTER_EVT type=content cls=android.view.View desc=null txt_len=0 pkg=com.deepseek.chat t_boot_ns=1207566907055653
09-06 01:26:37.908 I/AnebProbe(25624): ADAPTER_EVT type=content cls=android.view.View desc=null txt_len=0 pkg=com.deepseek.chat t_boot_ns=1207566939855653
09-06 01:26:37.917 I/AnebProbe(25624): ADAPTER_EVT type=content cls=android.view.View desc=null txt_len=0 pkg=com.deepseek.chat t_boot_ns=1207566948603049
09-06 01:26:37.976 I/AnebProbe(25624): ADAPTER_EVT type=content cls=android.view.View desc=null txt_len=0 pkg=com.deepseek.chat t_boot_ns=1207567007166070
09-06 01:26:37.977 I/AnebProbe(25624): ADAPTER_EVT type=content cls=android.view.View desc=null txt_len=0 pkg=com.deepseek.chat t_boot_ns=1207567008402528
09-06 01:26:37.977 I/AnebProbe(25624): ADAPTER_EVT type=content cls=android.view.View desc=null txt_len=0 pkg=com.deepseek.chat t_boot_ns=1207567008759820
09-06 01:26:37.978 I/AnebProbe(25624): ADAPTER_EVT type=content cls=android.view.View desc=null txt_len=0 pkg=com.deepseek.chat t_boot_ns=1207567009839507
09-06 01:26:37.979 I/AnebProbe(25624): ADAPTER_EVT type=content cls=android.view.View desc=null txt_len=0 pkg=com.deepseek.chat t_boot_ns=1207567010753049
09-06 01:26:37.980 I/AnebProbe(25624): ADAPTER_EVT type=content cls=android.view.View desc=null txt_len=0 pkg=com.deepseek.chat t_boot_ns=1207567011167112
09-06 01:26:37.980 I/AnebProbe(25624): ADAPTER_EVT type=content cls=android.view.View desc=null txt_len=0 pkg=com.deepseek.chat t_boot_ns=1207567011439507
09-06 01:26:37.980 I/AnebProbe(25624): ADAPTER_EVT type=content cls=android.view.View desc=null txt_len=0 pkg=com.deepseek.chat t_boot_ns=1207567011704091
09-06 01:26:37.980 I/AnebProbe(25624): ADAPTER_EVT type=content cls=android.view.View desc=null txt_len=0 pkg=com.deepseek.chat t_boot_ns=1207567011930653
09-06 01:26:37.981 I/AnebProbe(25624): ADAPTER_EVT type=content cls=android.view.View desc=null txt_len=0 pkg=com.deepseek.chat t_boot_ns=1207567012548362
09-06 01:26:37.981 I/AnebProbe(25624): ADAPTER_EVT type=content cls=android.view.View desc=null txt_len=0 pkg=com.deepseek.chat t_boot_ns=1207567012913466
09-06 01:26:37.982 I/AnebProbe(25624): ADAPTER_EVT type=content cls=android.view.View desc=null txt_len=0 pkg=com.deepseek.chat t_boot_ns=1207567013209299
09-06 01:26:37.982 I/AnebProbe(25624): ADAPTER_EVT type=content cls=android.view.View desc=null txt_len=0 pkg=com.deepseek.chat t_boot_ns=1207567013415549
09-06 01:26:37.982 I/AnebProbe(25624): ADAPTER_EVT type=content cls=android.view.View desc=null txt_len=0 pkg=com.deepseek.chat t_boot_ns=1207567013617632
09-06 01:26:37.982 I/AnebProbe(25624): ADAPTER_EVT type=content cls=android.view.View desc=null txt_len=0 pkg=com.deepseek.chat t_boot_ns=1207567013801487
09-06 01:26:37.982 I/AnebProbe(25624): ADAPTER_EVT type=content cls=android.view.View desc=null txt_len=0 pkg=com.deepseek.chat t_boot_ns=1207567013979612
09-06 01:26:37.983 I/AnebProbe(25624): ADAPTER_EVT type=content cls=android.view.View desc=null txt_len=0 pkg=com.deepseek.chat t_boot_ns=1207567014177528
09-06 01:26:37.983 I/AnebProbe(25624): ADAPTER_EVT type=content cls=android.view.View desc=null txt_len=0 pkg=com.deepseek.chat t_boot_ns=1207567014353570
09-06 01:26:37.983 I/AnebProbe(25624): ADAPTER_EVT type=content cls=android.view.View desc=null txt_len=0 pkg=com.deepseek.chat t_boot_ns=1207567014898362
09-06 01:26:38.079 I/AnebProbe(25624): ADAPTER_EVT type=content cls=android.view.View desc=null txt_len=0 pkg=com.deepseek.chat t_boot_ns=1207567110444195
09-06 01:26:38.079 I/AnebProbe(25624): ADAPTER_EVT type=content cls=android.view.View desc=null txt_len=0 pkg=com.deepseek.chat t_boot_ns=1207567111106695
09-06 01:26:38.080 I/AnebProbe(25624): ADAPTER_EVT type=content cls=android.view.View desc=null txt_len=0 pkg=com.deepseek.chat t_boot_ns=1207567111296278
09-06 01:26:38.180 I/AnebProbe(25624): ADAPTER_EVT type=content cls=android.view.View desc=null txt_len=0 pkg=com.deepseek.chat t_boot_ns=1207567211170757
09-06 01:27:21.245 I/AnebE4MARK( 3955): E4MARK kind=answer_complete n=1
09-06 01:27:41.716 I/AnebProbe(25624): ADAPTER_EVT type=content cls=android.view.View desc=null txt_len=0 pkg=com.deepseek.chat t_boot_ns=1207630747996789
09-06 01:27:41.717 I/AnebProbe(25624): ADAPTER_OBS pkg=com.deepseek.chat mode=deepseek events=244 rule_matched=0 first_delta_ms=0 cadence_p50_ms=0.2 session_span_ms=85693.7 confidence=LOW/INCONCLUSIVE reason=throttle ttft_send_ms=null anchor_source=null ttft_cluster_ms=null ttft_density_ms=500.0
09-06 01:27:41.717 I/AnebProbe(25624): ADAPTER_EVT type=content cls=android.view.View desc=null txt_len=0 pkg=com.deepseek.chat t_boot_ns=1207630748847831
09-06 01:27:41.717 I/AnebProbe(25624): ADAPTER_EVT type=content cls=android.view.View desc=null txt_len=0 pkg=com.deepseek.chat t_boot_ns=1207630748979081
09-06 01:27:41.717 I/AnebProbe(25624): ADAPTER_EVT type=content cls=android.view.View desc=null txt_len=0 pkg=com.deepseek.chat t_boot_ns=1207630749038456
09-06 01:27:41.717 I/AnebProbe(25624): ADAPTER_EVT type=content cls=android.view.View desc=null txt_len=0 pkg=com.deepseek.chat t_boot_ns=1207630749091060
09-06 01:27:41.717 I/AnebProbe(25624): ADAPTER_EVT type=content cls=android.view.View desc=null txt_len=0 pkg=com.deepseek.chat t_boot_ns=1207630749150435
09-06 01:27:41.717 I/AnebProbe(25624): ADAPTER_EVT type=content cls=android.view.View desc=null txt_len=0 pkg=com.deepseek.chat t_boot_ns=1207630749198873
09-06 01:27:41.718 I/AnebProbe(25624): ADAPTER_EVT type=content cls=android.view.View desc=null txt_len=0 pkg=com.deepseek.chat t_boot_ns=1207630749247831
09-06 01:27:41.718 I/AnebProbe(25624): ADAPTER_EVT type=content cls=android.view.View desc=null txt_len=0 pkg=com.deepseek.chat t_boot_ns=1207630749295227
09-06 01:27:41.718 I/AnebProbe(25624): ADAPTER_EVT type=content cls=android.view.View desc=null txt_len=0 pkg=com.deepseek.chat t_boot_ns=1207630749344185
09-06 01:27:41.718 I/AnebProbe(25624): ADAPTER_EVT type=content cls=android.view.View desc=null txt_len=0 pkg=com.deepseek.chat t_boot_ns=1207630749409289
09-06 01:27:41.718 I/AnebProbe(25624): ADAPTER_EVT type=content cls=android.view.View desc=null txt_len=0 pkg=com.deepseek.chat t_boot_ns=1207630749459289
09-06 01:27:43.399 I/AnebProbe(25624): ADAPTER_EVT type=content cls=android.view.View desc=null txt_len=0 pkg=com.deepseek.chat t_boot_ns=1207632430381685
09-06 01:27:43.399 I/AnebProbe(25624): ADAPTER_EVT type=content cls=android.view.View desc=null txt_len=0 pkg=com.deepseek.chat t_boot_ns=1207632430881685
09-06 01:27:43.399 I/AnebProbe(25624): ADAPTER_EVT type=content cls=android.view.View desc=null txt_len=0 pkg=com.deepseek.chat t_boot_ns=1207632431053560
09-06 01:27:43.400 I/AnebProbe(25624): ADAPTER_EVT type=content cls=android.view.View desc=null txt_len=0 pkg=com.deepseek.chat t_boot_ns=1207632431184810
09-06 01:27:43.503 I/AnebProbe(25624): ADAPTER_EVT type=content cls=android.view.View desc=null txt_len=0 pkg=com.deepseek.chat t_boot_ns=1207632533916060
09-06 01:27:43.607 I/AnebProbe(25624): ADAPTER_EVT type=content cls=android.view.View desc=null txt_len=0 pkg=com.deepseek.chat t_boot_ns=1207632638795227
09-06 01:27:43.608 I/AnebProbe(25624): ADAPTER_EVT type=content cls=android.view.View desc=null txt_len=0 pkg=com.deepseek.chat t_boot_ns=1207632639301997
09-06 01:27:45.410 I/AnebProbe(25624): ADAPTER_EVT type=content cls=android.view.View desc=null txt_len=0 pkg=com.deepseek.chat t_boot_ns=1207634441476476
09-06 01:27:45.513 I/AnebProbe(25624): ADAPTER_EVT type=content cls=android.view.View desc=null txt_len=0 pkg=com.deepseek.chat t_boot_ns=1207634544251997
09-06 01:27:45.513 I/AnebProbe(25624): ADAPTER_EVT type=content cls=android.view.View desc=null txt_len=0 pkg=com.deepseek.chat t_boot_ns=1207634544707726
09-06 01:27:46.339 I/AnebProbe(25624): ADAPTER_EVT type=content cls=android.view.ViewGroup desc=null txt_len=0 pkg=com.deepseek.chat t_boot_ns=1207635371026997
09-06 01:27:46.341 I/AnebProbe(25624): ADAPTER_EVT type=content cls=android.view.View desc=null txt_len=0 pkg=com.deepseek.chat t_boot_ns=1207635372245226
09-06 01:27:46.471 I/AnebProbe(25624): ADAPTER_EVT type=content cls=androidx.compose.ui.viewinterop.ViewFactoryHolder desc=null txt_len=0 pkg=com.deepseek.chat t_boot_ns=1207635502711893
09-06 01:27:46.543 I/AnebProbe(25624): ADAPTER_EVT type=content cls=android.view.View desc=null txt_len=0 pkg=com.deepseek.chat t_boot_ns=1207635574421268
09-06 01:27:46.543 I/AnebProbe(25624): ADAPTER_EVT type=content cls=android.view.View desc=null txt_len=0 pkg=com.deepseek.chat t_boot_ns=1207635574578039
09-06 01:27:46.543 I/AnebProbe(25624): ADAPTER_EVT type=content cls=android.view.View desc=null txt_len=0 pkg=com.deepseek.chat t_boot_ns=1207635574636893
09-06 01:27:46.543 I/AnebProbe(25624): ADAPTER_EVT type=content cls=android.view.View desc=null txt_len=0 pkg=com.deepseek.chat t_boot_ns=1207635574684809
09-06 01:27:46.543 I/AnebProbe(25624): ADAPTER_EVT type=content cls=android.view.View desc=null txt_len=0 pkg=com.deepseek.chat t_boot_ns=1207635574735851
09-06 01:27:46.588 I/AnebProbe(25624): ADAPTER_EVT type=content cls=androidx.compose.ui.viewinterop.ViewFactoryHolder desc=null txt_len=0 pkg=com.deepseek.chat t_boot_ns=1207635619398872
09-06 01:27:46.645 I/AnebProbe(25624): ADAPTER_EVT type=content cls=android.view.View desc=null txt_len=0 pkg=com.deepseek.chat t_boot_ns=1207635676754080
09-06 01:27:46.645 I/AnebProbe(25624): ADAPTER_EVT type=content cls=android.view.View desc=null txt_len=0 pkg=com.deepseek.chat t_boot_ns=1207635677055643
09-06 01:27:46.645 I/AnebProbe(25624): ADAPTER_EVT type=content cls=android.view.View desc=null txt_len=0 pkg=com.deepseek.chat t_boot_ns=1207635677143143
09-06 01:27:46.646 I/AnebProbe(25624): ADAPTER_EVT type=content cls=android.view.View desc=null txt_len=0 pkg=com.deepseek.chat t_boot_ns=1207635677218664
09-06 01:27:46.646 I/AnebProbe(25624): ADAPTER_EVT type=content cls=android.view.View desc=null txt_len=0 pkg=com.deepseek.chat t_boot_ns=1207635677536893
09-06 01:27:46.706 I/AnebProbe(25624): ADAPTER_EVT type=content cls=androidx.compose.ui.viewinterop.ViewFactoryHolder desc=null txt_len=0 pkg=com.deepseek.chat t_boot_ns=1207635737140539
09-06 01:27:46.748 I/AnebProbe(25624): ADAPTER_EVT type=content cls=android.view.View desc=null txt_len=0 pkg=com.deepseek.chat t_boot_ns=1207635779323351
09-06 01:27:46.750 I/AnebProbe(25624): ADAPTER_OBS pkg=com.deepseek.chat mode=deepseek events=281 rule_matched=0 first_delta_ms=0 cadence_p50_ms=0.2 session_span_ms=90725.1 confidence=LOW/INCONCLUSIVE reason=throttle ttft_send_ms=null anchor_source=null ttft_cluster_ms=null ttft_density_ms=500.0
09-06 01:27:46.750 I/AnebProbe(25624): ADAPTER_EVT type=content cls=android.view.View desc=null txt_len=0 pkg=com.deepseek.chat t_boot_ns=1207635781538976
09-06 01:27:46.750 I/AnebProbe(25624): ADAPTER_EVT type=content cls=android.view.View desc=null txt_len=0 pkg=com.deepseek.chat t_boot_ns=1207635781715018
09-06 01:27:46.750 I/AnebProbe(25624): ADAPTER_EVT type=content cls=android.view.View desc=null txt_len=0 pkg=com.deepseek.chat t_boot_ns=1207635781831164
09-06 01:27:46.750 I/AnebProbe(25624): ADAPTER_EVT type=content cls=android.view.View desc=null txt_len=0 pkg=com.deepseek.chat t_boot_ns=1207635781929080
09-06 01:27:46.821 I/AnebProbe(25624): ADAPTER_EVT type=content cls=androidx.compose.ui.viewinterop.ViewFactoryHolder desc=null txt_len=0 pkg=com.deepseek.chat t_boot_ns=1207635852218143
09-06 01:27:46.850 I/AnebProbe(25624): ADAPTER_EVT type=content cls=android.view.View desc=null txt_len=0 pkg=com.deepseek.chat t_boot_ns=1207635881602518
09-06 01:27:46.851 I/AnebProbe(25624): ADAPTER_EVT type=content cls=android.view.View desc=null txt_len=0 pkg=com.deepseek.chat t_boot_ns=1207635882220747
09-06 01:27:46.852 I/AnebProbe(25624): ADAPTER_EVT type=content cls=android.view.View desc=null txt_len=0 pkg=com.deepseek.chat t_boot_ns=1207635883266059
09-06 01:27:46.852 I/AnebProbe(25624): ADAPTER_EVT type=content cls=android.view.View desc=null txt_len=0 pkg=com.deepseek.chat t_boot_ns=1207635883566580
09-06 01:27:46.852 I/AnebProbe(25624): ADAPTER_EVT type=content cls=android.view.View desc=null txt_len=0 pkg=com.deepseek.chat t_boot_ns=1207635883770226
09-06 01:27:46.934 I/AnebProbe(25624): ADAPTER_EVT type=content cls=androidx.compose.ui.viewinterop.ViewFactoryHolder desc=null txt_len=0 pkg=com.deepseek.chat t_boot_ns=1207635965488455
09-06 01:27:46.952 I/AnebProbe(25624): ADAPTER_EVT type=content cls=android.view.View desc=null txt_len=0 pkg=com.deepseek.chat t_boot_ns=1207635983734289
09-06 01:27:46.952 I/AnebProbe(25624): ADAPTER_EVT type=content cls=android.view.View desc=null txt_len=0 pkg=com.deepseek.chat t_boot_ns=1207635983992622
09-06 01:27:46.952 I/AnebProbe(25624): ADAPTER_EVT type=content cls=android.view.View desc=null txt_len=0 pkg=com.deepseek.chat t_boot_ns=1207635984099393
09-06 01:27:46.953 I/AnebProbe(25624): ADAPTER_EVT type=content cls=android.view.View desc=null txt_len=0 pkg=com.deepseek.chat t_boot_ns=1207635984220226
09-06 01:27:46.953 I/AnebProbe(25624): ADAPTER_EVT type=content cls=android.view.View desc=null txt_len=0 pkg=com.deepseek.chat t_boot_ns=1207635984344184
09-06 01:27:47.719 I/AnebProbe(25624): ADAPTER_EVT type=content cls=android.widget.EditText desc=null txt_len=1 pkg=com.deepseek.chat t_boot_ns=1207636749984288
09-06 01:27:47.733 I/AnebProbe(25624): ADAPTER_EVT type=content cls=android.widget.EditText desc=null txt_len=2 pkg=com.deepseek.chat t_boot_ns=1207636764458768
09-06 01:27:47.740 I/AnebProbe(25624): ADAPTER_EVT type=content cls=android.widget.EditText desc=null txt_len=3 pkg=com.deepseek.chat t_boot_ns=1207636771477518
09-06 01:27:47.753 I/AnebProbe(25624): ADAPTER_EVT type=content cls=android.widget.EditText desc=null txt_len=4 pkg=com.deepseek.chat t_boot_ns=1207636784568663
09-06 01:27:47.769 I/AnebProbe(25624): ADAPTER_EVT type=content cls=android.widget.EditText desc=null txt_len=5 pkg=com.deepseek.chat t_boot_ns=1207636800547309
09-06 01:27:47.782 I/AnebProbe(25624): ADAPTER_EVT type=content cls=android.widget.EditText desc=null txt_len=6 pkg=com.deepseek.chat t_boot_ns=1207636812791580
09-06 01:27:47.792 I/AnebProbe(25624): ADAPTER_EVT type=content cls=android.widget.EditText desc=null txt_len=7 pkg=com.deepseek.chat t_boot_ns=1207636823895747
09-06 01:27:47.802 I/AnebProbe(25624): ADAPTER_EVT type=content cls=android.widget.EditText desc=null txt_len=8 pkg=com.deepseek.chat t_boot_ns=1207636833653038
09-06 01:27:47.810 I/AnebProbe(25624): ADAPTER_EVT type=content cls=android.widget.EditText desc=null txt_len=9 pkg=com.deepseek.chat t_boot_ns=1207636841143143
09-06 01:27:47.823 I/AnebProbe(25624): ADAPTER_EVT type=content cls=android.widget.EditText desc=null txt_len=10 pkg=com.deepseek.chat t_boot_ns=1207636853862413
09-06 01:27:47.837 I/AnebProbe(25624): ADAPTER_EVT type=content cls=android.widget.EditText desc=null txt_len=11 pkg=com.deepseek.chat t_boot_ns=1207636868470747
09-06 01:27:47.846 I/AnebProbe(25624): ADAPTER_EVT type=content cls=android.view.View desc=null txt_len=0 pkg=com.deepseek.chat t_boot_ns=1207636877667101
09-06 01:27:47.846 I/AnebProbe(25624): ADAPTER_EVT type=content cls=android.view.View desc=null txt_len=0 pkg=com.deepseek.chat t_boot_ns=1207636877904080
09-06 01:27:47.846 I/AnebProbe(25624): ADAPTER_EVT type=content cls=android.view.View desc=null txt_len=0 pkg=com.deepseek.chat t_boot_ns=1207636878015538
09-06 01:27:47.846 I/AnebProbe(25624): ADAPTER_EVT type=content cls=android.widget.EditText desc=null txt_len=12 pkg=com.deepseek.chat t_boot_ns=1207636878105643
09-06 01:27:47.858 I/AnebProbe(25624): ADAPTER_EVT type=content cls=android.widget.EditText desc=null txt_len=13 pkg=com.deepseek.chat t_boot_ns=1207636889205643
09-06 01:27:47.867 I/AnebProbe(25624): ADAPTER_EVT type=content cls=android.widget.EditText desc=null txt_len=14 pkg=com.deepseek.chat t_boot_ns=1207636898686372
09-06 01:27:47.878 I/AnebProbe(25624): ADAPTER_EVT type=content cls=android.widget.EditText desc=null txt_len=15 pkg=com.deepseek.chat t_boot_ns=1207636907731163
09-06 01:27:47.888 I/AnebProbe(25624): ADAPTER_EVT type=content cls=android.widget.EditText desc=null txt_len=16 pkg=com.deepseek.chat t_boot_ns=1207636919023351
09-06 01:27:47.895 I/AnebProbe(25624): ADAPTER_EVT type=content cls=android.widget.EditText desc=null txt_len=17 pkg=com.deepseek.chat t_boot_ns=1207636925685851
09-06 01:27:47.905 I/AnebProbe(25624): ADAPTER_EVT type=content cls=android.widget.EditText desc=null txt_len=18 pkg=com.deepseek.chat t_boot_ns=1207636936171268
09-06 01:27:47.915 I/AnebProbe(25624): ADAPTER_EVT type=content cls=android.widget.EditText desc=null txt_len=19 pkg=com.deepseek.chat t_boot_ns=1207636946470747
09-06 01:27:47.922 I/AnebProbe(25624): ADAPTER_EVT type=content cls=android.widget.EditText desc=null txt_len=20 pkg=com.deepseek.chat t_boot_ns=1207636953631684
09-06 01:27:47.934 I/AnebProbe(25624): ADAPTER_EVT type=content cls=android.widget.EditText desc=null txt_len=21 pkg=com.deepseek.chat t_boot_ns=1207636965230122
09-06 01:27:47.945 I/AnebProbe(25624): ADAPTER_EVT type=content cls=android.widget.EditText desc=null txt_len=22 pkg=com.deepseek.chat t_boot_ns=1207636976401476
09-06 01:27:47.954 I/AnebProbe(25624): ADAPTER_EVT type=content cls=android.widget.EditText desc=null txt_len=23 pkg=com.deepseek.chat t_boot_ns=1207636985358768
09-06 01:27:47.968 I/AnebProbe(25624): ADAPTER_EVT type=content cls=android.widget.EditText desc=null txt_len=24 pkg=com.deepseek.chat t_boot_ns=1207636998792622
09-06 01:27:47.978 I/AnebProbe(25624): ADAPTER_EVT type=content cls=android.widget.EditText desc=null txt_len=25 pkg=com.deepseek.chat t_boot_ns=1207637009149913
09-06 01:27:47.991 I/AnebProbe(25624): ADAPTER_EVT type=content cls=android.widget.EditText desc=null txt_len=26 pkg=com.deepseek.chat t_boot_ns=1207637021908247
09-06 01:27:50.106 I/AnebE4MARK( 4590): E4MARK kind=turn_start n=2
09-06 01:27:50.217 I/AnebProbe(25624): ADAPTER_EVT type=content cls=android.widget.EditText desc=null txt_len=0 pkg=com.deepseek.chat t_boot_ns=1207639248257205
09-06 01:27:50.254 I/AnebProbe(25624): ADAPTER_EVT type=content cls=android.view.View desc=null txt_len=0 pkg=com.deepseek.chat t_boot_ns=1207639284886892
09-06 01:27:50.254 I/AnebProbe(25624): ADAPTER_EVT type=content cls=android.view.View desc=null txt_len=0 pkg=com.deepseek.chat t_boot_ns=1207639285526476
09-06 01:27:50.254 I/AnebProbe(25624): ADAPTER_EVT type=content cls=android.view.View desc=null txt_len=0 pkg=com.deepseek.chat t_boot_ns=1207639285840017
09-06 01:27:50.255 I/AnebProbe(25624): ADAPTER_EVT type=content cls=android.view.View desc=null txt_len=0 pkg=com.deepseek.chat t_boot_ns=1207639286968663
09-06 01:27:50.281 I/AnebProbe(25624): ADAPTER_EVT type=content cls=android.view.View desc=null txt_len=0 pkg=com.deepseek.chat t_boot_ns=1207639312825955
09-06 01:27:50.333 I/AnebProbe(25624): ADAPTER_EVT type=content cls=android.view.ViewGroup desc=null txt_len=0 pkg=com.deepseek.chat t_boot_ns=1207639364853559
09-06 01:27:50.353 I/AnebProbe(25624): ADAPTER_EVT type=content cls=android.view.View desc=null txt_len=0 pkg=com.deepseek.chat t_boot_ns=1207639384412934
09-06 01:27:50.353 I/AnebProbe(25624): ADAPTER_EVT type=content cls=android.view.View desc=null txt_len=0 pkg=com.deepseek.chat t_boot_ns=1207639384640538
09-06 01:27:50.353 I/AnebProbe(25624): ADAPTER_EVT type=content cls=android.view.View desc=null txt_len=0 pkg=com.deepseek.chat t_boot_ns=1207639384708767
09-06 01:27:50.353 I/AnebProbe(25624): ADAPTER_EVT type=content cls=android.view.View desc=null txt_len=0 pkg=com.deepseek.chat t_boot_ns=1207639384750434
09-06 01:27:50.353 I/AnebProbe(25624): ADAPTER_EVT type=content cls=android.view.View desc=null txt_len=0 pkg=com.deepseek.chat t_boot_ns=1207639384830642
09-06 01:27:50.353 I/AnebProbe(25624): ADAPTER_EVT type=content cls=android.view.View desc=null txt_len=0 pkg=com.deepseek.chat t_boot_ns=1207639384991059
09-06 01:27:50.353 I/AnebProbe(25624): ADAPTER_EVT type=content cls=android.view.View desc=null txt_len=0 pkg=com.deepseek.chat t_boot_ns=1207639385068663
09-06 01:27:50.354 I/AnebProbe(25624): ADAPTER_EVT type=content cls=android.view.View desc=null txt_len=0 pkg=com.deepseek.chat t_boot_ns=1207639385217101
09-06 01:27:50.354 I/AnebProbe(25624): ADAPTER_EVT type=content cls=android.view.View desc=null txt_len=0 pkg=com.deepseek.chat t_boot_ns=1207639385282205
09-06 01:27:50.354 I/AnebProbe(25624): ADAPTER_EVT type=content cls=androidx.compose.ui.viewinterop.ViewFactoryHolder desc=null txt_len=0 pkg=com.deepseek.chat t_boot_ns=1207639385360330
09-06 01:27:50.354 I/AnebProbe(25624): ADAPTER_EVT type=content cls=android.view.View desc=null txt_len=0 pkg=com.deepseek.chat t_boot_ns=1207639385429080
09-06 01:27:50.354 I/AnebProbe(25624): ADAPTER_EVT type=content cls=android.view.View desc=null txt_len=0 pkg=com.deepseek.chat t_boot_ns=1207639385481684
09-06 01:27:50.354 I/AnebProbe(25624): ADAPTER_EVT type=content cls=android.view.View desc=null txt_len=0 pkg=com.deepseek.chat t_boot_ns=1207639385541580
09-06 01:27:50.354 I/AnebProbe(25624): ADAPTER_EVT type=content cls=android.view.View desc=null txt_len=0 pkg=com.deepseek.chat t_boot_ns=1207639385636371
09-06 01:27:50.354 I/AnebProbe(25624): ADAPTER_EVT type=content cls=android.view.View desc=null txt_len=0 pkg=com.deepseek.chat t_boot_ns=1207639385774392
09-06 01:27:50.354 I/AnebProbe(25624): ADAPTER_EVT type=content cls=android.view.View desc=null txt_len=0 pkg=com.deepseek.chat t_boot_ns=1207639385908767
09-06 01:27:50.354 I/AnebProbe(25624): ADAPTER_EVT type=content cls=android.view.View desc=null txt_len=0 pkg=com.deepseek.chat t_boot_ns=1207639386032205
09-06 01:27:50.354 I/AnebProbe(25624): ADAPTER_EVT type=content cls=android.view.View desc=null txt_len=0 pkg=com.deepseek.chat t_boot_ns=1207639386146267
09-06 01:27:50.355 I/AnebProbe(25624): ADAPTER_EVT type=content cls=android.view.View desc=null txt_len=0 pkg=com.deepseek.chat t_boot_ns=1207639386313455
09-06 01:27:50.355 I/AnebProbe(25624): ADAPTER_EVT type=content cls=android.view.View desc=null txt_len=0 pkg=com.deepseek.chat t_boot_ns=1207639386423871
09-06 01:27:50.355 I/AnebProbe(25624): ADAPTER_EVT type=content cls=android.view.View desc=null txt_len=0 pkg=com.deepseek.chat t_boot_ns=1207639386533246
09-06 01:27:50.355 I/AnebProbe(25624): ADAPTER_EVT type=content cls=android.view.View desc=null txt_len=0 pkg=com.deepseek.chat t_boot_ns=1207639386685330
09-06 01:27:50.355 I/AnebProbe(25624): ADAPTER_EVT type=content cls=android.view.View desc=null txt_len=0 pkg=com.deepseek.chat t_boot_ns=1207639386823351
09-06 01:27:50.356 I/AnebProbe(25624): ADAPTER_EVT type=content cls=android.view.View desc=null txt_len=0 pkg=com.deepseek.chat t_boot_ns=1207639387178038
09-06 01:27:50.356 I/AnebProbe(25624): ADAPTER_EVT type=content cls=android.view.View desc=null txt_len=0 pkg=com.deepseek.chat t_boot_ns=1207639387296267
09-06 01:27:50.356 I/AnebProbe(25624): ADAPTER_EVT type=content cls=android.view.View desc=null txt_len=0 pkg=com.deepseek.chat t_boot_ns=1207639387708767
09-06 01:27:50.356 I/AnebProbe(25624): ADAPTER_EVT type=content cls=android.view.View desc=null txt_len=0 pkg=com.deepseek.chat t_boot_ns=1207639387787413
09-06 01:27:50.356 I/AnebProbe(25624): ADAPTER_EVT type=content cls=android.view.View desc=null txt_len=0 pkg=com.deepseek.chat t_boot_ns=1207639387857726
09-06 01:27:50.356 I/AnebProbe(25624): ADAPTER_EVT type=content cls=android.view.View desc=null txt_len=0 pkg=com.deepseek.chat t_boot_ns=1207639387919184
09-06 01:27:50.356 I/AnebProbe(25624): ADAPTER_EVT type=content cls=android.view.View desc=null txt_len=0 pkg=com.deepseek.chat t_boot_ns=1207639387970746
09-06 01:27:50.356 I/AnebProbe(25624): ADAPTER_EVT type=content cls=android.view.View desc=null txt_len=0 pkg=com.deepseek.chat t_boot_ns=1207639388025955
09-06 01:27:50.356 I/AnebProbe(25624): ADAPTER_EVT type=content cls=android.view.View desc=null txt_len=0 pkg=com.deepseek.chat t_boot_ns=1207639388078559
09-06 01:27:50.356 I/AnebProbe(25624): ADAPTER_EVT type=content cls=android.view.View desc=null txt_len=0 pkg=com.deepseek.chat t_boot_ns=1207639388140017
09-06 01:27:50.356 I/AnebProbe(25624): ADAPTER_EVT type=content cls=android.view.View desc=null txt_len=0 pkg=com.deepseek.chat t_boot_ns=1207639388197830
09-06 01:27:50.357 I/AnebProbe(25624): ADAPTER_EVT type=content cls=android.view.View desc=null txt_len=0 pkg=com.deepseek.chat t_boot_ns=1207639388247309
09-06 01:27:50.357 I/AnebProbe(25624): ADAPTER_EVT type=content cls=android.view.View desc=null txt_len=0 pkg=com.deepseek.chat t_boot_ns=1207639388296267
09-06 01:27:50.459 I/AnebProbe(25624): ADAPTER_EVT type=content cls=android.view.View desc=null txt_len=0 pkg=com.deepseek.chat t_boot_ns=1207639490636371
09-06 01:27:50.459 I/AnebProbe(25624): ADAPTER_EVT type=content cls=android.view.View desc=null txt_len=0 pkg=com.deepseek.chat t_boot_ns=1207639490879080
09-06 01:27:50.459 I/AnebProbe(25624): ADAPTER_EVT type=content cls=android.view.View desc=null txt_len=0 pkg=com.deepseek.chat t_boot_ns=1207639490995226
09-06 01:27:50.459 I/AnebProbe(25624): ADAPTER_EVT type=content cls=android.view.View desc=null txt_len=0 pkg=com.deepseek.chat t_boot_ns=1207639491075434
09-06 01:27:50.459 I/AnebProbe(25624): ADAPTER_EVT type=content cls=androidx.compose.ui.viewinterop.ViewFactoryHolder desc=null txt_len=0 pkg=com.deepseek.chat t_boot_ns=1207639491156684
09-06 01:27:50.461 I/AnebProbe(25624): ADAPTER_EVT type=content cls=android.view.View desc=null txt_len=0 pkg=com.deepseek.chat t_boot_ns=1207639492200955
09-06 01:27:50.461 I/AnebProbe(25624): ADAPTER_EVT type=content cls=android.view.View desc=null txt_len=0 pkg=com.deepseek.chat t_boot_ns=1207639492522830
09-06 01:27:50.461 I/AnebProbe(25624): ADAPTER_EVT type=content cls=android.view.View desc=null txt_len=0 pkg=com.deepseek.chat t_boot_ns=1207639492611371
09-06 01:27:50.461 I/AnebProbe(25624): ADAPTER_EVT type=content cls=android.view.View desc=null txt_len=0 pkg=com.deepseek.chat t_boot_ns=1207639492696267
09-06 01:27:50.461 I/AnebProbe(25624): ADAPTER_EVT type=content cls=android.view.View desc=null txt_len=0 pkg=com.deepseek.chat t_boot_ns=1207639492781163
09-06 01:27:50.461 I/AnebProbe(25624): ADAPTER_EVT type=content cls=android.view.View desc=null txt_len=0 pkg=com.deepseek.chat t_boot_ns=1207639492879080
09-06 01:27:50.461 I/AnebProbe(25624): ADAPTER_EVT type=content cls=android.view.View desc=null txt_len=0 pkg=com.deepseek.chat t_boot_ns=1207639492938455
09-06 01:27:50.462 I/AnebProbe(25624): ADAPTER_EVT type=content cls=android.view.View desc=null txt_len=0 pkg=com.deepseek.chat t_boot_ns=1207639493644184
09-06 01:27:50.462 I/AnebProbe(25624): ADAPTER_EVT type=content cls=android.view.View desc=null txt_len=0 pkg=com.deepseek.chat t_boot_ns=1207639493969705
09-06 01:27:50.463 I/AnebProbe(25624): ADAPTER_EVT type=content cls=android.view.View desc=null txt_len=0 pkg=com.deepseek.chat t_boot_ns=1207639494332205
09-06 01:27:50.463 I/AnebProbe(25624): ADAPTER_EVT type=content cls=android.view.View desc=null txt_len=0 pkg=com.deepseek.chat t_boot_ns=1207639494553559
09-06 01:27:50.463 I/AnebProbe(25624): ADAPTER_EVT type=content cls=android.view.View desc=null txt_len=0 pkg=com.deepseek.chat t_boot_ns=1207639494703038
09-06 01:27:50.463 I/AnebProbe(25624): ADAPTER_EVT type=content cls=android.view.View desc=null txt_len=0 pkg=com.deepseek.chat t_boot_ns=1207639494865538
09-06 01:27:50.463 I/AnebProbe(25624): ADAPTER_EVT type=content cls=android.view.View desc=null txt_len=0 pkg=com.deepseek.chat t_boot_ns=1207639495024392
09-06 01:27:50.464 I/AnebProbe(25624): ADAPTER_EVT type=content cls=android.view.View desc=null txt_len=0 pkg=com.deepseek.chat t_boot_ns=1207639495185851
09-06 01:27:50.464 I/AnebProbe(25624): ADAPTER_EVT type=content cls=android.view.View desc=null txt_len=0 pkg=com.deepseek.chat t_boot_ns=1207639495304601
09-06 01:27:50.561 I/AnebProbe(25624): ADAPTER_EVT type=content cls=android.view.View desc=null txt_len=0 pkg=com.deepseek.chat t_boot_ns=1207639592184809
09-06 01:27:50.562 I/AnebProbe(25624): ADAPTER_EVT type=content cls=android.view.View desc=null txt_len=0 pkg=com.deepseek.chat t_boot_ns=1207639593272309
09-06 01:27:50.562 I/AnebProbe(25624): ADAPTER_EVT type=content cls=android.view.View desc=null txt_len=0 pkg=com.deepseek.chat t_boot_ns=1207639593395226
09-06 01:27:50.562 I/AnebProbe(25624): ADAPTER_EVT type=content cls=android.view.View desc=null txt_len=0 pkg=com.deepseek.chat t_boot_ns=1207639593476996
09-06 01:27:50.563 I/AnebProbe(25624): ADAPTER_EVT type=content cls=android.view.View desc=null txt_len=0 pkg=com.deepseek.chat t_boot_ns=1207639594575955
09-06 01:27:50.563 I/AnebProbe(25624): ADAPTER_EVT type=content cls=androidx.compose.ui.viewinterop.ViewFactoryHolder desc=null txt_len=0 pkg=com.deepseek.chat t_boot_ns=1207639594757726
09-06 01:27:50.563 I/AnebProbe(25624): ADAPTER_EVT type=content cls=android.view.View desc=null txt_len=0 pkg=com.deepseek.chat t_boot_ns=1207639594837413
09-06 01:27:50.563 I/AnebProbe(25624): ADAPTER_EVT type=content cls=android.view.View desc=null txt_len=0 pkg=com.deepseek.chat t_boot_ns=1207639594922830
09-06 01:27:50.563 I/AnebProbe(25624): ADAPTER_EVT type=content cls=android.view.View desc=null txt_len=0 pkg=com.deepseek.chat t_boot_ns=1207639594999913
09-06 01:27:50.563 I/AnebProbe(25624): ADAPTER_EVT type=content cls=android.view.View desc=null txt_len=0 pkg=com.deepseek.chat t_boot_ns=1207639595075955
09-06 01:27:50.563 I/AnebProbe(25624): ADAPTER_EVT type=content cls=android.view.View desc=null txt_len=0 pkg=com.deepseek.chat t_boot_ns=1207639595146788
09-06 01:27:50.563 I/AnebProbe(25624): ADAPTER_EVT type=content cls=android.view.View desc=null txt_len=0 pkg=com.deepseek.chat t_boot_ns=1207639595200955
09-06 01:27:50.564 I/AnebProbe(25624): ADAPTER_EVT type=content cls=android.view.View desc=null txt_len=0 pkg=com.deepseek.chat t_boot_ns=1207639595255642
09-06 01:27:50.564 I/AnebProbe(25624): ADAPTER_EVT type=content cls=android.view.View desc=null txt_len=0 pkg=com.deepseek.chat t_boot_ns=1207639595309288
09-06 01:27:50.564 I/AnebProbe(25624): ADAPTER_EVT type=content cls=android.view.View desc=null txt_len=0 pkg=com.deepseek.chat t_boot_ns=1207639595411892
09-06 01:27:50.564 I/AnebProbe(25624): ADAPTER_EVT type=content cls=android.view.View desc=null txt_len=0 pkg=com.deepseek.chat t_boot_ns=1207639595477517
09-06 01:27:50.564 I/AnebProbe(25624): ADAPTER_EVT type=content cls=android.view.View desc=null txt_len=0 pkg=com.deepseek.chat t_boot_ns=1207639595551476
09-06 01:27:50.564 I/AnebProbe(25624): ADAPTER_EVT type=content cls=android.view.View desc=null txt_len=0 pkg=com.deepseek.chat t_boot_ns=1207639595615017
09-06 01:27:50.564 I/AnebProbe(25624): ADAPTER_EVT type=content cls=android.view.View desc=null txt_len=0 pkg=com.deepseek.chat t_boot_ns=1207639595681163
09-06 01:27:50.564 I/AnebProbe(25624): ADAPTER_EVT type=content cls=android.view.View desc=null txt_len=0 pkg=com.deepseek.chat t_boot_ns=1207639595756163
09-06 01:27:50.564 I/AnebProbe(25624): ADAPTER_EVT type=content cls=android.view.View desc=null txt_len=0 pkg=com.deepseek.chat t_boot_ns=1207639595849392
09-06 01:27:50.564 I/AnebProbe(25624): ADAPTER_EVT type=content cls=android.view.View desc=null txt_len=0 pkg=com.deepseek.chat t_boot_ns=1207639595922309
09-06 01:27:50.564 I/AnebProbe(25624): ADAPTER_EVT type=content cls=android.view.View desc=null txt_len=0 pkg=com.deepseek.chat t_boot_ns=1207639595984288
09-06 01:27:50.564 I/AnebProbe(25624): ADAPTER_EVT type=content cls=android.view.View desc=null txt_len=0 pkg=com.deepseek.chat t_boot_ns=1207639596065017
09-06 01:27:50.564 I/AnebProbe(25624): ADAPTER_EVT type=content cls=android.view.View desc=null txt_len=0 pkg=com.deepseek.chat t_boot_ns=1207639596120226
09-06 01:27:50.670 I/AnebProbe(25624): ADAPTER_EVT type=content cls=androidx.compose.ui.viewinterop.ViewFactoryHolder desc=null txt_len=0 pkg=com.deepseek.chat t_boot_ns=1207639701621788
09-06 01:27:50.670 I/AnebProbe(25624): ADAPTER_EVT type=content cls=android.view.View desc=null txt_len=0 pkg=com.deepseek.chat t_boot_ns=1207639701856163
09-06 01:27:50.670 I/AnebProbe(25624): ADAPTER_EVT type=content cls=android.view.View desc=null txt_len=0 pkg=com.deepseek.chat t_boot_ns=1207639701947830
09-06 01:27:50.670 I/AnebProbe(25624): ADAPTER_EVT type=content cls=android.view.View desc=null txt_len=0 pkg=com.deepseek.chat t_boot_ns=1207639702015017
09-06 01:27:50.670 I/AnebProbe(25624): ADAPTER_EVT type=content cls=android.view.View desc=null txt_len=0 pkg=com.deepseek.chat t_boot_ns=1207639702131163
09-06 01:27:50.671 I/AnebProbe(25624): ADAPTER_EVT type=content cls=android.view.View desc=null txt_len=0 pkg=com.deepseek.chat t_boot_ns=1207639702226996
09-06 01:27:50.671 I/AnebProbe(25624): ADAPTER_EVT type=content cls=android.view.View desc=null txt_len=0 pkg=com.deepseek.chat t_boot_ns=1207639702331163
09-06 01:27:50.671 I/AnebProbe(25624): ADAPTER_EVT type=content cls=android.view.View desc=null txt_len=0 pkg=com.deepseek.chat t_boot_ns=1207639702419184
09-06 01:27:50.671 I/AnebProbe(25624): ADAPTER_EVT type=content cls=android.view.View desc=null txt_len=0 pkg=com.deepseek.chat t_boot_ns=1207639702497309
09-06 01:27:50.671 I/AnebProbe(25624): ADAPTER_EVT type=content cls=android.view.View desc=null txt_len=0 pkg=com.deepseek.chat t_boot_ns=1207639702559288
09-06 01:27:50.671 I/AnebProbe(25624): ADAPTER_EVT type=content cls=android.view.View desc=null txt_len=0 pkg=com.deepseek.chat t_boot_ns=1207639702636371
09-06 01:27:50.770 I/AnebProbe(25624): ADAPTER_EVT type=content cls=android.view.View desc=null txt_len=0 pkg=com.deepseek.chat t_boot_ns=1207639801130642
09-06 01:27:50.871 I/AnebProbe(25624): ADAPTER_EVT type=content cls=android.view.View desc=null txt_len=0 pkg=com.deepseek.chat t_boot_ns=1207639902687934
09-06 01:27:50.871 I/AnebProbe(25624): ADAPTER_EVT type=content cls=android.view.View desc=null txt_len=0 pkg=com.deepseek.chat t_boot_ns=1207639902942621
09-06 01:27:50.871 I/AnebProbe(25624): ADAPTER_EVT type=content cls=android.view.View desc=null txt_len=0 pkg=com.deepseek.chat t_boot_ns=1207639903028559
09-06 01:27:50.871 I/AnebProbe(25624): ADAPTER_EVT type=content cls=android.view.View desc=null txt_len=0 pkg=com.deepseek.chat t_boot_ns=1207639903145225
09-06 01:27:50.872 I/AnebProbe(25624): ADAPTER_EVT type=content cls=android.view.View desc=null txt_len=0 pkg=com.deepseek.chat t_boot_ns=1207639903226996
09-06 01:27:50.872 I/AnebProbe(25624): ADAPTER_EVT type=content cls=android.view.View desc=null txt_len=0 pkg=com.deepseek.chat t_boot_ns=1207639903316059
09-06 01:27:50.872 I/AnebProbe(25624): ADAPTER_EVT type=content cls=android.view.View desc=null txt_len=0 pkg=com.deepseek.chat t_boot_ns=1207639903375955
09-06 01:27:51.000 I/AnebProbe(25624): ADAPTER_EVT type=content cls=android.view.View desc=null txt_len=0 pkg=com.deepseek.chat t_boot_ns=1207640031285850
09-06 01:27:51.002 I/AnebProbe(25624): ADAPTER_EVT type=content cls=android.view.View desc=null txt_len=0 pkg=com.deepseek.chat t_boot_ns=1207640033252517
09-06 01:27:51.099 I/AnebProbe(25624): ADAPTER_EVT type=content cls=android.view.View desc=null txt_len=0 pkg=com.deepseek.chat t_boot_ns=1207640130827517
09-06 01:27:51.100 I/AnebProbe(25624): ADAPTER_EVT type=content cls=android.view.View desc=null txt_len=0 pkg=com.deepseek.chat t_boot_ns=1207640131229080
09-06 01:27:51.100 I/AnebProbe(25624): ADAPTER_EVT type=content cls=android.view.View desc=null txt_len=0 pkg=com.deepseek.chat t_boot_ns=1207640131438975
09-06 01:27:51.100 I/AnebProbe(25624): ADAPTER_EVT type=content cls=android.view.View desc=null txt_len=0 pkg=com.deepseek.chat t_boot_ns=1207640131627517
09-06 01:27:51.204 I/AnebProbe(25624): ADAPTER_EVT type=content cls=android.view.View desc=null txt_len=0 pkg=com.deepseek.chat t_boot_ns=1207640234965017
09-06 01:27:51.204 I/AnebProbe(25624): ADAPTER_EVT type=content cls=android.view.View desc=null txt_len=0 pkg=com.deepseek.chat t_boot_ns=1207640235364496
09-06 01:27:51.204 I/AnebProbe(25624): ADAPTER_EVT type=content cls=android.view.View desc=null txt_len=0 pkg=com.deepseek.chat t_boot_ns=1207640235498350
09-06 01:27:51.204 I/AnebProbe(25624): ADAPTER_EVT type=content cls=android.view.View desc=null txt_len=0 pkg=com.deepseek.chat t_boot_ns=1207640235620746
09-06 01:27:51.305 I/AnebProbe(25624): ADAPTER_EVT type=content cls=android.view.View desc=null txt_len=0 pkg=com.deepseek.chat t_boot_ns=1207640336717100
09-06 01:27:51.306 I/AnebProbe(25624): ADAPTER_EVT type=content cls=android.view.View desc=null txt_len=0 pkg=com.deepseek.chat t_boot_ns=1207640337416580
09-06 01:27:51.306 I/AnebProbe(25624): ADAPTER_EVT type=content cls=android.view.View desc=null txt_len=0 pkg=com.deepseek.chat t_boot_ns=1207640337668142
09-06 01:27:51.306 I/AnebProbe(25624): ADAPTER_EVT type=content cls=android.view.View desc=null txt_len=0 pkg=com.deepseek.chat t_boot_ns=1207640337950434
09-06 01:27:51.335 I/AnebProbe(25624): ADAPTER_EVT type=content cls=android.view.View desc=null txt_len=0 pkg=com.deepseek.chat t_boot_ns=1207640366472309
09-06 01:27:51.345 I/AnebProbe(25624): ADAPTER_EVT type=content cls=android.view.View desc=null txt_len=0 pkg=com.deepseek.chat t_boot_ns=1207640376156163
09-06 01:27:51.409 I/AnebProbe(25624): ADAPTER_EVT type=content cls=android.view.View desc=null txt_len=0 pkg=com.deepseek.chat t_boot_ns=1207640440056684
09-06 01:27:51.409 I/AnebProbe(25624): ADAPTER_EVT type=content cls=android.view.View desc=null txt_len=0 pkg=com.deepseek.chat t_boot_ns=1207640440429600
09-06 01:27:51.409 I/AnebProbe(25624): ADAPTER_EVT type=content cls=android.view.View desc=null txt_len=0 pkg=com.deepseek.chat t_boot_ns=1207640440576996
09-06 01:27:51.409 I/AnebProbe(25624): ADAPTER_EVT type=content cls=android.view.View desc=null txt_len=0 pkg=com.deepseek.chat t_boot_ns=1207640440692100
09-06 01:27:51.410 I/AnebProbe(25624): ADAPTER_EVT type=content cls=android.view.View desc=null txt_len=0 pkg=com.deepseek.chat t_boot_ns=1207640441331684
09-06 01:27:51.410 I/AnebProbe(25624): ADAPTER_EVT type=content cls=android.view.View desc=null txt_len=0 pkg=com.deepseek.chat t_boot_ns=1207640441503038
09-06 01:27:51.411 I/AnebProbe(25624): ADAPTER_EVT type=content cls=android.view.View desc=null txt_len=0 pkg=com.deepseek.chat t_boot_ns=1207640442134809
09-06 01:27:51.411 I/AnebProbe(25624): ADAPTER_EVT type=content cls=android.view.View desc=null txt_len=0 pkg=com.deepseek.chat t_boot_ns=1207640442393142
09-06 01:27:51.412 I/AnebProbe(25624): ADAPTER_EVT type=content cls=android.view.View desc=null txt_len=0 pkg=com.deepseek.chat t_boot_ns=1207640443436371
09-06 01:27:51.412 I/AnebProbe(25624): ADAPTER_EVT type=content cls=android.view.View desc=null txt_len=0 pkg=com.deepseek.chat t_boot_ns=1207640443643142
09-06 01:27:51.412 I/AnebProbe(25624): ADAPTER_EVT type=content cls=android.view.View desc=null txt_len=0 pkg=com.deepseek.chat t_boot_ns=1207640443781684
09-06 01:27:51.412 I/AnebProbe(25624): ADAPTER_EVT type=content cls=android.view.View desc=null txt_len=0 pkg=com.deepseek.chat t_boot_ns=1207640443929080
09-06 01:27:51.412 I/AnebProbe(25624): ADAPTER_EVT type=content cls=android.view.View desc=null txt_len=0 pkg=com.deepseek.chat t_boot_ns=1207640444077517
09-06 01:27:51.413 I/AnebProbe(25624): ADAPTER_EVT type=content cls=android.view.View desc=null txt_len=0 pkg=com.deepseek.chat t_boot_ns=1207640444247309
09-06 01:27:51.413 I/AnebProbe(25624): ADAPTER_EVT type=content cls=android.view.View desc=null txt_len=0 pkg=com.deepseek.chat t_boot_ns=1207640444391580
09-06 01:27:51.413 I/AnebProbe(25624): ADAPTER_EVT type=content cls=android.view.View desc=null txt_len=0 pkg=com.deepseek.chat t_boot_ns=1207640444524392
09-06 01:27:51.413 I/AnebProbe(25624): ADAPTER_EVT type=content cls=android.view.View desc=null txt_len=0 pkg=com.deepseek.chat t_boot_ns=1207640444683767
09-06 01:27:51.413 I/AnebProbe(25624): ADAPTER_EVT type=content cls=android.view.View desc=null txt_len=0 pkg=com.deepseek.chat t_boot_ns=1207640444840538
09-06 01:27:51.413 I/AnebProbe(25624): ADAPTER_EVT type=content cls=android.view.View desc=null txt_len=0 pkg=com.deepseek.chat t_boot_ns=1207640444960850
09-06 01:27:51.516 I/AnebProbe(25624): ADAPTER_EVT type=content cls=android.view.View desc=null txt_len=0 pkg=com.deepseek.chat t_boot_ns=1207640547550955
09-06 01:27:51.516 I/AnebProbe(25624): ADAPTER_EVT type=content cls=android.view.View desc=null txt_len=0 pkg=com.deepseek.chat t_boot_ns=1207640547952517
09-06 01:27:51.517 I/AnebProbe(25624): ADAPTER_EVT type=content cls=android.view.View desc=null txt_len=0 pkg=com.deepseek.chat t_boot_ns=1207640548524392
09-06 01:27:51.517 I/AnebProbe(25624): ADAPTER_EVT type=content cls=android.view.View desc=null txt_len=0 pkg=com.deepseek.chat t_boot_ns=1207640548876475
09-06 01:28:35.126 I/AnebE4MARK( 5187): E4MARK kind=answer_complete n=2
09-06 01:28:55.605 I/AnebProbe(25624): ADAPTER_EVT type=content cls=android.view.View desc=null txt_len=0 pkg=com.deepseek.chat t_boot_ns=1207704636776466
09-06 01:28:55.607 I/AnebProbe(25624): ADAPTER_OBS pkg=com.deepseek.chat mode=deepseek events=474 rule_matched=0 first_delta_ms=0 cadence_p50_ms=0.2 session_span_ms=159582.5 confidence=LOW/INCONCLUSIVE reason=throttle ttft_send_ms=null anchor_source=null ttft_cluster_ms=null ttft_density_ms=500.0
09-06 01:28:55.607 I/AnebProbe(25624): ADAPTER_EVT type=content cls=android.view.View desc=null txt_len=0 pkg=com.deepseek.chat t_boot_ns=1207704638571778
09-06 01:28:55.607 I/AnebProbe(25624): ADAPTER_EVT type=content cls=android.view.View desc=null txt_len=0 pkg=com.deepseek.chat t_boot_ns=1207704638727507
09-06 01:28:55.607 I/AnebProbe(25624): ADAPTER_EVT type=content cls=android.view.View desc=null txt_len=0 pkg=com.deepseek.chat t_boot_ns=1207704638805632
09-06 01:28:55.607 I/AnebProbe(25624): ADAPTER_EVT type=content cls=android.view.View desc=null txt_len=0 pkg=com.deepseek.chat t_boot_ns=1207704638878028
09-06 01:28:55.607 I/AnebProbe(25624): ADAPTER_EVT type=content cls=android.view.View desc=null txt_len=0 pkg=com.deepseek.chat t_boot_ns=1207704638959799
09-06 01:28:55.607 I/AnebProbe(25624): ADAPTER_EVT type=content cls=android.view.View desc=null txt_len=0 pkg=com.deepseek.chat t_boot_ns=1207704639027507
09-06 01:28:55.607 I/AnebProbe(25624): ADAPTER_EVT type=content cls=android.view.View desc=null txt_len=0 pkg=com.deepseek.chat t_boot_ns=1207704639087924
09-06 01:28:55.607 I/AnebProbe(25624): ADAPTER_EVT type=content cls=android.view.View desc=null txt_len=0 pkg=com.deepseek.chat t_boot_ns=1207704639157716
09-06 01:28:55.608 I/AnebProbe(25624): ADAPTER_EVT type=content cls=android.view.View desc=null txt_len=0 pkg=com.deepseek.chat t_boot_ns=1207704639240007
09-06 01:28:55.608 I/AnebProbe(25624): ADAPTER_EVT type=content cls=android.view.View desc=null txt_len=0 pkg=com.deepseek.chat t_boot_ns=1207704639321257
09-06 01:28:55.608 I/AnebProbe(25624): ADAPTER_EVT type=content cls=android.view.View desc=null txt_len=0 pkg=com.deepseek.chat t_boot_ns=1207704639385841
09-06 01:28:57.269 I/AnebProbe(25624): ADAPTER_EVT type=content cls=android.view.View desc=null txt_len=0 pkg=com.deepseek.chat t_boot_ns=1207706300720215
09-06 01:28:57.270 I/AnebProbe(25624): ADAPTER_EVT type=content cls=android.view.View desc=null txt_len=0 pkg=com.deepseek.chat t_boot_ns=1207706301229070
09-06 01:28:57.270 I/AnebProbe(25624): ADAPTER_EVT type=content cls=android.view.View desc=null txt_len=0 pkg=com.deepseek.chat t_boot_ns=1207706301404590
09-06 01:28:57.271 I/AnebProbe(25624): ADAPTER_EVT type=content cls=android.view.View desc=null txt_len=0 pkg=com.deepseek.chat t_boot_ns=1207706302607195
09-06 01:28:57.374 I/AnebProbe(25624): ADAPTER_EVT type=content cls=android.view.View desc=null txt_len=0 pkg=com.deepseek.chat t_boot_ns=1207706405561361
09-06 01:28:57.374 I/AnebProbe(25624): ADAPTER_EVT type=content cls=android.view.View desc=null txt_len=0 pkg=com.deepseek.chat t_boot_ns=1207706406068132
09-06 01:28:57.479 I/AnebProbe(25624): ADAPTER_EVT type=content cls=android.view.View desc=null txt_len=0 pkg=com.deepseek.chat t_boot_ns=1207706510499903
09-06 01:28:57.479 I/AnebProbe(25624): ADAPTER_EVT type=content cls=android.view.View desc=null txt_len=0 pkg=com.deepseek.chat t_boot_ns=1207706511092090
09-06 01:28:59.317 I/AnebProbe(25624): ADAPTER_EVT type=content cls=android.view.View desc=null txt_len=0 pkg=com.deepseek.chat t_boot_ns=1207708347935840
09-06 01:28:59.420 I/AnebProbe(25624): ADAPTER_EVT type=content cls=android.view.View desc=null txt_len=0 pkg=com.deepseek.chat t_boot_ns=1207708451134798
09-06 01:28:59.420 I/AnebProbe(25624): ADAPTER_EVT type=content cls=android.view.View desc=null txt_len=0 pkg=com.deepseek.chat t_boot_ns=1207708451653548
09-06 01:29:00.228 I/AnebProbe(25624): ADAPTER_EVT type=content cls=android.view.ViewGroup desc=null txt_len=0 pkg=com.deepseek.chat t_boot_ns=1207709259457715
09-06 01:29:00.243 I/AnebProbe(25624): ADAPTER_EVT type=content cls=android.view.View desc=null txt_len=0 pkg=com.deepseek.chat t_boot_ns=1207709274783236
09-06 01:29:00.343 I/AnebProbe(25624): ADAPTER_EVT type=content cls=androidx.compose.ui.viewinterop.ViewFactoryHolder desc=null txt_len=0 pkg=com.deepseek.chat t_boot_ns=1207709374705632
09-06 01:29:00.444 I/AnebProbe(25624): ADAPTER_EVT type=content cls=android.view.View desc=null txt_len=0 pkg=com.deepseek.chat t_boot_ns=1207709475787923
09-06 01:29:00.444 I/AnebProbe(25624): ADAPTER_EVT type=content cls=android.view.View desc=null txt_len=0 pkg=com.deepseek.chat t_boot_ns=1207709476023861
09-06 01:29:00.444 I/AnebProbe(25624): ADAPTER_EVT type=content cls=android.view.View desc=null txt_len=0 pkg=com.deepseek.chat t_boot_ns=1207709476122819
09-06 01:29:00.445 I/AnebProbe(25624): ADAPTER_EVT type=content cls=android.view.View desc=null txt_len=0 pkg=com.deepseek.chat t_boot_ns=1207709476184798
09-06 01:29:00.445 I/AnebProbe(25624): ADAPTER_EVT type=content cls=android.view.View desc=null txt_len=0 pkg=com.deepseek.chat t_boot_ns=1207709476274382
09-06 01:29:00.458 I/AnebProbe(25624): ADAPTER_EVT type=content cls=androidx.compose.ui.viewinterop.ViewFactoryHolder desc=null txt_len=0 pkg=com.deepseek.chat t_boot_ns=1207709489689486
09-06 01:29:00.547 I/AnebProbe(25624): ADAPTER_EVT type=content cls=android.view.View desc=null txt_len=0 pkg=com.deepseek.chat t_boot_ns=1207709578931152
09-06 01:29:00.547 I/AnebProbe(25624): ADAPTER_EVT type=content cls=android.view.View desc=null txt_len=0 pkg=com.deepseek.chat t_boot_ns=1207709579168132
09-06 01:29:00.548 I/AnebProbe(25624): ADAPTER_EVT type=content cls=android.view.View desc=null txt_len=0 pkg=com.deepseek.chat t_boot_ns=1207709579255632
09-06 01:29:00.548 I/AnebProbe(25624): ADAPTER_EVT type=content cls=android.view.View desc=null txt_len=0 pkg=com.deepseek.chat t_boot_ns=1207709579360319
09-06 01:29:00.548 I/AnebProbe(25624): ADAPTER_EVT type=content cls=android.view.View desc=null txt_len=0 pkg=com.deepseek.chat t_boot_ns=1207709579445736
09-06 01:29:00.576 I/AnebProbe(25624): ADAPTER_EVT type=content cls=androidx.compose.ui.viewinterop.ViewFactoryHolder desc=null txt_len=0 pkg=com.deepseek.chat t_boot_ns=1207709607292611
09-06 01:29:00.650 I/AnebProbe(25624): ADAPTER_EVT type=content cls=android.view.View desc=null txt_len=0 pkg=com.deepseek.chat t_boot_ns=1207709680872819
09-06 01:29:00.651 I/AnebProbe(25624): ADAPTER_OBS pkg=com.deepseek.chat mode=deepseek events=512 rule_matched=0 first_delta_ms=0 cadence_p50_ms=0.2 session_span_ms=164626.6 confidence=LOW/INCONCLUSIVE reason=throttle ttft_send_ms=null anchor_source=null ttft_cluster_ms=null ttft_density_ms=500.0
09-06 01:29:00.651 I/AnebProbe(25624): ADAPTER_EVT type=content cls=android.view.View desc=null txt_len=0 pkg=com.deepseek.chat t_boot_ns=1207709682953027
09-06 01:29:00.651 I/AnebProbe(25624): ADAPTER_EVT type=content cls=android.view.View desc=null txt_len=0 pkg=com.deepseek.chat t_boot_ns=1207709683137402
09-06 01:29:00.652 I/AnebProbe(25624): ADAPTER_EVT type=content cls=android.view.View desc=null txt_len=0 pkg=com.deepseek.chat t_boot_ns=1207709683234798
09-06 01:29:00.652 I/AnebProbe(25624): ADAPTER_EVT type=content cls=android.view.View desc=null txt_len=0 pkg=com.deepseek.chat t_boot_ns=1207709683332194
09-06 01:29:00.692 I/AnebProbe(25624): ADAPTER_EVT type=content cls=androidx.compose.ui.viewinterop.ViewFactoryHolder desc=null txt_len=0 pkg=com.deepseek.chat t_boot_ns=1207709724048861
09-06 01:29:00.758 I/AnebProbe(25624): ADAPTER_EVT type=content cls=android.view.View desc=null txt_len=0 pkg=com.deepseek.chat t_boot_ns=1207709789436361
09-06 01:29:00.758 I/AnebProbe(25624): ADAPTER_EVT type=content cls=android.view.View desc=null txt_len=0 pkg=com.deepseek.chat t_boot_ns=1207709790081673
09-06 01:29:00.759 I/AnebProbe(25624): ADAPTER_EVT type=content cls=android.view.View desc=null txt_len=0 pkg=com.deepseek.chat t_boot_ns=1207709790400944
09-06 01:29:00.759 I/AnebProbe(25624): ADAPTER_EVT type=content cls=android.view.View desc=null txt_len=0 pkg=com.deepseek.chat t_boot_ns=1207709790536881
09-06 01:29:00.759 I/AnebProbe(25624): ADAPTER_EVT type=content cls=android.view.View desc=null txt_len=0 pkg=com.deepseek.chat t_boot_ns=1207709790636881
09-06 01:29:00.806 I/AnebProbe(25624): ADAPTER_EVT type=content cls=androidx.compose.ui.viewinterop.ViewFactoryHolder desc=null txt_len=0 pkg=com.deepseek.chat t_boot_ns=1207709837231673
09-06 01:29:00.853 I/AnebProbe(25624): ADAPTER_EVT type=content cls=android.view.View desc=null txt_len=0 pkg=com.deepseek.chat t_boot_ns=1207709884893652
09-06 01:29:00.855 I/AnebProbe(25624): ADAPTER_EVT type=content cls=android.view.View desc=null txt_len=0 pkg=com.deepseek.chat t_boot_ns=1207709886310840
09-06 01:29:00.855 I/AnebProbe(25624): ADAPTER_EVT type=content cls=android.view.View desc=null txt_len=0 pkg=com.deepseek.chat t_boot_ns=1207709886910319
09-06 01:29:00.856 I/AnebProbe(25624): ADAPTER_EVT type=content cls=android.view.View desc=null txt_len=0 pkg=com.deepseek.chat t_boot_ns=1207709887548861
09-06 01:29:00.856 I/AnebProbe(25624): ADAPTER_EVT type=content cls=android.view.View desc=null txt_len=0 pkg=com.deepseek.chat t_boot_ns=1207709887716569
09-06 01:29:01.615 I/AnebProbe(25624): ADAPTER_EVT type=content cls=android.widget.EditText desc=null txt_len=1 pkg=com.deepseek.chat t_boot_ns=1207710646218131
09-06 01:29:01.645 I/AnebProbe(25624): ADAPTER_EVT type=content cls=android.widget.EditText desc=null txt_len=2 pkg=com.deepseek.chat t_boot_ns=1207710676467090
09-06 01:29:01.653 I/AnebProbe(25624): ADAPTER_EVT type=content cls=android.widget.EditText desc=null txt_len=3 pkg=com.deepseek.chat t_boot_ns=1207710684416048
09-06 01:29:01.665 I/AnebProbe(25624): ADAPTER_EVT type=content cls=android.widget.EditText desc=null txt_len=4 pkg=com.deepseek.chat t_boot_ns=1207710696110840
09-06 01:29:01.678 I/AnebProbe(25624): ADAPTER_EVT type=content cls=android.widget.EditText desc=null txt_len=5 pkg=com.deepseek.chat t_boot_ns=1207710708325944
09-06 01:29:01.690 I/AnebProbe(25624): ADAPTER_EVT type=content cls=android.widget.EditText desc=null txt_len=6 pkg=com.deepseek.chat t_boot_ns=1207710720486881
09-06 01:29:01.697 I/AnebProbe(25624): ADAPTER_EVT type=content cls=android.widget.EditText desc=null txt_len=7 pkg=com.deepseek.chat t_boot_ns=1207710728443131
09-06 01:29:01.705 I/AnebProbe(25624): ADAPTER_EVT type=content cls=android.widget.EditText desc=null txt_len=8 pkg=com.deepseek.chat t_boot_ns=1207710736415527
09-06 01:29:01.713 I/AnebProbe(25624): ADAPTER_EVT type=content cls=android.widget.EditText desc=null txt_len=9 pkg=com.deepseek.chat t_boot_ns=1207710744067090
09-06 01:29:01.724 I/AnebProbe(25624): ADAPTER_EVT type=content cls=android.widget.EditText desc=null txt_len=10 pkg=com.deepseek.chat t_boot_ns=1207710755222298
09-06 01:29:01.734 I/AnebProbe(25624): ADAPTER_EVT type=content cls=android.view.View desc=null txt_len=0 pkg=com.deepseek.chat t_boot_ns=1207710765006673
09-06 01:29:01.734 I/AnebProbe(25624): ADAPTER_EVT type=content cls=android.view.View desc=null txt_len=0 pkg=com.deepseek.chat t_boot_ns=1207710765403548
09-06 01:29:01.734 I/AnebProbe(25624): ADAPTER_EVT type=content cls=android.view.View desc=null txt_len=0 pkg=com.deepseek.chat t_boot_ns=1207710765591048
09-06 01:29:01.737 I/AnebProbe(25624): ADAPTER_EVT type=content cls=android.widget.EditText desc=null txt_len=11 pkg=com.deepseek.chat t_boot_ns=1207710768060840
09-06 01:29:01.747 I/AnebProbe(25624): ADAPTER_EVT type=content cls=android.widget.EditText desc=null txt_len=12 pkg=com.deepseek.chat t_boot_ns=1207710778210840
09-06 01:29:01.760 I/AnebProbe(25624): ADAPTER_EVT type=content cls=android.widget.EditText desc=null txt_len=13 pkg=com.deepseek.chat t_boot_ns=1207710791604590
09-06 01:29:01.769 I/AnebProbe(25624): ADAPTER_EVT type=content cls=android.widget.EditText desc=null txt_len=14 pkg=com.deepseek.chat t_boot_ns=1207710800239485
09-06 01:29:01.779 I/AnebProbe(25624): ADAPTER_EVT type=content cls=android.widget.EditText desc=null txt_len=15 pkg=com.deepseek.chat t_boot_ns=1207710810695215
09-06 01:29:01.793 I/AnebProbe(25624): ADAPTER_EVT type=content cls=android.widget.EditText desc=null txt_len=16 pkg=com.deepseek.chat t_boot_ns=1207710824078548
09-06 01:29:01.805 I/AnebProbe(25624): ADAPTER_EVT type=content cls=android.widget.EditText desc=null txt_len=17 pkg=com.deepseek.chat t_boot_ns=1207710833915527
09-06 01:29:01.814 I/AnebProbe(25624): ADAPTER_EVT type=content cls=android.widget.EditText desc=null txt_len=18 pkg=com.deepseek.chat t_boot_ns=1207710844241048
09-06 01:29:01.827 I/AnebProbe(25624): ADAPTER_EVT type=content cls=android.widget.EditText desc=null txt_len=19 pkg=com.deepseek.chat t_boot_ns=1207710858094694
09-06 01:29:01.840 I/AnebProbe(25624): ADAPTER_EVT type=content cls=android.widget.EditText desc=null txt_len=20 pkg=com.deepseek.chat t_boot_ns=1207710871077506
09-06 01:29:01.851 I/AnebProbe(25624): ADAPTER_EVT type=content cls=android.widget.EditText desc=null txt_len=21 pkg=com.deepseek.chat t_boot_ns=1207710882888444
09-06 01:29:01.858 I/AnebProbe(25624): ADAPTER_EVT type=content cls=android.widget.EditText desc=null txt_len=22 pkg=com.deepseek.chat t_boot_ns=1207710888985319
09-06 01:29:01.867 I/AnebProbe(25624): ADAPTER_EVT type=content cls=android.widget.EditText desc=null txt_len=23 pkg=com.deepseek.chat t_boot_ns=1207710898900423
09-06 01:29:01.875 I/AnebProbe(25624): ADAPTER_EVT type=content cls=android.widget.EditText desc=null txt_len=24 pkg=com.deepseek.chat t_boot_ns=1207710906685840
09-06 01:29:01.888 I/AnebProbe(25624): ADAPTER_EVT type=content cls=android.widget.EditText desc=null txt_len=25 pkg=com.deepseek.chat t_boot_ns=1207710919270215
09-06 01:29:01.896 I/AnebProbe(25624): ADAPTER_EVT type=content cls=android.widget.EditText desc=null txt_len=26 pkg=com.deepseek.chat t_boot_ns=1207710927407194
09-06 01:29:04.062 I/AnebE4MARK( 5574): E4MARK kind=turn_start n=3
09-06 01:29:04.176 I/AnebProbe(25624): ADAPTER_EVT type=content cls=android.widget.EditText desc=null txt_len=0 pkg=com.deepseek.chat t_boot_ns=1207713207762402
09-06 01:29:04.216 I/AnebProbe(25624): ADAPTER_EVT type=content cls=android.view.View desc=null txt_len=0 pkg=com.deepseek.chat t_boot_ns=1207713246639485
09-06 01:29:04.216 I/AnebProbe(25624): ADAPTER_EVT type=content cls=android.view.View desc=null txt_len=0 pkg=com.deepseek.chat t_boot_ns=1207713247646777
09-06 01:29:04.216 I/AnebProbe(25624): ADAPTER_EVT type=content cls=android.view.View desc=null txt_len=0 pkg=com.deepseek.chat t_boot_ns=1207713247806673
09-06 01:29:04.243 I/AnebProbe(25624): ADAPTER_EVT type=content cls=android.view.View desc=null txt_len=0 pkg=com.deepseek.chat t_boot_ns=1207713274270735
09-06 01:29:04.243 I/AnebProbe(25624): ADAPTER_EVT type=content cls=android.view.View desc=null txt_len=0 pkg=com.deepseek.chat t_boot_ns=1207713274447298
09-06 01:29:04.286 I/AnebProbe(25624): ADAPTER_EVT type=content cls=android.view.ViewGroup desc=null txt_len=0 pkg=com.deepseek.chat t_boot_ns=1207713317324381
09-06 01:29:04.313 I/AnebProbe(25624): ADAPTER_EVT type=content cls=android.view.View desc=null txt_len=0 pkg=com.deepseek.chat t_boot_ns=1207713344958235
09-06 01:29:04.314 I/AnebProbe(25624): ADAPTER_EVT type=content cls=android.view.View desc=null txt_len=0 pkg=com.deepseek.chat t_boot_ns=1207713345365527
09-06 01:29:04.314 I/AnebProbe(25624): ADAPTER_EVT type=content cls=android.view.View desc=null txt_len=0 pkg=com.deepseek.chat t_boot_ns=1207713345624381
09-06 01:29:04.314 I/AnebProbe(25624): ADAPTER_EVT type=content cls=android.view.View desc=null txt_len=0 pkg=com.deepseek.chat t_boot_ns=1207713345736360
09-06 01:29:04.314 I/AnebProbe(25624): ADAPTER_EVT type=content cls=android.view.View desc=null txt_len=0 pkg=com.deepseek.chat t_boot_ns=1207713345790006
09-06 01:29:04.314 I/AnebProbe(25624): ADAPTER_EVT type=content cls=android.view.View desc=null txt_len=0 pkg=com.deepseek.chat t_boot_ns=1207713345978027
09-06 01:29:04.314 I/AnebProbe(25624): ADAPTER_EVT type=content cls=android.view.View desc=null txt_len=0 pkg=com.deepseek.chat t_boot_ns=1207713346048860
09-06 01:29:04.314 I/AnebProbe(25624): ADAPTER_EVT type=content cls=android.view.View desc=null txt_len=0 pkg=com.deepseek.chat t_boot_ns=1207713346105110
09-06 01:29:04.315 I/AnebProbe(25624): ADAPTER_EVT type=content cls=android.view.View desc=null txt_len=0 pkg=com.deepseek.chat t_boot_ns=1207713346354068
09-06 01:29:04.315 I/AnebProbe(25624): ADAPTER_EVT type=content cls=android.view.View desc=null txt_len=0 pkg=com.deepseek.chat t_boot_ns=1207713346422298
09-06 01:29:04.315 I/AnebProbe(25624): ADAPTER_EVT type=content cls=android.view.View desc=null txt_len=0 pkg=com.deepseek.chat t_boot_ns=1207713346474381
09-06 01:29:04.317 I/AnebProbe(25624): ADAPTER_EVT type=content cls=android.view.View desc=null txt_len=0 pkg=com.deepseek.chat t_boot_ns=1207713348701985
09-06 01:29:04.317 I/AnebProbe(25624): ADAPTER_EVT type=content cls=android.view.View desc=null txt_len=0 pkg=com.deepseek.chat t_boot_ns=1207713348822818
09-06 01:29:04.317 I/AnebProbe(25624): ADAPTER_EVT type=content cls=android.view.View desc=null txt_len=0 pkg=com.deepseek.chat t_boot_ns=1207713348875423
09-06 01:29:04.317 I/AnebProbe(25624): ADAPTER_EVT type=content cls=android.view.View desc=null txt_len=0 pkg=com.deepseek.chat t_boot_ns=1207713348911881
09-06 01:29:04.317 I/AnebProbe(25624): ADAPTER_EVT type=content cls=android.view.View desc=null txt_len=0 pkg=com.deepseek.chat t_boot_ns=1207713348947818
09-06 01:29:04.317 I/AnebProbe(25624): ADAPTER_EVT type=content cls=android.view.View desc=null txt_len=0 pkg=com.deepseek.chat t_boot_ns=1207713348993131
09-06 01:29:04.317 I/AnebProbe(25624): ADAPTER_EVT type=content cls=android.view.View desc=null txt_len=0 pkg=com.deepseek.chat t_boot_ns=1207713349040006
09-06 01:29:04.317 I/AnebProbe(25624): ADAPTER_EVT type=content cls=android.view.View desc=null txt_len=0 pkg=com.deepseek.chat t_boot_ns=1207713349076985
09-06 01:29:04.317 I/AnebProbe(25624): ADAPTER_EVT type=content cls=android.view.View desc=null txt_len=0 pkg=com.deepseek.chat t_boot_ns=1207713349115006
09-06 01:29:04.317 I/AnebProbe(25624): ADAPTER_EVT type=content cls=android.view.View desc=null txt_len=0 pkg=com.deepseek.chat t_boot_ns=1207713349159798
09-06 01:29:04.317 I/AnebProbe(25624): ADAPTER_EVT type=content cls=android.view.View desc=null txt_len=0 pkg=com.deepseek.chat t_boot_ns=1207713349195214
09-06 01:29:04.318 I/AnebProbe(25624): ADAPTER_EVT type=content cls=androidx.compose.ui.viewinterop.ViewFactoryHolder desc=null txt_len=0 pkg=com.deepseek.chat t_boot_ns=1207713349245735
09-06 01:29:04.318 I/AnebProbe(25624): ADAPTER_EVT type=content cls=android.view.View desc=null txt_len=0 pkg=com.deepseek.chat t_boot_ns=1207713349287923
09-06 01:29:04.318 I/AnebProbe(25624): ADAPTER_EVT type=content cls=android.view.View desc=null txt_len=0 pkg=com.deepseek.chat t_boot_ns=1207713349340006
09-06 01:29:04.318 I/AnebProbe(25624): ADAPTER_EVT type=content cls=android.view.View desc=null txt_len=0 pkg=com.deepseek.chat t_boot_ns=1207713349630110
09-06 01:29:04.318 I/AnebProbe(25624): ADAPTER_EVT type=content cls=android.view.View desc=null txt_len=0 pkg=com.deepseek.chat t_boot_ns=1207713349686881
09-06 01:29:04.318 I/AnebProbe(25624): ADAPTER_EVT type=content cls=android.view.View desc=null txt_len=0 pkg=com.deepseek.chat t_boot_ns=1207713349730110
09-06 01:29:04.318 I/AnebProbe(25624): ADAPTER_EVT type=content cls=android.view.View desc=null txt_len=0 pkg=com.deepseek.chat t_boot_ns=1207713349774381
09-06 01:29:04.318 I/AnebProbe(25624): ADAPTER_EVT type=content cls=android.view.View desc=null txt_len=0 pkg=com.deepseek.chat t_boot_ns=1207713349881152
09-06 01:29:04.318 I/AnebProbe(25624): ADAPTER_EVT type=content cls=android.view.View desc=null txt_len=0 pkg=com.deepseek.chat t_boot_ns=1207713349954589
09-06 01:29:04.318 I/AnebProbe(25624): ADAPTER_EVT type=content cls=android.view.View desc=null txt_len=0 pkg=com.deepseek.chat t_boot_ns=1207713349994173
09-06 01:29:04.318 I/AnebProbe(25624): ADAPTER_EVT type=content cls=android.view.View desc=null txt_len=0 pkg=com.deepseek.chat t_boot_ns=1207713350030110
09-06 01:29:04.318 I/AnebProbe(25624): ADAPTER_EVT type=content cls=android.view.View desc=null txt_len=0 pkg=com.deepseek.chat t_boot_ns=1207713350181152
09-06 01:29:04.319 I/AnebProbe(25624): ADAPTER_EVT type=content cls=android.view.View desc=null txt_len=0 pkg=com.deepseek.chat t_boot_ns=1207713350249381
09-06 01:29:04.319 I/AnebProbe(25624): ADAPTER_EVT type=content cls=android.view.View desc=null txt_len=0 pkg=com.deepseek.chat t_boot_ns=1207713350329068
09-06 01:29:04.418 I/AnebProbe(25624): ADAPTER_EVT type=content cls=android.view.View desc=null txt_len=0 pkg=com.deepseek.chat t_boot_ns=1207713449095214
09-06 01:29:04.418 I/AnebProbe(25624): ADAPTER_EVT type=content cls=android.view.View desc=null txt_len=0 pkg=com.deepseek.chat t_boot_ns=1207713449495735
09-06 01:29:04.418 I/AnebProbe(25624): ADAPTER_EVT type=content cls=android.view.View desc=null txt_len=0 pkg=com.deepseek.chat t_boot_ns=1207713450066048
09-06 01:29:04.418 I/AnebProbe(25624): ADAPTER_EVT type=content cls=android.view.View desc=null txt_len=0 pkg=com.deepseek.chat t_boot_ns=1207713450135318
09-06 01:29:04.418 I/AnebProbe(25624): ADAPTER_EVT type=content cls=android.view.View desc=null txt_len=0 pkg=com.deepseek.chat t_boot_ns=1207713450190527
09-06 01:29:04.419 I/AnebProbe(25624): ADAPTER_EVT type=content cls=android.view.View desc=null txt_len=0 pkg=com.deepseek.chat t_boot_ns=1207713450247818
09-06 01:29:04.419 I/AnebProbe(25624): ADAPTER_EVT type=content cls=android.view.View desc=null txt_len=0 pkg=com.deepseek.chat t_boot_ns=1207713450321777
09-06 01:29:04.419 I/AnebProbe(25624): ADAPTER_EVT type=content cls=android.view.View desc=null txt_len=0 pkg=com.deepseek.chat t_boot_ns=1207713450376985
09-06 01:29:04.419 I/AnebProbe(25624): ADAPTER_EVT type=content cls=android.view.View desc=null txt_len=0 pkg=com.deepseek.chat t_boot_ns=1207713450425943
09-06 01:29:04.419 I/AnebProbe(25624): ADAPTER_EVT type=content cls=android.view.View desc=null txt_len=0 pkg=com.deepseek.chat t_boot_ns=1207713450475943
09-06 01:29:04.419 I/AnebProbe(25624): ADAPTER_EVT type=content cls=android.view.View desc=null txt_len=0 pkg=com.deepseek.chat t_boot_ns=1207713450551985
09-06 01:29:04.419 I/AnebProbe(25624): ADAPTER_EVT type=content cls=androidx.compose.ui.viewinterop.ViewFactoryHolder desc=null txt_len=0 pkg=com.deepseek.chat t_boot_ns=1207713450607714
09-06 01:29:04.419 I/AnebProbe(25624): ADAPTER_EVT type=content cls=android.view.View desc=null txt_len=0 pkg=com.deepseek.chat t_boot_ns=1207713450672818
09-06 01:29:04.419 I/AnebProbe(25624): ADAPTER_EVT type=content cls=android.view.View desc=null txt_len=0 pkg=com.deepseek.chat t_boot_ns=1207713450753027
09-06 01:29:04.419 I/AnebProbe(25624): ADAPTER_EVT type=content cls=android.view.View desc=null txt_len=0 pkg=com.deepseek.chat t_boot_ns=1207713450806152
09-06 01:29:04.419 I/AnebProbe(25624): ADAPTER_EVT type=content cls=android.view.View desc=null txt_len=0 pkg=com.deepseek.chat t_boot_ns=1207713450900943
09-06 01:29:04.419 I/AnebProbe(25624): ADAPTER_EVT type=content cls=android.view.View desc=null txt_len=0 pkg=com.deepseek.chat t_boot_ns=1207713450959798
09-06 01:29:04.419 I/AnebProbe(25624): ADAPTER_EVT type=content cls=android.view.View desc=null txt_len=0 pkg=com.deepseek.chat t_boot_ns=1207713451064485
09-06 01:29:04.419 I/AnebProbe(25624): ADAPTER_EVT type=content cls=android.view.View desc=null txt_len=0 pkg=com.deepseek.chat t_boot_ns=1207713451117089
09-06 01:29:04.419 I/AnebProbe(25624): ADAPTER_EVT type=content cls=android.view.View desc=null txt_len=0 pkg=com.deepseek.chat t_boot_ns=1207713451180110
09-06 01:29:04.420 I/AnebProbe(25624): ADAPTER_EVT type=content cls=android.view.View desc=null txt_len=0 pkg=com.deepseek.chat t_boot_ns=1207713451231673
09-06 01:29:04.525 I/AnebProbe(25624): ADAPTER_EVT type=content cls=android.view.View desc=null txt_len=0 pkg=com.deepseek.chat t_boot_ns=1207713554998339
09-06 01:29:04.525 I/AnebProbe(25624): ADAPTER_EVT type=content cls=android.view.View desc=null txt_len=0 pkg=com.deepseek.chat t_boot_ns=1207713556667089
09-06 01:29:04.525 I/AnebProbe(25624): ADAPTER_EVT type=content cls=android.view.View desc=null txt_len=0 pkg=com.deepseek.chat t_boot_ns=1207713556788443
09-06 01:29:04.525 I/AnebProbe(25624): ADAPTER_EVT type=content cls=android.view.View desc=null txt_len=0 pkg=com.deepseek.chat t_boot_ns=1207713556912402
09-06 01:29:04.525 I/AnebProbe(25624): ADAPTER_EVT type=content cls=android.view.View desc=null txt_len=0 pkg=com.deepseek.chat t_boot_ns=1207713556973860
09-06 01:29:04.525 I/AnebProbe(25624): ADAPTER_EVT type=content cls=android.view.View desc=null txt_len=0 pkg=com.deepseek.chat t_boot_ns=1207713557069693
09-06 01:29:04.525 I/AnebProbe(25624): ADAPTER_EVT type=content cls=android.view.View desc=null txt_len=0 pkg=com.deepseek.chat t_boot_ns=1207713557141048
09-06 01:29:04.526 I/AnebProbe(25624): ADAPTER_EVT type=content cls=android.view.View desc=null txt_len=0 pkg=com.deepseek.chat t_boot_ns=1207713557225943
09-06 01:29:04.526 I/AnebProbe(25624): ADAPTER_EVT type=content cls=android.view.View desc=null txt_len=0 pkg=com.deepseek.chat t_boot_ns=1207713557297298
09-06 01:29:04.526 I/AnebProbe(25624): ADAPTER_EVT type=content cls=android.view.View desc=null txt_len=0 pkg=com.deepseek.chat t_boot_ns=1207713557358235
09-06 01:29:04.526 I/AnebProbe(25624): ADAPTER_EVT type=content cls=android.view.View desc=null txt_len=0 pkg=com.deepseek.chat t_boot_ns=1207713557608756
09-06 01:29:04.526 I/AnebProbe(25624): ADAPTER_EVT type=content cls=android.view.View desc=null txt_len=0 pkg=com.deepseek.chat t_boot_ns=1207713557725943
09-06 01:29:04.526 I/AnebProbe(25624): ADAPTER_EVT type=content cls=android.view.View desc=null txt_len=0 pkg=com.deepseek.chat t_boot_ns=1207713557811360
09-06 01:29:04.526 I/AnebProbe(25624): ADAPTER_EVT type=content cls=androidx.compose.ui.viewinterop.ViewFactoryHolder desc=null txt_len=0 pkg=com.deepseek.chat t_boot_ns=1207713557893652
09-06 01:29:04.526 I/AnebProbe(25624): ADAPTER_EVT type=content cls=android.view.View desc=null txt_len=0 pkg=com.deepseek.chat t_boot_ns=1207713557988964
09-06 01:29:04.526 I/AnebProbe(25624): ADAPTER_EVT type=content cls=android.view.View desc=null txt_len=0 pkg=com.deepseek.chat t_boot_ns=1207713558066048
09-06 01:29:04.526 I/AnebProbe(25624): ADAPTER_EVT type=content cls=android.view.View desc=null txt_len=0 pkg=com.deepseek.chat t_boot_ns=1207713558150423
09-06 01:29:04.527 I/AnebProbe(25624): ADAPTER_EVT type=content cls=android.view.View desc=null txt_len=0 pkg=com.deepseek.chat t_boot_ns=1207713558217089
09-06 01:29:04.527 I/AnebProbe(25624): ADAPTER_EVT type=content cls=android.view.View desc=null txt_len=0 pkg=com.deepseek.chat t_boot_ns=1207713558303548
09-06 01:29:04.527 I/AnebProbe(25624): ADAPTER_EVT type=content cls=android.view.View desc=null txt_len=0 pkg=com.deepseek.chat t_boot_ns=1207713558380110
09-06 01:29:04.527 I/AnebProbe(25624): ADAPTER_EVT type=content cls=android.view.View desc=null txt_len=0 pkg=com.deepseek.chat t_boot_ns=1207713558453548
09-06 01:29:04.527 I/AnebProbe(25624): ADAPTER_EVT type=content cls=android.view.View desc=null txt_len=0 pkg=com.deepseek.chat t_boot_ns=1207713558523860
09-06 01:29:04.527 I/AnebProbe(25624): ADAPTER_EVT type=content cls=android.view.View desc=null txt_len=0 pkg=com.deepseek.chat t_boot_ns=1207713558607714
09-06 01:29:04.527 I/AnebProbe(25624): ADAPTER_EVT type=content cls=android.view.View desc=null txt_len=0 pkg=com.deepseek.chat t_boot_ns=1207713558683756
09-06 01:29:04.527 I/AnebProbe(25624): ADAPTER_EVT type=content cls=android.view.View desc=null txt_len=0 pkg=com.deepseek.chat t_boot_ns=1207713558751985
09-06 01:29:04.625 I/AnebProbe(25624): ADAPTER_EVT type=content cls=android.view.View desc=null txt_len=0 pkg=com.deepseek.chat t_boot_ns=1207713656448860
09-06 01:29:04.625 I/AnebProbe(25624): ADAPTER_EVT type=content cls=android.view.View desc=null txt_len=0 pkg=com.deepseek.chat t_boot_ns=1207713656934277
09-06 01:29:04.625 I/AnebProbe(25624): ADAPTER_EVT type=content cls=android.view.View desc=null txt_len=0 pkg=com.deepseek.chat t_boot_ns=1207713657120214
09-06 01:29:04.626 I/AnebProbe(25624): ADAPTER_EVT type=content cls=android.view.View desc=null txt_len=0 pkg=com.deepseek.chat t_boot_ns=1207713657240006
09-06 01:29:04.626 I/AnebProbe(25624): ADAPTER_EVT type=content cls=android.view.View desc=null txt_len=0 pkg=com.deepseek.chat t_boot_ns=1207713657350423
09-06 01:29:04.626 I/AnebProbe(25624): ADAPTER_EVT type=content cls=androidx.compose.ui.viewinterop.ViewFactoryHolder desc=null txt_len=0 pkg=com.deepseek.chat t_boot_ns=1207713657422818
09-06 01:29:04.626 I/AnebProbe(25624): ADAPTER_EVT type=content cls=android.view.View desc=null txt_len=0 pkg=com.deepseek.chat t_boot_ns=1207713657496256
09-06 01:29:04.626 I/AnebProbe(25624): ADAPTER_EVT type=content cls=android.view.View desc=null txt_len=0 pkg=com.deepseek.chat t_boot_ns=1207713657560839
09-06 01:29:04.626 I/AnebProbe(25624): ADAPTER_EVT type=content cls=android.view.View desc=null txt_len=0 pkg=com.deepseek.chat t_boot_ns=1207713657638443
09-06 01:29:04.626 I/AnebProbe(25624): ADAPTER_EVT type=content cls=android.view.View desc=null txt_len=0 pkg=com.deepseek.chat t_boot_ns=1207713657720735
09-06 01:29:04.626 I/AnebProbe(25624): ADAPTER_EVT type=content cls=android.view.View desc=null txt_len=0 pkg=com.deepseek.chat t_boot_ns=1207713657818131
09-06 01:29:04.726 I/AnebProbe(25624): ADAPTER_EVT type=content cls=android.view.View desc=null txt_len=0 pkg=com.deepseek.chat t_boot_ns=1207713757713443
09-06 01:29:04.727 I/AnebProbe(25624): ADAPTER_EVT type=content cls=android.view.View desc=null txt_len=0 pkg=com.deepseek.chat t_boot_ns=1207713758249902
09-06 01:29:04.727 I/AnebProbe(25624): ADAPTER_EVT type=content cls=android.view.View desc=null txt_len=0 pkg=com.deepseek.chat t_boot_ns=1207713758469173
09-06 01:29:04.727 I/AnebProbe(25624): ADAPTER_EVT type=content cls=android.view.View desc=null txt_len=0 pkg=com.deepseek.chat t_boot_ns=1207713758667089
09-06 01:29:04.727 I/AnebProbe(25624): ADAPTER_EVT type=content cls=android.view.View desc=null txt_len=0 pkg=com.deepseek.chat t_boot_ns=1207713758859798
09-06 01:29:04.728 I/AnebProbe(25624): ADAPTER_EVT type=content cls=android.view.View desc=null txt_len=0 pkg=com.deepseek.chat t_boot_ns=1207713759754068
09-06 01:29:04.728 I/AnebProbe(25624): ADAPTER_EVT type=content cls=android.view.View desc=null txt_len=0 pkg=com.deepseek.chat t_boot_ns=1207713760076985
09-06 01:29:04.729 I/AnebProbe(25624): ADAPTER_EVT type=content cls=android.view.View desc=null txt_len=0 pkg=com.deepseek.chat t_boot_ns=1207713760331152
09-06 01:29:04.827 I/AnebProbe(25624): ADAPTER_EVT type=content cls=android.view.View desc=null txt_len=0 pkg=com.deepseek.chat t_boot_ns=1207713858726464
09-06 01:29:04.827 I/AnebProbe(25624): ADAPTER_EVT type=content cls=android.view.View desc=null txt_len=0 pkg=com.deepseek.chat t_boot_ns=1207713858930110
09-06 01:29:04.827 I/AnebProbe(25624): ADAPTER_EVT type=content cls=android.view.View desc=null txt_len=0 pkg=com.deepseek.chat t_boot_ns=1207713859026985
09-06 01:29:04.827 I/AnebProbe(25624): ADAPTER_EVT type=content cls=android.view.View desc=null txt_len=0 pkg=com.deepseek.chat t_boot_ns=1207713859092610
09-06 01:29:04.927 I/AnebProbe(25624): ADAPTER_EVT type=content cls=android.view.View desc=null txt_len=0 pkg=com.deepseek.chat t_boot_ns=1207713958860318
09-06 01:29:04.928 I/AnebProbe(25624): ADAPTER_EVT type=content cls=android.view.View desc=null txt_len=0 pkg=com.deepseek.chat t_boot_ns=1207713959343652
09-06 01:29:04.928 I/AnebProbe(25624): ADAPTER_EVT type=content cls=android.view.View desc=null txt_len=0 pkg=com.deepseek.chat t_boot_ns=1207713959468131
09-06 01:29:04.928 I/AnebProbe(25624): ADAPTER_EVT type=content cls=android.view.View desc=null txt_len=0 pkg=com.deepseek.chat t_boot_ns=1207713959525943
09-06 01:29:05.036 I/AnebProbe(25624): ADAPTER_EVT type=content cls=android.view.View desc=null txt_len=0 pkg=com.deepseek.chat t_boot_ns=1207714061865006
09-06 01:29:05.036 I/AnebProbe(25624): ADAPTER_EVT type=content cls=android.view.View desc=null txt_len=0 pkg=com.deepseek.chat t_boot_ns=1207714067716568
09-06 01:29:05.036 I/AnebProbe(25624): ADAPTER_EVT type=content cls=android.view.View desc=null txt_len=0 pkg=com.deepseek.chat t_boot_ns=1207714067988964
09-06 01:29:05.036 I/AnebProbe(25624): ADAPTER_EVT type=content cls=android.view.View desc=null txt_len=0 pkg=com.deepseek.chat t_boot_ns=1207714068125943
09-06 01:29:05.132 I/AnebProbe(25624): ADAPTER_EVT type=content cls=android.view.View desc=null txt_len=0 pkg=com.deepseek.chat t_boot_ns=1207714163292089
09-06 01:29:05.132 I/AnebProbe(25624): ADAPTER_EVT type=content cls=android.view.View desc=null txt_len=0 pkg=com.deepseek.chat t_boot_ns=1207714163762402
09-06 01:29:05.132 I/AnebProbe(25624): ADAPTER_EVT type=content cls=android.view.View desc=null txt_len=0 pkg=com.deepseek.chat t_boot_ns=1207714163896256
09-06 01:29:05.134 I/AnebProbe(25624): ADAPTER_EVT type=content cls=android.view.View desc=null txt_len=0 pkg=com.deepseek.chat t_boot_ns=1207714165187402
09-06 01:29:05.233 I/AnebProbe(25624): ADAPTER_EVT type=content cls=android.view.View desc=null txt_len=0 pkg=com.deepseek.chat t_boot_ns=1207714264249381
09-06 01:29:05.233 I/AnebProbe(25624): ADAPTER_EVT type=content cls=android.view.View desc=null txt_len=0 pkg=com.deepseek.chat t_boot_ns=1207714264676985
09-06 01:29:05.234 I/AnebProbe(25624): ADAPTER_EVT type=content cls=android.view.View desc=null txt_len=0 pkg=com.deepseek.chat t_boot_ns=1207714265442089
09-06 01:29:05.234 I/AnebProbe(25624): ADAPTER_EVT type=content cls=android.view.View desc=null txt_len=0 pkg=com.deepseek.chat t_boot_ns=1207714265609277
09-06 01:29:05.234 I/AnebProbe(25624): ADAPTER_EVT type=content cls=android.view.View desc=null txt_len=0 pkg=com.deepseek.chat t_boot_ns=1207714265749902
09-06 01:29:05.334 I/AnebProbe(25624): ADAPTER_EVT type=content cls=android.view.View desc=null txt_len=0 pkg=com.deepseek.chat t_boot_ns=1207714365146256
09-06 01:29:05.334 I/AnebProbe(25624): ADAPTER_EVT type=content cls=android.view.View desc=null txt_len=0 pkg=com.deepseek.chat t_boot_ns=1207714365533756
09-06 01:29:05.334 I/AnebProbe(25624): ADAPTER_EVT type=content cls=android.view.View desc=null txt_len=0 pkg=com.deepseek.chat t_boot_ns=1207714365933756
09-06 01:29:05.334 I/AnebProbe(25624): ADAPTER_EVT type=content cls=android.view.View desc=null txt_len=0 pkg=com.deepseek.chat t_boot_ns=1207714366071256
09-06 01:29:05.436 I/AnebProbe(25624): ADAPTER_EVT type=content cls=android.view.View desc=null txt_len=0 pkg=com.deepseek.chat t_boot_ns=1207714467396256
09-06 01:29:05.436 I/AnebProbe(25624): ADAPTER_EVT type=content cls=android.view.View desc=null txt_len=0 pkg=com.deepseek.chat t_boot_ns=1207714467898860
09-06 01:29:05.436 I/AnebProbe(25624): ADAPTER_EVT type=content cls=android.view.View desc=null txt_len=0 pkg=com.deepseek.chat t_boot_ns=1207714468076985
09-06 01:29:05.437 I/AnebProbe(25624): ADAPTER_EVT type=content cls=android.view.View desc=null txt_len=0 pkg=com.deepseek.chat t_boot_ns=1207714468258756
09-06 01:29:05.511 I/AnebProbe(25624): ADAPTER_EVT type=content cls=android.view.View desc=null txt_len=0 pkg=com.deepseek.chat t_boot_ns=1207714542308235
09-06 01:29:05.519 I/AnebProbe(25624): ADAPTER_EVT type=content cls=android.view.View desc=null txt_len=0 pkg=com.deepseek.chat t_boot_ns=1207714550350422
09-06 01:29:05.535 I/AnebProbe(25624): ADAPTER_EVT type=content cls=android.view.View desc=null txt_len=0 pkg=com.deepseek.chat t_boot_ns=1207714566892610
09-06 01:29:05.536 I/AnebProbe(25624): ADAPTER_EVT type=content cls=android.view.View desc=null txt_len=0 pkg=com.deepseek.chat t_boot_ns=1207714567383235
09-06 01:29:05.536 I/AnebProbe(25624): ADAPTER_EVT type=content cls=android.view.View desc=null txt_len=0 pkg=com.deepseek.chat t_boot_ns=1207714568015527
09-06 01:29:05.537 I/AnebProbe(25624): ADAPTER_EVT type=content cls=android.view.View desc=null txt_len=0 pkg=com.deepseek.chat t_boot_ns=1207714568375943
09-06 01:29:05.538 I/AnebProbe(25624): ADAPTER_EVT type=content cls=android.view.View desc=null txt_len=0 pkg=com.deepseek.chat t_boot_ns=1207714569709277
09-06 01:29:05.538 I/AnebProbe(25624): ADAPTER_EVT type=content cls=android.view.View desc=null txt_len=0 pkg=com.deepseek.chat t_boot_ns=1207714570080110
09-06 01:29:05.540 I/AnebProbe(25624): ADAPTER_EVT type=content cls=android.view.View desc=null txt_len=0 pkg=com.deepseek.chat t_boot_ns=1207714571447297
09-06 01:29:05.541 I/AnebProbe(25624): ADAPTER_EVT type=content cls=android.view.View desc=null txt_len=0 pkg=com.deepseek.chat t_boot_ns=1207714572153547
09-06 01:29:05.541 I/AnebProbe(25624): ADAPTER_EVT type=content cls=android.view.View desc=null txt_len=0 pkg=com.deepseek.chat t_boot_ns=1207714572533235
09-06 01:29:05.543 I/AnebProbe(25624): ADAPTER_EVT type=content cls=android.view.View desc=null txt_len=0 pkg=com.deepseek.chat t_boot_ns=1207714573818652
09-06 01:29:05.543 I/AnebProbe(25624): ADAPTER_EVT type=content cls=android.view.View desc=null txt_len=0 pkg=com.deepseek.chat t_boot_ns=1207714574386360
09-06 01:29:05.543 I/AnebProbe(25624): ADAPTER_EVT type=content cls=android.view.View desc=null txt_len=0 pkg=com.deepseek.chat t_boot_ns=1207714574546777
09-06 01:29:05.543 I/AnebProbe(25624): ADAPTER_EVT type=content cls=android.view.View desc=null txt_len=0 pkg=com.deepseek.chat t_boot_ns=1207714574695735
09-06 01:29:05.543 I/AnebProbe(25624): ADAPTER_EVT type=content cls=android.view.View desc=null txt_len=0 pkg=com.deepseek.chat t_boot_ns=1207714574816568
09-06 01:29:05.543 I/AnebProbe(25624): ADAPTER_EVT type=content cls=android.view.View desc=null txt_len=0 pkg=com.deepseek.chat t_boot_ns=1207714574935839
09-06 01:29:05.543 I/AnebProbe(25624): ADAPTER_EVT type=content cls=android.view.View desc=null txt_len=0 pkg=com.deepseek.chat t_boot_ns=1207714575072818
09-06 01:29:05.544 I/AnebProbe(25624): ADAPTER_EVT type=content cls=android.view.View desc=null txt_len=0 pkg=com.deepseek.chat t_boot_ns=1207714575191568
09-06 01:29:05.544 I/AnebProbe(25624): ADAPTER_EVT type=content cls=android.view.View desc=null txt_len=0 pkg=com.deepseek.chat t_boot_ns=1207714575309797
09-06 01:29:05.544 I/AnebProbe(25624): ADAPTER_EVT type=content cls=android.view.View desc=null txt_len=0 pkg=com.deepseek.chat t_boot_ns=1207714575429068
09-06 01:29:05.544 I/AnebProbe(25624): ADAPTER_EVT type=content cls=android.view.View desc=null txt_len=0 pkg=com.deepseek.chat t_boot_ns=1207714575560318
09-06 01:29:05.640 I/AnebProbe(25624): ADAPTER_EVT type=content cls=android.view.View desc=null txt_len=0 pkg=com.deepseek.chat t_boot_ns=1207714671193131
09-06 01:29:05.640 I/AnebProbe(25624): ADAPTER_EVT type=content cls=android.view.View desc=null txt_len=0 pkg=com.deepseek.chat t_boot_ns=1207714671920735
09-06 01:29:05.741 I/AnebProbe(25624): ADAPTER_EVT type=content cls=android.view.View desc=null txt_len=0 pkg=com.deepseek.chat t_boot_ns=1207714772331672
09-06 01:29:05.743 I/AnebProbe(25624): ADAPTER_OBS pkg=com.deepseek.chat mode=deepseek events=719 rule_matched=0 first_delta_ms=0 cadence_p50_ms=0.2 session_span_ms=169718.1 confidence=LOW/INCONCLUSIVE reason=throttle ttft_send_ms=null anchor_source=null ttft_cluster_ms=null ttft_density_ms=500.0
09-06 01:29:05.744 I/AnebProbe(25624): ADAPTER_EVT type=content cls=android.view.View desc=null txt_len=0 pkg=com.deepseek.chat t_boot_ns=1207714775330631
09-06 01:29:49.082 I/AnebE4MARK( 6072): E4MARK kind=answer_complete n=3
09-06 01:30:09.511 I/AnebProbe(25624): ADAPTER_EVT type=content cls=android.view.View desc=null txt_len=0 pkg=com.deepseek.chat t_boot_ns=1207778542649371
09-06 01:30:09.513 I/AnebProbe(25624): ADAPTER_OBS pkg=com.deepseek.chat mode=deepseek events=721 rule_matched=0 first_delta_ms=0 cadence_p50_ms=0.2 session_span_ms=233488.4 confidence=LOW/INCONCLUSIVE reason=throttle ttft_send_ms=null anchor_source=null ttft_cluster_ms=null ttft_density_ms=500.0
09-06 01:30:09.513 I/AnebProbe(25624): ADAPTER_EVT type=content cls=android.view.View desc=null txt_len=0 pkg=com.deepseek.chat t_boot_ns=1207778544747808
09-06 01:30:09.513 I/AnebProbe(25624): ADAPTER_EVT type=content cls=android.view.View desc=null txt_len=0 pkg=com.deepseek.chat t_boot_ns=1207778544899371
09-06 01:30:09.513 I/AnebProbe(25624): ADAPTER_EVT type=content cls=android.view.View desc=null txt_len=0 pkg=com.deepseek.chat t_boot_ns=1207778544978017
09-06 01:30:09.513 I/AnebProbe(25624): ADAPTER_EVT type=content cls=android.view.View desc=null txt_len=0 pkg=com.deepseek.chat t_boot_ns=1207778545032183
09-06 01:30:09.513 I/AnebProbe(25624): ADAPTER_EVT type=content cls=android.view.View desc=null txt_len=0 pkg=com.deepseek.chat t_boot_ns=1207778545072288
09-06 01:30:09.513 I/AnebProbe(25624): ADAPTER_EVT type=content cls=android.view.View desc=null txt_len=0 pkg=com.deepseek.chat t_boot_ns=1207778545161350
09-06 01:30:09.514 I/AnebProbe(25624): ADAPTER_EVT type=content cls=android.view.View desc=null txt_len=0 pkg=com.deepseek.chat t_boot_ns=1207778545219163
09-06 01:30:09.514 I/AnebProbe(25624): ADAPTER_EVT type=content cls=android.view.View desc=null txt_len=0 pkg=com.deepseek.chat t_boot_ns=1207778545270725
09-06 01:30:09.514 I/AnebProbe(25624): ADAPTER_EVT type=content cls=android.view.View desc=null txt_len=0 pkg=com.deepseek.chat t_boot_ns=1207778545326975
09-06 01:30:09.514 I/AnebProbe(25624): ADAPTER_EVT type=content cls=android.view.View desc=null txt_len=0 pkg=com.deepseek.chat t_boot_ns=1207778545374371
09-06 01:30:09.514 I/AnebProbe(25624): ADAPTER_EVT type=content cls=android.view.View desc=null txt_len=0 pkg=com.deepseek.chat t_boot_ns=1207778545433746
09-06 01:30:09.610 I/AnebProbe(25624): ADAPTER_EVT type=content cls=android.view.View desc=null txt_len=0 pkg=com.deepseek.chat t_boot_ns=1207778641373850
09-06 01:30:11.195 I/AnebProbe(25624): ADAPTER_EVT type=content cls=android.view.View desc=null txt_len=0 pkg=com.deepseek.chat t_boot_ns=1207780226410829
09-06 01:30:11.195 I/AnebProbe(25624): ADAPTER_EVT type=content cls=android.view.View desc=null txt_len=0 pkg=com.deepseek.chat t_boot_ns=1207780226904058
09-06 01:30:11.195 I/AnebProbe(25624): ADAPTER_EVT type=content cls=android.view.View desc=null txt_len=0 pkg=com.deepseek.chat t_boot_ns=1207780227075412
09-06 01:30:11.196 I/AnebProbe(25624): ADAPTER_EVT type=content cls=android.view.View desc=null txt_len=0 pkg=com.deepseek.chat t_boot_ns=1207780227279579
09-06 01:30:11.299 I/AnebProbe(25624): ADAPTER_EVT type=content cls=android.view.View desc=null txt_len=0 pkg=com.deepseek.chat t_boot_ns=1207780330349892
09-06 01:30:11.403 I/AnebProbe(25624): ADAPTER_EVT type=content cls=android.view.View desc=null txt_len=0 pkg=com.deepseek.chat t_boot_ns=1207780434417079
09-06 01:30:11.403 I/AnebProbe(25624): ADAPTER_EVT type=content cls=android.view.View desc=null txt_len=0 pkg=com.deepseek.chat t_boot_ns=1207780434854579
09-06 01:30:13.208 I/AnebProbe(25624): ADAPTER_EVT type=content cls=android.view.View desc=null txt_len=0 pkg=com.deepseek.chat t_boot_ns=1207782238983745
09-06 01:30:13.309 I/AnebProbe(25624): ADAPTER_EVT type=content cls=android.view.View desc=null txt_len=0 pkg=com.deepseek.chat t_boot_ns=1207782339910829
09-06 01:30:13.309 I/AnebProbe(25624): ADAPTER_EVT type=content cls=android.view.View desc=null txt_len=0 pkg=com.deepseek.chat t_boot_ns=1207782340492079
09-06 01:30:14.166 I/AnebProbe(25624): ADAPTER_EVT type=content cls=android.view.View desc=null txt_len=0 pkg=com.deepseek.chat t_boot_ns=1207783198000412
09-06 01:30:14.168 I/AnebProbe(25624): ADAPTER_EVT type=content cls=android.view.ViewGroup desc=null txt_len=0 pkg=com.deepseek.chat t_boot_ns=1207783199564995
09-06 01:30:14.300 I/AnebProbe(25624): ADAPTER_EVT type=content cls=androidx.compose.ui.viewinterop.ViewFactoryHolder desc=null txt_len=0 pkg=com.deepseek.chat t_boot_ns=1207783331877495
09-06 01:30:14.369 I/AnebProbe(25624): ADAPTER_EVT type=content cls=android.view.View desc=null txt_len=0 pkg=com.deepseek.chat t_boot_ns=1207783401139995
09-06 01:30:14.370 I/AnebProbe(25624): ADAPTER_EVT type=content cls=android.view.View desc=null txt_len=0 pkg=com.deepseek.chat t_boot_ns=1207783401376974
09-06 01:30:14.370 I/AnebProbe(25624): ADAPTER_EVT type=content cls=android.view.View desc=null txt_len=0 pkg=com.deepseek.chat t_boot_ns=1207783401457183
09-06 01:30:14.370 I/AnebProbe(25624): ADAPTER_EVT type=content cls=android.view.View desc=null txt_len=0 pkg=com.deepseek.chat t_boot_ns=1207783401527495
09-06 01:30:14.370 I/AnebProbe(25624): ADAPTER_EVT type=content cls=android.view.View desc=null txt_len=0 pkg=com.deepseek.chat t_boot_ns=1207783401580099
09-06 01:30:14.418 I/AnebProbe(25624): ADAPTER_EVT type=content cls=androidx.compose.ui.viewinterop.ViewFactoryHolder desc=null txt_len=0 pkg=com.deepseek.chat t_boot_ns=1207783449625933
09-06 01:30:14.472 I/AnebProbe(25624): ADAPTER_EVT type=content cls=android.view.View desc=null txt_len=0 pkg=com.deepseek.chat t_boot_ns=1207783503803016
09-06 01:30:14.473 I/AnebProbe(25624): ADAPTER_EVT type=content cls=android.view.View desc=null txt_len=0 pkg=com.deepseek.chat t_boot_ns=1207783504344162
09-06 01:30:14.473 I/AnebProbe(25624): ADAPTER_EVT type=content cls=android.view.View desc=null txt_len=0 pkg=com.deepseek.chat t_boot_ns=1207783504507704
09-06 01:30:14.473 I/AnebProbe(25624): ADAPTER_EVT type=content cls=android.view.View desc=null txt_len=0 pkg=com.deepseek.chat t_boot_ns=1207783504589474
09-06 01:30:14.473 I/AnebProbe(25624): ADAPTER_EVT type=content cls=android.view.View desc=null txt_len=0 pkg=com.deepseek.chat t_boot_ns=1207783504661349
09-06 01:30:14.535 I/AnebProbe(25624): ADAPTER_EVT type=content cls=androidx.compose.ui.viewinterop.ViewFactoryHolder desc=null txt_len=0 pkg=com.deepseek.chat t_boot_ns=1207783566224891
09-06 01:30:14.535 I/AnebProbe(25624): ADAPTER_OBS pkg=com.deepseek.chat mode=deepseek events=758 rule_matched=0 first_delta_ms=0 cadence_p50_ms=0.2 session_span_ms=238512.0 confidence=LOW/INCONCLUSIVE reason=throttle ttft_send_ms=null anchor_source=null ttft_cluster_ms=null ttft_density_ms=500.0
09-06 01:30:14.575 I/AnebProbe(25624): ADAPTER_EVT type=content cls=android.view.View desc=null txt_len=0 pkg=com.deepseek.chat t_boot_ns=1207783606677495
09-06 01:30:14.576 I/AnebProbe(25624): ADAPTER_EVT type=content cls=android.view.View desc=null txt_len=0 pkg=com.deepseek.chat t_boot_ns=1207783607395204
09-06 01:30:14.576 I/AnebProbe(25624): ADAPTER_EVT type=content cls=android.view.View desc=null txt_len=0 pkg=com.deepseek.chat t_boot_ns=1207783607608224
09-06 01:30:14.576 I/AnebProbe(25624): ADAPTER_EVT type=content cls=android.view.View desc=null txt_len=0 pkg=com.deepseek.chat t_boot_ns=1207783607752495
09-06 01:30:14.576 I/AnebProbe(25624): ADAPTER_EVT type=content cls=android.view.View desc=null txt_len=0 pkg=com.deepseek.chat t_boot_ns=1207783607921766
09-06 01:30:14.651 I/AnebProbe(25624): ADAPTER_EVT type=content cls=androidx.compose.ui.viewinterop.ViewFactoryHolder desc=null txt_len=0 pkg=com.deepseek.chat t_boot_ns=1207783682494683
09-06 01:30:14.677 I/AnebProbe(25624): ADAPTER_EVT type=content cls=android.view.View desc=null txt_len=0 pkg=com.deepseek.chat t_boot_ns=1207783708261870
09-06 01:30:14.677 I/AnebProbe(25624): ADAPTER_EVT type=content cls=android.view.View desc=null txt_len=0 pkg=com.deepseek.chat t_boot_ns=1207783708604579
09-06 01:30:14.677 I/AnebProbe(25624): ADAPTER_EVT type=content cls=android.view.View desc=null txt_len=0 pkg=com.deepseek.chat t_boot_ns=1207783708729579
09-06 01:30:14.677 I/AnebProbe(25624): ADAPTER_EVT type=content cls=android.view.View desc=null txt_len=0 pkg=com.deepseek.chat t_boot_ns=1207783708887391
09-06 01:30:14.677 I/AnebProbe(25624): ADAPTER_EVT type=content cls=android.view.View desc=null txt_len=0 pkg=com.deepseek.chat t_boot_ns=1207783709006141
09-06 01:30:14.765 I/AnebProbe(25624): ADAPTER_EVT type=content cls=androidx.compose.ui.viewinterop.ViewFactoryHolder desc=null txt_len=0 pkg=com.deepseek.chat t_boot_ns=1207783796654579
09-06 01:30:14.777 I/AnebProbe(25624): ADAPTER_EVT type=content cls=android.view.View desc=null txt_len=0 pkg=com.deepseek.chat t_boot_ns=1207783808784266
09-06 01:30:14.778 I/AnebProbe(25624): ADAPTER_EVT type=content cls=android.view.View desc=null txt_len=0 pkg=com.deepseek.chat t_boot_ns=1207783809286349
09-06 01:30:14.778 I/AnebProbe(25624): ADAPTER_EVT type=content cls=android.view.View desc=null txt_len=0 pkg=com.deepseek.chat t_boot_ns=1207783809377495
09-06 01:30:14.778 I/AnebProbe(25624): ADAPTER_EVT type=content cls=android.view.View desc=null txt_len=0 pkg=com.deepseek.chat t_boot_ns=1207783809466558
09-06 01:30:14.778 I/AnebProbe(25624): ADAPTER_EVT type=content cls=android.view.View desc=null txt_len=0 pkg=com.deepseek.chat t_boot_ns=1207783809578537
09-06 01:30:15.549 I/AnebProbe(25624): ADAPTER_EVT type=content cls=android.widget.EditText desc=null txt_len=1 pkg=com.deepseek.chat t_boot_ns=1207784580175933
09-06 01:30:15.570 I/AnebProbe(25624): ADAPTER_EVT type=content cls=android.widget.EditText desc=null txt_len=2 pkg=com.deepseek.chat t_boot_ns=1207784600721766
09-06 01:30:15.588 I/AnebProbe(25624): ADAPTER_EVT type=content cls=android.view.View desc=null txt_len=0 pkg=com.deepseek.chat t_boot_ns=1207784619093120
09-06 01:30:15.588 I/AnebProbe(25624): ADAPTER_EVT type=content cls=android.view.View desc=null txt_len=0 pkg=com.deepseek.chat t_boot_ns=1207784619543120
09-06 01:30:15.592 I/AnebProbe(25624): ADAPTER_EVT type=content cls=android.widget.EditText desc=null txt_len=3 pkg=com.deepseek.chat t_boot_ns=1207784623386870
09-06 01:30:15.609 I/AnebProbe(25624): ADAPTER_EVT type=content cls=android.widget.EditText desc=null txt_len=4 pkg=com.deepseek.chat t_boot_ns=1207784640392599
09-06 01:30:15.617 I/AnebProbe(25624): ADAPTER_EVT type=content cls=android.widget.EditText desc=null txt_len=5 pkg=com.deepseek.chat t_boot_ns=1207784648608745
09-06 01:30:15.627 I/AnebProbe(25624): ADAPTER_EVT type=content cls=android.widget.EditText desc=null txt_len=6 pkg=com.deepseek.chat t_boot_ns=1207784658545203
09-06 01:30:15.636 I/AnebProbe(25624): ADAPTER_EVT type=content cls=android.widget.EditText desc=null txt_len=7 pkg=com.deepseek.chat t_boot_ns=1207784667315516
09-06 01:30:15.646 I/AnebProbe(25624): ADAPTER_EVT type=content cls=android.widget.EditText desc=null txt_len=8 pkg=com.deepseek.chat t_boot_ns=1207784676933224
09-06 01:30:15.655 I/AnebProbe(25624): ADAPTER_EVT type=content cls=android.widget.EditText desc=null txt_len=9 pkg=com.deepseek.chat t_boot_ns=1207784686408224
09-06 01:30:15.668 I/AnebProbe(25624): ADAPTER_EVT type=content cls=android.widget.EditText desc=null txt_len=10 pkg=com.deepseek.chat t_boot_ns=1207784699116037
09-06 01:30:15.680 I/AnebProbe(25624): ADAPTER_EVT type=content cls=android.widget.EditText desc=null txt_len=11 pkg=com.deepseek.chat t_boot_ns=1207784711555620
09-06 01:30:15.690 I/AnebProbe(25624): ADAPTER_EVT type=content cls=android.view.View desc=null txt_len=0 pkg=com.deepseek.chat t_boot_ns=1207784721609787
09-06 01:30:15.691 I/AnebProbe(25624): ADAPTER_EVT type=content cls=android.widget.EditText desc=null txt_len=12 pkg=com.deepseek.chat t_boot_ns=1207784722515516
09-06 01:30:15.701 I/AnebProbe(25624): ADAPTER_EVT type=content cls=android.widget.EditText desc=null txt_len=13 pkg=com.deepseek.chat t_boot_ns=1207784732294162
09-06 01:30:15.711 I/AnebProbe(25624): ADAPTER_EVT type=content cls=android.widget.EditText desc=null txt_len=14 pkg=com.deepseek.chat t_boot_ns=1207784741926974
09-06 01:30:15.719 I/AnebProbe(25624): ADAPTER_EVT type=content cls=android.widget.EditText desc=null txt_len=15 pkg=com.deepseek.chat t_boot_ns=1207784750292599
09-06 01:30:15.730 I/AnebProbe(25624): ADAPTER_EVT type=content cls=android.widget.EditText desc=null txt_len=16 pkg=com.deepseek.chat t_boot_ns=1207784761224891
09-06 01:30:15.739 I/AnebProbe(25624): ADAPTER_EVT type=content cls=android.widget.EditText desc=null txt_len=17 pkg=com.deepseek.chat t_boot_ns=1207784770688433
09-06 01:30:15.749 I/AnebProbe(25624): ADAPTER_EVT type=content cls=android.widget.EditText desc=null txt_len=18 pkg=com.deepseek.chat t_boot_ns=1207784780707703
09-06 01:30:15.761 I/AnebProbe(25624): ADAPTER_EVT type=content cls=android.widget.EditText desc=null txt_len=19 pkg=com.deepseek.chat t_boot_ns=1207784792713953
09-06 01:30:15.769 I/AnebProbe(25624): ADAPTER_EVT type=content cls=android.widget.EditText desc=null txt_len=20 pkg=com.deepseek.chat t_boot_ns=1207784800004058
09-06 01:30:15.780 I/AnebProbe(25624): ADAPTER_EVT type=content cls=android.widget.EditText desc=null txt_len=21 pkg=com.deepseek.chat t_boot_ns=1207784811215516
09-06 01:30:15.790 I/AnebProbe(25624): ADAPTER_EVT type=content cls=android.widget.EditText desc=null txt_len=22 pkg=com.deepseek.chat t_boot_ns=1207784821787391
09-06 01:30:15.801 I/AnebProbe(25624): ADAPTER_EVT type=content cls=android.widget.EditText desc=null txt_len=23 pkg=com.deepseek.chat t_boot_ns=1207784832618641
09-06 01:30:15.814 I/AnebProbe(25624): ADAPTER_EVT type=content cls=android.widget.EditText desc=null txt_len=24 pkg=com.deepseek.chat t_boot_ns=1207784845451453
09-06 01:30:15.823 I/AnebProbe(25624): ADAPTER_EVT type=content cls=android.widget.EditText desc=null txt_len=25 pkg=com.deepseek.chat t_boot_ns=1207784854692078
09-06 01:30:15.834 I/AnebProbe(25624): ADAPTER_EVT type=content cls=android.widget.EditText desc=null txt_len=26 pkg=com.deepseek.chat t_boot_ns=1207784865069683
09-06 01:30:17.994 I/AnebE4MARK( 6555): E4MARK kind=turn_start n=4
09-06 01:30:18.094 I/AnebProbe(25624): ADAPTER_EVT type=content cls=android.widget.EditText desc=null txt_len=0 pkg=com.deepseek.chat t_boot_ns=1207787125166557
09-06 01:30:18.124 I/AnebProbe(25624): ADAPTER_EVT type=content cls=android.view.View desc=null txt_len=0 pkg=com.deepseek.chat t_boot_ns=1207787155873328
09-06 01:30:18.129 I/AnebProbe(25624): ADAPTER_EVT type=content cls=android.view.View desc=null txt_len=0 pkg=com.deepseek.chat t_boot_ns=1207787160511349
09-06 01:30:18.129 I/AnebProbe(25624): ADAPTER_EVT type=content cls=android.view.View desc=null txt_len=0 pkg=com.deepseek.chat t_boot_ns=1207787160953016
09-06 01:30:18.130 I/AnebProbe(25624): ADAPTER_EVT type=content cls=android.view.View desc=null txt_len=0 pkg=com.deepseek.chat t_boot_ns=1207787161213953
09-06 01:30:18.155 I/AnebProbe(25624): ADAPTER_EVT type=content cls=android.view.View desc=null txt_len=0 pkg=com.deepseek.chat t_boot_ns=1207787186942599
09-06 01:30:18.196 I/AnebProbe(25624): ADAPTER_EVT type=content cls=android.view.ViewGroup desc=null txt_len=0 pkg=com.deepseek.chat t_boot_ns=1207787228137391
09-06 01:30:18.226 I/AnebProbe(25624): ADAPTER_EVT type=content cls=android.view.View desc=null txt_len=0 pkg=com.deepseek.chat t_boot_ns=1207787257156661
09-06 01:30:18.226 I/AnebProbe(25624): ADAPTER_EVT type=content cls=android.view.View desc=null txt_len=0 pkg=com.deepseek.chat t_boot_ns=1207787257558745
09-06 01:30:18.226 I/AnebProbe(25624): ADAPTER_EVT type=content cls=android.view.View desc=null txt_len=0 pkg=com.deepseek.chat t_boot_ns=1207787257927495
09-06 01:30:18.227 I/AnebProbe(25624): ADAPTER_EVT type=content cls=android.view.View desc=null txt_len=0 pkg=com.deepseek.chat t_boot_ns=1207787258288953
09-06 01:30:18.227 I/AnebProbe(25624): ADAPTER_EVT type=content cls=android.view.View desc=null txt_len=0 pkg=com.deepseek.chat t_boot_ns=1207787258542599
09-06 01:30:18.228 I/AnebProbe(25624): ADAPTER_EVT type=content cls=android.view.View desc=null txt_len=0 pkg=com.deepseek.chat t_boot_ns=1207787259364474
09-06 01:30:18.229 I/AnebProbe(25624): ADAPTER_EVT type=content cls=android.view.View desc=null txt_len=0 pkg=com.deepseek.chat t_boot_ns=1207787260502495
09-06 01:30:18.229 I/AnebProbe(25624): ADAPTER_EVT type=content cls=android.view.View desc=null txt_len=0 pkg=com.deepseek.chat t_boot_ns=1207787260592078
09-06 01:30:18.229 I/AnebProbe(25624): ADAPTER_EVT type=content cls=android.view.View desc=null txt_len=0 pkg=com.deepseek.chat t_boot_ns=1207787260650411
09-06 01:30:18.229 I/AnebProbe(25624): ADAPTER_EVT type=content cls=android.view.View desc=null txt_len=0 pkg=com.deepseek.chat t_boot_ns=1207787260693640
09-06 01:30:18.229 I/AnebProbe(25624): ADAPTER_EVT type=content cls=android.view.View desc=null txt_len=0 pkg=com.deepseek.chat t_boot_ns=1207787260755099
09-06 01:30:18.229 I/AnebProbe(25624): ADAPTER_EVT type=content cls=android.view.View desc=null txt_len=0 pkg=com.deepseek.chat t_boot_ns=1207787260831140
09-06 01:30:18.229 I/AnebProbe(25624): ADAPTER_EVT type=content cls=android.view.View desc=null txt_len=0 pkg=com.deepseek.chat t_boot_ns=1207787260918120
09-06 01:30:18.229 I/AnebProbe(25624): ADAPTER_EVT type=content cls=android.view.View desc=null txt_len=0 pkg=com.deepseek.chat t_boot_ns=1207787260981140
09-06 01:30:18.229 I/AnebProbe(25624): ADAPTER_EVT type=content cls=android.view.View desc=null txt_len=0 pkg=com.deepseek.chat t_boot_ns=1207787261025411
09-06 01:30:18.229 I/AnebProbe(25624): ADAPTER_EVT type=content cls=android.view.View desc=null txt_len=0 pkg=com.deepseek.chat t_boot_ns=1207787261092078
09-06 01:30:18.230 I/AnebProbe(25624): ADAPTER_EVT type=content cls=android.view.View desc=null txt_len=0 pkg=com.deepseek.chat t_boot_ns=1207787261483224
09-06 01:30:18.230 I/AnebProbe(25624): ADAPTER_EVT type=content cls=android.view.View desc=null txt_len=0 pkg=com.deepseek.chat t_boot_ns=1207787261544682
09-06 01:30:18.230 I/AnebProbe(25624): ADAPTER_EVT type=content cls=android.view.View desc=null txt_len=0 pkg=com.deepseek.chat t_boot_ns=1207787261588432
09-06 01:30:18.230 I/AnebProbe(25624): ADAPTER_EVT type=content cls=android.view.View desc=null txt_len=0 pkg=com.deepseek.chat t_boot_ns=1207787261639995
09-06 01:30:18.230 I/AnebProbe(25624): ADAPTER_EVT type=content cls=android.view.View desc=null txt_len=0 pkg=com.deepseek.chat t_boot_ns=1207787261686349
09-06 01:30:18.230 I/AnebProbe(25624): ADAPTER_EVT type=content cls=android.view.View desc=null txt_len=0 pkg=com.deepseek.chat t_boot_ns=1207787261729057
09-06 01:30:18.230 I/AnebProbe(25624): ADAPTER_EVT type=content cls=android.view.View desc=null txt_len=0 pkg=com.deepseek.chat t_boot_ns=1207787261772286
09-06 01:30:18.230 I/AnebProbe(25624): ADAPTER_EVT type=content cls=android.view.View desc=null txt_len=0 pkg=com.deepseek.chat t_boot_ns=1207787261825932
09-06 01:30:18.230 I/AnebProbe(25624): ADAPTER_EVT type=content cls=android.view.View desc=null txt_len=0 pkg=com.deepseek.chat t_boot_ns=1207787261871765
09-06 01:30:18.230 I/AnebProbe(25624): ADAPTER_EVT type=content cls=android.view.View desc=null txt_len=0 pkg=com.deepseek.chat t_boot_ns=1207787261910307
09-06 01:30:18.230 I/AnebProbe(25624): ADAPTER_EVT type=content cls=androidx.compose.ui.viewinterop.ViewFactoryHolder desc=null txt_len=0 pkg=com.deepseek.chat t_boot_ns=1207787262039474
09-06 01:30:18.231 I/AnebProbe(25624): ADAPTER_EVT type=content cls=android.view.View desc=null txt_len=0 pkg=com.deepseek.chat t_boot_ns=1207787262352495
09-06 01:30:18.231 I/AnebProbe(25624): ADAPTER_EVT type=content cls=android.view.View desc=null txt_len=0 pkg=com.deepseek.chat t_boot_ns=1207787262587911
09-06 01:30:18.231 I/AnebProbe(25624): ADAPTER_EVT type=content cls=android.view.View desc=null txt_len=0 pkg=com.deepseek.chat t_boot_ns=1207787262701974
09-06 01:30:18.231 I/AnebProbe(25624): ADAPTER_EVT type=content cls=android.view.View desc=null txt_len=0 pkg=com.deepseek.chat t_boot_ns=1207787262809265
09-06 01:30:18.231 I/AnebProbe(25624): ADAPTER_EVT type=content cls=android.view.View desc=null txt_len=0 pkg=com.deepseek.chat t_boot_ns=1207787262895724
09-06 01:30:18.231 I/AnebProbe(25624): ADAPTER_EVT type=content cls=android.view.View desc=null txt_len=0 pkg=com.deepseek.chat t_boot_ns=1207787263010307
09-06 01:30:18.231 I/AnebProbe(25624): ADAPTER_EVT type=content cls=android.view.View desc=null txt_len=0 pkg=com.deepseek.chat t_boot_ns=1207787263130620
09-06 01:30:18.232 I/AnebProbe(25624): ADAPTER_EVT type=content cls=android.view.View desc=null txt_len=0 pkg=com.deepseek.chat t_boot_ns=1207787263231661
09-06 01:30:18.232 I/AnebProbe(25624): ADAPTER_EVT type=content cls=android.view.View desc=null txt_len=0 pkg=com.deepseek.chat t_boot_ns=1207787263330620
09-06 01:30:18.332 I/AnebProbe(25624): ADAPTER_EVT type=content cls=android.view.View desc=null txt_len=0 pkg=com.deepseek.chat t_boot_ns=1207787363516036
09-06 01:30:18.333 I/AnebProbe(25624): ADAPTER_EVT type=content cls=android.view.View desc=null txt_len=0 pkg=com.deepseek.chat t_boot_ns=1207787364691036
09-06 01:30:18.333 I/AnebProbe(25624): ADAPTER_EVT type=content cls=android.view.View desc=null txt_len=0 pkg=com.deepseek.chat t_boot_ns=1207787364837911
09-06 01:30:18.333 I/AnebProbe(25624): ADAPTER_EVT type=content cls=android.view.View desc=null txt_len=0 pkg=com.deepseek.chat t_boot_ns=1207787364923849
09-06 01:30:18.333 I/AnebProbe(25624): ADAPTER_EVT type=content cls=android.view.View desc=null txt_len=0 pkg=com.deepseek.chat t_boot_ns=1207787364987911
09-06 01:30:18.334 I/AnebProbe(25624): ADAPTER_EVT type=content cls=android.view.View desc=null txt_len=0 pkg=com.deepseek.chat t_boot_ns=1207787365374890
09-06 01:30:18.334 I/AnebProbe(25624): ADAPTER_EVT type=content cls=android.view.View desc=null txt_len=0 pkg=com.deepseek.chat t_boot_ns=1207787365464995
09-06 01:30:18.334 I/AnebProbe(25624): ADAPTER_EVT type=content cls=android.view.View desc=null txt_len=0 pkg=com.deepseek.chat t_boot_ns=1207787365538432
09-06 01:30:18.334 I/AnebProbe(25624): ADAPTER_EVT type=content cls=android.view.View desc=null txt_len=0 pkg=com.deepseek.chat t_boot_ns=1207787365715515
09-06 01:30:18.334 I/AnebProbe(25624): ADAPTER_EVT type=content cls=android.view.View desc=null txt_len=0 pkg=com.deepseek.chat t_boot_ns=1207787365924370
09-06 01:30:18.334 I/AnebProbe(25624): ADAPTER_EVT type=content cls=android.view.View desc=null txt_len=0 pkg=com.deepseek.chat t_boot_ns=1207787366123849
09-06 01:30:18.335 I/AnebProbe(25624): ADAPTER_EVT type=content cls=android.view.View desc=null txt_len=0 pkg=com.deepseek.chat t_boot_ns=1207787366407182
09-06 01:30:18.335 I/AnebProbe(25624): ADAPTER_EVT type=content cls=android.view.View desc=null txt_len=0 pkg=com.deepseek.chat t_boot_ns=1207787366808224
09-06 01:30:18.335 I/AnebProbe(25624): ADAPTER_EVT type=content cls=android.view.View desc=null txt_len=0 pkg=com.deepseek.chat t_boot_ns=1207787366886349
09-06 01:30:18.336 I/AnebProbe(25624): ADAPTER_EVT type=content cls=android.view.View desc=null txt_len=0 pkg=com.deepseek.chat t_boot_ns=1207787367377495
09-06 01:30:18.336 I/AnebProbe(25624): ADAPTER_EVT type=content cls=android.view.View desc=null txt_len=0 pkg=com.deepseek.chat t_boot_ns=1207787367458224
09-06 01:30:18.336 I/AnebProbe(25624): ADAPTER_EVT type=content cls=androidx.compose.ui.viewinterop.ViewFactoryHolder desc=null txt_len=0 pkg=com.deepseek.chat t_boot_ns=1207787367701453
09-06 01:30:18.336 I/AnebProbe(25624): ADAPTER_EVT type=content cls=android.view.View desc=null txt_len=0 pkg=com.deepseek.chat t_boot_ns=1207787367913432
09-06 01:30:18.336 I/AnebProbe(25624): ADAPTER_EVT type=content cls=android.view.View desc=null txt_len=0 pkg=com.deepseek.chat t_boot_ns=1207787368120724
09-06 01:30:18.337 I/AnebProbe(25624): ADAPTER_EVT type=content cls=android.view.View desc=null txt_len=0 pkg=com.deepseek.chat t_boot_ns=1207787368318640
09-06 01:30:18.337 I/AnebProbe(25624): ADAPTER_EVT type=content cls=android.view.View desc=null txt_len=0 pkg=com.deepseek.chat t_boot_ns=1207787368592599
09-06 01:30:18.337 I/AnebProbe(25624): ADAPTER_EVT type=content cls=android.view.View desc=null txt_len=0 pkg=com.deepseek.chat t_boot_ns=1207787368689474
09-06 01:30:18.337 I/AnebProbe(25624): ADAPTER_EVT type=content cls=android.view.View desc=null txt_len=0 pkg=com.deepseek.chat t_boot_ns=1207787368753536
09-06 01:30:18.337 I/AnebProbe(25624): ADAPTER_EVT type=content cls=android.view.View desc=null txt_len=0 pkg=com.deepseek.chat t_boot_ns=1207787368832703
09-06 01:30:18.337 I/AnebProbe(25624): ADAPTER_EVT type=content cls=android.view.View desc=null txt_len=0 pkg=com.deepseek.chat t_boot_ns=1207787368894682
09-06 01:30:18.433 I/AnebProbe(25624): ADAPTER_EVT type=content cls=android.view.View desc=null txt_len=0 pkg=com.deepseek.chat t_boot_ns=1207787464859786
09-06 01:30:18.434 I/AnebProbe(25624): ADAPTER_EVT type=content cls=android.view.View desc=null txt_len=0 pkg=com.deepseek.chat t_boot_ns=1207787465538432
09-06 01:30:18.434 I/AnebProbe(25624): ADAPTER_EVT type=content cls=android.view.View desc=null txt_len=0 pkg=com.deepseek.chat t_boot_ns=1207787465670203
09-06 01:30:18.434 I/AnebProbe(25624): ADAPTER_EVT type=content cls=android.view.View desc=null txt_len=0 pkg=com.deepseek.chat t_boot_ns=1207787465745724
09-06 01:30:18.434 I/AnebProbe(25624): ADAPTER_EVT type=content cls=android.view.View desc=null txt_len=0 pkg=com.deepseek.chat t_boot_ns=1207787466081661
09-06 01:30:18.435 I/AnebProbe(25624): ADAPTER_EVT type=content cls=android.view.View desc=null txt_len=0 pkg=com.deepseek.chat t_boot_ns=1207787466309265
09-06 01:30:18.435 I/AnebProbe(25624): ADAPTER_EVT type=content cls=android.view.View desc=null txt_len=0 pkg=com.deepseek.chat t_boot_ns=1207787466489995
09-06 01:30:18.435 I/AnebProbe(25624): ADAPTER_EVT type=content cls=android.view.View desc=null txt_len=0 pkg=com.deepseek.chat t_boot_ns=1207787466624890
09-06 01:30:18.435 I/AnebProbe(25624): ADAPTER_EVT type=content cls=android.view.View desc=null txt_len=0 pkg=com.deepseek.chat t_boot_ns=1207787466784265
09-06 01:30:18.435 I/AnebProbe(25624): ADAPTER_EVT type=content cls=android.view.View desc=null txt_len=0 pkg=com.deepseek.chat t_boot_ns=1207787466839474
09-06 01:30:18.435 I/AnebProbe(25624): ADAPTER_EVT type=content cls=android.view.View desc=null txt_len=0 pkg=com.deepseek.chat t_boot_ns=1207787466905099
09-06 01:30:18.435 I/AnebProbe(25624): ADAPTER_EVT type=content cls=android.view.View desc=null txt_len=0 pkg=com.deepseek.chat t_boot_ns=1207787466962390
09-06 01:30:18.435 I/AnebProbe(25624): ADAPTER_EVT type=content cls=android.view.View desc=null txt_len=0 pkg=com.deepseek.chat t_boot_ns=1207787467013953
09-06 01:30:18.435 I/AnebProbe(25624): ADAPTER_EVT type=content cls=android.view.View desc=null txt_len=0 pkg=com.deepseek.chat t_boot_ns=1207787467064995
09-06 01:30:18.435 I/AnebProbe(25624): ADAPTER_EVT type=content cls=android.view.View desc=null txt_len=0 pkg=com.deepseek.chat t_boot_ns=1207787467108745
09-06 01:30:18.435 I/AnebProbe(25624): ADAPTER_EVT type=content cls=androidx.compose.ui.viewinterop.ViewFactoryHolder desc=null txt_len=0 pkg=com.deepseek.chat t_boot_ns=1207787467157182
09-06 01:30:18.435 I/AnebProbe(25624): ADAPTER_EVT type=content cls=android.view.View desc=null txt_len=0 pkg=com.deepseek.chat t_boot_ns=1207787467207703
09-06 01:30:18.436 I/AnebProbe(25624): ADAPTER_EVT type=content cls=android.view.View desc=null txt_len=0 pkg=com.deepseek.chat t_boot_ns=1207787467253015
09-06 01:30:18.436 I/AnebProbe(25624): ADAPTER_EVT type=content cls=android.view.View desc=null txt_len=0 pkg=com.deepseek.chat t_boot_ns=1207787467296765
09-06 01:30:18.436 I/AnebProbe(25624): ADAPTER_EVT type=content cls=android.view.View desc=null txt_len=0 pkg=com.deepseek.chat t_boot_ns=1207787467347807
09-06 01:30:18.436 I/AnebProbe(25624): ADAPTER_EVT type=content cls=android.view.View desc=null txt_len=0 pkg=com.deepseek.chat t_boot_ns=1207787467390515
09-06 01:30:18.436 I/AnebProbe(25624): ADAPTER_EVT type=content cls=android.view.View desc=null txt_len=0 pkg=com.deepseek.chat t_boot_ns=1207787467436349
09-06 01:30:18.436 I/AnebProbe(25624): ADAPTER_EVT type=content cls=android.view.View desc=null txt_len=0 pkg=com.deepseek.chat t_boot_ns=1207787467480620
09-06 01:30:18.436 I/AnebProbe(25624): ADAPTER_EVT type=content cls=android.view.View desc=null txt_len=0 pkg=com.deepseek.chat t_boot_ns=1207787467530620
09-06 01:30:18.537 I/AnebProbe(25624): ADAPTER_EVT type=content cls=android.view.View desc=null txt_len=0 pkg=com.deepseek.chat t_boot_ns=1207787568663953
09-06 01:30:18.537 I/AnebProbe(25624): ADAPTER_EVT type=content cls=android.view.View desc=null txt_len=0 pkg=com.deepseek.chat t_boot_ns=1207787568850932
09-06 01:30:18.537 I/AnebProbe(25624): ADAPTER_EVT type=content cls=android.view.View desc=null txt_len=0 pkg=com.deepseek.chat t_boot_ns=1207787568930099
09-06 01:30:18.537 I/AnebProbe(25624): ADAPTER_EVT type=content cls=android.view.View desc=null txt_len=0 pkg=com.deepseek.chat t_boot_ns=1207787568985307
09-06 01:30:18.537 I/AnebProbe(25624): ADAPTER_EVT type=content cls=android.view.View desc=null txt_len=0 pkg=com.deepseek.chat t_boot_ns=1207787569060307
09-06 01:30:18.537 I/AnebProbe(25624): ADAPTER_EVT type=content cls=android.view.View desc=null txt_len=0 pkg=com.deepseek.chat t_boot_ns=1207787569112911
09-06 01:30:18.537 I/AnebProbe(25624): ADAPTER_EVT type=content cls=android.view.View desc=null txt_len=0 pkg=com.deepseek.chat t_boot_ns=1207787569162390
09-06 01:30:18.538 I/AnebProbe(25624): ADAPTER_EVT type=content cls=androidx.compose.ui.viewinterop.ViewFactoryHolder desc=null txt_len=0 pkg=com.deepseek.chat t_boot_ns=1207787569234265
09-06 01:30:18.538 I/AnebProbe(25624): ADAPTER_EVT type=content cls=android.view.View desc=null txt_len=0 pkg=com.deepseek.chat t_boot_ns=1207787569313432
09-06 01:30:18.538 I/AnebProbe(25624): ADAPTER_EVT type=content cls=android.view.View desc=null txt_len=0 pkg=com.deepseek.chat t_boot_ns=1207787569374370
09-06 01:30:18.538 I/AnebProbe(25624): ADAPTER_EVT type=content cls=android.view.View desc=null txt_len=0 pkg=com.deepseek.chat t_boot_ns=1207787569434265
09-06 01:30:18.641 I/AnebProbe(25624): ADAPTER_EVT type=content cls=android.view.View desc=null txt_len=0 pkg=com.deepseek.chat t_boot_ns=1207787672153015
09-06 01:30:18.641 I/AnebProbe(25624): ADAPTER_EVT type=content cls=android.view.View desc=null txt_len=0 pkg=com.deepseek.chat t_boot_ns=1207787672587911
09-06 01:30:18.644 I/AnebProbe(25624): ADAPTER_EVT type=content cls=android.view.View desc=null txt_len=0 pkg=com.deepseek.chat t_boot_ns=1207787675192599
09-06 01:30:18.644 I/AnebProbe(25624): ADAPTER_EVT type=content cls=android.view.View desc=null txt_len=0 pkg=com.deepseek.chat t_boot_ns=1207787675531661
09-06 01:30:18.644 I/AnebProbe(25624): ADAPTER_EVT type=content cls=android.view.View desc=null txt_len=0 pkg=com.deepseek.chat t_boot_ns=1207787675767078
09-06 01:30:18.644 I/AnebProbe(25624): ADAPTER_EVT type=content cls=androidx.compose.ui.viewinterop.ViewFactoryHolder desc=null txt_len=0 pkg=com.deepseek.chat t_boot_ns=1207787675940515
09-06 01:30:18.645 I/AnebProbe(25624): ADAPTER_EVT type=content cls=android.view.View desc=null txt_len=0 pkg=com.deepseek.chat t_boot_ns=1207787676144161
09-06 01:30:18.645 I/AnebProbe(25624): ADAPTER_EVT type=content cls=android.view.View desc=null txt_len=0 pkg=com.deepseek.chat t_boot_ns=1207787676308224
09-06 01:30:18.742 I/AnebProbe(25624): ADAPTER_EVT type=content cls=android.view.View desc=null txt_len=0 pkg=com.deepseek.chat t_boot_ns=1207787773873328
09-06 01:30:18.843 I/AnebProbe(25624): ADAPTER_EVT type=content cls=android.view.View desc=null txt_len=0 pkg=com.deepseek.chat t_boot_ns=1207787874980099
09-06 01:30:18.947 I/AnebProbe(25624): ADAPTER_EVT type=content cls=android.view.View desc=null txt_len=0 pkg=com.deepseek.chat t_boot_ns=1207787978338432
09-06 01:30:19.047 I/AnebProbe(25624): ADAPTER_EVT type=content cls=android.view.View desc=null txt_len=0 pkg=com.deepseek.chat t_boot_ns=1207788078450411
09-06 01:30:19.047 I/AnebProbe(25624): ADAPTER_EVT type=content cls=android.view.View desc=null txt_len=0 pkg=com.deepseek.chat t_boot_ns=1207788078935828
09-06 01:30:19.047 I/AnebProbe(25624): ADAPTER_EVT type=content cls=android.view.View desc=null txt_len=0 pkg=com.deepseek.chat t_boot_ns=1207788079129578
09-06 01:30:19.048 I/AnebProbe(25624): ADAPTER_EVT type=content cls=android.view.View desc=null txt_len=0 pkg=com.deepseek.chat t_boot_ns=1207788079326974
09-06 01:30:19.048 I/AnebProbe(25624): ADAPTER_EVT type=content cls=android.view.View desc=null txt_len=0 pkg=com.deepseek.chat t_boot_ns=1207788079554057
09-06 01:30:19.048 I/AnebProbe(25624): ADAPTER_EVT type=content cls=android.view.View desc=null txt_len=0 pkg=com.deepseek.chat t_boot_ns=1207788079723849
09-06 01:30:19.048 I/AnebProbe(25624): ADAPTER_EVT type=content cls=android.view.View desc=null txt_len=0 pkg=com.deepseek.chat t_boot_ns=1207788079886870
09-06 01:30:19.149 I/AnebProbe(25624): ADAPTER_EVT type=content cls=android.view.View desc=null txt_len=0 pkg=com.deepseek.chat t_boot_ns=1207788180300411
09-06 01:30:19.149 I/AnebProbe(25624): ADAPTER_EVT type=content cls=android.view.View desc=null txt_len=0 pkg=com.deepseek.chat t_boot_ns=1207788180732182
09-06 01:30:19.149 I/AnebProbe(25624): ADAPTER_EVT type=content cls=android.view.View desc=null txt_len=0 pkg=com.deepseek.chat t_boot_ns=1207788180933224
09-06 01:30:19.149 I/AnebProbe(25624): ADAPTER_EVT type=content cls=android.view.View desc=null txt_len=0 pkg=com.deepseek.chat t_boot_ns=1207788181064995
09-06 01:30:19.250 I/AnebProbe(25624): ADAPTER_EVT type=content cls=android.view.View desc=null txt_len=0 pkg=com.deepseek.chat t_boot_ns=1207788281058224
09-06 01:30:19.250 I/AnebProbe(25624): ADAPTER_EVT type=content cls=android.view.View desc=null txt_len=0 pkg=com.deepseek.chat t_boot_ns=1207788281501453
09-06 01:30:19.250 I/AnebProbe(25624): ADAPTER_EVT type=content cls=android.view.View desc=null txt_len=0 pkg=com.deepseek.chat t_boot_ns=1207788281648328
09-06 01:30:19.250 I/AnebProbe(25624): ADAPTER_EVT type=content cls=android.view.View desc=null txt_len=0 pkg=com.deepseek.chat t_boot_ns=1207788281776974
09-06 01:30:19.351 I/AnebProbe(25624): ADAPTER_EVT type=content cls=android.view.View desc=null txt_len=0 pkg=com.deepseek.chat t_boot_ns=1207788382367078
09-06 01:30:19.351 I/AnebProbe(25624): ADAPTER_EVT type=content cls=android.view.View desc=null txt_len=0 pkg=com.deepseek.chat t_boot_ns=1207788382945724
09-06 01:30:19.354 I/AnebProbe(25624): ADAPTER_EVT type=content cls=android.view.View desc=null txt_len=0 pkg=com.deepseek.chat t_boot_ns=1207788385930619
09-06 01:30:19.355 I/AnebProbe(25624): ADAPTER_EVT type=content cls=android.view.View desc=null txt_len=0 pkg=com.deepseek.chat t_boot_ns=1207788386338953
09-06 01:30:19.389 I/AnebProbe(25624): ADAPTER_EVT type=content cls=android.view.View desc=null txt_len=0 pkg=com.deepseek.chat t_boot_ns=1207788420518119
09-06 01:30:19.399 I/AnebProbe(25624): ADAPTER_EVT type=content cls=android.view.View desc=null txt_len=0 pkg=com.deepseek.chat t_boot_ns=1207788430420724
09-06 01:30:19.454 I/AnebProbe(25624): ADAPTER_EVT type=content cls=android.view.View desc=null txt_len=0 pkg=com.deepseek.chat t_boot_ns=1207788485201974
09-06 01:30:19.454 I/AnebProbe(25624): ADAPTER_EVT type=content cls=android.view.View desc=null txt_len=0 pkg=com.deepseek.chat t_boot_ns=1207788485864994
09-06 01:30:19.454 I/AnebProbe(25624): ADAPTER_EVT type=content cls=android.view.View desc=null txt_len=0 pkg=com.deepseek.chat t_boot_ns=1207788486046765
09-06 01:30:19.455 I/AnebProbe(25624): ADAPTER_EVT type=content cls=android.view.View desc=null txt_len=0 pkg=com.deepseek.chat t_boot_ns=1207788486209786
09-06 01:30:19.455 I/AnebProbe(25624): ADAPTER_EVT type=content cls=android.view.View desc=null txt_len=0 pkg=com.deepseek.chat t_boot_ns=1207788486741036
09-06 01:30:19.455 I/AnebProbe(25624): ADAPTER_EVT type=content cls=android.view.View desc=null txt_len=0 pkg=com.deepseek.chat t_boot_ns=1207788487023849
09-06 01:30:19.456 I/AnebProbe(25624): ADAPTER_EVT type=content cls=android.view.View desc=null txt_len=0 pkg=com.deepseek.chat t_boot_ns=1207788487195724
09-06 01:30:19.456 I/AnebProbe(25624): ADAPTER_EVT type=content cls=android.view.View desc=null txt_len=0 pkg=com.deepseek.chat t_boot_ns=1207788487380619
09-06 01:30:19.456 I/AnebProbe(25624): ADAPTER_EVT type=content cls=android.view.View desc=null txt_len=0 pkg=com.deepseek.chat t_boot_ns=1207788487532182
09-06 01:30:19.457 I/AnebProbe(25624): ADAPTER_EVT type=content cls=android.view.View desc=null txt_len=0 pkg=com.deepseek.chat t_boot_ns=1207788488358744
09-06 01:30:19.458 I/AnebProbe(25624): ADAPTER_EVT type=content cls=android.view.View desc=null txt_len=0 pkg=com.deepseek.chat t_boot_ns=1207788489175411
09-06 01:30:19.458 I/AnebProbe(25624): ADAPTER_EVT type=content cls=android.view.View desc=null txt_len=0 pkg=com.deepseek.chat t_boot_ns=1207788490080099
09-06 01:30:19.459 I/AnebProbe(25624): ADAPTER_EVT type=content cls=android.view.View desc=null txt_len=0 pkg=com.deepseek.chat t_boot_ns=1207788490418640
09-06 01:30:19.459 I/AnebProbe(25624): ADAPTER_EVT type=content cls=android.view.View desc=null txt_len=0 pkg=com.deepseek.chat t_boot_ns=1207788490647807
09-06 01:30:19.459 I/AnebProbe(25624): ADAPTER_EVT type=content cls=android.view.View desc=null txt_len=0 pkg=com.deepseek.chat t_boot_ns=1207788490854578
09-06 01:30:19.459 I/AnebProbe(25624): ADAPTER_EVT type=content cls=android.view.View desc=null txt_len=0 pkg=com.deepseek.chat t_boot_ns=1207788491008744
09-06 01:30:19.460 I/AnebProbe(25624): ADAPTER_EVT type=content cls=android.view.View desc=null txt_len=0 pkg=com.deepseek.chat t_boot_ns=1207788491171765
09-06 01:30:19.460 I/AnebProbe(25624): ADAPTER_EVT type=content cls=android.view.View desc=null txt_len=0 pkg=com.deepseek.chat t_boot_ns=1207788491317599
09-06 01:30:19.460 I/AnebProbe(25624): ADAPTER_EVT type=content cls=android.view.View desc=null txt_len=0 pkg=com.deepseek.chat t_boot_ns=1207788491471765
09-06 01:30:19.560 I/AnebProbe(25624): ADAPTER_EVT type=content cls=android.view.View desc=null txt_len=0 pkg=com.deepseek.chat t_boot_ns=1207788591803536
09-06 01:30:19.563 I/AnebProbe(25624): ADAPTER_OBS pkg=com.deepseek.chat mode=deepseek events=959 rule_matched=0 first_delta_ms=0 cadence_p50_ms=0.2 session_span_ms=243537.5 confidence=LOW/INCONCLUSIVE reason=throttle ttft_send_ms=null anchor_source=null ttft_cluster_ms=null ttft_density_ms=500.0
09-06 01:30:19.563 I/AnebProbe(25624): ADAPTER_EVT type=content cls=android.view.View desc=null txt_len=0 pkg=com.deepseek.chat t_boot_ns=1207788594852494
09-06 01:30:19.564 I/AnebProbe(25624): ADAPTER_EVT type=content cls=android.view.View desc=null txt_len=0 pkg=com.deepseek.chat t_boot_ns=1207788595143640
09-06 01:30:19.661 I/AnebProbe(25624): ADAPTER_EVT type=content cls=android.view.View desc=null txt_len=0 pkg=com.deepseek.chat t_boot_ns=1207788692393119
09-06 01:31:03.001 I/AnebE4MARK( 7105): E4MARK kind=answer_complete n=4
09-06 01:31:23.482 I/AnebProbe(25624): ADAPTER_EVT type=content cls=android.view.View desc=null txt_len=0 pkg=com.deepseek.chat t_boot_ns=1207852513845714
09-06 01:31:23.483 I/AnebProbe(25624): ADAPTER_OBS pkg=com.deepseek.chat mode=deepseek events=963 rule_matched=0 first_delta_ms=0 cadence_p50_ms=0.2 session_span_ms=307459.6 confidence=LOW/INCONCLUSIVE reason=throttle ttft_send_ms=null anchor_source=null ttft_cluster_ms=null ttft_density_ms=500.0
09-06 01:31:23.483 I/AnebProbe(25624): ADAPTER_EVT type=content cls=android.view.View desc=null txt_len=0 pkg=com.deepseek.chat t_boot_ns=1207852514671756
09-06 01:31:23.483 I/AnebProbe(25624): ADAPTER_EVT type=content cls=android.view.View desc=null txt_len=0 pkg=com.deepseek.chat t_boot_ns=1207852514794151
09-06 01:31:23.483 I/AnebProbe(25624): ADAPTER_EVT type=content cls=android.view.View desc=null txt_len=0 pkg=com.deepseek.chat t_boot_ns=1207852514854568
09-06 01:31:23.483 I/AnebProbe(25624): ADAPTER_EVT type=content cls=android.view.View desc=null txt_len=0 pkg=com.deepseek.chat t_boot_ns=1207852514906651
09-06 01:31:23.483 I/AnebProbe(25624): ADAPTER_EVT type=content cls=android.view.View desc=null txt_len=0 pkg=com.deepseek.chat t_boot_ns=1207852514969151
09-06 01:31:23.483 I/AnebProbe(25624): ADAPTER_EVT type=content cls=android.view.View desc=null txt_len=0 pkg=com.deepseek.chat t_boot_ns=1207852515047276
09-06 01:31:23.483 I/AnebProbe(25624): ADAPTER_EVT type=content cls=android.view.View desc=null txt_len=0 pkg=com.deepseek.chat t_boot_ns=1207852515099360
09-06 01:31:23.483 I/AnebProbe(25624): ADAPTER_EVT type=content cls=android.view.View desc=null txt_len=0 pkg=com.deepseek.chat t_boot_ns=1207852515150401
09-06 01:31:23.484 I/AnebProbe(25624): ADAPTER_EVT type=content cls=android.view.View desc=null txt_len=0 pkg=com.deepseek.chat t_boot_ns=1207852515362901
09-06 01:31:23.484 I/AnebProbe(25624): ADAPTER_EVT type=content cls=android.view.View desc=null txt_len=0 pkg=com.deepseek.chat t_boot_ns=1207852515436860
09-06 01:31:23.484 I/AnebProbe(25624): ADAPTER_EVT type=content cls=android.view.View desc=null txt_len=0 pkg=com.deepseek.chat t_boot_ns=1207852515501964
09-06 01:31:25.153 I/AnebProbe(25624): ADAPTER_EVT type=content cls=android.view.View desc=null txt_len=0 pkg=com.deepseek.chat t_boot_ns=1207854184399880
09-06 01:31:25.153 I/AnebProbe(25624): ADAPTER_EVT type=content cls=android.view.View desc=null txt_len=0 pkg=com.deepseek.chat t_boot_ns=1207854185081651
09-06 01:31:25.154 I/AnebProbe(25624): ADAPTER_EVT type=content cls=android.view.View desc=null txt_len=0 pkg=com.deepseek.chat t_boot_ns=1207854185855089
09-06 01:31:25.155 I/AnebProbe(25624): ADAPTER_EVT type=content cls=android.view.View desc=null txt_len=0 pkg=com.deepseek.chat t_boot_ns=1207854186156651
09-06 01:31:25.256 I/AnebProbe(25624): ADAPTER_EVT type=content cls=android.view.View desc=null txt_len=0 pkg=com.deepseek.chat t_boot_ns=1207854287472797
09-06 01:31:25.358 I/AnebProbe(25624): ADAPTER_EVT type=content cls=android.view.View desc=null txt_len=0 pkg=com.deepseek.chat t_boot_ns=1207854389541547
09-06 01:31:25.358 I/AnebProbe(25624): ADAPTER_EVT type=content cls=android.view.View desc=null txt_len=0 pkg=com.deepseek.chat t_boot_ns=1207854389991547
09-06 01:31:27.181 I/AnebProbe(25624): ADAPTER_EVT type=content cls=android.view.View desc=null txt_len=0 pkg=com.deepseek.chat t_boot_ns=1207856212749880
09-06 01:31:27.284 I/AnebProbe(25624): ADAPTER_EVT type=content cls=android.view.View desc=null txt_len=0 pkg=com.deepseek.chat t_boot_ns=1207856315401442
09-06 01:31:27.285 I/AnebProbe(25624): ADAPTER_EVT type=content cls=android.view.View desc=null txt_len=0 pkg=com.deepseek.chat t_boot_ns=1207856316276963
09-06 01:31:28.134 I/AnebProbe(25624): ADAPTER_EVT type=content cls=android.view.View desc=null txt_len=0 pkg=com.deepseek.chat t_boot_ns=1207857165853526
09-06 01:31:28.135 I/AnebProbe(25624): ADAPTER_EVT type=content cls=android.view.ViewGroup desc=null txt_len=0 pkg=com.deepseek.chat t_boot_ns=1207857166486859
09-06 01:31:28.277 I/AnebProbe(25624): ADAPTER_EVT type=content cls=androidx.compose.ui.viewinterop.ViewFactoryHolder desc=null txt_len=0 pkg=com.deepseek.chat t_boot_ns=1207857308448317
09-06 01:31:28.336 I/AnebProbe(25624): ADAPTER_EVT type=content cls=android.view.View desc=null txt_len=0 pkg=com.deepseek.chat t_boot_ns=1207857367264984
09-06 01:31:28.336 I/AnebProbe(25624): ADAPTER_EVT type=content cls=android.view.View desc=null txt_len=0 pkg=com.deepseek.chat t_boot_ns=1207857367779567
09-06 01:31:28.336 I/AnebProbe(25624): ADAPTER_EVT type=content cls=android.view.View desc=null txt_len=0 pkg=com.deepseek.chat t_boot_ns=1207857367928005
09-06 01:31:28.336 I/AnebProbe(25624): ADAPTER_EVT type=content cls=android.view.View desc=null txt_len=0 pkg=com.deepseek.chat t_boot_ns=1207857368005609
09-06 01:31:28.336 I/AnebProbe(25624): ADAPTER_EVT type=content cls=android.view.View desc=null txt_len=0 pkg=com.deepseek.chat t_boot_ns=1207857368052484
09-06 01:31:28.394 I/AnebProbe(25624): ADAPTER_EVT type=content cls=androidx.compose.ui.viewinterop.ViewFactoryHolder desc=null txt_len=0 pkg=com.deepseek.chat t_boot_ns=1207857425449880
09-06 01:31:28.437 I/AnebProbe(25624): ADAPTER_EVT type=content cls=android.view.View desc=null txt_len=0 pkg=com.deepseek.chat t_boot_ns=1207857468705088
09-06 01:31:28.437 I/AnebProbe(25624): ADAPTER_EVT type=content cls=android.view.View desc=null txt_len=0 pkg=com.deepseek.chat t_boot_ns=1207857468993630
09-06 01:31:28.437 I/AnebProbe(25624): ADAPTER_EVT type=content cls=android.view.View desc=null txt_len=0 pkg=com.deepseek.chat t_boot_ns=1207857469091546
09-06 01:31:28.437 I/AnebProbe(25624): ADAPTER_EVT type=content cls=android.view.View desc=null txt_len=0 pkg=com.deepseek.chat t_boot_ns=1207857469145713
09-06 01:31:28.437 I/AnebProbe(25624): ADAPTER_EVT type=content cls=android.view.View desc=null txt_len=0 pkg=com.deepseek.chat t_boot_ns=1207857469181651
09-06 01:31:28.511 I/AnebProbe(25624): ADAPTER_EVT type=content cls=androidx.compose.ui.viewinterop.ViewFactoryHolder desc=null txt_len=0 pkg=com.deepseek.chat t_boot_ns=1207857542795713
09-06 01:31:28.512 I/AnebProbe(25624): ADAPTER_OBS pkg=com.deepseek.chat mode=deepseek events=999 rule_matched=0 first_delta_ms=0 cadence_p50_ms=0.2 session_span_ms=312488.5 confidence=LOW/INCONCLUSIVE reason=throttle ttft_send_ms=null anchor_source=null ttft_cluster_ms=null ttft_density_ms=500.0
09-06 01:31:28.541 I/AnebProbe(25624): ADAPTER_EVT type=content cls=android.view.View desc=null txt_len=0 pkg=com.deepseek.chat t_boot_ns=1207857572442588
09-06 01:31:28.541 I/AnebProbe(25624): ADAPTER_EVT type=content cls=android.view.View desc=null txt_len=0 pkg=com.deepseek.chat t_boot_ns=1207857573106130
09-06 01:31:28.542 I/AnebProbe(25624): ADAPTER_EVT type=content cls=android.view.View desc=null txt_len=0 pkg=com.deepseek.chat t_boot_ns=1207857573292067
09-06 01:31:28.542 I/AnebProbe(25624): ADAPTER_EVT type=content cls=android.view.View desc=null txt_len=0 pkg=com.deepseek.chat t_boot_ns=1207857573390505
09-06 01:31:28.542 I/AnebProbe(25624): ADAPTER_EVT type=content cls=android.view.View desc=null txt_len=0 pkg=com.deepseek.chat t_boot_ns=1207857573508213
09-06 01:31:28.630 I/AnebProbe(25624): ADAPTER_EVT type=content cls=androidx.compose.ui.viewinterop.ViewFactoryHolder desc=null txt_len=0 pkg=com.deepseek.chat t_boot_ns=1207857661098838
09-06 01:31:28.646 I/AnebProbe(25624): ADAPTER_EVT type=content cls=android.view.View desc=null txt_len=0 pkg=com.deepseek.chat t_boot_ns=1207857677856651
09-06 01:31:28.647 I/AnebProbe(25624): ADAPTER_EVT type=content cls=android.view.View desc=null txt_len=0 pkg=com.deepseek.chat t_boot_ns=1207857678339984
09-06 01:31:28.647 I/AnebProbe(25624): ADAPTER_EVT type=content cls=android.view.View desc=null txt_len=0 pkg=com.deepseek.chat t_boot_ns=1207857678533213
09-06 01:31:28.647 I/AnebProbe(25624): ADAPTER_EVT type=content cls=android.view.View desc=null txt_len=0 pkg=com.deepseek.chat t_boot_ns=1207857678687380
09-06 01:31:28.647 I/AnebProbe(25624): ADAPTER_EVT type=content cls=android.view.View desc=null txt_len=0 pkg=com.deepseek.chat t_boot_ns=1207857678862380
09-06 01:31:28.741 I/AnebProbe(25624): ADAPTER_EVT type=content cls=androidx.compose.ui.viewinterop.ViewFactoryHolder desc=null txt_len=0 pkg=com.deepseek.chat t_boot_ns=1207857772449359
09-06 01:31:28.746 I/AnebProbe(25624): ADAPTER_EVT type=content cls=android.view.View desc=null txt_len=0 pkg=com.deepseek.chat t_boot_ns=1207857777301963
09-06 01:31:28.746 I/AnebProbe(25624): ADAPTER_EVT type=content cls=android.view.View desc=null txt_len=0 pkg=com.deepseek.chat t_boot_ns=1207857777555609
09-06 01:31:28.746 I/AnebProbe(25624): ADAPTER_EVT type=content cls=android.view.View desc=null txt_len=0 pkg=com.deepseek.chat t_boot_ns=1207857777649359
09-06 01:31:28.746 I/AnebProbe(25624): ADAPTER_EVT type=content cls=android.view.View desc=null txt_len=0 pkg=com.deepseek.chat t_boot_ns=1207857777719151
09-06 01:31:28.746 I/AnebProbe(25624): ADAPTER_EVT type=content cls=android.view.View desc=null txt_len=0 pkg=com.deepseek.chat t_boot_ns=1207857777794671
09-06 01:31:29.521 I/AnebProbe(25624): ADAPTER_EVT type=content cls=android.widget.EditText desc=null txt_len=1 pkg=com.deepseek.chat t_boot_ns=1207858552534775
09-06 01:31:29.548 I/AnebProbe(25624): ADAPTER_EVT type=content cls=android.widget.EditText desc=null txt_len=2 pkg=com.deepseek.chat t_boot_ns=1207858579620713
09-06 01:31:29.560 I/AnebProbe(25624): ADAPTER_EVT type=content cls=android.widget.EditText desc=null txt_len=3 pkg=com.deepseek.chat t_boot_ns=1207858591438942
09-06 01:31:29.572 I/AnebProbe(25624): ADAPTER_EVT type=content cls=android.widget.EditText desc=null txt_len=4 pkg=com.deepseek.chat t_boot_ns=1207858602981130
09-06 01:31:29.583 I/AnebProbe(25624): ADAPTER_EVT type=content cls=android.widget.EditText desc=null txt_len=5 pkg=com.deepseek.chat t_boot_ns=1207858614750921
09-06 01:31:29.596 I/AnebProbe(25624): ADAPTER_EVT type=content cls=android.widget.EditText desc=null txt_len=6 pkg=com.deepseek.chat t_boot_ns=1207858626556650
09-06 01:31:29.601 I/AnebProbe(25624): ADAPTER_EVT type=content cls=android.widget.EditText desc=null txt_len=7 pkg=com.deepseek.chat t_boot_ns=1207858632153005
09-06 01:31:29.611 I/AnebProbe(25624): ADAPTER_EVT type=content cls=android.widget.EditText desc=null txt_len=8 pkg=com.deepseek.chat t_boot_ns=1207858642862380
09-06 01:31:29.624 I/AnebProbe(25624): ADAPTER_EVT type=content cls=android.widget.EditText desc=null txt_len=9 pkg=com.deepseek.chat t_boot_ns=1207858654855609
09-06 01:31:29.645 I/AnebProbe(25624): ADAPTER_EVT type=content cls=android.view.View desc=null txt_len=0 pkg=com.deepseek.chat t_boot_ns=1207858676180609
09-06 01:31:29.646 I/AnebProbe(25624): ADAPTER_EVT type=content cls=android.view.View desc=null txt_len=0 pkg=com.deepseek.chat t_boot_ns=1207858677143109
09-06 01:31:29.646 I/AnebProbe(25624): ADAPTER_EVT type=content cls=android.view.View desc=null txt_len=0 pkg=com.deepseek.chat t_boot_ns=1207858677428005
09-06 01:31:29.650 I/AnebProbe(25624): ADAPTER_EVT type=content cls=android.widget.EditText desc=null txt_len=10 pkg=com.deepseek.chat t_boot_ns=1207858681377484
09-06 01:31:29.669 I/AnebProbe(25624): ADAPTER_EVT type=content cls=android.widget.EditText desc=null txt_len=11 pkg=com.deepseek.chat t_boot_ns=1207858700054567
09-06 01:31:29.677 I/AnebProbe(25624): ADAPTER_EVT type=content cls=android.widget.EditText desc=null txt_len=12 pkg=com.deepseek.chat t_boot_ns=1207858708460817
09-06 01:31:29.688 I/AnebProbe(25624): ADAPTER_EVT type=content cls=android.widget.EditText desc=null txt_len=13 pkg=com.deepseek.chat t_boot_ns=1207858719323317
09-06 01:31:29.695 I/AnebProbe(25624): ADAPTER_EVT type=content cls=android.widget.EditText desc=null txt_len=14 pkg=com.deepseek.chat t_boot_ns=1207858725968630
09-06 01:31:29.703 I/AnebProbe(25624): ADAPTER_EVT type=content cls=android.widget.EditText desc=null txt_len=15 pkg=com.deepseek.chat t_boot_ns=1207858734524359
09-06 01:31:29.714 I/AnebProbe(25624): ADAPTER_EVT type=content cls=android.widget.EditText desc=null txt_len=16 pkg=com.deepseek.chat t_boot_ns=1207858745493109
09-06 01:31:29.728 I/AnebProbe(25624): ADAPTER_EVT type=content cls=android.widget.EditText desc=null txt_len=17 pkg=com.deepseek.chat t_boot_ns=1207858758957171
09-06 01:31:29.735 I/AnebProbe(25624): ADAPTER_EVT type=content cls=android.widget.EditText desc=null txt_len=18 pkg=com.deepseek.chat t_boot_ns=1207858765913421
09-06 01:31:29.744 I/AnebProbe(25624): ADAPTER_EVT type=content cls=android.widget.EditText desc=null txt_len=19 pkg=com.deepseek.chat t_boot_ns=1207858774952484
09-06 01:31:29.751 I/AnebProbe(25624): ADAPTER_EVT type=content cls=android.widget.EditText desc=null txt_len=20 pkg=com.deepseek.chat t_boot_ns=1207858782359775
09-06 01:31:29.761 I/AnebProbe(25624): ADAPTER_EVT type=content cls=android.widget.EditText desc=null txt_len=21 pkg=com.deepseek.chat t_boot_ns=1207858792612380
09-06 01:31:29.772 I/AnebProbe(25624): ADAPTER_EVT type=content cls=android.widget.EditText desc=null txt_len=22 pkg=com.deepseek.chat t_boot_ns=1207858803440505
09-06 01:31:29.781 I/AnebProbe(25624): ADAPTER_EVT type=content cls=android.widget.EditText desc=null txt_len=23 pkg=com.deepseek.chat t_boot_ns=1207858812866546
09-06 01:31:29.792 I/AnebProbe(25624): ADAPTER_EVT type=content cls=android.widget.EditText desc=null txt_len=24 pkg=com.deepseek.chat t_boot_ns=1207858823721755
09-06 01:31:29.806 I/AnebProbe(25624): ADAPTER_EVT type=content cls=android.widget.EditText desc=null txt_len=25 pkg=com.deepseek.chat t_boot_ns=1207858837380609
09-06 01:31:29.814 I/AnebProbe(25624): ADAPTER_EVT type=content cls=android.widget.EditText desc=null txt_len=26 pkg=com.deepseek.chat t_boot_ns=1207858845267067
09-06 01:31:31.953 I/AnebE4MARK( 7476): E4MARK kind=turn_start n=5
09-06 01:31:32.050 I/AnebProbe(25624): ADAPTER_EVT type=content cls=android.widget.EditText desc=null txt_len=0 pkg=com.deepseek.chat t_boot_ns=1207861081030608
09-06 01:31:32.081 I/AnebProbe(25624): ADAPTER_EVT type=content cls=android.view.View desc=null txt_len=0 pkg=com.deepseek.chat t_boot_ns=1207861112466546
09-06 01:31:32.081 I/AnebProbe(25624): ADAPTER_EVT type=content cls=android.view.View desc=null txt_len=0 pkg=com.deepseek.chat t_boot_ns=1207861112703525
09-06 01:31:32.081 I/AnebProbe(25624): ADAPTER_EVT type=content cls=android.view.View desc=null txt_len=0 pkg=com.deepseek.chat t_boot_ns=1207861112775921
09-06 01:31:32.111 I/AnebProbe(25624): ADAPTER_EVT type=content cls=android.view.View desc=null txt_len=0 pkg=com.deepseek.chat t_boot_ns=1207861142504046
09-06 01:31:32.111 I/AnebProbe(25624): ADAPTER_EVT type=content cls=android.view.View desc=null txt_len=0 pkg=com.deepseek.chat t_boot_ns=1207861142681129
09-06 01:31:32.156 I/AnebProbe(25624): ADAPTER_EVT type=content cls=android.view.ViewGroup desc=null txt_len=0 pkg=com.deepseek.chat t_boot_ns=1207861187251442
09-06 01:31:32.182 I/AnebProbe(25624): ADAPTER_EVT type=content cls=android.view.View desc=null txt_len=0 pkg=com.deepseek.chat t_boot_ns=1207861213854567
09-06 01:31:32.182 I/AnebProbe(25624): ADAPTER_EVT type=content cls=android.view.View desc=null txt_len=0 pkg=com.deepseek.chat t_boot_ns=1207861214044150
09-06 01:31:32.182 I/AnebProbe(25624): ADAPTER_EVT type=content cls=android.view.View desc=null txt_len=0 pkg=com.deepseek.chat t_boot_ns=1207861214116025
09-06 01:31:32.182 I/AnebProbe(25624): ADAPTER_EVT type=content cls=android.view.View desc=null txt_len=0 pkg=com.deepseek.chat t_boot_ns=1207861214160817
09-06 01:31:32.182 I/AnebProbe(25624): ADAPTER_EVT type=content cls=android.view.View desc=null txt_len=0 pkg=com.deepseek.chat t_boot_ns=1207861214209254
09-06 01:31:32.183 I/AnebProbe(25624): ADAPTER_EVT type=content cls=android.view.View desc=null txt_len=0 pkg=com.deepseek.chat t_boot_ns=1207861214384775
09-06 01:31:32.183 I/AnebProbe(25624): ADAPTER_EVT type=content cls=android.view.View desc=null txt_len=0 pkg=com.deepseek.chat t_boot_ns=1207861214460296
09-06 01:31:32.183 I/AnebProbe(25624): ADAPTER_EVT type=content cls=android.view.View desc=null txt_len=0 pkg=com.deepseek.chat t_boot_ns=1207861214521754
09-06 01:31:32.183 I/AnebProbe(25624): ADAPTER_EVT type=content cls=android.view.View desc=null txt_len=0 pkg=com.deepseek.chat t_boot_ns=1207861214572796
09-06 01:31:32.183 I/AnebProbe(25624): ADAPTER_EVT type=content cls=android.view.View desc=null txt_len=0 pkg=com.deepseek.chat t_boot_ns=1207861214623317
09-06 01:31:32.183 I/AnebProbe(25624): ADAPTER_EVT type=content cls=android.view.View desc=null txt_len=0 pkg=com.deepseek.chat t_boot_ns=1207861214685817
09-06 01:31:32.183 I/AnebProbe(25624): ADAPTER_EVT type=content cls=android.view.View desc=null txt_len=0 pkg=com.deepseek.chat t_boot_ns=1207861214850921
09-06 01:31:32.184 I/AnebProbe(25624): ADAPTER_EVT type=content cls=android.view.View desc=null txt_len=0 pkg=com.deepseek.chat t_boot_ns=1207861215639463
09-06 01:31:32.184 I/AnebProbe(25624): ADAPTER_EVT type=content cls=android.view.View desc=null txt_len=0 pkg=com.deepseek.chat t_boot_ns=1207861215714983
09-06 01:31:32.184 I/AnebProbe(25624): ADAPTER_EVT type=content cls=android.view.View desc=null txt_len=0 pkg=com.deepseek.chat t_boot_ns=1207861215766546
09-06 01:31:32.184 I/AnebProbe(25624): ADAPTER_EVT type=content cls=android.view.View desc=null txt_len=0 pkg=com.deepseek.chat t_boot_ns=1207861215823838
09-06 01:31:32.184 I/AnebProbe(25624): ADAPTER_EVT type=content cls=android.view.View desc=null txt_len=0 pkg=com.deepseek.chat t_boot_ns=1207861215873317
09-06 01:31:32.184 I/AnebProbe(25624): ADAPTER_EVT type=content cls=android.view.View desc=null txt_len=0 pkg=com.deepseek.chat t_boot_ns=1207861216120713
09-06 01:31:32.184 I/AnebProbe(25624): ADAPTER_EVT type=content cls=android.view.View desc=null txt_len=0 pkg=com.deepseek.chat t_boot_ns=1207861216187379
09-06 01:31:32.185 I/AnebProbe(25624): ADAPTER_EVT type=content cls=android.view.View desc=null txt_len=0 pkg=com.deepseek.chat t_boot_ns=1207861216431129
09-06 01:31:32.185 I/AnebProbe(25624): ADAPTER_EVT type=content cls=android.view.View desc=null txt_len=0 pkg=com.deepseek.chat t_boot_ns=1207861216680088
09-06 01:31:32.185 I/AnebProbe(25624): ADAPTER_EVT type=content cls=android.view.View desc=null txt_len=0 pkg=com.deepseek.chat t_boot_ns=1207861216722275
09-06 01:31:32.185 I/AnebProbe(25624): ADAPTER_EVT type=content cls=android.view.View desc=null txt_len=0 pkg=com.deepseek.chat t_boot_ns=1207861216764463
09-06 01:31:32.185 I/AnebProbe(25624): ADAPTER_EVT type=content cls=android.view.View desc=null txt_len=0 pkg=com.deepseek.chat t_boot_ns=1207861216999358
09-06 01:31:32.185 I/AnebProbe(25624): ADAPTER_EVT type=content cls=android.view.View desc=null txt_len=0 pkg=com.deepseek.chat t_boot_ns=1207861217117067
09-06 01:31:32.185 I/AnebProbe(25624): ADAPTER_EVT type=content cls=android.view.View desc=null txt_len=0 pkg=com.deepseek.chat t_boot_ns=1207861217192067
09-06 01:31:32.186 I/AnebProbe(25624): ADAPTER_EVT type=content cls=android.view.View desc=null txt_len=0 pkg=com.deepseek.chat t_boot_ns=1207861217260296
09-06 01:31:32.186 I/AnebProbe(25624): ADAPTER_EVT type=content cls=android.view.View desc=null txt_len=0 pkg=com.deepseek.chat t_boot_ns=1207861217337379
09-06 01:31:32.186 I/AnebProbe(25624): ADAPTER_EVT type=content cls=android.view.View desc=null txt_len=0 pkg=com.deepseek.chat t_boot_ns=1207861217397275
09-06 01:31:32.186 I/AnebProbe(25624): ADAPTER_EVT type=content cls=android.view.View desc=null txt_len=0 pkg=com.deepseek.chat t_boot_ns=1207861217474879
09-06 01:31:32.186 I/AnebProbe(25624): ADAPTER_EVT type=content cls=android.view.View desc=null txt_len=0 pkg=com.deepseek.chat t_boot_ns=1207861217529567
09-06 01:31:32.186 I/AnebProbe(25624): ADAPTER_EVT type=content cls=android.view.View desc=null txt_len=0 pkg=com.deepseek.chat t_boot_ns=1207861217581129
09-06 01:31:32.186 I/AnebProbe(25624): ADAPTER_EVT type=content cls=android.view.View desc=null txt_len=0 pkg=com.deepseek.chat t_boot_ns=1207861217647275
09-06 01:31:32.186 I/AnebProbe(25624): ADAPTER_EVT type=content cls=android.view.View desc=null txt_len=0 pkg=com.deepseek.chat t_boot_ns=1207861217743108
09-06 01:31:32.186 I/AnebProbe(25624): ADAPTER_EVT type=content cls=android.view.View desc=null txt_len=0 pkg=com.deepseek.chat t_boot_ns=1207861217798317
09-06 01:31:32.186 I/AnebProbe(25624): ADAPTER_EVT type=content cls=androidx.compose.ui.viewinterop.ViewFactoryHolder desc=null txt_len=0 pkg=com.deepseek.chat t_boot_ns=1207861217849358
09-06 01:31:32.287 I/AnebProbe(25624): ADAPTER_EVT type=content cls=android.view.View desc=null txt_len=0 pkg=com.deepseek.chat t_boot_ns=1207861318451442
09-06 01:31:32.287 I/AnebProbe(25624): ADAPTER_EVT type=content cls=android.view.View desc=null txt_len=0 pkg=com.deepseek.chat t_boot_ns=1207861319004046
09-06 01:31:32.288 I/AnebProbe(25624): ADAPTER_EVT type=content cls=android.view.View desc=null txt_len=0 pkg=com.deepseek.chat t_boot_ns=1207861319414983
09-06 01:31:32.288 I/AnebProbe(25624): ADAPTER_EVT type=content cls=android.view.View desc=null txt_len=0 pkg=com.deepseek.chat t_boot_ns=1207861319593629
09-06 01:31:32.288 I/AnebProbe(25624): ADAPTER_EVT type=content cls=android.view.View desc=null txt_len=0 pkg=com.deepseek.chat t_boot_ns=1207861319675921
09-06 01:31:32.288 I/AnebProbe(25624): ADAPTER_EVT type=content cls=android.view.View desc=null txt_len=0 pkg=com.deepseek.chat t_boot_ns=1207861319732171
09-06 01:31:32.288 I/AnebProbe(25624): ADAPTER_EVT type=content cls=android.view.View desc=null txt_len=0 pkg=com.deepseek.chat t_boot_ns=1207861319834254
09-06 01:31:32.288 I/AnebProbe(25624): ADAPTER_EVT type=content cls=android.view.View desc=null txt_len=0 pkg=com.deepseek.chat t_boot_ns=1207861319910817
09-06 01:31:32.288 I/AnebProbe(25624): ADAPTER_EVT type=content cls=android.view.View desc=null txt_len=0 pkg=com.deepseek.chat t_boot_ns=1207861319986338
09-06 01:31:32.288 I/AnebProbe(25624): ADAPTER_EVT type=content cls=android.view.View desc=null txt_len=0 pkg=com.deepseek.chat t_boot_ns=1207861320076442
09-06 01:31:32.288 I/AnebProbe(25624): ADAPTER_EVT type=content cls=android.view.View desc=null txt_len=0 pkg=com.deepseek.chat t_boot_ns=1207861320140504
09-06 01:31:32.288 I/AnebProbe(25624): ADAPTER_EVT type=content cls=android.view.View desc=null txt_len=0 pkg=com.deepseek.chat t_boot_ns=1207861320201442
09-06 01:31:32.289 I/AnebProbe(25624): ADAPTER_EVT type=content cls=android.view.View desc=null txt_len=0 pkg=com.deepseek.chat t_boot_ns=1207861320255088
09-06 01:31:32.289 I/AnebProbe(25624): ADAPTER_EVT type=content cls=android.view.View desc=null txt_len=0 pkg=com.deepseek.chat t_boot_ns=1207861320307171
09-06 01:31:32.289 I/AnebProbe(25624): ADAPTER_EVT type=content cls=android.view.View desc=null txt_len=0 pkg=com.deepseek.chat t_boot_ns=1207861320368629
09-06 01:31:32.289 I/AnebProbe(25624): ADAPTER_EVT type=content cls=android.view.View desc=null txt_len=0 pkg=com.deepseek.chat t_boot_ns=1207861320420192
09-06 01:31:32.289 I/AnebProbe(25624): ADAPTER_EVT type=content cls=android.view.View desc=null txt_len=0 pkg=com.deepseek.chat t_boot_ns=1207861320473317
09-06 01:31:32.289 I/AnebProbe(25624): ADAPTER_EVT type=content cls=android.view.View desc=null txt_len=0 pkg=com.deepseek.chat t_boot_ns=1207861320523838
09-06 01:31:32.289 I/AnebProbe(25624): ADAPTER_EVT type=content cls=android.view.View desc=null txt_len=0 pkg=com.deepseek.chat t_boot_ns=1207861320575400
09-06 01:31:32.289 I/AnebProbe(25624): ADAPTER_EVT type=content cls=android.view.View desc=null txt_len=0 pkg=com.deepseek.chat t_boot_ns=1207861320656650
09-06 01:31:32.289 I/AnebProbe(25624): ADAPTER_EVT type=content cls=androidx.compose.ui.viewinterop.ViewFactoryHolder desc=null txt_len=0 pkg=com.deepseek.chat t_boot_ns=1207861320712379
09-06 01:31:32.392 I/AnebProbe(25624): ADAPTER_EVT type=content cls=android.view.View desc=null txt_len=0 pkg=com.deepseek.chat t_boot_ns=1207861422242067
09-06 01:31:32.392 I/AnebProbe(25624): ADAPTER_EVT type=content cls=android.view.View desc=null txt_len=0 pkg=com.deepseek.chat t_boot_ns=1207861423773838
09-06 01:31:32.392 I/AnebProbe(25624): ADAPTER_EVT type=content cls=android.view.View desc=null txt_len=0 pkg=com.deepseek.chat t_boot_ns=1207861423947796
09-06 01:31:32.392 I/AnebProbe(25624): ADAPTER_EVT type=content cls=android.view.View desc=null txt_len=0 pkg=com.deepseek.chat t_boot_ns=1207861424061338
09-06 01:31:32.392 I/AnebProbe(25624): ADAPTER_EVT type=content cls=android.view.View desc=null txt_len=0 pkg=com.deepseek.chat t_boot_ns=1207861424125400
09-06 01:31:32.392 I/AnebProbe(25624): ADAPTER_EVT type=content cls=android.view.View desc=null txt_len=0 pkg=com.deepseek.chat t_boot_ns=1207861424182171
09-06 01:31:32.393 I/AnebProbe(25624): ADAPTER_EVT type=content cls=android.view.View desc=null txt_len=0 pkg=com.deepseek.chat t_boot_ns=1207861424255608
09-06 01:31:32.393 I/AnebProbe(25624): ADAPTER_EVT type=content cls=android.view.View desc=null txt_len=0 pkg=com.deepseek.chat t_boot_ns=1207861424305608
09-06 01:31:32.393 I/AnebProbe(25624): ADAPTER_EVT type=content cls=android.view.View desc=null txt_len=0 pkg=com.deepseek.chat t_boot_ns=1207861424349879
09-06 01:31:32.393 I/AnebProbe(25624): ADAPTER_EVT type=content cls=android.view.View desc=null txt_len=0 pkg=com.deepseek.chat t_boot_ns=1207861424395192
09-06 01:31:32.393 I/AnebProbe(25624): ADAPTER_EVT type=content cls=android.view.View desc=null txt_len=0 pkg=com.deepseek.chat t_boot_ns=1207861424444671
09-06 01:31:32.393 I/AnebProbe(25624): ADAPTER_EVT type=content cls=android.view.View desc=null txt_len=0 pkg=com.deepseek.chat t_boot_ns=1207861424513421
09-06 01:31:32.393 I/AnebProbe(25624): ADAPTER_EVT type=content cls=android.view.View desc=null txt_len=0 pkg=com.deepseek.chat t_boot_ns=1207861424587900
09-06 01:31:32.393 I/AnebProbe(25624): ADAPTER_EVT type=content cls=android.view.View desc=null txt_len=0 pkg=com.deepseek.chat t_boot_ns=1207861424642067
09-06 01:31:32.393 I/AnebProbe(25624): ADAPTER_EVT type=content cls=android.view.View desc=null txt_len=0 pkg=com.deepseek.chat t_boot_ns=1207861424719671
09-06 01:31:32.393 I/AnebProbe(25624): ADAPTER_EVT type=content cls=android.view.View desc=null txt_len=0 pkg=com.deepseek.chat t_boot_ns=1207861424837900
09-06 01:31:32.393 I/AnebProbe(25624): ADAPTER_EVT type=content cls=android.view.View desc=null txt_len=0 pkg=com.deepseek.chat t_boot_ns=1207861424908733
09-06 01:31:32.393 I/AnebProbe(25624): ADAPTER_EVT type=content cls=android.view.View desc=null txt_len=0 pkg=com.deepseek.chat t_boot_ns=1207861424962379
09-06 01:31:32.393 I/AnebProbe(25624): ADAPTER_EVT type=content cls=android.view.View desc=null txt_len=0 pkg=com.deepseek.chat t_boot_ns=1207861425007171
09-06 01:31:32.393 I/AnebProbe(25624): ADAPTER_EVT type=content cls=android.view.View desc=null txt_len=0 pkg=com.deepseek.chat t_boot_ns=1207861425049358
09-06 01:31:32.393 I/AnebProbe(25624): ADAPTER_EVT type=content cls=android.view.View desc=null txt_len=0 pkg=com.deepseek.chat t_boot_ns=1207861425114983
09-06 01:31:32.393 I/AnebProbe(25624): ADAPTER_EVT type=content cls=android.view.View desc=null txt_len=0 pkg=com.deepseek.chat t_boot_ns=1207861425173838
09-06 01:31:32.394 I/AnebProbe(25624): ADAPTER_EVT type=content cls=android.view.View desc=null txt_len=0 pkg=com.deepseek.chat t_boot_ns=1207861425232692
09-06 01:31:32.394 I/AnebProbe(25624): ADAPTER_EVT type=content cls=android.view.View desc=null txt_len=0 pkg=com.deepseek.chat t_boot_ns=1207861425292067
09-06 01:31:32.394 I/AnebProbe(25624): ADAPTER_EVT type=content cls=androidx.compose.ui.viewinterop.ViewFactoryHolder desc=null txt_len=0 pkg=com.deepseek.chat t_boot_ns=1207861425361338
09-06 01:31:32.491 I/AnebProbe(25624): ADAPTER_EVT type=content cls=android.view.View desc=null txt_len=0 pkg=com.deepseek.chat t_boot_ns=1207861523015504
09-06 01:31:32.491 I/AnebProbe(25624): ADAPTER_EVT type=content cls=android.view.View desc=null txt_len=0 pkg=com.deepseek.chat t_boot_ns=1207861523182171
09-06 01:31:32.492 I/AnebProbe(25624): ADAPTER_EVT type=content cls=android.view.View desc=null txt_len=0 pkg=com.deepseek.chat t_boot_ns=1207861523237900
09-06 01:31:32.492 I/AnebProbe(25624): ADAPTER_EVT type=content cls=android.view.View desc=null txt_len=0 pkg=com.deepseek.chat t_boot_ns=1207861523302483
09-06 01:31:32.492 I/AnebProbe(25624): ADAPTER_EVT type=content cls=android.view.View desc=null txt_len=0 pkg=com.deepseek.chat t_boot_ns=1207861523362900
09-06 01:31:32.492 I/AnebProbe(25624): ADAPTER_EVT type=content cls=android.view.View desc=null txt_len=0 pkg=com.deepseek.chat t_boot_ns=1207861523405608
09-06 01:31:32.492 I/AnebProbe(25624): ADAPTER_EVT type=content cls=android.view.View desc=null txt_len=0 pkg=com.deepseek.chat t_boot_ns=1207861523462900
09-06 01:31:32.492 I/AnebProbe(25624): ADAPTER_EVT type=content cls=android.view.View desc=null txt_len=0 pkg=com.deepseek.chat t_boot_ns=1207861523513942
09-06 01:31:32.492 I/AnebProbe(25624): ADAPTER_EVT type=content cls=android.view.View desc=null txt_len=0 pkg=com.deepseek.chat t_boot_ns=1207861523574358
09-06 01:31:32.492 I/AnebProbe(25624): ADAPTER_EVT type=content cls=android.view.View desc=null txt_len=0 pkg=com.deepseek.chat t_boot_ns=1207861523625400
09-06 01:31:32.492 I/AnebProbe(25624): ADAPTER_EVT type=content cls=androidx.compose.ui.viewinterop.ViewFactoryHolder desc=null txt_len=0 pkg=com.deepseek.chat t_boot_ns=1207861523678004
09-06 01:31:32.593 I/AnebProbe(25624): ADAPTER_EVT type=content cls=android.view.View desc=null txt_len=0 pkg=com.deepseek.chat t_boot_ns=1207861624182692
09-06 01:31:32.694 I/AnebProbe(25624): ADAPTER_EVT type=content cls=android.view.View desc=null txt_len=0 pkg=com.deepseek.chat t_boot_ns=1207861725885817
09-06 01:31:32.797 I/AnebProbe(25624): ADAPTER_EVT type=content cls=android.view.View desc=null txt_len=0 pkg=com.deepseek.chat t_boot_ns=1207861828143629
09-06 01:31:32.902 I/AnebProbe(25624): ADAPTER_EVT type=content cls=android.view.View desc=null txt_len=0 pkg=com.deepseek.chat t_boot_ns=1207861933685296
09-06 01:31:33.004 I/AnebProbe(25624): ADAPTER_EVT type=content cls=android.view.View desc=null txt_len=0 pkg=com.deepseek.chat t_boot_ns=1207862035874358
09-06 01:31:33.005 I/AnebProbe(25624): ADAPTER_EVT type=content cls=android.view.View desc=null txt_len=0 pkg=com.deepseek.chat t_boot_ns=1207862036384254
09-06 01:31:33.005 I/AnebProbe(25624): ADAPTER_EVT type=content cls=android.view.View desc=null txt_len=0 pkg=com.deepseek.chat t_boot_ns=1207862036515504
09-06 01:31:33.005 I/AnebProbe(25624): ADAPTER_EVT type=content cls=android.view.View desc=null txt_len=0 pkg=com.deepseek.chat t_boot_ns=1207862036649358
09-06 01:31:33.005 I/AnebProbe(25624): ADAPTER_EVT type=content cls=android.view.View desc=null txt_len=0 pkg=com.deepseek.chat t_boot_ns=1207862036758733
09-06 01:31:33.005 I/AnebProbe(25624): ADAPTER_EVT type=content cls=android.view.View desc=null txt_len=0 pkg=com.deepseek.chat t_boot_ns=1207862036917587
09-06 01:31:33.005 I/AnebProbe(25624): ADAPTER_EVT type=content cls=android.view.View desc=null txt_len=0 pkg=com.deepseek.chat t_boot_ns=1207862037050400
09-06 01:31:33.104 I/AnebProbe(25624): ADAPTER_EVT type=content cls=android.view.View desc=null txt_len=0 pkg=com.deepseek.chat t_boot_ns=1207862135687379
09-06 01:31:33.104 I/AnebProbe(25624): ADAPTER_EVT type=content cls=android.view.View desc=null txt_len=0 pkg=com.deepseek.chat t_boot_ns=1207862136066546
09-06 01:31:33.105 I/AnebProbe(25624): ADAPTER_EVT type=content cls=android.view.View desc=null txt_len=0 pkg=com.deepseek.chat t_boot_ns=1207862136191546
09-06 01:31:33.105 I/AnebProbe(25624): ADAPTER_EVT type=content cls=android.view.View desc=null txt_len=0 pkg=com.deepseek.chat t_boot_ns=1207862136336337
09-06 01:31:33.206 I/AnebProbe(25624): ADAPTER_EVT type=content cls=android.view.View desc=null txt_len=0 pkg=com.deepseek.chat t_boot_ns=1207862236972275
09-06 01:31:33.206 I/AnebProbe(25624): ADAPTER_EVT type=content cls=android.view.View desc=null txt_len=0 pkg=com.deepseek.chat t_boot_ns=1207862237447275
09-06 01:31:33.206 I/AnebProbe(25624): ADAPTER_EVT type=content cls=android.view.View desc=null txt_len=0 pkg=com.deepseek.chat t_boot_ns=1207862237629567
09-06 01:31:33.206 I/AnebProbe(25624): ADAPTER_EVT type=content cls=android.view.View desc=null txt_len=0 pkg=com.deepseek.chat t_boot_ns=1207862238025400
09-06 01:31:33.310 I/AnebProbe(25624): ADAPTER_EVT type=content cls=android.view.View desc=null txt_len=0 pkg=com.deepseek.chat t_boot_ns=1207862341281650
09-06 01:31:33.310 I/AnebProbe(25624): ADAPTER_EVT type=content cls=android.view.View desc=null txt_len=0 pkg=com.deepseek.chat t_boot_ns=1207862342106129
09-06 01:31:33.311 I/AnebProbe(25624): ADAPTER_EVT type=content cls=android.view.View desc=null txt_len=0 pkg=com.deepseek.chat t_boot_ns=1207862342546754
09-06 01:31:33.311 I/AnebProbe(25624): ADAPTER_EVT type=content cls=android.view.View desc=null txt_len=0 pkg=com.deepseek.chat t_boot_ns=1207862342726442
09-06 01:31:33.410 I/AnebProbe(25624): ADAPTER_EVT type=content cls=android.view.View desc=null txt_len=0 pkg=com.deepseek.chat t_boot_ns=1207862441363421
09-06 01:31:33.412 I/AnebProbe(25624): ADAPTER_EVT type=content cls=android.view.View desc=null txt_len=0 pkg=com.deepseek.chat t_boot_ns=1207862442872275
09-06 01:31:33.412 I/AnebProbe(25624): ADAPTER_EVT type=content cls=android.view.View desc=null txt_len=0 pkg=com.deepseek.chat t_boot_ns=1207862443445712
09-06 01:31:33.412 I/AnebProbe(25624): ADAPTER_EVT type=content cls=android.view.View desc=null txt_len=0 pkg=com.deepseek.chat t_boot_ns=1207862443582692
09-06 01:31:33.412 I/AnebProbe(25624): ADAPTER_EVT type=content cls=android.view.View desc=null txt_len=0 pkg=com.deepseek.chat t_boot_ns=1207862443713942
09-06 01:31:33.515 I/AnebProbe(25624): ADAPTER_EVT type=content cls=android.view.View desc=null txt_len=0 pkg=com.deepseek.chat t_boot_ns=1207862546504567
09-06 01:31:33.518 I/AnebProbe(25624): ADAPTER_OBS pkg=com.deepseek.chat mode=deepseek events=1174 rule_matched=0 first_delta_ms=0 cadence_p50_ms=0.2 session_span_ms=317492.2 confidence=LOW/INCONCLUSIVE reason=throttle ttft_send_ms=null anchor_source=null ttft_cluster_ms=null ttft_density_ms=500.0
09-06 01:31:33.518 I/AnebProbe(25624): ADAPTER_EVT type=content cls=android.view.View desc=null txt_len=0 pkg=com.deepseek.chat t_boot_ns=1207862549821754
09-06 01:31:33.518 I/AnebProbe(25624): ADAPTER_EVT type=content cls=android.view.View desc=null txt_len=0 pkg=com.deepseek.chat t_boot_ns=1207862550084775
09-06 01:31:33.519 I/AnebProbe(25624): ADAPTER_EVT type=content cls=android.view.View desc=null txt_len=0 pkg=com.deepseek.chat t_boot_ns=1207862550258733
09-06 01:31:33.618 I/AnebProbe(25624): ADAPTER_EVT type=content cls=android.view.View desc=null txt_len=0 pkg=com.deepseek.chat t_boot_ns=1207862649104566
09-06 01:31:33.618 I/AnebProbe(25624): ADAPTER_EVT type=content cls=android.view.View desc=null txt_len=0 pkg=com.deepseek.chat t_boot_ns=1207862649839462
09-06 01:31:33.618 I/AnebProbe(25624): ADAPTER_EVT type=content cls=android.view.View desc=null txt_len=0 pkg=com.deepseek.chat t_boot_ns=1207862649973316
09-06 01:31:33.618 I/AnebProbe(25624): ADAPTER_EVT type=content cls=android.view.View desc=null txt_len=0 pkg=com.deepseek.chat t_boot_ns=1207862650120712
09-06 01:31:33.720 I/AnebProbe(25624): ADAPTER_EVT type=content cls=android.view.View desc=null txt_len=0 pkg=com.deepseek.chat t_boot_ns=1207862751732171
09-06 01:31:33.721 I/AnebProbe(25624): ADAPTER_EVT type=content cls=android.view.View desc=null txt_len=0 pkg=com.deepseek.chat t_boot_ns=1207862752713421
09-06 01:31:33.723 I/AnebProbe(25624): ADAPTER_EVT type=content cls=android.view.View desc=null txt_len=0 pkg=com.deepseek.chat t_boot_ns=1207862754616025
09-06 01:31:33.723 I/AnebProbe(25624): ADAPTER_EVT type=content cls=android.view.View desc=null txt_len=0 pkg=com.deepseek.chat t_boot_ns=1207862754880087
09-06 01:31:33.728 I/AnebProbe(25624): ADAPTER_EVT type=content cls=android.view.View desc=null txt_len=0 pkg=com.deepseek.chat t_boot_ns=1207862756692587
09-06 01:31:33.774 I/AnebProbe(25624): ADAPTER_EVT type=content cls=android.view.View desc=null txt_len=0 pkg=com.deepseek.chat t_boot_ns=1207862805695712
09-06 01:31:33.783 I/AnebProbe(25624): ADAPTER_EVT type=content cls=android.view.View desc=null txt_len=0 pkg=com.deepseek.chat t_boot_ns=1207862814905087
09-06 01:31:33.825 I/AnebProbe(25624): ADAPTER_EVT type=content cls=android.view.View desc=null txt_len=0 pkg=com.deepseek.chat t_boot_ns=1207862856208733
09-06 01:31:33.825 I/AnebProbe(25624): ADAPTER_EVT type=content cls=android.view.View desc=null txt_len=0 pkg=com.deepseek.chat t_boot_ns=1207862856969671
09-06 01:31:33.826 I/AnebProbe(25624): ADAPTER_EVT type=content cls=android.view.View desc=null txt_len=0 pkg=com.deepseek.chat t_boot_ns=1207862857314983
09-06 01:31:33.826 I/AnebProbe(25624): ADAPTER_EVT type=content cls=android.view.View desc=null txt_len=0 pkg=com.deepseek.chat t_boot_ns=1207862857466025
09-06 01:31:33.828 I/AnebProbe(25624): ADAPTER_EVT type=content cls=android.view.View desc=null txt_len=0 pkg=com.deepseek.chat t_boot_ns=1207862857584775
09-06 01:31:33.828 I/AnebProbe(25624): ADAPTER_EVT type=content cls=android.view.View desc=null txt_len=0 pkg=com.deepseek.chat t_boot_ns=1207862859812379
09-06 01:31:33.829 I/AnebProbe(25624): ADAPTER_EVT type=content cls=android.view.View desc=null txt_len=0 pkg=com.deepseek.chat t_boot_ns=1207862859931650
09-06 01:31:33.829 I/AnebProbe(25624): ADAPTER_EVT type=content cls=android.view.View desc=null txt_len=0 pkg=com.deepseek.chat t_boot_ns=1207862860438421
09-06 01:31:33.829 I/AnebProbe(25624): ADAPTER_EVT type=content cls=android.view.View desc=null txt_len=0 pkg=com.deepseek.chat t_boot_ns=1207862860713421
09-06 01:31:33.829 I/AnebProbe(25624): ADAPTER_EVT type=content cls=android.view.View desc=null txt_len=0 pkg=com.deepseek.chat t_boot_ns=1207862860912900
09-06 01:31:33.829 I/AnebProbe(25624): ADAPTER_EVT type=content cls=android.view.View desc=null txt_len=0 pkg=com.deepseek.chat t_boot_ns=1207862861057691
09-06 01:31:33.830 I/AnebProbe(25624): ADAPTER_EVT type=content cls=android.view.View desc=null txt_len=0 pkg=com.deepseek.chat t_boot_ns=1207862861572275
09-06 01:31:33.830 I/AnebProbe(25624): ADAPTER_EVT type=content cls=android.view.View desc=null txt_len=0 pkg=com.deepseek.chat t_boot_ns=1207862861725400
09-06 01:31:33.830 I/AnebProbe(25624): ADAPTER_EVT type=content cls=android.view.View desc=null txt_len=0 pkg=com.deepseek.chat t_boot_ns=1207862862085816
09-06 01:31:33.831 I/AnebProbe(25624): ADAPTER_EVT type=content cls=android.view.View desc=null txt_len=0 pkg=com.deepseek.chat t_boot_ns=1207862862263421
09-06 01:31:33.831 I/AnebProbe(25624): ADAPTER_EVT type=content cls=android.view.View desc=null txt_len=0 pkg=com.deepseek.chat t_boot_ns=1207862862386337
09-06 01:31:33.831 I/AnebProbe(25624): ADAPTER_EVT type=content cls=android.view.View desc=null txt_len=0 pkg=com.deepseek.chat t_boot_ns=1207862862526962
09-06 01:31:33.831 I/AnebProbe(25624): ADAPTER_EVT type=content cls=android.view.View desc=null txt_len=0 pkg=com.deepseek.chat t_boot_ns=1207862862680087
09-06 01:31:33.831 I/AnebProbe(25624): ADAPTER_EVT type=content cls=android.view.View desc=null txt_len=0 pkg=com.deepseek.chat t_boot_ns=1207862862815504
09-06 01:31:33.832 I/AnebProbe(25624): ADAPTER_EVT type=content cls=android.view.View desc=null txt_len=0 pkg=com.deepseek.chat t_boot_ns=1207862863322796
09-06 01:31:33.932 I/AnebProbe(25624): ADAPTER_EVT type=content cls=android.view.View desc=null txt_len=0 pkg=com.deepseek.chat t_boot_ns=1207862963365504
09-06 01:31:33.932 I/AnebProbe(25624): ADAPTER_EVT type=content cls=android.view.View desc=null txt_len=0 pkg=com.deepseek.chat t_boot_ns=1207862963808733
09-06 01:31:33.932 I/AnebProbe(25624): ADAPTER_EVT type=content cls=android.view.View desc=null txt_len=0 pkg=com.deepseek.chat t_boot_ns=1207862963958212
09-06 01:31:34.032 I/AnebProbe(25624): ADAPTER_EVT type=content cls=android.view.View desc=null txt_len=0 pkg=com.deepseek.chat t_boot_ns=1207863063782171
09-06 01:32:16.969 I/AnebE4MARK( 7952): E4MARK kind=answer_complete n=5
09-06 01:32:37.414 I/AnebProbe(25624): ADAPTER_EVT type=content cls=android.view.View desc=null txt_len=0 pkg=com.deepseek.chat t_boot_ns=1207926445556119
09-06 01:32:37.415 I/AnebProbe(25624): ADAPTER_OBS pkg=com.deepseek.chat mode=deepseek events=1213 rule_matched=0 first_delta_ms=0 cadence_p50_ms=0.2 session_span_ms=381391.3 confidence=LOW/INCONCLUSIVE reason=throttle ttft_send_ms=null anchor_source=null ttft_cluster_ms=null ttft_density_ms=500.0
09-06 01:32:37.415 I/AnebProbe(25624): ADAPTER_EVT type=content cls=android.view.View desc=null txt_len=0 pkg=com.deepseek.chat t_boot_ns=1207926446536328
09-06 01:32:37.415 I/AnebProbe(25624): ADAPTER_EVT type=content cls=android.view.View desc=null txt_len=0 pkg=com.deepseek.chat t_boot_ns=1207926446682161
09-06 01:32:37.415 I/AnebProbe(25624): ADAPTER_EVT type=content cls=android.view.View desc=null txt_len=0 pkg=com.deepseek.chat t_boot_ns=1207926446757161
09-06 01:32:37.415 I/AnebProbe(25624): ADAPTER_EVT type=content cls=android.view.View desc=null txt_len=0 pkg=com.deepseek.chat t_boot_ns=1207926446807682
09-06 01:32:37.415 I/AnebProbe(25624): ADAPTER_EVT type=content cls=android.view.View desc=null txt_len=0 pkg=com.deepseek.chat t_boot_ns=1207926446846744
09-06 01:32:37.415 I/AnebProbe(25624): ADAPTER_EVT type=content cls=android.view.View desc=null txt_len=0 pkg=com.deepseek.chat t_boot_ns=1207926446895703
09-06 01:32:37.415 I/AnebProbe(25624): ADAPTER_EVT type=content cls=android.view.View desc=null txt_len=0 pkg=com.deepseek.chat t_boot_ns=1207926446939453
09-06 01:32:37.415 I/AnebProbe(25624): ADAPTER_EVT type=content cls=android.view.View desc=null txt_len=0 pkg=com.deepseek.chat t_boot_ns=1207926446980078
09-06 01:32:37.415 I/AnebProbe(25624): ADAPTER_EVT type=content cls=android.view.View desc=null txt_len=0 pkg=com.deepseek.chat t_boot_ns=1207926447025911
09-06 01:32:37.415 I/AnebProbe(25624): ADAPTER_EVT type=content cls=android.view.View desc=null txt_len=0 pkg=com.deepseek.chat t_boot_ns=1207926447061848
09-06 01:32:37.415 I/AnebProbe(25624): ADAPTER_EVT type=content cls=android.view.View desc=null txt_len=0 pkg=com.deepseek.chat t_boot_ns=1207926447117578
09-06 01:32:39.094 I/AnebProbe(25624): ADAPTER_EVT type=content cls=android.view.View desc=null txt_len=0 pkg=com.deepseek.chat t_boot_ns=1207928125712890
09-06 01:32:39.094 I/AnebProbe(25624): ADAPTER_EVT type=content cls=android.view.View desc=null txt_len=0 pkg=com.deepseek.chat t_boot_ns=1207928126048307
09-06 01:32:39.095 I/AnebProbe(25624): ADAPTER_EVT type=content cls=android.view.View desc=null txt_len=0 pkg=com.deepseek.chat t_boot_ns=1207928126175390
09-06 01:32:39.095 I/AnebProbe(25624): ADAPTER_EVT type=content cls=android.view.View desc=null txt_len=0 pkg=com.deepseek.chat t_boot_ns=1207928126302473
09-06 01:32:39.197 I/AnebProbe(25624): ADAPTER_EVT type=content cls=android.view.View desc=null txt_len=0 pkg=com.deepseek.chat t_boot_ns=1207928227827994
09-06 01:32:39.300 I/AnebProbe(25624): ADAPTER_EVT type=content cls=android.view.View desc=null txt_len=0 pkg=com.deepseek.chat t_boot_ns=1207928331358202
09-06 01:32:39.300 I/AnebProbe(25624): ADAPTER_EVT type=content cls=android.view.View desc=null txt_len=0 pkg=com.deepseek.chat t_boot_ns=1207928331917577
09-06 01:32:41.106 I/AnebProbe(25624): ADAPTER_EVT type=content cls=android.view.View desc=null txt_len=0 pkg=com.deepseek.chat t_boot_ns=1207930137806119
09-06 01:32:41.210 I/AnebProbe(25624): ADAPTER_EVT type=content cls=android.view.View desc=null txt_len=0 pkg=com.deepseek.chat t_boot_ns=1207930240988410
09-06 01:32:41.210 I/AnebProbe(25624): ADAPTER_EVT type=content cls=android.view.View desc=null txt_len=0 pkg=com.deepseek.chat t_boot_ns=1207930241502994
09-06 01:32:42.030 I/AnebProbe(25624): ADAPTER_EVT type=content cls=android.view.View desc=null txt_len=0 pkg=com.deepseek.chat t_boot_ns=1207931061434764
09-06 01:32:42.030 I/AnebProbe(25624): ADAPTER_EVT type=content cls=android.view.ViewGroup desc=null txt_len=0 pkg=com.deepseek.chat t_boot_ns=1207931061749869
09-06 01:32:42.171 I/AnebProbe(25624): ADAPTER_EVT type=content cls=androidx.compose.ui.viewinterop.ViewFactoryHolder desc=null txt_len=0 pkg=com.deepseek.chat t_boot_ns=1207931201882681
09-06 01:32:42.230 I/AnebProbe(25624): ADAPTER_EVT type=content cls=android.view.View desc=null txt_len=0 pkg=com.deepseek.chat t_boot_ns=1207931261203514
09-06 01:32:42.230 I/AnebProbe(25624): ADAPTER_EVT type=content cls=android.view.View desc=null txt_len=0 pkg=com.deepseek.chat t_boot_ns=1207931261648827
09-06 01:32:42.230 I/AnebProbe(25624): ADAPTER_EVT type=content cls=android.view.View desc=null txt_len=0 pkg=com.deepseek.chat t_boot_ns=1207931261907681
09-06 01:32:42.230 I/AnebProbe(25624): ADAPTER_EVT type=content cls=android.view.View desc=null txt_len=0 pkg=com.deepseek.chat t_boot_ns=1207931262070181
09-06 01:32:42.231 I/AnebProbe(25624): ADAPTER_EVT type=content cls=android.view.View desc=null txt_len=0 pkg=com.deepseek.chat t_boot_ns=1207931262196744
09-06 01:32:42.284 I/AnebProbe(25624): ADAPTER_EVT type=content cls=androidx.compose.ui.viewinterop.ViewFactoryHolder desc=null txt_len=0 pkg=com.deepseek.chat t_boot_ns=1207931315725910
09-06 01:32:42.338 I/AnebProbe(25624): ADAPTER_EVT type=content cls=android.view.View desc=null txt_len=0 pkg=com.deepseek.chat t_boot_ns=1207931369017577
09-06 01:32:42.338 I/AnebProbe(25624): ADAPTER_EVT type=content cls=android.view.View desc=null txt_len=0 pkg=com.deepseek.chat t_boot_ns=1207931369789452
09-06 01:32:42.338 I/AnebProbe(25624): ADAPTER_EVT type=content cls=android.view.View desc=null txt_len=0 pkg=com.deepseek.chat t_boot_ns=1207931370051952
09-06 01:32:42.339 I/AnebProbe(25624): ADAPTER_EVT type=content cls=android.view.View desc=null txt_len=0 pkg=com.deepseek.chat t_boot_ns=1207931370261848
09-06 01:32:42.339 I/AnebProbe(25624): ADAPTER_EVT type=content cls=android.view.View desc=null txt_len=0 pkg=com.deepseek.chat t_boot_ns=1207931370441535
09-06 01:32:42.402 I/AnebProbe(25624): ADAPTER_EVT type=content cls=androidx.compose.ui.viewinterop.ViewFactoryHolder desc=null txt_len=0 pkg=com.deepseek.chat t_boot_ns=1207931433469139
09-06 01:32:42.438 I/AnebProbe(25624): ADAPTER_EVT type=content cls=android.view.View desc=null txt_len=0 pkg=com.deepseek.chat t_boot_ns=1207931469437368
09-06 01:32:42.438 I/AnebProbe(25624): ADAPTER_OBS pkg=com.deepseek.chat mode=deepseek events=1250 rule_matched=0 first_delta_ms=0 cadence_p50_ms=0.2 session_span_ms=386415.2 confidence=LOW/INCONCLUSIVE reason=throttle ttft_send_ms=null anchor_source=null ttft_cluster_ms=null ttft_density_ms=500.0
09-06 01:32:42.439 I/AnebProbe(25624): ADAPTER_EVT type=content cls=android.view.View desc=null txt_len=0 pkg=com.deepseek.chat t_boot_ns=1207931470258723
09-06 01:32:42.439 I/AnebProbe(25624): ADAPTER_EVT type=content cls=android.view.View desc=null txt_len=0 pkg=com.deepseek.chat t_boot_ns=1207931470377993
09-06 01:32:42.439 I/AnebProbe(25624): ADAPTER_EVT type=content cls=android.view.View desc=null txt_len=0 pkg=com.deepseek.chat t_boot_ns=1207931470442577
09-06 01:32:42.439 I/AnebProbe(25624): ADAPTER_EVT type=content cls=android.view.View desc=null txt_len=0 pkg=com.deepseek.chat t_boot_ns=1207931470512889
09-06 01:32:42.516 I/AnebProbe(25624): ADAPTER_EVT type=content cls=androidx.compose.ui.viewinterop.ViewFactoryHolder desc=null txt_len=0 pkg=com.deepseek.chat t_boot_ns=1207931547383202
09-06 01:32:42.540 I/AnebProbe(25624): ADAPTER_EVT type=content cls=android.view.View desc=null txt_len=0 pkg=com.deepseek.chat t_boot_ns=1207931571694660
09-06 01:32:42.541 I/AnebProbe(25624): ADAPTER_EVT type=content cls=android.view.View desc=null txt_len=0 pkg=com.deepseek.chat t_boot_ns=1207931572136327
09-06 01:32:42.541 I/AnebProbe(25624): ADAPTER_EVT type=content cls=android.view.View desc=null txt_len=0 pkg=com.deepseek.chat t_boot_ns=1207931572302473
09-06 01:32:42.541 I/AnebProbe(25624): ADAPTER_EVT type=content cls=android.view.View desc=null txt_len=0 pkg=com.deepseek.chat t_boot_ns=1207931572466014
09-06 01:32:42.541 I/AnebProbe(25624): ADAPTER_EVT type=content cls=android.view.View desc=null txt_len=0 pkg=com.deepseek.chat t_boot_ns=1207931572637368
09-06 01:32:42.631 I/AnebProbe(25624): ADAPTER_EVT type=content cls=androidx.compose.ui.viewinterop.ViewFactoryHolder desc=null txt_len=0 pkg=com.deepseek.chat t_boot_ns=1207931662603514
09-06 01:32:42.641 I/AnebProbe(25624): ADAPTER_EVT type=content cls=android.view.View desc=null txt_len=0 pkg=com.deepseek.chat t_boot_ns=1207931672207681
09-06 01:32:42.641 I/AnebProbe(25624): ADAPTER_EVT type=content cls=android.view.View desc=null txt_len=0 pkg=com.deepseek.chat t_boot_ns=1207931672471743
09-06 01:32:42.641 I/AnebProbe(25624): ADAPTER_EVT type=content cls=android.view.View desc=null txt_len=0 pkg=com.deepseek.chat t_boot_ns=1207931672558202
09-06 01:32:42.641 I/AnebProbe(25624): ADAPTER_EVT type=content cls=android.view.View desc=null txt_len=0 pkg=com.deepseek.chat t_boot_ns=1207931672670702
09-06 01:32:42.641 I/AnebProbe(25624): ADAPTER_EVT type=content cls=android.view.View desc=null txt_len=0 pkg=com.deepseek.chat t_boot_ns=1207931672769660
09-06 01:32:43.414 I/AnebProbe(25624): ADAPTER_EVT type=content cls=android.widget.EditText desc=null txt_len=1 pkg=com.deepseek.chat t_boot_ns=1207932445450389
09-06 01:32:43.431 I/AnebProbe(25624): ADAPTER_EVT type=content cls=android.widget.EditText desc=null txt_len=2 pkg=com.deepseek.chat t_boot_ns=1207932462125910
09-06 01:32:43.454 I/AnebProbe(25624): ADAPTER_EVT type=content cls=android.widget.EditText desc=null txt_len=3 pkg=com.deepseek.chat t_boot_ns=1207932485448827
09-06 01:32:43.469 I/AnebProbe(25624): ADAPTER_EVT type=content cls=android.widget.EditText desc=null txt_len=4 pkg=com.deepseek.chat t_boot_ns=1207932499966535
09-06 01:32:43.482 I/AnebProbe(25624): ADAPTER_EVT type=content cls=android.widget.EditText desc=null txt_len=5 pkg=com.deepseek.chat t_boot_ns=1207932513054556
09-06 01:32:43.491 I/AnebProbe(25624): ADAPTER_EVT type=content cls=android.widget.EditText desc=null txt_len=6 pkg=com.deepseek.chat t_boot_ns=1207932522898306
09-06 01:32:43.500 I/AnebProbe(25624): ADAPTER_EVT type=content cls=android.widget.EditText desc=null txt_len=7 pkg=com.deepseek.chat t_boot_ns=1207932531366014
09-06 01:32:43.507 I/AnebProbe(25624): ADAPTER_EVT type=content cls=android.widget.EditText desc=null txt_len=8 pkg=com.deepseek.chat t_boot_ns=1207932538711327
09-06 01:32:43.518 I/AnebProbe(25624): ADAPTER_EVT type=content cls=android.widget.EditText desc=null txt_len=9 pkg=com.deepseek.chat t_boot_ns=1207932549780077
09-06 01:32:43.533 I/AnebProbe(25624): ADAPTER_EVT type=content cls=android.widget.EditText desc=null txt_len=10 pkg=com.deepseek.chat t_boot_ns=1207932564617056
09-06 01:32:43.547 I/AnebProbe(25624): ADAPTER_EVT type=content cls=android.widget.EditText desc=null txt_len=11 pkg=com.deepseek.chat t_boot_ns=1207932578420181
09-06 01:32:43.548 I/AnebProbe(25624): ADAPTER_EVT type=content cls=android.view.View desc=null txt_len=0 pkg=com.deepseek.chat t_boot_ns=1207932579500389
09-06 01:32:43.548 I/AnebProbe(25624): ADAPTER_EVT type=content cls=android.view.View desc=null txt_len=0 pkg=com.deepseek.chat t_boot_ns=1207932579716014
09-06 01:32:43.548 I/AnebProbe(25624): ADAPTER_EVT type=content cls=android.view.View desc=null txt_len=0 pkg=com.deepseek.chat t_boot_ns=1207932579851431
09-06 01:32:43.555 I/AnebProbe(25624): ADAPTER_EVT type=content cls=android.widget.EditText desc=null txt_len=12 pkg=com.deepseek.chat t_boot_ns=1207932586063410
09-06 01:32:43.566 I/AnebProbe(25624): ADAPTER_EVT type=content cls=android.widget.EditText desc=null txt_len=13 pkg=com.deepseek.chat t_boot_ns=1207932597683722
09-06 01:32:43.574 I/AnebProbe(25624): ADAPTER_EVT type=content cls=android.widget.EditText desc=null txt_len=14 pkg=com.deepseek.chat t_boot_ns=1207932604889972
09-06 01:32:43.584 I/AnebProbe(25624): ADAPTER_EVT type=content cls=android.widget.EditText desc=null txt_len=15 pkg=com.deepseek.chat t_boot_ns=1207932614999868
09-06 01:32:43.598 I/AnebProbe(25624): ADAPTER_EVT type=content cls=android.widget.EditText desc=null txt_len=16 pkg=com.deepseek.chat t_boot_ns=1207932629342056
09-06 01:32:43.604 I/AnebProbe(25624): ADAPTER_EVT type=content cls=android.widget.EditText desc=null txt_len=17 pkg=com.deepseek.chat t_boot_ns=1207932635074868
09-06 01:32:43.615 I/AnebProbe(25624): ADAPTER_EVT type=content cls=android.widget.EditText desc=null txt_len=18 pkg=com.deepseek.chat t_boot_ns=1207932646199868
09-06 01:32:43.625 I/AnebProbe(25624): ADAPTER_EVT type=content cls=android.widget.EditText desc=null txt_len=19 pkg=com.deepseek.chat t_boot_ns=1207932655793618
09-06 01:32:43.634 I/AnebProbe(25624): ADAPTER_EVT type=content cls=android.widget.EditText desc=null txt_len=20 pkg=com.deepseek.chat t_boot_ns=1207932665055597
09-06 01:32:43.647 I/AnebProbe(25624): ADAPTER_EVT type=content cls=android.widget.EditText desc=null txt_len=21 pkg=com.deepseek.chat t_boot_ns=1207932678235806
09-06 01:32:43.667 I/AnebProbe(25624): ADAPTER_EVT type=content cls=android.widget.EditText desc=null txt_len=22 pkg=com.deepseek.chat t_boot_ns=1207932698872785
09-06 01:32:43.680 I/AnebProbe(25624): ADAPTER_EVT type=content cls=android.widget.EditText desc=null txt_len=23 pkg=com.deepseek.chat t_boot_ns=1207932711530077
09-06 01:32:43.687 I/AnebProbe(25624): ADAPTER_EVT type=content cls=android.widget.EditText desc=null txt_len=24 pkg=com.deepseek.chat t_boot_ns=1207932718382160
09-06 01:32:43.699 I/AnebProbe(25624): ADAPTER_EVT type=content cls=android.widget.EditText desc=null txt_len=25 pkg=com.deepseek.chat t_boot_ns=1207932730539972
09-06 01:32:43.706 I/AnebProbe(25624): ADAPTER_EVT type=content cls=android.widget.EditText desc=null txt_len=26 pkg=com.deepseek.chat t_boot_ns=1207932737389452
09-06 01:32:45.807 I/AnebE4MARK( 8306): E4MARK kind=turn_start n=6
09-06 01:32:45.906 I/AnebProbe(25624): ADAPTER_EVT type=content cls=android.widget.EditText desc=null txt_len=0 pkg=com.deepseek.chat t_boot_ns=1207934936460285
09-06 01:32:45.940 I/AnebProbe(25624): ADAPTER_EVT type=content cls=android.view.View desc=null txt_len=0 pkg=com.deepseek.chat t_boot_ns=1207934971264451
09-06 01:32:45.940 I/AnebProbe(25624): ADAPTER_EVT type=content cls=android.view.View desc=null txt_len=0 pkg=com.deepseek.chat t_boot_ns=1207934971462889
09-06 01:32:45.940 I/AnebProbe(25624): ADAPTER_EVT type=content cls=android.view.View desc=null txt_len=0 pkg=com.deepseek.chat t_boot_ns=1207934971560805
09-06 01:32:45.942 I/AnebProbe(25624): ADAPTER_EVT type=content cls=android.view.View desc=null txt_len=0 pkg=com.deepseek.chat t_boot_ns=1207934973455597
09-06 01:32:45.973 I/AnebProbe(25624): ADAPTER_EVT type=content cls=android.view.View desc=null txt_len=0 pkg=com.deepseek.chat t_boot_ns=1207935004579555
09-06 01:32:46.012 I/AnebProbe(25624): ADAPTER_EVT type=content cls=android.view.ViewGroup desc=null txt_len=0 pkg=com.deepseek.chat t_boot_ns=1207935043811847
09-06 01:32:46.031 I/AnebProbe(25624): ADAPTER_EVT type=content cls=android.view.View desc=null txt_len=0 pkg=com.deepseek.chat t_boot_ns=1207935062647264
09-06 01:32:46.031 I/AnebProbe(25624): ADAPTER_EVT type=content cls=android.view.View desc=null txt_len=0 pkg=com.deepseek.chat t_boot_ns=1207935062855597
09-06 01:32:46.031 I/AnebProbe(25624): ADAPTER_EVT type=content cls=android.view.View desc=null txt_len=0 pkg=com.deepseek.chat t_boot_ns=1207935062938410
09-06 01:32:46.033 I/AnebProbe(25624): ADAPTER_EVT type=content cls=android.view.View desc=null txt_len=0 pkg=com.deepseek.chat t_boot_ns=1207935063362368
09-06 01:32:46.033 I/AnebProbe(25624): ADAPTER_EVT type=content cls=android.view.View desc=null txt_len=0 pkg=com.deepseek.chat t_boot_ns=1207935064916014
09-06 01:32:46.033 I/AnebProbe(25624): ADAPTER_EVT type=content cls=android.view.View desc=null txt_len=0 pkg=com.deepseek.chat t_boot_ns=1207935065017055
09-06 01:32:46.033 I/AnebProbe(25624): ADAPTER_EVT type=content cls=android.view.View desc=null txt_len=0 pkg=com.deepseek.chat t_boot_ns=1207935065085285
09-06 01:32:46.033 I/AnebProbe(25624): ADAPTER_EVT type=content cls=android.view.View desc=null txt_len=0 pkg=com.deepseek.chat t_boot_ns=1207935065156639
09-06 01:32:46.034 I/AnebProbe(25624): ADAPTER_EVT type=content cls=android.view.View desc=null txt_len=0 pkg=com.deepseek.chat t_boot_ns=1207935065217055
09-06 01:32:46.034 I/AnebProbe(25624): ADAPTER_EVT type=content cls=android.view.View desc=null txt_len=0 pkg=com.deepseek.chat t_boot_ns=1207935065276430
09-06 01:32:46.034 I/AnebProbe(25624): ADAPTER_EVT type=content cls=android.view.View desc=null txt_len=0 pkg=com.deepseek.chat t_boot_ns=1207935065328514
09-06 01:32:46.034 I/AnebProbe(25624): ADAPTER_EVT type=content cls=android.view.View desc=null txt_len=0 pkg=com.deepseek.chat t_boot_ns=1207935065381118
09-06 01:32:46.034 I/AnebProbe(25624): ADAPTER_EVT type=content cls=android.view.View desc=null txt_len=0 pkg=com.deepseek.chat t_boot_ns=1207935065433722
09-06 01:32:46.034 I/AnebProbe(25624): ADAPTER_EVT type=content cls=android.view.View desc=null txt_len=0 pkg=com.deepseek.chat t_boot_ns=1207935065481118
09-06 01:32:46.034 I/AnebProbe(25624): ADAPTER_EVT type=content cls=android.view.View desc=null txt_len=0 pkg=com.deepseek.chat t_boot_ns=1207935065526430
09-06 01:32:46.034 I/AnebProbe(25624): ADAPTER_EVT type=content cls=android.view.View desc=null txt_len=0 pkg=com.deepseek.chat t_boot_ns=1207935065570701
09-06 01:32:46.034 I/AnebProbe(25624): ADAPTER_EVT type=content cls=android.view.View desc=null txt_len=0 pkg=com.deepseek.chat t_boot_ns=1207935065622785
09-06 01:32:46.034 I/AnebProbe(25624): ADAPTER_EVT type=content cls=android.view.View desc=null txt_len=0 pkg=com.deepseek.chat t_boot_ns=1207935065670180
09-06 01:32:46.034 I/AnebProbe(25624): ADAPTER_EVT type=content cls=android.view.View desc=null txt_len=0 pkg=com.deepseek.chat t_boot_ns=1207935065720180
09-06 01:32:46.034 I/AnebProbe(25624): ADAPTER_EVT type=content cls=android.view.View desc=null txt_len=0 pkg=com.deepseek.chat t_boot_ns=1207935065761847
09-06 01:32:46.034 I/AnebProbe(25624): ADAPTER_EVT type=content cls=android.view.View desc=null txt_len=0 pkg=com.deepseek.chat t_boot_ns=1207935065817055
09-06 01:32:46.034 I/AnebProbe(25624): ADAPTER_EVT type=content cls=android.view.View desc=null txt_len=0 pkg=com.deepseek.chat t_boot_ns=1207935065871743
09-06 01:32:46.034 I/AnebProbe(25624): ADAPTER_EVT type=content cls=android.view.View desc=null txt_len=0 pkg=com.deepseek.chat t_boot_ns=1207935065919139
09-06 01:32:46.034 I/AnebProbe(25624): ADAPTER_EVT type=content cls=android.view.View desc=null txt_len=0 pkg=com.deepseek.chat t_boot_ns=1207935065966014
09-06 01:32:46.034 I/AnebProbe(25624): ADAPTER_EVT type=content cls=android.view.View desc=null txt_len=0 pkg=com.deepseek.chat t_boot_ns=1207935066016535
09-06 01:32:46.034 I/AnebProbe(25624): ADAPTER_EVT type=content cls=android.view.View desc=null txt_len=0 pkg=com.deepseek.chat t_boot_ns=1207935066069660
09-06 01:32:46.034 I/AnebProbe(25624): ADAPTER_EVT type=content cls=android.view.View desc=null txt_len=0 pkg=com.deepseek.chat t_boot_ns=1207935066118097
09-06 01:32:46.034 I/AnebProbe(25624): ADAPTER_EVT type=content cls=android.view.View desc=null txt_len=0 pkg=com.deepseek.chat t_boot_ns=1207935066165493
09-06 01:32:46.035 I/AnebProbe(25624): ADAPTER_EVT type=content cls=android.view.View desc=null txt_len=0 pkg=com.deepseek.chat t_boot_ns=1207935066218097
09-06 01:32:46.035 I/AnebProbe(25624): ADAPTER_EVT type=content cls=android.view.View desc=null txt_len=0 pkg=com.deepseek.chat t_boot_ns=1207935066270180
09-06 01:32:46.035 I/AnebProbe(25624): ADAPTER_EVT type=content cls=android.view.View desc=null txt_len=0 pkg=com.deepseek.chat t_boot_ns=1207935066316535
09-06 01:32:46.035 I/AnebProbe(25624): ADAPTER_EVT type=content cls=androidx.compose.ui.viewinterop.ViewFactoryHolder desc=null txt_len=0 pkg=com.deepseek.chat t_boot_ns=1207935066372785
09-06 01:32:46.035 I/AnebProbe(25624): ADAPTER_EVT type=content cls=android.view.View desc=null txt_len=0 pkg=com.deepseek.chat t_boot_ns=1207935066421743
09-06 01:32:46.035 I/AnebProbe(25624): ADAPTER_EVT type=content cls=android.view.View desc=null txt_len=0 pkg=com.deepseek.chat t_boot_ns=1207935066463930
09-06 01:32:46.035 I/AnebProbe(25624): ADAPTER_EVT type=content cls=android.view.View desc=null txt_len=0 pkg=com.deepseek.chat t_boot_ns=1207935066514451
09-06 01:32:46.035 I/AnebProbe(25624): ADAPTER_EVT type=content cls=android.view.View desc=null txt_len=0 pkg=com.deepseek.chat t_boot_ns=1207935066575910
09-06 01:32:46.136 I/AnebProbe(25624): ADAPTER_EVT type=content cls=android.view.View desc=null txt_len=0 pkg=com.deepseek.chat t_boot_ns=1207935167668097
09-06 01:32:46.136 I/AnebProbe(25624): ADAPTER_EVT type=content cls=android.view.View desc=null txt_len=0 pkg=com.deepseek.chat t_boot_ns=1207935167952472
09-06 01:32:46.137 I/AnebProbe(25624): ADAPTER_EVT type=content cls=android.view.View desc=null txt_len=0 pkg=com.deepseek.chat t_boot_ns=1207935168090493
09-06 01:32:46.137 I/AnebProbe(25624): ADAPTER_EVT type=content cls=android.view.View desc=null txt_len=0 pkg=com.deepseek.chat t_boot_ns=1207935168320180
09-06 01:32:46.137 I/AnebProbe(25624): ADAPTER_EVT type=content cls=android.view.View desc=null txt_len=0 pkg=com.deepseek.chat t_boot_ns=1207935168645701
09-06 01:32:46.137 I/AnebProbe(25624): ADAPTER_EVT type=content cls=android.view.View desc=null txt_len=0 pkg=com.deepseek.chat t_boot_ns=1207935168736847
09-06 01:32:46.137 I/AnebProbe(25624): ADAPTER_EVT type=content cls=android.view.View desc=null txt_len=0 pkg=com.deepseek.chat t_boot_ns=1207935168981118
09-06 01:32:46.137 I/AnebProbe(25624): ADAPTER_EVT type=content cls=android.view.View desc=null txt_len=0 pkg=com.deepseek.chat t_boot_ns=1207935169079555
09-06 01:32:46.137 I/AnebProbe(25624): ADAPTER_EVT type=content cls=android.view.View desc=null txt_len=0 pkg=com.deepseek.chat t_boot_ns=1207935169160805
09-06 01:32:46.138 I/AnebProbe(25624): ADAPTER_EVT type=content cls=android.view.View desc=null txt_len=0 pkg=com.deepseek.chat t_boot_ns=1207935169243097
09-06 01:32:46.138 I/AnebProbe(25624): ADAPTER_EVT type=content cls=android.view.View desc=null txt_len=0 pkg=com.deepseek.chat t_boot_ns=1207935169305597
09-06 01:32:46.138 I/AnebProbe(25624): ADAPTER_EVT type=content cls=android.view.View desc=null txt_len=0 pkg=com.deepseek.chat t_boot_ns=1207935169398826
09-06 01:32:46.138 I/AnebProbe(25624): ADAPTER_EVT type=content cls=android.view.View desc=null txt_len=0 pkg=com.deepseek.chat t_boot_ns=1207935169462889
09-06 01:32:46.138 I/AnebProbe(25624): ADAPTER_EVT type=content cls=android.view.View desc=null txt_len=0 pkg=com.deepseek.chat t_boot_ns=1207935170015493
09-06 01:32:46.138 I/AnebProbe(25624): ADAPTER_EVT type=content cls=android.view.View desc=null txt_len=0 pkg=com.deepseek.chat t_boot_ns=1207935170124347
09-06 01:32:46.139 I/AnebProbe(25624): ADAPTER_EVT type=content cls=android.view.View desc=null txt_len=0 pkg=com.deepseek.chat t_boot_ns=1207935170219139
09-06 01:32:46.139 I/AnebProbe(25624): ADAPTER_EVT type=content cls=android.view.View desc=null txt_len=0 pkg=com.deepseek.chat t_boot_ns=1207935170295701
09-06 01:32:46.139 I/AnebProbe(25624): ADAPTER_EVT type=content cls=androidx.compose.ui.viewinterop.ViewFactoryHolder desc=null txt_len=0 pkg=com.deepseek.chat t_boot_ns=1207935170381118
09-06 01:32:46.139 I/AnebProbe(25624): ADAPTER_EVT type=content cls=android.view.View desc=null txt_len=0 pkg=com.deepseek.chat t_boot_ns=1207935170464972
09-06 01:32:46.139 I/AnebProbe(25624): ADAPTER_EVT type=content cls=android.view.View desc=null txt_len=0 pkg=com.deepseek.chat t_boot_ns=1207935170545701
09-06 01:32:46.139 I/AnebProbe(25624): ADAPTER_EVT type=content cls=android.view.View desc=null txt_len=0 pkg=com.deepseek.chat t_boot_ns=1207935170630597
09-06 01:32:46.234 I/AnebProbe(25624): ADAPTER_EVT type=content cls=android.view.View desc=null txt_len=0 pkg=com.deepseek.chat t_boot_ns=1207935265364451
09-06 01:32:46.235 I/AnebProbe(25624): ADAPTER_EVT type=content cls=android.view.View desc=null txt_len=0 pkg=com.deepseek.chat t_boot_ns=1207935266142055
09-06 01:32:46.235 I/AnebProbe(25624): ADAPTER_EVT type=content cls=android.view.View desc=null txt_len=0 pkg=com.deepseek.chat t_boot_ns=1207935266833201
09-06 01:32:46.236 I/AnebProbe(25624): ADAPTER_EVT type=content cls=android.view.View desc=null txt_len=0 pkg=com.deepseek.chat t_boot_ns=1207935267455597
09-06 01:32:46.236 I/AnebProbe(25624): ADAPTER_EVT type=content cls=android.view.View desc=null txt_len=0 pkg=com.deepseek.chat t_boot_ns=1207935267997264
09-06 01:32:46.237 I/AnebProbe(25624): ADAPTER_EVT type=content cls=android.view.View desc=null txt_len=0 pkg=com.deepseek.chat t_boot_ns=1207935268512368
09-06 01:32:46.238 I/AnebProbe(25624): ADAPTER_EVT type=content cls=android.view.View desc=null txt_len=0 pkg=com.deepseek.chat t_boot_ns=1207935268877472
09-06 01:32:46.238 I/AnebProbe(25624): ADAPTER_EVT type=content cls=android.view.View desc=null txt_len=0 pkg=com.deepseek.chat t_boot_ns=1207935269366535
09-06 01:32:46.238 I/AnebProbe(25624): ADAPTER_EVT type=content cls=android.view.View desc=null txt_len=0 pkg=com.deepseek.chat t_boot_ns=1207935269443097
09-06 01:32:46.238 I/AnebProbe(25624): ADAPTER_EVT type=content cls=android.view.View desc=null txt_len=0 pkg=com.deepseek.chat t_boot_ns=1207935269509243
09-06 01:32:46.238 I/AnebProbe(25624): ADAPTER_EVT type=content cls=android.view.View desc=null txt_len=0 pkg=com.deepseek.chat t_boot_ns=1207935269587368
09-06 01:32:46.238 I/AnebProbe(25624): ADAPTER_EVT type=content cls=android.view.View desc=null txt_len=0 pkg=com.deepseek.chat t_boot_ns=1207935269685285
09-06 01:32:46.238 I/AnebProbe(25624): ADAPTER_EVT type=content cls=android.view.View desc=null txt_len=0 pkg=com.deepseek.chat t_boot_ns=1207935269753514
09-06 01:32:46.239 I/AnebProbe(25624): ADAPTER_EVT type=content cls=android.view.View desc=null txt_len=0 pkg=com.deepseek.chat t_boot_ns=1207935270044139
09-06 01:32:46.239 I/AnebProbe(25624): ADAPTER_EVT type=content cls=android.view.View desc=null txt_len=0 pkg=com.deepseek.chat t_boot_ns=1207935270853514
09-06 01:32:46.240 I/AnebProbe(25624): ADAPTER_EVT type=content cls=android.view.View desc=null txt_len=0 pkg=com.deepseek.chat t_boot_ns=1207935271454555
09-06 01:32:46.240 I/AnebProbe(25624): ADAPTER_EVT type=content cls=android.view.View desc=null txt_len=0 pkg=com.deepseek.chat t_boot_ns=1207935271560805
09-06 01:32:46.240 I/AnebProbe(25624): ADAPTER_EVT type=content cls=android.view.View desc=null txt_len=0 pkg=com.deepseek.chat t_boot_ns=1207935271605597
09-06 01:32:46.240 I/AnebProbe(25624): ADAPTER_EVT type=content cls=android.view.View desc=null txt_len=0 pkg=com.deepseek.chat t_boot_ns=1207935272099868
09-06 01:32:46.241 I/AnebProbe(25624): ADAPTER_EVT type=content cls=android.view.View desc=null txt_len=0 pkg=com.deepseek.chat t_boot_ns=1207935272250910
09-06 01:32:46.241 I/AnebProbe(25624): ADAPTER_EVT type=content cls=androidx.compose.ui.viewinterop.ViewFactoryHolder desc=null txt_len=0 pkg=com.deepseek.chat t_boot_ns=1207935272456118
09-06 01:32:46.241 I/AnebProbe(25624): ADAPTER_EVT type=content cls=android.view.View desc=null txt_len=0 pkg=com.deepseek.chat t_boot_ns=1207935272533201
09-06 01:32:46.241 I/AnebProbe(25624): ADAPTER_EVT type=content cls=android.view.View desc=null txt_len=0 pkg=com.deepseek.chat t_boot_ns=1207935272586326
09-06 01:32:46.241 I/AnebProbe(25624): ADAPTER_EVT type=content cls=android.view.View desc=null txt_len=0 pkg=com.deepseek.chat t_boot_ns=1207935272636847
09-06 01:32:46.241 I/AnebProbe(25624): ADAPTER_EVT type=content cls=android.view.View desc=null txt_len=0 pkg=com.deepseek.chat t_boot_ns=1207935272695180
09-06 01:32:46.337 I/AnebProbe(25624): ADAPTER_EVT type=content cls=android.view.View desc=null txt_len=0 pkg=com.deepseek.chat t_boot_ns=1207935368937889
09-06 01:32:46.339 I/AnebProbe(25624): ADAPTER_EVT type=content cls=android.view.View desc=null txt_len=0 pkg=com.deepseek.chat t_boot_ns=1207935370384243
09-06 01:32:46.339 I/AnebProbe(25624): ADAPTER_EVT type=content cls=android.view.View desc=null txt_len=0 pkg=com.deepseek.chat t_boot_ns=1207935370586326
09-06 01:32:46.339 I/AnebProbe(25624): ADAPTER_EVT type=content cls=android.view.View desc=null txt_len=0 pkg=com.deepseek.chat t_boot_ns=1207935370696743
09-06 01:32:46.344 I/AnebProbe(25624): ADAPTER_EVT type=content cls=android.view.View desc=null txt_len=0 pkg=com.deepseek.chat t_boot_ns=1207935375559764
09-06 01:32:46.344 I/AnebProbe(25624): ADAPTER_EVT type=content cls=android.view.View desc=null txt_len=0 pkg=com.deepseek.chat t_boot_ns=1207935375929035
09-06 01:32:46.344 I/AnebProbe(25624): ADAPTER_EVT type=content cls=android.view.View desc=null txt_len=0 pkg=com.deepseek.chat t_boot_ns=1207935376098305
09-06 01:32:46.345 I/AnebProbe(25624): ADAPTER_EVT type=content cls=android.view.View desc=null txt_len=0 pkg=com.deepseek.chat t_boot_ns=1207935376227993
09-06 01:32:46.345 I/AnebProbe(25624): ADAPTER_EVT type=content cls=android.view.View desc=null txt_len=0 pkg=com.deepseek.chat t_boot_ns=1207935376375389
09-06 01:32:46.345 I/AnebProbe(25624): ADAPTER_EVT type=content cls=androidx.compose.ui.viewinterop.ViewFactoryHolder desc=null txt_len=0 pkg=com.deepseek.chat t_boot_ns=1207935376499868
09-06 01:32:46.345 I/AnebProbe(25624): ADAPTER_EVT type=content cls=android.view.View desc=null txt_len=0 pkg=com.deepseek.chat t_boot_ns=1207935376628514
09-06 01:32:46.441 I/AnebProbe(25624): ADAPTER_EVT type=content cls=android.view.View desc=null txt_len=0 pkg=com.deepseek.chat t_boot_ns=1207935472011847
09-06 01:32:46.441 I/AnebProbe(25624): ADAPTER_EVT type=content cls=android.view.View desc=null txt_len=0 pkg=com.deepseek.chat t_boot_ns=1207935472702472
09-06 01:32:46.441 I/AnebProbe(25624): ADAPTER_EVT type=content cls=android.view.View desc=null txt_len=0 pkg=com.deepseek.chat t_boot_ns=1207935472973305
09-06 01:32:46.441 I/AnebProbe(25624): ADAPTER_EVT type=content cls=android.view.View desc=null txt_len=0 pkg=com.deepseek.chat t_boot_ns=1207935473086847
09-06 01:32:46.441 I/AnebProbe(25624): ADAPTER_EVT type=content cls=android.view.View desc=null txt_len=0 pkg=com.deepseek.chat t_boot_ns=1207935473159243
09-06 01:32:46.442 I/AnebProbe(25624): ADAPTER_EVT type=content cls=android.view.View desc=null txt_len=0 pkg=com.deepseek.chat t_boot_ns=1207935473216535
09-06 01:32:46.442 I/AnebProbe(25624): ADAPTER_EVT type=content cls=android.view.View desc=null txt_len=0 pkg=com.deepseek.chat t_boot_ns=1207935473287889
09-06 01:32:46.442 I/AnebProbe(25624): ADAPTER_EVT type=content cls=androidx.compose.ui.viewinterop.ViewFactoryHolder desc=null txt_len=0 pkg=com.deepseek.chat t_boot_ns=1207935473343618
09-06 01:32:46.542 I/AnebProbe(25624): ADAPTER_EVT type=content cls=android.view.View desc=null txt_len=0 pkg=com.deepseek.chat t_boot_ns=1207935573208722
09-06 01:32:46.643 I/AnebProbe(25624): ADAPTER_EVT type=content cls=android.view.View desc=null txt_len=0 pkg=com.deepseek.chat t_boot_ns=1207935674910805
09-06 01:32:46.644 I/AnebProbe(25624): ADAPTER_EVT type=content cls=android.view.View desc=null txt_len=0 pkg=com.deepseek.chat t_boot_ns=1207935675907160
09-06 01:32:46.644 I/AnebProbe(25624): ADAPTER_EVT type=content cls=android.view.View desc=null txt_len=0 pkg=com.deepseek.chat t_boot_ns=1207935676117576
09-06 01:32:46.645 I/AnebProbe(25624): ADAPTER_EVT type=content cls=android.view.View desc=null txt_len=0 pkg=com.deepseek.chat t_boot_ns=1207935676205597
09-06 01:32:46.645 I/AnebProbe(25624): ADAPTER_EVT type=content cls=android.view.View desc=null txt_len=0 pkg=com.deepseek.chat t_boot_ns=1207935676271222
09-06 01:32:46.645 I/AnebProbe(25624): ADAPTER_EVT type=content cls=android.view.View desc=null txt_len=0 pkg=com.deepseek.chat t_boot_ns=1207935676362889
09-06 01:32:46.645 I/AnebProbe(25624): ADAPTER_EVT type=content cls=android.view.View desc=null txt_len=0 pkg=com.deepseek.chat t_boot_ns=1207935676444660
09-06 01:32:46.744 I/AnebProbe(25624): ADAPTER_EVT type=content cls=android.view.View desc=null txt_len=0 pkg=com.deepseek.chat t_boot_ns=1207935775777472
09-06 01:32:46.745 I/AnebProbe(25624): ADAPTER_EVT type=content cls=android.view.View desc=null txt_len=0 pkg=com.deepseek.chat t_boot_ns=1207935776231118
09-06 01:32:46.746 I/AnebProbe(25624): ADAPTER_EVT type=content cls=android.view.View desc=null txt_len=0 pkg=com.deepseek.chat t_boot_ns=1207935776527993
09-06 01:32:46.746 I/AnebProbe(25624): ADAPTER_EVT type=content cls=android.view.View desc=null txt_len=0 pkg=com.deepseek.chat t_boot_ns=1207935777834243
09-06 01:32:46.847 I/AnebProbe(25624): ADAPTER_EVT type=content cls=android.view.View desc=null txt_len=0 pkg=com.deepseek.chat t_boot_ns=1207935877989972
09-06 01:32:46.847 I/AnebProbe(25624): ADAPTER_EVT type=content cls=android.view.View desc=null txt_len=0 pkg=com.deepseek.chat t_boot_ns=1207935878657159
09-06 01:32:46.847 I/AnebProbe(25624): ADAPTER_EVT type=content cls=android.view.View desc=null txt_len=0 pkg=com.deepseek.chat t_boot_ns=1207935879015493
09-06 01:32:46.848 I/AnebProbe(25624): ADAPTER_EVT type=content cls=android.view.View desc=null txt_len=0 pkg=com.deepseek.chat t_boot_ns=1207935879250909
09-06 01:32:46.946 I/AnebProbe(25624): ADAPTER_EVT type=content cls=android.view.View desc=null txt_len=0 pkg=com.deepseek.chat t_boot_ns=1207935977938930
09-06 01:32:46.947 I/AnebProbe(25624): ADAPTER_EVT type=content cls=android.view.View desc=null txt_len=0 pkg=com.deepseek.chat t_boot_ns=1207935978615493
09-06 01:32:46.948 I/AnebProbe(25624): ADAPTER_EVT type=content cls=android.view.View desc=null txt_len=0 pkg=com.deepseek.chat t_boot_ns=1207935979478514
09-06 01:32:46.948 I/AnebProbe(25624): ADAPTER_EVT type=content cls=android.view.View desc=null txt_len=0 pkg=com.deepseek.chat t_boot_ns=1207935979794659
09-06 01:32:47.047 I/AnebProbe(25624): ADAPTER_EVT type=content cls=android.view.View desc=null txt_len=0 pkg=com.deepseek.chat t_boot_ns=1207936078758722
09-06 01:32:47.048 I/AnebProbe(25624): ADAPTER_EVT type=content cls=android.view.View desc=null txt_len=0 pkg=com.deepseek.chat t_boot_ns=1207936079279034
09-06 01:32:47.048 I/AnebProbe(25624): ADAPTER_EVT type=content cls=android.view.View desc=null txt_len=0 pkg=com.deepseek.chat t_boot_ns=1207936079631639
09-06 01:32:47.051 I/AnebProbe(25624): ADAPTER_EVT type=content cls=android.view.View desc=null txt_len=0 pkg=com.deepseek.chat t_boot_ns=1207936081813930
09-06 01:32:47.051 I/AnebProbe(25624): ADAPTER_EVT type=content cls=android.view.View desc=null txt_len=0 pkg=com.deepseek.chat t_boot_ns=1207936082939451
09-06 01:32:47.149 I/AnebProbe(25624): ADAPTER_EVT type=content cls=android.view.View desc=null txt_len=0 pkg=com.deepseek.chat t_boot_ns=1207936180232159
09-06 01:32:47.149 I/AnebProbe(25624): ADAPTER_EVT type=content cls=android.view.View desc=null txt_len=0 pkg=com.deepseek.chat t_boot_ns=1207936180623305
09-06 01:32:47.149 I/AnebProbe(25624): ADAPTER_EVT type=content cls=android.view.View desc=null txt_len=0 pkg=com.deepseek.chat t_boot_ns=1207936180834243
09-06 01:32:47.149 I/AnebProbe(25624): ADAPTER_EVT type=content cls=android.view.View desc=null txt_len=0 pkg=com.deepseek.chat t_boot_ns=1207936180982680
09-06 01:32:47.253 I/AnebProbe(25624): ADAPTER_EVT type=content cls=android.view.View desc=null txt_len=0 pkg=com.deepseek.chat t_boot_ns=1207936284213930
09-06 01:32:47.253 I/AnebProbe(25624): ADAPTER_EVT type=content cls=android.view.View desc=null txt_len=0 pkg=com.deepseek.chat t_boot_ns=1207936284652993
09-06 01:32:47.253 I/AnebProbe(25624): ADAPTER_EVT type=content cls=android.view.View desc=null txt_len=0 pkg=com.deepseek.chat t_boot_ns=1207936284988409
09-06 01:32:47.254 I/AnebProbe(25624): ADAPTER_EVT type=content cls=android.view.View desc=null txt_len=0 pkg=com.deepseek.chat t_boot_ns=1207936285152472
09-06 01:32:47.358 I/AnebProbe(25624): ADAPTER_EVT type=content cls=android.view.View desc=null txt_len=0 pkg=com.deepseek.chat t_boot_ns=1207936389699868
09-06 01:32:47.358 I/AnebProbe(25624): ADAPTER_EVT type=content cls=android.view.View desc=null txt_len=0 pkg=com.deepseek.chat t_boot_ns=1207936390077472
09-06 01:32:47.359 I/AnebProbe(25624): ADAPTER_EVT type=content cls=android.view.View desc=null txt_len=0 pkg=com.deepseek.chat t_boot_ns=1207936390224868
09-06 01:32:47.359 I/AnebProbe(25624): ADAPTER_EVT type=content cls=android.view.View desc=null txt_len=0 pkg=com.deepseek.chat t_boot_ns=1207936390688930
09-06 01:32:47.359 I/AnebProbe(25624): ADAPTER_EVT type=content cls=android.view.View desc=null txt_len=0 pkg=com.deepseek.chat t_boot_ns=1207936390859764
09-06 01:32:47.418 I/AnebProbe(25624): ADAPTER_EVT type=content cls=android.view.View desc=null txt_len=0 pkg=com.deepseek.chat t_boot_ns=1207936449718097
09-06 01:32:47.428 I/AnebProbe(25624): ADAPTER_EVT type=content cls=android.view.View desc=null txt_len=0 pkg=com.deepseek.chat t_boot_ns=1207936459616534
09-06 01:32:47.461 I/AnebProbe(25624): ADAPTER_EVT type=content cls=android.view.View desc=null txt_len=0 pkg=com.deepseek.chat t_boot_ns=1207936492716014
09-06 01:32:47.464 I/AnebProbe(25624): ADAPTER_OBS pkg=com.deepseek.chat mode=deepseek events=1444 rule_matched=0 first_delta_ms=0 cadence_p50_ms=0.3 session_span_ms=391438.4 confidence=LOW/INCONCLUSIVE reason=throttle ttft_send_ms=null anchor_source=null ttft_cluster_ms=null ttft_density_ms=500.0
09-06 01:32:47.464 I/AnebProbe(25624): ADAPTER_EVT type=content cls=android.view.View desc=null txt_len=0 pkg=com.deepseek.chat t_boot_ns=1207936495720180
09-06 01:32:47.464 I/AnebProbe(25624): ADAPTER_EVT type=content cls=android.view.View desc=null txt_len=0 pkg=com.deepseek.chat t_boot_ns=1207936495875909
09-06 01:32:47.464 I/AnebProbe(25624): ADAPTER_EVT type=content cls=android.view.View desc=null txt_len=0 pkg=com.deepseek.chat t_boot_ns=1207936495952993
09-06 01:32:47.464 I/AnebProbe(25624): ADAPTER_EVT type=content cls=android.view.View desc=null txt_len=0 pkg=com.deepseek.chat t_boot_ns=1207936496027993
09-06 01:32:47.464 I/AnebProbe(25624): ADAPTER_EVT type=content cls=android.view.View desc=null txt_len=0 pkg=com.deepseek.chat t_boot_ns=1207936496126430
09-06 01:32:47.465 I/AnebProbe(25624): ADAPTER_EVT type=content cls=android.view.View desc=null txt_len=0 pkg=com.deepseek.chat t_boot_ns=1207936496199347
09-06 01:32:47.465 I/AnebProbe(25624): ADAPTER_EVT type=content cls=android.view.View desc=null txt_len=0 pkg=com.deepseek.chat t_boot_ns=1207936496272264
09-06 01:32:47.465 I/AnebProbe(25624): ADAPTER_EVT type=content cls=android.view.View desc=null txt_len=0 pkg=com.deepseek.chat t_boot_ns=1207936496355076
09-06 01:32:47.465 I/AnebProbe(25624): ADAPTER_EVT type=content cls=android.view.View desc=null txt_len=0 pkg=com.deepseek.chat t_boot_ns=1207936496422784
09-06 01:32:47.465 I/AnebProbe(25624): ADAPTER_EVT type=content cls=android.view.View desc=null txt_len=0 pkg=com.deepseek.chat t_boot_ns=1207936496501430
09-06 01:32:47.465 I/AnebProbe(25624): ADAPTER_EVT type=content cls=android.view.View desc=null txt_len=0 pkg=com.deepseek.chat t_boot_ns=1207936496574868
09-06 01:32:47.466 I/AnebProbe(25624): ADAPTER_EVT type=content cls=android.view.View desc=null txt_len=0 pkg=com.deepseek.chat t_boot_ns=1207936497944139
09-06 01:32:47.467 I/AnebProbe(25624): ADAPTER_EVT type=content cls=android.view.View desc=null txt_len=0 pkg=com.deepseek.chat t_boot_ns=1207936498883201
09-06 01:32:47.467 I/AnebProbe(25624): ADAPTER_EVT type=content cls=android.view.View desc=null txt_len=0 pkg=com.deepseek.chat t_boot_ns=1207936499074347
09-06 01:32:47.468 I/AnebProbe(25624): ADAPTER_EVT type=content cls=android.view.View desc=null txt_len=0 pkg=com.deepseek.chat t_boot_ns=1207936499208201
09-06 01:32:47.468 I/AnebProbe(25624): ADAPTER_EVT type=content cls=android.view.View desc=null txt_len=0 pkg=com.deepseek.chat t_boot_ns=1207936499333722
09-06 01:32:47.468 I/AnebProbe(25624): ADAPTER_EVT type=content cls=android.view.View desc=null txt_len=0 pkg=com.deepseek.chat t_boot_ns=1207936499457680
09-06 01:32:47.468 I/AnebProbe(25624): ADAPTER_EVT type=content cls=android.view.View desc=null txt_len=0 pkg=com.deepseek.chat t_boot_ns=1207936499613930
09-06 01:32:47.565 I/AnebProbe(25624): ADAPTER_EVT type=content cls=android.view.View desc=null txt_len=0 pkg=com.deepseek.chat t_boot_ns=1207936596519659
09-06 01:32:47.566 I/AnebProbe(25624): ADAPTER_EVT type=content cls=android.view.View desc=null txt_len=0 pkg=com.deepseek.chat t_boot_ns=1207936597413409
09-06 01:32:47.665 I/AnebProbe(25624): ADAPTER_EVT type=content cls=android.view.View desc=null txt_len=0 pkg=com.deepseek.chat t_boot_ns=1207936696309764
09-06 01:32:47.665 I/AnebProbe(25624): ADAPTER_EVT type=content cls=android.view.View desc=null txt_len=0 pkg=com.deepseek.chat t_boot_ns=1207936696700389
09-06 01:33:30.838 I/AnebE4MARK( 8750): E4MARK kind=answer_complete n=6
