16666666
0	0	0
0	0	0
0	0	0
0	0	0
0	0	0
0	0	0
0	0	0
0	0	0
0	0	0
0	0	0
0	0	0
0	0	0
0	0	0
0	0	0
0	0	0
0	0	0
0	0	0
0	0	0
0	0	0
0	0	0
0	0	0
0	0	0
0	0	0
0	0	0
0	0	0
0	0	0
0	0	0
0	0	0
0	0	0
0	0	0
0	0	0
0	0	0
0	0	0
0	0	0
0	0	0
0	0	0
0	0	0
0	0	0
0	0	0
0	0	0
0	0	0
0	0	0
0	0	0
0	0	0
0	0	0
0	0	0
0	0	0
0	0	0
0	0	0
0	0	0
0	0	0
0	0	0
0	0	0
0	0	0
0	0	0
0	0	0
0	0	0
0	0	0
0	0	0
0	0	0
0	0	0
0	0	0
0	0	0
0	0	0
0	0	0
0	0	0
0	0	0
0	0	0
0	0	0
0	0	0
0	0	0
0	0	0
0	0	0
0	0	0
0	0	0
0	0	0
0	0	0
0	0	0
0	0	0
0	0	0
0	0	0
0	0	0
0	0	0
0	0	0
0	0	0
0	0	0
0	0	0
0	0	0
0	0	0
0	0	0
0	0	0
566899968657246	566899988108808	566899969356725
566899978746308	566900004688496	566899980126517
566899999419746	566900021253079	566900000730683
566900006434329	566900037833287	566900007745267
566900010331204	566900054416100	566900011683287
566900034539017	566900071000996	566900035566621
566900046471829	566900087576517	566900047765579
566900061339017	566900104149433	566900062085892
566900077422350	566900120727037	566900078158808
566900093584329	566900137307767	566900094301517
566900110287975	566900153888496	566900110987975
566900126548392	566900170464017	566900127293704
566900143395787	566900187063496	566900144118183
566900159973912	566900203641100	566900160704642
566900177915579	566900220218704	566900178599954
566900193472350	566900237064537	566900194203600
566900209789017	566900253379121	566900210752558
566900226483808	566900269957246	566900227224433
566900243266621	566900286544225	566900244065579
566900259657767	566900303122350	566900260404121
566900276073912	566900319712454	566900276818704
566900292608287	566900336299954	566900293423912
566900313203079	566900352886412	566900315349433
566900329612454	566900369466100	566900331659850
566900349772871	566900386035371	566900352514017
566900366204642	566900402620787	566900368861933
566900380303600	566900419205162	566900382435371
566900396243183	566900435792141	566900398318704
566900414169746	566900452381725	566900416762975
566900431971308	566900468961412	566900434635891
566900448881725	566900485511412	566900451409329
566900466041100	566900502103079	566900468610371
566900479749433	566900518679121	566900481906204
566900496671829	566900535265579	566900498820266
566900513149433	566900551845787	566900515346308
566900513149433	566900568426516	566900515346308


16666666
0	0	0
0	0	0
0	0	0
0	0	0
0	0	0
0	0	0
0	0	0
0	0	0
0	0	0
0	0	0
0	0	0
0	0	0
0	0	0
0	0	0
0	0	0
0	0	0
0	0	0
0	0	0
0	0	0
0	0	0
0	0	0
0	0	0
0	0	0
0	0	0
0	0	0
0	0	0
0	0	0
0	0	0
0	0	0
0	0	0
0	0	0
0	0	0
0	0	0
0	0	0
0	0	0
0	0	0
0	0	0
0	0	0
0	0	0
0	0	0
0	0	0
0	0	0
0	0	0
0	0	0
0	0	0
0	0	0
0	0	0
0	0	0
0	0	0
0	0	0
0	0	0
0	0	0
0	0	0
0	0	0
0	0	0
0	0	0
0	0	0
0	0	0
0	0	0
0	0	0
0	0	0
0	0	0
0	0	0
0	0	0
0	0	0
0	0	0
0	0	0
0	0	0
0	0	0
0	0	0
0	0	0
0	0	0
0	0	0
0	0	0
0	0	0
0	0	0
0	0	0
0	0	0
0	0	0
566899968657246	566899988108808	566899969356725
566899978746308	566900004688496	566899980126517
566899999419746	566900021253079	566900000730683
566900006434329	566900037833287	566900007745267
566900010331204	566900054416100	566900011683287
566900034539017	566900071000996	566900035566621
566900046471829	566900087576517	566900047765579
566900061339017	566900104149433	566900062085892
566900077422350	566900120727037	566900078158808
566900093584329	566900137307767	566900094301517
566900110287975	566900153888496	566900110987975
566900126548392	566900170464017	566900127293704
566900143395787	566900187063496	566900144118183
566900159973912	566900203641100	566900160704642
566900177915579	566900220218704	566900178599954
566900193472350	566900237064537	566900194203600
566900209789017	566900253379121	566900210752558
566900226483808	566900269957246	566900227224433
566900243266621	566900286544225	566900244065579
566900259657767	566900303122350	566900260404121
566900276073912	566900319712454	566900276818704
566900292608287	566900336299954	566900293423912
566900313203079	566900352886412	566900315349433
566900329612454	566900369466100	566900331659850
566900349772871	566900386035371	566900352514017
566900366204642	566900402620787	566900368861933
566900380303600	566900419205162	566900382435371
566900396243183	566900435792141	566900398318704
566900414169746	566900452381725	566900416762975
566900431971308	566900468961412	566900434635891
566900448881725	566900485511412	566900451409329
566900466041100	566900502103079	566900468610371
566900479749433	566900518679121	566900481906204
566900496671829	566900535265579	566900498820266
566900513149433	566900551845787	566900515346308
566900513149433	566900568426516	566900515346308
566901547726516	566901579834850	566901550443183
566901606083808	566901629727037	566901608888495
566901655606725	566901679271308	566901658293704
566901673939537	566901695869745	566901677000475
566901723553600	566901745575995	566901726376516
566901739493704	566901762420787	566901742299433
566901790390579	566901811906725	566901793070787
566901805867662	566901828489016	566901808564016
566901854716100	566901878242141	566901856095787
566901871348912	566901894821829	566901872809329
566901920091100	566901944586933	566901921436933
566901988710891	566902011281204	566901990022870


16666666
566938922675990	566938960037448	566938923915573
566938938007240	566938976626511	566938939281198
566938953390052	566938993188490	566938954603594
566938970342656	566939009814531	566938971953594
566939018947344	566939042941094	566939020098386
566939024516615	566939059519740	566939026252552
566939037225469	566939076095781	566939038821823
566939054002552	566939092673906	566939055843698
566939069102031	566939109250469	566939070503594
566939086698386	566939125829115	566939087448386
566939101756198	566939142379115	566939102564531
566939117914531	566939158998906	566939118743698
566939134524427	566939175879115	566939135312448
566939151642656	566939192134323	566939152341094
566939169605677	566939208720261	566939170312448
566939184833802	566939225287969	566939185596823
566939201218177	566939241880677	566939202007761
566939250131198	566939275064531	566939251967136
566939278685365	566939308171302	566939280515052
566939287660365	566939324742656	566939289481719
566939303560365	566939341322865	566939305357761
566939318497344	566939357905156	566939320321823
566939332782761	566939374474948	566939333573386
566939370823906	566939391075990	566939372614531
566939377924948	566939407648386	566939379777552
566939385811406	566939424213490	566939387643177
566939400955677	566939440772865	566939403113490
566939416107761	566939457360886	566939416871302
566939432542656	566939473958802	566939433258802
566939448547865	566939490521823	566939449335886
566939465777031	566939507097344	566939466620781
566939482061927	566939523679115	566939482768177
566939498997344	566939540258281	566939499769219
566939515572344	566939556845261	566939516355156
566939532156719	566939573433281	566939533221302
566939551001511	566939590003073	566939551724948
566939567575469	566939606578073	566939568401511
566939584230677	566939623150469	566939585398386
566939601215573	566939639735365	566939601917656
566939616887448	566939656262448	566939617668698
566939633859844	566939672871823	566939634622344
566939652445781	566939689484323	566939653224948
566939668224427	566939706025469	566939668825469
566939685775990	566939722590052	566939686414011
566939702719740	566939739171823	566939703354115
566939716554636	566939755786406	566939717298386
566939732418177	566939772346823	566939733171302
566939749909323	566939788912969	566939750615052
566939767671302	566939805463490	566939768397865
566939787646823	566939822043698	566939788377031
566939798620260	566939838645260	566939799452031
566939814099948	566939855207240	566939814789010
566939831840573	566939871767656	566939832639531
566939848477552	566939888353073	566939849279115
566939864364531	566939904940052	566939865157760
566939881024427	566939921512969	566939881794219
566939897487448	566939938075469	566939898307240
566939913952552	566939954652031	566939914777552
566939930447865	566939971243698	566939931136927
566939946724948	566939987835365	566939947469219
566939963306198	566940004385885	566939964123906
566939980774427	566940020963490	566939981447865
566939997229635	566940037547344	566939998071302
566940016202552	566940054117135	566940016809323
566940030661406	566940070705677	566940031414010
566940047155677	566940087275990	566940047999948
566940064053594	566940103880677	566940064755677
566940080373385	566940120458802	566940081131198
566940098429635	566940137021302	566940099245781
566940116569219	566940153594219	566940117183802
566940131534323	566940170165573	566940132314010
566940147884323	566940186737969	566940148633802
566940164818698	566940203313490	566940165535885
566940180558281	566940219898385	566940181096302
566940196205156	566940236485365	566940196909323
566940213433802	566940253058281	566940214627552
566940229668177	566940269648906	566940230502552
566940245413490	566940286244219	566940246290052
566940263657240	566940302808802	566940264606198
566940306325990	566940335968177	566940307927031
566940314920260	566940352506719	566940316703073
566940337384844	566940369106198	566940339235885
566940346212969	566940385692656	566940347839010
566940362122865	566940402268698	566940363938490
566940378730677	566940418848385	566940380649427
566940395618698	566940435423906	566940397026510
566940410596823	566940452008802	566940411395781
566940427202031	566940468593177	566940427999948
566940443187448	566940485176510	566940444074427
566940460617135	566940501743177	566940461389531
566940495736406	566940518315573	566940497561406
566940503058281	566940534907760	566940504812969
566940518645260	566940551476510	566940520470781
566940528177031	566940568063490	566940530008281
566940545546823	566940584624427	566940547334844
566940561543698	566940601206719	566940563364531
566940577177031	566940617798385	566940578861927
566940591897344	566940634355677	566940592700469
566940608762448	566940650971823	566940609577552
566940626307240	566940667558802	566940627110365
566940643264531	566940684140052	566940643998906
566940660861927	566940700703594	566940661582240
566940711374948	566940733864531	566940712950990
566940716084323	566940750441615	566940717899948
566940725611406	566940767018177	566940727385365
566940740872865	566940783604115	566940742668177
566940757524427	566940800187448	566940758879115
566940774072344	566940816755156	566940774836406
566940790640573	566940833340573	566940791448385
566940808143177	566940850254114	566940808943698
566940823981198	566940866514531	566940824773385
566940840754115	566940883095260	566940841552031
566940858077031	566940899690573	566940858856719
566940877985364	566940916644219	566940878233281
566940901284844	566940932823906	566940903106719
566940918987448	566940949390052	566940920712969
566940927717135	566940965973906	566940929471302
566940944141614	566940982561927	566940945920260
566940960295260	566940999131719	566940962078594
566940975291094	566941015712448	566940976606198
566940991850989	566941032294219	566940992717135
566941006568698	566941048893698	566941007248385
566941023340573	566941065461406	566941024100469
566941042235364	566941082050989	566941042291094
566941057789010	566941098656719	566941058595260
566941074630156	566941115206198	566941075130677
566941099791094	566941131779114	566941101362969


16666666
566945622475989	566945657491093	566945624505155
566945646671301	566945674061926	566945649331197
566945663422864	566945690640051	566945665869218
566945679747864	566945707216614	566945682522864
566945697999947	566945723810364	566945700752030
566945713047343	566945740378593	566945715815051
566945726543176	566945756950468	566945729058801
566945743061926	566945773525989	566945745696301
566945760637447	566945790094218	566945763341093
566945774595260	566945806662447	566945778673385
566945793801510	566945823245260	566945796653593
566945807465572	566945839812968	566945810109843
566945826912447	566945856399426	566945829643697
566945843699947	566945872985364	566945845731197
566945857878593	566945889550468	566945860572343
566945876493176	566945906135885	566945879240051
566945893719218	566945922722864	566945896103072
566945917993176	566945939297343	566945920717655
566945939257760	566945955860364	566945941908280
566945964498385	566945989035885	566945966787968
566945981669739	566946005630155	566945984328072
566945998799947	566946022187447	566946001512968
566946014473905	566946038751510	566946017230676
566946029095260	566946055333801	566946031563489
566946041217655	566946071907760	566946043779114
566946058171822	566946088500989	566946060923385
566946065636405	566946105072864	566946068316614
566946122949947	566946154828593	566946125611405
566946147064010	566946171424947	566946149754114
566946169780155	566946187985364	566946172108801
566946183237447	566946204589010	566946185939010
566946201297343	566946221166093	566946203568176
566946204259843	566946237736926	566946206297864
566946227770780	566946254303593	566946230390572
566946243525989	566946270891093	566946246158280
566946258858801	566946287509322	566946261524426
566946273509843	566946304085885	566946276171822
566946290406718	566946320632759	566946293073385
566946307316093	566946337221822	566946309750468
566946322954114	566946353797343	566946325711926
566946341786405	566946370370259	566946344127551
566946356356718	566946386936405	566946359133280
566946375114530	566946403528072	566946377391093
566946391322864	566946420085364	566946394004114
566946396604634	566946436679114	566946399388489
566946739338489	566946768292134	566946741991093
566946764255676	566946784870259	566946766870780
566946783340572	566946801447864	566946786024947
566946799546822	566946818028072	566946802178593
566946815320259	566946834637968	566946818073384
566946822137968	566946851219739	566946824839009
566946843283801	566946867792134	566946846056197
566946860292134	566946884350989	566946862708280
566946874064530	566946900954634	566946876683280
566946889332759	566946917507759	566946892041614
566946905711405	566946934421301	566946907788489
566946922462968	566946950669739	566946925161405
566946940204634	566946967273384	566946942494218
566946957354114	566946983822343	566946959858280
566946975150989	566947000402030	566946977813489
566946982324947	566947016980676	566946984964009
566947009662968	566947033558280	566947011750468
566947022240572	566947050139530	566947024898384
566947033432759	566947066720780	566947036092655
566947050950468	566947083318176	566947053713489
566947068229634	566947099903072	566947070941614
566947088962968	566947116470259	566947091639009
566947099925468	566947133039530	566947102534843
566947124202030	566947149665051	566947126461926
566947139308280	566947166198384	566947141964009
566947143536405	566947182778072	566947146090051
566947331198905	566947348611405	566947333844218
566947360087968	566947381745780	566947362562447
566947375575989	566947398320780	566947378055155
566947391718697	566947414887447	566947394565572
566947408271301	566947431468697	566947410962968
566947415716093	566947448054113	566947418488488
566947436917655	566947464650988	566947439749426
566947455459322	566947481195259	566947458172343
566947471681197	566947497792134	566947474199426
566947486557238	566947514346301	566947489059322
566947490316093	566947530932238	566947492185363
566947517611926	566947547503593	566947520299947
566947535360884	566947564080155	566947538159843
566947549507759	566947580642655	566947552082238
566947557061926	566947597252030	566947559645259
566947582052030	566947613831718	566947584648905
566947603715051	566947630391613	566947606211926
566947616844738	566947646970780	566947619541613
566947637420259	566947663531718	566947639685884
566947640293176	566947680136405	566947641873905
566947668672863	566947696736926	566947670990572
566947687768697	566947713292134	566947690480155
566947693632759	566947729866093	566947696266093
566947719486926	566947746441613	566947722175468
566947737034322	566947763027030	566947739689009
566947742292655	566947779583801	566947744882238
566947768585363	566947796178072	566947771465572
566947784712447	566947812761926	566947787389009
566947789575988	566947829346822	566947792246301
566947819449947	566947845923905	566947821970259
566947834963488	566947862500468	566947837752030
566947837560884	566947879470780	566947839604634
566947870406197	566947895673905	566947873046301
566947887766613	566947912229113	566947890435363
566947895578072	566947928811926	566947898279634
566947938453072	566947961954634	566947941082759
566947944166093	566947978527551	566947946819218
566947957955676	566947995113488	566947960641093
566947974684843	566948011691093	566947977357238
566947987065051	566948028265051	566947989740051
566948006243697	566948044845780	566948009024947
566948022270780	566948061539530	566948024948384
566948349375468	566948376466093	566948352037968
566948349375468	566948409615051	566948352037968
566948416958801	566948442764530	566948419607238
566948432595780	566948459347863	566948434870259
566948439432238	566948475923384	566948442066093
566948462335884	566948492499426	566948464903072
566948470367134	566948509075988	566948472997343
566948485384843	566948525669738	566948488073384
566950084831717	566950100621821	566950087334321
566950146053071	566950166924946	566950148671821
566950213013488	566950233231717	566950215606196
566950279010884	566950299537446	566950281870259
566950344713488	566950365868176	566950346799426
566950406343696	566950432181196	566950406985884


16666666
566945622475989	566945657491093	566945624505155
566945646671301	566945674061926	566945649331197
566945663422864	566945690640051	566945665869218
566945679747864	566945707216614	566945682522864
566945697999947	566945723810364	566945700752030
566945713047343	566945740378593	566945715815051
566945726543176	566945756950468	566945729058801
566945743061926	566945773525989	566945745696301
566945760637447	566945790094218	566945763341093
566945774595260	566945806662447	566945778673385
566945793801510	566945823245260	566945796653593
566945807465572	566945839812968	566945810109843
566945826912447	566945856399426	566945829643697
566945843699947	566945872985364	566945845731197
566945857878593	566945889550468	566945860572343
566945876493176	566945906135885	566945879240051
566945893719218	566945922722864	566945896103072
566945917993176	566945939297343	566945920717655
566945939257760	566945955860364	566945941908280
566945964498385	566945989035885	566945966787968
566945981669739	566946005630155	566945984328072
566945998799947	566946022187447	566946001512968
566946014473905	566946038751510	566946017230676
566946029095260	566946055333801	566946031563489
566946041217655	566946071907760	566946043779114
566946058171822	566946088500989	566946060923385
566946065636405	566946105072864	566946068316614
566946122949947	566946154828593	566946125611405
566946147064010	566946171424947	566946149754114
566946169780155	566946187985364	566946172108801
566946183237447	566946204589010	566946185939010
566946201297343	566946221166093	566946203568176
566946204259843	566946237736926	566946206297864
566946227770780	566946254303593	566946230390572
566946243525989	566946270891093	566946246158280
566946258858801	566946287509322	566946261524426
566946273509843	566946304085885	566946276171822
566946290406718	566946320632759	566946293073385
566946307316093	566946337221822	566946309750468
566946322954114	566946353797343	566946325711926
566946341786405	566946370370259	566946344127551
566946356356718	566946386936405	566946359133280
566946375114530	566946403528072	566946377391093
566946391322864	566946420085364	566946394004114
566946396604634	566946436679114	566946399388489
566946739338489	566946768292134	566946741991093
566946764255676	566946784870259	566946766870780
566946783340572	566946801447864	566946786024947
566946799546822	566946818028072	566946802178593
566946815320259	566946834637968	566946818073384
566946822137968	566946851219739	566946824839009
566946843283801	566946867792134	566946846056197
566946860292134	566946884350989	566946862708280
566946874064530	566946900954634	566946876683280
566946889332759	566946917507759	566946892041614
566946905711405	566946934421301	566946907788489
566946922462968	566946950669739	566946925161405
566946940204634	566946967273384	566946942494218
566946957354114	566946983822343	566946959858280
566946975150989	566947000402030	566946977813489
566946982324947	566947016980676	566946984964009
566947009662968	566947033558280	566947011750468
566947022240572	566947050139530	566947024898384
566947033432759	566947066720780	566947036092655
566947050950468	566947083318176	566947053713489
566947068229634	566947099903072	566947070941614
566947088962968	566947116470259	566947091639009
566947099925468	566947133039530	566947102534843
566947124202030	566947149665051	566947126461926
566947139308280	566947166198384	566947141964009
566947143536405	566947182778072	566947146090051
566947331198905	566947348611405	566947333844218
566947360087968	566947381745780	566947362562447
566947375575989	566947398320780	566947378055155
566947391718697	566947414887447	566947394565572
566947408271301	566947431468697	566947410962968
566947415716093	566947448054113	566947418488488
566947436917655	566947464650988	566947439749426
566947455459322	566947481195259	566947458172343
566947471681197	566947497792134	566947474199426
566947486557238	566947514346301	566947489059322
566947490316093	566947530932238	566947492185363
566947517611926	566947547503593	566947520299947
566947535360884	566947564080155	566947538159843
566947549507759	566947580642655	566947552082238
566947557061926	566947597252030	566947559645259
566947582052030	566947613831718	566947584648905
566947603715051	566947630391613	566947606211926
566947616844738	566947646970780	566947619541613
566947637420259	566947663531718	566947639685884
566947640293176	566947680136405	566947641873905
566947668672863	566947696736926	566947670990572
566947687768697	566947713292134	566947690480155
566947693632759	566947729866093	566947696266093
566947719486926	566947746441613	566947722175468
566947737034322	566947763027030	566947739689009
566947742292655	566947779583801	566947744882238
566947768585363	566947796178072	566947771465572
566947784712447	566947812761926	566947787389009
566947789575988	566947829346822	566947792246301
566947819449947	566947845923905	566947821970259
566947834963488	566947862500468	566947837752030
566947837560884	566947879470780	566947839604634
566947870406197	566947895673905	566947873046301
566947887766613	566947912229113	566947890435363
566947895578072	566947928811926	566947898279634
566947938453072	566947961954634	566947941082759
566947944166093	566947978527551	566947946819218
566947957955676	566947995113488	566947960641093
566947974684843	566948011691093	566947977357238
566947987065051	566948028265051	566947989740051
566948006243697	566948044845780	566948009024947
566948022270780	566948061539530	566948024948384
566948349375468	566948376466093	566948352037968
566948349375468	566948409615051	566948352037968
566948416958801	566948442764530	566948419607238
566948432595780	566948459347863	566948434870259
566948439432238	566948475923384	566948442066093
566948462335884	566948492499426	566948464903072
566948470367134	566948509075988	566948472997343
566948485384843	566948525669738	566948488073384
566950084831717	566950100621821	566950087334321
566950146053071	566950166924946	566950148671821
566950213013488	566950233231717	566950215606196
566950279010884	566950299537446	566950281870259
566950344713488	566950365868176	566950346799426
566950406343696	566950432181196	566950406985884


16666666
566946169780155	566946187985364	566946172108801
566946183237447	566946204589010	566946185939010
566946201297343	566946221166093	566946203568176
566946204259843	566946237736926	566946206297864
566946227770780	566946254303593	566946230390572
566946243525989	566946270891093	566946246158280
566946258858801	566946287509322	566946261524426
566946273509843	566946304085885	566946276171822
566946290406718	566946320632759	566946293073385
566946307316093	566946337221822	566946309750468
566946322954114	566946353797343	566946325711926
566946341786405	566946370370259	566946344127551
566946356356718	566946386936405	566946359133280
566946375114530	566946403528072	566946377391093
566946391322864	566946420085364	566946394004114
566946396604634	566946436679114	566946399388489
566946739338489	566946768292134	566946741991093
566946764255676	566946784870259	566946766870780
566946783340572	566946801447864	566946786024947
566946799546822	566946818028072	566946802178593
566946815320259	566946834637968	566946818073384
566946822137968	566946851219739	566946824839009
566946843283801	566946867792134	566946846056197
566946860292134	566946884350989	566946862708280
566946874064530	566946900954634	566946876683280
566946889332759	566946917507759	566946892041614
566946905711405	566946934421301	566946907788489
566946922462968	566946950669739	566946925161405
566946940204634	566946967273384	566946942494218
566946957354114	566946983822343	566946959858280
566946975150989	566947000402030	566946977813489
566946982324947	566947016980676	566946984964009
566947009662968	566947033558280	566947011750468
566947022240572	566947050139530	566947024898384
566947033432759	566947066720780	566947036092655
566947050950468	566947083318176	566947053713489
566947068229634	566947099903072	566947070941614
566947088962968	566947116470259	566947091639009
566947099925468	566947133039530	566947102534843
566947124202030	566947149665051	566947126461926
566947139308280	566947166198384	566947141964009
566947143536405	566947182778072	566947146090051
566947331198905	566947348611405	566947333844218
566947360087968	566947381745780	566947362562447
566947375575989	566947398320780	566947378055155
566947391718697	566947414887447	566947394565572
566947408271301	566947431468697	566947410962968
566947415716093	566947448054113	566947418488488
566947436917655	566947464650988	566947439749426
566947455459322	566947481195259	566947458172343
566947471681197	566947497792134	566947474199426
566947486557238	566947514346301	566947489059322
566947490316093	566947530932238	566947492185363
566947517611926	566947547503593	566947520299947
566947535360884	566947564080155	566947538159843
566947549507759	566947580642655	566947552082238
566947557061926	566947597252030	566947559645259
566947582052030	566947613831718	566947584648905
566947603715051	566947630391613	566947606211926
566947616844738	566947646970780	566947619541613
566947637420259	566947663531718	566947639685884
566947640293176	566947680136405	566947641873905
566947668672863	566947696736926	566947670990572
566947687768697	566947713292134	566947690480155
566947693632759	566947729866093	566947696266093
566947719486926	566947746441613	566947722175468
566947737034322	566947763027030	566947739689009
566947742292655	566947779583801	566947744882238
566947768585363	566947796178072	566947771465572
566947784712447	566947812761926	566947787389009
566947789575988	566947829346822	566947792246301
566947819449947	566947845923905	566947821970259
566947834963488	566947862500468	566947837752030
566947837560884	566947879470780	566947839604634
566947870406197	566947895673905	566947873046301
566947887766613	566947912229113	566947890435363
566947895578072	566947928811926	566947898279634
566947938453072	566947961954634	566947941082759
566947944166093	566947978527551	566947946819218
566947957955676	566947995113488	566947960641093
566947974684843	566948011691093	566947977357238
566947987065051	566948028265051	566947989740051
566948006243697	566948044845780	566948009024947
566948022270780	566948061539530	566948024948384
566948349375468	566948376466093	566948352037968
566948349375468	566948409615051	566948352037968
566948416958801	566948442764530	566948419607238
566948432595780	566948459347863	566948434870259
566948439432238	566948475923384	566948442066093
566948462335884	566948492499426	566948464903072
566948470367134	566948509075988	566948472997343
566948485384843	566948525669738	566948488073384
566950084831717	566950100621821	566950087334321
566950146053071	566950166924946	566950148671821
566950213013488	566950233231717	566950215606196
566950279010884	566950299537446	566950281870259
566950344713488	566950365868176	566950346799426
566950406343696	566950432181196	566950406985884
567000056609314	567000077591605	567000058260355
567000063525460	567000094139522	567000065447855
567000080791605	567000110716085	567000081965564
567000087879105	567000127279105	567000089655147
567000103541605	567000143834835	567000105508793
567000119950460	567000160410355	567000121631189
567000136066605	567000176990564	567000137757230
567000152536397	567000193553064	567000154190564
567000169702022	567000210119210	567000171898376
567000186136397	567000226689522	567000187797335
567000202687439	567000243274418	567000204472855
567000219069210	567000259856710	567000220888480
567000236251501	567000276437439	567000238068689
567000252894730	567000293010876	567000254643168
567000268757751	567000309573376	567000270548897
567000286477543	567000326135355	567000288355147
567000302826501	567000342726501	567000304641085
567000318594730	567000359309835	567000320393689
567000334706189	567000375883272	567000336670772
567000351187439	567000392457751	567000353040564
567000368354105	567000409011918	567000370272855
567000385120251	567000425606710	567000387071814
567000402345251	567000442184314	567000404269210
567000418339522	567000458756189	567000420205668
567000434281189	567000475378064	567000436203585
567000451847855	567000491910876	567000453571814
567000472509314	567000508507230	567000474424939
567000485603585	567000525073376	567000487371814
567001767746814	9223372036854775807	567001769476501


16666666
567017569722332	567017598506707	567017571771811
567017587299936	567017615089519	567017589244207
567017602337957	567017631648894	567017605086915
567017619018686	567017648216082	567017621293686
567017636820249	567017664797853	567017639098374
567017651636915	567017681394728	567017653958269
567017668443165	567017697960874	567017670817124
567017685500457	567017714530665	567017687870249
567017699036915	567017731127019	567017701578061
567017717990561	567017747687957	567017720365561
567017734286394	567017764274415	567017736627019
567017750036394	567017780836915	567017752350457
567017765406707	567017797408269	567017767677540
567017782448374	567017813968686	567017784598374
567017802607749	567017830548374	567017805034832
567017818500457	567017847121811	567017820931186
567017833240040	567017863687436	567017835669728
567017847262436	567017880287436	567017849753061
567017863941603	567017896878582	567017866398894
567017878554624	567017913455665	567017881038999
567017899492124	567017930008790	567017902148374
567017916065040	567017946596290	567017918554624
567017931520769	567017963253061	567017933952540
567017947045769	567017979746811	567017949423894
567017969095249	567017996347853	567017971028061
567017982500978	567018012929103	567017985074936
567017997788478	567018029510874	567018000596290
567018017938999	567018046073894	567018020232749
567018032668165	567018062660353	567018035091603
567018047025457	567018079241603	567018049676499
567018064424415	567018095840561	567018066736915
567018080994728	567018112393165	567018083807749
567018095710353	567018128980665	567018098244207
567018115763999	567018145558269	567018118344207
567018133233269	567018162135874	567018135769207
567018151389519	567018178718686	567018153983790
567018168524415	567018195292124	567018171137957
567018183723894	567018211859311	567018186392644
567018204290040	567018228447853	567018206939519
567018226486394	567018245032749	567018229238478
567018243901499	567018261602019	567018246572853
567018266740561	567018294747853	567018269386394
567018279505665	567018311346290	567018282169207
567018294912436	567018327909832	567018297712957
567018311504624	567018344490561	567018314228582
567018331651499	567018361050457	567018334317124
567018348945769	567018377625457	567018351691082
567018363836394	567018394224415	567018366454103
567018368721811	567018410775978	567018371477019
567018398038478	567018427333269	567018400428061
567018413879103	567018443907748	567018416509311
567018432765040	567018460493686	567018435468686
567018448093165	567018477086394	567018450409832
567018465007748	567018493643686	567018466787957
567018479890561	567018510207228	567018482573373
567018498827540	567018526806186	567018501279623
567018511938998	567018543374415	567018514526498
567018528297332	567018559933790	567018530923894
567018547039519	567018576505144	567018549429623
567018561347853	567018593111915	567018564051498
567018579241603	567018609702019	567018581796811
567018596503582	567018626257748	567018598935353
567018610862436	567018642827019	567018613592644
567018629507748	567018659406707	567018631815561
567018645086394	567018675969207	567018647684311
567018661055144	567018692559311	567018663663478
567018677050978	567018709133269	567018679568686
567018695896811	567018725717123	567018698154103
567018712209832	567018742284832	567018714574415
567018728917644	567018758850457	567018731252540
567018746896290	567018775446811	567018749394207
567018760695248	567018791994728	567018763283269
567018780157228	567018808591603	567018782689519
567018794263478	567018825141603	567018796637957
567018812515561	567018841734832	567018814909311
567018829049415	567018858302540	567018831754623
567018843896290	567018874884311	567018846716603
567018862362957	567018891452019	567018865074415
567018879474415	567018908032228	567018882040040
567018894097853	567018924615040	567018896748894
567018911813998	567018941196811	567018914416082
567018926298894	567018957759311	567018929005144
567018946129103	567018974357748	567018948729103
567018962256707	567018990926498	567018964851498
567018979458269	567019007473373	567018982115561
567018987585873	567019024065561	567018990154103
567019035617644	567019057226498	567019038235873
567019053753061	567019073785353	567019056361394
567019074430144	567019090370769	567019077120248
567019087601498	567019106932228	567019090281186
567019092372332	567019123518686	567019094910873
567019097824415	567019140093686	567019100480665
567019433974415	567019455081186	567019436709311
567019451880665	567019471685873	567019454458269
567019467573373	567019488245769	567019470287436
567019482384311	567019504802540	567019485040561
567019497206707	567019521408269	567019499961915
567019513627540	567019537947852	567019516368165
567019527077019	567019554552019	567019529535352
567019541578061	567019571129623	567019543887436
567019558150457	567019587688477	567019560503061
567019574647852	567019604269727	567019577084311
567019578765561	567019620827019	567019581219727
567019626753582	567019653998894	567019629392123
567019643118686	567019670579623	567019645571290
567019658772852	567019687156186	567019661192123
567019675512957	567019703726498	567019678167644
567019689872852	567019720297332	567019692447852
567019706141082	567019736892644	567019708909311
567019724960352	567019753431186	567019727446290
567019738990561	567019770023894	567019741499415
567019746685873	567019786613998	567019749236915
567019834022332	567019852920248	567019836520248
567019857690040	567019886049415	567019860161915
567019875280665	567019902624936	567019877864519
567019884295769	567019919209311	567019887070769
567019899634311	567019935766082	567019902193686
567019899634311	567020283845769	567019902193686
567020307630665	567020333549415	567020310131186
567020329225977	567020350113998	567020331731186
567020342341602	567020366716082	567020344974415
567020346420769	567020383463477	567020349011394
567020373645769	567020399849936	567020376100977
567020380985352	567020416460873	567020383690040
567020394433790	567020433017123	567020397127019
567021990431185	567022007767644	567021993064519
567022053421810	567022074062435	567022055986394


16666666
567017636820249	567017664797853	567017639098374
567017651636915	567017681394728	567017653958269
567017668443165	567017697960874	567017670817124
567017685500457	567017714530665	567017687870249
567017699036915	567017731127019	567017701578061
567017717990561	567017747687957	567017720365561
567017734286394	567017764274415	567017736627019
567017750036394	567017780836915	567017752350457
567017765406707	567017797408269	567017767677540
567017782448374	567017813968686	567017784598374
567017802607749	567017830548374	567017805034832
567017818500457	567017847121811	567017820931186
567017833240040	567017863687436	567017835669728
567017847262436	567017880287436	567017849753061
567017863941603	567017896878582	567017866398894
567017878554624	567017913455665	567017881038999
567017899492124	567017930008790	567017902148374
567017916065040	567017946596290	567017918554624
567017931520769	567017963253061	567017933952540
567017947045769	567017979746811	567017949423894
567017969095249	567017996347853	567017971028061
567017982500978	567018012929103	567017985074936
567017997788478	567018029510874	567018000596290
567018017938999	567018046073894	567018020232749
567018032668165	567018062660353	567018035091603
567018047025457	567018079241603	567018049676499
567018064424415	567018095840561	567018066736915
567018080994728	567018112393165	567018083807749
567018095710353	567018128980665	567018098244207
567018115763999	567018145558269	567018118344207
567018133233269	567018162135874	567018135769207
567018151389519	567018178718686	567018153983790
567018168524415	567018195292124	567018171137957
567018183723894	567018211859311	567018186392644
567018204290040	567018228447853	567018206939519
567018226486394	567018245032749	567018229238478
567018243901499	567018261602019	567018246572853
567018266740561	567018294747853	567018269386394
567018279505665	567018311346290	567018282169207
567018294912436	567018327909832	567018297712957
567018311504624	567018344490561	567018314228582
567018331651499	567018361050457	567018334317124
567018348945769	567018377625457	567018351691082
567018363836394	567018394224415	567018366454103
567018368721811	567018410775978	567018371477019
567018398038478	567018427333269	567018400428061
567018413879103	567018443907748	567018416509311
567018432765040	567018460493686	567018435468686
567018448093165	567018477086394	567018450409832
567018465007748	567018493643686	567018466787957
567018479890561	567018510207228	567018482573373
567018498827540	567018526806186	567018501279623
567018511938998	567018543374415	567018514526498
567018528297332	567018559933790	567018530923894
567018547039519	567018576505144	567018549429623
567018561347853	567018593111915	567018564051498
567018579241603	567018609702019	567018581796811
567018596503582	567018626257748	567018598935353
567018610862436	567018642827019	567018613592644
567018629507748	567018659406707	567018631815561
567018645086394	567018675969207	567018647684311
567018661055144	567018692559311	567018663663478
567018677050978	567018709133269	567018679568686
567018695896811	567018725717123	567018698154103
567018712209832	567018742284832	567018714574415
567018728917644	567018758850457	567018731252540
567018746896290	567018775446811	567018749394207
567018760695248	567018791994728	567018763283269
567018780157228	567018808591603	567018782689519
567018794263478	567018825141603	567018796637957
567018812515561	567018841734832	567018814909311
567018829049415	567018858302540	567018831754623
567018843896290	567018874884311	567018846716603
567018862362957	567018891452019	567018865074415
567018879474415	567018908032228	567018882040040
567018894097853	567018924615040	567018896748894
567018911813998	567018941196811	567018914416082
567018926298894	567018957759311	567018929005144
567018946129103	567018974357748	567018948729103
567018962256707	567018990926498	567018964851498
567018979458269	567019007473373	567018982115561
567018987585873	567019024065561	567018990154103
567019035617644	567019057226498	567019038235873
567019053753061	567019073785353	567019056361394
567019074430144	567019090370769	567019077120248
567019087601498	567019106932228	567019090281186
567019092372332	567019123518686	567019094910873
567019097824415	567019140093686	567019100480665
567019433974415	567019455081186	567019436709311
567019451880665	567019471685873	567019454458269
567019467573373	567019488245769	567019470287436
567019482384311	567019504802540	567019485040561
567019497206707	567019521408269	567019499961915
567019513627540	567019537947852	567019516368165
567019527077019	567019554552019	567019529535352
567019541578061	567019571129623	567019543887436
567019558150457	567019587688477	567019560503061
567019574647852	567019604269727	567019577084311
567019578765561	567019620827019	567019581219727
567019626753582	567019653998894	567019629392123
567019643118686	567019670579623	567019645571290
567019658772852	567019687156186	567019661192123
567019675512957	567019703726498	567019678167644
567019689872852	567019720297332	567019692447852
567019706141082	567019736892644	567019708909311
567019724960352	567019753431186	567019727446290
567019738990561	567019770023894	567019741499415
567019746685873	567019786613998	567019749236915
567019834022332	567019852920248	567019836520248
567019857690040	567019886049415	567019860161915
567019875280665	567019902624936	567019877864519
567019884295769	567019919209311	567019887070769
567019899634311	567019935766082	567019902193686
567019899634311	567020283845769	567019902193686
567020307630665	567020333549415	567020310131186
567020329225977	567020350113998	567020331731186
567020342341602	567020366716082	567020344974415
567020346420769	567020383463477	567020349011394
567020373645769	567020399849936	567020376100977
567020380985352	567020416460873	567020383690040
567020394433790	567020433017123	567020397127019
567021990431185	567022007767644	567021993064519
567022053421810	567022074062435	567022055986394
567022123243165	567022156960352	567022125706706
567022188413998	567022206701498	567022191018165
567022248754623	567022273000977	567022250979102
567022313922331	567022339260873	567022314657748


16666666
567017636820249	567017664797853	567017639098374
567017651636915	567017681394728	567017653958269
567017668443165	567017697960874	567017670817124
567017685500457	567017714530665	567017687870249
567017699036915	567017731127019	567017701578061
567017717990561	567017747687957	567017720365561
567017734286394	567017764274415	567017736627019
567017750036394	567017780836915	567017752350457
567017765406707	567017797408269	567017767677540
567017782448374	567017813968686	567017784598374
567017802607749	567017830548374	567017805034832
567017818500457	567017847121811	567017820931186
567017833240040	567017863687436	567017835669728
567017847262436	567017880287436	567017849753061
567017863941603	567017896878582	567017866398894
567017878554624	567017913455665	567017881038999
567017899492124	567017930008790	567017902148374
567017916065040	567017946596290	567017918554624
567017931520769	567017963253061	567017933952540
567017947045769	567017979746811	567017949423894
567017969095249	567017996347853	567017971028061
567017982500978	567018012929103	567017985074936
567017997788478	567018029510874	567018000596290
567018017938999	567018046073894	567018020232749
567018032668165	567018062660353	567018035091603
567018047025457	567018079241603	567018049676499
567018064424415	567018095840561	567018066736915
567018080994728	567018112393165	567018083807749
567018095710353	567018128980665	567018098244207
567018115763999	567018145558269	567018118344207
567018133233269	567018162135874	567018135769207
567018151389519	567018178718686	567018153983790
567018168524415	567018195292124	567018171137957
567018183723894	567018211859311	567018186392644
567018204290040	567018228447853	567018206939519
567018226486394	567018245032749	567018229238478
567018243901499	567018261602019	567018246572853
567018266740561	567018294747853	567018269386394
567018279505665	567018311346290	567018282169207
567018294912436	567018327909832	567018297712957
567018311504624	567018344490561	567018314228582
567018331651499	567018361050457	567018334317124
567018348945769	567018377625457	567018351691082
567018363836394	567018394224415	567018366454103
567018368721811	567018410775978	567018371477019
567018398038478	567018427333269	567018400428061
567018413879103	567018443907748	567018416509311
567018432765040	567018460493686	567018435468686
567018448093165	567018477086394	567018450409832
567018465007748	567018493643686	567018466787957
567018479890561	567018510207228	567018482573373
567018498827540	567018526806186	567018501279623
567018511938998	567018543374415	567018514526498
567018528297332	567018559933790	567018530923894
567018547039519	567018576505144	567018549429623
567018561347853	567018593111915	567018564051498
567018579241603	567018609702019	567018581796811
567018596503582	567018626257748	567018598935353
567018610862436	567018642827019	567018613592644
567018629507748	567018659406707	567018631815561
567018645086394	567018675969207	567018647684311
567018661055144	567018692559311	567018663663478
567018677050978	567018709133269	567018679568686
567018695896811	567018725717123	567018698154103
567018712209832	567018742284832	567018714574415
567018728917644	567018758850457	567018731252540
567018746896290	567018775446811	567018749394207
567018760695248	567018791994728	567018763283269
567018780157228	567018808591603	567018782689519
567018794263478	567018825141603	567018796637957
567018812515561	567018841734832	567018814909311
567018829049415	567018858302540	567018831754623
567018843896290	567018874884311	567018846716603
567018862362957	567018891452019	567018865074415
567018879474415	567018908032228	567018882040040
567018894097853	567018924615040	567018896748894
567018911813998	567018941196811	567018914416082
567018926298894	567018957759311	567018929005144
567018946129103	567018974357748	567018948729103
567018962256707	567018990926498	567018964851498
567018979458269	567019007473373	567018982115561
567018987585873	567019024065561	567018990154103
567019035617644	567019057226498	567019038235873
567019053753061	567019073785353	567019056361394
567019074430144	567019090370769	567019077120248
567019087601498	567019106932228	567019090281186
567019092372332	567019123518686	567019094910873
567019097824415	567019140093686	567019100480665
567019433974415	567019455081186	567019436709311
567019451880665	567019471685873	567019454458269
567019467573373	567019488245769	567019470287436
567019482384311	567019504802540	567019485040561
567019497206707	567019521408269	567019499961915
567019513627540	567019537947852	567019516368165
567019527077019	567019554552019	567019529535352
567019541578061	567019571129623	567019543887436
567019558150457	567019587688477	567019560503061
567019574647852	567019604269727	567019577084311
567019578765561	567019620827019	567019581219727
567019626753582	567019653998894	567019629392123
567019643118686	567019670579623	567019645571290
567019658772852	567019687156186	567019661192123
567019675512957	567019703726498	567019678167644
567019689872852	567019720297332	567019692447852
567019706141082	567019736892644	567019708909311
567019724960352	567019753431186	567019727446290
567019738990561	567019770023894	567019741499415
567019746685873	567019786613998	567019749236915
567019834022332	567019852920248	567019836520248
567019857690040	567019886049415	567019860161915
567019875280665	567019902624936	567019877864519
567019884295769	567019919209311	567019887070769
567019899634311	567019935766082	567019902193686
567019899634311	567020283845769	567019902193686
567020307630665	567020333549415	567020310131186
567020329225977	567020350113998	567020331731186
567020342341602	567020366716082	567020344974415
567020346420769	567020383463477	567020349011394
567020373645769	567020399849936	567020376100977
567020380985352	567020416460873	567020383690040
567020394433790	567020433017123	567020397127019
567021990431185	567022007767644	567021993064519
567022053421810	567022074062435	567022055986394
567022123243165	567022156960352	567022125706706
567022188413998	567022206701498	567022191018165
567022248754623	567022273000977	567022250979102
567022313922331	567022339260873	567022314657748


16666666
567080623378052	567080656097322	567080624928572
567080631568156	567080672636385	567080632993156
567080654621281	567080689199406	567080656913989
567080672283260	567080705777010	567080673745760
567080682349926	567080722344197	567080683806697
567080705147843	567080738921801	567080706599406
567080723324406	567080755506697	567080724773885
567080730889510	567080772057218	567080732301489
567080754202010	567080788633781	567080755698885
567080774594197	567080805202010	567080776686906
567080780433781	567080821779614	567080781891072
567080808542114	567080838332739	567080809996801
567080813676489	567080854910864	567080815163989
567080841808260	567080871471281	567080843275447
567080846023364	567080888052531	567080847757739
567080870842114	567080904616072	567080872098885
567080889912426	567080921235864	567080891404093
567080899159822	567080937780656	567080900612426
567080922399406	567080954336385	567080923965031
567080930950968	567080970919718	567080932450968
567080954240551	567080987497843	567080955688468
567080971492114	567081004080656	567080973016593
567080979941593	567081020645760	567080981485864
567081003035343	567081037180135	567081004510343
567081023305135	567081053767114	567081024857739
567081030756697	567081070332218	567081032164510
567081054452010	567081086893156	567081055893156
567081072780135	567081103479093	567081073304614
567081079874926	567081120082739	567081080330656
567081104198364	567081136613468	567081105191593
567081121561906	567081153185343	567081122598885
567081129343156	567081169752010	567081130236385
567081154174926	567081186321281	567081155167114
567081179561385	567081202887947	567081180507739
567081210292635	567081236038989	567081211281176
567081231576489	567081252603572	567081232499406
567081249663989	567081269179614	567081250583260
567081263921801	567081285741072	567081265233260
567081282617114	567081302313468	567081283574926
567081296946801	567081318899406	567081297896801
567081314218676	567081335453051	567081315224406
567081332854614	567081352010343	567081333952010
567081347217635	567081368590551	567081348173885
567081366889510	567081385428051	567081367891593
567081379849406	567081401716072	567081380862947
567081396673364	567081418292635	567081397594197
567081415590031	567081434867114	567081416590031
567081429665031	567081451431176	567081430607739
567081448668676	567081468011385	567081449653051
567081462811906	567081484588468	567081463843676
567081482332739	567081501168676	567081483252010
567081496288989	567081517736385	567081497234822
567081514911385	567081534295760	567081515853572
567081529277531	567081550858260	567081530180656
567081547509822	567081567431697	567081548424406
567081562000447	567081584002010	567081562938468
567081580967114	567081600592114	567081581890551
567081595747322	567081617138989	567081596799926
567081615628051	567081633706176	567081616585864
567081629185864	567081650272322	567081630170760
567081648459822	567081666847843	567081649421801
567081661556697	567081683434822	567081662522843
567081679454614	567081699999926	567081680424926
567081697858781	567081716561385	567081698826489
567081711347322	567081733126489	567081712313468
567081729940031	567081749693676	567081730894197
567081744538989	567081766268155	567081745547322
567081762798885	567081782834301	567081763755655
567081774171801	567081799411905	567081775127530
567081790361385	567081815980135	567081791315551
567081807542114	567081832546280	567081808363468
567081824256176	567081849115551	567081825233260
567081840975447	567081865692635	567081841950968
567081858260864	567081882268155	567081859836905
567081877977530	567081898834301	567081879481697
567081894248885	567081915398885	567081895757739
567081911635343	567081931959822	567081913016593
567081929354093	567081948540030	567081930719197
567081944232739	567081965108260	567081945715551
567081962328051	567081981680135	567081963870239
567081983071801	567081998242635	567081984607218
567081991410864	567082014812947	567081992966593
567082008656176	567082031395760	567082010163468
567082025940030	567082047970760	567082027459301
567082042463989	567082064563468	567082043984301
567082059275447	567082081118155	567082060868676
567082078427530	567082097691072	567082080107739
567082095412426	567082114255135	567082096926489
567082113544718	567082130829614	567082114835864
567082132426489	567082164004093	567082133757218
567082143778051	567082180524405	567082145332218
567082162809301	567082197089510	567082164218155
567082183253572	567082213695760	567082184644197
567082192611385	567082230239510	567082194127010
567082214833260	567082246803572	567082216395239
567082225391593	567082263373364	567082226912947
567082241996801	567082279984301	567082243538989
567082258097322	567082296558260	567082259933260
567082274264510	567082313094718	567082275939510
567082290979093	567082329661905	567082292790030
567082307832739	567082346218155	567082309371801
567082324292635	567082362794718	567082325813468
567082339854093	567082379670239	567082341420760
567082358709822	567082395958260	567082360319197
567082376950447	567082412554093	567082378359301
567082394498364	567082429108260	567082396105655
567082410656697	567082445694197	567082412255655
567082426972322	567082462236385	567082428582739
567082447409822	567082479803051	567082448980135
567082457899926	567082495395239	567082459440030
567082478021280	567082511950447	567082480706176
567082502902010	567082528549405	567082504265030
567082531749405	567082561683780	567082533417114
567082545658780	567082578254614	567082547226489
567082559038468	567082594818155	567082560641593
567082571155135	567082611394718	567082572104093
567082588606176	567082627956176	567082590136385
567082606045239	567082644545239	567082607618676
567082623124405	567082661111385	567082624680655
567082641828572	567082677733260	567082643402530
567082658144197	567082694284301	567082659725968
567082675432218	567082710863989	567082676935343
567082692758780	567082727436385	567082694244197
567082712708260	567082744017635	567082714351489
567082723723885	567082760578572	567082725788468
567082741036905	567082777181176	567082742551489
567082762800968	9223372036854775807	567082764054614


16666666
567093157548883	567093187199404	567093159868154
567093172258779	567093203843154	567093174569195
567093189470758	567093220371800	567093191548362
567093213345758	567093236967633	567093215352008
567093226971279	567093253532216	567093228740550
567093249808258	567093270111383	567093252081695
567093268475445	567093286689508	567093270729091
567093286291070	567093303260341	567093288509300
567093302422320	567093319873883	567093304771800
567093313603570	567093336436904	567093315774404
567093323484300	567093352999925	567093325826487
567093336533779	567093369599404	567093338819716
567093352944716	567093386174925	567093355030654
567093367008779	567093402756695	567093369410862
567093387523883	567093419303570	567093389916070
567093403106695	567093435883258	567093405450445
567093421217112	567093452484300	567093423597320
567093437733779	567093469067633	567093440070758
567093455330133	567093485641070	567093457675966
567093468995237	567093502206695	567093471392633
567093488680133	567093518788466	567093491002529
567093505022320	567093535366070	567093507181175
567093522257216	567093551941070	567093524688466
567093538581695	567093568522320	567093540739508
567093553807737	567093585088466	567093556320758
567093574715029	567093601680654	567093576684820
567093593624404	567093618247841	567093595142112
567093607334300	567093634828570	567093609637945
567093622608779	567093651424925	567093624967633
567093637675445	567093667997841	567093640062425
567093652268154	567093684572320	567093654380654
567093670778570	567093701155654	567093673082216
567093688853570	567093717741070	567093691128570
567093705214508	567093734322841	567093708099925
567093720561904	567093750904091	567093723021279
567093737397841	567093767483258	567093739854612
567093754235341	567093784057216	567093756637425
567093772133258	567093800661383	567093774475445
567093785189508	567093817200966	567093787736383
567093804053049	567093833768674	567093806509299
567093818734299	567093850355133	567093821175445
567093835423883	567093866978570	567093837804091
567093851693674	567093883530654	567093854137945
567093868122320	567093900116070	567093870655654
567093886997841	567093916670758	567093889422320
567093901617112	567093933252529	567093904141070
567093919023883	567093949819716	567093921648883
567093935264508	567093966413987	567093937780133
567093951972841	567093982980654	567093954501487
567093969545237	567093999561904	567093971886383
567093984819195	567094016127529	567093987347320
567094002525966	567094032708258	567094005053049
567094017956695	567094049288466	567094020418154
567094033835341	567094065861904	567094036458779
567094054263466	567094082467112	567094056928570
567094069004612	567094099010862	567094071704612
567094085803570	567094115598362	567094088445237
567094102963466	567094132157737	567094105725966
567094120556695	567094148758258	567094123187945
567094127997841	567094165329091	567094130590549
567094155129612	567094181890029	567094157803049
567094169218154	567094198471279	567094171951487
567094182182216	567094215039508	567094185028049
567094193585862	567094231625445	567094196529612
567094234729612	567094264780654	567094237311904
567094251184299	567094281347320	567094253746279
567094269443674	567094297919716	567094272140029
567094286844195	567094315231174	567094289483779
567094290578570	567094331074404	567094293473883
567094317899404	567094347652529	567094320603049
567094330603049	567094364235341	567094333298362
567094345518674	567094380819716	567094348181695
567094363912945	567094397402008	567094366503049
567094384868674	567094413963987	567094387300445
567094398390029	567094430541591	567094401000966
567094416504091	567094447145758	567094419105133
567094430759820	567094463716070	567094433360862
567094450194195	567094480323362	567094452856174
567094466512945	567094496868674	567094469181174
567094483356695	567094513460341	567094485709820
567094499341070	567094530042112	567094502152008
567094517418154	567094546609820	567094519720758
567094534757216	567094563185341	567094537508258
567094538025445	567094579756695	567094540069716
567094566673362	567094596377008	567094569268154
567094583308258	567094612929612	567094585745758
567094602950445	567094629507216	567094605595758
567094623895237	567094646108258	567094625537945
567094636395758	567094662699924	567094639035862
567094642329612	567094679587424	567094644424404
567094664248883	567094695828570	567094666637945
567094682043674	567094712421799	567094684948362
567094699280133	567094729012424	567094701449924
567094715675966	567094745543154	567094718399404
567094732668154	567094762144195	567094735168154
567094737657216	567094778728049	567094740455133
567094766753570	567094795311383	567094769137945
567094784732737	567094811916591	567094787092633
567094796527008	567094828460341	567094799614508
567094816341591	567094845063466	567094818905654
567094827313987	567094861636903	567094829968674
567094846182737	567094878192112	567094848760341
567094863573883	567094894813987	567094866205133
567094869011903	567094911402528	567094871581174
567094899245237	567094927954612	567094902145758
567094921184299	567094944527528	567094923882216
567094933557216	567094961106174	567094935810341
567094937487945	567094977704091	567094940060341
567094964817633	567094994281174	567094967188466
567094978941591	567095010852008	567094981514508
567095001692112	567095027418674	567095004378570
567095006863987	567095044035341	567095009557216
567095031833778	567095060607737	567095034397320
567095035688987	567095077195237	567095037783778
567095035688987	567095458586383	567095037783778
567095463414508	567095491728570	567095466004091
567095474144195	567095508314508	567095476561903
567095484104612	567095524895237	567095486824924
567095512808258	567095541447841	567095515303049
567095520740028	567095558059820	567095523435862
567095533230133	567095574618674	567095535898362
567097132185861	567097149922841	567097135249403
567097198434820	567097215873361	567097199834299
567097262777007	567097282210341	567097265386903
567097329100966	567097348491070	567097331712945
567097395581695	567097414798882	567097397802528
567097457929091	567097481108257	567097460114507


16666666
567093157548883	567093187199404	567093159868154
567093172258779	567093203843154	567093174569195
567093189470758	567093220371800	567093191548362
567093213345758	567093236967633	567093215352008
567093226971279	567093253532216	567093228740550
567093249808258	567093270111383	567093252081695
567093268475445	567093286689508	567093270729091
567093286291070	567093303260341	567093288509300
567093302422320	567093319873883	567093304771800
567093313603570	567093336436904	567093315774404
567093323484300	567093352999925	567093325826487
567093336533779	567093369599404	567093338819716
567093352944716	567093386174925	567093355030654
567093367008779	567093402756695	567093369410862
567093387523883	567093419303570	567093389916070
567093403106695	567093435883258	567093405450445
567093421217112	567093452484300	567093423597320
567093437733779	567093469067633	567093440070758
567093455330133	567093485641070	567093457675966
567093468995237	567093502206695	567093471392633
567093488680133	567093518788466	567093491002529
567093505022320	567093535366070	567093507181175
567093522257216	567093551941070	567093524688466
567093538581695	567093568522320	567093540739508
567093553807737	567093585088466	567093556320758
567093574715029	567093601680654	567093576684820
567093593624404	567093618247841	567093595142112
567093607334300	567093634828570	567093609637945
567093622608779	567093651424925	567093624967633
567093637675445	567093667997841	567093640062425
567093652268154	567093684572320	567093654380654
567093670778570	567093701155654	567093673082216
567093688853570	567093717741070	567093691128570
567093705214508	567093734322841	567093708099925
567093720561904	567093750904091	567093723021279
567093737397841	567093767483258	567093739854612
567093754235341	567093784057216	567093756637425
567093772133258	567093800661383	567093774475445
567093785189508	567093817200966	567093787736383
567093804053049	567093833768674	567093806509299
567093818734299	567093850355133	567093821175445
567093835423883	567093866978570	567093837804091
567093851693674	567093883530654	567093854137945
567093868122320	567093900116070	567093870655654
567093886997841	567093916670758	567093889422320
567093901617112	567093933252529	567093904141070
567093919023883	567093949819716	567093921648883
567093935264508	567093966413987	567093937780133
567093951972841	567093982980654	567093954501487
567093969545237	567093999561904	567093971886383
567093984819195	567094016127529	567093987347320
567094002525966	567094032708258	567094005053049
567094017956695	567094049288466	567094020418154
567094033835341	567094065861904	567094036458779
567094054263466	567094082467112	567094056928570
567094069004612	567094099010862	567094071704612
567094085803570	567094115598362	567094088445237
567094102963466	567094132157737	567094105725966
567094120556695	567094148758258	567094123187945
567094127997841	567094165329091	567094130590549
567094155129612	567094181890029	567094157803049
567094169218154	567094198471279	567094171951487
567094182182216	567094215039508	567094185028049
567094193585862	567094231625445	567094196529612
567094234729612	567094264780654	567094237311904
567094251184299	567094281347320	567094253746279
567094269443674	567094297919716	567094272140029
567094286844195	567094315231174	567094289483779
567094290578570	567094331074404	567094293473883
567094317899404	567094347652529	567094320603049
567094330603049	567094364235341	567094333298362
567094345518674	567094380819716	567094348181695
567094363912945	567094397402008	567094366503049
567094384868674	567094413963987	567094387300445
567094398390029	567094430541591	567094401000966
567094416504091	567094447145758	567094419105133
567094430759820	567094463716070	567094433360862
567094450194195	567094480323362	567094452856174
567094466512945	567094496868674	567094469181174
567094483356695	567094513460341	567094485709820
567094499341070	567094530042112	567094502152008
567094517418154	567094546609820	567094519720758
567094534757216	567094563185341	567094537508258
567094538025445	567094579756695	567094540069716
567094566673362	567094596377008	567094569268154
567094583308258	567094612929612	567094585745758
567094602950445	567094629507216	567094605595758
567094623895237	567094646108258	567094625537945
567094636395758	567094662699924	567094639035862
567094642329612	567094679587424	567094644424404
567094664248883	567094695828570	567094666637945
567094682043674	567094712421799	567094684948362
567094699280133	567094729012424	567094701449924
567094715675966	567094745543154	567094718399404
567094732668154	567094762144195	567094735168154
567094737657216	567094778728049	567094740455133
567094766753570	567094795311383	567094769137945
567094784732737	567094811916591	567094787092633
567094796527008	567094828460341	567094799614508
567094816341591	567094845063466	567094818905654
567094827313987	567094861636903	567094829968674
567094846182737	567094878192112	567094848760341
567094863573883	567094894813987	567094866205133
567094869011903	567094911402528	567094871581174
567094899245237	567094927954612	567094902145758
567094921184299	567094944527528	567094923882216
567094933557216	567094961106174	567094935810341
567094937487945	567094977704091	567094940060341
567094964817633	567094994281174	567094967188466
567094978941591	567095010852008	567094981514508
567095001692112	567095027418674	567095004378570
567095006863987	567095044035341	567095009557216
567095031833778	567095060607737	567095034397320
567095035688987	567095077195237	567095037783778
567095035688987	567095458586383	567095037783778
567095463414508	567095491728570	567095466004091
567095474144195	567095508314508	567095476561903
567095484104612	567095524895237	567095486824924
567095512808258	567095541447841	567095515303049
567095520740028	567095558059820	567095523435862
567095533230133	567095574618674	567095535898362
567097132185861	567097149922841	567097135249403
567097198434820	567097215873361	567097199834299
567097262777007	567097282210341	567097265386903
567097329100966	567097348491070	567097331712945
567097395581695	567097414798882	567097397802528
567097457929091	567097481108257	567097460114507


16666666
567093157548883	567093187199404	567093159868154
567093172258779	567093203843154	567093174569195
567093189470758	567093220371800	567093191548362
567093213345758	567093236967633	567093215352008
567093226971279	567093253532216	567093228740550
567093249808258	567093270111383	567093252081695
567093268475445	567093286689508	567093270729091
567093286291070	567093303260341	567093288509300
567093302422320	567093319873883	567093304771800
567093313603570	567093336436904	567093315774404
567093323484300	567093352999925	567093325826487
567093336533779	567093369599404	567093338819716
567093352944716	567093386174925	567093355030654
567093367008779	567093402756695	567093369410862
567093387523883	567093419303570	567093389916070
567093403106695	567093435883258	567093405450445
567093421217112	567093452484300	567093423597320
567093437733779	567093469067633	567093440070758
567093455330133	567093485641070	567093457675966
567093468995237	567093502206695	567093471392633
567093488680133	567093518788466	567093491002529
567093505022320	567093535366070	567093507181175
567093522257216	567093551941070	567093524688466
567093538581695	567093568522320	567093540739508
567093553807737	567093585088466	567093556320758
567093574715029	567093601680654	567093576684820
567093593624404	567093618247841	567093595142112
567093607334300	567093634828570	567093609637945
567093622608779	567093651424925	567093624967633
567093637675445	567093667997841	567093640062425
567093652268154	567093684572320	567093654380654
567093670778570	567093701155654	567093673082216
567093688853570	567093717741070	567093691128570
567093705214508	567093734322841	567093708099925
567093720561904	567093750904091	567093723021279
567093737397841	567093767483258	567093739854612
567093754235341	567093784057216	567093756637425
567093772133258	567093800661383	567093774475445
567093785189508	567093817200966	567093787736383
567093804053049	567093833768674	567093806509299
567093818734299	567093850355133	567093821175445
567093835423883	567093866978570	567093837804091
567093851693674	567093883530654	567093854137945
567093868122320	567093900116070	567093870655654
567093886997841	567093916670758	567093889422320
567093901617112	567093933252529	567093904141070
567093919023883	567093949819716	567093921648883
567093935264508	567093966413987	567093937780133
567093951972841	567093982980654	567093954501487
567093969545237	567093999561904	567093971886383
567093984819195	567094016127529	567093987347320
567094002525966	567094032708258	567094005053049
567094017956695	567094049288466	567094020418154
567094033835341	567094065861904	567094036458779
567094054263466	567094082467112	567094056928570
567094069004612	567094099010862	567094071704612
567094085803570	567094115598362	567094088445237
567094102963466	567094132157737	567094105725966
567094120556695	567094148758258	567094123187945
567094127997841	567094165329091	567094130590549
567094155129612	567094181890029	567094157803049
567094169218154	567094198471279	567094171951487
567094182182216	567094215039508	567094185028049
567094193585862	567094231625445	567094196529612
567094234729612	567094264780654	567094237311904
567094251184299	567094281347320	567094253746279
567094269443674	567094297919716	567094272140029
567094286844195	567094315231174	567094289483779
567094290578570	567094331074404	567094293473883
567094317899404	567094347652529	567094320603049
567094330603049	567094364235341	567094333298362
567094345518674	567094380819716	567094348181695
567094363912945	567094397402008	567094366503049
567094384868674	567094413963987	567094387300445
567094398390029	567094430541591	567094401000966
567094416504091	567094447145758	567094419105133
567094430759820	567094463716070	567094433360862
567094450194195	567094480323362	567094452856174
567094466512945	567094496868674	567094469181174
567094483356695	567094513460341	567094485709820
567094499341070	567094530042112	567094502152008
567094517418154	567094546609820	567094519720758
567094534757216	567094563185341	567094537508258
567094538025445	567094579756695	567094540069716
567094566673362	567094596377008	567094569268154
567094583308258	567094612929612	567094585745758
567094602950445	567094629507216	567094605595758
567094623895237	567094646108258	567094625537945
567094636395758	567094662699924	567094639035862
567094642329612	567094679587424	567094644424404
567094664248883	567094695828570	567094666637945
567094682043674	567094712421799	567094684948362
567094699280133	567094729012424	567094701449924
567094715675966	567094745543154	567094718399404
567094732668154	567094762144195	567094735168154
567094737657216	567094778728049	567094740455133
567094766753570	567094795311383	567094769137945
567094784732737	567094811916591	567094787092633
567094796527008	567094828460341	567094799614508
567094816341591	567094845063466	567094818905654
567094827313987	567094861636903	567094829968674
567094846182737	567094878192112	567094848760341
567094863573883	567094894813987	567094866205133
567094869011903	567094911402528	567094871581174
567094899245237	567094927954612	567094902145758
567094921184299	567094944527528	567094923882216
567094933557216	567094961106174	567094935810341
567094937487945	567094977704091	567094940060341
567094964817633	567094994281174	567094967188466
567094978941591	567095010852008	567094981514508
567095001692112	567095027418674	567095004378570
567095006863987	567095044035341	567095009557216
567095031833778	567095060607737	567095034397320
567095035688987	567095077195237	567095037783778
567095035688987	567095458586383	567095037783778
567095463414508	567095491728570	567095466004091
567095474144195	567095508314508	567095476561903
567095484104612	567095524895237	567095486824924
567095512808258	567095541447841	567095515303049
567095520740028	567095558059820	567095523435862
567095533230133	567095574618674	567095535898362
567097132185861	567097149922841	567097135249403
567097198434820	567097215873361	567097199834299
567097262777007	567097282210341	567097265386903
567097329100966	567097348491070	567097331712945
567097395581695	567097414798882	567097397802528
567097457929091	567097481108257	567097460114507


16666666
567161555775435	567161596183768	567161556519706
567161571833768	567161612794185	567161572565018
567161587433768	567161629362935	567161588204602
567161604593143	567161645938977	567161605316060
567161620579081	567161662520227	567161621288456
567161637956685	567161679094185	567161638691581
567161655202518	567161695683247	567161655952518
567161671082206	567161712246268	567161671831164
567161689509289	567161728841060	567161690238977
567161706004602	567161745403560	567161706736372
567161724142622	567161761994706	567161724756685
567161739899914	567161778770227	567161740626477
567161757431164	567161795144185	567161758129081
567161774668664	567161811696268	567161775508247
567161789080643	567161828310331	567161789811893
567161805373352	567161844874393	567161806057206
567161826231685	567161861429081	567161826930643
567161851062414	567161877993143	567161847922831
567161858660331	567161894571789	567161860087414
567161901091060	567161927717102	567161902085331
567161906102518	567161944333247	567161907885852
567161921293664	567161960891581	567161923144185
567161937500435	567161977481685	567161939282206
567161954844185	567161994050956	567161956158768
567161971070227	567162010623872	567161971699914
567161987609289	567162028024914	567161988401477
567162003384289	567162043785852	567162004331164
567162020369185	567162060366060	567162021055643
567162036451477	567162076958768	567162037373872
567162053592102	567162093524914	567162054435852
567162070086372	567162110103039	567162070912935
567162086819185	567162126675435	567162087608247
567162103121789	567162143243664	567162103990018
567162119739497	567162159854081	567162120576477
567162135831164	567162176443664	567162136615018
567162175704081	567162192996789	567162177456685
567162199293664	567162226151477	567162201150435
567162206263456	567162242732206	567162208078039
567162236140018	567162259300435	567162237887414
567162243142622	567162275862414	567162244991581
567162253691581	567162292457727	567162255369706
567162270502518	567162309026997	567162272399393
567162285456164	567162325616060	567162286287414
567162302448872	567162342181685	567162303244706
567162317813456	567162358740539	567162318562935
567162333980122	567162375344706	567162334730643
567162351873872	567162391916581	567162352441060
567162367959289	567162408532727	567162368573872
567162385225956	567162425073872	567162386156164
567162401368664	567162441648352	567162402075435
567162418374393	567162458222310	567162419168143
567162434623352	567162474795747	567162435262935
567162450800435	567162491388977	567162451678039
567162467241060	567162508016060	567162467992102
567162484600435	567162524526997	567162485128560
567162500438456	567162541103039	567162501341581
567162517174393	567162557662414	567162517971789
567162534459289	567162574240018	567162535239497
567162550892622	567162590816581	567162551723872
567162566784289	567162607417622	567162567604081
567162583660331	567162623993143	567162584600956
567162599969185	567162640580122	567162600628560
567162617104601	567162657136893	567162617895226
567162637458247	567162673737935	567162638179081
567162650232726	567162690290539	567162651011893
567162667785331	567162706924393	567162668361372
567162689163976	567162723465539	567162689020747
567162708681164	567162740030122	567162710636893
567162726003560	567162756600956	567162727598872
567162735381685	567162773156164	567162737137414
567162750556164	567162789740018	567162752445747
567162764778560	567162806319185	567162766506685
567162780231685	567162823219706	567162781511372
567162797753560	567162839457206	567162798523351
567162814485851	567162856053039	567162815247831
567162830355122	567162872618143	567162831125956
567162848780122	567162889230122	567162849526476
567162865460331	567162905798351	567162866217101
567162883614497	567162922355643	567162883623351
567162919139497	567162938925435	567162920978560
567162927403039	567162955486893	567162928359810
567162949587414	567162972068664	567162951373872
567162956235851	567162988643143	567162957998872
567162966504601	567163005212935	567162968298872
567162982313456	567163021793664	567162984161893
567162998926997	567163038360331	567163000287935
567163013790539	567163054928039	567163014562414
567163030071789	567163071523351	567163030854601
567163046581164	567163088147831	567163047336893
567163064695747	567163104704081	567163065218664
567163082088456	567163121297831	567163083301476
567163118050956	567163137816581	567163119919185
567163128555643	567163154379081	567163130393143
567163135663976	567163170958247	567163137469185
567163147473872	567163187530643	567163149250435
567163162868143	567163204443143	567163164223872
567163178920747	567163220699393	567163179738976
567163196527518	567163237270747	567163197204081
567163213246789	567163253869706	567163214010851
567163229772831	567163270460851	567163230528039
567163247781685	567163287011372	567163248520226
567163264081164	567163303613456	567163264821789
567163280147310	567163320167101	567163280829081
567163320805122	567163336853039	567163322603039
567163329541060	567163353317622	567163331015539
567163343452518	567163369880643	567163345275956
567163351640539	567163386440539	567163353422310
567163364247310	567163403008768	567163366200956
567163379185331	567163419592622	567163381071268
567163394819185	567163436169706	567163396131685
567163411815018	567163452742101	567163412599914
567163427069185	567163469313976	567163427931685
567163443472831	567163485897831	567163444243143
567163459838976	567163502485331	567163460648872
567163476791060	567163519063456	567163478215539
567163494674393	567163535628560	567163495468664
567163524829601	567163552197831	567163526441581
567163541692622	567163568803560	567163543549393
567163550025435	567163585359810	567163551782726
567163567203560	567163602016581	567163569104601
567163582442101	567163618519706	567163584124393
567163596505122	567163635069185	567163597569185
567163613258247	567163651643664	567163614140018
567163627364497	567163668225435	567163628155643
567163643405122	567163684781164	567163644195226
567163659510331	567163701398872	567163660373351
567163675565539	567163717956685	567163676394705


16666666
567168121991059	567168159636371	567168124434288
567168136124913	567168176198351	567168138617621
567168153284288	567168192760330	567168155841580
567168177126476	567168209322830	567168179495226
567168196304601	567168225973871	567168198681684
567168208438455	567168242462934	567168210679080
567168226306163	567168259018663	567168229272309
567168242647830	567168275609288	567168245130642
567168258837413	567168292196788	567168261435330
567168276745746	567168308748351	567168279041580
567168292903038	567168325330121	567168295349913
567168311998351	567168341904080	567168314386371
567168328507205	567168358496267	567168330985330
567168345216059	567168375075434	567168347662413
567168360463976	567168391633767	567168362635330
567168378345746	567168408215017	567168380970226
567168395587413	567168424788976	567168397916580
567168404974913	567168441386892	567168407529601
567168427692621	567168457945746	567168430291059
567168442391059	567168474540017	567168444913455
567168462414496	567168491093663	567168464918142
567168476675434	567168507673351	567168479375955
567168496866059	567168524248351	567168499431684
567168511716059	567168540826996	567168514278559
567168525255121	567168557374913	567168528042101
567168544749392	567168573988455	567168546909288
567168560837934	567168590545746	567168563398351
567168578653559	567168607117621	567168581192101
567168594545226	567168623695746	567168598272309
567168609802517	567168640281684	567168612734288
567168625681684	567168656856163	567168628290538
567168641972309	567168673431684	567168644671788
567168661204601	567168689999392	567168663657205
567168677653038	567168706556163	567168680318663
567168693891580	567168723123351	567168696576476
567168709708767	567168739709809	567168712345746
567168726846788	567168756304080	567168729321267
567168743987413	567168772840538	567168746573351
567168763004601	567168789415538	567168761358767
567168769661371	567168805995746	567168772243663
567168792772830	567168822565538	567168795399392
567168808603038	567168839147309	567168811263976
567168825488455	567168855715538	567168828145226
567168844837934	567168872308246	567168847515017
567168859841580	567168888874392	567168862492621
567168877702517	567168905857205	567168880326996
567168893790017	567168922011371	567168896483767
567168910032726	567168938584288	567168912604601
567168928541580	567168955162934	567168930561892
567168941606684	567168971743142	567168944140017
567168958270746	567168988305121	567168961459809
567168975429601	567169004895226	567168978080121
567168989374913	567169021446267	567168992106163
567169009339496	567169038024913	567169011357726
567169024116059	567169054609288	567169026422830
567169040404080	567169071171788	567169042601996
567169057610851	567169087737413	567169060187413
567169074004080	567169104332726	567169076601476
567169090603038	567169120878038	567169093212413
567169107159288	567169137455642	567169109585330
567169123396267	567169154050434	567169125948351
567169139501475	567169170613975	567169142180121
567169156395225	567169187195225	567169158720746
567169179585330	567169203924913	567169182246267
567169200112413	567169220294184	567169202485330
567169214810330	567169236903559	567169217487934
567169239548350	567169270033246	567169242166059
567169250872830	567169286610850	567169253508246
567169264653038	567169303184809	567169267268142
567169279258767	567169319728038	567169281890017
567169297186371	567169336331163	567169299937413
567169315447830	567169352887413	567169318085330
567169332615017	567169369451475	567169335292621
567169348528038	567169386043142	567169351335330
567169430721788	567169452318663	567169433351475
567169450484809	567169468883246	567169453192621
567169464429600	567169485458767	567169466958767
567169478510330	567169502037413	567169481227517
567169481963455	567169518853038	567169483963455
567169503690017	567169535172309	567169506413975
567169514860850	567169551751996	567169517487413
567169636520746	567169667748350	567169639195225
567169642098871	567169684401475	567169644799913
567169665074913	567169700901996	567169667618663
567169686025955	567169717476996	567169688679080
567169697666580	567169734060850	567169700468663
567169711850955	567169750661892	567169714672309
567169728909809	567169767195746	567169730928038
567169746866059	567169783758767	567169749547309
567169761329600	567169800333767	567169763793663
567169777140017	567169816905121	567169779909809
567169795628038	567169833474392	567169797900434
567169811290017	567169850061371	567169813863975
567169825704600	567169866666059	567169828406163
567169842930121	567169883208767	567169845408246
567169861215017	567169899787934	567169863680121
567169880923871	567169916344705	567169883429080
567169896881163	567169932926475	567169899574392
567169911128038	567169949507725	567169913487934
567169928533246	567169966073871	567169930836892
567169942778038	567169982642621	567169945395746
567169960734288	567169999215017	567169963380121
567169978111892	567170015831163	567169980794705
567169992149913	567170032353038	567169995001996
567170010729080	567170049128559	567170013332725
567170028829080	567170065494184	567170031529600
567170041678559	567170082058246	567170044558767
567170059488455	567170098629600	567170062030121
567170076451475	567170115315538	567170079087934
567170091748350	567170131801475	567170094426996
567170110868142	567170148362413	567170113168663
567170126921267	567170164959809	567170129600955
567170141976475	567170181521788	567170144644705
567170141976475	567170446661371	567170144644705
567170461079600	567170479825434	567170463633246
567170498837934	567170529499392	567170501412934
567170509957204	567170546087934	567170512653559
567170523610329	567170562651475	567170526284809
567170550534288	567170579245746	567170553241579
567170557878038	567170595810329	567170560555121
567170572582725	567170612376996	567170575243142
567172166266058	567172186731683	567172168933767
567172234028558	567172253041579	567172236805121
567172296666058	567172319346267	567172300086371
567172365247829	567172385594183	567172367970746
567172431005121	567172451887933	567172433251996
567172493188975	567172518147829	567172493929079


16666666
567168121991059	567168159636371	567168124434288
567168136124913	567168176198351	567168138617621
567168153284288	567168192760330	567168155841580
567168177126476	567168209322830	567168179495226
567168196304601	567168225973871	567168198681684
567168208438455	567168242462934	567168210679080
567168226306163	567168259018663	567168229272309
567168242647830	567168275609288	567168245130642
567168258837413	567168292196788	567168261435330
567168276745746	567168308748351	567168279041580
567168292903038	567168325330121	567168295349913
567168311998351	567168341904080	567168314386371
567168328507205	567168358496267	567168330985330
567168345216059	567168375075434	567168347662413
567168360463976	567168391633767	567168362635330
567168378345746	567168408215017	567168380970226
567168395587413	567168424788976	567168397916580
567168404974913	567168441386892	567168407529601
567168427692621	567168457945746	567168430291059
567168442391059	567168474540017	567168444913455
567168462414496	567168491093663	567168464918142
567168476675434	567168507673351	567168479375955
567168496866059	567168524248351	567168499431684
567168511716059	567168540826996	567168514278559
567168525255121	567168557374913	567168528042101
567168544749392	567168573988455	567168546909288
567168560837934	567168590545746	567168563398351
567168578653559	567168607117621	567168581192101
567168594545226	567168623695746	567168598272309
567168609802517	567168640281684	567168612734288
567168625681684	567168656856163	567168628290538
567168641972309	567168673431684	567168644671788
567168661204601	567168689999392	567168663657205
567168677653038	567168706556163	567168680318663
567168693891580	567168723123351	567168696576476
567168709708767	567168739709809	567168712345746
567168726846788	567168756304080	567168729321267
567168743987413	567168772840538	567168746573351
567168763004601	567168789415538	567168761358767
567168769661371	567168805995746	567168772243663
567168792772830	567168822565538	567168795399392
567168808603038	567168839147309	567168811263976
567168825488455	567168855715538	567168828145226
567168844837934	567168872308246	567168847515017
567168859841580	567168888874392	567168862492621
567168877702517	567168905857205	567168880326996
567168893790017	567168922011371	567168896483767
567168910032726	567168938584288	567168912604601
567168928541580	567168955162934	567168930561892
567168941606684	567168971743142	567168944140017
567168958270746	567168988305121	567168961459809
567168975429601	567169004895226	567168978080121
567168989374913	567169021446267	567168992106163
567169009339496	567169038024913	567169011357726
567169024116059	567169054609288	567169026422830
567169040404080	567169071171788	567169042601996
567169057610851	567169087737413	567169060187413
567169074004080	567169104332726	567169076601476
567169090603038	567169120878038	567169093212413
567169107159288	567169137455642	567169109585330
567169123396267	567169154050434	567169125948351
567169139501475	567169170613975	567169142180121
567169156395225	567169187195225	567169158720746
567169179585330	567169203924913	567169182246267
567169200112413	567169220294184	567169202485330
567169214810330	567169236903559	567169217487934
567169239548350	567169270033246	567169242166059
567169250872830	567169286610850	567169253508246
567169264653038	567169303184809	567169267268142
567169279258767	567169319728038	567169281890017
567169297186371	567169336331163	567169299937413
567169315447830	567169352887413	567169318085330
567169332615017	567169369451475	567169335292621
567169348528038	567169386043142	567169351335330
567169430721788	567169452318663	567169433351475
567169450484809	567169468883246	567169453192621
567169464429600	567169485458767	567169466958767
567169478510330	567169502037413	567169481227517
567169481963455	567169518853038	567169483963455
567169503690017	567169535172309	567169506413975
567169514860850	567169551751996	567169517487413
567169636520746	567169667748350	567169639195225
567169642098871	567169684401475	567169644799913
567169665074913	567169700901996	567169667618663
567169686025955	567169717476996	567169688679080
567169697666580	567169734060850	567169700468663
567169711850955	567169750661892	567169714672309
567169728909809	567169767195746	567169730928038
567169746866059	567169783758767	567169749547309
567169761329600	567169800333767	567169763793663
567169777140017	567169816905121	567169779909809
567169795628038	567169833474392	567169797900434
567169811290017	567169850061371	567169813863975
567169825704600	567169866666059	567169828406163
567169842930121	567169883208767	567169845408246
567169861215017	567169899787934	567169863680121
567169880923871	567169916344705	567169883429080
567169896881163	567169932926475	567169899574392
567169911128038	567169949507725	567169913487934
567169928533246	567169966073871	567169930836892
567169942778038	567169982642621	567169945395746
567169960734288	567169999215017	567169963380121
567169978111892	567170015831163	567169980794705
567169992149913	567170032353038	567169995001996
567170010729080	567170049128559	567170013332725
567170028829080	567170065494184	567170031529600
567170041678559	567170082058246	567170044558767
567170059488455	567170098629600	567170062030121
567170076451475	567170115315538	567170079087934
567170091748350	567170131801475	567170094426996
567170110868142	567170148362413	567170113168663
567170126921267	567170164959809	567170129600955
567170141976475	567170181521788	567170144644705
567170141976475	567170446661371	567170144644705
567170461079600	567170479825434	567170463633246
567170498837934	567170529499392	567170501412934
567170509957204	567170546087934	567170512653559
567170523610329	567170562651475	567170526284809
567170550534288	567170579245746	567170553241579
567170557878038	567170595810329	567170560555121
567170572582725	567170612376996	567170575243142
567172166266058	567172186731683	567172168933767
567172234028558	567172253041579	567172236805121
567172296666058	567172319346267	567172300086371
567172365247829	567172385594183	567172367970746
567172431005121	567172451887933	567172433251996
567172493188975	567172518147829	567172493929079


16666666
567168578653559	567168607117621	567168581192101
567168594545226	567168623695746	567168598272309
567168609802517	567168640281684	567168612734288
567168625681684	567168656856163	567168628290538
567168641972309	567168673431684	567168644671788
567168661204601	567168689999392	567168663657205
567168677653038	567168706556163	567168680318663
567168693891580	567168723123351	567168696576476
567168709708767	567168739709809	567168712345746
567168726846788	567168756304080	567168729321267
567168743987413	567168772840538	567168746573351
567168763004601	567168789415538	567168761358767
567168769661371	567168805995746	567168772243663
567168792772830	567168822565538	567168795399392
567168808603038	567168839147309	567168811263976
567168825488455	567168855715538	567168828145226
567168844837934	567168872308246	567168847515017
567168859841580	567168888874392	567168862492621
567168877702517	567168905857205	567168880326996
567168893790017	567168922011371	567168896483767
567168910032726	567168938584288	567168912604601
567168928541580	567168955162934	567168930561892
567168941606684	567168971743142	567168944140017
567168958270746	567168988305121	567168961459809
567168975429601	567169004895226	567168978080121
567168989374913	567169021446267	567168992106163
567169009339496	567169038024913	567169011357726
567169024116059	567169054609288	567169026422830
567169040404080	567169071171788	567169042601996
567169057610851	567169087737413	567169060187413
567169074004080	567169104332726	567169076601476
567169090603038	567169120878038	567169093212413
567169107159288	567169137455642	567169109585330
567169123396267	567169154050434	567169125948351
567169139501475	567169170613975	567169142180121
567169156395225	567169187195225	567169158720746
567169179585330	567169203924913	567169182246267
567169200112413	567169220294184	567169202485330
567169214810330	567169236903559	567169217487934
567169239548350	567169270033246	567169242166059
567169250872830	567169286610850	567169253508246
567169264653038	567169303184809	567169267268142
567169279258767	567169319728038	567169281890017
567169297186371	567169336331163	567169299937413
567169315447830	567169352887413	567169318085330
567169332615017	567169369451475	567169335292621
567169348528038	567169386043142	567169351335330
567169430721788	567169452318663	567169433351475
567169450484809	567169468883246	567169453192621
567169464429600	567169485458767	567169466958767
567169478510330	567169502037413	567169481227517
567169481963455	567169518853038	567169483963455
567169503690017	567169535172309	567169506413975
567169514860850	567169551751996	567169517487413
567169636520746	567169667748350	567169639195225
567169642098871	567169684401475	567169644799913
567169665074913	567169700901996	567169667618663
567169686025955	567169717476996	567169688679080
567169697666580	567169734060850	567169700468663
567169711850955	567169750661892	567169714672309
567169728909809	567169767195746	567169730928038
567169746866059	567169783758767	567169749547309
567169761329600	567169800333767	567169763793663
567169777140017	567169816905121	567169779909809
567169795628038	567169833474392	567169797900434
567169811290017	567169850061371	567169813863975
567169825704600	567169866666059	567169828406163
567169842930121	567169883208767	567169845408246
567169861215017	567169899787934	567169863680121
567169880923871	567169916344705	567169883429080
567169896881163	567169932926475	567169899574392
567169911128038	567169949507725	567169913487934
567169928533246	567169966073871	567169930836892
567169942778038	567169982642621	567169945395746
567169960734288	567169999215017	567169963380121
567169978111892	567170015831163	567169980794705
567169992149913	567170032353038	567169995001996
567170010729080	567170049128559	567170013332725
567170028829080	567170065494184	567170031529600
567170041678559	567170082058246	567170044558767
567170059488455	567170098629600	567170062030121
567170076451475	567170115315538	567170079087934
567170091748350	567170131801475	567170094426996
567170110868142	567170148362413	567170113168663
567170126921267	567170164959809	567170129600955
567170141976475	567170181521788	567170144644705
567170141976475	567170446661371	567170144644705
567170461079600	567170479825434	567170463633246
567170498837934	567170529499392	567170501412934
567170509957204	567170546087934	567170512653559
567170523610329	567170562651475	567170526284809
567170550534288	567170579245746	567170553241579
567170557878038	567170595810329	567170560555121
567170572582725	567170612376996	567170575243142
567172166266058	567172186731683	567172168933767
567172234028558	567172253041579	567172236805121
567172296666058	567172319346267	567172300086371
567172365247829	567172385594183	567172367970746
567172431005121	567172451887933	567172433251996
567172493188975	567172518147829	567172493929079
567223630944176	567223651184801	567223632682196
567223641491571	567223667778030	567223643420738
567223661111884	567223684330113	567223662280113
567223674910321	567223701059280	567223676653030
567223690516051	567223717646259	567223692253551
567223707171780	567223734046259	567223708937926
567223724163967	567223750625946	567223725875946
567223740472301	567223767193134	567223742178550
567223757346780	567223783779592	567223759035842
567223774662405	567223800354592	567223776491571
567223790775946	567223816894696	567223792568134
567223806882196	567223833484800	567223808844696
567223823912405	567223850058238	567223825768134
567223840488967	567223866640009	567223842401988
567223856637925	567223883209800	567223858528030
567223878223863	567223899782196	567223880237405
567223890053030	567223916344175	567223891478550
567223906540009	567223932923863	567223908466050
567223923095738	567223949495217	567223924968134
567223939433759	567223966076988	567223941320738
567223956314488	567223982663967	567223958387925
567223972632717	567223999230634	567223974412925
567223989243655	567224015804071	567223991032717
567224005633759	567224032376988	567224007447300
567224022424905	567224048944175	567224024301988
567224041019696	567224065512925	567224042907717
567224054941050	567224082082196	567224056806675


16666666
567241532633756	567241550821256	567241534556673
567241551285839	567241567391048	567241552859798
567241567403548	567241583955110	567241569683235
567241571486360	567241600531152	567241573410839
567241600180631	567241617108756	567241602449902
567241616858235	567241633680110	567241618831673
567241634823860	567241650297298	567241637086360
567241651877506	567241683425944	567241654138444
567241668796777	567241699990527	567241670940006
567241687685839	567241716537402	567241689850423
567241703491569	567241733149381	567241705774902
567241717232714	567241749711360	567241719451464
567241737042610	567241766295735	567241739273860
567241751281673	567241782850944	567241753430631
567241771053548	567241799449902	567241772861881
567241787595735	567241816011881	567241789601985
567241802342089	567241832765006	567241804406673
567241818324902	567241849159798	567241820589485
567241835382194	567241865739485	567241837351464
567241851971777	567241882325423	567241854162923
567241868214485	567241898897819	567241870371777
567241886247819	567241915472819	567241888429589
567241902882714	567241932059798	567241905203027
567241920359798	567241948623860	567241922562402
567241935074902	567241965189485	567241937161881
567241951636881	567241981755631	567241953476985
567241966439485	567241998344173	567241968909277
567241984802506	567242014929589	567241986879589
567242000185319	567242031505631	567242002618131
567242015963444	567242048065527	567242018513444
567242036134798	567242064650944	567242038346777
567242050253548	567242081205110	567242052642089
567242067019694	567242097790527	567242069870735
567242082988964	567242114365527	567242085363444
567242100244694	567242130936881	567242102612923
567242117901464	567242147538964	567242119819694
567242137363964	567242164104069	567242139184798
567242152936881	567242180667089	567242155226464
567242171208235	567242197529069	567242173361360
567242183800944	567242213831673	567242186169694
567242199129069	567242230402506	567242201565527
567242214563964	567242246978548	567242217018131
567242231426464	567242263549902	567242233832714
567242249757714	567242280132194	567242252232194
567242266931152	567242296708235	567242270309798
567242283117610	567242313297818	567242285587923
567242300999902	567242329844693	567242303190006
567242316892610	567242346419173	567242319323860
567242334684798	567242363022298	567242336956152
567242351107714	567242379585318	567242353636360
567242367385318	567242396148339	567242369866568
567242383199381	567242412716568	567242385735839
567242398903027	567242429307193	567242401418652
567242415863443	567242445880110	567242418169693
567242432625423	567242462456152	567242435059798
567242449704589	567242479020735	567242452235839
567242467316048	567242495588964	567242469841568
567242489106673	567242512163443	567242491681152
567242509099381	567242528740006	567242511807193
567242527293131	567242545365527	567242529796777
567242547170735	567242578469173	567242549687402
567242556735318	567242595021256	567242559313964
567242574477506	567242611595214	567242577107193
567242590830110	567242628257714	567242593438443
567242608195214	567242644746777	567242610784798
567242624178027	567242661341568	567242626868131
567242642271256	567242677891048	567242644900943
567242658046256	567242694454068	567242660722298
567242671653027	567242711041048	567242674304068
567242691238964	567242727619173	567242694250423
567242707223860	567242744173860	567242709908756
567242724808756	567242760748339	567242727391048
567242737859798	567242777324902	567242740525423
567242755840006	567242793890006	567242758585839
567242770256673	567242810491568	567242773239485
567242788397818	567242827050943	567242791053548
567242805865527	567242843605110	567242808569693
567242828475423	567242860187923	567242833111881
567242841491568	567242876751464	567242843687402
567242855773339	567242893320735	567242858004068
567242872254068	567242909894173	567242874938964
567242888392089	567242926473339	567242890605110
567242903352506	567242943031152	567242905991048
567242919504589	567242959603548	567242922128548
567242936790006	567242976168131	567242939222818
567242955747298	567242992745214	567242958413443
567242969109277	567243009316048	567242972079589
567242986783756	567243025888443	567242989310839
567243004515527	567243042462923	567243007161881
567243018467610	567243059042089	567243021162402
567243036531152	567243075619173	567243039155631
567243052042610	567243092181152	567243054713443
567243070894173	567243108782714	567243073372818
567243087930110	567243125325423	567243090209277
567243105043131	567243141901464	567243107672298
567243119654589	567243158466568	567243122299381
567243186292089	567243208190006	567243189020735
567243205913443	567243224762923	567243208636881
567243211590527	567243241298860	567243214409277
567243389142089	567243407025422	567243391770214
567243407694693	567243423620214	567243410260318
567243421871777	567243440175943	567243424574902
567243438782193	567243456753547	567243441487922
567243455658235	567243473315527	567243458408756
567243471647818	567243489866568	567243474363964
567243486347297	567243506449902	567243489035839
567243500615006	567243523023339	567243502975422
567243516737402	567243539606152	567243519433235
567243535961881	567243556174381	567243538485318
567243549770214	567243572751464	567243552340527
567243555729589	567243589336360	567243558340006
567243571146256	567243605905110	567243573931152
567243595887402	567243622469172	567243598657714
567243608918652	567243639047297	567243611635318
567243623238964	567243655621777	567243625908235
567243639773339	567243672203547	567243642757193
567243657041047	567243688761360	567243659797818
567243675036360	567243705331152	567243677719693
567243683091568	567243721893131	567243685925422
567244024543652	567244053422818	567244027131672
567244033346256	567244069989485	567244035973860
567244049012402	567244086576464	567244051663443
567244062947297	567244103143131	567244065725943
567244062947297	567244186021777	567244065725943
567244208268652	567244235757193	567244210963443
567244214325422	567244252316047	567244217033235
567244245308756	567244268895214	567244247983756


16666666
567241634823860	567241650297298	567241637086360
567241651877506	567241683425944	567241654138444
567241668796777	567241699990527	567241670940006
567241687685839	567241716537402	567241689850423
567241703491569	567241733149381	567241705774902
567241717232714	567241749711360	567241719451464
567241737042610	567241766295735	567241739273860
567241751281673	567241782850944	567241753430631
567241771053548	567241799449902	567241772861881
567241787595735	567241816011881	567241789601985
567241802342089	567241832765006	567241804406673
567241818324902	567241849159798	567241820589485
567241835382194	567241865739485	567241837351464
567241851971777	567241882325423	567241854162923
567241868214485	567241898897819	567241870371777
567241886247819	567241915472819	567241888429589
567241902882714	567241932059798	567241905203027
567241920359798	567241948623860	567241922562402
567241935074902	567241965189485	567241937161881
567241951636881	567241981755631	567241953476985
567241966439485	567241998344173	567241968909277
567241984802506	567242014929589	567241986879589
567242000185319	567242031505631	567242002618131
567242015963444	567242048065527	567242018513444
567242036134798	567242064650944	567242038346777
567242050253548	567242081205110	567242052642089
567242067019694	567242097790527	567242069870735
567242082988964	567242114365527	567242085363444
567242100244694	567242130936881	567242102612923
567242117901464	567242147538964	567242119819694
567242137363964	567242164104069	567242139184798
567242152936881	567242180667089	567242155226464
567242171208235	567242197529069	567242173361360
567242183800944	567242213831673	567242186169694
567242199129069	567242230402506	567242201565527
567242214563964	567242246978548	567242217018131
567242231426464	567242263549902	567242233832714
567242249757714	567242280132194	567242252232194
567242266931152	567242296708235	567242270309798
567242283117610	567242313297818	567242285587923
567242300999902	567242329844693	567242303190006
567242316892610	567242346419173	567242319323860
567242334684798	567242363022298	567242336956152
567242351107714	567242379585318	567242353636360
567242367385318	567242396148339	567242369866568
567242383199381	567242412716568	567242385735839
567242398903027	567242429307193	567242401418652
567242415863443	567242445880110	567242418169693
567242432625423	567242462456152	567242435059798
567242449704589	567242479020735	567242452235839
567242467316048	567242495588964	567242469841568
567242489106673	567242512163443	567242491681152
567242509099381	567242528740006	567242511807193
567242527293131	567242545365527	567242529796777
567242547170735	567242578469173	567242549687402
567242556735318	567242595021256	567242559313964
567242574477506	567242611595214	567242577107193
567242590830110	567242628257714	567242593438443
567242608195214	567242644746777	567242610784798
567242624178027	567242661341568	567242626868131
567242642271256	567242677891048	567242644900943
567242658046256	567242694454068	567242660722298
567242671653027	567242711041048	567242674304068
567242691238964	567242727619173	567242694250423
567242707223860	567242744173860	567242709908756
567242724808756	567242760748339	567242727391048
567242737859798	567242777324902	567242740525423
567242755840006	567242793890006	567242758585839
567242770256673	567242810491568	567242773239485
567242788397818	567242827050943	567242791053548
567242805865527	567242843605110	567242808569693
567242828475423	567242860187923	567242833111881
567242841491568	567242876751464	567242843687402
567242855773339	567242893320735	567242858004068
567242872254068	567242909894173	567242874938964
567242888392089	567242926473339	567242890605110
567242903352506	567242943031152	567242905991048
567242919504589	567242959603548	567242922128548
567242936790006	567242976168131	567242939222818
567242955747298	567242992745214	567242958413443
567242969109277	567243009316048	567242972079589
567242986783756	567243025888443	567242989310839
567243004515527	567243042462923	567243007161881
567243018467610	567243059042089	567243021162402
567243036531152	567243075619173	567243039155631
567243052042610	567243092181152	567243054713443
567243070894173	567243108782714	567243073372818
567243087930110	567243125325423	567243090209277
567243105043131	567243141901464	567243107672298
567243119654589	567243158466568	567243122299381
567243186292089	567243208190006	567243189020735
567243205913443	567243224762923	567243208636881
567243211590527	567243241298860	567243214409277
567243389142089	567243407025422	567243391770214
567243407694693	567243423620214	567243410260318
567243421871777	567243440175943	567243424574902
567243438782193	567243456753547	567243441487922
567243455658235	567243473315527	567243458408756
567243471647818	567243489866568	567243474363964
567243486347297	567243506449902	567243489035839
567243500615006	567243523023339	567243502975422
567243516737402	567243539606152	567243519433235
567243535961881	567243556174381	567243538485318
567243549770214	567243572751464	567243552340527
567243555729589	567243589336360	567243558340006
567243571146256	567243605905110	567243573931152
567243595887402	567243622469172	567243598657714
567243608918652	567243639047297	567243611635318
567243623238964	567243655621777	567243625908235
567243639773339	567243672203547	567243642757193
567243657041047	567243688761360	567243659797818
567243675036360	567243705331152	567243677719693
567243683091568	567243721893131	567243685925422
567244024543652	567244053422818	567244027131672
567244033346256	567244069989485	567244035973860
567244049012402	567244086576464	567244051663443
567244062947297	567244103143131	567244065725943
567244062947297	567244186021777	567244065725943
567244208268652	567244235757193	567244210963443
567244214325422	567244252316047	567244217033235
567244245308756	567244268895214	567244247983756
567245850410318	567245876454589	567245853111880
567245906708235	567245926122297	567245909237922
567245971192610	567245992416568	567245973838964
567246037086360	567246059061360	567246039772818
567246102366568	567246124981151	567246104497297
567246166448860	567246191269172	567246167122297


16666666
567241634823860	567241650297298	567241637086360
567241651877506	567241683425944	567241654138444
567241668796777	567241699990527	567241670940006
567241687685839	567241716537402	567241689850423
567241703491569	567241733149381	567241705774902
567241717232714	567241749711360	567241719451464
567241737042610	567241766295735	567241739273860
567241751281673	567241782850944	567241753430631
567241771053548	567241799449902	567241772861881
567241787595735	567241816011881	567241789601985
567241802342089	567241832765006	567241804406673
567241818324902	567241849159798	567241820589485
567241835382194	567241865739485	567241837351464
567241851971777	567241882325423	567241854162923
567241868214485	567241898897819	567241870371777
567241886247819	567241915472819	567241888429589
567241902882714	567241932059798	567241905203027
567241920359798	567241948623860	567241922562402
567241935074902	567241965189485	567241937161881
567241951636881	567241981755631	567241953476985
567241966439485	567241998344173	567241968909277
567241984802506	567242014929589	567241986879589
567242000185319	567242031505631	567242002618131
567242015963444	567242048065527	567242018513444
567242036134798	567242064650944	567242038346777
567242050253548	567242081205110	567242052642089
567242067019694	567242097790527	567242069870735
567242082988964	567242114365527	567242085363444
567242100244694	567242130936881	567242102612923
567242117901464	567242147538964	567242119819694
567242137363964	567242164104069	567242139184798
567242152936881	567242180667089	567242155226464
567242171208235	567242197529069	567242173361360
567242183800944	567242213831673	567242186169694
567242199129069	567242230402506	567242201565527
567242214563964	567242246978548	567242217018131
567242231426464	567242263549902	567242233832714
567242249757714	567242280132194	567242252232194
567242266931152	567242296708235	567242270309798
567242283117610	567242313297818	567242285587923
567242300999902	567242329844693	567242303190006
567242316892610	567242346419173	567242319323860
567242334684798	567242363022298	567242336956152
567242351107714	567242379585318	567242353636360
567242367385318	567242396148339	567242369866568
567242383199381	567242412716568	567242385735839
567242398903027	567242429307193	567242401418652
567242415863443	567242445880110	567242418169693
567242432625423	567242462456152	567242435059798
567242449704589	567242479020735	567242452235839
567242467316048	567242495588964	567242469841568
567242489106673	567242512163443	567242491681152
567242509099381	567242528740006	567242511807193
567242527293131	567242545365527	567242529796777
567242547170735	567242578469173	567242549687402
567242556735318	567242595021256	567242559313964
567242574477506	567242611595214	567242577107193
567242590830110	567242628257714	567242593438443
567242608195214	567242644746777	567242610784798
567242624178027	567242661341568	567242626868131
567242642271256	567242677891048	567242644900943
567242658046256	567242694454068	567242660722298
567242671653027	567242711041048	567242674304068
567242691238964	567242727619173	567242694250423
567242707223860	567242744173860	567242709908756
567242724808756	567242760748339	567242727391048
567242737859798	567242777324902	567242740525423
567242755840006	567242793890006	567242758585839
567242770256673	567242810491568	567242773239485
567242788397818	567242827050943	567242791053548
567242805865527	567242843605110	567242808569693
567242828475423	567242860187923	567242833111881
567242841491568	567242876751464	567242843687402
567242855773339	567242893320735	567242858004068
567242872254068	567242909894173	567242874938964
567242888392089	567242926473339	567242890605110
567242903352506	567242943031152	567242905991048
567242919504589	567242959603548	567242922128548
567242936790006	567242976168131	567242939222818
567242955747298	567242992745214	567242958413443
567242969109277	567243009316048	567242972079589
567242986783756	567243025888443	567242989310839
567243004515527	567243042462923	567243007161881
567243018467610	567243059042089	567243021162402
567243036531152	567243075619173	567243039155631
567243052042610	567243092181152	567243054713443
567243070894173	567243108782714	567243073372818
567243087930110	567243125325423	567243090209277
567243105043131	567243141901464	567243107672298
567243119654589	567243158466568	567243122299381
567243186292089	567243208190006	567243189020735
567243205913443	567243224762923	567243208636881
567243211590527	567243241298860	567243214409277
567243389142089	567243407025422	567243391770214
567243407694693	567243423620214	567243410260318
567243421871777	567243440175943	567243424574902
567243438782193	567243456753547	567243441487922
567243455658235	567243473315527	567243458408756
567243471647818	567243489866568	567243474363964
567243486347297	567243506449902	567243489035839
567243500615006	567243523023339	567243502975422
567243516737402	567243539606152	567243519433235
567243535961881	567243556174381	567243538485318
567243549770214	567243572751464	567243552340527
567243555729589	567243589336360	567243558340006
567243571146256	567243605905110	567243573931152
567243595887402	567243622469172	567243598657714
567243608918652	567243639047297	567243611635318
567243623238964	567243655621777	567243625908235
567243639773339	567243672203547	567243642757193
567243657041047	567243688761360	567243659797818
567243675036360	567243705331152	567243677719693
567243683091568	567243721893131	567243685925422
567244024543652	567244053422818	567244027131672
567244033346256	567244069989485	567244035973860
567244049012402	567244086576464	567244051663443
567244062947297	567244103143131	567244065725943
567244062947297	567244186021777	567244065725943
567244208268652	567244235757193	567244210963443
567244214325422	567244252316047	567244217033235
567244245308756	567244268895214	567244247983756
567245850410318	567245876454589	567245853111880
567245906708235	567245926122297	567245909237922
567245971192610	567245992416568	567245973838964
567246037086360	567246059061360	567246039772818
567246102366568	567246124981151	567246104497297
567246166448860	567246191269172	567246167122297


16666666
567303272453538	567303311284788	567303273433226
567303289414997	567303327867080	567303290542601
567303306069163	567303344435309	567303307150413
567303322722288	567303361011872	567303323836351
567303339583747	567303377584268	567303340688955
567303355810309	567303394157184	567303356951976
567303373006663	567303410719684	567303374039997
567303388936351	567303427310830	567303390028018
567303405680101	567303443901976	567303406733226
567303422960830	567303460461351	567303424517601
567303439857705	567303477055101	567303441508226
567303456283226	567303493631663	567303458021768
567303472631143	567303510197288	567303474263434
567303488984788	567303526776455	567303490668122
567303507967080	567303543360830	567303509536872
567303525313955	567303559929059	567303526918122
567303546556663	567303576520205	567303548154059
567303554554059	567303593087392	567303556111872
567303572292080	567303609664476	567303573662392
567303587520726	567303626233747	567303589458226
567303604077497	567303642809788	567303605666038
567303620530622	567303659384788	567303622403538
567303639173330	567303675976976	567303640768122
567303657668122	567303692548851	567303659136872
567303676662392	567303709117601	567303678418122
567303690158226	567303725671767	567303691741038
567303708949892	567303742286351	567303710542080
567303725950934	567303758856142	567303727512913
567303739212392	567303775411351	567303742359267
567303760594163	567303791982184	567303762335309
567303771348330	567303808587392	567303773034788
567303792769163	567303825116038	567303794591559
567303808063955	567303841675934	567303809656142
567303823647809	567303858321767	567303825280101
567303841583226	567303874838955	567303843147809
567303858542080	567303891612392	567303861433747
567303877146767	567303907990517	567303878746247
567303888689476	567303924608226	567303890285830
567303907776976	567303941117080	567303909583747
567303924633747	567303957684267	567303926419163
567303942533747	567303974278538	567303944084267
567303958304059	567303990845205	567303959531663
567303971912392	567304007435309	567303973504580
567303994818642	567304024009788	567303996482184
567304005222288	567304040613434	567304006796767
567304023753017	567304057157705	567304025471767
567304042652497	567304073708226	567304044894684
567304054503538	567304090292601	567304056155622
567304082443122	567304106866038	567304083994684
567304097884267	567304123445205	567304099609788
567304107704580	567304140029580	567304109330622
567304116246247	567304156603538	567304117782184
567304140667601	567304173213955	567304142232705
567304159046767	567304189760830	567304160600934
567304165888434	567304206322809	567304167450934
567304189454580	567304222968642	567304191003017
567304207049372	567304239514997	567304208604059
567304226429580	567304256069684	567304227822809
567304232695726	567304272638434	567304234523330
567304256666038	567304289222288	567304258101976
567304274356142	567304305807705	567304275808747
567304282148330	567304322448851	567304283610309
567304307576976	567304338931142	567304309079059
567304314963955	567304355599372	567304316456142
567304337461351	567304372099892	567304338900934
567304354083226	567304388699372	567304355651455
567304364456663	567304405266559	567304365939997
567304387676455	567304421835309	567304389172288
567304408098330	567304438461351	567304409543642
567304415056142	567304455037913	567304416577497
567304441332184	567304471573330	567304442715517
567304448190517	567304488138955	567304449656142
567304476263434	567304504733747	567304478039997
567304520782705	567304537910309	567304522264476
567304552509267	567304571041038	567304553954580
567304574063434	567304604204059	567304575549892
567304580989996	567304620796246	567304582348851
567304603143121	567304637341559	567304604681142
567304613769163	567304653962913	567304615322809
567304635582705	567304670522809	567304637035830
567304652788434	567304687100934	567304654269684
567304672366038	567304703671767	567304673086351
567304679660830	567304720275413	567304680642601
567304703348851	567304736819684	567304704409788
567304718346767	567304753418642	567304720363955
567304733987913	567304769978538	567304734926976
567304750795726	567304786552496	567304751792601
567304768320726	567304803143642	567304769362913
567304781596767	567304819709788	567304782610830
567304799484267	567304836286871	567304800468642
567304814444163	567304852851455	567304815432184
567304831547809	567304869438434	567304832566038
567304849778538	567304886021767	567304850744684
567304864414996	567304902595205	567304865364996
567304881614996	567304919183226	567304882585830
567304899824892	567304935751455	567304900824892
567304913863955	567304952325413	567304914881142
567304930458226	567304968897288	567304931931142
567304947507184	567304985472809	567304948472288
567304964964476	567305002050413	567304965925934
567304980098330	567305018628538	567304981022809
567304997179580	567305035210309	567304998153538
567305015443642	567305051779580	567305016398330
567305029718642	567305068348330	567305030664476
567305048861351	567305084917080	567305049818642
567305062938955	567305101476976	567305063872809
567305080482705	567305118062913	567305081475413
567305099839476	567305134630621	567305100764996
567305112556663	567305151221246	567305113492080
567305131800934	567305167773330	567305132706663
567305145914476	567305184349892	567305146871767
567305164512392	567305200912392	567305165251976
567305179074892	567305217494684	567305180138434
567305198545726	567305234080621	567305199986871
567305212331663	567305250649892	567305213287913
567305230924892	567305267199892	567305231940517
567305245395726	567305283783226	567305246370726
567305263800934	567305300368642	567305264775934
567305278413434	567305316938434	567305279427496
567305295740517	567305333506142	567305296702496
567305312168121	567305350074892	567305313207184
567305328387913	567305366657184	567305329357705
567305341839996	567305383230621	567305342780101
567305357978538	567305399800934	567305359310309
567305375355621	567305416392601	567305376335830
567305391583226	567305432973330	567305392553017
567305411244163	9223372036854775807	567305412242601


16666666
567317626369682	567317665017078	567317629057182
567317641137911	567317681587911	567317644156661
567317659300932	567317698157182	567317661749890
567317676454578	567317714751453	567317679148328
567317692488432	567317731337911	567317695142599
567317709025411	567317747885828	567317711671765
567317727955099	567317764466557	567317730612390
567317742981661	567317781026453	567317745710307
567317757664994	567317797600932	567317760319682
567317776926974	567317814186869	567317779118640
567317800454578	567317830754578	567317802951453
567317821923328	567317847338432	567317824365515
567317840608744	567317863904578	567317843004578
567317854769682	567317880467078	567317856846244
567317869417078	567317897057703	567317870777494
567317881951974	567317913621765	567317884444161
567317895976974	567317930206661	567317898705619
567317912357182	567317946780619	567317915054057
567317929705099	567317963356661	567317932079578
567317946438432	567317979937911	567317949085828
567317961757703	567317996514474	567317964375411
567317979596244	567318013082703	567317982239994
567317997475411	567318029649369	567318000161869
567318014217599	567318046223849	567318016991557
567318031209786	567318062835307	567318033922807
567318047010307	567318079410828	567318049735307
567318063409265	567318095958744	567318066095724
567318071900932	567318112536349	567318074579578
567318102774369	567318129118119	567318105169682
567318115316036	567318145668640	567318117866557
567318129746244	567318162274369	567318132497286
567318149133224	567318178847286	567318151679578
567318163446765	567318195398328	567318166131661
567318182422286	567318211983744	567318185129057
567318199895724	567318228564994	567318202550411
567318215755619	567318245140515	567318218512911
567318232939474	567318261698328	567318235620724
567318243658224	567318278311349	567318246159265
567318258062911	567318294867078	567318260743119
567318321960307	567318344592599	567318324744161
567318332131140	567318361150411	567318334879057
567318337366557	567318377723849	567318340109265
567318529707703	567318560081661	567318532437390
567318548430099	567318576646244	567318550973328
567318566081140	567318593226974	567318568549369
567318577122286	567318609844682	567318579622807
567318587330619	567318626372807	567318589966557
567318702364474	567318725832182	567318704988953
567318720639474	567318742418640	567318723259786
567318736668640	567318758981661	567318739303536
567318753457182	567318775564994	567318756111349
567318767734786	567318792124890	567318770398848
567318780806661	567318808731140	567318783449890
567318795022286	567318825310828	567318797671244
567318812815515	567318841866036	567318815406140
567318829009265	567318858442078	567318831669161
567318837096765	567318875022807	567318839756140
567318902634265	567318924747807	567318904998328
567318922654057	567318941332182	567318925941036
567318938735828	567318957916036	567318941519682
567318951955098	567318974484786	567318954622286
567318971011869	567318991070723	567318973798848
567318986751973	567319007642598	567318989420723
567319001904057	567319024225411	567319004582703
567319016147286	567319040828015	567319018697286
567319030013953	567319057401973	567319032714473
567319042489473	567319073946765	567319045294161
567319052487911	567319090533744	567319055178015
567319096612911	567319123706140	567319099242598
567319116307703	567319140269161	567319119069682
567319134507182	567319156882182	567319136999890
567319152237390	567319173413953	567319154951453
567319172962390	567319189987911	567319175621244
567319189489473	567319206554057	567319192100932
567319197921244	567319223135307	567319200543640
567319203702494	567319239695723	567319206297286
567319290440515	567319306013953	567319293008223
567319305773328	567319322595203	567319308280619
567319321841557	567319339170723	567319325448328
567319342538953	567319372322807	567319345140515
567319363759265	567319388896765	567319366306140
567319375292598	567319405477494	567319378019161
567319393447286	567319422032182	567319396422286
567319409334265	567319438607182	567319411341036
567319422716036	567319455192078	567319425279578
567319437935307	567319471769682	567319440608744
567319455061869	567319488341557	567319457704057
567319472299369	567319504912911	567319474957703
567319488784265	567319521497286	567319491499890
567319505473328	567319538078536	567319508159786
567319522716557	567319554635828	567319525501453
567319538825932	567319571232703	567319541680619
567319559634265	567319587786348	567319562117078
567319577606661	567319604409265	567319580213432
567319581126453	567319620973328	567319583053536
567319613069682	567319637541036	567319615578536
567319626025932	567319654095723	567319628725411
567319641005619	567319670682182	567319643686348
567319646397286	567319687232703	567319649018119
567319929080619	567319952598327	567319931473327
567319948535827	567319969011348	567319951231140
567319968354577	567319985630098	567319971716557
567319985649369	567320002172807	567319988297286
567320001256140	567320018784265	567320003655098
567320020258223	567320035311348	567320022516557
567320025050411	567320051897286	567320027751452
567320038490515	567320068468640	567320041075932
567320056948327	567320085052494	567320059618119
567320060463952	567320101629577	567320062492077
567320090361869	567320118200411	567320093057702
567320095454577	567320134779057	567320098269161
567320581844682	567320598852494	567320584654057
567320584647286	567320615417077	567320586214994
567320596543119	567320632007702	567320599247286
567320596543119	567320930310827	567320599247286
567320936482182	567320963449890	567320939051452
567320947471244	567320980051973	567320950085827
567320955927494	567320996611348	567320958633223
567320983164994	567321013200931	567320984887911
567320992074369	567321029759265	567320994749369
567321007296244	567321046331140	567321010005619
567322604797285	567322620845723	567322607497285
567322665148848	567322687122806	567322667734265
567322731194681	567322753454577	567322733864473
567322799358223	567322819731660	567322802049369
567322862707702	567322885974369	567322864936348
567322926995723	567322952285827	567322927837390


16666666
567317626369682	567317665017078	567317629057182
567317641137911	567317681587911	567317644156661
567317659300932	567317698157182	567317661749890
567317676454578	567317714751453	567317679148328
567317692488432	567317731337911	567317695142599
567317709025411	567317747885828	567317711671765
567317727955099	567317764466557	567317730612390
567317742981661	567317781026453	567317745710307
567317757664994	567317797600932	567317760319682
567317776926974	567317814186869	567317779118640
567317800454578	567317830754578	567317802951453
567317821923328	567317847338432	567317824365515
567317840608744	567317863904578	567317843004578
567317854769682	567317880467078	567317856846244
567317869417078	567317897057703	567317870777494
567317881951974	567317913621765	567317884444161
567317895976974	567317930206661	567317898705619
567317912357182	567317946780619	567317915054057
567317929705099	567317963356661	567317932079578
567317946438432	567317979937911	567317949085828
567317961757703	567317996514474	567317964375411
567317979596244	567318013082703	567317982239994
567317997475411	567318029649369	567318000161869
567318014217599	567318046223849	567318016991557
567318031209786	567318062835307	567318033922807
567318047010307	567318079410828	567318049735307
567318063409265	567318095958744	567318066095724
567318071900932	567318112536349	567318074579578
567318102774369	567318129118119	567318105169682
567318115316036	567318145668640	567318117866557
567318129746244	567318162274369	567318132497286
567318149133224	567318178847286	567318151679578
567318163446765	567318195398328	567318166131661
567318182422286	567318211983744	567318185129057
567318199895724	567318228564994	567318202550411
567318215755619	567318245140515	567318218512911
567318232939474	567318261698328	567318235620724
567318243658224	567318278311349	567318246159265
567318258062911	567318294867078	567318260743119
567318321960307	567318344592599	567318324744161
567318332131140	567318361150411	567318334879057
567318337366557	567318377723849	567318340109265
567318529707703	567318560081661	567318532437390
567318548430099	567318576646244	567318550973328
567318566081140	567318593226974	567318568549369
567318577122286	567318609844682	567318579622807
567318587330619	567318626372807	567318589966557
567318702364474	567318725832182	567318704988953
567318720639474	567318742418640	567318723259786
567318736668640	567318758981661	567318739303536
567318753457182	567318775564994	567318756111349
567318767734786	567318792124890	567318770398848
567318780806661	567318808731140	567318783449890
567318795022286	567318825310828	567318797671244
567318812815515	567318841866036	567318815406140
567318829009265	567318858442078	567318831669161
567318837096765	567318875022807	567318839756140
567318902634265	567318924747807	567318904998328
567318922654057	567318941332182	567318925941036
567318938735828	567318957916036	567318941519682
567318951955098	567318974484786	567318954622286
567318971011869	567318991070723	567318973798848
567318986751973	567319007642598	567318989420723
567319001904057	567319024225411	567319004582703
567319016147286	567319040828015	567319018697286
567319030013953	567319057401973	567319032714473
567319042489473	567319073946765	567319045294161
567319052487911	567319090533744	567319055178015
567319096612911	567319123706140	567319099242598
567319116307703	567319140269161	567319119069682
567319134507182	567319156882182	567319136999890
567319152237390	567319173413953	567319154951453
567319172962390	567319189987911	567319175621244
567319189489473	567319206554057	567319192100932
567319197921244	567319223135307	567319200543640
567319203702494	567319239695723	567319206297286
567319290440515	567319306013953	567319293008223
567319305773328	567319322595203	567319308280619
567319321841557	567319339170723	567319325448328
567319342538953	567319372322807	567319345140515
567319363759265	567319388896765	567319366306140
567319375292598	567319405477494	567319378019161
567319393447286	567319422032182	567319396422286
567319409334265	567319438607182	567319411341036
567319422716036	567319455192078	567319425279578
567319437935307	567319471769682	567319440608744
567319455061869	567319488341557	567319457704057
567319472299369	567319504912911	567319474957703
567319488784265	567319521497286	567319491499890
567319505473328	567319538078536	567319508159786
567319522716557	567319554635828	567319525501453
567319538825932	567319571232703	567319541680619
567319559634265	567319587786348	567319562117078
567319577606661	567319604409265	567319580213432
567319581126453	567319620973328	567319583053536
567319613069682	567319637541036	567319615578536
567319626025932	567319654095723	567319628725411
567319641005619	567319670682182	567319643686348
567319646397286	567319687232703	567319649018119
567319929080619	567319952598327	567319931473327
567319948535827	567319969011348	567319951231140
567319968354577	567319985630098	567319971716557
567319985649369	567320002172807	567319988297286
567320001256140	567320018784265	567320003655098
567320020258223	567320035311348	567320022516557
567320025050411	567320051897286	567320027751452
567320038490515	567320068468640	567320041075932
567320056948327	567320085052494	567320059618119
567320060463952	567320101629577	567320062492077
567320090361869	567320118200411	567320093057702
567320095454577	567320134779057	567320098269161
567320581844682	567320598852494	567320584654057
567320584647286	567320615417077	567320586214994
567320596543119	567320632007702	567320599247286
567320596543119	567320930310827	567320599247286
567320936482182	567320963449890	567320939051452
567320947471244	567320980051973	567320950085827
567320955927494	567320996611348	567320958633223
567320983164994	567321013200931	567320984887911
567320992074369	567321029759265	567320994749369
567321007296244	567321046331140	567321010005619
567322604797285	567322620845723	567322607497285
567322665148848	567322687122806	567322667734265
567322731194681	567322753454577	567322733864473
567322799358223	567322819731660	567322802049369
567322862707702	567322885974369	567322864936348
567322926995723	567322952285827	567322927837390


16666666
567317626369682	567317665017078	567317629057182
567317641137911	567317681587911	567317644156661
567317659300932	567317698157182	567317661749890
567317676454578	567317714751453	567317679148328
567317692488432	567317731337911	567317695142599
567317709025411	567317747885828	567317711671765
567317727955099	567317764466557	567317730612390
567317742981661	567317781026453	567317745710307
567317757664994	567317797600932	567317760319682
567317776926974	567317814186869	567317779118640
567317800454578	567317830754578	567317802951453
567317821923328	567317847338432	567317824365515
567317840608744	567317863904578	567317843004578
567317854769682	567317880467078	567317856846244
567317869417078	567317897057703	567317870777494
567317881951974	567317913621765	567317884444161
567317895976974	567317930206661	567317898705619
567317912357182	567317946780619	567317915054057
567317929705099	567317963356661	567317932079578
567317946438432	567317979937911	567317949085828
567317961757703	567317996514474	567317964375411
567317979596244	567318013082703	567317982239994
567317997475411	567318029649369	567318000161869
567318014217599	567318046223849	567318016991557
567318031209786	567318062835307	567318033922807
567318047010307	567318079410828	567318049735307
567318063409265	567318095958744	567318066095724
567318071900932	567318112536349	567318074579578
567318102774369	567318129118119	567318105169682
567318115316036	567318145668640	567318117866557
567318129746244	567318162274369	567318132497286
567318149133224	567318178847286	567318151679578
567318163446765	567318195398328	567318166131661
567318182422286	567318211983744	567318185129057
567318199895724	567318228564994	567318202550411
567318215755619	567318245140515	567318218512911
567318232939474	567318261698328	567318235620724
567318243658224	567318278311349	567318246159265
567318258062911	567318294867078	567318260743119
567318321960307	567318344592599	567318324744161
567318332131140	567318361150411	567318334879057
567318337366557	567318377723849	567318340109265
567318529707703	567318560081661	567318532437390
567318548430099	567318576646244	567318550973328
567318566081140	567318593226974	567318568549369
567318577122286	567318609844682	567318579622807
567318587330619	567318626372807	567318589966557
567318702364474	567318725832182	567318704988953
567318720639474	567318742418640	567318723259786
567318736668640	567318758981661	567318739303536
567318753457182	567318775564994	567318756111349
567318767734786	567318792124890	567318770398848
567318780806661	567318808731140	567318783449890
567318795022286	567318825310828	567318797671244
567318812815515	567318841866036	567318815406140
567318829009265	567318858442078	567318831669161
567318837096765	567318875022807	567318839756140
567318902634265	567318924747807	567318904998328
567318922654057	567318941332182	567318925941036
567318938735828	567318957916036	567318941519682
567318951955098	567318974484786	567318954622286
567318971011869	567318991070723	567318973798848
567318986751973	567319007642598	567318989420723
567319001904057	567319024225411	567319004582703
567319016147286	567319040828015	567319018697286
567319030013953	567319057401973	567319032714473
567319042489473	567319073946765	567319045294161
567319052487911	567319090533744	567319055178015
567319096612911	567319123706140	567319099242598
567319116307703	567319140269161	567319119069682
567319134507182	567319156882182	567319136999890
567319152237390	567319173413953	567319154951453
567319172962390	567319189987911	567319175621244
567319189489473	567319206554057	567319192100932
567319197921244	567319223135307	567319200543640
567319203702494	567319239695723	567319206297286
567319290440515	567319306013953	567319293008223
567319305773328	567319322595203	567319308280619
567319321841557	567319339170723	567319325448328
567319342538953	567319372322807	567319345140515
567319363759265	567319388896765	567319366306140
567319375292598	567319405477494	567319378019161
567319393447286	567319422032182	567319396422286
567319409334265	567319438607182	567319411341036
567319422716036	567319455192078	567319425279578
567319437935307	567319471769682	567319440608744
567319455061869	567319488341557	567319457704057
567319472299369	567319504912911	567319474957703
567319488784265	567319521497286	567319491499890
567319505473328	567319538078536	567319508159786
567319522716557	567319554635828	567319525501453
567319538825932	567319571232703	567319541680619
567319559634265	567319587786348	567319562117078
567319577606661	567319604409265	567319580213432
567319581126453	567319620973328	567319583053536
567319613069682	567319637541036	567319615578536
567319626025932	567319654095723	567319628725411
567319641005619	567319670682182	567319643686348
567319646397286	567319687232703	567319649018119
567319929080619	567319952598327	567319931473327
567319948535827	567319969011348	567319951231140
567319968354577	567319985630098	567319971716557
567319985649369	567320002172807	567319988297286
567320001256140	567320018784265	567320003655098
567320020258223	567320035311348	567320022516557
567320025050411	567320051897286	567320027751452
567320038490515	567320068468640	567320041075932
567320056948327	567320085052494	567320059618119
567320060463952	567320101629577	567320062492077
567320090361869	567320118200411	567320093057702
567320095454577	567320134779057	567320098269161
567320581844682	567320598852494	567320584654057
567320584647286	567320615417077	567320586214994
567320596543119	567320632007702	567320599247286
567320596543119	567320930310827	567320599247286
567320936482182	567320963449890	567320939051452
567320947471244	567320980051973	567320950085827
567320955927494	567320996611348	567320958633223
567320983164994	567321013200931	567320984887911
567320992074369	567321029759265	567320994749369
567321007296244	567321046331140	567321010005619
567322604797285	567322620845723	567322607497285
567322665148848	567322687122806	567322667734265
567322731194681	567322753454577	567322733864473
567322799358223	567322819731660	567322802049369
567322862707702	567322885974369	567322864936348
567322926995723	567322952285827	567322927837390


16666666
567317626369682	567317665017078	567317629057182
567317641137911	567317681587911	567317644156661
567317659300932	567317698157182	567317661749890
567317676454578	567317714751453	567317679148328
567317692488432	567317731337911	567317695142599
567317709025411	567317747885828	567317711671765
567317727955099	567317764466557	567317730612390
567317742981661	567317781026453	567317745710307
567317757664994	567317797600932	567317760319682
567317776926974	567317814186869	567317779118640
567317800454578	567317830754578	567317802951453
567317821923328	567317847338432	567317824365515
567317840608744	567317863904578	567317843004578
567317854769682	567317880467078	567317856846244
567317869417078	567317897057703	567317870777494
567317881951974	567317913621765	567317884444161
567317895976974	567317930206661	567317898705619
567317912357182	567317946780619	567317915054057
567317929705099	567317963356661	567317932079578
567317946438432	567317979937911	567317949085828
567317961757703	567317996514474	567317964375411
567317979596244	567318013082703	567317982239994
567317997475411	567318029649369	567318000161869
567318014217599	567318046223849	567318016991557
567318031209786	567318062835307	567318033922807
567318047010307	567318079410828	567318049735307
567318063409265	567318095958744	567318066095724
567318071900932	567318112536349	567318074579578
567318102774369	567318129118119	567318105169682
567318115316036	567318145668640	567318117866557
567318129746244	567318162274369	567318132497286
567318149133224	567318178847286	567318151679578
567318163446765	567318195398328	567318166131661
567318182422286	567318211983744	567318185129057
567318199895724	567318228564994	567318202550411
567318215755619	567318245140515	567318218512911
567318232939474	567318261698328	567318235620724
567318243658224	567318278311349	567318246159265
567318258062911	567318294867078	567318260743119
567318321960307	567318344592599	567318324744161
567318332131140	567318361150411	567318334879057
567318337366557	567318377723849	567318340109265
567318529707703	567318560081661	567318532437390
567318548430099	567318576646244	567318550973328
567318566081140	567318593226974	567318568549369
567318577122286	567318609844682	567318579622807
567318587330619	567318626372807	567318589966557
567318702364474	567318725832182	567318704988953
567318720639474	567318742418640	567318723259786
567318736668640	567318758981661	567318739303536
567318753457182	567318775564994	567318756111349
567318767734786	567318792124890	567318770398848
567318780806661	567318808731140	567318783449890
567318795022286	567318825310828	567318797671244
567318812815515	567318841866036	567318815406140
567318829009265	567318858442078	567318831669161
567318837096765	567318875022807	567318839756140
567318902634265	567318924747807	567318904998328
567318922654057	567318941332182	567318925941036
567318938735828	567318957916036	567318941519682
567318951955098	567318974484786	567318954622286
567318971011869	567318991070723	567318973798848
567318986751973	567319007642598	567318989420723
567319001904057	567319024225411	567319004582703
567319016147286	567319040828015	567319018697286
567319030013953	567319057401973	567319032714473
567319042489473	567319073946765	567319045294161
567319052487911	567319090533744	567319055178015
567319096612911	567319123706140	567319099242598
567319116307703	567319140269161	567319119069682
567319134507182	567319156882182	567319136999890
567319152237390	567319173413953	567319154951453
567319172962390	567319189987911	567319175621244
567319189489473	567319206554057	567319192100932
567319197921244	567319223135307	567319200543640
567319203702494	567319239695723	567319206297286
567319290440515	567319306013953	567319293008223
567319305773328	567319322595203	567319308280619
567319321841557	567319339170723	567319325448328
567319342538953	567319372322807	567319345140515
567319363759265	567319388896765	567319366306140
567319375292598	567319405477494	567319378019161
567319393447286	567319422032182	567319396422286
567319409334265	567319438607182	567319411341036
567319422716036	567319455192078	567319425279578
567319437935307	567319471769682	567319440608744
567319455061869	567319488341557	567319457704057
567319472299369	567319504912911	567319474957703
567319488784265	567319521497286	567319491499890
567319505473328	567319538078536	567319508159786
567319522716557	567319554635828	567319525501453
567319538825932	567319571232703	567319541680619
567319559634265	567319587786348	567319562117078
567319577606661	567319604409265	567319580213432
567319581126453	567319620973328	567319583053536
567319613069682	567319637541036	567319615578536
567319626025932	567319654095723	567319628725411
567319641005619	567319670682182	567319643686348
567319646397286	567319687232703	567319649018119
567319929080619	567319952598327	567319931473327
567319948535827	567319969011348	567319951231140
567319968354577	567319985630098	567319971716557
567319985649369	567320002172807	567319988297286
567320001256140	567320018784265	567320003655098
567320020258223	567320035311348	567320022516557
567320025050411	567320051897286	567320027751452
567320038490515	567320068468640	567320041075932
567320056948327	567320085052494	567320059618119
567320060463952	567320101629577	567320062492077
567320090361869	567320118200411	567320093057702
567320095454577	567320134779057	567320098269161
567320581844682	567320598852494	567320584654057
567320584647286	567320615417077	567320586214994
567320596543119	567320632007702	567320599247286
567320596543119	567320930310827	567320599247286
567320936482182	567320963449890	567320939051452
567320947471244	567320980051973	567320950085827
567320955927494	567320996611348	567320958633223
567320983164994	567321013200931	567320984887911
567320992074369	567321029759265	567320994749369
567321007296244	567321046331140	567321010005619
567322604797285	567322620845723	567322607497285
567322665148848	567322687122806	567322667734265
567322731194681	567322753454577	567322733864473
567322799358223	567322819731660	567322802049369
567322862707702	567322885974369	567322864936348
567322926995723	567322952285827	567322927837390


16666666
567317626369682	567317665017078	567317629057182
567317641137911	567317681587911	567317644156661
567317659300932	567317698157182	567317661749890
567317676454578	567317714751453	567317679148328
567317692488432	567317731337911	567317695142599
567317709025411	567317747885828	567317711671765
567317727955099	567317764466557	567317730612390
567317742981661	567317781026453	567317745710307
567317757664994	567317797600932	567317760319682
567317776926974	567317814186869	567317779118640
567317800454578	567317830754578	567317802951453
567317821923328	567317847338432	567317824365515
567317840608744	567317863904578	567317843004578
567317854769682	567317880467078	567317856846244
567317869417078	567317897057703	567317870777494
567317881951974	567317913621765	567317884444161
567317895976974	567317930206661	567317898705619
567317912357182	567317946780619	567317915054057
567317929705099	567317963356661	567317932079578
567317946438432	567317979937911	567317949085828
567317961757703	567317996514474	567317964375411
567317979596244	567318013082703	567317982239994
567317997475411	567318029649369	567318000161869
567318014217599	567318046223849	567318016991557
567318031209786	567318062835307	567318033922807
567318047010307	567318079410828	567318049735307
567318063409265	567318095958744	567318066095724
567318071900932	567318112536349	567318074579578
567318102774369	567318129118119	567318105169682
567318115316036	567318145668640	567318117866557
567318129746244	567318162274369	567318132497286
567318149133224	567318178847286	567318151679578
567318163446765	567318195398328	567318166131661
567318182422286	567318211983744	567318185129057
567318199895724	567318228564994	567318202550411
567318215755619	567318245140515	567318218512911
567318232939474	567318261698328	567318235620724
567318243658224	567318278311349	567318246159265
567318258062911	567318294867078	567318260743119
567318321960307	567318344592599	567318324744161
567318332131140	567318361150411	567318334879057
567318337366557	567318377723849	567318340109265
567318529707703	567318560081661	567318532437390
567318548430099	567318576646244	567318550973328
567318566081140	567318593226974	567318568549369
567318577122286	567318609844682	567318579622807
567318587330619	567318626372807	567318589966557
567318702364474	567318725832182	567318704988953
567318720639474	567318742418640	567318723259786
567318736668640	567318758981661	567318739303536
567318753457182	567318775564994	567318756111349
567318767734786	567318792124890	567318770398848
567318780806661	567318808731140	567318783449890
567318795022286	567318825310828	567318797671244
567318812815515	567318841866036	567318815406140
567318829009265	567318858442078	567318831669161
567318837096765	567318875022807	567318839756140
567318902634265	567318924747807	567318904998328
567318922654057	567318941332182	567318925941036
567318938735828	567318957916036	567318941519682
567318951955098	567318974484786	567318954622286
567318971011869	567318991070723	567318973798848
567318986751973	567319007642598	567318989420723
567319001904057	567319024225411	567319004582703
567319016147286	567319040828015	567319018697286
567319030013953	567319057401973	567319032714473
567319042489473	567319073946765	567319045294161
567319052487911	567319090533744	567319055178015
567319096612911	567319123706140	567319099242598
567319116307703	567319140269161	567319119069682
567319134507182	567319156882182	567319136999890
567319152237390	567319173413953	567319154951453
567319172962390	567319189987911	567319175621244
567319189489473	567319206554057	567319192100932
567319197921244	567319223135307	567319200543640
567319203702494	567319239695723	567319206297286
567319290440515	567319306013953	567319293008223
567319305773328	567319322595203	567319308280619
567319321841557	567319339170723	567319325448328
567319342538953	567319372322807	567319345140515
567319363759265	567319388896765	567319366306140
567319375292598	567319405477494	567319378019161
567319393447286	567319422032182	567319396422286
567319409334265	567319438607182	567319411341036
567319422716036	567319455192078	567319425279578
567319437935307	567319471769682	567319440608744
567319455061869	567319488341557	567319457704057
567319472299369	567319504912911	567319474957703
567319488784265	567319521497286	567319491499890
567319505473328	567319538078536	567319508159786
567319522716557	567319554635828	567319525501453
567319538825932	567319571232703	567319541680619
567319559634265	567319587786348	567319562117078
567319577606661	567319604409265	567319580213432
567319581126453	567319620973328	567319583053536
567319613069682	567319637541036	567319615578536
567319626025932	567319654095723	567319628725411
567319641005619	567319670682182	567319643686348
567319646397286	567319687232703	567319649018119
567319929080619	567319952598327	567319931473327
567319948535827	567319969011348	567319951231140
567319968354577	567319985630098	567319971716557
567319985649369	567320002172807	567319988297286
567320001256140	567320018784265	567320003655098
567320020258223	567320035311348	567320022516557
567320025050411	567320051897286	567320027751452
567320038490515	567320068468640	567320041075932
567320056948327	567320085052494	567320059618119
567320060463952	567320101629577	567320062492077
567320090361869	567320118200411	567320093057702
567320095454577	567320134779057	567320098269161
567320581844682	567320598852494	567320584654057
567320584647286	567320615417077	567320586214994
567320596543119	567320632007702	567320599247286
567320596543119	567320930310827	567320599247286
567320936482182	567320963449890	567320939051452
567320947471244	567320980051973	567320950085827
567320955927494	567320996611348	567320958633223
567320983164994	567321013200931	567320984887911
567320992074369	567321029759265	567320994749369
567321007296244	567321046331140	567321010005619
567322604797285	567322620845723	567322607497285
567322665148848	567322687122806	567322667734265
567322731194681	567322753454577	567322733864473
567322799358223	567322819731660	567322802049369
567322862707702	567322885974369	567322864936348
567322926995723	567322952285827	567322927837390


