16666666
0	0	0
0	0	0
0	0	0
0	0	0
0	0	0
0	0	0
0	0	0
0	0	0
0	0	0
0	0	0
0	0	0
0	0	0
0	0	0
0	0	0
0	0	0
0	0	0
0	0	0
0	0	0
0	0	0
0	0	0
0	0	0
0	0	0
0	0	0
0	0	0
0	0	0
0	0	0
0	0	0
0	0	0
0	0	0
0	0	0
0	0	0
0	0	0
0	0	0
0	0	0
0	0	0
0	0	0
0	0	0
0	0	0
0	0	0
0	0	0
0	0	0
0	0	0
0	0	0
0	0	0
0	0	0
0	0	0
0	0	0
0	0	0
0	0	0
0	0	0
0	0	0
0	0	0
0	0	0
0	0	0
0	0	0
0	0	0
0	0	0
0	0	0
0	0	0
0	0	0
0	0	0
0	0	0
0	0	0
0	0	0
0	0	0
0	0	0
0	0	0
0	0	0
0	0	0
0	0	0
0	0	0
0	0	0
0	0	0
0	0	0
0	0	0
0	0	0
0	0	0
0	0	0
0	0	0
0	0	0
0	0	0
0	0	0
0	0	0
0	0	0
551897799440785	551897824209535	551897800532972
551897822011618	551897840566827	551897822915264
551897853042868	551897873702243	551897853405368
551897884973077	551897906878806	551897886016306
551897891697556	551897923442347	551897892645472
551897898372556	551897940057972	551897898767347
551897914713181	551897956592868	551897915272035
551897940152243	551897973180889	551897941110577
551897951671514	551897989751722	551897952057972
551897964880889	551898006362139	551897965378285
551897982305368	551898022928806	551897983365785
551897999136097	551898039486618	551898000290785
551898020577764	551898056063181	551898021571514
551898035440785	551898072634014	551898036463702
551898049087660	551898089219952	551898050177764
551898064562660	551898105792347	551898065598597
551898081769952	551898122375160	551898082796514
551898098932452	551898138946514	551898100993389
551898116481931	551898155528285	551898117525681
551898133622035	551898172127764	551898134678285
551898148670472	551898188734535	551898150265785
551898168399639	551898205352243	551898170576201
551898190098597	551898221848597	551898192336097
551898203894951	551898238449639	551898206618910
551898220189743	551898254999639	551898221670472
551898236301722	551898271589222	551898238428285
551898253024639	551898288173597	551898255577243
551898269329847	551898304723076	551898271610056
551898291876722	551898321310056	551898293716306
551898301704326	551898337889743	551898303292347
551898316378285	551898354463701	551898318132451
551898335420472	551898371066826	551898337778285
551898349161097	551898387614222	551898350940264
551898368250681	551898404200160	551898369740785
551898386066826	551898420794951	551898388248076
551898400633493	551898437393389	551898403014222
551898420182972	551898453935576	551898422355368
551898435887139	551898470501201	551898438218910
551898450457972	551898487090785	551898452646514
551898468698076	551898503669431	551898470931410
551898483880889	551898520274118	551898486065264
551898501279847	551898536835056	551898503756410
551898523423597	9223372036854775807	551898525551722


16666666
551916655593907	551916688635053	551916657112657
551916670709532	551916705212657	551916672868386
551916685401720	551916721791303	551916687463699
551916703716824	551916738368386	551916705932970
551916721123074	551916754965261	551916723719428
551916738375678	551916772034532	551916740470990
551916756173594	551916788131407	551916758162657
551916773298594	551916804700678	551916775816303
551916789377240	551916821306407	551916791505365
551916803837136	551916837897553	551916806136615
551916822942865	551916854461615	551916825035574
551916839266824	551916871036615	551916841420990
551916858837657	551916887602761	551916860816303
551916873058490	551916904170990	551916875172032
551916887303803	551916920763699	551916889394428
551916905102240	551916937345469	551916906980886
551916921432449	551916953935574	551916923509532
551916938712136	551916970501199	551916940855886
551916955656407	551916987067865	551916957714740
551916972611094	551917003663699	551916974610574
551916988883490	551917020247553	551916991038178
551917005147553	551917036852761	551917007256407
551917026769949	551917053399636	551917028882969
551917040368907	551917069975157	551917042153282
551917055156407	551917086539740	551917057403282
551917071339740	551917103139219	551917073531407
551917088607969	551917119731407	551917090550157
551917106692865	551917136268386	551917108326199
551917121390261	551917152903803	551917123469949
551917136120469	551917169451719	551917138195990
551917154560053	551917186033490	551917156845469
551917171510574	551917202588178	551917173625678
551917186698594	551917219165261	551917188592865
551917204224115	551917235749636	551917206398594
551917220232969	551917252361615	551917222345469
551917236585053	551917268910574	551917238686615
551917251816824	551917285504324	551917253925678
551917268780886	551917302075678	551917270911615
551917286543907	551917318641824	551917288627761
551917303498594	551917335203803	551917305660053
551917320309011	551917351779324	551917322429324
551917336565261	551917368382969	551917338672553
551917351826199	551917384962657	551917353948074
551917371147032	551917401532449	551917373033490
551917385969949	551917418120469	551917388443386
551917401055886	551917434690261	551917403088178
551917417592344	551917451278803	551917419731407
551917436435574	551917467844949	551917438393907
551917453008490	551917484430886	551917455053282
551917469205365	551917500987136	551917471329324
551917483634011	551917517595469	551917485862136
551917500567344	551917534179324	551917502519949
551917520809011	551917550774636	551917522766303
551917537480365	551917567349636	551917539280365
551917556347553	551917583907449	551917555157969
551917567392344	551917600507449	551917569630365
551917584557449	551917617052761	551917586659532
551917600139219	551917633637657	551917602173074
551917616772553	551917650251199	551917618812136
551917633429844	551917666817865	551917635566303
551917651314219	551917683402240	551917653359011
551917667302761	551917699975678	551917669434011
551917684123594	551917716568386	551917686136094
551917701041303	551917733511615	551917703024636
551917717302240	551917749724115	551917719328803
551917734345469	551917766313699	551917736384532
551917750884011	551917782881928	551917753672032
551917767320990	551917799459532	551917769369949
551917783688178	551917816058490	551917785719949
551917800233490	551917832624636	551917802180365
551917817166303	551917849196511	551917819268386
551917833844428	551917865782969	551917835867344
551917851078282	551917882348073	551917853101198
551917867072553	551917898935053	551917869104844
551917883439219	551917915506407	551917885533490
551917899822032	551917932086615	551917901864219
551917916399636	551917948658490	551917918429844
551917932941303	551917965263178	551917935005365
551917949589740	551917981827240	551917952080365
551917966351198	551917998406407	551917968461094
551917983045469	551918014975678	551917985201719
551917999253282	551918031578803	551918001740782
551918015527240	551918048178282	551918017587657
551918036331407	551918064757448	551918038342865
551918051952761	551918081302240	551918053979323
551918063283490	551918097924115	551918065427761
551918084215782	551918114443907	551918086112136
551918097623594	551918131032448	551918099607448
551918110102240	551918147614219	551918112103803
551918128192344	551918164176719	551918130151719
551918153715261	551918180965782	551918157169948
551918171743907	551918197339219	551918173837657
551918198314740	551918213904323	551918200308490
551918211934011	551918230488698	551918213982969
551918227666823	551918247258490	551918229575678
551918243540261	551918263638698	551918245752761
551918262667344	551918280214219	551918264717344
551918279772032	551918296794948	551918281832969
551918297328803	551918313381928	551918299406928
551918314093386	551918329960573	551918315950157
551918331485053	551918363172553	551918333552240
551918347199115	551918379693386	551918349406928
551918364106928	551918396306928	551918366433490
551918379886094	551918412827240	551918381970990
551918397869428	551918429424115	551918399837136
551918414005886	551918445992865	551918416187136
551918431702240	551918462565261	551918433537657
551918447719948	551918479137136	551918449760053
551918463829323	551918495735053	551918465960053
551918482568386	551918512313698	551918484393907
551918497063698	551918528891823	551918499040782
551918512938178	551918545449636	551918514633490
551918528702761	551918562018386	551918530843386
551918546843907	551918578595469	551918548901198
551918560417344	551918595177761	551918562512136
551918576969428	551918611758490	551918579084011
551918593560053	551918628356928	551918595669948
551918610997032	551918644942344	551918613064740
551918628657969	551918661536094	551918630470469
551918645190261	551918678081928	551918647267865
551918661595469	551918694686615	551918663976198
551918679215261	551918711242865	551918681076719
551918696836094	551918727880365	551918699044948
551918711980365	551918744412136	551918714064740
551918727305886	551918760987657	551918729307448
551918745936615	551918777585573	551918748104844
551918768363698	9223372036854775807	551918765899115


16666666
551936881215258	551936912994425	551936883286612
551936897365779	551936929563696	551936899552758
551936913779841	551936946112133	551936915848071
551936928859529	551936962702237	551936931030883
551936947418904	551936979279321	551936949454841
551936963854841	551936995856404	551936965940779
551936980309008	551937012433487	551936982393904
551936996828279	551937029109529	551936998873071
551937014118383	551937045614216	551937016383487
551937032938696	551937062193904	551937034489737
551937048899633	551937078751716	551937050427758
551937064632966	551937095319425	551937066490258
551937080228279	551937111903800	551937082175675
551937096517862	551937128476196	551937098509008
551937112482966	551937145055362	551937114477758
551937129418383	551937161634529	551937131361612
551937146125154	551937178214216	551937148163696
551937162786612	551937194787133	551937164795466
551937179457966	551937211353800	551937181636612
551937195821508	551937227971508	551937197905883
551937212244946	551937244506404	551937214162654
551937228897029	551937261084008	551937230919946
551937245501716	551937277659529	551937247412133
551937262158487	551937294232446	551937264128800
551937278558487	551937310813175	551937280581925
551937295380883	551937327392862	551937297327758
551937311763696	551937343950675	551937314999633
551937328626716	551937360545987	551937330643904
551937345118904	551937377109008	551937347134008
551937361454841	551937393720987	551937363442862
551937378042862	551937410276716	551937380118904
551937401194425	551937427154321	551937402563696
551937411606925	551937443416821	551937413624112
551937428390779	551937459969425	551937430804321
551937444176196	551937476560050	551937446159529
551937460300675	551937493164737	551937462432446
551937476773070	551937509725675	551937478937654
551937494120466	551937526303800	551937496326716
551937511387654	551937542871508	551937513679320
551937530059008	551937559437654	551937532068383
551937545699112	551937576032966	551937547740779
551937560831404	551937592580883	551937562762133
551937578074112	551937609139216	551937580087133
551937591344945	551937625739216	551937593356404
551937605628279	551937642337133	551937607667862
551937622689216	551937658893904	551937624707966
551937643970987	551937675477237	551937646059008
551937658702758	551937692032966	551937660202237
551937680137133	551937708603279	551937682161612
551937692924112	551937725192341	551937694836612
551937709131404	551937741742862	551937711232445
551937726482445	551937758320466	551937728528800
551937742077758	551937774952758	551937744117341
551937757437654	551937791476716	551937759610050
551937774062654	551937808050154	551937776152237
551937790772029	551937824630362	551937792779841
551937807974112	551937841203800	551937810088175
551937824873591	551937857787133	551937826950154
551937839880362	551937874373070	551937841909529
551937859252758	551937890940258	551937861525154
551937876131404	551937907493383	551937878372550
551937892713175	551937924097029	551937894743383
551937907401716	551937940662654	551937909751716
551937924930883	551937957254320	551937927118904
551937940662654	551937973816820	551937942756404
551937956150154	551937990398591	551937957860050
551937975629841	551938006974112	551937977738175
551937991718904	551938023541820	551937993741300
551938007996508	551938040141820	551938010231925
551938024940779	551938056705362	551938027037654
551938042157966	551938073247029	551938044199633
551938059691820	551938089841300	551938061768383
551938074327237	551938106418904	551938076404841
551938089651716	551938123001195	551938091798070
551938106106925	551938139585570	551938108098591
551938120993383	551938156154320	551938123209529
551938139659008	551938172780883	551938141754320
551938154823070	551938189338695	551938157084529
551938175500675	551938205918904	551938177438175
551938190785050	551938222514737	551938192860570
551938207532966	551938239069945	551938209426195
551938223749633	551938255656404	551938225667862
551938240629320	551938272235050	551938242665258
551938255331404	551938288856404	551938257430362
551938273659008	551938305382445	551938275841820
551938288743383	551938321958487	551938291014216
551938305143904	551938338528800	551938307249633
551938323294425	551938355111091	551938325691300
551938339277237	551938371667341	551938341370987
551938356165779	551938388247029	551938358143383
551938371480883	551938404878279	551938373687654
551938389555883	551938421443383	551938391531925
551938403248070	551938438006925	551938405656404
551938422775154	551938454578800	551938424814216
551938437888175	551938471197550	551938440135570
551938453242862	551938487747029	551938455118904
551938473114216	551938504324112	551938475320987
551938489457966	551938520911091	551938491513175
551938506365258	551938537479841	551938508474633
551938521450675	551938554078800	551938523463175
551938538037133	551938570676195	551938540132966
551938555180362	551938587224633	551938557194425
551938573226716	551938603809529	551938575593383
551938588611612	551938620395987	551938590704841
551938604734008	551938636976716	551938606767341
551938621199112	551938653528799	551938623188174
551938636580362	551938670108487	551938638878279
551938654713174	551938686679320	551938656730362
551938670594424	551938703263695	551938672655883
551938686660570	551938719841820	551938688685570
551938702775674	551938736447549	551938704856404
551938718910570	551938753046508	551938720977237
551938736489216	551938769602758	551938738478799
551938754599633	551938786224112	551938756589216
551938772813695	551938802797029	551938774893904
551938788745466	551938819374633	551938790699112
551938805443383	551938835944945	551938807330883
551938820717862	551938852549112	551938823129320
551938837291299	551938869125154	551938839734529
551938852626195	551938885771508	551938854680362
551938872650674	551938902278799	551938874669945
551938887584008	551938918847549	551938889551195
551938903971508	551938935439737	551938905950674
551938920518383	551938952026195	551938922894424
551938937648591	551938968614737	551938939737133
551938969849633	551939001768904	551938971609529
551938992728799	551939018345987	551938994965258


16666666
551957034184005	551957071635047	551957035216297
551957049123588	551957088213172	551957050129838
551957065243380	551957104793380	551957066257443
551957082175672	551957121360568	551957083415255
551957098705880	551957137941297	551957100286609
551957115351713	551957154504838	551957116920463
551957131650151	551957171077234	551957133256922
551957147503797	551957187660047	551957150939213
551957163611609	551957204229838	551957165213692
551957180247547	551957220803797	551957181819942
551957197543380	551957237374630	551957199142859
551957220689213	551957253950151	551957222218901
551957230632442	551957270524109	551957232201192
551957248715255	551957287104317	551957250018901
551957263788692	551957303688692	551957265373067
551957281648588	551957320256401	551957283213172
551957303350151	551957336826713	551957304918901
551957318116817	551957353404317	551957319609526
551957343186609	551957369998067	551957344744942
551957368975672	551957386816297	551957370500151
551957383639213	551957403125151	551957385270984
551957396738692	551957419679317	551957398495984
551957412572026	551957436368380	551957414204838
551957433037651	551957452848067	551957434653276
551957450386609	551957469426713	551957451989734
551957467234526	551957485989213	551957468748067
551957484288172	551957502579838	551957485520984
551957502557963	551957519150672	551957504200151
551957520696505	551957552297547	551957522115776
551957532376192	551957568855359	551957534012130
551957553169422	551957585469422	551957554685567
551957568489213	551957602020463	551957570088172
551957590523067	551957618645463	551957592101713
551957596679838	551957635205359	551957598231922
551957615776192	551957651755359	551957617147547
551957635086088	551957668348588	551957636713692
551957652274109	551957684924109	551957653797547
551957668168380	551957701509005	551957669780880
551957684034526	551957718051713	551957685581401
551957704075672	551957734722026	551957705702234
551957713265776	551957751207442	551957714887130
551957735761088	551957767784005	551957737439734
551957750043380	551957784386088	551957751651192
551957768284005	551957800942859	551957769844422
551957784991817	551957817505880	551957786693901
551957800875151	551957834094942	551957802535047
551957818066817	551957850654838	551957819105359
551957836076192	551957867228276	551957837790255
551957846703276	551957883811088	551957848198067
551957865116817	551957900393380	551957866546505
551957884301713	551957916982963	551957885885567
551957893751713	551957933542859	551957895209526
551957950115776	551957966685047	551957950521505
551957981133484	551957999836609	551957981555359
551957988888692	551958016406922	551957990018901
551957990597547	551958032986088	551957991113172
551958008839213	551958049564734	551958010009526
551958008839213	551958066131922	551958010009526
551958059522547	551958082707442	551958060708484
551958061757442	551958099286088	551958062249630
551958072801192	551958115882442	551958073915255
551958089804317	551958132468380	551958090920984
551958106441297	551958149043901	551958107555359
551958124732442	551958165617859	551958125862130
551958141451713	551958182193901	551958142586609
551958159764213	551958198767859	551958160906401
551958174683484	551958215344942	551958175792859
551958192228276	551958231924630	551958193364213
551958208998588	551958248507442	551958210124109
551958225501192	551958265078276	551958226640776
551958241437130	551958281654838	551958242542338
551958258142859	551958298233484	551958259274630
551958274500151	551958314812651	551958275647026
551958290131921	551958331394942	551958291265776
551958309578796	551958347963171	551958310718380
551958324230880	551958364567338	551958325309526
551958340783484	551958381134526	551958341347026
551958357368901	551958397691296	551958358466296
551958381126713	551958414323067	551958382293380
551958388571505	551958430860567	551958389692859
551958406405880	551958447435567	551958408290255
551958426351192	551958464013171	551958428465776
551958439695984	551958480615776	551958440308484
551958455495463	551958497188692	551958456137651
551958474848067	551958513794421	551958475516296
551958493675151	551958530342338	551958494316296
551958508986088	551958546915255	551958508998588
551958526853276	551958563496505	551958527222546
551958541968901	551958580085567	551958542786609
551958561650671	551958596638692	551958562204838
551958576723588	551958613215255	551958577313171
551958591596505	551958629768380	551958592414734
551958607406401	551958646345463	551958607803276
551958623044421	551958662922546	551958623645463
551958639070984	551958679646505	551958639754317
551958656968901	551958696045984	551958657717338
551958689820463	551958712641817	551958691647026
551958720373067	551958745863171	551958721551713
551958729983484	551958762359526	551958731051192
551958745797026	551958778942859	551958746954838
551958753543380	551958795514734	551958754635567
551958768898588	551958812103796	551958769977234
551958785129317	551958828653276	551958786206401
551958806065776	551958845252755	551958807810567
551958821362130	551958861826713	551958823103796
551958840529838	551958878395984	551958842103796
551958857519421	551958894968901	551958859126713
551958873476192	551958911574630	551958874901713
551958889142859	551958928130359	551958890460046
551958904622026	551958944691817	551958905998067
551958924663171	551958961277234	551958925353796
551958938312651	551958977865776	551958939434005
551958955433484	551958994432442	551958956614213
551958984407963	551959011240776	551958985551192
551959007670984	551959027571505	551959008780359
551959009707442	551959044155880	551959010188692
551959017709005	551959060745463	551959018800151
551959033263692	551959077321505	551959034874109
551959053776192	551959093909005	551959054274630
551959071240255	551959110481921	551959072470463
551959087654838	551959127055880	551959088780880
551959102959526	551959143637651	551959105390776
551959122422546	551959160199630	551959124080359
551959137790255	551959176806401	551959139495984
551959156626713	551959193385567	551959158329838
551959171813692	551959209938171	551959172331401
551959184912130	9223372036854775807	551959185601713


16666666
551976116087648	551976152377231	551976118528794
551976129930877	551976168932960	551976132418898
551976148993377	551976185518377	551976151528794
551976164861606	551976202096502	551976167391294
551976180763690	551976218677752	551976183294940
551976197338169	551976235264731	551976199834523
551976214076190	551976251837648	551976216585565
551976231769940	551976268412127	551976233687127
551976246900669	551976284997023	551976249518377
551976263317335	551976301575148	551976265667335
551976279127231	551976318149106	551976281714210
551976296076190	551976334738690	551976298574627
551976312171502	551976351317335	551976314895460
551976331276190	551976367909002	551976333871502
551976346433481	551976384497023	551976348920460
551976367928273	551976401079835	551976370401190
551976392718898	551976417643377	551976395213690
551976416241815	551976434229835	551976418711606
551976434863169	551976450815773	551976437403273
551976454028273	551976483976710	551976456538690
551976471402231	551976500553273	551976473919940
551976489317856	551976517145981	551976491846502
551976503186085	551976533721502	551976505723585
551976523992856	551976550318898	551976526739210
551976547055877	551976566877752	551976549734523
551976566202231	551976583455356	551976568678273
551976584703273	551976600072023	551976587187127
551976604737127	551976633198585	551976607008481
551976617922023	551976649769419	551976619999106
551976640388690	551976666349106	551976642816294
551976656924627	551976682989210	551976659386606
551976676726710	551976699500669	551976679318898
551976698891294	551976716086606	551976701588690
551976723484523	551976749262127	551976726002752
551976751782960	551976782404315	551976754494940
551976780143377	551976799103794	551976782864731
551976803031919	551976832137648	551976805520981
551976819864210	551976848748585	551976822398064
551976824508481	551976865301710	551976827111606
551976842764210	551976881907439	551976845087648
551976894737127	551976915060564	551976897180877
551976924379314	551976948209002	551976926411085
551976947920460	551976964775148	551976950407439
551976969746502	551976997936606	551976972335564
551976975532960	551977014515773	551976978090773
551976990367856	551977031083481	551976992956398
551977110599106	551977130601189	551977113015252
551977136895460	551977163737127	551977139263689
551977157681919	551977180362648	551977160253273
551977181948585	551977196910044	551977184276189
551977205061085	551977230058481	551977207554835
551977212595460	551977246637648	551977215178794
551977224656919	551977263237127	551977227264731
551977279387127	551977296396502	551977281787648
551977317914731	551977346101710	551977320467856
551977343693898	551977362699627	551977346389210
551977365253273	551977395865252	551977367767856
551977385382960	551977412433481	551977388094419
551977405998585	551977429012127	551977408899106
551977422443898	551977445601189	551977424910044
551977436808481	551977462179835	551977438877752
551977453753273	551977478770460	551977456544939
551977459483481	551977495638689	551977462022544
551977484249106	551977512208481	551977486952231
551977500627231	551977528506919	551977503169419
551977515965252	551977545085044	551977518535044
551977537893898	551977561668898	551977540329314
551977545098064	551977578273064	551977547620981
551977570417335	551977594849627	551977572864210
551977592455356	551977611441814	551977594910564
551977599840252	551977628015773	551977602400148
551977678088689	551977694352231	551977680669939
551977718889731	551977744107960	551977721381919
551977743964210	551977760681919	551977746357439
551977778084002	551977793865773	551977780604835
551977801544939	551977827011085	551977804061606
551977823555877	551977843602231	551977826199106
551977844332439	551977860173585	551977846833481
551977852539210	551977876778794	551977855060044
551977892664210	551977909924627	551977895255877
551977900238168	551977926504314	551977903032439
551978096550148	551978125494939	551978098912127
551978125089210	551978142061606	551978127626710
551978145963689	551978175244939	551978148469939
551978165089210	551978191823064	551978169143898
551978171382439	551978208386606	551978173982960
551978191539210	551978224970460	551978194110043
551978207158481	551978241541293	551978209712648
551978229739210	551978258257960	551978232298064
551978233103273	551978274712127	551978235058481
551978254031918	551978291276710	551978257393898
551978270622543	551978307861085	551978273233481
551978286485564	551978324427231	551978289076189
551978304622543	551978341009002	551978307387127
551978320045460	551978357592335	551978322472543
551978336806398	551978374198585	551978339174627
551978352723064	551978390756918	551978355275668
551978366832960	551978407332439	551978369413689
551978386168898	551978423917856	551978388743377
551978402708481	551978440517856	551978405349106
551978419735564	551978457057439	551978422308481
551978432715252	551978473648064	551978435288168
551978452399627	551978490229835	551978454929314
551978465885564	551978506806918	551978468404835
551978482322023	551978523388689	551978484672543
551978499259523	551978539966293	551978502040252
551978518915773	551978556552231	551978521510043
551978533561085	551978573179314	551978536106398
551978549139210	551978589712648	551978551684523
551978569743898	551978606298585	551978572156398
551978588540252	551978622876189	551978591142856
551978599462127	551978639444418	551978601795460
551978617697023	551978656045460	551978619970460
551978633016814	551978672626710	551978635541293
551978648726189	551978689207439	551978651248064
551978665649627	551978705786606	551978668355356
551978687457960	551978722355356	551978689923064
551978706681398	551978738948585	551978709314731
551978760646502	551978788688168	551978763191814
551978760646502	551978805280356	551978763191814
551978806814210	551978821852231	551978809180356
551978821154314	551978838410564	551978823114210
551978836299627	551978854996502	551978838822023
551978849001189	551978871577231	551978851551189
551978872370981	551978888143377	551978875039731
551978882006398	551978904735564	551978884687648
551978895391293	551978921325668	551978897980877


16666666
551976214076190	551976251837648	551976216585565
551976231769940	551976268412127	551976233687127
551976246900669	551976284997023	551976249518377
551976263317335	551976301575148	551976265667335
551976279127231	551976318149106	551976281714210
551976296076190	551976334738690	551976298574627
551976312171502	551976351317335	551976314895460
551976331276190	551976367909002	551976333871502
551976346433481	551976384497023	551976348920460
551976367928273	551976401079835	551976370401190
551976392718898	551976417643377	551976395213690
551976416241815	551976434229835	551976418711606
551976434863169	551976450815773	551976437403273
551976454028273	551976483976710	551976456538690
551976471402231	551976500553273	551976473919940
551976489317856	551976517145981	551976491846502
551976503186085	551976533721502	551976505723585
551976523992856	551976550318898	551976526739210
551976547055877	551976566877752	551976549734523
551976566202231	551976583455356	551976568678273
551976584703273	551976600072023	551976587187127
551976604737127	551976633198585	551976607008481
551976617922023	551976649769419	551976619999106
551976640388690	551976666349106	551976642816294
551976656924627	551976682989210	551976659386606
551976676726710	551976699500669	551976679318898
551976698891294	551976716086606	551976701588690
551976723484523	551976749262127	551976726002752
551976751782960	551976782404315	551976754494940
551976780143377	551976799103794	551976782864731
551976803031919	551976832137648	551976805520981
551976819864210	551976848748585	551976822398064
551976824508481	551976865301710	551976827111606
551976842764210	551976881907439	551976845087648
551976894737127	551976915060564	551976897180877
551976924379314	551976948209002	551976926411085
551976947920460	551976964775148	551976950407439
551976969746502	551976997936606	551976972335564
551976975532960	551977014515773	551976978090773
551976990367856	551977031083481	551976992956398
551977110599106	551977130601189	551977113015252
551977136895460	551977163737127	551977139263689
551977157681919	551977180362648	551977160253273
551977181948585	551977196910044	551977184276189
551977205061085	551977230058481	551977207554835
551977212595460	551977246637648	551977215178794
551977224656919	551977263237127	551977227264731
551977279387127	551977296396502	551977281787648
551977317914731	551977346101710	551977320467856
551977343693898	551977362699627	551977346389210
551977365253273	551977395865252	551977367767856
551977385382960	551977412433481	551977388094419
551977405998585	551977429012127	551977408899106
551977422443898	551977445601189	551977424910044
551977436808481	551977462179835	551977438877752
551977453753273	551977478770460	551977456544939
551977459483481	551977495638689	551977462022544
551977484249106	551977512208481	551977486952231
551977500627231	551977528506919	551977503169419
551977515965252	551977545085044	551977518535044
551977537893898	551977561668898	551977540329314
551977545098064	551977578273064	551977547620981
551977570417335	551977594849627	551977572864210
551977592455356	551977611441814	551977594910564
551977599840252	551977628015773	551977602400148
551977678088689	551977694352231	551977680669939
551977718889731	551977744107960	551977721381919
551977743964210	551977760681919	551977746357439
551977778084002	551977793865773	551977780604835
551977801544939	551977827011085	551977804061606
551977823555877	551977843602231	551977826199106
551977844332439	551977860173585	551977846833481
551977852539210	551977876778794	551977855060044
551977892664210	551977909924627	551977895255877
551977900238168	551977926504314	551977903032439
551978096550148	551978125494939	551978098912127
551978125089210	551978142061606	551978127626710
551978145963689	551978175244939	551978148469939
551978165089210	551978191823064	551978169143898
551978171382439	551978208386606	551978173982960
551978191539210	551978224970460	551978194110043
551978207158481	551978241541293	551978209712648
551978229739210	551978258257960	551978232298064
551978233103273	551978274712127	551978235058481
551978254031918	551978291276710	551978257393898
551978270622543	551978307861085	551978273233481
551978286485564	551978324427231	551978289076189
551978304622543	551978341009002	551978307387127
551978320045460	551978357592335	551978322472543
551978336806398	551978374198585	551978339174627
551978352723064	551978390756918	551978355275668
551978366832960	551978407332439	551978369413689
551978386168898	551978423917856	551978388743377
551978402708481	551978440517856	551978405349106
551978419735564	551978457057439	551978422308481
551978432715252	551978473648064	551978435288168
551978452399627	551978490229835	551978454929314
551978465885564	551978506806918	551978468404835
551978482322023	551978523388689	551978484672543
551978499259523	551978539966293	551978502040252
551978518915773	551978556552231	551978521510043
551978533561085	551978573179314	551978536106398
551978549139210	551978589712648	551978551684523
551978569743898	551978606298585	551978572156398
551978588540252	551978622876189	551978591142856
551978599462127	551978639444418	551978601795460
551978617697023	551978656045460	551978619970460
551978633016814	551978672626710	551978635541293
551978648726189	551978689207439	551978651248064
551978665649627	551978705786606	551978668355356
551978687457960	551978722355356	551978689923064
551978706681398	551978738948585	551978709314731
551978760646502	551978788688168	551978763191814
551978760646502	551978805280356	551978763191814
551978806814210	551978821852231	551978809180356
551978821154314	551978838410564	551978823114210
551978836299627	551978854996502	551978838822023
551978849001189	551978871577231	551978851551189
551978872370981	551978888143377	551978875039731
551978882006398	551978904735564	551978884687648
551978895391293	551978921325668	551978897980877
551980500454314	551980529357960	551980502996501
551980560070460	551980579075147	551980562550668
551980623901189	551980645395981	551980626450668
551980691512647	551980711700147	551980693997543
551980757861085	551980778007960	551980759186606
551980819829835	551980844312126	551980820978793


16666666
552017303704308	552017338954308	552017307510558
552017319903267	552017355526704	552017322518371
552017336339725	552017372112121	552017338786600
552017353194412	552017388701704	552017355666287
552017369196496	552017405318892	552017371751704
552017386020975	552017421839204	552017388575142
552017402940246	552017438433475	552017405569412
552017419671496	552017454996496	552017422350662
552017435717850	552017471601183	552017438467329
552017452876183	552017488176183	552017455402746
552017469219933	552017504713683	552017471918892
552017486123058	552017521286600	552017488822017
552017502827225	552017537872537	552017505393892
552017519498058	552017554480871	552017522181912
552017535864204	552017571011600	552017538566287
552017552227225	552017587583996	552017555345454
552017569019933	552017604174621	552017571831912
552017585054308	552017620747017	552017587808996
552017602771496	552017637316808	552017605442329
552017621061600	552017653878787	552017623756392
552017635501183	552017671228267	552017637629829
552017652552225	552017687031392	552017655282954
552017668091808	552017703636079	552017671295975
552017686721496	552017720188162	552017689367850
552017703544933	552017736773058	552017706135037
552017719520975	552017753341808	552017722273058
552017738232433	552017769925142	552017740721496
552017754205350	552017786489725	552017756969412
552017772742329	552017803058996	552017775439725
552017789239725	552017819641287	552017791922537
552017804818371	552017836211600	552017807476183
552017822458996	552017852791808	552017825055871
552017839664725	552017869357433	552017842356392
552017855267850	552017885937121	552017857637642
552017872346496	552017902506392	552017874932433
552017890583996	552017919250142	552017892581392
552017908097537	552017935845454	552017911035037
552017919944933	552017952221496	552017922760558
552017936829308	552017968808475	552017938746496
552017944240246	552017985389725	552017947519933
552017969853787	552018001966287	552017972507433
552017987606912	552018018537121	552017990101704
552018006010037	552018035104829	552018008601704
552018022478787	552018051687121	552018025075662
552018037195454	552018068240246	552018039674621
552018047495454	552018084827746	552018050106912
552018059936600	552018101393892	552018062503267
552018077087121	552018117969933	552018080095454
552018094963162	552018134556392	552018097315767
552018110445975	552018151131392	552018112637121
552018128384517	552018167814725	552018129256912
552018145936079	552018184279829	552018146621496
552018193316287	552018217442329	552018195893892
552018213203787	552018234003267	552018215735037
552018222081912	552018250578787	552018224673579
552018237168371	552018267159517	552018239757954
552018247436079	552018284408475	552018250044933
552018578826183	552018598688683	552018581253787
552018597664204	552018615289204	552018600188162
552018620443371	552018648531912	552018623365246
552018644927225	552018664977225	552018647529829
552018667110558	552018698111079	552018669518891
552018684576704	552018714687121	552018687174100
552018696501183	552018731275662	552018699114204
552018713395454	552018747819412	552018715890766
552018732192850	552018764436079	552018735649100
552018749173058	552018780981391	552018751963162
552018768300141	552018797562641	552018770863683
552018783899100	552018814139204	552018786564725
552018801127746	552018830723579	552018803637121
552018819656391	552018847289204	552018821608996
552018834802746	552018863855871	552018837294412
552018851581912	552018880464725	552018854118371
552018867552746	552018897014204	552018870145975
552018876145975	552018913617850	552018878796496
552018973872537	552018996486079	552018976714725
552018989625662	552019013071496	552018992253266
552019006189725	552019029635037	552019009712641
552019020936600	552019046209516	552019023752225
552019037120975	552019062774100	552019039432433
552019054011079	552019079391287	552019056487641
552019069243891	552019095938162	552019072108475
552019082131912	552019112540246	552019084591287
552019100490766	552019129152225	552019103129829
552019105613683	552019145669933	552019108162641
552019166579308	552019195401183	552019169373579
552019187365246	552019211998058	552019189969933
552019202808475	552019228548058	552019205019412
552019213628787	552019245140766	552019216400662
552019223825662	552019261720454	552019226448579
552019388463683	552019410964725	552019391046495
552019405703266	552019427538683	552019408790766
552019422564204	552019444194412	552019425594933
552019440342850	552019460696495	552019442637120
552019463481391	552019493877745	552019465886079
552019479619933	552019510415766	552019482807433
552019497164725	552019526979829	552019499855350
552019508297016	552019543586079	552019510992329
552019522701183	552019560157954	552019525310037
552019536836600	552019576753266	552019539468370
552019552970975	552019593310037	552019555679308
552019573064725	552019609881391	552019575626704
552019586343891	552019626468370	552019589001704
552019605315766	552019643035037	552019607861079
552019621679308	552019659622016	552019625013683
552019639144412	552019676198579	552019641723579
552019654352225	552019692787641	552019656883995
552019671681912	552019709362641	552019674301704
552019686874620	552019726248579	552019689525662
552019704787120	552019742530870	552019707695454
552019794647016	552019825427225	552019797479308
552019819135037	552019842395975	552019821637641
552019834983475	552019858598058	552019837880350
552019859680870	552019875153266	552019862099100
552019872400141	552019891738162	552019874983995
552019880855350	552019908353266	552019883474620
552019979823058	552020007775662	552019982214204
552019993961079	552020024347537	552019996533475
552020011922537	552020040937120	552020014462120
552020019557954	552020057515245	552020022164204
552020035954308	552020074090245	552020038866287
552020200174100	552020223317329	552020202572537
552020213368891	552020239889204	552020215595975
552020228556391	552020256503266	552020231038683
552020246432433	552020273047016	552020249286600
552020261770975	552020289602745	552020264588162
552020280378266	9223372036854775807	552020282766287


16666666
552030410147535	552030434899619	552030411970452
552030433329827	552030451486598	552030435754306
552030452743369	552030468060556	552030455383994
552030469588681	552030501218369	552030472157431
552030488148577	552030517779827	552030490663160
552030503814723	552030534378265	552030506358473
552030520352223	552030550960035	552030522850660
552030538679306	552030567520452	552030541147535
552030552542327	552030584113160	552030555379827
552030572043890	552030600683994	552030574547015
552030586410035	552030617245452	552030589046494
552030607004827	552030633828785	552030609435035
552030623750660	552030650407431	552030626381390
552030644110556	552030666975660	552030646575140
552030663283473	552030683577223	552030665840244
552030682769410	552030700170452	552030685147015
552030699910556	552030716715244	552030703432952
552030716772015	552030733262640	552030719374619
552030731467848	552030749829827	552030734077744
552030749789723	552030766416285	552030752218369
552030766764202	552030782979827	552030769434515
552030783482952	552030799572015	552030785996494
552030800416285	552030816154827	552030803190765
552030818301702	552030849298056	552030820989723
552030838040765	552030865868369	552030840509515
552030852279827	552030882461077	552030854781390
552030872278785	552030899010035	552030875458473
552030890405348	552030915620973	552030892476702
552030908156910	552030932193369	552030910625140
552030924115765	552030948738160	552030926694410
552030949091806	552030965327744	552030951601181
552030973054827	552030998483473	552030975680869
552030996937119	552031015050660	552030999545452
552031022619410	552031048210556	552031025175660
552031047630348	552031064796494	552031050254827
552031070353785	552031097942327	552031072636598
552031087543369	552031115163681	552031090062640
552031105792848	552031131075140	552031108615765
552031121477744	552031147644410	552031124119410
552031139124098	552031164219931	552031141749098
552031156880348	552031180799619	552031159143890
552031162145973	552031197371494	552031164801702
552031188490244	552031213944931	552031191115765
552031206741806	552031230537119	552031209215244
552031224149098	552031247113681	552031226665244
552031244968890	552031263679827	552031247498577
552031261315244	552031280272015	552031263887119
552031275321494	552031296827744	552031277961077
552031291345452	552031313402744	552031294024619
552031310416806	552031329977223	552031312955348
552031323792327	552031346538681	552031326433994
552031341269931	552031363134515	552031343796494
552031357910556	552031379713160	552031360538681
552031366851181	552031396290244	552031368242327
552031386501702	552031412852223	552031389141806
552031405399098	552031429429306	552031408045973
552031423275660	552031446004306	552031425840764
552031441110556	552031462585035	552031443398577
552031460193889	552031479253785	552031462498577
552031476726702	552031495753785	552031479341285
552031492908473	552031512316285	552031495858473
552031512363160	552031528906389	552031514926181
552031538581910	552031562055348	552031541210556
552031560150139	552031578630869	552031562567327
552031582690244	552031611770452	552031585287119
552031604167848	552031628346494	552031606673056
552031619152223	552031644924098	552031621742327
552031638565764	552031661490764	552031640466285
552031655094410	552031678075139	552031657755348
552031671962639	552031694650139	552031674560035
552031689888160	552031711229306	552031692451702
552031706548056	552031727795973	552031709110035
552031720772535	552031744385035	552031723420973
552031737628785	552031760949098	552031740245973
552031760380869	552031777505869	552031763154827
552031773902223	552031794089723	552031776451702
552031790987639	552031810658473	552031793605869
552031795913160	552031827232431	552031798564723
552031817179827	552031843820452	552031819716806
552031836739202	552031860387119	552031839538681
552031845696494	552031876948056	552031848236598
552031868723056	552031893528264	552031871314723
552031887554827	552031910110556	552031890404827
552031904939723	552031926676702	552031907866806
552031923595452	552031943243889	552031926192848
552031942764723	552031959821494	552031944704306
552031955923577	552031976383473	552031958311077
552031959261598	552031992944410	552031961377744
552031982815764	552032009692327	552031985398577
552032002462639	552032026111077	552032005070973
552032020578785	552032042682431	552032023053264
552032043953264	552032075830869	552032046497014
552032064939723	552032092398056	552032067554306
552032087710035	552032108976702	552032090198056
552032113314723	552032142123577	552032115880869
552032119067848	552032158693369	552032121724098
552032137180869	552032175517327	552032139728785
552032153756389	552032191890244	552032156332952
552032171400139	552032208404306	552032174153264
552032188661077	552032224976702	552032192251181
552032202264723	552032241545973	552032204663160
552032219173577	552032258115244	552032221781389
552032235007952	552032274710556	552032237625139
552032251672014	552032291289723	552032254267327
552032268317848	552032307836598	552032270949619
552032283923056	552032324420973	552032286485035
552032302956389	552032340999098	552032305638681
552032318054306	552032357582952	552032320612639
552032334007952	552032374148577	552032336637639
552032353514723	552032390717848	552032356137639
552032374222535	552032407291285	552032376794931
552032393637119	552032423856910	552032396263681
552032403849619	552032440444410	552032406555348
552032403849619	552032457013160	552032406555348
552032458116285	552032473582952	552032460669410
552032466178264	552032490142848	552032468725139
552032471478785	552032506739202	552032474098577
552032484561077	552032523303264	552032487166285
552032509183473	552032539878264	552032511492327
552032519248577	552032556464723	552032521876181
552032531422014	552032573026181	552032533951702
552034132438681	552034164195972	552034134951181
552034183171493	552034213865243	552034185117327
552034242385035	552034263585035	552034245017327
552034310001702	552034329873577	552034312680347
552034373729306	552034396156389	552034375982952
552034437398577	552034462449618	552034438033472


16666666
552031139124098	552031164219931	552031141749098
552031156880348	552031180799619	552031159143890
552031162145973	552031197371494	552031164801702
552031188490244	552031213944931	552031191115765
552031206741806	552031230537119	552031209215244
552031224149098	552031247113681	552031226665244
552031244968890	552031263679827	552031247498577
552031261315244	552031280272015	552031263887119
552031275321494	552031296827744	552031277961077
552031291345452	552031313402744	552031294024619
552031310416806	552031329977223	552031312955348
552031323792327	552031346538681	552031326433994
552031341269931	552031363134515	552031343796494
552031357910556	552031379713160	552031360538681
552031366851181	552031396290244	552031368242327
552031386501702	552031412852223	552031389141806
552031405399098	552031429429306	552031408045973
552031423275660	552031446004306	552031425840764
552031441110556	552031462585035	552031443398577
552031460193889	552031479253785	552031462498577
552031476726702	552031495753785	552031479341285
552031492908473	552031512316285	552031495858473
552031512363160	552031528906389	552031514926181
552031538581910	552031562055348	552031541210556
552031560150139	552031578630869	552031562567327
552031582690244	552031611770452	552031585287119
552031604167848	552031628346494	552031606673056
552031619152223	552031644924098	552031621742327
552031638565764	552031661490764	552031640466285
552031655094410	552031678075139	552031657755348
552031671962639	552031694650139	552031674560035
552031689888160	552031711229306	552031692451702
552031706548056	552031727795973	552031709110035
552031720772535	552031744385035	552031723420973
552031737628785	552031760949098	552031740245973
552031760380869	552031777505869	552031763154827
552031773902223	552031794089723	552031776451702
552031790987639	552031810658473	552031793605869
552031795913160	552031827232431	552031798564723
552031817179827	552031843820452	552031819716806
552031836739202	552031860387119	552031839538681
552031845696494	552031876948056	552031848236598
552031868723056	552031893528264	552031871314723
552031887554827	552031910110556	552031890404827
552031904939723	552031926676702	552031907866806
552031923595452	552031943243889	552031926192848
552031942764723	552031959821494	552031944704306
552031955923577	552031976383473	552031958311077
552031959261598	552031992944410	552031961377744
552031982815764	552032009692327	552031985398577
552032002462639	552032026111077	552032005070973
552032020578785	552032042682431	552032023053264
552032043953264	552032075830869	552032046497014
552032064939723	552032092398056	552032067554306
552032087710035	552032108976702	552032090198056
552032113314723	552032142123577	552032115880869
552032119067848	552032158693369	552032121724098
552032137180869	552032175517327	552032139728785
552032153756389	552032191890244	552032156332952
552032171400139	552032208404306	552032174153264
552032188661077	552032224976702	552032192251181
552032202264723	552032241545973	552032204663160
552032219173577	552032258115244	552032221781389
552032235007952	552032274710556	552032237625139
552032251672014	552032291289723	552032254267327
552032268317848	552032307836598	552032270949619
552032283923056	552032324420973	552032286485035
552032302956389	552032340999098	552032305638681
552032318054306	552032357582952	552032320612639
552032334007952	552032374148577	552032336637639
552032353514723	552032390717848	552032356137639
552032374222535	552032407291285	552032376794931
552032393637119	552032423856910	552032396263681
552032403849619	552032440444410	552032406555348
552032403849619	552032457013160	552032406555348
552032458116285	552032473582952	552032460669410
552032466178264	552032490142848	552032468725139
552032471478785	552032506739202	552032474098577
552032484561077	552032523303264	552032487166285
552032509183473	552032539878264	552032511492327
552032519248577	552032556464723	552032521876181
552032531422014	552032573026181	552032533951702
552034132438681	552034164195972	552034134951181
552034183171493	552034213865243	552034185117327
552034242385035	552034263585035	552034245017327
552034310001702	552034329873577	552034312680347
552034373729306	552034396156389	552034375982952
552034437398577	552034462449618	552034438033472
552058116452219	552058132706906	552058117762115
552058123821490	552058149304302	552058125679302
552058143241281	552058165860031	552058144382427
552058157231906	552058182426177	552058158907427
552058172875135	552058199007427	552058174602740
552058189352740	552058215579302	552058191184510
552058206038677	552058232147010	552058207697531
552058222838156	552058248718885	552058224572010
552058239809510	552058265289719	552058241382948
552058255690760	552058281873052	552058257292844
552058272975135	552058298445448	552058274616281
552058288854302	552058315013156	552058290736594
552058305417323	552058331591802	552058307149094
552058322289719	552058348174094	552058323745448
552058338688156	552058364732948	552058340443365
552058355221490	552058381450656	552058358522531
552058375824094	552058397891802	552058377836073
552058389137115	552058414462635	552058390978260
552058404711073	552058431035031	552058406559510
552058421383469	552058447605344	552058423223052
552058438697531	552058464190760	552058440543885
552058455452219	552058480770969	552058457318365
552058472440760	552058497332948	552058474544927
552058488760031	552058513918365	552058490647010
552058504524094	552058530496490	552058506450135
552058520792844	552058547065760	552058522644406
552058538305344	552058563629302	552058540143365
552058553278781	552058580193885	552058555098573
552060355453260	552060387019406	552060357485552
552060359795968	552060403581385	552060361225135
552060381620448	552060420205343	552060383284510
552060581612114	552060602668885	552060582711073
552060585416281	552060619239198	552060586443364
552060615127218	552060635604823	552060616153260
552060622811073	552060652183468	552060623898573
552060677628260	552060701904302	552060678823052
552060706461073	552060735072531	552060707454302
552060742103781	552060768222531	552060743136073
552060751045448	9223372036854775807	552060751991281


16666666
552078850514716	552078886403257	552078852409507
552078866874611	552078902974611	552078870383986
552078888245966	552078919540236	552078890947528
552078902241799	552078936117320	552078904795445
552078913854299	552078952690236	552078916520445
552078929524611	552078969261591	552078931672007
552078944904820	552078985862111	552078947546486
552078964441799	552079002431382	552078966999611
552078981616799	552079019016278	552078984351695
552078999463153	552079035588153	552079002025653
552079014819924	552079052175653	552079017487632
552079032459507	552079068742320	552079034872528
552079047258466	552079085336070	552079049998049
552079064176174	552079101906903	552079066678778
552079079102216	552079118485028	552079081469924
552079097740757	552079135051174	552079100444403
552079113216278	552079151650653	552079115273570
552079130753257	552079168215236	552079133189716
552079149661591	552079184854299	552079152381382
552079162662632	552079201394403	552079165287111
552079181814716	552079217992320	552079184447007
552079197950132	552079234546486	552079200504820
552079217278257	552079251107424	552079219780861
552079227954299	552079267683466	552079230426695
552079248367841	552079284308466	552079250961070
552079263156382	552079300829299	552079265782945
552079280078778	552079317416799	552079282715757
552079295931382	552079334017841	552079298567841
552079314856382	552079350561591	552079317543882
552079330919403	552079367149611	552079333477216
552079345400132	552079383745445	552079348185549
552079363106903	552079400303778	552079366036070
552079378220445	552079416892320	552079380685549
552079396800653	552079433465757	552079399345445
552079409648570	552079450035549	552079412254299
552079429268882	552079466598049	552079431892320
552079447572007	552079483179820	552079450135549
552079461765757	552079499748570	552079463892320
552079477684507	552079516340236	552079480108986
552079493513153	552079532911070	552079496360028
552079514287111	552079549486070	552079517020965
552079528549611	552079566064195	552079531142320
552079542633465	552079582642840	552079545781382
552079561765236	552079599216799	552079564347528
552079578286590	552079615804299	552079581204299
552079593397007	552079632387632	552079596037111
552079611551174	552079648975132	552079614231382
552079629535549	552079665544924	552079632490757
552079645453778	552079682126174	552079648091799
552079661819403	552079698693882	552079664336070
552079675787632	552079715268882	552079678556903
552079695526174	552079731852215	552079698145965
552079711649090	552079748714195	552079714177736
552079729065757	552079765019924	552079731708986
552079744813153	552079781621486	552079747372528
552079761937632	552079798183986	552079764560549
552079780463674	552079814759507	552079782822528
552079798269403	552079831336070	552079800852736
552079814588674	552079847901695	552079817082424
552079833132424	552079864494924	552079835679299
552079844664195	552079881092320	552079847251174
552079857561590	552079897676174	552079860234507
552079886491278	552079914256903	552079889233465
552079908874611	552079930835549	552079911229299
552079939602736	552079963974090	552079941998570
552079944926695	552079980550653	552079947664715
552079960101695	552079997130340	552079963084507
552079975921486	552080013706382	552079978492840
552079991926174	552080030295445	552079994532945
552080008275132	552080046866799	552080010874090
552080025249090	552080063442840	552080027870965
552080042036590	552080080037111	552080044692320
552080056352215	552080096612632	552080058899611
552080078537111	552080113195445	552080081103257
552080094744924	552080129764715	552080097263153
552080109968882	552080146336590	552080112286590
552080122769403	552080162915757	552080125520445
552080140645445	552080179499090	552080143276695
552080157452736	552080196082945	552080160090757
552080173089195	552080212758986	552080175678778
552080189765757	552080229272528	552080192347007
552080208191799	552080245816799	552080211193361
552080225989195	552080262389195	552080228590236
552080246099090	552080278975653	552080248709507
552080254767840	552080295549611	552080257390757
552080273755861	552080312137111	552080276482424
552080293259507	552080328724611	552080295805861
552080309233986	552080345335028	552080311876174
552080321730861	552080361882945	552080324361590
552080340662632	552080378447007	552080343266278
552080357944924	552080395027736	552080360524090
552080374616799	552080411617840	552080377183465
552080387909507	552080428195965	552080390593361
552080407854820	552080444932424	552080410299090
552080424920445	552080461343361	552080427561590
552080438955340	552080477919924	552080441389195
552080455844403	552080494498049	552080458769403
552080473203778	552080511078778	552080475720445
552080490140236	552080527664195	552080492676174
552080507405340	552080544239715	552080509755340
552080523150132	552080560814194	552080525737111
552080539411590	552080577402215	552080542049090
552080555863153	552080593978257	552080558504299
552080575405861	552080610836069	552080578015236
552080591163153	552080627139194	552080593577215
552080606895965	552080643703778	552080609497007
552080624603257	552080660283986	552080626881903
552080638305861	552080676863674	552080640917840
552080654465757	552080693441278	552080656988674
552080672581903	552080710031382	552080675214715
552080692309507	552080726588674	552080694836590
552080714708986	552080743174611	552080717335549
552080732697528	552080759756382	552080735147528
552080756272528	552080776328778	552080758876694
552080760500132	552080792905861	552080763040757
552080779790236	552080809489194	552080782476174
552080798349090	552080826055340	552080800907424
552080815047528	552080842635028	552080817841799
552080821627736	552080859225132	552080824079819
552080850152736	552080875799090	552080852948049
552080867011590	552080892375132	552080869643361
552080886103778	552080908953257	552080888726694
552080899657424	552080925530861	552080902354819
552080916157424	552080942108465	552080918711069
552080931852215	552080958717319	552080934765757
552080934697007	552080975258465	552080936876174
552080962206903	9223372036854775807	552080964703778


16666666
552091939072526	552091965379297	552091941744922
552091946818880	552091981928255	552091949358984
552091970642318	552091998509505	552091973285026
552091974397526	552092015076172	552091976372526
552092001692318	552092031655859	552092004343880
552092009045964	552092048250651	552092012050651
552092034695964	552092064828255	552092037338672
552092040657422	552092081401693	552092042858984
552092089996484	552092114536068	552092092544922
552092099746484	552092131091276	552092102549089
552092132065755	552092147666276	552092134600130
552092153003255	552092180811589	552092155589714
552092157395443	552092197390755	552092159877734
552092176531380	552092214212630	552092179134505
552092189917839	552092230554297	552092192487630
552092210274609	552092247097526	552092212847005
552092227623047	552092263671484	552092230225130
552092254461068	552092280237109	552092257318359
552092257253776	552092296807422	552092259381901
552092291568880	552092313388151	552092294425130
552092293779297	552092329945964	552092296046484
552092327278255	552092346676172	552092329981380
552092334948568	552092363101172	552092337546484
552092355590755	552092379673568	552092358448568
552092358388672	552092396268880	552092360438151
552092416844401	552092445981380	552092419534505
552092425790234	552092462523568	552092428231901
552092466901693	552092495685026	552092469484505
552092495245964	552092512254818	552092498045443
552092500979297	552092528826172	552092503638151
552092528797526	552092545397005	552092531462630
552092537218359	552092561971484	552092540062109
552092561850651	552092578548047	552092564511068
552092568143880	552092595119922	552092570354297
552092596051693	552092611686068	552092598858984
552092604899609	552092628266276	552092607449088
552092648333463	552092677992838	552092650808984
552092652638672	552092694586588	552092654412630
552092692987109	552092711147526	552092695414193
552092718975651	552092744291276	552092721603776
552092728224609	552092760873047	552092730985026
552092739023568	552092777448047	552092741613151
552092777614713	552092794011588	552092781017838
552092782891797	552092810588151	552092785377213
552092815411588	552092843755859	552092817958463
552092823380859	552092860327213	552092826056380
552092848110026	552092876889713	552092850902213
552092860799609	552092893469401	552092863481901
552092892761588	552092910038672	552092895505859
552092901482422	552092926617318	552092905012109
552092926679297	552092943180859	552092929627213
552092931357422	552092959757943	552092933927734
552092974821484	552092992901693	552092977394401
552092980727213	552093009475130	552092983489713
552093010860026	552093042651172	552093013477734
552093016403776	552093059212630	552093019152213
552093061441797	552093092354297	552093064051693
552093066863151	552093108920963	552093069422005
552093096512630	552093125511068	552093099146484
552093102041797	552093142079818	552093104665234
552093132733463	552093158651172	552093135331901
552093140295963	552093175224609	552093142981901
552093175620443	552093191823568	552093178258463
552093183861588	552093208397526	552093186497005
552093222703776	552093241545443	552093225124609
552093233132943	552093258123047	552093236118880
552093265082422	552093291271484	552093267528776
552093289850130	552093307826172	552093292493880
552093295192838	552093324395963	552093297519922
552093317616797	552093340977734	552093320296484
552093337015755	552093357552734	552093339387109
552093341790755	552093374125130	552093344807422
552093369319401	552093391403776	552093371958463
552093377048568	552093407288151	552093379763672
552093423755859	552093440445443	552093426414193
552093429487109	552093457015234	552093432042318
552093458275130	552093473598047	552093461001693
552093462893359	552093490177213	552093464211068
552093531423568	552093556485026	552093534045443
552093537255859	552093573042838	552093539871484
552093569925651	552093589615234	552093573095443
552093576122526	552093606185026	552093578705859
552093601975651	552093622770443	552093604608463
552093607329818	552093639513672	552093610043359
552093637112109	552093655937630	552093639764193
552093645978776	552093672504817	552093648476693
552093670025651	552093689085547	552093672617838
552093676965234	552093705658984	552093679906380
552093703716276	552093722228255	552093706486588
552093713819922	552093738801692	552093716392317
552093738701692	552093755377734	552093741408463
552093750049088	552093771920963	552093753224609
552093797927213	552093821669401	552093800518359
552093805554817	552093838233463	552093808286588
552093836639192	552093854819922	552093839041276
552093868677734	552093887963672	552093871330859
552093877001172	552093904536067	552093879552213
552093908953255	552093937681901	552093911376692
552093918281901	552093954247526	552093920804297
552093938995442	552093970833984	552093941823567
552093950737630	552093987407942	552093953397005
552093988595963	552094003978255	552093991214713
552093993005859	552094020571484	552093995599088
552094039718880	552094070310026	552094042302734
552094045502734	552094086852734	552094048098047
552094086876172	552094103425651	552094089439192
552094092537630	552094120058984	552094094792317
552094143420442	552094169754297	552094146029817
552094154141797	552094186312630	552094156706901
552094188787630	552094219472526	552094191425651
552094193852213	552094236083463	552094196494922
552094235998047	552094252652734	552094238628776
552094240655859	552094269205859	552094243215234
552094289096484	552094318968880	552094291906901
552094294666797	552094335527213	552094297255338
552094342645442	552094368675651	552094345151172
552094351790755	552094385264192	552094354587109
552094351790755	552094418397526	552094354587109
552094458542317	552094484688151	552094461146484
552094465919922	552094501269401	552094468519922
552094494510026	552094517853776	552094497167838
552096102899088	552096125605338	552096105485025
552096155188150	552096175278775	552096157840234
552096222013150	552096241617838	552096224149609
552096284175130	552096307905859	552096286317317
552096351670963	552096374175650	552096353893880
552096415623567	552096440516275	552096416362630


16666666
552119285672001	552119327000126	552119287245959
552119302268355	552119343589189	552119303828772
552119318831897	552119360164189	552119320394397
552119338480334	552119376724084	552119340038147
552119356470959	552119393314709	552119357803251
552119380065751	552119409880334	552119381299605
552119389091793	552119426455855	552119390670439
552119408344397	552119443042834	552119409723564
552119426415751	552119459773564	552119427882939
552119442833980	552119476281897	552119444418355
552119460435022	552119492773564	552119461967834
552119479000126	552119509329814	552119480384501
552119488540230	552119525908980	552119490450647
552119511013147	552119542471480	552119512550647
552119536477730	552119559354814	552119537721480
552119549761064	552119575642834	552119551477730
552119561014189	552119592210022	552119562540751
552119568861584	552119608797001	552119570205334
552119595532418	552119625364709	552119597005855
552119601672522	552119641933980	552119603199084
552119628869918	552119658508459	552119630306897
552119635495439	552119675079814	552119636906376
552119660295439	552119691668876	552119661823564
552119667690751	552119708229293	552119669154293
552119696753772	552119724813668	552119697816272
552119700507418	552119741404814	552119701944397
552119726707939	552119757951168	552119728113147
552119733924605	552119774566272	552119735322522
552119756197001	552119791112626	552119757329293
552119773669397	552119807685543	552119775103772
552119792038668	552119824255334	552119793523564
552119800114189	552119840826689	552119801538668
552119843966272	552119873965751	552119845336584
552119853642314	552119890549084	552119855125647
552119885152730	552119907112626	552119886552730
552119906494918	552119923692834	552119907858980
552119920784501	552119940287105	552119922142313
552119936981376	552119956863668	552119938256897
552119953975126	552119973466793	552119955387626
552119970943355	552119990037626	552119972353251
552119989022522	552120006614709	552119990408980
552120008273563	552120039789188	552120009606376
552120015703772	552120056344397	552120017105855
552120041440230	552120072915751	552120042835543
552120056688147	552120089486063	552120057530334
552120073750647	552120106073563	552120075176688
552120082249605	552120122636584	552120083647001
552120106342834	552120139208459	552120107724084
552120125877209	552120155791793	552120127277209
552120131919397	552120172369397	552120133343876
552120157654813	552120188962105	552120158965230
552120165847001	552120205528251	552120167323043
552120189881376	552120222094397	552120191339188
552120198576168	552120238675126	552120200182938
552120223075126	552120255235543	552120224524605
552120231417313	552120271815230	552120232955855
552120256751168	552120288388668	552120258570959
552120264933459	552120304980855	552120266414709
552120286865751	552120321566793	552120288325647
552120305914709	552120338117834	552120307412105
552120314928251	552120354666272	552120316399605
552120337919397	552120371265230	552120339760022
552120354533980	552120387851168	552120355645438
552120364482938	552120404416272	552120365424605
552120389245959	552120420991793	552120390288147
552120405225647	552120437559501	552120406208459
552120420773563	552120454161584	552120421724084
552120435717834	552120470714709	552120436638668
552120450728772	552120487264188	552120451680855
552120466519918	552120503836063	552120467494918
552120485447522	552120520406897	552120486403251
552120499774605	552120536995959	552120500657938
552120517201168	552120553569397	552120518105855
552120531398563	552120570146480	552120532318876
552120548629293	552120587061584	552120549528772
552120566490230	552120603292834	552120567388668
552120582106376	552120619872001	552120583074605
552120599355855	552120636438668	552120600261063
552120616073043	552120653020959	552120617164188
552120630925126	552120669598563	552120631824084
552120649642834	552120686172001	552120650533980
552120663934501	552120702757418	552120665107938
552120681554813	552120719334501	552120682468355
552120700069397	552120735894397	552120700951168
552120714174605	552120752457418	552120715161063
552120734873563	552120769052209	552120735754293
552120748706897	552120785624605	552120749649084
552120766980334	552120802189709	552120767935543
552120780581376	552120818797001	552120781531897
552120793453251	552120835353772	552120794402209
552120810239709	552120851930855	552120811570438
552120827137626	552120868503251	552120828135022
552120843428772	552120885083459	552120844387105
552120860616272	552120901657938	552120861676688
552120880487105	552120918233459	552120881519397
552120895985543	552120934814188	552120896988147
552120912087626	552120951393355	552120913033980
552120928820959	552120967969918	552120929785022
552120945253251	552120984541792	552120946301168
552120961950647	552121001222522	552120962985022
552120979191272	552121017693355	552120980181897
552120995538147	552121034275647	552120996590230
552121012314188	552121050843355	552121012929813
552121028768355	552121067422001	552121029763147
552121045032938	552121083993355	552121046003251
552121062002730	552121100576167	552121063218355
552121078189709	552121117143876	552121079188667
552121095012626	552121133716792	552121096044397
552121112136584	552121150282417	552121113100126
552121128455855	552121166849605	552121129436584
552121146722522	552121183422522	552121148091272
552121162273042	552121199998563	552121163750647
552121180362626	552121216555334	552121181803772
552121199725647	552121233151167	552121201199605
552121215958980	552121249712626	552121217410022
552121232733459	552121266287105	552121234216272
552121250317834	552121282855855	552121251732417
552121266110542	552121299443876	552121267563667
552121281930855	552121316022522	552121283406376
552121298827209	552121332592834	552121300300126
552121317473042	552121349172001	552121319197001
552121327076688	552121365746480	552121328539709
552121345074084	552121382323042	552121346452209
552121361180334	552121398916272	552121362511063
552121383529813	552121415495438	552121384608459
552121395888147	552121432120438	552121397303251
552121416674084	9223372036854775807	552121418168876


16666666
552139042561061	552139066166790	552139044971477
552139056627206	552139082742311	552139059258456
552139072117831	552139099307415	552139074404811
552139090673040	552139116133456	552139093296477
552139107253248	552139132477727	552139109859498
552139122373040	552139149012102	552139124852206
552139141196477	552139165596998	552139143804290
552139157229290	552139182175123	552139159863144
552139174494915	552139198751165	552139177120956
552139187593352	552139215322519	552139190206894
552139205148561	552139231907415	552139207798040
552139222247519	552139248489186	552139224675123
552139235804811	552139265053248	552139238581373
552139253166269	552139281639706	552139257147519
552139274391790	552139298200644	552139276913665
552139290029290	552139314763665	552139293118352
552139307024081	552139331351686	552139309590748
552139324667831	552139347924602	552139327179290
552139337370956	552139364515227	552139340072519
552139344799081	552139381067831	552139347501686
552139366600123	552139397645956	552139369382936
552139387637102	552139414223561	552139389997519
552139404899602	552139430798561	552139407528769
552139419344915	552139447371998	552139421976686
552139426880852	552139463948561	552139429476165
552139439633977	552139480534498	552139442424602
552139457692311	552139497105852	552139460267311
552139493208977	552139513700123	552139495782415
552139516728248	552139546864185	552139519241269
552139537794394	552139563415227	552139540407935
552139557100123	552139579993352	552139559803769
552139564327206	552139596565748	552139566878248
552139574435019	552139613269394	552139577528248
552139693160019	552139712644394	552139695588665
552139720723040	552139745758977	552139723338144
552139754166790	552139778905852	552139756969915
552139780268873	552139812043873	552139782703248
552139803326685	552139828607935	552139805905331
552139818293873	552139845186581	552139820737102
552139834232935	552139861788144	552139836706894
552139849806373	552139878338144	552139852371477
552139867543873	552139894913665	552139870213144
552139884469915	552139911491790	552139886941790
552139903135540	552139928067310	552139905756373
552139919723560	552139944641269	552139922252206
552139934953248	552139961216790	552139937548040
552139952137623	552139977787623	552139954675644
552139968428769	552139994361060	552139970975123
552139985793352	552140010933977	552139988473040
552140001449081	552140027502206	552140004065748
552140008796477	552140044062102	552140011412102
552140021657935	552140060652727	552140024284498
552140056947519	552140077519915	552140059557935
552140092774081	552140110406894	552140095300644
552140118608456	552140143705852	552140121069394
552140139779290	552140160149081	552140142336581
552140160411060	552140176708456	552140163074602
552140169392831	552140193276685	552140171989185
552140177630331	552140209863665	552140180204810
552140514724081	552140541356373	552140517103248
552140534429290	552140557912623	552140536742310
552140559879810	552140591427727	552140562496477
552140580582935	552140607633456	552140583015227
552140602335540	552140624214185	552140604902727
552140623843873	552140640793352	552140626396477
552140640423039	552140657361581	552140643175123
552140659541789	552140690492831	552140662179810
552140679278248	552140707068873	552140681885019
552140699190227	552140723643873	552140701746998
552140717650644	552140740221998	552140719821477
552140732978769	552140756783977	552140735530852
552140751702727	552140773382414	552140754312102
552140765811581	552140789942831	552140768353769
552140781705852	552140806513144	552140783702727
552140799914185	552140823094914	552140802562102
552140812799081	552140839664185	552140815312102
552140830385539	552140856232935	552140833150644
552140849620956	552140872789185	552140852315748
552140854336060	552140889372519	552140856924081
552140879123039	552140905962623	552140881795435
552140883962102	552140922527727	552140886632935
552140909917310	552140939085539	552140912432935
552140926926685	552140955705331	552140929461060
552140944457935	552140972447519	552140947616269
552140962756894	552140988827206	552140965383977
552140980211581	552141005406894	552140982904289
552140993079289	552141021992310	552140995883456
552141008599602	552141038551164	552141011078769
552141016628248	552141055110539	552141019143352
552141047467310	552141072200123	552141049924081
552141070969914	552141088294394	552141073818352
552141100538144	552141121433456	552141102976685
552141123119914	552141154588664	552141125735019
552141143011581	552141171153248	552141145606894
552141148227727	552141187725123	552141150859498
552141165248560	552141204306373	552141167829810
552141181219394	552141220886581	552141183767831
552141199743873	552141237460019	552141202302727
552141216705852	552141254065227	552141219279289
552141233579289	552141270599081	552141236130852
552141251335539	552141287183456	552141253825123
552141267252727	552141303744394	552141269814185
552141284898039	552141320322519	552141287417831
552141303339706	552141336894394	552141305925123
552141319516269	552141353474081	552141322155331
552141332761581	552141370046477	552141335295435
552141349867831	552141386625644	552141352446998
552141366179289	552141403196477	552141368742831
552141384368873	552141419771477	552141386866269
552141399790227	552141436399081	552141402374602
552141416542831	552141452912623	552141419145435
552141433464706	552141469484498	552141436081894
552141447237623	552141486057935	552141449873560
552141465035539	552141502633456	552141467559498
552141480932414	552141519218352	552141483614185
552141499673039	552141535798560	552141502307935
552141515090748	552141552423560	552141517710019
552141532852206	552141568919914	552141535439185
552141547676685	552141585495956	552141550080852
552141564211060	552141602125644	552141566813664
552141581270435	552141618657414	552141583870435
552141598088664	552141635241269	552141600752727
552141617912102	552141651818873	552141620606894
552141629822519	552141668364185	552141632291269
552141644975123	552141684956373	552141647544394
552141663765748	552141701534498	552141666338664
552141680152206	9223372036854775807	552141682664185


16666666
552142858963143	552142895061060	552142861324081
552142877252727	552142911643352	552142879933977
552142892233456	552142928230331	552142895161060
552142913113664	552142944785018	552142915727727
552142926542310	552142961356893	552142929978768
552142945756893	552142977930852	552142948384497
552142955812622	552142994655852	552142958404289
552142975731893	552143011087102	552142978291789
552142988990747	552143027695956	552142991720435
552143030802206	552143060805331	552143033722518
552143040645435	552143077380852	552143043132414
552143065832935	552143093966268	552143068460539
552143073208456	552143111483456	552143075783456
552143097147518	552143127116789	552143099707935
552143106795435	552143143687622	552143109396477
552143125404810	552143160473560	552143127992831
552143142096477	552143176841268	552143144720435
552143158274081	552143193643352	552143161432414
552143177538664	552143209999081	552143180091789
552143189425122	552143226584497	552143191991789
552143221655331	552143243130852	552143224210539
552143230679810	552143259704289	552143234001164
552143254081893	552143276280852	552143256301685
552143258564706	552143292824081	552143261375122
552143288835539	552143309427206	552143290862622
552143318076685	552143342561581	552143320619914
552143322163143	552143359398039	552143324757414
552143360279289	552143375687622	552143363025643
552143364817310	552143392264706	552143367231372
552143382999602	552143408835539	552143385602206
552143386057935	552143425419393	552143388100122
552143418344914	552143441975643	552143421011060
552143424492831	552143458566268	552143427138143
552143478611581	552143508284497	552143481198560
552143487970956	552143524852727	552143490658977
552143518005852	552143541424081	552143520620956
552143522086060	552143557990227	552143525082935
552143556679289	552143574574081	552143559215227
552143584293872	552143607723560	552143586887622
552143587857414	552143624281372	552143589944393
552143622437622	552143640853768	552143624958977
552143630127727	552143657422518	552143632653247
552143654590747	552143674012622	552143657253247
552143660253768	552143690575122	552143662868872
552143705978247	552143723721477	552143708488664
552143729438664	552143756876685	552143732084497
552143737191789	552143773479289	552143739829810
552143763761060	552143790017831	552143766159497
552143779736060	552143806599602	552143782157935
552143787985539	552143823170435	552143790573560
552143817327206	552143839740747	552143819897518
552143834390747	552143856313664	552143837035539
552143838757935	552143872881372	552143841271997
552143863097518	552143889460539	552143865600643
552143880663664	552143906028768	552143883405331
552143895558977	552143922613143	552143898804289
552143899317831	552143939189185	552143901386581
552143927919914	552143955762101	552143930096476
552143947120956	552143972350122	552143949779810
552143968690226	552143988911581	552143971155851
552143988222518	552144005500643	552143990746476
552144003620956	552144022086581	552144006108976
552144008212622	552144038653247	552144010289185
552144030680851	552144055240747	552144033279810
552144047735018	552144071802206	552144050520956
552144067939706	552144088394393	552144070939706
552144086811581	552144104945956	552144089476164
552144106847518	552144138101685	552144109371476
552144125171476	552144154675122	552144127800122
552144142416268	552144171252726	552144145040747
552144160201685	552144187835539	552144162553247
552144176815747	552144204400122	552144179442831
552144195209497	552144220981372	552144197818351
552144210754289	552144237571476	552144213255851
552144228052726	552144254124081	552144230491789
552144244892310	552144270696997	552144247595956
552144262075122	552144287275643	552144264486581
552144282478768	552144303866789	552144285041268
552144306452206	552144337015226	552144308960539
552144331777726	552144353580851	552144334380331
552144355109497	552144387002206	552144357686581
552144375947518	552144403317831	552144378654289
552144391440747	552144419905331	552144394065226
552144408736060	552144436480331	552144411308456
552144425166789	552144453078768	552144427887622
552144441921997	552144469625643	552144444579289
552144459495435	552144486202206	552144461661060
552144476288664	552144502778768	552144478826685
552144492962622	552144519361060	552144495377726
552144509416268	552144535921476	552144511726685
552144528781893	552144552541789	552144531308976
552144544141268	552144569075122	552144546687622
552144558432414	552144585656372	552144561066789
552144575320435	552144602221997	552144577902726
552144592429810	552144618791789	552144595010539
552144608425122	552144635371476	552144610846997
552144625257414	552144651975122	552144627649601
552144642073560	552144668543872	552144644776164
552144659358976	552144685122518	552144661856893
552144684736581	552144701691789	552144687315226
552144712956893	552144734842831	552144715365747
552144733420956	552144751403768	552144735844914
552144748722518	552144767981372	552144751317831
552144764791268	552144784548560	552144767757414
552144783063664	552144801135539	552144785675643
552144798796997	552144817702206	552144801411060
552144814141789	552144834278768	552144816757414
552144829137622	552144850854810	552144831668872
552144845188143	552144867430851	552144847685539
552144858427726	552144884005851	552144860799081
552144875536060	552144900594393	552144878159497
552144898746476	552144917400643	552144901083456
552144917232414	552144933729289	552144920686581
552144939054810	552144966879810	552144941540226
552144956411060	552144983459497	552144958953247
552144975645956	552145000048039	552144978240226
552144990898560	552145016615226	552144993421997
552144990898560	552145033185539	552144993421997
552145031510018	552145049755330	552145034229289
552145036137622	552145066331372	552145038953768
552145056571476	552145082922518	552145059228247
552146664763143	552146690744393	552146667321476
552146719662622	552146740446476	552146722217830
552146787681372	552146806797518	552146790066268
552146851336580	552146873052726	552146853941268
552146917027205	552146939345434	552146919220434
552146980901684	552147005638143	552146981593872


16666666
552180133928242	552180170626158	552180135935533
552180152040221	552180187164179	552180154092304
552180167159492	552180203729283	552180169267304
552180184638138	552180220596992	552180186711575
552180199670429	552180236879283	552180201786575
552180216573554	552180253491263	552180219248033
552180233735533	552180270019388	552180235863658
552180250019908	552180286649596	552180252119388
552180266579283	552180303179804	552180268644908
552180283198033	552180319764179	552180285310533
552180300206367	552180336382929	552180302577200
552180317190221	552180352917304	552180319295950
552180332260013	552180369488138	552180334357408
552180349624596	552180386054804	552180351500117
552180365792825	552180402633450	552180367880846
552180381898033	552180419221992	552180383992825
552180400659492	552180435913138	552180402739700
552180415573554	552180452370429	552180417691783
552180432082929	552180468938658	552180434179283
552180450299075	552180485513658	552180452496471
552180468736575	552180502091783	552180470894908
552180486121992	552180518662617	552180488289179
552180504228763	552180535225638	552180506407408
552180517542825	552180551803763	552180520121992
552180532731888	552180568399596	552180534854804
552180545883450	552180584967825	552180548093346
552180563763658	552180601531367	552180565928242
552180582513658	552180618417825	552180584700638
552180597831888	552180635609492	552180600048554
552180615675638	552180651264700	552180618449596
552180631592304	552180667847513	552180634000117
552180648904804	552180684407929	552180650689179
552180665253763	552180700978763	552180667483971
552180682044908	552180717581888	552180684267304
552180698188658	552180734108971	552180700462617
552180714315742	552180750696471	552180716520429
552180731070950	552180767258450	552180733322513
552180747477721	552180783845429	552180749773554
552180762676158	552180800400638	552180764922513
552180781348033	552180816979283	552180783526679
552180796169388	552180833554804	552180798336054
552180813356888	552180850114179	552180815601158
552180830449075	552180866701679	552180832772513
552180847408971	552180883560013	552180849399596
552180863365221	552180899848554	552180865626679
552180880439179	552180916450638	552180883680325
552180897542304	552180932989179	552180899885533
552180913514700	552180949566263	552180915770950
552180929436575	552180966141263	552180931736575
552180948723554	552180982710533	552180951016783
552180966022513	552180999296471	552180968364700
552180978188138	552181015830325	552180980629283
552180996965221	552181032432408	552180999151158
552181012851679	552181048991783	552181015218346
552181029453763	552181065583450	552181031853763
552181045239179	552181082137617	552181047636054
552181063193346	552181098728242	552181065229804
552181079150637	552181115277200	552181081606367
552181095524596	552181131862096	552181097878762
552181112174596	552181148465742	552181114549075
552181128984492	552181164984492	552181131273033
552181155160012	552181181574075	552181157203242
552181162071471	552181198151158	552181164453762
552181183128762	552181214732408	552181186078762
552181196200637	552181231311054	552181198993867
552181211721992	552181247876679	552181214165742
552181228272512	552181264460533	552181230773033
552181244991783	552181281020950	552181247789700
552181261702721	552181297599596	552181264172512
552181278435012	552181314177200	552181280913658
552181295305846	552181330746992	552181297811575
552181312090221	552181347342304	552181314588658
552181328547512	552181363882408	552181331090742
552181345133450	552181380484492	552181347630325
552181361720950	552181397048554	552181364210012
552181377956367	552181413620950	552181380287096
552181394990742	552181430201158	552181397349075
552181410822512	552181446784492	552181413544908
552181427308971	552181463342825	552181429780325
552181444432408	552181479924596	552181446916262
552181460834492	552181496490742	552181463410533
552181477024596	552181513063137	552181479577721
552181494451158	552181529635012	552181496930846
552181511170429	552181546224075	552181513662096
552181527085012	552181562791783	552181529571471
552181545704804	552181579366262	552181548136575
552181560357408	552181595949075	552181562852721
552181576920950	552181612614700	552181579469387
552181593679283	552181629095429	552181596203242
552181609656887	552181645686054	552181612744908
552181625971471	552181662255325	552181628675637
552181643648554	552181678816783	552181646205846
552181659954283	552181695401679	552181662340742
552181677248554	552181711985533	552181679899596
552181693980846	552181728544387	552181696393346
552181712144908	552181745309492	552181714439179
552181729400637	552181761719387	552181732661575
552181744446992	552181778312617	552181746981887
552181763633450	552181794876158	552181766254804
552181782673554	552181811502721	552181785193867
552181797593346	552181828342304	552181800098554
552181814948554	552181844599596	552181817456887
552181831211575	552181861188658	552181833742825
552181849340221	552181877793867	552181851966783
552181865606367	552181894347512	552181868143867
552181884500117	552181910928242	552181887012096
552181903558971	552181927496471	552181906019387
552181928156367	552181944149596	552181930503762
552181947351679	552181977380325	552181949958450
552181965382929	552181993812617	552181967953762
552181987093346	552182010391262	552181989030325
552181997199075	552182026978242	552181999509492
552182011990221	552182043542825	552182014614700
552182030226158	552182060161575	552182032575637
552182045077200	552182076693346	552182047431887
552182060219387	552182093294387	552182062705846
552182079093346	552182109842825	552182081290742
552182095714179	552182126423554	552182098316262
552182111525117	552182143010533	552182113588137
552182128224075	552182159592304	552182130233450
552182145400116	552182176175116	552182147606366
552182165208450	552182192770429	552182167124075
552182181015221	552182209345429	552182183060012
552182198625637	552182225905325	552182200563137
552182213399596	552182242499075	552182215660012
552182228161575	552182259073033	552182230169387
552182247762616	9223372036854775807	552182250063658


16666666
552197547978239	552197576342302	552197550514697
552197566745947	552197592893864	552197569371468
552197583179802	552197609487093	552197585481364
552197600158447	552197626066781	552197602700114
552197617793864	552197642631885	552197620379281
552197636268864	552197659214697	552197638841781
552197654093343	552197675790218	552197656591781
552197667949593	552197692435531	552197670276677
552197684743343	552197708931885	552197687353760
552197700255322	552197725508968	552197702936572
552197716333968	552197742079281	552197718965739
552197733804802	552197758658968	552197736453760
552197748641260	552197775231364	552197751259489
552197764289177	552197791799072	552197767009489
552197783687614	552197808367822	552197786095947
552197799658968	552197824970427	552197801730843
552197820234489	552197841550635	552197822853239
552197842903760	552197858113135	552197845318343
552197867083968	552197891269385	552197869685531
552197889326677	552197907844906	552197891620427
552197902489177	552197924427197	552197905043864
552197920752718	552197941005322	552197923492822
552197937179281	552197957577718	552197939752718
552197953383447	552197974150114	552197956043343
552197971907927	552197990716260	552197974471468
552197986342302	552198007323552	552197988832406
552198003037614	552198023880843	552198005747510
552198021836572	552198040460531	552198024431364
552198038482927	552198057385010	552198041383447
552198056380322	552198073633447	552198059082927
552198073961052	552198090218343	552198076548552
552198089135010	552198106777197	552198091684489
552198105431364	552198123354802	552198107990218
552198122536572	552198139924593	552198125085531
552198138421468	552198156510010	552198140980843
552198146098552	552198173075635	552198148705843
552198153895947	552198189664697	552198156567302
552198252629281	552198272569906	552198255131364
552198283274593	552198305718864	552198285891781
552198307862093	552198338845947	552198310376156
552198332477718	552198355439177	552198335069906
552198352981364	552198371992302	552198355541260
552198379603239	552198405151156	552198382187614
552198400432927	552198421723552	552198402986052
552198424956885	552198454967822	552198427543343
552198432633447	552198471440739	552198435201677
552198455606364	552198488021989	552198458361572
552198473542822	552198504586572	552198476109489
552198490825635	552198521181364	552198493423031
552198510888135	552198538127718	552198513413656
552198533202718	552198554307926	552198535817822
552198554131364	552198570877718	552198556719385
552198571320426	552198587455322	552198573950635
552198591708447	552198620606885	552198594275114
552198614993864	552198637179801	552198617522510
552198635856364	552198653754801	552198638435010
552198657806885	552198686902718	552198660743864
552198682905843	552198703476156	552198685443864
552198707151676	552198736600114	552198709726676
552198729073031	552198753206364	552198732894385
552198748144906	552198769754281	552198750748551
552198764615739	552198786342301	552198766949072
552198769144906	552198802902718	552198771926156
552198778574593	552198819509489	552198781198031
552198832062614	552198852671989	552198834542822
552198851386051	552198869237614	552198854189176
552198872303760	552198902500635	552198874917822
552198892268343	552198918971468	552198895156885
552198913631364	552198935531364	552198916279801
552198931954801	552198952139697	552198934577197
552198952630322	552198968690739	552198955155843
552198974050635	552199001873031	552198976506364
552198997976156	552199018445426	552199000585010
552199022046468	552199051602718	552199024632406
552199044674593	552199068176156	552199047125635
552199066086572	552199084769385	552199068523551
552199085826156	552199101321989	552199088366781
552199103803760	552199134529281	552199106249072
552199119316260	552199151091781	552199122022510
552199140406885	552199167631885	552199143123031
552199154571989	552199184208447	552199157159489
552199172212614	552199200821989	552199174825635
552199189502718	552199217409489	552199191783968
552199203674072	552199233953239	552199206113656
552199213996989	552199250530843	552199216623031
552199228402197	552199267102718	552199230865218
552199244971468	552199283688656	552199247584489
552199262788135	552199300265739	552199265430843
552199277846989	552199316842301	552199280494906
552199293687093	552199333416781	552199296374072
552199312044906	552199349998551	552199315055843
552199329036572	552199366571989	552199331454281
552199348218343	552199383155843	552199350479281
552199365038135	552199399728239	552199367593343
552199380445426	552199416316260	552199383193864
552199393495947	552199432869906	552199396123031
552199412054281	552199449461051	552199414665739
552199440277197	552199466033447	552199442808447
552199462095426	552199482619906	552199464676156
552199492081885	552199515777197	552199493838135
552199516821989	552199532346468	552199519388135
552199543732926	552199565520947	552199546347510
552199566545947	552199582069906	552199568721989
552199583017301	552199598649072	552199585511572
552199599120947	552199615211572	552199601691781
552199615158447	552199631788655	552199617741260
552199630936051	552199648384489	552199633488655
552199648446989	552199664953760	552199650937614
552199664612614	552199681522510	552199667123030
552199680686572	552199698101155	552199682979801
552199696728239	552199714660010	552199699341780
552199704948551	552199731228239	552199706880843
552199709967301	552199747802718	552199712542822
552199871984489	552199897346468	552199874748551
552199871984489	552199930173030	552199874748551
552199945874072	552199963306364	552199947226676
552199952751155	552199979890739	552199955256885
552199983680843	552200013034489	552199986204280
552199997264697	552200029607926	552199999618864
552200007185010	552200046191260	552200009833447
552200021533968	552200062778239	552200024454280
552201622530322	552201654188134	552201625446989
552201686020426	552201704325634	552201688560009
552201749294384	552201770198551	552201752065739
552201816160530	552201836460530	552201818716259
552201881280322	552201902766780	552201883408968
552201945729801	552201969054280	552201946283447


16666666
552197547978239	552197576342302	552197550514697
552197566745947	552197592893864	552197569371468
552197583179802	552197609487093	552197585481364
552197600158447	552197626066781	552197602700114
552197617793864	552197642631885	552197620379281
552197636268864	552197659214697	552197638841781
552197654093343	552197675790218	552197656591781
552197667949593	552197692435531	552197670276677
552197684743343	552197708931885	552197687353760
552197700255322	552197725508968	552197702936572
552197716333968	552197742079281	552197718965739
552197733804802	552197758658968	552197736453760
552197748641260	552197775231364	552197751259489
552197764289177	552197791799072	552197767009489
552197783687614	552197808367822	552197786095947
552197799658968	552197824970427	552197801730843
552197820234489	552197841550635	552197822853239
552197842903760	552197858113135	552197845318343
552197867083968	552197891269385	552197869685531
552197889326677	552197907844906	552197891620427
552197902489177	552197924427197	552197905043864
552197920752718	552197941005322	552197923492822
552197937179281	552197957577718	552197939752718
552197953383447	552197974150114	552197956043343
552197971907927	552197990716260	552197974471468
552197986342302	552198007323552	552197988832406
552198003037614	552198023880843	552198005747510
552198021836572	552198040460531	552198024431364
552198038482927	552198057385010	552198041383447
552198056380322	552198073633447	552198059082927
552198073961052	552198090218343	552198076548552
552198089135010	552198106777197	552198091684489
552198105431364	552198123354802	552198107990218
552198122536572	552198139924593	552198125085531
552198138421468	552198156510010	552198140980843
552198146098552	552198173075635	552198148705843
552198153895947	552198189664697	552198156567302
552198252629281	552198272569906	552198255131364
552198283274593	552198305718864	552198285891781
552198307862093	552198338845947	552198310376156
552198332477718	552198355439177	552198335069906
552198352981364	552198371992302	552198355541260
552198379603239	552198405151156	552198382187614
552198400432927	552198421723552	552198402986052
552198424956885	552198454967822	552198427543343
552198432633447	552198471440739	552198435201677
552198455606364	552198488021989	552198458361572
552198473542822	552198504586572	552198476109489
552198490825635	552198521181364	552198493423031
552198510888135	552198538127718	552198513413656
552198533202718	552198554307926	552198535817822
552198554131364	552198570877718	552198556719385
552198571320426	552198587455322	552198573950635
552198591708447	552198620606885	552198594275114
552198614993864	552198637179801	552198617522510
552198635856364	552198653754801	552198638435010
552198657806885	552198686902718	552198660743864
552198682905843	552198703476156	552198685443864
552198707151676	552198736600114	552198709726676
552198729073031	552198753206364	552198732894385
552198748144906	552198769754281	552198750748551
552198764615739	552198786342301	552198766949072
552198769144906	552198802902718	552198771926156
552198778574593	552198819509489	552198781198031
552198832062614	552198852671989	552198834542822
552198851386051	552198869237614	552198854189176
552198872303760	552198902500635	552198874917822
552198892268343	552198918971468	552198895156885
552198913631364	552198935531364	552198916279801
552198931954801	552198952139697	552198934577197
552198952630322	552198968690739	552198955155843
552198974050635	552199001873031	552198976506364
552198997976156	552199018445426	552199000585010
552199022046468	552199051602718	552199024632406
552199044674593	552199068176156	552199047125635
552199066086572	552199084769385	552199068523551
552199085826156	552199101321989	552199088366781
552199103803760	552199134529281	552199106249072
552199119316260	552199151091781	552199122022510
552199140406885	552199167631885	552199143123031
552199154571989	552199184208447	552199157159489
552199172212614	552199200821989	552199174825635
552199189502718	552199217409489	552199191783968
552199203674072	552199233953239	552199206113656
552199213996989	552199250530843	552199216623031
552199228402197	552199267102718	552199230865218
552199244971468	552199283688656	552199247584489
552199262788135	552199300265739	552199265430843
552199277846989	552199316842301	552199280494906
552199293687093	552199333416781	552199296374072
552199312044906	552199349998551	552199315055843
552199329036572	552199366571989	552199331454281
552199348218343	552199383155843	552199350479281
552199365038135	552199399728239	552199367593343
552199380445426	552199416316260	552199383193864
552199393495947	552199432869906	552199396123031
552199412054281	552199449461051	552199414665739
552199440277197	552199466033447	552199442808447
552199462095426	552199482619906	552199464676156
552199492081885	552199515777197	552199493838135
552199516821989	552199532346468	552199519388135
552199543732926	552199565520947	552199546347510
552199566545947	552199582069906	552199568721989
552199583017301	552199598649072	552199585511572
552199599120947	552199615211572	552199601691781
552199615158447	552199631788655	552199617741260
552199630936051	552199648384489	552199633488655
552199648446989	552199664953760	552199650937614
552199664612614	552199681522510	552199667123030
552199680686572	552199698101155	552199682979801
552199696728239	552199714660010	552199699341780
552199704948551	552199731228239	552199706880843
552199709967301	552199747802718	552199712542822
552199871984489	552199897346468	552199874748551
552199871984489	552199930173030	552199874748551
552199945874072	552199963306364	552199947226676
552199952751155	552199979890739	552199955256885
552199983680843	552200013034489	552199986204280
552199997264697	552200029607926	552199999618864
552200007185010	552200046191260	552200009833447
552200021533968	552200062778239	552200024454280
552201622530322	552201654188134	552201625446989
552201686020426	552201704325634	552201688560009
552201749294384	552201770198551	552201752065739
552201816160530	552201836460530	552201818716259
552201881280322	552201902766780	552201883408968
552201945729801	552201969054280	552201946283447


16666666
552197547978239	552197576342302	552197550514697
552197566745947	552197592893864	552197569371468
552197583179802	552197609487093	552197585481364
552197600158447	552197626066781	552197602700114
552197617793864	552197642631885	552197620379281
552197636268864	552197659214697	552197638841781
552197654093343	552197675790218	552197656591781
552197667949593	552197692435531	552197670276677
552197684743343	552197708931885	552197687353760
552197700255322	552197725508968	552197702936572
552197716333968	552197742079281	552197718965739
552197733804802	552197758658968	552197736453760
552197748641260	552197775231364	552197751259489
552197764289177	552197791799072	552197767009489
552197783687614	552197808367822	552197786095947
552197799658968	552197824970427	552197801730843
552197820234489	552197841550635	552197822853239
552197842903760	552197858113135	552197845318343
552197867083968	552197891269385	552197869685531
552197889326677	552197907844906	552197891620427
552197902489177	552197924427197	552197905043864
552197920752718	552197941005322	552197923492822
552197937179281	552197957577718	552197939752718
552197953383447	552197974150114	552197956043343
552197971907927	552197990716260	552197974471468
552197986342302	552198007323552	552197988832406
552198003037614	552198023880843	552198005747510
552198021836572	552198040460531	552198024431364
552198038482927	552198057385010	552198041383447
552198056380322	552198073633447	552198059082927
552198073961052	552198090218343	552198076548552
552198089135010	552198106777197	552198091684489
552198105431364	552198123354802	552198107990218
552198122536572	552198139924593	552198125085531
552198138421468	552198156510010	552198140980843
552198146098552	552198173075635	552198148705843
552198153895947	552198189664697	552198156567302
552198252629281	552198272569906	552198255131364
552198283274593	552198305718864	552198285891781
552198307862093	552198338845947	552198310376156
552198332477718	552198355439177	552198335069906
552198352981364	552198371992302	552198355541260
552198379603239	552198405151156	552198382187614
552198400432927	552198421723552	552198402986052
552198424956885	552198454967822	552198427543343
552198432633447	552198471440739	552198435201677
552198455606364	552198488021989	552198458361572
552198473542822	552198504586572	552198476109489
552198490825635	552198521181364	552198493423031
552198510888135	552198538127718	552198513413656
552198533202718	552198554307926	552198535817822
552198554131364	552198570877718	552198556719385
552198571320426	552198587455322	552198573950635
552198591708447	552198620606885	552198594275114
552198614993864	552198637179801	552198617522510
552198635856364	552198653754801	552198638435010
552198657806885	552198686902718	552198660743864
552198682905843	552198703476156	552198685443864
552198707151676	552198736600114	552198709726676
552198729073031	552198753206364	552198732894385
552198748144906	552198769754281	552198750748551
552198764615739	552198786342301	552198766949072
552198769144906	552198802902718	552198771926156
552198778574593	552198819509489	552198781198031
552198832062614	552198852671989	552198834542822
552198851386051	552198869237614	552198854189176
552198872303760	552198902500635	552198874917822
552198892268343	552198918971468	552198895156885
552198913631364	552198935531364	552198916279801
552198931954801	552198952139697	552198934577197
552198952630322	552198968690739	552198955155843
552198974050635	552199001873031	552198976506364
552198997976156	552199018445426	552199000585010
552199022046468	552199051602718	552199024632406
552199044674593	552199068176156	552199047125635
552199066086572	552199084769385	552199068523551
552199085826156	552199101321989	552199088366781
552199103803760	552199134529281	552199106249072
552199119316260	552199151091781	552199122022510
552199140406885	552199167631885	552199143123031
552199154571989	552199184208447	552199157159489
552199172212614	552199200821989	552199174825635
552199189502718	552199217409489	552199191783968
552199203674072	552199233953239	552199206113656
552199213996989	552199250530843	552199216623031
552199228402197	552199267102718	552199230865218
552199244971468	552199283688656	552199247584489
552199262788135	552199300265739	552199265430843
552199277846989	552199316842301	552199280494906
552199293687093	552199333416781	552199296374072
552199312044906	552199349998551	552199315055843
552199329036572	552199366571989	552199331454281
552199348218343	552199383155843	552199350479281
552199365038135	552199399728239	552199367593343
552199380445426	552199416316260	552199383193864
552199393495947	552199432869906	552199396123031
552199412054281	552199449461051	552199414665739
552199440277197	552199466033447	552199442808447
552199462095426	552199482619906	552199464676156
552199492081885	552199515777197	552199493838135
552199516821989	552199532346468	552199519388135
552199543732926	552199565520947	552199546347510
552199566545947	552199582069906	552199568721989
552199583017301	552199598649072	552199585511572
552199599120947	552199615211572	552199601691781
552199615158447	552199631788655	552199617741260
552199630936051	552199648384489	552199633488655
552199648446989	552199664953760	552199650937614
552199664612614	552199681522510	552199667123030
552199680686572	552199698101155	552199682979801
552199696728239	552199714660010	552199699341780
552199704948551	552199731228239	552199706880843
552199709967301	552199747802718	552199712542822
552199871984489	552199897346468	552199874748551
552199871984489	552199930173030	552199874748551
552199945874072	552199963306364	552199947226676
552199952751155	552199979890739	552199955256885
552199983680843	552200013034489	552199986204280
552199997264697	552200029607926	552199999618864
552200007185010	552200046191260	552200009833447
552200021533968	552200062778239	552200024454280
552201622530322	552201654188134	552201625446989
552201686020426	552201704325634	552201688560009
552201749294384	552201770198551	552201752065739
552201816160530	552201836460530	552201818716259
552201881280322	552201902766780	552201883408968
552201945729801	552201969054280	552201946283447


16666666
552197547978239	552197576342302	552197550514697
552197566745947	552197592893864	552197569371468
552197583179802	552197609487093	552197585481364
552197600158447	552197626066781	552197602700114
552197617793864	552197642631885	552197620379281
552197636268864	552197659214697	552197638841781
552197654093343	552197675790218	552197656591781
552197667949593	552197692435531	552197670276677
552197684743343	552197708931885	552197687353760
552197700255322	552197725508968	552197702936572
552197716333968	552197742079281	552197718965739
552197733804802	552197758658968	552197736453760
552197748641260	552197775231364	552197751259489
552197764289177	552197791799072	552197767009489
552197783687614	552197808367822	552197786095947
552197799658968	552197824970427	552197801730843
552197820234489	552197841550635	552197822853239
552197842903760	552197858113135	552197845318343
552197867083968	552197891269385	552197869685531
552197889326677	552197907844906	552197891620427
552197902489177	552197924427197	552197905043864
552197920752718	552197941005322	552197923492822
552197937179281	552197957577718	552197939752718
552197953383447	552197974150114	552197956043343
552197971907927	552197990716260	552197974471468
552197986342302	552198007323552	552197988832406
552198003037614	552198023880843	552198005747510
552198021836572	552198040460531	552198024431364
552198038482927	552198057385010	552198041383447
552198056380322	552198073633447	552198059082927
552198073961052	552198090218343	552198076548552
552198089135010	552198106777197	552198091684489
552198105431364	552198123354802	552198107990218
552198122536572	552198139924593	552198125085531
552198138421468	552198156510010	552198140980843
552198146098552	552198173075635	552198148705843
552198153895947	552198189664697	552198156567302
552198252629281	552198272569906	552198255131364
552198283274593	552198305718864	552198285891781
552198307862093	552198338845947	552198310376156
552198332477718	552198355439177	552198335069906
552198352981364	552198371992302	552198355541260
552198379603239	552198405151156	552198382187614
552198400432927	552198421723552	552198402986052
552198424956885	552198454967822	552198427543343
552198432633447	552198471440739	552198435201677
552198455606364	552198488021989	552198458361572
552198473542822	552198504586572	552198476109489
552198490825635	552198521181364	552198493423031
552198510888135	552198538127718	552198513413656
552198533202718	552198554307926	552198535817822
552198554131364	552198570877718	552198556719385
552198571320426	552198587455322	552198573950635
552198591708447	552198620606885	552198594275114
552198614993864	552198637179801	552198617522510
552198635856364	552198653754801	552198638435010
552198657806885	552198686902718	552198660743864
552198682905843	552198703476156	552198685443864
552198707151676	552198736600114	552198709726676
552198729073031	552198753206364	552198732894385
552198748144906	552198769754281	552198750748551
552198764615739	552198786342301	552198766949072
552198769144906	552198802902718	552198771926156
552198778574593	552198819509489	552198781198031
552198832062614	552198852671989	552198834542822
552198851386051	552198869237614	552198854189176
552198872303760	552198902500635	552198874917822
552198892268343	552198918971468	552198895156885
552198913631364	552198935531364	552198916279801
552198931954801	552198952139697	552198934577197
552198952630322	552198968690739	552198955155843
552198974050635	552199001873031	552198976506364
552198997976156	552199018445426	552199000585010
552199022046468	552199051602718	552199024632406
552199044674593	552199068176156	552199047125635
552199066086572	552199084769385	552199068523551
552199085826156	552199101321989	552199088366781
552199103803760	552199134529281	552199106249072
552199119316260	552199151091781	552199122022510
552199140406885	552199167631885	552199143123031
552199154571989	552199184208447	552199157159489
552199172212614	552199200821989	552199174825635
552199189502718	552199217409489	552199191783968
552199203674072	552199233953239	552199206113656
552199213996989	552199250530843	552199216623031
552199228402197	552199267102718	552199230865218
552199244971468	552199283688656	552199247584489
552199262788135	552199300265739	552199265430843
552199277846989	552199316842301	552199280494906
552199293687093	552199333416781	552199296374072
552199312044906	552199349998551	552199315055843
552199329036572	552199366571989	552199331454281
552199348218343	552199383155843	552199350479281
552199365038135	552199399728239	552199367593343
552199380445426	552199416316260	552199383193864
552199393495947	552199432869906	552199396123031
552199412054281	552199449461051	552199414665739
552199440277197	552199466033447	552199442808447
552199462095426	552199482619906	552199464676156
552199492081885	552199515777197	552199493838135
552199516821989	552199532346468	552199519388135
552199543732926	552199565520947	552199546347510
552199566545947	552199582069906	552199568721989
552199583017301	552199598649072	552199585511572
552199599120947	552199615211572	552199601691781
552199615158447	552199631788655	552199617741260
552199630936051	552199648384489	552199633488655
552199648446989	552199664953760	552199650937614
552199664612614	552199681522510	552199667123030
552199680686572	552199698101155	552199682979801
552199696728239	552199714660010	552199699341780
552199704948551	552199731228239	552199706880843
552199709967301	552199747802718	552199712542822
552199871984489	552199897346468	552199874748551
552199871984489	552199930173030	552199874748551
552199945874072	552199963306364	552199947226676
552199952751155	552199979890739	552199955256885
552199983680843	552200013034489	552199986204280
552199997264697	552200029607926	552199999618864
552200007185010	552200046191260	552200009833447
552200021533968	552200062778239	552200024454280
552201622530322	552201654188134	552201625446989
552201686020426	552201704325634	552201688560009
552201749294384	552201770198551	552201752065739
552201816160530	552201836460530	552201818716259
552201881280322	552201902766780	552201883408968
552201945729801	552201969054280	552201946283447


16666666
552197547978239	552197576342302	552197550514697
552197566745947	552197592893864	552197569371468
552197583179802	552197609487093	552197585481364
552197600158447	552197626066781	552197602700114
552197617793864	552197642631885	552197620379281
552197636268864	552197659214697	552197638841781
552197654093343	552197675790218	552197656591781
552197667949593	552197692435531	552197670276677
552197684743343	552197708931885	552197687353760
552197700255322	552197725508968	552197702936572
552197716333968	552197742079281	552197718965739
552197733804802	552197758658968	552197736453760
552197748641260	552197775231364	552197751259489
552197764289177	552197791799072	552197767009489
552197783687614	552197808367822	552197786095947
552197799658968	552197824970427	552197801730843
552197820234489	552197841550635	552197822853239
552197842903760	552197858113135	552197845318343
552197867083968	552197891269385	552197869685531
552197889326677	552197907844906	552197891620427
552197902489177	552197924427197	552197905043864
552197920752718	552197941005322	552197923492822
552197937179281	552197957577718	552197939752718
552197953383447	552197974150114	552197956043343
552197971907927	552197990716260	552197974471468
552197986342302	552198007323552	552197988832406
552198003037614	552198023880843	552198005747510
552198021836572	552198040460531	552198024431364
552198038482927	552198057385010	552198041383447
552198056380322	552198073633447	552198059082927
552198073961052	552198090218343	552198076548552
552198089135010	552198106777197	552198091684489
552198105431364	552198123354802	552198107990218
552198122536572	552198139924593	552198125085531
552198138421468	552198156510010	552198140980843
552198146098552	552198173075635	552198148705843
552198153895947	552198189664697	552198156567302
552198252629281	552198272569906	552198255131364
552198283274593	552198305718864	552198285891781
552198307862093	552198338845947	552198310376156
552198332477718	552198355439177	552198335069906
552198352981364	552198371992302	552198355541260
552198379603239	552198405151156	552198382187614
552198400432927	552198421723552	552198402986052
552198424956885	552198454967822	552198427543343
552198432633447	552198471440739	552198435201677
552198455606364	552198488021989	552198458361572
552198473542822	552198504586572	552198476109489
552198490825635	552198521181364	552198493423031
552198510888135	552198538127718	552198513413656
552198533202718	552198554307926	552198535817822
552198554131364	552198570877718	552198556719385
552198571320426	552198587455322	552198573950635
552198591708447	552198620606885	552198594275114
552198614993864	552198637179801	552198617522510
552198635856364	552198653754801	552198638435010
552198657806885	552198686902718	552198660743864
552198682905843	552198703476156	552198685443864
552198707151676	552198736600114	552198709726676
552198729073031	552198753206364	552198732894385
552198748144906	552198769754281	552198750748551
552198764615739	552198786342301	552198766949072
552198769144906	552198802902718	552198771926156
552198778574593	552198819509489	552198781198031
552198832062614	552198852671989	552198834542822
552198851386051	552198869237614	552198854189176
552198872303760	552198902500635	552198874917822
552198892268343	552198918971468	552198895156885
552198913631364	552198935531364	552198916279801
552198931954801	552198952139697	552198934577197
552198952630322	552198968690739	552198955155843
552198974050635	552199001873031	552198976506364
552198997976156	552199018445426	552199000585010
552199022046468	552199051602718	552199024632406
552199044674593	552199068176156	552199047125635
552199066086572	552199084769385	552199068523551
552199085826156	552199101321989	552199088366781
552199103803760	552199134529281	552199106249072
552199119316260	552199151091781	552199122022510
552199140406885	552199167631885	552199143123031
552199154571989	552199184208447	552199157159489
552199172212614	552199200821989	552199174825635
552199189502718	552199217409489	552199191783968
552199203674072	552199233953239	552199206113656
552199213996989	552199250530843	552199216623031
552199228402197	552199267102718	552199230865218
552199244971468	552199283688656	552199247584489
552199262788135	552199300265739	552199265430843
552199277846989	552199316842301	552199280494906
552199293687093	552199333416781	552199296374072
552199312044906	552199349998551	552199315055843
552199329036572	552199366571989	552199331454281
552199348218343	552199383155843	552199350479281
552199365038135	552199399728239	552199367593343
552199380445426	552199416316260	552199383193864
552199393495947	552199432869906	552199396123031
552199412054281	552199449461051	552199414665739
552199440277197	552199466033447	552199442808447
552199462095426	552199482619906	552199464676156
552199492081885	552199515777197	552199493838135
552199516821989	552199532346468	552199519388135
552199543732926	552199565520947	552199546347510
552199566545947	552199582069906	552199568721989
552199583017301	552199598649072	552199585511572
552199599120947	552199615211572	552199601691781
552199615158447	552199631788655	552199617741260
552199630936051	552199648384489	552199633488655
552199648446989	552199664953760	552199650937614
552199664612614	552199681522510	552199667123030
552199680686572	552199698101155	552199682979801
552199696728239	552199714660010	552199699341780
552199704948551	552199731228239	552199706880843
552199709967301	552199747802718	552199712542822
552199871984489	552199897346468	552199874748551
552199871984489	552199930173030	552199874748551
552199945874072	552199963306364	552199947226676
552199952751155	552199979890739	552199955256885
552199983680843	552200013034489	552199986204280
552199997264697	552200029607926	552199999618864
552200007185010	552200046191260	552200009833447
552200021533968	552200062778239	552200024454280
552201622530322	552201654188134	552201625446989
552201686020426	552201704325634	552201688560009
552201749294384	552201770198551	552201752065739
552201816160530	552201836460530	552201818716259
552201881280322	552201902766780	552201883408968
552201945729801	552201969054280	552201946283447


16666666
552197547978239	552197576342302	552197550514697
552197566745947	552197592893864	552197569371468
552197583179802	552197609487093	552197585481364
552197600158447	552197626066781	552197602700114
552197617793864	552197642631885	552197620379281
552197636268864	552197659214697	552197638841781
552197654093343	552197675790218	552197656591781
552197667949593	552197692435531	552197670276677
552197684743343	552197708931885	552197687353760
552197700255322	552197725508968	552197702936572
552197716333968	552197742079281	552197718965739
552197733804802	552197758658968	552197736453760
552197748641260	552197775231364	552197751259489
552197764289177	552197791799072	552197767009489
552197783687614	552197808367822	552197786095947
552197799658968	552197824970427	552197801730843
552197820234489	552197841550635	552197822853239
552197842903760	552197858113135	552197845318343
552197867083968	552197891269385	552197869685531
552197889326677	552197907844906	552197891620427
552197902489177	552197924427197	552197905043864
552197920752718	552197941005322	552197923492822
552197937179281	552197957577718	552197939752718
552197953383447	552197974150114	552197956043343
552197971907927	552197990716260	552197974471468
552197986342302	552198007323552	552197988832406
552198003037614	552198023880843	552198005747510
552198021836572	552198040460531	552198024431364
552198038482927	552198057385010	552198041383447
552198056380322	552198073633447	552198059082927
552198073961052	552198090218343	552198076548552
552198089135010	552198106777197	552198091684489
552198105431364	552198123354802	552198107990218
552198122536572	552198139924593	552198125085531
552198138421468	552198156510010	552198140980843
552198146098552	552198173075635	552198148705843
552198153895947	552198189664697	552198156567302
552198252629281	552198272569906	552198255131364
552198283274593	552198305718864	552198285891781
552198307862093	552198338845947	552198310376156
552198332477718	552198355439177	552198335069906
552198352981364	552198371992302	552198355541260
552198379603239	552198405151156	552198382187614
552198400432927	552198421723552	552198402986052
552198424956885	552198454967822	552198427543343
552198432633447	552198471440739	552198435201677
552198455606364	552198488021989	552198458361572
552198473542822	552198504586572	552198476109489
552198490825635	552198521181364	552198493423031
552198510888135	552198538127718	552198513413656
552198533202718	552198554307926	552198535817822
552198554131364	552198570877718	552198556719385
552198571320426	552198587455322	552198573950635
552198591708447	552198620606885	552198594275114
552198614993864	552198637179801	552198617522510
552198635856364	552198653754801	552198638435010
552198657806885	552198686902718	552198660743864
552198682905843	552198703476156	552198685443864
552198707151676	552198736600114	552198709726676
552198729073031	552198753206364	552198732894385
552198748144906	552198769754281	552198750748551
552198764615739	552198786342301	552198766949072
552198769144906	552198802902718	552198771926156
552198778574593	552198819509489	552198781198031
552198832062614	552198852671989	552198834542822
552198851386051	552198869237614	552198854189176
552198872303760	552198902500635	552198874917822
552198892268343	552198918971468	552198895156885
552198913631364	552198935531364	552198916279801
552198931954801	552198952139697	552198934577197
552198952630322	552198968690739	552198955155843
552198974050635	552199001873031	552198976506364
552198997976156	552199018445426	552199000585010
552199022046468	552199051602718	552199024632406
552199044674593	552199068176156	552199047125635
552199066086572	552199084769385	552199068523551
552199085826156	552199101321989	552199088366781
552199103803760	552199134529281	552199106249072
552199119316260	552199151091781	552199122022510
552199140406885	552199167631885	552199143123031
552199154571989	552199184208447	552199157159489
552199172212614	552199200821989	552199174825635
552199189502718	552199217409489	552199191783968
552199203674072	552199233953239	552199206113656
552199213996989	552199250530843	552199216623031
552199228402197	552199267102718	552199230865218
552199244971468	552199283688656	552199247584489
552199262788135	552199300265739	552199265430843
552199277846989	552199316842301	552199280494906
552199293687093	552199333416781	552199296374072
552199312044906	552199349998551	552199315055843
552199329036572	552199366571989	552199331454281
552199348218343	552199383155843	552199350479281
552199365038135	552199399728239	552199367593343
552199380445426	552199416316260	552199383193864
552199393495947	552199432869906	552199396123031
552199412054281	552199449461051	552199414665739
552199440277197	552199466033447	552199442808447
552199462095426	552199482619906	552199464676156
552199492081885	552199515777197	552199493838135
552199516821989	552199532346468	552199519388135
552199543732926	552199565520947	552199546347510
552199566545947	552199582069906	552199568721989
552199583017301	552199598649072	552199585511572
552199599120947	552199615211572	552199601691781
552199615158447	552199631788655	552199617741260
552199630936051	552199648384489	552199633488655
552199648446989	552199664953760	552199650937614
552199664612614	552199681522510	552199667123030
552199680686572	552199698101155	552199682979801
552199696728239	552199714660010	552199699341780
552199704948551	552199731228239	552199706880843
552199709967301	552199747802718	552199712542822
552199871984489	552199897346468	552199874748551
552199871984489	552199930173030	552199874748551
552199945874072	552199963306364	552199947226676
552199952751155	552199979890739	552199955256885
552199983680843	552200013034489	552199986204280
552199997264697	552200029607926	552199999618864
552200007185010	552200046191260	552200009833447
552200021533968	552200062778239	552200024454280
552201622530322	552201654188134	552201625446989
552201686020426	552201704325634	552201688560009
552201749294384	552201770198551	552201752065739
552201816160530	552201836460530	552201818716259
552201881280322	552201902766780	552201883408968
552201945729801	552201969054280	552201946283447


16666666
552197547978239	552197576342302	552197550514697
552197566745947	552197592893864	552197569371468
552197583179802	552197609487093	552197585481364
552197600158447	552197626066781	552197602700114
552197617793864	552197642631885	552197620379281
552197636268864	552197659214697	552197638841781
552197654093343	552197675790218	552197656591781
552197667949593	552197692435531	552197670276677
552197684743343	552197708931885	552197687353760
552197700255322	552197725508968	552197702936572
552197716333968	552197742079281	552197718965739
552197733804802	552197758658968	552197736453760
552197748641260	552197775231364	552197751259489
552197764289177	552197791799072	552197767009489
552197783687614	552197808367822	552197786095947
552197799658968	552197824970427	552197801730843
552197820234489	552197841550635	552197822853239
552197842903760	552197858113135	552197845318343
552197867083968	552197891269385	552197869685531
552197889326677	552197907844906	552197891620427
552197902489177	552197924427197	552197905043864
552197920752718	552197941005322	552197923492822
552197937179281	552197957577718	552197939752718
552197953383447	552197974150114	552197956043343
552197971907927	552197990716260	552197974471468
552197986342302	552198007323552	552197988832406
552198003037614	552198023880843	552198005747510
552198021836572	552198040460531	552198024431364
552198038482927	552198057385010	552198041383447
552198056380322	552198073633447	552198059082927
552198073961052	552198090218343	552198076548552
552198089135010	552198106777197	552198091684489
552198105431364	552198123354802	552198107990218
552198122536572	552198139924593	552198125085531
552198138421468	552198156510010	552198140980843
552198146098552	552198173075635	552198148705843
552198153895947	552198189664697	552198156567302
552198252629281	552198272569906	552198255131364
552198283274593	552198305718864	552198285891781
552198307862093	552198338845947	552198310376156
552198332477718	552198355439177	552198335069906
552198352981364	552198371992302	552198355541260
552198379603239	552198405151156	552198382187614
552198400432927	552198421723552	552198402986052
552198424956885	552198454967822	552198427543343
552198432633447	552198471440739	552198435201677
552198455606364	552198488021989	552198458361572
552198473542822	552198504586572	552198476109489
552198490825635	552198521181364	552198493423031
552198510888135	552198538127718	552198513413656
552198533202718	552198554307926	552198535817822
552198554131364	552198570877718	552198556719385
552198571320426	552198587455322	552198573950635
552198591708447	552198620606885	552198594275114
552198614993864	552198637179801	552198617522510
552198635856364	552198653754801	552198638435010
552198657806885	552198686902718	552198660743864
552198682905843	552198703476156	552198685443864
552198707151676	552198736600114	552198709726676
552198729073031	552198753206364	552198732894385
552198748144906	552198769754281	552198750748551
552198764615739	552198786342301	552198766949072
552198769144906	552198802902718	552198771926156
552198778574593	552198819509489	552198781198031
552198832062614	552198852671989	552198834542822
552198851386051	552198869237614	552198854189176
552198872303760	552198902500635	552198874917822
552198892268343	552198918971468	552198895156885
552198913631364	552198935531364	552198916279801
552198931954801	552198952139697	552198934577197
552198952630322	552198968690739	552198955155843
552198974050635	552199001873031	552198976506364
552198997976156	552199018445426	552199000585010
552199022046468	552199051602718	552199024632406
552199044674593	552199068176156	552199047125635
552199066086572	552199084769385	552199068523551
552199085826156	552199101321989	552199088366781
552199103803760	552199134529281	552199106249072
552199119316260	552199151091781	552199122022510
552199140406885	552199167631885	552199143123031
552199154571989	552199184208447	552199157159489
552199172212614	552199200821989	552199174825635
552199189502718	552199217409489	552199191783968
552199203674072	552199233953239	552199206113656
552199213996989	552199250530843	552199216623031
552199228402197	552199267102718	552199230865218
552199244971468	552199283688656	552199247584489
552199262788135	552199300265739	552199265430843
552199277846989	552199316842301	552199280494906
552199293687093	552199333416781	552199296374072
552199312044906	552199349998551	552199315055843
552199329036572	552199366571989	552199331454281
552199348218343	552199383155843	552199350479281
552199365038135	552199399728239	552199367593343
552199380445426	552199416316260	552199383193864
552199393495947	552199432869906	552199396123031
552199412054281	552199449461051	552199414665739
552199440277197	552199466033447	552199442808447
552199462095426	552199482619906	552199464676156
552199492081885	552199515777197	552199493838135
552199516821989	552199532346468	552199519388135
552199543732926	552199565520947	552199546347510
552199566545947	552199582069906	552199568721989
552199583017301	552199598649072	552199585511572
552199599120947	552199615211572	552199601691781
552199615158447	552199631788655	552199617741260
552199630936051	552199648384489	552199633488655
552199648446989	552199664953760	552199650937614
552199664612614	552199681522510	552199667123030
552199680686572	552199698101155	552199682979801
552199696728239	552199714660010	552199699341780
552199704948551	552199731228239	552199706880843
552199709967301	552199747802718	552199712542822
552199871984489	552199897346468	552199874748551
552199871984489	552199930173030	552199874748551
552199945874072	552199963306364	552199947226676
552199952751155	552199979890739	552199955256885
552199983680843	552200013034489	552199986204280
552199997264697	552200029607926	552199999618864
552200007185010	552200046191260	552200009833447
552200021533968	552200062778239	552200024454280
552201622530322	552201654188134	552201625446989
552201686020426	552201704325634	552201688560009
552201749294384	552201770198551	552201752065739
552201816160530	552201836460530	552201818716259
552201881280322	552201902766780	552201883408968
552201945729801	552201969054280	552201946283447


16666666
552197547978239	552197576342302	552197550514697
552197566745947	552197592893864	552197569371468
552197583179802	552197609487093	552197585481364
552197600158447	552197626066781	552197602700114
552197617793864	552197642631885	552197620379281
552197636268864	552197659214697	552197638841781
552197654093343	552197675790218	552197656591781
552197667949593	552197692435531	552197670276677
552197684743343	552197708931885	552197687353760
552197700255322	552197725508968	552197702936572
552197716333968	552197742079281	552197718965739
552197733804802	552197758658968	552197736453760
552197748641260	552197775231364	552197751259489
552197764289177	552197791799072	552197767009489
552197783687614	552197808367822	552197786095947
552197799658968	552197824970427	552197801730843
552197820234489	552197841550635	552197822853239
552197842903760	552197858113135	552197845318343
552197867083968	552197891269385	552197869685531
552197889326677	552197907844906	552197891620427
552197902489177	552197924427197	552197905043864
552197920752718	552197941005322	552197923492822
552197937179281	552197957577718	552197939752718
552197953383447	552197974150114	552197956043343
552197971907927	552197990716260	552197974471468
552197986342302	552198007323552	552197988832406
552198003037614	552198023880843	552198005747510
552198021836572	552198040460531	552198024431364
552198038482927	552198057385010	552198041383447
552198056380322	552198073633447	552198059082927
552198073961052	552198090218343	552198076548552
552198089135010	552198106777197	552198091684489
552198105431364	552198123354802	552198107990218
552198122536572	552198139924593	552198125085531
552198138421468	552198156510010	552198140980843
552198146098552	552198173075635	552198148705843
552198153895947	552198189664697	552198156567302
552198252629281	552198272569906	552198255131364
552198283274593	552198305718864	552198285891781
552198307862093	552198338845947	552198310376156
552198332477718	552198355439177	552198335069906
552198352981364	552198371992302	552198355541260
552198379603239	552198405151156	552198382187614
552198400432927	552198421723552	552198402986052
552198424956885	552198454967822	552198427543343
552198432633447	552198471440739	552198435201677
552198455606364	552198488021989	552198458361572
552198473542822	552198504586572	552198476109489
552198490825635	552198521181364	552198493423031
552198510888135	552198538127718	552198513413656
552198533202718	552198554307926	552198535817822
552198554131364	552198570877718	552198556719385
552198571320426	552198587455322	552198573950635
552198591708447	552198620606885	552198594275114
552198614993864	552198637179801	552198617522510
552198635856364	552198653754801	552198638435010
552198657806885	552198686902718	552198660743864
552198682905843	552198703476156	552198685443864
552198707151676	552198736600114	552198709726676
552198729073031	552198753206364	552198732894385
552198748144906	552198769754281	552198750748551
552198764615739	552198786342301	552198766949072
552198769144906	552198802902718	552198771926156
552198778574593	552198819509489	552198781198031
552198832062614	552198852671989	552198834542822
552198851386051	552198869237614	552198854189176
552198872303760	552198902500635	552198874917822
552198892268343	552198918971468	552198895156885
552198913631364	552198935531364	552198916279801
552198931954801	552198952139697	552198934577197
552198952630322	552198968690739	552198955155843
552198974050635	552199001873031	552198976506364
552198997976156	552199018445426	552199000585010
552199022046468	552199051602718	552199024632406
552199044674593	552199068176156	552199047125635
552199066086572	552199084769385	552199068523551
552199085826156	552199101321989	552199088366781
552199103803760	552199134529281	552199106249072
552199119316260	552199151091781	552199122022510
552199140406885	552199167631885	552199143123031
552199154571989	552199184208447	552199157159489
552199172212614	552199200821989	552199174825635
552199189502718	552199217409489	552199191783968
552199203674072	552199233953239	552199206113656
552199213996989	552199250530843	552199216623031
552199228402197	552199267102718	552199230865218
552199244971468	552199283688656	552199247584489
552199262788135	552199300265739	552199265430843
552199277846989	552199316842301	552199280494906
552199293687093	552199333416781	552199296374072
552199312044906	552199349998551	552199315055843
552199329036572	552199366571989	552199331454281
552199348218343	552199383155843	552199350479281
552199365038135	552199399728239	552199367593343
552199380445426	552199416316260	552199383193864
552199393495947	552199432869906	552199396123031
552199412054281	552199449461051	552199414665739
552199440277197	552199466033447	552199442808447
552199462095426	552199482619906	552199464676156
552199492081885	552199515777197	552199493838135
552199516821989	552199532346468	552199519388135
552199543732926	552199565520947	552199546347510
552199566545947	552199582069906	552199568721989
552199583017301	552199598649072	552199585511572
552199599120947	552199615211572	552199601691781
552199615158447	552199631788655	552199617741260
552199630936051	552199648384489	552199633488655
552199648446989	552199664953760	552199650937614
552199664612614	552199681522510	552199667123030
552199680686572	552199698101155	552199682979801
552199696728239	552199714660010	552199699341780
552199704948551	552199731228239	552199706880843
552199709967301	552199747802718	552199712542822
552199871984489	552199897346468	552199874748551
552199871984489	552199930173030	552199874748551
552199945874072	552199963306364	552199947226676
552199952751155	552199979890739	552199955256885
552199983680843	552200013034489	552199986204280
552199997264697	552200029607926	552199999618864
552200007185010	552200046191260	552200009833447
552200021533968	552200062778239	552200024454280
552201622530322	552201654188134	552201625446989
552201686020426	552201704325634	552201688560009
552201749294384	552201770198551	552201752065739
552201816160530	552201836460530	552201818716259
552201881280322	552201902766780	552201883408968
552201945729801	552201969054280	552201946283447


16666666
552197547978239	552197576342302	552197550514697
552197566745947	552197592893864	552197569371468
552197583179802	552197609487093	552197585481364
552197600158447	552197626066781	552197602700114
552197617793864	552197642631885	552197620379281
552197636268864	552197659214697	552197638841781
552197654093343	552197675790218	552197656591781
552197667949593	552197692435531	552197670276677
552197684743343	552197708931885	552197687353760
552197700255322	552197725508968	552197702936572
552197716333968	552197742079281	552197718965739
552197733804802	552197758658968	552197736453760
552197748641260	552197775231364	552197751259489
552197764289177	552197791799072	552197767009489
552197783687614	552197808367822	552197786095947
552197799658968	552197824970427	552197801730843
552197820234489	552197841550635	552197822853239
552197842903760	552197858113135	552197845318343
552197867083968	552197891269385	552197869685531
552197889326677	552197907844906	552197891620427
552197902489177	552197924427197	552197905043864
552197920752718	552197941005322	552197923492822
552197937179281	552197957577718	552197939752718
552197953383447	552197974150114	552197956043343
552197971907927	552197990716260	552197974471468
552197986342302	552198007323552	552197988832406
552198003037614	552198023880843	552198005747510
552198021836572	552198040460531	552198024431364
552198038482927	552198057385010	552198041383447
552198056380322	552198073633447	552198059082927
552198073961052	552198090218343	552198076548552
552198089135010	552198106777197	552198091684489
552198105431364	552198123354802	552198107990218
552198122536572	552198139924593	552198125085531
552198138421468	552198156510010	552198140980843
552198146098552	552198173075635	552198148705843
552198153895947	552198189664697	552198156567302
552198252629281	552198272569906	552198255131364
552198283274593	552198305718864	552198285891781
552198307862093	552198338845947	552198310376156
552198332477718	552198355439177	552198335069906
552198352981364	552198371992302	552198355541260
552198379603239	552198405151156	552198382187614
552198400432927	552198421723552	552198402986052
552198424956885	552198454967822	552198427543343
552198432633447	552198471440739	552198435201677
552198455606364	552198488021989	552198458361572
552198473542822	552198504586572	552198476109489
552198490825635	552198521181364	552198493423031
552198510888135	552198538127718	552198513413656
552198533202718	552198554307926	552198535817822
552198554131364	552198570877718	552198556719385
552198571320426	552198587455322	552198573950635
552198591708447	552198620606885	552198594275114
552198614993864	552198637179801	552198617522510
552198635856364	552198653754801	552198638435010
552198657806885	552198686902718	552198660743864
552198682905843	552198703476156	552198685443864
552198707151676	552198736600114	552198709726676
552198729073031	552198753206364	552198732894385
552198748144906	552198769754281	552198750748551
552198764615739	552198786342301	552198766949072
552198769144906	552198802902718	552198771926156
552198778574593	552198819509489	552198781198031
552198832062614	552198852671989	552198834542822
552198851386051	552198869237614	552198854189176
552198872303760	552198902500635	552198874917822
552198892268343	552198918971468	552198895156885
552198913631364	552198935531364	552198916279801
552198931954801	552198952139697	552198934577197
552198952630322	552198968690739	552198955155843
552198974050635	552199001873031	552198976506364
552198997976156	552199018445426	552199000585010
552199022046468	552199051602718	552199024632406
552199044674593	552199068176156	552199047125635
552199066086572	552199084769385	552199068523551
552199085826156	552199101321989	552199088366781
552199103803760	552199134529281	552199106249072
552199119316260	552199151091781	552199122022510
552199140406885	552199167631885	552199143123031
552199154571989	552199184208447	552199157159489
552199172212614	552199200821989	552199174825635
552199189502718	552199217409489	552199191783968
552199203674072	552199233953239	552199206113656
552199213996989	552199250530843	552199216623031
552199228402197	552199267102718	552199230865218
552199244971468	552199283688656	552199247584489
552199262788135	552199300265739	552199265430843
552199277846989	552199316842301	552199280494906
552199293687093	552199333416781	552199296374072
552199312044906	552199349998551	552199315055843
552199329036572	552199366571989	552199331454281
552199348218343	552199383155843	552199350479281
552199365038135	552199399728239	552199367593343
552199380445426	552199416316260	552199383193864
552199393495947	552199432869906	552199396123031
552199412054281	552199449461051	552199414665739
552199440277197	552199466033447	552199442808447
552199462095426	552199482619906	552199464676156
552199492081885	552199515777197	552199493838135
552199516821989	552199532346468	552199519388135
552199543732926	552199565520947	552199546347510
552199566545947	552199582069906	552199568721989
552199583017301	552199598649072	552199585511572
552199599120947	552199615211572	552199601691781
552199615158447	552199631788655	552199617741260
552199630936051	552199648384489	552199633488655
552199648446989	552199664953760	552199650937614
552199664612614	552199681522510	552199667123030
552199680686572	552199698101155	552199682979801
552199696728239	552199714660010	552199699341780
552199704948551	552199731228239	552199706880843
552199709967301	552199747802718	552199712542822
552199871984489	552199897346468	552199874748551
552199871984489	552199930173030	552199874748551
552199945874072	552199963306364	552199947226676
552199952751155	552199979890739	552199955256885
552199983680843	552200013034489	552199986204280
552199997264697	552200029607926	552199999618864
552200007185010	552200046191260	552200009833447
552200021533968	552200062778239	552200024454280
552201622530322	552201654188134	552201625446989
552201686020426	552201704325634	552201688560009
552201749294384	552201770198551	552201752065739
552201816160530	552201836460530	552201818716259
552201881280322	552201902766780	552201883408968
552201945729801	552201969054280	552201946283447


16666666
552197547978239	552197576342302	552197550514697
552197566745947	552197592893864	552197569371468
552197583179802	552197609487093	552197585481364
552197600158447	552197626066781	552197602700114
552197617793864	552197642631885	552197620379281
552197636268864	552197659214697	552197638841781
552197654093343	552197675790218	552197656591781
552197667949593	552197692435531	552197670276677
552197684743343	552197708931885	552197687353760
552197700255322	552197725508968	552197702936572
552197716333968	552197742079281	552197718965739
552197733804802	552197758658968	552197736453760
552197748641260	552197775231364	552197751259489
552197764289177	552197791799072	552197767009489
552197783687614	552197808367822	552197786095947
552197799658968	552197824970427	552197801730843
552197820234489	552197841550635	552197822853239
552197842903760	552197858113135	552197845318343
552197867083968	552197891269385	552197869685531
552197889326677	552197907844906	552197891620427
552197902489177	552197924427197	552197905043864
552197920752718	552197941005322	552197923492822
552197937179281	552197957577718	552197939752718
552197953383447	552197974150114	552197956043343
552197971907927	552197990716260	552197974471468
552197986342302	552198007323552	552197988832406
552198003037614	552198023880843	552198005747510
552198021836572	552198040460531	552198024431364
552198038482927	552198057385010	552198041383447
552198056380322	552198073633447	552198059082927
552198073961052	552198090218343	552198076548552
552198089135010	552198106777197	552198091684489
552198105431364	552198123354802	552198107990218
552198122536572	552198139924593	552198125085531
552198138421468	552198156510010	552198140980843
552198146098552	552198173075635	552198148705843
552198153895947	552198189664697	552198156567302
552198252629281	552198272569906	552198255131364
552198283274593	552198305718864	552198285891781
552198307862093	552198338845947	552198310376156
552198332477718	552198355439177	552198335069906
552198352981364	552198371992302	552198355541260
552198379603239	552198405151156	552198382187614
552198400432927	552198421723552	552198402986052
552198424956885	552198454967822	552198427543343
552198432633447	552198471440739	552198435201677
552198455606364	552198488021989	552198458361572
552198473542822	552198504586572	552198476109489
552198490825635	552198521181364	552198493423031
552198510888135	552198538127718	552198513413656
552198533202718	552198554307926	552198535817822
552198554131364	552198570877718	552198556719385
552198571320426	552198587455322	552198573950635
552198591708447	552198620606885	552198594275114
552198614993864	552198637179801	552198617522510
552198635856364	552198653754801	552198638435010
552198657806885	552198686902718	552198660743864
552198682905843	552198703476156	552198685443864
552198707151676	552198736600114	552198709726676
552198729073031	552198753206364	552198732894385
552198748144906	552198769754281	552198750748551
552198764615739	552198786342301	552198766949072
552198769144906	552198802902718	552198771926156
552198778574593	552198819509489	552198781198031
552198832062614	552198852671989	552198834542822
552198851386051	552198869237614	552198854189176
552198872303760	552198902500635	552198874917822
552198892268343	552198918971468	552198895156885
552198913631364	552198935531364	552198916279801
552198931954801	552198952139697	552198934577197
552198952630322	552198968690739	552198955155843
552198974050635	552199001873031	552198976506364
552198997976156	552199018445426	552199000585010
552199022046468	552199051602718	552199024632406
552199044674593	552199068176156	552199047125635
552199066086572	552199084769385	552199068523551
552199085826156	552199101321989	552199088366781
552199103803760	552199134529281	552199106249072
552199119316260	552199151091781	552199122022510
552199140406885	552199167631885	552199143123031
552199154571989	552199184208447	552199157159489
552199172212614	552199200821989	552199174825635
552199189502718	552199217409489	552199191783968
552199203674072	552199233953239	552199206113656
552199213996989	552199250530843	552199216623031
552199228402197	552199267102718	552199230865218
552199244971468	552199283688656	552199247584489
552199262788135	552199300265739	552199265430843
552199277846989	552199316842301	552199280494906
552199293687093	552199333416781	552199296374072
552199312044906	552199349998551	552199315055843
552199329036572	552199366571989	552199331454281
552199348218343	552199383155843	552199350479281
552199365038135	552199399728239	552199367593343
552199380445426	552199416316260	552199383193864
552199393495947	552199432869906	552199396123031
552199412054281	552199449461051	552199414665739
552199440277197	552199466033447	552199442808447
552199462095426	552199482619906	552199464676156
552199492081885	552199515777197	552199493838135
552199516821989	552199532346468	552199519388135
552199543732926	552199565520947	552199546347510
552199566545947	552199582069906	552199568721989
552199583017301	552199598649072	552199585511572
552199599120947	552199615211572	552199601691781
552199615158447	552199631788655	552199617741260
552199630936051	552199648384489	552199633488655
552199648446989	552199664953760	552199650937614
552199664612614	552199681522510	552199667123030
552199680686572	552199698101155	552199682979801
552199696728239	552199714660010	552199699341780
552199704948551	552199731228239	552199706880843
552199709967301	552199747802718	552199712542822
552199871984489	552199897346468	552199874748551
552199871984489	552199930173030	552199874748551
552199945874072	552199963306364	552199947226676
552199952751155	552199979890739	552199955256885
552199983680843	552200013034489	552199986204280
552199997264697	552200029607926	552199999618864
552200007185010	552200046191260	552200009833447
552200021533968	552200062778239	552200024454280
552201622530322	552201654188134	552201625446989
552201686020426	552201704325634	552201688560009
552201749294384	552201770198551	552201752065739
552201816160530	552201836460530	552201818716259
552201881280322	552201902766780	552201883408968
552201945729801	552201969054280	552201946283447


16666666
552197547978239	552197576342302	552197550514697
552197566745947	552197592893864	552197569371468
552197583179802	552197609487093	552197585481364
552197600158447	552197626066781	552197602700114
552197617793864	552197642631885	552197620379281
552197636268864	552197659214697	552197638841781
552197654093343	552197675790218	552197656591781
552197667949593	552197692435531	552197670276677
552197684743343	552197708931885	552197687353760
552197700255322	552197725508968	552197702936572
552197716333968	552197742079281	552197718965739
552197733804802	552197758658968	552197736453760
552197748641260	552197775231364	552197751259489
552197764289177	552197791799072	552197767009489
552197783687614	552197808367822	552197786095947
552197799658968	552197824970427	552197801730843
552197820234489	552197841550635	552197822853239
552197842903760	552197858113135	552197845318343
552197867083968	552197891269385	552197869685531
552197889326677	552197907844906	552197891620427
552197902489177	552197924427197	552197905043864
552197920752718	552197941005322	552197923492822
552197937179281	552197957577718	552197939752718
552197953383447	552197974150114	552197956043343
552197971907927	552197990716260	552197974471468
552197986342302	552198007323552	552197988832406
552198003037614	552198023880843	552198005747510
552198021836572	552198040460531	552198024431364
552198038482927	552198057385010	552198041383447
552198056380322	552198073633447	552198059082927
552198073961052	552198090218343	552198076548552
552198089135010	552198106777197	552198091684489
552198105431364	552198123354802	552198107990218
552198122536572	552198139924593	552198125085531
552198138421468	552198156510010	552198140980843
552198146098552	552198173075635	552198148705843
552198153895947	552198189664697	552198156567302
552198252629281	552198272569906	552198255131364
552198283274593	552198305718864	552198285891781
552198307862093	552198338845947	552198310376156
552198332477718	552198355439177	552198335069906
552198352981364	552198371992302	552198355541260
552198379603239	552198405151156	552198382187614
552198400432927	552198421723552	552198402986052
552198424956885	552198454967822	552198427543343
552198432633447	552198471440739	552198435201677
552198455606364	552198488021989	552198458361572
552198473542822	552198504586572	552198476109489
552198490825635	552198521181364	552198493423031
552198510888135	552198538127718	552198513413656
552198533202718	552198554307926	552198535817822
552198554131364	552198570877718	552198556719385
552198571320426	552198587455322	552198573950635
552198591708447	552198620606885	552198594275114
552198614993864	552198637179801	552198617522510
552198635856364	552198653754801	552198638435010
552198657806885	552198686902718	552198660743864
552198682905843	552198703476156	552198685443864
552198707151676	552198736600114	552198709726676
552198729073031	552198753206364	552198732894385
552198748144906	552198769754281	552198750748551
552198764615739	552198786342301	552198766949072
552198769144906	552198802902718	552198771926156
552198778574593	552198819509489	552198781198031
552198832062614	552198852671989	552198834542822
552198851386051	552198869237614	552198854189176
552198872303760	552198902500635	552198874917822
552198892268343	552198918971468	552198895156885
552198913631364	552198935531364	552198916279801
552198931954801	552198952139697	552198934577197
552198952630322	552198968690739	552198955155843
552198974050635	552199001873031	552198976506364
552198997976156	552199018445426	552199000585010
552199022046468	552199051602718	552199024632406
552199044674593	552199068176156	552199047125635
552199066086572	552199084769385	552199068523551
552199085826156	552199101321989	552199088366781
552199103803760	552199134529281	552199106249072
552199119316260	552199151091781	552199122022510
552199140406885	552199167631885	552199143123031
552199154571989	552199184208447	552199157159489
552199172212614	552199200821989	552199174825635
552199189502718	552199217409489	552199191783968
552199203674072	552199233953239	552199206113656
552199213996989	552199250530843	552199216623031
552199228402197	552199267102718	552199230865218
552199244971468	552199283688656	552199247584489
552199262788135	552199300265739	552199265430843
552199277846989	552199316842301	552199280494906
552199293687093	552199333416781	552199296374072
552199312044906	552199349998551	552199315055843
552199329036572	552199366571989	552199331454281
552199348218343	552199383155843	552199350479281
552199365038135	552199399728239	552199367593343
552199380445426	552199416316260	552199383193864
552199393495947	552199432869906	552199396123031
552199412054281	552199449461051	552199414665739
552199440277197	552199466033447	552199442808447
552199462095426	552199482619906	552199464676156
552199492081885	552199515777197	552199493838135
552199516821989	552199532346468	552199519388135
552199543732926	552199565520947	552199546347510
552199566545947	552199582069906	552199568721989
552199583017301	552199598649072	552199585511572
552199599120947	552199615211572	552199601691781
552199615158447	552199631788655	552199617741260
552199630936051	552199648384489	552199633488655
552199648446989	552199664953760	552199650937614
552199664612614	552199681522510	552199667123030
552199680686572	552199698101155	552199682979801
552199696728239	552199714660010	552199699341780
552199704948551	552199731228239	552199706880843
552199709967301	552199747802718	552199712542822
552199871984489	552199897346468	552199874748551
552199871984489	552199930173030	552199874748551
552199945874072	552199963306364	552199947226676
552199952751155	552199979890739	552199955256885
552199983680843	552200013034489	552199986204280
552199997264697	552200029607926	552199999618864
552200007185010	552200046191260	552200009833447
552200021533968	552200062778239	552200024454280
552201622530322	552201654188134	552201625446989
552201686020426	552201704325634	552201688560009
552201749294384	552201770198551	552201752065739
552201816160530	552201836460530	552201818716259
552201881280322	552201902766780	552201883408968
552201945729801	552201969054280	552201946283447


16666666
552197547978239	552197576342302	552197550514697
552197566745947	552197592893864	552197569371468
552197583179802	552197609487093	552197585481364
552197600158447	552197626066781	552197602700114
552197617793864	552197642631885	552197620379281
552197636268864	552197659214697	552197638841781
552197654093343	552197675790218	552197656591781
552197667949593	552197692435531	552197670276677
552197684743343	552197708931885	552197687353760
552197700255322	552197725508968	552197702936572
552197716333968	552197742079281	552197718965739
552197733804802	552197758658968	552197736453760
552197748641260	552197775231364	552197751259489
552197764289177	552197791799072	552197767009489
552197783687614	552197808367822	552197786095947
552197799658968	552197824970427	552197801730843
552197820234489	552197841550635	552197822853239
552197842903760	552197858113135	552197845318343
552197867083968	552197891269385	552197869685531
552197889326677	552197907844906	552197891620427
552197902489177	552197924427197	552197905043864
552197920752718	552197941005322	552197923492822
552197937179281	552197957577718	552197939752718
552197953383447	552197974150114	552197956043343
552197971907927	552197990716260	552197974471468
552197986342302	552198007323552	552197988832406
552198003037614	552198023880843	552198005747510
552198021836572	552198040460531	552198024431364
552198038482927	552198057385010	552198041383447
552198056380322	552198073633447	552198059082927
552198073961052	552198090218343	552198076548552
552198089135010	552198106777197	552198091684489
552198105431364	552198123354802	552198107990218
552198122536572	552198139924593	552198125085531
552198138421468	552198156510010	552198140980843
552198146098552	552198173075635	552198148705843
552198153895947	552198189664697	552198156567302
552198252629281	552198272569906	552198255131364
552198283274593	552198305718864	552198285891781
552198307862093	552198338845947	552198310376156
552198332477718	552198355439177	552198335069906
552198352981364	552198371992302	552198355541260
552198379603239	552198405151156	552198382187614
552198400432927	552198421723552	552198402986052
552198424956885	552198454967822	552198427543343
552198432633447	552198471440739	552198435201677
552198455606364	552198488021989	552198458361572
552198473542822	552198504586572	552198476109489
552198490825635	552198521181364	552198493423031
552198510888135	552198538127718	552198513413656
552198533202718	552198554307926	552198535817822
552198554131364	552198570877718	552198556719385
552198571320426	552198587455322	552198573950635
552198591708447	552198620606885	552198594275114
552198614993864	552198637179801	552198617522510
552198635856364	552198653754801	552198638435010
552198657806885	552198686902718	552198660743864
552198682905843	552198703476156	552198685443864
552198707151676	552198736600114	552198709726676
552198729073031	552198753206364	552198732894385
552198748144906	552198769754281	552198750748551
552198764615739	552198786342301	552198766949072
552198769144906	552198802902718	552198771926156
552198778574593	552198819509489	552198781198031
552198832062614	552198852671989	552198834542822
552198851386051	552198869237614	552198854189176
552198872303760	552198902500635	552198874917822
552198892268343	552198918971468	552198895156885
552198913631364	552198935531364	552198916279801
552198931954801	552198952139697	552198934577197
552198952630322	552198968690739	552198955155843
552198974050635	552199001873031	552198976506364
552198997976156	552199018445426	552199000585010
552199022046468	552199051602718	552199024632406
552199044674593	552199068176156	552199047125635
552199066086572	552199084769385	552199068523551
552199085826156	552199101321989	552199088366781
552199103803760	552199134529281	552199106249072
552199119316260	552199151091781	552199122022510
552199140406885	552199167631885	552199143123031
552199154571989	552199184208447	552199157159489
552199172212614	552199200821989	552199174825635
552199189502718	552199217409489	552199191783968
552199203674072	552199233953239	552199206113656
552199213996989	552199250530843	552199216623031
552199228402197	552199267102718	552199230865218
552199244971468	552199283688656	552199247584489
552199262788135	552199300265739	552199265430843
552199277846989	552199316842301	552199280494906
552199293687093	552199333416781	552199296374072
552199312044906	552199349998551	552199315055843
552199329036572	552199366571989	552199331454281
552199348218343	552199383155843	552199350479281
552199365038135	552199399728239	552199367593343
552199380445426	552199416316260	552199383193864
552199393495947	552199432869906	552199396123031
552199412054281	552199449461051	552199414665739
552199440277197	552199466033447	552199442808447
552199462095426	552199482619906	552199464676156
552199492081885	552199515777197	552199493838135
552199516821989	552199532346468	552199519388135
552199543732926	552199565520947	552199546347510
552199566545947	552199582069906	552199568721989
552199583017301	552199598649072	552199585511572
552199599120947	552199615211572	552199601691781
552199615158447	552199631788655	552199617741260
552199630936051	552199648384489	552199633488655
552199648446989	552199664953760	552199650937614
552199664612614	552199681522510	552199667123030
552199680686572	552199698101155	552199682979801
552199696728239	552199714660010	552199699341780
552199704948551	552199731228239	552199706880843
552199709967301	552199747802718	552199712542822
552199871984489	552199897346468	552199874748551
552199871984489	552199930173030	552199874748551
552199945874072	552199963306364	552199947226676
552199952751155	552199979890739	552199955256885
552199983680843	552200013034489	552199986204280
552199997264697	552200029607926	552199999618864
552200007185010	552200046191260	552200009833447
552200021533968	552200062778239	552200024454280
552201622530322	552201654188134	552201625446989
552201686020426	552201704325634	552201688560009
552201749294384	552201770198551	552201752065739
552201816160530	552201836460530	552201818716259
552201881280322	552201902766780	552201883408968
552201945729801	552201969054280	552201946283447


16666666
552197547978239	552197576342302	552197550514697
552197566745947	552197592893864	552197569371468
552197583179802	552197609487093	552197585481364
552197600158447	552197626066781	552197602700114
552197617793864	552197642631885	552197620379281
552197636268864	552197659214697	552197638841781
552197654093343	552197675790218	552197656591781
552197667949593	552197692435531	552197670276677
552197684743343	552197708931885	552197687353760
552197700255322	552197725508968	552197702936572
552197716333968	552197742079281	552197718965739
552197733804802	552197758658968	552197736453760
552197748641260	552197775231364	552197751259489
552197764289177	552197791799072	552197767009489
552197783687614	552197808367822	552197786095947
552197799658968	552197824970427	552197801730843
552197820234489	552197841550635	552197822853239
552197842903760	552197858113135	552197845318343
552197867083968	552197891269385	552197869685531
552197889326677	552197907844906	552197891620427
552197902489177	552197924427197	552197905043864
552197920752718	552197941005322	552197923492822
552197937179281	552197957577718	552197939752718
552197953383447	552197974150114	552197956043343
552197971907927	552197990716260	552197974471468
552197986342302	552198007323552	552197988832406
552198003037614	552198023880843	552198005747510
552198021836572	552198040460531	552198024431364
552198038482927	552198057385010	552198041383447
552198056380322	552198073633447	552198059082927
552198073961052	552198090218343	552198076548552
552198089135010	552198106777197	552198091684489
552198105431364	552198123354802	552198107990218
552198122536572	552198139924593	552198125085531
552198138421468	552198156510010	552198140980843
552198146098552	552198173075635	552198148705843
552198153895947	552198189664697	552198156567302
552198252629281	552198272569906	552198255131364
552198283274593	552198305718864	552198285891781
552198307862093	552198338845947	552198310376156
552198332477718	552198355439177	552198335069906
552198352981364	552198371992302	552198355541260
552198379603239	552198405151156	552198382187614
552198400432927	552198421723552	552198402986052
552198424956885	552198454967822	552198427543343
552198432633447	552198471440739	552198435201677
552198455606364	552198488021989	552198458361572
552198473542822	552198504586572	552198476109489
552198490825635	552198521181364	552198493423031
552198510888135	552198538127718	552198513413656
552198533202718	552198554307926	552198535817822
552198554131364	552198570877718	552198556719385
552198571320426	552198587455322	552198573950635
552198591708447	552198620606885	552198594275114
552198614993864	552198637179801	552198617522510
552198635856364	552198653754801	552198638435010
552198657806885	552198686902718	552198660743864
552198682905843	552198703476156	552198685443864
552198707151676	552198736600114	552198709726676
552198729073031	552198753206364	552198732894385
552198748144906	552198769754281	552198750748551
552198764615739	552198786342301	552198766949072
552198769144906	552198802902718	552198771926156
552198778574593	552198819509489	552198781198031
552198832062614	552198852671989	552198834542822
552198851386051	552198869237614	552198854189176
552198872303760	552198902500635	552198874917822
552198892268343	552198918971468	552198895156885
552198913631364	552198935531364	552198916279801
552198931954801	552198952139697	552198934577197
552198952630322	552198968690739	552198955155843
552198974050635	552199001873031	552198976506364
552198997976156	552199018445426	552199000585010
552199022046468	552199051602718	552199024632406
552199044674593	552199068176156	552199047125635
552199066086572	552199084769385	552199068523551
552199085826156	552199101321989	552199088366781
552199103803760	552199134529281	552199106249072
552199119316260	552199151091781	552199122022510
552199140406885	552199167631885	552199143123031
552199154571989	552199184208447	552199157159489
552199172212614	552199200821989	552199174825635
552199189502718	552199217409489	552199191783968
552199203674072	552199233953239	552199206113656
552199213996989	552199250530843	552199216623031
552199228402197	552199267102718	552199230865218
552199244971468	552199283688656	552199247584489
552199262788135	552199300265739	552199265430843
552199277846989	552199316842301	552199280494906
552199293687093	552199333416781	552199296374072
552199312044906	552199349998551	552199315055843
552199329036572	552199366571989	552199331454281
552199348218343	552199383155843	552199350479281
552199365038135	552199399728239	552199367593343
552199380445426	552199416316260	552199383193864
552199393495947	552199432869906	552199396123031
552199412054281	552199449461051	552199414665739
552199440277197	552199466033447	552199442808447
552199462095426	552199482619906	552199464676156
552199492081885	552199515777197	552199493838135
552199516821989	552199532346468	552199519388135
552199543732926	552199565520947	552199546347510
552199566545947	552199582069906	552199568721989
552199583017301	552199598649072	552199585511572
552199599120947	552199615211572	552199601691781
552199615158447	552199631788655	552199617741260
552199630936051	552199648384489	552199633488655
552199648446989	552199664953760	552199650937614
552199664612614	552199681522510	552199667123030
552199680686572	552199698101155	552199682979801
552199696728239	552199714660010	552199699341780
552199704948551	552199731228239	552199706880843
552199709967301	552199747802718	552199712542822
552199871984489	552199897346468	552199874748551
552199871984489	552199930173030	552199874748551
552199945874072	552199963306364	552199947226676
552199952751155	552199979890739	552199955256885
552199983680843	552200013034489	552199986204280
552199997264697	552200029607926	552199999618864
552200007185010	552200046191260	552200009833447
552200021533968	552200062778239	552200024454280
552201622530322	552201654188134	552201625446989
552201686020426	552201704325634	552201688560009
552201749294384	552201770198551	552201752065739
552201816160530	552201836460530	552201818716259
552201881280322	552201902766780	552201883408968
552201945729801	552201969054280	552201946283447


16666666
552197547978239	552197576342302	552197550514697
552197566745947	552197592893864	552197569371468
552197583179802	552197609487093	552197585481364
552197600158447	552197626066781	552197602700114
552197617793864	552197642631885	552197620379281
552197636268864	552197659214697	552197638841781
552197654093343	552197675790218	552197656591781
552197667949593	552197692435531	552197670276677
552197684743343	552197708931885	552197687353760
552197700255322	552197725508968	552197702936572
552197716333968	552197742079281	552197718965739
552197733804802	552197758658968	552197736453760
552197748641260	552197775231364	552197751259489
552197764289177	552197791799072	552197767009489
552197783687614	552197808367822	552197786095947
552197799658968	552197824970427	552197801730843
552197820234489	552197841550635	552197822853239
552197842903760	552197858113135	552197845318343
552197867083968	552197891269385	552197869685531
552197889326677	552197907844906	552197891620427
552197902489177	552197924427197	552197905043864
552197920752718	552197941005322	552197923492822
552197937179281	552197957577718	552197939752718
552197953383447	552197974150114	552197956043343
552197971907927	552197990716260	552197974471468
552197986342302	552198007323552	552197988832406
552198003037614	552198023880843	552198005747510
552198021836572	552198040460531	552198024431364
552198038482927	552198057385010	552198041383447
552198056380322	552198073633447	552198059082927
552198073961052	552198090218343	552198076548552
552198089135010	552198106777197	552198091684489
552198105431364	552198123354802	552198107990218
552198122536572	552198139924593	552198125085531
552198138421468	552198156510010	552198140980843
552198146098552	552198173075635	552198148705843
552198153895947	552198189664697	552198156567302
552198252629281	552198272569906	552198255131364
552198283274593	552198305718864	552198285891781
552198307862093	552198338845947	552198310376156
552198332477718	552198355439177	552198335069906
552198352981364	552198371992302	552198355541260
552198379603239	552198405151156	552198382187614
552198400432927	552198421723552	552198402986052
552198424956885	552198454967822	552198427543343
552198432633447	552198471440739	552198435201677
552198455606364	552198488021989	552198458361572
552198473542822	552198504586572	552198476109489
552198490825635	552198521181364	552198493423031
552198510888135	552198538127718	552198513413656
552198533202718	552198554307926	552198535817822
552198554131364	552198570877718	552198556719385
552198571320426	552198587455322	552198573950635
552198591708447	552198620606885	552198594275114
552198614993864	552198637179801	552198617522510
552198635856364	552198653754801	552198638435010
552198657806885	552198686902718	552198660743864
552198682905843	552198703476156	552198685443864
552198707151676	552198736600114	552198709726676
552198729073031	552198753206364	552198732894385
552198748144906	552198769754281	552198750748551
552198764615739	552198786342301	552198766949072
552198769144906	552198802902718	552198771926156
552198778574593	552198819509489	552198781198031
552198832062614	552198852671989	552198834542822
552198851386051	552198869237614	552198854189176
552198872303760	552198902500635	552198874917822
552198892268343	552198918971468	552198895156885
552198913631364	552198935531364	552198916279801
552198931954801	552198952139697	552198934577197
552198952630322	552198968690739	552198955155843
552198974050635	552199001873031	552198976506364
552198997976156	552199018445426	552199000585010
552199022046468	552199051602718	552199024632406
552199044674593	552199068176156	552199047125635
552199066086572	552199084769385	552199068523551
552199085826156	552199101321989	552199088366781
552199103803760	552199134529281	552199106249072
552199119316260	552199151091781	552199122022510
552199140406885	552199167631885	552199143123031
552199154571989	552199184208447	552199157159489
552199172212614	552199200821989	552199174825635
552199189502718	552199217409489	552199191783968
552199203674072	552199233953239	552199206113656
552199213996989	552199250530843	552199216623031
552199228402197	552199267102718	552199230865218
552199244971468	552199283688656	552199247584489
552199262788135	552199300265739	552199265430843
552199277846989	552199316842301	552199280494906
552199293687093	552199333416781	552199296374072
552199312044906	552199349998551	552199315055843
552199329036572	552199366571989	552199331454281
552199348218343	552199383155843	552199350479281
552199365038135	552199399728239	552199367593343
552199380445426	552199416316260	552199383193864
552199393495947	552199432869906	552199396123031
552199412054281	552199449461051	552199414665739
552199440277197	552199466033447	552199442808447
552199462095426	552199482619906	552199464676156
552199492081885	552199515777197	552199493838135
552199516821989	552199532346468	552199519388135
552199543732926	552199565520947	552199546347510
552199566545947	552199582069906	552199568721989
552199583017301	552199598649072	552199585511572
552199599120947	552199615211572	552199601691781
552199615158447	552199631788655	552199617741260
552199630936051	552199648384489	552199633488655
552199648446989	552199664953760	552199650937614
552199664612614	552199681522510	552199667123030
552199680686572	552199698101155	552199682979801
552199696728239	552199714660010	552199699341780
552199704948551	552199731228239	552199706880843
552199709967301	552199747802718	552199712542822
552199871984489	552199897346468	552199874748551
552199871984489	552199930173030	552199874748551
552199945874072	552199963306364	552199947226676
552199952751155	552199979890739	552199955256885
552199983680843	552200013034489	552199986204280
552199997264697	552200029607926	552199999618864
552200007185010	552200046191260	552200009833447
552200021533968	552200062778239	552200024454280
552201622530322	552201654188134	552201625446989
552201686020426	552201704325634	552201688560009
552201749294384	552201770198551	552201752065739
552201816160530	552201836460530	552201818716259
552201881280322	552201902766780	552201883408968
552201945729801	552201969054280	552201946283447


16666666
552197547978239	552197576342302	552197550514697
552197566745947	552197592893864	552197569371468
552197583179802	552197609487093	552197585481364
552197600158447	552197626066781	552197602700114
552197617793864	552197642631885	552197620379281
552197636268864	552197659214697	552197638841781
552197654093343	552197675790218	552197656591781
552197667949593	552197692435531	552197670276677
552197684743343	552197708931885	552197687353760
552197700255322	552197725508968	552197702936572
552197716333968	552197742079281	552197718965739
552197733804802	552197758658968	552197736453760
552197748641260	552197775231364	552197751259489
552197764289177	552197791799072	552197767009489
552197783687614	552197808367822	552197786095947
552197799658968	552197824970427	552197801730843
552197820234489	552197841550635	552197822853239
552197842903760	552197858113135	552197845318343
552197867083968	552197891269385	552197869685531
552197889326677	552197907844906	552197891620427
552197902489177	552197924427197	552197905043864
552197920752718	552197941005322	552197923492822
552197937179281	552197957577718	552197939752718
552197953383447	552197974150114	552197956043343
552197971907927	552197990716260	552197974471468
552197986342302	552198007323552	552197988832406
552198003037614	552198023880843	552198005747510
552198021836572	552198040460531	552198024431364
552198038482927	552198057385010	552198041383447
552198056380322	552198073633447	552198059082927
552198073961052	552198090218343	552198076548552
552198089135010	552198106777197	552198091684489
552198105431364	552198123354802	552198107990218
552198122536572	552198139924593	552198125085531
552198138421468	552198156510010	552198140980843
552198146098552	552198173075635	552198148705843
552198153895947	552198189664697	552198156567302
552198252629281	552198272569906	552198255131364
552198283274593	552198305718864	552198285891781
552198307862093	552198338845947	552198310376156
552198332477718	552198355439177	552198335069906
552198352981364	552198371992302	552198355541260
552198379603239	552198405151156	552198382187614
552198400432927	552198421723552	552198402986052
552198424956885	552198454967822	552198427543343
552198432633447	552198471440739	552198435201677
552198455606364	552198488021989	552198458361572
552198473542822	552198504586572	552198476109489
552198490825635	552198521181364	552198493423031
552198510888135	552198538127718	552198513413656
552198533202718	552198554307926	552198535817822
552198554131364	552198570877718	552198556719385
552198571320426	552198587455322	552198573950635
552198591708447	552198620606885	552198594275114
552198614993864	552198637179801	552198617522510
552198635856364	552198653754801	552198638435010
552198657806885	552198686902718	552198660743864
552198682905843	552198703476156	552198685443864
552198707151676	552198736600114	552198709726676
552198729073031	552198753206364	552198732894385
552198748144906	552198769754281	552198750748551
552198764615739	552198786342301	552198766949072
552198769144906	552198802902718	552198771926156
552198778574593	552198819509489	552198781198031
552198832062614	552198852671989	552198834542822
552198851386051	552198869237614	552198854189176
552198872303760	552198902500635	552198874917822
552198892268343	552198918971468	552198895156885
552198913631364	552198935531364	552198916279801
552198931954801	552198952139697	552198934577197
552198952630322	552198968690739	552198955155843
552198974050635	552199001873031	552198976506364
552198997976156	552199018445426	552199000585010
552199022046468	552199051602718	552199024632406
552199044674593	552199068176156	552199047125635
552199066086572	552199084769385	552199068523551
552199085826156	552199101321989	552199088366781
552199103803760	552199134529281	552199106249072
552199119316260	552199151091781	552199122022510
552199140406885	552199167631885	552199143123031
552199154571989	552199184208447	552199157159489
552199172212614	552199200821989	552199174825635
552199189502718	552199217409489	552199191783968
552199203674072	552199233953239	552199206113656
552199213996989	552199250530843	552199216623031
552199228402197	552199267102718	552199230865218
552199244971468	552199283688656	552199247584489
552199262788135	552199300265739	552199265430843
552199277846989	552199316842301	552199280494906
552199293687093	552199333416781	552199296374072
552199312044906	552199349998551	552199315055843
552199329036572	552199366571989	552199331454281
552199348218343	552199383155843	552199350479281
552199365038135	552199399728239	552199367593343
552199380445426	552199416316260	552199383193864
552199393495947	552199432869906	552199396123031
552199412054281	552199449461051	552199414665739
552199440277197	552199466033447	552199442808447
552199462095426	552199482619906	552199464676156
552199492081885	552199515777197	552199493838135
552199516821989	552199532346468	552199519388135
552199543732926	552199565520947	552199546347510
552199566545947	552199582069906	552199568721989
552199583017301	552199598649072	552199585511572
552199599120947	552199615211572	552199601691781
552199615158447	552199631788655	552199617741260
552199630936051	552199648384489	552199633488655
552199648446989	552199664953760	552199650937614
552199664612614	552199681522510	552199667123030
552199680686572	552199698101155	552199682979801
552199696728239	552199714660010	552199699341780
552199704948551	552199731228239	552199706880843
552199709967301	552199747802718	552199712542822
552199871984489	552199897346468	552199874748551
552199871984489	552199930173030	552199874748551
552199945874072	552199963306364	552199947226676
552199952751155	552199979890739	552199955256885
552199983680843	552200013034489	552199986204280
552199997264697	552200029607926	552199999618864
552200007185010	552200046191260	552200009833447
552200021533968	552200062778239	552200024454280
552201622530322	552201654188134	552201625446989
552201686020426	552201704325634	552201688560009
552201749294384	552201770198551	552201752065739
552201816160530	552201836460530	552201818716259
552201881280322	552201902766780	552201883408968
552201945729801	552201969054280	552201946283447


