--------- beginning of main
08-31 10:17:13.058 I/AnebProbe(14372): ADAPTER_EVT type=content cls=androidx.drawerlayout.widget.DrawerLayout desc=null txt_len=0 pkg=com.larus.nova t_boot_ns=721002089827745
08-31 10:17:13.159 I/AnebProbe(14372): ADAPTER_EVT type=content cls=androidx.drawerlayout.widget.DrawerLayout desc=null txt_len=0 pkg=com.larus.nova t_boot_ns=721002189919412
08-31 10:18:12.256 I/AnebProbe(14372): ADAPTER_EVT type=click cls=android.widget.ImageView desc=对话列表 txt_len=4 pkg=com.larus.nova t_boot_ns=721061287337111
08-31 10:18:12.257 I/AnebProbe(14372): ADAPTER_OBS pkg=com.larus.nova mode=doubao events=7 rule_matched=3 first_delta_ms=0 cadence_p50_ms=100.1 session_span_ms=740.1 confidence=LOW/INCONCLUSIVE reason=throttle ttft_send_ms=null anchor_source=null ttft_cluster_ms=null ttft_density_ms=null
08-31 10:18:12.361 I/AnebProbe(14372): ADAPTER_EVT type=content cls=androidx.drawerlayout.widget.DrawerLayout desc=null txt_len=0 pkg=com.larus.nova t_boot_ns=721061392929299
08-31 10:18:12.482 I/AnebProbe(14372): ADAPTER_EVT type=content cls=androidx.drawerlayout.widget.DrawerLayout desc=null txt_len=0 pkg=com.larus.nova t_boot_ns=721061513255861
08-31 10:18:12.600 I/AnebProbe(14372): ADAPTER_EVT type=content cls=androidx.drawerlayout.widget.DrawerLayout desc=null txt_len=0 pkg=com.larus.nova t_boot_ns=721061631456382
08-31 10:18:12.706 I/AnebProbe(14372): ADAPTER_EVT type=content cls=androidx.drawerlayout.widget.DrawerLayout desc=null txt_len=0 pkg=com.larus.nova t_boot_ns=721061737689715
08-31 10:18:12.868 I/AnebProbe(14372): ADAPTER_EVT type=content cls=androidx.recyclerview.widget.RecyclerView desc=null txt_len=0 pkg=com.larus.nova t_boot_ns=721061896860028
08-31 10:18:12.959 I/AnebProbe(14372): ADAPTER_EVT type=content cls=androidx.recyclerview.widget.RecyclerView desc=null txt_len=0 pkg=com.larus.nova t_boot_ns=721061991082945
08-31 10:18:13.978 I/AnebProbe(14372): ADAPTER_EVT type=click cls=android.widget.ImageView desc=创建新对话 txt_len=5 pkg=com.larus.nova t_boot_ns=721063009856382
08-31 10:18:13.991 I/AnebProbe(14372): ADAPTER_EVT type=content cls=android.widget.FrameLayout desc=null txt_len=0 pkg=com.larus.nova t_boot_ns=721063022418882
08-31 10:18:14.284 I/AnebProbe(14372): ADAPTER_EVT type=content cls=androidx.drawerlayout.widget.DrawerLayout desc=null txt_len=0 pkg=com.larus.nova t_boot_ns=721063315745444
08-31 10:18:14.451 I/AnebProbe(14372): ADAPTER_EVT type=content cls=androidx.drawerlayout.widget.DrawerLayout desc=null txt_len=0 pkg=com.larus.nova t_boot_ns=721063483061069
08-31 10:18:14.493 I/AnebProbe(14372): ADAPTER_EVT type=content cls=androidx.drawerlayout.widget.DrawerLayout desc=null txt_len=0 pkg=com.larus.nova t_boot_ns=721063524199090
08-31 10:18:14.532 I/AnebProbe(14372): ADAPTER_EVT type=content cls=android.view.ViewGroup desc=null txt_len=0 pkg=com.larus.nova t_boot_ns=721063563458465
08-31 10:18:14.640 I/AnebProbe(14372): ADAPTER_EVT type=content cls=android.view.ViewGroup desc=null txt_len=0 pkg=com.larus.nova t_boot_ns=721063671111069
08-31 10:18:14.675 I/AnebProbe(14372): ADAPTER_EVT type=content cls=android.view.ViewGroup desc=null txt_len=0 pkg=com.larus.nova t_boot_ns=721063705879819
08-31 10:18:14.775 I/AnebProbe(14372): ADAPTER_EVT type=content cls=android.view.ViewGroup desc=null txt_len=0 pkg=com.larus.nova t_boot_ns=721063806220965
08-31 10:18:14.878 I/AnebProbe(14372): ADAPTER_EVT type=content cls=androidx.drawerlayout.widget.DrawerLayout desc=null txt_len=0 pkg=com.larus.nova t_boot_ns=721063909803257
08-31 10:18:14.984 I/AnebProbe(14372): ADAPTER_EVT type=content cls=android.view.ViewGroup desc=null txt_len=0 pkg=com.larus.nova t_boot_ns=721064015653778
08-31 10:18:15.101 I/AnebProbe(14372): ADAPTER_EVT type=content cls=android.view.ViewGroup desc=null txt_len=0 pkg=com.larus.nova t_boot_ns=721064132749611
08-31 10:18:15.231 I/AnebProbe(14372): ADAPTER_EVT type=content cls=android.view.ViewGroup desc=新对话，打开设置页 txt_len=0 pkg=com.larus.nova t_boot_ns=721064262513153
08-31 10:18:15.332 I/AnebProbe(14372): ADAPTER_EVT type=content cls=android.view.ViewGroup desc=null txt_len=0 pkg=com.larus.nova t_boot_ns=721064363399090
08-31 10:18:15.551 I/AnebProbe(14372): ADAPTER_EVT type=content cls=android.view.ViewGroup desc=null txt_len=0 pkg=com.larus.nova t_boot_ns=721064581706903
08-31 10:18:15.649 I/AnebProbe(14372): ADAPTER_EVT type=content cls=android.view.ViewGroup desc=null txt_len=0 pkg=com.larus.nova t_boot_ns=721064680639194
08-31 10:18:15.760 I/AnebProbe(14372): ADAPTER_EVT type=content cls=android.view.ViewGroup desc=null txt_len=0 pkg=com.larus.nova t_boot_ns=721064791863673
08-31 10:18:15.864 I/AnebProbe(14372): ADAPTER_EVT type=content cls=android.view.ViewGroup desc=null txt_len=0 pkg=com.larus.nova t_boot_ns=721064895888673
08-31 10:18:15.965 I/AnebProbe(14372): ADAPTER_EVT type=content cls=android.view.ViewGroup desc=null txt_len=0 pkg=com.larus.nova t_boot_ns=721064996202736
08-31 10:18:16.075 I/AnebProbe(14372): ADAPTER_EVT type=content cls=androidx.drawerlayout.widget.DrawerLayout desc=null txt_len=0 pkg=com.larus.nova t_boot_ns=721065105900132
08-31 10:18:16.175 I/AnebProbe(14372): ADAPTER_EVT type=content cls=android.view.ViewGroup desc=null txt_len=0 pkg=com.larus.nova t_boot_ns=721065206565757
08-31 10:18:16.298 I/AnebProbe(14372): ADAPTER_EVT type=content cls=android.view.ViewGroup desc=null txt_len=0 pkg=com.larus.nova t_boot_ns=721065329416798
08-31 10:18:16.970 I/AnebProbe(14372): ADAPTER_EVT type=content cls=android.view.ViewGroup desc=新对话，打开设置页 txt_len=0 pkg=com.larus.nova t_boot_ns=721066001760027
08-31 10:18:17.092 I/AnebProbe(14372): ADAPTER_EVT type=content cls=android.view.ViewGroup desc=null txt_len=0 pkg=com.larus.nova t_boot_ns=721066123247006
08-31 10:18:17.193 I/AnebProbe(14372): ADAPTER_EVT type=content cls=android.view.ViewGroup desc=null txt_len=0 pkg=com.larus.nova t_boot_ns=721066224135027
08-31 10:18:17.293 I/AnebProbe(14372): ADAPTER_EVT type=content cls=android.view.ViewGroup desc=null txt_len=0 pkg=com.larus.nova t_boot_ns=721066324985027
08-31 10:18:17.294 I/AnebProbe(14372): ADAPTER_OBS pkg=com.larus.nova mode=doubao events=38 rule_matched=5 first_delta_ms=0 cadence_p50_ms=106.2 session_span_ms=64875.2 confidence=LOW/INCONCLUSIVE reason=throttle ttft_send_ms=null anchor_source=null ttft_cluster_ms=null ttft_density_ms=null
08-31 10:18:17.395 I/AnebProbe(14372): ADAPTER_EVT type=content cls=android.view.ViewGroup desc=null txt_len=0 pkg=com.larus.nova t_boot_ns=721066426272006
08-31 10:18:17.505 I/AnebProbe(14372): ADAPTER_EVT type=content cls=android.view.ViewGroup desc=null txt_len=0 pkg=com.larus.nova t_boot_ns=721066536930340
08-31 10:18:17.605 I/AnebProbe(14372): ADAPTER_EVT type=content cls=android.view.ViewGroup desc=null txt_len=0 pkg=com.larus.nova t_boot_ns=721066636927215
08-31 10:18:17.722 I/AnebProbe(14372): ADAPTER_EVT type=content cls=android.view.ViewGroup desc=null txt_len=0 pkg=com.larus.nova t_boot_ns=721066753297006
08-31 10:18:17.823 I/AnebProbe(14372): ADAPTER_EVT type=content cls=android.view.ViewGroup desc=null txt_len=0 pkg=com.larus.nova t_boot_ns=721066854202736
08-31 10:18:17.923 I/AnebProbe(14372): ADAPTER_EVT type=content cls=android.view.ViewGroup desc=null txt_len=0 pkg=com.larus.nova t_boot_ns=721066953991798
08-31 10:18:18.039 I/AnebProbe(14372): ADAPTER_EVT type=content cls=android.view.ViewGroup desc=null txt_len=0 pkg=com.larus.nova t_boot_ns=721067070492319
08-31 10:18:18.144 I/AnebProbe(14372): ADAPTER_EVT type=content cls=android.view.ViewGroup desc=null txt_len=0 pkg=com.larus.nova t_boot_ns=721067174708465
08-31 10:18:18.259 I/AnebProbe(14372): ADAPTER_EVT type=content cls=android.view.ViewGroup desc=null txt_len=0 pkg=com.larus.nova t_boot_ns=721067290325652
08-31 10:18:18.360 I/AnebProbe(14372): ADAPTER_EVT type=content cls=android.view.ViewGroup desc=null txt_len=0 pkg=com.larus.nova t_boot_ns=721067391106381
08-31 10:18:18.360 I/AnebProbe(14372): ADAPTER_EVT type=content cls=android.widget.EditText desc=null txt_len=1 pkg=com.larus.nova t_boot_ns=721067391622527
08-31 10:18:18.371 I/AnebProbe(14372): ADAPTER_EVT type=content cls=android.view.ViewGroup desc=null txt_len=0 pkg=com.larus.nova t_boot_ns=721067402584506
08-31 10:18:18.422 I/AnebProbe(14372): ADAPTER_EVT type=content cls=android.view.ViewGroup desc=null txt_len=0 pkg=com.larus.nova t_boot_ns=721067453528256
08-31 10:18:18.423 I/AnebProbe(14372): ADAPTER_EVT type=content cls=android.widget.EditText desc=null txt_len=2 pkg=com.larus.nova t_boot_ns=721067454008985
08-31 10:18:18.459 I/AnebProbe(14372): ADAPTER_EVT type=content cls=android.view.ViewGroup desc=null txt_len=0 pkg=com.larus.nova t_boot_ns=721067490623048
08-31 10:18:18.459 I/AnebProbe(14372): ADAPTER_EVT type=content cls=android.widget.EditText desc=null txt_len=3 pkg=com.larus.nova t_boot_ns=721067491001173
08-31 10:18:18.483 I/AnebProbe(14372): ADAPTER_EVT type=content cls=android.view.ViewGroup desc=null txt_len=0 pkg=com.larus.nova t_boot_ns=721067514328777
08-31 10:18:18.483 I/AnebProbe(14372): ADAPTER_EVT type=content cls=android.widget.EditText desc=null txt_len=4 pkg=com.larus.nova t_boot_ns=721067514836590
08-31 10:18:18.492 I/AnebProbe(14372): ADAPTER_EVT type=content cls=android.widget.EditText desc=null txt_len=5 pkg=com.larus.nova t_boot_ns=721067523805340
08-31 10:18:18.517 I/AnebProbe(14372): ADAPTER_EVT type=content cls=android.view.ViewGroup desc=null txt_len=0 pkg=com.larus.nova t_boot_ns=721067548099090
08-31 10:18:18.517 I/AnebProbe(14372): ADAPTER_EVT type=content cls=android.widget.EditText desc=null txt_len=6 pkg=com.larus.nova t_boot_ns=721067548518360
08-31 10:18:18.526 I/AnebProbe(14372): ADAPTER_EVT type=content cls=androidx.recyclerview.widget.RecyclerView desc=null txt_len=0 pkg=com.larus.nova t_boot_ns=721067557783465
08-31 10:18:18.527 I/AnebProbe(14372): ADAPTER_EVT type=content cls=android.widget.EditText desc=null txt_len=7 pkg=com.larus.nova t_boot_ns=721067558191798
08-31 10:18:18.551 I/AnebProbe(14372): ADAPTER_EVT type=content cls=android.view.ViewGroup desc=null txt_len=0 pkg=com.larus.nova t_boot_ns=721067582228256
08-31 10:18:18.551 I/AnebProbe(14372): ADAPTER_EVT type=content cls=android.widget.EditText desc=null txt_len=8 pkg=com.larus.nova t_boot_ns=721067582607944
08-31 10:18:18.571 I/AnebProbe(14372): ADAPTER_EVT type=content cls=android.view.ViewGroup desc=null txt_len=0 pkg=com.larus.nova t_boot_ns=721067602180340
08-31 10:18:18.571 I/AnebProbe(14372): ADAPTER_EVT type=content cls=android.widget.EditText desc=null txt_len=9 pkg=com.larus.nova t_boot_ns=721067602631902
08-31 10:18:18.590 I/AnebProbe(14372): ADAPTER_EVT type=content cls=android.view.ViewGroup desc=null txt_len=0 pkg=com.larus.nova t_boot_ns=721067621438673
08-31 10:18:18.590 I/AnebProbe(14372): ADAPTER_EVT type=content cls=android.widget.EditText desc=null txt_len=10 pkg=com.larus.nova t_boot_ns=721067621803256
08-31 10:18:18.608 I/AnebProbe(14372): ADAPTER_EVT type=content cls=android.view.ViewGroup desc=null txt_len=0 pkg=com.larus.nova t_boot_ns=721067639430340
08-31 10:18:18.608 I/AnebProbe(14372): ADAPTER_EVT type=content cls=android.widget.EditText desc=null txt_len=11 pkg=com.larus.nova t_boot_ns=721067639787110
08-31 10:18:18.632 I/AnebProbe(14372): ADAPTER_EVT type=content cls=android.view.ViewGroup desc=null txt_len=0 pkg=com.larus.nova t_boot_ns=721067663970444
08-31 10:18:18.633 I/AnebProbe(14372): ADAPTER_EVT type=content cls=android.widget.EditText desc=null txt_len=12 pkg=com.larus.nova t_boot_ns=721067664321485
08-31 10:18:18.641 I/AnebProbe(14372): ADAPTER_EVT type=content cls=android.widget.EditText desc=null txt_len=13 pkg=com.larus.nova t_boot_ns=721067672594402
08-31 10:18:18.667 I/AnebProbe(14372): ADAPTER_EVT type=content cls=android.view.ViewGroup desc=null txt_len=0 pkg=com.larus.nova t_boot_ns=721067698028256
08-31 10:18:18.667 I/AnebProbe(14372): ADAPTER_EVT type=content cls=android.widget.EditText desc=null txt_len=14 pkg=com.larus.nova t_boot_ns=721067698520965
08-31 10:18:18.688 I/AnebProbe(14372): ADAPTER_EVT type=content cls=android.view.ViewGroup desc=null txt_len=0 pkg=com.larus.nova t_boot_ns=721067718976694
08-31 10:18:18.690 I/AnebProbe(14372): ADAPTER_EVT type=content cls=android.widget.EditText desc=null txt_len=15 pkg=com.larus.nova t_boot_ns=721067720788673
08-31 10:18:18.706 I/AnebProbe(14372): ADAPTER_EVT type=content cls=android.view.ViewGroup desc=null txt_len=0 pkg=com.larus.nova t_boot_ns=721067737641277
08-31 10:18:18.707 I/AnebProbe(14372): ADAPTER_EVT type=content cls=android.widget.EditText desc=null txt_len=16 pkg=com.larus.nova t_boot_ns=721067738143881
08-31 10:18:18.725 I/AnebProbe(14372): ADAPTER_EVT type=content cls=android.view.ViewGroup desc=null txt_len=0 pkg=com.larus.nova t_boot_ns=721067756055340
08-31 10:18:18.725 I/AnebProbe(14372): ADAPTER_EVT type=content cls=android.widget.EditText desc=null txt_len=17 pkg=com.larus.nova t_boot_ns=721067756396485
08-31 10:18:18.748 I/AnebProbe(14372): ADAPTER_EVT type=content cls=android.view.ViewGroup desc=null txt_len=0 pkg=com.larus.nova t_boot_ns=721067779427215
08-31 10:18:18.748 I/AnebProbe(14372): ADAPTER_EVT type=content cls=android.widget.EditText desc=null txt_len=18 pkg=com.larus.nova t_boot_ns=721067779798569
08-31 10:18:18.757 I/AnebProbe(14372): ADAPTER_EVT type=content cls=android.widget.EditText desc=null txt_len=19 pkg=com.larus.nova t_boot_ns=721067788193881
08-31 10:18:18.775 I/AnebProbe(14372): ADAPTER_EVT type=content cls=android.view.ViewGroup desc=null txt_len=0 pkg=com.larus.nova t_boot_ns=721067806287110
08-31 10:18:18.775 I/AnebProbe(14372): ADAPTER_EVT type=content cls=android.widget.EditText desc=null txt_len=20 pkg=com.larus.nova t_boot_ns=721067806648569
08-31 10:18:18.799 I/AnebProbe(14372): ADAPTER_EVT type=content cls=android.view.ViewGroup desc=null txt_len=0 pkg=com.larus.nova t_boot_ns=721067830535027
08-31 10:18:18.799 I/AnebProbe(14372): ADAPTER_EVT type=content cls=android.widget.EditText desc=null txt_len=21 pkg=com.larus.nova t_boot_ns=721067830966277
08-31 10:18:18.819 I/AnebProbe(14372): ADAPTER_EVT type=content cls=android.view.ViewGroup desc=null txt_len=0 pkg=com.larus.nova t_boot_ns=721067850749610
08-31 10:18:18.820 I/AnebProbe(14372): ADAPTER_EVT type=content cls=android.widget.EditText desc=null txt_len=22 pkg=com.larus.nova t_boot_ns=721067851224610
08-31 10:18:18.840 I/AnebProbe(14372): ADAPTER_EVT type=content cls=android.view.ViewGroup desc=null txt_len=0 pkg=com.larus.nova t_boot_ns=721067871549610
08-31 10:18:18.841 I/AnebProbe(14372): ADAPTER_EVT type=content cls=android.widget.EditText desc=null txt_len=23 pkg=com.larus.nova t_boot_ns=721067872038152
08-31 10:18:18.858 I/AnebProbe(14372): ADAPTER_EVT type=content cls=android.view.ViewGroup desc=null txt_len=0 pkg=com.larus.nova t_boot_ns=721067889805340
08-31 10:18:18.859 I/AnebProbe(14372): ADAPTER_EVT type=content cls=android.widget.EditText desc=null txt_len=24 pkg=com.larus.nova t_boot_ns=721067890252735
08-31 10:18:18.882 I/AnebProbe(14372): ADAPTER_EVT type=content cls=android.view.ViewGroup desc=null txt_len=0 pkg=com.larus.nova t_boot_ns=721067913472527
08-31 10:18:18.882 I/AnebProbe(14372): ADAPTER_EVT type=content cls=android.widget.EditText desc=null txt_len=25 pkg=com.larus.nova t_boot_ns=721067913932944
08-31 10:18:18.902 I/AnebProbe(14372): ADAPTER_EVT type=content cls=android.view.ViewGroup desc=null txt_len=0 pkg=com.larus.nova t_boot_ns=721067933608985
08-31 10:18:18.903 I/AnebProbe(14372): ADAPTER_EVT type=content cls=android.widget.EditText desc=null txt_len=26 pkg=com.larus.nova t_boot_ns=721067934091277
08-31 10:18:18.921 I/AnebProbe(14372): ADAPTER_EVT type=content cls=android.view.ViewGroup desc=null txt_len=0 pkg=com.larus.nova t_boot_ns=721067952193360
08-31 10:18:18.922 I/AnebProbe(14372): ADAPTER_EVT type=content cls=android.widget.EditText desc=null txt_len=27 pkg=com.larus.nova t_boot_ns=721067953198048
08-31 10:18:18.938 I/AnebProbe(14372): ADAPTER_EVT type=content cls=android.view.ViewGroup desc=null txt_len=0 pkg=com.larus.nova t_boot_ns=721067969217840
08-31 10:18:18.938 I/AnebProbe(14372): ADAPTER_EVT type=content cls=android.widget.EditText desc=null txt_len=28 pkg=com.larus.nova t_boot_ns=721067969393360
08-31 10:18:18.954 I/AnebProbe(14372): ADAPTER_EVT type=content cls=android.view.ViewGroup desc=null txt_len=0 pkg=com.larus.nova t_boot_ns=721067985806902
08-31 10:18:18.955 I/AnebProbe(14372): ADAPTER_EVT type=content cls=android.widget.EditText desc=null txt_len=29 pkg=com.larus.nova t_boot_ns=721067986685548
08-31 10:18:18.972 I/AnebProbe(14372): ADAPTER_EVT type=content cls=android.view.ViewGroup desc=null txt_len=0 pkg=com.larus.nova t_boot_ns=721068003764194
08-31 10:18:18.972 I/AnebProbe(14372): ADAPTER_EVT type=content cls=android.widget.EditText desc=null txt_len=30 pkg=com.larus.nova t_boot_ns=721068003934506
08-31 10:18:18.988 I/AnebProbe(14372): ADAPTER_EVT type=content cls=android.view.ViewGroup desc=null txt_len=0 pkg=com.larus.nova t_boot_ns=721068019388152
08-31 10:18:18.988 I/AnebProbe(14372): ADAPTER_EVT type=content cls=android.widget.EditText desc=null txt_len=31 pkg=com.larus.nova t_boot_ns=721068019546485
08-31 10:18:19.015 I/AnebProbe(14372): ADAPTER_EVT type=content cls=android.view.ViewGroup desc=null txt_len=0 pkg=com.larus.nova t_boot_ns=721068046676694
08-31 10:18:19.015 I/AnebProbe(14372): ADAPTER_EVT type=content cls=android.widget.EditText desc=null txt_len=32 pkg=com.larus.nova t_boot_ns=721068046860548
08-31 10:18:19.038 I/AnebProbe(14372): ADAPTER_EVT type=content cls=android.view.ViewGroup desc=null txt_len=0 pkg=com.larus.nova t_boot_ns=721068069340756
08-31 10:18:19.038 I/AnebProbe(14372): ADAPTER_EVT type=content cls=android.widget.EditText desc=null txt_len=33 pkg=com.larus.nova t_boot_ns=721068069508985
08-31 10:18:19.054 I/AnebProbe(14372): ADAPTER_EVT type=content cls=android.view.ViewGroup desc=null txt_len=0 pkg=com.larus.nova t_boot_ns=721068085413673
08-31 10:18:19.054 I/AnebProbe(14372): ADAPTER_EVT type=content cls=android.widget.EditText desc=null txt_len=34 pkg=com.larus.nova t_boot_ns=721068085642840
08-31 10:18:19.069 I/AnebProbe(14372): ADAPTER_EVT type=content cls=android.view.ViewGroup desc=null txt_len=0 pkg=com.larus.nova t_boot_ns=721068100253256
08-31 10:18:19.069 I/AnebProbe(14372): ADAPTER_EVT type=content cls=android.widget.EditText desc=null txt_len=35 pkg=com.larus.nova t_boot_ns=721068100457423
08-31 10:18:19.084 I/AnebProbe(14372): ADAPTER_EVT type=content cls=android.view.ViewGroup desc=null txt_len=0 pkg=com.larus.nova t_boot_ns=721068115289194
08-31 10:18:19.084 I/AnebProbe(14372): ADAPTER_EVT type=content cls=android.widget.EditText desc=null txt_len=36 pkg=com.larus.nova t_boot_ns=721068115472527
08-31 10:18:19.101 I/AnebProbe(14372): ADAPTER_EVT type=content cls=android.view.ViewGroup desc=null txt_len=0 pkg=com.larus.nova t_boot_ns=721068132499610
08-31 10:18:19.101 I/AnebProbe(14372): ADAPTER_EVT type=content cls=android.widget.EditText desc=null txt_len=37 pkg=com.larus.nova t_boot_ns=721068132663673
08-31 10:18:19.114 I/AnebProbe(14372): ADAPTER_EVT type=content cls=android.view.ViewGroup desc=null txt_len=0 pkg=com.larus.nova t_boot_ns=721068145903256
08-31 10:18:19.114 I/AnebProbe(14372): ADAPTER_EVT type=content cls=android.widget.EditText desc=null txt_len=38 pkg=com.larus.nova t_boot_ns=721068146064714
08-31 10:18:19.121 I/AnebProbe(14372): ADAPTER_EVT type=content cls=android.widget.EditText desc=null txt_len=39 pkg=com.larus.nova t_boot_ns=721068152797006
08-31 10:18:19.135 I/AnebProbe(14372): ADAPTER_EVT type=content cls=android.view.ViewGroup desc=null txt_len=0 pkg=com.larus.nova t_boot_ns=721068166833464
08-31 10:18:19.136 I/AnebProbe(14372): ADAPTER_EVT type=content cls=android.widget.EditText desc=null txt_len=40 pkg=com.larus.nova t_boot_ns=721068167463673
08-31 10:18:19.149 I/AnebProbe(14372): ADAPTER_EVT type=content cls=android.view.ViewGroup desc=null txt_len=0 pkg=com.larus.nova t_boot_ns=721068180105339
08-31 10:18:19.149 I/AnebProbe(14372): ADAPTER_EVT type=content cls=android.widget.EditText desc=null txt_len=41 pkg=com.larus.nova t_boot_ns=721068180358464
08-31 10:18:19.163 I/AnebProbe(14372): ADAPTER_EVT type=content cls=android.view.ViewGroup desc=null txt_len=0 pkg=com.larus.nova t_boot_ns=721068194723048
08-31 10:18:19.163 I/AnebProbe(14372): ADAPTER_EVT type=content cls=android.widget.EditText desc=null txt_len=42 pkg=com.larus.nova t_boot_ns=721068194888673
08-31 10:18:19.173 I/AnebProbe(14372): ADAPTER_EVT type=content cls=android.widget.EditText desc=null txt_len=43 pkg=com.larus.nova t_boot_ns=721068204200131
08-31 10:18:19.187 I/AnebProbe(14372): ADAPTER_EVT type=content cls=android.view.ViewGroup desc=null txt_len=0 pkg=com.larus.nova t_boot_ns=721068218276173
08-31 10:18:19.187 I/AnebProbe(14372): ADAPTER_EVT type=content cls=android.widget.EditText desc=null txt_len=44 pkg=com.larus.nova t_boot_ns=721068218423569
08-31 10:18:19.201 I/AnebProbe(14372): ADAPTER_EVT type=content cls=android.view.ViewGroup desc=null txt_len=0 pkg=com.larus.nova t_boot_ns=721068232270444
08-31 10:18:19.201 I/AnebProbe(14372): ADAPTER_EVT type=content cls=android.widget.EditText desc=null txt_len=45 pkg=com.larus.nova t_boot_ns=721068232439194
08-31 10:18:19.215 I/AnebProbe(14372): ADAPTER_EVT type=content cls=android.view.ViewGroup desc=null txt_len=0 pkg=com.larus.nova t_boot_ns=721068246433985
08-31 10:18:19.215 I/AnebProbe(14372): ADAPTER_EVT type=content cls=android.widget.EditText desc=null txt_len=46 pkg=com.larus.nova t_boot_ns=721068246617839
08-31 10:18:19.231 I/AnebProbe(14372): ADAPTER_EVT type=content cls=android.view.ViewGroup desc=null txt_len=0 pkg=com.larus.nova t_boot_ns=721068262317319
08-31 10:18:19.231 I/AnebProbe(14372): ADAPTER_EVT type=content cls=android.widget.EditText desc=null txt_len=47 pkg=com.larus.nova t_boot_ns=721068262531381
08-31 10:18:19.239 I/AnebProbe(14372): ADAPTER_EVT type=content cls=android.widget.EditText desc=null txt_len=48 pkg=com.larus.nova t_boot_ns=721068270174610
08-31 10:18:19.253 I/AnebProbe(14372): ADAPTER_EVT type=content cls=android.view.ViewGroup desc=null txt_len=0 pkg=com.larus.nova t_boot_ns=721068284715756
08-31 10:18:19.253 I/AnebProbe(14372): ADAPTER_EVT type=content cls=android.widget.EditText desc=null txt_len=49 pkg=com.larus.nova t_boot_ns=721068284883464
08-31 10:18:19.268 I/AnebProbe(14372): ADAPTER_EVT type=content cls=android.view.ViewGroup desc=null txt_len=0 pkg=com.larus.nova t_boot_ns=721068300030860
08-31 10:18:19.268 I/AnebProbe(14372): ADAPTER_EVT type=content cls=android.widget.EditText desc=null txt_len=50 pkg=com.larus.nova t_boot_ns=721068300180339
08-31 10:18:19.283 I/AnebProbe(14372): ADAPTER_EVT type=content cls=android.view.ViewGroup desc=null txt_len=0 pkg=com.larus.nova t_boot_ns=721068314405860
08-31 10:18:19.283 I/AnebProbe(14372): ADAPTER_EVT type=content cls=android.widget.EditText desc=null txt_len=51 pkg=com.larus.nova t_boot_ns=721068314545964
08-31 10:18:19.297 I/AnebProbe(14372): ADAPTER_EVT type=content cls=android.view.ViewGroup desc=null txt_len=0 pkg=com.larus.nova t_boot_ns=721068328989714
08-31 10:18:19.297 I/AnebProbe(14372): ADAPTER_EVT type=content cls=android.widget.EditText desc=null txt_len=52 pkg=com.larus.nova t_boot_ns=721068329125131
08-31 10:18:19.304 I/AnebProbe(14372): ADAPTER_EVT type=content cls=android.widget.EditText desc=null txt_len=53 pkg=com.larus.nova t_boot_ns=721068335940756
08-31 10:18:19.318 I/AnebProbe(14372): ADAPTER_EVT type=content cls=android.view.ViewGroup desc=null txt_len=0 pkg=com.larus.nova t_boot_ns=721068349683464
08-31 10:18:19.318 I/AnebProbe(14372): ADAPTER_EVT type=content cls=android.widget.EditText desc=null txt_len=54 pkg=com.larus.nova t_boot_ns=721068349828777
08-31 10:18:19.332 I/AnebProbe(14372): ADAPTER_EVT type=content cls=android.view.ViewGroup desc=null txt_len=0 pkg=com.larus.nova t_boot_ns=721068363476173
08-31 10:18:19.332 I/AnebProbe(14372): ADAPTER_EVT type=content cls=android.widget.EditText desc=null txt_len=55 pkg=com.larus.nova t_boot_ns=721068363616798
08-31 10:18:19.346 I/AnebProbe(14372): ADAPTER_EVT type=content cls=android.view.ViewGroup desc=null txt_len=0 pkg=com.larus.nova t_boot_ns=721068377506381
08-31 10:18:19.346 I/AnebProbe(14372): ADAPTER_EVT type=content cls=android.widget.EditText desc=null txt_len=56 pkg=com.larus.nova t_boot_ns=721068377669402
08-31 10:18:19.460 I/AnebProbe(14372): ADAPTER_EVT type=content cls=android.view.ViewGroup desc=null txt_len=0 pkg=com.larus.nova t_boot_ns=721068491798569
08-31 10:18:19.560 I/AnebProbe(14372): ADAPTER_EVT type=content cls=android.view.ViewGroup desc=null txt_len=0 pkg=com.larus.nova t_boot_ns=721068592053256
08-31 10:18:19.669 I/AnebProbe(14372): ADAPTER_EVT type=content cls=android.view.ViewGroup desc=null txt_len=0 pkg=com.larus.nova t_boot_ns=721068700288673
08-31 10:18:19.778 I/AnebProbe(14372): ADAPTER_EVT type=content cls=android.view.ViewGroup desc=null txt_len=0 pkg=com.larus.nova t_boot_ns=721068809422006
08-31 10:18:19.893 I/AnebProbe(14372): ADAPTER_EVT type=content cls=android.view.ViewGroup desc=null txt_len=0 pkg=com.larus.nova t_boot_ns=721068924338673
08-31 10:18:19.999 I/AnebProbe(14372): ADAPTER_EVT type=content cls=android.view.ViewGroup desc=null txt_len=0 pkg=com.larus.nova t_boot_ns=721069030144402
08-31 10:18:20.112 I/AnebProbe(14372): ADAPTER_EVT type=content cls=android.view.ViewGroup desc=null txt_len=0 pkg=com.larus.nova t_boot_ns=721069143744402
08-31 10:18:20.227 I/AnebProbe(14372): ADAPTER_EVT type=content cls=android.view.ViewGroup desc=null txt_len=0 pkg=com.larus.nova t_boot_ns=721069258437110
08-31 10:18:20.343 I/AnebProbe(14372): ADAPTER_EVT type=content cls=android.view.ViewGroup desc=null txt_len=0 pkg=com.larus.nova t_boot_ns=721069374237631
08-31 10:18:20.442 I/AnebProbe(14372): ADAPTER_EVT type=content cls=android.view.ViewGroup desc=null txt_len=0 pkg=com.larus.nova t_boot_ns=721069473436589
08-31 10:18:20.542 I/AnebProbe(14372): ADAPTER_EVT type=content cls=android.view.ViewGroup desc=null txt_len=0 pkg=com.larus.nova t_boot_ns=721069573431381
08-31 10:18:20.672 I/AnebProbe(14372): ADAPTER_EVT type=content cls=android.view.ViewGroup desc=null txt_len=0 pkg=com.larus.nova t_boot_ns=721069703321485
08-31 10:18:20.773 I/AnebProbe(14372): ADAPTER_EVT type=content cls=android.view.ViewGroup desc=null txt_len=0 pkg=com.larus.nova t_boot_ns=721069804244923
08-31 10:18:20.888 I/AnebProbe(14372): ADAPTER_EVT type=content cls=android.view.ViewGroup desc=null txt_len=0 pkg=com.larus.nova t_boot_ns=721069919593360
08-31 10:18:20.992 I/AnebProbe(14372): ADAPTER_EVT type=content cls=android.view.ViewGroup desc=null txt_len=0 pkg=com.larus.nova t_boot_ns=721070023339714
08-31 10:18:21.106 I/AnebProbe(14372): ADAPTER_EVT type=content cls=android.view.ViewGroup desc=null txt_len=0 pkg=com.larus.nova t_boot_ns=721070136963152
08-31 10:18:21.205 I/AnebProbe(14372): ADAPTER_EVT type=content cls=android.view.ViewGroup desc=null txt_len=0 pkg=com.larus.nova t_boot_ns=721070236875131
08-31 10:18:21.321 I/AnebProbe(14372): ADAPTER_EVT type=content cls=android.view.ViewGroup desc=null txt_len=0 pkg=com.larus.nova t_boot_ns=721070352277214
08-31 10:18:21.362 I/AnebE4MARK(25528): E4MARK kind=turn_start n=1
08-31 10:18:21.438 I/AnebProbe(14372): ADAPTER_EVT type=content cls=android.view.ViewGroup desc=null txt_len=0 pkg=com.larus.nova t_boot_ns=721070469122527
08-31 10:18:21.531 I/AnebProbe(14372): ADAPTER_EVT type=content cls=android.view.ViewGroup desc=null txt_len=0 pkg=com.larus.nova t_boot_ns=721070562276172
08-31 10:18:21.569 I/AnebProbe(14372): ADAPTER_EVT type=content cls=android.view.ViewGroup desc=null txt_len=0 pkg=com.larus.nova t_boot_ns=721070600607422
08-31 10:18:21.735 I/AnebProbe(14372): ADAPTER_EVT type=content cls=android.view.ViewGroup desc=null txt_len=0 pkg=com.larus.nova t_boot_ns=721070767049089
08-31 10:18:22.059 I/AnebProbe(14372): ADAPTER_EVT type=content cls=androidx.drawerlayout.widget.DrawerLayout desc=null txt_len=0 pkg=com.larus.nova t_boot_ns=721071090660027
08-31 10:18:22.160 I/AnebProbe(14372): ADAPTER_EVT type=content cls=androidx.drawerlayout.widget.DrawerLayout desc=null txt_len=0 pkg=com.larus.nova t_boot_ns=721071190972527
08-31 10:18:22.268 I/AnebProbe(14372): ADAPTER_EVT type=content cls=androidx.drawerlayout.widget.DrawerLayout desc=null txt_len=0 pkg=com.larus.nova t_boot_ns=721071299554297
08-31 10:18:22.381 I/AnebProbe(14372): ADAPTER_EVT type=content cls=androidx.recyclerview.widget.RecyclerView desc=null txt_len=0 pkg=com.larus.nova t_boot_ns=721071412720443
08-31 10:18:22.384 I/AnebProbe(14372): ADAPTER_OBS pkg=com.larus.nova mode=doubao events=179 rule_matched=7 first_delta_ms=0 cadence_p50_ms=19.6 session_span_ms=69962.9 confidence=LOW/INCONCLUSIVE reason=throttle ttft_send_ms=null anchor_source=null ttft_cluster_ms=null ttft_density_ms=null
08-31 10:18:22.501 I/AnebProbe(14372): ADAPTER_EVT type=content cls=androidx.drawerlayout.widget.DrawerLayout desc=null txt_len=0 pkg=com.larus.nova t_boot_ns=721071532779297
08-31 10:18:22.606 I/AnebProbe(14372): ADAPTER_EVT type=content cls=androidx.drawerlayout.widget.DrawerLayout desc=null txt_len=0 pkg=com.larus.nova t_boot_ns=721071637517839
08-31 10:18:23.245 I/AnebProbe(14372): ADAPTER_EVT type=content cls=androidx.drawerlayout.widget.DrawerLayout desc=null txt_len=0 pkg=com.larus.nova t_boot_ns=721072276563151
08-31 10:18:23.344 I/AnebProbe(14372): ADAPTER_EVT type=content cls=androidx.drawerlayout.widget.DrawerLayout desc=null txt_len=0 pkg=com.larus.nova t_boot_ns=721072375701693
08-31 10:18:23.445 I/AnebProbe(14372): ADAPTER_EVT type=content cls=androidx.drawerlayout.widget.DrawerLayout desc=null txt_len=0 pkg=com.larus.nova t_boot_ns=721072476489714
08-31 10:18:23.724 I/AnebProbe(14372): ADAPTER_EVT type=content cls=androidx.recyclerview.widget.RecyclerView desc=null txt_len=0 pkg=com.larus.nova t_boot_ns=721072755040235
08-31 10:18:23.822 I/AnebProbe(14372): ADAPTER_EVT type=content cls=androidx.recyclerview.widget.RecyclerView desc=null txt_len=0 pkg=com.larus.nova t_boot_ns=721072853116797
08-31 10:18:24.238 I/AnebProbe(14372): ADAPTER_EVT type=content cls=android.view.ViewGroup desc=null txt_len=0 pkg=com.larus.nova t_boot_ns=721073269424089
08-31 10:18:24.313 I/AnebProbe(14372): ADAPTER_EVT type=content cls=android.view.ViewGroup desc=null txt_len=0 pkg=com.larus.nova t_boot_ns=721073344827735
08-31 10:18:24.470 I/AnebProbe(14372): ADAPTER_EVT type=content cls=androidx.drawerlayout.widget.DrawerLayout desc=null txt_len=0 pkg=com.larus.nova t_boot_ns=721073501665755
08-31 10:18:24.570 I/AnebProbe(14372): ADAPTER_EVT type=content cls=androidx.drawerlayout.widget.DrawerLayout desc=null txt_len=0 pkg=com.larus.nova t_boot_ns=721073601579818
08-31 10:18:24.671 I/AnebProbe(14372): ADAPTER_EVT type=content cls=androidx.drawerlayout.widget.DrawerLayout desc=null txt_len=0 pkg=com.larus.nova t_boot_ns=721073702279297
08-31 10:18:25.818 I/AnebProbe(14372): ADAPTER_EVT type=content cls=androidx.drawerlayout.widget.DrawerLayout desc=null txt_len=0 pkg=com.larus.nova t_boot_ns=721074849976172
08-31 10:18:25.930 I/AnebProbe(14372): ADAPTER_EVT type=content cls=androidx.drawerlayout.widget.DrawerLayout desc=null txt_len=0 pkg=com.larus.nova t_boot_ns=721074961316797
08-31 10:18:26.094 I/AnebProbe(14372): ADAPTER_EVT type=content cls=androidx.drawerlayout.widget.DrawerLayout desc=null txt_len=0 pkg=com.larus.nova t_boot_ns=721075125851172
08-31 10:18:26.215 I/AnebProbe(14372): ADAPTER_EVT type=content cls=androidx.drawerlayout.widget.DrawerLayout desc=null txt_len=0 pkg=com.larus.nova t_boot_ns=721075245836588
08-31 10:18:26.314 I/AnebProbe(14372): ADAPTER_EVT type=content cls=androidx.drawerlayout.widget.DrawerLayout desc=null txt_len=0 pkg=com.larus.nova t_boot_ns=721075345786588
08-31 10:18:26.429 I/AnebProbe(14372): ADAPTER_EVT type=content cls=androidx.drawerlayout.widget.DrawerLayout desc=null txt_len=0 pkg=com.larus.nova t_boot_ns=721075460729818
08-31 10:18:26.530 I/AnebProbe(14372): ADAPTER_EVT type=content cls=androidx.drawerlayout.widget.DrawerLayout desc=null txt_len=0 pkg=com.larus.nova t_boot_ns=721075561764193
08-31 10:18:26.630 I/AnebProbe(14372): ADAPTER_EVT type=content cls=androidx.drawerlayout.widget.DrawerLayout desc=null txt_len=0 pkg=com.larus.nova t_boot_ns=721075661524609
08-31 10:18:26.730 I/AnebProbe(14372): ADAPTER_EVT type=content cls=androidx.drawerlayout.widget.DrawerLayout desc=null txt_len=0 pkg=com.larus.nova t_boot_ns=721075761286068
08-31 10:18:26.830 I/AnebProbe(14372): ADAPTER_EVT type=content cls=androidx.drawerlayout.widget.DrawerLayout desc=null txt_len=0 pkg=com.larus.nova t_boot_ns=721075861764713
08-31 10:18:26.941 I/AnebProbe(14372): ADAPTER_EVT type=content cls=androidx.drawerlayout.widget.DrawerLayout desc=null txt_len=0 pkg=com.larus.nova t_boot_ns=721075971460547
08-31 10:18:27.037 I/AnebProbe(14372): ADAPTER_EVT type=content cls=androidx.drawerlayout.widget.DrawerLayout desc=null txt_len=0 pkg=com.larus.nova t_boot_ns=721076067865755
08-31 10:18:27.137 I/AnebProbe(14372): ADAPTER_EVT type=content cls=androidx.drawerlayout.widget.DrawerLayout desc=null txt_len=0 pkg=com.larus.nova t_boot_ns=721076168083984
08-31 10:18:27.238 I/AnebProbe(14372): ADAPTER_EVT type=content cls=androidx.drawerlayout.widget.DrawerLayout desc=null txt_len=0 pkg=com.larus.nova t_boot_ns=721076269437109
08-31 10:18:27.356 I/AnebProbe(14372): ADAPTER_EVT type=content cls=androidx.drawerlayout.widget.DrawerLayout desc=null txt_len=0 pkg=com.larus.nova t_boot_ns=721076387418359
08-31 10:18:27.471 I/AnebProbe(14372): ADAPTER_EVT type=content cls=androidx.drawerlayout.widget.DrawerLayout desc=null txt_len=0 pkg=com.larus.nova t_boot_ns=721076502507942
08-31 10:18:27.482 I/AnebProbe(14372): ADAPTER_OBS pkg=com.larus.nova mode=doubao events=207 rule_matched=9 first_delta_ms=0 cadence_p50_ms=27.1 session_span_ms=75052.7 confidence=LOW/INCONCLUSIVE reason=throttle ttft_send_ms=null anchor_source=null ttft_cluster_ms=3784.8 ttft_density_ms=null
08-31 10:18:27.566 I/AnebProbe(14372): ADAPTER_EVT type=content cls=androidx.drawerlayout.widget.DrawerLayout desc=null txt_len=0 pkg=com.larus.nova t_boot_ns=721076597882422
08-31 10:18:27.670 I/AnebProbe(14372): ADAPTER_EVT type=content cls=androidx.drawerlayout.widget.DrawerLayout desc=null txt_len=0 pkg=com.larus.nova t_boot_ns=721076700834505
08-31 10:18:27.783 I/AnebProbe(14372): ADAPTER_EVT type=content cls=androidx.drawerlayout.widget.DrawerLayout desc=null txt_len=0 pkg=com.larus.nova t_boot_ns=721076814129817
08-31 10:18:27.883 I/AnebProbe(14372): ADAPTER_EVT type=content cls=androidx.drawerlayout.widget.DrawerLayout desc=null txt_len=0 pkg=com.larus.nova t_boot_ns=721076914564713
08-31 10:18:27.983 I/AnebProbe(14372): ADAPTER_EVT type=content cls=androidx.drawerlayout.widget.DrawerLayout desc=null txt_len=0 pkg=com.larus.nova t_boot_ns=721077014639192
08-31 10:18:28.084 I/AnebProbe(14372): ADAPTER_EVT type=content cls=androidx.drawerlayout.widget.DrawerLayout desc=null txt_len=0 pkg=com.larus.nova t_boot_ns=721077115181380
08-31 10:18:28.186 I/AnebProbe(14372): ADAPTER_EVT type=content cls=androidx.drawerlayout.widget.DrawerLayout desc=null txt_len=0 pkg=com.larus.nova t_boot_ns=721077216627213
08-31 10:18:28.297 I/AnebProbe(14372): ADAPTER_EVT type=content cls=androidx.drawerlayout.widget.DrawerLayout desc=null txt_len=0 pkg=com.larus.nova t_boot_ns=721077328291796
08-31 10:18:28.400 I/AnebProbe(14372): ADAPTER_EVT type=content cls=androidx.drawerlayout.widget.DrawerLayout desc=null txt_len=0 pkg=com.larus.nova t_boot_ns=721077431315755
08-31 10:18:28.513 I/AnebProbe(14372): ADAPTER_EVT type=content cls=androidx.drawerlayout.widget.DrawerLayout desc=null txt_len=0 pkg=com.larus.nova t_boot_ns=721077544703776
08-31 10:18:28.629 I/AnebProbe(14372): ADAPTER_EVT type=content cls=androidx.drawerlayout.widget.DrawerLayout desc=null txt_len=0 pkg=com.larus.nova t_boot_ns=721077660098567
08-31 10:18:28.728 I/AnebProbe(14372): ADAPTER_EVT type=content cls=androidx.drawerlayout.widget.DrawerLayout desc=null txt_len=0 pkg=com.larus.nova t_boot_ns=721077759080338
08-31 10:18:28.827 I/AnebProbe(14372): ADAPTER_EVT type=content cls=androidx.drawerlayout.widget.DrawerLayout desc=null txt_len=0 pkg=com.larus.nova t_boot_ns=721077858661067
08-31 10:18:28.929 I/AnebProbe(14372): ADAPTER_EVT type=content cls=androidx.drawerlayout.widget.DrawerLayout desc=null txt_len=0 pkg=com.larus.nova t_boot_ns=721077960527734
08-31 10:18:29.043 I/AnebProbe(14372): ADAPTER_EVT type=content cls=androidx.drawerlayout.widget.DrawerLayout desc=null txt_len=0 pkg=com.larus.nova t_boot_ns=721078074491796
08-31 10:18:29.144 I/AnebProbe(14372): ADAPTER_EVT type=content cls=androidx.drawerlayout.widget.DrawerLayout desc=null txt_len=0 pkg=com.larus.nova t_boot_ns=721078175635546
08-31 10:18:29.260 I/AnebProbe(14372): ADAPTER_EVT type=content cls=androidx.drawerlayout.widget.DrawerLayout desc=null txt_len=0 pkg=com.larus.nova t_boot_ns=721078291773567
08-31 10:18:29.374 I/AnebProbe(14372): ADAPTER_EVT type=content cls=androidx.drawerlayout.widget.DrawerLayout desc=null txt_len=0 pkg=com.larus.nova t_boot_ns=721078405567317
08-31 10:18:29.474 I/AnebProbe(14372): ADAPTER_EVT type=content cls=androidx.drawerlayout.widget.DrawerLayout desc=null txt_len=0 pkg=com.larus.nova t_boot_ns=721078505778255
08-31 10:18:29.575 I/AnebProbe(14372): ADAPTER_EVT type=content cls=androidx.drawerlayout.widget.DrawerLayout desc=null txt_len=0 pkg=com.larus.nova t_boot_ns=721078605961588
08-31 10:18:29.693 I/AnebProbe(14372): ADAPTER_EVT type=content cls=androidx.drawerlayout.widget.DrawerLayout desc=null txt_len=0 pkg=com.larus.nova t_boot_ns=721078724382942
08-31 10:18:29.807 I/AnebProbe(14372): ADAPTER_EVT type=content cls=androidx.drawerlayout.widget.DrawerLayout desc=null txt_len=0 pkg=com.larus.nova t_boot_ns=721078838517317
08-31 10:18:29.907 I/AnebProbe(14372): ADAPTER_EVT type=content cls=androidx.drawerlayout.widget.DrawerLayout desc=null txt_len=0 pkg=com.larus.nova t_boot_ns=721078937893359
08-31 10:18:30.007 I/AnebProbe(14372): ADAPTER_EVT type=content cls=androidx.drawerlayout.widget.DrawerLayout desc=null txt_len=0 pkg=com.larus.nova t_boot_ns=721079038351692
08-31 10:18:30.119 I/AnebProbe(14372): ADAPTER_EVT type=content cls=androidx.drawerlayout.widget.DrawerLayout desc=null txt_len=0 pkg=com.larus.nova t_boot_ns=721079150097004
08-31 10:18:30.221 I/AnebProbe(14372): ADAPTER_EVT type=content cls=androidx.drawerlayout.widget.DrawerLayout desc=null txt_len=0 pkg=com.larus.nova t_boot_ns=721079252172004
08-31 10:18:30.321 I/AnebProbe(14372): ADAPTER_EVT type=content cls=androidx.drawerlayout.widget.DrawerLayout desc=null txt_len=0 pkg=com.larus.nova t_boot_ns=721079352340234
08-31 10:18:30.422 I/AnebProbe(14372): ADAPTER_EVT type=content cls=androidx.drawerlayout.widget.DrawerLayout desc=null txt_len=0 pkg=com.larus.nova t_boot_ns=721079453908463
08-31 10:18:30.521 I/AnebProbe(14372): ADAPTER_EVT type=content cls=androidx.drawerlayout.widget.DrawerLayout desc=null txt_len=0 pkg=com.larus.nova t_boot_ns=721079552326171
08-31 10:18:30.632 I/AnebProbe(14372): ADAPTER_EVT type=content cls=androidx.drawerlayout.widget.DrawerLayout desc=null txt_len=0 pkg=com.larus.nova t_boot_ns=721079663774088
08-31 10:18:30.736 I/AnebProbe(14372): ADAPTER_EVT type=content cls=androidx.drawerlayout.widget.DrawerLayout desc=null txt_len=0 pkg=com.larus.nova t_boot_ns=721079767579296
08-31 10:18:30.850 I/AnebProbe(14372): ADAPTER_EVT type=content cls=androidx.drawerlayout.widget.DrawerLayout desc=null txt_len=0 pkg=com.larus.nova t_boot_ns=721079880915754
08-31 10:18:30.950 I/AnebProbe(14372): ADAPTER_EVT type=content cls=androidx.drawerlayout.widget.DrawerLayout desc=null txt_len=0 pkg=com.larus.nova t_boot_ns=721079980887629
08-31 10:18:31.049 I/AnebProbe(14372): ADAPTER_EVT type=content cls=androidx.drawerlayout.widget.DrawerLayout desc=null txt_len=0 pkg=com.larus.nova t_boot_ns=721080080225129
08-31 10:18:31.149 I/AnebProbe(14372): ADAPTER_EVT type=content cls=androidx.drawerlayout.widget.DrawerLayout desc=null txt_len=0 pkg=com.larus.nova t_boot_ns=721080180566796
08-31 10:18:31.265 I/AnebProbe(14372): ADAPTER_EVT type=content cls=androidx.drawerlayout.widget.DrawerLayout desc=null txt_len=0 pkg=com.larus.nova t_boot_ns=721080296853254
08-31 10:18:31.380 I/AnebProbe(14372): ADAPTER_EVT type=content cls=androidx.drawerlayout.widget.DrawerLayout desc=null txt_len=0 pkg=com.larus.nova t_boot_ns=721080411402733
08-31 10:18:31.481 I/AnebProbe(14372): ADAPTER_EVT type=content cls=androidx.drawerlayout.widget.DrawerLayout desc=null txt_len=0 pkg=com.larus.nova t_boot_ns=721080512287629
08-31 10:18:31.597 I/AnebProbe(14372): ADAPTER_EVT type=content cls=androidx.drawerlayout.widget.DrawerLayout desc=null txt_len=0 pkg=com.larus.nova t_boot_ns=721080628655338
08-31 10:18:31.713 I/AnebProbe(14372): ADAPTER_EVT type=content cls=androidx.drawerlayout.widget.DrawerLayout desc=null txt_len=0 pkg=com.larus.nova t_boot_ns=721080744674608
08-31 10:18:31.828 I/AnebProbe(14372): ADAPTER_EVT type=content cls=androidx.drawerlayout.widget.DrawerLayout desc=null txt_len=0 pkg=com.larus.nova t_boot_ns=721080858943879
08-31 10:18:31.931 I/AnebProbe(14372): ADAPTER_EVT type=content cls=androidx.drawerlayout.widget.DrawerLayout desc=null txt_len=0 pkg=com.larus.nova t_boot_ns=721080962197525
08-31 10:18:32.045 I/AnebProbe(14372): ADAPTER_EVT type=content cls=androidx.drawerlayout.widget.DrawerLayout desc=null txt_len=0 pkg=com.larus.nova t_boot_ns=721081076540233
08-31 10:18:32.144 I/AnebProbe(14372): ADAPTER_EVT type=content cls=androidx.drawerlayout.widget.DrawerLayout desc=null txt_len=0 pkg=com.larus.nova t_boot_ns=721081175199608
08-31 10:18:32.244 I/AnebProbe(14372): ADAPTER_EVT type=content cls=androidx.drawerlayout.widget.DrawerLayout desc=null txt_len=0 pkg=com.larus.nova t_boot_ns=721081274865233
08-31 10:18:32.345 I/AnebProbe(14372): ADAPTER_EVT type=content cls=androidx.drawerlayout.widget.DrawerLayout desc=null txt_len=0 pkg=com.larus.nova t_boot_ns=721081375990233
08-31 10:18:32.459 I/AnebProbe(14372): ADAPTER_EVT type=content cls=androidx.drawerlayout.widget.DrawerLayout desc=null txt_len=0 pkg=com.larus.nova t_boot_ns=721081490132421
08-31 10:18:32.577 I/AnebProbe(14372): ADAPTER_EVT type=content cls=androidx.drawerlayout.widget.DrawerLayout desc=null txt_len=0 pkg=com.larus.nova t_boot_ns=721081607998046
08-31 10:18:32.581 I/AnebProbe(14372): ADAPTER_OBS pkg=com.larus.nova mode=doubao events=255 rule_matched=9 first_delta_ms=0 cadence_p50_ms=99.8 session_span_ms=80158.2 confidence=LOW/INCONCLUSIVE reason=throttle ttft_send_ms=null anchor_source=null ttft_cluster_ms=3784.8 ttft_density_ms=null
08-31 10:18:32.679 I/AnebProbe(14372): ADAPTER_EVT type=content cls=androidx.drawerlayout.widget.DrawerLayout desc=null txt_len=0 pkg=com.larus.nova t_boot_ns=721081710513671
08-31 10:18:32.786 I/AnebProbe(14372): ADAPTER_EVT type=content cls=androidx.drawerlayout.widget.DrawerLayout desc=null txt_len=0 pkg=com.larus.nova t_boot_ns=721081817660546
08-31 10:18:32.896 I/AnebProbe(14372): ADAPTER_EVT type=content cls=androidx.drawerlayout.widget.DrawerLayout desc=null txt_len=0 pkg=com.larus.nova t_boot_ns=721081927102733
08-31 10:18:33.003 I/AnebProbe(14372): ADAPTER_EVT type=content cls=androidx.drawerlayout.widget.DrawerLayout desc=null txt_len=0 pkg=com.larus.nova t_boot_ns=721082034704296
08-31 10:18:33.104 I/AnebProbe(14372): ADAPTER_EVT type=content cls=androidx.drawerlayout.widget.DrawerLayout desc=null txt_len=0 pkg=com.larus.nova t_boot_ns=721082135504817
08-31 10:18:33.217 I/AnebProbe(14372): ADAPTER_EVT type=content cls=androidx.drawerlayout.widget.DrawerLayout desc=null txt_len=0 pkg=com.larus.nova t_boot_ns=721082248665754
08-31 10:18:33.321 I/AnebProbe(14372): ADAPTER_EVT type=content cls=androidx.drawerlayout.widget.DrawerLayout desc=null txt_len=0 pkg=com.larus.nova t_boot_ns=721082352322004
08-31 10:18:33.419 I/AnebProbe(14372): ADAPTER_EVT type=content cls=androidx.drawerlayout.widget.DrawerLayout desc=null txt_len=0 pkg=com.larus.nova t_boot_ns=721082450883983
08-31 10:18:33.525 I/AnebProbe(14372): ADAPTER_EVT type=content cls=androidx.drawerlayout.widget.DrawerLayout desc=null txt_len=0 pkg=com.larus.nova t_boot_ns=721082556913671
08-31 10:18:33.633 I/AnebProbe(14372): ADAPTER_EVT type=content cls=androidx.drawerlayout.widget.DrawerLayout desc=null txt_len=0 pkg=com.larus.nova t_boot_ns=721082663678775
08-31 10:18:33.793 I/AnebProbe(14372): ADAPTER_EVT type=content cls=androidx.drawerlayout.widget.DrawerLayout desc=null txt_len=0 pkg=com.larus.nova t_boot_ns=721082824067837
08-31 10:18:33.899 I/AnebProbe(14372): ADAPTER_EVT type=content cls=androidx.drawerlayout.widget.DrawerLayout desc=null txt_len=0 pkg=com.larus.nova t_boot_ns=721082930335546
08-31 10:18:34.104 I/AnebProbe(14372): ADAPTER_EVT type=content cls=androidx.drawerlayout.widget.DrawerLayout desc=null txt_len=0 pkg=com.larus.nova t_boot_ns=721083135554296
08-31 10:18:34.681 I/AnebProbe(14372): ADAPTER_EVT type=content cls=androidx.drawerlayout.widget.DrawerLayout desc=null txt_len=0 pkg=com.larus.nova t_boot_ns=721083712131900
08-31 10:18:34.789 I/AnebProbe(14372): ADAPTER_EVT type=content cls=androidx.recyclerview.widget.RecyclerView desc=null txt_len=0 pkg=com.larus.nova t_boot_ns=721083820780337
08-31 10:18:35.075 I/AnebProbe(14372): ADAPTER_EVT type=content cls=androidx.drawerlayout.widget.DrawerLayout desc=null txt_len=0 pkg=com.larus.nova t_boot_ns=721084106805337
08-31 10:18:35.176 I/AnebProbe(14372): ADAPTER_EVT type=content cls=androidx.drawerlayout.widget.DrawerLayout desc=null txt_len=0 pkg=com.larus.nova t_boot_ns=721084207875650
08-31 10:18:35.292 I/AnebProbe(14372): ADAPTER_EVT type=content cls=androidx.drawerlayout.widget.DrawerLayout desc=null txt_len=0 pkg=com.larus.nova t_boot_ns=721084322958462
08-31 10:18:35.392 I/AnebProbe(14372): ADAPTER_EVT type=content cls=androidx.drawerlayout.widget.DrawerLayout desc=null txt_len=0 pkg=com.larus.nova t_boot_ns=721084423704295
08-31 10:18:44.131 I/AnebProbe(14372): ADAPTER_EVT type=content cls=androidx.recyclerview.widget.RecyclerView desc=null txt_len=0 pkg=com.larus.nova t_boot_ns=721093162551169
08-31 10:18:44.136 I/AnebProbe(14372): ADAPTER_OBS pkg=com.larus.nova mode=doubao events=275 rule_matched=11 first_delta_ms=0 cadence_p50_ms=99.9 session_span_ms=91712.8 confidence=LOW/INCONCLUSIVE reason=throttle ttft_send_ms=null anchor_source=null ttft_cluster_ms=3784.8 ttft_density_ms=null
08-31 10:18:44.207 I/AnebProbe(14372): ADAPTER_EVT type=content cls=androidx.recyclerview.widget.RecyclerView desc=null txt_len=0 pkg=com.larus.nova t_boot_ns=721093238282419
08-31 10:19:36.366 I/AnebE4MARK(26331): E4MARK kind=answer_complete n=1
08-31 10:19:49.838 I/AnebProbe(14372): ADAPTER_EVT type=content cls=android.view.ViewGroup desc=Generate a red circle on a white backgro… txt_len=0 pkg=com.larus.nova t_boot_ns=721158869721992
08-31 10:19:49.842 I/AnebProbe(14372): ADAPTER_OBS pkg=com.larus.nova mode=doubao events=277 rule_matched=12 first_delta_ms=0 cadence_p50_ms=99.9 session_span_ms=157419.9 confidence=LOW/INCONCLUSIVE reason=throttle ttft_send_ms=null anchor_source=null ttft_cluster_ms=3784.8 ttft_density_ms=null
08-31 10:19:49.941 I/AnebProbe(14372): ADAPTER_EVT type=content cls=android.widget.TextView desc=null txt_len=0 pkg=com.larus.nova t_boot_ns=721158972208971
08-31 10:19:56.620 I/AnebProbe(14372): ADAPTER_EVT type=click cls=android.widget.ImageView desc=返回 txt_len=2 pkg=com.larus.nova t_boot_ns=721165651415220
08-31 10:19:56.621 I/AnebProbe(14372): ADAPTER_OBS pkg=com.larus.nova mode=doubao events=278 rule_matched=13 first_delta_ms=0 cadence_p50_ms=99.9 session_span_ms=157522.4 confidence=LOW/INCONCLUSIVE reason=throttle ttft_send_ms=null anchor_source=null ttft_cluster_ms=3784.8 ttft_density_ms=null
08-31 10:19:56.736 I/AnebProbe(14372): ADAPTER_EVT type=content cls=androidx.drawerlayout.widget.DrawerLayout desc=null txt_len=0 pkg=com.larus.nova t_boot_ns=721165767300116
08-31 10:19:56.852 I/AnebProbe(14372): ADAPTER_EVT type=content cls=androidx.drawerlayout.widget.DrawerLayout desc=null txt_len=0 pkg=com.larus.nova t_boot_ns=721165884043345
08-31 10:19:56.969 I/AnebProbe(14372): ADAPTER_EVT type=content cls=androidx.drawerlayout.widget.DrawerLayout desc=null txt_len=0 pkg=com.larus.nova t_boot_ns=721166000068345
08-31 10:19:57.077 I/AnebProbe(14372): ADAPTER_EVT type=content cls=androidx.drawerlayout.widget.DrawerLayout desc=null txt_len=0 pkg=com.larus.nova t_boot_ns=721166109023033
08-31 10:19:57.178 I/AnebProbe(14372): ADAPTER_EVT type=content cls=androidx.drawerlayout.widget.DrawerLayout desc=null txt_len=0 pkg=com.larus.nova t_boot_ns=721166209535533
08-31 10:19:57.377 I/AnebProbe(14372): ADAPTER_EVT type=content cls=androidx.recyclerview.widget.RecyclerView desc=null txt_len=0 pkg=com.larus.nova t_boot_ns=721166408178762
08-31 10:19:57.468 I/AnebProbe(14372): ADAPTER_EVT type=content cls=androidx.recyclerview.widget.RecyclerView desc=null txt_len=0 pkg=com.larus.nova t_boot_ns=721166499327199
08-31 10:19:58.336 I/AnebProbe(14372): ADAPTER_EVT type=click cls=android.widget.ImageView desc=创建新对话 txt_len=5 pkg=com.larus.nova t_boot_ns=721167367210533
08-31 10:19:58.349 I/AnebProbe(14372): ADAPTER_EVT type=content cls=android.widget.FrameLayout desc=null txt_len=0 pkg=com.larus.nova t_boot_ns=721167380620949
08-31 10:19:58.582 I/AnebProbe(14372): ADAPTER_EVT type=content cls=androidx.drawerlayout.widget.DrawerLayout desc=null txt_len=0 pkg=com.larus.nova t_boot_ns=721167613769387
08-31 10:19:58.741 I/AnebProbe(14372): ADAPTER_EVT type=content cls=androidx.drawerlayout.widget.DrawerLayout desc=null txt_len=0 pkg=com.larus.nova t_boot_ns=721167772262095
08-31 10:19:58.782 I/AnebProbe(14372): ADAPTER_EVT type=content cls=androidx.drawerlayout.widget.DrawerLayout desc=null txt_len=0 pkg=com.larus.nova t_boot_ns=721167813517824
08-31 10:19:58.786 I/AnebProbe(14372): ADAPTER_EVT type=content cls=android.view.ViewGroup desc=null txt_len=0 pkg=com.larus.nova t_boot_ns=721167817228762
08-31 10:19:58.897 I/AnebProbe(14372): ADAPTER_EVT type=content cls=android.view.ViewGroup desc=null txt_len=0 pkg=com.larus.nova t_boot_ns=721167928391783
08-31 10:19:58.932 I/AnebProbe(14372): ADAPTER_EVT type=content cls=android.view.ViewGroup desc=null txt_len=0 pkg=com.larus.nova t_boot_ns=721167963670949
08-31 10:19:59.033 I/AnebProbe(14372): ADAPTER_EVT type=content cls=android.view.ViewGroup desc=null txt_len=0 pkg=com.larus.nova t_boot_ns=721168063978762
08-31 10:19:59.134 I/AnebProbe(14372): ADAPTER_EVT type=content cls=androidx.drawerlayout.widget.DrawerLayout desc=null txt_len=0 pkg=com.larus.nova t_boot_ns=721168165465220
08-31 10:19:59.308 I/AnebProbe(14372): ADAPTER_EVT type=content cls=androidx.recyclerview.widget.RecyclerView desc=null txt_len=0 pkg=com.larus.nova t_boot_ns=721168339633449
08-31 10:19:59.403 I/AnebProbe(14372): ADAPTER_EVT type=content cls=android.view.ViewGroup desc=null txt_len=0 pkg=com.larus.nova t_boot_ns=721168434326158
08-31 10:19:59.504 I/AnebProbe(14372): ADAPTER_EVT type=content cls=android.view.ViewGroup desc=null txt_len=0 pkg=com.larus.nova t_boot_ns=721168535075637
08-31 10:19:59.604 I/AnebProbe(14372): ADAPTER_EVT type=content cls=android.view.ViewGroup desc=null txt_len=0 pkg=com.larus.nova t_boot_ns=721168635190741
08-31 10:19:59.827 I/AnebProbe(14372): ADAPTER_EVT type=content cls=android.view.ViewGroup desc=null txt_len=0 pkg=com.larus.nova t_boot_ns=721168858667303
08-31 10:19:59.954 I/AnebProbe(14372): ADAPTER_EVT type=content cls=android.view.ViewGroup desc=null txt_len=0 pkg=com.larus.nova t_boot_ns=721168985721470
08-31 10:20:00.079 I/AnebProbe(14372): ADAPTER_EVT type=content cls=android.view.ViewGroup desc=null txt_len=0 pkg=com.larus.nova t_boot_ns=721169110148553
08-31 10:20:00.178 I/AnebProbe(14372): ADAPTER_EVT type=content cls=android.view.ViewGroup desc=null txt_len=0 pkg=com.larus.nova t_boot_ns=721169209766262
08-31 10:20:00.278 I/AnebProbe(14372): ADAPTER_EVT type=content cls=androidx.drawerlayout.widget.DrawerLayout desc=null txt_len=0 pkg=com.larus.nova t_boot_ns=721169309605845
08-31 10:20:00.392 I/AnebProbe(14372): ADAPTER_EVT type=content cls=android.view.ViewGroup desc=null txt_len=0 pkg=com.larus.nova t_boot_ns=721169423750637
08-31 10:20:00.501 I/AnebProbe(14372): ADAPTER_EVT type=content cls=android.view.ViewGroup desc=null txt_len=0 pkg=com.larus.nova t_boot_ns=721169532286053
08-31 10:20:00.600 I/AnebProbe(14372): ADAPTER_EVT type=content cls=android.view.ViewGroup desc=null txt_len=0 pkg=com.larus.nova t_boot_ns=721169631246991
08-31 10:20:01.184 I/AnebProbe(14372): ADAPTER_EVT type=content cls=android.view.ViewGroup desc=新对话，打开设置页 txt_len=0 pkg=com.larus.nova t_boot_ns=721170215418866
08-31 10:20:01.307 I/AnebProbe(14372): ADAPTER_EVT type=content cls=android.view.ViewGroup desc=null txt_len=0 pkg=com.larus.nova t_boot_ns=721170338269907
08-31 10:20:01.418 I/AnebProbe(14372): ADAPTER_EVT type=content cls=android.view.ViewGroup desc=null txt_len=0 pkg=com.larus.nova t_boot_ns=721170449279803
08-31 10:20:01.521 I/AnebProbe(14372): ADAPTER_EVT type=content cls=android.view.ViewGroup desc=null txt_len=0 pkg=com.larus.nova t_boot_ns=721170552215741
08-31 10:20:01.639 I/AnebProbe(14372): ADAPTER_EVT type=content cls=android.view.ViewGroup desc=null txt_len=0 pkg=com.larus.nova t_boot_ns=721170670230845
08-31 10:20:01.640 I/AnebProbe(14372): ADAPTER_OBS pkg=com.larus.nova mode=doubao events=311 rule_matched=16 first_delta_ms=0 cadence_p50_ms=100.0 session_span_ms=169220.4 confidence=LOW/INCONCLUSIVE reason=throttle ttft_send_ms=null anchor_source=null ttft_cluster_ms=3784.8 ttft_density_ms=null
08-31 10:20:01.747 I/AnebProbe(14372): ADAPTER_EVT type=content cls=android.view.ViewGroup desc=null txt_len=0 pkg=com.larus.nova t_boot_ns=721170779016261
08-31 10:20:01.849 I/AnebProbe(14372): ADAPTER_EVT type=content cls=android.view.ViewGroup desc=null txt_len=0 pkg=com.larus.nova t_boot_ns=721170880753761
08-31 10:20:01.966 I/AnebProbe(14372): ADAPTER_EVT type=content cls=android.view.ViewGroup desc=null txt_len=0 pkg=com.larus.nova t_boot_ns=721170997650636
08-31 10:20:02.065 I/AnebProbe(14372): ADAPTER_EVT type=content cls=android.view.ViewGroup desc=null txt_len=0 pkg=com.larus.nova t_boot_ns=721171096846990
08-31 10:20:02.181 I/AnebProbe(14372): ADAPTER_EVT type=content cls=android.view.ViewGroup desc=null txt_len=0 pkg=com.larus.nova t_boot_ns=721171212772511
08-31 10:20:02.284 I/AnebProbe(14372): ADAPTER_EVT type=content cls=android.view.ViewGroup desc=null txt_len=0 pkg=com.larus.nova t_boot_ns=721171315973032
08-31 10:20:02.398 I/AnebProbe(14372): ADAPTER_EVT type=content cls=android.view.ViewGroup desc=null txt_len=0 pkg=com.larus.nova t_boot_ns=721171429048032
08-31 10:20:02.514 I/AnebProbe(14372): ADAPTER_EVT type=content cls=android.view.ViewGroup desc=null txt_len=0 pkg=com.larus.nova t_boot_ns=721171545867303
08-31 10:20:02.583 I/AnebProbe(14372): ADAPTER_EVT type=content cls=android.view.ViewGroup desc=null txt_len=0 pkg=com.larus.nova t_boot_ns=721171614181886
08-31 10:20:02.583 I/AnebProbe(14372): ADAPTER_EVT type=content cls=android.widget.EditText desc=null txt_len=1 pkg=com.larus.nova t_boot_ns=721171614802199
08-31 10:20:02.593 I/AnebProbe(14372): ADAPTER_EVT type=content cls=android.view.ViewGroup desc=null txt_len=0 pkg=com.larus.nova t_boot_ns=721171624247511
08-31 10:20:02.645 I/AnebProbe(14372): ADAPTER_EVT type=content cls=android.view.ViewGroup desc=null txt_len=0 pkg=com.larus.nova t_boot_ns=721171676973032
08-31 10:20:02.646 I/AnebProbe(14372): ADAPTER_EVT type=content cls=android.widget.EditText desc=null txt_len=2 pkg=com.larus.nova t_boot_ns=721171677517824
08-31 10:20:02.667 I/AnebProbe(14372): ADAPTER_EVT type=content cls=android.view.ViewGroup desc=null txt_len=0 pkg=com.larus.nova t_boot_ns=721171698521470
08-31 10:20:02.667 I/AnebProbe(14372): ADAPTER_EVT type=content cls=android.widget.EditText desc=null txt_len=3 pkg=com.larus.nova t_boot_ns=721171698940220
08-31 10:20:02.695 I/AnebProbe(14372): ADAPTER_EVT type=content cls=android.view.ViewGroup desc=null txt_len=0 pkg=com.larus.nova t_boot_ns=721171726440220
08-31 10:20:02.695 I/AnebProbe(14372): ADAPTER_EVT type=content cls=android.widget.EditText desc=null txt_len=4 pkg=com.larus.nova t_boot_ns=721171726833449
08-31 10:20:02.719 I/AnebProbe(14372): ADAPTER_EVT type=content cls=android.view.ViewGroup desc=null txt_len=0 pkg=com.larus.nova t_boot_ns=721171750510011
08-31 10:20:02.719 I/AnebProbe(14372): ADAPTER_EVT type=content cls=android.widget.EditText desc=null txt_len=5 pkg=com.larus.nova t_boot_ns=721171750889699
08-31 10:20:02.746 I/AnebProbe(14372): ADAPTER_EVT type=content cls=android.view.ViewGroup desc=null txt_len=0 pkg=com.larus.nova t_boot_ns=721171777038136
08-31 10:20:02.747 I/AnebProbe(14372): ADAPTER_EVT type=content cls=android.widget.EditText desc=null txt_len=6 pkg=com.larus.nova t_boot_ns=721171778066261
08-31 10:20:02.770 I/AnebProbe(14372): ADAPTER_EVT type=content cls=android.view.ViewGroup desc=null txt_len=0 pkg=com.larus.nova t_boot_ns=721171801039699
08-31 10:20:02.770 I/AnebProbe(14372): ADAPTER_EVT type=content cls=android.widget.EditText desc=null txt_len=7 pkg=com.larus.nova t_boot_ns=721171801639178
08-31 10:20:02.793 I/AnebProbe(14372): ADAPTER_EVT type=content cls=android.view.ViewGroup desc=null txt_len=0 pkg=com.larus.nova t_boot_ns=721171824713657
08-31 10:20:02.794 I/AnebProbe(14372): ADAPTER_EVT type=content cls=android.widget.EditText desc=null txt_len=8 pkg=com.larus.nova t_boot_ns=721171825077199
08-31 10:20:02.814 I/AnebProbe(14372): ADAPTER_EVT type=content cls=android.view.ViewGroup desc=null txt_len=0 pkg=com.larus.nova t_boot_ns=721171845695428
08-31 10:20:02.815 I/AnebProbe(14372): ADAPTER_EVT type=content cls=android.widget.EditText desc=null txt_len=9 pkg=com.larus.nova t_boot_ns=721171846164699
08-31 10:20:02.835 I/AnebProbe(14372): ADAPTER_EVT type=content cls=android.view.ViewGroup desc=null txt_len=0 pkg=com.larus.nova t_boot_ns=721171866705324
08-31 10:20:02.836 I/AnebProbe(14372): ADAPTER_EVT type=content cls=android.widget.EditText desc=null txt_len=10 pkg=com.larus.nova t_boot_ns=721171867082928
08-31 10:20:02.859 I/AnebProbe(14372): ADAPTER_EVT type=content cls=android.view.ViewGroup desc=null txt_len=0 pkg=com.larus.nova t_boot_ns=721171890493865
08-31 10:20:02.860 I/AnebProbe(14372): ADAPTER_EVT type=content cls=android.widget.EditText desc=null txt_len=11 pkg=com.larus.nova t_boot_ns=721171891050115
08-31 10:20:02.869 I/AnebProbe(14372): ADAPTER_EVT type=content cls=android.widget.EditText desc=null txt_len=12 pkg=com.larus.nova t_boot_ns=721171900661053
08-31 10:20:02.893 I/AnebProbe(14372): ADAPTER_EVT type=content cls=android.view.ViewGroup desc=null txt_len=0 pkg=com.larus.nova t_boot_ns=721171923987094
08-31 10:20:02.893 I/AnebProbe(14372): ADAPTER_EVT type=content cls=android.widget.EditText desc=null txt_len=13 pkg=com.larus.nova t_boot_ns=721171924514699
08-31 10:20:02.914 I/AnebProbe(14372): ADAPTER_EVT type=content cls=android.view.ViewGroup desc=null txt_len=0 pkg=com.larus.nova t_boot_ns=721171945294386
08-31 10:20:02.914 I/AnebProbe(14372): ADAPTER_EVT type=content cls=android.widget.EditText desc=null txt_len=14 pkg=com.larus.nova t_boot_ns=721171945665219
08-31 10:20:02.936 I/AnebProbe(14372): ADAPTER_EVT type=content cls=android.view.ViewGroup desc=null txt_len=0 pkg=com.larus.nova t_boot_ns=721171967060532
08-31 10:20:02.936 I/AnebProbe(14372): ADAPTER_EVT type=content cls=android.widget.EditText desc=null txt_len=15 pkg=com.larus.nova t_boot_ns=721171967438657
08-31 10:20:02.958 I/AnebProbe(14372): ADAPTER_EVT type=content cls=android.view.ViewGroup desc=null txt_len=0 pkg=com.larus.nova t_boot_ns=721171989972511
08-31 10:20:02.959 I/AnebProbe(14372): ADAPTER_EVT type=content cls=android.widget.EditText desc=null txt_len=16 pkg=com.larus.nova t_boot_ns=721171990382407
08-31 10:20:02.983 I/AnebProbe(14372): ADAPTER_EVT type=content cls=android.view.ViewGroup desc=null txt_len=0 pkg=com.larus.nova t_boot_ns=721172014340219
08-31 10:20:02.984 I/AnebProbe(14372): ADAPTER_EVT type=content cls=android.widget.EditText desc=null txt_len=17 pkg=com.larus.nova t_boot_ns=721172015193865
08-31 10:20:03.010 I/AnebProbe(14372): ADAPTER_EVT type=content cls=android.view.ViewGroup desc=null txt_len=0 pkg=com.larus.nova t_boot_ns=721172041032407
08-31 10:20:03.010 I/AnebProbe(14372): ADAPTER_EVT type=content cls=android.widget.EditText desc=null txt_len=18 pkg=com.larus.nova t_boot_ns=721172041806886
08-31 10:20:03.031 I/AnebProbe(14372): ADAPTER_EVT type=content cls=android.view.ViewGroup desc=null txt_len=0 pkg=com.larus.nova t_boot_ns=721172062555844
08-31 10:20:03.032 I/AnebProbe(14372): ADAPTER_EVT type=content cls=android.widget.EditText desc=null txt_len=19 pkg=com.larus.nova t_boot_ns=721172063083969
08-31 10:20:03.053 I/AnebProbe(14372): ADAPTER_EVT type=content cls=android.view.ViewGroup desc=null txt_len=0 pkg=com.larus.nova t_boot_ns=721172084249074
08-31 10:20:03.053 I/AnebProbe(14372): ADAPTER_EVT type=content cls=android.widget.EditText desc=null txt_len=20 pkg=com.larus.nova t_boot_ns=721172084637615
08-31 10:20:03.072 I/AnebProbe(14372): ADAPTER_EVT type=content cls=android.view.ViewGroup desc=null txt_len=0 pkg=com.larus.nova t_boot_ns=721172104012615
08-31 10:20:03.073 I/AnebProbe(14372): ADAPTER_EVT type=content cls=android.widget.EditText desc=null txt_len=21 pkg=com.larus.nova t_boot_ns=721172104350636
08-31 10:20:03.084 I/AnebProbe(14372): ADAPTER_EVT type=content cls=android.widget.EditText desc=null txt_len=22 pkg=com.larus.nova t_boot_ns=721172115722511
08-31 10:20:03.108 I/AnebProbe(14372): ADAPTER_EVT type=content cls=android.view.ViewGroup desc=null txt_len=0 pkg=com.larus.nova t_boot_ns=721172139466261
08-31 10:20:03.108 I/AnebProbe(14372): ADAPTER_EVT type=content cls=android.widget.EditText desc=null txt_len=23 pkg=com.larus.nova t_boot_ns=721172139898032
08-31 10:20:03.129 I/AnebProbe(14372): ADAPTER_EVT type=content cls=android.view.ViewGroup desc=null txt_len=0 pkg=com.larus.nova t_boot_ns=721172160189699
08-31 10:20:03.129 I/AnebProbe(14372): ADAPTER_EVT type=content cls=android.widget.EditText desc=null txt_len=24 pkg=com.larus.nova t_boot_ns=721172160625636
08-31 10:20:03.151 I/AnebProbe(14372): ADAPTER_EVT type=content cls=android.view.ViewGroup desc=null txt_len=0 pkg=com.larus.nova t_boot_ns=721172182207928
08-31 10:20:03.154 I/AnebProbe(14372): ADAPTER_EVT type=content cls=android.widget.EditText desc=null txt_len=25 pkg=com.larus.nova t_boot_ns=721172185869907
08-31 10:20:03.178 I/AnebProbe(14372): ADAPTER_EVT type=content cls=android.view.ViewGroup desc=null txt_len=0 pkg=com.larus.nova t_boot_ns=721172208900636
08-31 10:20:03.178 I/AnebProbe(14372): ADAPTER_EVT type=content cls=android.widget.EditText desc=null txt_len=26 pkg=com.larus.nova t_boot_ns=721172209381365
08-31 10:20:03.183 I/AnebProbe(14372): ADAPTER_EVT type=content cls=android.widget.EditText desc=null txt_len=27 pkg=com.larus.nova t_boot_ns=721172214625636
08-31 10:20:03.199 I/AnebProbe(14372): ADAPTER_EVT type=content cls=android.view.ViewGroup desc=null txt_len=0 pkg=com.larus.nova t_boot_ns=721172230342303
08-31 10:20:03.199 I/AnebProbe(14372): ADAPTER_EVT type=content cls=android.widget.EditText desc=null txt_len=28 pkg=com.larus.nova t_boot_ns=721172230907407
08-31 10:20:03.215 I/AnebProbe(14372): ADAPTER_EVT type=content cls=android.view.ViewGroup desc=null txt_len=0 pkg=com.larus.nova t_boot_ns=721172246717303
08-31 10:20:03.215 I/AnebProbe(14372): ADAPTER_EVT type=content cls=android.widget.EditText desc=null txt_len=29 pkg=com.larus.nova t_boot_ns=721172246843344
08-31 10:20:03.230 I/AnebProbe(14372): ADAPTER_EVT type=content cls=android.view.ViewGroup desc=null txt_len=0 pkg=com.larus.nova t_boot_ns=721172261845428
08-31 10:20:03.230 I/AnebProbe(14372): ADAPTER_EVT type=content cls=android.widget.EditText desc=null txt_len=30 pkg=com.larus.nova t_boot_ns=721172261990740
08-31 10:20:03.244 I/AnebProbe(14372): ADAPTER_EVT type=content cls=android.view.ViewGroup desc=null txt_len=0 pkg=com.larus.nova t_boot_ns=721172276104282
08-31 10:20:03.245 I/AnebProbe(14372): ADAPTER_EVT type=content cls=android.widget.EditText desc=null txt_len=31 pkg=com.larus.nova t_boot_ns=721172276252199
08-31 10:20:03.260 I/AnebProbe(14372): ADAPTER_EVT type=content cls=android.view.ViewGroup desc=null txt_len=0 pkg=com.larus.nova t_boot_ns=721172291565740
08-31 10:20:03.260 I/AnebProbe(14372): ADAPTER_EVT type=content cls=android.widget.EditText desc=null txt_len=32 pkg=com.larus.nova t_boot_ns=721172291733969
08-31 10:20:03.276 I/AnebProbe(14372): ADAPTER_EVT type=content cls=android.view.ViewGroup desc=null txt_len=0 pkg=com.larus.nova t_boot_ns=721172307906365
08-31 10:20:03.276 I/AnebProbe(14372): ADAPTER_EVT type=content cls=android.widget.EditText desc=null txt_len=33 pkg=com.larus.nova t_boot_ns=721172308073553
08-31 10:20:03.295 I/AnebProbe(14372): ADAPTER_EVT type=content cls=android.view.ViewGroup desc=null txt_len=0 pkg=com.larus.nova t_boot_ns=721172326415219
08-31 10:20:03.295 I/AnebProbe(14372): ADAPTER_EVT type=content cls=android.widget.EditText desc=null txt_len=34 pkg=com.larus.nova t_boot_ns=721172326588136
08-31 10:20:03.311 I/AnebProbe(14372): ADAPTER_EVT type=content cls=android.view.ViewGroup desc=null txt_len=0 pkg=com.larus.nova t_boot_ns=721172343088657
08-31 10:20:03.312 I/AnebProbe(14372): ADAPTER_EVT type=content cls=android.widget.EditText desc=null txt_len=35 pkg=com.larus.nova t_boot_ns=721172343273553
08-31 10:20:03.328 I/AnebProbe(14372): ADAPTER_EVT type=content cls=android.view.ViewGroup desc=null txt_len=0 pkg=com.larus.nova t_boot_ns=721172359739699
08-31 10:20:03.328 I/AnebProbe(14372): ADAPTER_EVT type=content cls=android.widget.EditText desc=null txt_len=36 pkg=com.larus.nova t_boot_ns=721172359914699
08-31 10:20:03.346 I/AnebProbe(14372): ADAPTER_EVT type=content cls=android.view.ViewGroup desc=null txt_len=0 pkg=com.larus.nova t_boot_ns=721172377585532
08-31 10:20:03.346 I/AnebProbe(14372): ADAPTER_EVT type=content cls=android.widget.EditText desc=null txt_len=37 pkg=com.larus.nova t_boot_ns=721172377745949
08-31 10:20:03.363 I/AnebProbe(14372): ADAPTER_EVT type=content cls=android.view.ViewGroup desc=null txt_len=0 pkg=com.larus.nova t_boot_ns=721172395008969
08-31 10:20:03.363 I/AnebProbe(14372): ADAPTER_EVT type=content cls=android.widget.EditText desc=null txt_len=38 pkg=com.larus.nova t_boot_ns=721172395131886
08-31 10:20:03.376 I/AnebProbe(14372): ADAPTER_EVT type=content cls=android.view.ViewGroup desc=null txt_len=0 pkg=com.larus.nova t_boot_ns=721172408069907
08-31 10:20:03.377 I/AnebProbe(14372): ADAPTER_EVT type=content cls=android.widget.EditText desc=null txt_len=39 pkg=com.larus.nova t_boot_ns=721172408190740
08-31 10:20:03.401 I/AnebProbe(14372): ADAPTER_EVT type=content cls=android.view.ViewGroup desc=null txt_len=0 pkg=com.larus.nova t_boot_ns=721172432505844
08-31 10:20:03.401 I/AnebProbe(14372): ADAPTER_EVT type=content cls=android.widget.EditText desc=null txt_len=40 pkg=com.larus.nova t_boot_ns=721172432854803
08-31 10:20:03.409 I/AnebProbe(14372): ADAPTER_EVT type=content cls=android.widget.EditText desc=null txt_len=41 pkg=com.larus.nova t_boot_ns=721172440430844
08-31 10:20:03.432 I/AnebProbe(14372): ADAPTER_EVT type=content cls=android.view.ViewGroup desc=null txt_len=0 pkg=com.larus.nova t_boot_ns=721172463455324
08-31 10:20:03.432 I/AnebProbe(14372): ADAPTER_EVT type=content cls=android.widget.EditText desc=null txt_len=42 pkg=com.larus.nova t_boot_ns=721172463589699
08-31 10:20:03.448 I/AnebProbe(14372): ADAPTER_EVT type=content cls=android.view.ViewGroup desc=null txt_len=0 pkg=com.larus.nova t_boot_ns=721172479452199
08-31 10:20:03.448 I/AnebProbe(14372): ADAPTER_EVT type=content cls=android.widget.EditText desc=null txt_len=43 pkg=com.larus.nova t_boot_ns=721172479565740
08-31 10:20:03.461 I/AnebProbe(14372): ADAPTER_EVT type=content cls=android.view.ViewGroup desc=null txt_len=0 pkg=com.larus.nova t_boot_ns=721172492564699
08-31 10:20:03.461 I/AnebProbe(14372): ADAPTER_EVT type=content cls=android.widget.EditText desc=null txt_len=44 pkg=com.larus.nova t_boot_ns=721172492719907
08-31 10:20:03.475 I/AnebProbe(14372): ADAPTER_EVT type=content cls=android.view.ViewGroup desc=null txt_len=0 pkg=com.larus.nova t_boot_ns=721172506516261
08-31 10:20:03.475 I/AnebProbe(14372): ADAPTER_EVT type=content cls=android.widget.EditText desc=null txt_len=45 pkg=com.larus.nova t_boot_ns=721172506633969
08-31 10:20:03.481 I/AnebProbe(14372): ADAPTER_EVT type=content cls=android.widget.EditText desc=null txt_len=46 pkg=com.larus.nova t_boot_ns=721172512505324
08-31 10:20:03.493 I/AnebProbe(14372): ADAPTER_EVT type=content cls=android.view.ViewGroup desc=null txt_len=0 pkg=com.larus.nova t_boot_ns=721172525026157
08-31 10:20:03.494 I/AnebProbe(14372): ADAPTER_EVT type=content cls=android.widget.EditText desc=null txt_len=47 pkg=com.larus.nova t_boot_ns=721172525173553
08-31 10:20:03.506 I/AnebProbe(14372): ADAPTER_EVT type=content cls=android.view.ViewGroup desc=null txt_len=0 pkg=com.larus.nova t_boot_ns=721172537431886
08-31 10:20:03.506 I/AnebProbe(14372): ADAPTER_EVT type=content cls=android.widget.EditText desc=null txt_len=48 pkg=com.larus.nova t_boot_ns=721172537589178
08-31 10:20:03.513 I/AnebProbe(14372): ADAPTER_EVT type=content cls=android.widget.EditText desc=null txt_len=49 pkg=com.larus.nova t_boot_ns=721172544448553
08-31 10:20:03.526 I/AnebProbe(14372): ADAPTER_EVT type=content cls=android.view.ViewGroup desc=null txt_len=0 pkg=com.larus.nova t_boot_ns=721172557165219
08-31 10:20:03.526 I/AnebProbe(14372): ADAPTER_EVT type=content cls=android.widget.EditText desc=null txt_len=50 pkg=com.larus.nova t_boot_ns=721172557567303
08-31 10:20:03.540 I/AnebProbe(14372): ADAPTER_EVT type=content cls=android.view.ViewGroup desc=null txt_len=0 pkg=com.larus.nova t_boot_ns=721172571475636
08-31 10:20:03.540 I/AnebProbe(14372): ADAPTER_EVT type=content cls=android.widget.EditText desc=null txt_len=51 pkg=com.larus.nova t_boot_ns=721172571647511
08-31 10:20:03.547 I/AnebProbe(14372): ADAPTER_EVT type=content cls=android.widget.EditText desc=null txt_len=52 pkg=com.larus.nova t_boot_ns=721172578476157
08-31 10:20:03.560 I/AnebProbe(14372): ADAPTER_EVT type=content cls=android.view.ViewGroup desc=null txt_len=0 pkg=com.larus.nova t_boot_ns=721172592025636
08-31 10:20:03.561 I/AnebProbe(14372): ADAPTER_EVT type=content cls=android.widget.EditText desc=null txt_len=53 pkg=com.larus.nova t_boot_ns=721172592182928
08-31 10:20:03.575 I/AnebProbe(14372): ADAPTER_EVT type=content cls=android.view.ViewGroup desc=null txt_len=0 pkg=com.larus.nova t_boot_ns=721172606942303
08-31 10:20:03.575 I/AnebProbe(14372): ADAPTER_EVT type=content cls=android.widget.EditText desc=null txt_len=54 pkg=com.larus.nova t_boot_ns=721172607108449
08-31 10:20:03.590 I/AnebProbe(14372): ADAPTER_EVT type=content cls=android.view.ViewGroup desc=null txt_len=0 pkg=com.larus.nova t_boot_ns=721172621425636
08-31 10:20:03.590 I/AnebProbe(14372): ADAPTER_EVT type=content cls=android.widget.EditText desc=null txt_len=55 pkg=com.larus.nova t_boot_ns=721172621579803
08-31 10:20:03.597 I/AnebProbe(14372): ADAPTER_EVT type=content cls=android.widget.EditText desc=null txt_len=56 pkg=com.larus.nova t_boot_ns=721172628502199
08-31 10:20:03.704 I/AnebProbe(14372): ADAPTER_EVT type=content cls=android.view.ViewGroup desc=null txt_len=0 pkg=com.larus.nova t_boot_ns=721172735338136
08-31 10:20:03.804 I/AnebProbe(14372): ADAPTER_EVT type=content cls=android.view.ViewGroup desc=null txt_len=0 pkg=com.larus.nova t_boot_ns=721172836040740
08-31 10:20:03.905 I/AnebProbe(14372): ADAPTER_EVT type=content cls=android.view.ViewGroup desc=null txt_len=0 pkg=com.larus.nova t_boot_ns=721172936731886
08-31 10:20:04.021 I/AnebProbe(14372): ADAPTER_EVT type=content cls=android.view.ViewGroup desc=null txt_len=0 pkg=com.larus.nova t_boot_ns=721173052488657
08-31 10:20:04.136 I/AnebProbe(14372): ADAPTER_EVT type=content cls=android.view.ViewGroup desc=null txt_len=0 pkg=com.larus.nova t_boot_ns=721173167046469
08-31 10:20:04.238 I/AnebProbe(14372): ADAPTER_EVT type=content cls=android.view.ViewGroup desc=null txt_len=0 pkg=com.larus.nova t_boot_ns=721173269092303
08-31 10:20:04.340 I/AnebProbe(14372): ADAPTER_EVT type=content cls=android.view.ViewGroup desc=null txt_len=0 pkg=com.larus.nova t_boot_ns=721173370432928
08-31 10:20:04.441 I/AnebProbe(14372): ADAPTER_EVT type=content cls=android.view.ViewGroup desc=null txt_len=0 pkg=com.larus.nova t_boot_ns=721173472075636
08-31 10:20:04.542 I/AnebProbe(14372): ADAPTER_EVT type=content cls=android.view.ViewGroup desc=null txt_len=0 pkg=com.larus.nova t_boot_ns=721173572875115
08-31 10:20:04.657 I/AnebProbe(14372): ADAPTER_EVT type=content cls=android.view.ViewGroup desc=null txt_len=0 pkg=com.larus.nova t_boot_ns=721173688044386
08-31 10:20:04.768 I/AnebProbe(14372): ADAPTER_EVT type=content cls=android.view.ViewGroup desc=null txt_len=0 pkg=com.larus.nova t_boot_ns=721173799567823
08-31 10:20:04.873 I/AnebProbe(14372): ADAPTER_EVT type=content cls=android.view.ViewGroup desc=null txt_len=0 pkg=com.larus.nova t_boot_ns=721173903965740
08-31 10:20:04.980 I/AnebProbe(14372): ADAPTER_EVT type=content cls=android.view.ViewGroup desc=null txt_len=0 pkg=com.larus.nova t_boot_ns=721174011091782
08-31 10:20:05.088 I/AnebProbe(14372): ADAPTER_EVT type=content cls=android.view.ViewGroup desc=null txt_len=0 pkg=com.larus.nova t_boot_ns=721174119564698
08-31 10:20:05.188 I/AnebProbe(14372): ADAPTER_EVT type=content cls=android.view.ViewGroup desc=null txt_len=0 pkg=com.larus.nova t_boot_ns=721174219430844
08-31 10:20:05.303 I/AnebProbe(14372): ADAPTER_EVT type=content cls=android.view.ViewGroup desc=null txt_len=0 pkg=com.larus.nova t_boot_ns=721174334241261
08-31 10:20:05.419 I/AnebProbe(14372): ADAPTER_EVT type=content cls=android.view.ViewGroup desc=null txt_len=0 pkg=com.larus.nova t_boot_ns=721174450668865
08-31 10:20:05.529 I/AnebProbe(14372): ADAPTER_EVT type=content cls=android.view.ViewGroup desc=null txt_len=0 pkg=com.larus.nova t_boot_ns=721174560450115
08-31 10:20:05.581 I/AnebE4MARK(26866): E4MARK kind=turn_start n=2
08-31 10:20:05.629 I/AnebProbe(14372): ADAPTER_EVT type=content cls=android.view.ViewGroup desc=null txt_len=0 pkg=com.larus.nova t_boot_ns=721174660598032
08-31 10:20:05.700 I/AnebProbe(14372): ADAPTER_EVT type=content cls=android.view.ViewGroup desc=null txt_len=0 pkg=com.larus.nova t_boot_ns=721174731276677
08-31 10:20:05.749 I/AnebProbe(14372): ADAPTER_EVT type=content cls=android.view.ViewGroup desc=null txt_len=0 pkg=com.larus.nova t_boot_ns=721174780388657
08-31 10:20:05.854 I/AnebProbe(14372): ADAPTER_EVT type=content cls=android.view.ViewGroup desc=null txt_len=0 pkg=com.larus.nova t_boot_ns=721174885161573
08-31 10:20:06.104 I/AnebProbe(14372): ADAPTER_EVT type=content cls=androidx.drawerlayout.widget.DrawerLayout desc=null txt_len=0 pkg=com.larus.nova t_boot_ns=721175135460532
08-31 10:20:06.204 I/AnebProbe(14372): ADAPTER_EVT type=content cls=androidx.drawerlayout.widget.DrawerLayout desc=null txt_len=0 pkg=com.larus.nova t_boot_ns=721175235483969
08-31 10:20:06.586 I/AnebProbe(14372): ADAPTER_EVT type=content cls=androidx.drawerlayout.widget.DrawerLayout desc=null txt_len=0 pkg=com.larus.nova t_boot_ns=721175617549594
08-31 10:20:06.773 I/AnebProbe(14372): ADAPTER_EVT type=content cls=androidx.drawerlayout.widget.DrawerLayout desc=null txt_len=0 pkg=com.larus.nova t_boot_ns=721175804517823
08-31 10:20:06.776 I/AnebProbe(14372): ADAPTER_OBS pkg=com.larus.nova mode=doubao events=450 rule_matched=16 first_delta_ms=0 cadence_p50_ms=99.8 session_span_ms=174354.7 confidence=LOW/INCONCLUSIVE reason=throttle ttft_send_ms=null anchor_source=null ttft_cluster_ms=null ttft_density_ms=null
08-31 10:20:06.873 I/AnebProbe(14372): ADAPTER_EVT type=content cls=androidx.drawerlayout.widget.DrawerLayout desc=null txt_len=0 pkg=com.larus.nova t_boot_ns=721175904816781
08-31 10:20:07.183 I/AnebProbe(14372): ADAPTER_EVT type=content cls=androidx.drawerlayout.widget.DrawerLayout desc=null txt_len=0 pkg=com.larus.nova t_boot_ns=721176214398031
08-31 10:20:07.284 I/AnebProbe(14372): ADAPTER_EVT type=content cls=androidx.drawerlayout.widget.DrawerLayout desc=null txt_len=0 pkg=com.larus.nova t_boot_ns=721176315165740
08-31 10:20:07.384 I/AnebProbe(14372): ADAPTER_EVT type=content cls=androidx.recyclerview.widget.RecyclerView desc=null txt_len=0 pkg=com.larus.nova t_boot_ns=721176415708969
08-31 10:20:07.643 I/AnebProbe(14372): ADAPTER_EVT type=content cls=androidx.recyclerview.widget.RecyclerView desc=null txt_len=0 pkg=com.larus.nova t_boot_ns=721176675011052
08-31 10:20:07.714 I/AnebProbe(14372): ADAPTER_EVT type=content cls=androidx.recyclerview.widget.RecyclerView desc=null txt_len=0 pkg=com.larus.nova t_boot_ns=721176744957406
08-31 10:20:07.872 I/AnebProbe(14372): ADAPTER_EVT type=content cls=androidx.recyclerview.widget.RecyclerView desc=null txt_len=0 pkg=com.larus.nova t_boot_ns=721176903281885
08-31 10:20:07.971 I/AnebProbe(14372): ADAPTER_EVT type=content cls=androidx.drawerlayout.widget.DrawerLayout desc=null txt_len=0 pkg=com.larus.nova t_boot_ns=721177002442823
08-31 10:20:08.478 I/AnebProbe(14372): ADAPTER_EVT type=content cls=androidx.drawerlayout.widget.DrawerLayout desc=null txt_len=0 pkg=com.larus.nova t_boot_ns=721177509579281
08-31 10:20:08.792 I/AnebProbe(14372): ADAPTER_EVT type=content cls=androidx.drawerlayout.widget.DrawerLayout desc=null txt_len=0 pkg=com.larus.nova t_boot_ns=721177823642823
08-31 10:20:08.892 I/AnebProbe(14372): ADAPTER_EVT type=content cls=androidx.drawerlayout.widget.DrawerLayout desc=null txt_len=0 pkg=com.larus.nova t_boot_ns=721177922617302
08-31 10:20:11.616 I/AnebProbe(14372): ADAPTER_EVT type=content cls=androidx.drawerlayout.widget.DrawerLayout desc=null txt_len=0 pkg=com.larus.nova t_boot_ns=721180647477718
08-31 10:20:11.716 I/AnebProbe(14372): ADAPTER_EVT type=content cls=androidx.drawerlayout.widget.DrawerLayout desc=null txt_len=0 pkg=com.larus.nova t_boot_ns=721180747514697
08-31 10:20:11.895 I/AnebProbe(14372): ADAPTER_EVT type=content cls=androidx.drawerlayout.widget.DrawerLayout desc=null txt_len=0 pkg=com.larus.nova t_boot_ns=721180926717301
08-31 10:20:11.900 I/AnebProbe(14372): ADAPTER_OBS pkg=com.larus.nova mode=doubao events=464 rule_matched=20 first_delta_ms=0 cadence_p50_ms=99.8 session_span_ms=179476.9 confidence=LOW/INCONCLUSIVE reason=throttle ttft_send_ms=null anchor_source=null ttft_cluster_ms=4774.2 ttft_density_ms=null
08-31 10:20:11.996 I/AnebProbe(14372): ADAPTER_EVT type=content cls=androidx.drawerlayout.widget.DrawerLayout desc=null txt_len=0 pkg=com.larus.nova t_boot_ns=721181027384489
08-31 10:20:12.096 I/AnebProbe(14372): ADAPTER_EVT type=content cls=androidx.drawerlayout.widget.DrawerLayout desc=null txt_len=0 pkg=com.larus.nova t_boot_ns=721181127228760
08-31 10:20:12.197 I/AnebProbe(14372): ADAPTER_EVT type=content cls=androidx.drawerlayout.widget.DrawerLayout desc=null txt_len=0 pkg=com.larus.nova t_boot_ns=721181228393864
08-31 10:20:12.307 I/AnebProbe(14372): ADAPTER_EVT type=content cls=androidx.drawerlayout.widget.DrawerLayout desc=null txt_len=0 pkg=com.larus.nova t_boot_ns=721181337886572
08-31 10:20:12.409 I/AnebProbe(14372): ADAPTER_EVT type=content cls=androidx.drawerlayout.widget.DrawerLayout desc=null txt_len=0 pkg=com.larus.nova t_boot_ns=721181440519906
08-31 10:20:12.523 I/AnebProbe(14372): ADAPTER_EVT type=content cls=androidx.drawerlayout.widget.DrawerLayout desc=null txt_len=0 pkg=com.larus.nova t_boot_ns=721181554418343
08-31 10:20:12.624 I/AnebProbe(14372): ADAPTER_EVT type=content cls=androidx.drawerlayout.widget.DrawerLayout desc=null txt_len=0 pkg=com.larus.nova t_boot_ns=721181655206885
08-31 10:20:12.725 I/AnebProbe(14372): ADAPTER_EVT type=content cls=androidx.drawerlayout.widget.DrawerLayout desc=null txt_len=0 pkg=com.larus.nova t_boot_ns=721181756607405
08-31 10:20:12.825 I/AnebProbe(14372): ADAPTER_EVT type=content cls=androidx.drawerlayout.widget.DrawerLayout desc=null txt_len=0 pkg=com.larus.nova t_boot_ns=721181856507926
08-31 10:20:12.925 I/AnebProbe(14372): ADAPTER_EVT type=content cls=androidx.drawerlayout.widget.DrawerLayout desc=null txt_len=0 pkg=com.larus.nova t_boot_ns=721181956575114
08-31 10:20:13.040 I/AnebProbe(14372): ADAPTER_EVT type=content cls=androidx.drawerlayout.widget.DrawerLayout desc=null txt_len=0 pkg=com.larus.nova t_boot_ns=721182070438655
08-31 10:20:13.138 I/AnebProbe(14372): ADAPTER_EVT type=content cls=androidx.drawerlayout.widget.DrawerLayout desc=null txt_len=0 pkg=com.larus.nova t_boot_ns=721182169604801
08-31 10:20:13.239 I/AnebProbe(14372): ADAPTER_EVT type=content cls=androidx.drawerlayout.widget.DrawerLayout desc=null txt_len=0 pkg=com.larus.nova t_boot_ns=721182270811572
08-31 10:20:13.354 I/AnebProbe(14372): ADAPTER_EVT type=content cls=androidx.drawerlayout.widget.DrawerLayout desc=null txt_len=0 pkg=com.larus.nova t_boot_ns=721182385525114
08-31 10:20:13.471 I/AnebProbe(14372): ADAPTER_EVT type=content cls=androidx.drawerlayout.widget.DrawerLayout desc=null txt_len=0 pkg=com.larus.nova t_boot_ns=721182502212093
08-31 10:20:13.588 I/AnebProbe(14372): ADAPTER_EVT type=content cls=androidx.drawerlayout.widget.DrawerLayout desc=null txt_len=0 pkg=com.larus.nova t_boot_ns=721182619163135
08-31 10:20:13.701 I/AnebProbe(14372): ADAPTER_EVT type=content cls=androidx.drawerlayout.widget.DrawerLayout desc=null txt_len=0 pkg=com.larus.nova t_boot_ns=721182731883968
08-31 10:20:13.800 I/AnebProbe(14372): ADAPTER_EVT type=content cls=androidx.drawerlayout.widget.DrawerLayout desc=null txt_len=0 pkg=com.larus.nova t_boot_ns=721182831216259
08-31 10:20:13.918 I/AnebProbe(14372): ADAPTER_EVT type=content cls=androidx.drawerlayout.widget.DrawerLayout desc=null txt_len=0 pkg=com.larus.nova t_boot_ns=721182949104801
08-31 10:20:14.019 I/AnebProbe(14372): ADAPTER_EVT type=content cls=androidx.drawerlayout.widget.DrawerLayout desc=null txt_len=0 pkg=com.larus.nova t_boot_ns=721183049975114
08-31 10:20:14.122 I/AnebProbe(14372): ADAPTER_EVT type=content cls=androidx.drawerlayout.widget.DrawerLayout desc=null txt_len=0 pkg=com.larus.nova t_boot_ns=721183153899593
08-31 10:20:14.230 I/AnebProbe(14372): ADAPTER_EVT type=content cls=androidx.drawerlayout.widget.DrawerLayout desc=null txt_len=0 pkg=com.larus.nova t_boot_ns=721183261903239
08-31 10:20:14.331 I/AnebProbe(14372): ADAPTER_EVT type=content cls=androidx.drawerlayout.widget.DrawerLayout desc=null txt_len=0 pkg=com.larus.nova t_boot_ns=721183362775634
08-31 10:20:15.531 I/AnebProbe(14372): ADAPTER_EVT type=content cls=androidx.drawerlayout.widget.DrawerLayout desc=null txt_len=0 pkg=com.larus.nova t_boot_ns=721184562797509
08-31 10:20:15.531 I/AnebProbe(14372): ADAPTER_EVT type=content cls=androidx.drawerlayout.widget.DrawerLayout desc=null txt_len=0 pkg=com.larus.nova t_boot_ns=721184563156363
08-31 10:20:15.532 I/AnebProbe(14372): ADAPTER_EVT type=content cls=androidx.drawerlayout.widget.DrawerLayout desc=null txt_len=0 pkg=com.larus.nova t_boot_ns=721184563281363
08-31 10:20:15.532 I/AnebProbe(14372): ADAPTER_EVT type=content cls=androidx.drawerlayout.widget.DrawerLayout desc=null txt_len=0 pkg=com.larus.nova t_boot_ns=721184563397509
08-31 10:20:15.532 I/AnebProbe(14372): ADAPTER_EVT type=content cls=androidx.drawerlayout.widget.DrawerLayout desc=null txt_len=0 pkg=com.larus.nova t_boot_ns=721184563511572
08-31 10:20:15.532 I/AnebProbe(14372): ADAPTER_EVT type=content cls=androidx.drawerlayout.widget.DrawerLayout desc=null txt_len=0 pkg=com.larus.nova t_boot_ns=721184563637093
08-31 10:20:15.532 I/AnebProbe(14372): ADAPTER_EVT type=content cls=androidx.drawerlayout.widget.DrawerLayout desc=null txt_len=0 pkg=com.larus.nova t_boot_ns=721184563730843
08-31 10:20:15.532 I/AnebProbe(14372): ADAPTER_EVT type=content cls=androidx.drawerlayout.widget.DrawerLayout desc=null txt_len=0 pkg=com.larus.nova t_boot_ns=721184563853759
08-31 10:20:15.532 I/AnebProbe(14372): ADAPTER_EVT type=content cls=androidx.drawerlayout.widget.DrawerLayout desc=null txt_len=0 pkg=com.larus.nova t_boot_ns=721184563957926
08-31 10:20:15.532 I/AnebProbe(14372): ADAPTER_EVT type=content cls=androidx.drawerlayout.widget.DrawerLayout desc=null txt_len=0 pkg=com.larus.nova t_boot_ns=721184564050634
08-31 10:20:15.556 I/AnebProbe(14372): ADAPTER_EVT type=content cls=androidx.drawerlayout.widget.DrawerLayout desc=null txt_len=0 pkg=com.larus.nova t_boot_ns=721184587086051
08-31 10:20:15.626 I/AnebProbe(14372): ADAPTER_EVT type=content cls=androidx.drawerlayout.widget.DrawerLayout desc=null txt_len=0 pkg=com.larus.nova t_boot_ns=721184657582405
08-31 10:20:15.726 I/AnebProbe(14372): ADAPTER_EVT type=content cls=androidx.drawerlayout.widget.DrawerLayout desc=null txt_len=0 pkg=com.larus.nova t_boot_ns=721184757737093
08-31 10:20:15.842 I/AnebProbe(14372): ADAPTER_EVT type=content cls=androidx.drawerlayout.widget.DrawerLayout desc=null txt_len=0 pkg=com.larus.nova t_boot_ns=721184873013655
08-31 10:20:15.960 I/AnebProbe(14372): ADAPTER_EVT type=content cls=androidx.drawerlayout.widget.DrawerLayout desc=null txt_len=0 pkg=com.larus.nova t_boot_ns=721184991312613
08-31 10:20:16.071 I/AnebProbe(14372): ADAPTER_EVT type=content cls=androidx.drawerlayout.widget.DrawerLayout desc=null txt_len=0 pkg=com.larus.nova t_boot_ns=721185102186051
08-31 10:20:16.171 I/AnebProbe(14372): ADAPTER_EVT type=content cls=androidx.drawerlayout.widget.DrawerLayout desc=null txt_len=0 pkg=com.larus.nova t_boot_ns=721185202774072
08-31 10:20:16.290 I/AnebProbe(14372): ADAPTER_EVT type=content cls=androidx.drawerlayout.widget.DrawerLayout desc=null txt_len=0 pkg=com.larus.nova t_boot_ns=721185321412092
08-31 10:20:16.386 I/AnebProbe(14372): ADAPTER_EVT type=content cls=androidx.drawerlayout.widget.DrawerLayout desc=null txt_len=0 pkg=com.larus.nova t_boot_ns=721185417605842
08-31 10:20:16.504 I/AnebProbe(14372): ADAPTER_EVT type=content cls=androidx.drawerlayout.widget.DrawerLayout desc=null txt_len=0 pkg=com.larus.nova t_boot_ns=721185535292822
08-31 10:20:16.619 I/AnebProbe(14372): ADAPTER_EVT type=content cls=androidx.drawerlayout.widget.DrawerLayout desc=null txt_len=0 pkg=com.larus.nova t_boot_ns=721185650819384
08-31 10:20:16.733 I/AnebProbe(14372): ADAPTER_EVT type=content cls=androidx.drawerlayout.widget.DrawerLayout desc=null txt_len=0 pkg=com.larus.nova t_boot_ns=721185764440738
08-31 10:20:16.836 I/AnebProbe(14372): ADAPTER_EVT type=content cls=androidx.drawerlayout.widget.DrawerLayout desc=null txt_len=0 pkg=com.larus.nova t_boot_ns=721185866566259
08-31 10:20:16.936 I/AnebProbe(14372): ADAPTER_EVT type=content cls=androidx.drawerlayout.widget.DrawerLayout desc=null txt_len=0 pkg=com.larus.nova t_boot_ns=721185967533447
08-31 10:20:16.941 I/AnebProbe(14372): ADAPTER_OBS pkg=com.larus.nova mode=doubao events=511 rule_matched=20 first_delta_ms=0 cadence_p50_ms=99.0 session_span_ms=184517.7 confidence=LOW/INCONCLUSIVE reason=throttle ttft_send_ms=null anchor_source=null ttft_cluster_ms=4774.2 ttft_density_ms=11700.0
08-31 10:20:17.052 I/AnebProbe(14372): ADAPTER_EVT type=content cls=androidx.drawerlayout.widget.DrawerLayout desc=null txt_len=0 pkg=com.larus.nova t_boot_ns=721186082998551
08-31 10:20:17.168 I/AnebProbe(14372): ADAPTER_EVT type=content cls=androidx.drawerlayout.widget.DrawerLayout desc=null txt_len=0 pkg=com.larus.nova t_boot_ns=721186199042301
08-31 10:20:17.269 I/AnebProbe(14372): ADAPTER_EVT type=content cls=androidx.drawerlayout.widget.DrawerLayout desc=null txt_len=0 pkg=com.larus.nova t_boot_ns=721186300069905
08-31 10:20:17.386 I/AnebProbe(14372): ADAPTER_EVT type=content cls=androidx.drawerlayout.widget.DrawerLayout desc=null txt_len=0 pkg=com.larus.nova t_boot_ns=721186417388134
08-31 10:20:17.486 I/AnebProbe(14372): ADAPTER_EVT type=content cls=androidx.drawerlayout.widget.DrawerLayout desc=null txt_len=0 pkg=com.larus.nova t_boot_ns=721186517768863
08-31 10:20:17.588 I/AnebProbe(14372): ADAPTER_EVT type=content cls=androidx.drawerlayout.widget.DrawerLayout desc=null txt_len=0 pkg=com.larus.nova t_boot_ns=721186619138655
08-31 10:20:17.690 I/AnebProbe(14372): ADAPTER_EVT type=content cls=androidx.drawerlayout.widget.DrawerLayout desc=null txt_len=0 pkg=com.larus.nova t_boot_ns=721186721962092
08-31 10:20:17.810 I/AnebProbe(14372): ADAPTER_EVT type=content cls=androidx.drawerlayout.widget.DrawerLayout desc=null txt_len=0 pkg=com.larus.nova t_boot_ns=721186841006884
08-31 10:20:17.911 I/AnebProbe(14372): ADAPTER_EVT type=content cls=androidx.drawerlayout.widget.DrawerLayout desc=null txt_len=0 pkg=com.larus.nova t_boot_ns=721186942593342
08-31 10:20:18.014 I/AnebProbe(14372): ADAPTER_EVT type=content cls=androidx.drawerlayout.widget.DrawerLayout desc=null txt_len=0 pkg=com.larus.nova t_boot_ns=721187045671988
08-31 10:20:18.115 I/AnebProbe(14372): ADAPTER_EVT type=content cls=androidx.drawerlayout.widget.DrawerLayout desc=null txt_len=0 pkg=com.larus.nova t_boot_ns=721187146133967
08-31 10:20:18.229 I/AnebProbe(14372): ADAPTER_EVT type=content cls=androidx.drawerlayout.widget.DrawerLayout desc=null txt_len=0 pkg=com.larus.nova t_boot_ns=721187260370425
08-31 10:20:18.342 I/AnebProbe(14372): ADAPTER_EVT type=content cls=androidx.drawerlayout.widget.DrawerLayout desc=null txt_len=0 pkg=com.larus.nova t_boot_ns=721187373798030
08-31 10:20:18.450 I/AnebProbe(14372): ADAPTER_EVT type=content cls=androidx.drawerlayout.widget.DrawerLayout desc=null txt_len=0 pkg=com.larus.nova t_boot_ns=721187481054800
08-31 10:20:18.559 I/AnebProbe(14372): ADAPTER_EVT type=content cls=androidx.drawerlayout.widget.DrawerLayout desc=null txt_len=0 pkg=com.larus.nova t_boot_ns=721187590089175
08-31 10:20:18.657 I/AnebProbe(14372): ADAPTER_EVT type=content cls=androidx.drawerlayout.widget.DrawerLayout desc=null txt_len=0 pkg=com.larus.nova t_boot_ns=721187688385530
08-31 10:20:18.760 I/AnebProbe(14372): ADAPTER_EVT type=content cls=androidx.drawerlayout.widget.DrawerLayout desc=null txt_len=0 pkg=com.larus.nova t_boot_ns=721187790914696
08-31 10:20:18.861 I/AnebProbe(14372): ADAPTER_EVT type=content cls=androidx.drawerlayout.widget.DrawerLayout desc=null txt_len=0 pkg=com.larus.nova t_boot_ns=721187891738655
08-31 10:20:18.958 I/AnebProbe(14372): ADAPTER_EVT type=content cls=androidx.drawerlayout.widget.DrawerLayout desc=null txt_len=0 pkg=com.larus.nova t_boot_ns=721187989211050
08-31 10:20:19.061 I/AnebProbe(14372): ADAPTER_EVT type=content cls=androidx.drawerlayout.widget.DrawerLayout desc=null txt_len=0 pkg=com.larus.nova t_boot_ns=721188092795425
08-31 10:20:19.175 I/AnebProbe(14372): ADAPTER_EVT type=content cls=androidx.drawerlayout.widget.DrawerLayout desc=null txt_len=0 pkg=com.larus.nova t_boot_ns=721188206675634
08-31 10:20:19.290 I/AnebProbe(14372): ADAPTER_EVT type=content cls=androidx.drawerlayout.widget.DrawerLayout desc=null txt_len=0 pkg=com.larus.nova t_boot_ns=721188321596467
08-31 10:20:19.407 I/AnebProbe(14372): ADAPTER_EVT type=content cls=androidx.drawerlayout.widget.DrawerLayout desc=null txt_len=0 pkg=com.larus.nova t_boot_ns=721188438792300
08-31 10:20:19.521 I/AnebProbe(14372): ADAPTER_EVT type=content cls=androidx.drawerlayout.widget.DrawerLayout desc=null txt_len=0 pkg=com.larus.nova t_boot_ns=721188551924592
08-31 10:20:19.622 I/AnebProbe(14372): ADAPTER_EVT type=content cls=androidx.drawerlayout.widget.DrawerLayout desc=null txt_len=0 pkg=com.larus.nova t_boot_ns=721188652836571
08-31 10:20:19.738 I/AnebProbe(14372): ADAPTER_EVT type=content cls=androidx.drawerlayout.widget.DrawerLayout desc=null txt_len=0 pkg=com.larus.nova t_boot_ns=721188769015738
08-31 10:20:19.852 I/AnebProbe(14372): ADAPTER_EVT type=content cls=androidx.drawerlayout.widget.DrawerLayout desc=null txt_len=0 pkg=com.larus.nova t_boot_ns=721188882882925
08-31 10:20:19.952 I/AnebProbe(14372): ADAPTER_EVT type=content cls=androidx.drawerlayout.widget.DrawerLayout desc=null txt_len=0 pkg=com.larus.nova t_boot_ns=721188983095425
08-31 10:20:20.052 I/AnebProbe(14372): ADAPTER_EVT type=content cls=androidx.drawerlayout.widget.DrawerLayout desc=null txt_len=0 pkg=com.larus.nova t_boot_ns=721189083535009
08-31 10:20:20.156 I/AnebProbe(14372): ADAPTER_EVT type=content cls=androidx.drawerlayout.widget.DrawerLayout desc=null txt_len=0 pkg=com.larus.nova t_boot_ns=721189187591779
08-31 10:20:20.270 I/AnebProbe(14372): ADAPTER_EVT type=content cls=androidx.drawerlayout.widget.DrawerLayout desc=null txt_len=0 pkg=com.larus.nova t_boot_ns=721189301612613
08-31 10:20:20.386 I/AnebProbe(14372): ADAPTER_EVT type=content cls=androidx.drawerlayout.widget.DrawerLayout desc=null txt_len=0 pkg=com.larus.nova t_boot_ns=721189416943863
08-31 10:20:20.503 I/AnebProbe(14372): ADAPTER_EVT type=content cls=androidx.drawerlayout.widget.DrawerLayout desc=null txt_len=0 pkg=com.larus.nova t_boot_ns=721189534183967
08-31 10:20:20.603 I/AnebProbe(14372): ADAPTER_EVT type=content cls=androidx.drawerlayout.widget.DrawerLayout desc=null txt_len=0 pkg=com.larus.nova t_boot_ns=721189634194904
08-31 10:20:20.731 I/AnebProbe(14372): ADAPTER_EVT type=content cls=androidx.drawerlayout.widget.DrawerLayout desc=null txt_len=0 pkg=com.larus.nova t_boot_ns=721189762137613
08-31 10:20:20.834 I/AnebProbe(14372): ADAPTER_EVT type=content cls=androidx.drawerlayout.widget.DrawerLayout desc=null txt_len=0 pkg=com.larus.nova t_boot_ns=721189865192300
08-31 10:20:20.947 I/AnebProbe(14372): ADAPTER_EVT type=content cls=androidx.drawerlayout.widget.DrawerLayout desc=null txt_len=0 pkg=com.larus.nova t_boot_ns=721189977119383
08-31 10:20:21.047 I/AnebProbe(14372): ADAPTER_EVT type=content cls=androidx.drawerlayout.widget.DrawerLayout desc=null txt_len=0 pkg=com.larus.nova t_boot_ns=721190077770425
08-31 10:20:21.148 I/AnebProbe(14372): ADAPTER_EVT type=content cls=androidx.drawerlayout.widget.DrawerLayout desc=null txt_len=0 pkg=com.larus.nova t_boot_ns=721190179414175
08-31 10:20:21.247 I/AnebProbe(14372): ADAPTER_EVT type=content cls=androidx.drawerlayout.widget.DrawerLayout desc=null txt_len=0 pkg=com.larus.nova t_boot_ns=721190278013654
08-31 10:20:21.349 I/AnebProbe(14372): ADAPTER_EVT type=content cls=androidx.drawerlayout.widget.DrawerLayout desc=null txt_len=0 pkg=com.larus.nova t_boot_ns=721190380050633
08-31 10:20:21.448 I/AnebProbe(14372): ADAPTER_EVT type=content cls=androidx.drawerlayout.widget.DrawerLayout desc=null txt_len=0 pkg=com.larus.nova t_boot_ns=721190479161050
08-31 10:20:21.558 I/AnebProbe(14372): ADAPTER_EVT type=content cls=androidx.drawerlayout.widget.DrawerLayout desc=null txt_len=0 pkg=com.larus.nova t_boot_ns=721190589579800
08-31 10:20:21.660 I/AnebProbe(14372): ADAPTER_EVT type=content cls=androidx.drawerlayout.widget.DrawerLayout desc=null txt_len=0 pkg=com.larus.nova t_boot_ns=721190691666779
08-31 10:20:21.760 I/AnebProbe(14372): ADAPTER_EVT type=content cls=androidx.drawerlayout.widget.DrawerLayout desc=null txt_len=0 pkg=com.larus.nova t_boot_ns=721190791126154
08-31 10:20:21.877 I/AnebProbe(14372): ADAPTER_EVT type=content cls=androidx.drawerlayout.widget.DrawerLayout desc=null txt_len=0 pkg=com.larus.nova t_boot_ns=721190908243342
08-31 10:20:21.979 I/AnebProbe(14372): ADAPTER_EVT type=content cls=androidx.drawerlayout.widget.DrawerLayout desc=null txt_len=0 pkg=com.larus.nova t_boot_ns=721191010555842
08-31 10:20:21.987 I/AnebProbe(14372): ADAPTER_OBS pkg=com.larus.nova mode=doubao events=558 rule_matched=20 first_delta_ms=0 cadence_p50_ms=99.2 session_span_ms=189560.8 confidence=LOW/INCONCLUSIVE reason=throttle ttft_send_ms=null anchor_source=null ttft_cluster_ms=4774.2 ttft_density_ms=11700.0
08-31 10:20:22.081 I/AnebProbe(14372): ADAPTER_EVT type=content cls=androidx.drawerlayout.widget.DrawerLayout desc=null txt_len=0 pkg=com.larus.nova t_boot_ns=721191109319383
08-31 10:20:22.191 I/AnebProbe(14372): ADAPTER_EVT type=content cls=androidx.drawerlayout.widget.DrawerLayout desc=null txt_len=0 pkg=com.larus.nova t_boot_ns=721191221673029
08-31 10:20:22.308 I/AnebProbe(14372): ADAPTER_EVT type=content cls=androidx.drawerlayout.widget.DrawerLayout desc=null txt_len=0 pkg=com.larus.nova t_boot_ns=721191339199071
08-31 10:20:22.427 I/AnebProbe(14372): ADAPTER_EVT type=content cls=androidx.drawerlayout.widget.DrawerLayout desc=null txt_len=0 pkg=com.larus.nova t_boot_ns=721191458197508
08-31 10:20:22.539 I/AnebProbe(14372): ADAPTER_EVT type=content cls=androidx.drawerlayout.widget.DrawerLayout desc=null txt_len=0 pkg=com.larus.nova t_boot_ns=721191570755841
08-31 10:20:22.640 I/AnebProbe(14372): ADAPTER_EVT type=content cls=androidx.drawerlayout.widget.DrawerLayout desc=null txt_len=0 pkg=com.larus.nova t_boot_ns=721191671082404
08-31 10:20:22.760 I/AnebProbe(14372): ADAPTER_EVT type=content cls=androidx.drawerlayout.widget.DrawerLayout desc=null txt_len=0 pkg=com.larus.nova t_boot_ns=721191791110008
08-31 10:20:22.873 I/AnebProbe(14372): ADAPTER_EVT type=content cls=androidx.drawerlayout.widget.DrawerLayout desc=null txt_len=0 pkg=com.larus.nova t_boot_ns=721191904153758
08-31 10:20:22.974 I/AnebProbe(14372): ADAPTER_EVT type=content cls=androidx.drawerlayout.widget.DrawerLayout desc=null txt_len=0 pkg=com.larus.nova t_boot_ns=721192005060529
08-31 10:20:23.086 I/AnebProbe(14372): ADAPTER_EVT type=content cls=androidx.drawerlayout.widget.DrawerLayout desc=null txt_len=0 pkg=com.larus.nova t_boot_ns=721192117695946
08-31 10:20:23.200 I/AnebProbe(14372): ADAPTER_EVT type=content cls=androidx.drawerlayout.widget.DrawerLayout desc=null txt_len=0 pkg=com.larus.nova t_boot_ns=721192231253237
08-31 10:20:23.306 I/AnebProbe(14372): ADAPTER_EVT type=content cls=androidx.drawerlayout.widget.DrawerLayout desc=null txt_len=0 pkg=com.larus.nova t_boot_ns=721192337330841
08-31 10:20:23.418 I/AnebProbe(14372): ADAPTER_EVT type=content cls=androidx.drawerlayout.widget.DrawerLayout desc=null txt_len=0 pkg=com.larus.nova t_boot_ns=721192449220425
08-31 10:20:23.520 I/AnebProbe(14372): ADAPTER_EVT type=content cls=androidx.drawerlayout.widget.DrawerLayout desc=null txt_len=0 pkg=com.larus.nova t_boot_ns=721192551057925
08-31 10:20:23.618 I/AnebProbe(14372): ADAPTER_EVT type=content cls=androidx.drawerlayout.widget.DrawerLayout desc=null txt_len=0 pkg=com.larus.nova t_boot_ns=721192649722508
08-31 10:20:23.719 I/AnebProbe(14372): ADAPTER_EVT type=content cls=androidx.drawerlayout.widget.DrawerLayout desc=null txt_len=0 pkg=com.larus.nova t_boot_ns=721192749916779
08-31 10:20:23.834 I/AnebProbe(14372): ADAPTER_EVT type=content cls=androidx.drawerlayout.widget.DrawerLayout desc=null txt_len=0 pkg=com.larus.nova t_boot_ns=721192864979800
08-31 10:20:23.950 I/AnebProbe(14372): ADAPTER_EVT type=content cls=androidx.drawerlayout.widget.DrawerLayout desc=null txt_len=0 pkg=com.larus.nova t_boot_ns=721192980933445
08-31 10:20:24.063 I/AnebProbe(14372): ADAPTER_EVT type=content cls=androidx.drawerlayout.widget.DrawerLayout desc=null txt_len=0 pkg=com.larus.nova t_boot_ns=721193094521466
08-31 10:20:24.166 I/AnebProbe(14372): ADAPTER_EVT type=content cls=androidx.drawerlayout.widget.DrawerLayout desc=null txt_len=0 pkg=com.larus.nova t_boot_ns=721193197399591
08-31 10:20:24.282 I/AnebProbe(14372): ADAPTER_EVT type=content cls=androidx.drawerlayout.widget.DrawerLayout desc=null txt_len=0 pkg=com.larus.nova t_boot_ns=721193312945945
08-31 10:20:24.394 I/AnebProbe(14372): ADAPTER_EVT type=content cls=androidx.drawerlayout.widget.DrawerLayout desc=null txt_len=0 pkg=com.larus.nova t_boot_ns=721193425826154
08-31 10:20:24.495 I/AnebProbe(14372): ADAPTER_EVT type=content cls=androidx.drawerlayout.widget.DrawerLayout desc=null txt_len=0 pkg=com.larus.nova t_boot_ns=721193526697508
08-31 10:20:24.598 I/AnebProbe(14372): ADAPTER_EVT type=content cls=androidx.drawerlayout.widget.DrawerLayout desc=null txt_len=0 pkg=com.larus.nova t_boot_ns=721193629436570
08-31 10:20:24.712 I/AnebProbe(14372): ADAPTER_EVT type=content cls=androidx.drawerlayout.widget.DrawerLayout desc=null txt_len=0 pkg=com.larus.nova t_boot_ns=721193743081362
08-31 10:20:24.814 I/AnebProbe(14372): ADAPTER_EVT type=content cls=androidx.drawerlayout.widget.DrawerLayout desc=null txt_len=0 pkg=com.larus.nova t_boot_ns=721193844353758
08-31 10:20:24.926 I/AnebProbe(14372): ADAPTER_EVT type=content cls=androidx.drawerlayout.widget.DrawerLayout desc=null txt_len=0 pkg=com.larus.nova t_boot_ns=721193957930841
08-31 10:20:25.026 I/AnebProbe(14372): ADAPTER_EVT type=content cls=androidx.drawerlayout.widget.DrawerLayout desc=null txt_len=0 pkg=com.larus.nova t_boot_ns=721194057799070
08-31 10:20:25.141 I/AnebProbe(14372): ADAPTER_EVT type=content cls=androidx.drawerlayout.widget.DrawerLayout desc=null txt_len=0 pkg=com.larus.nova t_boot_ns=721194172696466
08-31 10:20:25.257 I/AnebProbe(14372): ADAPTER_EVT type=content cls=androidx.drawerlayout.widget.DrawerLayout desc=null txt_len=0 pkg=com.larus.nova t_boot_ns=721194288054279
08-31 10:20:25.357 I/AnebProbe(14372): ADAPTER_EVT type=content cls=androidx.drawerlayout.widget.DrawerLayout desc=null txt_len=0 pkg=com.larus.nova t_boot_ns=721194388114174
08-31 10:20:25.456 I/AnebProbe(14372): ADAPTER_EVT type=content cls=androidx.drawerlayout.widget.DrawerLayout desc=null txt_len=0 pkg=com.larus.nova t_boot_ns=721194487470424
08-31 10:20:25.556 I/AnebProbe(14372): ADAPTER_EVT type=content cls=androidx.drawerlayout.widget.DrawerLayout desc=null txt_len=0 pkg=com.larus.nova t_boot_ns=721194587497508
08-31 10:20:25.658 I/AnebProbe(14372): ADAPTER_EVT type=content cls=androidx.drawerlayout.widget.DrawerLayout desc=null txt_len=0 pkg=com.larus.nova t_boot_ns=721194688936570
08-31 10:20:25.773 I/AnebProbe(14372): ADAPTER_EVT type=content cls=androidx.drawerlayout.widget.DrawerLayout desc=null txt_len=0 pkg=com.larus.nova t_boot_ns=721194804683445
08-31 10:20:25.888 I/AnebProbe(14372): ADAPTER_EVT type=content cls=androidx.drawerlayout.widget.DrawerLayout desc=null txt_len=0 pkg=com.larus.nova t_boot_ns=721194919211049
08-31 10:20:25.988 I/AnebProbe(14372): ADAPTER_EVT type=content cls=androidx.drawerlayout.widget.DrawerLayout desc=null txt_len=0 pkg=com.larus.nova t_boot_ns=721195019900112
08-31 10:20:26.090 I/AnebProbe(14372): ADAPTER_EVT type=content cls=androidx.drawerlayout.widget.DrawerLayout desc=null txt_len=0 pkg=com.larus.nova t_boot_ns=721195121317299
08-31 10:20:26.202 I/AnebProbe(14372): ADAPTER_EVT type=content cls=androidx.drawerlayout.widget.DrawerLayout desc=null txt_len=0 pkg=com.larus.nova t_boot_ns=721195233767820
08-31 10:20:26.304 I/AnebProbe(14372): ADAPTER_EVT type=content cls=androidx.drawerlayout.widget.DrawerLayout desc=null txt_len=0 pkg=com.larus.nova t_boot_ns=721195334886570
08-31 10:20:26.421 I/AnebProbe(14372): ADAPTER_EVT type=content cls=androidx.drawerlayout.widget.DrawerLayout desc=null txt_len=0 pkg=com.larus.nova t_boot_ns=721195452517820
08-31 10:20:26.521 I/AnebProbe(14372): ADAPTER_EVT type=content cls=androidx.drawerlayout.widget.DrawerLayout desc=null txt_len=0 pkg=com.larus.nova t_boot_ns=721195552478758
08-31 10:20:26.627 I/AnebProbe(14372): ADAPTER_EVT type=content cls=androidx.drawerlayout.widget.DrawerLayout desc=null txt_len=0 pkg=com.larus.nova t_boot_ns=721195657439174
08-31 10:20:26.732 I/AnebProbe(14372): ADAPTER_EVT type=content cls=androidx.drawerlayout.widget.DrawerLayout desc=null txt_len=0 pkg=com.larus.nova t_boot_ns=721195763886049
08-31 10:20:26.835 I/AnebProbe(14372): ADAPTER_EVT type=content cls=androidx.drawerlayout.widget.DrawerLayout desc=null txt_len=0 pkg=com.larus.nova t_boot_ns=721195866452716
08-31 10:20:26.951 I/AnebProbe(14372): ADAPTER_EVT type=content cls=androidx.drawerlayout.widget.DrawerLayout desc=null txt_len=0 pkg=com.larus.nova t_boot_ns=721195982562612
08-31 10:20:27.051 I/AnebProbe(14372): ADAPTER_EVT type=content cls=androidx.drawerlayout.widget.DrawerLayout desc=null txt_len=0 pkg=com.larus.nova t_boot_ns=721196082115216
08-31 10:20:27.055 I/AnebProbe(14372): ADAPTER_OBS pkg=com.larus.nova mode=doubao events=605 rule_matched=20 first_delta_ms=0 cadence_p50_ms=100.7 session_span_ms=194632.3 confidence=LOW/INCONCLUSIVE reason=throttle ttft_send_ms=null anchor_source=null ttft_cluster_ms=4774.2 ttft_density_ms=11700.0
08-31 10:20:27.165 I/AnebProbe(14372): ADAPTER_EVT type=content cls=androidx.drawerlayout.widget.DrawerLayout desc=null txt_len=0 pkg=com.larus.nova t_boot_ns=721196195855841
08-31 10:20:27.281 I/AnebProbe(14372): ADAPTER_EVT type=content cls=androidx.drawerlayout.widget.DrawerLayout desc=null txt_len=0 pkg=com.larus.nova t_boot_ns=721196312727195
08-31 10:20:27.381 I/AnebProbe(14372): ADAPTER_EVT type=content cls=androidx.drawerlayout.widget.DrawerLayout desc=null txt_len=0 pkg=com.larus.nova t_boot_ns=721196412319382
08-31 10:20:27.482 I/AnebProbe(14372): ADAPTER_EVT type=content cls=androidx.drawerlayout.widget.DrawerLayout desc=null txt_len=0 pkg=com.larus.nova t_boot_ns=721196512940737
08-31 10:20:27.597 I/AnebProbe(14372): ADAPTER_EVT type=content cls=androidx.drawerlayout.widget.DrawerLayout desc=null txt_len=0 pkg=com.larus.nova t_boot_ns=721196628176674
08-31 10:20:27.717 I/AnebProbe(14372): ADAPTER_EVT type=content cls=androidx.drawerlayout.widget.DrawerLayout desc=null txt_len=0 pkg=com.larus.nova t_boot_ns=721196748345424
08-31 10:20:27.826 I/AnebProbe(14372): ADAPTER_EVT type=content cls=androidx.drawerlayout.widget.DrawerLayout desc=null txt_len=0 pkg=com.larus.nova t_boot_ns=721196857446987
08-31 10:20:27.927 I/AnebProbe(14372): ADAPTER_EVT type=content cls=androidx.drawerlayout.widget.DrawerLayout desc=null txt_len=0 pkg=com.larus.nova t_boot_ns=721196958512091
08-31 10:20:28.026 I/AnebProbe(14372): ADAPTER_EVT type=content cls=androidx.drawerlayout.widget.DrawerLayout desc=null txt_len=0 pkg=com.larus.nova t_boot_ns=721197057008966
08-31 10:20:28.131 I/AnebProbe(14372): ADAPTER_EVT type=content cls=androidx.drawerlayout.widget.DrawerLayout desc=null txt_len=0 pkg=com.larus.nova t_boot_ns=721197162898549
08-31 10:20:28.229 I/AnebProbe(14372): ADAPTER_EVT type=content cls=androidx.drawerlayout.widget.DrawerLayout desc=null txt_len=0 pkg=com.larus.nova t_boot_ns=721197260257924
08-31 10:20:28.343 I/AnebProbe(14372): ADAPTER_EVT type=content cls=androidx.drawerlayout.widget.DrawerLayout desc=null txt_len=0 pkg=com.larus.nova t_boot_ns=721197374066257
08-31 10:20:28.455 I/AnebProbe(14372): ADAPTER_EVT type=content cls=androidx.drawerlayout.widget.DrawerLayout desc=null txt_len=0 pkg=com.larus.nova t_boot_ns=721197486370424
08-31 10:20:28.556 I/AnebProbe(14372): ADAPTER_EVT type=content cls=androidx.drawerlayout.widget.DrawerLayout desc=null txt_len=0 pkg=com.larus.nova t_boot_ns=721197587806361
08-31 10:20:28.673 I/AnebProbe(14372): ADAPTER_EVT type=content cls=androidx.drawerlayout.widget.DrawerLayout desc=null txt_len=0 pkg=com.larus.nova t_boot_ns=721197703914174
08-31 10:20:28.772 I/AnebProbe(14372): ADAPTER_EVT type=content cls=androidx.drawerlayout.widget.DrawerLayout desc=null txt_len=0 pkg=com.larus.nova t_boot_ns=721197803003236
08-31 10:20:28.874 I/AnebProbe(14372): ADAPTER_EVT type=content cls=androidx.drawerlayout.widget.DrawerLayout desc=null txt_len=0 pkg=com.larus.nova t_boot_ns=721197904821986
08-31 10:20:28.974 I/AnebProbe(14372): ADAPTER_EVT type=content cls=androidx.drawerlayout.widget.DrawerLayout desc=null txt_len=0 pkg=com.larus.nova t_boot_ns=721198005644382
08-31 10:20:29.088 I/AnebProbe(14372): ADAPTER_EVT type=content cls=androidx.drawerlayout.widget.DrawerLayout desc=null txt_len=0 pkg=com.larus.nova t_boot_ns=721198119440736
08-31 10:20:29.204 I/AnebProbe(14372): ADAPTER_EVT type=content cls=androidx.drawerlayout.widget.DrawerLayout desc=null txt_len=0 pkg=com.larus.nova t_boot_ns=721198235263132
08-31 10:20:29.320 I/AnebProbe(14372): ADAPTER_EVT type=content cls=androidx.drawerlayout.widget.DrawerLayout desc=null txt_len=0 pkg=com.larus.nova t_boot_ns=721198351452715
08-31 10:20:29.426 I/AnebProbe(14372): ADAPTER_EVT type=content cls=androidx.drawerlayout.widget.DrawerLayout desc=null txt_len=0 pkg=com.larus.nova t_boot_ns=721198457106361
08-31 10:20:29.534 I/AnebProbe(14372): ADAPTER_EVT type=content cls=androidx.drawerlayout.widget.DrawerLayout desc=null txt_len=0 pkg=com.larus.nova t_boot_ns=721198565947507
08-31 10:20:29.635 I/AnebProbe(14372): ADAPTER_EVT type=content cls=androidx.drawerlayout.widget.DrawerLayout desc=null txt_len=0 pkg=com.larus.nova t_boot_ns=721198665970424
08-31 10:20:29.736 I/AnebProbe(14372): ADAPTER_EVT type=content cls=androidx.drawerlayout.widget.DrawerLayout desc=null txt_len=0 pkg=com.larus.nova t_boot_ns=721198767815736
08-31 10:20:29.849 I/AnebProbe(14372): ADAPTER_EVT type=content cls=androidx.drawerlayout.widget.DrawerLayout desc=null txt_len=0 pkg=com.larus.nova t_boot_ns=721198880733445
08-31 10:20:29.950 I/AnebProbe(14372): ADAPTER_EVT type=content cls=androidx.drawerlayout.widget.DrawerLayout desc=null txt_len=0 pkg=com.larus.nova t_boot_ns=721198981381882
08-31 10:20:30.066 I/AnebProbe(14372): ADAPTER_EVT type=content cls=androidx.drawerlayout.widget.DrawerLayout desc=null txt_len=0 pkg=com.larus.nova t_boot_ns=721199097675632
08-31 10:20:30.178 I/AnebProbe(14372): ADAPTER_EVT type=content cls=androidx.drawerlayout.widget.DrawerLayout desc=null txt_len=0 pkg=com.larus.nova t_boot_ns=721199209630840
08-31 10:20:30.283 I/AnebProbe(14372): ADAPTER_EVT type=content cls=androidx.drawerlayout.widget.DrawerLayout desc=null txt_len=0 pkg=com.larus.nova t_boot_ns=721199314241778
08-31 10:20:30.398 I/AnebProbe(14372): ADAPTER_EVT type=content cls=androidx.drawerlayout.widget.DrawerLayout desc=null txt_len=0 pkg=com.larus.nova t_boot_ns=721199429546986
08-31 10:20:30.499 I/AnebProbe(14372): ADAPTER_EVT type=content cls=androidx.drawerlayout.widget.DrawerLayout desc=null txt_len=0 pkg=com.larus.nova t_boot_ns=721199529974069
08-31 10:20:30.615 I/AnebProbe(14372): ADAPTER_EVT type=content cls=androidx.drawerlayout.widget.DrawerLayout desc=null txt_len=0 pkg=com.larus.nova t_boot_ns=721199645736569
08-31 10:20:30.725 I/AnebProbe(14372): ADAPTER_EVT type=content cls=androidx.drawerlayout.widget.DrawerLayout desc=null txt_len=0 pkg=com.larus.nova t_boot_ns=721199756849069
08-31 10:20:30.831 I/AnebProbe(14372): ADAPTER_EVT type=content cls=androidx.drawerlayout.widget.DrawerLayout desc=null txt_len=0 pkg=com.larus.nova t_boot_ns=721199861879799
08-31 10:20:30.944 I/AnebProbe(14372): ADAPTER_EVT type=content cls=androidx.drawerlayout.widget.DrawerLayout desc=null txt_len=0 pkg=com.larus.nova t_boot_ns=721199975521986
08-31 10:20:31.045 I/AnebProbe(14372): ADAPTER_EVT type=content cls=androidx.drawerlayout.widget.DrawerLayout desc=null txt_len=0 pkg=com.larus.nova t_boot_ns=721200076068340
08-31 10:20:31.146 I/AnebProbe(14372): ADAPTER_EVT type=content cls=androidx.drawerlayout.widget.DrawerLayout desc=null txt_len=0 pkg=com.larus.nova t_boot_ns=721200177544382
08-31 10:20:31.259 I/AnebProbe(14372): ADAPTER_EVT type=content cls=androidx.drawerlayout.widget.DrawerLayout desc=null txt_len=0 pkg=com.larus.nova t_boot_ns=721200290744382
08-31 10:20:31.377 I/AnebProbe(14372): ADAPTER_EVT type=content cls=androidx.drawerlayout.widget.DrawerLayout desc=null txt_len=0 pkg=com.larus.nova t_boot_ns=721200408160528
08-31 10:20:31.488 I/AnebProbe(14372): ADAPTER_EVT type=content cls=androidx.drawerlayout.widget.DrawerLayout desc=null txt_len=0 pkg=com.larus.nova t_boot_ns=721200519261048
08-31 10:20:31.590 I/AnebProbe(14372): ADAPTER_EVT type=content cls=androidx.drawerlayout.widget.DrawerLayout desc=null txt_len=0 pkg=com.larus.nova t_boot_ns=721200621548548
08-31 10:20:31.693 I/AnebProbe(14372): ADAPTER_EVT type=content cls=androidx.drawerlayout.widget.DrawerLayout desc=null txt_len=0 pkg=com.larus.nova t_boot_ns=721200723992819
08-31 10:20:31.792 I/AnebProbe(14372): ADAPTER_EVT type=content cls=androidx.drawerlayout.widget.DrawerLayout desc=null txt_len=0 pkg=com.larus.nova t_boot_ns=721200823853236
08-31 10:20:31.903 I/AnebProbe(14372): ADAPTER_EVT type=content cls=androidx.drawerlayout.widget.DrawerLayout desc=null txt_len=0 pkg=com.larus.nova t_boot_ns=721200934211048
08-31 10:20:32.004 I/AnebProbe(14372): ADAPTER_EVT type=content cls=androidx.drawerlayout.widget.DrawerLayout desc=null txt_len=0 pkg=com.larus.nova t_boot_ns=721201035188132
08-31 10:20:32.104 I/AnebProbe(14372): ADAPTER_EVT type=content cls=androidx.drawerlayout.widget.DrawerLayout desc=null txt_len=0 pkg=com.larus.nova t_boot_ns=721201135850632
08-31 10:20:32.112 I/AnebProbe(14372): ADAPTER_OBS pkg=com.larus.nova mode=doubao events=652 rule_matched=20 first_delta_ms=0 cadence_p50_ms=102.1 session_span_ms=199686.1 confidence=LOW/INCONCLUSIVE reason=throttle ttft_send_ms=null anchor_source=null ttft_cluster_ms=4774.2 ttft_density_ms=11700.0
08-31 10:20:32.204 I/AnebProbe(14372): ADAPTER_EVT type=content cls=androidx.drawerlayout.widget.DrawerLayout desc=null txt_len=0 pkg=com.larus.nova t_boot_ns=721201235629798
08-31 10:20:32.305 I/AnebProbe(14372): ADAPTER_EVT type=content cls=androidx.drawerlayout.widget.DrawerLayout desc=null txt_len=0 pkg=com.larus.nova t_boot_ns=721201336206361
08-31 10:20:32.422 I/AnebProbe(14372): ADAPTER_EVT type=content cls=androidx.drawerlayout.widget.DrawerLayout desc=null txt_len=0 pkg=com.larus.nova t_boot_ns=721201452819382
08-31 10:20:32.536 I/AnebProbe(14372): ADAPTER_EVT type=content cls=androidx.drawerlayout.widget.DrawerLayout desc=null txt_len=0 pkg=com.larus.nova t_boot_ns=721201567425111
08-31 10:20:32.635 I/AnebProbe(14372): ADAPTER_EVT type=content cls=androidx.drawerlayout.widget.DrawerLayout desc=null txt_len=0 pkg=com.larus.nova t_boot_ns=721201666677194
08-31 10:20:32.750 I/AnebProbe(14372): ADAPTER_EVT type=content cls=androidx.drawerlayout.widget.DrawerLayout desc=null txt_len=0 pkg=com.larus.nova t_boot_ns=721201781616777
08-31 10:20:32.882 I/AnebProbe(14372): ADAPTER_EVT type=content cls=androidx.drawerlayout.widget.DrawerLayout desc=null txt_len=0 pkg=com.larus.nova t_boot_ns=721201913621465
08-31 10:20:32.993 I/AnebProbe(14372): ADAPTER_EVT type=content cls=androidx.recyclerview.widget.RecyclerView desc=null txt_len=0 pkg=com.larus.nova t_boot_ns=721202024374069
08-31 10:20:33.117 I/AnebProbe(14372): ADAPTER_EVT type=content cls=androidx.drawerlayout.widget.DrawerLayout desc=null txt_len=0 pkg=com.larus.nova t_boot_ns=721202148900111
08-31 10:20:33.232 I/AnebProbe(14372): ADAPTER_EVT type=content cls=androidx.recyclerview.widget.RecyclerView desc=null txt_len=0 pkg=com.larus.nova t_boot_ns=721202263127715
08-31 10:20:33.343 I/AnebProbe(14372): ADAPTER_EVT type=content cls=androidx.recyclerview.widget.RecyclerView desc=null txt_len=0 pkg=com.larus.nova t_boot_ns=721202374488652
08-31 10:20:33.443 I/AnebProbe(14372): ADAPTER_EVT type=content cls=androidx.recyclerview.widget.RecyclerView desc=null txt_len=0 pkg=com.larus.nova t_boot_ns=721202474778236
08-31 10:20:33.561 I/AnebProbe(14372): ADAPTER_EVT type=content cls=androidx.drawerlayout.widget.DrawerLayout desc=null txt_len=0 pkg=com.larus.nova t_boot_ns=721202592733444
08-31 10:20:33.662 I/AnebProbe(14372): ADAPTER_EVT type=content cls=androidx.recyclerview.widget.RecyclerView desc=null txt_len=0 pkg=com.larus.nova t_boot_ns=721202693041256
08-31 10:20:33.777 I/AnebProbe(14372): ADAPTER_EVT type=content cls=androidx.recyclerview.widget.RecyclerView desc=null txt_len=0 pkg=com.larus.nova t_boot_ns=721202807921986
08-31 10:20:33.875 I/AnebProbe(14372): ADAPTER_EVT type=content cls=androidx.recyclerview.widget.RecyclerView desc=null txt_len=0 pkg=com.larus.nova t_boot_ns=721202906765736
08-31 10:20:33.985 I/AnebProbe(14372): ADAPTER_EVT type=content cls=androidx.recyclerview.widget.RecyclerView desc=null txt_len=0 pkg=com.larus.nova t_boot_ns=721203016107923
08-31 10:20:34.092 I/AnebProbe(14372): ADAPTER_EVT type=content cls=androidx.recyclerview.widget.RecyclerView desc=null txt_len=0 pkg=com.larus.nova t_boot_ns=721203123613652
08-31 10:20:34.199 I/AnebProbe(14372): ADAPTER_EVT type=content cls=androidx.recyclerview.widget.RecyclerView desc=null txt_len=0 pkg=com.larus.nova t_boot_ns=721203229821986
08-31 10:20:34.357 I/AnebProbe(14372): ADAPTER_EVT type=content cls=androidx.recyclerview.widget.RecyclerView desc=null txt_len=0 pkg=com.larus.nova t_boot_ns=721203387492819
08-31 10:20:34.466 I/AnebProbe(14372): ADAPTER_EVT type=content cls=androidx.recyclerview.widget.RecyclerView desc=null txt_len=0 pkg=com.larus.nova t_boot_ns=721203497699069
08-31 10:20:34.567 I/AnebProbe(14372): ADAPTER_EVT type=content cls=androidx.recyclerview.widget.RecyclerView desc=null txt_len=0 pkg=com.larus.nova t_boot_ns=721203598035006
08-31 10:20:34.906 I/AnebProbe(14372): ADAPTER_EVT type=content cls=androidx.recyclerview.widget.RecyclerView desc=null txt_len=0 pkg=com.larus.nova t_boot_ns=721203937810527
08-31 10:20:34.986 I/AnebProbe(14372): ADAPTER_EVT type=content cls=androidx.recyclerview.widget.RecyclerView desc=null txt_len=0 pkg=com.larus.nova t_boot_ns=721204017694381
08-31 10:20:35.268 I/AnebProbe(14372): ADAPTER_EVT type=content cls=androidx.recyclerview.widget.RecyclerView desc=null txt_len=0 pkg=com.larus.nova t_boot_ns=721204298960006
08-31 10:20:35.328 I/AnebProbe(14372): ADAPTER_EVT type=content cls=androidx.recyclerview.widget.RecyclerView desc=null txt_len=0 pkg=com.larus.nova t_boot_ns=721204359484485
08-31 10:21:20.614 I/AnebE4MARK(27724): E4MARK kind=answer_complete n=2
08-31 10:21:40.895 I/AnebProbe(14372): ADAPTER_EVT type=click cls=android.widget.ImageView desc=返回 txt_len=2 pkg=com.larus.nova t_boot_ns=721269926656350
08-31 10:21:40.900 I/AnebProbe(14372): ADAPTER_OBS pkg=com.larus.nova mode=doubao events=678 rule_matched=37 first_delta_ms=0 cadence_p50_ms=104.6 session_span_ms=202909.7 confidence=LOW/INCONCLUSIVE reason=throttle ttft_send_ms=null anchor_source=null ttft_cluster_ms=4774.2 ttft_density_ms=11700.0
08-31 10:21:41.010 I/AnebProbe(14372): ADAPTER_EVT type=content cls=androidx.drawerlayout.widget.DrawerLayout desc=null txt_len=0 pkg=com.larus.nova t_boot_ns=721270041580309
08-31 10:21:41.127 I/AnebProbe(14372): ADAPTER_EVT type=content cls=androidx.drawerlayout.widget.DrawerLayout desc=null txt_len=0 pkg=com.larus.nova t_boot_ns=721270158382913
08-31 10:21:41.243 I/AnebProbe(14372): ADAPTER_EVT type=content cls=androidx.drawerlayout.widget.DrawerLayout desc=null txt_len=0 pkg=com.larus.nova t_boot_ns=721270274153746
08-31 10:21:41.334 I/AnebProbe(14372): ADAPTER_EVT type=content cls=androidx.drawerlayout.widget.DrawerLayout desc=null txt_len=0 pkg=com.larus.nova t_boot_ns=721270365993850
08-31 10:21:43.089 I/AnebProbe(14372): ADAPTER_EVT type=click cls=android.widget.ImageView desc=创建新对话 txt_len=5 pkg=com.larus.nova t_boot_ns=721272120467808
08-31 10:21:43.098 I/AnebProbe(14372): ADAPTER_EVT type=content cls=android.widget.FrameLayout desc=null txt_len=0 pkg=com.larus.nova t_boot_ns=721272129073017
08-31 10:21:43.344 I/AnebProbe(14372): ADAPTER_EVT type=content cls=androidx.drawerlayout.widget.DrawerLayout desc=null txt_len=0 pkg=com.larus.nova t_boot_ns=721272375700621
08-31 10:21:43.505 I/AnebProbe(14372): ADAPTER_EVT type=content cls=androidx.drawerlayout.widget.DrawerLayout desc=null txt_len=0 pkg=com.larus.nova t_boot_ns=721272536339162
08-31 10:21:43.530 I/AnebProbe(14372): ADAPTER_EVT type=content cls=androidx.drawerlayout.widget.DrawerLayout desc=null txt_len=0 pkg=com.larus.nova t_boot_ns=721272561958433
08-31 10:21:43.565 I/AnebProbe(14372): ADAPTER_EVT type=content cls=android.view.ViewGroup desc=null txt_len=0 pkg=com.larus.nova t_boot_ns=721272596643329
08-31 10:21:43.663 I/AnebProbe(14372): ADAPTER_EVT type=content cls=android.view.ViewGroup desc=null txt_len=0 pkg=com.larus.nova t_boot_ns=721272694001142
08-31 10:21:43.763 I/AnebProbe(14372): ADAPTER_EVT type=content cls=android.view.ViewGroup desc=null txt_len=0 pkg=com.larus.nova t_boot_ns=721272794273017
08-31 10:21:43.867 I/AnebProbe(14372): ADAPTER_EVT type=content cls=androidx.drawerlayout.widget.DrawerLayout desc=null txt_len=0 pkg=com.larus.nova t_boot_ns=721272898017808
08-31 10:21:43.965 I/AnebProbe(14372): ADAPTER_EVT type=content cls=androidx.drawerlayout.widget.DrawerLayout desc=null txt_len=0 pkg=com.larus.nova t_boot_ns=721272995978746
08-31 10:21:44.081 I/AnebProbe(14372): ADAPTER_EVT type=content cls=androidx.recyclerview.widget.RecyclerView desc=null txt_len=0 pkg=com.larus.nova t_boot_ns=721273112714162
08-31 10:21:44.176 I/AnebProbe(14372): ADAPTER_EVT type=content cls=android.view.ViewGroup desc=null txt_len=0 pkg=com.larus.nova t_boot_ns=721273206879787
08-31 10:21:44.278 I/AnebProbe(14372): ADAPTER_EVT type=content cls=android.view.ViewGroup desc=null txt_len=0 pkg=com.larus.nova t_boot_ns=721273308825621
08-31 10:21:44.377 I/AnebProbe(14372): ADAPTER_EVT type=content cls=android.view.ViewGroup desc=null txt_len=0 pkg=com.larus.nova t_boot_ns=721273408171975
08-31 10:21:44.495 I/AnebProbe(14372): ADAPTER_EVT type=content cls=android.view.ViewGroup desc=null txt_len=0 pkg=com.larus.nova t_boot_ns=721273526727704
08-31 10:21:44.596 I/AnebProbe(14372): ADAPTER_EVT type=content cls=android.view.ViewGroup desc=null txt_len=0 pkg=com.larus.nova t_boot_ns=721273627293329
08-31 10:21:44.720 I/AnebProbe(14372): ADAPTER_EVT type=content cls=android.view.ViewGroup desc=null txt_len=0 pkg=com.larus.nova t_boot_ns=721273751029266
08-31 10:21:44.828 I/AnebProbe(14372): ADAPTER_EVT type=content cls=android.view.ViewGroup desc=null txt_len=0 pkg=com.larus.nova t_boot_ns=721273859576141
08-31 10:21:44.934 I/AnebProbe(14372): ADAPTER_EVT type=content cls=android.view.ViewGroup desc=null txt_len=0 pkg=com.larus.nova t_boot_ns=721273964803746
08-31 10:21:45.038 I/AnebProbe(14372): ADAPTER_EVT type=content cls=android.view.ViewGroup desc=null txt_len=0 pkg=com.larus.nova t_boot_ns=721274069212600
08-31 10:21:45.139 I/AnebProbe(14372): ADAPTER_EVT type=content cls=androidx.drawerlayout.widget.DrawerLayout desc=null txt_len=0 pkg=com.larus.nova t_boot_ns=721274170784475
08-31 10:21:45.249 I/AnebProbe(14372): ADAPTER_EVT type=content cls=android.view.ViewGroup desc=null txt_len=0 pkg=com.larus.nova t_boot_ns=721274280264162
08-31 10:21:45.355 I/AnebProbe(14372): ADAPTER_EVT type=content cls=android.view.ViewGroup desc=null txt_len=0 pkg=com.larus.nova t_boot_ns=721274386161558
08-31 10:21:45.455 I/AnebProbe(14372): ADAPTER_EVT type=content cls=android.view.ViewGroup desc=null txt_len=0 pkg=com.larus.nova t_boot_ns=721274486713121
08-31 10:21:45.955 I/AnebProbe(14372): ADAPTER_EVT type=content cls=android.view.ViewGroup desc=新对话，打开设置页 txt_len=0 pkg=com.larus.nova t_boot_ns=721274986609995
08-31 10:21:45.956 I/AnebProbe(14372): ADAPTER_OBS pkg=com.larus.nova mode=doubao events=706 rule_matched=38 first_delta_ms=0 cadence_p50_ms=104.6 session_span_ms=273536.8 confidence=LOW/INCONCLUSIVE reason=throttle ttft_send_ms=null anchor_source=null ttft_cluster_ms=4774.2 ttft_density_ms=11700.0
08-31 10:21:46.061 I/AnebProbe(14372): ADAPTER_EVT type=content cls=android.view.ViewGroup desc=null txt_len=0 pkg=com.larus.nova t_boot_ns=721275092632912
08-31 10:21:46.175 I/AnebProbe(14372): ADAPTER_EVT type=content cls=android.view.ViewGroup desc=null txt_len=0 pkg=com.larus.nova t_boot_ns=721275206751662
08-31 10:21:46.291 I/AnebProbe(14372): ADAPTER_EVT type=content cls=android.view.ViewGroup desc=null txt_len=0 pkg=com.larus.nova t_boot_ns=721275322654787
08-31 10:21:46.407 I/AnebProbe(14372): ADAPTER_EVT type=content cls=android.view.ViewGroup desc=null txt_len=0 pkg=com.larus.nova t_boot_ns=721275438568850
08-31 10:21:46.518 I/AnebProbe(14372): ADAPTER_EVT type=content cls=android.view.ViewGroup desc=null txt_len=0 pkg=com.larus.nova t_boot_ns=721275549916245
08-31 10:21:46.619 I/AnebProbe(14372): ADAPTER_EVT type=content cls=android.view.ViewGroup desc=null txt_len=0 pkg=com.larus.nova t_boot_ns=721275650449058
08-31 10:21:46.719 I/AnebProbe(14372): ADAPTER_EVT type=content cls=android.view.ViewGroup desc=null txt_len=0 pkg=com.larus.nova t_boot_ns=721275750146974
08-31 10:21:46.820 I/AnebProbe(14372): ADAPTER_EVT type=content cls=android.view.ViewGroup desc=null txt_len=0 pkg=com.larus.nova t_boot_ns=721275851178224
08-31 10:21:46.935 I/AnebProbe(14372): ADAPTER_EVT type=content cls=android.view.ViewGroup desc=null txt_len=0 pkg=com.larus.nova t_boot_ns=721275966540724
08-31 10:21:47.039 I/AnebProbe(14372): ADAPTER_EVT type=content cls=android.view.ViewGroup desc=null txt_len=0 pkg=com.larus.nova t_boot_ns=721276070240204
08-31 10:21:47.156 I/AnebProbe(14372): ADAPTER_EVT type=content cls=android.view.ViewGroup desc=null txt_len=0 pkg=com.larus.nova t_boot_ns=721276187195412
08-31 10:21:47.256 I/AnebProbe(14372): ADAPTER_EVT type=content cls=android.view.ViewGroup desc=null txt_len=0 pkg=com.larus.nova t_boot_ns=721276287199579
08-31 10:21:47.319 I/AnebProbe(14372): ADAPTER_EVT type=content cls=android.view.ViewGroup desc=null txt_len=0 pkg=com.larus.nova t_boot_ns=721276350084474
08-31 10:21:47.319 I/AnebProbe(14372): ADAPTER_EVT type=content cls=android.widget.EditText desc=null txt_len=1 pkg=com.larus.nova t_boot_ns=721276350532912
08-31 10:21:47.328 I/AnebProbe(14372): ADAPTER_EVT type=content cls=android.view.ViewGroup desc=null txt_len=0 pkg=com.larus.nova t_boot_ns=721276359934474
08-31 10:21:47.402 I/AnebProbe(14372): ADAPTER_EVT type=content cls=android.view.ViewGroup desc=null txt_len=0 pkg=com.larus.nova t_boot_ns=721276433679266
08-31 10:21:47.403 I/AnebProbe(14372): ADAPTER_EVT type=content cls=android.widget.EditText desc=null txt_len=2 pkg=com.larus.nova t_boot_ns=721276434121974
08-31 10:21:47.420 I/AnebProbe(14372): ADAPTER_EVT type=content cls=android.view.ViewGroup desc=null txt_len=0 pkg=com.larus.nova t_boot_ns=721276451104266
08-31 10:21:47.420 I/AnebProbe(14372): ADAPTER_EVT type=content cls=android.widget.EditText desc=null txt_len=3 pkg=com.larus.nova t_boot_ns=721276451374579
08-31 10:21:47.437 I/AnebProbe(14372): ADAPTER_EVT type=content cls=android.view.ViewGroup desc=null txt_len=0 pkg=com.larus.nova t_boot_ns=721276468444370
08-31 10:21:47.437 I/AnebProbe(14372): ADAPTER_EVT type=content cls=android.widget.EditText desc=null txt_len=4 pkg=com.larus.nova t_boot_ns=721276468716766
08-31 10:21:47.454 I/AnebProbe(14372): ADAPTER_EVT type=content cls=android.view.ViewGroup desc=null txt_len=0 pkg=com.larus.nova t_boot_ns=721276485476662
08-31 10:21:47.454 I/AnebProbe(14372): ADAPTER_EVT type=content cls=android.widget.EditText desc=null txt_len=5 pkg=com.larus.nova t_boot_ns=721276485750099
08-31 10:21:47.471 I/AnebProbe(14372): ADAPTER_EVT type=content cls=android.view.ViewGroup desc=null txt_len=0 pkg=com.larus.nova t_boot_ns=721276502140724
08-31 10:21:47.471 I/AnebProbe(14372): ADAPTER_EVT type=content cls=android.widget.EditText desc=null txt_len=6 pkg=com.larus.nova t_boot_ns=721276502427704
08-31 10:21:47.488 I/AnebProbe(14372): ADAPTER_EVT type=content cls=android.view.ViewGroup desc=null txt_len=0 pkg=com.larus.nova t_boot_ns=721276519742287
08-31 10:21:47.489 I/AnebProbe(14372): ADAPTER_EVT type=content cls=android.widget.EditText desc=null txt_len=7 pkg=com.larus.nova t_boot_ns=721276520705829
08-31 10:21:47.507 I/AnebProbe(14372): ADAPTER_EVT type=content cls=android.view.ViewGroup desc=null txt_len=0 pkg=com.larus.nova t_boot_ns=721276538430829
08-31 10:21:47.507 I/AnebProbe(14372): ADAPTER_EVT type=content cls=android.widget.EditText desc=null txt_len=8 pkg=com.larus.nova t_boot_ns=721276538747495
08-31 10:21:47.528 I/AnebProbe(14372): ADAPTER_EVT type=content cls=android.view.ViewGroup desc=null txt_len=0 pkg=com.larus.nova t_boot_ns=721276560026141
08-31 10:21:47.529 I/AnebProbe(14372): ADAPTER_EVT type=content cls=android.widget.EditText desc=null txt_len=9 pkg=com.larus.nova t_boot_ns=721276560364683
08-31 10:21:47.538 I/AnebProbe(14372): ADAPTER_EVT type=content cls=android.widget.EditText desc=null txt_len=10 pkg=com.larus.nova t_boot_ns=721276569637079
08-31 10:21:47.556 I/AnebProbe(14372): ADAPTER_EVT type=content cls=android.view.ViewGroup desc=null txt_len=0 pkg=com.larus.nova t_boot_ns=721276587327704
08-31 10:21:47.556 I/AnebProbe(14372): ADAPTER_EVT type=content cls=android.widget.EditText desc=null txt_len=11 pkg=com.larus.nova t_boot_ns=721276587709995
08-31 10:21:47.579 I/AnebProbe(14372): ADAPTER_EVT type=content cls=android.view.ViewGroup desc=null txt_len=0 pkg=com.larus.nova t_boot_ns=721276610306349
08-31 10:21:47.579 I/AnebProbe(14372): ADAPTER_EVT type=content cls=android.widget.EditText desc=null txt_len=12 pkg=com.larus.nova t_boot_ns=721276610672495
08-31 10:21:47.603 I/AnebProbe(14372): ADAPTER_EVT type=content cls=android.view.ViewGroup desc=null txt_len=0 pkg=com.larus.nova t_boot_ns=721276634380829
08-31 10:21:47.603 I/AnebProbe(14372): ADAPTER_EVT type=content cls=android.widget.EditText desc=null txt_len=13 pkg=com.larus.nova t_boot_ns=721276634991766
08-31 10:21:47.622 I/AnebProbe(14372): ADAPTER_EVT type=content cls=android.view.ViewGroup desc=null txt_len=0 pkg=com.larus.nova t_boot_ns=721276653600099
08-31 10:21:47.622 I/AnebProbe(14372): ADAPTER_EVT type=content cls=android.widget.EditText desc=null txt_len=14 pkg=com.larus.nova t_boot_ns=721276653917287
08-31 10:21:47.645 I/AnebProbe(14372): ADAPTER_EVT type=content cls=android.view.ViewGroup desc=null txt_len=0 pkg=com.larus.nova t_boot_ns=721276676389683
08-31 10:21:47.645 I/AnebProbe(14372): ADAPTER_EVT type=content cls=android.widget.EditText desc=null txt_len=15 pkg=com.larus.nova t_boot_ns=721276676775620
08-31 10:21:47.656 I/AnebProbe(14372): ADAPTER_EVT type=content cls=android.widget.EditText desc=null txt_len=16 pkg=com.larus.nova t_boot_ns=721276687176141
08-31 10:21:47.680 I/AnebProbe(14372): ADAPTER_EVT type=content cls=android.view.ViewGroup desc=null txt_len=0 pkg=com.larus.nova t_boot_ns=721276711192808
08-31 10:21:47.680 I/AnebProbe(14372): ADAPTER_EVT type=content cls=android.widget.EditText desc=null txt_len=17 pkg=com.larus.nova t_boot_ns=721276711568329
08-31 10:21:47.690 I/AnebProbe(14372): ADAPTER_EVT type=content cls=android.widget.EditText desc=null txt_len=18 pkg=com.larus.nova t_boot_ns=721276721756349
08-31 10:21:47.713 I/AnebProbe(14372): ADAPTER_EVT type=content cls=android.view.ViewGroup desc=null txt_len=0 pkg=com.larus.nova t_boot_ns=721276744737078
08-31 10:21:47.714 I/AnebProbe(14372): ADAPTER_EVT type=content cls=android.widget.EditText desc=null txt_len=19 pkg=com.larus.nova t_boot_ns=721276745054266
08-31 10:21:47.723 I/AnebProbe(14372): ADAPTER_EVT type=content cls=android.widget.EditText desc=null txt_len=20 pkg=com.larus.nova t_boot_ns=721276754628745
08-31 10:21:47.743 I/AnebProbe(14372): ADAPTER_EVT type=content cls=android.view.ViewGroup desc=null txt_len=0 pkg=com.larus.nova t_boot_ns=721276774762599
08-31 10:21:47.744 I/AnebProbe(14372): ADAPTER_EVT type=content cls=android.widget.EditText desc=null txt_len=21 pkg=com.larus.nova t_boot_ns=721276775273537
08-31 10:21:47.754 I/AnebProbe(14372): ADAPTER_EVT type=content cls=android.widget.EditText desc=null txt_len=22 pkg=com.larus.nova t_boot_ns=721276785920933
08-31 10:21:47.779 I/AnebProbe(14372): ADAPTER_EVT type=content cls=android.view.ViewGroup desc=null txt_len=0 pkg=com.larus.nova t_boot_ns=721276810787078
08-31 10:21:47.780 I/AnebProbe(14372): ADAPTER_EVT type=content cls=android.widget.EditText desc=null txt_len=23 pkg=com.larus.nova t_boot_ns=721276811171453
08-31 10:21:47.801 I/AnebProbe(14372): ADAPTER_EVT type=content cls=android.view.ViewGroup desc=null txt_len=0 pkg=com.larus.nova t_boot_ns=721276832632912
08-31 10:21:47.802 I/AnebProbe(14372): ADAPTER_EVT type=content cls=android.widget.EditText desc=null txt_len=24 pkg=com.larus.nova t_boot_ns=721276833032391
08-31 10:21:47.828 I/AnebProbe(14372): ADAPTER_EVT type=content cls=android.view.ViewGroup desc=null txt_len=0 pkg=com.larus.nova t_boot_ns=721276859465724
08-31 10:21:47.828 I/AnebProbe(14372): ADAPTER_EVT type=content cls=android.widget.EditText desc=null txt_len=25 pkg=com.larus.nova t_boot_ns=721276859935516
08-31 10:21:47.852 I/AnebProbe(14372): ADAPTER_EVT type=content cls=android.view.ViewGroup desc=null txt_len=0 pkg=com.larus.nova t_boot_ns=721276883228224
08-31 10:21:47.854 I/AnebProbe(14372): ADAPTER_EVT type=content cls=android.widget.EditText desc=null txt_len=26 pkg=com.larus.nova t_boot_ns=721276885270933
08-31 10:21:47.872 I/AnebProbe(14372): ADAPTER_EVT type=content cls=android.view.ViewGroup desc=null txt_len=0 pkg=com.larus.nova t_boot_ns=721276903724578
08-31 10:21:47.873 I/AnebProbe(14372): ADAPTER_EVT type=content cls=android.widget.EditText desc=null txt_len=27 pkg=com.larus.nova t_boot_ns=721276904090724
08-31 10:21:47.894 I/AnebProbe(14372): ADAPTER_EVT type=content cls=android.view.ViewGroup desc=null txt_len=0 pkg=com.larus.nova t_boot_ns=721276925488641
08-31 10:21:47.894 I/AnebProbe(14372): ADAPTER_EVT type=content cls=android.widget.EditText desc=null txt_len=28 pkg=com.larus.nova t_boot_ns=721276925890203
08-31 10:21:47.916 I/AnebProbe(14372): ADAPTER_EVT type=content cls=android.view.ViewGroup desc=null txt_len=0 pkg=com.larus.nova t_boot_ns=721276947726141
08-31 10:21:47.917 I/AnebProbe(14372): ADAPTER_EVT type=content cls=android.widget.EditText desc=null txt_len=29 pkg=com.larus.nova t_boot_ns=721276948135516
08-31 10:21:47.935 I/AnebProbe(14372): ADAPTER_EVT type=content cls=android.view.ViewGroup desc=null txt_len=0 pkg=com.larus.nova t_boot_ns=721276967077703
08-31 10:21:47.936 I/AnebProbe(14372): ADAPTER_EVT type=content cls=android.widget.EditText desc=null txt_len=30 pkg=com.larus.nova t_boot_ns=721276967224058
08-31 10:21:47.954 I/AnebProbe(14372): ADAPTER_EVT type=content cls=android.view.ViewGroup desc=null txt_len=0 pkg=com.larus.nova t_boot_ns=721276985830828
08-31 10:21:47.955 I/AnebProbe(14372): ADAPTER_EVT type=content cls=android.widget.EditText desc=null txt_len=31 pkg=com.larus.nova t_boot_ns=721276986934995
08-31 10:21:47.975 I/AnebProbe(14372): ADAPTER_EVT type=content cls=android.view.ViewGroup desc=null txt_len=0 pkg=com.larus.nova t_boot_ns=721277006721974
08-31 10:21:47.976 I/AnebProbe(14372): ADAPTER_EVT type=content cls=android.widget.EditText desc=null txt_len=32 pkg=com.larus.nova t_boot_ns=721277007216766
08-31 10:21:47.984 I/AnebProbe(14372): ADAPTER_EVT type=content cls=android.widget.EditText desc=null txt_len=33 pkg=com.larus.nova t_boot_ns=721277015633953
08-31 10:21:48.001 I/AnebProbe(14372): ADAPTER_EVT type=content cls=android.view.ViewGroup desc=null txt_len=0 pkg=com.larus.nova t_boot_ns=721277032535516
08-31 10:21:48.001 I/AnebProbe(14372): ADAPTER_EVT type=content cls=android.widget.EditText desc=null txt_len=34 pkg=com.larus.nova t_boot_ns=721277032683433
08-31 10:21:48.017 I/AnebProbe(14372): ADAPTER_EVT type=content cls=android.view.ViewGroup desc=null txt_len=0 pkg=com.larus.nova t_boot_ns=721277048320933
08-31 10:21:48.017 I/AnebProbe(14372): ADAPTER_EVT type=content cls=android.widget.EditText desc=null txt_len=35 pkg=com.larus.nova t_boot_ns=721277048465724
08-31 10:21:48.033 I/AnebProbe(14372): ADAPTER_EVT type=content cls=android.view.ViewGroup desc=null txt_len=0 pkg=com.larus.nova t_boot_ns=721277064196974
08-31 10:21:48.033 I/AnebProbe(14372): ADAPTER_EVT type=content cls=android.widget.EditText desc=null txt_len=36 pkg=com.larus.nova t_boot_ns=721277064329787
08-31 10:21:48.050 I/AnebProbe(14372): ADAPTER_EVT type=content cls=android.view.ViewGroup desc=null txt_len=0 pkg=com.larus.nova t_boot_ns=721277081420933
08-31 10:21:48.050 I/AnebProbe(14372): ADAPTER_EVT type=content cls=android.widget.EditText desc=null txt_len=37 pkg=com.larus.nova t_boot_ns=721277081571453
08-31 10:21:48.066 I/AnebProbe(14372): ADAPTER_EVT type=content cls=android.view.ViewGroup desc=null txt_len=0 pkg=com.larus.nova t_boot_ns=721277097363120
08-31 10:21:48.066 I/AnebProbe(14372): ADAPTER_EVT type=content cls=android.widget.EditText desc=null txt_len=38 pkg=com.larus.nova t_boot_ns=721277097500099
08-31 10:21:48.079 I/AnebProbe(14372): ADAPTER_EVT type=content cls=android.view.ViewGroup desc=null txt_len=0 pkg=com.larus.nova t_boot_ns=721277111128745
08-31 10:21:48.080 I/AnebProbe(14372): ADAPTER_EVT type=content cls=android.widget.EditText desc=null txt_len=39 pkg=com.larus.nova t_boot_ns=721277111268328
08-31 10:21:48.085 I/AnebProbe(14372): ADAPTER_EVT type=content cls=android.widget.EditText desc=null txt_len=40 pkg=com.larus.nova t_boot_ns=721277117034995
08-31 10:21:48.099 I/AnebProbe(14372): ADAPTER_EVT type=content cls=android.view.ViewGroup desc=null txt_len=0 pkg=com.larus.nova t_boot_ns=721277130226141
08-31 10:21:48.099 I/AnebProbe(14372): ADAPTER_EVT type=content cls=android.widget.EditText desc=null txt_len=41 pkg=com.larus.nova t_boot_ns=721277130357391
08-31 10:21:48.111 I/AnebProbe(14372): ADAPTER_EVT type=content cls=android.view.ViewGroup desc=null txt_len=0 pkg=com.larus.nova t_boot_ns=721277143132391
08-31 10:21:48.112 I/AnebProbe(14372): ADAPTER_EVT type=content cls=android.widget.EditText desc=null txt_len=42 pkg=com.larus.nova t_boot_ns=721277143269370
08-31 10:21:48.118 I/AnebProbe(14372): ADAPTER_EVT type=content cls=android.widget.EditText desc=null txt_len=43 pkg=com.larus.nova t_boot_ns=721277149366245
08-31 10:21:48.130 I/AnebProbe(14372): ADAPTER_EVT type=content cls=android.view.ViewGroup desc=null txt_len=0 pkg=com.larus.nova t_boot_ns=721277161706870
08-31 10:21:48.130 I/AnebProbe(14372): ADAPTER_EVT type=content cls=android.widget.EditText desc=null txt_len=44 pkg=com.larus.nova t_boot_ns=721277161855828
08-31 10:21:48.144 I/AnebProbe(14372): ADAPTER_EVT type=content cls=android.view.ViewGroup desc=null txt_len=0 pkg=com.larus.nova t_boot_ns=721277175145933
08-31 10:21:48.144 I/AnebProbe(14372): ADAPTER_EVT type=content cls=android.widget.EditText desc=null txt_len=45 pkg=com.larus.nova t_boot_ns=721277175335516
08-31 10:21:48.150 I/AnebProbe(14372): ADAPTER_EVT type=content cls=android.widget.EditText desc=null txt_len=46 pkg=com.larus.nova t_boot_ns=721277181581349
08-31 10:21:48.163 I/AnebProbe(14372): ADAPTER_EVT type=content cls=android.view.ViewGroup desc=null txt_len=0 pkg=com.larus.nova t_boot_ns=721277194218328
08-31 10:21:48.163 I/AnebProbe(14372): ADAPTER_EVT type=content cls=android.widget.EditText desc=null txt_len=47 pkg=com.larus.nova t_boot_ns=721277194381870
08-31 10:21:48.177 I/AnebProbe(14372): ADAPTER_EVT type=content cls=android.view.ViewGroup desc=null txt_len=0 pkg=com.larus.nova t_boot_ns=721277208397495
08-31 10:21:48.177 I/AnebProbe(14372): ADAPTER_EVT type=content cls=android.widget.EditText desc=null txt_len=48 pkg=com.larus.nova t_boot_ns=721277208554787
08-31 10:21:48.183 I/AnebProbe(14372): ADAPTER_EVT type=content cls=android.widget.EditText desc=null txt_len=49 pkg=com.larus.nova t_boot_ns=721277214974578
08-31 10:21:48.197 I/AnebProbe(14372): ADAPTER_EVT type=content cls=android.view.ViewGroup desc=null txt_len=0 pkg=com.larus.nova t_boot_ns=721277228559474
08-31 10:21:48.197 I/AnebProbe(14372): ADAPTER_EVT type=content cls=android.widget.EditText desc=null txt_len=50 pkg=com.larus.nova t_boot_ns=721277228712599
08-31 10:21:48.211 I/AnebProbe(14372): ADAPTER_EVT type=content cls=android.view.ViewGroup desc=null txt_len=0 pkg=com.larus.nova t_boot_ns=721277243050099
08-31 10:21:48.211 I/AnebProbe(14372): ADAPTER_EVT type=content cls=android.widget.EditText desc=null txt_len=51 pkg=com.larus.nova t_boot_ns=721277243181349
08-31 10:21:48.219 I/AnebProbe(14372): ADAPTER_EVT type=content cls=android.widget.EditText desc=null txt_len=52 pkg=com.larus.nova t_boot_ns=721277250833953
08-31 10:21:48.235 I/AnebProbe(14372): ADAPTER_EVT type=content cls=android.view.ViewGroup desc=null txt_len=0 pkg=com.larus.nova t_boot_ns=721277266346453
08-31 10:21:48.235 I/AnebProbe(14372): ADAPTER_EVT type=content cls=android.widget.EditText desc=null txt_len=53 pkg=com.larus.nova t_boot_ns=721277266494891
08-31 10:21:48.249 I/AnebProbe(14372): ADAPTER_EVT type=content cls=android.view.ViewGroup desc=null txt_len=0 pkg=com.larus.nova t_boot_ns=721277280999058
08-31 10:21:48.250 I/AnebProbe(14372): ADAPTER_EVT type=content cls=android.widget.EditText desc=null txt_len=54 pkg=com.larus.nova t_boot_ns=721277281402703
08-31 10:21:48.265 I/AnebProbe(14372): ADAPTER_EVT type=content cls=android.view.ViewGroup desc=null txt_len=0 pkg=com.larus.nova t_boot_ns=721277296565724
08-31 10:21:48.265 I/AnebProbe(14372): ADAPTER_EVT type=content cls=android.widget.EditText desc=null txt_len=55 pkg=com.larus.nova t_boot_ns=721277296716766
08-31 10:21:48.280 I/AnebProbe(14372): ADAPTER_EVT type=content cls=android.view.ViewGroup desc=null txt_len=0 pkg=com.larus.nova t_boot_ns=721277312094370
08-31 10:21:48.281 I/AnebProbe(14372): ADAPTER_EVT type=content cls=android.widget.EditText desc=null txt_len=56 pkg=com.larus.nova t_boot_ns=721277312235516
08-31 10:21:48.391 I/AnebProbe(14372): ADAPTER_EVT type=content cls=android.view.ViewGroup desc=null txt_len=0 pkg=com.larus.nova t_boot_ns=721277423028745
08-31 10:21:48.491 I/AnebProbe(14372): ADAPTER_EVT type=content cls=android.view.ViewGroup desc=null txt_len=0 pkg=com.larus.nova t_boot_ns=721277522892287
08-31 10:21:48.592 I/AnebProbe(14372): ADAPTER_EVT type=content cls=android.view.ViewGroup desc=null txt_len=0 pkg=com.larus.nova t_boot_ns=721277623482912
08-31 10:21:48.692 I/AnebProbe(14372): ADAPTER_EVT type=content cls=android.view.ViewGroup desc=null txt_len=0 pkg=com.larus.nova t_boot_ns=721277723236037
08-31 10:21:48.816 I/AnebProbe(14372): ADAPTER_EVT type=content cls=android.view.ViewGroup desc=null txt_len=0 pkg=com.larus.nova t_boot_ns=721277847365203
08-31 10:21:48.923 I/AnebProbe(14372): ADAPTER_EVT type=content cls=android.view.ViewGroup desc=null txt_len=0 pkg=com.larus.nova t_boot_ns=721277954336037
08-31 10:21:49.032 I/AnebProbe(14372): ADAPTER_EVT type=content cls=android.view.ViewGroup desc=null txt_len=0 pkg=com.larus.nova t_boot_ns=721278063176662
08-31 10:21:49.139 I/AnebProbe(14372): ADAPTER_EVT type=content cls=android.view.ViewGroup desc=null txt_len=0 pkg=com.larus.nova t_boot_ns=721278170546974
08-31 10:21:49.253 I/AnebProbe(14372): ADAPTER_EVT type=content cls=android.view.ViewGroup desc=null txt_len=0 pkg=com.larus.nova t_boot_ns=721278284245412
08-31 10:21:49.356 I/AnebProbe(14372): ADAPTER_EVT type=content cls=android.view.ViewGroup desc=null txt_len=0 pkg=com.larus.nova t_boot_ns=721278387767807
08-31 10:21:49.470 I/AnebProbe(14372): ADAPTER_EVT type=content cls=android.view.ViewGroup desc=null txt_len=0 pkg=com.larus.nova t_boot_ns=721278500792807
08-31 10:21:49.578 I/AnebProbe(14372): ADAPTER_EVT type=content cls=android.view.ViewGroup desc=null txt_len=0 pkg=com.larus.nova t_boot_ns=721278609139162
08-31 10:21:49.685 I/AnebProbe(14372): ADAPTER_EVT type=content cls=android.view.ViewGroup desc=null txt_len=0 pkg=com.larus.nova t_boot_ns=721278716709995
08-31 10:21:49.790 I/AnebProbe(14372): ADAPTER_EVT type=content cls=android.view.ViewGroup desc=null txt_len=0 pkg=com.larus.nova t_boot_ns=721278821612599
08-31 10:21:49.903 I/AnebProbe(14372): ADAPTER_EVT type=content cls=android.view.ViewGroup desc=null txt_len=0 pkg=com.larus.nova t_boot_ns=721278934801141
08-31 10:21:50.020 I/AnebProbe(14372): ADAPTER_EVT type=content cls=android.view.ViewGroup desc=null txt_len=0 pkg=com.larus.nova t_boot_ns=721279051863120
08-31 10:21:50.121 I/AnebProbe(14372): ADAPTER_EVT type=content cls=android.view.ViewGroup desc=null txt_len=0 pkg=com.larus.nova t_boot_ns=721279152161036
08-31 10:21:50.238 I/AnebProbe(14372): ADAPTER_EVT type=content cls=android.view.ViewGroup desc=null txt_len=0 pkg=com.larus.nova t_boot_ns=721279269375099
08-31 10:21:50.264 I/AnebE4MARK(28051): E4MARK kind=turn_start n=3
08-31 10:21:50.352 I/AnebProbe(14372): ADAPTER_EVT type=content cls=android.view.ViewGroup desc=null txt_len=0 pkg=com.larus.nova t_boot_ns=721279382521974
08-31 10:21:50.394 I/AnebProbe(14372): ADAPTER_EVT type=content cls=android.view.ViewGroup desc=null txt_len=0 pkg=com.larus.nova t_boot_ns=721279423808953
08-31 10:21:50.433 I/AnebProbe(14372): ADAPTER_EVT type=content cls=android.view.ViewGroup desc=null txt_len=0 pkg=com.larus.nova t_boot_ns=721279464663641
08-31 10:21:50.538 I/AnebProbe(14372): ADAPTER_EVT type=content cls=android.view.ViewGroup desc=null txt_len=0 pkg=com.larus.nova t_boot_ns=721279569728224
08-31 10:21:50.806 I/AnebProbe(14372): ADAPTER_EVT type=content cls=androidx.drawerlayout.widget.DrawerLayout desc=null txt_len=0 pkg=com.larus.nova t_boot_ns=721279837814682
08-31 10:21:50.906 I/AnebProbe(14372): ADAPTER_EVT type=content cls=androidx.drawerlayout.widget.DrawerLayout desc=null txt_len=0 pkg=com.larus.nova t_boot_ns=721279937218849
08-31 10:21:51.156 I/AnebProbe(14372): ADAPTER_EVT type=content cls=androidx.drawerlayout.widget.DrawerLayout desc=null txt_len=0 pkg=com.larus.nova t_boot_ns=721280187533432
08-31 10:21:51.157 I/AnebProbe(14372): ADAPTER_OBS pkg=com.larus.nova mode=doubao events=845 rule_matched=38 first_delta_ms=0 cadence_p50_ms=100.0 session_span_ms=278737.7 confidence=LOW/INCONCLUSIVE reason=throttle ttft_send_ms=null anchor_source=null ttft_cluster_ms=null ttft_density_ms=null
08-31 10:21:51.256 I/AnebProbe(14372): ADAPTER_EVT type=content cls=androidx.recyclerview.widget.RecyclerView desc=null txt_len=0 pkg=com.larus.nova t_boot_ns=721280287618849
08-31 10:21:51.380 I/AnebProbe(14372): ADAPTER_EVT type=content cls=androidx.recyclerview.widget.RecyclerView desc=null txt_len=0 pkg=com.larus.nova t_boot_ns=721280411162599
08-31 10:21:51.478 I/AnebProbe(14372): ADAPTER_EVT type=content cls=androidx.drawerlayout.widget.DrawerLayout desc=null txt_len=0 pkg=com.larus.nova t_boot_ns=721280509323015
08-31 10:21:51.720 I/AnebProbe(14372): ADAPTER_EVT type=content cls=android.widget.FrameLayout desc=打电话 txt_len=0 pkg=com.larus.nova t_boot_ns=721280751786036
08-31 10:21:51.820 I/AnebProbe(14372): ADAPTER_EVT type=content cls=androidx.drawerlayout.widget.DrawerLayout desc=null txt_len=0 pkg=com.larus.nova t_boot_ns=721280851730307
08-31 10:21:52.550 I/AnebProbe(14372): ADAPTER_EVT type=content cls=androidx.recyclerview.widget.RecyclerView desc=null txt_len=0 pkg=com.larus.nova t_boot_ns=721281581041765
08-31 10:21:52.646 I/AnebProbe(14372): ADAPTER_EVT type=content cls=androidx.recyclerview.widget.RecyclerView desc=null txt_len=0 pkg=com.larus.nova t_boot_ns=721281677181349
08-31 10:21:52.863 I/AnebProbe(14372): ADAPTER_EVT type=content cls=androidx.drawerlayout.widget.DrawerLayout desc=null txt_len=0 pkg=com.larus.nova t_boot_ns=721281894438640
08-31 10:21:52.963 I/AnebProbe(14372): ADAPTER_EVT type=content cls=androidx.drawerlayout.widget.DrawerLayout desc=null txt_len=0 pkg=com.larus.nova t_boot_ns=721281994684994
08-31 10:21:53.063 I/AnebProbe(14372): ADAPTER_EVT type=content cls=androidx.drawerlayout.widget.DrawerLayout desc=null txt_len=0 pkg=com.larus.nova t_boot_ns=721282094669369
08-31 10:21:53.392 I/AnebProbe(14372): ADAPTER_EVT type=content cls=androidx.drawerlayout.widget.DrawerLayout desc=null txt_len=0 pkg=com.larus.nova t_boot_ns=721282423336557
08-31 10:21:53.494 I/AnebProbe(14372): ADAPTER_EVT type=content cls=androidx.drawerlayout.widget.DrawerLayout desc=null txt_len=0 pkg=com.larus.nova t_boot_ns=721282525230828
08-31 10:21:57.160 I/AnebProbe(14372): ADAPTER_EVT type=content cls=androidx.drawerlayout.widget.DrawerLayout desc=null txt_len=0 pkg=com.larus.nova t_boot_ns=721286191628223
08-31 10:21:57.165 I/AnebProbe(14372): ADAPTER_OBS pkg=com.larus.nova mode=doubao events=858 rule_matched=42 first_delta_ms=0 cadence_p50_ms=99.9 session_span_ms=284741.8 confidence=LOW/INCONCLUSIVE reason=throttle ttft_send_ms=null anchor_source=null ttft_cluster_ms=4158.0 ttft_density_ms=null
08-31 10:21:57.261 I/AnebProbe(14372): ADAPTER_EVT type=content cls=androidx.drawerlayout.widget.DrawerLayout desc=null txt_len=0 pkg=com.larus.nova t_boot_ns=721286292032910
08-31 10:21:57.410 I/AnebProbe(14372): ADAPTER_EVT type=content cls=androidx.drawerlayout.widget.DrawerLayout desc=null txt_len=0 pkg=com.larus.nova t_boot_ns=721286441519369
08-31 10:21:57.509 I/AnebProbe(14372): ADAPTER_EVT type=content cls=androidx.drawerlayout.widget.DrawerLayout desc=null txt_len=0 pkg=com.larus.nova t_boot_ns=721286540609473
08-31 10:21:57.625 I/AnebProbe(14372): ADAPTER_EVT type=content cls=androidx.drawerlayout.widget.DrawerLayout desc=null txt_len=0 pkg=com.larus.nova t_boot_ns=721286655902181
08-31 10:21:57.727 I/AnebProbe(14372): ADAPTER_EVT type=content cls=androidx.drawerlayout.widget.DrawerLayout desc=null txt_len=0 pkg=com.larus.nova t_boot_ns=721286758592806
08-31 10:21:57.827 I/AnebProbe(14372): ADAPTER_EVT type=content cls=androidx.drawerlayout.widget.DrawerLayout desc=null txt_len=0 pkg=com.larus.nova t_boot_ns=721286857939681
08-31 10:21:57.940 I/AnebProbe(14372): ADAPTER_EVT type=content cls=androidx.drawerlayout.widget.DrawerLayout desc=null txt_len=0 pkg=com.larus.nova t_boot_ns=721286971429785
08-31 10:21:58.043 I/AnebProbe(14372): ADAPTER_EVT type=content cls=androidx.drawerlayout.widget.DrawerLayout desc=null txt_len=0 pkg=com.larus.nova t_boot_ns=721287074539160
08-31 10:21:58.158 I/AnebProbe(14372): ADAPTER_EVT type=content cls=androidx.drawerlayout.widget.DrawerLayout desc=null txt_len=0 pkg=com.larus.nova t_boot_ns=721287189816244
08-31 10:21:58.258 I/AnebProbe(14372): ADAPTER_EVT type=content cls=androidx.drawerlayout.widget.DrawerLayout desc=null txt_len=0 pkg=com.larus.nova t_boot_ns=721287289077181
08-31 10:21:58.371 I/AnebProbe(14372): ADAPTER_EVT type=content cls=androidx.drawerlayout.widget.DrawerLayout desc=null txt_len=0 pkg=com.larus.nova t_boot_ns=721287402454264
08-31 10:21:58.490 I/AnebProbe(14372): ADAPTER_EVT type=content cls=androidx.drawerlayout.widget.DrawerLayout desc=null txt_len=0 pkg=com.larus.nova t_boot_ns=721287520934994
08-31 10:21:58.590 I/AnebProbe(14372): ADAPTER_EVT type=content cls=androidx.drawerlayout.widget.DrawerLayout desc=null txt_len=0 pkg=com.larus.nova t_boot_ns=721287620852181
08-31 10:21:58.703 I/AnebProbe(14372): ADAPTER_EVT type=content cls=androidx.drawerlayout.widget.DrawerLayout desc=null txt_len=0 pkg=com.larus.nova t_boot_ns=721287733452181
08-31 10:21:58.803 I/AnebProbe(14372): ADAPTER_EVT type=content cls=androidx.drawerlayout.widget.DrawerLayout desc=null txt_len=0 pkg=com.larus.nova t_boot_ns=721287834387598
08-31 10:21:58.918 I/AnebProbe(14372): ADAPTER_EVT type=content cls=androidx.drawerlayout.widget.DrawerLayout desc=null txt_len=0 pkg=com.larus.nova t_boot_ns=721287948732910
08-31 10:21:59.019 I/AnebProbe(14372): ADAPTER_EVT type=content cls=androidx.drawerlayout.widget.DrawerLayout desc=null txt_len=0 pkg=com.larus.nova t_boot_ns=721288049765723
08-31 10:21:59.118 I/AnebProbe(14372): ADAPTER_EVT type=content cls=androidx.drawerlayout.widget.DrawerLayout desc=null txt_len=0 pkg=com.larus.nova t_boot_ns=721288149746452
08-31 10:21:59.234 I/AnebProbe(14372): ADAPTER_EVT type=content cls=androidx.drawerlayout.widget.DrawerLayout desc=null txt_len=0 pkg=com.larus.nova t_boot_ns=721288265097493
08-31 10:21:59.351 I/AnebProbe(14372): ADAPTER_EVT type=content cls=androidx.drawerlayout.widget.DrawerLayout desc=null txt_len=0 pkg=com.larus.nova t_boot_ns=721288382617806
08-31 10:21:59.451 I/AnebProbe(14372): ADAPTER_EVT type=content cls=androidx.drawerlayout.widget.DrawerLayout desc=null txt_len=0 pkg=com.larus.nova t_boot_ns=721288481971973
08-31 10:21:59.552 I/AnebProbe(14372): ADAPTER_EVT type=content cls=androidx.drawerlayout.widget.DrawerLayout desc=null txt_len=0 pkg=com.larus.nova t_boot_ns=721288583249056
08-31 10:21:59.665 I/AnebProbe(14372): ADAPTER_EVT type=content cls=androidx.drawerlayout.widget.DrawerLayout desc=null txt_len=0 pkg=com.larus.nova t_boot_ns=721288696239160
08-31 10:21:59.782 I/AnebProbe(14372): ADAPTER_EVT type=content cls=androidx.drawerlayout.widget.DrawerLayout desc=null txt_len=0 pkg=com.larus.nova t_boot_ns=721288812909993
08-31 10:21:59.881 I/AnebProbe(14372): ADAPTER_EVT type=content cls=androidx.drawerlayout.widget.DrawerLayout desc=null txt_len=0 pkg=com.larus.nova t_boot_ns=721288912407910
08-31 10:21:59.982 I/AnebProbe(14372): ADAPTER_EVT type=content cls=androidx.drawerlayout.widget.DrawerLayout desc=null txt_len=0 pkg=com.larus.nova t_boot_ns=721289013761035
08-31 10:22:00.096 I/AnebProbe(14372): ADAPTER_EVT type=content cls=androidx.drawerlayout.widget.DrawerLayout desc=null txt_len=0 pkg=com.larus.nova t_boot_ns=721289127667806
08-31 10:22:00.196 I/AnebProbe(14372): ADAPTER_EVT type=content cls=androidx.drawerlayout.widget.DrawerLayout desc=null txt_len=0 pkg=com.larus.nova t_boot_ns=721289227373014
08-31 10:22:00.298 I/AnebProbe(14372): ADAPTER_EVT type=content cls=androidx.drawerlayout.widget.DrawerLayout desc=null txt_len=0 pkg=com.larus.nova t_boot_ns=721289329693327
08-31 10:22:00.414 I/AnebProbe(14372): ADAPTER_EVT type=content cls=androidx.drawerlayout.widget.DrawerLayout desc=null txt_len=0 pkg=com.larus.nova t_boot_ns=721289443315202
08-31 10:22:00.510 I/AnebProbe(14372): ADAPTER_EVT type=content cls=androidx.drawerlayout.widget.DrawerLayout desc=null txt_len=0 pkg=com.larus.nova t_boot_ns=721289541712597
08-31 10:22:00.611 I/AnebProbe(14372): ADAPTER_EVT type=content cls=androidx.drawerlayout.widget.DrawerLayout desc=null txt_len=0 pkg=com.larus.nova t_boot_ns=721289642151139
08-31 10:22:00.712 I/AnebProbe(14372): ADAPTER_EVT type=content cls=androidx.drawerlayout.widget.DrawerLayout desc=null txt_len=0 pkg=com.larus.nova t_boot_ns=721289743530827
08-31 10:22:00.826 I/AnebProbe(14372): ADAPTER_EVT type=content cls=androidx.drawerlayout.widget.DrawerLayout desc=null txt_len=0 pkg=com.larus.nova t_boot_ns=721289857265722
08-31 10:22:00.927 I/AnebProbe(14372): ADAPTER_EVT type=content cls=androidx.drawerlayout.widget.DrawerLayout desc=null txt_len=0 pkg=com.larus.nova t_boot_ns=721289957999576
08-31 10:22:01.043 I/AnebProbe(14372): ADAPTER_EVT type=content cls=androidx.drawerlayout.widget.DrawerLayout desc=null txt_len=0 pkg=com.larus.nova t_boot_ns=721290074641764
08-31 10:22:01.150 I/AnebProbe(14372): ADAPTER_EVT type=content cls=androidx.drawerlayout.widget.DrawerLayout desc=null txt_len=0 pkg=com.larus.nova t_boot_ns=721290181580826
08-31 10:22:01.255 I/AnebProbe(14372): ADAPTER_EVT type=content cls=androidx.drawerlayout.widget.DrawerLayout desc=null txt_len=0 pkg=com.larus.nova t_boot_ns=721290286331868
08-31 10:22:01.356 I/AnebProbe(14372): ADAPTER_EVT type=content cls=androidx.drawerlayout.widget.DrawerLayout desc=null txt_len=0 pkg=com.larus.nova t_boot_ns=721290387105306
08-31 10:22:01.457 I/AnebProbe(14372): ADAPTER_EVT type=content cls=androidx.drawerlayout.widget.DrawerLayout desc=null txt_len=0 pkg=com.larus.nova t_boot_ns=721290487984472
08-31 10:22:01.571 I/AnebProbe(14372): ADAPTER_EVT type=content cls=androidx.drawerlayout.widget.DrawerLayout desc=null txt_len=0 pkg=com.larus.nova t_boot_ns=721290602337076
08-31 10:22:01.673 I/AnebProbe(14372): ADAPTER_EVT type=content cls=androidx.drawerlayout.widget.DrawerLayout desc=null txt_len=0 pkg=com.larus.nova t_boot_ns=721290704345410
08-31 10:22:01.783 I/AnebProbe(14372): ADAPTER_EVT type=content cls=androidx.drawerlayout.widget.DrawerLayout desc=null txt_len=0 pkg=com.larus.nova t_boot_ns=721290814092285
08-31 10:22:01.888 I/AnebProbe(14372): ADAPTER_EVT type=content cls=androidx.drawerlayout.widget.DrawerLayout desc=null txt_len=0 pkg=com.larus.nova t_boot_ns=721290919380826
08-31 10:22:02.004 I/AnebProbe(14372): ADAPTER_EVT type=content cls=androidx.drawerlayout.widget.DrawerLayout desc=null txt_len=0 pkg=com.larus.nova t_boot_ns=721291035708951
08-31 10:22:02.117 I/AnebProbe(14372): ADAPTER_EVT type=content cls=androidx.drawerlayout.widget.DrawerLayout desc=null txt_len=0 pkg=com.larus.nova t_boot_ns=721291148045930
08-31 10:22:02.218 I/AnebProbe(14372): ADAPTER_EVT type=content cls=androidx.drawerlayout.widget.DrawerLayout desc=null txt_len=0 pkg=com.larus.nova t_boot_ns=721291248901660
08-31 10:22:02.225 I/AnebProbe(14372): ADAPTER_OBS pkg=com.larus.nova mode=doubao events=905 rule_matched=42 first_delta_ms=0 cadence_p50_ms=99.8 session_span_ms=289799.1 confidence=LOW/INCONCLUSIVE reason=throttle ttft_send_ms=null anchor_source=null ttft_cluster_ms=4158.0 ttft_density_ms=null
08-31 10:22:02.319 I/AnebProbe(14372): ADAPTER_EVT type=content cls=androidx.drawerlayout.widget.DrawerLayout desc=null txt_len=0 pkg=com.larus.nova t_boot_ns=721291350036555
08-31 10:22:02.420 I/AnebProbe(14372): ADAPTER_EVT type=content cls=androidx.drawerlayout.widget.DrawerLayout desc=null txt_len=0 pkg=com.larus.nova t_boot_ns=721291451133951
08-31 10:22:02.534 I/AnebProbe(14372): ADAPTER_EVT type=content cls=androidx.drawerlayout.widget.DrawerLayout desc=null txt_len=0 pkg=com.larus.nova t_boot_ns=721291565456868
08-31 10:22:02.636 I/AnebProbe(14372): ADAPTER_EVT type=content cls=androidx.drawerlayout.widget.DrawerLayout desc=null txt_len=0 pkg=com.larus.nova t_boot_ns=721291667263639
08-31 10:22:02.735 I/AnebProbe(14372): ADAPTER_EVT type=content cls=androidx.drawerlayout.widget.DrawerLayout desc=null txt_len=0 pkg=com.larus.nova t_boot_ns=721291765920930
08-31 10:22:02.835 I/AnebProbe(14372): ADAPTER_EVT type=content cls=androidx.drawerlayout.widget.DrawerLayout desc=null txt_len=0 pkg=com.larus.nova t_boot_ns=721291866228743
08-31 10:22:02.947 I/AnebProbe(14372): ADAPTER_EVT type=content cls=androidx.drawerlayout.widget.DrawerLayout desc=null txt_len=0 pkg=com.larus.nova t_boot_ns=721291977939680
08-31 10:22:03.046 I/AnebProbe(14372): ADAPTER_EVT type=content cls=androidx.drawerlayout.widget.DrawerLayout desc=null txt_len=0 pkg=com.larus.nova t_boot_ns=721292077421451
08-31 10:22:03.167 I/AnebProbe(14372): ADAPTER_EVT type=content cls=androidx.drawerlayout.widget.DrawerLayout desc=null txt_len=0 pkg=com.larus.nova t_boot_ns=721292198488118
08-31 10:22:03.277 I/AnebProbe(14372): ADAPTER_EVT type=content cls=androidx.drawerlayout.widget.DrawerLayout desc=null txt_len=0 pkg=com.larus.nova t_boot_ns=721292308799576
08-31 10:22:03.380 I/AnebProbe(14372): ADAPTER_EVT type=content cls=androidx.drawerlayout.widget.DrawerLayout desc=null txt_len=0 pkg=com.larus.nova t_boot_ns=721292411391243
08-31 10:22:03.497 I/AnebProbe(14372): ADAPTER_EVT type=content cls=androidx.drawerlayout.widget.DrawerLayout desc=null txt_len=0 pkg=com.larus.nova t_boot_ns=721292528315201
08-31 10:22:03.608 I/AnebProbe(14372): ADAPTER_EVT type=content cls=androidx.drawerlayout.widget.DrawerLayout desc=null txt_len=0 pkg=com.larus.nova t_boot_ns=721292639355305
08-31 10:22:03.711 I/AnebProbe(14372): ADAPTER_EVT type=content cls=androidx.drawerlayout.widget.DrawerLayout desc=null txt_len=0 pkg=com.larus.nova t_boot_ns=721292742736034
08-31 10:22:03.826 I/AnebProbe(14372): ADAPTER_EVT type=content cls=androidx.drawerlayout.widget.DrawerLayout desc=null txt_len=0 pkg=com.larus.nova t_boot_ns=721292857764680
08-31 10:22:03.929 I/AnebProbe(14372): ADAPTER_EVT type=content cls=androidx.drawerlayout.widget.DrawerLayout desc=null txt_len=0 pkg=com.larus.nova t_boot_ns=721292959970409
08-31 10:22:04.047 I/AnebProbe(14372): ADAPTER_EVT type=content cls=androidx.drawerlayout.widget.DrawerLayout desc=null txt_len=0 pkg=com.larus.nova t_boot_ns=721293077583951
08-31 10:22:04.158 I/AnebProbe(14372): ADAPTER_EVT type=content cls=androidx.drawerlayout.widget.DrawerLayout desc=null txt_len=0 pkg=com.larus.nova t_boot_ns=721293189581347
08-31 10:22:04.273 I/AnebProbe(14372): ADAPTER_EVT type=content cls=androidx.drawerlayout.widget.DrawerLayout desc=null txt_len=0 pkg=com.larus.nova t_boot_ns=721293304277701
08-31 10:22:04.373 I/AnebProbe(14372): ADAPTER_EVT type=content cls=androidx.drawerlayout.widget.DrawerLayout desc=null txt_len=0 pkg=com.larus.nova t_boot_ns=721293404041243
08-31 10:22:04.472 I/AnebProbe(14372): ADAPTER_EVT type=content cls=androidx.drawerlayout.widget.DrawerLayout desc=null txt_len=0 pkg=com.larus.nova t_boot_ns=721293503109472
08-31 10:22:04.573 I/AnebProbe(14372): ADAPTER_EVT type=content cls=androidx.drawerlayout.widget.DrawerLayout desc=null txt_len=0 pkg=com.larus.nova t_boot_ns=721293604578743
08-31 10:22:04.687 I/AnebProbe(14372): ADAPTER_EVT type=content cls=androidx.drawerlayout.widget.DrawerLayout desc=null txt_len=0 pkg=com.larus.nova t_boot_ns=721293718087076
08-31 10:22:04.788 I/AnebProbe(14372): ADAPTER_EVT type=content cls=androidx.drawerlayout.widget.DrawerLayout desc=null txt_len=0 pkg=com.larus.nova t_boot_ns=721293819306347
08-31 10:22:04.989 I/AnebProbe(14372): ADAPTER_EVT type=content cls=androidx.drawerlayout.widget.DrawerLayout desc=null txt_len=0 pkg=com.larus.nova t_boot_ns=721294019487076
08-31 10:22:05.109 I/AnebProbe(14372): ADAPTER_EVT type=content cls=androidx.drawerlayout.widget.DrawerLayout desc=null txt_len=0 pkg=com.larus.nova t_boot_ns=721294140052701
08-31 10:22:05.216 I/AnebProbe(14372): ADAPTER_EVT type=content cls=androidx.drawerlayout.widget.DrawerLayout desc=null txt_len=0 pkg=com.larus.nova t_boot_ns=721294247477180
08-31 10:22:05.317 I/AnebProbe(14372): ADAPTER_EVT type=content cls=androidx.drawerlayout.widget.DrawerLayout desc=null txt_len=0 pkg=com.larus.nova t_boot_ns=721294348076659
08-31 10:22:05.417 I/AnebProbe(14372): ADAPTER_EVT type=content cls=androidx.drawerlayout.widget.DrawerLayout desc=null txt_len=0 pkg=com.larus.nova t_boot_ns=721294448530305
08-31 10:22:05.520 I/AnebProbe(14372): ADAPTER_EVT type=content cls=androidx.drawerlayout.widget.DrawerLayout desc=null txt_len=0 pkg=com.larus.nova t_boot_ns=721294551336034
08-31 10:22:05.619 I/AnebProbe(14372): ADAPTER_EVT type=content cls=androidx.drawerlayout.widget.DrawerLayout desc=null txt_len=0 pkg=com.larus.nova t_boot_ns=721294650101138
08-31 10:22:05.718 I/AnebProbe(14372): ADAPTER_EVT type=content cls=androidx.drawerlayout.widget.DrawerLayout desc=null txt_len=0 pkg=com.larus.nova t_boot_ns=721294749539680
08-31 10:22:05.833 I/AnebProbe(14372): ADAPTER_EVT type=content cls=androidx.drawerlayout.widget.DrawerLayout desc=null txt_len=0 pkg=com.larus.nova t_boot_ns=721294864555305
08-31 10:22:05.947 I/AnebProbe(14372): ADAPTER_EVT type=content cls=androidx.drawerlayout.widget.DrawerLayout desc=null txt_len=0 pkg=com.larus.nova t_boot_ns=721294978430826
08-31 10:22:06.047 I/AnebProbe(14372): ADAPTER_EVT type=content cls=androidx.drawerlayout.widget.DrawerLayout desc=null txt_len=0 pkg=com.larus.nova t_boot_ns=721295078218847
08-31 10:22:06.147 I/AnebProbe(14372): ADAPTER_EVT type=content cls=androidx.drawerlayout.widget.DrawerLayout desc=null txt_len=0 pkg=com.larus.nova t_boot_ns=721295178880305
08-31 10:22:06.263 I/AnebProbe(14372): ADAPTER_EVT type=content cls=androidx.drawerlayout.widget.DrawerLayout desc=null txt_len=0 pkg=com.larus.nova t_boot_ns=721295294195409
08-31 10:22:06.375 I/AnebProbe(14372): ADAPTER_EVT type=content cls=androidx.drawerlayout.widget.DrawerLayout desc=null txt_len=0 pkg=com.larus.nova t_boot_ns=721295406481346
08-31 10:22:06.476 I/AnebProbe(14372): ADAPTER_EVT type=content cls=androidx.drawerlayout.widget.DrawerLayout desc=null txt_len=0 pkg=com.larus.nova t_boot_ns=721295507537076
08-31 10:22:06.576 I/AnebProbe(14372): ADAPTER_EVT type=content cls=androidx.drawerlayout.widget.DrawerLayout desc=null txt_len=0 pkg=com.larus.nova t_boot_ns=721295607666763
08-31 10:22:06.677 I/AnebProbe(14372): ADAPTER_EVT type=content cls=androidx.drawerlayout.widget.DrawerLayout desc=null txt_len=0 pkg=com.larus.nova t_boot_ns=721295708297492
08-31 10:22:06.777 I/AnebProbe(14372): ADAPTER_EVT type=content cls=androidx.drawerlayout.widget.DrawerLayout desc=null txt_len=0 pkg=com.larus.nova t_boot_ns=721295808346451
08-31 10:22:06.877 I/AnebProbe(14372): ADAPTER_EVT type=content cls=androidx.drawerlayout.widget.DrawerLayout desc=null txt_len=0 pkg=com.larus.nova t_boot_ns=721295908216242
08-31 10:22:06.977 I/AnebProbe(14372): ADAPTER_EVT type=content cls=androidx.drawerlayout.widget.DrawerLayout desc=null txt_len=0 pkg=com.larus.nova t_boot_ns=721296008533430
08-31 10:22:07.092 I/AnebProbe(14372): ADAPTER_EVT type=content cls=androidx.drawerlayout.widget.DrawerLayout desc=null txt_len=0 pkg=com.larus.nova t_boot_ns=721296123617284
08-31 10:22:07.212 I/AnebProbe(14372): ADAPTER_EVT type=content cls=androidx.drawerlayout.widget.DrawerLayout desc=null txt_len=0 pkg=com.larus.nova t_boot_ns=721296242750096
08-31 10:22:07.325 I/AnebProbe(14372): ADAPTER_EVT type=content cls=androidx.drawerlayout.widget.DrawerLayout desc=null txt_len=0 pkg=com.larus.nova t_boot_ns=721296356813638
08-31 10:22:07.330 I/AnebProbe(14372): ADAPTER_OBS pkg=com.larus.nova mode=doubao events=952 rule_matched=42 first_delta_ms=0 cadence_p50_ms=100.0 session_span_ms=294907.0 confidence=LOW/INCONCLUSIVE reason=throttle ttft_send_ms=null anchor_source=null ttft_cluster_ms=4158.0 ttft_density_ms=null
08-31 10:22:07.438 I/AnebProbe(14372): ADAPTER_EVT type=content cls=androidx.drawerlayout.widget.DrawerLayout desc=null txt_len=0 pkg=com.larus.nova t_boot_ns=721296468625096
08-31 10:22:07.544 I/AnebProbe(14372): ADAPTER_EVT type=content cls=androidx.drawerlayout.widget.DrawerLayout desc=null txt_len=0 pkg=com.larus.nova t_boot_ns=721296575828742
08-31 10:22:07.638 I/AnebProbe(14372): ADAPTER_EVT type=content cls=androidx.drawerlayout.widget.DrawerLayout desc=null txt_len=0 pkg=com.larus.nova t_boot_ns=721296668967805
08-31 10:22:07.738 I/AnebProbe(14372): ADAPTER_EVT type=content cls=androidx.drawerlayout.widget.DrawerLayout desc=null txt_len=0 pkg=com.larus.nova t_boot_ns=721296769650096
08-31 10:22:07.855 I/AnebProbe(14372): ADAPTER_EVT type=content cls=androidx.drawerlayout.widget.DrawerLayout desc=null txt_len=0 pkg=com.larus.nova t_boot_ns=721296886746971
08-31 10:22:07.969 I/AnebProbe(14372): ADAPTER_EVT type=content cls=androidx.drawerlayout.widget.DrawerLayout desc=null txt_len=0 pkg=com.larus.nova t_boot_ns=721297000281346
08-31 10:22:08.083 I/AnebProbe(14372): ADAPTER_EVT type=content cls=androidx.drawerlayout.widget.DrawerLayout desc=null txt_len=0 pkg=com.larus.nova t_boot_ns=721297114060513
08-31 10:22:08.184 I/AnebProbe(14372): ADAPTER_EVT type=content cls=androidx.drawerlayout.widget.DrawerLayout desc=null txt_len=0 pkg=com.larus.nova t_boot_ns=721297215764159
08-31 10:22:08.300 I/AnebProbe(14372): ADAPTER_EVT type=content cls=androidx.drawerlayout.widget.DrawerLayout desc=null txt_len=0 pkg=com.larus.nova t_boot_ns=721297331560513
08-31 10:22:08.402 I/AnebProbe(14372): ADAPTER_EVT type=content cls=androidx.drawerlayout.widget.DrawerLayout desc=null txt_len=0 pkg=com.larus.nova t_boot_ns=721297432998013
08-31 10:22:08.515 I/AnebProbe(14372): ADAPTER_EVT type=content cls=androidx.drawerlayout.widget.DrawerLayout desc=null txt_len=0 pkg=com.larus.nova t_boot_ns=721297546496450
08-31 10:22:08.615 I/AnebProbe(14372): ADAPTER_EVT type=content cls=androidx.drawerlayout.widget.DrawerLayout desc=null txt_len=0 pkg=com.larus.nova t_boot_ns=721297646608429
08-31 10:22:08.728 I/AnebProbe(14372): ADAPTER_EVT type=content cls=androidx.drawerlayout.widget.DrawerLayout desc=null txt_len=0 pkg=com.larus.nova t_boot_ns=721297759813638
08-31 10:22:08.830 I/AnebProbe(14372): ADAPTER_EVT type=content cls=androidx.drawerlayout.widget.DrawerLayout desc=null txt_len=0 pkg=com.larus.nova t_boot_ns=721297861524054
08-31 10:22:08.934 I/AnebProbe(14372): ADAPTER_EVT type=content cls=androidx.drawerlayout.widget.DrawerLayout desc=null txt_len=0 pkg=com.larus.nova t_boot_ns=721297964700096
08-31 10:22:09.032 I/AnebProbe(14372): ADAPTER_EVT type=content cls=androidx.drawerlayout.widget.DrawerLayout desc=null txt_len=0 pkg=com.larus.nova t_boot_ns=721298063363117
08-31 10:22:09.143 I/AnebProbe(14372): ADAPTER_EVT type=content cls=androidx.drawerlayout.widget.DrawerLayout desc=null txt_len=0 pkg=com.larus.nova t_boot_ns=721298174881867
08-31 10:22:09.245 I/AnebProbe(14372): ADAPTER_EVT type=content cls=androidx.drawerlayout.widget.DrawerLayout desc=null txt_len=0 pkg=com.larus.nova t_boot_ns=721298276268846
08-31 10:22:09.360 I/AnebProbe(14372): ADAPTER_EVT type=content cls=androidx.drawerlayout.widget.DrawerLayout desc=null txt_len=0 pkg=com.larus.nova t_boot_ns=721298391248534
08-31 10:22:09.478 I/AnebProbe(14372): ADAPTER_EVT type=content cls=androidx.drawerlayout.widget.DrawerLayout desc=null txt_len=0 pkg=com.larus.nova t_boot_ns=721298508891242
08-31 10:22:09.592 I/AnebProbe(14372): ADAPTER_EVT type=content cls=androidx.drawerlayout.widget.DrawerLayout desc=null txt_len=0 pkg=com.larus.nova t_boot_ns=721298623618325
08-31 10:22:09.709 I/AnebProbe(14372): ADAPTER_EVT type=content cls=androidx.drawerlayout.widget.DrawerLayout desc=null txt_len=0 pkg=com.larus.nova t_boot_ns=721298740886033
08-31 10:22:09.810 I/AnebProbe(14372): ADAPTER_EVT type=content cls=androidx.drawerlayout.widget.DrawerLayout desc=null txt_len=0 pkg=com.larus.nova t_boot_ns=721298841290721
08-31 10:22:09.926 I/AnebProbe(14372): ADAPTER_EVT type=content cls=androidx.drawerlayout.widget.DrawerLayout desc=null txt_len=0 pkg=com.larus.nova t_boot_ns=721298957307908
08-31 10:22:10.027 I/AnebProbe(14372): ADAPTER_EVT type=content cls=androidx.drawerlayout.widget.DrawerLayout desc=null txt_len=0 pkg=com.larus.nova t_boot_ns=721299058102700
08-31 10:22:10.128 I/AnebProbe(14372): ADAPTER_EVT type=content cls=androidx.drawerlayout.widget.DrawerLayout desc=null txt_len=0 pkg=com.larus.nova t_boot_ns=721299159494367
08-31 10:22:10.229 I/AnebProbe(14372): ADAPTER_EVT type=content cls=androidx.drawerlayout.widget.DrawerLayout desc=null txt_len=0 pkg=com.larus.nova t_boot_ns=721299260327700
08-31 10:22:10.329 I/AnebProbe(14372): ADAPTER_EVT type=content cls=androidx.drawerlayout.widget.DrawerLayout desc=null txt_len=0 pkg=com.larus.nova t_boot_ns=721299360115200
08-31 10:22:10.437 I/AnebProbe(14372): ADAPTER_EVT type=content cls=androidx.drawerlayout.widget.DrawerLayout desc=null txt_len=0 pkg=com.larus.nova t_boot_ns=721299468091242
08-31 10:22:10.549 I/AnebProbe(14372): ADAPTER_EVT type=content cls=androidx.drawerlayout.widget.DrawerLayout desc=null txt_len=0 pkg=com.larus.nova t_boot_ns=721299580546971
08-31 10:22:10.651 I/AnebProbe(14372): ADAPTER_EVT type=content cls=androidx.drawerlayout.widget.DrawerLayout desc=null txt_len=0 pkg=com.larus.nova t_boot_ns=721299682590200
08-31 10:22:10.760 I/AnebProbe(14372): ADAPTER_EVT type=content cls=androidx.drawerlayout.widget.DrawerLayout desc=null txt_len=0 pkg=com.larus.nova t_boot_ns=721299791556346
08-31 10:22:10.900 I/AnebProbe(14372): ADAPTER_EVT type=content cls=androidx.drawerlayout.widget.DrawerLayout desc=null txt_len=0 pkg=com.larus.nova t_boot_ns=721299931640721
08-31 10:22:11.009 I/AnebProbe(14372): ADAPTER_EVT type=content cls=androidx.recyclerview.widget.RecyclerView desc=null txt_len=0 pkg=com.larus.nova t_boot_ns=721300039958429
08-31 10:22:11.125 I/AnebProbe(14372): ADAPTER_EVT type=content cls=androidx.drawerlayout.widget.DrawerLayout desc=null txt_len=0 pkg=com.larus.nova t_boot_ns=721300156199575
08-31 10:22:11.229 I/AnebProbe(14372): ADAPTER_EVT type=content cls=androidx.drawerlayout.widget.DrawerLayout desc=null txt_len=0 pkg=com.larus.nova t_boot_ns=721300260613117
08-31 10:22:11.343 I/AnebProbe(14372): ADAPTER_EVT type=content cls=androidx.recyclerview.widget.RecyclerView desc=null txt_len=0 pkg=com.larus.nova t_boot_ns=721300374073012
08-31 10:22:11.459 I/AnebProbe(14372): ADAPTER_EVT type=content cls=androidx.recyclerview.widget.RecyclerView desc=null txt_len=0 pkg=com.larus.nova t_boot_ns=721300490283429
08-31 10:22:11.559 I/AnebProbe(14372): ADAPTER_EVT type=content cls=androidx.recyclerview.widget.RecyclerView desc=null txt_len=0 pkg=com.larus.nova t_boot_ns=721300590518325
08-31 10:22:11.660 I/AnebProbe(14372): ADAPTER_EVT type=content cls=androidx.drawerlayout.widget.DrawerLayout desc=null txt_len=0 pkg=com.larus.nova t_boot_ns=721300691357908
08-31 10:22:20.756 I/AnebProbe(14372): ADAPTER_EVT type=content cls=androidx.recyclerview.widget.RecyclerView desc=null txt_len=0 pkg=com.larus.nova t_boot_ns=721309787207386
08-31 10:22:20.764 I/AnebProbe(14372): ADAPTER_OBS pkg=com.larus.nova mode=doubao events=993 rule_matched=47 first_delta_ms=0 cadence_p50_ms=100.6 session_span_ms=308337.4 confidence=LOW/INCONCLUSIVE reason=throttle ttft_send_ms=null anchor_source=null ttft_cluster_ms=4158.0 ttft_density_ms=null
08-31 10:22:20.828 I/AnebProbe(14372): ADAPTER_EVT type=content cls=androidx.recyclerview.widget.RecyclerView desc=null txt_len=0 pkg=com.larus.nova t_boot_ns=721309859430823
08-31 10:22:20.929 I/AnebProbe(14372): ADAPTER_EVT type=content cls=androidx.recyclerview.widget.RecyclerView desc=null txt_len=0 pkg=com.larus.nova t_boot_ns=721309960670407
08-31 10:22:21.029 I/AnebProbe(14372): ADAPTER_EVT type=content cls=androidx.recyclerview.widget.RecyclerView desc=null txt_len=0 pkg=com.larus.nova t_boot_ns=721310060755823
08-31 10:22:21.142 I/AnebProbe(14372): ADAPTER_EVT type=content cls=androidx.recyclerview.widget.RecyclerView desc=null txt_len=0 pkg=com.larus.nova t_boot_ns=721310172646448
08-31 10:23:05.305 I/AnebE4MARK(28786): E4MARK kind=answer_complete n=3
08-31 10:23:25.531 I/AnebProbe(14372): ADAPTER_EVT type=click cls=android.widget.ImageView desc=返回 txt_len=2 pkg=com.larus.nova t_boot_ns=721374562841751
08-31 10:23:25.535 I/AnebProbe(14372): ADAPTER_OBS pkg=com.larus.nova mode=doubao events=997 rule_matched=51 first_delta_ms=0 cadence_p50_ms=100.7 session_span_ms=308722.9 confidence=LOW/INCONCLUSIVE reason=throttle ttft_send_ms=null anchor_source=null ttft_cluster_ms=4158.0 ttft_density_ms=null
08-31 10:23:25.652 I/AnebProbe(14372): ADAPTER_EVT type=content cls=androidx.drawerlayout.widget.DrawerLayout desc=null txt_len=0 pkg=com.larus.nova t_boot_ns=721374683612064
08-31 10:23:25.768 I/AnebProbe(14372): ADAPTER_EVT type=content cls=androidx.drawerlayout.widget.DrawerLayout desc=null txt_len=0 pkg=com.larus.nova t_boot_ns=721374799651126
08-31 10:23:25.883 I/AnebProbe(14372): ADAPTER_EVT type=content cls=androidx.drawerlayout.widget.DrawerLayout desc=null txt_len=0 pkg=com.larus.nova t_boot_ns=721374914184459
08-31 10:23:25.957 I/AnebProbe(14372): ADAPTER_EVT type=content cls=androidx.drawerlayout.widget.DrawerLayout desc=null txt_len=0 pkg=com.larus.nova t_boot_ns=721374988223001
08-31 10:23:27.233 I/AnebProbe(14372): ADAPTER_EVT type=click cls=android.widget.ImageView desc=创建新对话 txt_len=5 pkg=com.larus.nova t_boot_ns=721376262818834
08-31 10:23:27.237 I/AnebProbe(14372): ADAPTER_EVT type=content cls=android.widget.FrameLayout desc=null txt_len=0 pkg=com.larus.nova t_boot_ns=721376268411542
08-31 10:23:27.486 I/AnebProbe(14372): ADAPTER_EVT type=content cls=androidx.drawerlayout.widget.DrawerLayout desc=null txt_len=0 pkg=com.larus.nova t_boot_ns=721376517787063
08-31 10:23:27.626 I/AnebProbe(14372): ADAPTER_EVT type=content cls=androidx.drawerlayout.widget.DrawerLayout desc=null txt_len=0 pkg=com.larus.nova t_boot_ns=721376657733938
08-31 10:23:27.696 I/AnebProbe(14372): ADAPTER_EVT type=content cls=androidx.drawerlayout.widget.DrawerLayout desc=null txt_len=0 pkg=com.larus.nova t_boot_ns=721376728126647
08-31 10:23:27.790 I/AnebProbe(14372): ADAPTER_EVT type=content cls=android.view.ViewGroup desc=null txt_len=0 pkg=com.larus.nova t_boot_ns=721376821749042
08-31 10:23:27.893 I/AnebProbe(14372): ADAPTER_EVT type=content cls=android.view.ViewGroup desc=null txt_len=0 pkg=com.larus.nova t_boot_ns=721376924112063
08-31 10:23:28.023 I/AnebProbe(14372): ADAPTER_EVT type=content cls=androidx.drawerlayout.widget.DrawerLayout desc=null txt_len=0 pkg=com.larus.nova t_boot_ns=721377054086022
08-31 10:23:28.122 I/AnebProbe(14372): ADAPTER_EVT type=content cls=androidx.drawerlayout.widget.DrawerLayout desc=null txt_len=0 pkg=com.larus.nova t_boot_ns=721377153399563
08-31 10:23:28.228 I/AnebProbe(14372): ADAPTER_EVT type=content cls=androidx.recyclerview.widget.RecyclerView desc=null txt_len=0 pkg=com.larus.nova t_boot_ns=721377258962063
08-31 10:23:28.343 I/AnebProbe(14372): ADAPTER_EVT type=content cls=android.view.ViewGroup desc=null txt_len=0 pkg=com.larus.nova t_boot_ns=721377374027688
08-31 10:23:28.455 I/AnebProbe(14372): ADAPTER_EVT type=content cls=android.view.ViewGroup desc=新对话，打开设置页 txt_len=0 pkg=com.larus.nova t_boot_ns=721377486459459
08-31 10:23:28.555 I/AnebProbe(14372): ADAPTER_EVT type=content cls=android.view.ViewGroup desc=null txt_len=0 pkg=com.larus.nova t_boot_ns=721377586221959
08-31 10:23:28.658 I/AnebProbe(14372): ADAPTER_EVT type=content cls=android.view.ViewGroup desc=null txt_len=0 pkg=com.larus.nova t_boot_ns=721377688991751
08-31 10:23:28.761 I/AnebProbe(14372): ADAPTER_EVT type=content cls=android.view.ViewGroup desc=null txt_len=0 pkg=com.larus.nova t_boot_ns=721377792749042
08-31 10:23:28.860 I/AnebProbe(14372): ADAPTER_EVT type=content cls=android.view.ViewGroup desc=null txt_len=0 pkg=com.larus.nova t_boot_ns=721377891657896
08-31 10:23:28.972 I/AnebProbe(14372): ADAPTER_EVT type=content cls=android.view.ViewGroup desc=null txt_len=0 pkg=com.larus.nova t_boot_ns=721378003198521
08-31 10:23:29.074 I/AnebProbe(14372): ADAPTER_EVT type=content cls=android.view.ViewGroup desc=null txt_len=0 pkg=com.larus.nova t_boot_ns=721378104963105
08-31 10:23:29.175 I/AnebProbe(14372): ADAPTER_EVT type=content cls=android.view.ViewGroup desc=null txt_len=0 pkg=com.larus.nova t_boot_ns=721378206230813
08-31 10:23:29.275 I/AnebProbe(14372): ADAPTER_EVT type=content cls=androidx.drawerlayout.widget.DrawerLayout desc=null txt_len=0 pkg=com.larus.nova t_boot_ns=721378306123001
08-31 10:23:29.376 I/AnebProbe(14372): ADAPTER_EVT type=content cls=android.view.ViewGroup desc=null txt_len=0 pkg=com.larus.nova t_boot_ns=721378407268834
08-31 10:23:29.486 I/AnebProbe(14372): ADAPTER_EVT type=content cls=android.view.ViewGroup desc=null txt_len=0 pkg=com.larus.nova t_boot_ns=721378517548521
08-31 10:23:30.133 I/AnebProbe(14372): ADAPTER_EVT type=content cls=android.view.ViewGroup desc=新对话，打开设置页 txt_len=0 pkg=com.larus.nova t_boot_ns=721379164843834
08-31 10:23:30.249 I/AnebProbe(14372): ADAPTER_EVT type=content cls=android.view.ViewGroup desc=null txt_len=0 pkg=com.larus.nova t_boot_ns=721379280632375
08-31 10:23:30.350 I/AnebProbe(14372): ADAPTER_EVT type=content cls=android.view.ViewGroup desc=null txt_len=0 pkg=com.larus.nova t_boot_ns=721379382049042
08-31 10:23:30.468 I/AnebProbe(14372): ADAPTER_EVT type=content cls=android.view.ViewGroup desc=null txt_len=0 pkg=com.larus.nova t_boot_ns=721379499224563
08-31 10:23:30.569 I/AnebProbe(14372): ADAPTER_EVT type=content cls=android.view.ViewGroup desc=null txt_len=0 pkg=com.larus.nova t_boot_ns=721379600341229
08-31 10:23:30.570 I/AnebProbe(14372): ADAPTER_OBS pkg=com.larus.nova mode=doubao events=1027 rule_matched=52 first_delta_ms=0 cadence_p50_ms=101.4 session_span_ms=378150.6 confidence=LOW/INCONCLUSIVE reason=throttle ttft_send_ms=null anchor_source=null ttft_cluster_ms=4158.0 ttft_density_ms=null
08-31 10:23:30.681 I/AnebProbe(14372): ADAPTER_EVT type=content cls=android.view.ViewGroup desc=null txt_len=0 pkg=com.larus.nova t_boot_ns=721379712465188
08-31 10:23:30.781 I/AnebProbe(14372): ADAPTER_EVT type=content cls=android.view.ViewGroup desc=null txt_len=0 pkg=com.larus.nova t_boot_ns=721379812423521
08-31 10:23:30.899 I/AnebProbe(14372): ADAPTER_EVT type=content cls=android.view.ViewGroup desc=null txt_len=0 pkg=com.larus.nova t_boot_ns=721379929902167
08-31 10:23:31.011 I/AnebProbe(14372): ADAPTER_EVT type=content cls=android.view.ViewGroup desc=null txt_len=0 pkg=com.larus.nova t_boot_ns=721380042382375
08-31 10:23:31.114 I/AnebProbe(14372): ADAPTER_EVT type=content cls=android.view.ViewGroup desc=null txt_len=0 pkg=com.larus.nova t_boot_ns=721380145115709
08-31 10:23:31.214 I/AnebProbe(14372): ADAPTER_EVT type=content cls=android.view.ViewGroup desc=null txt_len=0 pkg=com.larus.nova t_boot_ns=721380245075084
08-31 10:23:31.316 I/AnebProbe(14372): ADAPTER_EVT type=content cls=android.view.ViewGroup desc=null txt_len=0 pkg=com.larus.nova t_boot_ns=721380347776125
08-31 10:23:31.432 I/AnebProbe(14372): ADAPTER_EVT type=content cls=android.view.ViewGroup desc=null txt_len=0 pkg=com.larus.nova t_boot_ns=721380463605813
08-31 10:23:31.479 I/AnebProbe(14372): ADAPTER_EVT type=content cls=android.view.ViewGroup desc=null txt_len=0 pkg=com.larus.nova t_boot_ns=721380510636021
08-31 10:23:31.480 I/AnebProbe(14372): ADAPTER_EVT type=content cls=android.widget.EditText desc=null txt_len=1 pkg=com.larus.nova t_boot_ns=721380511017792
08-31 10:23:31.485 I/AnebProbe(14372): ADAPTER_EVT type=content cls=android.view.ViewGroup desc=null txt_len=0 pkg=com.larus.nova t_boot_ns=721380516627167
08-31 10:23:31.533 I/AnebProbe(14372): ADAPTER_EVT type=content cls=android.view.ViewGroup desc=null txt_len=0 pkg=com.larus.nova t_boot_ns=721380564830813
08-31 10:23:31.534 I/AnebProbe(14372): ADAPTER_EVT type=content cls=android.widget.EditText desc=null txt_len=2 pkg=com.larus.nova t_boot_ns=721380565180813
08-31 10:23:31.558 I/AnebProbe(14372): ADAPTER_EVT type=content cls=android.view.ViewGroup desc=null txt_len=0 pkg=com.larus.nova t_boot_ns=721380589895917
08-31 10:23:31.559 I/AnebProbe(14372): ADAPTER_EVT type=content cls=android.widget.EditText desc=null txt_len=3 pkg=com.larus.nova t_boot_ns=721380590204771
08-31 10:23:31.568 I/AnebProbe(14372): ADAPTER_EVT type=content cls=android.widget.EditText desc=null txt_len=4 pkg=com.larus.nova t_boot_ns=721380599804771
08-31 10:23:31.591 I/AnebProbe(14372): ADAPTER_EVT type=content cls=android.view.ViewGroup desc=null txt_len=0 pkg=com.larus.nova t_boot_ns=721380623006854
08-31 10:23:31.592 I/AnebProbe(14372): ADAPTER_EVT type=content cls=android.widget.EditText desc=null txt_len=5 pkg=com.larus.nova t_boot_ns=721380623369875
08-31 10:23:31.603 I/AnebProbe(14372): ADAPTER_EVT type=content cls=android.widget.EditText desc=null txt_len=6 pkg=com.larus.nova t_boot_ns=721380634168833
08-31 10:23:31.627 I/AnebProbe(14372): ADAPTER_EVT type=content cls=android.view.ViewGroup desc=null txt_len=0 pkg=com.larus.nova t_boot_ns=721380658748000
08-31 10:23:31.628 I/AnebProbe(14372): ADAPTER_EVT type=content cls=android.widget.EditText desc=null txt_len=7 pkg=com.larus.nova t_boot_ns=721380659112583
08-31 10:23:31.649 I/AnebProbe(14372): ADAPTER_EVT type=content cls=android.view.ViewGroup desc=null txt_len=0 pkg=com.larus.nova t_boot_ns=721380680203208
08-31 10:23:31.649 I/AnebProbe(14372): ADAPTER_EVT type=content cls=android.widget.EditText desc=null txt_len=8 pkg=com.larus.nova t_boot_ns=721380680611542
08-31 10:23:31.674 I/AnebProbe(14372): ADAPTER_EVT type=content cls=android.view.ViewGroup desc=null txt_len=0 pkg=com.larus.nova t_boot_ns=721380705746438
08-31 10:23:31.675 I/AnebProbe(14372): ADAPTER_EVT type=content cls=android.widget.EditText desc=null txt_len=9 pkg=com.larus.nova t_boot_ns=721380706091229
08-31 10:23:31.685 I/AnebProbe(14372): ADAPTER_EVT type=content cls=android.widget.EditText desc=null txt_len=10 pkg=com.larus.nova t_boot_ns=721380716438625
08-31 10:23:31.709 I/AnebProbe(14372): ADAPTER_EVT type=content cls=android.view.ViewGroup desc=null txt_len=0 pkg=com.larus.nova t_boot_ns=721380740336542
08-31 10:23:31.709 I/AnebProbe(14372): ADAPTER_EVT type=content cls=android.widget.EditText desc=null txt_len=11 pkg=com.larus.nova t_boot_ns=721380740731854
08-31 10:23:31.730 I/AnebProbe(14372): ADAPTER_EVT type=content cls=android.view.ViewGroup desc=null txt_len=0 pkg=com.larus.nova t_boot_ns=721380761613104
08-31 10:23:31.730 I/AnebProbe(14372): ADAPTER_EVT type=content cls=android.widget.EditText desc=null txt_len=12 pkg=com.larus.nova t_boot_ns=721380761920396
08-31 10:23:31.749 I/AnebProbe(14372): ADAPTER_EVT type=content cls=android.view.ViewGroup desc=null txt_len=0 pkg=com.larus.nova t_boot_ns=721380780688625
08-31 10:23:31.749 I/AnebProbe(14372): ADAPTER_EVT type=content cls=android.widget.EditText desc=null txt_len=13 pkg=com.larus.nova t_boot_ns=721380780979250
08-31 10:23:31.780 I/AnebProbe(14372): ADAPTER_EVT type=content cls=android.view.ViewGroup desc=null txt_len=0 pkg=com.larus.nova t_boot_ns=721380811565188
08-31 10:23:31.780 I/AnebProbe(14372): ADAPTER_EVT type=content cls=android.widget.EditText desc=null txt_len=14 pkg=com.larus.nova t_boot_ns=721380811843313
08-31 10:23:31.808 I/AnebProbe(14372): ADAPTER_EVT type=content cls=android.view.ViewGroup desc=null txt_len=0 pkg=com.larus.nova t_boot_ns=721380839807896
08-31 10:23:31.808 I/AnebProbe(14372): ADAPTER_EVT type=content cls=android.widget.EditText desc=null txt_len=15 pkg=com.larus.nova t_boot_ns=721380840059458
08-31 10:23:31.816 I/AnebProbe(14372): ADAPTER_EVT type=content cls=android.widget.EditText desc=null txt_len=16 pkg=com.larus.nova t_boot_ns=721380847791229
08-31 10:23:31.831 I/AnebProbe(14372): ADAPTER_EVT type=content cls=android.view.ViewGroup desc=null txt_len=0 pkg=com.larus.nova t_boot_ns=721380862891229
08-31 10:23:31.832 I/AnebProbe(14372): ADAPTER_EVT type=content cls=android.widget.EditText desc=null txt_len=17 pkg=com.larus.nova t_boot_ns=721380863179250
08-31 10:23:31.849 I/AnebProbe(14372): ADAPTER_EVT type=content cls=android.view.ViewGroup desc=null txt_len=0 pkg=com.larus.nova t_boot_ns=721380880781854
08-31 10:23:31.849 I/AnebProbe(14372): ADAPTER_EVT type=content cls=android.widget.EditText desc=null txt_len=18 pkg=com.larus.nova t_boot_ns=721380881051646
08-31 10:23:31.864 I/AnebProbe(14372): ADAPTER_EVT type=content cls=android.view.ViewGroup desc=null txt_len=0 pkg=com.larus.nova t_boot_ns=721380895595917
08-31 10:23:31.864 I/AnebProbe(14372): ADAPTER_EVT type=content cls=android.widget.EditText desc=null txt_len=19 pkg=com.larus.nova t_boot_ns=721380895861021
08-31 10:23:31.880 I/AnebProbe(14372): ADAPTER_EVT type=content cls=android.view.ViewGroup desc=null txt_len=0 pkg=com.larus.nova t_boot_ns=721380911862063
08-31 10:23:31.881 I/AnebProbe(14372): ADAPTER_EVT type=content cls=android.widget.EditText desc=null txt_len=20 pkg=com.larus.nova t_boot_ns=721380912218833
08-31 10:23:31.898 I/AnebProbe(14372): ADAPTER_EVT type=content cls=android.view.ViewGroup desc=null txt_len=0 pkg=com.larus.nova t_boot_ns=721380929581333
08-31 10:23:31.898 I/AnebProbe(14372): ADAPTER_EVT type=content cls=android.widget.EditText desc=null txt_len=21 pkg=com.larus.nova t_boot_ns=721380929936542
08-31 10:23:31.914 I/AnebProbe(14372): ADAPTER_EVT type=content cls=android.view.ViewGroup desc=null txt_len=0 pkg=com.larus.nova t_boot_ns=721380945853729
08-31 10:23:31.915 I/AnebProbe(14372): ADAPTER_EVT type=content cls=android.widget.EditText desc=null txt_len=22 pkg=com.larus.nova t_boot_ns=721380946137583
08-31 10:23:31.931 I/AnebProbe(14372): ADAPTER_EVT type=content cls=android.view.ViewGroup desc=null txt_len=0 pkg=com.larus.nova t_boot_ns=721380962190188
08-31 10:23:31.931 I/AnebProbe(14372): ADAPTER_EVT type=content cls=android.widget.EditText desc=null txt_len=23 pkg=com.larus.nova t_boot_ns=721380962469875
08-31 10:23:31.949 I/AnebProbe(14372): ADAPTER_EVT type=content cls=android.view.ViewGroup desc=null txt_len=0 pkg=com.larus.nova t_boot_ns=721380980756854
08-31 10:23:31.950 I/AnebProbe(14372): ADAPTER_EVT type=content cls=android.widget.EditText desc=null txt_len=24 pkg=com.larus.nova t_boot_ns=721380981335500
08-31 10:23:31.968 I/AnebProbe(14372): ADAPTER_EVT type=content cls=android.view.ViewGroup desc=null txt_len=0 pkg=com.larus.nova t_boot_ns=721380999242271
08-31 10:23:31.968 I/AnebProbe(14372): ADAPTER_EVT type=content cls=android.widget.EditText desc=null txt_len=25 pkg=com.larus.nova t_boot_ns=721380999599563
08-31 10:23:31.989 I/AnebProbe(14372): ADAPTER_EVT type=content cls=android.view.ViewGroup desc=null txt_len=0 pkg=com.larus.nova t_boot_ns=721381020221958
08-31 10:23:31.989 I/AnebProbe(14372): ADAPTER_EVT type=content cls=android.widget.EditText desc=null txt_len=26 pkg=com.larus.nova t_boot_ns=721381020659979
08-31 10:23:31.999 I/AnebProbe(14372): ADAPTER_EVT type=content cls=android.widget.EditText desc=null txt_len=27 pkg=com.larus.nova t_boot_ns=721381030526125
08-31 10:23:32.017 I/AnebProbe(14372): ADAPTER_EVT type=content cls=android.view.ViewGroup desc=null txt_len=0 pkg=com.larus.nova t_boot_ns=721381048069875
08-31 10:23:32.017 I/AnebProbe(14372): ADAPTER_EVT type=content cls=android.widget.EditText desc=null txt_len=28 pkg=com.larus.nova t_boot_ns=721381048409979
08-31 10:23:32.038 I/AnebProbe(14372): ADAPTER_EVT type=content cls=android.view.ViewGroup desc=null txt_len=0 pkg=com.larus.nova t_boot_ns=721381070017792
08-31 10:23:32.039 I/AnebProbe(14372): ADAPTER_EVT type=content cls=android.widget.EditText desc=null txt_len=29 pkg=com.larus.nova t_boot_ns=721381070361542
08-31 10:23:32.049 I/AnebProbe(14372): ADAPTER_EVT type=content cls=android.widget.EditText desc=null txt_len=30 pkg=com.larus.nova t_boot_ns=721381079971438
08-31 10:23:32.075 I/AnebProbe(14372): ADAPTER_EVT type=content cls=android.view.ViewGroup desc=null txt_len=0 pkg=com.larus.nova t_boot_ns=721381106340708
08-31 10:23:32.075 I/AnebProbe(14372): ADAPTER_EVT type=content cls=android.widget.EditText desc=null txt_len=31 pkg=com.larus.nova t_boot_ns=721381106787063
08-31 10:23:32.097 I/AnebProbe(14372): ADAPTER_EVT type=content cls=android.view.ViewGroup desc=null txt_len=0 pkg=com.larus.nova t_boot_ns=721381128559458
08-31 10:23:32.098 I/AnebProbe(14372): ADAPTER_EVT type=content cls=android.widget.EditText desc=null txt_len=32 pkg=com.larus.nova t_boot_ns=721381128969354
08-31 10:23:32.122 I/AnebProbe(14372): ADAPTER_EVT type=content cls=android.view.ViewGroup desc=null txt_len=0 pkg=com.larus.nova t_boot_ns=721381153930292
08-31 10:23:32.123 I/AnebProbe(14372): ADAPTER_EVT type=content cls=android.widget.EditText desc=null txt_len=33 pkg=com.larus.nova t_boot_ns=721381154422479
08-31 10:23:32.145 I/AnebProbe(14372): ADAPTER_EVT type=content cls=android.view.ViewGroup desc=null txt_len=0 pkg=com.larus.nova t_boot_ns=721381176189146
08-31 10:23:32.145 I/AnebProbe(14372): ADAPTER_EVT type=content cls=android.widget.EditText desc=null txt_len=34 pkg=com.larus.nova t_boot_ns=721381176859458
08-31 10:23:32.164 I/AnebProbe(14372): ADAPTER_EVT type=content cls=android.view.ViewGroup desc=null txt_len=0 pkg=com.larus.nova t_boot_ns=721381195601646
08-31 10:23:32.164 I/AnebProbe(14372): ADAPTER_EVT type=content cls=android.widget.EditText desc=null txt_len=35 pkg=com.larus.nova t_boot_ns=721381195826646
08-31 10:23:32.180 I/AnebProbe(14372): ADAPTER_EVT type=content cls=android.view.ViewGroup desc=null txt_len=0 pkg=com.larus.nova t_boot_ns=721381211255292
08-31 10:23:32.180 I/AnebProbe(14372): ADAPTER_EVT type=content cls=android.widget.EditText desc=null txt_len=36 pkg=com.larus.nova t_boot_ns=721381211380292
08-31 10:23:32.196 I/AnebProbe(14372): ADAPTER_EVT type=content cls=android.view.ViewGroup desc=null txt_len=0 pkg=com.larus.nova t_boot_ns=721381227472479
08-31 10:23:32.196 I/AnebProbe(14372): ADAPTER_EVT type=content cls=android.widget.EditText desc=null txt_len=37 pkg=com.larus.nova t_boot_ns=721381227600083
08-31 10:23:32.209 I/AnebProbe(14372): ADAPTER_EVT type=content cls=android.view.ViewGroup desc=null txt_len=0 pkg=com.larus.nova t_boot_ns=721381240642792
08-31 10:23:32.209 I/AnebProbe(14372): ADAPTER_EVT type=content cls=android.widget.EditText desc=null txt_len=38 pkg=com.larus.nova t_boot_ns=721381240762583
08-31 10:23:32.222 I/AnebProbe(14372): ADAPTER_EVT type=content cls=android.view.ViewGroup desc=null txt_len=0 pkg=com.larus.nova t_boot_ns=721381253491229
08-31 10:23:32.222 I/AnebProbe(14372): ADAPTER_EVT type=content cls=android.widget.EditText desc=null txt_len=39 pkg=com.larus.nova t_boot_ns=721381253627167
08-31 10:23:32.228 I/AnebProbe(14372): ADAPTER_EVT type=content cls=android.widget.EditText desc=null txt_len=40 pkg=com.larus.nova t_boot_ns=721381259952167
08-31 10:23:32.241 I/AnebProbe(14372): ADAPTER_EVT type=content cls=android.view.ViewGroup desc=null txt_len=0 pkg=com.larus.nova t_boot_ns=721381273124563
08-31 10:23:32.242 I/AnebProbe(14372): ADAPTER_EVT type=content cls=android.widget.EditText desc=null txt_len=41 pkg=com.larus.nova t_boot_ns=721381273292792
08-31 10:23:32.248 I/AnebProbe(14372): ADAPTER_EVT type=content cls=android.widget.EditText desc=null txt_len=42 pkg=com.larus.nova t_boot_ns=721381279313625
08-31 10:23:32.260 I/AnebProbe(14372): ADAPTER_EVT type=content cls=android.view.ViewGroup desc=null txt_len=0 pkg=com.larus.nova t_boot_ns=721381292154771
08-31 10:23:32.261 I/AnebProbe(14372): ADAPTER_EVT type=content cls=android.widget.EditText desc=null txt_len=43 pkg=com.larus.nova t_boot_ns=721381292284458
08-31 10:23:32.274 I/AnebProbe(14372): ADAPTER_EVT type=content cls=android.view.ViewGroup desc=null txt_len=0 pkg=com.larus.nova t_boot_ns=721381305641750
08-31 10:23:32.274 I/AnebProbe(14372): ADAPTER_EVT type=content cls=android.widget.EditText desc=null txt_len=44 pkg=com.larus.nova t_boot_ns=721381305780813
08-31 10:23:32.280 I/AnebProbe(14372): ADAPTER_EVT type=content cls=android.widget.EditText desc=null txt_len=45 pkg=com.larus.nova t_boot_ns=721381311763625
08-31 10:23:32.293 I/AnebProbe(14372): ADAPTER_EVT type=content cls=android.view.ViewGroup desc=null txt_len=0 pkg=com.larus.nova t_boot_ns=721381325107375
08-31 10:23:32.294 I/AnebProbe(14372): ADAPTER_EVT type=content cls=android.widget.EditText desc=null txt_len=46 pkg=com.larus.nova t_boot_ns=721381325310500
08-31 10:23:32.308 I/AnebProbe(14372): ADAPTER_EVT type=content cls=android.view.ViewGroup desc=null txt_len=0 pkg=com.larus.nova t_boot_ns=721381339685500
08-31 10:23:32.308 I/AnebProbe(14372): ADAPTER_EVT type=content cls=android.widget.EditText desc=null txt_len=47 pkg=com.larus.nova t_boot_ns=721381339805813
08-31 10:23:32.322 I/AnebProbe(14372): ADAPTER_EVT type=content cls=android.view.ViewGroup desc=null txt_len=0 pkg=com.larus.nova t_boot_ns=721381353614146
08-31 10:23:32.322 I/AnebProbe(14372): ADAPTER_EVT type=content cls=android.widget.EditText desc=null txt_len=48 pkg=com.larus.nova t_boot_ns=721381353803729
08-31 10:23:32.329 I/AnebProbe(14372): ADAPTER_EVT type=content cls=android.widget.EditText desc=null txt_len=49 pkg=com.larus.nova t_boot_ns=721381360566229
08-31 10:23:32.342 I/AnebProbe(14372): ADAPTER_EVT type=content cls=android.view.ViewGroup desc=null txt_len=0 pkg=com.larus.nova t_boot_ns=721381373824563
08-31 10:23:32.342 I/AnebProbe(14372): ADAPTER_EVT type=content cls=android.widget.EditText desc=null txt_len=50 pkg=com.larus.nova t_boot_ns=721381373993313
08-31 10:23:32.355 I/AnebProbe(14372): ADAPTER_EVT type=content cls=android.view.ViewGroup desc=null txt_len=0 pkg=com.larus.nova t_boot_ns=721381387016229
08-31 10:23:32.356 I/AnebProbe(14372): ADAPTER_EVT type=content cls=android.widget.EditText desc=null txt_len=51 pkg=com.larus.nova t_boot_ns=721381387183417
08-31 10:23:32.362 I/AnebProbe(14372): ADAPTER_EVT type=content cls=android.widget.EditText desc=null txt_len=52 pkg=com.larus.nova t_boot_ns=721381393798000
08-31 10:23:32.378 I/AnebProbe(14372): ADAPTER_EVT type=content cls=android.view.ViewGroup desc=null txt_len=0 pkg=com.larus.nova t_boot_ns=721381409572479
08-31 10:23:32.379 I/AnebProbe(14372): ADAPTER_EVT type=content cls=android.widget.EditText desc=null txt_len=53 pkg=com.larus.nova t_boot_ns=721381410213625
08-31 10:23:32.393 I/AnebProbe(14372): ADAPTER_EVT type=content cls=android.view.ViewGroup desc=null txt_len=0 pkg=com.larus.nova t_boot_ns=721381424562063
08-31 10:23:32.393 I/AnebProbe(14372): ADAPTER_EVT type=content cls=android.widget.EditText desc=null txt_len=54 pkg=com.larus.nova t_boot_ns=721381424711542
08-31 10:23:32.408 I/AnebProbe(14372): ADAPTER_EVT type=content cls=android.view.ViewGroup desc=null txt_len=0 pkg=com.larus.nova t_boot_ns=721381440057375
08-31 10:23:32.409 I/AnebProbe(14372): ADAPTER_EVT type=content cls=android.widget.EditText desc=null txt_len=55 pkg=com.larus.nova t_boot_ns=721381440230813
08-31 10:23:32.424 I/AnebProbe(14372): ADAPTER_EVT type=content cls=android.view.ViewGroup desc=null txt_len=0 pkg=com.larus.nova t_boot_ns=721381455713625
08-31 10:23:32.424 I/AnebProbe(14372): ADAPTER_EVT type=content cls=android.widget.EditText desc=null txt_len=56 pkg=com.larus.nova t_boot_ns=721381455872479
08-31 10:23:32.535 I/AnebProbe(14372): ADAPTER_EVT type=content cls=android.view.ViewGroup desc=null txt_len=0 pkg=com.larus.nova t_boot_ns=721381566409458
08-31 10:23:32.638 I/AnebProbe(14372): ADAPTER_EVT type=content cls=android.view.ViewGroup desc=null txt_len=0 pkg=com.larus.nova t_boot_ns=721381668956854
08-31 10:23:32.753 I/AnebProbe(14372): ADAPTER_EVT type=content cls=android.view.ViewGroup desc=null txt_len=0 pkg=com.larus.nova t_boot_ns=721381784539667
08-31 10:23:32.868 I/AnebProbe(14372): ADAPTER_EVT type=content cls=android.view.ViewGroup desc=null txt_len=0 pkg=com.larus.nova t_boot_ns=721381899960500
08-31 10:23:32.969 I/AnebProbe(14372): ADAPTER_EVT type=content cls=android.view.ViewGroup desc=null txt_len=0 pkg=com.larus.nova t_boot_ns=721382000184458
08-31 10:23:33.088 I/AnebProbe(14372): ADAPTER_EVT type=content cls=android.view.ViewGroup desc=null txt_len=0 pkg=com.larus.nova t_boot_ns=721382119652687
08-31 10:23:33.202 I/AnebProbe(14372): ADAPTER_EVT type=content cls=android.view.ViewGroup desc=null txt_len=0 pkg=com.larus.nova t_boot_ns=721382233561021
08-31 10:23:33.308 I/AnebProbe(14372): ADAPTER_EVT type=content cls=android.view.ViewGroup desc=null txt_len=0 pkg=com.larus.nova t_boot_ns=721382339063104
08-31 10:23:33.419 I/AnebProbe(14372): ADAPTER_EVT type=content cls=android.view.ViewGroup desc=null txt_len=0 pkg=com.larus.nova t_boot_ns=721382449975604
08-31 10:23:33.521 I/AnebProbe(14372): ADAPTER_EVT type=content cls=android.view.ViewGroup desc=null txt_len=0 pkg=com.larus.nova t_boot_ns=721382552664146
08-31 10:23:33.638 I/AnebProbe(14372): ADAPTER_EVT type=content cls=android.view.ViewGroup desc=null txt_len=0 pkg=com.larus.nova t_boot_ns=721382669884458
08-31 10:23:33.753 I/AnebProbe(14372): ADAPTER_EVT type=content cls=android.view.ViewGroup desc=null txt_len=0 pkg=com.larus.nova t_boot_ns=721382784544354
08-31 10:23:33.854 I/AnebProbe(14372): ADAPTER_EVT type=content cls=android.view.ViewGroup desc=null txt_len=0 pkg=com.larus.nova t_boot_ns=721382885127687
08-31 10:23:33.964 I/AnebProbe(14372): ADAPTER_EVT type=content cls=android.view.ViewGroup desc=null txt_len=0 pkg=com.larus.nova t_boot_ns=721382995083416
08-31 10:23:34.078 I/AnebProbe(14372): ADAPTER_EVT type=content cls=android.view.ViewGroup desc=null txt_len=0 pkg=com.larus.nova t_boot_ns=721383109817271
08-31 10:23:34.184 I/AnebProbe(14372): ADAPTER_EVT type=content cls=android.view.ViewGroup desc=null txt_len=0 pkg=com.larus.nova t_boot_ns=721383215374041
08-31 10:23:34.299 I/AnebProbe(14372): ADAPTER_EVT type=content cls=android.view.ViewGroup desc=null txt_len=0 pkg=com.larus.nova t_boot_ns=721383330270396
08-31 10:23:34.402 I/AnebProbe(14372): ADAPTER_EVT type=content cls=android.view.ViewGroup desc=null txt_len=0 pkg=com.larus.nova t_boot_ns=721383433600083
08-31 10:23:34.414 I/AnebE4MARK(29200): E4MARK kind=turn_start n=4
08-31 10:23:34.512 I/AnebProbe(14372): ADAPTER_EVT type=content cls=android.view.ViewGroup desc=null txt_len=0 pkg=com.larus.nova t_boot_ns=721383543580291
08-31 10:23:34.556 I/AnebProbe(14372): ADAPTER_EVT type=content cls=android.view.ViewGroup desc=null txt_len=0 pkg=com.larus.nova t_boot_ns=721383587697479
08-31 10:23:34.596 I/AnebProbe(14372): ADAPTER_EVT type=content cls=android.view.ViewGroup desc=null txt_len=0 pkg=com.larus.nova t_boot_ns=721383628084458
08-31 10:23:34.698 I/AnebProbe(14372): ADAPTER_EVT type=content cls=android.view.ViewGroup desc=null txt_len=0 pkg=com.larus.nova t_boot_ns=721383729378208
08-31 10:23:34.952 I/AnebProbe(14372): ADAPTER_EVT type=content cls=androidx.drawerlayout.widget.DrawerLayout desc=null txt_len=0 pkg=com.larus.nova t_boot_ns=721383983483937
08-31 10:23:35.052 I/AnebProbe(14372): ADAPTER_EVT type=content cls=androidx.drawerlayout.widget.DrawerLayout desc=null txt_len=0 pkg=com.larus.nova t_boot_ns=721384083531854
08-31 10:23:35.403 I/AnebProbe(14372): ADAPTER_EVT type=content cls=androidx.drawerlayout.widget.DrawerLayout desc=null txt_len=0 pkg=com.larus.nova t_boot_ns=721384434929770
08-31 10:23:35.614 I/AnebProbe(14372): ADAPTER_EVT type=content cls=android.widget.TextView desc=null txt_len=0 pkg=com.larus.nova t_boot_ns=721384645441229
08-31 10:23:35.617 I/AnebProbe(14372): ADAPTER_OBS pkg=com.larus.nova mode=doubao events=1163 rule_matched=53 first_delta_ms=0 cadence_p50_ms=100.1 session_span_ms=383195.7 confidence=LOW/INCONCLUSIVE reason=throttle ttft_send_ms=null anchor_source=null ttft_cluster_ms=null ttft_density_ms=null
08-31 10:23:35.713 I/AnebProbe(14372): ADAPTER_EVT type=content cls=androidx.drawerlayout.widget.DrawerLayout desc=null txt_len=0 pkg=com.larus.nova t_boot_ns=721384744491750
08-31 10:23:36.362 I/AnebProbe(14372): ADAPTER_EVT type=content cls=android.widget.FrameLayout desc=打电话 txt_len=0 pkg=com.larus.nova t_boot_ns=721385393546958
08-31 10:23:36.462 I/AnebProbe(14372): ADAPTER_EVT type=content cls=androidx.drawerlayout.widget.DrawerLayout desc=null txt_len=0 pkg=com.larus.nova t_boot_ns=721385493125083
08-31 10:23:36.562 I/AnebProbe(14372): ADAPTER_EVT type=content cls=androidx.drawerlayout.widget.DrawerLayout desc=null txt_len=0 pkg=com.larus.nova t_boot_ns=721385593968833
08-31 10:23:36.722 I/AnebProbe(14372): ADAPTER_EVT type=content cls=androidx.recyclerview.widget.RecyclerView desc=null txt_len=0 pkg=com.larus.nova t_boot_ns=721385753417270
08-31 10:23:36.818 I/AnebProbe(14372): ADAPTER_EVT type=content cls=androidx.recyclerview.widget.RecyclerView desc=null txt_len=0 pkg=com.larus.nova t_boot_ns=721385849592791
08-31 10:23:37.099 I/AnebProbe(14372): ADAPTER_EVT type=content cls=android.view.ViewGroup desc=null txt_len=0 pkg=com.larus.nova t_boot_ns=721386130562062
08-31 10:23:37.417 I/AnebProbe(14372): ADAPTER_EVT type=content cls=androidx.drawerlayout.widget.DrawerLayout desc=null txt_len=0 pkg=com.larus.nova t_boot_ns=721386448091749
08-31 10:23:37.717 I/AnebProbe(14372): ADAPTER_EVT type=content cls=androidx.drawerlayout.widget.DrawerLayout desc=null txt_len=0 pkg=com.larus.nova t_boot_ns=721386748608416
08-31 10:23:37.817 I/AnebProbe(14372): ADAPTER_EVT type=content cls=androidx.drawerlayout.widget.DrawerLayout desc=null txt_len=0 pkg=com.larus.nova t_boot_ns=721386848398520
08-31 10:23:38.560 I/AnebProbe(14372): ADAPTER_EVT type=content cls=androidx.drawerlayout.widget.DrawerLayout desc=null txt_len=0 pkg=com.larus.nova t_boot_ns=721387591533416
08-31 10:23:38.870 I/AnebProbe(14372): ADAPTER_EVT type=content cls=androidx.drawerlayout.widget.DrawerLayout desc=null txt_len=0 pkg=com.larus.nova t_boot_ns=721387900978207
08-31 10:23:38.970 I/AnebProbe(14372): ADAPTER_EVT type=content cls=androidx.drawerlayout.widget.DrawerLayout desc=null txt_len=0 pkg=com.larus.nova t_boot_ns=721388000986020
08-31 10:23:39.070 I/AnebProbe(14372): ADAPTER_EVT type=content cls=androidx.drawerlayout.widget.DrawerLayout desc=null txt_len=0 pkg=com.larus.nova t_boot_ns=721388101514666
08-31 10:23:39.182 I/AnebProbe(14372): ADAPTER_EVT type=content cls=androidx.drawerlayout.widget.DrawerLayout desc=null txt_len=0 pkg=com.larus.nova t_boot_ns=721388213502686
08-31 10:23:39.282 I/AnebProbe(14372): ADAPTER_EVT type=content cls=androidx.drawerlayout.widget.DrawerLayout desc=null txt_len=0 pkg=com.larus.nova t_boot_ns=721388313435499
08-31 10:23:39.383 I/AnebProbe(14372): ADAPTER_EVT type=content cls=androidx.drawerlayout.widget.DrawerLayout desc=null txt_len=0 pkg=com.larus.nova t_boot_ns=721388413879770
08-31 10:23:39.485 I/AnebProbe(14372): ADAPTER_EVT type=content cls=androidx.drawerlayout.widget.DrawerLayout desc=null txt_len=0 pkg=com.larus.nova t_boot_ns=721388516461541
08-31 10:23:39.599 I/AnebProbe(14372): ADAPTER_EVT type=content cls=androidx.drawerlayout.widget.DrawerLayout desc=null txt_len=0 pkg=com.larus.nova t_boot_ns=721388630427686
08-31 10:23:39.715 I/AnebProbe(14372): ADAPTER_EVT type=content cls=androidx.drawerlayout.widget.DrawerLayout desc=null txt_len=0 pkg=com.larus.nova t_boot_ns=721388746609978
08-31 10:23:39.816 I/AnebProbe(14372): ADAPTER_EVT type=content cls=androidx.drawerlayout.widget.DrawerLayout desc=null txt_len=0 pkg=com.larus.nova t_boot_ns=721388847423520
08-31 10:23:39.931 I/AnebProbe(14372): ADAPTER_EVT type=content cls=androidx.drawerlayout.widget.DrawerLayout desc=null txt_len=0 pkg=com.larus.nova t_boot_ns=721388962596957
08-31 10:23:40.050 I/AnebProbe(14372): ADAPTER_EVT type=content cls=androidx.drawerlayout.widget.DrawerLayout desc=null txt_len=0 pkg=com.larus.nova t_boot_ns=721389080961020
08-31 10:23:40.149 I/AnebProbe(14372): ADAPTER_EVT type=content cls=androidx.drawerlayout.widget.DrawerLayout desc=null txt_len=0 pkg=com.larus.nova t_boot_ns=721389180206853
08-31 10:23:40.261 I/AnebProbe(14372): ADAPTER_EVT type=content cls=androidx.drawerlayout.widget.DrawerLayout desc=null txt_len=0 pkg=com.larus.nova t_boot_ns=721389292719353
08-31 10:23:40.361 I/AnebProbe(14372): ADAPTER_EVT type=content cls=androidx.drawerlayout.widget.DrawerLayout desc=null txt_len=0 pkg=com.larus.nova t_boot_ns=721389392107374
08-31 10:23:40.463 I/AnebProbe(14372): ADAPTER_EVT type=content cls=androidx.drawerlayout.widget.DrawerLayout desc=null txt_len=0 pkg=com.larus.nova t_boot_ns=721389494581853
08-31 10:23:40.577 I/AnebProbe(14372): ADAPTER_EVT type=content cls=androidx.drawerlayout.widget.DrawerLayout desc=null txt_len=0 pkg=com.larus.nova t_boot_ns=721389608028728
08-31 10:23:40.678 I/AnebProbe(14372): ADAPTER_EVT type=content cls=androidx.drawerlayout.widget.DrawerLayout desc=null txt_len=0 pkg=com.larus.nova t_boot_ns=721389708801645
08-31 10:23:40.683 I/AnebProbe(14372): ADAPTER_OBS pkg=com.larus.nova mode=doubao events=1192 rule_matched=55 first_delta_ms=0 cadence_p50_ms=100.0 session_span_ms=388259.0 confidence=LOW/INCONCLUSIVE reason=throttle ttft_send_ms=null anchor_source=null ttft_cluster_ms=3827.1 ttft_density_ms=null
08-31 10:23:40.777 I/AnebProbe(14372): ADAPTER_EVT type=content cls=androidx.drawerlayout.widget.DrawerLayout desc=null txt_len=0 pkg=com.larus.nova t_boot_ns=721389808483936
08-31 10:23:40.895 I/AnebProbe(14372): ADAPTER_EVT type=content cls=androidx.drawerlayout.widget.DrawerLayout desc=null txt_len=0 pkg=com.larus.nova t_boot_ns=721389926480811
08-31 10:23:40.992 I/AnebProbe(14372): ADAPTER_EVT type=content cls=androidx.drawerlayout.widget.DrawerLayout desc=null txt_len=0 pkg=com.larus.nova t_boot_ns=721390023559978
08-31 10:23:41.106 I/AnebProbe(14372): ADAPTER_EVT type=content cls=androidx.drawerlayout.widget.DrawerLayout desc=null txt_len=0 pkg=com.larus.nova t_boot_ns=721390136652686
08-31 10:23:41.206 I/AnebProbe(14372): ADAPTER_EVT type=content cls=androidx.drawerlayout.widget.DrawerLayout desc=null txt_len=0 pkg=com.larus.nova t_boot_ns=721390237618311
08-31 10:23:41.307 I/AnebProbe(14372): ADAPTER_EVT type=content cls=androidx.drawerlayout.widget.DrawerLayout desc=null txt_len=0 pkg=com.larus.nova t_boot_ns=721390337829769
08-31 10:23:41.407 I/AnebProbe(14372): ADAPTER_EVT type=content cls=androidx.drawerlayout.widget.DrawerLayout desc=null txt_len=0 pkg=com.larus.nova t_boot_ns=721390438197999
08-31 10:23:41.506 I/AnebProbe(14372): ADAPTER_EVT type=content cls=androidx.drawerlayout.widget.DrawerLayout desc=null txt_len=0 pkg=com.larus.nova t_boot_ns=721390537443311
08-31 10:23:41.619 I/AnebProbe(14372): ADAPTER_EVT type=content cls=androidx.drawerlayout.widget.DrawerLayout desc=null txt_len=0 pkg=com.larus.nova t_boot_ns=721390650778728
08-31 10:23:41.720 I/AnebProbe(14372): ADAPTER_EVT type=content cls=androidx.drawerlayout.widget.DrawerLayout desc=null txt_len=0 pkg=com.larus.nova t_boot_ns=721390751317269
08-31 10:23:41.826 I/AnebProbe(14372): ADAPTER_EVT type=content cls=androidx.drawerlayout.widget.DrawerLayout desc=null txt_len=0 pkg=com.larus.nova t_boot_ns=721390857430811
08-31 10:23:41.937 I/AnebProbe(14372): ADAPTER_EVT type=content cls=androidx.drawerlayout.widget.DrawerLayout desc=null txt_len=0 pkg=com.larus.nova t_boot_ns=721390968689665
08-31 10:23:42.038 I/AnebProbe(14372): ADAPTER_EVT type=content cls=androidx.drawerlayout.widget.DrawerLayout desc=null txt_len=0 pkg=com.larus.nova t_boot_ns=721391069067269
08-31 10:23:42.139 I/AnebProbe(14372): ADAPTER_EVT type=content cls=androidx.drawerlayout.widget.DrawerLayout desc=null txt_len=0 pkg=com.larus.nova t_boot_ns=721391170112061
08-31 10:23:42.238 I/AnebProbe(14372): ADAPTER_EVT type=content cls=androidx.drawerlayout.widget.DrawerLayout desc=null txt_len=0 pkg=com.larus.nova t_boot_ns=721391269625603
08-31 10:23:42.352 I/AnebProbe(14372): ADAPTER_EVT type=content cls=androidx.drawerlayout.widget.DrawerLayout desc=null txt_len=0 pkg=com.larus.nova t_boot_ns=721391383261540
08-31 10:23:42.451 I/AnebProbe(14372): ADAPTER_EVT type=content cls=androidx.drawerlayout.widget.DrawerLayout desc=null txt_len=0 pkg=com.larus.nova t_boot_ns=721391482334457
08-31 10:23:42.553 I/AnebProbe(14372): ADAPTER_EVT type=content cls=androidx.drawerlayout.widget.DrawerLayout desc=null txt_len=0 pkg=com.larus.nova t_boot_ns=721391584295915
08-31 10:23:42.658 I/AnebProbe(14372): ADAPTER_EVT type=content cls=androidx.drawerlayout.widget.DrawerLayout desc=null txt_len=0 pkg=com.larus.nova t_boot_ns=721391687737582
08-31 10:23:42.763 I/AnebProbe(14372): ADAPTER_EVT type=content cls=androidx.drawerlayout.widget.DrawerLayout desc=null txt_len=0 pkg=com.larus.nova t_boot_ns=721391794335498
08-31 10:23:42.863 I/AnebProbe(14372): ADAPTER_EVT type=content cls=androidx.drawerlayout.widget.DrawerLayout desc=null txt_len=0 pkg=com.larus.nova t_boot_ns=721391894384978
08-31 10:23:42.964 I/AnebProbe(14372): ADAPTER_EVT type=content cls=androidx.drawerlayout.widget.DrawerLayout desc=null txt_len=0 pkg=com.larus.nova t_boot_ns=721391995750603
08-31 10:23:43.079 I/AnebProbe(14372): ADAPTER_EVT type=content cls=androidx.drawerlayout.widget.DrawerLayout desc=null txt_len=0 pkg=com.larus.nova t_boot_ns=721392110340707
08-31 10:23:43.181 I/AnebProbe(14372): ADAPTER_EVT type=content cls=androidx.drawerlayout.widget.DrawerLayout desc=null txt_len=0 pkg=com.larus.nova t_boot_ns=721392212050603
08-31 10:23:43.298 I/AnebProbe(14372): ADAPTER_EVT type=content cls=androidx.drawerlayout.widget.DrawerLayout desc=null txt_len=0 pkg=com.larus.nova t_boot_ns=721392329547478
08-31 10:23:43.415 I/AnebProbe(14372): ADAPTER_EVT type=content cls=androidx.drawerlayout.widget.DrawerLayout desc=null txt_len=0 pkg=com.larus.nova t_boot_ns=721392446070394
08-31 10:23:43.528 I/AnebProbe(14372): ADAPTER_EVT type=content cls=androidx.drawerlayout.widget.DrawerLayout desc=null txt_len=0 pkg=com.larus.nova t_boot_ns=721392559344873
08-31 10:23:43.629 I/AnebProbe(14372): ADAPTER_EVT type=content cls=androidx.drawerlayout.widget.DrawerLayout desc=null txt_len=0 pkg=com.larus.nova t_boot_ns=721392660596436
08-31 10:23:43.729 I/AnebProbe(14372): ADAPTER_EVT type=content cls=androidx.drawerlayout.widget.DrawerLayout desc=null txt_len=0 pkg=com.larus.nova t_boot_ns=721392760056332
08-31 10:23:43.830 I/AnebProbe(14372): ADAPTER_EVT type=content cls=androidx.drawerlayout.widget.DrawerLayout desc=null txt_len=0 pkg=com.larus.nova t_boot_ns=721392861006852
08-31 10:23:43.942 I/AnebProbe(14372): ADAPTER_EVT type=content cls=androidx.drawerlayout.widget.DrawerLayout desc=null txt_len=0 pkg=com.larus.nova t_boot_ns=721392972797477
08-31 10:23:44.042 I/AnebProbe(14372): ADAPTER_EVT type=content cls=androidx.drawerlayout.widget.DrawerLayout desc=null txt_len=0 pkg=com.larus.nova t_boot_ns=721393073770915
08-31 10:23:44.142 I/AnebProbe(14372): ADAPTER_EVT type=content cls=androidx.drawerlayout.widget.DrawerLayout desc=null txt_len=0 pkg=com.larus.nova t_boot_ns=721393173630290
08-31 10:23:44.257 I/AnebProbe(14372): ADAPTER_EVT type=content cls=androidx.drawerlayout.widget.DrawerLayout desc=null txt_len=0 pkg=com.larus.nova t_boot_ns=721393287394873
08-31 10:23:44.355 I/AnebProbe(14372): ADAPTER_EVT type=content cls=androidx.drawerlayout.widget.DrawerLayout desc=null txt_len=0 pkg=com.larus.nova t_boot_ns=721393386552165
08-31 10:23:44.461 I/AnebProbe(14372): ADAPTER_EVT type=content cls=androidx.drawerlayout.widget.DrawerLayout desc=null txt_len=0 pkg=com.larus.nova t_boot_ns=721393491880811
08-31 10:23:44.573 I/AnebProbe(14372): ADAPTER_EVT type=content cls=androidx.drawerlayout.widget.DrawerLayout desc=null txt_len=0 pkg=com.larus.nova t_boot_ns=721393604597998
08-31 10:23:44.689 I/AnebProbe(14372): ADAPTER_EVT type=content cls=androidx.drawerlayout.widget.DrawerLayout desc=null txt_len=0 pkg=com.larus.nova t_boot_ns=721393720560498
08-31 10:23:44.789 I/AnebProbe(14372): ADAPTER_EVT type=content cls=androidx.drawerlayout.widget.DrawerLayout desc=null txt_len=0 pkg=com.larus.nova t_boot_ns=721393820386540
08-31 10:23:44.889 I/AnebProbe(14372): ADAPTER_EVT type=content cls=androidx.drawerlayout.widget.DrawerLayout desc=null txt_len=0 pkg=com.larus.nova t_boot_ns=721393920646436
08-31 10:23:45.006 I/AnebProbe(14372): ADAPTER_EVT type=content cls=androidx.drawerlayout.widget.DrawerLayout desc=null txt_len=0 pkg=com.larus.nova t_boot_ns=721394037117790
08-31 10:23:45.119 I/AnebProbe(14372): ADAPTER_EVT type=content cls=androidx.drawerlayout.widget.DrawerLayout desc=null txt_len=0 pkg=com.larus.nova t_boot_ns=721394149845915
08-31 10:23:45.233 I/AnebProbe(14372): ADAPTER_EVT type=content cls=androidx.drawerlayout.widget.DrawerLayout desc=null txt_len=0 pkg=com.larus.nova t_boot_ns=721394264388102
08-31 10:23:45.334 I/AnebProbe(14372): ADAPTER_EVT type=content cls=androidx.drawerlayout.widget.DrawerLayout desc=null txt_len=0 pkg=com.larus.nova t_boot_ns=721394365016748
08-31 10:23:45.435 I/AnebProbe(14372): ADAPTER_EVT type=content cls=androidx.drawerlayout.widget.DrawerLayout desc=null txt_len=0 pkg=com.larus.nova t_boot_ns=721394466420915
08-31 10:23:45.535 I/AnebProbe(14372): ADAPTER_EVT type=content cls=androidx.drawerlayout.widget.DrawerLayout desc=null txt_len=0 pkg=com.larus.nova t_boot_ns=721394566264144
08-31 10:23:45.649 I/AnebProbe(14372): ADAPTER_EVT type=content cls=androidx.drawerlayout.widget.DrawerLayout desc=null txt_len=0 pkg=com.larus.nova t_boot_ns=721394680529769
08-31 10:23:45.753 I/AnebProbe(14372): ADAPTER_EVT type=content cls=androidx.drawerlayout.widget.DrawerLayout desc=null txt_len=0 pkg=com.larus.nova t_boot_ns=721394784486540
08-31 10:23:45.759 I/AnebProbe(14372): ADAPTER_OBS pkg=com.larus.nova mode=doubao events=1240 rule_matched=55 first_delta_ms=0 cadence_p50_ms=99.9 session_span_ms=393334.7 confidence=LOW/INCONCLUSIVE reason=throttle ttft_send_ms=null anchor_source=null ttft_cluster_ms=3827.1 ttft_density_ms=null
08-31 10:23:45.870 I/AnebProbe(14372): ADAPTER_EVT type=content cls=androidx.drawerlayout.widget.DrawerLayout desc=null txt_len=0 pkg=com.larus.nova t_boot_ns=721394901649040
08-31 10:23:45.984 I/AnebProbe(14372): ADAPTER_EVT type=content cls=androidx.drawerlayout.widget.DrawerLayout desc=null txt_len=0 pkg=com.larus.nova t_boot_ns=721395015344873
08-31 10:23:46.096 I/AnebProbe(14372): ADAPTER_EVT type=content cls=androidx.drawerlayout.widget.DrawerLayout desc=null txt_len=0 pkg=com.larus.nova t_boot_ns=721395127268831
08-31 10:23:46.197 I/AnebProbe(14372): ADAPTER_EVT type=content cls=androidx.drawerlayout.widget.DrawerLayout desc=null txt_len=0 pkg=com.larus.nova t_boot_ns=721395228144873
08-31 10:23:46.301 I/AnebProbe(14372): ADAPTER_EVT type=content cls=androidx.drawerlayout.widget.DrawerLayout desc=null txt_len=0 pkg=com.larus.nova t_boot_ns=721395332249560
08-31 10:23:46.410 I/AnebProbe(14372): ADAPTER_EVT type=content cls=androidx.drawerlayout.widget.DrawerLayout desc=null txt_len=0 pkg=com.larus.nova t_boot_ns=721395441323519
08-31 10:23:46.512 I/AnebProbe(14372): ADAPTER_EVT type=content cls=androidx.drawerlayout.widget.DrawerLayout desc=null txt_len=0 pkg=com.larus.nova t_boot_ns=721395543735498
08-31 10:23:46.614 I/AnebProbe(14372): ADAPTER_EVT type=content cls=androidx.drawerlayout.widget.DrawerLayout desc=null txt_len=0 pkg=com.larus.nova t_boot_ns=721395645672477
08-31 10:23:46.714 I/AnebProbe(14372): ADAPTER_EVT type=content cls=androidx.drawerlayout.widget.DrawerLayout desc=null txt_len=0 pkg=com.larus.nova t_boot_ns=721395745020915
08-31 10:23:47.240 I/AnebProbe(14372): ADAPTER_EVT type=content cls=androidx.drawerlayout.widget.DrawerLayout desc=null txt_len=0 pkg=com.larus.nova t_boot_ns=721396270997477
08-31 10:23:47.343 I/AnebProbe(14372): ADAPTER_EVT type=content cls=androidx.drawerlayout.widget.DrawerLayout desc=null txt_len=0 pkg=com.larus.nova t_boot_ns=721396374414664
08-31 10:23:47.443 I/AnebProbe(14372): ADAPTER_EVT type=content cls=androidx.drawerlayout.widget.DrawerLayout desc=null txt_len=0 pkg=com.larus.nova t_boot_ns=721396474892269
08-31 10:23:47.969 I/AnebProbe(14372): ADAPTER_EVT type=content cls=androidx.drawerlayout.widget.DrawerLayout desc=null txt_len=0 pkg=com.larus.nova t_boot_ns=721397000666748
08-31 10:23:48.069 I/AnebProbe(14372): ADAPTER_EVT type=content cls=androidx.recyclerview.widget.RecyclerView desc=null txt_len=0 pkg=com.larus.nova t_boot_ns=721397100895393
08-31 10:23:48.172 I/AnebProbe(14372): ADAPTER_EVT type=content cls=androidx.drawerlayout.widget.DrawerLayout desc=null txt_len=0 pkg=com.larus.nova t_boot_ns=721397203644873
08-31 10:23:48.551 I/AnebProbe(14372): ADAPTER_EVT type=content cls=androidx.drawerlayout.widget.DrawerLayout desc=null txt_len=0 pkg=com.larus.nova t_boot_ns=721397582183935
08-31 10:23:48.649 I/AnebProbe(14372): ADAPTER_EVT type=content cls=androidx.drawerlayout.widget.DrawerLayout desc=null txt_len=0 pkg=com.larus.nova t_boot_ns=721397680619873
08-31 10:23:57.627 I/AnebProbe(14372): ADAPTER_EVT type=content cls=androidx.recyclerview.widget.RecyclerView desc=null txt_len=0 pkg=com.larus.nova t_boot_ns=721406658632371
08-31 10:23:57.631 I/AnebProbe(14372): ADAPTER_OBS pkg=com.larus.nova mode=doubao events=1258 rule_matched=57 first_delta_ms=0 cadence_p50_ms=99.9 session_span_ms=405208.8 confidence=LOW/INCONCLUSIVE reason=throttle ttft_send_ms=null anchor_source=null ttft_cluster_ms=3827.1 ttft_density_ms=null
08-31 10:23:57.702 I/AnebProbe(14372): ADAPTER_EVT type=content cls=androidx.recyclerview.widget.RecyclerView desc=null txt_len=0 pkg=com.larus.nova t_boot_ns=721406733513621
08-31 10:24:49.436 I/AnebE4MARK(29961): E4MARK kind=answer_complete n=4
08-31 10:25:09.676 I/AnebProbe(14372): ADAPTER_EVT type=click cls=android.widget.ImageView desc=返回 txt_len=2 pkg=com.larus.nova t_boot_ns=721478708122464
08-31 10:25:09.678 I/AnebProbe(14372): ADAPTER_OBS pkg=com.larus.nova mode=doubao events=1259 rule_matched=58 first_delta_ms=0 cadence_p50_ms=99.9 session_span_ms=405283.7 confidence=LOW/INCONCLUSIVE reason=throttle ttft_send_ms=null anchor_source=null ttft_cluster_ms=3827.1 ttft_density_ms=null
08-31 10:25:09.778 I/AnebProbe(14372): ADAPTER_EVT type=content cls=androidx.drawerlayout.widget.DrawerLayout desc=null txt_len=0 pkg=com.larus.nova t_boot_ns=721478809823506
08-31 10:25:09.893 I/AnebProbe(14372): ADAPTER_EVT type=content cls=androidx.drawerlayout.widget.DrawerLayout desc=null txt_len=0 pkg=com.larus.nova t_boot_ns=721478924253714
08-31 10:25:10.010 I/AnebProbe(14372): ADAPTER_EVT type=content cls=androidx.drawerlayout.widget.DrawerLayout desc=null txt_len=0 pkg=com.larus.nova t_boot_ns=721479042067256
08-31 10:25:10.097 I/AnebProbe(14372): ADAPTER_EVT type=content cls=androidx.drawerlayout.widget.DrawerLayout desc=null txt_len=0 pkg=com.larus.nova t_boot_ns=721479128919339
08-31 10:25:11.383 I/AnebProbe(14372): ADAPTER_EVT type=click cls=android.widget.ImageView desc=创建新对话 txt_len=5 pkg=com.larus.nova t_boot_ns=721480414655277
08-31 10:25:11.392 I/AnebProbe(14372): ADAPTER_EVT type=content cls=android.widget.FrameLayout desc=null txt_len=0 pkg=com.larus.nova t_boot_ns=721480423292256
08-31 10:25:11.644 I/AnebProbe(14372): ADAPTER_EVT type=content cls=androidx.drawerlayout.widget.DrawerLayout desc=null txt_len=0 pkg=com.larus.nova t_boot_ns=721480675665693
08-31 10:25:11.758 I/AnebProbe(14372): ADAPTER_EVT type=content cls=androidx.drawerlayout.widget.DrawerLayout desc=null txt_len=0 pkg=com.larus.nova t_boot_ns=721480790023506
08-31 10:25:11.822 I/AnebProbe(14372): ADAPTER_EVT type=content cls=androidx.drawerlayout.widget.DrawerLayout desc=null txt_len=0 pkg=com.larus.nova t_boot_ns=721480854070902
08-31 10:25:11.859 I/AnebProbe(14372): ADAPTER_EVT type=content cls=android.view.ViewGroup desc=null txt_len=0 pkg=com.larus.nova t_boot_ns=721480890429756
08-31 10:25:11.974 I/AnebProbe(14372): ADAPTER_EVT type=content cls=android.view.ViewGroup desc=null txt_len=0 pkg=com.larus.nova t_boot_ns=721481005318818
08-31 10:25:12.072 I/AnebProbe(14372): ADAPTER_EVT type=content cls=android.view.ViewGroup desc=null txt_len=0 pkg=com.larus.nova t_boot_ns=721481103945901
08-31 10:25:12.173 I/AnebProbe(14372): ADAPTER_EVT type=content cls=androidx.drawerlayout.widget.DrawerLayout desc=null txt_len=0 pkg=com.larus.nova t_boot_ns=721481204067776
08-31 10:25:12.469 I/AnebProbe(14372): ADAPTER_EVT type=content cls=androidx.recyclerview.widget.RecyclerView desc=null txt_len=0 pkg=com.larus.nova t_boot_ns=721481500503193
08-31 10:25:12.564 I/AnebProbe(14372): ADAPTER_EVT type=content cls=android.view.ViewGroup desc=null txt_len=0 pkg=com.larus.nova t_boot_ns=721481595543297
08-31 10:25:12.664 I/AnebProbe(14372): ADAPTER_EVT type=content cls=android.view.ViewGroup desc=null txt_len=0 pkg=com.larus.nova t_boot_ns=721481695627151
08-31 10:25:12.764 I/AnebProbe(14372): ADAPTER_EVT type=content cls=android.view.ViewGroup desc=null txt_len=0 pkg=com.larus.nova t_boot_ns=721481795682881
08-31 10:25:12.865 I/AnebProbe(14372): ADAPTER_EVT type=content cls=android.view.ViewGroup desc=null txt_len=0 pkg=com.larus.nova t_boot_ns=721481896922985
08-31 10:25:12.967 I/AnebProbe(14372): ADAPTER_EVT type=content cls=android.view.ViewGroup desc=null txt_len=0 pkg=com.larus.nova t_boot_ns=721481998391214
08-31 10:25:13.067 I/AnebProbe(14372): ADAPTER_EVT type=content cls=android.view.ViewGroup desc=null txt_len=0 pkg=com.larus.nova t_boot_ns=721482098590172
08-31 10:25:13.167 I/AnebProbe(14372): ADAPTER_EVT type=content cls=androidx.drawerlayout.widget.DrawerLayout desc=null txt_len=0 pkg=com.larus.nova t_boot_ns=721482198568297
08-31 10:25:13.309 I/AnebProbe(14372): ADAPTER_EVT type=content cls=android.view.ViewGroup desc=新对话，打开设置页 txt_len=0 pkg=com.larus.nova t_boot_ns=721482340816214
08-31 10:25:13.425 I/AnebProbe(14372): ADAPTER_EVT type=content cls=android.view.ViewGroup desc=null txt_len=0 pkg=com.larus.nova t_boot_ns=721482456817776
08-31 10:25:13.525 I/AnebProbe(14372): ADAPTER_EVT type=content cls=android.view.ViewGroup desc=null txt_len=0 pkg=com.larus.nova t_boot_ns=721482556857880
08-31 10:25:13.647 I/AnebProbe(14372): ADAPTER_EVT type=content cls=android.view.ViewGroup desc=null txt_len=0 pkg=com.larus.nova t_boot_ns=721482678347985
08-31 10:25:14.286 I/AnebProbe(14372): ADAPTER_EVT type=content cls=android.view.ViewGroup desc=新对话，打开设置页 txt_len=0 pkg=com.larus.nova t_boot_ns=721483317957880
08-31 10:25:14.398 I/AnebProbe(14372): ADAPTER_EVT type=content cls=android.view.ViewGroup desc=null txt_len=0 pkg=com.larus.nova t_boot_ns=721483429955797
08-31 10:25:14.509 I/AnebProbe(14372): ADAPTER_EVT type=content cls=android.view.ViewGroup desc=null txt_len=0 pkg=com.larus.nova t_boot_ns=721483540784443
08-31 10:25:14.624 I/AnebProbe(14372): ADAPTER_EVT type=content cls=android.view.ViewGroup desc=null txt_len=0 pkg=com.larus.nova t_boot_ns=721483655628193
08-31 10:25:14.726 I/AnebProbe(14372): ADAPTER_EVT type=content cls=android.view.ViewGroup desc=null txt_len=0 pkg=com.larus.nova t_boot_ns=721483757628193
08-31 10:25:14.728 I/AnebProbe(14372): ADAPTER_OBS pkg=com.larus.nova mode=doubao events=1288 rule_matched=59 first_delta_ms=0 cadence_p50_ms=99.9 session_span_ms=482307.8 confidence=LOW/INCONCLUSIVE reason=throttle ttft_send_ms=null anchor_source=null ttft_cluster_ms=3827.1 ttft_density_ms=null
08-31 10:25:14.838 I/AnebProbe(14372): ADAPTER_EVT type=content cls=android.view.ViewGroup desc=null txt_len=0 pkg=com.larus.nova t_boot_ns=721483869175589
08-31 10:25:14.954 I/AnebProbe(14372): ADAPTER_EVT type=content cls=android.view.ViewGroup desc=null txt_len=0 pkg=com.larus.nova t_boot_ns=721483985708401
08-31 10:25:15.055 I/AnebProbe(14372): ADAPTER_EVT type=content cls=android.view.ViewGroup desc=null txt_len=0 pkg=com.larus.nova t_boot_ns=721484086439651
08-31 10:25:15.176 I/AnebProbe(14372): ADAPTER_EVT type=content cls=android.view.ViewGroup desc=null txt_len=0 pkg=com.larus.nova t_boot_ns=721484207020380
08-31 10:25:15.276 I/AnebProbe(14372): ADAPTER_EVT type=content cls=android.view.ViewGroup desc=null txt_len=0 pkg=com.larus.nova t_boot_ns=721484307740172
08-31 10:25:15.388 I/AnebProbe(14372): ADAPTER_EVT type=content cls=android.view.ViewGroup desc=null txt_len=0 pkg=com.larus.nova t_boot_ns=721484419308401
08-31 10:25:15.490 I/AnebProbe(14372): ADAPTER_EVT type=content cls=android.view.ViewGroup desc=null txt_len=0 pkg=com.larus.nova t_boot_ns=721484521946943
08-31 10:25:15.590 I/AnebProbe(14372): ADAPTER_EVT type=content cls=android.view.ViewGroup desc=null txt_len=0 pkg=com.larus.nova t_boot_ns=721484621422463
08-31 10:25:15.686 I/AnebProbe(14372): ADAPTER_EVT type=content cls=android.view.ViewGroup desc=null txt_len=0 pkg=com.larus.nova t_boot_ns=721484717101109
08-31 10:25:15.686 I/AnebProbe(14372): ADAPTER_EVT type=content cls=android.widget.EditText desc=null txt_len=1 pkg=com.larus.nova t_boot_ns=721484717577672
08-31 10:25:15.694 I/AnebProbe(14372): ADAPTER_EVT type=content cls=android.view.ViewGroup desc=null txt_len=0 pkg=com.larus.nova t_boot_ns=721484724845901
08-31 10:25:15.764 I/AnebProbe(14372): ADAPTER_EVT type=content cls=android.view.ViewGroup desc=null txt_len=0 pkg=com.larus.nova t_boot_ns=721484795984963
08-31 10:25:15.765 I/AnebProbe(14372): ADAPTER_EVT type=content cls=android.widget.EditText desc=null txt_len=2 pkg=com.larus.nova t_boot_ns=721484796369338
08-31 10:25:15.790 I/AnebProbe(14372): ADAPTER_EVT type=content cls=android.view.ViewGroup desc=null txt_len=0 pkg=com.larus.nova t_boot_ns=721484821538088
08-31 10:25:15.790 I/AnebProbe(14372): ADAPTER_EVT type=content cls=android.widget.EditText desc=null txt_len=3 pkg=com.larus.nova t_boot_ns=721484821836005
08-31 10:25:15.806 I/AnebProbe(14372): ADAPTER_EVT type=content cls=android.view.ViewGroup desc=null txt_len=0 pkg=com.larus.nova t_boot_ns=721484837604234
08-31 10:25:15.806 I/AnebProbe(14372): ADAPTER_EVT type=content cls=android.widget.EditText desc=null txt_len=4 pkg=com.larus.nova t_boot_ns=721484837861005
08-31 10:25:15.823 I/AnebProbe(14372): ADAPTER_EVT type=content cls=android.view.ViewGroup desc=null txt_len=0 pkg=com.larus.nova t_boot_ns=721484854989130
08-31 10:25:15.824 I/AnebProbe(14372): ADAPTER_EVT type=content cls=android.widget.EditText desc=null txt_len=5 pkg=com.larus.nova t_boot_ns=721484855245901
08-31 10:25:15.842 I/AnebProbe(14372): ADAPTER_EVT type=content cls=android.view.ViewGroup desc=null txt_len=0 pkg=com.larus.nova t_boot_ns=721484873905797
08-31 10:25:15.843 I/AnebProbe(14372): ADAPTER_EVT type=content cls=android.widget.EditText desc=null txt_len=6 pkg=com.larus.nova t_boot_ns=721484874241734
08-31 10:25:15.859 I/AnebProbe(14372): ADAPTER_EVT type=content cls=android.view.ViewGroup desc=null txt_len=0 pkg=com.larus.nova t_boot_ns=721484890261005
08-31 10:25:15.859 I/AnebProbe(14372): ADAPTER_EVT type=content cls=android.widget.EditText desc=null txt_len=7 pkg=com.larus.nova t_boot_ns=721484890539651
08-31 10:25:15.880 I/AnebProbe(14372): ADAPTER_EVT type=content cls=android.view.ViewGroup desc=null txt_len=0 pkg=com.larus.nova t_boot_ns=721484912058922
08-31 10:25:15.881 I/AnebProbe(14372): ADAPTER_EVT type=content cls=android.widget.EditText desc=null txt_len=8 pkg=com.larus.nova t_boot_ns=721484912322984
08-31 10:25:15.889 I/AnebProbe(14372): ADAPTER_EVT type=content cls=android.widget.EditText desc=null txt_len=9 pkg=com.larus.nova t_boot_ns=721484920814130
08-31 10:25:15.905 I/AnebProbe(14372): ADAPTER_EVT type=content cls=android.view.ViewGroup desc=null txt_len=0 pkg=com.larus.nova t_boot_ns=721484936589651
08-31 10:25:15.905 I/AnebProbe(14372): ADAPTER_EVT type=content cls=android.widget.EditText desc=null txt_len=10 pkg=com.larus.nova t_boot_ns=721484936827151
08-31 10:25:15.922 I/AnebProbe(14372): ADAPTER_EVT type=content cls=android.view.ViewGroup desc=null txt_len=0 pkg=com.larus.nova t_boot_ns=721484953611526
08-31 10:25:15.923 I/AnebProbe(14372): ADAPTER_EVT type=content cls=android.widget.EditText desc=null txt_len=11 pkg=com.larus.nova t_boot_ns=721484954050588
08-31 10:25:15.939 I/AnebProbe(14372): ADAPTER_EVT type=content cls=android.view.ViewGroup desc=null txt_len=0 pkg=com.larus.nova t_boot_ns=721484970814130
08-31 10:25:15.940 I/AnebProbe(14372): ADAPTER_EVT type=content cls=android.widget.EditText desc=null txt_len=12 pkg=com.larus.nova t_boot_ns=721484971173505
08-31 10:25:15.956 I/AnebProbe(14372): ADAPTER_EVT type=content cls=android.view.ViewGroup desc=null txt_len=0 pkg=com.larus.nova t_boot_ns=721484987843818
08-31 10:25:15.957 I/AnebProbe(14372): ADAPTER_EVT type=content cls=android.widget.EditText desc=null txt_len=13 pkg=com.larus.nova t_boot_ns=721484988314651
08-31 10:25:15.974 I/AnebProbe(14372): ADAPTER_EVT type=content cls=android.view.ViewGroup desc=null txt_len=0 pkg=com.larus.nova t_boot_ns=721485005914130
08-31 10:25:15.975 I/AnebProbe(14372): ADAPTER_EVT type=content cls=android.widget.EditText desc=null txt_len=14 pkg=com.larus.nova t_boot_ns=721485006238609
08-31 10:25:15.997 I/AnebProbe(14372): ADAPTER_EVT type=content cls=android.view.ViewGroup desc=null txt_len=0 pkg=com.larus.nova t_boot_ns=721485028927151
08-31 10:25:15.998 I/AnebProbe(14372): ADAPTER_EVT type=content cls=android.widget.EditText desc=null txt_len=15 pkg=com.larus.nova t_boot_ns=721485029376630
08-31 10:25:16.008 I/AnebProbe(14372): ADAPTER_EVT type=content cls=android.widget.EditText desc=null txt_len=16 pkg=com.larus.nova t_boot_ns=721485039845380
08-31 10:25:16.031 I/AnebProbe(14372): ADAPTER_EVT type=content cls=android.view.ViewGroup desc=null txt_len=0 pkg=com.larus.nova t_boot_ns=721485062927672
08-31 10:25:16.032 I/AnebProbe(14372): ADAPTER_EVT type=content cls=android.widget.EditText desc=null txt_len=17 pkg=com.larus.nova t_boot_ns=721485063311526
08-31 10:25:16.055 I/AnebProbe(14372): ADAPTER_EVT type=content cls=android.view.ViewGroup desc=null txt_len=0 pkg=com.larus.nova t_boot_ns=721485086240693
08-31 10:25:16.055 I/AnebProbe(14372): ADAPTER_EVT type=content cls=android.widget.EditText desc=null txt_len=18 pkg=com.larus.nova t_boot_ns=721485086886005
08-31 10:25:16.081 I/AnebProbe(14372): ADAPTER_EVT type=content cls=android.view.ViewGroup desc=null txt_len=0 pkg=com.larus.nova t_boot_ns=721485112706318
08-31 10:25:16.082 I/AnebProbe(14372): ADAPTER_EVT type=content cls=android.widget.EditText desc=null txt_len=19 pkg=com.larus.nova t_boot_ns=721485113088609
08-31 10:25:16.106 I/AnebProbe(14372): ADAPTER_EVT type=content cls=android.view.ViewGroup desc=null txt_len=0 pkg=com.larus.nova t_boot_ns=721485137047984
08-31 10:25:16.106 I/AnebProbe(14372): ADAPTER_EVT type=content cls=android.widget.EditText desc=null txt_len=20 pkg=com.larus.nova t_boot_ns=721485137739651
08-31 10:25:16.132 I/AnebProbe(14372): ADAPTER_EVT type=content cls=android.view.ViewGroup desc=null txt_len=0 pkg=com.larus.nova t_boot_ns=721485163497984
08-31 10:25:16.132 I/AnebProbe(14372): ADAPTER_EVT type=content cls=android.widget.EditText desc=null txt_len=21 pkg=com.larus.nova t_boot_ns=721485163925588
08-31 10:25:16.145 I/AnebProbe(14372): ADAPTER_EVT type=content cls=android.widget.EditText desc=null txt_len=22 pkg=com.larus.nova t_boot_ns=721485176512047
08-31 10:25:16.162 I/AnebProbe(14372): ADAPTER_EVT type=content cls=android.view.ViewGroup desc=null txt_len=0 pkg=com.larus.nova t_boot_ns=721485193764130
08-31 10:25:16.163 I/AnebProbe(14372): ADAPTER_EVT type=content cls=android.widget.EditText desc=null txt_len=23 pkg=com.larus.nova t_boot_ns=721485194120901
08-31 10:25:16.173 I/AnebProbe(14372): ADAPTER_EVT type=content cls=android.widget.EditText desc=null txt_len=24 pkg=com.larus.nova t_boot_ns=721485204516213
08-31 10:25:16.197 I/AnebProbe(14372): ADAPTER_EVT type=content cls=android.view.ViewGroup desc=null txt_len=0 pkg=com.larus.nova t_boot_ns=721485228269859
08-31 10:25:16.197 I/AnebProbe(14372): ADAPTER_EVT type=content cls=android.widget.EditText desc=null txt_len=25 pkg=com.larus.nova t_boot_ns=721485228816213
08-31 10:25:16.220 I/AnebProbe(14372): ADAPTER_EVT type=content cls=android.view.ViewGroup desc=null txt_len=0 pkg=com.larus.nova t_boot_ns=721485251366734
08-31 10:25:16.220 I/AnebProbe(14372): ADAPTER_EVT type=content cls=android.widget.EditText desc=null txt_len=26 pkg=com.larus.nova t_boot_ns=721485251732359
08-31 10:25:16.241 I/AnebProbe(14372): ADAPTER_EVT type=content cls=android.view.ViewGroup desc=null txt_len=0 pkg=com.larus.nova t_boot_ns=721485272818297
08-31 10:25:16.242 I/AnebProbe(14372): ADAPTER_EVT type=content cls=android.widget.EditText desc=null txt_len=27 pkg=com.larus.nova t_boot_ns=721485273244859
08-31 10:25:16.263 I/AnebProbe(14372): ADAPTER_EVT type=content cls=android.view.ViewGroup desc=null txt_len=0 pkg=com.larus.nova t_boot_ns=721485294567255
08-31 10:25:16.263 I/AnebProbe(14372): ADAPTER_EVT type=content cls=android.widget.EditText desc=null txt_len=28 pkg=com.larus.nova t_boot_ns=721485294717776
08-31 10:25:16.271 I/AnebProbe(14372): ADAPTER_EVT type=content cls=android.widget.EditText desc=null txt_len=29 pkg=com.larus.nova t_boot_ns=721485302199547
08-31 10:25:16.288 I/AnebProbe(14372): ADAPTER_EVT type=content cls=android.view.ViewGroup desc=null txt_len=0 pkg=com.larus.nova t_boot_ns=721485319569859
08-31 10:25:16.289 I/AnebProbe(14372): ADAPTER_EVT type=content cls=android.widget.EditText desc=null txt_len=30 pkg=com.larus.nova t_boot_ns=721485320692776
08-31 10:25:16.305 I/AnebProbe(14372): ADAPTER_EVT type=content cls=android.view.ViewGroup desc=null txt_len=0 pkg=com.larus.nova t_boot_ns=721485336357359
08-31 10:25:16.305 I/AnebProbe(14372): ADAPTER_EVT type=content cls=android.widget.EditText desc=null txt_len=31 pkg=com.larus.nova t_boot_ns=721485336486005
08-31 10:25:16.319 I/AnebProbe(14372): ADAPTER_EVT type=content cls=android.view.ViewGroup desc=null txt_len=0 pkg=com.larus.nova t_boot_ns=721485351007880
08-31 10:25:16.320 I/AnebProbe(14372): ADAPTER_EVT type=content cls=android.widget.EditText desc=null txt_len=32 pkg=com.larus.nova t_boot_ns=721485351529234
08-31 10:25:16.335 I/AnebProbe(14372): ADAPTER_EVT type=content cls=android.view.ViewGroup desc=null txt_len=0 pkg=com.larus.nova t_boot_ns=721485366545901
08-31 10:25:16.335 I/AnebProbe(14372): ADAPTER_EVT type=content cls=android.widget.EditText desc=null txt_len=33 pkg=com.larus.nova t_boot_ns=721485366669338
08-31 10:25:16.352 I/AnebProbe(14372): ADAPTER_EVT type=content cls=android.view.ViewGroup desc=null txt_len=0 pkg=com.larus.nova t_boot_ns=721485383705797
08-31 10:25:16.352 I/AnebProbe(14372): ADAPTER_EVT type=content cls=android.widget.EditText desc=null txt_len=34 pkg=com.larus.nova t_boot_ns=721485383826109
08-31 10:25:16.367 I/AnebProbe(14372): ADAPTER_EVT type=content cls=android.view.ViewGroup desc=null txt_len=0 pkg=com.larus.nova t_boot_ns=721485398952672
08-31 10:25:16.367 I/AnebProbe(14372): ADAPTER_EVT type=content cls=android.widget.EditText desc=null txt_len=35 pkg=com.larus.nova t_boot_ns=721485399070380
08-31 10:25:16.383 I/AnebProbe(14372): ADAPTER_EVT type=content cls=android.view.ViewGroup desc=null txt_len=0 pkg=com.larus.nova t_boot_ns=721485414214651
08-31 10:25:16.383 I/AnebProbe(14372): ADAPTER_EVT type=content cls=android.widget.EditText desc=null txt_len=36 pkg=com.larus.nova t_boot_ns=721485414364130
08-31 10:25:16.389 I/AnebProbe(14372): ADAPTER_EVT type=content cls=android.widget.EditText desc=null txt_len=37 pkg=com.larus.nova t_boot_ns=721485420383922
08-31 10:25:16.404 I/AnebProbe(14372): ADAPTER_EVT type=content cls=android.view.ViewGroup desc=null txt_len=0 pkg=com.larus.nova t_boot_ns=721485435778713
08-31 10:25:16.404 I/AnebProbe(14372): ADAPTER_EVT type=content cls=android.widget.EditText desc=null txt_len=38 pkg=com.larus.nova t_boot_ns=721485435908922
08-31 10:25:16.418 I/AnebProbe(14372): ADAPTER_EVT type=content cls=android.view.ViewGroup desc=null txt_len=0 pkg=com.larus.nova t_boot_ns=721485449430276
08-31 10:25:16.418 I/AnebProbe(14372): ADAPTER_EVT type=content cls=android.widget.EditText desc=null txt_len=39 pkg=com.larus.nova t_boot_ns=721485449598505
08-31 10:25:16.431 I/AnebProbe(14372): ADAPTER_EVT type=content cls=android.view.ViewGroup desc=null txt_len=0 pkg=com.larus.nova t_boot_ns=721485462390692
08-31 10:25:16.431 I/AnebProbe(14372): ADAPTER_EVT type=content cls=android.widget.EditText desc=null txt_len=40 pkg=com.larus.nova t_boot_ns=721485462546422
08-31 10:25:16.437 I/AnebProbe(14372): ADAPTER_EVT type=content cls=android.widget.EditText desc=null txt_len=41 pkg=com.larus.nova t_boot_ns=721485468517776
08-31 10:25:16.451 I/AnebProbe(14372): ADAPTER_EVT type=content cls=android.view.ViewGroup desc=null txt_len=0 pkg=com.larus.nova t_boot_ns=721485482798505
08-31 10:25:16.452 I/AnebProbe(14372): ADAPTER_EVT type=content cls=android.widget.EditText desc=null txt_len=42 pkg=com.larus.nova t_boot_ns=721485483156838
08-31 10:25:16.466 I/AnebProbe(14372): ADAPTER_EVT type=content cls=android.view.ViewGroup desc=null txt_len=0 pkg=com.larus.nova t_boot_ns=721485497719338
08-31 10:25:16.466 I/AnebProbe(14372): ADAPTER_EVT type=content cls=android.widget.EditText desc=null txt_len=43 pkg=com.larus.nova t_boot_ns=721485497844338
08-31 10:25:16.480 I/AnebProbe(14372): ADAPTER_EVT type=content cls=android.view.ViewGroup desc=null txt_len=0 pkg=com.larus.nova t_boot_ns=721485511892776
08-31 10:25:16.480 I/AnebProbe(14372): ADAPTER_EVT type=content cls=android.widget.EditText desc=null txt_len=44 pkg=com.larus.nova t_boot_ns=721485512019338
08-31 10:25:16.486 I/AnebProbe(14372): ADAPTER_EVT type=content cls=android.widget.EditText desc=null txt_len=45 pkg=com.larus.nova t_boot_ns=721485518093817
08-31 10:25:16.500 I/AnebProbe(14372): ADAPTER_EVT type=content cls=android.view.ViewGroup desc=null txt_len=0 pkg=com.larus.nova t_boot_ns=721485531326630
08-31 10:25:16.500 I/AnebProbe(14372): ADAPTER_EVT type=content cls=android.widget.EditText desc=null txt_len=46 pkg=com.larus.nova t_boot_ns=721485531451630
08-31 10:25:16.514 I/AnebProbe(14372): ADAPTER_EVT type=content cls=android.view.ViewGroup desc=null txt_len=0 pkg=com.larus.nova t_boot_ns=721485545934963
08-31 10:25:16.514 I/AnebProbe(14372): ADAPTER_EVT type=content cls=android.widget.EditText desc=null txt_len=47 pkg=com.larus.nova t_boot_ns=721485546075067
08-31 10:25:16.521 I/AnebProbe(14372): ADAPTER_EVT type=content cls=android.widget.EditText desc=null txt_len=48 pkg=com.larus.nova t_boot_ns=721485552202151
08-31 10:25:16.534 I/AnebProbe(14372): ADAPTER_EVT type=content cls=android.view.ViewGroup desc=null txt_len=0 pkg=com.larus.nova t_boot_ns=721485565884442
08-31 10:25:16.534 I/AnebProbe(14372): ADAPTER_EVT type=content cls=android.widget.EditText desc=null txt_len=49 pkg=com.larus.nova t_boot_ns=721485566027672
08-31 10:25:16.548 I/AnebProbe(14372): ADAPTER_EVT type=content cls=android.view.ViewGroup desc=null txt_len=0 pkg=com.larus.nova t_boot_ns=721485579426109
08-31 10:25:16.548 I/AnebProbe(14372): ADAPTER_EVT type=content cls=android.widget.EditText desc=null txt_len=50 pkg=com.larus.nova t_boot_ns=721485579552672
08-31 10:25:16.554 I/AnebProbe(14372): ADAPTER_EVT type=content cls=android.widget.EditText desc=null txt_len=51 pkg=com.larus.nova t_boot_ns=721485586090692
08-31 10:25:16.578 I/AnebProbe(14372): ADAPTER_EVT type=content cls=android.view.ViewGroup desc=null txt_len=0 pkg=com.larus.nova t_boot_ns=721485609509442
08-31 10:25:16.578 I/AnebProbe(14372): ADAPTER_EVT type=content cls=android.widget.EditText desc=null txt_len=52 pkg=com.larus.nova t_boot_ns=721485609630797
08-31 10:25:16.586 I/AnebProbe(14372): ADAPTER_EVT type=content cls=android.widget.EditText desc=null txt_len=53 pkg=com.larus.nova t_boot_ns=721485617197463
08-31 10:25:16.600 I/AnebProbe(14372): ADAPTER_EVT type=content cls=android.view.ViewGroup desc=null txt_len=0 pkg=com.larus.nova t_boot_ns=721485631206317
08-31 10:25:16.600 I/AnebProbe(14372): ADAPTER_EVT type=content cls=android.widget.EditText desc=null txt_len=54 pkg=com.larus.nova t_boot_ns=721485631342255
08-31 10:25:16.612 I/AnebProbe(14372): ADAPTER_EVT type=content cls=android.view.ViewGroup desc=null txt_len=0 pkg=com.larus.nova t_boot_ns=721485643788609
08-31 10:25:16.612 I/AnebProbe(14372): ADAPTER_EVT type=content cls=android.widget.EditText desc=null txt_len=55 pkg=com.larus.nova t_boot_ns=721485643918817
08-31 10:25:16.618 I/AnebProbe(14372): ADAPTER_EVT type=content cls=android.widget.EditText desc=null txt_len=56 pkg=com.larus.nova t_boot_ns=721485649667776
08-31 10:25:16.726 I/AnebProbe(14372): ADAPTER_EVT type=content cls=android.view.ViewGroup desc=null txt_len=0 pkg=com.larus.nova t_boot_ns=721485757356838
08-31 10:25:16.828 I/AnebProbe(14372): ADAPTER_EVT type=content cls=android.view.ViewGroup desc=null txt_len=0 pkg=com.larus.nova t_boot_ns=721485859726109
08-31 10:25:16.944 I/AnebProbe(14372): ADAPTER_EVT type=content cls=android.view.ViewGroup desc=null txt_len=0 pkg=com.larus.nova t_boot_ns=721485975602151
08-31 10:25:17.045 I/AnebProbe(14372): ADAPTER_EVT type=content cls=android.view.ViewGroup desc=null txt_len=0 pkg=com.larus.nova t_boot_ns=721486076624026
08-31 10:25:17.150 I/AnebProbe(14372): ADAPTER_EVT type=content cls=android.view.ViewGroup desc=null txt_len=0 pkg=com.larus.nova t_boot_ns=721486181656838
08-31 10:25:17.263 I/AnebProbe(14372): ADAPTER_EVT type=content cls=android.view.ViewGroup desc=null txt_len=0 pkg=com.larus.nova t_boot_ns=721486294551630
08-31 10:25:17.365 I/AnebProbe(14372): ADAPTER_EVT type=content cls=android.view.ViewGroup desc=null txt_len=0 pkg=com.larus.nova t_boot_ns=721486396289130
08-31 10:25:17.468 I/AnebProbe(14372): ADAPTER_EVT type=content cls=android.view.ViewGroup desc=null txt_len=0 pkg=com.larus.nova t_boot_ns=721486499449026
08-31 10:25:17.574 I/AnebProbe(14372): ADAPTER_EVT type=content cls=android.view.ViewGroup desc=null txt_len=0 pkg=com.larus.nova t_boot_ns=721486605296942
08-31 10:25:17.687 I/AnebProbe(14372): ADAPTER_EVT type=content cls=android.view.ViewGroup desc=null txt_len=0 pkg=com.larus.nova t_boot_ns=721486718202151
08-31 10:25:17.796 I/AnebProbe(14372): ADAPTER_EVT type=content cls=android.view.ViewGroup desc=null txt_len=0 pkg=com.larus.nova t_boot_ns=721486827258921
08-31 10:25:17.910 I/AnebProbe(14372): ADAPTER_EVT type=content cls=android.view.ViewGroup desc=null txt_len=0 pkg=com.larus.nova t_boot_ns=721486941376109
08-31 10:25:18.024 I/AnebProbe(14372): ADAPTER_EVT type=content cls=android.view.ViewGroup desc=null txt_len=0 pkg=com.larus.nova t_boot_ns=721487055628713
08-31 10:25:18.130 I/AnebProbe(14372): ADAPTER_EVT type=content cls=android.view.ViewGroup desc=null txt_len=0 pkg=com.larus.nova t_boot_ns=721487161518817
08-31 10:25:18.247 I/AnebProbe(14372): ADAPTER_EVT type=content cls=android.view.ViewGroup desc=null txt_len=0 pkg=com.larus.nova t_boot_ns=721487277843296
08-31 10:25:18.369 I/AnebProbe(14372): ADAPTER_EVT type=content cls=android.view.ViewGroup desc=null txt_len=0 pkg=com.larus.nova t_boot_ns=721487400241734
08-31 10:25:18.473 I/AnebProbe(14372): ADAPTER_EVT type=content cls=android.view.ViewGroup desc=null txt_len=0 pkg=com.larus.nova t_boot_ns=721487504834963
08-31 10:25:18.576 I/AnebProbe(14372): ADAPTER_EVT type=content cls=android.view.ViewGroup desc=null txt_len=0 pkg=com.larus.nova t_boot_ns=721487607286005
08-31 10:25:18.677 I/AnebE4MARK(30278): E4MARK kind=turn_start n=5
08-31 10:25:18.687 I/AnebProbe(14372): ADAPTER_EVT type=content cls=android.view.ViewGroup desc=null txt_len=0 pkg=com.larus.nova t_boot_ns=721487718946421
08-31 10:25:18.812 I/AnebProbe(14372): ADAPTER_EVT type=content cls=android.view.ViewGroup desc=null txt_len=0 pkg=com.larus.nova t_boot_ns=721487843998505
08-31 10:25:18.844 I/AnebProbe(14372): ADAPTER_EVT type=content cls=android.view.ViewGroup desc=null txt_len=0 pkg=com.larus.nova t_boot_ns=721487875150067
08-31 10:25:18.960 I/AnebProbe(14372): ADAPTER_EVT type=content cls=android.view.ViewGroup desc=null txt_len=0 pkg=com.larus.nova t_boot_ns=721487991631317
08-31 10:25:19.210 I/AnebProbe(14372): ADAPTER_EVT type=content cls=androidx.drawerlayout.widget.DrawerLayout desc=null txt_len=0 pkg=com.larus.nova t_boot_ns=721488241199546
08-31 10:25:19.314 I/AnebProbe(14372): ADAPTER_EVT type=content cls=androidx.drawerlayout.widget.DrawerLayout desc=null txt_len=0 pkg=com.larus.nova t_boot_ns=721488345381838
08-31 10:25:19.476 I/AnebProbe(14372): ADAPTER_EVT type=content cls=androidx.drawerlayout.widget.DrawerLayout desc=null txt_len=0 pkg=com.larus.nova t_boot_ns=721488507588088
08-31 10:25:19.578 I/AnebProbe(14372): ADAPTER_EVT type=content cls=androidx.drawerlayout.widget.DrawerLayout desc=null txt_len=0 pkg=com.larus.nova t_boot_ns=721488609049025
08-31 10:25:19.678 I/AnebProbe(14372): ADAPTER_EVT type=content cls=androidx.recyclerview.widget.RecyclerView desc=null txt_len=0 pkg=com.larus.nova t_boot_ns=721488709994338
08-31 10:25:19.779 I/AnebProbe(14372): ADAPTER_EVT type=content cls=androidx.drawerlayout.widget.DrawerLayout desc=null txt_len=0 pkg=com.larus.nova t_boot_ns=721488810199025
08-31 10:25:19.781 I/AnebProbe(14372): ADAPTER_OBS pkg=com.larus.nova mode=doubao events=1425 rule_matched=60 first_delta_ms=0 cadence_p50_ms=100.0 session_span_ms=487360.4 confidence=LOW/INCONCLUSIVE reason=throttle ttft_send_ms=null anchor_source=null ttft_cluster_ms=null ttft_density_ms=null
08-31 10:25:19.879 I/AnebProbe(14372): ADAPTER_EVT type=content cls=androidx.drawerlayout.widget.DrawerLayout desc=null txt_len=0 pkg=com.larus.nova t_boot_ns=721488910564650
08-31 10:25:20.177 I/AnebProbe(14372): ADAPTER_EVT type=content cls=android.widget.FrameLayout desc=打电话 txt_len=0 pkg=com.larus.nova t_boot_ns=721489207626109
08-31 10:25:20.275 I/AnebProbe(14372): ADAPTER_EVT type=content cls=android.view.ViewGroup desc=null txt_len=0 pkg=com.larus.nova t_boot_ns=721489306763088
08-31 10:25:20.542 I/AnebProbe(14372): ADAPTER_EVT type=content cls=androidx.drawerlayout.widget.DrawerLayout desc=null txt_len=0 pkg=com.larus.nova t_boot_ns=721489573789129
08-31 10:25:20.641 I/AnebProbe(14372): ADAPTER_EVT type=content cls=androidx.drawerlayout.widget.DrawerLayout desc=null txt_len=0 pkg=com.larus.nova t_boot_ns=721489672211004
08-31 10:25:20.887 I/AnebProbe(14372): ADAPTER_EVT type=content cls=android.view.ViewGroup desc=null txt_len=0 pkg=com.larus.nova t_boot_ns=721489918837567
08-31 10:25:20.979 I/AnebProbe(14372): ADAPTER_EVT type=content cls=androidx.recyclerview.widget.RecyclerView desc=null txt_len=0 pkg=com.larus.nova t_boot_ns=721490010189650
08-31 10:25:21.122 I/AnebProbe(14372): ADAPTER_EVT type=content cls=androidx.drawerlayout.widget.DrawerLayout desc=null txt_len=0 pkg=com.larus.nova t_boot_ns=721490152892775
08-31 10:25:21.230 I/AnebProbe(14372): ADAPTER_EVT type=content cls=androidx.drawerlayout.widget.DrawerLayout desc=null txt_len=0 pkg=com.larus.nova t_boot_ns=721490261386525
08-31 10:25:21.431 I/AnebProbe(14372): ADAPTER_EVT type=content cls=androidx.drawerlayout.widget.DrawerLayout desc=null txt_len=0 pkg=com.larus.nova t_boot_ns=721490462603713
08-31 10:25:21.785 I/AnebProbe(14372): ADAPTER_EVT type=content cls=androidx.drawerlayout.widget.DrawerLayout desc=null txt_len=0 pkg=com.larus.nova t_boot_ns=721490816833400
08-31 10:25:21.889 I/AnebProbe(14372): ADAPTER_EVT type=content cls=androidx.drawerlayout.widget.DrawerLayout desc=null txt_len=0 pkg=com.larus.nova t_boot_ns=721490920546421
08-31 10:25:22.016 I/AnebProbe(14372): ADAPTER_EVT type=content cls=androidx.drawerlayout.widget.DrawerLayout desc=null txt_len=0 pkg=com.larus.nova t_boot_ns=721491047040171
08-31 10:25:22.207 I/AnebProbe(14372): ADAPTER_EVT type=content cls=androidx.drawerlayout.widget.DrawerLayout desc=null txt_len=0 pkg=com.larus.nova t_boot_ns=721491238126629
08-31 10:25:22.319 I/AnebProbe(14372): ADAPTER_EVT type=content cls=androidx.drawerlayout.widget.DrawerLayout desc=null txt_len=0 pkg=com.larus.nova t_boot_ns=721491350217775
08-31 10:25:22.440 I/AnebProbe(14372): ADAPTER_EVT type=content cls=androidx.drawerlayout.widget.DrawerLayout desc=null txt_len=0 pkg=com.larus.nova t_boot_ns=721491471040171
08-31 10:25:22.551 I/AnebProbe(14372): ADAPTER_EVT type=content cls=androidx.drawerlayout.widget.DrawerLayout desc=null txt_len=0 pkg=com.larus.nova t_boot_ns=721491582376108
08-31 10:25:22.652 I/AnebProbe(14372): ADAPTER_EVT type=content cls=androidx.drawerlayout.widget.DrawerLayout desc=null txt_len=0 pkg=com.larus.nova t_boot_ns=721491683453192
08-31 10:25:22.753 I/AnebProbe(14372): ADAPTER_EVT type=content cls=androidx.drawerlayout.widget.DrawerLayout desc=null txt_len=0 pkg=com.larus.nova t_boot_ns=721491784167254
08-31 10:25:22.870 I/AnebProbe(14372): ADAPTER_EVT type=content cls=androidx.drawerlayout.widget.DrawerLayout desc=null txt_len=0 pkg=com.larus.nova t_boot_ns=721491899557879
08-31 10:25:22.967 I/AnebProbe(14372): ADAPTER_EVT type=content cls=androidx.drawerlayout.widget.DrawerLayout desc=null txt_len=0 pkg=com.larus.nova t_boot_ns=721491998414650
08-31 10:25:23.081 I/AnebProbe(14372): ADAPTER_EVT type=content cls=androidx.drawerlayout.widget.DrawerLayout desc=null txt_len=0 pkg=com.larus.nova t_boot_ns=721492112868816
08-31 10:25:23.181 I/AnebProbe(14372): ADAPTER_EVT type=content cls=androidx.drawerlayout.widget.DrawerLayout desc=null txt_len=0 pkg=com.larus.nova t_boot_ns=721492212593816
08-31 10:25:23.292 I/AnebProbe(14372): ADAPTER_EVT type=content cls=androidx.drawerlayout.widget.DrawerLayout desc=null txt_len=0 pkg=com.larus.nova t_boot_ns=721492323411004
08-31 10:25:23.398 I/AnebProbe(14372): ADAPTER_EVT type=content cls=androidx.drawerlayout.widget.DrawerLayout desc=null txt_len=0 pkg=com.larus.nova t_boot_ns=721492429746421
08-31 10:25:23.522 I/AnebProbe(14372): ADAPTER_EVT type=content cls=androidx.drawerlayout.widget.DrawerLayout desc=null txt_len=0 pkg=com.larus.nova t_boot_ns=721492552969337
08-31 10:25:23.638 I/AnebProbe(14372): ADAPTER_EVT type=content cls=androidx.drawerlayout.widget.DrawerLayout desc=null txt_len=0 pkg=com.larus.nova t_boot_ns=721492669062566
08-31 10:25:23.739 I/AnebProbe(14372): ADAPTER_EVT type=content cls=androidx.drawerlayout.widget.DrawerLayout desc=null txt_len=0 pkg=com.larus.nova t_boot_ns=721492770447462
08-31 10:25:23.842 I/AnebProbe(14372): ADAPTER_EVT type=content cls=androidx.drawerlayout.widget.DrawerLayout desc=null txt_len=0 pkg=com.larus.nova t_boot_ns=721492873728712
08-31 10:25:23.955 I/AnebProbe(14372): ADAPTER_EVT type=content cls=androidx.drawerlayout.widget.DrawerLayout desc=null txt_len=0 pkg=com.larus.nova t_boot_ns=721492985577150
08-31 10:25:24.054 I/AnebProbe(14372): ADAPTER_EVT type=content cls=androidx.drawerlayout.widget.DrawerLayout desc=null txt_len=0 pkg=com.larus.nova t_boot_ns=721493085479754
08-31 10:25:24.154 I/AnebProbe(14372): ADAPTER_EVT type=content cls=androidx.drawerlayout.widget.DrawerLayout desc=null txt_len=0 pkg=com.larus.nova t_boot_ns=721493185230795
08-31 10:25:24.254 I/AnebProbe(14372): ADAPTER_EVT type=content cls=androidx.drawerlayout.widget.DrawerLayout desc=null txt_len=0 pkg=com.larus.nova t_boot_ns=721493285591733
08-31 10:25:24.357 I/AnebProbe(14372): ADAPTER_EVT type=content cls=androidx.drawerlayout.widget.DrawerLayout desc=null txt_len=0 pkg=com.larus.nova t_boot_ns=721493388433920
08-31 10:25:24.467 I/AnebProbe(14372): ADAPTER_EVT type=content cls=androidx.drawerlayout.widget.DrawerLayout desc=null txt_len=0 pkg=com.larus.nova t_boot_ns=721493498029754
08-31 10:25:24.572 I/AnebProbe(14372): ADAPTER_EVT type=content cls=androidx.drawerlayout.widget.DrawerLayout desc=null txt_len=0 pkg=com.larus.nova t_boot_ns=721493603664129
08-31 10:25:24.684 I/AnebProbe(14372): ADAPTER_EVT type=content cls=androidx.drawerlayout.widget.DrawerLayout desc=null txt_len=0 pkg=com.larus.nova t_boot_ns=721493715122983
08-31 10:25:24.784 I/AnebProbe(14372): ADAPTER_EVT type=content cls=androidx.drawerlayout.widget.DrawerLayout desc=null txt_len=0 pkg=com.larus.nova t_boot_ns=721493815799545
08-31 10:25:24.788 I/AnebProbe(14372): ADAPTER_OBS pkg=com.larus.nova mode=doubao events=1463 rule_matched=61 first_delta_ms=0 cadence_p50_ms=100.1 session_span_ms=492366.0 confidence=LOW/INCONCLUSIVE reason=throttle ttft_send_ms=null anchor_source=null ttft_cluster_ms=null ttft_density_ms=null
08-31 10:25:24.900 I/AnebProbe(14372): ADAPTER_EVT type=content cls=androidx.drawerlayout.widget.DrawerLayout desc=null txt_len=0 pkg=com.larus.nova t_boot_ns=721493931255275
08-31 10:25:25.001 I/AnebProbe(14372): ADAPTER_EVT type=content cls=androidx.drawerlayout.widget.DrawerLayout desc=null txt_len=0 pkg=com.larus.nova t_boot_ns=721494031854233
08-31 10:25:25.102 I/AnebProbe(14372): ADAPTER_EVT type=content cls=androidx.drawerlayout.widget.DrawerLayout desc=null txt_len=0 pkg=com.larus.nova t_boot_ns=721494133620899
08-31 10:25:25.213 I/AnebProbe(14372): ADAPTER_EVT type=content cls=androidx.drawerlayout.widget.DrawerLayout desc=null txt_len=0 pkg=com.larus.nova t_boot_ns=721494244109441
08-31 10:25:25.315 I/AnebProbe(14372): ADAPTER_EVT type=content cls=androidx.drawerlayout.widget.DrawerLayout desc=null txt_len=0 pkg=com.larus.nova t_boot_ns=721494346158399
08-31 10:25:25.430 I/AnebProbe(14372): ADAPTER_EVT type=content cls=androidx.drawerlayout.widget.DrawerLayout desc=null txt_len=0 pkg=com.larus.nova t_boot_ns=721494461066212
08-31 10:25:25.530 I/AnebProbe(14372): ADAPTER_EVT type=content cls=androidx.drawerlayout.widget.DrawerLayout desc=null txt_len=0 pkg=com.larus.nova t_boot_ns=721494561112566
08-31 10:25:25.645 I/AnebProbe(14372): ADAPTER_EVT type=content cls=androidx.drawerlayout.widget.DrawerLayout desc=null txt_len=0 pkg=com.larus.nova t_boot_ns=721494676069337
08-31 10:25:25.745 I/AnebProbe(14372): ADAPTER_EVT type=content cls=androidx.drawerlayout.widget.DrawerLayout desc=null txt_len=0 pkg=com.larus.nova t_boot_ns=721494775920379
08-31 10:25:25.865 I/AnebProbe(14372): ADAPTER_EVT type=content cls=androidx.drawerlayout.widget.DrawerLayout desc=null txt_len=0 pkg=com.larus.nova t_boot_ns=721494896290170
08-31 10:25:25.982 I/AnebProbe(14372): ADAPTER_EVT type=content cls=androidx.drawerlayout.widget.DrawerLayout desc=null txt_len=0 pkg=com.larus.nova t_boot_ns=721495013478712
08-31 10:25:26.092 I/AnebProbe(14372): ADAPTER_EVT type=content cls=androidx.drawerlayout.widget.DrawerLayout desc=null txt_len=0 pkg=com.larus.nova t_boot_ns=721495122620379
08-31 10:25:26.192 I/AnebProbe(14372): ADAPTER_EVT type=content cls=androidx.drawerlayout.widget.DrawerLayout desc=null txt_len=0 pkg=com.larus.nova t_boot_ns=721495223831837
08-31 10:25:26.292 I/AnebProbe(14372): ADAPTER_EVT type=content cls=androidx.drawerlayout.widget.DrawerLayout desc=null txt_len=0 pkg=com.larus.nova t_boot_ns=721495323879233
08-31 10:25:26.412 I/AnebProbe(14372): ADAPTER_EVT type=content cls=androidx.drawerlayout.widget.DrawerLayout desc=null txt_len=0 pkg=com.larus.nova t_boot_ns=721495443838608
08-31 10:25:26.527 I/AnebProbe(14372): ADAPTER_EVT type=content cls=androidx.drawerlayout.widget.DrawerLayout desc=null txt_len=0 pkg=com.larus.nova t_boot_ns=721495558490691
08-31 10:25:26.639 I/AnebProbe(14372): ADAPTER_EVT type=content cls=androidx.drawerlayout.widget.DrawerLayout desc=null txt_len=0 pkg=com.larus.nova t_boot_ns=721495669992774
08-31 10:25:26.741 I/AnebProbe(14372): ADAPTER_EVT type=content cls=androidx.drawerlayout.widget.DrawerLayout desc=null txt_len=0 pkg=com.larus.nova t_boot_ns=721495772312045
08-31 10:25:26.857 I/AnebProbe(14372): ADAPTER_EVT type=content cls=androidx.drawerlayout.widget.DrawerLayout desc=null txt_len=0 pkg=com.larus.nova t_boot_ns=721495888666733
08-31 10:25:26.972 I/AnebProbe(14372): ADAPTER_EVT type=content cls=androidx.drawerlayout.widget.DrawerLayout desc=null txt_len=0 pkg=com.larus.nova t_boot_ns=721496003361524
08-31 10:25:27.076 I/AnebProbe(14372): ADAPTER_EVT type=content cls=androidx.drawerlayout.widget.DrawerLayout desc=null txt_len=0 pkg=com.larus.nova t_boot_ns=721496107243816
08-31 10:25:27.186 I/AnebProbe(14372): ADAPTER_EVT type=content cls=androidx.drawerlayout.widget.DrawerLayout desc=null txt_len=0 pkg=com.larus.nova t_boot_ns=721496217971420
08-31 10:25:27.291 I/AnebProbe(14372): ADAPTER_EVT type=content cls=androidx.drawerlayout.widget.DrawerLayout desc=null txt_len=0 pkg=com.larus.nova t_boot_ns=721496322604232
08-31 10:25:27.402 I/AnebProbe(14372): ADAPTER_EVT type=content cls=androidx.drawerlayout.widget.DrawerLayout desc=null txt_len=0 pkg=com.larus.nova t_boot_ns=721496432880274
08-31 10:25:27.504 I/AnebProbe(14372): ADAPTER_EVT type=content cls=androidx.drawerlayout.widget.DrawerLayout desc=null txt_len=0 pkg=com.larus.nova t_boot_ns=721496535294337
08-31 10:25:27.619 I/AnebProbe(14372): ADAPTER_EVT type=content cls=androidx.drawerlayout.widget.DrawerLayout desc=null txt_len=0 pkg=com.larus.nova t_boot_ns=721496649896420
08-31 10:25:27.720 I/AnebProbe(14372): ADAPTER_EVT type=content cls=androidx.drawerlayout.widget.DrawerLayout desc=null txt_len=0 pkg=com.larus.nova t_boot_ns=721496751553712
08-31 10:25:27.833 I/AnebProbe(14372): ADAPTER_EVT type=content cls=androidx.drawerlayout.widget.DrawerLayout desc=null txt_len=0 pkg=com.larus.nova t_boot_ns=721496864657878
08-31 10:25:27.932 I/AnebProbe(14372): ADAPTER_EVT type=content cls=androidx.drawerlayout.widget.DrawerLayout desc=null txt_len=0 pkg=com.larus.nova t_boot_ns=721496963129753
08-31 10:25:28.034 I/AnebProbe(14372): ADAPTER_EVT type=content cls=androidx.drawerlayout.widget.DrawerLayout desc=null txt_len=0 pkg=com.larus.nova t_boot_ns=721497065006316
08-31 10:25:28.134 I/AnebProbe(14372): ADAPTER_EVT type=content cls=androidx.drawerlayout.widget.DrawerLayout desc=null txt_len=0 pkg=com.larus.nova t_boot_ns=721497165498503
08-31 10:25:28.234 I/AnebProbe(14372): ADAPTER_EVT type=content cls=androidx.drawerlayout.widget.DrawerLayout desc=null txt_len=0 pkg=com.larus.nova t_boot_ns=721497265849024
08-31 10:25:28.350 I/AnebProbe(14372): ADAPTER_EVT type=content cls=androidx.drawerlayout.widget.DrawerLayout desc=null txt_len=0 pkg=com.larus.nova t_boot_ns=721497381077149
08-31 10:25:28.464 I/AnebProbe(14372): ADAPTER_EVT type=content cls=androidx.drawerlayout.widget.DrawerLayout desc=null txt_len=0 pkg=com.larus.nova t_boot_ns=721497495662045
08-31 10:25:28.565 I/AnebProbe(14372): ADAPTER_EVT type=content cls=androidx.drawerlayout.widget.DrawerLayout desc=null txt_len=0 pkg=com.larus.nova t_boot_ns=721497596219857
08-31 10:25:28.664 I/AnebProbe(14372): ADAPTER_EVT type=content cls=androidx.drawerlayout.widget.DrawerLayout desc=null txt_len=0 pkg=com.larus.nova t_boot_ns=721497695867774
08-31 10:25:28.781 I/AnebProbe(14372): ADAPTER_EVT type=content cls=androidx.drawerlayout.widget.DrawerLayout desc=null txt_len=0 pkg=com.larus.nova t_boot_ns=721497812721420
08-31 10:25:28.896 I/AnebProbe(14372): ADAPTER_EVT type=content cls=androidx.drawerlayout.widget.DrawerLayout desc=null txt_len=0 pkg=com.larus.nova t_boot_ns=721497927437045
08-31 10:25:29.011 I/AnebProbe(14372): ADAPTER_EVT type=content cls=androidx.drawerlayout.widget.DrawerLayout desc=null txt_len=0 pkg=com.larus.nova t_boot_ns=721498041913607
08-31 10:25:29.112 I/AnebProbe(14372): ADAPTER_EVT type=content cls=androidx.drawerlayout.widget.DrawerLayout desc=null txt_len=0 pkg=com.larus.nova t_boot_ns=721498142941211
08-31 10:25:29.211 I/AnebProbe(14372): ADAPTER_EVT type=content cls=androidx.drawerlayout.widget.DrawerLayout desc=null txt_len=0 pkg=com.larus.nova t_boot_ns=721498242684441
08-31 10:25:29.327 I/AnebProbe(14372): ADAPTER_EVT type=content cls=androidx.drawerlayout.widget.DrawerLayout desc=null txt_len=0 pkg=com.larus.nova t_boot_ns=721498358683920
08-31 10:25:29.443 I/AnebProbe(14372): ADAPTER_EVT type=content cls=androidx.drawerlayout.widget.DrawerLayout desc=null txt_len=0 pkg=com.larus.nova t_boot_ns=721498473959961
08-31 10:25:29.556 I/AnebProbe(14372): ADAPTER_EVT type=content cls=androidx.drawerlayout.widget.DrawerLayout desc=null txt_len=0 pkg=com.larus.nova t_boot_ns=721498587395378
08-31 10:25:29.658 I/AnebProbe(14372): ADAPTER_EVT type=content cls=androidx.drawerlayout.widget.DrawerLayout desc=null txt_len=0 pkg=com.larus.nova t_boot_ns=721498689634961
08-31 10:25:29.769 I/AnebProbe(14372): ADAPTER_EVT type=content cls=androidx.drawerlayout.widget.DrawerLayout desc=null txt_len=0 pkg=com.larus.nova t_boot_ns=721498800818295
08-31 10:25:29.873 I/AnebProbe(14372): ADAPTER_EVT type=content cls=androidx.drawerlayout.widget.DrawerLayout desc=null txt_len=0 pkg=com.larus.nova t_boot_ns=721498904328190
08-31 10:25:29.877 I/AnebProbe(14372): ADAPTER_OBS pkg=com.larus.nova mode=doubao events=1510 rule_matched=61 first_delta_ms=0 cadence_p50_ms=100.1 session_span_ms=497454.5 confidence=LOW/INCONCLUSIVE reason=throttle ttft_send_ms=null anchor_source=null ttft_cluster_ms=null ttft_density_ms=null
08-31 10:25:29.976 I/AnebProbe(14372): ADAPTER_EVT type=content cls=androidx.drawerlayout.widget.DrawerLayout desc=null txt_len=0 pkg=com.larus.nova t_boot_ns=721499007631315
08-31 10:25:30.091 I/AnebProbe(14372): ADAPTER_EVT type=content cls=androidx.drawerlayout.widget.DrawerLayout desc=null txt_len=0 pkg=com.larus.nova t_boot_ns=721499122244336
08-31 10:25:30.203 I/AnebProbe(14372): ADAPTER_EVT type=content cls=androidx.drawerlayout.widget.DrawerLayout desc=null txt_len=0 pkg=com.larus.nova t_boot_ns=721499234829753
08-31 10:25:30.306 I/AnebProbe(14372): ADAPTER_EVT type=content cls=androidx.drawerlayout.widget.DrawerLayout desc=null txt_len=0 pkg=com.larus.nova t_boot_ns=721499337444336
08-31 10:25:30.408 I/AnebProbe(14372): ADAPTER_EVT type=content cls=androidx.drawerlayout.widget.DrawerLayout desc=null txt_len=0 pkg=com.larus.nova t_boot_ns=721499439441211
08-31 10:25:30.519 I/AnebProbe(14372): ADAPTER_EVT type=content cls=androidx.drawerlayout.widget.DrawerLayout desc=null txt_len=0 pkg=com.larus.nova t_boot_ns=721499550008399
08-31 10:25:30.718 I/AnebProbe(14372): ADAPTER_EVT type=content cls=androidx.drawerlayout.widget.DrawerLayout desc=null txt_len=0 pkg=com.larus.nova t_boot_ns=721499749231836
08-31 10:25:30.922 I/AnebProbe(14372): ADAPTER_EVT type=content cls=androidx.drawerlayout.widget.DrawerLayout desc=null txt_len=0 pkg=com.larus.nova t_boot_ns=721499953699024
08-31 10:25:31.027 I/AnebProbe(14372): ADAPTER_EVT type=content cls=androidx.recyclerview.widget.RecyclerView desc=null txt_len=0 pkg=com.larus.nova t_boot_ns=721500058151107
08-31 10:25:31.127 I/AnebProbe(14372): ADAPTER_EVT type=content cls=androidx.drawerlayout.widget.DrawerLayout desc=null txt_len=0 pkg=com.larus.nova t_boot_ns=721500158654232
08-31 10:25:31.394 I/AnebProbe(14372): ADAPTER_EVT type=content cls=androidx.drawerlayout.widget.DrawerLayout desc=null txt_len=0 pkg=com.larus.nova t_boot_ns=721500425125586
08-31 10:25:31.495 I/AnebProbe(14372): ADAPTER_EVT type=content cls=androidx.drawerlayout.widget.DrawerLayout desc=null txt_len=0 pkg=com.larus.nova t_boot_ns=721500526008919
08-31 10:25:40.648 I/AnebProbe(14372): ADAPTER_EVT type=content cls=androidx.recyclerview.widget.RecyclerView desc=null txt_len=0 pkg=com.larus.nova t_boot_ns=721509679268814
08-31 10:25:40.652 I/AnebProbe(14372): ADAPTER_OBS pkg=com.larus.nova mode=doubao events=1523 rule_matched=63 first_delta_ms=0 cadence_p50_ms=100.4 session_span_ms=508229.5 confidence=LOW/INCONCLUSIVE reason=throttle ttft_send_ms=null anchor_source=null ttft_cluster_ms=23921.9 ttft_density_ms=null
08-31 10:25:40.719 I/AnebProbe(14372): ADAPTER_EVT type=content cls=androidx.recyclerview.widget.RecyclerView desc=null txt_len=0 pkg=com.larus.nova t_boot_ns=721509749969855
08-31 10:26:33.697 I/AnebE4MARK(30997): E4MARK kind=answer_complete n=5
08-31 10:26:53.917 I/AnebProbe(14372): ADAPTER_EVT type=click cls=android.widget.ImageView desc=返回 txt_len=2 pkg=com.larus.nova t_boot_ns=721582949045365
08-31 10:26:53.919 I/AnebProbe(14372): ADAPTER_OBS pkg=com.larus.nova mode=doubao events=1524 rule_matched=64 first_delta_ms=0 cadence_p50_ms=100.4 session_span_ms=508300.2 confidence=LOW/INCONCLUSIVE reason=throttle ttft_send_ms=null anchor_source=null ttft_cluster_ms=23921.9 ttft_density_ms=null
08-31 10:26:54.034 I/AnebProbe(14372): ADAPTER_EVT type=content cls=androidx.drawerlayout.widget.DrawerLayout desc=null txt_len=0 pkg=com.larus.nova t_boot_ns=721583065704740
08-31 10:26:54.150 I/AnebProbe(14372): ADAPTER_EVT type=content cls=androidx.drawerlayout.widget.DrawerLayout desc=null txt_len=0 pkg=com.larus.nova t_boot_ns=721583181619844
08-31 10:26:54.266 I/AnebProbe(14372): ADAPTER_EVT type=content cls=androidx.drawerlayout.widget.DrawerLayout desc=null txt_len=0 pkg=com.larus.nova t_boot_ns=721583297682865
08-31 10:26:54.358 I/AnebProbe(14372): ADAPTER_EVT type=content cls=androidx.drawerlayout.widget.DrawerLayout desc=null txt_len=0 pkg=com.larus.nova t_boot_ns=721583389402657
08-31 10:26:55.614 I/AnebProbe(14372): ADAPTER_EVT type=click cls=android.widget.ImageView desc=创建新对话 txt_len=5 pkg=com.larus.nova t_boot_ns=721584645481302
08-31 10:26:55.628 I/AnebProbe(14372): ADAPTER_EVT type=content cls=android.widget.FrameLayout desc=null txt_len=0 pkg=com.larus.nova t_boot_ns=721584659521407
08-31 10:26:55.864 I/AnebProbe(14372): ADAPTER_EVT type=content cls=androidx.drawerlayout.widget.DrawerLayout desc=null txt_len=0 pkg=com.larus.nova t_boot_ns=721584895692761
08-31 10:26:56.007 I/AnebProbe(14372): ADAPTER_EVT type=content cls=androidx.drawerlayout.widget.DrawerLayout desc=null txt_len=0 pkg=com.larus.nova t_boot_ns=721585038595886
08-31 10:26:56.043 I/AnebProbe(14372): ADAPTER_EVT type=content cls=androidx.drawerlayout.widget.DrawerLayout desc=null txt_len=0 pkg=com.larus.nova t_boot_ns=721585074878177
08-31 10:26:56.082 I/AnebProbe(14372): ADAPTER_EVT type=content cls=android.view.ViewGroup desc=null txt_len=0 pkg=com.larus.nova t_boot_ns=721585113305781
08-31 10:26:56.194 I/AnebProbe(14372): ADAPTER_EVT type=content cls=android.view.ViewGroup desc=null txt_len=0 pkg=com.larus.nova t_boot_ns=721585225285990
08-31 10:26:56.295 I/AnebProbe(14372): ADAPTER_EVT type=content cls=android.view.ViewGroup desc=null txt_len=0 pkg=com.larus.nova t_boot_ns=721585326794844
08-31 10:26:56.395 I/AnebProbe(14372): ADAPTER_EVT type=content cls=androidx.drawerlayout.widget.DrawerLayout desc=null txt_len=0 pkg=com.larus.nova t_boot_ns=721585426309427
08-31 10:26:56.575 I/AnebProbe(14372): ADAPTER_EVT type=content cls=androidx.recyclerview.widget.RecyclerView desc=null txt_len=0 pkg=com.larus.nova t_boot_ns=721585606684948
08-31 10:26:56.671 I/AnebProbe(14372): ADAPTER_EVT type=content cls=android.view.ViewGroup desc=null txt_len=0 pkg=com.larus.nova t_boot_ns=721585702043281
08-31 10:26:56.771 I/AnebProbe(14372): ADAPTER_EVT type=content cls=android.view.ViewGroup desc=null txt_len=0 pkg=com.larus.nova t_boot_ns=721585801959948
08-31 10:26:56.871 I/AnebProbe(14372): ADAPTER_EVT type=content cls=android.view.ViewGroup desc=null txt_len=0 pkg=com.larus.nova t_boot_ns=721585902720885
08-31 10:26:57.100 I/AnebProbe(14372): ADAPTER_EVT type=content cls=android.view.ViewGroup desc=null txt_len=0 pkg=com.larus.nova t_boot_ns=721586131099531
08-31 10:26:57.199 I/AnebProbe(14372): ADAPTER_EVT type=content cls=android.view.ViewGroup desc=null txt_len=0 pkg=com.larus.nova t_boot_ns=721586229777656
08-31 10:26:57.307 I/AnebProbe(14372): ADAPTER_EVT type=content cls=android.view.ViewGroup desc=null txt_len=0 pkg=com.larus.nova t_boot_ns=721586338133385
08-31 10:26:57.421 I/AnebProbe(14372): ADAPTER_EVT type=content cls=android.view.ViewGroup desc=null txt_len=0 pkg=com.larus.nova t_boot_ns=721586452581302
08-31 10:26:57.532 I/AnebProbe(14372): ADAPTER_EVT type=content cls=android.view.ViewGroup desc=新对话，打开设置页 txt_len=0 pkg=com.larus.nova t_boot_ns=721586563778698
08-31 10:26:57.649 I/AnebProbe(14372): ADAPTER_EVT type=content cls=androidx.drawerlayout.widget.DrawerLayout desc=null txt_len=0 pkg=com.larus.nova t_boot_ns=721586679913594
08-31 10:26:57.749 I/AnebProbe(14372): ADAPTER_EVT type=content cls=android.view.ViewGroup desc=null txt_len=0 pkg=com.larus.nova t_boot_ns=721586780081823
08-31 10:26:57.868 I/AnebProbe(14372): ADAPTER_EVT type=content cls=android.view.ViewGroup desc=null txt_len=0 pkg=com.larus.nova t_boot_ns=721586899906302
08-31 10:26:58.465 I/AnebProbe(14372): ADAPTER_EVT type=content cls=android.view.ViewGroup desc=新对话，打开设置页 txt_len=0 pkg=com.larus.nova t_boot_ns=721587496486510
08-31 10:26:58.573 I/AnebProbe(14372): ADAPTER_EVT type=content cls=android.view.ViewGroup desc=null txt_len=0 pkg=com.larus.nova t_boot_ns=721587605028698
08-31 10:26:58.682 I/AnebProbe(14372): ADAPTER_EVT type=content cls=android.view.ViewGroup desc=null txt_len=0 pkg=com.larus.nova t_boot_ns=721587713270885
08-31 10:26:58.798 I/AnebProbe(14372): ADAPTER_EVT type=content cls=android.view.ViewGroup desc=null txt_len=0 pkg=com.larus.nova t_boot_ns=721587829972448
08-31 10:26:58.899 I/AnebProbe(14372): ADAPTER_EVT type=content cls=android.view.ViewGroup desc=null txt_len=0 pkg=com.larus.nova t_boot_ns=721587930812552
08-31 10:26:59.011 I/AnebProbe(14372): ADAPTER_EVT type=content cls=android.view.ViewGroup desc=null txt_len=0 pkg=com.larus.nova t_boot_ns=721588042191718
08-31 10:26:59.012 I/AnebProbe(14372): ADAPTER_OBS pkg=com.larus.nova mode=doubao events=1554 rule_matched=65 first_delta_ms=0 cadence_p50_ms=100.5 session_span_ms=586592.4 confidence=LOW/INCONCLUSIVE reason=throttle ttft_send_ms=null anchor_source=null ttft_cluster_ms=23921.9 ttft_density_ms=null
08-31 10:26:59.112 I/AnebProbe(14372): ADAPTER_EVT type=content cls=android.view.ViewGroup desc=null txt_len=0 pkg=com.larus.nova t_boot_ns=721588143160989
08-31 10:26:59.212 I/AnebProbe(14372): ADAPTER_EVT type=content cls=android.view.ViewGroup desc=null txt_len=0 pkg=com.larus.nova t_boot_ns=721588243163073
08-31 10:26:59.312 I/AnebProbe(14372): ADAPTER_EVT type=content cls=android.view.ViewGroup desc=null txt_len=0 pkg=com.larus.nova t_boot_ns=721588343701614
08-31 10:26:59.434 I/AnebProbe(14372): ADAPTER_EVT type=content cls=android.view.ViewGroup desc=null txt_len=0 pkg=com.larus.nova t_boot_ns=721588465201614
08-31 10:26:59.542 I/AnebProbe(14372): ADAPTER_EVT type=content cls=android.view.ViewGroup desc=null txt_len=0 pkg=com.larus.nova t_boot_ns=721588573314635
08-31 10:26:59.668 I/AnebProbe(14372): ADAPTER_EVT type=content cls=android.view.ViewGroup desc=null txt_len=0 pkg=com.larus.nova t_boot_ns=721588699250052
08-31 10:26:59.775 I/AnebProbe(14372): ADAPTER_EVT type=content cls=android.view.ViewGroup desc=null txt_len=0 pkg=com.larus.nova t_boot_ns=721588806743281
08-31 10:26:59.818 I/AnebProbe(14372): ADAPTER_EVT type=content cls=android.view.ViewGroup desc=null txt_len=0 pkg=com.larus.nova t_boot_ns=721588849508906
08-31 10:26:59.818 I/AnebProbe(14372): ADAPTER_EVT type=content cls=android.widget.EditText desc=null txt_len=1 pkg=com.larus.nova t_boot_ns=721588849952135
08-31 10:26:59.825 I/AnebProbe(14372): ADAPTER_EVT type=content cls=android.view.ViewGroup desc=null txt_len=0 pkg=com.larus.nova t_boot_ns=721588856751614
08-31 10:26:59.877 I/AnebProbe(14372): ADAPTER_EVT type=content cls=android.view.ViewGroup desc=null txt_len=0 pkg=com.larus.nova t_boot_ns=721588908397968
08-31 10:26:59.877 I/AnebProbe(14372): ADAPTER_EVT type=content cls=android.widget.EditText desc=null txt_len=2 pkg=com.larus.nova t_boot_ns=721588908771927
08-31 10:26:59.896 I/AnebProbe(14372): ADAPTER_EVT type=content cls=android.view.ViewGroup desc=null txt_len=0 pkg=com.larus.nova t_boot_ns=721588927346927
08-31 10:26:59.896 I/AnebProbe(14372): ADAPTER_EVT type=content cls=android.widget.EditText desc=null txt_len=3 pkg=com.larus.nova t_boot_ns=721588927657343
08-31 10:26:59.912 I/AnebProbe(14372): ADAPTER_EVT type=content cls=android.widget.EditText desc=null txt_len=4 pkg=com.larus.nova t_boot_ns=721588943461510
08-31 10:26:59.931 I/AnebProbe(14372): ADAPTER_EVT type=content cls=android.view.ViewGroup desc=null txt_len=0 pkg=com.larus.nova t_boot_ns=721588962277135
08-31 10:26:59.931 I/AnebProbe(14372): ADAPTER_EVT type=content cls=android.widget.EditText desc=null txt_len=5 pkg=com.larus.nova t_boot_ns=721588962564114
08-31 10:26:59.946 I/AnebProbe(14372): ADAPTER_EVT type=content cls=android.widget.EditText desc=null txt_len=6 pkg=com.larus.nova t_boot_ns=721588977593281
08-31 10:26:59.963 I/AnebProbe(14372): ADAPTER_EVT type=content cls=android.view.ViewGroup desc=null txt_len=0 pkg=com.larus.nova t_boot_ns=721588994206302
08-31 10:26:59.963 I/AnebProbe(14372): ADAPTER_EVT type=content cls=android.widget.EditText desc=null txt_len=7 pkg=com.larus.nova t_boot_ns=721588994617760
08-31 10:26:59.977 I/AnebProbe(14372): ADAPTER_EVT type=content cls=android.widget.EditText desc=null txt_len=8 pkg=com.larus.nova t_boot_ns=721589008924531
08-31 10:26:59.997 I/AnebProbe(14372): ADAPTER_EVT type=content cls=android.view.ViewGroup desc=null txt_len=0 pkg=com.larus.nova t_boot_ns=721589028212031
08-31 10:26:59.997 I/AnebProbe(14372): ADAPTER_EVT type=content cls=android.widget.EditText desc=null txt_len=9 pkg=com.larus.nova t_boot_ns=721589028487552
08-31 10:27:00.011 I/AnebProbe(14372): ADAPTER_EVT type=content cls=android.view.ViewGroup desc=null txt_len=0 pkg=com.larus.nova t_boot_ns=721589042590156
08-31 10:27:00.011 I/AnebProbe(14372): ADAPTER_EVT type=content cls=android.widget.EditText desc=null txt_len=10 pkg=com.larus.nova t_boot_ns=721589042840156
08-31 10:27:00.029 I/AnebProbe(14372): ADAPTER_EVT type=content cls=android.view.ViewGroup desc=null txt_len=0 pkg=com.larus.nova t_boot_ns=721589060884948
08-31 10:27:00.030 I/AnebProbe(14372): ADAPTER_EVT type=content cls=android.widget.EditText desc=null txt_len=11 pkg=com.larus.nova t_boot_ns=721589061316198
08-31 10:27:00.043 I/AnebProbe(14372): ADAPTER_EVT type=content cls=android.widget.EditText desc=null txt_len=12 pkg=com.larus.nova t_boot_ns=721589074641198
08-31 10:27:00.062 I/AnebProbe(14372): ADAPTER_EVT type=content cls=android.view.ViewGroup desc=null txt_len=0 pkg=com.larus.nova t_boot_ns=721589093630781
08-31 10:27:00.062 I/AnebProbe(14372): ADAPTER_EVT type=content cls=android.widget.EditText desc=null txt_len=13 pkg=com.larus.nova t_boot_ns=721589094073489
08-31 10:27:00.078 I/AnebProbe(14372): ADAPTER_EVT type=content cls=android.widget.EditText desc=null txt_len=14 pkg=com.larus.nova t_boot_ns=721589108979218
08-31 10:27:00.096 I/AnebProbe(14372): ADAPTER_EVT type=content cls=android.view.ViewGroup desc=null txt_len=0 pkg=com.larus.nova t_boot_ns=721589127227656
08-31 10:27:00.096 I/AnebProbe(14372): ADAPTER_EVT type=content cls=android.widget.EditText desc=null txt_len=15 pkg=com.larus.nova t_boot_ns=721589127500052
08-31 10:27:00.111 I/AnebProbe(14372): ADAPTER_EVT type=content cls=android.widget.EditText desc=null txt_len=16 pkg=com.larus.nova t_boot_ns=721589142421927
08-31 10:27:00.130 I/AnebProbe(14372): ADAPTER_EVT type=content cls=android.view.ViewGroup desc=null txt_len=0 pkg=com.larus.nova t_boot_ns=721589161004218
08-31 10:27:00.130 I/AnebProbe(14372): ADAPTER_EVT type=content cls=android.widget.EditText desc=null txt_len=17 pkg=com.larus.nova t_boot_ns=721589161517239
08-31 10:27:00.144 I/AnebProbe(14372): ADAPTER_EVT type=content cls=android.widget.EditText desc=null txt_len=18 pkg=com.larus.nova t_boot_ns=721589175387031
08-31 10:27:00.162 I/AnebProbe(14372): ADAPTER_EVT type=content cls=android.view.ViewGroup desc=null txt_len=0 pkg=com.larus.nova t_boot_ns=721589193966718
08-31 10:27:00.163 I/AnebProbe(14372): ADAPTER_EVT type=content cls=android.widget.EditText desc=null txt_len=19 pkg=com.larus.nova t_boot_ns=721589194278177
08-31 10:27:00.177 I/AnebProbe(14372): ADAPTER_EVT type=content cls=android.widget.EditText desc=null txt_len=20 pkg=com.larus.nova t_boot_ns=721589208674010
08-31 10:27:00.197 I/AnebProbe(14372): ADAPTER_EVT type=content cls=android.view.ViewGroup desc=null txt_len=0 pkg=com.larus.nova t_boot_ns=721589228696927
08-31 10:27:00.198 I/AnebProbe(14372): ADAPTER_EVT type=content cls=android.widget.EditText desc=null txt_len=21 pkg=com.larus.nova t_boot_ns=721589229126614
08-31 10:27:00.213 I/AnebProbe(14372): ADAPTER_EVT type=content cls=android.widget.EditText desc=null txt_len=22 pkg=com.larus.nova t_boot_ns=721589244104739
08-31 10:27:00.233 I/AnebProbe(14372): ADAPTER_EVT type=content cls=android.view.ViewGroup desc=null txt_len=0 pkg=com.larus.nova t_boot_ns=721589264446406
08-31 10:27:00.233 I/AnebProbe(14372): ADAPTER_EVT type=content cls=android.widget.EditText desc=null txt_len=23 pkg=com.larus.nova t_boot_ns=721589264792239
08-31 10:27:00.244 I/AnebProbe(14372): ADAPTER_EVT type=content cls=android.widget.EditText desc=null txt_len=24 pkg=com.larus.nova t_boot_ns=721589275809427
08-31 10:27:00.265 I/AnebProbe(14372): ADAPTER_EVT type=content cls=android.view.ViewGroup desc=null txt_len=0 pkg=com.larus.nova t_boot_ns=721589296727656
08-31 10:27:00.266 I/AnebProbe(14372): ADAPTER_EVT type=content cls=android.widget.EditText desc=null txt_len=25 pkg=com.larus.nova t_boot_ns=721589297079218
08-31 10:27:00.287 I/AnebProbe(14372): ADAPTER_EVT type=content cls=android.view.ViewGroup desc=null txt_len=0 pkg=com.larus.nova t_boot_ns=721589318777135
08-31 10:27:00.288 I/AnebProbe(14372): ADAPTER_EVT type=content cls=android.widget.EditText desc=null txt_len=26 pkg=com.larus.nova t_boot_ns=721589319189114
08-31 10:27:00.298 I/AnebProbe(14372): ADAPTER_EVT type=content cls=android.widget.EditText desc=null txt_len=27 pkg=com.larus.nova t_boot_ns=721589328937552
08-31 10:27:00.321 I/AnebProbe(14372): ADAPTER_EVT type=content cls=android.view.ViewGroup desc=null txt_len=0 pkg=com.larus.nova t_boot_ns=721589352512031
08-31 10:27:00.321 I/AnebProbe(14372): ADAPTER_EVT type=content cls=android.widget.EditText desc=null txt_len=28 pkg=com.larus.nova t_boot_ns=721589352914114
08-31 10:27:00.346 I/AnebProbe(14372): ADAPTER_EVT type=content cls=android.widget.EditText desc=null txt_len=29 pkg=com.larus.nova t_boot_ns=721589377574531
08-31 10:27:00.371 I/AnebProbe(14372): ADAPTER_EVT type=content cls=android.view.ViewGroup desc=null txt_len=0 pkg=com.larus.nova t_boot_ns=721589401924531
08-31 10:27:00.371 I/AnebProbe(14372): ADAPTER_EVT type=content cls=android.widget.EditText desc=null txt_len=30 pkg=com.larus.nova t_boot_ns=721589402612552
08-31 10:27:00.392 I/AnebProbe(14372): ADAPTER_EVT type=content cls=android.widget.EditText desc=null txt_len=31 pkg=com.larus.nova t_boot_ns=721589423026614
08-31 10:27:00.416 I/AnebProbe(14372): ADAPTER_EVT type=content cls=android.view.ViewGroup desc=null txt_len=0 pkg=com.larus.nova t_boot_ns=721589447838072
08-31 10:27:00.417 I/AnebProbe(14372): ADAPTER_EVT type=content cls=android.widget.EditText desc=null txt_len=32 pkg=com.larus.nova t_boot_ns=721589448268802
08-31 10:27:00.428 I/AnebProbe(14372): ADAPTER_EVT type=content cls=android.widget.EditText desc=null txt_len=33 pkg=com.larus.nova t_boot_ns=721589459863072
08-31 10:27:00.451 I/AnebProbe(14372): ADAPTER_EVT type=content cls=android.view.ViewGroup desc=null txt_len=0 pkg=com.larus.nova t_boot_ns=721589482753177
08-31 10:27:00.452 I/AnebProbe(14372): ADAPTER_EVT type=content cls=android.widget.EditText desc=null txt_len=34 pkg=com.larus.nova t_boot_ns=721589483950052
08-31 10:27:00.460 I/AnebProbe(14372): ADAPTER_EVT type=content cls=android.widget.EditText desc=null txt_len=35 pkg=com.larus.nova t_boot_ns=721589491352135
08-31 10:27:00.480 I/AnebProbe(14372): ADAPTER_EVT type=content cls=android.view.ViewGroup desc=null txt_len=0 pkg=com.larus.nova t_boot_ns=721589511614114
08-31 10:27:00.480 I/AnebProbe(14372): ADAPTER_EVT type=content cls=android.widget.EditText desc=null txt_len=36 pkg=com.larus.nova t_boot_ns=721589511774531
08-31 10:27:00.502 I/AnebProbe(14372): ADAPTER_EVT type=content cls=android.view.ViewGroup desc=null txt_len=0 pkg=com.larus.nova t_boot_ns=721589533862552
08-31 10:27:00.502 I/AnebProbe(14372): ADAPTER_EVT type=content cls=android.widget.EditText desc=null txt_len=37 pkg=com.larus.nova t_boot_ns=721589534051614
08-31 10:27:00.519 I/AnebProbe(14372): ADAPTER_EVT type=content cls=android.view.ViewGroup desc=null txt_len=0 pkg=com.larus.nova t_boot_ns=721589551055260
08-31 10:27:00.520 I/AnebProbe(14372): ADAPTER_EVT type=content cls=android.widget.EditText desc=null txt_len=38 pkg=com.larus.nova t_boot_ns=721589551221406
08-31 10:27:00.527 I/AnebProbe(14372): ADAPTER_EVT type=content cls=android.widget.EditText desc=null txt_len=39 pkg=com.larus.nova t_boot_ns=721589558393802
08-31 10:27:00.542 I/AnebProbe(14372): ADAPTER_EVT type=content cls=android.view.ViewGroup desc=null txt_len=0 pkg=com.larus.nova t_boot_ns=721589573832343
08-31 10:27:00.543 I/AnebProbe(14372): ADAPTER_EVT type=content cls=android.widget.EditText desc=null txt_len=40 pkg=com.larus.nova t_boot_ns=721589574492760
08-31 10:27:00.555 I/AnebProbe(14372): ADAPTER_EVT type=content cls=android.widget.EditText desc=null txt_len=41 pkg=com.larus.nova t_boot_ns=721589586854218
08-31 10:27:00.571 I/AnebProbe(14372): ADAPTER_EVT type=content cls=android.view.ViewGroup desc=null txt_len=0 pkg=com.larus.nova t_boot_ns=721589603067239
08-31 10:27:00.572 I/AnebProbe(14372): ADAPTER_EVT type=content cls=android.widget.EditText desc=null txt_len=42 pkg=com.larus.nova t_boot_ns=721589603251614
08-31 10:27:00.578 I/AnebProbe(14372): ADAPTER_EVT type=content cls=android.widget.EditText desc=null txt_len=43 pkg=com.larus.nova t_boot_ns=721589609925052
08-31 10:27:00.590 I/AnebProbe(14372): ADAPTER_EVT type=content cls=android.widget.EditText desc=null txt_len=44 pkg=com.larus.nova t_boot_ns=721589621979218
08-31 10:27:00.605 I/AnebProbe(14372): ADAPTER_EVT type=content cls=android.view.ViewGroup desc=null txt_len=0 pkg=com.larus.nova t_boot_ns=721589636421406
08-31 10:27:00.605 I/AnebProbe(14372): ADAPTER_EVT type=content cls=android.widget.EditText desc=null txt_len=45 pkg=com.larus.nova t_boot_ns=721589636557343
08-31 10:27:00.611 I/AnebProbe(14372): ADAPTER_EVT type=content cls=android.widget.EditText desc=null txt_len=46 pkg=com.larus.nova t_boot_ns=721589642789114
08-31 10:27:00.622 I/AnebProbe(14372): ADAPTER_EVT type=content cls=android.widget.EditText desc=null txt_len=47 pkg=com.larus.nova t_boot_ns=721589653580260
08-31 10:27:00.636 I/AnebProbe(14372): ADAPTER_EVT type=content cls=android.view.ViewGroup desc=null txt_len=0 pkg=com.larus.nova t_boot_ns=721589667771927
08-31 10:27:00.636 I/AnebProbe(14372): ADAPTER_EVT type=content cls=android.widget.EditText desc=null txt_len=48 pkg=com.larus.nova t_boot_ns=721589667910468
08-31 10:27:00.643 I/AnebProbe(14372): ADAPTER_EVT type=content cls=android.widget.EditText desc=null txt_len=49 pkg=com.larus.nova t_boot_ns=721589674539635
08-31 10:27:00.654 I/AnebProbe(14372): ADAPTER_EVT type=content cls=android.widget.EditText desc=null txt_len=50 pkg=com.larus.nova t_boot_ns=721589685602656
08-31 10:27:00.661 I/AnebProbe(14372): ADAPTER_EVT type=content cls=android.widget.EditText desc=null txt_len=51 pkg=com.larus.nova t_boot_ns=721589692340677
08-31 10:27:00.688 I/AnebProbe(14372): ADAPTER_EVT type=content cls=android.view.ViewGroup desc=null txt_len=0 pkg=com.larus.nova t_boot_ns=721589719882864
08-31 10:27:00.688 I/AnebProbe(14372): ADAPTER_EVT type=content cls=android.widget.EditText desc=null txt_len=52 pkg=com.larus.nova t_boot_ns=721589720009947
08-31 10:27:00.703 I/AnebProbe(14372): ADAPTER_EVT type=content cls=android.widget.EditText desc=null txt_len=53 pkg=com.larus.nova t_boot_ns=721589734635989
08-31 10:27:00.710 I/AnebProbe(14372): ADAPTER_EVT type=content cls=android.widget.EditText desc=null txt_len=54 pkg=com.larus.nova t_boot_ns=721589741444843
08-31 10:27:00.722 I/AnebProbe(14372): ADAPTER_EVT type=content cls=android.view.ViewGroup desc=null txt_len=0 pkg=com.larus.nova t_boot_ns=721589753617760
08-31 10:27:00.722 I/AnebProbe(14372): ADAPTER_EVT type=content cls=android.widget.EditText desc=null txt_len=55 pkg=com.larus.nova t_boot_ns=721589753749010
08-31 10:27:00.733 I/AnebProbe(14372): ADAPTER_EVT type=content cls=android.widget.EditText desc=null txt_len=56 pkg=com.larus.nova t_boot_ns=721589764380260
08-31 10:27:00.837 I/AnebProbe(14372): ADAPTER_EVT type=content cls=android.view.ViewGroup desc=null txt_len=0 pkg=com.larus.nova t_boot_ns=721589868209947
08-31 10:27:00.936 I/AnebProbe(14372): ADAPTER_EVT type=content cls=android.view.ViewGroup desc=null txt_len=0 pkg=com.larus.nova t_boot_ns=721589967760468
08-31 10:27:01.051 I/AnebProbe(14372): ADAPTER_EVT type=content cls=android.view.ViewGroup desc=null txt_len=0 pkg=com.larus.nova t_boot_ns=721590082532343
08-31 10:27:01.160 I/AnebProbe(14372): ADAPTER_EVT type=content cls=android.view.ViewGroup desc=null txt_len=0 pkg=com.larus.nova t_boot_ns=721590191654218
08-31 10:27:01.260 I/AnebProbe(14372): ADAPTER_EVT type=content cls=android.view.ViewGroup desc=null txt_len=0 pkg=com.larus.nova t_boot_ns=721590291601093
08-31 10:27:01.361 I/AnebProbe(14372): ADAPTER_EVT type=content cls=android.view.ViewGroup desc=null txt_len=0 pkg=com.larus.nova t_boot_ns=721590392178176
08-31 10:27:01.799 I/AnebProbe(14372): ADAPTER_EVT type=content cls=android.view.ViewGroup desc=新对话，打开设置页 txt_len=0 pkg=com.larus.nova t_boot_ns=721590829926093
08-31 10:27:01.898 I/AnebProbe(14372): ADAPTER_EVT type=content cls=android.view.ViewGroup desc=null txt_len=0 pkg=com.larus.nova t_boot_ns=721590929894843
08-31 10:27:02.294 I/AnebProbe(14372): ADAPTER_EVT type=content cls=android.view.ViewGroup desc=新对话，打开设置页 txt_len=0 pkg=com.larus.nova t_boot_ns=721591325719843
08-31 10:27:02.396 I/AnebProbe(14372): ADAPTER_EVT type=content cls=android.view.ViewGroup desc=null txt_len=0 pkg=com.larus.nova t_boot_ns=721591427475051
08-31 10:27:02.705 I/AnebE4MARK(31341): E4MARK kind=turn_start n=6
08-31 10:27:02.796 I/AnebProbe(14372): ADAPTER_EVT type=content cls=android.view.ViewGroup desc=新对话，打开设置页 txt_len=0 pkg=com.larus.nova t_boot_ns=721591827821926
08-31 10:27:02.833 I/AnebProbe(14372): ADAPTER_EVT type=content cls=android.view.ViewGroup desc=null txt_len=0 pkg=com.larus.nova t_boot_ns=721591864667239
08-31 10:27:02.868 I/AnebProbe(14372): ADAPTER_EVT type=content cls=android.view.ViewGroup desc=null txt_len=0 pkg=com.larus.nova t_boot_ns=721591899959947
08-31 10:27:02.981 I/AnebProbe(14372): ADAPTER_EVT type=content cls=android.view.ViewGroup desc=null txt_len=0 pkg=com.larus.nova t_boot_ns=721592012655780
08-31 10:27:03.232 I/AnebProbe(14372): ADAPTER_EVT type=content cls=androidx.drawerlayout.widget.DrawerLayout desc=null txt_len=0 pkg=com.larus.nova t_boot_ns=721592263833385
08-31 10:27:03.333 I/AnebProbe(14372): ADAPTER_EVT type=content cls=androidx.drawerlayout.widget.DrawerLayout desc=null txt_len=0 pkg=com.larus.nova t_boot_ns=721592364153176
08-31 10:27:03.668 I/AnebProbe(14372): ADAPTER_EVT type=content cls=androidx.drawerlayout.widget.DrawerLayout desc=null txt_len=0 pkg=com.larus.nova t_boot_ns=721592699686509
08-31 10:27:03.867 I/AnebProbe(14372): ADAPTER_EVT type=content cls=androidx.drawerlayout.widget.DrawerLayout desc=null txt_len=0 pkg=com.larus.nova t_boot_ns=721592898152655
08-31 10:27:03.964 I/AnebProbe(14372): ADAPTER_EVT type=content cls=androidx.drawerlayout.widget.DrawerLayout desc=null txt_len=0 pkg=com.larus.nova t_boot_ns=721592995141197
08-31 10:27:04.486 I/AnebProbe(14372): ADAPTER_EVT type=content cls=androidx.recyclerview.widget.RecyclerView desc=null txt_len=0 pkg=com.larus.nova t_boot_ns=721593517330780
08-31 10:27:04.490 I/AnebProbe(14372): ADAPTER_OBS pkg=com.larus.nova mode=doubao events=1667 rule_matched=66 first_delta_ms=0 cadence_p50_ms=100.7 session_span_ms=592067.5 confidence=LOW/INCONCLUSIVE reason=throttle ttft_send_ms=null anchor_source=null ttft_cluster_ms=961.7 ttft_density_ms=null
08-31 10:27:04.582 I/AnebProbe(14372): ADAPTER_EVT type=content cls=androidx.recyclerview.widget.RecyclerView desc=null txt_len=0 pkg=com.larus.nova t_boot_ns=721593613031822
08-31 10:27:04.690 I/AnebProbe(14372): ADAPTER_EVT type=content cls=androidx.drawerlayout.widget.DrawerLayout desc=null txt_len=0 pkg=com.larus.nova t_boot_ns=721593721291197
08-31 10:27:04.809 I/AnebProbe(14372): ADAPTER_EVT type=content cls=androidx.drawerlayout.widget.DrawerLayout desc=null txt_len=0 pkg=com.larus.nova t_boot_ns=721593840039634
08-31 10:27:04.912 I/AnebProbe(14372): ADAPTER_EVT type=content cls=androidx.drawerlayout.widget.DrawerLayout desc=null txt_len=0 pkg=com.larus.nova t_boot_ns=721593943790155
08-31 10:27:04.990 I/AnebProbe(14372): ADAPTER_EVT type=content cls=androidx.recyclerview.widget.RecyclerView desc=null txt_len=0 pkg=com.larus.nova t_boot_ns=721594020617759
08-31 10:27:05.165 I/AnebProbe(14372): ADAPTER_EVT type=content cls=androidx.drawerlayout.widget.DrawerLayout desc=null txt_len=0 pkg=com.larus.nova t_boot_ns=721594196532863
08-31 10:27:05.272 I/AnebProbe(14372): ADAPTER_EVT type=content cls=androidx.drawerlayout.widget.DrawerLayout desc=null txt_len=0 pkg=com.larus.nova t_boot_ns=721594303153176
08-31 10:27:05.479 I/AnebProbe(14372): ADAPTER_EVT type=content cls=androidx.drawerlayout.widget.DrawerLayout desc=null txt_len=0 pkg=com.larus.nova t_boot_ns=721594510538072
08-31 10:27:05.797 I/AnebProbe(14372): ADAPTER_EVT type=content cls=androidx.drawerlayout.widget.DrawerLayout desc=null txt_len=0 pkg=com.larus.nova t_boot_ns=721594827887551
08-31 10:27:05.896 I/AnebProbe(14372): ADAPTER_EVT type=content cls=androidx.drawerlayout.widget.DrawerLayout desc=null txt_len=0 pkg=com.larus.nova t_boot_ns=721594927278176
08-31 10:27:08.974 I/AnebProbe(14372): ADAPTER_EVT type=content cls=androidx.drawerlayout.widget.DrawerLayout desc=null txt_len=0 pkg=com.larus.nova t_boot_ns=721598005813592
08-31 10:27:09.176 I/AnebProbe(14372): ADAPTER_EVT type=content cls=androidx.drawerlayout.widget.DrawerLayout desc=null txt_len=0 pkg=com.larus.nova t_boot_ns=721598207000571
08-31 10:27:09.291 I/AnebProbe(14372): ADAPTER_EVT type=content cls=androidx.drawerlayout.widget.DrawerLayout desc=null txt_len=0 pkg=com.larus.nova t_boot_ns=721598322451613
08-31 10:27:09.392 I/AnebProbe(14372): ADAPTER_EVT type=content cls=androidx.drawerlayout.widget.DrawerLayout desc=null txt_len=0 pkg=com.larus.nova t_boot_ns=721598423057342
08-31 10:27:09.491 I/AnebProbe(14372): ADAPTER_EVT type=content cls=androidx.drawerlayout.widget.DrawerLayout desc=null txt_len=0 pkg=com.larus.nova t_boot_ns=721598522205259
08-31 10:27:09.494 I/AnebProbe(14372): ADAPTER_OBS pkg=com.larus.nova mode=doubao events=1682 rule_matched=68 first_delta_ms=0 cadence_p50_ms=100.6 session_span_ms=597072.4 confidence=LOW/INCONCLUSIVE reason=throttle ttft_send_ms=null anchor_source=null ttft_cluster_ms=961.7 ttft_density_ms=null
08-31 10:27:09.591 I/AnebProbe(14372): ADAPTER_EVT type=content cls=androidx.drawerlayout.widget.DrawerLayout desc=null txt_len=0 pkg=com.larus.nova t_boot_ns=721598622588071
08-31 10:27:09.691 I/AnebProbe(14372): ADAPTER_EVT type=content cls=androidx.drawerlayout.widget.DrawerLayout desc=null txt_len=0 pkg=com.larus.nova t_boot_ns=721598722876092
08-31 10:27:09.792 I/AnebProbe(14372): ADAPTER_EVT type=content cls=androidx.drawerlayout.widget.DrawerLayout desc=null txt_len=0 pkg=com.larus.nova t_boot_ns=721598823153696
08-31 10:27:09.892 I/AnebProbe(14372): ADAPTER_EVT type=content cls=androidx.drawerlayout.widget.DrawerLayout desc=null txt_len=0 pkg=com.larus.nova t_boot_ns=721598923096925
08-31 10:27:09.992 I/AnebProbe(14372): ADAPTER_EVT type=content cls=androidx.drawerlayout.widget.DrawerLayout desc=null txt_len=0 pkg=com.larus.nova t_boot_ns=721599022958904
08-31 10:27:10.091 I/AnebProbe(14372): ADAPTER_EVT type=content cls=androidx.drawerlayout.widget.DrawerLayout desc=null txt_len=0 pkg=com.larus.nova t_boot_ns=721599122994321
08-31 10:27:10.194 I/AnebProbe(14372): ADAPTER_EVT type=content cls=androidx.drawerlayout.widget.DrawerLayout desc=null txt_len=0 pkg=com.larus.nova t_boot_ns=721599225837550
08-31 10:27:10.302 I/AnebProbe(14372): ADAPTER_EVT type=content cls=androidx.drawerlayout.widget.DrawerLayout desc=null txt_len=0 pkg=com.larus.nova t_boot_ns=721599332878696
08-31 10:27:10.402 I/AnebProbe(14372): ADAPTER_EVT type=content cls=androidx.drawerlayout.widget.DrawerLayout desc=null txt_len=0 pkg=com.larus.nova t_boot_ns=721599433682342
08-31 10:27:10.518 I/AnebProbe(14372): ADAPTER_EVT type=content cls=androidx.drawerlayout.widget.DrawerLayout desc=null txt_len=0 pkg=com.larus.nova t_boot_ns=721599549760988
08-31 10:27:10.619 I/AnebProbe(14372): ADAPTER_EVT type=content cls=androidx.drawerlayout.widget.DrawerLayout desc=null txt_len=0 pkg=com.larus.nova t_boot_ns=721599650235467
08-31 10:27:10.724 I/AnebProbe(14372): ADAPTER_EVT type=content cls=androidx.drawerlayout.widget.DrawerLayout desc=null txt_len=0 pkg=com.larus.nova t_boot_ns=721599755111508
08-31 10:27:10.834 I/AnebProbe(14372): ADAPTER_EVT type=content cls=androidx.drawerlayout.widget.DrawerLayout desc=null txt_len=0 pkg=com.larus.nova t_boot_ns=721599865641717
08-31 10:27:10.934 I/AnebProbe(14372): ADAPTER_EVT type=content cls=androidx.drawerlayout.widget.DrawerLayout desc=null txt_len=0 pkg=com.larus.nova t_boot_ns=721599965534425
08-31 10:27:11.037 I/AnebProbe(14372): ADAPTER_EVT type=content cls=androidx.drawerlayout.widget.DrawerLayout desc=null txt_len=0 pkg=com.larus.nova t_boot_ns=721600067927133
08-31 10:27:11.151 I/AnebProbe(14372): ADAPTER_EVT type=content cls=androidx.drawerlayout.widget.DrawerLayout desc=null txt_len=0 pkg=com.larus.nova t_boot_ns=721600182381821
08-31 10:27:11.252 I/AnebProbe(14372): ADAPTER_EVT type=content cls=androidx.drawerlayout.widget.DrawerLayout desc=null txt_len=0 pkg=com.larus.nova t_boot_ns=721600283027654
08-31 10:27:11.361 I/AnebProbe(14372): ADAPTER_EVT type=content cls=androidx.drawerlayout.widget.DrawerLayout desc=null txt_len=0 pkg=com.larus.nova t_boot_ns=721600392036508
08-31 10:27:11.475 I/AnebProbe(14372): ADAPTER_EVT type=content cls=androidx.drawerlayout.widget.DrawerLayout desc=null txt_len=0 pkg=com.larus.nova t_boot_ns=721600506825050
08-31 10:27:11.578 I/AnebProbe(14372): ADAPTER_EVT type=content cls=androidx.drawerlayout.widget.DrawerLayout desc=null txt_len=0 pkg=com.larus.nova t_boot_ns=721600609359425
08-31 10:27:11.688 I/AnebProbe(14372): ADAPTER_EVT type=content cls=androidx.drawerlayout.widget.DrawerLayout desc=null txt_len=0 pkg=com.larus.nova t_boot_ns=721600719205258
08-31 10:27:11.790 I/AnebProbe(14372): ADAPTER_EVT type=content cls=androidx.drawerlayout.widget.DrawerLayout desc=null txt_len=0 pkg=com.larus.nova t_boot_ns=721600821320362
08-31 10:27:11.890 I/AnebProbe(14372): ADAPTER_EVT type=content cls=androidx.drawerlayout.widget.DrawerLayout desc=null txt_len=0 pkg=com.larus.nova t_boot_ns=721600921500571
08-31 10:27:11.991 I/AnebProbe(14372): ADAPTER_EVT type=content cls=androidx.drawerlayout.widget.DrawerLayout desc=null txt_len=0 pkg=com.larus.nova t_boot_ns=721601022391717
08-31 10:27:12.107 I/AnebProbe(14372): ADAPTER_EVT type=content cls=androidx.drawerlayout.widget.DrawerLayout desc=null txt_len=0 pkg=com.larus.nova t_boot_ns=721601138470362
08-31 10:27:12.207 I/AnebProbe(14372): ADAPTER_EVT type=content cls=androidx.drawerlayout.widget.DrawerLayout desc=null txt_len=0 pkg=com.larus.nova t_boot_ns=721601238171925
08-31 10:27:12.309 I/AnebProbe(14372): ADAPTER_EVT type=content cls=androidx.drawerlayout.widget.DrawerLayout desc=null txt_len=0 pkg=com.larus.nova t_boot_ns=721601340428175
08-31 10:27:12.407 I/AnebProbe(14372): ADAPTER_EVT type=content cls=androidx.drawerlayout.widget.DrawerLayout desc=null txt_len=0 pkg=com.larus.nova t_boot_ns=721601438586508
08-31 10:27:12.518 I/AnebProbe(14372): ADAPTER_EVT type=content cls=androidx.drawerlayout.widget.DrawerLayout desc=null txt_len=0 pkg=com.larus.nova t_boot_ns=721601549395362
08-31 10:27:12.638 I/AnebProbe(14372): ADAPTER_EVT type=content cls=androidx.drawerlayout.widget.DrawerLayout desc=null txt_len=0 pkg=com.larus.nova t_boot_ns=721601669737029
08-31 10:27:12.750 I/AnebProbe(14372): ADAPTER_EVT type=content cls=androidx.drawerlayout.widget.DrawerLayout desc=null txt_len=0 pkg=com.larus.nova t_boot_ns=721601781564633
08-31 10:27:12.853 I/AnebProbe(14372): ADAPTER_EVT type=content cls=androidx.drawerlayout.widget.DrawerLayout desc=null txt_len=0 pkg=com.larus.nova t_boot_ns=721601884002654
08-31 10:27:12.969 I/AnebProbe(14372): ADAPTER_EVT type=content cls=androidx.drawerlayout.widget.DrawerLayout desc=null txt_len=0 pkg=com.larus.nova t_boot_ns=721602000131821
08-31 10:27:13.069 I/AnebProbe(14372): ADAPTER_EVT type=content cls=androidx.drawerlayout.widget.DrawerLayout desc=null txt_len=0 pkg=com.larus.nova t_boot_ns=721602100093800
08-31 10:27:13.171 I/AnebProbe(14372): ADAPTER_EVT type=content cls=androidx.drawerlayout.widget.DrawerLayout desc=null txt_len=0 pkg=com.larus.nova t_boot_ns=721602202721404
08-31 10:27:13.280 I/AnebProbe(14372): ADAPTER_EVT type=content cls=androidx.drawerlayout.widget.DrawerLayout desc=null txt_len=0 pkg=com.larus.nova t_boot_ns=721602311493800
08-31 10:27:13.381 I/AnebProbe(14372): ADAPTER_EVT type=content cls=androidx.drawerlayout.widget.DrawerLayout desc=null txt_len=0 pkg=com.larus.nova t_boot_ns=721602412088591
08-31 10:27:13.498 I/AnebProbe(14372): ADAPTER_EVT type=content cls=androidx.drawerlayout.widget.DrawerLayout desc=null txt_len=0 pkg=com.larus.nova t_boot_ns=721602528953175
08-31 10:27:13.603 I/AnebProbe(14372): ADAPTER_EVT type=content cls=androidx.drawerlayout.widget.DrawerLayout desc=null txt_len=0 pkg=com.larus.nova t_boot_ns=721602634341716
08-31 10:27:13.714 I/AnebProbe(14372): ADAPTER_EVT type=content cls=androidx.drawerlayout.widget.DrawerLayout desc=null txt_len=0 pkg=com.larus.nova t_boot_ns=721602744959945
08-31 10:27:13.813 I/AnebProbe(14372): ADAPTER_EVT type=content cls=androidx.drawerlayout.widget.DrawerLayout desc=null txt_len=0 pkg=com.larus.nova t_boot_ns=721602844372966
08-31 10:27:13.913 I/AnebProbe(14372): ADAPTER_EVT type=content cls=androidx.drawerlayout.widget.DrawerLayout desc=null txt_len=0 pkg=com.larus.nova t_boot_ns=721602944096925
08-31 10:27:14.029 I/AnebProbe(14372): ADAPTER_EVT type=content cls=androidx.drawerlayout.widget.DrawerLayout desc=null txt_len=0 pkg=com.larus.nova t_boot_ns=721603060294841
08-31 10:27:14.129 I/AnebProbe(14372): ADAPTER_EVT type=content cls=androidx.drawerlayout.widget.DrawerLayout desc=null txt_len=0 pkg=com.larus.nova t_boot_ns=721603160291716
08-31 10:27:14.230 I/AnebProbe(14372): ADAPTER_EVT type=content cls=androidx.drawerlayout.widget.DrawerLayout desc=null txt_len=0 pkg=com.larus.nova t_boot_ns=721603261745883
08-31 10:27:14.342 I/AnebProbe(14372): ADAPTER_EVT type=content cls=androidx.drawerlayout.widget.DrawerLayout desc=null txt_len=0 pkg=com.larus.nova t_boot_ns=721603373615674
08-31 10:27:14.445 I/AnebProbe(14372): ADAPTER_EVT type=content cls=androidx.drawerlayout.widget.DrawerLayout desc=null txt_len=0 pkg=com.larus.nova t_boot_ns=721603476552133
08-31 10:27:14.560 I/AnebProbe(14372): ADAPTER_EVT type=content cls=androidx.drawerlayout.widget.DrawerLayout desc=null txt_len=0 pkg=com.larus.nova t_boot_ns=721603591704216
08-31 10:27:14.564 I/AnebProbe(14372): ADAPTER_OBS pkg=com.larus.nova mode=doubao events=1730 rule_matched=68 first_delta_ms=0 cadence_p50_ms=100.5 session_span_ms=602141.9 confidence=LOW/INCONCLUSIVE reason=throttle ttft_send_ms=null anchor_source=null ttft_cluster_ms=961.7 ttft_density_ms=null
08-31 10:27:14.671 I/AnebProbe(14372): ADAPTER_EVT type=content cls=androidx.drawerlayout.widget.DrawerLayout desc=null txt_len=0 pkg=com.larus.nova t_boot_ns=721603702779216
08-31 10:27:14.774 I/AnebProbe(14372): ADAPTER_EVT type=content cls=androidx.drawerlayout.widget.DrawerLayout desc=null txt_len=0 pkg=com.larus.nova t_boot_ns=721603805384945
08-31 10:27:14.889 I/AnebProbe(14372): ADAPTER_EVT type=content cls=androidx.drawerlayout.widget.DrawerLayout desc=null txt_len=0 pkg=com.larus.nova t_boot_ns=721603920639633
08-31 10:27:14.991 I/AnebProbe(14372): ADAPTER_EVT type=content cls=androidx.drawerlayout.widget.DrawerLayout desc=null txt_len=0 pkg=com.larus.nova t_boot_ns=721604022338070
08-31 10:27:15.090 I/AnebProbe(14372): ADAPTER_EVT type=content cls=androidx.drawerlayout.widget.DrawerLayout desc=null txt_len=0 pkg=com.larus.nova t_boot_ns=721604121325049
08-31 10:27:15.191 I/AnebProbe(14372): ADAPTER_EVT type=content cls=androidx.drawerlayout.widget.DrawerLayout desc=null txt_len=0 pkg=com.larus.nova t_boot_ns=721604222679216
08-31 10:27:15.302 I/AnebProbe(14372): ADAPTER_EVT type=content cls=androidx.drawerlayout.widget.DrawerLayout desc=null txt_len=0 pkg=com.larus.nova t_boot_ns=721604333761508
08-31 10:27:15.405 I/AnebProbe(14372): ADAPTER_EVT type=content cls=androidx.drawerlayout.widget.DrawerLayout desc=null txt_len=0 pkg=com.larus.nova t_boot_ns=721604436520362
08-31 10:27:15.502 I/AnebProbe(14372): ADAPTER_EVT type=content cls=androidx.drawerlayout.widget.DrawerLayout desc=null txt_len=0 pkg=com.larus.nova t_boot_ns=721604533730778
08-31 10:27:15.620 I/AnebProbe(14372): ADAPTER_EVT type=content cls=androidx.drawerlayout.widget.DrawerLayout desc=null txt_len=0 pkg=com.larus.nova t_boot_ns=721604651634945
08-31 10:27:15.737 I/AnebProbe(14372): ADAPTER_EVT type=content cls=androidx.drawerlayout.widget.DrawerLayout desc=null txt_len=0 pkg=com.larus.nova t_boot_ns=721604768259424
08-31 10:27:15.852 I/AnebProbe(14372): ADAPTER_EVT type=content cls=androidx.drawerlayout.widget.DrawerLayout desc=null txt_len=0 pkg=com.larus.nova t_boot_ns=721604883897966
08-31 10:27:15.952 I/AnebProbe(14372): ADAPTER_EVT type=content cls=androidx.drawerlayout.widget.DrawerLayout desc=null txt_len=0 pkg=com.larus.nova t_boot_ns=721604983501612
08-31 10:27:16.051 I/AnebProbe(14372): ADAPTER_EVT type=content cls=androidx.drawerlayout.widget.DrawerLayout desc=null txt_len=0 pkg=com.larus.nova t_boot_ns=721605082890674
08-31 10:27:16.162 I/AnebProbe(14372): ADAPTER_EVT type=content cls=androidx.drawerlayout.widget.DrawerLayout desc=null txt_len=0 pkg=com.larus.nova t_boot_ns=721605193795362
08-31 10:27:16.284 I/AnebProbe(14372): ADAPTER_EVT type=content cls=androidx.drawerlayout.widget.DrawerLayout desc=null txt_len=0 pkg=com.larus.nova t_boot_ns=721605315001091
08-31 10:27:16.396 I/AnebProbe(14372): ADAPTER_EVT type=content cls=androidx.drawerlayout.widget.DrawerLayout desc=null txt_len=0 pkg=com.larus.nova t_boot_ns=721605427507862
08-31 10:27:16.498 I/AnebProbe(14372): ADAPTER_EVT type=content cls=androidx.drawerlayout.widget.DrawerLayout desc=null txt_len=0 pkg=com.larus.nova t_boot_ns=721605529258382
08-31 10:27:16.617 I/AnebProbe(14372): ADAPTER_EVT type=content cls=androidx.drawerlayout.widget.DrawerLayout desc=null txt_len=0 pkg=com.larus.nova t_boot_ns=721605647903695
08-31 10:27:16.730 I/AnebProbe(14372): ADAPTER_EVT type=content cls=androidx.drawerlayout.widget.DrawerLayout desc=null txt_len=0 pkg=com.larus.nova t_boot_ns=721605761719320
08-31 10:27:16.829 I/AnebProbe(14372): ADAPTER_EVT type=content cls=androidx.drawerlayout.widget.DrawerLayout desc=null txt_len=0 pkg=com.larus.nova t_boot_ns=721605860725570
08-31 10:27:16.945 I/AnebProbe(14372): ADAPTER_EVT type=content cls=androidx.drawerlayout.widget.DrawerLayout desc=null txt_len=0 pkg=com.larus.nova t_boot_ns=721605976410987
08-31 10:27:17.059 I/AnebProbe(14372): ADAPTER_EVT type=content cls=androidx.drawerlayout.widget.DrawerLayout desc=null txt_len=0 pkg=com.larus.nova t_boot_ns=721606090214112
08-31 10:27:17.164 I/AnebProbe(14372): ADAPTER_EVT type=content cls=androidx.drawerlayout.widget.DrawerLayout desc=null txt_len=0 pkg=com.larus.nova t_boot_ns=721606194669320
08-31 10:27:17.262 I/AnebProbe(14372): ADAPTER_EVT type=content cls=androidx.drawerlayout.widget.DrawerLayout desc=null txt_len=0 pkg=com.larus.nova t_boot_ns=721606292826091
08-31 10:27:17.379 I/AnebProbe(14372): ADAPTER_EVT type=content cls=androidx.drawerlayout.widget.DrawerLayout desc=null txt_len=0 pkg=com.larus.nova t_boot_ns=721606409928695
08-31 10:27:17.493 I/AnebProbe(14372): ADAPTER_EVT type=content cls=androidx.drawerlayout.widget.DrawerLayout desc=null txt_len=0 pkg=com.larus.nova t_boot_ns=721606524527132
08-31 10:27:17.606 I/AnebProbe(14372): ADAPTER_EVT type=content cls=androidx.drawerlayout.widget.DrawerLayout desc=null txt_len=0 pkg=com.larus.nova t_boot_ns=721606637603695
08-31 10:27:17.725 I/AnebProbe(14372): ADAPTER_EVT type=content cls=androidx.drawerlayout.widget.DrawerLayout desc=null txt_len=0 pkg=com.larus.nova t_boot_ns=721606755208382
08-31 10:27:17.842 I/AnebProbe(14372): ADAPTER_EVT type=content cls=androidx.drawerlayout.widget.DrawerLayout desc=null txt_len=0 pkg=com.larus.nova t_boot_ns=721606873889632
08-31 10:27:17.956 I/AnebProbe(14372): ADAPTER_EVT type=content cls=androidx.drawerlayout.widget.DrawerLayout desc=null txt_len=0 pkg=com.larus.nova t_boot_ns=721606987462549
08-31 10:27:18.056 I/AnebProbe(14372): ADAPTER_EVT type=content cls=androidx.drawerlayout.widget.DrawerLayout desc=null txt_len=0 pkg=com.larus.nova t_boot_ns=721607087209945
08-31 10:27:18.170 I/AnebProbe(14372): ADAPTER_EVT type=content cls=androidx.drawerlayout.widget.DrawerLayout desc=null txt_len=0 pkg=com.larus.nova t_boot_ns=721607201400570
08-31 10:27:18.271 I/AnebProbe(14372): ADAPTER_EVT type=content cls=androidx.drawerlayout.widget.DrawerLayout desc=null txt_len=0 pkg=com.larus.nova t_boot_ns=721607302036507
08-31 10:27:18.371 I/AnebProbe(14372): ADAPTER_EVT type=content cls=androidx.drawerlayout.widget.DrawerLayout desc=null txt_len=0 pkg=com.larus.nova t_boot_ns=721607402558382
08-31 10:27:18.484 I/AnebProbe(14372): ADAPTER_EVT type=content cls=androidx.drawerlayout.widget.DrawerLayout desc=null txt_len=0 pkg=com.larus.nova t_boot_ns=721607515010986
08-31 10:27:18.585 I/AnebProbe(14372): ADAPTER_EVT type=content cls=androidx.drawerlayout.widget.DrawerLayout desc=null txt_len=0 pkg=com.larus.nova t_boot_ns=721607615901611
08-31 10:27:18.687 I/AnebProbe(14372): ADAPTER_EVT type=content cls=androidx.drawerlayout.widget.DrawerLayout desc=null txt_len=0 pkg=com.larus.nova t_boot_ns=721607718097445
08-31 10:27:18.785 I/AnebProbe(14372): ADAPTER_EVT type=content cls=androidx.drawerlayout.widget.DrawerLayout desc=null txt_len=0 pkg=com.larus.nova t_boot_ns=721607816777653
08-31 10:27:18.888 I/AnebProbe(14372): ADAPTER_EVT type=content cls=androidx.drawerlayout.widget.DrawerLayout desc=null txt_len=0 pkg=com.larus.nova t_boot_ns=721607919128695
08-31 10:27:19.000 I/AnebProbe(14372): ADAPTER_EVT type=content cls=androidx.drawerlayout.widget.DrawerLayout desc=null txt_len=0 pkg=com.larus.nova t_boot_ns=721608031648486
08-31 10:27:19.100 I/AnebProbe(14372): ADAPTER_EVT type=content cls=androidx.drawerlayout.widget.DrawerLayout desc=null txt_len=0 pkg=com.larus.nova t_boot_ns=721608131557861
08-31 10:27:19.219 I/AnebProbe(14372): ADAPTER_EVT type=content cls=androidx.drawerlayout.widget.DrawerLayout desc=null txt_len=0 pkg=com.larus.nova t_boot_ns=721608250070361
08-31 10:27:19.334 I/AnebProbe(14372): ADAPTER_EVT type=content cls=androidx.drawerlayout.widget.DrawerLayout desc=null txt_len=0 pkg=com.larus.nova t_boot_ns=721608365523486
08-31 10:27:19.445 I/AnebProbe(14372): ADAPTER_EVT type=content cls=androidx.drawerlayout.widget.DrawerLayout desc=null txt_len=0 pkg=com.larus.nova t_boot_ns=721608476296403
08-31 10:27:19.547 I/AnebProbe(14372): ADAPTER_EVT type=content cls=androidx.drawerlayout.widget.DrawerLayout desc=null txt_len=0 pkg=com.larus.nova t_boot_ns=721608578600049
08-31 10:27:19.648 I/AnebProbe(14372): ADAPTER_EVT type=content cls=androidx.drawerlayout.widget.DrawerLayout desc=null txt_len=0 pkg=com.larus.nova t_boot_ns=721608679773486
08-31 10:27:19.652 I/AnebProbe(14372): ADAPTER_OBS pkg=com.larus.nova mode=doubao events=1777 rule_matched=68 first_delta_ms=0 cadence_p50_ms=100.3 session_span_ms=607230.0 confidence=LOW/INCONCLUSIVE reason=throttle ttft_send_ms=null anchor_source=null ttft_cluster_ms=961.7 ttft_density_ms=null
08-31 10:27:19.763 I/AnebProbe(14372): ADAPTER_EVT type=content cls=androidx.drawerlayout.widget.DrawerLayout desc=null txt_len=0 pkg=com.larus.nova t_boot_ns=721608794743799
08-31 10:27:19.864 I/AnebProbe(14372): ADAPTER_EVT type=content cls=androidx.drawerlayout.widget.DrawerLayout desc=null txt_len=0 pkg=com.larus.nova t_boot_ns=721608895455778
08-31 10:27:19.978 I/AnebProbe(14372): ADAPTER_EVT type=content cls=androidx.drawerlayout.widget.DrawerLayout desc=null txt_len=0 pkg=com.larus.nova t_boot_ns=721609009012549
08-31 10:27:20.084 I/AnebProbe(14372): ADAPTER_EVT type=content cls=androidx.drawerlayout.widget.DrawerLayout desc=null txt_len=0 pkg=com.larus.nova t_boot_ns=721609115332861
08-31 10:27:20.194 I/AnebProbe(14372): ADAPTER_EVT type=content cls=androidx.drawerlayout.widget.DrawerLayout desc=null txt_len=0 pkg=com.larus.nova t_boot_ns=721609224910465
08-31 10:27:20.296 I/AnebProbe(14372): ADAPTER_EVT type=content cls=androidx.drawerlayout.widget.DrawerLayout desc=null txt_len=0 pkg=com.larus.nova t_boot_ns=721609326899007
08-31 10:27:20.410 I/AnebProbe(14372): ADAPTER_EVT type=content cls=androidx.drawerlayout.widget.DrawerLayout desc=null txt_len=0 pkg=com.larus.nova t_boot_ns=721609440837549
08-31 10:27:20.528 I/AnebProbe(14372): ADAPTER_EVT type=content cls=androidx.drawerlayout.widget.DrawerLayout desc=null txt_len=0 pkg=com.larus.nova t_boot_ns=721609559447965
08-31 10:27:20.654 I/AnebProbe(14372): ADAPTER_EVT type=content cls=androidx.drawerlayout.widget.DrawerLayout desc=null txt_len=0 pkg=com.larus.nova t_boot_ns=721609685383382
08-31 10:27:20.755 I/AnebProbe(14372): ADAPTER_EVT type=content cls=androidx.drawerlayout.widget.DrawerLayout desc=null txt_len=0 pkg=com.larus.nova t_boot_ns=721609786706299
08-31 10:27:20.857 I/AnebProbe(14372): ADAPTER_EVT type=content cls=androidx.drawerlayout.widget.DrawerLayout desc=null txt_len=0 pkg=com.larus.nova t_boot_ns=721609888143278
08-31 10:27:20.956 I/AnebProbe(14372): ADAPTER_EVT type=content cls=androidx.drawerlayout.widget.DrawerLayout desc=null txt_len=0 pkg=com.larus.nova t_boot_ns=721609987399007
08-31 10:27:21.057 I/AnebProbe(14372): ADAPTER_EVT type=content cls=androidx.drawerlayout.widget.DrawerLayout desc=null txt_len=0 pkg=com.larus.nova t_boot_ns=721610088383382
08-31 10:27:21.169 I/AnebProbe(14372): ADAPTER_EVT type=content cls=androidx.drawerlayout.widget.DrawerLayout desc=null txt_len=0 pkg=com.larus.nova t_boot_ns=721610200360465
08-31 10:27:21.269 I/AnebProbe(14372): ADAPTER_EVT type=content cls=androidx.drawerlayout.widget.DrawerLayout desc=null txt_len=0 pkg=com.larus.nova t_boot_ns=721610300642757
08-31 10:27:21.372 I/AnebProbe(14372): ADAPTER_EVT type=content cls=androidx.drawerlayout.widget.DrawerLayout desc=null txt_len=0 pkg=com.larus.nova t_boot_ns=721610402716715
08-31 10:27:21.489 I/AnebProbe(14372): ADAPTER_EVT type=content cls=androidx.drawerlayout.widget.DrawerLayout desc=null txt_len=0 pkg=com.larus.nova t_boot_ns=721610520205257
08-31 10:27:21.588 I/AnebProbe(14372): ADAPTER_EVT type=content cls=androidx.drawerlayout.widget.DrawerLayout desc=null txt_len=0 pkg=com.larus.nova t_boot_ns=721610619420361
08-31 10:27:21.700 I/AnebProbe(14372): ADAPTER_EVT type=content cls=androidx.drawerlayout.widget.DrawerLayout desc=null txt_len=0 pkg=com.larus.nova t_boot_ns=721610731302653
08-31 10:27:21.801 I/AnebProbe(14372): ADAPTER_EVT type=content cls=androidx.drawerlayout.widget.DrawerLayout desc=null txt_len=0 pkg=com.larus.nova t_boot_ns=721610831931819
08-31 10:27:21.901 I/AnebProbe(14372): ADAPTER_EVT type=content cls=androidx.drawerlayout.widget.DrawerLayout desc=null txt_len=0 pkg=com.larus.nova t_boot_ns=721610932619319
08-31 10:27:22.018 I/AnebProbe(14372): ADAPTER_EVT type=content cls=androidx.drawerlayout.widget.DrawerLayout desc=null txt_len=0 pkg=com.larus.nova t_boot_ns=721611048921402
08-31 10:27:22.120 I/AnebProbe(14372): ADAPTER_EVT type=content cls=androidx.drawerlayout.widget.DrawerLayout desc=null txt_len=0 pkg=com.larus.nova t_boot_ns=721611151381298
08-31 10:27:22.231 I/AnebProbe(14372): ADAPTER_EVT type=content cls=androidx.drawerlayout.widget.DrawerLayout desc=null txt_len=0 pkg=com.larus.nova t_boot_ns=721611262919840
08-31 10:27:22.347 I/AnebProbe(14372): ADAPTER_EVT type=content cls=androidx.drawerlayout.widget.DrawerLayout desc=null txt_len=0 pkg=com.larus.nova t_boot_ns=721611378954215
08-31 10:27:22.448 I/AnebProbe(14372): ADAPTER_EVT type=content cls=androidx.drawerlayout.widget.DrawerLayout desc=null txt_len=0 pkg=com.larus.nova t_boot_ns=721611479485986
08-31 10:27:22.561 I/AnebProbe(14372): ADAPTER_EVT type=content cls=androidx.drawerlayout.widget.DrawerLayout desc=null txt_len=0 pkg=com.larus.nova t_boot_ns=721611592844840
08-31 10:27:22.773 I/AnebProbe(14372): ADAPTER_EVT type=content cls=androidx.drawerlayout.widget.DrawerLayout desc=null txt_len=0 pkg=com.larus.nova t_boot_ns=721611804862548
08-31 10:27:22.880 I/AnebProbe(14372): ADAPTER_EVT type=content cls=androidx.drawerlayout.widget.DrawerLayout desc=null txt_len=0 pkg=com.larus.nova t_boot_ns=721611911195361
08-31 10:27:22.979 I/AnebProbe(14372): ADAPTER_EVT type=content cls=androidx.drawerlayout.widget.DrawerLayout desc=null txt_len=0 pkg=com.larus.nova t_boot_ns=721612010741715
08-31 10:27:23.494 I/AnebProbe(14372): ADAPTER_EVT type=content cls=androidx.drawerlayout.widget.DrawerLayout desc=null txt_len=0 pkg=com.larus.nova t_boot_ns=721612525415673
08-31 10:27:23.598 I/AnebProbe(14372): ADAPTER_EVT type=content cls=androidx.drawerlayout.widget.DrawerLayout desc=null txt_len=0 pkg=com.larus.nova t_boot_ns=721612629440673
08-31 10:27:23.698 I/AnebProbe(14372): ADAPTER_EVT type=content cls=androidx.recyclerview.widget.RecyclerView desc=null txt_len=0 pkg=com.larus.nova t_boot_ns=721612729777131
08-31 10:27:23.799 I/AnebProbe(14372): ADAPTER_EVT type=content cls=androidx.drawerlayout.widget.DrawerLayout desc=null txt_len=0 pkg=com.larus.nova t_boot_ns=721612830451611
08-31 10:27:24.168 I/AnebProbe(14372): ADAPTER_EVT type=content cls=androidx.drawerlayout.widget.DrawerLayout desc=null txt_len=0 pkg=com.larus.nova t_boot_ns=721613199712027
08-31 10:27:24.268 I/AnebProbe(14372): ADAPTER_EVT type=content cls=androidx.drawerlayout.widget.DrawerLayout desc=null txt_len=0 pkg=com.larus.nova t_boot_ns=721613299342235
08-31 10:27:33.433 I/AnebProbe(14372): ADAPTER_EVT type=content cls=androidx.recyclerview.widget.RecyclerView desc=null txt_len=0 pkg=com.larus.nova t_boot_ns=721622463935984
08-31 10:27:33.438 I/AnebProbe(14372): ADAPTER_OBS pkg=com.larus.nova mode=doubao events=1814 rule_matched=70 first_delta_ms=0 cadence_p50_ms=100.5 session_span_ms=621014.1 confidence=LOW/INCONCLUSIVE reason=throttle ttft_send_ms=null anchor_source=null ttft_cluster_ms=961.7 ttft_density_ms=null
08-31 10:27:33.548 I/AnebProbe(14372): ADAPTER_EVT type=content cls=androidx.recyclerview.widget.RecyclerView desc=null txt_len=0 pkg=com.larus.nova t_boot_ns=721622579879213
08-31 10:27:33.649 I/AnebProbe(14372): ADAPTER_EVT type=content cls=androidx.recyclerview.widget.RecyclerView desc=null txt_len=0 pkg=com.larus.nova t_boot_ns=721622680523484
08-31 10:27:33.852 I/AnebProbe(14372): ADAPTER_EVT type=content cls=androidx.recyclerview.widget.RecyclerView desc=null txt_len=0 pkg=com.larus.nova t_boot_ns=721622883155255
08-31 10:27:33.932 I/AnebProbe(14372): ADAPTER_EVT type=content cls=androidx.recyclerview.widget.RecyclerView desc=null txt_len=0 pkg=com.larus.nova t_boot_ns=721622963096401
08-31 10:27:34.128 I/AnebProbe(14372): ADAPTER_EVT type=content cls=androidx.recyclerview.widget.RecyclerView desc=null txt_len=0 pkg=com.larus.nova t_boot_ns=721623159457338
08-31 10:27:34.198 I/AnebProbe(14372): ADAPTER_EVT type=content cls=androidx.recyclerview.widget.RecyclerView desc=null txt_len=0 pkg=com.larus.nova t_boot_ns=721623229516713
08-31 10:28:17.745 I/AnebE4MARK(32062): E4MARK kind=answer_complete n=6
